id,type,dateKST,at,supersedes,correctionReason,links,kind,date,market,topMovers,evaluated,byClass,byHorizon,byGroup,causeCounts,right,wrong,unexplainedMeanShare,luckySuspects,reasonableMisses,code,name,group,forecastId,modelVersion,originDate,targetDate,horizon,class,classLabel,directionCorrect,priceHit,covered,ape,decomposition,facts,modelContribution,hypotheses,unverified,causes,flags,labels
analysis-5bf014fae217a197,analysis,2026-09-29,2026-09-29T06:21:43.000Z,,,"{""scoreCutoff"":""2026-09-28""}",daily_aggregate,2026-09-28,"{""basketReturn"":0.01396591014976339,""breadth"":0.46153846153846156,""up"":37,""down"":13,""flat"":2}","[{""code"":""028300"",""name"":""HLB"",""change"":0.2995090016366613},{""code"":""009830"",""name"":""한화솔루션"",""change"":0.14212328767123283},{""code"":""138040"",""name"":""메리츠금융지주"",""change"":0.06294820717131477},{""code"":""028260"",""name"":""삼성물산"",""change"":-0.062415196743555},{""code"":""005930"",""name"":""삼성전자"",""change"":-0.05429071803852892}]",0,{},"{""1"":null,""5"":null,""10"":null,""20"":null}",[],{},[],[],,0,0,,,,,,,,,,,,,,,,,,,,,,
analysis-c12b4dbf47a10f96,analysis,2026-09-29,2026-09-29T06:31:54.000Z,,,"{""scoreCutoff"":""2026-09-29""}",daily_aggregate,2026-09-29,,[],0,{},"{""1"":null,""5"":null,""10"":null,""20"":null}",[],{},[],[],,0,0,,,,,,,,,,,,,,,,,,,,,,
analysis-1cae289508e642c3,analysis,2026-09-29,2026-09-29T09:19:36Z,,,"{""forecastId"":""2026-09-28-rolling20-13cd892134e517b4"",""modelVersion"":""atlas-rolling20-A""}",live,,,,,,,,,,,,,,373220,LG에너지솔루션,chem,2026-09-28-rolling20-13cd892134e517b4,atlas-rolling20-A,2026-09-28,2026-09-29,1,2,방향 맞고 크기 틀림,true,false,true,3.0848680527437224,"{""realizedLog"":-0.030685810703443898,""predictedLog"":-0.00030338605484779655,""errorLog"":0.030382424648596102,""basketCumLog"":null,""beta"":1.0327,""marketPartLog"":null,""residualPartLog"":null,""marketShare"":null,""unexplainedShare"":null}","[""출발가 364,000원(2026-09-28) → 실제 353,000원(2026-09-29, 1거래일) -3.02% · 예측 중앙 363,890원 -0.03% · 오차 +3.08%(절대 오차율 3.08%, 허용 1.5%)"",""방향: 예측 하락(49%) · 실제 하락 → 정답 · 80% 띠 담김(폭 7.6%)"",""실제값 정정 이력 1건"",""실제 종가 관측 시각 2026-09-29T09:19:36.000Z(16:00 KST 이후 · 지연 관측)""]","[""선택 모형의 기대 누적 0.00% = 절편 0.00% + 자기 추세 0.00% + 52종목 폭·평균 0.00% · 실제 -3.02%""]","[{""category"":""자료 오류"",""evidence"":""실제값 정정 1건"",""counterEvidence"":""정정 뒤 값으로 채점됨"",""strength"":""약""}]","[""수급(외국인·기관·개인)·심리·과열·영향 시차·요인 중복·가중치는 이 셀에서 검증 자료 없음(실험 기록·시간순 검증에서만 판단)""]","[""자료 오류""]","{""luckySuspect"":false,""reasonableProcess"":false,""luckyNote"":null,""reasonableNote"":null}","{""confirmedFacts"":[""출발가 364,000원(2026-09-28) → 실제 353,000원(2026-09-29, 1거래일) -3.02% · 예측 중앙 363,890원 -0.03% · 오차 +3.08%(절대 오차율 3.08%, 허용 1.5%)"",""방향: 예측 하락(49%) · 실제 하락 → 정답 · 80% 띠 담김(폭 7.6%)"",""실제값 정정 이력 1건"",""실제 종가 관측 시각 2026-09-29T09:19:36.000Z(16:00 KST 이후 · 지연 관측)""],""modelInternal"":[""선택 모형의 기대 누적 0.00% = 절편 0.00% + 자기 추세 0.00% + 52종목 폭·평균 0.00% · 실제 -3.02%""],""causeHypotheses"":[""자료 오류""],""unverified"":[""수급(외국인·기관·개인)·심리·과열·영향 시차·요인 중복·가중치는 이 셀에서 검증 자료 없음(실험 기록·시간순 검증에서만 판단)""]}"
analysis-c538fa3ca1199ce2,analysis,2026-09-29,2026-09-29T09:19:36Z,,,"{""forecastId"":""2026-09-28-rolling20-13cd892134e517b4"",""modelVersion"":""atlas-rolling20-A""}",live,,,,,,,,,,,,,,028260,삼성물산,util,2026-09-28-rolling20-13cd892134e517b4,atlas-rolling20-A,2026-09-28,2026-09-29,1,3,크기 허용·방향 틀림,false,true,true,0.44500138429578123,"{""realizedLog"":0.0028901754222334236,""predictedLog"":-0.0015697692046944297,""errorLog"":-0.004459944626927854,""basketCumLog"":null,""beta"":1.413,""marketPartLog"":null,""residualPartLog"":null,""marketShare"":null,""unexplainedShare"":null}","[""출발가 345,500원(2026-09-28) → 실제 346,500원(2026-09-29, 1거래일) +0.29% · 예측 중앙 344,958원 -0.16% · 오차 -0.45%(절대 오차율 0.45%, 허용 1.5%)"",""방향: 예측 하락(51%) · 실제 상승 → 오답 · 80% 띠 담김(폭 7.3%)"",""기간 안 확인된 일정 1건(기업 1 · 중요 0): 삼성물산 패션 브랜드 앙개 성수 팝업 개점 — 수치 영향은 미산출"",""실제값 정정 이력 1건"",""실제 종가 관측 시각 2026-09-29T09:19:36.000Z(16:00 KST 이후 · 지연 관측)""]","[""선택 모형의 기대 누적 0.00% = 절편 0.00% + 자기 추세 0.00% + 52종목 폭·평균 0.00% · 실제 +0.29%""]","[{""category"":""기업 사건"",""evidence"":""기간 안 기업 일정 삼성물산 패션 브랜드 앙개 성수 팝업 개점"",""counterEvidence"":""일정 확인만 · 결과·가격 반응·수치 영향 미산출 → 인과 단정 불가"",""strength"":""약""},{""category"":""자료 오류"",""evidence"":""실제값 정정 1건"",""counterEvidence"":""정정 뒤 값으로 채점됨"",""strength"":""약""}]","[""수급(외국인·기관·개인)·심리·과열·영향 시차·요인 중복·가중치는 이 셀에서 검증 자료 없음(실험 기록·시간순 검증에서만 판단)""]","[""기업 사건"",""자료 오류""]","{""luckySuspect"":false,""reasonableProcess"":true,""luckyNote"":null,""reasonableNote"":""방향은 틀렸지만 실제값이 모형 80% 띠 안 → 판단 과정은 분포 안""}","{""confirmedFacts"":[""출발가 345,500원(2026-09-28) → 실제 346,500원(2026-09-29, 1거래일) +0.29% · 예측 중앙 344,958원 -0.16% · 오차 -0.45%(절대 오차율 0.45%, 허용 1.5%)"",""방향: 예측 하락(51%) · 실제 상승 → 오답 · 80% 띠 담김(폭 7.3%)"",""기간 안 확인된 일정 1건(기업 1 · 중요 0): 삼성물산 패션 브랜드 앙개 성수 팝업 개점 — 수치 영향은 미산출"",""실제값 정정 이력 1건"",""실제 종가 관측 시각 2026-09-29T09:19:36.000Z(16:00 KST 이후 · 지연 관측)""],""modelInternal"":[""선택 모형의 기대 누적 0.00% = 절편 0.00% + 자기 추세 0.00% + 52종목 폭·평균 0.00% · 실제 +0.29%""],""causeHypotheses"":[""기업 사건"",""자료 오류""],""unverified"":[""수급(외국인·기관·개인)·심리·과열·영향 시차·요인 중복·가중치는 이 셀에서 검증 자료 없음(실험 기록·시간순 검증에서만 판단)""]}"
analysis-2e4ee40f81c8254d,analysis,2026-09-29,2026-09-29T09:19:36Z,,,"{""forecastId"":""2026-09-28-rolling20-13cd892134e517b4"",""modelVersion"":""atlas-rolling20-A""}",live,,,,,,,,,,,,,,032830,삼성생명보험,fin,2026-09-28-rolling20-13cd892134e517b4,atlas-rolling20-A,2026-09-28,2026-09-29,1,2,방향 맞고 크기 틀림,true,false,true,1.8083612771345527,"{""realizedLog"":-0.0187558780320944,""predictedLog"":-0.000833828923613086,""errorLog"":0.017922049108481313,""basketCumLog"":null,""beta"":1.2564,""marketPartLog"":null,""residualPartLog"":null,""marketShare"":null,""unexplainedShare"":null}","[""출발가 296,000원(2026-09-28) → 실제 290,500원(2026-09-29, 1거래일) -1.86% · 예측 중앙 295,753원 -0.08% · 오차 +1.81%(절대 오차율 1.81%, 허용 1.5%)"",""방향: 예측 하락(50%) · 실제 하락 → 정답 · 80% 띠 담김(폭 6.0%)"",""실제값 정정 이력 1건"",""실제 종가 관측 시각 2026-09-29T09:19:36.000Z(16:00 KST 이후 · 지연 관측)""]","[""선택 모형의 기대 누적 +0.11% = 절편 +0.15% + 자기 추세 -0.04% + 52종목 폭·평균 -0.00% · 실제 -1.86%""]","[{""category"":""자료 오류"",""evidence"":""실제값 정정 1건"",""counterEvidence"":""정정 뒤 값으로 채점됨"",""strength"":""약""}]","[""수급(외국인·기관·개인)·심리·과열·영향 시차·요인 중복·가중치는 이 셀에서 검증 자료 없음(실험 기록·시간순 검증에서만 판단)""]","[""자료 오류""]","{""luckySuspect"":false,""reasonableProcess"":false,""luckyNote"":null,""reasonableNote"":null}","{""confirmedFacts"":[""출발가 296,000원(2026-09-28) → 실제 290,500원(2026-09-29, 1거래일) -1.86% · 예측 중앙 295,753원 -0.08% · 오차 +1.81%(절대 오차율 1.81%, 허용 1.5%)"",""방향: 예측 하락(50%) · 실제 하락 → 정답 · 80% 띠 담김(폭 6.0%)"",""실제값 정정 이력 1건"",""실제 종가 관측 시각 2026-09-29T09:19:36.000Z(16:00 KST 이후 · 지연 관측)""],""modelInternal"":[""선택 모형의 기대 누적 +0.11% = 절편 +0.15% + 자기 추세 -0.04% + 52종목 폭·평균 -0.00% · 실제 -1.86%""],""causeHypotheses"":[""자료 오류""],""unverified"":[""수급(외국인·기관·개인)·심리·과열·영향 시차·요인 중복·가중치는 이 셀에서 검증 자료 없음(실험 기록·시간순 검증에서만 판단)""]}"
analysis-409131e784328a8a,analysis,2026-09-29,2026-09-29T09:19:36Z,,,"{""forecastId"":""2026-09-28-rolling20-13cd892134e517b4"",""modelVersion"":""atlas-rolling20-A""}",live,,,,,,,,,,,,,,034730,SK,util,2026-09-28-rolling20-13cd892134e517b4,atlas-rolling20-A,2026-09-28,2026-09-29,1,3,크기 허용·방향 틀림,false,true,true,1.2205226843657166,"{""realizedLog"":0.010327114155849524,""predictedLog"":-0.0019532081324840577,""errorLog"":-0.012280322288333582,""basketCumLog"":null,""beta"":1.3807,""marketPartLog"":null,""residualPartLog"":null,""marketShare"":null,""unexplainedShare"":null}","[""출발가 578,000원(2026-09-28) → 실제 584,000원(2026-09-29, 1거래일) +1.04% · 예측 중앙 576,872원 -0.20% · 오차 -1.22%(절대 오차율 1.22%, 허용 1.5%)"",""방향: 예측 하락(51%) · 실제 상승 → 오답 · 80% 띠 담김(폭 9.3%)"",""실제값 정정 이력 1건"",""실제 종가 관측 시각 2026-09-29T09:19:36.000Z(16:00 KST 이후 · 지연 관측)""]","[""선택 모형의 기대 누적 0.00% = 절편 0.00% + 자기 추세 0.00% + 52종목 폭·평균 0.00% · 실제 +1.04%""]","[{""category"":""자료 오류"",""evidence"":""실제값 정정 1건"",""counterEvidence"":""정정 뒤 값으로 채점됨"",""strength"":""약""}]","[""수급(외국인·기관·개인)·심리·과열·영향 시차·요인 중복·가중치는 이 셀에서 검증 자료 없음(실험 기록·시간순 검증에서만 판단)""]","[""자료 오류""]","{""luckySuspect"":false,""reasonableProcess"":true,""luckyNote"":null,""reasonableNote"":""방향은 틀렸지만 실제값이 모형 80% 띠 안 → 판단 과정은 분포 안""}","{""confirmedFacts"":[""출발가 578,000원(2026-09-28) → 실제 584,000원(2026-09-29, 1거래일) +1.04% · 예측 중앙 576,872원 -0.20% · 오차 -1.22%(절대 오차율 1.22%, 허용 1.5%)"",""방향: 예측 하락(51%) · 실제 상승 → 오답 · 80% 띠 담김(폭 9.3%)"",""실제값 정정 이력 1건"",""실제 종가 관측 시각 2026-09-29T09:19:36.000Z(16:00 KST 이후 · 지연 관측)""],""modelInternal"":[""선택 모형의 기대 누적 0.00% = 절편 0.00% + 자기 추세 0.00% + 52종목 폭·평균 0.00% · 실제 +1.04%""],""causeHypotheses"":[""자료 오류""],""unverified"":[""수급(외국인·기관·개인)·심리·과열·영향 시차·요인 중복·가중치는 이 셀에서 검증 자료 없음(실험 기록·시간순 검증에서만 판단)""]}"
analysis-b3f1ce39c6c0b9e4,analysis,2026-09-29,2026-09-29T09:19:36Z,,,"{""forecastId"":""2026-09-28-rolling20-13cd892134e517b4"",""modelVersion"":""atlas-rolling20-A""}",live,,,,,,,,,,,,,,010120,LS ELECTRIC,heavy,2026-09-28-rolling20-13cd892134e517b4,atlas-rolling20-A,2026-09-28,2026-09-29,1,3,크기 허용·방향 틀림,false,true,true,1.060915309544955,"{""realizedLog"":0.007308193306724622,""predictedLog"":-0.003357638082317816,""errorLog"":-0.010665831389042438,""basketCumLog"":null,""beta"":1.6948,""marketPartLog"":null,""residualPartLog"":null,""marketShare"":null,""unexplainedShare"":null}","[""출발가 204,500원(2026-09-28) → 실제 206,000원(2026-09-29, 1거래일) +0.73% · 예측 중앙 203,815원 -0.34% · 오차 -1.06%(절대 오차율 1.06%, 허용 1.5%)"",""방향: 예측 하락(53%) · 실제 상승 → 오답 · 80% 띠 담김(폭 9.6%)"",""실제값 정정 이력 1건"",""실제 종가 관측 시각 2026-09-29T09:19:36.000Z(16:00 KST 이후 · 지연 관측)""]","[""선택 모형의 기대 누적 0.00% = 절편 0.00% + 자기 추세 0.00% + 52종목 폭·평균 0.00% · 실제 +0.73%""]","[{""category"":""자료 오류"",""evidence"":""실제값 정정 1건"",""counterEvidence"":""정정 뒤 값으로 채점됨"",""strength"":""약""}]","[""수급(외국인·기관·개인)·심리·과열·영향 시차·요인 중복·가중치는 이 셀에서 검증 자료 없음(실험 기록·시간순 검증에서만 판단)""]","[""자료 오류""]","{""luckySuspect"":false,""reasonableProcess"":true,""luckyNote"":null,""reasonableNote"":""방향은 틀렸지만 실제값이 모형 80% 띠 안 → 판단 과정은 분포 안""}","{""confirmedFacts"":[""출발가 204,500원(2026-09-28) → 실제 206,000원(2026-09-29, 1거래일) +0.73% · 예측 중앙 203,815원 -0.34% · 오차 -1.06%(절대 오차율 1.06%, 허용 1.5%)"",""방향: 예측 하락(53%) · 실제 상승 → 오답 · 80% 띠 담김(폭 9.6%)"",""실제값 정정 이력 1건"",""실제 종가 관측 시각 2026-09-29T09:19:36.000Z(16:00 KST 이후 · 지연 관측)""],""modelInternal"":[""선택 모형의 기대 누적 0.00% = 절편 0.00% + 자기 추세 0.00% + 52종목 폭·평균 0.00% · 실제 +0.73%""],""causeHypotheses"":[""자료 오류""],""unverified"":[""수급(외국인·기관·개인)·심리·과열·영향 시차·요인 중복·가중치는 이 셀에서 검증 자료 없음(실험 기록·시간순 검증에서만 판단)""]}"
analysis-220ed9c9798b92d8,analysis,2026-09-29,2026-09-29T09:19:36Z,,,"{""forecastId"":""2026-09-28-rolling20-13cd892134e517b4"",""modelVersion"":""atlas-rolling20-A""}",live,,,,,,,,,,,,,,000810,삼성화재,fin,2026-09-28-rolling20-13cd892134e517b4,atlas-rolling20-A,2026-09-28,2026-09-29,1,1,방향·크기 모두 맞음,true,true,true,1.0439401944445312,"{""realizedLog"":-0.012176710575255231,""predictedLog"":-0.0017914228993783391,""errorLog"":0.010385287675876893,""basketCumLog"":null,""beta"":0.8304,""marketPartLog"":null,""residualPartLog"":null,""marketShare"":null,""unexplainedShare"":null}","[""출발가 661,000원(2026-09-28) → 실제 653,000원(2026-09-29, 1거래일) -1.21% · 예측 중앙 659,817원 -0.18% · 오차 +1.04%(절대 오차율 1.04%, 허용 1.5%)"",""방향: 예측 하락(52%) · 실제 하락 → 정답 · 80% 띠 담김(폭 5.3%)"",""실제값 정정 이력 1건"",""실제 종가 관측 시각 2026-09-29T09:19:36.000Z(16:00 KST 이후 · 지연 관측)""]","[""선택 모형의 기대 누적 0.00% = 절편 0.00% + 자기 추세 0.00% + 52종목 폭·평균 0.00% · 실제 -1.21%""]",[],"[""수급(외국인·기관·개인)·심리·과열·영향 시차·요인 중복·가중치는 이 셀에서 검증 자료 없음(실험 기록·시간순 검증에서만 판단)""]",[],"{""luckySuspect"":false,""reasonableProcess"":false,""luckyNote"":null,""reasonableNote"":null}","{""confirmedFacts"":[""출발가 661,000원(2026-09-28) → 실제 653,000원(2026-09-29, 1거래일) -1.21% · 예측 중앙 659,817원 -0.18% · 오차 +1.04%(절대 오차율 1.04%, 허용 1.5%)"",""방향: 예측 하락(52%) · 실제 하락 → 정답 · 80% 띠 담김(폭 5.3%)"",""실제값 정정 이력 1건"",""실제 종가 관측 시각 2026-09-29T09:19:36.000Z(16:00 KST 이후 · 지연 관측)""],""modelInternal"":[""선택 모형의 기대 누적 0.00% = 절편 0.00% + 자기 추세 0.00% + 52종목 폭·평균 0.00% · 실제 -1.21%""],""causeHypotheses"":[],""unverified"":[""수급(외국인·기관·개인)·심리·과열·영향 시차·요인 중복·가중치는 이 셀에서 검증 자료 없음(실험 기록·시간순 검증에서만 판단)""]}"
analysis-39de5e20b96dc7d5,analysis,2026-09-29,2026-09-29T09:19:36Z,,,"{""forecastId"":""2026-09-28-rolling20-13cd892134e517b4"",""modelVersion"":""atlas-rolling20-A""}",live,,,,,,,,,,,,,,010130,고려아연,chem,2026-09-28-rolling20-13cd892134e517b4,atlas-rolling20-A,2026-09-28,2026-09-29,1,2,방향 맞고 크기 틀림,true,false,true,2.7076206595510044,"{""realizedLog"":-0.02946806225690798,""predictedLog"":-0.002751930951901879,""errorLog"":0.0267161313050061,""basketCumLog"":null,""beta"":1.3237,""marketPartLog"":null,""residualPartLog"":null,""marketShare"":null,""unexplainedShare"":null}","[""출발가 1,102,000원(2026-09-28) → 실제 1,070,000원(2026-09-29, 1거래일) -2.90% · 예측 중앙 1,098,972원 -0.27% · 오차 +2.71%(절대 오차율 2.71%, 허용 1.5%)"",""방향: 예측 하락(54%) · 실제 하락 → 정답 · 80% 띠 담김(폭 8.6%)"",""실제값 정정 이력 1건"",""실제 종가 관측 시각 2026-09-29T09:19:36.000Z(16:00 KST 이후 · 지연 관측)""]","[""선택 모형의 기대 누적 0.00% = 절편 0.00% + 자기 추세 0.00% + 52종목 폭·평균 0.00% · 실제 -2.90%""]","[{""category"":""자료 오류"",""evidence"":""실제값 정정 1건"",""counterEvidence"":""정정 뒤 값으로 채점됨"",""strength"":""약""}]","[""수급(외국인·기관·개인)·심리·과열·영향 시차·요인 중복·가중치는 이 셀에서 검증 자료 없음(실험 기록·시간순 검증에서만 판단)""]","[""자료 오류""]","{""luckySuspect"":false,""reasonableProcess"":false,""luckyNote"":null,""reasonableNote"":null}","{""confirmedFacts"":[""출발가 1,102,000원(2026-09-28) → 실제 1,070,000원(2026-09-29, 1거래일) -2.90% · 예측 중앙 1,098,972원 -0.27% · 오차 +2.71%(절대 오차율 2.71%, 허용 1.5%)"",""방향: 예측 하락(54%) · 실제 하락 → 정답 · 80% 띠 담김(폭 8.6%)"",""실제값 정정 이력 1건"",""실제 종가 관측 시각 2026-09-29T09:19:36.000Z(16:00 KST 이후 · 지연 관측)""],""modelInternal"":[""선택 모형의 기대 누적 0.00% = 절편 0.00% + 자기 추세 0.00% + 52종목 폭·평균 0.00% · 실제 -2.90%""],""causeHypotheses"":[""자료 오류""],""unverified"":[""수급(외국인·기관·개인)·심리·과열·영향 시차·요인 중복·가중치는 이 셀에서 검증 자료 없음(실험 기록·시간순 검증에서만 판단)""]}"
analysis-165473304b048277,analysis,2026-09-29,2026-09-29T09:19:36Z,,,"{""forecastId"":""2026-09-28-rolling20-13cd892134e517b4"",""modelVersion"":""atlas-rolling20-A""}",live,,,,,,,,,,,,,,138040,메리츠금융지주,fin,2026-09-28-rolling20-13cd892134e517b4,atlas-rolling20-A,2026-09-28,2026-09-29,1,1,방향·크기 모두 맞음,true,true,true,0.3537789003832506,"{""realizedLog"":-0.008280062360613365,""predictedLog"":-0.004748516611752403,""errorLog"":0.0035315457488609625,""basketCumLog"":null,""beta"":0.6414,""marketPartLog"":null,""residualPartLog"":null,""marketShare"":null,""unexplainedShare"":null}","[""출발가 133,400원(2026-09-28) → 실제 132,300원(2026-09-29, 1거래일) -0.82% · 예측 중앙 132,768원 -0.47% · 오차 +0.35%(절대 오차율 0.35%, 허용 1.5%)"",""방향: 예측 하락(57%) · 실제 하락 → 정답 · 80% 띠 담김(폭 5.7%)"",""실제값 정정 이력 1건"",""실제 종가 관측 시각 2026-09-29T09:19:36.000Z(16:00 KST 이후 · 지연 관측)""]","[""선택 모형의 기대 누적 -0.25% = 절편 +0.04% + 자기 추세 -0.31% + 52종목 폭·평균 +0.02% · 실제 -0.82%"",""실제 방향과 반대로 기여한 항: F11 (모형 내부 설명 · 인과 아님)""]",[],"[""수급(외국인·기관·개인)·심리·과열·영향 시차·요인 중복·가중치는 이 셀에서 검증 자료 없음(실험 기록·시간순 검증에서만 판단)""]",[],"{""luckySuspect"":false,""reasonableProcess"":false,""luckyNote"":null,""reasonableNote"":null}","{""confirmedFacts"":[""출발가 133,400원(2026-09-28) → 실제 132,300원(2026-09-29, 1거래일) -0.82% · 예측 중앙 132,768원 -0.47% · 오차 +0.35%(절대 오차율 0.35%, 허용 1.5%)"",""방향: 예측 하락(57%) · 실제 하락 → 정답 · 80% 띠 담김(폭 5.7%)"",""실제값 정정 이력 1건"",""실제 종가 관측 시각 2026-09-29T09:19:36.000Z(16:00 KST 이후 · 지연 관측)""],""modelInternal"":[""선택 모형의 기대 누적 -0.25% = 절편 +0.04% + 자기 추세 -0.31% + 52종목 폭·평균 +0.02% · 실제 -0.82%"",""실제 방향과 반대로 기여한 항: F11 (모형 내부 설명 · 인과 아님)""],""causeHypotheses"":[],""unverified"":[""수급(외국인·기관·개인)·심리·과열·영향 시차·요인 중복·가중치는 이 셀에서 검증 자료 없음(실험 기록·시간순 검증에서만 판단)""]}"
analysis-9627844d3b878932,analysis,2026-09-29,2026-09-29T09:19:36Z,,,"{""forecastId"":""2026-09-28-rolling20-13cd892134e517b4"",""modelVersion"":""atlas-rolling20-A""}",live,,,,,,,,,,,,,,011200,HMM,auto,2026-09-28-rolling20-13cd892134e517b4,atlas-rolling20-A,2026-09-28,2026-09-29,1,2,방향 맞고 크기 틀림,true,false,true,1.6385230958580754,"{""realizedLog"":-0.016607736399660525,""predictedLog"":-0.00035529477868780936,""errorLog"":0.016252441620972717,""basketCumLog"":null,""beta"":0.6513,""marketPartLog"":null,""residualPartLog"":null,""marketShare"":null,""unexplainedShare"":null}","[""출발가 21,250원(2026-09-28) → 실제 20,900원(2026-09-29, 1거래일) -1.65% · 예측 중앙 21,242원 -0.04% · 오차 +1.64%(절대 오차율 1.64%, 허용 1.5%)"",""방향: 예측 하락(49%) · 실제 하락 → 정답 · 80% 띠 담김(폭 5.0%)"",""실제값 정정 이력 1건"",""실제 종가 관측 시각 2026-09-29T09:19:36.000Z(16:00 KST 이후 · 지연 관측)""]","[""선택 모형의 기대 누적 0.00% = 절편 0.00% + 자기 추세 0.00% + 52종목 폭·평균 0.00% · 실제 -1.65%""]","[{""category"":""자료 오류"",""evidence"":""실제값 정정 1건"",""counterEvidence"":""정정 뒤 값으로 채점됨"",""strength"":""약""}]","[""수급(외국인·기관·개인)·심리·과열·영향 시차·요인 중복·가중치는 이 셀에서 검증 자료 없음(실험 기록·시간순 검증에서만 판단)""]","[""자료 오류""]","{""luckySuspect"":false,""reasonableProcess"":false,""luckyNote"":null,""reasonableNote"":null}","{""confirmedFacts"":[""출발가 21,250원(2026-09-28) → 실제 20,900원(2026-09-29, 1거래일) -1.65% · 예측 중앙 21,242원 -0.04% · 오차 +1.64%(절대 오차율 1.64%, 허용 1.5%)"",""방향: 예측 하락(49%) · 실제 하락 → 정답 · 80% 띠 담김(폭 5.0%)"",""실제값 정정 이력 1건"",""실제 종가 관측 시각 2026-09-29T09:19:36.000Z(16:00 KST 이후 · 지연 관측)""],""modelInternal"":[""선택 모형의 기대 누적 0.00% = 절편 0.00% + 자기 추세 0.00% + 52종목 폭·평균 0.00% · 실제 -1.65%""],""causeHypotheses"":[""자료 오류""],""unverified"":[""수급(외국인·기관·개인)·심리·과열·영향 시차·요인 중복·가중치는 이 셀에서 검증 자료 없음(실험 기록·시간순 검증에서만 판단)""]}"
analysis-9342ba5f537e75fe,analysis,2026-09-29,2026-09-29T09:19:36Z,,,"{""forecastId"":""2026-09-28-rolling20-13cd892134e517b4"",""modelVersion"":""atlas-rolling20-A""}",live,,,,,,,,,,,,,,017670,SK텔레콤,net,2026-09-28-rolling20-13cd892134e517b4,atlas-rolling20-A,2026-09-28,2026-09-29,1,2,방향 맞고 크기 틀림,true,false,false,2.3588075174791325,"{""realizedLog"":-0.02409755157906053,""predictedLog"":-0.000783376231279559,""errorLog"":0.02331417534778097,""basketCumLog"":null,""beta"":0.687,""marketPartLog"":null,""residualPartLog"":null,""marketShare"":null,""unexplainedShare"":null}","[""출발가 88,200원(2026-09-28) → 실제 86,100원(2026-09-29, 1거래일) -2.38% · 예측 중앙 88,131원 -0.08% · 오차 +2.36%(절대 오차율 2.36%, 허용 1.5%)"",""방향: 예측 하락(47%) · 실제 하락 → 정답 · 80% 띠 벗어남(폭 3.8%)"",""실제값 정정 이력 1건"",""실제 종가 관측 시각 2026-09-29T09:19:36.000Z(16:00 KST 이후 · 지연 관측)""]","[""선택 모형의 기대 누적 0.00% = 절편 0.00% + 자기 추세 0.00% + 52종목 폭·평균 0.00% · 실제 -2.38%""]","[{""category"":""변동성·범위"",""evidence"":""실제값이 80% 띠 밖(폭 3.8% · 실제 이동 -2.38%)"",""counterEvidence"":""80% 띠는 명목이며 개별 셀의 벗어남은 정상 범위일 수 있음(담김률로 판단)"",""strength"":""중""},{""category"":""자료 오류"",""evidence"":""실제값 정정 1건"",""counterEvidence"":""정정 뒤 값으로 채점됨"",""strength"":""약""}]","[""수급(외국인·기관·개인)·심리·과열·영향 시차·요인 중복·가중치는 이 셀에서 검증 자료 없음(실험 기록·시간순 검증에서만 판단)""]","[""변동성·범위"",""자료 오류""]","{""luckySuspect"":false,""reasonableProcess"":false,""luckyNote"":null,""reasonableNote"":null}","{""confirmedFacts"":[""출발가 88,200원(2026-09-28) → 실제 86,100원(2026-09-29, 1거래일) -2.38% · 예측 중앙 88,131원 -0.08% · 오차 +2.36%(절대 오차율 2.36%, 허용 1.5%)"",""방향: 예측 하락(47%) · 실제 하락 → 정답 · 80% 띠 벗어남(폭 3.8%)"",""실제값 정정 이력 1건"",""실제 종가 관측 시각 2026-09-29T09:19:36.000Z(16:00 KST 이후 · 지연 관측)""],""modelInternal"":[""선택 모형의 기대 누적 0.00% = 절편 0.00% + 자기 추세 0.00% + 52종목 폭·평균 0.00% · 실제 -2.38%""],""causeHypotheses"":[""변동성·범위"",""자료 오류""],""unverified"":[""수급(외국인·기관·개인)·심리·과열·영향 시차·요인 중복·가중치는 이 셀에서 검증 자료 없음(실험 기록·시간순 검증에서만 판단)""]}"
analysis-4e20f427b3d17f02,analysis,2026-09-29,2026-09-29T09:19:36Z,,,"{""forecastId"":""2026-09-28-rolling20-13cd892134e517b4"",""modelVersion"":""atlas-rolling20-A""}",live,,,,,,,,,,,,,,018260,삼성에스디에스,semi,2026-09-28-rolling20-13cd892134e517b4,atlas-rolling20-A,2026-09-28,2026-09-29,1,1,방향·크기 모두 맞음,true,true,true,1.055016260566276,"{""realizedLog"":-0.011481182373956254,""predictedLog"":-0.0009862843732452008,""errorLog"":0.010494898000711054,""basketCumLog"":null,""beta"":1.0842,""marketPartLog"":null,""residualPartLog"":null,""marketShare"":null,""unexplainedShare"":null}","[""출발가 219,000원(2026-09-28) → 실제 216,500원(2026-09-29, 1거래일) -1.14% · 예측 중앙 218,784원 -0.10% · 오차 +1.06%(절대 오차율 1.06%, 허용 1.5%)"",""방향: 예측 하락(48%) · 실제 하락 → 정답 · 80% 띠 담김(폭 5.6%)"",""실제값 정정 이력 1건"",""실제 종가 관측 시각 2026-09-29T09:19:36.000Z(16:00 KST 이후 · 지연 관측)""]","[""선택 모형의 기대 누적 0.00% = 절편 0.00% + 자기 추세 0.00% + 52종목 폭·평균 0.00% · 실제 -1.14%""]",[],"[""수급(외국인·기관·개인)·심리·과열·영향 시차·요인 중복·가중치는 이 셀에서 검증 자료 없음(실험 기록·시간순 검증에서만 판단)""]",[],"{""luckySuspect"":false,""reasonableProcess"":false,""luckyNote"":null,""reasonableNote"":null}","{""confirmedFacts"":[""출발가 219,000원(2026-09-28) → 실제 216,500원(2026-09-29, 1거래일) -1.14% · 예측 중앙 218,784원 -0.10% · 오차 +1.06%(절대 오차율 1.06%, 허용 1.5%)"",""방향: 예측 하락(48%) · 실제 하락 → 정답 · 80% 띠 담김(폭 5.6%)"",""실제값 정정 이력 1건"",""실제 종가 관측 시각 2026-09-29T09:19:36.000Z(16:00 KST 이후 · 지연 관측)""],""modelInternal"":[""선택 모형의 기대 누적 0.00% = 절편 0.00% + 자기 추세 0.00% + 52종목 폭·평균 0.00% · 실제 -1.14%""],""causeHypotheses"":[],""unverified"":[""수급(외국인·기관·개인)·심리·과열·영향 시차·요인 중복·가중치는 이 셀에서 검증 자료 없음(실험 기록·시간순 검증에서만 판단)""]}"
analysis-8036d0302b38003c,analysis,2026-09-29,2026-09-29T09:19:36Z,,,"{""forecastId"":""2026-09-28-rolling20-13cd892134e517b4"",""modelVersion"":""atlas-rolling20-A""}",live,,,,,,,,,,,,,,278470,에이피알,cons,2026-09-28-rolling20-13cd892134e517b4,atlas-rolling20-A,2026-09-28,2026-09-29,1,2,방향 맞고 크기 틀림,true,false,true,1.8980671866050114,"{""realizedLog"":-0.019178670030571943,""predictedLog"":-0.00037588371663552786,""errorLog"":0.018802786313936413,""basketCumLog"":null,""beta"":0.9172,""marketPartLog"":null,""residualPartLog"":null,""marketShare"":null,""unexplainedShare"":null}","[""출발가 368,500원(2026-09-28) → 실제 361,500원(2026-09-29, 1거래일) -1.90% · 예측 중앙 368,362원 -0.04% · 오차 +1.90%(절대 오차율 1.90%, 허용 1.5%)"",""방향: 예측 하락(49%) · 실제 하락 → 정답 · 80% 띠 담김(폭 9.7%)"",""실제값 정정 이력 1건"",""실제 종가 관측 시각 2026-09-29T09:19:36.000Z(16:00 KST 이후 · 지연 관측)""]","[""선택 모형의 기대 누적 0.00% = 절편 0.00% + 자기 추세 0.00% + 52종목 폭·평균 0.00% · 실제 -1.90%""]","[{""category"":""자료 오류"",""evidence"":""실제값 정정 1건"",""counterEvidence"":""정정 뒤 값으로 채점됨"",""strength"":""약""}]","[""수급(외국인·기관·개인)·심리·과열·영향 시차·요인 중복·가중치는 이 셀에서 검증 자료 없음(실험 기록·시간순 검증에서만 판단)""]","[""자료 오류""]","{""luckySuspect"":false,""reasonableProcess"":false,""luckyNote"":null,""reasonableNote"":null}","{""confirmedFacts"":[""출발가 368,500원(2026-09-28) → 실제 361,500원(2026-09-29, 1거래일) -1.90% · 예측 중앙 368,362원 -0.04% · 오차 +1.90%(절대 오차율 1.90%, 허용 1.5%)"",""방향: 예측 하락(49%) · 실제 하락 → 정답 · 80% 띠 담김(폭 9.7%)"",""실제값 정정 이력 1건"",""실제 종가 관측 시각 2026-09-29T09:19:36.000Z(16:00 KST 이후 · 지연 관측)""],""modelInternal"":[""선택 모형의 기대 누적 0.00% = 절편 0.00% + 자기 추세 0.00% + 52종목 폭·평균 0.00% · 실제 -1.90%""],""causeHypotheses"":[""자료 오류""],""unverified"":[""수급(외국인·기관·개인)·심리·과열·영향 시차·요인 중복·가중치는 이 셀에서 검증 자료 없음(실험 기록·시간순 검증에서만 판단)""]}"
analysis-b4190859a7f3ef59,analysis,2026-09-29,2026-09-29T09:19:36Z,,,"{""forecastId"":""2026-09-28-rolling20-13cd892134e517b4"",""modelVersion"":""atlas-rolling20-A""}",live,,,,,,,,,,,,,,030200,KT,net,2026-09-28-rolling20-13cd892134e517b4,atlas-rolling20-A,2026-09-28,2026-09-29,1,3,크기 허용·방향 틀림,false,true,true,0.5895671408512574,"{""realizedLog"":-0.005687219120589576,""predictedLog"":0.00019114082571512026,""errorLog"":0.005878359946304697,""basketCumLog"":null,""beta"":0.4,""marketPartLog"":null,""residualPartLog"":null,""marketShare"":null,""unexplainedShare"":null}","[""출발가 52,900원(2026-09-28) → 실제 52,600원(2026-09-29, 1거래일) -0.57% · 예측 중앙 52,910원 +0.02% · 오차 +0.59%(절대 오차율 0.59%, 허용 1.5%)"",""방향: 예측 상승(47%) · 실제 하락 → 오답 · 80% 띠 담김(폭 3.2%)"",""실제값 정정 이력 1건"",""실제 종가 관측 시각 2026-09-29T09:19:36.000Z(16:00 KST 이후 · 지연 관측)""]","[""선택 모형의 기대 누적 0.00% = 절편 0.00% + 자기 추세 0.00% + 52종목 폭·평균 0.00% · 실제 -0.57%""]","[{""category"":""자료 오류"",""evidence"":""실제값 정정 1건"",""counterEvidence"":""정정 뒤 값으로 채점됨"",""strength"":""약""}]","[""수급(외국인·기관·개인)·심리·과열·영향 시차·요인 중복·가중치는 이 셀에서 검증 자료 없음(실험 기록·시간순 검증에서만 판단)""]","[""자료 오류""]","{""luckySuspect"":false,""reasonableProcess"":true,""luckyNote"":null,""reasonableNote"":""방향은 틀렸지만 실제값이 모형 80% 띠 안 → 판단 과정은 분포 안""}","{""confirmedFacts"":[""출발가 52,900원(2026-09-28) → 실제 52,600원(2026-09-29, 1거래일) -0.57% · 예측 중앙 52,910원 +0.02% · 오차 +0.59%(절대 오차율 0.59%, 허용 1.5%)"",""방향: 예측 상승(47%) · 실제 하락 → 오답 · 80% 띠 담김(폭 3.2%)"",""실제값 정정 이력 1건"",""실제 종가 관측 시각 2026-09-29T09:19:36.000Z(16:00 KST 이후 · 지연 관측)""],""modelInternal"":[""선택 모형의 기대 누적 0.00% = 절편 0.00% + 자기 추세 0.00% + 52종목 폭·평균 0.00% · 실제 -0.57%""],""causeHypotheses"":[""자료 오류""],""unverified"":[""수급(외국인·기관·개인)·심리·과열·영향 시차·요인 중복·가중치는 이 셀에서 검증 자료 없음(실험 기록·시간순 검증에서만 판단)""]}"
analysis-86f2a1987ce582a3,analysis,2026-09-29,2026-09-29T09:19:36Z,,,"{""forecastId"":""2026-09-28-rolling20-13cd892134e517b4"",""modelVersion"":""atlas-rolling20-A""}",live,,,,,,,,,,,,,,003230,삼양식품,cons,2026-09-28-rolling20-13cd892134e517b4,atlas-rolling20-A,2026-09-28,2026-09-29,1,3,크기 허용·방향 틀림,false,true,true,0.8150807484402894,"{""realizedLog"":0.004106781952653502,""predictedLog"":-0.00407742497517411,""errorLog"":-0.008184206927827613,""basketCumLog"":null,""beta"":0.6817,""marketPartLog"":null,""residualPartLog"":null,""marketShare"":null,""unexplainedShare"":null}","[""출발가 1,215,000원(2026-09-28) → 실제 1,220,000원(2026-09-29, 1거래일) +0.41% · 예측 중앙 1,210,056원 -0.41% · 오차 -0.82%(절대 오차율 0.82%, 허용 1.5%)"",""방향: 예측 하락(54%) · 실제 상승 → 오답 · 80% 띠 담김(폭 7.4%)"",""실제값 정정 이력 1건"",""실제 종가 관측 시각 2026-09-29T09:19:36.000Z(16:00 KST 이후 · 지연 관측)""]","[""선택 모형의 기대 누적 0.00% = 절편 0.00% + 자기 추세 0.00% + 52종목 폭·평균 0.00% · 실제 +0.41%""]","[{""category"":""자료 오류"",""evidence"":""실제값 정정 1건"",""counterEvidence"":""정정 뒤 값으로 채점됨"",""strength"":""약""}]","[""수급(외국인·기관·개인)·심리·과열·영향 시차·요인 중복·가중치는 이 셀에서 검증 자료 없음(실험 기록·시간순 검증에서만 판단)""]","[""자료 오류""]","{""luckySuspect"":false,""reasonableProcess"":true,""luckyNote"":null,""reasonableNote"":""방향은 틀렸지만 실제값이 모형 80% 띠 안 → 판단 과정은 분포 안""}","{""confirmedFacts"":[""출발가 1,215,000원(2026-09-28) → 실제 1,220,000원(2026-09-29, 1거래일) +0.41% · 예측 중앙 1,210,056원 -0.41% · 오차 -0.82%(절대 오차율 0.82%, 허용 1.5%)"",""방향: 예측 하락(54%) · 실제 상승 → 오답 · 80% 띠 담김(폭 7.4%)"",""실제값 정정 이력 1건"",""실제 종가 관측 시각 2026-09-29T09:19:36.000Z(16:00 KST 이후 · 지연 관측)""],""modelInternal"":[""선택 모형의 기대 누적 0.00% = 절편 0.00% + 자기 추세 0.00% + 52종목 폭·평균 0.00% · 실제 +0.41%""],""causeHypotheses"":[""자료 오류""],""unverified"":[""수급(외국인·기관·개인)·심리·과열·영향 시차·요인 중복·가중치는 이 셀에서 검증 자료 없음(실험 기록·시간순 검증에서만 판단)""]}"
analysis-1654b87ce501d0cc,analysis,2026-09-29,2026-09-29T09:19:36Z,,,"{""forecastId"":""2026-09-28-rolling20-13cd892134e517b4"",""modelVersion"":""atlas-rolling20-A""}",live,,,,,,,,,,,,,,259960,크래프톤,net,2026-09-28-rolling20-13cd892134e517b4,atlas-rolling20-A,2026-09-28,2026-09-29,1,2,방향 맞고 크기 틀림,true,false,true,1.8930571497270954,"{""realizedLog"":-0.01949574369669953,""predictedLog"":-0.0007421257348711653,""errorLog"":0.018753617961828367,""basketCumLog"":null,""beta"":0.6022,""marketPartLog"":null,""residualPartLog"":null,""marketShare"":null,""unexplainedShare"":null}","[""출발가 202,000원(2026-09-28) → 실제 198,100원(2026-09-29, 1거래일) -1.93% · 예측 중앙 201,850원 -0.07% · 오차 +1.89%(절대 오차율 1.89%, 허용 1.5%)"",""방향: 예측 하락(50%) · 실제 하락 → 정답 · 80% 띠 담김(폭 5.0%)"",""실제값 정정 이력 1건"",""실제 종가 관측 시각 2026-09-29T09:19:36.000Z(16:00 KST 이후 · 지연 관측)""]","[""선택 모형의 기대 누적 -0.07% = 절편 -0.06% + 자기 추세 +0.01% + 52종목 폭·평균 -0.01% · 실제 -1.93%"",""실제 방향과 반대로 기여한 항: F35 (모형 내부 설명 · 인과 아님)""]","[{""category"":""자료 오류"",""evidence"":""실제값 정정 1건"",""counterEvidence"":""정정 뒤 값으로 채점됨"",""strength"":""약""}]","[""수급(외국인·기관·개인)·심리·과열·영향 시차·요인 중복·가중치는 이 셀에서 검증 자료 없음(실험 기록·시간순 검증에서만 판단)""]","[""자료 오류""]","{""luckySuspect"":false,""reasonableProcess"":false,""luckyNote"":null,""reasonableNote"":null}","{""confirmedFacts"":[""출발가 202,000원(2026-09-28) → 실제 198,100원(2026-09-29, 1거래일) -1.93% · 예측 중앙 201,850원 -0.07% · 오차 +1.89%(절대 오차율 1.89%, 허용 1.5%)"",""방향: 예측 하락(50%) · 실제 하락 → 정답 · 80% 띠 담김(폭 5.0%)"",""실제값 정정 이력 1건"",""실제 종가 관측 시각 2026-09-29T09:19:36.000Z(16:00 KST 이후 · 지연 관측)""],""modelInternal"":[""선택 모형의 기대 누적 -0.07% = 절편 -0.06% + 자기 추세 +0.01% + 52종목 폭·평균 -0.01% · 실제 -1.93%"",""실제 방향과 반대로 기여한 항: F35 (모형 내부 설명 · 인과 아님)""],""causeHypotheses"":[""자료 오류""],""unverified"":[""수급(외국인·기관·개인)·심리·과열·영향 시차·요인 중복·가중치는 이 셀에서 검증 자료 없음(실험 기록·시간순 검증에서만 판단)""]}"
analysis-6262bd6ba83615e1,analysis,2026-09-29,2026-09-29T09:19:36Z,,,"{""forecastId"":""2026-09-28-rolling20-13cd892134e517b4"",""modelVersion"":""atlas-rolling20-A""}",live,,,,,,,,,,,,,,021240,코웨이,cons,2026-09-28-rolling20-13cd892134e517b4,atlas-rolling20-A,2026-09-28,2026-09-29,1,1,방향·크기 모두 맞음,true,true,true,0.6917403229079875,"{""realizedLog"":-0.007905179507113261,""predictedLog"":-0.001011591747358201,""errorLog"":0.006893587759755061,""basketCumLog"":null,""beta"":0.4639,""marketPartLog"":null,""residualPartLog"":null,""marketShare"":null,""unexplainedShare"":null}","[""출발가 101,600원(2026-09-28) → 실제 100,800원(2026-09-29, 1거래일) -0.79% · 예측 중앙 101,497원 -0.10% · 오차 +0.69%(절대 오차율 0.69%, 허용 1.5%)"",""방향: 예측 하락(50%) · 실제 하락 → 정답 · 80% 띠 담김(폭 5.8%)"",""실제값 정정 이력 1건"",""실제 종가 관측 시각 2026-09-29T09:19:36.000Z(16:00 KST 이후 · 지연 관측)""]","[""선택 모형의 기대 누적 +0.05% = 절편 +0.07% + 자기 추세 -0.02% + 52종목 폭·평균 +0.00% · 실제 -0.79%"",""실제 방향과 반대로 기여한 항: F11 (모형 내부 설명 · 인과 아님)""]",[],"[""수급(외국인·기관·개인)·심리·과열·영향 시차·요인 중복·가중치는 이 셀에서 검증 자료 없음(실험 기록·시간순 검증에서만 판단)""]",[],"{""luckySuspect"":false,""reasonableProcess"":false,""luckyNote"":null,""reasonableNote"":null}","{""confirmedFacts"":[""출발가 101,600원(2026-09-28) → 실제 100,800원(2026-09-29, 1거래일) -0.79% · 예측 중앙 101,497원 -0.10% · 오차 +0.69%(절대 오차율 0.69%, 허용 1.5%)"",""방향: 예측 하락(50%) · 실제 하락 → 정답 · 80% 띠 담김(폭 5.8%)"",""실제값 정정 이력 1건"",""실제 종가 관측 시각 2026-09-29T09:19:36.000Z(16:00 KST 이후 · 지연 관측)""],""modelInternal"":[""선택 모형의 기대 누적 +0.05% = 절편 +0.07% + 자기 추세 -0.02% + 52종목 폭·평균 +0.00% · 실제 -0.79%"",""실제 방향과 반대로 기여한 항: F11 (모형 내부 설명 · 인과 아님)""],""causeHypotheses"":[],""unverified"":[""수급(외국인·기관·개인)·심리·과열·영향 시차·요인 중복·가중치는 이 셀에서 검증 자료 없음(실험 기록·시간순 검증에서만 판단)""]}"
analysis-b52338c51968b167,analysis,2026-09-29,2026-09-29T09:19:36Z,,,"{""forecastId"":""2026-09-28-rolling20-13cd892134e517b4"",""modelVersion"":""atlas-rolling20-A""}",live,,,,,,,,,,,,,,029780,삼성카드,fin,2026-09-28-rolling20-13cd892134e517b4,atlas-rolling20-A,2026-09-28,2026-09-29,1,4,방향·크기 모두 틀림,false,false,false,1.9646036544170655,"{""realizedLog"":-0.019802627296179754,""predictedLog"":-0.0003470832223247104,""errorLog"":0.019455544073855045,""basketCumLog"":null,""beta"":0.3975,""marketPartLog"":null,""residualPartLog"":null,""marketShare"":null,""unexplainedShare"":null}","[""출발가 43,350원(2026-09-28) → 실제 42,500원(2026-09-29, 1거래일) -1.96% · 예측 중앙 43,335원 -0.03% · 오차 +1.96%(절대 오차율 1.96%, 허용 1.5%)"",""방향: 예측 상승(47%) · 실제 하락 → 오답 · 80% 띠 벗어남(폭 3.4%)"",""실제값 정정 이력 1건"",""실제 종가 관측 시각 2026-09-29T09:19:36.000Z(16:00 KST 이후 · 지연 관측)""]","[""선택 모형의 기대 누적 0.00% = 절편 0.00% + 자기 추세 0.00% + 52종목 폭·평균 0.00% · 실제 -1.96%""]","[{""category"":""변동성·범위"",""evidence"":""실제값이 80% 띠 밖(폭 3.4% · 실제 이동 -1.96%)"",""counterEvidence"":""80% 띠는 명목이며 개별 셀의 벗어남은 정상 범위일 수 있음(담김률로 판단)"",""strength"":""중""},{""category"":""자료 오류"",""evidence"":""실제값 정정 1건"",""counterEvidence"":""정정 뒤 값으로 채점됨"",""strength"":""약""}]","[""수급(외국인·기관·개인)·심리·과열·영향 시차·요인 중복·가중치는 이 셀에서 검증 자료 없음(실험 기록·시간순 검증에서만 판단)""]","[""변동성·범위"",""자료 오류""]","{""luckySuspect"":false,""reasonableProcess"":false,""luckyNote"":null,""reasonableNote"":null}","{""confirmedFacts"":[""출발가 43,350원(2026-09-28) → 실제 42,500원(2026-09-29, 1거래일) -1.96% · 예측 중앙 43,335원 -0.03% · 오차 +1.96%(절대 오차율 1.96%, 허용 1.5%)"",""방향: 예측 상승(47%) · 실제 하락 → 오답 · 80% 띠 벗어남(폭 3.4%)"",""실제값 정정 이력 1건"",""실제 종가 관측 시각 2026-09-29T09:19:36.000Z(16:00 KST 이후 · 지연 관측)""],""modelInternal"":[""선택 모형의 기대 누적 0.00% = 절편 0.00% + 자기 추세 0.00% + 52종목 폭·평균 0.00% · 실제 -1.96%""],""causeHypotheses"":[""변동성·범위"",""자료 오류""],""unverified"":[""수급(외국인·기관·개인)·심리·과열·영향 시차·요인 중복·가중치는 이 셀에서 검증 자료 없음(실험 기록·시간순 검증에서만 판단)""]}"
analysis-20db970df308b500,analysis,2026-09-29,2026-09-29T09:19:36Z,,,"{""forecastId"":""2026-09-28-rolling20-13cd892134e517b4"",""modelVersion"":""atlas-rolling20-A""}",live,,,,,,,,,,,,,,002380,KCC,chem,2026-09-28-rolling20-13cd892134e517b4,atlas-rolling20-A,2026-09-28,2026-09-29,1,2,방향 맞고 크기 틀림,true,false,true,1.621451519990549,"{""realizedLog"":-0.01680711831638129,""predictedLog"":-0.0007226544385912116,""errorLog"":0.016084463877790077,""basketCumLog"":null,""beta"":1.4171,""marketPartLog"":null,""residualPartLog"":null,""marketShare"":null,""unexplainedShare"":null}","[""출발가 480,000원(2026-09-28) → 실제 472,000원(2026-09-29, 1거래일) -1.67% · 예측 중앙 479,653원 -0.07% · 오차 +1.62%(절대 오차율 1.62%, 허용 1.5%)"",""방향: 예측 하락(48%) · 실제 하락 → 정답 · 80% 띠 담김(폭 5.7%)"",""실제값 정정 이력 1건"",""실제 종가 관측 시각 2026-09-29T09:19:36.000Z(16:00 KST 이후 · 지연 관측)""]","[""선택 모형의 기대 누적 0.00% = 절편 0.00% + 자기 추세 0.00% + 52종목 폭·평균 0.00% · 실제 -1.67%""]","[{""category"":""자료 오류"",""evidence"":""실제값 정정 1건"",""counterEvidence"":""정정 뒤 값으로 채점됨"",""strength"":""약""}]","[""수급(외국인·기관·개인)·심리·과열·영향 시차·요인 중복·가중치는 이 셀에서 검증 자료 없음(실험 기록·시간순 검증에서만 판단)""]","[""자료 오류""]","{""luckySuspect"":false,""reasonableProcess"":false,""luckyNote"":null,""reasonableNote"":null}","{""confirmedFacts"":[""출발가 480,000원(2026-09-28) → 실제 472,000원(2026-09-29, 1거래일) -1.67% · 예측 중앙 479,653원 -0.07% · 오차 +1.62%(절대 오차율 1.62%, 허용 1.5%)"",""방향: 예측 하락(48%) · 실제 하락 → 정답 · 80% 띠 담김(폭 5.7%)"",""실제값 정정 이력 1건"",""실제 종가 관측 시각 2026-09-29T09:19:36.000Z(16:00 KST 이후 · 지연 관측)""],""modelInternal"":[""선택 모형의 기대 누적 0.00% = 절편 0.00% + 자기 추세 0.00% + 52종목 폭·평균 0.00% · 실제 -1.67%""],""causeHypotheses"":[""자료 오류""],""unverified"":[""수급(외국인·기관·개인)·심리·과열·영향 시차·요인 중복·가중치는 이 셀에서 검증 자료 없음(실험 기록·시간순 검증에서만 판단)""]}"
analysis-591c9bf4a2bb1d17,analysis,2026-09-29,2026-09-29T09:19:36Z,,,"{""forecastId"":""2026-09-28-rolling20-13cd892134e517b4"",""modelVersion"":""atlas-rolling20-A""}",live,,,,,,,,,,,,,,004170,신세계,cons,2026-09-28-rolling20-13cd892134e517b4,atlas-rolling20-A,2026-09-28,2026-09-29,1,2,방향 맞고 크기 틀림,true,false,true,1.7311838531885644,"{""realizedLog"":-0.01762160134981956,""predictedLog"":-0.00045790539178172505,""errorLog"":0.017163695958037833,""basketCumLog"":null,""beta"":0.9942,""marketPartLog"":null,""residualPartLog"":null,""marketShare"":null,""unexplainedShare"":null}","[""출발가 343,500원(2026-09-28) → 실제 337,500원(2026-09-29, 1거래일) -1.75% · 예측 중앙 343,343원 -0.05% · 오차 +1.73%(절대 오차율 1.73%, 허용 1.5%)"",""방향: 예측 하락(49%) · 실제 하락 → 정답 · 80% 띠 담김(폭 8.1%)"",""실제값 정정 이력 1건"",""실제 종가 관측 시각 2026-09-29T09:19:36.000Z(16:00 KST 이후 · 지연 관측)""]","[""선택 모형의 기대 누적 +0.14% = 절편 +0.12% + 자기 추세 +0.01% + 52종목 폭·평균 +0.01% · 실제 -1.75%"",""실제 방향과 반대로 기여한 항: F35, F11 (모형 내부 설명 · 인과 아님)""]","[{""category"":""자료 오류"",""evidence"":""실제값 정정 1건"",""counterEvidence"":""정정 뒤 값으로 채점됨"",""strength"":""약""}]","[""수급(외국인·기관·개인)·심리·과열·영향 시차·요인 중복·가중치는 이 셀에서 검증 자료 없음(실험 기록·시간순 검증에서만 판단)""]","[""자료 오류""]","{""luckySuspect"":false,""reasonableProcess"":false,""luckyNote"":null,""reasonableNote"":null}","{""confirmedFacts"":[""출발가 343,500원(2026-09-28) → 실제 337,500원(2026-09-29, 1거래일) -1.75% · 예측 중앙 343,343원 -0.05% · 오차 +1.73%(절대 오차율 1.73%, 허용 1.5%)"",""방향: 예측 하락(49%) · 실제 하락 → 정답 · 80% 띠 담김(폭 8.1%)"",""실제값 정정 이력 1건"",""실제 종가 관측 시각 2026-09-29T09:19:36.000Z(16:00 KST 이후 · 지연 관측)""],""modelInternal"":[""선택 모형의 기대 누적 +0.14% = 절편 +0.12% + 자기 추세 +0.01% + 52종목 폭·평균 +0.01% · 실제 -1.75%"",""실제 방향과 반대로 기여한 항: F35, F11 (모형 내부 설명 · 인과 아님)""],""causeHypotheses"":[""자료 오류""],""unverified"":[""수급(외국인·기관·개인)·심리·과열·영향 시차·요인 중복·가중치는 이 셀에서 검증 자료 없음(실험 기록·시간순 검증에서만 판단)""]}"
analysis-4f09bd420d7c0f44,analysis,2026-09-29,2026-09-29T09:19:36Z,,,"{""forecastId"":""2026-09-28-rolling20-13cd892134e517b4"",""modelVersion"":""atlas-rolling20-A""}",live,,,,,,,,,,,,,,012750,에스원,util,2026-09-28-rolling20-13cd892134e517b4,atlas-rolling20-A,2026-09-28,2026-09-29,1,1,방향·크기 모두 맞음,true,true,true,0.6261499608632036,"{""realizedLog"":-0.006020487781583025,""predictedLog"":0.0002214900862432742,""errorLog"":0.006241977867826299,""basketCumLog"":null,""beta"":0.3469,""marketPartLog"":null,""residualPartLog"":null,""marketShare"":null,""unexplainedShare"":null}","[""출발가 83,300원(2026-09-28) → 실제 82,800원(2026-09-29, 1거래일) -0.60% · 예측 중앙 83,318원 +0.02% · 오차 +0.63%(절대 오차율 0.63%, 허용 1.5%)"",""방향: 예측 하락(48%) · 실제 하락 → 정답 · 80% 띠 담김(폭 5.1%)"",""실제값 정정 이력 1건"",""실제 종가 관측 시각 2026-09-29T09:19:36.000Z(16:00 KST 이후 · 지연 관측)""]","[""선택 모형의 기대 누적 0.00% = 절편 0.00% + 자기 추세 0.00% + 52종목 폭·평균 0.00% · 실제 -0.60%""]",[],"[""수급(외국인·기관·개인)·심리·과열·영향 시차·요인 중복·가중치는 이 셀에서 검증 자료 없음(실험 기록·시간순 검증에서만 판단)""]",[],"{""luckySuspect"":false,""reasonableProcess"":false,""luckyNote"":null,""reasonableNote"":null}","{""confirmedFacts"":[""출발가 83,300원(2026-09-28) → 실제 82,800원(2026-09-29, 1거래일) -0.60% · 예측 중앙 83,318원 +0.02% · 오차 +0.63%(절대 오차율 0.63%, 허용 1.5%)"",""방향: 예측 하락(48%) · 실제 하락 → 정답 · 80% 띠 담김(폭 5.1%)"",""실제값 정정 이력 1건"",""실제 종가 관측 시각 2026-09-29T09:19:36.000Z(16:00 KST 이후 · 지연 관측)""],""modelInternal"":[""선택 모형의 기대 누적 0.00% = 절편 0.00% + 자기 추세 0.00% + 52종목 폭·평균 0.00% · 실제 -0.60%""],""causeHypotheses"":[],""unverified"":[""수급(외국인·기관·개인)·심리·과열·영향 시차·요인 중복·가중치는 이 셀에서 검증 자료 없음(실험 기록·시간순 검증에서만 판단)""]}"
analysis-c03ae188d59faf6f,analysis,2026-09-29,2026-09-29T09:19:36Z,,,"{""forecastId"":""2026-09-28-rolling20-13cd892134e517b4"",""modelVersion"":""atlas-rolling20-A""}",live,,,,,,,,,,,,,,111770,영원무역,cons,2026-09-28-rolling20-13cd892134e517b4,atlas-rolling20-A,2026-09-28,2026-09-29,1,1,방향·크기 모두 맞음,true,true,true,0.49547255567004855,"{""realizedLog"":-0.005617992304223261,""predictedLog"":-0.0006755010052427328,""errorLog"":0.004942491298980528,""basketCumLog"":null,""beta"":0.5629,""marketPartLog"":null,""residualPartLog"":null,""marketShare"":null,""unexplainedShare"":null}","[""출발가 71,400원(2026-09-28) → 실제 71,000원(2026-09-29, 1거래일) -0.56% · 예측 중앙 71,352원 -0.07% · 오차 +0.50%(절대 오차율 0.50%, 허용 1.5%)"",""방향: 예측 하락(49%) · 실제 하락 → 정답 · 80% 띠 담김(폭 5.3%)"",""실제값 정정 이력 1건"",""실제 종가 관측 시각 2026-09-29T09:19:36.000Z(16:00 KST 이후 · 지연 관측)""]","[""선택 모형의 기대 누적 -0.06% = 절편 +0.08% + 자기 추세 -0.22% + 52종목 폭·평균 +0.08% · 실제 -0.56%"",""실제 방향과 반대로 기여한 항: F11 (모형 내부 설명 · 인과 아님)""]",[],"[""수급(외국인·기관·개인)·심리·과열·영향 시차·요인 중복·가중치는 이 셀에서 검증 자료 없음(실험 기록·시간순 검증에서만 판단)""]",[],"{""luckySuspect"":false,""reasonableProcess"":false,""luckyNote"":null,""reasonableNote"":null}","{""confirmedFacts"":[""출발가 71,400원(2026-09-28) → 실제 71,000원(2026-09-29, 1거래일) -0.56% · 예측 중앙 71,352원 -0.07% · 오차 +0.50%(절대 오차율 0.50%, 허용 1.5%)"",""방향: 예측 하락(49%) · 실제 하락 → 정답 · 80% 띠 담김(폭 5.3%)"",""실제값 정정 이력 1건"",""실제 종가 관측 시각 2026-09-29T09:19:36.000Z(16:00 KST 이후 · 지연 관측)""],""modelInternal"":[""선택 모형의 기대 누적 -0.06% = 절편 +0.08% + 자기 추세 -0.22% + 52종목 폭·평균 +0.08% · 실제 -0.56%"",""실제 방향과 반대로 기여한 항: F11 (모형 내부 설명 · 인과 아님)""],""causeHypotheses"":[],""unverified"":[""수급(외국인·기관·개인)·심리·과열·영향 시차·요인 중복·가중치는 이 셀에서 검증 자료 없음(실험 기록·시간순 검증에서만 판단)""]}"
analysis-17ef7d1a12588737,analysis,2026-09-29,2026-09-29T09:19:36Z,,,"{""forecastId"":""2026-09-28-rolling20-13cd892134e517b4"",""modelVersion"":""atlas-rolling20-A""}",live,,,,,,,,,,,,,,035250,강원랜드,cons,2026-09-28-rolling20-13cd892134e517b4,atlas-rolling20-A,2026-09-28,2026-09-29,1,3,크기 허용·방향 틀림,false,true,true,0.4472027014093558,"{""realizedLog"":-0.0041608936591646705,""predictedLog"":0.00030116355454857423,""errorLog"":0.004462057213713244,""basketCumLog"":null,""beta"":0.3952,""marketPartLog"":null,""residualPartLog"":null,""marketShare"":null,""unexplainedShare"":null}","[""출발가 14,450원(2026-09-28) → 실제 14,390원(2026-09-29, 1거래일) -0.42% · 예측 중앙 14,454원 +0.03% · 오차 +0.45%(절대 오차율 0.45%, 허용 1.5%)"",""방향: 예측 상승(48%) · 실제 하락 → 오답 · 80% 띠 담김(폭 2.7%)"",""실제값 정정 이력 1건"",""실제 종가 관측 시각 2026-09-29T09:19:36.000Z(16:00 KST 이후 · 지연 관측)""]","[""선택 모형의 기대 누적 +0.03% = 절편 -0.00% + 자기 추세 -0.05% + 52종목 폭·평균 +0.08% · 실제 -0.42%"",""실제 방향과 반대로 기여한 항: F11 (모형 내부 설명 · 인과 아님)""]","[{""category"":""자료 오류"",""evidence"":""실제값 정정 1건"",""counterEvidence"":""정정 뒤 값으로 채점됨"",""strength"":""약""}]","[""수급(외국인·기관·개인)·심리·과열·영향 시차·요인 중복·가중치는 이 셀에서 검증 자료 없음(실험 기록·시간순 검증에서만 판단)""]","[""자료 오류""]","{""luckySuspect"":false,""reasonableProcess"":true,""luckyNote"":null,""reasonableNote"":""방향은 틀렸지만 실제값이 모형 80% 띠 안 → 판단 과정은 분포 안""}","{""confirmedFacts"":[""출발가 14,450원(2026-09-28) → 실제 14,390원(2026-09-29, 1거래일) -0.42% · 예측 중앙 14,454원 +0.03% · 오차 +0.45%(절대 오차율 0.45%, 허용 1.5%)"",""방향: 예측 상승(48%) · 실제 하락 → 오답 · 80% 띠 담김(폭 2.7%)"",""실제값 정정 이력 1건"",""실제 종가 관측 시각 2026-09-29T09:19:36.000Z(16:00 KST 이후 · 지연 관측)""],""modelInternal"":[""선택 모형의 기대 누적 +0.03% = 절편 -0.00% + 자기 추세 -0.05% + 52종목 폭·평균 +0.08% · 실제 -0.42%"",""실제 방향과 반대로 기여한 항: F11 (모형 내부 설명 · 인과 아님)""],""causeHypotheses"":[""자료 오류""],""unverified"":[""수급(외국인·기관·개인)·심리·과열·영향 시차·요인 중복·가중치는 이 셀에서 검증 자료 없음(실험 기록·시간순 검증에서만 판단)""]}"
analysis-b2ca6d05e6267425,analysis,2026-09-29,2026-09-29T09:19:36Z,,,"{""forecastId"":""2026-09-28-rolling20-13cd892134e517b4"",""modelVersion"":""atlas-rolling20-A""}",live,,,,,,,,,,,,,,226950,올릭스,bio,2026-09-28-rolling20-13cd892134e517b4,atlas-rolling20-A,2026-09-28,2026-09-29,1,1,방향·크기 모두 맞음,true,true,true,1.1922519628425048,"{""realizedLog"":-0.015444322427473631,""predictedLog"":-0.003592316125182199,""errorLog"":0.011852006302291431,""basketCumLog"":null,""beta"":1.3719,""marketPartLog"":null,""residualPartLog"":null,""marketShare"":null,""unexplainedShare"":null}","[""출발가 104,400원(2026-09-28) → 실제 102,800원(2026-09-29, 1거래일) -1.53% · 예측 중앙 104,026원 -0.36% · 오차 +1.19%(절대 오차율 1.19%, 허용 1.5%)"",""방향: 예측 하락(54%) · 실제 하락 → 정답 · 80% 띠 담김(폭 14.1%)"",""실제값 정정 이력 1건"",""실제 종가 관측 시각 2026-09-29T09:19:36.000Z(16:00 KST 이후 · 지연 관측)""]","[""선택 모형의 기대 누적 0.00% = 절편 0.00% + 자기 추세 0.00% + 52종목 폭·평균 0.00% · 실제 -1.53%""]",[],"[""수급(외국인·기관·개인)·심리·과열·영향 시차·요인 중복·가중치는 이 셀에서 검증 자료 없음(실험 기록·시간순 검증에서만 판단)""]",[],"{""luckySuspect"":false,""reasonableProcess"":false,""luckyNote"":null,""reasonableNote"":null}","{""confirmedFacts"":[""출발가 104,400원(2026-09-28) → 실제 102,800원(2026-09-29, 1거래일) -1.53% · 예측 중앙 104,026원 -0.36% · 오차 +1.19%(절대 오차율 1.19%, 허용 1.5%)"",""방향: 예측 하락(54%) · 실제 하락 → 정답 · 80% 띠 담김(폭 14.1%)"",""실제값 정정 이력 1건"",""실제 종가 관측 시각 2026-09-29T09:19:36.000Z(16:00 KST 이후 · 지연 관측)""],""modelInternal"":[""선택 모형의 기대 누적 0.00% = 절편 0.00% + 자기 추세 0.00% + 52종목 폭·평균 0.00% · 실제 -1.53%""],""causeHypotheses"":[],""unverified"":[""수급(외국인·기관·개인)·심리·과열·영향 시차·요인 중복·가중치는 이 셀에서 검증 자료 없음(실험 기록·시간순 검증에서만 판단)""]}"
analysis-ac7ab8e9e111720c,analysis,2026-09-29,2026-09-29T09:19:36Z,,,"{""forecastId"":""2026-09-28-rolling20-13cd892134e517b4"",""modelVersion"":""atlas-rolling20-A""}",live,,,,,,,,,,,,,,030000,제일기획,net,2026-09-28-rolling20-13cd892134e517b4,atlas-rolling20-A,2026-09-28,2026-09-29,1,1,방향·크기 모두 맞음,true,true,true,0.2459602144136795,"{""realizedLog"":0.002803478146782795,""predictedLog"":0.00034084621221981194,""errorLog"":-0.0024626319345629833,""basketCumLog"":null,""beta"":0.3386,""marketPartLog"":null,""residualPartLog"":null,""marketShare"":null,""unexplainedShare"":null}","[""출발가 17,810원(2026-09-28) → 실제 17,860원(2026-09-29, 1거래일) +0.28% · 예측 중앙 17,816원 +0.03% · 오차 -0.25%(절대 오차율 0.25%, 허용 1.5%)"",""방향: 예측 상승(48%) · 실제 상승 → 정답 · 80% 띠 담김(폭 3.2%)"",""실제값 정정 이력 1건"",""실제 종가 관측 시각 2026-09-29T09:19:36.000Z(16:00 KST 이후 · 지연 관측)""]","[""선택 모형의 기대 누적 0.00% = 절편 0.00% + 자기 추세 0.00% + 52종목 폭·평균 0.00% · 실제 +0.28%""]",[],"[""수급(외국인·기관·개인)·심리·과열·영향 시차·요인 중복·가중치는 이 셀에서 검증 자료 없음(실험 기록·시간순 검증에서만 판단)""]",[],"{""luckySuspect"":false,""reasonableProcess"":false,""luckyNote"":null,""reasonableNote"":null}","{""confirmedFacts"":[""출발가 17,810원(2026-09-28) → 실제 17,860원(2026-09-29, 1거래일) +0.28% · 예측 중앙 17,816원 +0.03% · 오차 -0.25%(절대 오차율 0.25%, 허용 1.5%)"",""방향: 예측 상승(48%) · 실제 상승 → 정답 · 80% 띠 담김(폭 3.2%)"",""실제값 정정 이력 1건"",""실제 종가 관측 시각 2026-09-29T09:19:36.000Z(16:00 KST 이후 · 지연 관측)""],""modelInternal"":[""선택 모형의 기대 누적 0.00% = 절편 0.00% + 자기 추세 0.00% + 52종목 폭·평균 0.00% · 실제 +0.28%""],""causeHypotheses"":[],""unverified"":[""수급(외국인·기관·개인)·심리·과열·영향 시차·요인 중복·가중치는 이 셀에서 검증 자료 없음(실험 기록·시간순 검증에서만 판단)""]}"
analysis-b64f2e52ef5c0113,analysis,2026-09-29,2026-09-29T09:19:36Z,,,"{""forecastId"":""2026-09-28-atlas11-90616c6bc916e8d6"",""modelVersion"":""atlas11-A-1""}",live,,,,,,,,,,,,,,373220,LG에너지솔루션,chem,2026-09-28-atlas11-90616c6bc916e8d6,atlas11-A-1,2026-09-28,2026-09-29,1,2,방향 맞고 크기 틀림,true,false,true,3.0848680527437224,"{""realizedLog"":-0.030685810703443898,""predictedLog"":-0.00030338605484779655,""errorLog"":0.030382424648596102,""basketCumLog"":null,""beta"":1.0327,""marketPartLog"":null,""residualPartLog"":null,""marketShare"":null,""unexplainedShare"":null}","[""출발가 364,000원(2026-09-28) → 실제 353,000원(2026-09-29, 1거래일) -3.02% · 예측 중앙 363,890원 -0.03% · 오차 +3.08%(절대 오차율 3.08%, 허용 1.5%)"",""방향: 예측 하락(49%) · 실제 하락 → 정답 · 80% 띠 담김(폭 7.6%)"",""실제값 정정 이력 1건"",""실제 종가 관측 시각 2026-09-29T09:19:36.000Z(16:00 KST 이후 · 지연 관측)""]","[""선택 모형의 기대 누적 0.00% = 절편 0.00% + 자기 추세 0.00% + 52종목 폭·평균 0.00% · 실제 -3.02%""]","[{""category"":""자료 오류"",""evidence"":""실제값 정정 1건"",""counterEvidence"":""정정 뒤 값으로 채점됨"",""strength"":""약""}]","[""수급(외국인·기관·개인)·심리·과열·영향 시차·요인 중복·가중치는 이 셀에서 검증 자료 없음(실험 기록·시간순 검증에서만 판단)""]","[""자료 오류""]","{""luckySuspect"":false,""reasonableProcess"":false,""luckyNote"":null,""reasonableNote"":null}","{""confirmedFacts"":[""출발가 364,000원(2026-09-28) → 실제 353,000원(2026-09-29, 1거래일) -3.02% · 예측 중앙 363,890원 -0.03% · 오차 +3.08%(절대 오차율 3.08%, 허용 1.5%)"",""방향: 예측 하락(49%) · 실제 하락 → 정답 · 80% 띠 담김(폭 7.6%)"",""실제값 정정 이력 1건"",""실제 종가 관측 시각 2026-09-29T09:19:36.000Z(16:00 KST 이후 · 지연 관측)""],""modelInternal"":[""선택 모형의 기대 누적 0.00% = 절편 0.00% + 자기 추세 0.00% + 52종목 폭·평균 0.00% · 실제 -3.02%""],""causeHypotheses"":[""자료 오류""],""unverified"":[""수급(외국인·기관·개인)·심리·과열·영향 시차·요인 중복·가중치는 이 셀에서 검증 자료 없음(실험 기록·시간순 검증에서만 판단)""]}"
analysis-1d42af27944b4016,analysis,2026-09-29,2026-09-29T09:19:36Z,,,"{""forecastId"":""2026-09-28-atlas11-90616c6bc916e8d6"",""modelVersion"":""atlas11-A-1""}",live,,,,,,,,,,,,,,028260,삼성물산,util,2026-09-28-atlas11-90616c6bc916e8d6,atlas11-A-1,2026-09-28,2026-09-29,1,3,크기 허용·방향 틀림,false,true,true,0.44500138429578123,"{""realizedLog"":0.0028901754222334236,""predictedLog"":-0.0015697692046944297,""errorLog"":-0.004459944626927854,""basketCumLog"":null,""beta"":1.413,""marketPartLog"":null,""residualPartLog"":null,""marketShare"":null,""unexplainedShare"":null}","[""출발가 345,500원(2026-09-28) → 실제 346,500원(2026-09-29, 1거래일) +0.29% · 예측 중앙 344,958원 -0.16% · 오차 -0.45%(절대 오차율 0.45%, 허용 1.5%)"",""방향: 예측 하락(51%) · 실제 상승 → 오답 · 80% 띠 담김(폭 7.3%)"",""기간 안 확인된 일정 1건(기업 1 · 중요 1): 삼성물산 패션 브랜드 앙개 성수 팝업 개점 — 수치 영향은 미산출"",""실제값 정정 이력 1건"",""실제 종가 관측 시각 2026-09-29T09:19:36.000Z(16:00 KST 이후 · 지연 관측)""]","[""선택 모형의 기대 누적 0.00% = 절편 0.00% + 자기 추세 0.00% + 52종목 폭·평균 0.00% · 실제 +0.29%""]","[{""category"":""기업 사건"",""evidence"":""기간 안 기업 일정 삼성물산 패션 브랜드 앙개 성수 팝업 개점"",""counterEvidence"":""일정 확인만 · 결과·가격 반응·수치 영향 미산출 → 인과 단정 불가"",""strength"":""약""},{""category"":""자료 오류"",""evidence"":""실제값 정정 1건"",""counterEvidence"":""정정 뒤 값으로 채점됨"",""strength"":""약""}]","[""수급(외국인·기관·개인)·심리·과열·영향 시차·요인 중복·가중치는 이 셀에서 검증 자료 없음(실험 기록·시간순 검증에서만 판단)""]","[""기업 사건"",""자료 오류""]","{""luckySuspect"":false,""reasonableProcess"":true,""luckyNote"":null,""reasonableNote"":""방향은 틀렸지만 실제값이 모형 80% 띠 안 → 판단 과정은 분포 안""}","{""confirmedFacts"":[""출발가 345,500원(2026-09-28) → 실제 346,500원(2026-09-29, 1거래일) +0.29% · 예측 중앙 344,958원 -0.16% · 오차 -0.45%(절대 오차율 0.45%, 허용 1.5%)"",""방향: 예측 하락(51%) · 실제 상승 → 오답 · 80% 띠 담김(폭 7.3%)"",""기간 안 확인된 일정 1건(기업 1 · 중요 1): 삼성물산 패션 브랜드 앙개 성수 팝업 개점 — 수치 영향은 미산출"",""실제값 정정 이력 1건"",""실제 종가 관측 시각 2026-09-29T09:19:36.000Z(16:00 KST 이후 · 지연 관측)""],""modelInternal"":[""선택 모형의 기대 누적 0.00% = 절편 0.00% + 자기 추세 0.00% + 52종목 폭·평균 0.00% · 실제 +0.29%""],""causeHypotheses"":[""기업 사건"",""자료 오류""],""unverified"":[""수급(외국인·기관·개인)·심리·과열·영향 시차·요인 중복·가중치는 이 셀에서 검증 자료 없음(실험 기록·시간순 검증에서만 판단)""]}"
analysis-c9254bd710d4d6ca,analysis,2026-09-29,2026-09-29T09:19:36Z,,,"{""forecastId"":""2026-09-28-atlas11-90616c6bc916e8d6"",""modelVersion"":""atlas11-A-1""}",live,,,,,,,,,,,,,,032830,삼성생명보험,fin,2026-09-28-atlas11-90616c6bc916e8d6,atlas11-A-1,2026-09-28,2026-09-29,1,2,방향 맞고 크기 틀림,true,false,true,1.8083612771345527,"{""realizedLog"":-0.0187558780320944,""predictedLog"":-0.000833828923613086,""errorLog"":0.017922049108481313,""basketCumLog"":null,""beta"":1.2564,""marketPartLog"":null,""residualPartLog"":null,""marketShare"":null,""unexplainedShare"":null}","[""출발가 296,000원(2026-09-28) → 실제 290,500원(2026-09-29, 1거래일) -1.86% · 예측 중앙 295,753원 -0.08% · 오차 +1.81%(절대 오차율 1.81%, 허용 1.5%)"",""방향: 예측 하락(50%) · 실제 하락 → 정답 · 80% 띠 담김(폭 6.0%)"",""실제값 정정 이력 1건"",""실제 종가 관측 시각 2026-09-29T09:19:36.000Z(16:00 KST 이후 · 지연 관측)""]","[""선택 모형의 기대 누적 +0.11% = 절편 +0.15% + 자기 추세 -0.04% + 52종목 폭·평균 -0.00% · 실제 -1.86%""]","[{""category"":""자료 오류"",""evidence"":""실제값 정정 1건"",""counterEvidence"":""정정 뒤 값으로 채점됨"",""strength"":""약""}]","[""수급(외국인·기관·개인)·심리·과열·영향 시차·요인 중복·가중치는 이 셀에서 검증 자료 없음(실험 기록·시간순 검증에서만 판단)""]","[""자료 오류""]","{""luckySuspect"":false,""reasonableProcess"":false,""luckyNote"":null,""reasonableNote"":null}","{""confirmedFacts"":[""출발가 296,000원(2026-09-28) → 실제 290,500원(2026-09-29, 1거래일) -1.86% · 예측 중앙 295,753원 -0.08% · 오차 +1.81%(절대 오차율 1.81%, 허용 1.5%)"",""방향: 예측 하락(50%) · 실제 하락 → 정답 · 80% 띠 담김(폭 6.0%)"",""실제값 정정 이력 1건"",""실제 종가 관측 시각 2026-09-29T09:19:36.000Z(16:00 KST 이후 · 지연 관측)""],""modelInternal"":[""선택 모형의 기대 누적 +0.11% = 절편 +0.15% + 자기 추세 -0.04% + 52종목 폭·평균 -0.00% · 실제 -1.86%""],""causeHypotheses"":[""자료 오류""],""unverified"":[""수급(외국인·기관·개인)·심리·과열·영향 시차·요인 중복·가중치는 이 셀에서 검증 자료 없음(실험 기록·시간순 검증에서만 판단)""]}"
analysis-32e1715ee94528ec,analysis,2026-09-29,2026-09-29T09:19:36Z,,,"{""forecastId"":""2026-09-28-atlas11-90616c6bc916e8d6"",""modelVersion"":""atlas11-A-1""}",live,,,,,,,,,,,,,,034730,SK,util,2026-09-28-atlas11-90616c6bc916e8d6,atlas11-A-1,2026-09-28,2026-09-29,1,3,크기 허용·방향 틀림,false,true,true,1.2205226843657166,"{""realizedLog"":0.010327114155849524,""predictedLog"":-0.0019532081324840577,""errorLog"":-0.012280322288333582,""basketCumLog"":null,""beta"":1.3807,""marketPartLog"":null,""residualPartLog"":null,""marketShare"":null,""unexplainedShare"":null}","[""출발가 578,000원(2026-09-28) → 실제 584,000원(2026-09-29, 1거래일) +1.04% · 예측 중앙 576,872원 -0.20% · 오차 -1.22%(절대 오차율 1.22%, 허용 1.5%)"",""방향: 예측 하락(51%) · 실제 상승 → 오답 · 80% 띠 담김(폭 9.3%)"",""실제값 정정 이력 1건"",""실제 종가 관측 시각 2026-09-29T09:19:36.000Z(16:00 KST 이후 · 지연 관측)""]","[""선택 모형의 기대 누적 0.00% = 절편 0.00% + 자기 추세 0.00% + 52종목 폭·평균 0.00% · 실제 +1.04%""]","[{""category"":""자료 오류"",""evidence"":""실제값 정정 1건"",""counterEvidence"":""정정 뒤 값으로 채점됨"",""strength"":""약""}]","[""수급(외국인·기관·개인)·심리·과열·영향 시차·요인 중복·가중치는 이 셀에서 검증 자료 없음(실험 기록·시간순 검증에서만 판단)""]","[""자료 오류""]","{""luckySuspect"":false,""reasonableProcess"":true,""luckyNote"":null,""reasonableNote"":""방향은 틀렸지만 실제값이 모형 80% 띠 안 → 판단 과정은 분포 안""}","{""confirmedFacts"":[""출발가 578,000원(2026-09-28) → 실제 584,000원(2026-09-29, 1거래일) +1.04% · 예측 중앙 576,872원 -0.20% · 오차 -1.22%(절대 오차율 1.22%, 허용 1.5%)"",""방향: 예측 하락(51%) · 실제 상승 → 오답 · 80% 띠 담김(폭 9.3%)"",""실제값 정정 이력 1건"",""실제 종가 관측 시각 2026-09-29T09:19:36.000Z(16:00 KST 이후 · 지연 관측)""],""modelInternal"":[""선택 모형의 기대 누적 0.00% = 절편 0.00% + 자기 추세 0.00% + 52종목 폭·평균 0.00% · 실제 +1.04%""],""causeHypotheses"":[""자료 오류""],""unverified"":[""수급(외국인·기관·개인)·심리·과열·영향 시차·요인 중복·가중치는 이 셀에서 검증 자료 없음(실험 기록·시간순 검증에서만 판단)""]}"
analysis-9db205955c8a33b2,analysis,2026-09-29,2026-09-29T09:19:36Z,,,"{""forecastId"":""2026-09-28-atlas11-90616c6bc916e8d6"",""modelVersion"":""atlas11-A-1""}",live,,,,,,,,,,,,,,010120,LS ELECTRIC,heavy,2026-09-28-atlas11-90616c6bc916e8d6,atlas11-A-1,2026-09-28,2026-09-29,1,3,크기 허용·방향 틀림,false,true,true,1.060915309544955,"{""realizedLog"":0.007308193306724622,""predictedLog"":-0.003357638082317816,""errorLog"":-0.010665831389042438,""basketCumLog"":null,""beta"":1.6948,""marketPartLog"":null,""residualPartLog"":null,""marketShare"":null,""unexplainedShare"":null}","[""출발가 204,500원(2026-09-28) → 실제 206,000원(2026-09-29, 1거래일) +0.73% · 예측 중앙 203,815원 -0.34% · 오차 -1.06%(절대 오차율 1.06%, 허용 1.5%)"",""방향: 예측 하락(53%) · 실제 상승 → 오답 · 80% 띠 담김(폭 9.6%)"",""실제값 정정 이력 1건"",""실제 종가 관측 시각 2026-09-29T09:19:36.000Z(16:00 KST 이후 · 지연 관측)""]","[""선택 모형의 기대 누적 0.00% = 절편 0.00% + 자기 추세 0.00% + 52종목 폭·평균 0.00% · 실제 +0.73%""]","[{""category"":""자료 오류"",""evidence"":""실제값 정정 1건"",""counterEvidence"":""정정 뒤 값으로 채점됨"",""strength"":""약""}]","[""수급(외국인·기관·개인)·심리·과열·영향 시차·요인 중복·가중치는 이 셀에서 검증 자료 없음(실험 기록·시간순 검증에서만 판단)""]","[""자료 오류""]","{""luckySuspect"":false,""reasonableProcess"":true,""luckyNote"":null,""reasonableNote"":""방향은 틀렸지만 실제값이 모형 80% 띠 안 → 판단 과정은 분포 안""}","{""confirmedFacts"":[""출발가 204,500원(2026-09-28) → 실제 206,000원(2026-09-29, 1거래일) +0.73% · 예측 중앙 203,815원 -0.34% · 오차 -1.06%(절대 오차율 1.06%, 허용 1.5%)"",""방향: 예측 하락(53%) · 실제 상승 → 오답 · 80% 띠 담김(폭 9.6%)"",""실제값 정정 이력 1건"",""실제 종가 관측 시각 2026-09-29T09:19:36.000Z(16:00 KST 이후 · 지연 관측)""],""modelInternal"":[""선택 모형의 기대 누적 0.00% = 절편 0.00% + 자기 추세 0.00% + 52종목 폭·평균 0.00% · 실제 +0.73%""],""causeHypotheses"":[""자료 오류""],""unverified"":[""수급(외국인·기관·개인)·심리·과열·영향 시차·요인 중복·가중치는 이 셀에서 검증 자료 없음(실험 기록·시간순 검증에서만 판단)""]}"
analysis-f41d225b9bc68a5d,analysis,2026-09-29,2026-09-29T09:19:36Z,,,"{""forecastId"":""2026-09-28-atlas11-90616c6bc916e8d6"",""modelVersion"":""atlas11-A-1""}",live,,,,,,,,,,,,,,000810,삼성화재,fin,2026-09-28-atlas11-90616c6bc916e8d6,atlas11-A-1,2026-09-28,2026-09-29,1,1,방향·크기 모두 맞음,true,true,true,1.0439401944445312,"{""realizedLog"":-0.012176710575255231,""predictedLog"":-0.0017914228993783391,""errorLog"":0.010385287675876893,""basketCumLog"":null,""beta"":0.8304,""marketPartLog"":null,""residualPartLog"":null,""marketShare"":null,""unexplainedShare"":null}","[""출발가 661,000원(2026-09-28) → 실제 653,000원(2026-09-29, 1거래일) -1.21% · 예측 중앙 659,817원 -0.18% · 오차 +1.04%(절대 오차율 1.04%, 허용 1.5%)"",""방향: 예측 하락(52%) · 실제 하락 → 정답 · 80% 띠 담김(폭 5.3%)"",""실제값 정정 이력 1건"",""실제 종가 관측 시각 2026-09-29T09:19:36.000Z(16:00 KST 이후 · 지연 관측)""]","[""선택 모형의 기대 누적 0.00% = 절편 0.00% + 자기 추세 0.00% + 52종목 폭·평균 0.00% · 실제 -1.21%""]",[],"[""수급(외국인·기관·개인)·심리·과열·영향 시차·요인 중복·가중치는 이 셀에서 검증 자료 없음(실험 기록·시간순 검증에서만 판단)""]",[],"{""luckySuspect"":false,""reasonableProcess"":false,""luckyNote"":null,""reasonableNote"":null}","{""confirmedFacts"":[""출발가 661,000원(2026-09-28) → 실제 653,000원(2026-09-29, 1거래일) -1.21% · 예측 중앙 659,817원 -0.18% · 오차 +1.04%(절대 오차율 1.04%, 허용 1.5%)"",""방향: 예측 하락(52%) · 실제 하락 → 정답 · 80% 띠 담김(폭 5.3%)"",""실제값 정정 이력 1건"",""실제 종가 관측 시각 2026-09-29T09:19:36.000Z(16:00 KST 이후 · 지연 관측)""],""modelInternal"":[""선택 모형의 기대 누적 0.00% = 절편 0.00% + 자기 추세 0.00% + 52종목 폭·평균 0.00% · 실제 -1.21%""],""causeHypotheses"":[],""unverified"":[""수급(외국인·기관·개인)·심리·과열·영향 시차·요인 중복·가중치는 이 셀에서 검증 자료 없음(실험 기록·시간순 검증에서만 판단)""]}"
analysis-1cbb7a2a58e75362,analysis,2026-09-29,2026-09-29T09:19:36Z,,,"{""forecastId"":""2026-09-28-atlas11-90616c6bc916e8d6"",""modelVersion"":""atlas11-A-1""}",live,,,,,,,,,,,,,,010130,고려아연,chem,2026-09-28-atlas11-90616c6bc916e8d6,atlas11-A-1,2026-09-28,2026-09-29,1,2,방향 맞고 크기 틀림,true,false,true,2.7076206595510044,"{""realizedLog"":-0.02946806225690798,""predictedLog"":-0.002751930951901879,""errorLog"":0.0267161313050061,""basketCumLog"":null,""beta"":1.3237,""marketPartLog"":null,""residualPartLog"":null,""marketShare"":null,""unexplainedShare"":null}","[""출발가 1,102,000원(2026-09-28) → 실제 1,070,000원(2026-09-29, 1거래일) -2.90% · 예측 중앙 1,098,972원 -0.27% · 오차 +2.71%(절대 오차율 2.71%, 허용 1.5%)"",""방향: 예측 하락(54%) · 실제 하락 → 정답 · 80% 띠 담김(폭 8.6%)"",""실제값 정정 이력 1건"",""실제 종가 관측 시각 2026-09-29T09:19:36.000Z(16:00 KST 이후 · 지연 관측)""]","[""선택 모형의 기대 누적 0.00% = 절편 0.00% + 자기 추세 0.00% + 52종목 폭·평균 0.00% · 실제 -2.90%""]","[{""category"":""자료 오류"",""evidence"":""실제값 정정 1건"",""counterEvidence"":""정정 뒤 값으로 채점됨"",""strength"":""약""}]","[""수급(외국인·기관·개인)·심리·과열·영향 시차·요인 중복·가중치는 이 셀에서 검증 자료 없음(실험 기록·시간순 검증에서만 판단)""]","[""자료 오류""]","{""luckySuspect"":false,""reasonableProcess"":false,""luckyNote"":null,""reasonableNote"":null}","{""confirmedFacts"":[""출발가 1,102,000원(2026-09-28) → 실제 1,070,000원(2026-09-29, 1거래일) -2.90% · 예측 중앙 1,098,972원 -0.27% · 오차 +2.71%(절대 오차율 2.71%, 허용 1.5%)"",""방향: 예측 하락(54%) · 실제 하락 → 정답 · 80% 띠 담김(폭 8.6%)"",""실제값 정정 이력 1건"",""실제 종가 관측 시각 2026-09-29T09:19:36.000Z(16:00 KST 이후 · 지연 관측)""],""modelInternal"":[""선택 모형의 기대 누적 0.00% = 절편 0.00% + 자기 추세 0.00% + 52종목 폭·평균 0.00% · 실제 -2.90%""],""causeHypotheses"":[""자료 오류""],""unverified"":[""수급(외국인·기관·개인)·심리·과열·영향 시차·요인 중복·가중치는 이 셀에서 검증 자료 없음(실험 기록·시간순 검증에서만 판단)""]}"
analysis-75f0cefd16735d3f,analysis,2026-09-29,2026-09-29T09:19:36Z,,,"{""forecastId"":""2026-09-28-atlas11-90616c6bc916e8d6"",""modelVersion"":""atlas11-A-1""}",live,,,,,,,,,,,,,,138040,메리츠금융지주,fin,2026-09-28-atlas11-90616c6bc916e8d6,atlas11-A-1,2026-09-28,2026-09-29,1,1,방향·크기 모두 맞음,true,true,true,0.3537789003832506,"{""realizedLog"":-0.008280062360613365,""predictedLog"":-0.004748516611752403,""errorLog"":0.0035315457488609625,""basketCumLog"":null,""beta"":0.6414,""marketPartLog"":null,""residualPartLog"":null,""marketShare"":null,""unexplainedShare"":null}","[""출발가 133,400원(2026-09-28) → 실제 132,300원(2026-09-29, 1거래일) -0.82% · 예측 중앙 132,768원 -0.47% · 오차 +0.35%(절대 오차율 0.35%, 허용 1.5%)"",""방향: 예측 하락(57%) · 실제 하락 → 정답 · 80% 띠 담김(폭 5.7%)"",""실제값 정정 이력 1건"",""실제 종가 관측 시각 2026-09-29T09:19:36.000Z(16:00 KST 이후 · 지연 관측)""]","[""선택 모형의 기대 누적 -0.25% = 절편 +0.04% + 자기 추세 -0.31% + 52종목 폭·평균 +0.02% · 실제 -0.82%"",""실제 방향과 반대로 기여한 항: F11 (모형 내부 설명 · 인과 아님)""]",[],"[""수급(외국인·기관·개인)·심리·과열·영향 시차·요인 중복·가중치는 이 셀에서 검증 자료 없음(실험 기록·시간순 검증에서만 판단)""]",[],"{""luckySuspect"":false,""reasonableProcess"":false,""luckyNote"":null,""reasonableNote"":null}","{""confirmedFacts"":[""출발가 133,400원(2026-09-28) → 실제 132,300원(2026-09-29, 1거래일) -0.82% · 예측 중앙 132,768원 -0.47% · 오차 +0.35%(절대 오차율 0.35%, 허용 1.5%)"",""방향: 예측 하락(57%) · 실제 하락 → 정답 · 80% 띠 담김(폭 5.7%)"",""실제값 정정 이력 1건"",""실제 종가 관측 시각 2026-09-29T09:19:36.000Z(16:00 KST 이후 · 지연 관측)""],""modelInternal"":[""선택 모형의 기대 누적 -0.25% = 절편 +0.04% + 자기 추세 -0.31% + 52종목 폭·평균 +0.02% · 실제 -0.82%"",""실제 방향과 반대로 기여한 항: F11 (모형 내부 설명 · 인과 아님)""],""causeHypotheses"":[],""unverified"":[""수급(외국인·기관·개인)·심리·과열·영향 시차·요인 중복·가중치는 이 셀에서 검증 자료 없음(실험 기록·시간순 검증에서만 판단)""]}"
analysis-f8951c01f59c16a8,analysis,2026-09-29,2026-09-29T09:19:36Z,,,"{""forecastId"":""2026-09-28-atlas11-90616c6bc916e8d6"",""modelVersion"":""atlas11-A-1""}",live,,,,,,,,,,,,,,011200,HMM,auto,2026-09-28-atlas11-90616c6bc916e8d6,atlas11-A-1,2026-09-28,2026-09-29,1,2,방향 맞고 크기 틀림,true,false,true,1.6385230958580754,"{""realizedLog"":-0.016607736399660525,""predictedLog"":-0.00035529477868780936,""errorLog"":0.016252441620972717,""basketCumLog"":null,""beta"":0.6513,""marketPartLog"":null,""residualPartLog"":null,""marketShare"":null,""unexplainedShare"":null}","[""출발가 21,250원(2026-09-28) → 실제 20,900원(2026-09-29, 1거래일) -1.65% · 예측 중앙 21,242원 -0.04% · 오차 +1.64%(절대 오차율 1.64%, 허용 1.5%)"",""방향: 예측 하락(49%) · 실제 하락 → 정답 · 80% 띠 담김(폭 5.0%)"",""실제값 정정 이력 1건"",""실제 종가 관측 시각 2026-09-29T09:19:36.000Z(16:00 KST 이후 · 지연 관측)""]","[""선택 모형의 기대 누적 0.00% = 절편 0.00% + 자기 추세 0.00% + 52종목 폭·평균 0.00% · 실제 -1.65%""]","[{""category"":""자료 오류"",""evidence"":""실제값 정정 1건"",""counterEvidence"":""정정 뒤 값으로 채점됨"",""strength"":""약""}]","[""수급(외국인·기관·개인)·심리·과열·영향 시차·요인 중복·가중치는 이 셀에서 검증 자료 없음(실험 기록·시간순 검증에서만 판단)""]","[""자료 오류""]","{""luckySuspect"":false,""reasonableProcess"":false,""luckyNote"":null,""reasonableNote"":null}","{""confirmedFacts"":[""출발가 21,250원(2026-09-28) → 실제 20,900원(2026-09-29, 1거래일) -1.65% · 예측 중앙 21,242원 -0.04% · 오차 +1.64%(절대 오차율 1.64%, 허용 1.5%)"",""방향: 예측 하락(49%) · 실제 하락 → 정답 · 80% 띠 담김(폭 5.0%)"",""실제값 정정 이력 1건"",""실제 종가 관측 시각 2026-09-29T09:19:36.000Z(16:00 KST 이후 · 지연 관측)""],""modelInternal"":[""선택 모형의 기대 누적 0.00% = 절편 0.00% + 자기 추세 0.00% + 52종목 폭·평균 0.00% · 실제 -1.65%""],""causeHypotheses"":[""자료 오류""],""unverified"":[""수급(외국인·기관·개인)·심리·과열·영향 시차·요인 중복·가중치는 이 셀에서 검증 자료 없음(실험 기록·시간순 검증에서만 판단)""]}"
analysis-dd42e8729d16d609,analysis,2026-09-29,2026-09-29T09:19:36Z,,,"{""forecastId"":""2026-09-28-atlas11-90616c6bc916e8d6"",""modelVersion"":""atlas11-A-1""}",live,,,,,,,,,,,,,,017670,SK텔레콤,net,2026-09-28-atlas11-90616c6bc916e8d6,atlas11-A-1,2026-09-28,2026-09-29,1,2,방향 맞고 크기 틀림,true,false,false,2.3588075174791325,"{""realizedLog"":-0.02409755157906053,""predictedLog"":-0.000783376231279559,""errorLog"":0.02331417534778097,""basketCumLog"":null,""beta"":0.687,""marketPartLog"":null,""residualPartLog"":null,""marketShare"":null,""unexplainedShare"":null}","[""출발가 88,200원(2026-09-28) → 실제 86,100원(2026-09-29, 1거래일) -2.38% · 예측 중앙 88,131원 -0.08% · 오차 +2.36%(절대 오차율 2.36%, 허용 1.5%)"",""방향: 예측 하락(47%) · 실제 하락 → 정답 · 80% 띠 벗어남(폭 3.8%)"",""실제값 정정 이력 1건"",""실제 종가 관측 시각 2026-09-29T09:19:36.000Z(16:00 KST 이후 · 지연 관측)""]","[""선택 모형의 기대 누적 0.00% = 절편 0.00% + 자기 추세 0.00% + 52종목 폭·평균 0.00% · 실제 -2.38%""]","[{""category"":""변동성·범위"",""evidence"":""실제값이 80% 띠 밖(폭 3.8% · 실제 이동 -2.38%)"",""counterEvidence"":""80% 띠는 명목이며 개별 셀의 벗어남은 정상 범위일 수 있음(담김률로 판단)"",""strength"":""중""},{""category"":""자료 오류"",""evidence"":""실제값 정정 1건"",""counterEvidence"":""정정 뒤 값으로 채점됨"",""strength"":""약""}]","[""수급(외국인·기관·개인)·심리·과열·영향 시차·요인 중복·가중치는 이 셀에서 검증 자료 없음(실험 기록·시간순 검증에서만 판단)""]","[""변동성·범위"",""자료 오류""]","{""luckySuspect"":false,""reasonableProcess"":false,""luckyNote"":null,""reasonableNote"":null}","{""confirmedFacts"":[""출발가 88,200원(2026-09-28) → 실제 86,100원(2026-09-29, 1거래일) -2.38% · 예측 중앙 88,131원 -0.08% · 오차 +2.36%(절대 오차율 2.36%, 허용 1.5%)"",""방향: 예측 하락(47%) · 실제 하락 → 정답 · 80% 띠 벗어남(폭 3.8%)"",""실제값 정정 이력 1건"",""실제 종가 관측 시각 2026-09-29T09:19:36.000Z(16:00 KST 이후 · 지연 관측)""],""modelInternal"":[""선택 모형의 기대 누적 0.00% = 절편 0.00% + 자기 추세 0.00% + 52종목 폭·평균 0.00% · 실제 -2.38%""],""causeHypotheses"":[""변동성·범위"",""자료 오류""],""unverified"":[""수급(외국인·기관·개인)·심리·과열·영향 시차·요인 중복·가중치는 이 셀에서 검증 자료 없음(실험 기록·시간순 검증에서만 판단)""]}"
analysis-478e95c977e5438d,analysis,2026-09-29,2026-09-29T09:19:36Z,,,"{""forecastId"":""2026-09-28-atlas11-90616c6bc916e8d6"",""modelVersion"":""atlas11-A-1""}",live,,,,,,,,,,,,,,018260,삼성에스디에스,semi,2026-09-28-atlas11-90616c6bc916e8d6,atlas11-A-1,2026-09-28,2026-09-29,1,1,방향·크기 모두 맞음,true,true,true,1.055016260566276,"{""realizedLog"":-0.011481182373956254,""predictedLog"":-0.0009862843732452008,""errorLog"":0.010494898000711054,""basketCumLog"":null,""beta"":1.0842,""marketPartLog"":null,""residualPartLog"":null,""marketShare"":null,""unexplainedShare"":null}","[""출발가 219,000원(2026-09-28) → 실제 216,500원(2026-09-29, 1거래일) -1.14% · 예측 중앙 218,784원 -0.10% · 오차 +1.06%(절대 오차율 1.06%, 허용 1.5%)"",""방향: 예측 하락(48%) · 실제 하락 → 정답 · 80% 띠 담김(폭 5.6%)"",""실제값 정정 이력 1건"",""실제 종가 관측 시각 2026-09-29T09:19:36.000Z(16:00 KST 이후 · 지연 관측)""]","[""선택 모형의 기대 누적 0.00% = 절편 0.00% + 자기 추세 0.00% + 52종목 폭·평균 0.00% · 실제 -1.14%""]",[],"[""수급(외국인·기관·개인)·심리·과열·영향 시차·요인 중복·가중치는 이 셀에서 검증 자료 없음(실험 기록·시간순 검증에서만 판단)""]",[],"{""luckySuspect"":false,""reasonableProcess"":false,""luckyNote"":null,""reasonableNote"":null}","{""confirmedFacts"":[""출발가 219,000원(2026-09-28) → 실제 216,500원(2026-09-29, 1거래일) -1.14% · 예측 중앙 218,784원 -0.10% · 오차 +1.06%(절대 오차율 1.06%, 허용 1.5%)"",""방향: 예측 하락(48%) · 실제 하락 → 정답 · 80% 띠 담김(폭 5.6%)"",""실제값 정정 이력 1건"",""실제 종가 관측 시각 2026-09-29T09:19:36.000Z(16:00 KST 이후 · 지연 관측)""],""modelInternal"":[""선택 모형의 기대 누적 0.00% = 절편 0.00% + 자기 추세 0.00% + 52종목 폭·평균 0.00% · 실제 -1.14%""],""causeHypotheses"":[],""unverified"":[""수급(외국인·기관·개인)·심리·과열·영향 시차·요인 중복·가중치는 이 셀에서 검증 자료 없음(실험 기록·시간순 검증에서만 판단)""]}"
analysis-efaed3aa0da6bec3,analysis,2026-09-29,2026-09-29T09:19:36Z,,,"{""forecastId"":""2026-09-28-atlas11-90616c6bc916e8d6"",""modelVersion"":""atlas11-A-1""}",live,,,,,,,,,,,,,,278470,에이피알,cons,2026-09-28-atlas11-90616c6bc916e8d6,atlas11-A-1,2026-09-28,2026-09-29,1,2,방향 맞고 크기 틀림,true,false,true,1.8980671866050114,"{""realizedLog"":-0.019178670030571943,""predictedLog"":-0.00037588371663552786,""errorLog"":0.018802786313936413,""basketCumLog"":null,""beta"":0.9172,""marketPartLog"":null,""residualPartLog"":null,""marketShare"":null,""unexplainedShare"":null}","[""출발가 368,500원(2026-09-28) → 실제 361,500원(2026-09-29, 1거래일) -1.90% · 예측 중앙 368,362원 -0.04% · 오차 +1.90%(절대 오차율 1.90%, 허용 1.5%)"",""방향: 예측 하락(49%) · 실제 하락 → 정답 · 80% 띠 담김(폭 9.7%)"",""실제값 정정 이력 1건"",""실제 종가 관측 시각 2026-09-29T09:19:36.000Z(16:00 KST 이후 · 지연 관측)""]","[""선택 모형의 기대 누적 0.00% = 절편 0.00% + 자기 추세 0.00% + 52종목 폭·평균 0.00% · 실제 -1.90%""]","[{""category"":""자료 오류"",""evidence"":""실제값 정정 1건"",""counterEvidence"":""정정 뒤 값으로 채점됨"",""strength"":""약""}]","[""수급(외국인·기관·개인)·심리·과열·영향 시차·요인 중복·가중치는 이 셀에서 검증 자료 없음(실험 기록·시간순 검증에서만 판단)""]","[""자료 오류""]","{""luckySuspect"":false,""reasonableProcess"":false,""luckyNote"":null,""reasonableNote"":null}","{""confirmedFacts"":[""출발가 368,500원(2026-09-28) → 실제 361,500원(2026-09-29, 1거래일) -1.90% · 예측 중앙 368,362원 -0.04% · 오차 +1.90%(절대 오차율 1.90%, 허용 1.5%)"",""방향: 예측 하락(49%) · 실제 하락 → 정답 · 80% 띠 담김(폭 9.7%)"",""실제값 정정 이력 1건"",""실제 종가 관측 시각 2026-09-29T09:19:36.000Z(16:00 KST 이후 · 지연 관측)""],""modelInternal"":[""선택 모형의 기대 누적 0.00% = 절편 0.00% + 자기 추세 0.00% + 52종목 폭·평균 0.00% · 실제 -1.90%""],""causeHypotheses"":[""자료 오류""],""unverified"":[""수급(외국인·기관·개인)·심리·과열·영향 시차·요인 중복·가중치는 이 셀에서 검증 자료 없음(실험 기록·시간순 검증에서만 판단)""]}"
analysis-aaef8e280187035e,analysis,2026-09-29,2026-09-29T09:19:36Z,,,"{""forecastId"":""2026-09-28-atlas11-90616c6bc916e8d6"",""modelVersion"":""atlas11-A-1""}",live,,,,,,,,,,,,,,030200,KT,net,2026-09-28-atlas11-90616c6bc916e8d6,atlas11-A-1,2026-09-28,2026-09-29,1,3,크기 허용·방향 틀림,false,true,true,0.5895671408512574,"{""realizedLog"":-0.005687219120589576,""predictedLog"":0.00019114082571512026,""errorLog"":0.005878359946304697,""basketCumLog"":null,""beta"":0.4,""marketPartLog"":null,""residualPartLog"":null,""marketShare"":null,""unexplainedShare"":null}","[""출발가 52,900원(2026-09-28) → 실제 52,600원(2026-09-29, 1거래일) -0.57% · 예측 중앙 52,910원 +0.02% · 오차 +0.59%(절대 오차율 0.59%, 허용 1.5%)"",""방향: 예측 상승(47%) · 실제 하락 → 오답 · 80% 띠 담김(폭 3.2%)"",""실제값 정정 이력 1건"",""실제 종가 관측 시각 2026-09-29T09:19:36.000Z(16:00 KST 이후 · 지연 관측)""]","[""선택 모형의 기대 누적 0.00% = 절편 0.00% + 자기 추세 0.00% + 52종목 폭·평균 0.00% · 실제 -0.57%""]","[{""category"":""자료 오류"",""evidence"":""실제값 정정 1건"",""counterEvidence"":""정정 뒤 값으로 채점됨"",""strength"":""약""}]","[""수급(외국인·기관·개인)·심리·과열·영향 시차·요인 중복·가중치는 이 셀에서 검증 자료 없음(실험 기록·시간순 검증에서만 판단)""]","[""자료 오류""]","{""luckySuspect"":false,""reasonableProcess"":true,""luckyNote"":null,""reasonableNote"":""방향은 틀렸지만 실제값이 모형 80% 띠 안 → 판단 과정은 분포 안""}","{""confirmedFacts"":[""출발가 52,900원(2026-09-28) → 실제 52,600원(2026-09-29, 1거래일) -0.57% · 예측 중앙 52,910원 +0.02% · 오차 +0.59%(절대 오차율 0.59%, 허용 1.5%)"",""방향: 예측 상승(47%) · 실제 하락 → 오답 · 80% 띠 담김(폭 3.2%)"",""실제값 정정 이력 1건"",""실제 종가 관측 시각 2026-09-29T09:19:36.000Z(16:00 KST 이후 · 지연 관측)""],""modelInternal"":[""선택 모형의 기대 누적 0.00% = 절편 0.00% + 자기 추세 0.00% + 52종목 폭·평균 0.00% · 실제 -0.57%""],""causeHypotheses"":[""자료 오류""],""unverified"":[""수급(외국인·기관·개인)·심리·과열·영향 시차·요인 중복·가중치는 이 셀에서 검증 자료 없음(실험 기록·시간순 검증에서만 판단)""]}"
analysis-c1cc7abd65b1674f,analysis,2026-09-29,2026-09-29T09:19:36Z,,,"{""forecastId"":""2026-09-28-atlas11-90616c6bc916e8d6"",""modelVersion"":""atlas11-A-1""}",live,,,,,,,,,,,,,,003230,삼양식품,cons,2026-09-28-atlas11-90616c6bc916e8d6,atlas11-A-1,2026-09-28,2026-09-29,1,3,크기 허용·방향 틀림,false,true,true,0.8150807484402894,"{""realizedLog"":0.004106781952653502,""predictedLog"":-0.00407742497517411,""errorLog"":-0.008184206927827613,""basketCumLog"":null,""beta"":0.6817,""marketPartLog"":null,""residualPartLog"":null,""marketShare"":null,""unexplainedShare"":null}","[""출발가 1,215,000원(2026-09-28) → 실제 1,220,000원(2026-09-29, 1거래일) +0.41% · 예측 중앙 1,210,056원 -0.41% · 오차 -0.82%(절대 오차율 0.82%, 허용 1.5%)"",""방향: 예측 하락(54%) · 실제 상승 → 오답 · 80% 띠 담김(폭 7.4%)"",""실제값 정정 이력 1건"",""실제 종가 관측 시각 2026-09-29T09:19:36.000Z(16:00 KST 이후 · 지연 관측)""]","[""선택 모형의 기대 누적 0.00% = 절편 0.00% + 자기 추세 0.00% + 52종목 폭·평균 0.00% · 실제 +0.41%""]","[{""category"":""자료 오류"",""evidence"":""실제값 정정 1건"",""counterEvidence"":""정정 뒤 값으로 채점됨"",""strength"":""약""}]","[""수급(외국인·기관·개인)·심리·과열·영향 시차·요인 중복·가중치는 이 셀에서 검증 자료 없음(실험 기록·시간순 검증에서만 판단)""]","[""자료 오류""]","{""luckySuspect"":false,""reasonableProcess"":true,""luckyNote"":null,""reasonableNote"":""방향은 틀렸지만 실제값이 모형 80% 띠 안 → 판단 과정은 분포 안""}","{""confirmedFacts"":[""출발가 1,215,000원(2026-09-28) → 실제 1,220,000원(2026-09-29, 1거래일) +0.41% · 예측 중앙 1,210,056원 -0.41% · 오차 -0.82%(절대 오차율 0.82%, 허용 1.5%)"",""방향: 예측 하락(54%) · 실제 상승 → 오답 · 80% 띠 담김(폭 7.4%)"",""실제값 정정 이력 1건"",""실제 종가 관측 시각 2026-09-29T09:19:36.000Z(16:00 KST 이후 · 지연 관측)""],""modelInternal"":[""선택 모형의 기대 누적 0.00% = 절편 0.00% + 자기 추세 0.00% + 52종목 폭·평균 0.00% · 실제 +0.41%""],""causeHypotheses"":[""자료 오류""],""unverified"":[""수급(외국인·기관·개인)·심리·과열·영향 시차·요인 중복·가중치는 이 셀에서 검증 자료 없음(실험 기록·시간순 검증에서만 판단)""]}"
analysis-6f3ce63730477e06,analysis,2026-09-29,2026-09-29T09:19:36Z,,,"{""forecastId"":""2026-09-28-atlas11-90616c6bc916e8d6"",""modelVersion"":""atlas11-A-1""}",live,,,,,,,,,,,,,,259960,크래프톤,net,2026-09-28-atlas11-90616c6bc916e8d6,atlas11-A-1,2026-09-28,2026-09-29,1,2,방향 맞고 크기 틀림,true,false,true,1.8930571497270954,"{""realizedLog"":-0.01949574369669953,""predictedLog"":-0.0007421257348711653,""errorLog"":0.018753617961828367,""basketCumLog"":null,""beta"":0.6022,""marketPartLog"":null,""residualPartLog"":null,""marketShare"":null,""unexplainedShare"":null}","[""출발가 202,000원(2026-09-28) → 실제 198,100원(2026-09-29, 1거래일) -1.93% · 예측 중앙 201,850원 -0.07% · 오차 +1.89%(절대 오차율 1.89%, 허용 1.5%)"",""방향: 예측 하락(50%) · 실제 하락 → 정답 · 80% 띠 담김(폭 5.0%)"",""실제값 정정 이력 1건"",""실제 종가 관측 시각 2026-09-29T09:19:36.000Z(16:00 KST 이후 · 지연 관측)""]","[""선택 모형의 기대 누적 -0.07% = 절편 -0.06% + 자기 추세 +0.01% + 52종목 폭·평균 -0.01% · 실제 -1.93%"",""실제 방향과 반대로 기여한 항: F35 (모형 내부 설명 · 인과 아님)""]","[{""category"":""자료 오류"",""evidence"":""실제값 정정 1건"",""counterEvidence"":""정정 뒤 값으로 채점됨"",""strength"":""약""}]","[""수급(외국인·기관·개인)·심리·과열·영향 시차·요인 중복·가중치는 이 셀에서 검증 자료 없음(실험 기록·시간순 검증에서만 판단)""]","[""자료 오류""]","{""luckySuspect"":false,""reasonableProcess"":false,""luckyNote"":null,""reasonableNote"":null}","{""confirmedFacts"":[""출발가 202,000원(2026-09-28) → 실제 198,100원(2026-09-29, 1거래일) -1.93% · 예측 중앙 201,850원 -0.07% · 오차 +1.89%(절대 오차율 1.89%, 허용 1.5%)"",""방향: 예측 하락(50%) · 실제 하락 → 정답 · 80% 띠 담김(폭 5.0%)"",""실제값 정정 이력 1건"",""실제 종가 관측 시각 2026-09-29T09:19:36.000Z(16:00 KST 이후 · 지연 관측)""],""modelInternal"":[""선택 모형의 기대 누적 -0.07% = 절편 -0.06% + 자기 추세 +0.01% + 52종목 폭·평균 -0.01% · 실제 -1.93%"",""실제 방향과 반대로 기여한 항: F35 (모형 내부 설명 · 인과 아님)""],""causeHypotheses"":[""자료 오류""],""unverified"":[""수급(외국인·기관·개인)·심리·과열·영향 시차·요인 중복·가중치는 이 셀에서 검증 자료 없음(실험 기록·시간순 검증에서만 판단)""]}"
analysis-ca46482db741e05d,analysis,2026-09-29,2026-09-29T09:19:36Z,,,"{""forecastId"":""2026-09-28-atlas11-90616c6bc916e8d6"",""modelVersion"":""atlas11-A-1""}",live,,,,,,,,,,,,,,021240,코웨이,cons,2026-09-28-atlas11-90616c6bc916e8d6,atlas11-A-1,2026-09-28,2026-09-29,1,1,방향·크기 모두 맞음,true,true,true,0.6917403229079875,"{""realizedLog"":-0.007905179507113261,""predictedLog"":-0.001011591747358201,""errorLog"":0.006893587759755061,""basketCumLog"":null,""beta"":0.4639,""marketPartLog"":null,""residualPartLog"":null,""marketShare"":null,""unexplainedShare"":null}","[""출발가 101,600원(2026-09-28) → 실제 100,800원(2026-09-29, 1거래일) -0.79% · 예측 중앙 101,497원 -0.10% · 오차 +0.69%(절대 오차율 0.69%, 허용 1.5%)"",""방향: 예측 하락(50%) · 실제 하락 → 정답 · 80% 띠 담김(폭 5.8%)"",""실제값 정정 이력 1건"",""실제 종가 관측 시각 2026-09-29T09:19:36.000Z(16:00 KST 이후 · 지연 관측)""]","[""선택 모형의 기대 누적 +0.05% = 절편 +0.07% + 자기 추세 -0.02% + 52종목 폭·평균 +0.00% · 실제 -0.79%"",""실제 방향과 반대로 기여한 항: F11 (모형 내부 설명 · 인과 아님)""]",[],"[""수급(외국인·기관·개인)·심리·과열·영향 시차·요인 중복·가중치는 이 셀에서 검증 자료 없음(실험 기록·시간순 검증에서만 판단)""]",[],"{""luckySuspect"":false,""reasonableProcess"":false,""luckyNote"":null,""reasonableNote"":null}","{""confirmedFacts"":[""출발가 101,600원(2026-09-28) → 실제 100,800원(2026-09-29, 1거래일) -0.79% · 예측 중앙 101,497원 -0.10% · 오차 +0.69%(절대 오차율 0.69%, 허용 1.5%)"",""방향: 예측 하락(50%) · 실제 하락 → 정답 · 80% 띠 담김(폭 5.8%)"",""실제값 정정 이력 1건"",""실제 종가 관측 시각 2026-09-29T09:19:36.000Z(16:00 KST 이후 · 지연 관측)""],""modelInternal"":[""선택 모형의 기대 누적 +0.05% = 절편 +0.07% + 자기 추세 -0.02% + 52종목 폭·평균 +0.00% · 실제 -0.79%"",""실제 방향과 반대로 기여한 항: F11 (모형 내부 설명 · 인과 아님)""],""causeHypotheses"":[],""unverified"":[""수급(외국인·기관·개인)·심리·과열·영향 시차·요인 중복·가중치는 이 셀에서 검증 자료 없음(실험 기록·시간순 검증에서만 판단)""]}"
analysis-94fc6a2acd6eaa67,analysis,2026-09-29,2026-09-29T09:19:36Z,,,"{""forecastId"":""2026-09-28-atlas11-90616c6bc916e8d6"",""modelVersion"":""atlas11-A-1""}",live,,,,,,,,,,,,,,029780,삼성카드,fin,2026-09-28-atlas11-90616c6bc916e8d6,atlas11-A-1,2026-09-28,2026-09-29,1,4,방향·크기 모두 틀림,false,false,false,1.9646036544170655,"{""realizedLog"":-0.019802627296179754,""predictedLog"":-0.0003470832223247104,""errorLog"":0.019455544073855045,""basketCumLog"":null,""beta"":0.3975,""marketPartLog"":null,""residualPartLog"":null,""marketShare"":null,""unexplainedShare"":null}","[""출발가 43,350원(2026-09-28) → 실제 42,500원(2026-09-29, 1거래일) -1.96% · 예측 중앙 43,335원 -0.03% · 오차 +1.96%(절대 오차율 1.96%, 허용 1.5%)"",""방향: 예측 상승(47%) · 실제 하락 → 오답 · 80% 띠 벗어남(폭 3.4%)"",""실제값 정정 이력 1건"",""실제 종가 관측 시각 2026-09-29T09:19:36.000Z(16:00 KST 이후 · 지연 관측)""]","[""선택 모형의 기대 누적 0.00% = 절편 0.00% + 자기 추세 0.00% + 52종목 폭·평균 0.00% · 실제 -1.96%""]","[{""category"":""변동성·범위"",""evidence"":""실제값이 80% 띠 밖(폭 3.4% · 실제 이동 -1.96%)"",""counterEvidence"":""80% 띠는 명목이며 개별 셀의 벗어남은 정상 범위일 수 있음(담김률로 판단)"",""strength"":""중""},{""category"":""자료 오류"",""evidence"":""실제값 정정 1건"",""counterEvidence"":""정정 뒤 값으로 채점됨"",""strength"":""약""}]","[""수급(외국인·기관·개인)·심리·과열·영향 시차·요인 중복·가중치는 이 셀에서 검증 자료 없음(실험 기록·시간순 검증에서만 판단)""]","[""변동성·범위"",""자료 오류""]","{""luckySuspect"":false,""reasonableProcess"":false,""luckyNote"":null,""reasonableNote"":null}","{""confirmedFacts"":[""출발가 43,350원(2026-09-28) → 실제 42,500원(2026-09-29, 1거래일) -1.96% · 예측 중앙 43,335원 -0.03% · 오차 +1.96%(절대 오차율 1.96%, 허용 1.5%)"",""방향: 예측 상승(47%) · 실제 하락 → 오답 · 80% 띠 벗어남(폭 3.4%)"",""실제값 정정 이력 1건"",""실제 종가 관측 시각 2026-09-29T09:19:36.000Z(16:00 KST 이후 · 지연 관측)""],""modelInternal"":[""선택 모형의 기대 누적 0.00% = 절편 0.00% + 자기 추세 0.00% + 52종목 폭·평균 0.00% · 실제 -1.96%""],""causeHypotheses"":[""변동성·범위"",""자료 오류""],""unverified"":[""수급(외국인·기관·개인)·심리·과열·영향 시차·요인 중복·가중치는 이 셀에서 검증 자료 없음(실험 기록·시간순 검증에서만 판단)""]}"
analysis-e717eed918dccbbe,analysis,2026-09-29,2026-09-29T09:19:36Z,,,"{""forecastId"":""2026-09-28-atlas11-90616c6bc916e8d6"",""modelVersion"":""atlas11-A-1""}",live,,,,,,,,,,,,,,002380,KCC,chem,2026-09-28-atlas11-90616c6bc916e8d6,atlas11-A-1,2026-09-28,2026-09-29,1,2,방향 맞고 크기 틀림,true,false,true,1.621451519990549,"{""realizedLog"":-0.01680711831638129,""predictedLog"":-0.0007226544385912116,""errorLog"":0.016084463877790077,""basketCumLog"":null,""beta"":1.4171,""marketPartLog"":null,""residualPartLog"":null,""marketShare"":null,""unexplainedShare"":null}","[""출발가 480,000원(2026-09-28) → 실제 472,000원(2026-09-29, 1거래일) -1.67% · 예측 중앙 479,653원 -0.07% · 오차 +1.62%(절대 오차율 1.62%, 허용 1.5%)"",""방향: 예측 하락(48%) · 실제 하락 → 정답 · 80% 띠 담김(폭 5.7%)"",""실제값 정정 이력 1건"",""실제 종가 관측 시각 2026-09-29T09:19:36.000Z(16:00 KST 이후 · 지연 관측)""]","[""선택 모형의 기대 누적 0.00% = 절편 0.00% + 자기 추세 0.00% + 52종목 폭·평균 0.00% · 실제 -1.67%""]","[{""category"":""자료 오류"",""evidence"":""실제값 정정 1건"",""counterEvidence"":""정정 뒤 값으로 채점됨"",""strength"":""약""}]","[""수급(외국인·기관·개인)·심리·과열·영향 시차·요인 중복·가중치는 이 셀에서 검증 자료 없음(실험 기록·시간순 검증에서만 판단)""]","[""자료 오류""]","{""luckySuspect"":false,""reasonableProcess"":false,""luckyNote"":null,""reasonableNote"":null}","{""confirmedFacts"":[""출발가 480,000원(2026-09-28) → 실제 472,000원(2026-09-29, 1거래일) -1.67% · 예측 중앙 479,653원 -0.07% · 오차 +1.62%(절대 오차율 1.62%, 허용 1.5%)"",""방향: 예측 하락(48%) · 실제 하락 → 정답 · 80% 띠 담김(폭 5.7%)"",""실제값 정정 이력 1건"",""실제 종가 관측 시각 2026-09-29T09:19:36.000Z(16:00 KST 이후 · 지연 관측)""],""modelInternal"":[""선택 모형의 기대 누적 0.00% = 절편 0.00% + 자기 추세 0.00% + 52종목 폭·평균 0.00% · 실제 -1.67%""],""causeHypotheses"":[""자료 오류""],""unverified"":[""수급(외국인·기관·개인)·심리·과열·영향 시차·요인 중복·가중치는 이 셀에서 검증 자료 없음(실험 기록·시간순 검증에서만 판단)""]}"
analysis-a86ee55b3ef96f9a,analysis,2026-09-29,2026-09-29T09:19:36Z,,,"{""forecastId"":""2026-09-28-atlas11-90616c6bc916e8d6"",""modelVersion"":""atlas11-A-1""}",live,,,,,,,,,,,,,,004170,신세계,cons,2026-09-28-atlas11-90616c6bc916e8d6,atlas11-A-1,2026-09-28,2026-09-29,1,2,방향 맞고 크기 틀림,true,false,true,1.7311838531885644,"{""realizedLog"":-0.01762160134981956,""predictedLog"":-0.00045790539178172505,""errorLog"":0.017163695958037833,""basketCumLog"":null,""beta"":0.9942,""marketPartLog"":null,""residualPartLog"":null,""marketShare"":null,""unexplainedShare"":null}","[""출발가 343,500원(2026-09-28) → 실제 337,500원(2026-09-29, 1거래일) -1.75% · 예측 중앙 343,343원 -0.05% · 오차 +1.73%(절대 오차율 1.73%, 허용 1.5%)"",""방향: 예측 하락(49%) · 실제 하락 → 정답 · 80% 띠 담김(폭 8.1%)"",""실제값 정정 이력 1건"",""실제 종가 관측 시각 2026-09-29T09:19:36.000Z(16:00 KST 이후 · 지연 관측)""]","[""선택 모형의 기대 누적 +0.14% = 절편 +0.12% + 자기 추세 +0.01% + 52종목 폭·평균 +0.01% · 실제 -1.75%"",""실제 방향과 반대로 기여한 항: F35, F11 (모형 내부 설명 · 인과 아님)""]","[{""category"":""자료 오류"",""evidence"":""실제값 정정 1건"",""counterEvidence"":""정정 뒤 값으로 채점됨"",""strength"":""약""}]","[""수급(외국인·기관·개인)·심리·과열·영향 시차·요인 중복·가중치는 이 셀에서 검증 자료 없음(실험 기록·시간순 검증에서만 판단)""]","[""자료 오류""]","{""luckySuspect"":false,""reasonableProcess"":false,""luckyNote"":null,""reasonableNote"":null}","{""confirmedFacts"":[""출발가 343,500원(2026-09-28) → 실제 337,500원(2026-09-29, 1거래일) -1.75% · 예측 중앙 343,343원 -0.05% · 오차 +1.73%(절대 오차율 1.73%, 허용 1.5%)"",""방향: 예측 하락(49%) · 실제 하락 → 정답 · 80% 띠 담김(폭 8.1%)"",""실제값 정정 이력 1건"",""실제 종가 관측 시각 2026-09-29T09:19:36.000Z(16:00 KST 이후 · 지연 관측)""],""modelInternal"":[""선택 모형의 기대 누적 +0.14% = 절편 +0.12% + 자기 추세 +0.01% + 52종목 폭·평균 +0.01% · 실제 -1.75%"",""실제 방향과 반대로 기여한 항: F35, F11 (모형 내부 설명 · 인과 아님)""],""causeHypotheses"":[""자료 오류""],""unverified"":[""수급(외국인·기관·개인)·심리·과열·영향 시차·요인 중복·가중치는 이 셀에서 검증 자료 없음(실험 기록·시간순 검증에서만 판단)""]}"
analysis-8f2319ffaeaf85c9,analysis,2026-09-29,2026-09-29T09:19:36Z,,,"{""forecastId"":""2026-09-28-atlas11-90616c6bc916e8d6"",""modelVersion"":""atlas11-A-1""}",live,,,,,,,,,,,,,,012750,에스원,util,2026-09-28-atlas11-90616c6bc916e8d6,atlas11-A-1,2026-09-28,2026-09-29,1,1,방향·크기 모두 맞음,true,true,true,0.6261499608632036,"{""realizedLog"":-0.006020487781583025,""predictedLog"":0.0002214900862432742,""errorLog"":0.006241977867826299,""basketCumLog"":null,""beta"":0.3469,""marketPartLog"":null,""residualPartLog"":null,""marketShare"":null,""unexplainedShare"":null}","[""출발가 83,300원(2026-09-28) → 실제 82,800원(2026-09-29, 1거래일) -0.60% · 예측 중앙 83,318원 +0.02% · 오차 +0.63%(절대 오차율 0.63%, 허용 1.5%)"",""방향: 예측 하락(48%) · 실제 하락 → 정답 · 80% 띠 담김(폭 5.1%)"",""실제값 정정 이력 1건"",""실제 종가 관측 시각 2026-09-29T09:19:36.000Z(16:00 KST 이후 · 지연 관측)""]","[""선택 모형의 기대 누적 0.00% = 절편 0.00% + 자기 추세 0.00% + 52종목 폭·평균 0.00% · 실제 -0.60%""]",[],"[""수급(외국인·기관·개인)·심리·과열·영향 시차·요인 중복·가중치는 이 셀에서 검증 자료 없음(실험 기록·시간순 검증에서만 판단)""]",[],"{""luckySuspect"":false,""reasonableProcess"":false,""luckyNote"":null,""reasonableNote"":null}","{""confirmedFacts"":[""출발가 83,300원(2026-09-28) → 실제 82,800원(2026-09-29, 1거래일) -0.60% · 예측 중앙 83,318원 +0.02% · 오차 +0.63%(절대 오차율 0.63%, 허용 1.5%)"",""방향: 예측 하락(48%) · 실제 하락 → 정답 · 80% 띠 담김(폭 5.1%)"",""실제값 정정 이력 1건"",""실제 종가 관측 시각 2026-09-29T09:19:36.000Z(16:00 KST 이후 · 지연 관측)""],""modelInternal"":[""선택 모형의 기대 누적 0.00% = 절편 0.00% + 자기 추세 0.00% + 52종목 폭·평균 0.00% · 실제 -0.60%""],""causeHypotheses"":[],""unverified"":[""수급(외국인·기관·개인)·심리·과열·영향 시차·요인 중복·가중치는 이 셀에서 검증 자료 없음(실험 기록·시간순 검증에서만 판단)""]}"
analysis-44aafc68c6a0f45f,analysis,2026-09-29,2026-09-29T09:19:36Z,,,"{""forecastId"":""2026-09-28-atlas11-90616c6bc916e8d6"",""modelVersion"":""atlas11-A-1""}",live,,,,,,,,,,,,,,111770,영원무역,cons,2026-09-28-atlas11-90616c6bc916e8d6,atlas11-A-1,2026-09-28,2026-09-29,1,1,방향·크기 모두 맞음,true,true,true,0.49547255567004855,"{""realizedLog"":-0.005617992304223261,""predictedLog"":-0.0006755010052427328,""errorLog"":0.004942491298980528,""basketCumLog"":null,""beta"":0.5629,""marketPartLog"":null,""residualPartLog"":null,""marketShare"":null,""unexplainedShare"":null}","[""출발가 71,400원(2026-09-28) → 실제 71,000원(2026-09-29, 1거래일) -0.56% · 예측 중앙 71,352원 -0.07% · 오차 +0.50%(절대 오차율 0.50%, 허용 1.5%)"",""방향: 예측 하락(49%) · 실제 하락 → 정답 · 80% 띠 담김(폭 5.3%)"",""실제값 정정 이력 1건"",""실제 종가 관측 시각 2026-09-29T09:19:36.000Z(16:00 KST 이후 · 지연 관측)""]","[""선택 모형의 기대 누적 -0.06% = 절편 +0.08% + 자기 추세 -0.22% + 52종목 폭·평균 +0.08% · 실제 -0.56%"",""실제 방향과 반대로 기여한 항: F11 (모형 내부 설명 · 인과 아님)""]",[],"[""수급(외국인·기관·개인)·심리·과열·영향 시차·요인 중복·가중치는 이 셀에서 검증 자료 없음(실험 기록·시간순 검증에서만 판단)""]",[],"{""luckySuspect"":false,""reasonableProcess"":false,""luckyNote"":null,""reasonableNote"":null}","{""confirmedFacts"":[""출발가 71,400원(2026-09-28) → 실제 71,000원(2026-09-29, 1거래일) -0.56% · 예측 중앙 71,352원 -0.07% · 오차 +0.50%(절대 오차율 0.50%, 허용 1.5%)"",""방향: 예측 하락(49%) · 실제 하락 → 정답 · 80% 띠 담김(폭 5.3%)"",""실제값 정정 이력 1건"",""실제 종가 관측 시각 2026-09-29T09:19:36.000Z(16:00 KST 이후 · 지연 관측)""],""modelInternal"":[""선택 모형의 기대 누적 -0.06% = 절편 +0.08% + 자기 추세 -0.22% + 52종목 폭·평균 +0.08% · 실제 -0.56%"",""실제 방향과 반대로 기여한 항: F11 (모형 내부 설명 · 인과 아님)""],""causeHypotheses"":[],""unverified"":[""수급(외국인·기관·개인)·심리·과열·영향 시차·요인 중복·가중치는 이 셀에서 검증 자료 없음(실험 기록·시간순 검증에서만 판단)""]}"
analysis-26be70367a638f45,analysis,2026-09-29,2026-09-29T09:19:36Z,,,"{""forecastId"":""2026-09-28-atlas11-90616c6bc916e8d6"",""modelVersion"":""atlas11-A-1""}",live,,,,,,,,,,,,,,035250,강원랜드,cons,2026-09-28-atlas11-90616c6bc916e8d6,atlas11-A-1,2026-09-28,2026-09-29,1,3,크기 허용·방향 틀림,false,true,true,0.4472027014093558,"{""realizedLog"":-0.0041608936591646705,""predictedLog"":0.00030116355454857423,""errorLog"":0.004462057213713244,""basketCumLog"":null,""beta"":0.3952,""marketPartLog"":null,""residualPartLog"":null,""marketShare"":null,""unexplainedShare"":null}","[""출발가 14,450원(2026-09-28) → 실제 14,390원(2026-09-29, 1거래일) -0.42% · 예측 중앙 14,454원 +0.03% · 오차 +0.45%(절대 오차율 0.45%, 허용 1.5%)"",""방향: 예측 상승(48%) · 실제 하락 → 오답 · 80% 띠 담김(폭 2.7%)"",""실제값 정정 이력 1건"",""실제 종가 관측 시각 2026-09-29T09:19:36.000Z(16:00 KST 이후 · 지연 관측)""]","[""선택 모형의 기대 누적 +0.03% = 절편 -0.00% + 자기 추세 -0.05% + 52종목 폭·평균 +0.08% · 실제 -0.42%"",""실제 방향과 반대로 기여한 항: F11 (모형 내부 설명 · 인과 아님)""]","[{""category"":""자료 오류"",""evidence"":""실제값 정정 1건"",""counterEvidence"":""정정 뒤 값으로 채점됨"",""strength"":""약""}]","[""수급(외국인·기관·개인)·심리·과열·영향 시차·요인 중복·가중치는 이 셀에서 검증 자료 없음(실험 기록·시간순 검증에서만 판단)""]","[""자료 오류""]","{""luckySuspect"":false,""reasonableProcess"":true,""luckyNote"":null,""reasonableNote"":""방향은 틀렸지만 실제값이 모형 80% 띠 안 → 판단 과정은 분포 안""}","{""confirmedFacts"":[""출발가 14,450원(2026-09-28) → 실제 14,390원(2026-09-29, 1거래일) -0.42% · 예측 중앙 14,454원 +0.03% · 오차 +0.45%(절대 오차율 0.45%, 허용 1.5%)"",""방향: 예측 상승(48%) · 실제 하락 → 오답 · 80% 띠 담김(폭 2.7%)"",""실제값 정정 이력 1건"",""실제 종가 관측 시각 2026-09-29T09:19:36.000Z(16:00 KST 이후 · 지연 관측)""],""modelInternal"":[""선택 모형의 기대 누적 +0.03% = 절편 -0.00% + 자기 추세 -0.05% + 52종목 폭·평균 +0.08% · 실제 -0.42%"",""실제 방향과 반대로 기여한 항: F11 (모형 내부 설명 · 인과 아님)""],""causeHypotheses"":[""자료 오류""],""unverified"":[""수급(외국인·기관·개인)·심리·과열·영향 시차·요인 중복·가중치는 이 셀에서 검증 자료 없음(실험 기록·시간순 검증에서만 판단)""]}"
analysis-3b4170a6a194fa85,analysis,2026-09-29,2026-09-29T09:19:36Z,,,"{""forecastId"":""2026-09-28-atlas11-90616c6bc916e8d6"",""modelVersion"":""atlas11-A-1""}",live,,,,,,,,,,,,,,226950,올릭스,bio,2026-09-28-atlas11-90616c6bc916e8d6,atlas11-A-1,2026-09-28,2026-09-29,1,1,방향·크기 모두 맞음,true,true,true,1.1922519628425048,"{""realizedLog"":-0.015444322427473631,""predictedLog"":-0.003592316125182199,""errorLog"":0.011852006302291431,""basketCumLog"":null,""beta"":1.3719,""marketPartLog"":null,""residualPartLog"":null,""marketShare"":null,""unexplainedShare"":null}","[""출발가 104,400원(2026-09-28) → 실제 102,800원(2026-09-29, 1거래일) -1.53% · 예측 중앙 104,026원 -0.36% · 오차 +1.19%(절대 오차율 1.19%, 허용 1.5%)"",""방향: 예측 하락(54%) · 실제 하락 → 정답 · 80% 띠 담김(폭 14.1%)"",""실제값 정정 이력 1건"",""실제 종가 관측 시각 2026-09-29T09:19:36.000Z(16:00 KST 이후 · 지연 관측)""]","[""선택 모형의 기대 누적 0.00% = 절편 0.00% + 자기 추세 0.00% + 52종목 폭·평균 0.00% · 실제 -1.53%""]",[],"[""수급(외국인·기관·개인)·심리·과열·영향 시차·요인 중복·가중치는 이 셀에서 검증 자료 없음(실험 기록·시간순 검증에서만 판단)""]",[],"{""luckySuspect"":false,""reasonableProcess"":false,""luckyNote"":null,""reasonableNote"":null}","{""confirmedFacts"":[""출발가 104,400원(2026-09-28) → 실제 102,800원(2026-09-29, 1거래일) -1.53% · 예측 중앙 104,026원 -0.36% · 오차 +1.19%(절대 오차율 1.19%, 허용 1.5%)"",""방향: 예측 하락(54%) · 실제 하락 → 정답 · 80% 띠 담김(폭 14.1%)"",""실제값 정정 이력 1건"",""실제 종가 관측 시각 2026-09-29T09:19:36.000Z(16:00 KST 이후 · 지연 관측)""],""modelInternal"":[""선택 모형의 기대 누적 0.00% = 절편 0.00% + 자기 추세 0.00% + 52종목 폭·평균 0.00% · 실제 -1.53%""],""causeHypotheses"":[],""unverified"":[""수급(외국인·기관·개인)·심리·과열·영향 시차·요인 중복·가중치는 이 셀에서 검증 자료 없음(실험 기록·시간순 검증에서만 판단)""]}"
analysis-ca5f3df052d261ad,analysis,2026-09-29,2026-09-29T09:19:36Z,,,"{""forecastId"":""2026-09-28-atlas11-90616c6bc916e8d6"",""modelVersion"":""atlas11-A-1""}",live,,,,,,,,,,,,,,030000,제일기획,net,2026-09-28-atlas11-90616c6bc916e8d6,atlas11-A-1,2026-09-28,2026-09-29,1,1,방향·크기 모두 맞음,true,true,true,0.2459602144136795,"{""realizedLog"":0.002803478146782795,""predictedLog"":0.00034084621221981194,""errorLog"":-0.0024626319345629833,""basketCumLog"":null,""beta"":0.3386,""marketPartLog"":null,""residualPartLog"":null,""marketShare"":null,""unexplainedShare"":null}","[""출발가 17,810원(2026-09-28) → 실제 17,860원(2026-09-29, 1거래일) +0.28% · 예측 중앙 17,816원 +0.03% · 오차 -0.25%(절대 오차율 0.25%, 허용 1.5%)"",""방향: 예측 상승(48%) · 실제 상승 → 정답 · 80% 띠 담김(폭 3.2%)"",""실제값 정정 이력 1건"",""실제 종가 관측 시각 2026-09-29T09:19:36.000Z(16:00 KST 이후 · 지연 관측)""]","[""선택 모형의 기대 누적 0.00% = 절편 0.00% + 자기 추세 0.00% + 52종목 폭·평균 0.00% · 실제 +0.28%""]",[],"[""수급(외국인·기관·개인)·심리·과열·영향 시차·요인 중복·가중치는 이 셀에서 검증 자료 없음(실험 기록·시간순 검증에서만 판단)""]",[],"{""luckySuspect"":false,""reasonableProcess"":false,""luckyNote"":null,""reasonableNote"":null}","{""confirmedFacts"":[""출발가 17,810원(2026-09-28) → 실제 17,860원(2026-09-29, 1거래일) +0.28% · 예측 중앙 17,816원 +0.03% · 오차 -0.25%(절대 오차율 0.25%, 허용 1.5%)"",""방향: 예측 상승(48%) · 실제 상승 → 정답 · 80% 띠 담김(폭 3.2%)"",""실제값 정정 이력 1건"",""실제 종가 관측 시각 2026-09-29T09:19:36.000Z(16:00 KST 이후 · 지연 관측)""],""modelInternal"":[""선택 모형의 기대 누적 0.00% = 절편 0.00% + 자기 추세 0.00% + 52종목 폭·평균 0.00% · 실제 +0.28%""],""causeHypotheses"":[],""unverified"":[""수급(외국인·기관·개인)·심리·과열·영향 시차·요인 중복·가중치는 이 셀에서 검증 자료 없음(실험 기록·시간순 검증에서만 판단)""]}"
analysis-9a07779ca273b109,analysis,2026-09-29,2026-09-29T09:19:36Z,,,"{""forecastId"":""2026-09-28-atlas11-27e1f65cfc167be9"",""modelVersion"":""atlas11-A-1""}",live,,,,,,,,,,,,,,373220,LG에너지솔루션,chem,2026-09-28-atlas11-27e1f65cfc167be9,atlas11-A-1,2026-09-28,2026-09-29,1,2,방향 맞고 크기 틀림,true,false,true,3.0848680527437224,"{""realizedLog"":-0.030685810703443898,""predictedLog"":-0.00030338605484779655,""errorLog"":0.030382424648596102,""basketCumLog"":null,""beta"":1.0327,""marketPartLog"":null,""residualPartLog"":null,""marketShare"":null,""unexplainedShare"":null}","[""출발가 364,000원(2026-09-28) → 실제 353,000원(2026-09-29, 1거래일) -3.02% · 예측 중앙 363,890원 -0.03% · 오차 +3.08%(절대 오차율 3.08%, 허용 1.5%)"",""방향: 예측 하락(49%) · 실제 하락 → 정답 · 80% 띠 담김(폭 7.6%)"",""실제값 정정 이력 1건"",""실제 종가 관측 시각 2026-09-29T09:19:36.000Z(16:00 KST 이후 · 지연 관측)""]","[""선택 모형의 기대 누적 0.00% = 절편 0.00% + 자기 추세 0.00% + 52종목 폭·평균 0.00% · 실제 -3.02%""]","[{""category"":""자료 오류"",""evidence"":""실제값 정정 1건"",""counterEvidence"":""정정 뒤 값으로 채점됨"",""strength"":""약""}]","[""수급(외국인·기관·개인)·심리·과열·영향 시차·요인 중복·가중치는 이 셀에서 검증 자료 없음(실험 기록·시간순 검증에서만 판단)""]","[""자료 오류""]","{""luckySuspect"":false,""reasonableProcess"":false,""luckyNote"":null,""reasonableNote"":null}","{""confirmedFacts"":[""출발가 364,000원(2026-09-28) → 실제 353,000원(2026-09-29, 1거래일) -3.02% · 예측 중앙 363,890원 -0.03% · 오차 +3.08%(절대 오차율 3.08%, 허용 1.5%)"",""방향: 예측 하락(49%) · 실제 하락 → 정답 · 80% 띠 담김(폭 7.6%)"",""실제값 정정 이력 1건"",""실제 종가 관측 시각 2026-09-29T09:19:36.000Z(16:00 KST 이후 · 지연 관측)""],""modelInternal"":[""선택 모형의 기대 누적 0.00% = 절편 0.00% + 자기 추세 0.00% + 52종목 폭·평균 0.00% · 실제 -3.02%""],""causeHypotheses"":[""자료 오류""],""unverified"":[""수급(외국인·기관·개인)·심리·과열·영향 시차·요인 중복·가중치는 이 셀에서 검증 자료 없음(실험 기록·시간순 검증에서만 판단)""]}"
analysis-3aa1846735f477ad,analysis,2026-09-29,2026-09-29T09:19:36Z,,,"{""forecastId"":""2026-09-28-atlas11-27e1f65cfc167be9"",""modelVersion"":""atlas11-A-1""}",live,,,,,,,,,,,,,,028260,삼성물산,util,2026-09-28-atlas11-27e1f65cfc167be9,atlas11-A-1,2026-09-28,2026-09-29,1,3,크기 허용·방향 틀림,false,true,true,0.44500138429578123,"{""realizedLog"":0.0028901754222334236,""predictedLog"":-0.0015697692046944297,""errorLog"":-0.004459944626927854,""basketCumLog"":null,""beta"":1.413,""marketPartLog"":null,""residualPartLog"":null,""marketShare"":null,""unexplainedShare"":null}","[""출발가 345,500원(2026-09-28) → 실제 346,500원(2026-09-29, 1거래일) +0.29% · 예측 중앙 344,958원 -0.16% · 오차 -0.45%(절대 오차율 0.45%, 허용 1.5%)"",""방향: 예측 하락(51%) · 실제 상승 → 오답 · 80% 띠 담김(폭 7.3%)"",""기간 안 확인된 일정 1건(기업 1 · 중요 1): 삼성물산 패션 브랜드 앙개 성수 팝업 개점 — 수치 영향은 미산출"",""실제값 정정 이력 1건"",""실제 종가 관측 시각 2026-09-29T09:19:36.000Z(16:00 KST 이후 · 지연 관측)""]","[""선택 모형의 기대 누적 0.00% = 절편 0.00% + 자기 추세 0.00% + 52종목 폭·평균 0.00% · 실제 +0.29%""]","[{""category"":""기업 사건"",""evidence"":""기간 안 기업 일정 삼성물산 패션 브랜드 앙개 성수 팝업 개점"",""counterEvidence"":""일정 확인만 · 결과·가격 반응·수치 영향 미산출 → 인과 단정 불가"",""strength"":""약""},{""category"":""자료 오류"",""evidence"":""실제값 정정 1건"",""counterEvidence"":""정정 뒤 값으로 채점됨"",""strength"":""약""}]","[""수급(외국인·기관·개인)·심리·과열·영향 시차·요인 중복·가중치는 이 셀에서 검증 자료 없음(실험 기록·시간순 검증에서만 판단)""]","[""기업 사건"",""자료 오류""]","{""luckySuspect"":false,""reasonableProcess"":true,""luckyNote"":null,""reasonableNote"":""방향은 틀렸지만 실제값이 모형 80% 띠 안 → 판단 과정은 분포 안""}","{""confirmedFacts"":[""출발가 345,500원(2026-09-28) → 실제 346,500원(2026-09-29, 1거래일) +0.29% · 예측 중앙 344,958원 -0.16% · 오차 -0.45%(절대 오차율 0.45%, 허용 1.5%)"",""방향: 예측 하락(51%) · 실제 상승 → 오답 · 80% 띠 담김(폭 7.3%)"",""기간 안 확인된 일정 1건(기업 1 · 중요 1): 삼성물산 패션 브랜드 앙개 성수 팝업 개점 — 수치 영향은 미산출"",""실제값 정정 이력 1건"",""실제 종가 관측 시각 2026-09-29T09:19:36.000Z(16:00 KST 이후 · 지연 관측)""],""modelInternal"":[""선택 모형의 기대 누적 0.00% = 절편 0.00% + 자기 추세 0.00% + 52종목 폭·평균 0.00% · 실제 +0.29%""],""causeHypotheses"":[""기업 사건"",""자료 오류""],""unverified"":[""수급(외국인·기관·개인)·심리·과열·영향 시차·요인 중복·가중치는 이 셀에서 검증 자료 없음(실험 기록·시간순 검증에서만 판단)""]}"
analysis-25743a5317513d88,analysis,2026-09-29,2026-09-29T09:19:36Z,,,"{""forecastId"":""2026-09-28-atlas11-27e1f65cfc167be9"",""modelVersion"":""atlas11-A-1""}",live,,,,,,,,,,,,,,032830,삼성생명보험,fin,2026-09-28-atlas11-27e1f65cfc167be9,atlas11-A-1,2026-09-28,2026-09-29,1,2,방향 맞고 크기 틀림,true,false,true,1.8083612771345527,"{""realizedLog"":-0.0187558780320944,""predictedLog"":-0.000833828923613086,""errorLog"":0.017922049108481313,""basketCumLog"":null,""beta"":1.2564,""marketPartLog"":null,""residualPartLog"":null,""marketShare"":null,""unexplainedShare"":null}","[""출발가 296,000원(2026-09-28) → 실제 290,500원(2026-09-29, 1거래일) -1.86% · 예측 중앙 295,753원 -0.08% · 오차 +1.81%(절대 오차율 1.81%, 허용 1.5%)"",""방향: 예측 하락(50%) · 실제 하락 → 정답 · 80% 띠 담김(폭 6.0%)"",""실제값 정정 이력 1건"",""실제 종가 관측 시각 2026-09-29T09:19:36.000Z(16:00 KST 이후 · 지연 관측)""]","[""선택 모형의 기대 누적 +0.11% = 절편 +0.15% + 자기 추세 -0.04% + 52종목 폭·평균 -0.00% · 실제 -1.86%""]","[{""category"":""자료 오류"",""evidence"":""실제값 정정 1건"",""counterEvidence"":""정정 뒤 값으로 채점됨"",""strength"":""약""}]","[""수급(외국인·기관·개인)·심리·과열·영향 시차·요인 중복·가중치는 이 셀에서 검증 자료 없음(실험 기록·시간순 검증에서만 판단)""]","[""자료 오류""]","{""luckySuspect"":false,""reasonableProcess"":false,""luckyNote"":null,""reasonableNote"":null}","{""confirmedFacts"":[""출발가 296,000원(2026-09-28) → 실제 290,500원(2026-09-29, 1거래일) -1.86% · 예측 중앙 295,753원 -0.08% · 오차 +1.81%(절대 오차율 1.81%, 허용 1.5%)"",""방향: 예측 하락(50%) · 실제 하락 → 정답 · 80% 띠 담김(폭 6.0%)"",""실제값 정정 이력 1건"",""실제 종가 관측 시각 2026-09-29T09:19:36.000Z(16:00 KST 이후 · 지연 관측)""],""modelInternal"":[""선택 모형의 기대 누적 +0.11% = 절편 +0.15% + 자기 추세 -0.04% + 52종목 폭·평균 -0.00% · 실제 -1.86%""],""causeHypotheses"":[""자료 오류""],""unverified"":[""수급(외국인·기관·개인)·심리·과열·영향 시차·요인 중복·가중치는 이 셀에서 검증 자료 없음(실험 기록·시간순 검증에서만 판단)""]}"
analysis-f8c014ff49aecce7,analysis,2026-09-29,2026-09-29T09:19:36Z,,,"{""forecastId"":""2026-09-28-atlas11-27e1f65cfc167be9"",""modelVersion"":""atlas11-A-1""}",live,,,,,,,,,,,,,,034730,SK,util,2026-09-28-atlas11-27e1f65cfc167be9,atlas11-A-1,2026-09-28,2026-09-29,1,3,크기 허용·방향 틀림,false,true,true,1.2205226843657166,"{""realizedLog"":0.010327114155849524,""predictedLog"":-0.0019532081324840577,""errorLog"":-0.012280322288333582,""basketCumLog"":null,""beta"":1.3807,""marketPartLog"":null,""residualPartLog"":null,""marketShare"":null,""unexplainedShare"":null}","[""출발가 578,000원(2026-09-28) → 실제 584,000원(2026-09-29, 1거래일) +1.04% · 예측 중앙 576,872원 -0.20% · 오차 -1.22%(절대 오차율 1.22%, 허용 1.5%)"",""방향: 예측 하락(51%) · 실제 상승 → 오답 · 80% 띠 담김(폭 9.3%)"",""실제값 정정 이력 1건"",""실제 종가 관측 시각 2026-09-29T09:19:36.000Z(16:00 KST 이후 · 지연 관측)""]","[""선택 모형의 기대 누적 0.00% = 절편 0.00% + 자기 추세 0.00% + 52종목 폭·평균 0.00% · 실제 +1.04%""]","[{""category"":""자료 오류"",""evidence"":""실제값 정정 1건"",""counterEvidence"":""정정 뒤 값으로 채점됨"",""strength"":""약""}]","[""수급(외국인·기관·개인)·심리·과열·영향 시차·요인 중복·가중치는 이 셀에서 검증 자료 없음(실험 기록·시간순 검증에서만 판단)""]","[""자료 오류""]","{""luckySuspect"":false,""reasonableProcess"":true,""luckyNote"":null,""reasonableNote"":""방향은 틀렸지만 실제값이 모형 80% 띠 안 → 판단 과정은 분포 안""}","{""confirmedFacts"":[""출발가 578,000원(2026-09-28) → 실제 584,000원(2026-09-29, 1거래일) +1.04% · 예측 중앙 576,872원 -0.20% · 오차 -1.22%(절대 오차율 1.22%, 허용 1.5%)"",""방향: 예측 하락(51%) · 실제 상승 → 오답 · 80% 띠 담김(폭 9.3%)"",""실제값 정정 이력 1건"",""실제 종가 관측 시각 2026-09-29T09:19:36.000Z(16:00 KST 이후 · 지연 관측)""],""modelInternal"":[""선택 모형의 기대 누적 0.00% = 절편 0.00% + 자기 추세 0.00% + 52종목 폭·평균 0.00% · 실제 +1.04%""],""causeHypotheses"":[""자료 오류""],""unverified"":[""수급(외국인·기관·개인)·심리·과열·영향 시차·요인 중복·가중치는 이 셀에서 검증 자료 없음(실험 기록·시간순 검증에서만 판단)""]}"
analysis-d3ff7a2b91dbde73,analysis,2026-09-29,2026-09-29T09:19:36Z,,,"{""forecastId"":""2026-09-28-atlas11-27e1f65cfc167be9"",""modelVersion"":""atlas11-A-1""}",live,,,,,,,,,,,,,,010120,LS ELECTRIC,heavy,2026-09-28-atlas11-27e1f65cfc167be9,atlas11-A-1,2026-09-28,2026-09-29,1,3,크기 허용·방향 틀림,false,true,true,1.060915309544955,"{""realizedLog"":0.007308193306724622,""predictedLog"":-0.003357638082317816,""errorLog"":-0.010665831389042438,""basketCumLog"":null,""beta"":1.6948,""marketPartLog"":null,""residualPartLog"":null,""marketShare"":null,""unexplainedShare"":null}","[""출발가 204,500원(2026-09-28) → 실제 206,000원(2026-09-29, 1거래일) +0.73% · 예측 중앙 203,815원 -0.34% · 오차 -1.06%(절대 오차율 1.06%, 허용 1.5%)"",""방향: 예측 하락(53%) · 실제 상승 → 오답 · 80% 띠 담김(폭 9.6%)"",""실제값 정정 이력 1건"",""실제 종가 관측 시각 2026-09-29T09:19:36.000Z(16:00 KST 이후 · 지연 관측)""]","[""선택 모형의 기대 누적 0.00% = 절편 0.00% + 자기 추세 0.00% + 52종목 폭·평균 0.00% · 실제 +0.73%""]","[{""category"":""자료 오류"",""evidence"":""실제값 정정 1건"",""counterEvidence"":""정정 뒤 값으로 채점됨"",""strength"":""약""}]","[""수급(외국인·기관·개인)·심리·과열·영향 시차·요인 중복·가중치는 이 셀에서 검증 자료 없음(실험 기록·시간순 검증에서만 판단)""]","[""자료 오류""]","{""luckySuspect"":false,""reasonableProcess"":true,""luckyNote"":null,""reasonableNote"":""방향은 틀렸지만 실제값이 모형 80% 띠 안 → 판단 과정은 분포 안""}","{""confirmedFacts"":[""출발가 204,500원(2026-09-28) → 실제 206,000원(2026-09-29, 1거래일) +0.73% · 예측 중앙 203,815원 -0.34% · 오차 -1.06%(절대 오차율 1.06%, 허용 1.5%)"",""방향: 예측 하락(53%) · 실제 상승 → 오답 · 80% 띠 담김(폭 9.6%)"",""실제값 정정 이력 1건"",""실제 종가 관측 시각 2026-09-29T09:19:36.000Z(16:00 KST 이후 · 지연 관측)""],""modelInternal"":[""선택 모형의 기대 누적 0.00% = 절편 0.00% + 자기 추세 0.00% + 52종목 폭·평균 0.00% · 실제 +0.73%""],""causeHypotheses"":[""자료 오류""],""unverified"":[""수급(외국인·기관·개인)·심리·과열·영향 시차·요인 중복·가중치는 이 셀에서 검증 자료 없음(실험 기록·시간순 검증에서만 판단)""]}"
analysis-709b4076c61e55b5,analysis,2026-09-29,2026-09-29T09:19:36Z,,,"{""forecastId"":""2026-09-28-atlas11-27e1f65cfc167be9"",""modelVersion"":""atlas11-A-1""}",live,,,,,,,,,,,,,,000810,삼성화재,fin,2026-09-28-atlas11-27e1f65cfc167be9,atlas11-A-1,2026-09-28,2026-09-29,1,1,방향·크기 모두 맞음,true,true,true,1.0439401944445312,"{""realizedLog"":-0.012176710575255231,""predictedLog"":-0.0017914228993783391,""errorLog"":0.010385287675876893,""basketCumLog"":null,""beta"":0.8304,""marketPartLog"":null,""residualPartLog"":null,""marketShare"":null,""unexplainedShare"":null}","[""출발가 661,000원(2026-09-28) → 실제 653,000원(2026-09-29, 1거래일) -1.21% · 예측 중앙 659,817원 -0.18% · 오차 +1.04%(절대 오차율 1.04%, 허용 1.5%)"",""방향: 예측 하락(52%) · 실제 하락 → 정답 · 80% 띠 담김(폭 5.3%)"",""실제값 정정 이력 1건"",""실제 종가 관측 시각 2026-09-29T09:19:36.000Z(16:00 KST 이후 · 지연 관측)""]","[""선택 모형의 기대 누적 0.00% = 절편 0.00% + 자기 추세 0.00% + 52종목 폭·평균 0.00% · 실제 -1.21%""]",[],"[""수급(외국인·기관·개인)·심리·과열·영향 시차·요인 중복·가중치는 이 셀에서 검증 자료 없음(실험 기록·시간순 검증에서만 판단)""]",[],"{""luckySuspect"":false,""reasonableProcess"":false,""luckyNote"":null,""reasonableNote"":null}","{""confirmedFacts"":[""출발가 661,000원(2026-09-28) → 실제 653,000원(2026-09-29, 1거래일) -1.21% · 예측 중앙 659,817원 -0.18% · 오차 +1.04%(절대 오차율 1.04%, 허용 1.5%)"",""방향: 예측 하락(52%) · 실제 하락 → 정답 · 80% 띠 담김(폭 5.3%)"",""실제값 정정 이력 1건"",""실제 종가 관측 시각 2026-09-29T09:19:36.000Z(16:00 KST 이후 · 지연 관측)""],""modelInternal"":[""선택 모형의 기대 누적 0.00% = 절편 0.00% + 자기 추세 0.00% + 52종목 폭·평균 0.00% · 실제 -1.21%""],""causeHypotheses"":[],""unverified"":[""수급(외국인·기관·개인)·심리·과열·영향 시차·요인 중복·가중치는 이 셀에서 검증 자료 없음(실험 기록·시간순 검증에서만 판단)""]}"
analysis-4c0d461c9c9972d2,analysis,2026-09-29,2026-09-29T09:19:36Z,,,"{""forecastId"":""2026-09-28-atlas11-27e1f65cfc167be9"",""modelVersion"":""atlas11-A-1""}",live,,,,,,,,,,,,,,010130,고려아연,chem,2026-09-28-atlas11-27e1f65cfc167be9,atlas11-A-1,2026-09-28,2026-09-29,1,2,방향 맞고 크기 틀림,true,false,true,2.7076206595510044,"{""realizedLog"":-0.02946806225690798,""predictedLog"":-0.002751930951901879,""errorLog"":0.0267161313050061,""basketCumLog"":null,""beta"":1.3237,""marketPartLog"":null,""residualPartLog"":null,""marketShare"":null,""unexplainedShare"":null}","[""출발가 1,102,000원(2026-09-28) → 실제 1,070,000원(2026-09-29, 1거래일) -2.90% · 예측 중앙 1,098,972원 -0.27% · 오차 +2.71%(절대 오차율 2.71%, 허용 1.5%)"",""방향: 예측 하락(54%) · 실제 하락 → 정답 · 80% 띠 담김(폭 8.6%)"",""실제값 정정 이력 1건"",""실제 종가 관측 시각 2026-09-29T09:19:36.000Z(16:00 KST 이후 · 지연 관측)""]","[""선택 모형의 기대 누적 0.00% = 절편 0.00% + 자기 추세 0.00% + 52종목 폭·평균 0.00% · 실제 -2.90%""]","[{""category"":""자료 오류"",""evidence"":""실제값 정정 1건"",""counterEvidence"":""정정 뒤 값으로 채점됨"",""strength"":""약""}]","[""수급(외국인·기관·개인)·심리·과열·영향 시차·요인 중복·가중치는 이 셀에서 검증 자료 없음(실험 기록·시간순 검증에서만 판단)""]","[""자료 오류""]","{""luckySuspect"":false,""reasonableProcess"":false,""luckyNote"":null,""reasonableNote"":null}","{""confirmedFacts"":[""출발가 1,102,000원(2026-09-28) → 실제 1,070,000원(2026-09-29, 1거래일) -2.90% · 예측 중앙 1,098,972원 -0.27% · 오차 +2.71%(절대 오차율 2.71%, 허용 1.5%)"",""방향: 예측 하락(54%) · 실제 하락 → 정답 · 80% 띠 담김(폭 8.6%)"",""실제값 정정 이력 1건"",""실제 종가 관측 시각 2026-09-29T09:19:36.000Z(16:00 KST 이후 · 지연 관측)""],""modelInternal"":[""선택 모형의 기대 누적 0.00% = 절편 0.00% + 자기 추세 0.00% + 52종목 폭·평균 0.00% · 실제 -2.90%""],""causeHypotheses"":[""자료 오류""],""unverified"":[""수급(외국인·기관·개인)·심리·과열·영향 시차·요인 중복·가중치는 이 셀에서 검증 자료 없음(실험 기록·시간순 검증에서만 판단)""]}"
analysis-1e1224a57ad13aa3,analysis,2026-09-29,2026-09-29T09:19:36Z,,,"{""forecastId"":""2026-09-28-atlas11-27e1f65cfc167be9"",""modelVersion"":""atlas11-A-1""}",live,,,,,,,,,,,,,,138040,메리츠금융지주,fin,2026-09-28-atlas11-27e1f65cfc167be9,atlas11-A-1,2026-09-28,2026-09-29,1,1,방향·크기 모두 맞음,true,true,true,0.3537789003832506,"{""realizedLog"":-0.008280062360613365,""predictedLog"":-0.004748516611752403,""errorLog"":0.0035315457488609625,""basketCumLog"":null,""beta"":0.6414,""marketPartLog"":null,""residualPartLog"":null,""marketShare"":null,""unexplainedShare"":null}","[""출발가 133,400원(2026-09-28) → 실제 132,300원(2026-09-29, 1거래일) -0.82% · 예측 중앙 132,768원 -0.47% · 오차 +0.35%(절대 오차율 0.35%, 허용 1.5%)"",""방향: 예측 하락(57%) · 실제 하락 → 정답 · 80% 띠 담김(폭 5.7%)"",""실제값 정정 이력 1건"",""실제 종가 관측 시각 2026-09-29T09:19:36.000Z(16:00 KST 이후 · 지연 관측)""]","[""선택 모형의 기대 누적 -0.25% = 절편 +0.04% + 자기 추세 -0.31% + 52종목 폭·평균 +0.02% · 실제 -0.82%"",""실제 방향과 반대로 기여한 항: F11 (모형 내부 설명 · 인과 아님)""]",[],"[""수급(외국인·기관·개인)·심리·과열·영향 시차·요인 중복·가중치는 이 셀에서 검증 자료 없음(실험 기록·시간순 검증에서만 판단)""]",[],"{""luckySuspect"":false,""reasonableProcess"":false,""luckyNote"":null,""reasonableNote"":null}","{""confirmedFacts"":[""출발가 133,400원(2026-09-28) → 실제 132,300원(2026-09-29, 1거래일) -0.82% · 예측 중앙 132,768원 -0.47% · 오차 +0.35%(절대 오차율 0.35%, 허용 1.5%)"",""방향: 예측 하락(57%) · 실제 하락 → 정답 · 80% 띠 담김(폭 5.7%)"",""실제값 정정 이력 1건"",""실제 종가 관측 시각 2026-09-29T09:19:36.000Z(16:00 KST 이후 · 지연 관측)""],""modelInternal"":[""선택 모형의 기대 누적 -0.25% = 절편 +0.04% + 자기 추세 -0.31% + 52종목 폭·평균 +0.02% · 실제 -0.82%"",""실제 방향과 반대로 기여한 항: F11 (모형 내부 설명 · 인과 아님)""],""causeHypotheses"":[],""unverified"":[""수급(외국인·기관·개인)·심리·과열·영향 시차·요인 중복·가중치는 이 셀에서 검증 자료 없음(실험 기록·시간순 검증에서만 판단)""]}"
analysis-b0ce412317ed7abc,analysis,2026-09-29,2026-09-29T09:19:36Z,,,"{""forecastId"":""2026-09-28-atlas11-27e1f65cfc167be9"",""modelVersion"":""atlas11-A-1""}",live,,,,,,,,,,,,,,011200,HMM,auto,2026-09-28-atlas11-27e1f65cfc167be9,atlas11-A-1,2026-09-28,2026-09-29,1,2,방향 맞고 크기 틀림,true,false,true,1.6385230958580754,"{""realizedLog"":-0.016607736399660525,""predictedLog"":-0.00035529477868780936,""errorLog"":0.016252441620972717,""basketCumLog"":null,""beta"":0.6513,""marketPartLog"":null,""residualPartLog"":null,""marketShare"":null,""unexplainedShare"":null}","[""출발가 21,250원(2026-09-28) → 실제 20,900원(2026-09-29, 1거래일) -1.65% · 예측 중앙 21,242원 -0.04% · 오차 +1.64%(절대 오차율 1.64%, 허용 1.5%)"",""방향: 예측 하락(49%) · 실제 하락 → 정답 · 80% 띠 담김(폭 5.0%)"",""실제값 정정 이력 1건"",""실제 종가 관측 시각 2026-09-29T09:19:36.000Z(16:00 KST 이후 · 지연 관측)""]","[""선택 모형의 기대 누적 0.00% = 절편 0.00% + 자기 추세 0.00% + 52종목 폭·평균 0.00% · 실제 -1.65%""]","[{""category"":""자료 오류"",""evidence"":""실제값 정정 1건"",""counterEvidence"":""정정 뒤 값으로 채점됨"",""strength"":""약""}]","[""수급(외국인·기관·개인)·심리·과열·영향 시차·요인 중복·가중치는 이 셀에서 검증 자료 없음(실험 기록·시간순 검증에서만 판단)""]","[""자료 오류""]","{""luckySuspect"":false,""reasonableProcess"":false,""luckyNote"":null,""reasonableNote"":null}","{""confirmedFacts"":[""출발가 21,250원(2026-09-28) → 실제 20,900원(2026-09-29, 1거래일) -1.65% · 예측 중앙 21,242원 -0.04% · 오차 +1.64%(절대 오차율 1.64%, 허용 1.5%)"",""방향: 예측 하락(49%) · 실제 하락 → 정답 · 80% 띠 담김(폭 5.0%)"",""실제값 정정 이력 1건"",""실제 종가 관측 시각 2026-09-29T09:19:36.000Z(16:00 KST 이후 · 지연 관측)""],""modelInternal"":[""선택 모형의 기대 누적 0.00% = 절편 0.00% + 자기 추세 0.00% + 52종목 폭·평균 0.00% · 실제 -1.65%""],""causeHypotheses"":[""자료 오류""],""unverified"":[""수급(외국인·기관·개인)·심리·과열·영향 시차·요인 중복·가중치는 이 셀에서 검증 자료 없음(실험 기록·시간순 검증에서만 판단)""]}"
analysis-bda93fe4cf3954ea,analysis,2026-09-29,2026-09-29T09:19:36Z,,,"{""forecastId"":""2026-09-28-atlas11-27e1f65cfc167be9"",""modelVersion"":""atlas11-A-1""}",live,,,,,,,,,,,,,,017670,SK텔레콤,net,2026-09-28-atlas11-27e1f65cfc167be9,atlas11-A-1,2026-09-28,2026-09-29,1,2,방향 맞고 크기 틀림,true,false,false,2.3588075174791325,"{""realizedLog"":-0.02409755157906053,""predictedLog"":-0.000783376231279559,""errorLog"":0.02331417534778097,""basketCumLog"":null,""beta"":0.687,""marketPartLog"":null,""residualPartLog"":null,""marketShare"":null,""unexplainedShare"":null}","[""출발가 88,200원(2026-09-28) → 실제 86,100원(2026-09-29, 1거래일) -2.38% · 예측 중앙 88,131원 -0.08% · 오차 +2.36%(절대 오차율 2.36%, 허용 1.5%)"",""방향: 예측 하락(47%) · 실제 하락 → 정답 · 80% 띠 벗어남(폭 3.8%)"",""실제값 정정 이력 1건"",""실제 종가 관측 시각 2026-09-29T09:19:36.000Z(16:00 KST 이후 · 지연 관측)""]","[""선택 모형의 기대 누적 0.00% = 절편 0.00% + 자기 추세 0.00% + 52종목 폭·평균 0.00% · 실제 -2.38%""]","[{""category"":""변동성·범위"",""evidence"":""실제값이 80% 띠 밖(폭 3.8% · 실제 이동 -2.38%)"",""counterEvidence"":""80% 띠는 명목이며 개별 셀의 벗어남은 정상 범위일 수 있음(담김률로 판단)"",""strength"":""중""},{""category"":""자료 오류"",""evidence"":""실제값 정정 1건"",""counterEvidence"":""정정 뒤 값으로 채점됨"",""strength"":""약""}]","[""수급(외국인·기관·개인)·심리·과열·영향 시차·요인 중복·가중치는 이 셀에서 검증 자료 없음(실험 기록·시간순 검증에서만 판단)""]","[""변동성·범위"",""자료 오류""]","{""luckySuspect"":false,""reasonableProcess"":false,""luckyNote"":null,""reasonableNote"":null}","{""confirmedFacts"":[""출발가 88,200원(2026-09-28) → 실제 86,100원(2026-09-29, 1거래일) -2.38% · 예측 중앙 88,131원 -0.08% · 오차 +2.36%(절대 오차율 2.36%, 허용 1.5%)"",""방향: 예측 하락(47%) · 실제 하락 → 정답 · 80% 띠 벗어남(폭 3.8%)"",""실제값 정정 이력 1건"",""실제 종가 관측 시각 2026-09-29T09:19:36.000Z(16:00 KST 이후 · 지연 관측)""],""modelInternal"":[""선택 모형의 기대 누적 0.00% = 절편 0.00% + 자기 추세 0.00% + 52종목 폭·평균 0.00% · 실제 -2.38%""],""causeHypotheses"":[""변동성·범위"",""자료 오류""],""unverified"":[""수급(외국인·기관·개인)·심리·과열·영향 시차·요인 중복·가중치는 이 셀에서 검증 자료 없음(실험 기록·시간순 검증에서만 판단)""]}"
analysis-69f580d807d015d1,analysis,2026-09-29,2026-09-29T09:19:36Z,,,"{""forecastId"":""2026-09-28-atlas11-27e1f65cfc167be9"",""modelVersion"":""atlas11-A-1""}",live,,,,,,,,,,,,,,018260,삼성에스디에스,semi,2026-09-28-atlas11-27e1f65cfc167be9,atlas11-A-1,2026-09-28,2026-09-29,1,1,방향·크기 모두 맞음,true,true,true,1.055016260566276,"{""realizedLog"":-0.011481182373956254,""predictedLog"":-0.0009862843732452008,""errorLog"":0.010494898000711054,""basketCumLog"":null,""beta"":1.0842,""marketPartLog"":null,""residualPartLog"":null,""marketShare"":null,""unexplainedShare"":null}","[""출발가 219,000원(2026-09-28) → 실제 216,500원(2026-09-29, 1거래일) -1.14% · 예측 중앙 218,784원 -0.10% · 오차 +1.06%(절대 오차율 1.06%, 허용 1.5%)"",""방향: 예측 하락(48%) · 실제 하락 → 정답 · 80% 띠 담김(폭 5.6%)"",""실제값 정정 이력 1건"",""실제 종가 관측 시각 2026-09-29T09:19:36.000Z(16:00 KST 이후 · 지연 관측)""]","[""선택 모형의 기대 누적 0.00% = 절편 0.00% + 자기 추세 0.00% + 52종목 폭·평균 0.00% · 실제 -1.14%""]",[],"[""수급(외국인·기관·개인)·심리·과열·영향 시차·요인 중복·가중치는 이 셀에서 검증 자료 없음(실험 기록·시간순 검증에서만 판단)""]",[],"{""luckySuspect"":false,""reasonableProcess"":false,""luckyNote"":null,""reasonableNote"":null}","{""confirmedFacts"":[""출발가 219,000원(2026-09-28) → 실제 216,500원(2026-09-29, 1거래일) -1.14% · 예측 중앙 218,784원 -0.10% · 오차 +1.06%(절대 오차율 1.06%, 허용 1.5%)"",""방향: 예측 하락(48%) · 실제 하락 → 정답 · 80% 띠 담김(폭 5.6%)"",""실제값 정정 이력 1건"",""실제 종가 관측 시각 2026-09-29T09:19:36.000Z(16:00 KST 이후 · 지연 관측)""],""modelInternal"":[""선택 모형의 기대 누적 0.00% = 절편 0.00% + 자기 추세 0.00% + 52종목 폭·평균 0.00% · 실제 -1.14%""],""causeHypotheses"":[],""unverified"":[""수급(외국인·기관·개인)·심리·과열·영향 시차·요인 중복·가중치는 이 셀에서 검증 자료 없음(실험 기록·시간순 검증에서만 판단)""]}"
analysis-8d9254e61e61323f,analysis,2026-09-29,2026-09-29T09:19:36Z,,,"{""forecastId"":""2026-09-28-atlas11-27e1f65cfc167be9"",""modelVersion"":""atlas11-A-1""}",live,,,,,,,,,,,,,,278470,에이피알,cons,2026-09-28-atlas11-27e1f65cfc167be9,atlas11-A-1,2026-09-28,2026-09-29,1,2,방향 맞고 크기 틀림,true,false,true,1.8980671866050114,"{""realizedLog"":-0.019178670030571943,""predictedLog"":-0.00037588371663552786,""errorLog"":0.018802786313936413,""basketCumLog"":null,""beta"":0.9172,""marketPartLog"":null,""residualPartLog"":null,""marketShare"":null,""unexplainedShare"":null}","[""출발가 368,500원(2026-09-28) → 실제 361,500원(2026-09-29, 1거래일) -1.90% · 예측 중앙 368,362원 -0.04% · 오차 +1.90%(절대 오차율 1.90%, 허용 1.5%)"",""방향: 예측 하락(49%) · 실제 하락 → 정답 · 80% 띠 담김(폭 9.7%)"",""실제값 정정 이력 1건"",""실제 종가 관측 시각 2026-09-29T09:19:36.000Z(16:00 KST 이후 · 지연 관측)""]","[""선택 모형의 기대 누적 0.00% = 절편 0.00% + 자기 추세 0.00% + 52종목 폭·평균 0.00% · 실제 -1.90%""]","[{""category"":""자료 오류"",""evidence"":""실제값 정정 1건"",""counterEvidence"":""정정 뒤 값으로 채점됨"",""strength"":""약""}]","[""수급(외국인·기관·개인)·심리·과열·영향 시차·요인 중복·가중치는 이 셀에서 검증 자료 없음(실험 기록·시간순 검증에서만 판단)""]","[""자료 오류""]","{""luckySuspect"":false,""reasonableProcess"":false,""luckyNote"":null,""reasonableNote"":null}","{""confirmedFacts"":[""출발가 368,500원(2026-09-28) → 실제 361,500원(2026-09-29, 1거래일) -1.90% · 예측 중앙 368,362원 -0.04% · 오차 +1.90%(절대 오차율 1.90%, 허용 1.5%)"",""방향: 예측 하락(49%) · 실제 하락 → 정답 · 80% 띠 담김(폭 9.7%)"",""실제값 정정 이력 1건"",""실제 종가 관측 시각 2026-09-29T09:19:36.000Z(16:00 KST 이후 · 지연 관측)""],""modelInternal"":[""선택 모형의 기대 누적 0.00% = 절편 0.00% + 자기 추세 0.00% + 52종목 폭·평균 0.00% · 실제 -1.90%""],""causeHypotheses"":[""자료 오류""],""unverified"":[""수급(외국인·기관·개인)·심리·과열·영향 시차·요인 중복·가중치는 이 셀에서 검증 자료 없음(실험 기록·시간순 검증에서만 판단)""]}"
analysis-1fb3076cc27f5dfa,analysis,2026-09-29,2026-09-29T09:19:36Z,,,"{""forecastId"":""2026-09-28-atlas11-27e1f65cfc167be9"",""modelVersion"":""atlas11-A-1""}",live,,,,,,,,,,,,,,030200,KT,net,2026-09-28-atlas11-27e1f65cfc167be9,atlas11-A-1,2026-09-28,2026-09-29,1,3,크기 허용·방향 틀림,false,true,true,0.5895671408512574,"{""realizedLog"":-0.005687219120589576,""predictedLog"":0.00019114082571512026,""errorLog"":0.005878359946304697,""basketCumLog"":null,""beta"":0.4,""marketPartLog"":null,""residualPartLog"":null,""marketShare"":null,""unexplainedShare"":null}","[""출발가 52,900원(2026-09-28) → 실제 52,600원(2026-09-29, 1거래일) -0.57% · 예측 중앙 52,910원 +0.02% · 오차 +0.59%(절대 오차율 0.59%, 허용 1.5%)"",""방향: 예측 상승(47%) · 실제 하락 → 오답 · 80% 띠 담김(폭 3.2%)"",""실제값 정정 이력 1건"",""실제 종가 관측 시각 2026-09-29T09:19:36.000Z(16:00 KST 이후 · 지연 관측)""]","[""선택 모형의 기대 누적 0.00% = 절편 0.00% + 자기 추세 0.00% + 52종목 폭·평균 0.00% · 실제 -0.57%""]","[{""category"":""자료 오류"",""evidence"":""실제값 정정 1건"",""counterEvidence"":""정정 뒤 값으로 채점됨"",""strength"":""약""}]","[""수급(외국인·기관·개인)·심리·과열·영향 시차·요인 중복·가중치는 이 셀에서 검증 자료 없음(실험 기록·시간순 검증에서만 판단)""]","[""자료 오류""]","{""luckySuspect"":false,""reasonableProcess"":true,""luckyNote"":null,""reasonableNote"":""방향은 틀렸지만 실제값이 모형 80% 띠 안 → 판단 과정은 분포 안""}","{""confirmedFacts"":[""출발가 52,900원(2026-09-28) → 실제 52,600원(2026-09-29, 1거래일) -0.57% · 예측 중앙 52,910원 +0.02% · 오차 +0.59%(절대 오차율 0.59%, 허용 1.5%)"",""방향: 예측 상승(47%) · 실제 하락 → 오답 · 80% 띠 담김(폭 3.2%)"",""실제값 정정 이력 1건"",""실제 종가 관측 시각 2026-09-29T09:19:36.000Z(16:00 KST 이후 · 지연 관측)""],""modelInternal"":[""선택 모형의 기대 누적 0.00% = 절편 0.00% + 자기 추세 0.00% + 52종목 폭·평균 0.00% · 실제 -0.57%""],""causeHypotheses"":[""자료 오류""],""unverified"":[""수급(외국인·기관·개인)·심리·과열·영향 시차·요인 중복·가중치는 이 셀에서 검증 자료 없음(실험 기록·시간순 검증에서만 판단)""]}"
analysis-5229defca02f8404,analysis,2026-09-29,2026-09-29T09:19:36Z,,,"{""forecastId"":""2026-09-28-atlas11-27e1f65cfc167be9"",""modelVersion"":""atlas11-A-1""}",live,,,,,,,,,,,,,,003230,삼양식품,cons,2026-09-28-atlas11-27e1f65cfc167be9,atlas11-A-1,2026-09-28,2026-09-29,1,3,크기 허용·방향 틀림,false,true,true,0.8150807484402894,"{""realizedLog"":0.004106781952653502,""predictedLog"":-0.00407742497517411,""errorLog"":-0.008184206927827613,""basketCumLog"":null,""beta"":0.6817,""marketPartLog"":null,""residualPartLog"":null,""marketShare"":null,""unexplainedShare"":null}","[""출발가 1,215,000원(2026-09-28) → 실제 1,220,000원(2026-09-29, 1거래일) +0.41% · 예측 중앙 1,210,056원 -0.41% · 오차 -0.82%(절대 오차율 0.82%, 허용 1.5%)"",""방향: 예측 하락(54%) · 실제 상승 → 오답 · 80% 띠 담김(폭 7.4%)"",""실제값 정정 이력 1건"",""실제 종가 관측 시각 2026-09-29T09:19:36.000Z(16:00 KST 이후 · 지연 관측)""]","[""선택 모형의 기대 누적 0.00% = 절편 0.00% + 자기 추세 0.00% + 52종목 폭·평균 0.00% · 실제 +0.41%""]","[{""category"":""자료 오류"",""evidence"":""실제값 정정 1건"",""counterEvidence"":""정정 뒤 값으로 채점됨"",""strength"":""약""}]","[""수급(외국인·기관·개인)·심리·과열·영향 시차·요인 중복·가중치는 이 셀에서 검증 자료 없음(실험 기록·시간순 검증에서만 판단)""]","[""자료 오류""]","{""luckySuspect"":false,""reasonableProcess"":true,""luckyNote"":null,""reasonableNote"":""방향은 틀렸지만 실제값이 모형 80% 띠 안 → 판단 과정은 분포 안""}","{""confirmedFacts"":[""출발가 1,215,000원(2026-09-28) → 실제 1,220,000원(2026-09-29, 1거래일) +0.41% · 예측 중앙 1,210,056원 -0.41% · 오차 -0.82%(절대 오차율 0.82%, 허용 1.5%)"",""방향: 예측 하락(54%) · 실제 상승 → 오답 · 80% 띠 담김(폭 7.4%)"",""실제값 정정 이력 1건"",""실제 종가 관측 시각 2026-09-29T09:19:36.000Z(16:00 KST 이후 · 지연 관측)""],""modelInternal"":[""선택 모형의 기대 누적 0.00% = 절편 0.00% + 자기 추세 0.00% + 52종목 폭·평균 0.00% · 실제 +0.41%""],""causeHypotheses"":[""자료 오류""],""unverified"":[""수급(외국인·기관·개인)·심리·과열·영향 시차·요인 중복·가중치는 이 셀에서 검증 자료 없음(실험 기록·시간순 검증에서만 판단)""]}"
analysis-9b69622848768396,analysis,2026-09-29,2026-09-29T09:19:36Z,,,"{""forecastId"":""2026-09-28-atlas11-27e1f65cfc167be9"",""modelVersion"":""atlas11-A-1""}",live,,,,,,,,,,,,,,259960,크래프톤,net,2026-09-28-atlas11-27e1f65cfc167be9,atlas11-A-1,2026-09-28,2026-09-29,1,2,방향 맞고 크기 틀림,true,false,true,1.8930571497270954,"{""realizedLog"":-0.01949574369669953,""predictedLog"":-0.0007421257348711653,""errorLog"":0.018753617961828367,""basketCumLog"":null,""beta"":0.6022,""marketPartLog"":null,""residualPartLog"":null,""marketShare"":null,""unexplainedShare"":null}","[""출발가 202,000원(2026-09-28) → 실제 198,100원(2026-09-29, 1거래일) -1.93% · 예측 중앙 201,850원 -0.07% · 오차 +1.89%(절대 오차율 1.89%, 허용 1.5%)"",""방향: 예측 하락(50%) · 실제 하락 → 정답 · 80% 띠 담김(폭 5.0%)"",""실제값 정정 이력 1건"",""실제 종가 관측 시각 2026-09-29T09:19:36.000Z(16:00 KST 이후 · 지연 관측)""]","[""선택 모형의 기대 누적 -0.07% = 절편 -0.06% + 자기 추세 +0.01% + 52종목 폭·평균 -0.01% · 실제 -1.93%"",""실제 방향과 반대로 기여한 항: F35 (모형 내부 설명 · 인과 아님)""]","[{""category"":""자료 오류"",""evidence"":""실제값 정정 1건"",""counterEvidence"":""정정 뒤 값으로 채점됨"",""strength"":""약""}]","[""수급(외국인·기관·개인)·심리·과열·영향 시차·요인 중복·가중치는 이 셀에서 검증 자료 없음(실험 기록·시간순 검증에서만 판단)""]","[""자료 오류""]","{""luckySuspect"":false,""reasonableProcess"":false,""luckyNote"":null,""reasonableNote"":null}","{""confirmedFacts"":[""출발가 202,000원(2026-09-28) → 실제 198,100원(2026-09-29, 1거래일) -1.93% · 예측 중앙 201,850원 -0.07% · 오차 +1.89%(절대 오차율 1.89%, 허용 1.5%)"",""방향: 예측 하락(50%) · 실제 하락 → 정답 · 80% 띠 담김(폭 5.0%)"",""실제값 정정 이력 1건"",""실제 종가 관측 시각 2026-09-29T09:19:36.000Z(16:00 KST 이후 · 지연 관측)""],""modelInternal"":[""선택 모형의 기대 누적 -0.07% = 절편 -0.06% + 자기 추세 +0.01% + 52종목 폭·평균 -0.01% · 실제 -1.93%"",""실제 방향과 반대로 기여한 항: F35 (모형 내부 설명 · 인과 아님)""],""causeHypotheses"":[""자료 오류""],""unverified"":[""수급(외국인·기관·개인)·심리·과열·영향 시차·요인 중복·가중치는 이 셀에서 검증 자료 없음(실험 기록·시간순 검증에서만 판단)""]}"
analysis-7800519f5cd18e66,analysis,2026-09-29,2026-09-29T09:19:36Z,,,"{""forecastId"":""2026-09-28-atlas11-27e1f65cfc167be9"",""modelVersion"":""atlas11-A-1""}",live,,,,,,,,,,,,,,021240,코웨이,cons,2026-09-28-atlas11-27e1f65cfc167be9,atlas11-A-1,2026-09-28,2026-09-29,1,1,방향·크기 모두 맞음,true,true,true,0.6917403229079875,"{""realizedLog"":-0.007905179507113261,""predictedLog"":-0.001011591747358201,""errorLog"":0.006893587759755061,""basketCumLog"":null,""beta"":0.4639,""marketPartLog"":null,""residualPartLog"":null,""marketShare"":null,""unexplainedShare"":null}","[""출발가 101,600원(2026-09-28) → 실제 100,800원(2026-09-29, 1거래일) -0.79% · 예측 중앙 101,497원 -0.10% · 오차 +0.69%(절대 오차율 0.69%, 허용 1.5%)"",""방향: 예측 하락(50%) · 실제 하락 → 정답 · 80% 띠 담김(폭 5.8%)"",""실제값 정정 이력 1건"",""실제 종가 관측 시각 2026-09-29T09:19:36.000Z(16:00 KST 이후 · 지연 관측)""]","[""선택 모형의 기대 누적 +0.05% = 절편 +0.07% + 자기 추세 -0.02% + 52종목 폭·평균 +0.00% · 실제 -0.79%"",""실제 방향과 반대로 기여한 항: F11 (모형 내부 설명 · 인과 아님)""]",[],"[""수급(외국인·기관·개인)·심리·과열·영향 시차·요인 중복·가중치는 이 셀에서 검증 자료 없음(실험 기록·시간순 검증에서만 판단)""]",[],"{""luckySuspect"":false,""reasonableProcess"":false,""luckyNote"":null,""reasonableNote"":null}","{""confirmedFacts"":[""출발가 101,600원(2026-09-28) → 실제 100,800원(2026-09-29, 1거래일) -0.79% · 예측 중앙 101,497원 -0.10% · 오차 +0.69%(절대 오차율 0.69%, 허용 1.5%)"",""방향: 예측 하락(50%) · 실제 하락 → 정답 · 80% 띠 담김(폭 5.8%)"",""실제값 정정 이력 1건"",""실제 종가 관측 시각 2026-09-29T09:19:36.000Z(16:00 KST 이후 · 지연 관측)""],""modelInternal"":[""선택 모형의 기대 누적 +0.05% = 절편 +0.07% + 자기 추세 -0.02% + 52종목 폭·평균 +0.00% · 실제 -0.79%"",""실제 방향과 반대로 기여한 항: F11 (모형 내부 설명 · 인과 아님)""],""causeHypotheses"":[],""unverified"":[""수급(외국인·기관·개인)·심리·과열·영향 시차·요인 중복·가중치는 이 셀에서 검증 자료 없음(실험 기록·시간순 검증에서만 판단)""]}"
analysis-6645d305ae751e92,analysis,2026-09-29,2026-09-29T09:19:36Z,,,"{""forecastId"":""2026-09-28-atlas11-27e1f65cfc167be9"",""modelVersion"":""atlas11-A-1""}",live,,,,,,,,,,,,,,029780,삼성카드,fin,2026-09-28-atlas11-27e1f65cfc167be9,atlas11-A-1,2026-09-28,2026-09-29,1,4,방향·크기 모두 틀림,false,false,false,1.9646036544170655,"{""realizedLog"":-0.019802627296179754,""predictedLog"":-0.0003470832223247104,""errorLog"":0.019455544073855045,""basketCumLog"":null,""beta"":0.3975,""marketPartLog"":null,""residualPartLog"":null,""marketShare"":null,""unexplainedShare"":null}","[""출발가 43,350원(2026-09-28) → 실제 42,500원(2026-09-29, 1거래일) -1.96% · 예측 중앙 43,335원 -0.03% · 오차 +1.96%(절대 오차율 1.96%, 허용 1.5%)"",""방향: 예측 상승(47%) · 실제 하락 → 오답 · 80% 띠 벗어남(폭 3.4%)"",""실제값 정정 이력 1건"",""실제 종가 관측 시각 2026-09-29T09:19:36.000Z(16:00 KST 이후 · 지연 관측)""]","[""선택 모형의 기대 누적 0.00% = 절편 0.00% + 자기 추세 0.00% + 52종목 폭·평균 0.00% · 실제 -1.96%""]","[{""category"":""변동성·범위"",""evidence"":""실제값이 80% 띠 밖(폭 3.4% · 실제 이동 -1.96%)"",""counterEvidence"":""80% 띠는 명목이며 개별 셀의 벗어남은 정상 범위일 수 있음(담김률로 판단)"",""strength"":""중""},{""category"":""자료 오류"",""evidence"":""실제값 정정 1건"",""counterEvidence"":""정정 뒤 값으로 채점됨"",""strength"":""약""}]","[""수급(외국인·기관·개인)·심리·과열·영향 시차·요인 중복·가중치는 이 셀에서 검증 자료 없음(실험 기록·시간순 검증에서만 판단)""]","[""변동성·범위"",""자료 오류""]","{""luckySuspect"":false,""reasonableProcess"":false,""luckyNote"":null,""reasonableNote"":null}","{""confirmedFacts"":[""출발가 43,350원(2026-09-28) → 실제 42,500원(2026-09-29, 1거래일) -1.96% · 예측 중앙 43,335원 -0.03% · 오차 +1.96%(절대 오차율 1.96%, 허용 1.5%)"",""방향: 예측 상승(47%) · 실제 하락 → 오답 · 80% 띠 벗어남(폭 3.4%)"",""실제값 정정 이력 1건"",""실제 종가 관측 시각 2026-09-29T09:19:36.000Z(16:00 KST 이후 · 지연 관측)""],""modelInternal"":[""선택 모형의 기대 누적 0.00% = 절편 0.00% + 자기 추세 0.00% + 52종목 폭·평균 0.00% · 실제 -1.96%""],""causeHypotheses"":[""변동성·범위"",""자료 오류""],""unverified"":[""수급(외국인·기관·개인)·심리·과열·영향 시차·요인 중복·가중치는 이 셀에서 검증 자료 없음(실험 기록·시간순 검증에서만 판단)""]}"
analysis-bf5e24021b93f45a,analysis,2026-09-29,2026-09-29T09:19:36Z,,,"{""forecastId"":""2026-09-28-atlas11-27e1f65cfc167be9"",""modelVersion"":""atlas11-A-1""}",live,,,,,,,,,,,,,,002380,KCC,chem,2026-09-28-atlas11-27e1f65cfc167be9,atlas11-A-1,2026-09-28,2026-09-29,1,2,방향 맞고 크기 틀림,true,false,true,1.621451519990549,"{""realizedLog"":-0.01680711831638129,""predictedLog"":-0.0007226544385912116,""errorLog"":0.016084463877790077,""basketCumLog"":null,""beta"":1.4171,""marketPartLog"":null,""residualPartLog"":null,""marketShare"":null,""unexplainedShare"":null}","[""출발가 480,000원(2026-09-28) → 실제 472,000원(2026-09-29, 1거래일) -1.67% · 예측 중앙 479,653원 -0.07% · 오차 +1.62%(절대 오차율 1.62%, 허용 1.5%)"",""방향: 예측 하락(48%) · 실제 하락 → 정답 · 80% 띠 담김(폭 5.7%)"",""실제값 정정 이력 1건"",""실제 종가 관측 시각 2026-09-29T09:19:36.000Z(16:00 KST 이후 · 지연 관측)""]","[""선택 모형의 기대 누적 0.00% = 절편 0.00% + 자기 추세 0.00% + 52종목 폭·평균 0.00% · 실제 -1.67%""]","[{""category"":""자료 오류"",""evidence"":""실제값 정정 1건"",""counterEvidence"":""정정 뒤 값으로 채점됨"",""strength"":""약""}]","[""수급(외국인·기관·개인)·심리·과열·영향 시차·요인 중복·가중치는 이 셀에서 검증 자료 없음(실험 기록·시간순 검증에서만 판단)""]","[""자료 오류""]","{""luckySuspect"":false,""reasonableProcess"":false,""luckyNote"":null,""reasonableNote"":null}","{""confirmedFacts"":[""출발가 480,000원(2026-09-28) → 실제 472,000원(2026-09-29, 1거래일) -1.67% · 예측 중앙 479,653원 -0.07% · 오차 +1.62%(절대 오차율 1.62%, 허용 1.5%)"",""방향: 예측 하락(48%) · 실제 하락 → 정답 · 80% 띠 담김(폭 5.7%)"",""실제값 정정 이력 1건"",""실제 종가 관측 시각 2026-09-29T09:19:36.000Z(16:00 KST 이후 · 지연 관측)""],""modelInternal"":[""선택 모형의 기대 누적 0.00% = 절편 0.00% + 자기 추세 0.00% + 52종목 폭·평균 0.00% · 실제 -1.67%""],""causeHypotheses"":[""자료 오류""],""unverified"":[""수급(외국인·기관·개인)·심리·과열·영향 시차·요인 중복·가중치는 이 셀에서 검증 자료 없음(실험 기록·시간순 검증에서만 판단)""]}"
analysis-9f6bac2f22a09e2b,analysis,2026-09-29,2026-09-29T09:19:36Z,,,"{""forecastId"":""2026-09-28-atlas11-27e1f65cfc167be9"",""modelVersion"":""atlas11-A-1""}",live,,,,,,,,,,,,,,004170,신세계,cons,2026-09-28-atlas11-27e1f65cfc167be9,atlas11-A-1,2026-09-28,2026-09-29,1,2,방향 맞고 크기 틀림,true,false,true,1.7311838531885644,"{""realizedLog"":-0.01762160134981956,""predictedLog"":-0.00045790539178172505,""errorLog"":0.017163695958037833,""basketCumLog"":null,""beta"":0.9942,""marketPartLog"":null,""residualPartLog"":null,""marketShare"":null,""unexplainedShare"":null}","[""출발가 343,500원(2026-09-28) → 실제 337,500원(2026-09-29, 1거래일) -1.75% · 예측 중앙 343,343원 -0.05% · 오차 +1.73%(절대 오차율 1.73%, 허용 1.5%)"",""방향: 예측 하락(49%) · 실제 하락 → 정답 · 80% 띠 담김(폭 8.1%)"",""실제값 정정 이력 1건"",""실제 종가 관측 시각 2026-09-29T09:19:36.000Z(16:00 KST 이후 · 지연 관측)""]","[""선택 모형의 기대 누적 +0.14% = 절편 +0.12% + 자기 추세 +0.01% + 52종목 폭·평균 +0.01% · 실제 -1.75%"",""실제 방향과 반대로 기여한 항: F35, F11 (모형 내부 설명 · 인과 아님)""]","[{""category"":""자료 오류"",""evidence"":""실제값 정정 1건"",""counterEvidence"":""정정 뒤 값으로 채점됨"",""strength"":""약""}]","[""수급(외국인·기관·개인)·심리·과열·영향 시차·요인 중복·가중치는 이 셀에서 검증 자료 없음(실험 기록·시간순 검증에서만 판단)""]","[""자료 오류""]","{""luckySuspect"":false,""reasonableProcess"":false,""luckyNote"":null,""reasonableNote"":null}","{""confirmedFacts"":[""출발가 343,500원(2026-09-28) → 실제 337,500원(2026-09-29, 1거래일) -1.75% · 예측 중앙 343,343원 -0.05% · 오차 +1.73%(절대 오차율 1.73%, 허용 1.5%)"",""방향: 예측 하락(49%) · 실제 하락 → 정답 · 80% 띠 담김(폭 8.1%)"",""실제값 정정 이력 1건"",""실제 종가 관측 시각 2026-09-29T09:19:36.000Z(16:00 KST 이후 · 지연 관측)""],""modelInternal"":[""선택 모형의 기대 누적 +0.14% = 절편 +0.12% + 자기 추세 +0.01% + 52종목 폭·평균 +0.01% · 실제 -1.75%"",""실제 방향과 반대로 기여한 항: F35, F11 (모형 내부 설명 · 인과 아님)""],""causeHypotheses"":[""자료 오류""],""unverified"":[""수급(외국인·기관·개인)·심리·과열·영향 시차·요인 중복·가중치는 이 셀에서 검증 자료 없음(실험 기록·시간순 검증에서만 판단)""]}"
analysis-44823728c22eda39,analysis,2026-09-29,2026-09-29T09:19:36Z,,,"{""forecastId"":""2026-09-28-atlas11-27e1f65cfc167be9"",""modelVersion"":""atlas11-A-1""}",live,,,,,,,,,,,,,,012750,에스원,util,2026-09-28-atlas11-27e1f65cfc167be9,atlas11-A-1,2026-09-28,2026-09-29,1,1,방향·크기 모두 맞음,true,true,true,0.6261499608632036,"{""realizedLog"":-0.006020487781583025,""predictedLog"":0.0002214900862432742,""errorLog"":0.006241977867826299,""basketCumLog"":null,""beta"":0.3469,""marketPartLog"":null,""residualPartLog"":null,""marketShare"":null,""unexplainedShare"":null}","[""출발가 83,300원(2026-09-28) → 실제 82,800원(2026-09-29, 1거래일) -0.60% · 예측 중앙 83,318원 +0.02% · 오차 +0.63%(절대 오차율 0.63%, 허용 1.5%)"",""방향: 예측 하락(48%) · 실제 하락 → 정답 · 80% 띠 담김(폭 5.1%)"",""실제값 정정 이력 1건"",""실제 종가 관측 시각 2026-09-29T09:19:36.000Z(16:00 KST 이후 · 지연 관측)""]","[""선택 모형의 기대 누적 0.00% = 절편 0.00% + 자기 추세 0.00% + 52종목 폭·평균 0.00% · 실제 -0.60%""]",[],"[""수급(외국인·기관·개인)·심리·과열·영향 시차·요인 중복·가중치는 이 셀에서 검증 자료 없음(실험 기록·시간순 검증에서만 판단)""]",[],"{""luckySuspect"":false,""reasonableProcess"":false,""luckyNote"":null,""reasonableNote"":null}","{""confirmedFacts"":[""출발가 83,300원(2026-09-28) → 실제 82,800원(2026-09-29, 1거래일) -0.60% · 예측 중앙 83,318원 +0.02% · 오차 +0.63%(절대 오차율 0.63%, 허용 1.5%)"",""방향: 예측 하락(48%) · 실제 하락 → 정답 · 80% 띠 담김(폭 5.1%)"",""실제값 정정 이력 1건"",""실제 종가 관측 시각 2026-09-29T09:19:36.000Z(16:00 KST 이후 · 지연 관측)""],""modelInternal"":[""선택 모형의 기대 누적 0.00% = 절편 0.00% + 자기 추세 0.00% + 52종목 폭·평균 0.00% · 실제 -0.60%""],""causeHypotheses"":[],""unverified"":[""수급(외국인·기관·개인)·심리·과열·영향 시차·요인 중복·가중치는 이 셀에서 검증 자료 없음(실험 기록·시간순 검증에서만 판단)""]}"
analysis-97de8fc192334606,analysis,2026-09-29,2026-09-29T09:19:36Z,,,"{""forecastId"":""2026-09-28-atlas11-27e1f65cfc167be9"",""modelVersion"":""atlas11-A-1""}",live,,,,,,,,,,,,,,111770,영원무역,cons,2026-09-28-atlas11-27e1f65cfc167be9,atlas11-A-1,2026-09-28,2026-09-29,1,1,방향·크기 모두 맞음,true,true,true,0.49547255567004855,"{""realizedLog"":-0.005617992304223261,""predictedLog"":-0.0006755010052427328,""errorLog"":0.004942491298980528,""basketCumLog"":null,""beta"":0.5629,""marketPartLog"":null,""residualPartLog"":null,""marketShare"":null,""unexplainedShare"":null}","[""출발가 71,400원(2026-09-28) → 실제 71,000원(2026-09-29, 1거래일) -0.56% · 예측 중앙 71,352원 -0.07% · 오차 +0.50%(절대 오차율 0.50%, 허용 1.5%)"",""방향: 예측 하락(49%) · 실제 하락 → 정답 · 80% 띠 담김(폭 5.3%)"",""실제값 정정 이력 1건"",""실제 종가 관측 시각 2026-09-29T09:19:36.000Z(16:00 KST 이후 · 지연 관측)""]","[""선택 모형의 기대 누적 -0.06% = 절편 +0.08% + 자기 추세 -0.22% + 52종목 폭·평균 +0.08% · 실제 -0.56%"",""실제 방향과 반대로 기여한 항: F11 (모형 내부 설명 · 인과 아님)""]",[],"[""수급(외국인·기관·개인)·심리·과열·영향 시차·요인 중복·가중치는 이 셀에서 검증 자료 없음(실험 기록·시간순 검증에서만 판단)""]",[],"{""luckySuspect"":false,""reasonableProcess"":false,""luckyNote"":null,""reasonableNote"":null}","{""confirmedFacts"":[""출발가 71,400원(2026-09-28) → 실제 71,000원(2026-09-29, 1거래일) -0.56% · 예측 중앙 71,352원 -0.07% · 오차 +0.50%(절대 오차율 0.50%, 허용 1.5%)"",""방향: 예측 하락(49%) · 실제 하락 → 정답 · 80% 띠 담김(폭 5.3%)"",""실제값 정정 이력 1건"",""실제 종가 관측 시각 2026-09-29T09:19:36.000Z(16:00 KST 이후 · 지연 관측)""],""modelInternal"":[""선택 모형의 기대 누적 -0.06% = 절편 +0.08% + 자기 추세 -0.22% + 52종목 폭·평균 +0.08% · 실제 -0.56%"",""실제 방향과 반대로 기여한 항: F11 (모형 내부 설명 · 인과 아님)""],""causeHypotheses"":[],""unverified"":[""수급(외국인·기관·개인)·심리·과열·영향 시차·요인 중복·가중치는 이 셀에서 검증 자료 없음(실험 기록·시간순 검증에서만 판단)""]}"
analysis-ce99f1430f24e1fe,analysis,2026-09-29,2026-09-29T09:19:36Z,,,"{""forecastId"":""2026-09-28-atlas11-27e1f65cfc167be9"",""modelVersion"":""atlas11-A-1""}",live,,,,,,,,,,,,,,035250,강원랜드,cons,2026-09-28-atlas11-27e1f65cfc167be9,atlas11-A-1,2026-09-28,2026-09-29,1,3,크기 허용·방향 틀림,false,true,true,0.4472027014093558,"{""realizedLog"":-0.0041608936591646705,""predictedLog"":0.00030116355454857423,""errorLog"":0.004462057213713244,""basketCumLog"":null,""beta"":0.3952,""marketPartLog"":null,""residualPartLog"":null,""marketShare"":null,""unexplainedShare"":null}","[""출발가 14,450원(2026-09-28) → 실제 14,390원(2026-09-29, 1거래일) -0.42% · 예측 중앙 14,454원 +0.03% · 오차 +0.45%(절대 오차율 0.45%, 허용 1.5%)"",""방향: 예측 상승(48%) · 실제 하락 → 오답 · 80% 띠 담김(폭 2.7%)"",""실제값 정정 이력 1건"",""실제 종가 관측 시각 2026-09-29T09:19:36.000Z(16:00 KST 이후 · 지연 관측)""]","[""선택 모형의 기대 누적 +0.03% = 절편 -0.00% + 자기 추세 -0.05% + 52종목 폭·평균 +0.08% · 실제 -0.42%"",""실제 방향과 반대로 기여한 항: F11 (모형 내부 설명 · 인과 아님)""]","[{""category"":""자료 오류"",""evidence"":""실제값 정정 1건"",""counterEvidence"":""정정 뒤 값으로 채점됨"",""strength"":""약""}]","[""수급(외국인·기관·개인)·심리·과열·영향 시차·요인 중복·가중치는 이 셀에서 검증 자료 없음(실험 기록·시간순 검증에서만 판단)""]","[""자료 오류""]","{""luckySuspect"":false,""reasonableProcess"":true,""luckyNote"":null,""reasonableNote"":""방향은 틀렸지만 실제값이 모형 80% 띠 안 → 판단 과정은 분포 안""}","{""confirmedFacts"":[""출발가 14,450원(2026-09-28) → 실제 14,390원(2026-09-29, 1거래일) -0.42% · 예측 중앙 14,454원 +0.03% · 오차 +0.45%(절대 오차율 0.45%, 허용 1.5%)"",""방향: 예측 상승(48%) · 실제 하락 → 오답 · 80% 띠 담김(폭 2.7%)"",""실제값 정정 이력 1건"",""실제 종가 관측 시각 2026-09-29T09:19:36.000Z(16:00 KST 이후 · 지연 관측)""],""modelInternal"":[""선택 모형의 기대 누적 +0.03% = 절편 -0.00% + 자기 추세 -0.05% + 52종목 폭·평균 +0.08% · 실제 -0.42%"",""실제 방향과 반대로 기여한 항: F11 (모형 내부 설명 · 인과 아님)""],""causeHypotheses"":[""자료 오류""],""unverified"":[""수급(외국인·기관·개인)·심리·과열·영향 시차·요인 중복·가중치는 이 셀에서 검증 자료 없음(실험 기록·시간순 검증에서만 판단)""]}"
analysis-cbb0cddee5bc9cad,analysis,2026-09-29,2026-09-29T09:19:36Z,,,"{""forecastId"":""2026-09-28-atlas11-27e1f65cfc167be9"",""modelVersion"":""atlas11-A-1""}",live,,,,,,,,,,,,,,226950,올릭스,bio,2026-09-28-atlas11-27e1f65cfc167be9,atlas11-A-1,2026-09-28,2026-09-29,1,1,방향·크기 모두 맞음,true,true,true,1.1922519628425048,"{""realizedLog"":-0.015444322427473631,""predictedLog"":-0.003592316125182199,""errorLog"":0.011852006302291431,""basketCumLog"":null,""beta"":1.3719,""marketPartLog"":null,""residualPartLog"":null,""marketShare"":null,""unexplainedShare"":null}","[""출발가 104,400원(2026-09-28) → 실제 102,800원(2026-09-29, 1거래일) -1.53% · 예측 중앙 104,026원 -0.36% · 오차 +1.19%(절대 오차율 1.19%, 허용 1.5%)"",""방향: 예측 하락(54%) · 실제 하락 → 정답 · 80% 띠 담김(폭 14.1%)"",""실제값 정정 이력 1건"",""실제 종가 관측 시각 2026-09-29T09:19:36.000Z(16:00 KST 이후 · 지연 관측)""]","[""선택 모형의 기대 누적 0.00% = 절편 0.00% + 자기 추세 0.00% + 52종목 폭·평균 0.00% · 실제 -1.53%""]",[],"[""수급(외국인·기관·개인)·심리·과열·영향 시차·요인 중복·가중치는 이 셀에서 검증 자료 없음(실험 기록·시간순 검증에서만 판단)""]",[],"{""luckySuspect"":false,""reasonableProcess"":false,""luckyNote"":null,""reasonableNote"":null}","{""confirmedFacts"":[""출발가 104,400원(2026-09-28) → 실제 102,800원(2026-09-29, 1거래일) -1.53% · 예측 중앙 104,026원 -0.36% · 오차 +1.19%(절대 오차율 1.19%, 허용 1.5%)"",""방향: 예측 하락(54%) · 실제 하락 → 정답 · 80% 띠 담김(폭 14.1%)"",""실제값 정정 이력 1건"",""실제 종가 관측 시각 2026-09-29T09:19:36.000Z(16:00 KST 이후 · 지연 관측)""],""modelInternal"":[""선택 모형의 기대 누적 0.00% = 절편 0.00% + 자기 추세 0.00% + 52종목 폭·평균 0.00% · 실제 -1.53%""],""causeHypotheses"":[],""unverified"":[""수급(외국인·기관·개인)·심리·과열·영향 시차·요인 중복·가중치는 이 셀에서 검증 자료 없음(실험 기록·시간순 검증에서만 판단)""]}"
analysis-e482d56f707bae2e,analysis,2026-09-29,2026-09-29T09:19:36Z,,,"{""forecastId"":""2026-09-28-atlas11-27e1f65cfc167be9"",""modelVersion"":""atlas11-A-1""}",live,,,,,,,,,,,,,,030000,제일기획,net,2026-09-28-atlas11-27e1f65cfc167be9,atlas11-A-1,2026-09-28,2026-09-29,1,1,방향·크기 모두 맞음,true,true,true,0.2459602144136795,"{""realizedLog"":0.002803478146782795,""predictedLog"":0.00034084621221981194,""errorLog"":-0.0024626319345629833,""basketCumLog"":null,""beta"":0.3386,""marketPartLog"":null,""residualPartLog"":null,""marketShare"":null,""unexplainedShare"":null}","[""출발가 17,810원(2026-09-28) → 실제 17,860원(2026-09-29, 1거래일) +0.28% · 예측 중앙 17,816원 +0.03% · 오차 -0.25%(절대 오차율 0.25%, 허용 1.5%)"",""방향: 예측 상승(48%) · 실제 상승 → 정답 · 80% 띠 담김(폭 3.2%)"",""실제값 정정 이력 1건"",""실제 종가 관측 시각 2026-09-29T09:19:36.000Z(16:00 KST 이후 · 지연 관측)""]","[""선택 모형의 기대 누적 0.00% = 절편 0.00% + 자기 추세 0.00% + 52종목 폭·평균 0.00% · 실제 +0.28%""]",[],"[""수급(외국인·기관·개인)·심리·과열·영향 시차·요인 중복·가중치는 이 셀에서 검증 자료 없음(실험 기록·시간순 검증에서만 판단)""]",[],"{""luckySuspect"":false,""reasonableProcess"":false,""luckyNote"":null,""reasonableNote"":null}","{""confirmedFacts"":[""출발가 17,810원(2026-09-28) → 실제 17,860원(2026-09-29, 1거래일) +0.28% · 예측 중앙 17,816원 +0.03% · 오차 -0.25%(절대 오차율 0.25%, 허용 1.5%)"",""방향: 예측 상승(48%) · 실제 상승 → 정답 · 80% 띠 담김(폭 3.2%)"",""실제값 정정 이력 1건"",""실제 종가 관측 시각 2026-09-29T09:19:36.000Z(16:00 KST 이후 · 지연 관측)""],""modelInternal"":[""선택 모형의 기대 누적 0.00% = 절편 0.00% + 자기 추세 0.00% + 52종목 폭·평균 0.00% · 실제 +0.28%""],""causeHypotheses"":[],""unverified"":[""수급(외국인·기관·개인)·심리·과열·영향 시차·요인 중복·가중치는 이 셀에서 검증 자료 없음(실험 기록·시간순 검증에서만 판단)""]}"
analysis-caa70c6473cfe3a7,analysis,2026-09-29,2026-09-29T09:19:36Z,,,"{""scoreCutoff"":""2026-09-29""}",daily_aggregate,2026-09-29,,"[{""code"":""373220"",""name"":""LG에너지솔루션"",""change"":-0.030219780219780223},{""code"":""010130"",""name"":""고려아연"",""change"":-0.029038112522686066},{""code"":""017670"",""name"":""SK텔레콤"",""change"":-0.023809523809523836},{""code"":""029780"",""name"":""삼성카드"",""change"":-0.019607843137254943},{""code"":""259960"",""name"":""크래프톤"",""change"":-0.019306930693069324}]",72,"{""방향 맞고 크기 틀림"":27,""크기 허용·방향 틀림"":18,""방향·크기 모두 맞음"":24,""방향·크기 모두 틀림"":3}","{""1"":{""n"":72,""directionAccuracy"":0.7083333333333334,""priceHitRate"":0.5833333333333334,""meanAPE"":1.2912143461539003,""coverage80"":0.9166666666666666,""meanBrier"":0.48634276729166664},""5"":null,""10"":null,""20"":null}","[{""group"":""semi"",""groupName"":""반도체·전자"",""n"":3,""directionAccuracy"":1,""meanAPE"":1.055016260566276,""meanSignedErrorPct"":1.0550162605662772},{""group"":""chem"",""groupName"":""배터리·화학·소재"",""n"":9,""directionAccuracy"":1,""meanAPE"":2.4713134107617587,""meanSignedErrorPct"":2.4713134107617662},{""group"":""auto"",""groupName"":""자동차·운송"",""n"":3,""directionAccuracy"":1,""meanAPE"":1.6385230958580754,""meanSignedErrorPct"":1.6385230958580799},{""group"":""fin"",""groupName"":""금융"",""n"":12,""directionAccuracy"":0.75,""meanAPE"":1.29267100659485,""meanSignedErrorPct"":1.2926710065948532},{""group"":""heavy"",""groupName"":""조선·기계·방산·건설"",""n"":3,""directionAccuracy"":0,""meanAPE"":1.060915309544955,""meanSignedErrorPct"":-1.060915309544952},{""group"":""bio"",""groupName"":""바이오·헬스"",""n"":3,""directionAccuracy"":1,""meanAPE"":1.1922519628425048,""meanSignedErrorPct"":1.1922519628424944},{""group"":""net"",""groupName"":""통신·인터넷·게임·엔터"",""n"":12,""directionAccuracy"":0.75,""meanAPE"":1.2718480056177912,""meanSignedErrorPct"":1.148867898410949},{""group"":""cons"",""groupName"":""소비재·유통"",""n"":18,""directionAccuracy"":0.6666666666666666,""meanAPE"":1.0131245613702096,""meanSignedErrorPct"":0.7414309785567804},{""group"":""util"",""groupName"":""에너지·유틸리티·지주·상사"",""n"":9,""directionAccuracy"":0.3333333333333333,""meanAPE"":0.7638913431749006,""meanSignedErrorPct"":-0.34645803593276553}]",{},"[{""code"":""030000"",""name"":""제일기획"",""horizon"":1,""ape"":0.2459602144136795},{""code"":""030000"",""name"":""제일기획"",""horizon"":1,""ape"":0.2459602144136795},{""code"":""030000"",""name"":""제일기획"",""horizon"":1,""ape"":0.2459602144136795},{""code"":""138040"",""name"":""메리츠금융지주"",""horizon"":1,""ape"":0.3537789003832506},{""code"":""138040"",""name"":""메리츠금융지주"",""horizon"":1,""ape"":0.3537789003832506}]","[{""code"":""029780"",""name"":""삼성카드"",""horizon"":1,""ape"":1.9646036544170655,""causes"":[]},{""code"":""029780"",""name"":""삼성카드"",""horizon"":1,""ape"":1.9646036544170655,""causes"":[]},{""code"":""029780"",""name"":""삼성카드"",""horizon"":1,""ape"":1.9646036544170655,""causes"":[]}]",,0,0,,,,,,,,,,,,,,,,,,,,,,
analysis-c1e7079669d87ab0,analysis,2026-09-29,2026-09-29T09:31:18Z,,,"{""forecastId"":""2026-09-28-rolling20-13cd892134e517b4"",""modelVersion"":""atlas-rolling20-A""}",live,,,,,,,,,,,,,,105560,KB금융,fin,2026-09-28-rolling20-13cd892134e517b4,atlas-rolling20-A,2026-09-28,2026-09-29,1,3,크기 허용·방향 틀림,false,true,true,0.8598605188048704,"{""realizedLog"":-0.006912469920623451,""predictedLog"":0.0016493778200589975,""errorLog"":0.008561847740682449,""basketCumLog"":null,""beta"":0.7869,""marketPartLog"":null,""residualPartLog"":null,""marketShare"":null,""unexplainedShare"":null}","[""출발가 174,200원(2026-09-28) → 실제 173,000원(2026-09-29, 1거래일) -0.69% · 예측 중앙 174,488원 +0.17% · 오차 +0.86%(절대 오차율 0.86%, 허용 1.5%)"",""방향: 예측 상승(52%) · 실제 하락 → 오답 · 80% 띠 담김(폭 4.7%)"",""실제값 정정 이력 1건"",""실제 종가 관측 시각 2026-09-29T09:31:18.000Z(16:00 KST 이후 · 지연 관측)""]","[""선택 모형의 기대 누적 +0.19% = 절편 +0.09% + 자기 추세 +0.02% + 52종목 폭·평균 +0.07% · 실제 -0.69%"",""실제 방향과 반대로 기여한 항: F35, F11 (모형 내부 설명 · 인과 아님)""]","[{""category"":""자료 오류"",""evidence"":""실제값 정정 1건"",""counterEvidence"":""정정 뒤 값으로 채점됨"",""strength"":""약""}]","[""수급(외국인·기관·개인)·심리·과열·영향 시차·요인 중복·가중치는 이 셀에서 검증 자료 없음(실험 기록·시간순 검증에서만 판단)""]","[""자료 오류""]","{""luckySuspect"":false,""reasonableProcess"":true,""luckyNote"":null,""reasonableNote"":""방향은 틀렸지만 실제값이 모형 80% 띠 안 → 판단 과정은 분포 안""}","{""confirmedFacts"":[""출발가 174,200원(2026-09-28) → 실제 173,000원(2026-09-29, 1거래일) -0.69% · 예측 중앙 174,488원 +0.17% · 오차 +0.86%(절대 오차율 0.86%, 허용 1.5%)"",""방향: 예측 상승(52%) · 실제 하락 → 오답 · 80% 띠 담김(폭 4.7%)"",""실제값 정정 이력 1건"",""실제 종가 관측 시각 2026-09-29T09:31:18.000Z(16:00 KST 이후 · 지연 관측)""],""modelInternal"":[""선택 모형의 기대 누적 +0.19% = 절편 +0.09% + 자기 추세 +0.02% + 52종목 폭·평균 +0.07% · 실제 -0.69%"",""실제 방향과 반대로 기여한 항: F35, F11 (모형 내부 설명 · 인과 아님)""],""causeHypotheses"":[""자료 오류""],""unverified"":[""수급(외국인·기관·개인)·심리·과열·영향 시차·요인 중복·가중치는 이 셀에서 검증 자료 없음(실험 기록·시간순 검증에서만 판단)""]}"
analysis-ddf594ff835d8bf7,analysis,2026-09-29,2026-09-29T09:31:18Z,,,"{""forecastId"":""2026-09-28-rolling20-13cd892134e517b4"",""modelVersion"":""atlas-rolling20-A""}",live,,,,,,,,,,,,,,032830,삼성생명보험,fin,2026-09-28-rolling20-13cd892134e517b4,atlas-rolling20-A,2026-09-28,2026-09-29,1,2,방향 맞고 크기 틀림,true,false,true,1.8083612771345527,"{""realizedLog"":-0.0187558780320944,""predictedLog"":-0.000833828923613086,""errorLog"":0.017922049108481313,""basketCumLog"":null,""beta"":1.2564,""marketPartLog"":null,""residualPartLog"":null,""marketShare"":null,""unexplainedShare"":null}","[""출발가 296,000원(2026-09-28) → 실제 290,500원(2026-09-29, 1거래일) -1.86% · 예측 중앙 295,753원 -0.08% · 오차 +1.81%(절대 오차율 1.81%, 허용 1.5%)"",""방향: 예측 하락(50%) · 실제 하락 → 정답 · 80% 띠 담김(폭 6.0%)"",""실제값 정정 이력 2건"",""실제 종가 관측 시각 2026-09-29T09:31:18.000Z(16:00 KST 이후 · 지연 관측)""]","[""선택 모형의 기대 누적 +0.11% = 절편 +0.15% + 자기 추세 -0.04% + 52종목 폭·평균 -0.00% · 실제 -1.86%""]","[{""category"":""자료 오류"",""evidence"":""실제값 정정 2건"",""counterEvidence"":""정정 뒤 값으로 채점됨"",""strength"":""약""}]","[""수급(외국인·기관·개인)·심리·과열·영향 시차·요인 중복·가중치는 이 셀에서 검증 자료 없음(실험 기록·시간순 검증에서만 판단)""]","[""자료 오류""]","{""luckySuspect"":false,""reasonableProcess"":false,""luckyNote"":null,""reasonableNote"":null}","{""confirmedFacts"":[""출발가 296,000원(2026-09-28) → 실제 290,500원(2026-09-29, 1거래일) -1.86% · 예측 중앙 295,753원 -0.08% · 오차 +1.81%(절대 오차율 1.81%, 허용 1.5%)"",""방향: 예측 하락(50%) · 실제 하락 → 정답 · 80% 띠 담김(폭 6.0%)"",""실제값 정정 이력 2건"",""실제 종가 관측 시각 2026-09-29T09:31:18.000Z(16:00 KST 이후 · 지연 관측)""],""modelInternal"":[""선택 모형의 기대 누적 +0.11% = 절편 +0.15% + 자기 추세 -0.04% + 52종목 폭·평균 -0.00% · 실제 -1.86%""],""causeHypotheses"":[""자료 오류""],""unverified"":[""수급(외국인·기관·개인)·심리·과열·영향 시차·요인 중복·가중치는 이 셀에서 검증 자료 없음(실험 기록·시간순 검증에서만 판단)""]}"
analysis-70fc90dce876c468,analysis,2026-09-29,2026-09-29T09:31:18Z,,,"{""forecastId"":""2026-09-28-rolling20-13cd892134e517b4"",""modelVersion"":""atlas-rolling20-A""}",live,,,,,,,,,,,,,,329180,HD현대중공업,heavy,2026-09-28-rolling20-13cd892134e517b4,atlas-rolling20-A,2026-09-28,2026-09-29,1,4,방향·크기 모두 틀림,false,false,true,3.0070284585545677,"{""realizedLog"":-0.026362558209912654,""predictedLog"":0.003264479165256827,""errorLog"":0.02962703737516948,""basketCumLog"":null,""beta"":1.0075,""marketPartLog"":null,""residualPartLog"":null,""marketShare"":null,""unexplainedShare"":null}","[""출발가 442,000원(2026-09-28) → 실제 430,500원(2026-09-29, 1거래일) -2.60% · 예측 중앙 443,445원 +0.33% · 오차 +3.01%(절대 오차율 3.01%, 허용 1.5%)"",""방향: 예측 상승(54%) · 실제 하락 → 오답 · 80% 띠 담김(폭 8.5%)"",""실제값 정정 이력 1건"",""실제 종가 관측 시각 2026-09-29T09:31:18.000Z(16:00 KST 이후 · 지연 관측)""]","[""선택 모형의 기대 누적 +0.38% = 절편 +0.10% + 자기 추세 +0.33% + 52종목 폭·평균 -0.05% · 실제 -2.60%"",""실제 방향과 반대로 기여한 항: F35 (모형 내부 설명 · 인과 아님)""]","[{""category"":""자료 오류"",""evidence"":""실제값 정정 1건"",""counterEvidence"":""정정 뒤 값으로 채점됨"",""strength"":""약""}]","[""수급(외국인·기관·개인)·심리·과열·영향 시차·요인 중복·가중치는 이 셀에서 검증 자료 없음(실험 기록·시간순 검증에서만 판단)""]","[""자료 오류""]","{""luckySuspect"":false,""reasonableProcess"":true,""luckyNote"":null,""reasonableNote"":""방향은 틀렸지만 실제값이 모형 80% 띠 안 → 판단 과정은 분포 안""}","{""confirmedFacts"":[""출발가 442,000원(2026-09-28) → 실제 430,500원(2026-09-29, 1거래일) -2.60% · 예측 중앙 443,445원 +0.33% · 오차 +3.01%(절대 오차율 3.01%, 허용 1.5%)"",""방향: 예측 상승(54%) · 실제 하락 → 오답 · 80% 띠 담김(폭 8.5%)"",""실제값 정정 이력 1건"",""실제 종가 관측 시각 2026-09-29T09:31:18.000Z(16:00 KST 이후 · 지연 관측)""],""modelInternal"":[""선택 모형의 기대 누적 +0.38% = 절편 +0.10% + 자기 추세 +0.33% + 52종목 폭·평균 -0.05% · 실제 -2.60%"",""실제 방향과 반대로 기여한 항: F35 (모형 내부 설명 · 인과 아님)""],""causeHypotheses"":[""자료 오류""],""unverified"":[""수급(외국인·기관·개인)·심리·과열·영향 시차·요인 중복·가중치는 이 셀에서 검증 자료 없음(실험 기록·시간순 검증에서만 판단)""]}"
analysis-d104ea99ac13bf8b,analysis,2026-09-29,2026-09-29T09:31:18Z,,,"{""forecastId"":""2026-09-28-rolling20-13cd892134e517b4"",""modelVersion"":""atlas-rolling20-A""}",live,,,,,,,,,,,,,,034730,SK,util,2026-09-28-rolling20-13cd892134e517b4,atlas-rolling20-A,2026-09-28,2026-09-29,1,3,크기 허용·방향 틀림,false,true,true,1.051089618644217,"{""realizedLog"":0.00861331767811493,""predictedLog"":-0.0019532081324840577,""errorLog"":-0.010566525810598987,""basketCumLog"":null,""beta"":1.3807,""marketPartLog"":null,""residualPartLog"":null,""marketShare"":null,""unexplainedShare"":null}","[""출발가 578,000원(2026-09-28) → 실제 583,000원(2026-09-29, 1거래일) +0.87% · 예측 중앙 576,872원 -0.20% · 오차 -1.05%(절대 오차율 1.05%, 허용 1.5%)"",""방향: 예측 하락(51%) · 실제 상승 → 오답 · 80% 띠 담김(폭 9.3%)"",""실제값 정정 이력 2건"",""실제 종가 관측 시각 2026-09-29T09:31:18.000Z(16:00 KST 이후 · 지연 관측)""]","[""선택 모형의 기대 누적 0.00% = 절편 0.00% + 자기 추세 0.00% + 52종목 폭·평균 0.00% · 실제 +0.87%""]","[{""category"":""자료 오류"",""evidence"":""실제값 정정 2건"",""counterEvidence"":""정정 뒤 값으로 채점됨"",""strength"":""약""}]","[""수급(외국인·기관·개인)·심리·과열·영향 시차·요인 중복·가중치는 이 셀에서 검증 자료 없음(실험 기록·시간순 검증에서만 판단)""]","[""자료 오류""]","{""luckySuspect"":false,""reasonableProcess"":true,""luckyNote"":null,""reasonableNote"":""방향은 틀렸지만 실제값이 모형 80% 띠 안 → 판단 과정은 분포 안""}","{""confirmedFacts"":[""출발가 578,000원(2026-09-28) → 실제 583,000원(2026-09-29, 1거래일) +0.87% · 예측 중앙 576,872원 -0.20% · 오차 -1.05%(절대 오차율 1.05%, 허용 1.5%)"",""방향: 예측 하락(51%) · 실제 상승 → 오답 · 80% 띠 담김(폭 9.3%)"",""실제값 정정 이력 2건"",""실제 종가 관측 시각 2026-09-29T09:31:18.000Z(16:00 KST 이후 · 지연 관측)""],""modelInternal"":[""선택 모형의 기대 누적 0.00% = 절편 0.00% + 자기 추세 0.00% + 52종목 폭·평균 0.00% · 실제 +0.87%""],""causeHypotheses"":[""자료 오류""],""unverified"":[""수급(외국인·기관·개인)·심리·과열·영향 시차·요인 중복·가중치는 이 셀에서 검증 자료 없음(실험 기록·시간순 검증에서만 판단)""]}"
analysis-cdb935680b58ab0b,analysis,2026-09-29,2026-09-29T09:31:18Z,,,"{""forecastId"":""2026-09-28-rolling20-13cd892134e517b4"",""modelVersion"":""atlas-rolling20-A""}",live,,,,,,,,,,,,,,000810,삼성화재,fin,2026-09-28-rolling20-13cd892134e517b4,atlas-rolling20-A,2026-09-28,2026-09-29,1,1,방향·크기 모두 맞음,true,true,true,1.354367046040367,"{""realizedLog"":-0.015244197643117081,""predictedLog"":-0.0017914228993783391,""errorLog"":0.013452774743738741,""basketCumLog"":null,""beta"":0.8304,""marketPartLog"":null,""residualPartLog"":null,""marketShare"":null,""unexplainedShare"":null}","[""출발가 661,000원(2026-09-28) → 실제 651,000원(2026-09-29, 1거래일) -1.51% · 예측 중앙 659,817원 -0.18% · 오차 +1.35%(절대 오차율 1.35%, 허용 1.5%)"",""방향: 예측 하락(52%) · 실제 하락 → 정답 · 80% 띠 담김(폭 5.3%)"",""실제값 정정 이력 2건"",""실제 종가 관측 시각 2026-09-29T09:31:18.000Z(16:00 KST 이후 · 지연 관측)""]","[""선택 모형의 기대 누적 0.00% = 절편 0.00% + 자기 추세 0.00% + 52종목 폭·평균 0.00% · 실제 -1.51%""]",[],"[""수급(외국인·기관·개인)·심리·과열·영향 시차·요인 중복·가중치는 이 셀에서 검증 자료 없음(실험 기록·시간순 검증에서만 판단)""]",[],"{""luckySuspect"":false,""reasonableProcess"":false,""luckyNote"":null,""reasonableNote"":null}","{""confirmedFacts"":[""출발가 661,000원(2026-09-28) → 실제 651,000원(2026-09-29, 1거래일) -1.51% · 예측 중앙 659,817원 -0.18% · 오차 +1.35%(절대 오차율 1.35%, 허용 1.5%)"",""방향: 예측 하락(52%) · 실제 하락 → 정답 · 80% 띠 담김(폭 5.3%)"",""실제값 정정 이력 2건"",""실제 종가 관측 시각 2026-09-29T09:31:18.000Z(16:00 KST 이후 · 지연 관측)""],""modelInternal"":[""선택 모형의 기대 누적 0.00% = 절편 0.00% + 자기 추세 0.00% + 52종목 폭·평균 0.00% · 실제 -1.51%""],""causeHypotheses"":[],""unverified"":[""수급(외국인·기관·개인)·심리·과열·영향 시차·요인 중복·가중치는 이 셀에서 검증 자료 없음(실험 기록·시간순 검증에서만 판단)""]}"
analysis-436c1ca34fc76e08,analysis,2026-09-29,2026-09-29T09:31:18Z,,,"{""forecastId"":""2026-09-28-rolling20-13cd892134e517b4"",""modelVersion"":""atlas-rolling20-A""}",live,,,,,,,,,,,,,,011200,HMM,auto,2026-09-28-rolling20-13cd892134e517b4,atlas-rolling20-A,2026-09-28,2026-09-29,1,2,방향 맞고 크기 틀림,true,false,true,1.6385230958580754,"{""realizedLog"":-0.016607736399660525,""predictedLog"":-0.00035529477868780936,""errorLog"":0.016252441620972717,""basketCumLog"":null,""beta"":0.6513,""marketPartLog"":null,""residualPartLog"":null,""marketShare"":null,""unexplainedShare"":null}","[""출발가 21,250원(2026-09-28) → 실제 20,900원(2026-09-29, 1거래일) -1.65% · 예측 중앙 21,242원 -0.04% · 오차 +1.64%(절대 오차율 1.64%, 허용 1.5%)"",""방향: 예측 하락(49%) · 실제 하락 → 정답 · 80% 띠 담김(폭 5.0%)"",""실제값 정정 이력 2건"",""실제 종가 관측 시각 2026-09-29T09:31:18.000Z(16:00 KST 이후 · 지연 관측)""]","[""선택 모형의 기대 누적 0.00% = 절편 0.00% + 자기 추세 0.00% + 52종목 폭·평균 0.00% · 실제 -1.65%""]","[{""category"":""자료 오류"",""evidence"":""실제값 정정 2건"",""counterEvidence"":""정정 뒤 값으로 채점됨"",""strength"":""약""}]","[""수급(외국인·기관·개인)·심리·과열·영향 시차·요인 중복·가중치는 이 셀에서 검증 자료 없음(실험 기록·시간순 검증에서만 판단)""]","[""자료 오류""]","{""luckySuspect"":false,""reasonableProcess"":false,""luckyNote"":null,""reasonableNote"":null}","{""confirmedFacts"":[""출발가 21,250원(2026-09-28) → 실제 20,900원(2026-09-29, 1거래일) -1.65% · 예측 중앙 21,242원 -0.04% · 오차 +1.64%(절대 오차율 1.64%, 허용 1.5%)"",""방향: 예측 하락(49%) · 실제 하락 → 정답 · 80% 띠 담김(폭 5.0%)"",""실제값 정정 이력 2건"",""실제 종가 관측 시각 2026-09-29T09:31:18.000Z(16:00 KST 이후 · 지연 관측)""],""modelInternal"":[""선택 모형의 기대 누적 0.00% = 절편 0.00% + 자기 추세 0.00% + 52종목 폭·평균 0.00% · 실제 -1.65%""],""causeHypotheses"":[""자료 오류""],""unverified"":[""수급(외국인·기관·개인)·심리·과열·영향 시차·요인 중복·가중치는 이 셀에서 검증 자료 없음(실험 기록·시간순 검증에서만 판단)""]}"
analysis-d8070a7bf0a91ee6,analysis,2026-09-29,2026-09-29T09:31:18Z,,,"{""forecastId"":""2026-09-28-rolling20-13cd892134e517b4"",""modelVersion"":""atlas-rolling20-A""}",live,,,,,,,,,,,,,,033780,KT&G,cons,2026-09-28-rolling20-13cd892134e517b4,atlas-rolling20-A,2026-09-28,2026-09-29,1,3,크기 허용·방향 틀림,false,true,true,0.47370605762341045,"{""realizedLog"":0.003982935564077854,""predictedLog"":-0.0007653804427794358,""errorLog"":-0.00474831600685729,""basketCumLog"":null,""beta"":0.2734,""marketPartLog"":null,""residualPartLog"":null,""marketShare"":null,""unexplainedShare"":null}","[""출발가 175,400원(2026-09-28) → 실제 176,100원(2026-09-29, 1거래일) +0.40% · 예측 중앙 175,266원 -0.08% · 오차 -0.47%(절대 오차율 0.47%, 허용 1.5%)"",""방향: 예측 하락(50%) · 실제 상승 → 오답 · 80% 띠 담김(폭 4.0%)"",""실제값 정정 이력 1건"",""실제 종가 관측 시각 2026-09-29T09:31:18.000Z(16:00 KST 이후 · 지연 관측)""]","[""선택 모형의 기대 누적 +0.00% = 절편 +0.07% + 자기 추세 -0.08% + 52종목 폭·평균 +0.01% · 실제 +0.40%"",""실제 방향과 반대로 기여한 항: F35 (모형 내부 설명 · 인과 아님)""]","[{""category"":""자료 오류"",""evidence"":""실제값 정정 1건"",""counterEvidence"":""정정 뒤 값으로 채점됨"",""strength"":""약""}]","[""수급(외국인·기관·개인)·심리·과열·영향 시차·요인 중복·가중치는 이 셀에서 검증 자료 없음(실험 기록·시간순 검증에서만 판단)""]","[""자료 오류""]","{""luckySuspect"":false,""reasonableProcess"":true,""luckyNote"":null,""reasonableNote"":""방향은 틀렸지만 실제값이 모형 80% 띠 안 → 판단 과정은 분포 안""}","{""confirmedFacts"":[""출발가 175,400원(2026-09-28) → 실제 176,100원(2026-09-29, 1거래일) +0.40% · 예측 중앙 175,266원 -0.08% · 오차 -0.47%(절대 오차율 0.47%, 허용 1.5%)"",""방향: 예측 하락(50%) · 실제 상승 → 오답 · 80% 띠 담김(폭 4.0%)"",""실제값 정정 이력 1건"",""실제 종가 관측 시각 2026-09-29T09:31:18.000Z(16:00 KST 이후 · 지연 관측)""],""modelInternal"":[""선택 모형의 기대 누적 +0.00% = 절편 +0.07% + 자기 추세 -0.08% + 52종목 폭·평균 +0.01% · 실제 +0.40%"",""실제 방향과 반대로 기여한 항: F35 (모형 내부 설명 · 인과 아님)""],""causeHypotheses"":[""자료 오류""],""unverified"":[""수급(외국인·기관·개인)·심리·과열·영향 시차·요인 중복·가중치는 이 셀에서 검증 자료 없음(실험 기록·시간순 검증에서만 판단)""]}"
analysis-fa2f7d5a01a265e5,analysis,2026-09-29,2026-09-29T09:31:18Z,,,"{""forecastId"":""2026-09-28-rolling20-13cd892134e517b4"",""modelVersion"":""atlas-rolling20-A""}",live,,,,,,,,,,,,,,018260,삼성에스디에스,semi,2026-09-28-rolling20-13cd892134e517b4,atlas-rolling20-A,2026-09-28,2026-09-29,1,1,방향·크기 모두 맞음,true,true,true,1.055016260566276,"{""realizedLog"":-0.011481182373956254,""predictedLog"":-0.0009862843732452008,""errorLog"":0.010494898000711054,""basketCumLog"":null,""beta"":1.0842,""marketPartLog"":null,""residualPartLog"":null,""marketShare"":null,""unexplainedShare"":null}","[""출발가 219,000원(2026-09-28) → 실제 216,500원(2026-09-29, 1거래일) -1.14% · 예측 중앙 218,784원 -0.10% · 오차 +1.06%(절대 오차율 1.06%, 허용 1.5%)"",""방향: 예측 하락(48%) · 실제 하락 → 정답 · 80% 띠 담김(폭 5.6%)"",""실제값 정정 이력 2건"",""실제 종가 관측 시각 2026-09-29T09:31:18.000Z(16:00 KST 이후 · 지연 관측)""]","[""선택 모형의 기대 누적 0.00% = 절편 0.00% + 자기 추세 0.00% + 52종목 폭·평균 0.00% · 실제 -1.14%""]",[],"[""수급(외국인·기관·개인)·심리·과열·영향 시차·요인 중복·가중치는 이 셀에서 검증 자료 없음(실험 기록·시간순 검증에서만 판단)""]",[],"{""luckySuspect"":false,""reasonableProcess"":false,""luckyNote"":null,""reasonableNote"":null}","{""confirmedFacts"":[""출발가 219,000원(2026-09-28) → 실제 216,500원(2026-09-29, 1거래일) -1.14% · 예측 중앙 218,784원 -0.10% · 오차 +1.06%(절대 오차율 1.06%, 허용 1.5%)"",""방향: 예측 하락(48%) · 실제 하락 → 정답 · 80% 띠 담김(폭 5.6%)"",""실제값 정정 이력 2건"",""실제 종가 관측 시각 2026-09-29T09:31:18.000Z(16:00 KST 이후 · 지연 관측)""],""modelInternal"":[""선택 모형의 기대 누적 0.00% = 절편 0.00% + 자기 추세 0.00% + 52종목 폭·평균 0.00% · 실제 -1.14%""],""causeHypotheses"":[],""unverified"":[""수급(외국인·기관·개인)·심리·과열·영향 시차·요인 중복·가중치는 이 셀에서 검증 자료 없음(실험 기록·시간순 검증에서만 판단)""]}"
analysis-404cb3bec494c430,analysis,2026-09-29,2026-09-29T09:31:18Z,,,"{""forecastId"":""2026-09-28-rolling20-13cd892134e517b4"",""modelVersion"":""atlas-rolling20-A""}",live,,,,,,,,,,,,,,030200,KT,net,2026-09-28-rolling20-13cd892134e517b4,atlas-rolling20-A,2026-09-28,2026-09-29,1,3,크기 허용·방향 틀림,false,true,true,0.5895671408512574,"{""realizedLog"":-0.005687219120589576,""predictedLog"":0.00019114082571512026,""errorLog"":0.005878359946304697,""basketCumLog"":null,""beta"":0.4,""marketPartLog"":null,""residualPartLog"":null,""marketShare"":null,""unexplainedShare"":null}","[""출발가 52,900원(2026-09-28) → 실제 52,600원(2026-09-29, 1거래일) -0.57% · 예측 중앙 52,910원 +0.02% · 오차 +0.59%(절대 오차율 0.59%, 허용 1.5%)"",""방향: 예측 상승(47%) · 실제 하락 → 오답 · 80% 띠 담김(폭 3.2%)"",""실제값 정정 이력 2건"",""실제 종가 관측 시각 2026-09-29T09:31:18.000Z(16:00 KST 이후 · 지연 관측)""]","[""선택 모형의 기대 누적 0.00% = 절편 0.00% + 자기 추세 0.00% + 52종목 폭·평균 0.00% · 실제 -0.57%""]","[{""category"":""자료 오류"",""evidence"":""실제값 정정 2건"",""counterEvidence"":""정정 뒤 값으로 채점됨"",""strength"":""약""}]","[""수급(외국인·기관·개인)·심리·과열·영향 시차·요인 중복·가중치는 이 셀에서 검증 자료 없음(실험 기록·시간순 검증에서만 판단)""]","[""자료 오류""]","{""luckySuspect"":false,""reasonableProcess"":true,""luckyNote"":null,""reasonableNote"":""방향은 틀렸지만 실제값이 모형 80% 띠 안 → 판단 과정은 분포 안""}","{""confirmedFacts"":[""출발가 52,900원(2026-09-28) → 실제 52,600원(2026-09-29, 1거래일) -0.57% · 예측 중앙 52,910원 +0.02% · 오차 +0.59%(절대 오차율 0.59%, 허용 1.5%)"",""방향: 예측 상승(47%) · 실제 하락 → 오답 · 80% 띠 담김(폭 3.2%)"",""실제값 정정 이력 2건"",""실제 종가 관측 시각 2026-09-29T09:31:18.000Z(16:00 KST 이후 · 지연 관측)""],""modelInternal"":[""선택 모형의 기대 누적 0.00% = 절편 0.00% + 자기 추세 0.00% + 52종목 폭·평균 0.00% · 실제 -0.57%""],""causeHypotheses"":[""자료 오류""],""unverified"":[""수급(외국인·기관·개인)·심리·과열·영향 시차·요인 중복·가중치는 이 셀에서 검증 자료 없음(실험 기록·시간순 검증에서만 판단)""]}"
analysis-6f8c3effc131b3bd,analysis,2026-09-29,2026-09-29T09:31:18Z,,,"{""forecastId"":""2026-09-28-rolling20-13cd892134e517b4"",""modelVersion"":""atlas-rolling20-A""}",live,,,,,,,,,,,,,,003230,삼양식품,cons,2026-09-28-rolling20-13cd892134e517b4,atlas-rolling20-A,2026-09-28,2026-09-29,1,3,크기 허용·방향 틀림,false,true,true,0.8150807484402894,"{""realizedLog"":0.004106781952653502,""predictedLog"":-0.00407742497517411,""errorLog"":-0.008184206927827613,""basketCumLog"":null,""beta"":0.6817,""marketPartLog"":null,""residualPartLog"":null,""marketShare"":null,""unexplainedShare"":null}","[""출발가 1,215,000원(2026-09-28) → 실제 1,220,000원(2026-09-29, 1거래일) +0.41% · 예측 중앙 1,210,056원 -0.41% · 오차 -0.82%(절대 오차율 0.82%, 허용 1.5%)"",""방향: 예측 하락(54%) · 실제 상승 → 오답 · 80% 띠 담김(폭 7.4%)"",""실제값 정정 이력 2건"",""실제 종가 관측 시각 2026-09-29T09:31:18.000Z(16:00 KST 이후 · 지연 관측)""]","[""선택 모형의 기대 누적 0.00% = 절편 0.00% + 자기 추세 0.00% + 52종목 폭·평균 0.00% · 실제 +0.41%""]","[{""category"":""자료 오류"",""evidence"":""실제값 정정 2건"",""counterEvidence"":""정정 뒤 값으로 채점됨"",""strength"":""약""}]","[""수급(외국인·기관·개인)·심리·과열·영향 시차·요인 중복·가중치는 이 셀에서 검증 자료 없음(실험 기록·시간순 검증에서만 판단)""]","[""자료 오류""]","{""luckySuspect"":false,""reasonableProcess"":true,""luckyNote"":null,""reasonableNote"":""방향은 틀렸지만 실제값이 모형 80% 띠 안 → 판단 과정은 분포 안""}","{""confirmedFacts"":[""출발가 1,215,000원(2026-09-28) → 실제 1,220,000원(2026-09-29, 1거래일) +0.41% · 예측 중앙 1,210,056원 -0.41% · 오차 -0.82%(절대 오차율 0.82%, 허용 1.5%)"",""방향: 예측 하락(54%) · 실제 상승 → 오답 · 80% 띠 담김(폭 7.4%)"",""실제값 정정 이력 2건"",""실제 종가 관측 시각 2026-09-29T09:31:18.000Z(16:00 KST 이후 · 지연 관측)""],""modelInternal"":[""선택 모형의 기대 누적 0.00% = 절편 0.00% + 자기 추세 0.00% + 52종목 폭·평균 0.00% · 실제 +0.41%""],""causeHypotheses"":[""자료 오류""],""unverified"":[""수급(외국인·기관·개인)·심리·과열·영향 시차·요인 중복·가중치는 이 셀에서 검증 자료 없음(실험 기록·시간순 검증에서만 판단)""]}"
analysis-963f74e485d39057,analysis,2026-09-29,2026-09-29T09:31:18Z,,,"{""forecastId"":""2026-09-28-rolling20-13cd892134e517b4"",""modelVersion"":""atlas-rolling20-A""}",live,,,,,,,,,,,,,,029780,삼성카드,fin,2026-09-28-rolling20-13cd892134e517b4,atlas-rolling20-A,2026-09-28,2026-09-29,1,4,방향·크기 모두 틀림,false,false,false,1.9646036544170655,"{""realizedLog"":-0.019802627296179754,""predictedLog"":-0.0003470832223247104,""errorLog"":0.019455544073855045,""basketCumLog"":null,""beta"":0.3975,""marketPartLog"":null,""residualPartLog"":null,""marketShare"":null,""unexplainedShare"":null}","[""출발가 43,350원(2026-09-28) → 실제 42,500원(2026-09-29, 1거래일) -1.96% · 예측 중앙 43,335원 -0.03% · 오차 +1.96%(절대 오차율 1.96%, 허용 1.5%)"",""방향: 예측 상승(47%) · 실제 하락 → 오답 · 80% 띠 벗어남(폭 3.4%)"",""실제값 정정 이력 2건"",""실제 종가 관측 시각 2026-09-29T09:31:18.000Z(16:00 KST 이후 · 지연 관측)""]","[""선택 모형의 기대 누적 0.00% = 절편 0.00% + 자기 추세 0.00% + 52종목 폭·평균 0.00% · 실제 -1.96%""]","[{""category"":""변동성·범위"",""evidence"":""실제값이 80% 띠 밖(폭 3.4% · 실제 이동 -1.96%)"",""counterEvidence"":""80% 띠는 명목이며 개별 셀의 벗어남은 정상 범위일 수 있음(담김률로 판단)"",""strength"":""중""},{""category"":""자료 오류"",""evidence"":""실제값 정정 2건"",""counterEvidence"":""정정 뒤 값으로 채점됨"",""strength"":""약""}]","[""수급(외국인·기관·개인)·심리·과열·영향 시차·요인 중복·가중치는 이 셀에서 검증 자료 없음(실험 기록·시간순 검증에서만 판단)""]","[""변동성·범위"",""자료 오류""]","{""luckySuspect"":false,""reasonableProcess"":false,""luckyNote"":null,""reasonableNote"":null}","{""confirmedFacts"":[""출발가 43,350원(2026-09-28) → 실제 42,500원(2026-09-29, 1거래일) -1.96% · 예측 중앙 43,335원 -0.03% · 오차 +1.96%(절대 오차율 1.96%, 허용 1.5%)"",""방향: 예측 상승(47%) · 실제 하락 → 오답 · 80% 띠 벗어남(폭 3.4%)"",""실제값 정정 이력 2건"",""실제 종가 관측 시각 2026-09-29T09:31:18.000Z(16:00 KST 이후 · 지연 관측)""],""modelInternal"":[""선택 모형의 기대 누적 0.00% = 절편 0.00% + 자기 추세 0.00% + 52종목 폭·평균 0.00% · 실제 -1.96%""],""causeHypotheses"":[""변동성·범위"",""자료 오류""],""unverified"":[""수급(외국인·기관·개인)·심리·과열·영향 시차·요인 중복·가중치는 이 셀에서 검증 자료 없음(실험 기록·시간순 검증에서만 판단)""]}"
analysis-f18f4c3b829ee12d,analysis,2026-09-29,2026-09-29T09:31:18Z,,,"{""forecastId"":""2026-09-28-rolling20-13cd892134e517b4"",""modelVersion"":""atlas-rolling20-A""}",live,,,,,,,,,,,,,,036460,한국가스공사,util,2026-09-28-rolling20-13cd892134e517b4,atlas-rolling20-A,2026-09-28,2026-09-29,1,1,방향·크기 모두 맞음,true,true,true,1.3630301114417254,"{""realizedLog"":-0.014184634991956413,""predictedLog"":-0.0006463908654404273,""errorLog"":0.013538244126515985,""basketCumLog"":null,""beta"":0.6745,""marketPartLog"":null,""residualPartLog"":null,""marketShare"":null,""unexplainedShare"":null}","[""출발가 35,500원(2026-09-28) → 실제 35,000원(2026-09-29, 1거래일) -1.41% · 예측 중앙 35,477원 -0.06% · 오차 +1.36%(절대 오차율 1.36%, 허용 1.5%)"",""방향: 예측 하락(48%) · 실제 하락 → 정답 · 80% 띠 담김(폭 3.9%)"",""실제값 정정 이력 1건"",""실제 종가 관측 시각 2026-09-29T09:31:18.000Z(16:00 KST 이후 · 지연 관측)""]","[""선택 모형의 기대 누적 -0.04% = 절편 -0.03% + 자기 추세 -0.03% + 52종목 폭·평균 +0.03% · 실제 -1.41%"",""실제 방향과 반대로 기여한 항: F11 (모형 내부 설명 · 인과 아님)""]",[],"[""수급(외국인·기관·개인)·심리·과열·영향 시차·요인 중복·가중치는 이 셀에서 검증 자료 없음(실험 기록·시간순 검증에서만 판단)""]",[],"{""luckySuspect"":false,""reasonableProcess"":false,""luckyNote"":null,""reasonableNote"":null}","{""confirmedFacts"":[""출발가 35,500원(2026-09-28) → 실제 35,000원(2026-09-29, 1거래일) -1.41% · 예측 중앙 35,477원 -0.06% · 오차 +1.36%(절대 오차율 1.36%, 허용 1.5%)"",""방향: 예측 하락(48%) · 실제 하락 → 정답 · 80% 띠 담김(폭 3.9%)"",""실제값 정정 이력 1건"",""실제 종가 관측 시각 2026-09-29T09:31:18.000Z(16:00 KST 이후 · 지연 관측)""],""modelInternal"":[""선택 모형의 기대 누적 -0.04% = 절편 -0.03% + 자기 추세 -0.03% + 52종목 폭·평균 +0.03% · 실제 -1.41%"",""실제 방향과 반대로 기여한 항: F11 (모형 내부 설명 · 인과 아님)""],""causeHypotheses"":[],""unverified"":[""수급(외국인·기관·개인)·심리·과열·영향 시차·요인 중복·가중치는 이 셀에서 검증 자료 없음(실험 기록·시간순 검증에서만 판단)""]}"
analysis-a43a77c8024c5f92,analysis,2026-09-29,2026-09-29T09:31:18Z,,,"{""forecastId"":""2026-09-28-rolling20-13cd892134e517b4"",""modelVersion"":""atlas-rolling20-A""}",live,,,,,,,,,,,,,,004170,신세계,cons,2026-09-28-rolling20-13cd892134e517b4,atlas-rolling20-A,2026-09-28,2026-09-29,1,2,방향 맞고 크기 틀림,true,false,true,1.7311838531885644,"{""realizedLog"":-0.01762160134981956,""predictedLog"":-0.00045790539178172505,""errorLog"":0.017163695958037833,""basketCumLog"":null,""beta"":0.9942,""marketPartLog"":null,""residualPartLog"":null,""marketShare"":null,""unexplainedShare"":null}","[""출발가 343,500원(2026-09-28) → 실제 337,500원(2026-09-29, 1거래일) -1.75% · 예측 중앙 343,343원 -0.05% · 오차 +1.73%(절대 오차율 1.73%, 허용 1.5%)"",""방향: 예측 하락(49%) · 실제 하락 → 정답 · 80% 띠 담김(폭 8.1%)"",""실제값 정정 이력 2건"",""실제 종가 관측 시각 2026-09-29T09:31:18.000Z(16:00 KST 이후 · 지연 관측)""]","[""선택 모형의 기대 누적 +0.14% = 절편 +0.12% + 자기 추세 +0.01% + 52종목 폭·평균 +0.01% · 실제 -1.75%"",""실제 방향과 반대로 기여한 항: F35, F11 (모형 내부 설명 · 인과 아님)""]","[{""category"":""자료 오류"",""evidence"":""실제값 정정 2건"",""counterEvidence"":""정정 뒤 값으로 채점됨"",""strength"":""약""}]","[""수급(외국인·기관·개인)·심리·과열·영향 시차·요인 중복·가중치는 이 셀에서 검증 자료 없음(실험 기록·시간순 검증에서만 판단)""]","[""자료 오류""]","{""luckySuspect"":false,""reasonableProcess"":false,""luckyNote"":null,""reasonableNote"":null}","{""confirmedFacts"":[""출발가 343,500원(2026-09-28) → 실제 337,500원(2026-09-29, 1거래일) -1.75% · 예측 중앙 343,343원 -0.05% · 오차 +1.73%(절대 오차율 1.73%, 허용 1.5%)"",""방향: 예측 하락(49%) · 실제 하락 → 정답 · 80% 띠 담김(폭 8.1%)"",""실제값 정정 이력 2건"",""실제 종가 관측 시각 2026-09-29T09:31:18.000Z(16:00 KST 이후 · 지연 관측)""],""modelInternal"":[""선택 모형의 기대 누적 +0.14% = 절편 +0.12% + 자기 추세 +0.01% + 52종목 폭·평균 +0.01% · 실제 -1.75%"",""실제 방향과 반대로 기여한 항: F35, F11 (모형 내부 설명 · 인과 아님)""],""causeHypotheses"":[""자료 오류""],""unverified"":[""수급(외국인·기관·개인)·심리·과열·영향 시차·요인 중복·가중치는 이 셀에서 검증 자료 없음(실험 기록·시간순 검증에서만 판단)""]}"
analysis-1e84e0c9e0528503,analysis,2026-09-29,2026-09-29T09:31:18Z,,,"{""forecastId"":""2026-09-28-rolling20-13cd892134e517b4"",""modelVersion"":""atlas-rolling20-A""}",live,,,,,,,,,,,,,,111770,영원무역,cons,2026-09-28-rolling20-13cd892134e517b4,atlas-rolling20-A,2026-09-28,2026-09-29,1,1,방향·크기 모두 맞음,true,true,true,0.9219031322853387,"{""realizedLog"":-0.009852296443011594,""predictedLog"":-0.0006755010052427328,""errorLog"":0.00917679543776886,""basketCumLog"":null,""beta"":0.5629,""marketPartLog"":null,""residualPartLog"":null,""marketShare"":null,""unexplainedShare"":null}","[""출발가 71,400원(2026-09-28) → 실제 70,700원(2026-09-29, 1거래일) -0.98% · 예측 중앙 71,352원 -0.07% · 오차 +0.92%(절대 오차율 0.92%, 허용 1.5%)"",""방향: 예측 하락(49%) · 실제 하락 → 정답 · 80% 띠 담김(폭 5.3%)"",""실제값 정정 이력 2건"",""실제 종가 관측 시각 2026-09-29T09:31:18.000Z(16:00 KST 이후 · 지연 관측)""]","[""선택 모형의 기대 누적 -0.06% = 절편 +0.08% + 자기 추세 -0.22% + 52종목 폭·평균 +0.08% · 실제 -0.98%"",""실제 방향과 반대로 기여한 항: F11 (모형 내부 설명 · 인과 아님)""]",[],"[""수급(외국인·기관·개인)·심리·과열·영향 시차·요인 중복·가중치는 이 셀에서 검증 자료 없음(실험 기록·시간순 검증에서만 판단)""]",[],"{""luckySuspect"":false,""reasonableProcess"":false,""luckyNote"":null,""reasonableNote"":null}","{""confirmedFacts"":[""출발가 71,400원(2026-09-28) → 실제 70,700원(2026-09-29, 1거래일) -0.98% · 예측 중앙 71,352원 -0.07% · 오차 +0.92%(절대 오차율 0.92%, 허용 1.5%)"",""방향: 예측 하락(49%) · 실제 하락 → 정답 · 80% 띠 담김(폭 5.3%)"",""실제값 정정 이력 2건"",""실제 종가 관측 시각 2026-09-29T09:31:18.000Z(16:00 KST 이후 · 지연 관측)""],""modelInternal"":[""선택 모형의 기대 누적 -0.06% = 절편 +0.08% + 자기 추세 -0.22% + 52종목 폭·평균 +0.08% · 실제 -0.98%"",""실제 방향과 반대로 기여한 항: F11 (모형 내부 설명 · 인과 아님)""],""causeHypotheses"":[],""unverified"":[""수급(외국인·기관·개인)·심리·과열·영향 시차·요인 중복·가중치는 이 셀에서 검증 자료 없음(실험 기록·시간순 검증에서만 판단)""]}"
analysis-50b441f4aa45e634,analysis,2026-09-29,2026-09-29T09:31:18Z,,,"{""forecastId"":""2026-09-28-rolling20-13cd892134e517b4"",""modelVersion"":""atlas-rolling20-A""}",live,,,,,,,,,,,,,,257720,실리콘투,cons,2026-09-28-rolling20-13cd892134e517b4,atlas-rolling20-A,2026-09-28,2026-09-29,1,1,방향·크기 모두 맞음,true,true,true,1.073685455929071,"{""realizedLog"":-0.014313842305270098,""predictedLog"":-0.003634218481285694,""errorLog"":0.010679623823984404,""basketCumLog"":null,""beta"":0.9504,""marketPartLog"":null,""residualPartLog"":null,""marketShare"":null,""unexplainedShare"":null}","[""출발가 38,700원(2026-09-28) → 실제 38,150원(2026-09-29, 1거래일) -1.42% · 예측 중앙 38,560원 -0.36% · 오차 +1.07%(절대 오차율 1.07%, 허용 1.5%)"",""방향: 예측 하락(54%) · 실제 하락 → 정답 · 80% 띠 담김(폭 8.9%)"",""실제값 정정 이력 1건"",""실제 종가 관측 시각 2026-09-29T09:31:18.000Z(16:00 KST 이후 · 지연 관측)""]","[""선택 모형의 기대 누적 -0.26% = 절편 -0.01% + 자기 추세 -0.17% + 52종목 폭·평균 -0.09% · 실제 -1.42%""]",[],"[""수급(외국인·기관·개인)·심리·과열·영향 시차·요인 중복·가중치는 이 셀에서 검증 자료 없음(실험 기록·시간순 검증에서만 판단)""]",[],"{""luckySuspect"":false,""reasonableProcess"":false,""luckyNote"":null,""reasonableNote"":null}","{""confirmedFacts"":[""출발가 38,700원(2026-09-28) → 실제 38,150원(2026-09-29, 1거래일) -1.42% · 예측 중앙 38,560원 -0.36% · 오차 +1.07%(절대 오차율 1.07%, 허용 1.5%)"",""방향: 예측 하락(54%) · 실제 하락 → 정답 · 80% 띠 담김(폭 8.9%)"",""실제값 정정 이력 1건"",""실제 종가 관측 시각 2026-09-29T09:31:18.000Z(16:00 KST 이후 · 지연 관측)""],""modelInternal"":[""선택 모형의 기대 누적 -0.26% = 절편 -0.01% + 자기 추세 -0.17% + 52종목 폭·평균 -0.09% · 실제 -1.42%""],""causeHypotheses"":[],""unverified"":[""수급(외국인·기관·개인)·심리·과열·영향 시차·요인 중복·가중치는 이 셀에서 검증 자료 없음(실험 기록·시간순 검증에서만 판단)""]}"
analysis-aa5ee4aa0774549f,analysis,2026-09-29,2026-09-29T09:31:18Z,,,"{""forecastId"":""2026-09-28-rolling20-13cd892134e517b4"",""modelVersion"":""atlas-rolling20-A""}",live,,,,,,,,,,,,,,226950,올릭스,bio,2026-09-28-rolling20-13cd892134e517b4,atlas-rolling20-A,2026-09-28,2026-09-29,1,1,방향·크기 모두 맞음,true,true,true,1.3895078146219249,"{""realizedLog"":-0.01739174271186922,""predictedLog"":-0.003592316125182199,""errorLog"":0.013799426586687022,""basketCumLog"":null,""beta"":1.3719,""marketPartLog"":null,""residualPartLog"":null,""marketShare"":null,""unexplainedShare"":null}","[""출발가 104,400원(2026-09-28) → 실제 102,600원(2026-09-29, 1거래일) -1.72% · 예측 중앙 104,026원 -0.36% · 오차 +1.39%(절대 오차율 1.39%, 허용 1.5%)"",""방향: 예측 하락(54%) · 실제 하락 → 정답 · 80% 띠 담김(폭 14.1%)"",""실제값 정정 이력 2건"",""실제 종가 관측 시각 2026-09-29T09:31:18.000Z(16:00 KST 이후 · 지연 관측)""]","[""선택 모형의 기대 누적 0.00% = 절편 0.00% + 자기 추세 0.00% + 52종목 폭·평균 0.00% · 실제 -1.72%""]",[],"[""수급(외국인·기관·개인)·심리·과열·영향 시차·요인 중복·가중치는 이 셀에서 검증 자료 없음(실험 기록·시간순 검증에서만 판단)""]",[],"{""luckySuspect"":false,""reasonableProcess"":false,""luckyNote"":null,""reasonableNote"":null}","{""confirmedFacts"":[""출발가 104,400원(2026-09-28) → 실제 102,600원(2026-09-29, 1거래일) -1.72% · 예측 중앙 104,026원 -0.36% · 오차 +1.39%(절대 오차율 1.39%, 허용 1.5%)"",""방향: 예측 하락(54%) · 실제 하락 → 정답 · 80% 띠 담김(폭 14.1%)"",""실제값 정정 이력 2건"",""실제 종가 관측 시각 2026-09-29T09:31:18.000Z(16:00 KST 이후 · 지연 관측)""],""modelInternal"":[""선택 모형의 기대 누적 0.00% = 절편 0.00% + 자기 추세 0.00% + 52종목 폭·평균 0.00% · 실제 -1.72%""],""causeHypotheses"":[],""unverified"":[""수급(외국인·기관·개인)·심리·과열·영향 시차·요인 중복·가중치는 이 셀에서 검증 자료 없음(실험 기록·시간순 검증에서만 판단)""]}"
analysis-42e42dd80e121a07,analysis,2026-09-29,2026-09-29T09:31:18Z,,,"{""forecastId"":""2026-09-28-rolling20-13cd892134e517b4"",""modelVersion"":""atlas-rolling20-A""}",live,,,,,,,,,,,,,,030000,제일기획,net,2026-09-28-rolling20-13cd892134e517b4,atlas-rolling20-A,2026-09-28,2026-09-29,1,1,방향·크기 모두 맞음,true,true,true,0.07811830787595712,"{""realizedLog"":0.0011223345734787044,""predictedLog"":0.00034084621221981194,""errorLog"":-0.0007814883612588925,""basketCumLog"":null,""beta"":0.3386,""marketPartLog"":null,""residualPartLog"":null,""marketShare"":null,""unexplainedShare"":null}","[""출발가 17,810원(2026-09-28) → 실제 17,830원(2026-09-29, 1거래일) +0.11% · 예측 중앙 17,816원 +0.03% · 오차 -0.08%(절대 오차율 0.08%, 허용 1.5%)"",""방향: 예측 상승(48%) · 실제 상승 → 정답 · 80% 띠 담김(폭 3.2%)"",""실제값 정정 이력 2건"",""실제 종가 관측 시각 2026-09-29T09:31:18.000Z(16:00 KST 이후 · 지연 관측)""]","[""선택 모형의 기대 누적 0.00% = 절편 0.00% + 자기 추세 0.00% + 52종목 폭·평균 0.00% · 실제 +0.11%""]",[],"[""수급(외국인·기관·개인)·심리·과열·영향 시차·요인 중복·가중치는 이 셀에서 검증 자료 없음(실험 기록·시간순 검증에서만 판단)""]",[],"{""luckySuspect"":false,""reasonableProcess"":false,""luckyNote"":null,""reasonableNote"":null}","{""confirmedFacts"":[""출발가 17,810원(2026-09-28) → 실제 17,830원(2026-09-29, 1거래일) +0.11% · 예측 중앙 17,816원 +0.03% · 오차 -0.08%(절대 오차율 0.08%, 허용 1.5%)"",""방향: 예측 상승(48%) · 실제 상승 → 정답 · 80% 띠 담김(폭 3.2%)"",""실제값 정정 이력 2건"",""실제 종가 관측 시각 2026-09-29T09:31:18.000Z(16:00 KST 이후 · 지연 관측)""],""modelInternal"":[""선택 모형의 기대 누적 0.00% = 절편 0.00% + 자기 추세 0.00% + 52종목 폭·평균 0.00% · 실제 +0.11%""],""causeHypotheses"":[],""unverified"":[""수급(외국인·기관·개인)·심리·과열·영향 시차·요인 중복·가중치는 이 셀에서 검증 자료 없음(실험 기록·시간순 검증에서만 판단)""]}"
analysis-98a807c1934ff817,analysis,2026-09-29,2026-09-29T09:31:18Z,,,"{""forecastId"":""2026-09-28-atlas11-90616c6bc916e8d6"",""modelVersion"":""atlas11-A-1""}",live,,,,,,,,,,,,,,105560,KB금융,fin,2026-09-28-atlas11-90616c6bc916e8d6,atlas11-A-1,2026-09-28,2026-09-29,1,3,크기 허용·방향 틀림,false,true,true,0.8598605188048704,"{""realizedLog"":-0.006912469920623451,""predictedLog"":0.0016493778200589975,""errorLog"":0.008561847740682449,""basketCumLog"":null,""beta"":0.7869,""marketPartLog"":null,""residualPartLog"":null,""marketShare"":null,""unexplainedShare"":null}","[""출발가 174,200원(2026-09-28) → 실제 173,000원(2026-09-29, 1거래일) -0.69% · 예측 중앙 174,488원 +0.17% · 오차 +0.86%(절대 오차율 0.86%, 허용 1.5%)"",""방향: 예측 상승(52%) · 실제 하락 → 오답 · 80% 띠 담김(폭 4.7%)"",""실제값 정정 이력 1건"",""실제 종가 관측 시각 2026-09-29T09:31:18.000Z(16:00 KST 이후 · 지연 관측)""]","[""선택 모형의 기대 누적 +0.19% = 절편 +0.09% + 자기 추세 +0.02% + 52종목 폭·평균 +0.07% · 실제 -0.69%"",""실제 방향과 반대로 기여한 항: F35, F11 (모형 내부 설명 · 인과 아님)""]","[{""category"":""자료 오류"",""evidence"":""실제값 정정 1건"",""counterEvidence"":""정정 뒤 값으로 채점됨"",""strength"":""약""}]","[""수급(외국인·기관·개인)·심리·과열·영향 시차·요인 중복·가중치는 이 셀에서 검증 자료 없음(실험 기록·시간순 검증에서만 판단)""]","[""자료 오류""]","{""luckySuspect"":false,""reasonableProcess"":true,""luckyNote"":null,""reasonableNote"":""방향은 틀렸지만 실제값이 모형 80% 띠 안 → 판단 과정은 분포 안""}","{""confirmedFacts"":[""출발가 174,200원(2026-09-28) → 실제 173,000원(2026-09-29, 1거래일) -0.69% · 예측 중앙 174,488원 +0.17% · 오차 +0.86%(절대 오차율 0.86%, 허용 1.5%)"",""방향: 예측 상승(52%) · 실제 하락 → 오답 · 80% 띠 담김(폭 4.7%)"",""실제값 정정 이력 1건"",""실제 종가 관측 시각 2026-09-29T09:31:18.000Z(16:00 KST 이후 · 지연 관측)""],""modelInternal"":[""선택 모형의 기대 누적 +0.19% = 절편 +0.09% + 자기 추세 +0.02% + 52종목 폭·평균 +0.07% · 실제 -0.69%"",""실제 방향과 반대로 기여한 항: F35, F11 (모형 내부 설명 · 인과 아님)""],""causeHypotheses"":[""자료 오류""],""unverified"":[""수급(외국인·기관·개인)·심리·과열·영향 시차·요인 중복·가중치는 이 셀에서 검증 자료 없음(실험 기록·시간순 검증에서만 판단)""]}"
analysis-c078c36b442a9f83,analysis,2026-09-29,2026-09-29T09:31:18Z,,,"{""forecastId"":""2026-09-28-atlas11-90616c6bc916e8d6"",""modelVersion"":""atlas11-A-1""}",live,,,,,,,,,,,,,,032830,삼성생명보험,fin,2026-09-28-atlas11-90616c6bc916e8d6,atlas11-A-1,2026-09-28,2026-09-29,1,2,방향 맞고 크기 틀림,true,false,true,1.8083612771345527,"{""realizedLog"":-0.0187558780320944,""predictedLog"":-0.000833828923613086,""errorLog"":0.017922049108481313,""basketCumLog"":null,""beta"":1.2564,""marketPartLog"":null,""residualPartLog"":null,""marketShare"":null,""unexplainedShare"":null}","[""출발가 296,000원(2026-09-28) → 실제 290,500원(2026-09-29, 1거래일) -1.86% · 예측 중앙 295,753원 -0.08% · 오차 +1.81%(절대 오차율 1.81%, 허용 1.5%)"",""방향: 예측 하락(50%) · 실제 하락 → 정답 · 80% 띠 담김(폭 6.0%)"",""실제값 정정 이력 2건"",""실제 종가 관측 시각 2026-09-29T09:31:18.000Z(16:00 KST 이후 · 지연 관측)""]","[""선택 모형의 기대 누적 +0.11% = 절편 +0.15% + 자기 추세 -0.04% + 52종목 폭·평균 -0.00% · 실제 -1.86%""]","[{""category"":""자료 오류"",""evidence"":""실제값 정정 2건"",""counterEvidence"":""정정 뒤 값으로 채점됨"",""strength"":""약""}]","[""수급(외국인·기관·개인)·심리·과열·영향 시차·요인 중복·가중치는 이 셀에서 검증 자료 없음(실험 기록·시간순 검증에서만 판단)""]","[""자료 오류""]","{""luckySuspect"":false,""reasonableProcess"":false,""luckyNote"":null,""reasonableNote"":null}","{""confirmedFacts"":[""출발가 296,000원(2026-09-28) → 실제 290,500원(2026-09-29, 1거래일) -1.86% · 예측 중앙 295,753원 -0.08% · 오차 +1.81%(절대 오차율 1.81%, 허용 1.5%)"",""방향: 예측 하락(50%) · 실제 하락 → 정답 · 80% 띠 담김(폭 6.0%)"",""실제값 정정 이력 2건"",""실제 종가 관측 시각 2026-09-29T09:31:18.000Z(16:00 KST 이후 · 지연 관측)""],""modelInternal"":[""선택 모형의 기대 누적 +0.11% = 절편 +0.15% + 자기 추세 -0.04% + 52종목 폭·평균 -0.00% · 실제 -1.86%""],""causeHypotheses"":[""자료 오류""],""unverified"":[""수급(외국인·기관·개인)·심리·과열·영향 시차·요인 중복·가중치는 이 셀에서 검증 자료 없음(실험 기록·시간순 검증에서만 판단)""]}"
analysis-b23370fb0d2e37c3,analysis,2026-09-29,2026-09-29T09:31:18Z,,,"{""forecastId"":""2026-09-28-atlas11-90616c6bc916e8d6"",""modelVersion"":""atlas11-A-1""}",live,,,,,,,,,,,,,,329180,HD현대중공업,heavy,2026-09-28-atlas11-90616c6bc916e8d6,atlas11-A-1,2026-09-28,2026-09-29,1,4,방향·크기 모두 틀림,false,false,true,3.0070284585545677,"{""realizedLog"":-0.026362558209912654,""predictedLog"":0.003264479165256827,""errorLog"":0.02962703737516948,""basketCumLog"":null,""beta"":1.0075,""marketPartLog"":null,""residualPartLog"":null,""marketShare"":null,""unexplainedShare"":null}","[""출발가 442,000원(2026-09-28) → 실제 430,500원(2026-09-29, 1거래일) -2.60% · 예측 중앙 443,445원 +0.33% · 오차 +3.01%(절대 오차율 3.01%, 허용 1.5%)"",""방향: 예측 상승(54%) · 실제 하락 → 오답 · 80% 띠 담김(폭 8.5%)"",""실제값 정정 이력 1건"",""실제 종가 관측 시각 2026-09-29T09:31:18.000Z(16:00 KST 이후 · 지연 관측)""]","[""선택 모형의 기대 누적 +0.38% = 절편 +0.10% + 자기 추세 +0.33% + 52종목 폭·평균 -0.05% · 실제 -2.60%"",""실제 방향과 반대로 기여한 항: F35 (모형 내부 설명 · 인과 아님)""]","[{""category"":""자료 오류"",""evidence"":""실제값 정정 1건"",""counterEvidence"":""정정 뒤 값으로 채점됨"",""strength"":""약""}]","[""수급(외국인·기관·개인)·심리·과열·영향 시차·요인 중복·가중치는 이 셀에서 검증 자료 없음(실험 기록·시간순 검증에서만 판단)""]","[""자료 오류""]","{""luckySuspect"":false,""reasonableProcess"":true,""luckyNote"":null,""reasonableNote"":""방향은 틀렸지만 실제값이 모형 80% 띠 안 → 판단 과정은 분포 안""}","{""confirmedFacts"":[""출발가 442,000원(2026-09-28) → 실제 430,500원(2026-09-29, 1거래일) -2.60% · 예측 중앙 443,445원 +0.33% · 오차 +3.01%(절대 오차율 3.01%, 허용 1.5%)"",""방향: 예측 상승(54%) · 실제 하락 → 오답 · 80% 띠 담김(폭 8.5%)"",""실제값 정정 이력 1건"",""실제 종가 관측 시각 2026-09-29T09:31:18.000Z(16:00 KST 이후 · 지연 관측)""],""modelInternal"":[""선택 모형의 기대 누적 +0.38% = 절편 +0.10% + 자기 추세 +0.33% + 52종목 폭·평균 -0.05% · 실제 -2.60%"",""실제 방향과 반대로 기여한 항: F35 (모형 내부 설명 · 인과 아님)""],""causeHypotheses"":[""자료 오류""],""unverified"":[""수급(외국인·기관·개인)·심리·과열·영향 시차·요인 중복·가중치는 이 셀에서 검증 자료 없음(실험 기록·시간순 검증에서만 판단)""]}"
analysis-782c728cdae27f05,analysis,2026-09-29,2026-09-29T09:31:18Z,,,"{""forecastId"":""2026-09-28-atlas11-90616c6bc916e8d6"",""modelVersion"":""atlas11-A-1""}",live,,,,,,,,,,,,,,034730,SK,util,2026-09-28-atlas11-90616c6bc916e8d6,atlas11-A-1,2026-09-28,2026-09-29,1,3,크기 허용·방향 틀림,false,true,true,1.051089618644217,"{""realizedLog"":0.00861331767811493,""predictedLog"":-0.0019532081324840577,""errorLog"":-0.010566525810598987,""basketCumLog"":null,""beta"":1.3807,""marketPartLog"":null,""residualPartLog"":null,""marketShare"":null,""unexplainedShare"":null}","[""출발가 578,000원(2026-09-28) → 실제 583,000원(2026-09-29, 1거래일) +0.87% · 예측 중앙 576,872원 -0.20% · 오차 -1.05%(절대 오차율 1.05%, 허용 1.5%)"",""방향: 예측 하락(51%) · 실제 상승 → 오답 · 80% 띠 담김(폭 9.3%)"",""실제값 정정 이력 2건"",""실제 종가 관측 시각 2026-09-29T09:31:18.000Z(16:00 KST 이후 · 지연 관측)""]","[""선택 모형의 기대 누적 0.00% = 절편 0.00% + 자기 추세 0.00% + 52종목 폭·평균 0.00% · 실제 +0.87%""]","[{""category"":""자료 오류"",""evidence"":""실제값 정정 2건"",""counterEvidence"":""정정 뒤 값으로 채점됨"",""strength"":""약""}]","[""수급(외국인·기관·개인)·심리·과열·영향 시차·요인 중복·가중치는 이 셀에서 검증 자료 없음(실험 기록·시간순 검증에서만 판단)""]","[""자료 오류""]","{""luckySuspect"":false,""reasonableProcess"":true,""luckyNote"":null,""reasonableNote"":""방향은 틀렸지만 실제값이 모형 80% 띠 안 → 판단 과정은 분포 안""}","{""confirmedFacts"":[""출발가 578,000원(2026-09-28) → 실제 583,000원(2026-09-29, 1거래일) +0.87% · 예측 중앙 576,872원 -0.20% · 오차 -1.05%(절대 오차율 1.05%, 허용 1.5%)"",""방향: 예측 하락(51%) · 실제 상승 → 오답 · 80% 띠 담김(폭 9.3%)"",""실제값 정정 이력 2건"",""실제 종가 관측 시각 2026-09-29T09:31:18.000Z(16:00 KST 이후 · 지연 관측)""],""modelInternal"":[""선택 모형의 기대 누적 0.00% = 절편 0.00% + 자기 추세 0.00% + 52종목 폭·평균 0.00% · 실제 +0.87%""],""causeHypotheses"":[""자료 오류""],""unverified"":[""수급(외국인·기관·개인)·심리·과열·영향 시차·요인 중복·가중치는 이 셀에서 검증 자료 없음(실험 기록·시간순 검증에서만 판단)""]}"
analysis-27be2b6b2b614457,analysis,2026-09-29,2026-09-29T09:31:18Z,,,"{""forecastId"":""2026-09-28-atlas11-90616c6bc916e8d6"",""modelVersion"":""atlas11-A-1""}",live,,,,,,,,,,,,,,000810,삼성화재,fin,2026-09-28-atlas11-90616c6bc916e8d6,atlas11-A-1,2026-09-28,2026-09-29,1,1,방향·크기 모두 맞음,true,true,true,1.354367046040367,"{""realizedLog"":-0.015244197643117081,""predictedLog"":-0.0017914228993783391,""errorLog"":0.013452774743738741,""basketCumLog"":null,""beta"":0.8304,""marketPartLog"":null,""residualPartLog"":null,""marketShare"":null,""unexplainedShare"":null}","[""출발가 661,000원(2026-09-28) → 실제 651,000원(2026-09-29, 1거래일) -1.51% · 예측 중앙 659,817원 -0.18% · 오차 +1.35%(절대 오차율 1.35%, 허용 1.5%)"",""방향: 예측 하락(52%) · 실제 하락 → 정답 · 80% 띠 담김(폭 5.3%)"",""실제값 정정 이력 2건"",""실제 종가 관측 시각 2026-09-29T09:31:18.000Z(16:00 KST 이후 · 지연 관측)""]","[""선택 모형의 기대 누적 0.00% = 절편 0.00% + 자기 추세 0.00% + 52종목 폭·평균 0.00% · 실제 -1.51%""]",[],"[""수급(외국인·기관·개인)·심리·과열·영향 시차·요인 중복·가중치는 이 셀에서 검증 자료 없음(실험 기록·시간순 검증에서만 판단)""]",[],"{""luckySuspect"":false,""reasonableProcess"":false,""luckyNote"":null,""reasonableNote"":null}","{""confirmedFacts"":[""출발가 661,000원(2026-09-28) → 실제 651,000원(2026-09-29, 1거래일) -1.51% · 예측 중앙 659,817원 -0.18% · 오차 +1.35%(절대 오차율 1.35%, 허용 1.5%)"",""방향: 예측 하락(52%) · 실제 하락 → 정답 · 80% 띠 담김(폭 5.3%)"",""실제값 정정 이력 2건"",""실제 종가 관측 시각 2026-09-29T09:31:18.000Z(16:00 KST 이후 · 지연 관측)""],""modelInternal"":[""선택 모형의 기대 누적 0.00% = 절편 0.00% + 자기 추세 0.00% + 52종목 폭·평균 0.00% · 실제 -1.51%""],""causeHypotheses"":[],""unverified"":[""수급(외국인·기관·개인)·심리·과열·영향 시차·요인 중복·가중치는 이 셀에서 검증 자료 없음(실험 기록·시간순 검증에서만 판단)""]}"
analysis-f421bdbdcee67532,analysis,2026-09-29,2026-09-29T09:31:18Z,,,"{""forecastId"":""2026-09-28-atlas11-90616c6bc916e8d6"",""modelVersion"":""atlas11-A-1""}",live,,,,,,,,,,,,,,011200,HMM,auto,2026-09-28-atlas11-90616c6bc916e8d6,atlas11-A-1,2026-09-28,2026-09-29,1,2,방향 맞고 크기 틀림,true,false,true,1.6385230958580754,"{""realizedLog"":-0.016607736399660525,""predictedLog"":-0.00035529477868780936,""errorLog"":0.016252441620972717,""basketCumLog"":null,""beta"":0.6513,""marketPartLog"":null,""residualPartLog"":null,""marketShare"":null,""unexplainedShare"":null}","[""출발가 21,250원(2026-09-28) → 실제 20,900원(2026-09-29, 1거래일) -1.65% · 예측 중앙 21,242원 -0.04% · 오차 +1.64%(절대 오차율 1.64%, 허용 1.5%)"",""방향: 예측 하락(49%) · 실제 하락 → 정답 · 80% 띠 담김(폭 5.0%)"",""실제값 정정 이력 2건"",""실제 종가 관측 시각 2026-09-29T09:31:18.000Z(16:00 KST 이후 · 지연 관측)""]","[""선택 모형의 기대 누적 0.00% = 절편 0.00% + 자기 추세 0.00% + 52종목 폭·평균 0.00% · 실제 -1.65%""]","[{""category"":""자료 오류"",""evidence"":""실제값 정정 2건"",""counterEvidence"":""정정 뒤 값으로 채점됨"",""strength"":""약""}]","[""수급(외국인·기관·개인)·심리·과열·영향 시차·요인 중복·가중치는 이 셀에서 검증 자료 없음(실험 기록·시간순 검증에서만 판단)""]","[""자료 오류""]","{""luckySuspect"":false,""reasonableProcess"":false,""luckyNote"":null,""reasonableNote"":null}","{""confirmedFacts"":[""출발가 21,250원(2026-09-28) → 실제 20,900원(2026-09-29, 1거래일) -1.65% · 예측 중앙 21,242원 -0.04% · 오차 +1.64%(절대 오차율 1.64%, 허용 1.5%)"",""방향: 예측 하락(49%) · 실제 하락 → 정답 · 80% 띠 담김(폭 5.0%)"",""실제값 정정 이력 2건"",""실제 종가 관측 시각 2026-09-29T09:31:18.000Z(16:00 KST 이후 · 지연 관측)""],""modelInternal"":[""선택 모형의 기대 누적 0.00% = 절편 0.00% + 자기 추세 0.00% + 52종목 폭·평균 0.00% · 실제 -1.65%""],""causeHypotheses"":[""자료 오류""],""unverified"":[""수급(외국인·기관·개인)·심리·과열·영향 시차·요인 중복·가중치는 이 셀에서 검증 자료 없음(실험 기록·시간순 검증에서만 판단)""]}"
analysis-17df249b0faa4016,analysis,2026-09-29,2026-09-29T09:31:18Z,,,"{""forecastId"":""2026-09-28-atlas11-90616c6bc916e8d6"",""modelVersion"":""atlas11-A-1""}",live,,,,,,,,,,,,,,033780,KT&G,cons,2026-09-28-atlas11-90616c6bc916e8d6,atlas11-A-1,2026-09-28,2026-09-29,1,3,크기 허용·방향 틀림,false,true,true,0.47370605762341045,"{""realizedLog"":0.003982935564077854,""predictedLog"":-0.0007653804427794358,""errorLog"":-0.00474831600685729,""basketCumLog"":null,""beta"":0.2734,""marketPartLog"":null,""residualPartLog"":null,""marketShare"":null,""unexplainedShare"":null}","[""출발가 175,400원(2026-09-28) → 실제 176,100원(2026-09-29, 1거래일) +0.40% · 예측 중앙 175,266원 -0.08% · 오차 -0.47%(절대 오차율 0.47%, 허용 1.5%)"",""방향: 예측 하락(50%) · 실제 상승 → 오답 · 80% 띠 담김(폭 4.0%)"",""실제값 정정 이력 1건"",""실제 종가 관측 시각 2026-09-29T09:31:18.000Z(16:00 KST 이후 · 지연 관측)""]","[""선택 모형의 기대 누적 +0.00% = 절편 +0.07% + 자기 추세 -0.08% + 52종목 폭·평균 +0.01% · 실제 +0.40%"",""실제 방향과 반대로 기여한 항: F35 (모형 내부 설명 · 인과 아님)""]","[{""category"":""자료 오류"",""evidence"":""실제값 정정 1건"",""counterEvidence"":""정정 뒤 값으로 채점됨"",""strength"":""약""}]","[""수급(외국인·기관·개인)·심리·과열·영향 시차·요인 중복·가중치는 이 셀에서 검증 자료 없음(실험 기록·시간순 검증에서만 판단)""]","[""자료 오류""]","{""luckySuspect"":false,""reasonableProcess"":true,""luckyNote"":null,""reasonableNote"":""방향은 틀렸지만 실제값이 모형 80% 띠 안 → 판단 과정은 분포 안""}","{""confirmedFacts"":[""출발가 175,400원(2026-09-28) → 실제 176,100원(2026-09-29, 1거래일) +0.40% · 예측 중앙 175,266원 -0.08% · 오차 -0.47%(절대 오차율 0.47%, 허용 1.5%)"",""방향: 예측 하락(50%) · 실제 상승 → 오답 · 80% 띠 담김(폭 4.0%)"",""실제값 정정 이력 1건"",""실제 종가 관측 시각 2026-09-29T09:31:18.000Z(16:00 KST 이후 · 지연 관측)""],""modelInternal"":[""선택 모형의 기대 누적 +0.00% = 절편 +0.07% + 자기 추세 -0.08% + 52종목 폭·평균 +0.01% · 실제 +0.40%"",""실제 방향과 반대로 기여한 항: F35 (모형 내부 설명 · 인과 아님)""],""causeHypotheses"":[""자료 오류""],""unverified"":[""수급(외국인·기관·개인)·심리·과열·영향 시차·요인 중복·가중치는 이 셀에서 검증 자료 없음(실험 기록·시간순 검증에서만 판단)""]}"
analysis-499cb878631d69d3,analysis,2026-09-29,2026-09-29T09:31:18Z,,,"{""forecastId"":""2026-09-28-atlas11-90616c6bc916e8d6"",""modelVersion"":""atlas11-A-1""}",live,,,,,,,,,,,,,,018260,삼성에스디에스,semi,2026-09-28-atlas11-90616c6bc916e8d6,atlas11-A-1,2026-09-28,2026-09-29,1,1,방향·크기 모두 맞음,true,true,true,1.055016260566276,"{""realizedLog"":-0.011481182373956254,""predictedLog"":-0.0009862843732452008,""errorLog"":0.010494898000711054,""basketCumLog"":null,""beta"":1.0842,""marketPartLog"":null,""residualPartLog"":null,""marketShare"":null,""unexplainedShare"":null}","[""출발가 219,000원(2026-09-28) → 실제 216,500원(2026-09-29, 1거래일) -1.14% · 예측 중앙 218,784원 -0.10% · 오차 +1.06%(절대 오차율 1.06%, 허용 1.5%)"",""방향: 예측 하락(48%) · 실제 하락 → 정답 · 80% 띠 담김(폭 5.6%)"",""실제값 정정 이력 2건"",""실제 종가 관측 시각 2026-09-29T09:31:18.000Z(16:00 KST 이후 · 지연 관측)""]","[""선택 모형의 기대 누적 0.00% = 절편 0.00% + 자기 추세 0.00% + 52종목 폭·평균 0.00% · 실제 -1.14%""]",[],"[""수급(외국인·기관·개인)·심리·과열·영향 시차·요인 중복·가중치는 이 셀에서 검증 자료 없음(실험 기록·시간순 검증에서만 판단)""]",[],"{""luckySuspect"":false,""reasonableProcess"":false,""luckyNote"":null,""reasonableNote"":null}","{""confirmedFacts"":[""출발가 219,000원(2026-09-28) → 실제 216,500원(2026-09-29, 1거래일) -1.14% · 예측 중앙 218,784원 -0.10% · 오차 +1.06%(절대 오차율 1.06%, 허용 1.5%)"",""방향: 예측 하락(48%) · 실제 하락 → 정답 · 80% 띠 담김(폭 5.6%)"",""실제값 정정 이력 2건"",""실제 종가 관측 시각 2026-09-29T09:31:18.000Z(16:00 KST 이후 · 지연 관측)""],""modelInternal"":[""선택 모형의 기대 누적 0.00% = 절편 0.00% + 자기 추세 0.00% + 52종목 폭·평균 0.00% · 실제 -1.14%""],""causeHypotheses"":[],""unverified"":[""수급(외국인·기관·개인)·심리·과열·영향 시차·요인 중복·가중치는 이 셀에서 검증 자료 없음(실험 기록·시간순 검증에서만 판단)""]}"
analysis-ab94637b573ef6fd,analysis,2026-09-29,2026-09-29T09:31:18Z,,,"{""forecastId"":""2026-09-28-atlas11-90616c6bc916e8d6"",""modelVersion"":""atlas11-A-1""}",live,,,,,,,,,,,,,,030200,KT,net,2026-09-28-atlas11-90616c6bc916e8d6,atlas11-A-1,2026-09-28,2026-09-29,1,3,크기 허용·방향 틀림,false,true,true,0.5895671408512574,"{""realizedLog"":-0.005687219120589576,""predictedLog"":0.00019114082571512026,""errorLog"":0.005878359946304697,""basketCumLog"":null,""beta"":0.4,""marketPartLog"":null,""residualPartLog"":null,""marketShare"":null,""unexplainedShare"":null}","[""출발가 52,900원(2026-09-28) → 실제 52,600원(2026-09-29, 1거래일) -0.57% · 예측 중앙 52,910원 +0.02% · 오차 +0.59%(절대 오차율 0.59%, 허용 1.5%)"",""방향: 예측 상승(47%) · 실제 하락 → 오답 · 80% 띠 담김(폭 3.2%)"",""실제값 정정 이력 2건"",""실제 종가 관측 시각 2026-09-29T09:31:18.000Z(16:00 KST 이후 · 지연 관측)""]","[""선택 모형의 기대 누적 0.00% = 절편 0.00% + 자기 추세 0.00% + 52종목 폭·평균 0.00% · 실제 -0.57%""]","[{""category"":""자료 오류"",""evidence"":""실제값 정정 2건"",""counterEvidence"":""정정 뒤 값으로 채점됨"",""strength"":""약""}]","[""수급(외국인·기관·개인)·심리·과열·영향 시차·요인 중복·가중치는 이 셀에서 검증 자료 없음(실험 기록·시간순 검증에서만 판단)""]","[""자료 오류""]","{""luckySuspect"":false,""reasonableProcess"":true,""luckyNote"":null,""reasonableNote"":""방향은 틀렸지만 실제값이 모형 80% 띠 안 → 판단 과정은 분포 안""}","{""confirmedFacts"":[""출발가 52,900원(2026-09-28) → 실제 52,600원(2026-09-29, 1거래일) -0.57% · 예측 중앙 52,910원 +0.02% · 오차 +0.59%(절대 오차율 0.59%, 허용 1.5%)"",""방향: 예측 상승(47%) · 실제 하락 → 오답 · 80% 띠 담김(폭 3.2%)"",""실제값 정정 이력 2건"",""실제 종가 관측 시각 2026-09-29T09:31:18.000Z(16:00 KST 이후 · 지연 관측)""],""modelInternal"":[""선택 모형의 기대 누적 0.00% = 절편 0.00% + 자기 추세 0.00% + 52종목 폭·평균 0.00% · 실제 -0.57%""],""causeHypotheses"":[""자료 오류""],""unverified"":[""수급(외국인·기관·개인)·심리·과열·영향 시차·요인 중복·가중치는 이 셀에서 검증 자료 없음(실험 기록·시간순 검증에서만 판단)""]}"
analysis-82614154d79619b0,analysis,2026-09-29,2026-09-29T09:31:18Z,,,"{""forecastId"":""2026-09-28-atlas11-90616c6bc916e8d6"",""modelVersion"":""atlas11-A-1""}",live,,,,,,,,,,,,,,003230,삼양식품,cons,2026-09-28-atlas11-90616c6bc916e8d6,atlas11-A-1,2026-09-28,2026-09-29,1,3,크기 허용·방향 틀림,false,true,true,0.8150807484402894,"{""realizedLog"":0.004106781952653502,""predictedLog"":-0.00407742497517411,""errorLog"":-0.008184206927827613,""basketCumLog"":null,""beta"":0.6817,""marketPartLog"":null,""residualPartLog"":null,""marketShare"":null,""unexplainedShare"":null}","[""출발가 1,215,000원(2026-09-28) → 실제 1,220,000원(2026-09-29, 1거래일) +0.41% · 예측 중앙 1,210,056원 -0.41% · 오차 -0.82%(절대 오차율 0.82%, 허용 1.5%)"",""방향: 예측 하락(54%) · 실제 상승 → 오답 · 80% 띠 담김(폭 7.4%)"",""실제값 정정 이력 2건"",""실제 종가 관측 시각 2026-09-29T09:31:18.000Z(16:00 KST 이후 · 지연 관측)""]","[""선택 모형의 기대 누적 0.00% = 절편 0.00% + 자기 추세 0.00% + 52종목 폭·평균 0.00% · 실제 +0.41%""]","[{""category"":""자료 오류"",""evidence"":""실제값 정정 2건"",""counterEvidence"":""정정 뒤 값으로 채점됨"",""strength"":""약""}]","[""수급(외국인·기관·개인)·심리·과열·영향 시차·요인 중복·가중치는 이 셀에서 검증 자료 없음(실험 기록·시간순 검증에서만 판단)""]","[""자료 오류""]","{""luckySuspect"":false,""reasonableProcess"":true,""luckyNote"":null,""reasonableNote"":""방향은 틀렸지만 실제값이 모형 80% 띠 안 → 판단 과정은 분포 안""}","{""confirmedFacts"":[""출발가 1,215,000원(2026-09-28) → 실제 1,220,000원(2026-09-29, 1거래일) +0.41% · 예측 중앙 1,210,056원 -0.41% · 오차 -0.82%(절대 오차율 0.82%, 허용 1.5%)"",""방향: 예측 하락(54%) · 실제 상승 → 오답 · 80% 띠 담김(폭 7.4%)"",""실제값 정정 이력 2건"",""실제 종가 관측 시각 2026-09-29T09:31:18.000Z(16:00 KST 이후 · 지연 관측)""],""modelInternal"":[""선택 모형의 기대 누적 0.00% = 절편 0.00% + 자기 추세 0.00% + 52종목 폭·평균 0.00% · 실제 +0.41%""],""causeHypotheses"":[""자료 오류""],""unverified"":[""수급(외국인·기관·개인)·심리·과열·영향 시차·요인 중복·가중치는 이 셀에서 검증 자료 없음(실험 기록·시간순 검증에서만 판단)""]}"
analysis-ca4972173f48aece,analysis,2026-09-29,2026-09-29T09:31:18Z,,,"{""forecastId"":""2026-09-28-atlas11-90616c6bc916e8d6"",""modelVersion"":""atlas11-A-1""}",live,,,,,,,,,,,,,,029780,삼성카드,fin,2026-09-28-atlas11-90616c6bc916e8d6,atlas11-A-1,2026-09-28,2026-09-29,1,4,방향·크기 모두 틀림,false,false,false,1.9646036544170655,"{""realizedLog"":-0.019802627296179754,""predictedLog"":-0.0003470832223247104,""errorLog"":0.019455544073855045,""basketCumLog"":null,""beta"":0.3975,""marketPartLog"":null,""residualPartLog"":null,""marketShare"":null,""unexplainedShare"":null}","[""출발가 43,350원(2026-09-28) → 실제 42,500원(2026-09-29, 1거래일) -1.96% · 예측 중앙 43,335원 -0.03% · 오차 +1.96%(절대 오차율 1.96%, 허용 1.5%)"",""방향: 예측 상승(47%) · 실제 하락 → 오답 · 80% 띠 벗어남(폭 3.4%)"",""실제값 정정 이력 2건"",""실제 종가 관측 시각 2026-09-29T09:31:18.000Z(16:00 KST 이후 · 지연 관측)""]","[""선택 모형의 기대 누적 0.00% = 절편 0.00% + 자기 추세 0.00% + 52종목 폭·평균 0.00% · 실제 -1.96%""]","[{""category"":""변동성·범위"",""evidence"":""실제값이 80% 띠 밖(폭 3.4% · 실제 이동 -1.96%)"",""counterEvidence"":""80% 띠는 명목이며 개별 셀의 벗어남은 정상 범위일 수 있음(담김률로 판단)"",""strength"":""중""},{""category"":""자료 오류"",""evidence"":""실제값 정정 2건"",""counterEvidence"":""정정 뒤 값으로 채점됨"",""strength"":""약""}]","[""수급(외국인·기관·개인)·심리·과열·영향 시차·요인 중복·가중치는 이 셀에서 검증 자료 없음(실험 기록·시간순 검증에서만 판단)""]","[""변동성·범위"",""자료 오류""]","{""luckySuspect"":false,""reasonableProcess"":false,""luckyNote"":null,""reasonableNote"":null}","{""confirmedFacts"":[""출발가 43,350원(2026-09-28) → 실제 42,500원(2026-09-29, 1거래일) -1.96% · 예측 중앙 43,335원 -0.03% · 오차 +1.96%(절대 오차율 1.96%, 허용 1.5%)"",""방향: 예측 상승(47%) · 실제 하락 → 오답 · 80% 띠 벗어남(폭 3.4%)"",""실제값 정정 이력 2건"",""실제 종가 관측 시각 2026-09-29T09:31:18.000Z(16:00 KST 이후 · 지연 관측)""],""modelInternal"":[""선택 모형의 기대 누적 0.00% = 절편 0.00% + 자기 추세 0.00% + 52종목 폭·평균 0.00% · 실제 -1.96%""],""causeHypotheses"":[""변동성·범위"",""자료 오류""],""unverified"":[""수급(외국인·기관·개인)·심리·과열·영향 시차·요인 중복·가중치는 이 셀에서 검증 자료 없음(실험 기록·시간순 검증에서만 판단)""]}"
analysis-23959411de5e990b,analysis,2026-09-29,2026-09-29T09:31:18Z,,,"{""forecastId"":""2026-09-28-atlas11-90616c6bc916e8d6"",""modelVersion"":""atlas11-A-1""}",live,,,,,,,,,,,,,,036460,한국가스공사,util,2026-09-28-atlas11-90616c6bc916e8d6,atlas11-A-1,2026-09-28,2026-09-29,1,1,방향·크기 모두 맞음,true,true,true,1.3630301114417254,"{""realizedLog"":-0.014184634991956413,""predictedLog"":-0.0006463908654404273,""errorLog"":0.013538244126515985,""basketCumLog"":null,""beta"":0.6745,""marketPartLog"":null,""residualPartLog"":null,""marketShare"":null,""unexplainedShare"":null}","[""출발가 35,500원(2026-09-28) → 실제 35,000원(2026-09-29, 1거래일) -1.41% · 예측 중앙 35,477원 -0.06% · 오차 +1.36%(절대 오차율 1.36%, 허용 1.5%)"",""방향: 예측 하락(48%) · 실제 하락 → 정답 · 80% 띠 담김(폭 3.9%)"",""실제값 정정 이력 1건"",""실제 종가 관측 시각 2026-09-29T09:31:18.000Z(16:00 KST 이후 · 지연 관측)""]","[""선택 모형의 기대 누적 -0.04% = 절편 -0.03% + 자기 추세 -0.03% + 52종목 폭·평균 +0.03% · 실제 -1.41%"",""실제 방향과 반대로 기여한 항: F11 (모형 내부 설명 · 인과 아님)""]",[],"[""수급(외국인·기관·개인)·심리·과열·영향 시차·요인 중복·가중치는 이 셀에서 검증 자료 없음(실험 기록·시간순 검증에서만 판단)""]",[],"{""luckySuspect"":false,""reasonableProcess"":false,""luckyNote"":null,""reasonableNote"":null}","{""confirmedFacts"":[""출발가 35,500원(2026-09-28) → 실제 35,000원(2026-09-29, 1거래일) -1.41% · 예측 중앙 35,477원 -0.06% · 오차 +1.36%(절대 오차율 1.36%, 허용 1.5%)"",""방향: 예측 하락(48%) · 실제 하락 → 정답 · 80% 띠 담김(폭 3.9%)"",""실제값 정정 이력 1건"",""실제 종가 관측 시각 2026-09-29T09:31:18.000Z(16:00 KST 이후 · 지연 관측)""],""modelInternal"":[""선택 모형의 기대 누적 -0.04% = 절편 -0.03% + 자기 추세 -0.03% + 52종목 폭·평균 +0.03% · 실제 -1.41%"",""실제 방향과 반대로 기여한 항: F11 (모형 내부 설명 · 인과 아님)""],""causeHypotheses"":[],""unverified"":[""수급(외국인·기관·개인)·심리·과열·영향 시차·요인 중복·가중치는 이 셀에서 검증 자료 없음(실험 기록·시간순 검증에서만 판단)""]}"
analysis-a7e0d1a8890927a7,analysis,2026-09-29,2026-09-29T09:31:18Z,,,"{""forecastId"":""2026-09-28-atlas11-90616c6bc916e8d6"",""modelVersion"":""atlas11-A-1""}",live,,,,,,,,,,,,,,004170,신세계,cons,2026-09-28-atlas11-90616c6bc916e8d6,atlas11-A-1,2026-09-28,2026-09-29,1,2,방향 맞고 크기 틀림,true,false,true,1.7311838531885644,"{""realizedLog"":-0.01762160134981956,""predictedLog"":-0.00045790539178172505,""errorLog"":0.017163695958037833,""basketCumLog"":null,""beta"":0.9942,""marketPartLog"":null,""residualPartLog"":null,""marketShare"":null,""unexplainedShare"":null}","[""출발가 343,500원(2026-09-28) → 실제 337,500원(2026-09-29, 1거래일) -1.75% · 예측 중앙 343,343원 -0.05% · 오차 +1.73%(절대 오차율 1.73%, 허용 1.5%)"",""방향: 예측 하락(49%) · 실제 하락 → 정답 · 80% 띠 담김(폭 8.1%)"",""실제값 정정 이력 2건"",""실제 종가 관측 시각 2026-09-29T09:31:18.000Z(16:00 KST 이후 · 지연 관측)""]","[""선택 모형의 기대 누적 +0.14% = 절편 +0.12% + 자기 추세 +0.01% + 52종목 폭·평균 +0.01% · 실제 -1.75%"",""실제 방향과 반대로 기여한 항: F35, F11 (모형 내부 설명 · 인과 아님)""]","[{""category"":""자료 오류"",""evidence"":""실제값 정정 2건"",""counterEvidence"":""정정 뒤 값으로 채점됨"",""strength"":""약""}]","[""수급(외국인·기관·개인)·심리·과열·영향 시차·요인 중복·가중치는 이 셀에서 검증 자료 없음(실험 기록·시간순 검증에서만 판단)""]","[""자료 오류""]","{""luckySuspect"":false,""reasonableProcess"":false,""luckyNote"":null,""reasonableNote"":null}","{""confirmedFacts"":[""출발가 343,500원(2026-09-28) → 실제 337,500원(2026-09-29, 1거래일) -1.75% · 예측 중앙 343,343원 -0.05% · 오차 +1.73%(절대 오차율 1.73%, 허용 1.5%)"",""방향: 예측 하락(49%) · 실제 하락 → 정답 · 80% 띠 담김(폭 8.1%)"",""실제값 정정 이력 2건"",""실제 종가 관측 시각 2026-09-29T09:31:18.000Z(16:00 KST 이후 · 지연 관측)""],""modelInternal"":[""선택 모형의 기대 누적 +0.14% = 절편 +0.12% + 자기 추세 +0.01% + 52종목 폭·평균 +0.01% · 실제 -1.75%"",""실제 방향과 반대로 기여한 항: F35, F11 (모형 내부 설명 · 인과 아님)""],""causeHypotheses"":[""자료 오류""],""unverified"":[""수급(외국인·기관·개인)·심리·과열·영향 시차·요인 중복·가중치는 이 셀에서 검증 자료 없음(실험 기록·시간순 검증에서만 판단)""]}"
analysis-ae90f433402c5338,analysis,2026-09-29,2026-09-29T09:31:18Z,,,"{""forecastId"":""2026-09-28-atlas11-90616c6bc916e8d6"",""modelVersion"":""atlas11-A-1""}",live,,,,,,,,,,,,,,111770,영원무역,cons,2026-09-28-atlas11-90616c6bc916e8d6,atlas11-A-1,2026-09-28,2026-09-29,1,1,방향·크기 모두 맞음,true,true,true,0.9219031322853387,"{""realizedLog"":-0.009852296443011594,""predictedLog"":-0.0006755010052427328,""errorLog"":0.00917679543776886,""basketCumLog"":null,""beta"":0.5629,""marketPartLog"":null,""residualPartLog"":null,""marketShare"":null,""unexplainedShare"":null}","[""출발가 71,400원(2026-09-28) → 실제 70,700원(2026-09-29, 1거래일) -0.98% · 예측 중앙 71,352원 -0.07% · 오차 +0.92%(절대 오차율 0.92%, 허용 1.5%)"",""방향: 예측 하락(49%) · 실제 하락 → 정답 · 80% 띠 담김(폭 5.3%)"",""실제값 정정 이력 2건"",""실제 종가 관측 시각 2026-09-29T09:31:18.000Z(16:00 KST 이후 · 지연 관측)""]","[""선택 모형의 기대 누적 -0.06% = 절편 +0.08% + 자기 추세 -0.22% + 52종목 폭·평균 +0.08% · 실제 -0.98%"",""실제 방향과 반대로 기여한 항: F11 (모형 내부 설명 · 인과 아님)""]",[],"[""수급(외국인·기관·개인)·심리·과열·영향 시차·요인 중복·가중치는 이 셀에서 검증 자료 없음(실험 기록·시간순 검증에서만 판단)""]",[],"{""luckySuspect"":false,""reasonableProcess"":false,""luckyNote"":null,""reasonableNote"":null}","{""confirmedFacts"":[""출발가 71,400원(2026-09-28) → 실제 70,700원(2026-09-29, 1거래일) -0.98% · 예측 중앙 71,352원 -0.07% · 오차 +0.92%(절대 오차율 0.92%, 허용 1.5%)"",""방향: 예측 하락(49%) · 실제 하락 → 정답 · 80% 띠 담김(폭 5.3%)"",""실제값 정정 이력 2건"",""실제 종가 관측 시각 2026-09-29T09:31:18.000Z(16:00 KST 이후 · 지연 관측)""],""modelInternal"":[""선택 모형의 기대 누적 -0.06% = 절편 +0.08% + 자기 추세 -0.22% + 52종목 폭·평균 +0.08% · 실제 -0.98%"",""실제 방향과 반대로 기여한 항: F11 (모형 내부 설명 · 인과 아님)""],""causeHypotheses"":[],""unverified"":[""수급(외국인·기관·개인)·심리·과열·영향 시차·요인 중복·가중치는 이 셀에서 검증 자료 없음(실험 기록·시간순 검증에서만 판단)""]}"
analysis-20ae11255f2b3834,analysis,2026-09-29,2026-09-29T09:31:18Z,,,"{""forecastId"":""2026-09-28-atlas11-90616c6bc916e8d6"",""modelVersion"":""atlas11-A-1""}",live,,,,,,,,,,,,,,257720,실리콘투,cons,2026-09-28-atlas11-90616c6bc916e8d6,atlas11-A-1,2026-09-28,2026-09-29,1,1,방향·크기 모두 맞음,true,true,true,1.073685455929071,"{""realizedLog"":-0.014313842305270098,""predictedLog"":-0.003634218481285694,""errorLog"":0.010679623823984404,""basketCumLog"":null,""beta"":0.9504,""marketPartLog"":null,""residualPartLog"":null,""marketShare"":null,""unexplainedShare"":null}","[""출발가 38,700원(2026-09-28) → 실제 38,150원(2026-09-29, 1거래일) -1.42% · 예측 중앙 38,560원 -0.36% · 오차 +1.07%(절대 오차율 1.07%, 허용 1.5%)"",""방향: 예측 하락(54%) · 실제 하락 → 정답 · 80% 띠 담김(폭 8.9%)"",""실제값 정정 이력 1건"",""실제 종가 관측 시각 2026-09-29T09:31:18.000Z(16:00 KST 이후 · 지연 관측)""]","[""선택 모형의 기대 누적 -0.26% = 절편 -0.01% + 자기 추세 -0.17% + 52종목 폭·평균 -0.09% · 실제 -1.42%""]",[],"[""수급(외국인·기관·개인)·심리·과열·영향 시차·요인 중복·가중치는 이 셀에서 검증 자료 없음(실험 기록·시간순 검증에서만 판단)""]",[],"{""luckySuspect"":false,""reasonableProcess"":false,""luckyNote"":null,""reasonableNote"":null}","{""confirmedFacts"":[""출발가 38,700원(2026-09-28) → 실제 38,150원(2026-09-29, 1거래일) -1.42% · 예측 중앙 38,560원 -0.36% · 오차 +1.07%(절대 오차율 1.07%, 허용 1.5%)"",""방향: 예측 하락(54%) · 실제 하락 → 정답 · 80% 띠 담김(폭 8.9%)"",""실제값 정정 이력 1건"",""실제 종가 관측 시각 2026-09-29T09:31:18.000Z(16:00 KST 이후 · 지연 관측)""],""modelInternal"":[""선택 모형의 기대 누적 -0.26% = 절편 -0.01% + 자기 추세 -0.17% + 52종목 폭·평균 -0.09% · 실제 -1.42%""],""causeHypotheses"":[],""unverified"":[""수급(외국인·기관·개인)·심리·과열·영향 시차·요인 중복·가중치는 이 셀에서 검증 자료 없음(실험 기록·시간순 검증에서만 판단)""]}"
analysis-f812023515ff09d7,analysis,2026-09-29,2026-09-29T09:31:18Z,,,"{""forecastId"":""2026-09-28-atlas11-90616c6bc916e8d6"",""modelVersion"":""atlas11-A-1""}",live,,,,,,,,,,,,,,226950,올릭스,bio,2026-09-28-atlas11-90616c6bc916e8d6,atlas11-A-1,2026-09-28,2026-09-29,1,1,방향·크기 모두 맞음,true,true,true,1.3895078146219249,"{""realizedLog"":-0.01739174271186922,""predictedLog"":-0.003592316125182199,""errorLog"":0.013799426586687022,""basketCumLog"":null,""beta"":1.3719,""marketPartLog"":null,""residualPartLog"":null,""marketShare"":null,""unexplainedShare"":null}","[""출발가 104,400원(2026-09-28) → 실제 102,600원(2026-09-29, 1거래일) -1.72% · 예측 중앙 104,026원 -0.36% · 오차 +1.39%(절대 오차율 1.39%, 허용 1.5%)"",""방향: 예측 하락(54%) · 실제 하락 → 정답 · 80% 띠 담김(폭 14.1%)"",""실제값 정정 이력 2건"",""실제 종가 관측 시각 2026-09-29T09:31:18.000Z(16:00 KST 이후 · 지연 관측)""]","[""선택 모형의 기대 누적 0.00% = 절편 0.00% + 자기 추세 0.00% + 52종목 폭·평균 0.00% · 실제 -1.72%""]",[],"[""수급(외국인·기관·개인)·심리·과열·영향 시차·요인 중복·가중치는 이 셀에서 검증 자료 없음(실험 기록·시간순 검증에서만 판단)""]",[],"{""luckySuspect"":false,""reasonableProcess"":false,""luckyNote"":null,""reasonableNote"":null}","{""confirmedFacts"":[""출발가 104,400원(2026-09-28) → 실제 102,600원(2026-09-29, 1거래일) -1.72% · 예측 중앙 104,026원 -0.36% · 오차 +1.39%(절대 오차율 1.39%, 허용 1.5%)"",""방향: 예측 하락(54%) · 실제 하락 → 정답 · 80% 띠 담김(폭 14.1%)"",""실제값 정정 이력 2건"",""실제 종가 관측 시각 2026-09-29T09:31:18.000Z(16:00 KST 이후 · 지연 관측)""],""modelInternal"":[""선택 모형의 기대 누적 0.00% = 절편 0.00% + 자기 추세 0.00% + 52종목 폭·평균 0.00% · 실제 -1.72%""],""causeHypotheses"":[],""unverified"":[""수급(외국인·기관·개인)·심리·과열·영향 시차·요인 중복·가중치는 이 셀에서 검증 자료 없음(실험 기록·시간순 검증에서만 판단)""]}"
analysis-49dfe5b9d4e63ae5,analysis,2026-09-29,2026-09-29T09:31:18Z,,,"{""forecastId"":""2026-09-28-atlas11-90616c6bc916e8d6"",""modelVersion"":""atlas11-A-1""}",live,,,,,,,,,,,,,,030000,제일기획,net,2026-09-28-atlas11-90616c6bc916e8d6,atlas11-A-1,2026-09-28,2026-09-29,1,1,방향·크기 모두 맞음,true,true,true,0.07811830787595712,"{""realizedLog"":0.0011223345734787044,""predictedLog"":0.00034084621221981194,""errorLog"":-0.0007814883612588925,""basketCumLog"":null,""beta"":0.3386,""marketPartLog"":null,""residualPartLog"":null,""marketShare"":null,""unexplainedShare"":null}","[""출발가 17,810원(2026-09-28) → 실제 17,830원(2026-09-29, 1거래일) +0.11% · 예측 중앙 17,816원 +0.03% · 오차 -0.08%(절대 오차율 0.08%, 허용 1.5%)"",""방향: 예측 상승(48%) · 실제 상승 → 정답 · 80% 띠 담김(폭 3.2%)"",""실제값 정정 이력 2건"",""실제 종가 관측 시각 2026-09-29T09:31:18.000Z(16:00 KST 이후 · 지연 관측)""]","[""선택 모형의 기대 누적 0.00% = 절편 0.00% + 자기 추세 0.00% + 52종목 폭·평균 0.00% · 실제 +0.11%""]",[],"[""수급(외국인·기관·개인)·심리·과열·영향 시차·요인 중복·가중치는 이 셀에서 검증 자료 없음(실험 기록·시간순 검증에서만 판단)""]",[],"{""luckySuspect"":false,""reasonableProcess"":false,""luckyNote"":null,""reasonableNote"":null}","{""confirmedFacts"":[""출발가 17,810원(2026-09-28) → 실제 17,830원(2026-09-29, 1거래일) +0.11% · 예측 중앙 17,816원 +0.03% · 오차 -0.08%(절대 오차율 0.08%, 허용 1.5%)"",""방향: 예측 상승(48%) · 실제 상승 → 정답 · 80% 띠 담김(폭 3.2%)"",""실제값 정정 이력 2건"",""실제 종가 관측 시각 2026-09-29T09:31:18.000Z(16:00 KST 이후 · 지연 관측)""],""modelInternal"":[""선택 모형의 기대 누적 0.00% = 절편 0.00% + 자기 추세 0.00% + 52종목 폭·평균 0.00% · 실제 +0.11%""],""causeHypotheses"":[],""unverified"":[""수급(외국인·기관·개인)·심리·과열·영향 시차·요인 중복·가중치는 이 셀에서 검증 자료 없음(실험 기록·시간순 검증에서만 판단)""]}"
analysis-c6b6bdb10f5e3b28,analysis,2026-09-29,2026-09-29T09:31:18Z,,,"{""forecastId"":""2026-09-28-atlas11-27e1f65cfc167be9"",""modelVersion"":""atlas11-A-1""}",live,,,,,,,,,,,,,,105560,KB금융,fin,2026-09-28-atlas11-27e1f65cfc167be9,atlas11-A-1,2026-09-28,2026-09-29,1,3,크기 허용·방향 틀림,false,true,true,0.8598605188048704,"{""realizedLog"":-0.006912469920623451,""predictedLog"":0.0016493778200589975,""errorLog"":0.008561847740682449,""basketCumLog"":null,""beta"":0.7869,""marketPartLog"":null,""residualPartLog"":null,""marketShare"":null,""unexplainedShare"":null}","[""출발가 174,200원(2026-09-28) → 실제 173,000원(2026-09-29, 1거래일) -0.69% · 예측 중앙 174,488원 +0.17% · 오차 +0.86%(절대 오차율 0.86%, 허용 1.5%)"",""방향: 예측 상승(52%) · 실제 하락 → 오답 · 80% 띠 담김(폭 4.7%)"",""실제값 정정 이력 1건"",""실제 종가 관측 시각 2026-09-29T09:31:18.000Z(16:00 KST 이후 · 지연 관측)""]","[""선택 모형의 기대 누적 +0.19% = 절편 +0.09% + 자기 추세 +0.02% + 52종목 폭·평균 +0.07% · 실제 -0.69%"",""실제 방향과 반대로 기여한 항: F35, F11 (모형 내부 설명 · 인과 아님)""]","[{""category"":""자료 오류"",""evidence"":""실제값 정정 1건"",""counterEvidence"":""정정 뒤 값으로 채점됨"",""strength"":""약""}]","[""수급(외국인·기관·개인)·심리·과열·영향 시차·요인 중복·가중치는 이 셀에서 검증 자료 없음(실험 기록·시간순 검증에서만 판단)""]","[""자료 오류""]","{""luckySuspect"":false,""reasonableProcess"":true,""luckyNote"":null,""reasonableNote"":""방향은 틀렸지만 실제값이 모형 80% 띠 안 → 판단 과정은 분포 안""}","{""confirmedFacts"":[""출발가 174,200원(2026-09-28) → 실제 173,000원(2026-09-29, 1거래일) -0.69% · 예측 중앙 174,488원 +0.17% · 오차 +0.86%(절대 오차율 0.86%, 허용 1.5%)"",""방향: 예측 상승(52%) · 실제 하락 → 오답 · 80% 띠 담김(폭 4.7%)"",""실제값 정정 이력 1건"",""실제 종가 관측 시각 2026-09-29T09:31:18.000Z(16:00 KST 이후 · 지연 관측)""],""modelInternal"":[""선택 모형의 기대 누적 +0.19% = 절편 +0.09% + 자기 추세 +0.02% + 52종목 폭·평균 +0.07% · 실제 -0.69%"",""실제 방향과 반대로 기여한 항: F35, F11 (모형 내부 설명 · 인과 아님)""],""causeHypotheses"":[""자료 오류""],""unverified"":[""수급(외국인·기관·개인)·심리·과열·영향 시차·요인 중복·가중치는 이 셀에서 검증 자료 없음(실험 기록·시간순 검증에서만 판단)""]}"
analysis-618547982da52ae4,analysis,2026-09-29,2026-09-29T09:31:18Z,,,"{""forecastId"":""2026-09-28-atlas11-27e1f65cfc167be9"",""modelVersion"":""atlas11-A-1""}",live,,,,,,,,,,,,,,032830,삼성생명보험,fin,2026-09-28-atlas11-27e1f65cfc167be9,atlas11-A-1,2026-09-28,2026-09-29,1,2,방향 맞고 크기 틀림,true,false,true,1.8083612771345527,"{""realizedLog"":-0.0187558780320944,""predictedLog"":-0.000833828923613086,""errorLog"":0.017922049108481313,""basketCumLog"":null,""beta"":1.2564,""marketPartLog"":null,""residualPartLog"":null,""marketShare"":null,""unexplainedShare"":null}","[""출발가 296,000원(2026-09-28) → 실제 290,500원(2026-09-29, 1거래일) -1.86% · 예측 중앙 295,753원 -0.08% · 오차 +1.81%(절대 오차율 1.81%, 허용 1.5%)"",""방향: 예측 하락(50%) · 실제 하락 → 정답 · 80% 띠 담김(폭 6.0%)"",""실제값 정정 이력 2건"",""실제 종가 관측 시각 2026-09-29T09:31:18.000Z(16:00 KST 이후 · 지연 관측)""]","[""선택 모형의 기대 누적 +0.11% = 절편 +0.15% + 자기 추세 -0.04% + 52종목 폭·평균 -0.00% · 실제 -1.86%""]","[{""category"":""자료 오류"",""evidence"":""실제값 정정 2건"",""counterEvidence"":""정정 뒤 값으로 채점됨"",""strength"":""약""}]","[""수급(외국인·기관·개인)·심리·과열·영향 시차·요인 중복·가중치는 이 셀에서 검증 자료 없음(실험 기록·시간순 검증에서만 판단)""]","[""자료 오류""]","{""luckySuspect"":false,""reasonableProcess"":false,""luckyNote"":null,""reasonableNote"":null}","{""confirmedFacts"":[""출발가 296,000원(2026-09-28) → 실제 290,500원(2026-09-29, 1거래일) -1.86% · 예측 중앙 295,753원 -0.08% · 오차 +1.81%(절대 오차율 1.81%, 허용 1.5%)"",""방향: 예측 하락(50%) · 실제 하락 → 정답 · 80% 띠 담김(폭 6.0%)"",""실제값 정정 이력 2건"",""실제 종가 관측 시각 2026-09-29T09:31:18.000Z(16:00 KST 이후 · 지연 관측)""],""modelInternal"":[""선택 모형의 기대 누적 +0.11% = 절편 +0.15% + 자기 추세 -0.04% + 52종목 폭·평균 -0.00% · 실제 -1.86%""],""causeHypotheses"":[""자료 오류""],""unverified"":[""수급(외국인·기관·개인)·심리·과열·영향 시차·요인 중복·가중치는 이 셀에서 검증 자료 없음(실험 기록·시간순 검증에서만 판단)""]}"
analysis-3795da179d6a2e93,analysis,2026-09-29,2026-09-29T09:31:18Z,,,"{""forecastId"":""2026-09-28-atlas11-27e1f65cfc167be9"",""modelVersion"":""atlas11-A-1""}",live,,,,,,,,,,,,,,329180,HD현대중공업,heavy,2026-09-28-atlas11-27e1f65cfc167be9,atlas11-A-1,2026-09-28,2026-09-29,1,4,방향·크기 모두 틀림,false,false,true,3.0070284585545677,"{""realizedLog"":-0.026362558209912654,""predictedLog"":0.003264479165256827,""errorLog"":0.02962703737516948,""basketCumLog"":null,""beta"":1.0075,""marketPartLog"":null,""residualPartLog"":null,""marketShare"":null,""unexplainedShare"":null}","[""출발가 442,000원(2026-09-28) → 실제 430,500원(2026-09-29, 1거래일) -2.60% · 예측 중앙 443,445원 +0.33% · 오차 +3.01%(절대 오차율 3.01%, 허용 1.5%)"",""방향: 예측 상승(54%) · 실제 하락 → 오답 · 80% 띠 담김(폭 8.5%)"",""실제값 정정 이력 1건"",""실제 종가 관측 시각 2026-09-29T09:31:18.000Z(16:00 KST 이후 · 지연 관측)""]","[""선택 모형의 기대 누적 +0.38% = 절편 +0.10% + 자기 추세 +0.33% + 52종목 폭·평균 -0.05% · 실제 -2.60%"",""실제 방향과 반대로 기여한 항: F35 (모형 내부 설명 · 인과 아님)""]","[{""category"":""자료 오류"",""evidence"":""실제값 정정 1건"",""counterEvidence"":""정정 뒤 값으로 채점됨"",""strength"":""약""}]","[""수급(외국인·기관·개인)·심리·과열·영향 시차·요인 중복·가중치는 이 셀에서 검증 자료 없음(실험 기록·시간순 검증에서만 판단)""]","[""자료 오류""]","{""luckySuspect"":false,""reasonableProcess"":true,""luckyNote"":null,""reasonableNote"":""방향은 틀렸지만 실제값이 모형 80% 띠 안 → 판단 과정은 분포 안""}","{""confirmedFacts"":[""출발가 442,000원(2026-09-28) → 실제 430,500원(2026-09-29, 1거래일) -2.60% · 예측 중앙 443,445원 +0.33% · 오차 +3.01%(절대 오차율 3.01%, 허용 1.5%)"",""방향: 예측 상승(54%) · 실제 하락 → 오답 · 80% 띠 담김(폭 8.5%)"",""실제값 정정 이력 1건"",""실제 종가 관측 시각 2026-09-29T09:31:18.000Z(16:00 KST 이후 · 지연 관측)""],""modelInternal"":[""선택 모형의 기대 누적 +0.38% = 절편 +0.10% + 자기 추세 +0.33% + 52종목 폭·평균 -0.05% · 실제 -2.60%"",""실제 방향과 반대로 기여한 항: F35 (모형 내부 설명 · 인과 아님)""],""causeHypotheses"":[""자료 오류""],""unverified"":[""수급(외국인·기관·개인)·심리·과열·영향 시차·요인 중복·가중치는 이 셀에서 검증 자료 없음(실험 기록·시간순 검증에서만 판단)""]}"
analysis-c47f61a8c3996acf,analysis,2026-09-29,2026-09-29T09:31:18Z,,,"{""forecastId"":""2026-09-28-atlas11-27e1f65cfc167be9"",""modelVersion"":""atlas11-A-1""}",live,,,,,,,,,,,,,,034730,SK,util,2026-09-28-atlas11-27e1f65cfc167be9,atlas11-A-1,2026-09-28,2026-09-29,1,3,크기 허용·방향 틀림,false,true,true,1.051089618644217,"{""realizedLog"":0.00861331767811493,""predictedLog"":-0.0019532081324840577,""errorLog"":-0.010566525810598987,""basketCumLog"":null,""beta"":1.3807,""marketPartLog"":null,""residualPartLog"":null,""marketShare"":null,""unexplainedShare"":null}","[""출발가 578,000원(2026-09-28) → 실제 583,000원(2026-09-29, 1거래일) +0.87% · 예측 중앙 576,872원 -0.20% · 오차 -1.05%(절대 오차율 1.05%, 허용 1.5%)"",""방향: 예측 하락(51%) · 실제 상승 → 오답 · 80% 띠 담김(폭 9.3%)"",""실제값 정정 이력 2건"",""실제 종가 관측 시각 2026-09-29T09:31:18.000Z(16:00 KST 이후 · 지연 관측)""]","[""선택 모형의 기대 누적 0.00% = 절편 0.00% + 자기 추세 0.00% + 52종목 폭·평균 0.00% · 실제 +0.87%""]","[{""category"":""자료 오류"",""evidence"":""실제값 정정 2건"",""counterEvidence"":""정정 뒤 값으로 채점됨"",""strength"":""약""}]","[""수급(외국인·기관·개인)·심리·과열·영향 시차·요인 중복·가중치는 이 셀에서 검증 자료 없음(실험 기록·시간순 검증에서만 판단)""]","[""자료 오류""]","{""luckySuspect"":false,""reasonableProcess"":true,""luckyNote"":null,""reasonableNote"":""방향은 틀렸지만 실제값이 모형 80% 띠 안 → 판단 과정은 분포 안""}","{""confirmedFacts"":[""출발가 578,000원(2026-09-28) → 실제 583,000원(2026-09-29, 1거래일) +0.87% · 예측 중앙 576,872원 -0.20% · 오차 -1.05%(절대 오차율 1.05%, 허용 1.5%)"",""방향: 예측 하락(51%) · 실제 상승 → 오답 · 80% 띠 담김(폭 9.3%)"",""실제값 정정 이력 2건"",""실제 종가 관측 시각 2026-09-29T09:31:18.000Z(16:00 KST 이후 · 지연 관측)""],""modelInternal"":[""선택 모형의 기대 누적 0.00% = 절편 0.00% + 자기 추세 0.00% + 52종목 폭·평균 0.00% · 실제 +0.87%""],""causeHypotheses"":[""자료 오류""],""unverified"":[""수급(외국인·기관·개인)·심리·과열·영향 시차·요인 중복·가중치는 이 셀에서 검증 자료 없음(실험 기록·시간순 검증에서만 판단)""]}"
analysis-a8a30b76e613f1f6,analysis,2026-09-29,2026-09-29T09:31:18Z,,,"{""forecastId"":""2026-09-28-atlas11-27e1f65cfc167be9"",""modelVersion"":""atlas11-A-1""}",live,,,,,,,,,,,,,,000810,삼성화재,fin,2026-09-28-atlas11-27e1f65cfc167be9,atlas11-A-1,2026-09-28,2026-09-29,1,1,방향·크기 모두 맞음,true,true,true,1.354367046040367,"{""realizedLog"":-0.015244197643117081,""predictedLog"":-0.0017914228993783391,""errorLog"":0.013452774743738741,""basketCumLog"":null,""beta"":0.8304,""marketPartLog"":null,""residualPartLog"":null,""marketShare"":null,""unexplainedShare"":null}","[""출발가 661,000원(2026-09-28) → 실제 651,000원(2026-09-29, 1거래일) -1.51% · 예측 중앙 659,817원 -0.18% · 오차 +1.35%(절대 오차율 1.35%, 허용 1.5%)"",""방향: 예측 하락(52%) · 실제 하락 → 정답 · 80% 띠 담김(폭 5.3%)"",""실제값 정정 이력 2건"",""실제 종가 관측 시각 2026-09-29T09:31:18.000Z(16:00 KST 이후 · 지연 관측)""]","[""선택 모형의 기대 누적 0.00% = 절편 0.00% + 자기 추세 0.00% + 52종목 폭·평균 0.00% · 실제 -1.51%""]",[],"[""수급(외국인·기관·개인)·심리·과열·영향 시차·요인 중복·가중치는 이 셀에서 검증 자료 없음(실험 기록·시간순 검증에서만 판단)""]",[],"{""luckySuspect"":false,""reasonableProcess"":false,""luckyNote"":null,""reasonableNote"":null}","{""confirmedFacts"":[""출발가 661,000원(2026-09-28) → 실제 651,000원(2026-09-29, 1거래일) -1.51% · 예측 중앙 659,817원 -0.18% · 오차 +1.35%(절대 오차율 1.35%, 허용 1.5%)"",""방향: 예측 하락(52%) · 실제 하락 → 정답 · 80% 띠 담김(폭 5.3%)"",""실제값 정정 이력 2건"",""실제 종가 관측 시각 2026-09-29T09:31:18.000Z(16:00 KST 이후 · 지연 관측)""],""modelInternal"":[""선택 모형의 기대 누적 0.00% = 절편 0.00% + 자기 추세 0.00% + 52종목 폭·평균 0.00% · 실제 -1.51%""],""causeHypotheses"":[],""unverified"":[""수급(외국인·기관·개인)·심리·과열·영향 시차·요인 중복·가중치는 이 셀에서 검증 자료 없음(실험 기록·시간순 검증에서만 판단)""]}"
analysis-6685bee2e482447c,analysis,2026-09-29,2026-09-29T09:31:18Z,,,"{""forecastId"":""2026-09-28-atlas11-27e1f65cfc167be9"",""modelVersion"":""atlas11-A-1""}",live,,,,,,,,,,,,,,011200,HMM,auto,2026-09-28-atlas11-27e1f65cfc167be9,atlas11-A-1,2026-09-28,2026-09-29,1,2,방향 맞고 크기 틀림,true,false,true,1.6385230958580754,"{""realizedLog"":-0.016607736399660525,""predictedLog"":-0.00035529477868780936,""errorLog"":0.016252441620972717,""basketCumLog"":null,""beta"":0.6513,""marketPartLog"":null,""residualPartLog"":null,""marketShare"":null,""unexplainedShare"":null}","[""출발가 21,250원(2026-09-28) → 실제 20,900원(2026-09-29, 1거래일) -1.65% · 예측 중앙 21,242원 -0.04% · 오차 +1.64%(절대 오차율 1.64%, 허용 1.5%)"",""방향: 예측 하락(49%) · 실제 하락 → 정답 · 80% 띠 담김(폭 5.0%)"",""실제값 정정 이력 2건"",""실제 종가 관측 시각 2026-09-29T09:31:18.000Z(16:00 KST 이후 · 지연 관측)""]","[""선택 모형의 기대 누적 0.00% = 절편 0.00% + 자기 추세 0.00% + 52종목 폭·평균 0.00% · 실제 -1.65%""]","[{""category"":""자료 오류"",""evidence"":""실제값 정정 2건"",""counterEvidence"":""정정 뒤 값으로 채점됨"",""strength"":""약""}]","[""수급(외국인·기관·개인)·심리·과열·영향 시차·요인 중복·가중치는 이 셀에서 검증 자료 없음(실험 기록·시간순 검증에서만 판단)""]","[""자료 오류""]","{""luckySuspect"":false,""reasonableProcess"":false,""luckyNote"":null,""reasonableNote"":null}","{""confirmedFacts"":[""출발가 21,250원(2026-09-28) → 실제 20,900원(2026-09-29, 1거래일) -1.65% · 예측 중앙 21,242원 -0.04% · 오차 +1.64%(절대 오차율 1.64%, 허용 1.5%)"",""방향: 예측 하락(49%) · 실제 하락 → 정답 · 80% 띠 담김(폭 5.0%)"",""실제값 정정 이력 2건"",""실제 종가 관측 시각 2026-09-29T09:31:18.000Z(16:00 KST 이후 · 지연 관측)""],""modelInternal"":[""선택 모형의 기대 누적 0.00% = 절편 0.00% + 자기 추세 0.00% + 52종목 폭·평균 0.00% · 실제 -1.65%""],""causeHypotheses"":[""자료 오류""],""unverified"":[""수급(외국인·기관·개인)·심리·과열·영향 시차·요인 중복·가중치는 이 셀에서 검증 자료 없음(실험 기록·시간순 검증에서만 판단)""]}"
analysis-327541d4984cd308,analysis,2026-09-29,2026-09-29T09:31:18Z,,,"{""forecastId"":""2026-09-28-atlas11-27e1f65cfc167be9"",""modelVersion"":""atlas11-A-1""}",live,,,,,,,,,,,,,,033780,KT&G,cons,2026-09-28-atlas11-27e1f65cfc167be9,atlas11-A-1,2026-09-28,2026-09-29,1,3,크기 허용·방향 틀림,false,true,true,0.47370605762341045,"{""realizedLog"":0.003982935564077854,""predictedLog"":-0.0007653804427794358,""errorLog"":-0.00474831600685729,""basketCumLog"":null,""beta"":0.2734,""marketPartLog"":null,""residualPartLog"":null,""marketShare"":null,""unexplainedShare"":null}","[""출발가 175,400원(2026-09-28) → 실제 176,100원(2026-09-29, 1거래일) +0.40% · 예측 중앙 175,266원 -0.08% · 오차 -0.47%(절대 오차율 0.47%, 허용 1.5%)"",""방향: 예측 하락(50%) · 실제 상승 → 오답 · 80% 띠 담김(폭 4.0%)"",""실제값 정정 이력 1건"",""실제 종가 관측 시각 2026-09-29T09:31:18.000Z(16:00 KST 이후 · 지연 관측)""]","[""선택 모형의 기대 누적 +0.00% = 절편 +0.07% + 자기 추세 -0.08% + 52종목 폭·평균 +0.01% · 실제 +0.40%"",""실제 방향과 반대로 기여한 항: F35 (모형 내부 설명 · 인과 아님)""]","[{""category"":""자료 오류"",""evidence"":""실제값 정정 1건"",""counterEvidence"":""정정 뒤 값으로 채점됨"",""strength"":""약""}]","[""수급(외국인·기관·개인)·심리·과열·영향 시차·요인 중복·가중치는 이 셀에서 검증 자료 없음(실험 기록·시간순 검증에서만 판단)""]","[""자료 오류""]","{""luckySuspect"":false,""reasonableProcess"":true,""luckyNote"":null,""reasonableNote"":""방향은 틀렸지만 실제값이 모형 80% 띠 안 → 판단 과정은 분포 안""}","{""confirmedFacts"":[""출발가 175,400원(2026-09-28) → 실제 176,100원(2026-09-29, 1거래일) +0.40% · 예측 중앙 175,266원 -0.08% · 오차 -0.47%(절대 오차율 0.47%, 허용 1.5%)"",""방향: 예측 하락(50%) · 실제 상승 → 오답 · 80% 띠 담김(폭 4.0%)"",""실제값 정정 이력 1건"",""실제 종가 관측 시각 2026-09-29T09:31:18.000Z(16:00 KST 이후 · 지연 관측)""],""modelInternal"":[""선택 모형의 기대 누적 +0.00% = 절편 +0.07% + 자기 추세 -0.08% + 52종목 폭·평균 +0.01% · 실제 +0.40%"",""실제 방향과 반대로 기여한 항: F35 (모형 내부 설명 · 인과 아님)""],""causeHypotheses"":[""자료 오류""],""unverified"":[""수급(외국인·기관·개인)·심리·과열·영향 시차·요인 중복·가중치는 이 셀에서 검증 자료 없음(실험 기록·시간순 검증에서만 판단)""]}"
analysis-f0fe9f1ef9255fd5,analysis,2026-09-29,2026-09-29T09:31:18Z,,,"{""forecastId"":""2026-09-28-atlas11-27e1f65cfc167be9"",""modelVersion"":""atlas11-A-1""}",live,,,,,,,,,,,,,,018260,삼성에스디에스,semi,2026-09-28-atlas11-27e1f65cfc167be9,atlas11-A-1,2026-09-28,2026-09-29,1,1,방향·크기 모두 맞음,true,true,true,1.055016260566276,"{""realizedLog"":-0.011481182373956254,""predictedLog"":-0.0009862843732452008,""errorLog"":0.010494898000711054,""basketCumLog"":null,""beta"":1.0842,""marketPartLog"":null,""residualPartLog"":null,""marketShare"":null,""unexplainedShare"":null}","[""출발가 219,000원(2026-09-28) → 실제 216,500원(2026-09-29, 1거래일) -1.14% · 예측 중앙 218,784원 -0.10% · 오차 +1.06%(절대 오차율 1.06%, 허용 1.5%)"",""방향: 예측 하락(48%) · 실제 하락 → 정답 · 80% 띠 담김(폭 5.6%)"",""실제값 정정 이력 2건"",""실제 종가 관측 시각 2026-09-29T09:31:18.000Z(16:00 KST 이후 · 지연 관측)""]","[""선택 모형의 기대 누적 0.00% = 절편 0.00% + 자기 추세 0.00% + 52종목 폭·평균 0.00% · 실제 -1.14%""]",[],"[""수급(외국인·기관·개인)·심리·과열·영향 시차·요인 중복·가중치는 이 셀에서 검증 자료 없음(실험 기록·시간순 검증에서만 판단)""]",[],"{""luckySuspect"":false,""reasonableProcess"":false,""luckyNote"":null,""reasonableNote"":null}","{""confirmedFacts"":[""출발가 219,000원(2026-09-28) → 실제 216,500원(2026-09-29, 1거래일) -1.14% · 예측 중앙 218,784원 -0.10% · 오차 +1.06%(절대 오차율 1.06%, 허용 1.5%)"",""방향: 예측 하락(48%) · 실제 하락 → 정답 · 80% 띠 담김(폭 5.6%)"",""실제값 정정 이력 2건"",""실제 종가 관측 시각 2026-09-29T09:31:18.000Z(16:00 KST 이후 · 지연 관측)""],""modelInternal"":[""선택 모형의 기대 누적 0.00% = 절편 0.00% + 자기 추세 0.00% + 52종목 폭·평균 0.00% · 실제 -1.14%""],""causeHypotheses"":[],""unverified"":[""수급(외국인·기관·개인)·심리·과열·영향 시차·요인 중복·가중치는 이 셀에서 검증 자료 없음(실험 기록·시간순 검증에서만 판단)""]}"
analysis-e4c02e33c360398f,analysis,2026-09-29,2026-09-29T09:31:18Z,,,"{""forecastId"":""2026-09-28-atlas11-27e1f65cfc167be9"",""modelVersion"":""atlas11-A-1""}",live,,,,,,,,,,,,,,030200,KT,net,2026-09-28-atlas11-27e1f65cfc167be9,atlas11-A-1,2026-09-28,2026-09-29,1,3,크기 허용·방향 틀림,false,true,true,0.5895671408512574,"{""realizedLog"":-0.005687219120589576,""predictedLog"":0.00019114082571512026,""errorLog"":0.005878359946304697,""basketCumLog"":null,""beta"":0.4,""marketPartLog"":null,""residualPartLog"":null,""marketShare"":null,""unexplainedShare"":null}","[""출발가 52,900원(2026-09-28) → 실제 52,600원(2026-09-29, 1거래일) -0.57% · 예측 중앙 52,910원 +0.02% · 오차 +0.59%(절대 오차율 0.59%, 허용 1.5%)"",""방향: 예측 상승(47%) · 실제 하락 → 오답 · 80% 띠 담김(폭 3.2%)"",""실제값 정정 이력 2건"",""실제 종가 관측 시각 2026-09-29T09:31:18.000Z(16:00 KST 이후 · 지연 관측)""]","[""선택 모형의 기대 누적 0.00% = 절편 0.00% + 자기 추세 0.00% + 52종목 폭·평균 0.00% · 실제 -0.57%""]","[{""category"":""자료 오류"",""evidence"":""실제값 정정 2건"",""counterEvidence"":""정정 뒤 값으로 채점됨"",""strength"":""약""}]","[""수급(외국인·기관·개인)·심리·과열·영향 시차·요인 중복·가중치는 이 셀에서 검증 자료 없음(실험 기록·시간순 검증에서만 판단)""]","[""자료 오류""]","{""luckySuspect"":false,""reasonableProcess"":true,""luckyNote"":null,""reasonableNote"":""방향은 틀렸지만 실제값이 모형 80% 띠 안 → 판단 과정은 분포 안""}","{""confirmedFacts"":[""출발가 52,900원(2026-09-28) → 실제 52,600원(2026-09-29, 1거래일) -0.57% · 예측 중앙 52,910원 +0.02% · 오차 +0.59%(절대 오차율 0.59%, 허용 1.5%)"",""방향: 예측 상승(47%) · 실제 하락 → 오답 · 80% 띠 담김(폭 3.2%)"",""실제값 정정 이력 2건"",""실제 종가 관측 시각 2026-09-29T09:31:18.000Z(16:00 KST 이후 · 지연 관측)""],""modelInternal"":[""선택 모형의 기대 누적 0.00% = 절편 0.00% + 자기 추세 0.00% + 52종목 폭·평균 0.00% · 실제 -0.57%""],""causeHypotheses"":[""자료 오류""],""unverified"":[""수급(외국인·기관·개인)·심리·과열·영향 시차·요인 중복·가중치는 이 셀에서 검증 자료 없음(실험 기록·시간순 검증에서만 판단)""]}"
analysis-740375aa80789424,analysis,2026-09-29,2026-09-29T09:31:18Z,,,"{""forecastId"":""2026-09-28-atlas11-27e1f65cfc167be9"",""modelVersion"":""atlas11-A-1""}",live,,,,,,,,,,,,,,003230,삼양식품,cons,2026-09-28-atlas11-27e1f65cfc167be9,atlas11-A-1,2026-09-28,2026-09-29,1,3,크기 허용·방향 틀림,false,true,true,0.8150807484402894,"{""realizedLog"":0.004106781952653502,""predictedLog"":-0.00407742497517411,""errorLog"":-0.008184206927827613,""basketCumLog"":null,""beta"":0.6817,""marketPartLog"":null,""residualPartLog"":null,""marketShare"":null,""unexplainedShare"":null}","[""출발가 1,215,000원(2026-09-28) → 실제 1,220,000원(2026-09-29, 1거래일) +0.41% · 예측 중앙 1,210,056원 -0.41% · 오차 -0.82%(절대 오차율 0.82%, 허용 1.5%)"",""방향: 예측 하락(54%) · 실제 상승 → 오답 · 80% 띠 담김(폭 7.4%)"",""실제값 정정 이력 2건"",""실제 종가 관측 시각 2026-09-29T09:31:18.000Z(16:00 KST 이후 · 지연 관측)""]","[""선택 모형의 기대 누적 0.00% = 절편 0.00% + 자기 추세 0.00% + 52종목 폭·평균 0.00% · 실제 +0.41%""]","[{""category"":""자료 오류"",""evidence"":""실제값 정정 2건"",""counterEvidence"":""정정 뒤 값으로 채점됨"",""strength"":""약""}]","[""수급(외국인·기관·개인)·심리·과열·영향 시차·요인 중복·가중치는 이 셀에서 검증 자료 없음(실험 기록·시간순 검증에서만 판단)""]","[""자료 오류""]","{""luckySuspect"":false,""reasonableProcess"":true,""luckyNote"":null,""reasonableNote"":""방향은 틀렸지만 실제값이 모형 80% 띠 안 → 판단 과정은 분포 안""}","{""confirmedFacts"":[""출발가 1,215,000원(2026-09-28) → 실제 1,220,000원(2026-09-29, 1거래일) +0.41% · 예측 중앙 1,210,056원 -0.41% · 오차 -0.82%(절대 오차율 0.82%, 허용 1.5%)"",""방향: 예측 하락(54%) · 실제 상승 → 오답 · 80% 띠 담김(폭 7.4%)"",""실제값 정정 이력 2건"",""실제 종가 관측 시각 2026-09-29T09:31:18.000Z(16:00 KST 이후 · 지연 관측)""],""modelInternal"":[""선택 모형의 기대 누적 0.00% = 절편 0.00% + 자기 추세 0.00% + 52종목 폭·평균 0.00% · 실제 +0.41%""],""causeHypotheses"":[""자료 오류""],""unverified"":[""수급(외국인·기관·개인)·심리·과열·영향 시차·요인 중복·가중치는 이 셀에서 검증 자료 없음(실험 기록·시간순 검증에서만 판단)""]}"
analysis-7ffc2e811d74fc93,analysis,2026-09-29,2026-09-29T09:31:18Z,,,"{""forecastId"":""2026-09-28-atlas11-27e1f65cfc167be9"",""modelVersion"":""atlas11-A-1""}",live,,,,,,,,,,,,,,029780,삼성카드,fin,2026-09-28-atlas11-27e1f65cfc167be9,atlas11-A-1,2026-09-28,2026-09-29,1,4,방향·크기 모두 틀림,false,false,false,1.9646036544170655,"{""realizedLog"":-0.019802627296179754,""predictedLog"":-0.0003470832223247104,""errorLog"":0.019455544073855045,""basketCumLog"":null,""beta"":0.3975,""marketPartLog"":null,""residualPartLog"":null,""marketShare"":null,""unexplainedShare"":null}","[""출발가 43,350원(2026-09-28) → 실제 42,500원(2026-09-29, 1거래일) -1.96% · 예측 중앙 43,335원 -0.03% · 오차 +1.96%(절대 오차율 1.96%, 허용 1.5%)"",""방향: 예측 상승(47%) · 실제 하락 → 오답 · 80% 띠 벗어남(폭 3.4%)"",""실제값 정정 이력 2건"",""실제 종가 관측 시각 2026-09-29T09:31:18.000Z(16:00 KST 이후 · 지연 관측)""]","[""선택 모형의 기대 누적 0.00% = 절편 0.00% + 자기 추세 0.00% + 52종목 폭·평균 0.00% · 실제 -1.96%""]","[{""category"":""변동성·범위"",""evidence"":""실제값이 80% 띠 밖(폭 3.4% · 실제 이동 -1.96%)"",""counterEvidence"":""80% 띠는 명목이며 개별 셀의 벗어남은 정상 범위일 수 있음(담김률로 판단)"",""strength"":""중""},{""category"":""자료 오류"",""evidence"":""실제값 정정 2건"",""counterEvidence"":""정정 뒤 값으로 채점됨"",""strength"":""약""}]","[""수급(외국인·기관·개인)·심리·과열·영향 시차·요인 중복·가중치는 이 셀에서 검증 자료 없음(실험 기록·시간순 검증에서만 판단)""]","[""변동성·범위"",""자료 오류""]","{""luckySuspect"":false,""reasonableProcess"":false,""luckyNote"":null,""reasonableNote"":null}","{""confirmedFacts"":[""출발가 43,350원(2026-09-28) → 실제 42,500원(2026-09-29, 1거래일) -1.96% · 예측 중앙 43,335원 -0.03% · 오차 +1.96%(절대 오차율 1.96%, 허용 1.5%)"",""방향: 예측 상승(47%) · 실제 하락 → 오답 · 80% 띠 벗어남(폭 3.4%)"",""실제값 정정 이력 2건"",""실제 종가 관측 시각 2026-09-29T09:31:18.000Z(16:00 KST 이후 · 지연 관측)""],""modelInternal"":[""선택 모형의 기대 누적 0.00% = 절편 0.00% + 자기 추세 0.00% + 52종목 폭·평균 0.00% · 실제 -1.96%""],""causeHypotheses"":[""변동성·범위"",""자료 오류""],""unverified"":[""수급(외국인·기관·개인)·심리·과열·영향 시차·요인 중복·가중치는 이 셀에서 검증 자료 없음(실험 기록·시간순 검증에서만 판단)""]}"
analysis-77064af767a6f3c6,analysis,2026-09-29,2026-09-29T09:31:18Z,,,"{""forecastId"":""2026-09-28-atlas11-27e1f65cfc167be9"",""modelVersion"":""atlas11-A-1""}",live,,,,,,,,,,,,,,036460,한국가스공사,util,2026-09-28-atlas11-27e1f65cfc167be9,atlas11-A-1,2026-09-28,2026-09-29,1,1,방향·크기 모두 맞음,true,true,true,1.3630301114417254,"{""realizedLog"":-0.014184634991956413,""predictedLog"":-0.0006463908654404273,""errorLog"":0.013538244126515985,""basketCumLog"":null,""beta"":0.6745,""marketPartLog"":null,""residualPartLog"":null,""marketShare"":null,""unexplainedShare"":null}","[""출발가 35,500원(2026-09-28) → 실제 35,000원(2026-09-29, 1거래일) -1.41% · 예측 중앙 35,477원 -0.06% · 오차 +1.36%(절대 오차율 1.36%, 허용 1.5%)"",""방향: 예측 하락(48%) · 실제 하락 → 정답 · 80% 띠 담김(폭 3.9%)"",""실제값 정정 이력 1건"",""실제 종가 관측 시각 2026-09-29T09:31:18.000Z(16:00 KST 이후 · 지연 관측)""]","[""선택 모형의 기대 누적 -0.04% = 절편 -0.03% + 자기 추세 -0.03% + 52종목 폭·평균 +0.03% · 실제 -1.41%"",""실제 방향과 반대로 기여한 항: F11 (모형 내부 설명 · 인과 아님)""]",[],"[""수급(외국인·기관·개인)·심리·과열·영향 시차·요인 중복·가중치는 이 셀에서 검증 자료 없음(실험 기록·시간순 검증에서만 판단)""]",[],"{""luckySuspect"":false,""reasonableProcess"":false,""luckyNote"":null,""reasonableNote"":null}","{""confirmedFacts"":[""출발가 35,500원(2026-09-28) → 실제 35,000원(2026-09-29, 1거래일) -1.41% · 예측 중앙 35,477원 -0.06% · 오차 +1.36%(절대 오차율 1.36%, 허용 1.5%)"",""방향: 예측 하락(48%) · 실제 하락 → 정답 · 80% 띠 담김(폭 3.9%)"",""실제값 정정 이력 1건"",""실제 종가 관측 시각 2026-09-29T09:31:18.000Z(16:00 KST 이후 · 지연 관측)""],""modelInternal"":[""선택 모형의 기대 누적 -0.04% = 절편 -0.03% + 자기 추세 -0.03% + 52종목 폭·평균 +0.03% · 실제 -1.41%"",""실제 방향과 반대로 기여한 항: F11 (모형 내부 설명 · 인과 아님)""],""causeHypotheses"":[],""unverified"":[""수급(외국인·기관·개인)·심리·과열·영향 시차·요인 중복·가중치는 이 셀에서 검증 자료 없음(실험 기록·시간순 검증에서만 판단)""]}"
analysis-0c96d6c6ae5ac5e9,analysis,2026-09-29,2026-09-29T09:31:18Z,,,"{""forecastId"":""2026-09-28-atlas11-27e1f65cfc167be9"",""modelVersion"":""atlas11-A-1""}",live,,,,,,,,,,,,,,004170,신세계,cons,2026-09-28-atlas11-27e1f65cfc167be9,atlas11-A-1,2026-09-28,2026-09-29,1,2,방향 맞고 크기 틀림,true,false,true,1.7311838531885644,"{""realizedLog"":-0.01762160134981956,""predictedLog"":-0.00045790539178172505,""errorLog"":0.017163695958037833,""basketCumLog"":null,""beta"":0.9942,""marketPartLog"":null,""residualPartLog"":null,""marketShare"":null,""unexplainedShare"":null}","[""출발가 343,500원(2026-09-28) → 실제 337,500원(2026-09-29, 1거래일) -1.75% · 예측 중앙 343,343원 -0.05% · 오차 +1.73%(절대 오차율 1.73%, 허용 1.5%)"",""방향: 예측 하락(49%) · 실제 하락 → 정답 · 80% 띠 담김(폭 8.1%)"",""실제값 정정 이력 2건"",""실제 종가 관측 시각 2026-09-29T09:31:18.000Z(16:00 KST 이후 · 지연 관측)""]","[""선택 모형의 기대 누적 +0.14% = 절편 +0.12% + 자기 추세 +0.01% + 52종목 폭·평균 +0.01% · 실제 -1.75%"",""실제 방향과 반대로 기여한 항: F35, F11 (모형 내부 설명 · 인과 아님)""]","[{""category"":""자료 오류"",""evidence"":""실제값 정정 2건"",""counterEvidence"":""정정 뒤 값으로 채점됨"",""strength"":""약""}]","[""수급(외국인·기관·개인)·심리·과열·영향 시차·요인 중복·가중치는 이 셀에서 검증 자료 없음(실험 기록·시간순 검증에서만 판단)""]","[""자료 오류""]","{""luckySuspect"":false,""reasonableProcess"":false,""luckyNote"":null,""reasonableNote"":null}","{""confirmedFacts"":[""출발가 343,500원(2026-09-28) → 실제 337,500원(2026-09-29, 1거래일) -1.75% · 예측 중앙 343,343원 -0.05% · 오차 +1.73%(절대 오차율 1.73%, 허용 1.5%)"",""방향: 예측 하락(49%) · 실제 하락 → 정답 · 80% 띠 담김(폭 8.1%)"",""실제값 정정 이력 2건"",""실제 종가 관측 시각 2026-09-29T09:31:18.000Z(16:00 KST 이후 · 지연 관측)""],""modelInternal"":[""선택 모형의 기대 누적 +0.14% = 절편 +0.12% + 자기 추세 +0.01% + 52종목 폭·평균 +0.01% · 실제 -1.75%"",""실제 방향과 반대로 기여한 항: F35, F11 (모형 내부 설명 · 인과 아님)""],""causeHypotheses"":[""자료 오류""],""unverified"":[""수급(외국인·기관·개인)·심리·과열·영향 시차·요인 중복·가중치는 이 셀에서 검증 자료 없음(실험 기록·시간순 검증에서만 판단)""]}"
analysis-5ce7817f0de47ed9,analysis,2026-09-29,2026-09-29T09:31:18Z,,,"{""forecastId"":""2026-09-28-atlas11-27e1f65cfc167be9"",""modelVersion"":""atlas11-A-1""}",live,,,,,,,,,,,,,,111770,영원무역,cons,2026-09-28-atlas11-27e1f65cfc167be9,atlas11-A-1,2026-09-28,2026-09-29,1,1,방향·크기 모두 맞음,true,true,true,0.9219031322853387,"{""realizedLog"":-0.009852296443011594,""predictedLog"":-0.0006755010052427328,""errorLog"":0.00917679543776886,""basketCumLog"":null,""beta"":0.5629,""marketPartLog"":null,""residualPartLog"":null,""marketShare"":null,""unexplainedShare"":null}","[""출발가 71,400원(2026-09-28) → 실제 70,700원(2026-09-29, 1거래일) -0.98% · 예측 중앙 71,352원 -0.07% · 오차 +0.92%(절대 오차율 0.92%, 허용 1.5%)"",""방향: 예측 하락(49%) · 실제 하락 → 정답 · 80% 띠 담김(폭 5.3%)"",""실제값 정정 이력 2건"",""실제 종가 관측 시각 2026-09-29T09:31:18.000Z(16:00 KST 이후 · 지연 관측)""]","[""선택 모형의 기대 누적 -0.06% = 절편 +0.08% + 자기 추세 -0.22% + 52종목 폭·평균 +0.08% · 실제 -0.98%"",""실제 방향과 반대로 기여한 항: F11 (모형 내부 설명 · 인과 아님)""]",[],"[""수급(외국인·기관·개인)·심리·과열·영향 시차·요인 중복·가중치는 이 셀에서 검증 자료 없음(실험 기록·시간순 검증에서만 판단)""]",[],"{""luckySuspect"":false,""reasonableProcess"":false,""luckyNote"":null,""reasonableNote"":null}","{""confirmedFacts"":[""출발가 71,400원(2026-09-28) → 실제 70,700원(2026-09-29, 1거래일) -0.98% · 예측 중앙 71,352원 -0.07% · 오차 +0.92%(절대 오차율 0.92%, 허용 1.5%)"",""방향: 예측 하락(49%) · 실제 하락 → 정답 · 80% 띠 담김(폭 5.3%)"",""실제값 정정 이력 2건"",""실제 종가 관측 시각 2026-09-29T09:31:18.000Z(16:00 KST 이후 · 지연 관측)""],""modelInternal"":[""선택 모형의 기대 누적 -0.06% = 절편 +0.08% + 자기 추세 -0.22% + 52종목 폭·평균 +0.08% · 실제 -0.98%"",""실제 방향과 반대로 기여한 항: F11 (모형 내부 설명 · 인과 아님)""],""causeHypotheses"":[],""unverified"":[""수급(외국인·기관·개인)·심리·과열·영향 시차·요인 중복·가중치는 이 셀에서 검증 자료 없음(실험 기록·시간순 검증에서만 판단)""]}"
analysis-305633195e23daf4,analysis,2026-09-29,2026-09-29T09:31:18Z,,,"{""forecastId"":""2026-09-28-atlas11-27e1f65cfc167be9"",""modelVersion"":""atlas11-A-1""}",live,,,,,,,,,,,,,,257720,실리콘투,cons,2026-09-28-atlas11-27e1f65cfc167be9,atlas11-A-1,2026-09-28,2026-09-29,1,1,방향·크기 모두 맞음,true,true,true,1.073685455929071,"{""realizedLog"":-0.014313842305270098,""predictedLog"":-0.003634218481285694,""errorLog"":0.010679623823984404,""basketCumLog"":null,""beta"":0.9504,""marketPartLog"":null,""residualPartLog"":null,""marketShare"":null,""unexplainedShare"":null}","[""출발가 38,700원(2026-09-28) → 실제 38,150원(2026-09-29, 1거래일) -1.42% · 예측 중앙 38,560원 -0.36% · 오차 +1.07%(절대 오차율 1.07%, 허용 1.5%)"",""방향: 예측 하락(54%) · 실제 하락 → 정답 · 80% 띠 담김(폭 8.9%)"",""실제값 정정 이력 1건"",""실제 종가 관측 시각 2026-09-29T09:31:18.000Z(16:00 KST 이후 · 지연 관측)""]","[""선택 모형의 기대 누적 -0.26% = 절편 -0.01% + 자기 추세 -0.17% + 52종목 폭·평균 -0.09% · 실제 -1.42%""]",[],"[""수급(외국인·기관·개인)·심리·과열·영향 시차·요인 중복·가중치는 이 셀에서 검증 자료 없음(실험 기록·시간순 검증에서만 판단)""]",[],"{""luckySuspect"":false,""reasonableProcess"":false,""luckyNote"":null,""reasonableNote"":null}","{""confirmedFacts"":[""출발가 38,700원(2026-09-28) → 실제 38,150원(2026-09-29, 1거래일) -1.42% · 예측 중앙 38,560원 -0.36% · 오차 +1.07%(절대 오차율 1.07%, 허용 1.5%)"",""방향: 예측 하락(54%) · 실제 하락 → 정답 · 80% 띠 담김(폭 8.9%)"",""실제값 정정 이력 1건"",""실제 종가 관측 시각 2026-09-29T09:31:18.000Z(16:00 KST 이후 · 지연 관측)""],""modelInternal"":[""선택 모형의 기대 누적 -0.26% = 절편 -0.01% + 자기 추세 -0.17% + 52종목 폭·평균 -0.09% · 실제 -1.42%""],""causeHypotheses"":[],""unverified"":[""수급(외국인·기관·개인)·심리·과열·영향 시차·요인 중복·가중치는 이 셀에서 검증 자료 없음(실험 기록·시간순 검증에서만 판단)""]}"
analysis-5ccb451a0280dde6,analysis,2026-09-29,2026-09-29T09:31:18Z,,,"{""forecastId"":""2026-09-28-atlas11-27e1f65cfc167be9"",""modelVersion"":""atlas11-A-1""}",live,,,,,,,,,,,,,,226950,올릭스,bio,2026-09-28-atlas11-27e1f65cfc167be9,atlas11-A-1,2026-09-28,2026-09-29,1,1,방향·크기 모두 맞음,true,true,true,1.3895078146219249,"{""realizedLog"":-0.01739174271186922,""predictedLog"":-0.003592316125182199,""errorLog"":0.013799426586687022,""basketCumLog"":null,""beta"":1.3719,""marketPartLog"":null,""residualPartLog"":null,""marketShare"":null,""unexplainedShare"":null}","[""출발가 104,400원(2026-09-28) → 실제 102,600원(2026-09-29, 1거래일) -1.72% · 예측 중앙 104,026원 -0.36% · 오차 +1.39%(절대 오차율 1.39%, 허용 1.5%)"",""방향: 예측 하락(54%) · 실제 하락 → 정답 · 80% 띠 담김(폭 14.1%)"",""실제값 정정 이력 2건"",""실제 종가 관측 시각 2026-09-29T09:31:18.000Z(16:00 KST 이후 · 지연 관측)""]","[""선택 모형의 기대 누적 0.00% = 절편 0.00% + 자기 추세 0.00% + 52종목 폭·평균 0.00% · 실제 -1.72%""]",[],"[""수급(외국인·기관·개인)·심리·과열·영향 시차·요인 중복·가중치는 이 셀에서 검증 자료 없음(실험 기록·시간순 검증에서만 판단)""]",[],"{""luckySuspect"":false,""reasonableProcess"":false,""luckyNote"":null,""reasonableNote"":null}","{""confirmedFacts"":[""출발가 104,400원(2026-09-28) → 실제 102,600원(2026-09-29, 1거래일) -1.72% · 예측 중앙 104,026원 -0.36% · 오차 +1.39%(절대 오차율 1.39%, 허용 1.5%)"",""방향: 예측 하락(54%) · 실제 하락 → 정답 · 80% 띠 담김(폭 14.1%)"",""실제값 정정 이력 2건"",""실제 종가 관측 시각 2026-09-29T09:31:18.000Z(16:00 KST 이후 · 지연 관측)""],""modelInternal"":[""선택 모형의 기대 누적 0.00% = 절편 0.00% + 자기 추세 0.00% + 52종목 폭·평균 0.00% · 실제 -1.72%""],""causeHypotheses"":[],""unverified"":[""수급(외국인·기관·개인)·심리·과열·영향 시차·요인 중복·가중치는 이 셀에서 검증 자료 없음(실험 기록·시간순 검증에서만 판단)""]}"
analysis-cc783e96fa827d0b,analysis,2026-09-29,2026-09-29T09:31:18Z,,,"{""forecastId"":""2026-09-28-atlas11-27e1f65cfc167be9"",""modelVersion"":""atlas11-A-1""}",live,,,,,,,,,,,,,,030000,제일기획,net,2026-09-28-atlas11-27e1f65cfc167be9,atlas11-A-1,2026-09-28,2026-09-29,1,1,방향·크기 모두 맞음,true,true,true,0.07811830787595712,"{""realizedLog"":0.0011223345734787044,""predictedLog"":0.00034084621221981194,""errorLog"":-0.0007814883612588925,""basketCumLog"":null,""beta"":0.3386,""marketPartLog"":null,""residualPartLog"":null,""marketShare"":null,""unexplainedShare"":null}","[""출발가 17,810원(2026-09-28) → 실제 17,830원(2026-09-29, 1거래일) +0.11% · 예측 중앙 17,816원 +0.03% · 오차 -0.08%(절대 오차율 0.08%, 허용 1.5%)"",""방향: 예측 상승(48%) · 실제 상승 → 정답 · 80% 띠 담김(폭 3.2%)"",""실제값 정정 이력 2건"",""실제 종가 관측 시각 2026-09-29T09:31:18.000Z(16:00 KST 이후 · 지연 관측)""]","[""선택 모형의 기대 누적 0.00% = 절편 0.00% + 자기 추세 0.00% + 52종목 폭·평균 0.00% · 실제 +0.11%""]",[],"[""수급(외국인·기관·개인)·심리·과열·영향 시차·요인 중복·가중치는 이 셀에서 검증 자료 없음(실험 기록·시간순 검증에서만 판단)""]",[],"{""luckySuspect"":false,""reasonableProcess"":false,""luckyNote"":null,""reasonableNote"":null}","{""confirmedFacts"":[""출발가 17,810원(2026-09-28) → 실제 17,830원(2026-09-29, 1거래일) +0.11% · 예측 중앙 17,816원 +0.03% · 오차 -0.08%(절대 오차율 0.08%, 허용 1.5%)"",""방향: 예측 상승(48%) · 실제 상승 → 정답 · 80% 띠 담김(폭 3.2%)"",""실제값 정정 이력 2건"",""실제 종가 관측 시각 2026-09-29T09:31:18.000Z(16:00 KST 이후 · 지연 관측)""],""modelInternal"":[""선택 모형의 기대 누적 0.00% = 절편 0.00% + 자기 추세 0.00% + 52종목 폭·평균 0.00% · 실제 +0.11%""],""causeHypotheses"":[],""unverified"":[""수급(외국인·기관·개인)·심리·과열·영향 시차·요인 중복·가중치는 이 셀에서 검증 자료 없음(실험 기록·시간순 검증에서만 판단)""]}"
analysis-34f26b3813fb9077,analysis,2026-09-29,2026-09-29T09:31:18Z,,,"{""scoreCutoff"":""2026-09-29""}",daily_aggregate,2026-09-29,,"[{""code"":""373220"",""name"":""LG에너지솔루션"",""change"":-0.030219780219780223},{""code"":""010130"",""name"":""고려아연"",""change"":-0.029038112522686066},{""code"":""329180"",""name"":""HD현대중공업"",""change"":-0.02601809954751133},{""code"":""017670"",""name"":""SK텔레콤"",""change"":-0.023809523809523836},{""code"":""029780"",""name"":""삼성카드"",""change"":-0.019607843137254943}]",87,"{""방향 맞고 크기 틀림"":27,""크기 허용·방향 틀림"":24,""방향·크기 모두 틀림"":6,""방향·크기 모두 맞음"":30}","{""1"":{""n"":87,""directionAccuracy"":0.6551724137931034,""priceHitRate"":0.6206896551724138,""meanAPE"":1.3228721799233987,""coverage80"":0.9310344827586207,""meanBrier"":0.4938229956896553},""5"":null,""10"":null,""20"":null}","[{""group"":""semi"",""groupName"":""반도체·전자"",""n"":3,""directionAccuracy"":1,""meanAPE"":1.055016260566276,""meanSignedErrorPct"":1.0550162605662772},{""group"":""chem"",""groupName"":""배터리·화학·소재"",""n"":9,""directionAccuracy"":1,""meanAPE"":2.4713134107617587,""meanSignedErrorPct"":2.4713134107617662},{""group"":""auto"",""groupName"":""자동차·운송"",""n"":3,""directionAccuracy"":1,""meanAPE"":1.6385230958580754,""meanSignedErrorPct"":1.6385230958580799},{""group"":""fin"",""groupName"":""금융"",""n"":15,""directionAccuracy"":0.6,""meanAPE"":1.268194279356021,""meanSignedErrorPct"":1.268194279356023},{""group"":""heavy"",""groupName"":""조선·기계·방산·건설"",""n"":6,""directionAccuracy"":0,""meanAPE"":2.0339718840497616,""meanSignedErrorPct"":0.9730565745048048},{""group"":""bio"",""groupName"":""바이오·헬스"",""n"":3,""directionAccuracy"":1,""meanAPE"":1.3895078146219249,""meanSignedErrorPct"":1.3895078146219264},{""group"":""net"",""groupName"":""통신·인터넷·게임·엔터"",""n"":12,""directionAccuracy"":0.75,""meanAPE"":1.2298875289833606,""meanSignedErrorPct"":1.19082837504538},{""group"":""cons"",""groupName"":""소비재·유통"",""n"":24,""directionAccuracy"":0.625,""meanAPE"":1.0065711822986287,""meanSignedErrorPct"":0.684374480782704},{""group"":""util"",""groupName"":""에너지·유틸리티·지주·상사"",""n"":12,""directionAccuracy"":0.5,""meanAPE"":0.8713177688112319,""meanSignedErrorPct"":0.12327226734123176}]",{},"[{""code"":""030000"",""name"":""제일기획"",""horizon"":1,""ape"":0.07811830787595712},{""code"":""030000"",""name"":""제일기획"",""horizon"":1,""ape"":0.07811830787595712},{""code"":""030000"",""name"":""제일기획"",""horizon"":1,""ape"":0.07811830787595712},{""code"":""138040"",""name"":""메리츠금융지주"",""horizon"":1,""ape"":0.3537789003832506},{""code"":""138040"",""name"":""메리츠금융지주"",""horizon"":1,""ape"":0.3537789003832506}]","[{""code"":""329180"",""name"":""HD현대중공업"",""horizon"":1,""ape"":3.0070284585545677,""causes"":[]},{""code"":""329180"",""name"":""HD현대중공업"",""horizon"":1,""ape"":3.0070284585545677,""causes"":[]},{""code"":""329180"",""name"":""HD현대중공업"",""horizon"":1,""ape"":3.0070284585545677,""causes"":[]},{""code"":""029780"",""name"":""삼성카드"",""horizon"":1,""ape"":1.9646036544170655,""causes"":[]},{""code"":""029780"",""name"":""삼성카드"",""horizon"":1,""ape"":1.9646036544170655,""causes"":[]}]",,0,0,,,,,,,,,,,,,,,,,,,,,,
analysis-5f6de0b63ccfbf65,analysis,2026-09-29,2026-09-29T09:43:00Z,,,"{""forecastId"":""2026-09-28-rolling20-13cd892134e517b4"",""modelVersion"":""atlas-rolling20-A""}",live,,,,,,,,,,,,,,207940,삼성바이오로직스,bio,2026-09-28-rolling20-13cd892134e517b4,atlas-rolling20-A,2026-09-28,2026-09-29,1,1,방향·크기 모두 맞음,true,true,true,1.301258755331423,"{""realizedLog"":-0.01294051127573482,""predictedLog"":-0.000011860071273032298,""errorLog"":0.012928651204461789,""basketCumLog"":null,""beta"":0.6242,""marketPartLog"":null,""residualPartLog"":null,""marketShare"":null,""unexplainedShare"":null}","[""출발가 1,400,000원(2026-09-28) → 실제 1,382,000원(2026-09-29, 1거래일) -1.29% · 예측 중앙 1,399,983원 -0.00% · 오차 +1.30%(절대 오차율 1.30%, 허용 1.5%)"",""방향: 예측 하락(47%) · 실제 하락 → 정답 · 80% 띠 담김(폭 4.7%)"",""기간 안 확인된 일정 1건(기업 1 · 중요 0): 삼성바이오로직스 기업설명회 · 코리아 프리미엄 위크 — 수치 영향은 미산출"",""실제값 정정 이력 1건"",""실제 종가 관측 시각 2026-09-29T09:43:00.000Z(16:00 KST 이후 · 지연 관측)""]","[""선택 모형의 기대 누적 0.00% = 절편 0.00% + 자기 추세 0.00% + 52종목 폭·평균 0.00% · 실제 -1.29%""]",[],"[""수급(외국인·기관·개인)·심리·과열·영향 시차·요인 중복·가중치는 이 셀에서 검증 자료 없음(실험 기록·시간순 검증에서만 판단)""]",[],"{""luckySuspect"":false,""reasonableProcess"":false,""luckyNote"":null,""reasonableNote"":null}","{""confirmedFacts"":[""출발가 1,400,000원(2026-09-28) → 실제 1,382,000원(2026-09-29, 1거래일) -1.29% · 예측 중앙 1,399,983원 -0.00% · 오차 +1.30%(절대 오차율 1.30%, 허용 1.5%)"",""방향: 예측 하락(47%) · 실제 하락 → 정답 · 80% 띠 담김(폭 4.7%)"",""기간 안 확인된 일정 1건(기업 1 · 중요 0): 삼성바이오로직스 기업설명회 · 코리아 프리미엄 위크 — 수치 영향은 미산출"",""실제값 정정 이력 1건"",""실제 종가 관측 시각 2026-09-29T09:43:00.000Z(16:00 KST 이후 · 지연 관측)""],""modelInternal"":[""선택 모형의 기대 누적 0.00% = 절편 0.00% + 자기 추세 0.00% + 52종목 폭·평균 0.00% · 실제 -1.29%""],""causeHypotheses"":[],""unverified"":[""수급(외국인·기관·개인)·심리·과열·영향 시차·요인 중복·가중치는 이 셀에서 검증 자료 없음(실험 기록·시간순 검증에서만 판단)""]}"
analysis-9636a43cb508e09e,analysis,2026-09-29,2026-09-29T09:43:00Z,,,"{""forecastId"":""2026-09-28-rolling20-13cd892134e517b4"",""modelVersion"":""atlas-rolling20-A""}",live,,,,,,,,,,,,,,032830,삼성생명보험,fin,2026-09-28-rolling20-13cd892134e517b4,atlas-rolling20-A,2026-09-28,2026-09-29,1,2,방향 맞고 크기 틀림,true,false,true,1.8083612771345527,"{""realizedLog"":-0.0187558780320944,""predictedLog"":-0.000833828923613086,""errorLog"":0.017922049108481313,""basketCumLog"":null,""beta"":1.2564,""marketPartLog"":null,""residualPartLog"":null,""marketShare"":null,""unexplainedShare"":null}","[""출발가 296,000원(2026-09-28) → 실제 290,500원(2026-09-29, 1거래일) -1.86% · 예측 중앙 295,753원 -0.08% · 오차 +1.81%(절대 오차율 1.81%, 허용 1.5%)"",""방향: 예측 하락(50%) · 실제 하락 → 정답 · 80% 띠 담김(폭 6.0%)"",""실제값 정정 이력 3건"",""실제 종가 관측 시각 2026-09-29T09:43:00.000Z(16:00 KST 이후 · 지연 관측)""]","[""선택 모형의 기대 누적 +0.11% = 절편 +0.15% + 자기 추세 -0.04% + 52종목 폭·평균 -0.00% · 실제 -1.86%""]","[{""category"":""자료 오류"",""evidence"":""실제값 정정 3건"",""counterEvidence"":""정정 뒤 값으로 채점됨"",""strength"":""약""}]","[""수급(외국인·기관·개인)·심리·과열·영향 시차·요인 중복·가중치는 이 셀에서 검증 자료 없음(실험 기록·시간순 검증에서만 판단)""]","[""자료 오류""]","{""luckySuspect"":false,""reasonableProcess"":false,""luckyNote"":null,""reasonableNote"":null}","{""confirmedFacts"":[""출발가 296,000원(2026-09-28) → 실제 290,500원(2026-09-29, 1거래일) -1.86% · 예측 중앙 295,753원 -0.08% · 오차 +1.81%(절대 오차율 1.81%, 허용 1.5%)"",""방향: 예측 하락(50%) · 실제 하락 → 정답 · 80% 띠 담김(폭 6.0%)"",""실제값 정정 이력 3건"",""실제 종가 관측 시각 2026-09-29T09:43:00.000Z(16:00 KST 이후 · 지연 관측)""],""modelInternal"":[""선택 모형의 기대 누적 +0.11% = 절편 +0.15% + 자기 추세 -0.04% + 52종목 폭·평균 -0.00% · 실제 -1.86%""],""causeHypotheses"":[""자료 오류""],""unverified"":[""수급(외국인·기관·개인)·심리·과열·영향 시차·요인 중복·가중치는 이 셀에서 검증 자료 없음(실험 기록·시간순 검증에서만 판단)""]}"
analysis-15f91d8094e7696e,analysis,2026-09-29,2026-09-29T09:43:00Z,,,"{""forecastId"":""2026-09-28-rolling20-13cd892134e517b4"",""modelVersion"":""atlas-rolling20-A""}",live,,,,,,,,,,,,,,012330,현대모비스,auto,2026-09-28-rolling20-13cd892134e517b4,atlas-rolling20-A,2026-09-28,2026-09-29,1,1,방향·크기 모두 맞음,true,true,true,1.4732562603307944,"{""realizedLog"":-0.01621657158924528,""predictedLog"":-0.0015914789336911256,""errorLog"":0.014625092655554155,""basketCumLog"":null,""beta"":1.1361,""marketPartLog"":null,""residualPartLog"":null,""marketShare"":null,""unexplainedShare"":null}","[""출발가 373,000원(2026-09-28) → 실제 367,000원(2026-09-29, 1거래일) -1.61% · 예측 중앙 372,407원 -0.16% · 오차 +1.47%(절대 오차율 1.47%, 허용 1.5%)"",""방향: 예측 하락(53%) · 실제 하락 → 정답 · 80% 띠 담김(폭 6.3%)"",""실제값 정정 이력 1건"",""실제 종가 관측 시각 2026-09-29T09:43:00.000Z(16:00 KST 이후 · 지연 관측)""]","[""선택 모형의 기대 누적 0.00% = 절편 0.00% + 자기 추세 0.00% + 52종목 폭·평균 0.00% · 실제 -1.61%""]",[],"[""수급(외국인·기관·개인)·심리·과열·영향 시차·요인 중복·가중치는 이 셀에서 검증 자료 없음(실험 기록·시간순 검증에서만 판단)""]",[],"{""luckySuspect"":false,""reasonableProcess"":false,""luckyNote"":null,""reasonableNote"":null}","{""confirmedFacts"":[""출발가 373,000원(2026-09-28) → 실제 367,000원(2026-09-29, 1거래일) -1.61% · 예측 중앙 372,407원 -0.16% · 오차 +1.47%(절대 오차율 1.47%, 허용 1.5%)"",""방향: 예측 하락(53%) · 실제 하락 → 정답 · 80% 띠 담김(폭 6.3%)"",""실제값 정정 이력 1건"",""실제 종가 관측 시각 2026-09-29T09:43:00.000Z(16:00 KST 이후 · 지연 관측)""],""modelInternal"":[""선택 모형의 기대 누적 0.00% = 절편 0.00% + 자기 추세 0.00% + 52종목 폭·평균 0.00% · 실제 -1.61%""],""causeHypotheses"":[],""unverified"":[""수급(외국인·기관·개인)·심리·과열·영향 시차·요인 중복·가중치는 이 셀에서 검증 자료 없음(실험 기록·시간순 검증에서만 판단)""]}"
analysis-1be2f34e0607e27c,analysis,2026-09-29,2026-09-29T09:43:00Z,,,"{""forecastId"":""2026-09-28-rolling20-13cd892134e517b4"",""modelVersion"":""atlas-rolling20-A""}",live,,,,,,,,,,,,,,015760,한국전력,util,2026-09-28-rolling20-13cd892134e517b4,atlas-rolling20-A,2026-09-28,2026-09-29,1,2,방향 맞고 크기 틀림,true,false,true,2.085939971276994,"{""realizedLog"":-0.021399993611934894,""predictedLog"":-0.0007551723226874576,""errorLog"":0.020644821289247436,""basketCumLog"":null,""beta"":0.9671,""marketPartLog"":null,""residualPartLog"":null,""marketShare"":null,""unexplainedShare"":null}","[""출발가 30,700원(2026-09-28) → 실제 30,050원(2026-09-29, 1거래일) -2.12% · 예측 중앙 30,677원 -0.08% · 오차 +2.09%(절대 오차율 2.09%, 허용 1.5%)"",""방향: 예측 하락(47%) · 실제 하락 → 정답 · 80% 띠 담김(폭 5.3%)"",""실제값 정정 이력 1건"",""실제 종가 관측 시각 2026-09-29T09:43:00.000Z(16:00 KST 이후 · 지연 관측)""]","[""선택 모형의 기대 누적 0.00% = 절편 0.00% + 자기 추세 0.00% + 52종목 폭·평균 0.00% · 실제 -2.12%""]","[{""category"":""자료 오류"",""evidence"":""실제값 정정 1건"",""counterEvidence"":""정정 뒤 값으로 채점됨"",""strength"":""약""}]","[""수급(외국인·기관·개인)·심리·과열·영향 시차·요인 중복·가중치는 이 셀에서 검증 자료 없음(실험 기록·시간순 검증에서만 판단)""]","[""자료 오류""]","{""luckySuspect"":false,""reasonableProcess"":false,""luckyNote"":null,""reasonableNote"":null}","{""confirmedFacts"":[""출발가 30,700원(2026-09-28) → 실제 30,050원(2026-09-29, 1거래일) -2.12% · 예측 중앙 30,677원 -0.08% · 오차 +2.09%(절대 오차율 2.09%, 허용 1.5%)"",""방향: 예측 하락(47%) · 실제 하락 → 정답 · 80% 띠 담김(폭 5.3%)"",""실제값 정정 이력 1건"",""실제 종가 관측 시각 2026-09-29T09:43:00.000Z(16:00 KST 이후 · 지연 관측)""],""modelInternal"":[""선택 모형의 기대 누적 0.00% = 절편 0.00% + 자기 추세 0.00% + 52종목 폭·평균 0.00% · 실제 -2.12%""],""causeHypotheses"":[""자료 오류""],""unverified"":[""수급(외국인·기관·개인)·심리·과열·영향 시차·요인 중복·가중치는 이 셀에서 검증 자료 없음(실험 기록·시간순 검증에서만 판단)""]}"
analysis-0dc2ffc8cdda910c,analysis,2026-09-29,2026-09-29T09:43:00Z,,,"{""forecastId"":""2026-09-28-rolling20-13cd892134e517b4"",""modelVersion"":""atlas-rolling20-A""}",live,,,,,,,,,,,,,,011200,HMM,auto,2026-09-28-rolling20-13cd892134e517b4,atlas-rolling20-A,2026-09-28,2026-09-29,1,1,방향·크기 모두 맞음,true,true,true,1.3959490550565046,"{""realizedLog"":-0.014218249002279137,""predictedLog"":-0.00035529477868780936,""errorLog"":0.013862954223591328,""basketCumLog"":null,""beta"":0.6513,""marketPartLog"":null,""residualPartLog"":null,""marketShare"":null,""unexplainedShare"":null}","[""출발가 21,250원(2026-09-28) → 실제 20,950원(2026-09-29, 1거래일) -1.41% · 예측 중앙 21,242원 -0.04% · 오차 +1.40%(절대 오차율 1.40%, 허용 1.5%)"",""방향: 예측 하락(49%) · 실제 하락 → 정답 · 80% 띠 담김(폭 5.0%)"",""실제값 정정 이력 3건"",""실제 종가 관측 시각 2026-09-29T09:43:00.000Z(16:00 KST 이후 · 지연 관측)""]","[""선택 모형의 기대 누적 0.00% = 절편 0.00% + 자기 추세 0.00% + 52종목 폭·평균 0.00% · 실제 -1.41%""]",[],"[""수급(외국인·기관·개인)·심리·과열·영향 시차·요인 중복·가중치는 이 셀에서 검증 자료 없음(실험 기록·시간순 검증에서만 판단)""]",[],"{""luckySuspect"":false,""reasonableProcess"":false,""luckyNote"":null,""reasonableNote"":null}","{""confirmedFacts"":[""출발가 21,250원(2026-09-28) → 실제 20,950원(2026-09-29, 1거래일) -1.41% · 예측 중앙 21,242원 -0.04% · 오차 +1.40%(절대 오차율 1.40%, 허용 1.5%)"",""방향: 예측 하락(49%) · 실제 하락 → 정답 · 80% 띠 담김(폭 5.0%)"",""실제값 정정 이력 3건"",""실제 종가 관측 시각 2026-09-29T09:43:00.000Z(16:00 KST 이후 · 지연 관측)""],""modelInternal"":[""선택 모형의 기대 누적 0.00% = 절편 0.00% + 자기 추세 0.00% + 52종목 폭·평균 0.00% · 실제 -1.41%""],""causeHypotheses"":[],""unverified"":[""수급(외국인·기관·개인)·심리·과열·영향 시차·요인 중복·가중치는 이 셀에서 검증 자료 없음(실험 기록·시간순 검증에서만 판단)""]}"
analysis-c33615ac67df8ac1,analysis,2026-09-29,2026-09-29T09:43:00Z,,,"{""forecastId"":""2026-09-28-rolling20-13cd892134e517b4"",""modelVersion"":""atlas-rolling20-A""}",live,,,,,,,,,,,,,,278470,에이피알,cons,2026-09-28-rolling20-13cd892134e517b4,atlas-rolling20-A,2026-09-28,2026-09-29,1,2,방향 맞고 크기 틀림,true,false,true,1.7573239998831813,"{""realizedLog"":-0.017796499803620268,""predictedLog"":-0.00037588371663552786,""errorLog"":0.01742061608698474,""basketCumLog"":null,""beta"":0.9172,""marketPartLog"":null,""residualPartLog"":null,""marketShare"":null,""unexplainedShare"":null}","[""출발가 368,500원(2026-09-28) → 실제 362,000원(2026-09-29, 1거래일) -1.76% · 예측 중앙 368,362원 -0.04% · 오차 +1.76%(절대 오차율 1.76%, 허용 1.5%)"",""방향: 예측 하락(49%) · 실제 하락 → 정답 · 80% 띠 담김(폭 9.7%)"",""실제값 정정 이력 2건"",""실제 종가 관측 시각 2026-09-29T09:43:00.000Z(16:00 KST 이후 · 지연 관측)""]","[""선택 모형의 기대 누적 0.00% = 절편 0.00% + 자기 추세 0.00% + 52종목 폭·평균 0.00% · 실제 -1.76%""]","[{""category"":""자료 오류"",""evidence"":""실제값 정정 2건"",""counterEvidence"":""정정 뒤 값으로 채점됨"",""strength"":""약""}]","[""수급(외국인·기관·개인)·심리·과열·영향 시차·요인 중복·가중치는 이 셀에서 검증 자료 없음(실험 기록·시간순 검증에서만 판단)""]","[""자료 오류""]","{""luckySuspect"":false,""reasonableProcess"":false,""luckyNote"":null,""reasonableNote"":null}","{""confirmedFacts"":[""출발가 368,500원(2026-09-28) → 실제 362,000원(2026-09-29, 1거래일) -1.76% · 예측 중앙 368,362원 -0.04% · 오차 +1.76%(절대 오차율 1.76%, 허용 1.5%)"",""방향: 예측 하락(49%) · 실제 하락 → 정답 · 80% 띠 담김(폭 9.7%)"",""실제값 정정 이력 2건"",""실제 종가 관측 시각 2026-09-29T09:43:00.000Z(16:00 KST 이후 · 지연 관측)""],""modelInternal"":[""선택 모형의 기대 누적 0.00% = 절편 0.00% + 자기 추세 0.00% + 52종목 폭·평균 0.00% · 실제 -1.76%""],""causeHypotheses"":[""자료 오류""],""unverified"":[""수급(외국인·기관·개인)·심리·과열·영향 시차·요인 중복·가중치는 이 셀에서 검증 자료 없음(실험 기록·시간순 검증에서만 판단)""]}"
analysis-aef0d6740ff61723,analysis,2026-09-29,2026-09-29T09:43:00Z,,,"{""forecastId"":""2026-09-28-rolling20-13cd892134e517b4"",""modelVersion"":""atlas-rolling20-A""}",live,,,,,,,,,,,,,,030200,KT,net,2026-09-28-rolling20-13cd892134e517b4,atlas-rolling20-A,2026-09-28,2026-09-29,1,3,크기 허용·방향 틀림,false,true,true,0.5895671408512574,"{""realizedLog"":-0.005687219120589576,""predictedLog"":0.00019114082571512026,""errorLog"":0.005878359946304697,""basketCumLog"":null,""beta"":0.4,""marketPartLog"":null,""residualPartLog"":null,""marketShare"":null,""unexplainedShare"":null}","[""출발가 52,900원(2026-09-28) → 실제 52,600원(2026-09-29, 1거래일) -0.57% · 예측 중앙 52,910원 +0.02% · 오차 +0.59%(절대 오차율 0.59%, 허용 1.5%)"",""방향: 예측 상승(47%) · 실제 하락 → 오답 · 80% 띠 담김(폭 3.2%)"",""실제값 정정 이력 3건"",""실제 종가 관측 시각 2026-09-29T09:43:00.000Z(16:00 KST 이후 · 지연 관측)""]","[""선택 모형의 기대 누적 0.00% = 절편 0.00% + 자기 추세 0.00% + 52종목 폭·평균 0.00% · 실제 -0.57%""]","[{""category"":""자료 오류"",""evidence"":""실제값 정정 3건"",""counterEvidence"":""정정 뒤 값으로 채점됨"",""strength"":""약""}]","[""수급(외국인·기관·개인)·심리·과열·영향 시차·요인 중복·가중치는 이 셀에서 검증 자료 없음(실험 기록·시간순 검증에서만 판단)""]","[""자료 오류""]","{""luckySuspect"":false,""reasonableProcess"":true,""luckyNote"":null,""reasonableNote"":""방향은 틀렸지만 실제값이 모형 80% 띠 안 → 판단 과정은 분포 안""}","{""confirmedFacts"":[""출발가 52,900원(2026-09-28) → 실제 52,600원(2026-09-29, 1거래일) -0.57% · 예측 중앙 52,910원 +0.02% · 오차 +0.59%(절대 오차율 0.59%, 허용 1.5%)"",""방향: 예측 상승(47%) · 실제 하락 → 오답 · 80% 띠 담김(폭 3.2%)"",""실제값 정정 이력 3건"",""실제 종가 관측 시각 2026-09-29T09:43:00.000Z(16:00 KST 이후 · 지연 관측)""],""modelInternal"":[""선택 모형의 기대 누적 0.00% = 절편 0.00% + 자기 추세 0.00% + 52종목 폭·평균 0.00% · 실제 -0.57%""],""causeHypotheses"":[""자료 오류""],""unverified"":[""수급(외국인·기관·개인)·심리·과열·영향 시차·요인 중복·가중치는 이 셀에서 검증 자료 없음(실험 기록·시간순 검증에서만 판단)""]}"
analysis-34d37b5ab0b1637d,analysis,2026-09-29,2026-09-29T09:43:00Z,,,"{""forecastId"":""2026-09-28-rolling20-13cd892134e517b4"",""modelVersion"":""atlas-rolling20-A""}",live,,,,,,,,,,,,,,003230,삼양식품,cons,2026-09-28-rolling20-13cd892134e517b4,atlas-rolling20-A,2026-09-28,2026-09-29,1,3,크기 허용·방향 틀림,false,true,true,0.8963132785398469,"{""realizedLog"":0.0049261183360557815,""predictedLog"":-0.00407742497517411,""errorLog"":-0.009003543311229892,""basketCumLog"":null,""beta"":0.6817,""marketPartLog"":null,""residualPartLog"":null,""marketShare"":null,""unexplainedShare"":null}","[""출발가 1,215,000원(2026-09-28) → 실제 1,221,000원(2026-09-29, 1거래일) +0.49% · 예측 중앙 1,210,056원 -0.41% · 오차 -0.90%(절대 오차율 0.90%, 허용 1.5%)"",""방향: 예측 하락(54%) · 실제 상승 → 오답 · 80% 띠 담김(폭 7.4%)"",""실제값 정정 이력 3건"",""실제 종가 관측 시각 2026-09-29T09:43:00.000Z(16:00 KST 이후 · 지연 관측)""]","[""선택 모형의 기대 누적 0.00% = 절편 0.00% + 자기 추세 0.00% + 52종목 폭·평균 0.00% · 실제 +0.49%""]","[{""category"":""자료 오류"",""evidence"":""실제값 정정 3건"",""counterEvidence"":""정정 뒤 값으로 채점됨"",""strength"":""약""}]","[""수급(외국인·기관·개인)·심리·과열·영향 시차·요인 중복·가중치는 이 셀에서 검증 자료 없음(실험 기록·시간순 검증에서만 판단)""]","[""자료 오류""]","{""luckySuspect"":false,""reasonableProcess"":true,""luckyNote"":null,""reasonableNote"":""방향은 틀렸지만 실제값이 모형 80% 띠 안 → 판단 과정은 분포 안""}","{""confirmedFacts"":[""출발가 1,215,000원(2026-09-28) → 실제 1,221,000원(2026-09-29, 1거래일) +0.49% · 예측 중앙 1,210,056원 -0.41% · 오차 -0.90%(절대 오차율 0.90%, 허용 1.5%)"",""방향: 예측 하락(54%) · 실제 상승 → 오답 · 80% 띠 담김(폭 7.4%)"",""실제값 정정 이력 3건"",""실제 종가 관측 시각 2026-09-29T09:43:00.000Z(16:00 KST 이후 · 지연 관측)""],""modelInternal"":[""선택 모형의 기대 누적 0.00% = 절편 0.00% + 자기 추세 0.00% + 52종목 폭·평균 0.00% · 실제 +0.49%""],""causeHypotheses"":[""자료 오류""],""unverified"":[""수급(외국인·기관·개인)·심리·과열·영향 시차·요인 중복·가중치는 이 셀에서 검증 자료 없음(실험 기록·시간순 검증에서만 판단)""]}"
analysis-902fd3b40cfb75a0,analysis,2026-09-29,2026-09-29T09:43:00Z,,,"{""forecastId"":""2026-09-28-rolling20-13cd892134e517b4"",""modelVersion"":""atlas-rolling20-A""}",live,,,,,,,,,,,,,,259960,크래프톤,net,2026-09-28-rolling20-13cd892134e517b4,atlas-rolling20-A,2026-09-28,2026-09-29,1,2,방향 맞고 크기 틀림,true,false,true,1.9445182897017048,"{""realizedLog"":-0.020000666706669543,""predictedLog"":-0.0007421257348711653,""errorLog"":0.01925854097179838,""basketCumLog"":null,""beta"":0.6022,""marketPartLog"":null,""residualPartLog"":null,""marketShare"":null,""unexplainedShare"":null}","[""출발가 202,000원(2026-09-28) → 실제 198,000원(2026-09-29, 1거래일) -1.98% · 예측 중앙 201,850원 -0.07% · 오차 +1.94%(절대 오차율 1.94%, 허용 1.5%)"",""방향: 예측 하락(50%) · 실제 하락 → 정답 · 80% 띠 담김(폭 5.0%)"",""실제값 정정 이력 2건"",""실제 종가 관측 시각 2026-09-29T09:43:00.000Z(16:00 KST 이후 · 지연 관측)""]","[""선택 모형의 기대 누적 -0.07% = 절편 -0.06% + 자기 추세 +0.01% + 52종목 폭·평균 -0.01% · 실제 -1.98%"",""실제 방향과 반대로 기여한 항: F35 (모형 내부 설명 · 인과 아님)""]","[{""category"":""자료 오류"",""evidence"":""실제값 정정 2건"",""counterEvidence"":""정정 뒤 값으로 채점됨"",""strength"":""약""}]","[""수급(외국인·기관·개인)·심리·과열·영향 시차·요인 중복·가중치는 이 셀에서 검증 자료 없음(실험 기록·시간순 검증에서만 판단)""]","[""자료 오류""]","{""luckySuspect"":false,""reasonableProcess"":false,""luckyNote"":null,""reasonableNote"":null}","{""confirmedFacts"":[""출발가 202,000원(2026-09-28) → 실제 198,000원(2026-09-29, 1거래일) -1.98% · 예측 중앙 201,850원 -0.07% · 오차 +1.94%(절대 오차율 1.94%, 허용 1.5%)"",""방향: 예측 하락(50%) · 실제 하락 → 정답 · 80% 띠 담김(폭 5.0%)"",""실제값 정정 이력 2건"",""실제 종가 관측 시각 2026-09-29T09:43:00.000Z(16:00 KST 이후 · 지연 관측)""],""modelInternal"":[""선택 모형의 기대 누적 -0.07% = 절편 -0.06% + 자기 추세 +0.01% + 52종목 폭·평균 -0.01% · 실제 -1.98%"",""실제 방향과 반대로 기여한 항: F35 (모형 내부 설명 · 인과 아님)""],""causeHypotheses"":[""자료 오류""],""unverified"":[""수급(외국인·기관·개인)·심리·과열·영향 시차·요인 중복·가중치는 이 셀에서 검증 자료 없음(실험 기록·시간순 검증에서만 판단)""]}"
analysis-cfbf98bb986fd786,analysis,2026-09-29,2026-09-29T09:43:00Z,,,"{""forecastId"":""2026-09-28-rolling20-13cd892134e517b4"",""modelVersion"":""atlas-rolling20-A""}",live,,,,,,,,,,,,,,021240,코웨이,cons,2026-09-28-rolling20-13cd892134e517b4,atlas-rolling20-A,2026-09-28,2026-09-29,1,1,방향·크기 모두 맞음,true,true,true,0.7917321206467243,"{""realizedLog"":-0.008897735419864891,""predictedLog"":-0.001011591747358201,""errorLog"":0.007886143672506691,""basketCumLog"":null,""beta"":0.4639,""marketPartLog"":null,""residualPartLog"":null,""marketShare"":null,""unexplainedShare"":null}","[""출발가 101,600원(2026-09-28) → 실제 100,700원(2026-09-29, 1거래일) -0.89% · 예측 중앙 101,497원 -0.10% · 오차 +0.79%(절대 오차율 0.79%, 허용 1.5%)"",""방향: 예측 하락(50%) · 실제 하락 → 정답 · 80% 띠 담김(폭 5.8%)"",""실제값 정정 이력 2건"",""실제 종가 관측 시각 2026-09-29T09:43:00.000Z(16:00 KST 이후 · 지연 관측)""]","[""선택 모형의 기대 누적 +0.05% = 절편 +0.07% + 자기 추세 -0.02% + 52종목 폭·평균 +0.00% · 실제 -0.89%"",""실제 방향과 반대로 기여한 항: F11 (모형 내부 설명 · 인과 아님)""]",[],"[""수급(외국인·기관·개인)·심리·과열·영향 시차·요인 중복·가중치는 이 셀에서 검증 자료 없음(실험 기록·시간순 검증에서만 판단)""]",[],"{""luckySuspect"":false,""reasonableProcess"":false,""luckyNote"":null,""reasonableNote"":null}","{""confirmedFacts"":[""출발가 101,600원(2026-09-28) → 실제 100,700원(2026-09-29, 1거래일) -0.89% · 예측 중앙 101,497원 -0.10% · 오차 +0.79%(절대 오차율 0.79%, 허용 1.5%)"",""방향: 예측 하락(50%) · 실제 하락 → 정답 · 80% 띠 담김(폭 5.8%)"",""실제값 정정 이력 2건"",""실제 종가 관측 시각 2026-09-29T09:43:00.000Z(16:00 KST 이후 · 지연 관측)""],""modelInternal"":[""선택 모형의 기대 누적 +0.05% = 절편 +0.07% + 자기 추세 -0.02% + 52종목 폭·평균 +0.00% · 실제 -0.89%"",""실제 방향과 반대로 기여한 항: F11 (모형 내부 설명 · 인과 아님)""],""causeHypotheses"":[],""unverified"":[""수급(외국인·기관·개인)·심리·과열·영향 시차·요인 중복·가중치는 이 셀에서 검증 자료 없음(실험 기록·시간순 검증에서만 판단)""]}"
analysis-3f8f99f54141f2a6,analysis,2026-09-29,2026-09-29T09:43:00Z,,,"{""forecastId"":""2026-09-28-rolling20-13cd892134e517b4"",""modelVersion"":""atlas-rolling20-A""}",live,,,,,,,,,,,,,,002380,KCC,chem,2026-09-28-rolling20-13cd892134e517b4,atlas-rolling20-A,2026-09-28,2026-09-29,1,2,방향 맞고 크기 틀림,true,false,true,1.621451519990549,"{""realizedLog"":-0.01680711831638129,""predictedLog"":-0.0007226544385912116,""errorLog"":0.016084463877790077,""basketCumLog"":null,""beta"":1.4171,""marketPartLog"":null,""residualPartLog"":null,""marketShare"":null,""unexplainedShare"":null}","[""출발가 480,000원(2026-09-28) → 실제 472,000원(2026-09-29, 1거래일) -1.67% · 예측 중앙 479,653원 -0.07% · 오차 +1.62%(절대 오차율 1.62%, 허용 1.5%)"",""방향: 예측 하락(48%) · 실제 하락 → 정답 · 80% 띠 담김(폭 5.7%)"",""실제값 정정 이력 2건"",""실제 종가 관측 시각 2026-09-29T09:43:00.000Z(16:00 KST 이후 · 지연 관측)""]","[""선택 모형의 기대 누적 0.00% = 절편 0.00% + 자기 추세 0.00% + 52종목 폭·평균 0.00% · 실제 -1.67%""]","[{""category"":""자료 오류"",""evidence"":""실제값 정정 2건"",""counterEvidence"":""정정 뒤 값으로 채점됨"",""strength"":""약""}]","[""수급(외국인·기관·개인)·심리·과열·영향 시차·요인 중복·가중치는 이 셀에서 검증 자료 없음(실험 기록·시간순 검증에서만 판단)""]","[""자료 오류""]","{""luckySuspect"":false,""reasonableProcess"":false,""luckyNote"":null,""reasonableNote"":null}","{""confirmedFacts"":[""출발가 480,000원(2026-09-28) → 실제 472,000원(2026-09-29, 1거래일) -1.67% · 예측 중앙 479,653원 -0.07% · 오차 +1.62%(절대 오차율 1.62%, 허용 1.5%)"",""방향: 예측 하락(48%) · 실제 하락 → 정답 · 80% 띠 담김(폭 5.7%)"",""실제값 정정 이력 2건"",""실제 종가 관측 시각 2026-09-29T09:43:00.000Z(16:00 KST 이후 · 지연 관측)""],""modelInternal"":[""선택 모형의 기대 누적 0.00% = 절편 0.00% + 자기 추세 0.00% + 52종목 폭·평균 0.00% · 실제 -1.67%""],""causeHypotheses"":[""자료 오류""],""unverified"":[""수급(외국인·기관·개인)·심리·과열·영향 시차·요인 중복·가중치는 이 셀에서 검증 자료 없음(실험 기록·시간순 검증에서만 판단)""]}"
analysis-051c57246bae295c,analysis,2026-09-29,2026-09-29T09:43:00Z,,,"{""forecastId"":""2026-09-28-rolling20-13cd892134e517b4"",""modelVersion"":""atlas-rolling20-A""}",live,,,,,,,,,,,,,,036460,한국가스공사,util,2026-09-28-rolling20-13cd892134e517b4,atlas-rolling20-A,2026-09-28,2026-09-29,1,1,방향·크기 모두 맞음,true,true,true,1.218432350940382,"{""realizedLog"":-0.012757083000770999,""predictedLog"":-0.0006463908654404273,""errorLog"":0.01211069213533057,""basketCumLog"":null,""beta"":0.6745,""marketPartLog"":null,""residualPartLog"":null,""marketShare"":null,""unexplainedShare"":null}","[""출발가 35,500원(2026-09-28) → 실제 35,050원(2026-09-29, 1거래일) -1.27% · 예측 중앙 35,477원 -0.06% · 오차 +1.22%(절대 오차율 1.22%, 허용 1.5%)"",""방향: 예측 하락(48%) · 실제 하락 → 정답 · 80% 띠 담김(폭 3.9%)"",""실제값 정정 이력 2건"",""실제 종가 관측 시각 2026-09-29T09:43:00.000Z(16:00 KST 이후 · 지연 관측)""]","[""선택 모형의 기대 누적 -0.04% = 절편 -0.03% + 자기 추세 -0.03% + 52종목 폭·평균 +0.03% · 실제 -1.27%"",""실제 방향과 반대로 기여한 항: F11 (모형 내부 설명 · 인과 아님)""]",[],"[""수급(외국인·기관·개인)·심리·과열·영향 시차·요인 중복·가중치는 이 셀에서 검증 자료 없음(실험 기록·시간순 검증에서만 판단)""]",[],"{""luckySuspect"":false,""reasonableProcess"":false,""luckyNote"":null,""reasonableNote"":null}","{""confirmedFacts"":[""출발가 35,500원(2026-09-28) → 실제 35,050원(2026-09-29, 1거래일) -1.27% · 예측 중앙 35,477원 -0.06% · 오차 +1.22%(절대 오차율 1.22%, 허용 1.5%)"",""방향: 예측 하락(48%) · 실제 하락 → 정답 · 80% 띠 담김(폭 3.9%)"",""실제값 정정 이력 2건"",""실제 종가 관측 시각 2026-09-29T09:43:00.000Z(16:00 KST 이후 · 지연 관측)""],""modelInternal"":[""선택 모형의 기대 누적 -0.04% = 절편 -0.03% + 자기 추세 -0.03% + 52종목 폭·평균 +0.03% · 실제 -1.27%"",""실제 방향과 반대로 기여한 항: F11 (모형 내부 설명 · 인과 아님)""],""causeHypotheses"":[],""unverified"":[""수급(외국인·기관·개인)·심리·과열·영향 시차·요인 중복·가중치는 이 셀에서 검증 자료 없음(실험 기록·시간순 검증에서만 판단)""]}"
analysis-a0b6b664c70cf4cd,analysis,2026-09-29,2026-09-29T09:43:00Z,,,"{""forecastId"":""2026-09-28-rolling20-13cd892134e517b4"",""modelVersion"":""atlas-rolling20-A""}",live,,,,,,,,,,,,,,004170,신세계,cons,2026-09-28-rolling20-13cd892134e517b4,atlas-rolling20-A,2026-09-28,2026-09-29,1,2,방향 맞고 크기 틀림,true,false,true,1.5806939362459773,"{""realizedLog"":-0.01614121617938525,""predictedLog"":-0.00045790539178172505,""errorLog"":0.015683310787603523,""basketCumLog"":null,""beta"":0.9942,""marketPartLog"":null,""residualPartLog"":null,""marketShare"":null,""unexplainedShare"":null}","[""출발가 343,500원(2026-09-28) → 실제 338,000원(2026-09-29, 1거래일) -1.60% · 예측 중앙 343,343원 -0.05% · 오차 +1.58%(절대 오차율 1.58%, 허용 1.5%)"",""방향: 예측 하락(49%) · 실제 하락 → 정답 · 80% 띠 담김(폭 8.1%)"",""실제값 정정 이력 3건"",""실제 종가 관측 시각 2026-09-29T09:43:00.000Z(16:00 KST 이후 · 지연 관측)""]","[""선택 모형의 기대 누적 +0.14% = 절편 +0.12% + 자기 추세 +0.01% + 52종목 폭·평균 +0.01% · 실제 -1.60%"",""실제 방향과 반대로 기여한 항: F35, F11 (모형 내부 설명 · 인과 아님)""]","[{""category"":""자료 오류"",""evidence"":""실제값 정정 3건"",""counterEvidence"":""정정 뒤 값으로 채점됨"",""strength"":""약""}]","[""수급(외국인·기관·개인)·심리·과열·영향 시차·요인 중복·가중치는 이 셀에서 검증 자료 없음(실험 기록·시간순 검증에서만 판단)""]","[""자료 오류""]","{""luckySuspect"":false,""reasonableProcess"":false,""luckyNote"":null,""reasonableNote"":null}","{""confirmedFacts"":[""출발가 343,500원(2026-09-28) → 실제 338,000원(2026-09-29, 1거래일) -1.60% · 예측 중앙 343,343원 -0.05% · 오차 +1.58%(절대 오차율 1.58%, 허용 1.5%)"",""방향: 예측 하락(49%) · 실제 하락 → 정답 · 80% 띠 담김(폭 8.1%)"",""실제값 정정 이력 3건"",""실제 종가 관측 시각 2026-09-29T09:43:00.000Z(16:00 KST 이후 · 지연 관측)""],""modelInternal"":[""선택 모형의 기대 누적 +0.14% = 절편 +0.12% + 자기 추세 +0.01% + 52종목 폭·평균 +0.01% · 실제 -1.60%"",""실제 방향과 반대로 기여한 항: F35, F11 (모형 내부 설명 · 인과 아님)""],""causeHypotheses"":[""자료 오류""],""unverified"":[""수급(외국인·기관·개인)·심리·과열·영향 시차·요인 중복·가중치는 이 셀에서 검증 자료 없음(실험 기록·시간순 검증에서만 판단)""]}"
analysis-639f7c8cd94da3b8,analysis,2026-09-29,2026-09-29T09:43:00Z,,,"{""forecastId"":""2026-09-28-rolling20-13cd892134e517b4"",""modelVersion"":""atlas-rolling20-A""}",live,,,,,,,,,,,,,,012750,에스원,util,2026-09-28-rolling20-13cd892134e517b4,atlas-rolling20-A,2026-09-28,2026-09-29,1,1,방향·크기 모두 맞음,true,true,true,0.7478260793164844,"{""realizedLog"":-0.00722894714315143,""predictedLog"":0.0002214900862432742,""errorLog"":0.0074504372293947045,""basketCumLog"":null,""beta"":0.3469,""marketPartLog"":null,""residualPartLog"":null,""marketShare"":null,""unexplainedShare"":null}","[""출발가 83,300원(2026-09-28) → 실제 82,700원(2026-09-29, 1거래일) -0.72% · 예측 중앙 83,318원 +0.02% · 오차 +0.75%(절대 오차율 0.75%, 허용 1.5%)"",""방향: 예측 하락(48%) · 실제 하락 → 정답 · 80% 띠 담김(폭 5.1%)"",""실제값 정정 이력 2건"",""실제 종가 관측 시각 2026-09-29T09:43:00.000Z(16:00 KST 이후 · 지연 관측)""]","[""선택 모형의 기대 누적 0.00% = 절편 0.00% + 자기 추세 0.00% + 52종목 폭·평균 0.00% · 실제 -0.72%""]",[],"[""수급(외국인·기관·개인)·심리·과열·영향 시차·요인 중복·가중치는 이 셀에서 검증 자료 없음(실험 기록·시간순 검증에서만 판단)""]",[],"{""luckySuspect"":false,""reasonableProcess"":false,""luckyNote"":null,""reasonableNote"":null}","{""confirmedFacts"":[""출발가 83,300원(2026-09-28) → 실제 82,700원(2026-09-29, 1거래일) -0.72% · 예측 중앙 83,318원 +0.02% · 오차 +0.75%(절대 오차율 0.75%, 허용 1.5%)"",""방향: 예측 하락(48%) · 실제 하락 → 정답 · 80% 띠 담김(폭 5.1%)"",""실제값 정정 이력 2건"",""실제 종가 관측 시각 2026-09-29T09:43:00.000Z(16:00 KST 이후 · 지연 관측)""],""modelInternal"":[""선택 모형의 기대 누적 0.00% = 절편 0.00% + 자기 추세 0.00% + 52종목 폭·평균 0.00% · 실제 -0.72%""],""causeHypotheses"":[],""unverified"":[""수급(외국인·기관·개인)·심리·과열·영향 시차·요인 중복·가중치는 이 셀에서 검증 자료 없음(실험 기록·시간순 검증에서만 판단)""]}"
analysis-cdd2d9c5ebc0b495,analysis,2026-09-29,2026-09-29T09:43:00Z,,,"{""forecastId"":""2026-09-28-rolling20-13cd892134e517b4"",""modelVersion"":""atlas-rolling20-A""}",live,,,,,,,,,,,,,,111770,영원무역,cons,2026-09-28-rolling20-13cd892134e517b4,atlas-rolling20-A,2026-09-28,2026-09-29,1,1,방향·크기 모두 맞음,true,true,true,0.49547255567004855,"{""realizedLog"":-0.005617992304223261,""predictedLog"":-0.0006755010052427328,""errorLog"":0.004942491298980528,""basketCumLog"":null,""beta"":0.5629,""marketPartLog"":null,""residualPartLog"":null,""marketShare"":null,""unexplainedShare"":null}","[""출발가 71,400원(2026-09-28) → 실제 71,000원(2026-09-29, 1거래일) -0.56% · 예측 중앙 71,352원 -0.07% · 오차 +0.50%(절대 오차율 0.50%, 허용 1.5%)"",""방향: 예측 하락(49%) · 실제 하락 → 정답 · 80% 띠 담김(폭 5.3%)"",""실제값 정정 이력 3건"",""실제 종가 관측 시각 2026-09-29T09:43:00.000Z(16:00 KST 이후 · 지연 관측)""]","[""선택 모형의 기대 누적 -0.06% = 절편 +0.08% + 자기 추세 -0.22% + 52종목 폭·평균 +0.08% · 실제 -0.56%"",""실제 방향과 반대로 기여한 항: F11 (모형 내부 설명 · 인과 아님)""]",[],"[""수급(외국인·기관·개인)·심리·과열·영향 시차·요인 중복·가중치는 이 셀에서 검증 자료 없음(실험 기록·시간순 검증에서만 판단)""]",[],"{""luckySuspect"":false,""reasonableProcess"":false,""luckyNote"":null,""reasonableNote"":null}","{""confirmedFacts"":[""출발가 71,400원(2026-09-28) → 실제 71,000원(2026-09-29, 1거래일) -0.56% · 예측 중앙 71,352원 -0.07% · 오차 +0.50%(절대 오차율 0.50%, 허용 1.5%)"",""방향: 예측 하락(49%) · 실제 하락 → 정답 · 80% 띠 담김(폭 5.3%)"",""실제값 정정 이력 3건"",""실제 종가 관측 시각 2026-09-29T09:43:00.000Z(16:00 KST 이후 · 지연 관측)""],""modelInternal"":[""선택 모형의 기대 누적 -0.06% = 절편 +0.08% + 자기 추세 -0.22% + 52종목 폭·평균 +0.08% · 실제 -0.56%"",""실제 방향과 반대로 기여한 항: F11 (모형 내부 설명 · 인과 아님)""],""causeHypotheses"":[],""unverified"":[""수급(외국인·기관·개인)·심리·과열·영향 시차·요인 중복·가중치는 이 셀에서 검증 자료 없음(실험 기록·시간순 검증에서만 판단)""]}"
analysis-d4d09f71c20650ba,analysis,2026-09-29,2026-09-29T09:43:00Z,,,"{""forecastId"":""2026-09-28-rolling20-13cd892134e517b4"",""modelVersion"":""atlas-rolling20-A""}",live,,,,,,,,,,,,,,035250,강원랜드,cons,2026-09-28-rolling20-13cd892134e517b4,atlas-rolling20-A,2026-09-28,2026-09-29,1,3,크기 허용·방향 틀림,false,true,true,0.5870039577787495,"{""realizedLog"":-0.005551714467507582,""predictedLog"":0.00030116355454857423,""errorLog"":0.005852878022056156,""basketCumLog"":null,""beta"":0.3952,""marketPartLog"":null,""residualPartLog"":null,""marketShare"":null,""unexplainedShare"":null}","[""출발가 14,450원(2026-09-28) → 실제 14,370원(2026-09-29, 1거래일) -0.55% · 예측 중앙 14,454원 +0.03% · 오차 +0.59%(절대 오차율 0.59%, 허용 1.5%)"",""방향: 예측 상승(48%) · 실제 하락 → 오답 · 80% 띠 담김(폭 2.7%)"",""실제값 정정 이력 2건"",""실제 종가 관측 시각 2026-09-29T09:43:00.000Z(16:00 KST 이후 · 지연 관측)""]","[""선택 모형의 기대 누적 +0.03% = 절편 -0.00% + 자기 추세 -0.05% + 52종목 폭·평균 +0.08% · 실제 -0.55%"",""실제 방향과 반대로 기여한 항: F11 (모형 내부 설명 · 인과 아님)""]","[{""category"":""자료 오류"",""evidence"":""실제값 정정 2건"",""counterEvidence"":""정정 뒤 값으로 채점됨"",""strength"":""약""}]","[""수급(외국인·기관·개인)·심리·과열·영향 시차·요인 중복·가중치는 이 셀에서 검증 자료 없음(실험 기록·시간순 검증에서만 판단)""]","[""자료 오류""]","{""luckySuspect"":false,""reasonableProcess"":true,""luckyNote"":null,""reasonableNote"":""방향은 틀렸지만 실제값이 모형 80% 띠 안 → 판단 과정은 분포 안""}","{""confirmedFacts"":[""출발가 14,450원(2026-09-28) → 실제 14,370원(2026-09-29, 1거래일) -0.55% · 예측 중앙 14,454원 +0.03% · 오차 +0.59%(절대 오차율 0.59%, 허용 1.5%)"",""방향: 예측 상승(48%) · 실제 하락 → 오답 · 80% 띠 담김(폭 2.7%)"",""실제값 정정 이력 2건"",""실제 종가 관측 시각 2026-09-29T09:43:00.000Z(16:00 KST 이후 · 지연 관측)""],""modelInternal"":[""선택 모형의 기대 누적 +0.03% = 절편 -0.00% + 자기 추세 -0.05% + 52종목 폭·평균 +0.08% · 실제 -0.55%"",""실제 방향과 반대로 기여한 항: F11 (모형 내부 설명 · 인과 아님)""],""causeHypotheses"":[""자료 오류""],""unverified"":[""수급(외국인·기관·개인)·심리·과열·영향 시차·요인 중복·가중치는 이 셀에서 검증 자료 없음(실험 기록·시간순 검증에서만 판단)""]}"
analysis-a797875a2efd478e,analysis,2026-09-29,2026-09-29T09:43:00Z,,,"{""forecastId"":""2026-09-28-rolling20-13cd892134e517b4"",""modelVersion"":""atlas-rolling20-A""}",live,,,,,,,,,,,,,,226950,올릭스,bio,2026-09-28-rolling20-13cd892134e517b4,atlas-rolling20-A,2026-09-28,2026-09-29,1,1,방향·크기 모두 맞음,true,true,true,1.2907838537508227,"{""realizedLog"":-0.016417558514025824,""predictedLog"":-0.003592316125182199,""errorLog"":0.012825242388843625,""basketCumLog"":null,""beta"":1.3719,""marketPartLog"":null,""residualPartLog"":null,""marketShare"":null,""unexplainedShare"":null}","[""출발가 104,400원(2026-09-28) → 실제 102,700원(2026-09-29, 1거래일) -1.63% · 예측 중앙 104,026원 -0.36% · 오차 +1.29%(절대 오차율 1.29%, 허용 1.5%)"",""방향: 예측 하락(54%) · 실제 하락 → 정답 · 80% 띠 담김(폭 14.1%)"",""실제값 정정 이력 3건"",""실제 종가 관측 시각 2026-09-29T09:43:00.000Z(16:00 KST 이후 · 지연 관측)""]","[""선택 모형의 기대 누적 0.00% = 절편 0.00% + 자기 추세 0.00% + 52종목 폭·평균 0.00% · 실제 -1.63%""]",[],"[""수급(외국인·기관·개인)·심리·과열·영향 시차·요인 중복·가중치는 이 셀에서 검증 자료 없음(실험 기록·시간순 검증에서만 판단)""]",[],"{""luckySuspect"":false,""reasonableProcess"":false,""luckyNote"":null,""reasonableNote"":null}","{""confirmedFacts"":[""출발가 104,400원(2026-09-28) → 실제 102,700원(2026-09-29, 1거래일) -1.63% · 예측 중앙 104,026원 -0.36% · 오차 +1.29%(절대 오차율 1.29%, 허용 1.5%)"",""방향: 예측 하락(54%) · 실제 하락 → 정답 · 80% 띠 담김(폭 14.1%)"",""실제값 정정 이력 3건"",""실제 종가 관측 시각 2026-09-29T09:43:00.000Z(16:00 KST 이후 · 지연 관측)""],""modelInternal"":[""선택 모형의 기대 누적 0.00% = 절편 0.00% + 자기 추세 0.00% + 52종목 폭·평균 0.00% · 실제 -1.63%""],""causeHypotheses"":[],""unverified"":[""수급(외국인·기관·개인)·심리·과열·영향 시차·요인 중복·가중치는 이 셀에서 검증 자료 없음(실험 기록·시간순 검증에서만 판단)""]}"
analysis-f299f8f46a99eac5,analysis,2026-09-29,2026-09-29T09:43:00Z,,,"{""forecastId"":""2026-09-28-atlas11-90616c6bc916e8d6"",""modelVersion"":""atlas11-A-1""}",live,,,,,,,,,,,,,,207940,삼성바이오로직스,bio,2026-09-28-atlas11-90616c6bc916e8d6,atlas11-A-1,2026-09-28,2026-09-29,1,1,방향·크기 모두 맞음,true,true,true,1.301258755331423,"{""realizedLog"":-0.01294051127573482,""predictedLog"":-0.000011860071273032298,""errorLog"":0.012928651204461789,""basketCumLog"":null,""beta"":0.6242,""marketPartLog"":null,""residualPartLog"":null,""marketShare"":null,""unexplainedShare"":null}","[""출발가 1,400,000원(2026-09-28) → 실제 1,382,000원(2026-09-29, 1거래일) -1.29% · 예측 중앙 1,399,983원 -0.00% · 오차 +1.30%(절대 오차율 1.30%, 허용 1.5%)"",""방향: 예측 하락(47%) · 실제 하락 → 정답 · 80% 띠 담김(폭 4.7%)"",""기간 안 확인된 일정 1건(기업 1 · 중요 1): 삼성바이오로직스 기업설명회 · 코리아 프리미엄 위크 — 수치 영향은 미산출"",""실제값 정정 이력 1건"",""실제 종가 관측 시각 2026-09-29T09:43:00.000Z(16:00 KST 이후 · 지연 관측)""]","[""선택 모형의 기대 누적 0.00% = 절편 0.00% + 자기 추세 0.00% + 52종목 폭·평균 0.00% · 실제 -1.29%""]",[],"[""수급(외국인·기관·개인)·심리·과열·영향 시차·요인 중복·가중치는 이 셀에서 검증 자료 없음(실험 기록·시간순 검증에서만 판단)""]",[],"{""luckySuspect"":false,""reasonableProcess"":false,""luckyNote"":null,""reasonableNote"":null}","{""confirmedFacts"":[""출발가 1,400,000원(2026-09-28) → 실제 1,382,000원(2026-09-29, 1거래일) -1.29% · 예측 중앙 1,399,983원 -0.00% · 오차 +1.30%(절대 오차율 1.30%, 허용 1.5%)"",""방향: 예측 하락(47%) · 실제 하락 → 정답 · 80% 띠 담김(폭 4.7%)"",""기간 안 확인된 일정 1건(기업 1 · 중요 1): 삼성바이오로직스 기업설명회 · 코리아 프리미엄 위크 — 수치 영향은 미산출"",""실제값 정정 이력 1건"",""실제 종가 관측 시각 2026-09-29T09:43:00.000Z(16:00 KST 이후 · 지연 관측)""],""modelInternal"":[""선택 모형의 기대 누적 0.00% = 절편 0.00% + 자기 추세 0.00% + 52종목 폭·평균 0.00% · 실제 -1.29%""],""causeHypotheses"":[],""unverified"":[""수급(외국인·기관·개인)·심리·과열·영향 시차·요인 중복·가중치는 이 셀에서 검증 자료 없음(실험 기록·시간순 검증에서만 판단)""]}"
analysis-020e4bae83367dfb,analysis,2026-09-29,2026-09-29T09:43:00Z,,,"{""forecastId"":""2026-09-28-atlas11-90616c6bc916e8d6"",""modelVersion"":""atlas11-A-1""}",live,,,,,,,,,,,,,,032830,삼성생명보험,fin,2026-09-28-atlas11-90616c6bc916e8d6,atlas11-A-1,2026-09-28,2026-09-29,1,2,방향 맞고 크기 틀림,true,false,true,1.8083612771345527,"{""realizedLog"":-0.0187558780320944,""predictedLog"":-0.000833828923613086,""errorLog"":0.017922049108481313,""basketCumLog"":null,""beta"":1.2564,""marketPartLog"":null,""residualPartLog"":null,""marketShare"":null,""unexplainedShare"":null}","[""출발가 296,000원(2026-09-28) → 실제 290,500원(2026-09-29, 1거래일) -1.86% · 예측 중앙 295,753원 -0.08% · 오차 +1.81%(절대 오차율 1.81%, 허용 1.5%)"",""방향: 예측 하락(50%) · 실제 하락 → 정답 · 80% 띠 담김(폭 6.0%)"",""실제값 정정 이력 3건"",""실제 종가 관측 시각 2026-09-29T09:43:00.000Z(16:00 KST 이후 · 지연 관측)""]","[""선택 모형의 기대 누적 +0.11% = 절편 +0.15% + 자기 추세 -0.04% + 52종목 폭·평균 -0.00% · 실제 -1.86%""]","[{""category"":""자료 오류"",""evidence"":""실제값 정정 3건"",""counterEvidence"":""정정 뒤 값으로 채점됨"",""strength"":""약""}]","[""수급(외국인·기관·개인)·심리·과열·영향 시차·요인 중복·가중치는 이 셀에서 검증 자료 없음(실험 기록·시간순 검증에서만 판단)""]","[""자료 오류""]","{""luckySuspect"":false,""reasonableProcess"":false,""luckyNote"":null,""reasonableNote"":null}","{""confirmedFacts"":[""출발가 296,000원(2026-09-28) → 실제 290,500원(2026-09-29, 1거래일) -1.86% · 예측 중앙 295,753원 -0.08% · 오차 +1.81%(절대 오차율 1.81%, 허용 1.5%)"",""방향: 예측 하락(50%) · 실제 하락 → 정답 · 80% 띠 담김(폭 6.0%)"",""실제값 정정 이력 3건"",""실제 종가 관측 시각 2026-09-29T09:43:00.000Z(16:00 KST 이후 · 지연 관측)""],""modelInternal"":[""선택 모형의 기대 누적 +0.11% = 절편 +0.15% + 자기 추세 -0.04% + 52종목 폭·평균 -0.00% · 실제 -1.86%""],""causeHypotheses"":[""자료 오류""],""unverified"":[""수급(외국인·기관·개인)·심리·과열·영향 시차·요인 중복·가중치는 이 셀에서 검증 자료 없음(실험 기록·시간순 검증에서만 판단)""]}"
analysis-fd72b38543fd6311,analysis,2026-09-29,2026-09-29T09:43:00Z,,,"{""forecastId"":""2026-09-28-atlas11-90616c6bc916e8d6"",""modelVersion"":""atlas11-A-1""}",live,,,,,,,,,,,,,,012330,현대모비스,auto,2026-09-28-atlas11-90616c6bc916e8d6,atlas11-A-1,2026-09-28,2026-09-29,1,1,방향·크기 모두 맞음,true,true,true,1.4732562603307944,"{""realizedLog"":-0.01621657158924528,""predictedLog"":-0.0015914789336911256,""errorLog"":0.014625092655554155,""basketCumLog"":null,""beta"":1.1361,""marketPartLog"":null,""residualPartLog"":null,""marketShare"":null,""unexplainedShare"":null}","[""출발가 373,000원(2026-09-28) → 실제 367,000원(2026-09-29, 1거래일) -1.61% · 예측 중앙 372,407원 -0.16% · 오차 +1.47%(절대 오차율 1.47%, 허용 1.5%)"",""방향: 예측 하락(53%) · 실제 하락 → 정답 · 80% 띠 담김(폭 6.3%)"",""실제값 정정 이력 1건"",""실제 종가 관측 시각 2026-09-29T09:43:00.000Z(16:00 KST 이후 · 지연 관측)""]","[""선택 모형의 기대 누적 0.00% = 절편 0.00% + 자기 추세 0.00% + 52종목 폭·평균 0.00% · 실제 -1.61%""]",[],"[""수급(외국인·기관·개인)·심리·과열·영향 시차·요인 중복·가중치는 이 셀에서 검증 자료 없음(실험 기록·시간순 검증에서만 판단)""]",[],"{""luckySuspect"":false,""reasonableProcess"":false,""luckyNote"":null,""reasonableNote"":null}","{""confirmedFacts"":[""출발가 373,000원(2026-09-28) → 실제 367,000원(2026-09-29, 1거래일) -1.61% · 예측 중앙 372,407원 -0.16% · 오차 +1.47%(절대 오차율 1.47%, 허용 1.5%)"",""방향: 예측 하락(53%) · 실제 하락 → 정답 · 80% 띠 담김(폭 6.3%)"",""실제값 정정 이력 1건"",""실제 종가 관측 시각 2026-09-29T09:43:00.000Z(16:00 KST 이후 · 지연 관측)""],""modelInternal"":[""선택 모형의 기대 누적 0.00% = 절편 0.00% + 자기 추세 0.00% + 52종목 폭·평균 0.00% · 실제 -1.61%""],""causeHypotheses"":[],""unverified"":[""수급(외국인·기관·개인)·심리·과열·영향 시차·요인 중복·가중치는 이 셀에서 검증 자료 없음(실험 기록·시간순 검증에서만 판단)""]}"
analysis-ab229c6f47c09281,analysis,2026-09-29,2026-09-29T09:43:00Z,,,"{""forecastId"":""2026-09-28-atlas11-90616c6bc916e8d6"",""modelVersion"":""atlas11-A-1""}",live,,,,,,,,,,,,,,015760,한국전력,util,2026-09-28-atlas11-90616c6bc916e8d6,atlas11-A-1,2026-09-28,2026-09-29,1,2,방향 맞고 크기 틀림,true,false,true,2.085939971276994,"{""realizedLog"":-0.021399993611934894,""predictedLog"":-0.0007551723226874576,""errorLog"":0.020644821289247436,""basketCumLog"":null,""beta"":0.9671,""marketPartLog"":null,""residualPartLog"":null,""marketShare"":null,""unexplainedShare"":null}","[""출발가 30,700원(2026-09-28) → 실제 30,050원(2026-09-29, 1거래일) -2.12% · 예측 중앙 30,677원 -0.08% · 오차 +2.09%(절대 오차율 2.09%, 허용 1.5%)"",""방향: 예측 하락(47%) · 실제 하락 → 정답 · 80% 띠 담김(폭 5.3%)"",""실제값 정정 이력 1건"",""실제 종가 관측 시각 2026-09-29T09:43:00.000Z(16:00 KST 이후 · 지연 관측)""]","[""선택 모형의 기대 누적 0.00% = 절편 0.00% + 자기 추세 0.00% + 52종목 폭·평균 0.00% · 실제 -2.12%""]","[{""category"":""자료 오류"",""evidence"":""실제값 정정 1건"",""counterEvidence"":""정정 뒤 값으로 채점됨"",""strength"":""약""}]","[""수급(외국인·기관·개인)·심리·과열·영향 시차·요인 중복·가중치는 이 셀에서 검증 자료 없음(실험 기록·시간순 검증에서만 판단)""]","[""자료 오류""]","{""luckySuspect"":false,""reasonableProcess"":false,""luckyNote"":null,""reasonableNote"":null}","{""confirmedFacts"":[""출발가 30,700원(2026-09-28) → 실제 30,050원(2026-09-29, 1거래일) -2.12% · 예측 중앙 30,677원 -0.08% · 오차 +2.09%(절대 오차율 2.09%, 허용 1.5%)"",""방향: 예측 하락(47%) · 실제 하락 → 정답 · 80% 띠 담김(폭 5.3%)"",""실제값 정정 이력 1건"",""실제 종가 관측 시각 2026-09-29T09:43:00.000Z(16:00 KST 이후 · 지연 관측)""],""modelInternal"":[""선택 모형의 기대 누적 0.00% = 절편 0.00% + 자기 추세 0.00% + 52종목 폭·평균 0.00% · 실제 -2.12%""],""causeHypotheses"":[""자료 오류""],""unverified"":[""수급(외국인·기관·개인)·심리·과열·영향 시차·요인 중복·가중치는 이 셀에서 검증 자료 없음(실험 기록·시간순 검증에서만 판단)""]}"
analysis-ef4913b7c895476c,analysis,2026-09-29,2026-09-29T09:43:00Z,,,"{""forecastId"":""2026-09-28-atlas11-90616c6bc916e8d6"",""modelVersion"":""atlas11-A-1""}",live,,,,,,,,,,,,,,011200,HMM,auto,2026-09-28-atlas11-90616c6bc916e8d6,atlas11-A-1,2026-09-28,2026-09-29,1,1,방향·크기 모두 맞음,true,true,true,1.3959490550565046,"{""realizedLog"":-0.014218249002279137,""predictedLog"":-0.00035529477868780936,""errorLog"":0.013862954223591328,""basketCumLog"":null,""beta"":0.6513,""marketPartLog"":null,""residualPartLog"":null,""marketShare"":null,""unexplainedShare"":null}","[""출발가 21,250원(2026-09-28) → 실제 20,950원(2026-09-29, 1거래일) -1.41% · 예측 중앙 21,242원 -0.04% · 오차 +1.40%(절대 오차율 1.40%, 허용 1.5%)"",""방향: 예측 하락(49%) · 실제 하락 → 정답 · 80% 띠 담김(폭 5.0%)"",""실제값 정정 이력 3건"",""실제 종가 관측 시각 2026-09-29T09:43:00.000Z(16:00 KST 이후 · 지연 관측)""]","[""선택 모형의 기대 누적 0.00% = 절편 0.00% + 자기 추세 0.00% + 52종목 폭·평균 0.00% · 실제 -1.41%""]",[],"[""수급(외국인·기관·개인)·심리·과열·영향 시차·요인 중복·가중치는 이 셀에서 검증 자료 없음(실험 기록·시간순 검증에서만 판단)""]",[],"{""luckySuspect"":false,""reasonableProcess"":false,""luckyNote"":null,""reasonableNote"":null}","{""confirmedFacts"":[""출발가 21,250원(2026-09-28) → 실제 20,950원(2026-09-29, 1거래일) -1.41% · 예측 중앙 21,242원 -0.04% · 오차 +1.40%(절대 오차율 1.40%, 허용 1.5%)"",""방향: 예측 하락(49%) · 실제 하락 → 정답 · 80% 띠 담김(폭 5.0%)"",""실제값 정정 이력 3건"",""실제 종가 관측 시각 2026-09-29T09:43:00.000Z(16:00 KST 이후 · 지연 관측)""],""modelInternal"":[""선택 모형의 기대 누적 0.00% = 절편 0.00% + 자기 추세 0.00% + 52종목 폭·평균 0.00% · 실제 -1.41%""],""causeHypotheses"":[],""unverified"":[""수급(외국인·기관·개인)·심리·과열·영향 시차·요인 중복·가중치는 이 셀에서 검증 자료 없음(실험 기록·시간순 검증에서만 판단)""]}"
analysis-527c67b7ff5d4619,analysis,2026-09-29,2026-09-29T09:43:00Z,,,"{""forecastId"":""2026-09-28-atlas11-90616c6bc916e8d6"",""modelVersion"":""atlas11-A-1""}",live,,,,,,,,,,,,,,278470,에이피알,cons,2026-09-28-atlas11-90616c6bc916e8d6,atlas11-A-1,2026-09-28,2026-09-29,1,2,방향 맞고 크기 틀림,true,false,true,1.7573239998831813,"{""realizedLog"":-0.017796499803620268,""predictedLog"":-0.00037588371663552786,""errorLog"":0.01742061608698474,""basketCumLog"":null,""beta"":0.9172,""marketPartLog"":null,""residualPartLog"":null,""marketShare"":null,""unexplainedShare"":null}","[""출발가 368,500원(2026-09-28) → 실제 362,000원(2026-09-29, 1거래일) -1.76% · 예측 중앙 368,362원 -0.04% · 오차 +1.76%(절대 오차율 1.76%, 허용 1.5%)"",""방향: 예측 하락(49%) · 실제 하락 → 정답 · 80% 띠 담김(폭 9.7%)"",""실제값 정정 이력 2건"",""실제 종가 관측 시각 2026-09-29T09:43:00.000Z(16:00 KST 이후 · 지연 관측)""]","[""선택 모형의 기대 누적 0.00% = 절편 0.00% + 자기 추세 0.00% + 52종목 폭·평균 0.00% · 실제 -1.76%""]","[{""category"":""자료 오류"",""evidence"":""실제값 정정 2건"",""counterEvidence"":""정정 뒤 값으로 채점됨"",""strength"":""약""}]","[""수급(외국인·기관·개인)·심리·과열·영향 시차·요인 중복·가중치는 이 셀에서 검증 자료 없음(실험 기록·시간순 검증에서만 판단)""]","[""자료 오류""]","{""luckySuspect"":false,""reasonableProcess"":false,""luckyNote"":null,""reasonableNote"":null}","{""confirmedFacts"":[""출발가 368,500원(2026-09-28) → 실제 362,000원(2026-09-29, 1거래일) -1.76% · 예측 중앙 368,362원 -0.04% · 오차 +1.76%(절대 오차율 1.76%, 허용 1.5%)"",""방향: 예측 하락(49%) · 실제 하락 → 정답 · 80% 띠 담김(폭 9.7%)"",""실제값 정정 이력 2건"",""실제 종가 관측 시각 2026-09-29T09:43:00.000Z(16:00 KST 이후 · 지연 관측)""],""modelInternal"":[""선택 모형의 기대 누적 0.00% = 절편 0.00% + 자기 추세 0.00% + 52종목 폭·평균 0.00% · 실제 -1.76%""],""causeHypotheses"":[""자료 오류""],""unverified"":[""수급(외국인·기관·개인)·심리·과열·영향 시차·요인 중복·가중치는 이 셀에서 검증 자료 없음(실험 기록·시간순 검증에서만 판단)""]}"
analysis-9e305e96b9339c19,analysis,2026-09-29,2026-09-29T09:43:00Z,,,"{""forecastId"":""2026-09-28-atlas11-90616c6bc916e8d6"",""modelVersion"":""atlas11-A-1""}",live,,,,,,,,,,,,,,030200,KT,net,2026-09-28-atlas11-90616c6bc916e8d6,atlas11-A-1,2026-09-28,2026-09-29,1,3,크기 허용·방향 틀림,false,true,true,0.5895671408512574,"{""realizedLog"":-0.005687219120589576,""predictedLog"":0.00019114082571512026,""errorLog"":0.005878359946304697,""basketCumLog"":null,""beta"":0.4,""marketPartLog"":null,""residualPartLog"":null,""marketShare"":null,""unexplainedShare"":null}","[""출발가 52,900원(2026-09-28) → 실제 52,600원(2026-09-29, 1거래일) -0.57% · 예측 중앙 52,910원 +0.02% · 오차 +0.59%(절대 오차율 0.59%, 허용 1.5%)"",""방향: 예측 상승(47%) · 실제 하락 → 오답 · 80% 띠 담김(폭 3.2%)"",""실제값 정정 이력 3건"",""실제 종가 관측 시각 2026-09-29T09:43:00.000Z(16:00 KST 이후 · 지연 관측)""]","[""선택 모형의 기대 누적 0.00% = 절편 0.00% + 자기 추세 0.00% + 52종목 폭·평균 0.00% · 실제 -0.57%""]","[{""category"":""자료 오류"",""evidence"":""실제값 정정 3건"",""counterEvidence"":""정정 뒤 값으로 채점됨"",""strength"":""약""}]","[""수급(외국인·기관·개인)·심리·과열·영향 시차·요인 중복·가중치는 이 셀에서 검증 자료 없음(실험 기록·시간순 검증에서만 판단)""]","[""자료 오류""]","{""luckySuspect"":false,""reasonableProcess"":true,""luckyNote"":null,""reasonableNote"":""방향은 틀렸지만 실제값이 모형 80% 띠 안 → 판단 과정은 분포 안""}","{""confirmedFacts"":[""출발가 52,900원(2026-09-28) → 실제 52,600원(2026-09-29, 1거래일) -0.57% · 예측 중앙 52,910원 +0.02% · 오차 +0.59%(절대 오차율 0.59%, 허용 1.5%)"",""방향: 예측 상승(47%) · 실제 하락 → 오답 · 80% 띠 담김(폭 3.2%)"",""실제값 정정 이력 3건"",""실제 종가 관측 시각 2026-09-29T09:43:00.000Z(16:00 KST 이후 · 지연 관측)""],""modelInternal"":[""선택 모형의 기대 누적 0.00% = 절편 0.00% + 자기 추세 0.00% + 52종목 폭·평균 0.00% · 실제 -0.57%""],""causeHypotheses"":[""자료 오류""],""unverified"":[""수급(외국인·기관·개인)·심리·과열·영향 시차·요인 중복·가중치는 이 셀에서 검증 자료 없음(실험 기록·시간순 검증에서만 판단)""]}"
analysis-81fb163c42262f72,analysis,2026-09-29,2026-09-29T09:43:00Z,,,"{""forecastId"":""2026-09-28-atlas11-90616c6bc916e8d6"",""modelVersion"":""atlas11-A-1""}",live,,,,,,,,,,,,,,003230,삼양식품,cons,2026-09-28-atlas11-90616c6bc916e8d6,atlas11-A-1,2026-09-28,2026-09-29,1,3,크기 허용·방향 틀림,false,true,true,0.8963132785398469,"{""realizedLog"":0.0049261183360557815,""predictedLog"":-0.00407742497517411,""errorLog"":-0.009003543311229892,""basketCumLog"":null,""beta"":0.6817,""marketPartLog"":null,""residualPartLog"":null,""marketShare"":null,""unexplainedShare"":null}","[""출발가 1,215,000원(2026-09-28) → 실제 1,221,000원(2026-09-29, 1거래일) +0.49% · 예측 중앙 1,210,056원 -0.41% · 오차 -0.90%(절대 오차율 0.90%, 허용 1.5%)"",""방향: 예측 하락(54%) · 실제 상승 → 오답 · 80% 띠 담김(폭 7.4%)"",""실제값 정정 이력 3건"",""실제 종가 관측 시각 2026-09-29T09:43:00.000Z(16:00 KST 이후 · 지연 관측)""]","[""선택 모형의 기대 누적 0.00% = 절편 0.00% + 자기 추세 0.00% + 52종목 폭·평균 0.00% · 실제 +0.49%""]","[{""category"":""자료 오류"",""evidence"":""실제값 정정 3건"",""counterEvidence"":""정정 뒤 값으로 채점됨"",""strength"":""약""}]","[""수급(외국인·기관·개인)·심리·과열·영향 시차·요인 중복·가중치는 이 셀에서 검증 자료 없음(실험 기록·시간순 검증에서만 판단)""]","[""자료 오류""]","{""luckySuspect"":false,""reasonableProcess"":true,""luckyNote"":null,""reasonableNote"":""방향은 틀렸지만 실제값이 모형 80% 띠 안 → 판단 과정은 분포 안""}","{""confirmedFacts"":[""출발가 1,215,000원(2026-09-28) → 실제 1,221,000원(2026-09-29, 1거래일) +0.49% · 예측 중앙 1,210,056원 -0.41% · 오차 -0.90%(절대 오차율 0.90%, 허용 1.5%)"",""방향: 예측 하락(54%) · 실제 상승 → 오답 · 80% 띠 담김(폭 7.4%)"",""실제값 정정 이력 3건"",""실제 종가 관측 시각 2026-09-29T09:43:00.000Z(16:00 KST 이후 · 지연 관측)""],""modelInternal"":[""선택 모형의 기대 누적 0.00% = 절편 0.00% + 자기 추세 0.00% + 52종목 폭·평균 0.00% · 실제 +0.49%""],""causeHypotheses"":[""자료 오류""],""unverified"":[""수급(외국인·기관·개인)·심리·과열·영향 시차·요인 중복·가중치는 이 셀에서 검증 자료 없음(실험 기록·시간순 검증에서만 판단)""]}"
analysis-29244b2a68ae6808,analysis,2026-09-29,2026-09-29T09:43:00Z,,,"{""forecastId"":""2026-09-28-atlas11-90616c6bc916e8d6"",""modelVersion"":""atlas11-A-1""}",live,,,,,,,,,,,,,,259960,크래프톤,net,2026-09-28-atlas11-90616c6bc916e8d6,atlas11-A-1,2026-09-28,2026-09-29,1,2,방향 맞고 크기 틀림,true,false,true,1.9445182897017048,"{""realizedLog"":-0.020000666706669543,""predictedLog"":-0.0007421257348711653,""errorLog"":0.01925854097179838,""basketCumLog"":null,""beta"":0.6022,""marketPartLog"":null,""residualPartLog"":null,""marketShare"":null,""unexplainedShare"":null}","[""출발가 202,000원(2026-09-28) → 실제 198,000원(2026-09-29, 1거래일) -1.98% · 예측 중앙 201,850원 -0.07% · 오차 +1.94%(절대 오차율 1.94%, 허용 1.5%)"",""방향: 예측 하락(50%) · 실제 하락 → 정답 · 80% 띠 담김(폭 5.0%)"",""실제값 정정 이력 2건"",""실제 종가 관측 시각 2026-09-29T09:43:00.000Z(16:00 KST 이후 · 지연 관측)""]","[""선택 모형의 기대 누적 -0.07% = 절편 -0.06% + 자기 추세 +0.01% + 52종목 폭·평균 -0.01% · 실제 -1.98%"",""실제 방향과 반대로 기여한 항: F35 (모형 내부 설명 · 인과 아님)""]","[{""category"":""자료 오류"",""evidence"":""실제값 정정 2건"",""counterEvidence"":""정정 뒤 값으로 채점됨"",""strength"":""약""}]","[""수급(외국인·기관·개인)·심리·과열·영향 시차·요인 중복·가중치는 이 셀에서 검증 자료 없음(실험 기록·시간순 검증에서만 판단)""]","[""자료 오류""]","{""luckySuspect"":false,""reasonableProcess"":false,""luckyNote"":null,""reasonableNote"":null}","{""confirmedFacts"":[""출발가 202,000원(2026-09-28) → 실제 198,000원(2026-09-29, 1거래일) -1.98% · 예측 중앙 201,850원 -0.07% · 오차 +1.94%(절대 오차율 1.94%, 허용 1.5%)"",""방향: 예측 하락(50%) · 실제 하락 → 정답 · 80% 띠 담김(폭 5.0%)"",""실제값 정정 이력 2건"",""실제 종가 관측 시각 2026-09-29T09:43:00.000Z(16:00 KST 이후 · 지연 관측)""],""modelInternal"":[""선택 모형의 기대 누적 -0.07% = 절편 -0.06% + 자기 추세 +0.01% + 52종목 폭·평균 -0.01% · 실제 -1.98%"",""실제 방향과 반대로 기여한 항: F35 (모형 내부 설명 · 인과 아님)""],""causeHypotheses"":[""자료 오류""],""unverified"":[""수급(외국인·기관·개인)·심리·과열·영향 시차·요인 중복·가중치는 이 셀에서 검증 자료 없음(실험 기록·시간순 검증에서만 판단)""]}"
analysis-496cf0967379d82d,analysis,2026-09-29,2026-09-29T09:43:00Z,,,"{""forecastId"":""2026-09-28-atlas11-90616c6bc916e8d6"",""modelVersion"":""atlas11-A-1""}",live,,,,,,,,,,,,,,021240,코웨이,cons,2026-09-28-atlas11-90616c6bc916e8d6,atlas11-A-1,2026-09-28,2026-09-29,1,1,방향·크기 모두 맞음,true,true,true,0.7917321206467243,"{""realizedLog"":-0.008897735419864891,""predictedLog"":-0.001011591747358201,""errorLog"":0.007886143672506691,""basketCumLog"":null,""beta"":0.4639,""marketPartLog"":null,""residualPartLog"":null,""marketShare"":null,""unexplainedShare"":null}","[""출발가 101,600원(2026-09-28) → 실제 100,700원(2026-09-29, 1거래일) -0.89% · 예측 중앙 101,497원 -0.10% · 오차 +0.79%(절대 오차율 0.79%, 허용 1.5%)"",""방향: 예측 하락(50%) · 실제 하락 → 정답 · 80% 띠 담김(폭 5.8%)"",""실제값 정정 이력 2건"",""실제 종가 관측 시각 2026-09-29T09:43:00.000Z(16:00 KST 이후 · 지연 관측)""]","[""선택 모형의 기대 누적 +0.05% = 절편 +0.07% + 자기 추세 -0.02% + 52종목 폭·평균 +0.00% · 실제 -0.89%"",""실제 방향과 반대로 기여한 항: F11 (모형 내부 설명 · 인과 아님)""]",[],"[""수급(외국인·기관·개인)·심리·과열·영향 시차·요인 중복·가중치는 이 셀에서 검증 자료 없음(실험 기록·시간순 검증에서만 판단)""]",[],"{""luckySuspect"":false,""reasonableProcess"":false,""luckyNote"":null,""reasonableNote"":null}","{""confirmedFacts"":[""출발가 101,600원(2026-09-28) → 실제 100,700원(2026-09-29, 1거래일) -0.89% · 예측 중앙 101,497원 -0.10% · 오차 +0.79%(절대 오차율 0.79%, 허용 1.5%)"",""방향: 예측 하락(50%) · 실제 하락 → 정답 · 80% 띠 담김(폭 5.8%)"",""실제값 정정 이력 2건"",""실제 종가 관측 시각 2026-09-29T09:43:00.000Z(16:00 KST 이후 · 지연 관측)""],""modelInternal"":[""선택 모형의 기대 누적 +0.05% = 절편 +0.07% + 자기 추세 -0.02% + 52종목 폭·평균 +0.00% · 실제 -0.89%"",""실제 방향과 반대로 기여한 항: F11 (모형 내부 설명 · 인과 아님)""],""causeHypotheses"":[],""unverified"":[""수급(외국인·기관·개인)·심리·과열·영향 시차·요인 중복·가중치는 이 셀에서 검증 자료 없음(실험 기록·시간순 검증에서만 판단)""]}"
analysis-39ae4e5301078822,analysis,2026-09-29,2026-09-29T09:43:00Z,,,"{""forecastId"":""2026-09-28-atlas11-90616c6bc916e8d6"",""modelVersion"":""atlas11-A-1""}",live,,,,,,,,,,,,,,002380,KCC,chem,2026-09-28-atlas11-90616c6bc916e8d6,atlas11-A-1,2026-09-28,2026-09-29,1,2,방향 맞고 크기 틀림,true,false,true,1.621451519990549,"{""realizedLog"":-0.01680711831638129,""predictedLog"":-0.0007226544385912116,""errorLog"":0.016084463877790077,""basketCumLog"":null,""beta"":1.4171,""marketPartLog"":null,""residualPartLog"":null,""marketShare"":null,""unexplainedShare"":null}","[""출발가 480,000원(2026-09-28) → 실제 472,000원(2026-09-29, 1거래일) -1.67% · 예측 중앙 479,653원 -0.07% · 오차 +1.62%(절대 오차율 1.62%, 허용 1.5%)"",""방향: 예측 하락(48%) · 실제 하락 → 정답 · 80% 띠 담김(폭 5.7%)"",""실제값 정정 이력 2건"",""실제 종가 관측 시각 2026-09-29T09:43:00.000Z(16:00 KST 이후 · 지연 관측)""]","[""선택 모형의 기대 누적 0.00% = 절편 0.00% + 자기 추세 0.00% + 52종목 폭·평균 0.00% · 실제 -1.67%""]","[{""category"":""자료 오류"",""evidence"":""실제값 정정 2건"",""counterEvidence"":""정정 뒤 값으로 채점됨"",""strength"":""약""}]","[""수급(외국인·기관·개인)·심리·과열·영향 시차·요인 중복·가중치는 이 셀에서 검증 자료 없음(실험 기록·시간순 검증에서만 판단)""]","[""자료 오류""]","{""luckySuspect"":false,""reasonableProcess"":false,""luckyNote"":null,""reasonableNote"":null}","{""confirmedFacts"":[""출발가 480,000원(2026-09-28) → 실제 472,000원(2026-09-29, 1거래일) -1.67% · 예측 중앙 479,653원 -0.07% · 오차 +1.62%(절대 오차율 1.62%, 허용 1.5%)"",""방향: 예측 하락(48%) · 실제 하락 → 정답 · 80% 띠 담김(폭 5.7%)"",""실제값 정정 이력 2건"",""실제 종가 관측 시각 2026-09-29T09:43:00.000Z(16:00 KST 이후 · 지연 관측)""],""modelInternal"":[""선택 모형의 기대 누적 0.00% = 절편 0.00% + 자기 추세 0.00% + 52종목 폭·평균 0.00% · 실제 -1.67%""],""causeHypotheses"":[""자료 오류""],""unverified"":[""수급(외국인·기관·개인)·심리·과열·영향 시차·요인 중복·가중치는 이 셀에서 검증 자료 없음(실험 기록·시간순 검증에서만 판단)""]}"
analysis-90f4f3b3af5566af,analysis,2026-09-29,2026-09-29T09:43:00Z,,,"{""forecastId"":""2026-09-28-atlas11-90616c6bc916e8d6"",""modelVersion"":""atlas11-A-1""}",live,,,,,,,,,,,,,,036460,한국가스공사,util,2026-09-28-atlas11-90616c6bc916e8d6,atlas11-A-1,2026-09-28,2026-09-29,1,1,방향·크기 모두 맞음,true,true,true,1.218432350940382,"{""realizedLog"":-0.012757083000770999,""predictedLog"":-0.0006463908654404273,""errorLog"":0.01211069213533057,""basketCumLog"":null,""beta"":0.6745,""marketPartLog"":null,""residualPartLog"":null,""marketShare"":null,""unexplainedShare"":null}","[""출발가 35,500원(2026-09-28) → 실제 35,050원(2026-09-29, 1거래일) -1.27% · 예측 중앙 35,477원 -0.06% · 오차 +1.22%(절대 오차율 1.22%, 허용 1.5%)"",""방향: 예측 하락(48%) · 실제 하락 → 정답 · 80% 띠 담김(폭 3.9%)"",""실제값 정정 이력 2건"",""실제 종가 관측 시각 2026-09-29T09:43:00.000Z(16:00 KST 이후 · 지연 관측)""]","[""선택 모형의 기대 누적 -0.04% = 절편 -0.03% + 자기 추세 -0.03% + 52종목 폭·평균 +0.03% · 실제 -1.27%"",""실제 방향과 반대로 기여한 항: F11 (모형 내부 설명 · 인과 아님)""]",[],"[""수급(외국인·기관·개인)·심리·과열·영향 시차·요인 중복·가중치는 이 셀에서 검증 자료 없음(실험 기록·시간순 검증에서만 판단)""]",[],"{""luckySuspect"":false,""reasonableProcess"":false,""luckyNote"":null,""reasonableNote"":null}","{""confirmedFacts"":[""출발가 35,500원(2026-09-28) → 실제 35,050원(2026-09-29, 1거래일) -1.27% · 예측 중앙 35,477원 -0.06% · 오차 +1.22%(절대 오차율 1.22%, 허용 1.5%)"",""방향: 예측 하락(48%) · 실제 하락 → 정답 · 80% 띠 담김(폭 3.9%)"",""실제값 정정 이력 2건"",""실제 종가 관측 시각 2026-09-29T09:43:00.000Z(16:00 KST 이후 · 지연 관측)""],""modelInternal"":[""선택 모형의 기대 누적 -0.04% = 절편 -0.03% + 자기 추세 -0.03% + 52종목 폭·평균 +0.03% · 실제 -1.27%"",""실제 방향과 반대로 기여한 항: F11 (모형 내부 설명 · 인과 아님)""],""causeHypotheses"":[],""unverified"":[""수급(외국인·기관·개인)·심리·과열·영향 시차·요인 중복·가중치는 이 셀에서 검증 자료 없음(실험 기록·시간순 검증에서만 판단)""]}"
analysis-915310429eaa9740,analysis,2026-09-29,2026-09-29T09:43:00Z,,,"{""forecastId"":""2026-09-28-atlas11-90616c6bc916e8d6"",""modelVersion"":""atlas11-A-1""}",live,,,,,,,,,,,,,,004170,신세계,cons,2026-09-28-atlas11-90616c6bc916e8d6,atlas11-A-1,2026-09-28,2026-09-29,1,2,방향 맞고 크기 틀림,true,false,true,1.5806939362459773,"{""realizedLog"":-0.01614121617938525,""predictedLog"":-0.00045790539178172505,""errorLog"":0.015683310787603523,""basketCumLog"":null,""beta"":0.9942,""marketPartLog"":null,""residualPartLog"":null,""marketShare"":null,""unexplainedShare"":null}","[""출발가 343,500원(2026-09-28) → 실제 338,000원(2026-09-29, 1거래일) -1.60% · 예측 중앙 343,343원 -0.05% · 오차 +1.58%(절대 오차율 1.58%, 허용 1.5%)"",""방향: 예측 하락(49%) · 실제 하락 → 정답 · 80% 띠 담김(폭 8.1%)"",""실제값 정정 이력 3건"",""실제 종가 관측 시각 2026-09-29T09:43:00.000Z(16:00 KST 이후 · 지연 관측)""]","[""선택 모형의 기대 누적 +0.14% = 절편 +0.12% + 자기 추세 +0.01% + 52종목 폭·평균 +0.01% · 실제 -1.60%"",""실제 방향과 반대로 기여한 항: F35, F11 (모형 내부 설명 · 인과 아님)""]","[{""category"":""자료 오류"",""evidence"":""실제값 정정 3건"",""counterEvidence"":""정정 뒤 값으로 채점됨"",""strength"":""약""}]","[""수급(외국인·기관·개인)·심리·과열·영향 시차·요인 중복·가중치는 이 셀에서 검증 자료 없음(실험 기록·시간순 검증에서만 판단)""]","[""자료 오류""]","{""luckySuspect"":false,""reasonableProcess"":false,""luckyNote"":null,""reasonableNote"":null}","{""confirmedFacts"":[""출발가 343,500원(2026-09-28) → 실제 338,000원(2026-09-29, 1거래일) -1.60% · 예측 중앙 343,343원 -0.05% · 오차 +1.58%(절대 오차율 1.58%, 허용 1.5%)"",""방향: 예측 하락(49%) · 실제 하락 → 정답 · 80% 띠 담김(폭 8.1%)"",""실제값 정정 이력 3건"",""실제 종가 관측 시각 2026-09-29T09:43:00.000Z(16:00 KST 이후 · 지연 관측)""],""modelInternal"":[""선택 모형의 기대 누적 +0.14% = 절편 +0.12% + 자기 추세 +0.01% + 52종목 폭·평균 +0.01% · 실제 -1.60%"",""실제 방향과 반대로 기여한 항: F35, F11 (모형 내부 설명 · 인과 아님)""],""causeHypotheses"":[""자료 오류""],""unverified"":[""수급(외국인·기관·개인)·심리·과열·영향 시차·요인 중복·가중치는 이 셀에서 검증 자료 없음(실험 기록·시간순 검증에서만 판단)""]}"
analysis-7e00e3cee7a61c32,analysis,2026-09-29,2026-09-29T09:43:00Z,,,"{""forecastId"":""2026-09-28-atlas11-90616c6bc916e8d6"",""modelVersion"":""atlas11-A-1""}",live,,,,,,,,,,,,,,012750,에스원,util,2026-09-28-atlas11-90616c6bc916e8d6,atlas11-A-1,2026-09-28,2026-09-29,1,1,방향·크기 모두 맞음,true,true,true,0.7478260793164844,"{""realizedLog"":-0.00722894714315143,""predictedLog"":0.0002214900862432742,""errorLog"":0.0074504372293947045,""basketCumLog"":null,""beta"":0.3469,""marketPartLog"":null,""residualPartLog"":null,""marketShare"":null,""unexplainedShare"":null}","[""출발가 83,300원(2026-09-28) → 실제 82,700원(2026-09-29, 1거래일) -0.72% · 예측 중앙 83,318원 +0.02% · 오차 +0.75%(절대 오차율 0.75%, 허용 1.5%)"",""방향: 예측 하락(48%) · 실제 하락 → 정답 · 80% 띠 담김(폭 5.1%)"",""실제값 정정 이력 2건"",""실제 종가 관측 시각 2026-09-29T09:43:00.000Z(16:00 KST 이후 · 지연 관측)""]","[""선택 모형의 기대 누적 0.00% = 절편 0.00% + 자기 추세 0.00% + 52종목 폭·평균 0.00% · 실제 -0.72%""]",[],"[""수급(외국인·기관·개인)·심리·과열·영향 시차·요인 중복·가중치는 이 셀에서 검증 자료 없음(실험 기록·시간순 검증에서만 판단)""]",[],"{""luckySuspect"":false,""reasonableProcess"":false,""luckyNote"":null,""reasonableNote"":null}","{""confirmedFacts"":[""출발가 83,300원(2026-09-28) → 실제 82,700원(2026-09-29, 1거래일) -0.72% · 예측 중앙 83,318원 +0.02% · 오차 +0.75%(절대 오차율 0.75%, 허용 1.5%)"",""방향: 예측 하락(48%) · 실제 하락 → 정답 · 80% 띠 담김(폭 5.1%)"",""실제값 정정 이력 2건"",""실제 종가 관측 시각 2026-09-29T09:43:00.000Z(16:00 KST 이후 · 지연 관측)""],""modelInternal"":[""선택 모형의 기대 누적 0.00% = 절편 0.00% + 자기 추세 0.00% + 52종목 폭·평균 0.00% · 실제 -0.72%""],""causeHypotheses"":[],""unverified"":[""수급(외국인·기관·개인)·심리·과열·영향 시차·요인 중복·가중치는 이 셀에서 검증 자료 없음(실험 기록·시간순 검증에서만 판단)""]}"
analysis-0e1bcc9329d6530a,analysis,2026-09-29,2026-09-29T09:43:00Z,,,"{""forecastId"":""2026-09-28-atlas11-90616c6bc916e8d6"",""modelVersion"":""atlas11-A-1""}",live,,,,,,,,,,,,,,111770,영원무역,cons,2026-09-28-atlas11-90616c6bc916e8d6,atlas11-A-1,2026-09-28,2026-09-29,1,1,방향·크기 모두 맞음,true,true,true,0.49547255567004855,"{""realizedLog"":-0.005617992304223261,""predictedLog"":-0.0006755010052427328,""errorLog"":0.004942491298980528,""basketCumLog"":null,""beta"":0.5629,""marketPartLog"":null,""residualPartLog"":null,""marketShare"":null,""unexplainedShare"":null}","[""출발가 71,400원(2026-09-28) → 실제 71,000원(2026-09-29, 1거래일) -0.56% · 예측 중앙 71,352원 -0.07% · 오차 +0.50%(절대 오차율 0.50%, 허용 1.5%)"",""방향: 예측 하락(49%) · 실제 하락 → 정답 · 80% 띠 담김(폭 5.3%)"",""실제값 정정 이력 3건"",""실제 종가 관측 시각 2026-09-29T09:43:00.000Z(16:00 KST 이후 · 지연 관측)""]","[""선택 모형의 기대 누적 -0.06% = 절편 +0.08% + 자기 추세 -0.22% + 52종목 폭·평균 +0.08% · 실제 -0.56%"",""실제 방향과 반대로 기여한 항: F11 (모형 내부 설명 · 인과 아님)""]",[],"[""수급(외국인·기관·개인)·심리·과열·영향 시차·요인 중복·가중치는 이 셀에서 검증 자료 없음(실험 기록·시간순 검증에서만 판단)""]",[],"{""luckySuspect"":false,""reasonableProcess"":false,""luckyNote"":null,""reasonableNote"":null}","{""confirmedFacts"":[""출발가 71,400원(2026-09-28) → 실제 71,000원(2026-09-29, 1거래일) -0.56% · 예측 중앙 71,352원 -0.07% · 오차 +0.50%(절대 오차율 0.50%, 허용 1.5%)"",""방향: 예측 하락(49%) · 실제 하락 → 정답 · 80% 띠 담김(폭 5.3%)"",""실제값 정정 이력 3건"",""실제 종가 관측 시각 2026-09-29T09:43:00.000Z(16:00 KST 이후 · 지연 관측)""],""modelInternal"":[""선택 모형의 기대 누적 -0.06% = 절편 +0.08% + 자기 추세 -0.22% + 52종목 폭·평균 +0.08% · 실제 -0.56%"",""실제 방향과 반대로 기여한 항: F11 (모형 내부 설명 · 인과 아님)""],""causeHypotheses"":[],""unverified"":[""수급(외국인·기관·개인)·심리·과열·영향 시차·요인 중복·가중치는 이 셀에서 검증 자료 없음(실험 기록·시간순 검증에서만 판단)""]}"
analysis-2e01f357ae296fdd,analysis,2026-09-29,2026-09-29T09:43:00Z,,,"{""forecastId"":""2026-09-28-atlas11-90616c6bc916e8d6"",""modelVersion"":""atlas11-A-1""}",live,,,,,,,,,,,,,,035250,강원랜드,cons,2026-09-28-atlas11-90616c6bc916e8d6,atlas11-A-1,2026-09-28,2026-09-29,1,3,크기 허용·방향 틀림,false,true,true,0.5870039577787495,"{""realizedLog"":-0.005551714467507582,""predictedLog"":0.00030116355454857423,""errorLog"":0.005852878022056156,""basketCumLog"":null,""beta"":0.3952,""marketPartLog"":null,""residualPartLog"":null,""marketShare"":null,""unexplainedShare"":null}","[""출발가 14,450원(2026-09-28) → 실제 14,370원(2026-09-29, 1거래일) -0.55% · 예측 중앙 14,454원 +0.03% · 오차 +0.59%(절대 오차율 0.59%, 허용 1.5%)"",""방향: 예측 상승(48%) · 실제 하락 → 오답 · 80% 띠 담김(폭 2.7%)"",""실제값 정정 이력 2건"",""실제 종가 관측 시각 2026-09-29T09:43:00.000Z(16:00 KST 이후 · 지연 관측)""]","[""선택 모형의 기대 누적 +0.03% = 절편 -0.00% + 자기 추세 -0.05% + 52종목 폭·평균 +0.08% · 실제 -0.55%"",""실제 방향과 반대로 기여한 항: F11 (모형 내부 설명 · 인과 아님)""]","[{""category"":""자료 오류"",""evidence"":""실제값 정정 2건"",""counterEvidence"":""정정 뒤 값으로 채점됨"",""strength"":""약""}]","[""수급(외국인·기관·개인)·심리·과열·영향 시차·요인 중복·가중치는 이 셀에서 검증 자료 없음(실험 기록·시간순 검증에서만 판단)""]","[""자료 오류""]","{""luckySuspect"":false,""reasonableProcess"":true,""luckyNote"":null,""reasonableNote"":""방향은 틀렸지만 실제값이 모형 80% 띠 안 → 판단 과정은 분포 안""}","{""confirmedFacts"":[""출발가 14,450원(2026-09-28) → 실제 14,370원(2026-09-29, 1거래일) -0.55% · 예측 중앙 14,454원 +0.03% · 오차 +0.59%(절대 오차율 0.59%, 허용 1.5%)"",""방향: 예측 상승(48%) · 실제 하락 → 오답 · 80% 띠 담김(폭 2.7%)"",""실제값 정정 이력 2건"",""실제 종가 관측 시각 2026-09-29T09:43:00.000Z(16:00 KST 이후 · 지연 관측)""],""modelInternal"":[""선택 모형의 기대 누적 +0.03% = 절편 -0.00% + 자기 추세 -0.05% + 52종목 폭·평균 +0.08% · 실제 -0.55%"",""실제 방향과 반대로 기여한 항: F11 (모형 내부 설명 · 인과 아님)""],""causeHypotheses"":[""자료 오류""],""unverified"":[""수급(외국인·기관·개인)·심리·과열·영향 시차·요인 중복·가중치는 이 셀에서 검증 자료 없음(실험 기록·시간순 검증에서만 판단)""]}"
analysis-ddf5dc2ceeb350f3,analysis,2026-09-29,2026-09-29T09:43:00Z,,,"{""forecastId"":""2026-09-28-atlas11-90616c6bc916e8d6"",""modelVersion"":""atlas11-A-1""}",live,,,,,,,,,,,,,,226950,올릭스,bio,2026-09-28-atlas11-90616c6bc916e8d6,atlas11-A-1,2026-09-28,2026-09-29,1,1,방향·크기 모두 맞음,true,true,true,1.2907838537508227,"{""realizedLog"":-0.016417558514025824,""predictedLog"":-0.003592316125182199,""errorLog"":0.012825242388843625,""basketCumLog"":null,""beta"":1.3719,""marketPartLog"":null,""residualPartLog"":null,""marketShare"":null,""unexplainedShare"":null}","[""출발가 104,400원(2026-09-28) → 실제 102,700원(2026-09-29, 1거래일) -1.63% · 예측 중앙 104,026원 -0.36% · 오차 +1.29%(절대 오차율 1.29%, 허용 1.5%)"",""방향: 예측 하락(54%) · 실제 하락 → 정답 · 80% 띠 담김(폭 14.1%)"",""실제값 정정 이력 3건"",""실제 종가 관측 시각 2026-09-29T09:43:00.000Z(16:00 KST 이후 · 지연 관측)""]","[""선택 모형의 기대 누적 0.00% = 절편 0.00% + 자기 추세 0.00% + 52종목 폭·평균 0.00% · 실제 -1.63%""]",[],"[""수급(외국인·기관·개인)·심리·과열·영향 시차·요인 중복·가중치는 이 셀에서 검증 자료 없음(실험 기록·시간순 검증에서만 판단)""]",[],"{""luckySuspect"":false,""reasonableProcess"":false,""luckyNote"":null,""reasonableNote"":null}","{""confirmedFacts"":[""출발가 104,400원(2026-09-28) → 실제 102,700원(2026-09-29, 1거래일) -1.63% · 예측 중앙 104,026원 -0.36% · 오차 +1.29%(절대 오차율 1.29%, 허용 1.5%)"",""방향: 예측 하락(54%) · 실제 하락 → 정답 · 80% 띠 담김(폭 14.1%)"",""실제값 정정 이력 3건"",""실제 종가 관측 시각 2026-09-29T09:43:00.000Z(16:00 KST 이후 · 지연 관측)""],""modelInternal"":[""선택 모형의 기대 누적 0.00% = 절편 0.00% + 자기 추세 0.00% + 52종목 폭·평균 0.00% · 실제 -1.63%""],""causeHypotheses"":[],""unverified"":[""수급(외국인·기관·개인)·심리·과열·영향 시차·요인 중복·가중치는 이 셀에서 검증 자료 없음(실험 기록·시간순 검증에서만 판단)""]}"
analysis-fa2120a88c0dbc45,analysis,2026-09-29,2026-09-29T09:43:00Z,,,"{""forecastId"":""2026-09-28-atlas11-27e1f65cfc167be9"",""modelVersion"":""atlas11-A-1""}",live,,,,,,,,,,,,,,207940,삼성바이오로직스,bio,2026-09-28-atlas11-27e1f65cfc167be9,atlas11-A-1,2026-09-28,2026-09-29,1,1,방향·크기 모두 맞음,true,true,true,1.301258755331423,"{""realizedLog"":-0.01294051127573482,""predictedLog"":-0.000011860071273032298,""errorLog"":0.012928651204461789,""basketCumLog"":null,""beta"":0.6242,""marketPartLog"":null,""residualPartLog"":null,""marketShare"":null,""unexplainedShare"":null}","[""출발가 1,400,000원(2026-09-28) → 실제 1,382,000원(2026-09-29, 1거래일) -1.29% · 예측 중앙 1,399,983원 -0.00% · 오차 +1.30%(절대 오차율 1.30%, 허용 1.5%)"",""방향: 예측 하락(47%) · 실제 하락 → 정답 · 80% 띠 담김(폭 4.7%)"",""기간 안 확인된 일정 1건(기업 1 · 중요 1): 삼성바이오로직스 기업설명회 · 코리아 프리미엄 위크 — 수치 영향은 미산출"",""실제값 정정 이력 1건"",""실제 종가 관측 시각 2026-09-29T09:43:00.000Z(16:00 KST 이후 · 지연 관측)""]","[""선택 모형의 기대 누적 0.00% = 절편 0.00% + 자기 추세 0.00% + 52종목 폭·평균 0.00% · 실제 -1.29%""]",[],"[""수급(외국인·기관·개인)·심리·과열·영향 시차·요인 중복·가중치는 이 셀에서 검증 자료 없음(실험 기록·시간순 검증에서만 판단)""]",[],"{""luckySuspect"":false,""reasonableProcess"":false,""luckyNote"":null,""reasonableNote"":null}","{""confirmedFacts"":[""출발가 1,400,000원(2026-09-28) → 실제 1,382,000원(2026-09-29, 1거래일) -1.29% · 예측 중앙 1,399,983원 -0.00% · 오차 +1.30%(절대 오차율 1.30%, 허용 1.5%)"",""방향: 예측 하락(47%) · 실제 하락 → 정답 · 80% 띠 담김(폭 4.7%)"",""기간 안 확인된 일정 1건(기업 1 · 중요 1): 삼성바이오로직스 기업설명회 · 코리아 프리미엄 위크 — 수치 영향은 미산출"",""실제값 정정 이력 1건"",""실제 종가 관측 시각 2026-09-29T09:43:00.000Z(16:00 KST 이후 · 지연 관측)""],""modelInternal"":[""선택 모형의 기대 누적 0.00% = 절편 0.00% + 자기 추세 0.00% + 52종목 폭·평균 0.00% · 실제 -1.29%""],""causeHypotheses"":[],""unverified"":[""수급(외국인·기관·개인)·심리·과열·영향 시차·요인 중복·가중치는 이 셀에서 검증 자료 없음(실험 기록·시간순 검증에서만 판단)""]}"
analysis-7a22d78f2b335af0,analysis,2026-09-29,2026-09-29T09:43:00Z,,,"{""forecastId"":""2026-09-28-atlas11-27e1f65cfc167be9"",""modelVersion"":""atlas11-A-1""}",live,,,,,,,,,,,,,,032830,삼성생명보험,fin,2026-09-28-atlas11-27e1f65cfc167be9,atlas11-A-1,2026-09-28,2026-09-29,1,2,방향 맞고 크기 틀림,true,false,true,1.8083612771345527,"{""realizedLog"":-0.0187558780320944,""predictedLog"":-0.000833828923613086,""errorLog"":0.017922049108481313,""basketCumLog"":null,""beta"":1.2564,""marketPartLog"":null,""residualPartLog"":null,""marketShare"":null,""unexplainedShare"":null}","[""출발가 296,000원(2026-09-28) → 실제 290,500원(2026-09-29, 1거래일) -1.86% · 예측 중앙 295,753원 -0.08% · 오차 +1.81%(절대 오차율 1.81%, 허용 1.5%)"",""방향: 예측 하락(50%) · 실제 하락 → 정답 · 80% 띠 담김(폭 6.0%)"",""실제값 정정 이력 3건"",""실제 종가 관측 시각 2026-09-29T09:43:00.000Z(16:00 KST 이후 · 지연 관측)""]","[""선택 모형의 기대 누적 +0.11% = 절편 +0.15% + 자기 추세 -0.04% + 52종목 폭·평균 -0.00% · 실제 -1.86%""]","[{""category"":""자료 오류"",""evidence"":""실제값 정정 3건"",""counterEvidence"":""정정 뒤 값으로 채점됨"",""strength"":""약""}]","[""수급(외국인·기관·개인)·심리·과열·영향 시차·요인 중복·가중치는 이 셀에서 검증 자료 없음(실험 기록·시간순 검증에서만 판단)""]","[""자료 오류""]","{""luckySuspect"":false,""reasonableProcess"":false,""luckyNote"":null,""reasonableNote"":null}","{""confirmedFacts"":[""출발가 296,000원(2026-09-28) → 실제 290,500원(2026-09-29, 1거래일) -1.86% · 예측 중앙 295,753원 -0.08% · 오차 +1.81%(절대 오차율 1.81%, 허용 1.5%)"",""방향: 예측 하락(50%) · 실제 하락 → 정답 · 80% 띠 담김(폭 6.0%)"",""실제값 정정 이력 3건"",""실제 종가 관측 시각 2026-09-29T09:43:00.000Z(16:00 KST 이후 · 지연 관측)""],""modelInternal"":[""선택 모형의 기대 누적 +0.11% = 절편 +0.15% + 자기 추세 -0.04% + 52종목 폭·평균 -0.00% · 실제 -1.86%""],""causeHypotheses"":[""자료 오류""],""unverified"":[""수급(외국인·기관·개인)·심리·과열·영향 시차·요인 중복·가중치는 이 셀에서 검증 자료 없음(실험 기록·시간순 검증에서만 판단)""]}"
analysis-d7a96ee7adbb3828,analysis,2026-09-29,2026-09-29T09:43:00Z,,,"{""forecastId"":""2026-09-28-atlas11-27e1f65cfc167be9"",""modelVersion"":""atlas11-A-1""}",live,,,,,,,,,,,,,,012330,현대모비스,auto,2026-09-28-atlas11-27e1f65cfc167be9,atlas11-A-1,2026-09-28,2026-09-29,1,1,방향·크기 모두 맞음,true,true,true,1.4732562603307944,"{""realizedLog"":-0.01621657158924528,""predictedLog"":-0.0015914789336911256,""errorLog"":0.014625092655554155,""basketCumLog"":null,""beta"":1.1361,""marketPartLog"":null,""residualPartLog"":null,""marketShare"":null,""unexplainedShare"":null}","[""출발가 373,000원(2026-09-28) → 실제 367,000원(2026-09-29, 1거래일) -1.61% · 예측 중앙 372,407원 -0.16% · 오차 +1.47%(절대 오차율 1.47%, 허용 1.5%)"",""방향: 예측 하락(53%) · 실제 하락 → 정답 · 80% 띠 담김(폭 6.3%)"",""실제값 정정 이력 1건"",""실제 종가 관측 시각 2026-09-29T09:43:00.000Z(16:00 KST 이후 · 지연 관측)""]","[""선택 모형의 기대 누적 0.00% = 절편 0.00% + 자기 추세 0.00% + 52종목 폭·평균 0.00% · 실제 -1.61%""]",[],"[""수급(외국인·기관·개인)·심리·과열·영향 시차·요인 중복·가중치는 이 셀에서 검증 자료 없음(실험 기록·시간순 검증에서만 판단)""]",[],"{""luckySuspect"":false,""reasonableProcess"":false,""luckyNote"":null,""reasonableNote"":null}","{""confirmedFacts"":[""출발가 373,000원(2026-09-28) → 실제 367,000원(2026-09-29, 1거래일) -1.61% · 예측 중앙 372,407원 -0.16% · 오차 +1.47%(절대 오차율 1.47%, 허용 1.5%)"",""방향: 예측 하락(53%) · 실제 하락 → 정답 · 80% 띠 담김(폭 6.3%)"",""실제값 정정 이력 1건"",""실제 종가 관측 시각 2026-09-29T09:43:00.000Z(16:00 KST 이후 · 지연 관측)""],""modelInternal"":[""선택 모형의 기대 누적 0.00% = 절편 0.00% + 자기 추세 0.00% + 52종목 폭·평균 0.00% · 실제 -1.61%""],""causeHypotheses"":[],""unverified"":[""수급(외국인·기관·개인)·심리·과열·영향 시차·요인 중복·가중치는 이 셀에서 검증 자료 없음(실험 기록·시간순 검증에서만 판단)""]}"
analysis-354851310698bfc8,analysis,2026-09-29,2026-09-29T09:43:00Z,,,"{""forecastId"":""2026-09-28-atlas11-27e1f65cfc167be9"",""modelVersion"":""atlas11-A-1""}",live,,,,,,,,,,,,,,015760,한국전력,util,2026-09-28-atlas11-27e1f65cfc167be9,atlas11-A-1,2026-09-28,2026-09-29,1,2,방향 맞고 크기 틀림,true,false,true,2.085939971276994,"{""realizedLog"":-0.021399993611934894,""predictedLog"":-0.0007551723226874576,""errorLog"":0.020644821289247436,""basketCumLog"":null,""beta"":0.9671,""marketPartLog"":null,""residualPartLog"":null,""marketShare"":null,""unexplainedShare"":null}","[""출발가 30,700원(2026-09-28) → 실제 30,050원(2026-09-29, 1거래일) -2.12% · 예측 중앙 30,677원 -0.08% · 오차 +2.09%(절대 오차율 2.09%, 허용 1.5%)"",""방향: 예측 하락(47%) · 실제 하락 → 정답 · 80% 띠 담김(폭 5.3%)"",""실제값 정정 이력 1건"",""실제 종가 관측 시각 2026-09-29T09:43:00.000Z(16:00 KST 이후 · 지연 관측)""]","[""선택 모형의 기대 누적 0.00% = 절편 0.00% + 자기 추세 0.00% + 52종목 폭·평균 0.00% · 실제 -2.12%""]","[{""category"":""자료 오류"",""evidence"":""실제값 정정 1건"",""counterEvidence"":""정정 뒤 값으로 채점됨"",""strength"":""약""}]","[""수급(외국인·기관·개인)·심리·과열·영향 시차·요인 중복·가중치는 이 셀에서 검증 자료 없음(실험 기록·시간순 검증에서만 판단)""]","[""자료 오류""]","{""luckySuspect"":false,""reasonableProcess"":false,""luckyNote"":null,""reasonableNote"":null}","{""confirmedFacts"":[""출발가 30,700원(2026-09-28) → 실제 30,050원(2026-09-29, 1거래일) -2.12% · 예측 중앙 30,677원 -0.08% · 오차 +2.09%(절대 오차율 2.09%, 허용 1.5%)"",""방향: 예측 하락(47%) · 실제 하락 → 정답 · 80% 띠 담김(폭 5.3%)"",""실제값 정정 이력 1건"",""실제 종가 관측 시각 2026-09-29T09:43:00.000Z(16:00 KST 이후 · 지연 관측)""],""modelInternal"":[""선택 모형의 기대 누적 0.00% = 절편 0.00% + 자기 추세 0.00% + 52종목 폭·평균 0.00% · 실제 -2.12%""],""causeHypotheses"":[""자료 오류""],""unverified"":[""수급(외국인·기관·개인)·심리·과열·영향 시차·요인 중복·가중치는 이 셀에서 검증 자료 없음(실험 기록·시간순 검증에서만 판단)""]}"
analysis-64308379b17ff555,analysis,2026-09-29,2026-09-29T09:43:00Z,,,"{""forecastId"":""2026-09-28-atlas11-27e1f65cfc167be9"",""modelVersion"":""atlas11-A-1""}",live,,,,,,,,,,,,,,011200,HMM,auto,2026-09-28-atlas11-27e1f65cfc167be9,atlas11-A-1,2026-09-28,2026-09-29,1,1,방향·크기 모두 맞음,true,true,true,1.3959490550565046,"{""realizedLog"":-0.014218249002279137,""predictedLog"":-0.00035529477868780936,""errorLog"":0.013862954223591328,""basketCumLog"":null,""beta"":0.6513,""marketPartLog"":null,""residualPartLog"":null,""marketShare"":null,""unexplainedShare"":null}","[""출발가 21,250원(2026-09-28) → 실제 20,950원(2026-09-29, 1거래일) -1.41% · 예측 중앙 21,242원 -0.04% · 오차 +1.40%(절대 오차율 1.40%, 허용 1.5%)"",""방향: 예측 하락(49%) · 실제 하락 → 정답 · 80% 띠 담김(폭 5.0%)"",""실제값 정정 이력 3건"",""실제 종가 관측 시각 2026-09-29T09:43:00.000Z(16:00 KST 이후 · 지연 관측)""]","[""선택 모형의 기대 누적 0.00% = 절편 0.00% + 자기 추세 0.00% + 52종목 폭·평균 0.00% · 실제 -1.41%""]",[],"[""수급(외국인·기관·개인)·심리·과열·영향 시차·요인 중복·가중치는 이 셀에서 검증 자료 없음(실험 기록·시간순 검증에서만 판단)""]",[],"{""luckySuspect"":false,""reasonableProcess"":false,""luckyNote"":null,""reasonableNote"":null}","{""confirmedFacts"":[""출발가 21,250원(2026-09-28) → 실제 20,950원(2026-09-29, 1거래일) -1.41% · 예측 중앙 21,242원 -0.04% · 오차 +1.40%(절대 오차율 1.40%, 허용 1.5%)"",""방향: 예측 하락(49%) · 실제 하락 → 정답 · 80% 띠 담김(폭 5.0%)"",""실제값 정정 이력 3건"",""실제 종가 관측 시각 2026-09-29T09:43:00.000Z(16:00 KST 이후 · 지연 관측)""],""modelInternal"":[""선택 모형의 기대 누적 0.00% = 절편 0.00% + 자기 추세 0.00% + 52종목 폭·평균 0.00% · 실제 -1.41%""],""causeHypotheses"":[],""unverified"":[""수급(외국인·기관·개인)·심리·과열·영향 시차·요인 중복·가중치는 이 셀에서 검증 자료 없음(실험 기록·시간순 검증에서만 판단)""]}"
analysis-7b0f56d5115bae00,analysis,2026-09-29,2026-09-29T09:43:00Z,,,"{""forecastId"":""2026-09-28-atlas11-27e1f65cfc167be9"",""modelVersion"":""atlas11-A-1""}",live,,,,,,,,,,,,,,278470,에이피알,cons,2026-09-28-atlas11-27e1f65cfc167be9,atlas11-A-1,2026-09-28,2026-09-29,1,2,방향 맞고 크기 틀림,true,false,true,1.7573239998831813,"{""realizedLog"":-0.017796499803620268,""predictedLog"":-0.00037588371663552786,""errorLog"":0.01742061608698474,""basketCumLog"":null,""beta"":0.9172,""marketPartLog"":null,""residualPartLog"":null,""marketShare"":null,""unexplainedShare"":null}","[""출발가 368,500원(2026-09-28) → 실제 362,000원(2026-09-29, 1거래일) -1.76% · 예측 중앙 368,362원 -0.04% · 오차 +1.76%(절대 오차율 1.76%, 허용 1.5%)"",""방향: 예측 하락(49%) · 실제 하락 → 정답 · 80% 띠 담김(폭 9.7%)"",""실제값 정정 이력 2건"",""실제 종가 관측 시각 2026-09-29T09:43:00.000Z(16:00 KST 이후 · 지연 관측)""]","[""선택 모형의 기대 누적 0.00% = 절편 0.00% + 자기 추세 0.00% + 52종목 폭·평균 0.00% · 실제 -1.76%""]","[{""category"":""자료 오류"",""evidence"":""실제값 정정 2건"",""counterEvidence"":""정정 뒤 값으로 채점됨"",""strength"":""약""}]","[""수급(외국인·기관·개인)·심리·과열·영향 시차·요인 중복·가중치는 이 셀에서 검증 자료 없음(실험 기록·시간순 검증에서만 판단)""]","[""자료 오류""]","{""luckySuspect"":false,""reasonableProcess"":false,""luckyNote"":null,""reasonableNote"":null}","{""confirmedFacts"":[""출발가 368,500원(2026-09-28) → 실제 362,000원(2026-09-29, 1거래일) -1.76% · 예측 중앙 368,362원 -0.04% · 오차 +1.76%(절대 오차율 1.76%, 허용 1.5%)"",""방향: 예측 하락(49%) · 실제 하락 → 정답 · 80% 띠 담김(폭 9.7%)"",""실제값 정정 이력 2건"",""실제 종가 관측 시각 2026-09-29T09:43:00.000Z(16:00 KST 이후 · 지연 관측)""],""modelInternal"":[""선택 모형의 기대 누적 0.00% = 절편 0.00% + 자기 추세 0.00% + 52종목 폭·평균 0.00% · 실제 -1.76%""],""causeHypotheses"":[""자료 오류""],""unverified"":[""수급(외국인·기관·개인)·심리·과열·영향 시차·요인 중복·가중치는 이 셀에서 검증 자료 없음(실험 기록·시간순 검증에서만 판단)""]}"
analysis-cf06bb0d036541b2,analysis,2026-09-29,2026-09-29T09:43:00Z,,,"{""forecastId"":""2026-09-28-atlas11-27e1f65cfc167be9"",""modelVersion"":""atlas11-A-1""}",live,,,,,,,,,,,,,,030200,KT,net,2026-09-28-atlas11-27e1f65cfc167be9,atlas11-A-1,2026-09-28,2026-09-29,1,3,크기 허용·방향 틀림,false,true,true,0.5895671408512574,"{""realizedLog"":-0.005687219120589576,""predictedLog"":0.00019114082571512026,""errorLog"":0.005878359946304697,""basketCumLog"":null,""beta"":0.4,""marketPartLog"":null,""residualPartLog"":null,""marketShare"":null,""unexplainedShare"":null}","[""출발가 52,900원(2026-09-28) → 실제 52,600원(2026-09-29, 1거래일) -0.57% · 예측 중앙 52,910원 +0.02% · 오차 +0.59%(절대 오차율 0.59%, 허용 1.5%)"",""방향: 예측 상승(47%) · 실제 하락 → 오답 · 80% 띠 담김(폭 3.2%)"",""실제값 정정 이력 3건"",""실제 종가 관측 시각 2026-09-29T09:43:00.000Z(16:00 KST 이후 · 지연 관측)""]","[""선택 모형의 기대 누적 0.00% = 절편 0.00% + 자기 추세 0.00% + 52종목 폭·평균 0.00% · 실제 -0.57%""]","[{""category"":""자료 오류"",""evidence"":""실제값 정정 3건"",""counterEvidence"":""정정 뒤 값으로 채점됨"",""strength"":""약""}]","[""수급(외국인·기관·개인)·심리·과열·영향 시차·요인 중복·가중치는 이 셀에서 검증 자료 없음(실험 기록·시간순 검증에서만 판단)""]","[""자료 오류""]","{""luckySuspect"":false,""reasonableProcess"":true,""luckyNote"":null,""reasonableNote"":""방향은 틀렸지만 실제값이 모형 80% 띠 안 → 판단 과정은 분포 안""}","{""confirmedFacts"":[""출발가 52,900원(2026-09-28) → 실제 52,600원(2026-09-29, 1거래일) -0.57% · 예측 중앙 52,910원 +0.02% · 오차 +0.59%(절대 오차율 0.59%, 허용 1.5%)"",""방향: 예측 상승(47%) · 실제 하락 → 오답 · 80% 띠 담김(폭 3.2%)"",""실제값 정정 이력 3건"",""실제 종가 관측 시각 2026-09-29T09:43:00.000Z(16:00 KST 이후 · 지연 관측)""],""modelInternal"":[""선택 모형의 기대 누적 0.00% = 절편 0.00% + 자기 추세 0.00% + 52종목 폭·평균 0.00% · 실제 -0.57%""],""causeHypotheses"":[""자료 오류""],""unverified"":[""수급(외국인·기관·개인)·심리·과열·영향 시차·요인 중복·가중치는 이 셀에서 검증 자료 없음(실험 기록·시간순 검증에서만 판단)""]}"
analysis-66e1a165a271948f,analysis,2026-09-29,2026-09-29T09:43:00Z,,,"{""forecastId"":""2026-09-28-atlas11-27e1f65cfc167be9"",""modelVersion"":""atlas11-A-1""}",live,,,,,,,,,,,,,,003230,삼양식품,cons,2026-09-28-atlas11-27e1f65cfc167be9,atlas11-A-1,2026-09-28,2026-09-29,1,3,크기 허용·방향 틀림,false,true,true,0.8963132785398469,"{""realizedLog"":0.0049261183360557815,""predictedLog"":-0.00407742497517411,""errorLog"":-0.009003543311229892,""basketCumLog"":null,""beta"":0.6817,""marketPartLog"":null,""residualPartLog"":null,""marketShare"":null,""unexplainedShare"":null}","[""출발가 1,215,000원(2026-09-28) → 실제 1,221,000원(2026-09-29, 1거래일) +0.49% · 예측 중앙 1,210,056원 -0.41% · 오차 -0.90%(절대 오차율 0.90%, 허용 1.5%)"",""방향: 예측 하락(54%) · 실제 상승 → 오답 · 80% 띠 담김(폭 7.4%)"",""실제값 정정 이력 3건"",""실제 종가 관측 시각 2026-09-29T09:43:00.000Z(16:00 KST 이후 · 지연 관측)""]","[""선택 모형의 기대 누적 0.00% = 절편 0.00% + 자기 추세 0.00% + 52종목 폭·평균 0.00% · 실제 +0.49%""]","[{""category"":""자료 오류"",""evidence"":""실제값 정정 3건"",""counterEvidence"":""정정 뒤 값으로 채점됨"",""strength"":""약""}]","[""수급(외국인·기관·개인)·심리·과열·영향 시차·요인 중복·가중치는 이 셀에서 검증 자료 없음(실험 기록·시간순 검증에서만 판단)""]","[""자료 오류""]","{""luckySuspect"":false,""reasonableProcess"":true,""luckyNote"":null,""reasonableNote"":""방향은 틀렸지만 실제값이 모형 80% 띠 안 → 판단 과정은 분포 안""}","{""confirmedFacts"":[""출발가 1,215,000원(2026-09-28) → 실제 1,221,000원(2026-09-29, 1거래일) +0.49% · 예측 중앙 1,210,056원 -0.41% · 오차 -0.90%(절대 오차율 0.90%, 허용 1.5%)"",""방향: 예측 하락(54%) · 실제 상승 → 오답 · 80% 띠 담김(폭 7.4%)"",""실제값 정정 이력 3건"",""실제 종가 관측 시각 2026-09-29T09:43:00.000Z(16:00 KST 이후 · 지연 관측)""],""modelInternal"":[""선택 모형의 기대 누적 0.00% = 절편 0.00% + 자기 추세 0.00% + 52종목 폭·평균 0.00% · 실제 +0.49%""],""causeHypotheses"":[""자료 오류""],""unverified"":[""수급(외국인·기관·개인)·심리·과열·영향 시차·요인 중복·가중치는 이 셀에서 검증 자료 없음(실험 기록·시간순 검증에서만 판단)""]}"
analysis-184f1196312714d9,analysis,2026-09-29,2026-09-29T09:43:00Z,,,"{""forecastId"":""2026-09-28-atlas11-27e1f65cfc167be9"",""modelVersion"":""atlas11-A-1""}",live,,,,,,,,,,,,,,259960,크래프톤,net,2026-09-28-atlas11-27e1f65cfc167be9,atlas11-A-1,2026-09-28,2026-09-29,1,2,방향 맞고 크기 틀림,true,false,true,1.9445182897017048,"{""realizedLog"":-0.020000666706669543,""predictedLog"":-0.0007421257348711653,""errorLog"":0.01925854097179838,""basketCumLog"":null,""beta"":0.6022,""marketPartLog"":null,""residualPartLog"":null,""marketShare"":null,""unexplainedShare"":null}","[""출발가 202,000원(2026-09-28) → 실제 198,000원(2026-09-29, 1거래일) -1.98% · 예측 중앙 201,850원 -0.07% · 오차 +1.94%(절대 오차율 1.94%, 허용 1.5%)"",""방향: 예측 하락(50%) · 실제 하락 → 정답 · 80% 띠 담김(폭 5.0%)"",""실제값 정정 이력 2건"",""실제 종가 관측 시각 2026-09-29T09:43:00.000Z(16:00 KST 이후 · 지연 관측)""]","[""선택 모형의 기대 누적 -0.07% = 절편 -0.06% + 자기 추세 +0.01% + 52종목 폭·평균 -0.01% · 실제 -1.98%"",""실제 방향과 반대로 기여한 항: F35 (모형 내부 설명 · 인과 아님)""]","[{""category"":""자료 오류"",""evidence"":""실제값 정정 2건"",""counterEvidence"":""정정 뒤 값으로 채점됨"",""strength"":""약""}]","[""수급(외국인·기관·개인)·심리·과열·영향 시차·요인 중복·가중치는 이 셀에서 검증 자료 없음(실험 기록·시간순 검증에서만 판단)""]","[""자료 오류""]","{""luckySuspect"":false,""reasonableProcess"":false,""luckyNote"":null,""reasonableNote"":null}","{""confirmedFacts"":[""출발가 202,000원(2026-09-28) → 실제 198,000원(2026-09-29, 1거래일) -1.98% · 예측 중앙 201,850원 -0.07% · 오차 +1.94%(절대 오차율 1.94%, 허용 1.5%)"",""방향: 예측 하락(50%) · 실제 하락 → 정답 · 80% 띠 담김(폭 5.0%)"",""실제값 정정 이력 2건"",""실제 종가 관측 시각 2026-09-29T09:43:00.000Z(16:00 KST 이후 · 지연 관측)""],""modelInternal"":[""선택 모형의 기대 누적 -0.07% = 절편 -0.06% + 자기 추세 +0.01% + 52종목 폭·평균 -0.01% · 실제 -1.98%"",""실제 방향과 반대로 기여한 항: F35 (모형 내부 설명 · 인과 아님)""],""causeHypotheses"":[""자료 오류""],""unverified"":[""수급(외국인·기관·개인)·심리·과열·영향 시차·요인 중복·가중치는 이 셀에서 검증 자료 없음(실험 기록·시간순 검증에서만 판단)""]}"
analysis-48e1a832e3882042,analysis,2026-09-29,2026-09-29T09:43:00Z,,,"{""forecastId"":""2026-09-28-atlas11-27e1f65cfc167be9"",""modelVersion"":""atlas11-A-1""}",live,,,,,,,,,,,,,,021240,코웨이,cons,2026-09-28-atlas11-27e1f65cfc167be9,atlas11-A-1,2026-09-28,2026-09-29,1,1,방향·크기 모두 맞음,true,true,true,0.7917321206467243,"{""realizedLog"":-0.008897735419864891,""predictedLog"":-0.001011591747358201,""errorLog"":0.007886143672506691,""basketCumLog"":null,""beta"":0.4639,""marketPartLog"":null,""residualPartLog"":null,""marketShare"":null,""unexplainedShare"":null}","[""출발가 101,600원(2026-09-28) → 실제 100,700원(2026-09-29, 1거래일) -0.89% · 예측 중앙 101,497원 -0.10% · 오차 +0.79%(절대 오차율 0.79%, 허용 1.5%)"",""방향: 예측 하락(50%) · 실제 하락 → 정답 · 80% 띠 담김(폭 5.8%)"",""실제값 정정 이력 2건"",""실제 종가 관측 시각 2026-09-29T09:43:00.000Z(16:00 KST 이후 · 지연 관측)""]","[""선택 모형의 기대 누적 +0.05% = 절편 +0.07% + 자기 추세 -0.02% + 52종목 폭·평균 +0.00% · 실제 -0.89%"",""실제 방향과 반대로 기여한 항: F11 (모형 내부 설명 · 인과 아님)""]",[],"[""수급(외국인·기관·개인)·심리·과열·영향 시차·요인 중복·가중치는 이 셀에서 검증 자료 없음(실험 기록·시간순 검증에서만 판단)""]",[],"{""luckySuspect"":false,""reasonableProcess"":false,""luckyNote"":null,""reasonableNote"":null}","{""confirmedFacts"":[""출발가 101,600원(2026-09-28) → 실제 100,700원(2026-09-29, 1거래일) -0.89% · 예측 중앙 101,497원 -0.10% · 오차 +0.79%(절대 오차율 0.79%, 허용 1.5%)"",""방향: 예측 하락(50%) · 실제 하락 → 정답 · 80% 띠 담김(폭 5.8%)"",""실제값 정정 이력 2건"",""실제 종가 관측 시각 2026-09-29T09:43:00.000Z(16:00 KST 이후 · 지연 관측)""],""modelInternal"":[""선택 모형의 기대 누적 +0.05% = 절편 +0.07% + 자기 추세 -0.02% + 52종목 폭·평균 +0.00% · 실제 -0.89%"",""실제 방향과 반대로 기여한 항: F11 (모형 내부 설명 · 인과 아님)""],""causeHypotheses"":[],""unverified"":[""수급(외국인·기관·개인)·심리·과열·영향 시차·요인 중복·가중치는 이 셀에서 검증 자료 없음(실험 기록·시간순 검증에서만 판단)""]}"
analysis-94529fe054e3053a,analysis,2026-09-29,2026-09-29T09:43:00Z,,,"{""forecastId"":""2026-09-28-atlas11-27e1f65cfc167be9"",""modelVersion"":""atlas11-A-1""}",live,,,,,,,,,,,,,,002380,KCC,chem,2026-09-28-atlas11-27e1f65cfc167be9,atlas11-A-1,2026-09-28,2026-09-29,1,2,방향 맞고 크기 틀림,true,false,true,1.621451519990549,"{""realizedLog"":-0.01680711831638129,""predictedLog"":-0.0007226544385912116,""errorLog"":0.016084463877790077,""basketCumLog"":null,""beta"":1.4171,""marketPartLog"":null,""residualPartLog"":null,""marketShare"":null,""unexplainedShare"":null}","[""출발가 480,000원(2026-09-28) → 실제 472,000원(2026-09-29, 1거래일) -1.67% · 예측 중앙 479,653원 -0.07% · 오차 +1.62%(절대 오차율 1.62%, 허용 1.5%)"",""방향: 예측 하락(48%) · 실제 하락 → 정답 · 80% 띠 담김(폭 5.7%)"",""실제값 정정 이력 2건"",""실제 종가 관측 시각 2026-09-29T09:43:00.000Z(16:00 KST 이후 · 지연 관측)""]","[""선택 모형의 기대 누적 0.00% = 절편 0.00% + 자기 추세 0.00% + 52종목 폭·평균 0.00% · 실제 -1.67%""]","[{""category"":""자료 오류"",""evidence"":""실제값 정정 2건"",""counterEvidence"":""정정 뒤 값으로 채점됨"",""strength"":""약""}]","[""수급(외국인·기관·개인)·심리·과열·영향 시차·요인 중복·가중치는 이 셀에서 검증 자료 없음(실험 기록·시간순 검증에서만 판단)""]","[""자료 오류""]","{""luckySuspect"":false,""reasonableProcess"":false,""luckyNote"":null,""reasonableNote"":null}","{""confirmedFacts"":[""출발가 480,000원(2026-09-28) → 실제 472,000원(2026-09-29, 1거래일) -1.67% · 예측 중앙 479,653원 -0.07% · 오차 +1.62%(절대 오차율 1.62%, 허용 1.5%)"",""방향: 예측 하락(48%) · 실제 하락 → 정답 · 80% 띠 담김(폭 5.7%)"",""실제값 정정 이력 2건"",""실제 종가 관측 시각 2026-09-29T09:43:00.000Z(16:00 KST 이후 · 지연 관측)""],""modelInternal"":[""선택 모형의 기대 누적 0.00% = 절편 0.00% + 자기 추세 0.00% + 52종목 폭·평균 0.00% · 실제 -1.67%""],""causeHypotheses"":[""자료 오류""],""unverified"":[""수급(외국인·기관·개인)·심리·과열·영향 시차·요인 중복·가중치는 이 셀에서 검증 자료 없음(실험 기록·시간순 검증에서만 판단)""]}"
analysis-d56fe4d8938d5f1d,analysis,2026-09-29,2026-09-29T09:43:00Z,,,"{""forecastId"":""2026-09-28-atlas11-27e1f65cfc167be9"",""modelVersion"":""atlas11-A-1""}",live,,,,,,,,,,,,,,036460,한국가스공사,util,2026-09-28-atlas11-27e1f65cfc167be9,atlas11-A-1,2026-09-28,2026-09-29,1,1,방향·크기 모두 맞음,true,true,true,1.218432350940382,"{""realizedLog"":-0.012757083000770999,""predictedLog"":-0.0006463908654404273,""errorLog"":0.01211069213533057,""basketCumLog"":null,""beta"":0.6745,""marketPartLog"":null,""residualPartLog"":null,""marketShare"":null,""unexplainedShare"":null}","[""출발가 35,500원(2026-09-28) → 실제 35,050원(2026-09-29, 1거래일) -1.27% · 예측 중앙 35,477원 -0.06% · 오차 +1.22%(절대 오차율 1.22%, 허용 1.5%)"",""방향: 예측 하락(48%) · 실제 하락 → 정답 · 80% 띠 담김(폭 3.9%)"",""실제값 정정 이력 2건"",""실제 종가 관측 시각 2026-09-29T09:43:00.000Z(16:00 KST 이후 · 지연 관측)""]","[""선택 모형의 기대 누적 -0.04% = 절편 -0.03% + 자기 추세 -0.03% + 52종목 폭·평균 +0.03% · 실제 -1.27%"",""실제 방향과 반대로 기여한 항: F11 (모형 내부 설명 · 인과 아님)""]",[],"[""수급(외국인·기관·개인)·심리·과열·영향 시차·요인 중복·가중치는 이 셀에서 검증 자료 없음(실험 기록·시간순 검증에서만 판단)""]",[],"{""luckySuspect"":false,""reasonableProcess"":false,""luckyNote"":null,""reasonableNote"":null}","{""confirmedFacts"":[""출발가 35,500원(2026-09-28) → 실제 35,050원(2026-09-29, 1거래일) -1.27% · 예측 중앙 35,477원 -0.06% · 오차 +1.22%(절대 오차율 1.22%, 허용 1.5%)"",""방향: 예측 하락(48%) · 실제 하락 → 정답 · 80% 띠 담김(폭 3.9%)"",""실제값 정정 이력 2건"",""실제 종가 관측 시각 2026-09-29T09:43:00.000Z(16:00 KST 이후 · 지연 관측)""],""modelInternal"":[""선택 모형의 기대 누적 -0.04% = 절편 -0.03% + 자기 추세 -0.03% + 52종목 폭·평균 +0.03% · 실제 -1.27%"",""실제 방향과 반대로 기여한 항: F11 (모형 내부 설명 · 인과 아님)""],""causeHypotheses"":[],""unverified"":[""수급(외국인·기관·개인)·심리·과열·영향 시차·요인 중복·가중치는 이 셀에서 검증 자료 없음(실험 기록·시간순 검증에서만 판단)""]}"
analysis-351553ab604665e6,analysis,2026-09-29,2026-09-29T09:43:00Z,,,"{""forecastId"":""2026-09-28-atlas11-27e1f65cfc167be9"",""modelVersion"":""atlas11-A-1""}",live,,,,,,,,,,,,,,004170,신세계,cons,2026-09-28-atlas11-27e1f65cfc167be9,atlas11-A-1,2026-09-28,2026-09-29,1,2,방향 맞고 크기 틀림,true,false,true,1.5806939362459773,"{""realizedLog"":-0.01614121617938525,""predictedLog"":-0.00045790539178172505,""errorLog"":0.015683310787603523,""basketCumLog"":null,""beta"":0.9942,""marketPartLog"":null,""residualPartLog"":null,""marketShare"":null,""unexplainedShare"":null}","[""출발가 343,500원(2026-09-28) → 실제 338,000원(2026-09-29, 1거래일) -1.60% · 예측 중앙 343,343원 -0.05% · 오차 +1.58%(절대 오차율 1.58%, 허용 1.5%)"",""방향: 예측 하락(49%) · 실제 하락 → 정답 · 80% 띠 담김(폭 8.1%)"",""실제값 정정 이력 3건"",""실제 종가 관측 시각 2026-09-29T09:43:00.000Z(16:00 KST 이후 · 지연 관측)""]","[""선택 모형의 기대 누적 +0.14% = 절편 +0.12% + 자기 추세 +0.01% + 52종목 폭·평균 +0.01% · 실제 -1.60%"",""실제 방향과 반대로 기여한 항: F35, F11 (모형 내부 설명 · 인과 아님)""]","[{""category"":""자료 오류"",""evidence"":""실제값 정정 3건"",""counterEvidence"":""정정 뒤 값으로 채점됨"",""strength"":""약""}]","[""수급(외국인·기관·개인)·심리·과열·영향 시차·요인 중복·가중치는 이 셀에서 검증 자료 없음(실험 기록·시간순 검증에서만 판단)""]","[""자료 오류""]","{""luckySuspect"":false,""reasonableProcess"":false,""luckyNote"":null,""reasonableNote"":null}","{""confirmedFacts"":[""출발가 343,500원(2026-09-28) → 실제 338,000원(2026-09-29, 1거래일) -1.60% · 예측 중앙 343,343원 -0.05% · 오차 +1.58%(절대 오차율 1.58%, 허용 1.5%)"",""방향: 예측 하락(49%) · 실제 하락 → 정답 · 80% 띠 담김(폭 8.1%)"",""실제값 정정 이력 3건"",""실제 종가 관측 시각 2026-09-29T09:43:00.000Z(16:00 KST 이후 · 지연 관측)""],""modelInternal"":[""선택 모형의 기대 누적 +0.14% = 절편 +0.12% + 자기 추세 +0.01% + 52종목 폭·평균 +0.01% · 실제 -1.60%"",""실제 방향과 반대로 기여한 항: F35, F11 (모형 내부 설명 · 인과 아님)""],""causeHypotheses"":[""자료 오류""],""unverified"":[""수급(외국인·기관·개인)·심리·과열·영향 시차·요인 중복·가중치는 이 셀에서 검증 자료 없음(실험 기록·시간순 검증에서만 판단)""]}"
analysis-bf5bcb179a85a4cb,analysis,2026-09-29,2026-09-29T09:43:00Z,,,"{""forecastId"":""2026-09-28-atlas11-27e1f65cfc167be9"",""modelVersion"":""atlas11-A-1""}",live,,,,,,,,,,,,,,012750,에스원,util,2026-09-28-atlas11-27e1f65cfc167be9,atlas11-A-1,2026-09-28,2026-09-29,1,1,방향·크기 모두 맞음,true,true,true,0.7478260793164844,"{""realizedLog"":-0.00722894714315143,""predictedLog"":0.0002214900862432742,""errorLog"":0.0074504372293947045,""basketCumLog"":null,""beta"":0.3469,""marketPartLog"":null,""residualPartLog"":null,""marketShare"":null,""unexplainedShare"":null}","[""출발가 83,300원(2026-09-28) → 실제 82,700원(2026-09-29, 1거래일) -0.72% · 예측 중앙 83,318원 +0.02% · 오차 +0.75%(절대 오차율 0.75%, 허용 1.5%)"",""방향: 예측 하락(48%) · 실제 하락 → 정답 · 80% 띠 담김(폭 5.1%)"",""실제값 정정 이력 2건"",""실제 종가 관측 시각 2026-09-29T09:43:00.000Z(16:00 KST 이후 · 지연 관측)""]","[""선택 모형의 기대 누적 0.00% = 절편 0.00% + 자기 추세 0.00% + 52종목 폭·평균 0.00% · 실제 -0.72%""]",[],"[""수급(외국인·기관·개인)·심리·과열·영향 시차·요인 중복·가중치는 이 셀에서 검증 자료 없음(실험 기록·시간순 검증에서만 판단)""]",[],"{""luckySuspect"":false,""reasonableProcess"":false,""luckyNote"":null,""reasonableNote"":null}","{""confirmedFacts"":[""출발가 83,300원(2026-09-28) → 실제 82,700원(2026-09-29, 1거래일) -0.72% · 예측 중앙 83,318원 +0.02% · 오차 +0.75%(절대 오차율 0.75%, 허용 1.5%)"",""방향: 예측 하락(48%) · 실제 하락 → 정답 · 80% 띠 담김(폭 5.1%)"",""실제값 정정 이력 2건"",""실제 종가 관측 시각 2026-09-29T09:43:00.000Z(16:00 KST 이후 · 지연 관측)""],""modelInternal"":[""선택 모형의 기대 누적 0.00% = 절편 0.00% + 자기 추세 0.00% + 52종목 폭·평균 0.00% · 실제 -0.72%""],""causeHypotheses"":[],""unverified"":[""수급(외국인·기관·개인)·심리·과열·영향 시차·요인 중복·가중치는 이 셀에서 검증 자료 없음(실험 기록·시간순 검증에서만 판단)""]}"
analysis-36b4ab68fc138c1d,analysis,2026-09-29,2026-09-29T09:43:00Z,,,"{""forecastId"":""2026-09-28-atlas11-27e1f65cfc167be9"",""modelVersion"":""atlas11-A-1""}",live,,,,,,,,,,,,,,111770,영원무역,cons,2026-09-28-atlas11-27e1f65cfc167be9,atlas11-A-1,2026-09-28,2026-09-29,1,1,방향·크기 모두 맞음,true,true,true,0.49547255567004855,"{""realizedLog"":-0.005617992304223261,""predictedLog"":-0.0006755010052427328,""errorLog"":0.004942491298980528,""basketCumLog"":null,""beta"":0.5629,""marketPartLog"":null,""residualPartLog"":null,""marketShare"":null,""unexplainedShare"":null}","[""출발가 71,400원(2026-09-28) → 실제 71,000원(2026-09-29, 1거래일) -0.56% · 예측 중앙 71,352원 -0.07% · 오차 +0.50%(절대 오차율 0.50%, 허용 1.5%)"",""방향: 예측 하락(49%) · 실제 하락 → 정답 · 80% 띠 담김(폭 5.3%)"",""실제값 정정 이력 3건"",""실제 종가 관측 시각 2026-09-29T09:43:00.000Z(16:00 KST 이후 · 지연 관측)""]","[""선택 모형의 기대 누적 -0.06% = 절편 +0.08% + 자기 추세 -0.22% + 52종목 폭·평균 +0.08% · 실제 -0.56%"",""실제 방향과 반대로 기여한 항: F11 (모형 내부 설명 · 인과 아님)""]",[],"[""수급(외국인·기관·개인)·심리·과열·영향 시차·요인 중복·가중치는 이 셀에서 검증 자료 없음(실험 기록·시간순 검증에서만 판단)""]",[],"{""luckySuspect"":false,""reasonableProcess"":false,""luckyNote"":null,""reasonableNote"":null}","{""confirmedFacts"":[""출발가 71,400원(2026-09-28) → 실제 71,000원(2026-09-29, 1거래일) -0.56% · 예측 중앙 71,352원 -0.07% · 오차 +0.50%(절대 오차율 0.50%, 허용 1.5%)"",""방향: 예측 하락(49%) · 실제 하락 → 정답 · 80% 띠 담김(폭 5.3%)"",""실제값 정정 이력 3건"",""실제 종가 관측 시각 2026-09-29T09:43:00.000Z(16:00 KST 이후 · 지연 관측)""],""modelInternal"":[""선택 모형의 기대 누적 -0.06% = 절편 +0.08% + 자기 추세 -0.22% + 52종목 폭·평균 +0.08% · 실제 -0.56%"",""실제 방향과 반대로 기여한 항: F11 (모형 내부 설명 · 인과 아님)""],""causeHypotheses"":[],""unverified"":[""수급(외국인·기관·개인)·심리·과열·영향 시차·요인 중복·가중치는 이 셀에서 검증 자료 없음(실험 기록·시간순 검증에서만 판단)""]}"
analysis-0d9955787db2ddf8,analysis,2026-09-29,2026-09-29T09:43:00Z,,,"{""forecastId"":""2026-09-28-atlas11-27e1f65cfc167be9"",""modelVersion"":""atlas11-A-1""}",live,,,,,,,,,,,,,,035250,강원랜드,cons,2026-09-28-atlas11-27e1f65cfc167be9,atlas11-A-1,2026-09-28,2026-09-29,1,3,크기 허용·방향 틀림,false,true,true,0.5870039577787495,"{""realizedLog"":-0.005551714467507582,""predictedLog"":0.00030116355454857423,""errorLog"":0.005852878022056156,""basketCumLog"":null,""beta"":0.3952,""marketPartLog"":null,""residualPartLog"":null,""marketShare"":null,""unexplainedShare"":null}","[""출발가 14,450원(2026-09-28) → 실제 14,370원(2026-09-29, 1거래일) -0.55% · 예측 중앙 14,454원 +0.03% · 오차 +0.59%(절대 오차율 0.59%, 허용 1.5%)"",""방향: 예측 상승(48%) · 실제 하락 → 오답 · 80% 띠 담김(폭 2.7%)"",""실제값 정정 이력 2건"",""실제 종가 관측 시각 2026-09-29T09:43:00.000Z(16:00 KST 이후 · 지연 관측)""]","[""선택 모형의 기대 누적 +0.03% = 절편 -0.00% + 자기 추세 -0.05% + 52종목 폭·평균 +0.08% · 실제 -0.55%"",""실제 방향과 반대로 기여한 항: F11 (모형 내부 설명 · 인과 아님)""]","[{""category"":""자료 오류"",""evidence"":""실제값 정정 2건"",""counterEvidence"":""정정 뒤 값으로 채점됨"",""strength"":""약""}]","[""수급(외국인·기관·개인)·심리·과열·영향 시차·요인 중복·가중치는 이 셀에서 검증 자료 없음(실험 기록·시간순 검증에서만 판단)""]","[""자료 오류""]","{""luckySuspect"":false,""reasonableProcess"":true,""luckyNote"":null,""reasonableNote"":""방향은 틀렸지만 실제값이 모형 80% 띠 안 → 판단 과정은 분포 안""}","{""confirmedFacts"":[""출발가 14,450원(2026-09-28) → 실제 14,370원(2026-09-29, 1거래일) -0.55% · 예측 중앙 14,454원 +0.03% · 오차 +0.59%(절대 오차율 0.59%, 허용 1.5%)"",""방향: 예측 상승(48%) · 실제 하락 → 오답 · 80% 띠 담김(폭 2.7%)"",""실제값 정정 이력 2건"",""실제 종가 관측 시각 2026-09-29T09:43:00.000Z(16:00 KST 이후 · 지연 관측)""],""modelInternal"":[""선택 모형의 기대 누적 +0.03% = 절편 -0.00% + 자기 추세 -0.05% + 52종목 폭·평균 +0.08% · 실제 -0.55%"",""실제 방향과 반대로 기여한 항: F11 (모형 내부 설명 · 인과 아님)""],""causeHypotheses"":[""자료 오류""],""unverified"":[""수급(외국인·기관·개인)·심리·과열·영향 시차·요인 중복·가중치는 이 셀에서 검증 자료 없음(실험 기록·시간순 검증에서만 판단)""]}"
analysis-8e3aedf7fb65dd0e,analysis,2026-09-29,2026-09-29T09:43:00Z,,,"{""forecastId"":""2026-09-28-atlas11-27e1f65cfc167be9"",""modelVersion"":""atlas11-A-1""}",live,,,,,,,,,,,,,,226950,올릭스,bio,2026-09-28-atlas11-27e1f65cfc167be9,atlas11-A-1,2026-09-28,2026-09-29,1,1,방향·크기 모두 맞음,true,true,true,1.2907838537508227,"{""realizedLog"":-0.016417558514025824,""predictedLog"":-0.003592316125182199,""errorLog"":0.012825242388843625,""basketCumLog"":null,""beta"":1.3719,""marketPartLog"":null,""residualPartLog"":null,""marketShare"":null,""unexplainedShare"":null}","[""출발가 104,400원(2026-09-28) → 실제 102,700원(2026-09-29, 1거래일) -1.63% · 예측 중앙 104,026원 -0.36% · 오차 +1.29%(절대 오차율 1.29%, 허용 1.5%)"",""방향: 예측 하락(54%) · 실제 하락 → 정답 · 80% 띠 담김(폭 14.1%)"",""실제값 정정 이력 3건"",""실제 종가 관측 시각 2026-09-29T09:43:00.000Z(16:00 KST 이후 · 지연 관측)""]","[""선택 모형의 기대 누적 0.00% = 절편 0.00% + 자기 추세 0.00% + 52종목 폭·평균 0.00% · 실제 -1.63%""]",[],"[""수급(외국인·기관·개인)·심리·과열·영향 시차·요인 중복·가중치는 이 셀에서 검증 자료 없음(실험 기록·시간순 검증에서만 판단)""]",[],"{""luckySuspect"":false,""reasonableProcess"":false,""luckyNote"":null,""reasonableNote"":null}","{""confirmedFacts"":[""출발가 104,400원(2026-09-28) → 실제 102,700원(2026-09-29, 1거래일) -1.63% · 예측 중앙 104,026원 -0.36% · 오차 +1.29%(절대 오차율 1.29%, 허용 1.5%)"",""방향: 예측 하락(54%) · 실제 하락 → 정답 · 80% 띠 담김(폭 14.1%)"",""실제값 정정 이력 3건"",""실제 종가 관측 시각 2026-09-29T09:43:00.000Z(16:00 KST 이후 · 지연 관측)""],""modelInternal"":[""선택 모형의 기대 누적 0.00% = 절편 0.00% + 자기 추세 0.00% + 52종목 폭·평균 0.00% · 실제 -1.63%""],""causeHypotheses"":[],""unverified"":[""수급(외국인·기관·개인)·심리·과열·영향 시차·요인 중복·가중치는 이 셀에서 검증 자료 없음(실험 기록·시간순 검증에서만 판단)""]}"
analysis-2a104e87affa4126,analysis,2026-09-29,2026-09-29T09:43:00Z,,,"{""scoreCutoff"":""2026-09-29""}",daily_aggregate,2026-09-29,,"[{""code"":""373220"",""name"":""LG에너지솔루션"",""change"":-0.030219780219780223},{""code"":""010130"",""name"":""고려아연"",""change"":-0.029038112522686066},{""code"":""329180"",""name"":""HD현대중공업"",""change"":-0.02601809954751133},{""code"":""017670"",""name"":""SK텔레콤"",""change"":-0.023809523809523836},{""code"":""015760"",""name"":""한국전력"",""change"":-0.021172638436482094}]",96,"{""방향 맞고 크기 틀림"":27,""방향·크기 모두 맞음"":39,""크기 허용·방향 틀림"":24,""방향·크기 모두 틀림"":6}","{""1"":{""n"":96,""directionAccuracy"":0.6875,""priceHitRate"":0.65625,""meanAPE"":1.3285734876531134,""coverage80"":0.9375,""meanBrier"":0.4912868981250001},""5"":null,""10"":null,""20"":null}","[{""group"":""semi"",""groupName"":""반도체·전자"",""n"":3,""directionAccuracy"":1,""meanAPE"":1.055016260566276,""meanSignedErrorPct"":1.0550162605662772},{""group"":""chem"",""groupName"":""배터리·화학·소재"",""n"":9,""directionAccuracy"":1,""meanAPE"":2.4713134107617587,""meanSignedErrorPct"":2.4713134107617662},{""group"":""auto"",""groupName"":""자동차·운송"",""n"":6,""directionAccuracy"":1,""meanAPE"":1.4346026576936497,""meanSignedErrorPct"":1.4346026576936513},{""group"":""fin"",""groupName"":""금융"",""n"":15,""directionAccuracy"":0.6,""meanAPE"":1.268194279356021,""meanSignedErrorPct"":1.268194279356023},{""group"":""heavy"",""groupName"":""조선·기계·방산·건설"",""n"":6,""directionAccuracy"":0,""meanAPE"":2.0339718840497616,""meanSignedErrorPct"":0.9730565745048048},{""group"":""bio"",""groupName"":""바이오·헬스"",""n"":6,""directionAccuracy"":1,""meanAPE"":1.2960213045411229,""meanSignedErrorPct"":1.2960213045411284},{""group"":""net"",""groupName"":""통신·인터넷·게임·엔터"",""n"":12,""directionAccuracy"":0.75,""meanAPE"":1.242752813977013,""meanSignedErrorPct"":1.2036936600390316},{""group"":""cons"",""groupName"":""소비재·유통"",""n"":24,""directionAccuracy"":0.625,""meanAPE"":0.9569914202896261,""meanSignedErrorPct"":0.6144865862488095},{""group"":""util"",""groupName"":""에너지·유틸리티·지주·상사"",""n"":15,""directionAccuracy"":0.6,""meanAPE"":1.1096578808947717,""meanSignedErrorPct"":0.5112214797187753}]",{},"[{""code"":""030000"",""name"":""제일기획"",""horizon"":1,""ape"":0.07811830787595712},{""code"":""030000"",""name"":""제일기획"",""horizon"":1,""ape"":0.07811830787595712},{""code"":""030000"",""name"":""제일기획"",""horizon"":1,""ape"":0.07811830787595712},{""code"":""138040"",""name"":""메리츠금융지주"",""horizon"":1,""ape"":0.3537789003832506},{""code"":""138040"",""name"":""메리츠금융지주"",""horizon"":1,""ape"":0.3537789003832506}]","[{""code"":""329180"",""name"":""HD현대중공업"",""horizon"":1,""ape"":3.0070284585545677,""causes"":[]},{""code"":""329180"",""name"":""HD현대중공업"",""horizon"":1,""ape"":3.0070284585545677,""causes"":[]},{""code"":""329180"",""name"":""HD현대중공업"",""horizon"":1,""ape"":3.0070284585545677,""causes"":[]},{""code"":""029780"",""name"":""삼성카드"",""horizon"":1,""ape"":1.9646036544170655,""causes"":[]},{""code"":""029780"",""name"":""삼성카드"",""horizon"":1,""ape"":1.9646036544170655,""causes"":[]}]",,0,0,,,,,,,,,,,,,,,,,,,,,,
analysis-d2b7172cb3576ef9,analysis,2026-09-29,2026-09-29T09:54:42Z,,,"{""forecastId"":""2026-09-28-rolling20-13cd892134e517b4"",""modelVersion"":""atlas-rolling20-A""}",live,,,,,,,,,,,,,,373220,LG에너지솔루션,chem,2026-09-28-rolling20-13cd892134e517b4,atlas-rolling20-A,2026-09-28,2026-09-29,1,2,방향 맞고 크기 틀림,true,false,true,3.0848680527437224,"{""realizedLog"":-0.030685810703443898,""predictedLog"":-0.00030338605484779655,""errorLog"":0.030382424648596102,""basketCumLog"":null,""beta"":1.0327,""marketPartLog"":null,""residualPartLog"":null,""marketShare"":null,""unexplainedShare"":null}","[""출발가 364,000원(2026-09-28) → 실제 353,000원(2026-09-29, 1거래일) -3.02% · 예측 중앙 363,890원 -0.03% · 오차 +3.08%(절대 오차율 3.08%, 허용 1.5%)"",""방향: 예측 하락(49%) · 실제 하락 → 정답 · 80% 띠 담김(폭 7.6%)"",""실제값 정정 이력 2건"",""실제 종가 관측 시각 2026-09-29T09:54:42.000Z(16:00 KST 이후 · 지연 관측)""]","[""선택 모형의 기대 누적 0.00% = 절편 0.00% + 자기 추세 0.00% + 52종목 폭·평균 0.00% · 실제 -3.02%""]","[{""category"":""자료 오류"",""evidence"":""실제값 정정 2건"",""counterEvidence"":""정정 뒤 값으로 채점됨"",""strength"":""약""}]","[""수급(외국인·기관·개인)·심리·과열·영향 시차·요인 중복·가중치는 이 셀에서 검증 자료 없음(실험 기록·시간순 검증에서만 판단)""]","[""자료 오류""]","{""luckySuspect"":false,""reasonableProcess"":false,""luckyNote"":null,""reasonableNote"":null}","{""confirmedFacts"":[""출발가 364,000원(2026-09-28) → 실제 353,000원(2026-09-29, 1거래일) -3.02% · 예측 중앙 363,890원 -0.03% · 오차 +3.08%(절대 오차율 3.08%, 허용 1.5%)"",""방향: 예측 하락(49%) · 실제 하락 → 정답 · 80% 띠 담김(폭 7.6%)"",""실제값 정정 이력 2건"",""실제 종가 관측 시각 2026-09-29T09:54:42.000Z(16:00 KST 이후 · 지연 관측)""],""modelInternal"":[""선택 모형의 기대 누적 0.00% = 절편 0.00% + 자기 추세 0.00% + 52종목 폭·평균 0.00% · 실제 -3.02%""],""causeHypotheses"":[""자료 오류""],""unverified"":[""수급(외국인·기관·개인)·심리·과열·영향 시차·요인 중복·가중치는 이 셀에서 검증 자료 없음(실험 기록·시간순 검증에서만 판단)""]}"
analysis-6338159ea63e593a,analysis,2026-09-29,2026-09-29T09:54:42Z,,,"{""forecastId"":""2026-09-28-rolling20-13cd892134e517b4"",""modelVersion"":""atlas-rolling20-A""}",live,,,,,,,,,,,,,,207940,삼성바이오로직스,bio,2026-09-28-rolling20-13cd892134e517b4,atlas-rolling20-A,2026-09-28,2026-09-29,1,1,방향·크기 모두 맞음,true,true,true,1.4480721738174105,"{""realizedLog"":-0.014388737452099556,""predictedLog"":-0.000011860071273032298,""errorLog"":0.014376877380826525,""basketCumLog"":null,""beta"":0.6242,""marketPartLog"":null,""residualPartLog"":null,""marketShare"":null,""unexplainedShare"":null}","[""출발가 1,400,000원(2026-09-28) → 실제 1,380,000원(2026-09-29, 1거래일) -1.43% · 예측 중앙 1,399,983원 -0.00% · 오차 +1.45%(절대 오차율 1.45%, 허용 1.5%)"",""방향: 예측 하락(47%) · 실제 하락 → 정답 · 80% 띠 담김(폭 4.7%)"",""기간 안 확인된 일정 1건(기업 1 · 중요 0): 삼성바이오로직스 기업설명회 · 코리아 프리미엄 위크 — 수치 영향은 미산출"",""실제값 정정 이력 2건"",""실제 종가 관측 시각 2026-09-29T09:54:42.000Z(16:00 KST 이후 · 지연 관측)""]","[""선택 모형의 기대 누적 0.00% = 절편 0.00% + 자기 추세 0.00% + 52종목 폭·평균 0.00% · 실제 -1.43%""]",[],"[""수급(외국인·기관·개인)·심리·과열·영향 시차·요인 중복·가중치는 이 셀에서 검증 자료 없음(실험 기록·시간순 검증에서만 판단)""]",[],"{""luckySuspect"":false,""reasonableProcess"":false,""luckyNote"":null,""reasonableNote"":null}","{""confirmedFacts"":[""출발가 1,400,000원(2026-09-28) → 실제 1,380,000원(2026-09-29, 1거래일) -1.43% · 예측 중앙 1,399,983원 -0.00% · 오차 +1.45%(절대 오차율 1.45%, 허용 1.5%)"",""방향: 예측 하락(47%) · 실제 하락 → 정답 · 80% 띠 담김(폭 4.7%)"",""기간 안 확인된 일정 1건(기업 1 · 중요 0): 삼성바이오로직스 기업설명회 · 코리아 프리미엄 위크 — 수치 영향은 미산출"",""실제값 정정 이력 2건"",""실제 종가 관측 시각 2026-09-29T09:54:42.000Z(16:00 KST 이후 · 지연 관측)""],""modelInternal"":[""선택 모형의 기대 누적 0.00% = 절편 0.00% + 자기 추세 0.00% + 52종목 폭·평균 0.00% · 실제 -1.43%""],""causeHypotheses"":[],""unverified"":[""수급(외국인·기관·개인)·심리·과열·영향 시차·요인 중복·가중치는 이 셀에서 검증 자료 없음(실험 기록·시간순 검증에서만 판단)""]}"
analysis-74e1aabc8f3f2d0e,analysis,2026-09-29,2026-09-29T09:54:42Z,,,"{""forecastId"":""2026-09-28-rolling20-13cd892134e517b4"",""modelVersion"":""atlas-rolling20-A""}",live,,,,,,,,,,,,,,105560,KB금융,fin,2026-09-28-rolling20-13cd892134e517b4,atlas-rolling20-A,2026-09-28,2026-09-29,1,3,크기 허용·방향 틀림,false,true,true,1.0350658352822384,"{""realizedLog"":-0.008648079265769503,""predictedLog"":0.0016493778200589975,""errorLog"":0.0102974570858285,""basketCumLog"":null,""beta"":0.7869,""marketPartLog"":null,""residualPartLog"":null,""marketShare"":null,""unexplainedShare"":null}","[""출발가 174,200원(2026-09-28) → 실제 172,700원(2026-09-29, 1거래일) -0.86% · 예측 중앙 174,488원 +0.17% · 오차 +1.04%(절대 오차율 1.04%, 허용 1.5%)"",""방향: 예측 상승(52%) · 실제 하락 → 오답 · 80% 띠 담김(폭 4.7%)"",""실제값 정정 이력 2건"",""실제 종가 관측 시각 2026-09-29T09:54:42.000Z(16:00 KST 이후 · 지연 관측)""]","[""선택 모형의 기대 누적 +0.19% = 절편 +0.09% + 자기 추세 +0.02% + 52종목 폭·평균 +0.07% · 실제 -0.86%"",""실제 방향과 반대로 기여한 항: F35, F11 (모형 내부 설명 · 인과 아님)""]","[{""category"":""자료 오류"",""evidence"":""실제값 정정 2건"",""counterEvidence"":""정정 뒤 값으로 채점됨"",""strength"":""약""}]","[""수급(외국인·기관·개인)·심리·과열·영향 시차·요인 중복·가중치는 이 셀에서 검증 자료 없음(실험 기록·시간순 검증에서만 판단)""]","[""자료 오류""]","{""luckySuspect"":false,""reasonableProcess"":true,""luckyNote"":null,""reasonableNote"":""방향은 틀렸지만 실제값이 모형 80% 띠 안 → 판단 과정은 분포 안""}","{""confirmedFacts"":[""출발가 174,200원(2026-09-28) → 실제 172,700원(2026-09-29, 1거래일) -0.86% · 예측 중앙 174,488원 +0.17% · 오차 +1.04%(절대 오차율 1.04%, 허용 1.5%)"",""방향: 예측 상승(52%) · 실제 하락 → 오답 · 80% 띠 담김(폭 4.7%)"",""실제값 정정 이력 2건"",""실제 종가 관측 시각 2026-09-29T09:54:42.000Z(16:00 KST 이후 · 지연 관측)""],""modelInternal"":[""선택 모형의 기대 누적 +0.19% = 절편 +0.09% + 자기 추세 +0.02% + 52종목 폭·평균 +0.07% · 실제 -0.86%"",""실제 방향과 반대로 기여한 항: F35, F11 (모형 내부 설명 · 인과 아님)""],""causeHypotheses"":[""자료 오류""],""unverified"":[""수급(외국인·기관·개인)·심리·과열·영향 시차·요인 중복·가중치는 이 셀에서 검증 자료 없음(실험 기록·시간순 검증에서만 판단)""]}"
analysis-7362baae9c86d848,analysis,2026-09-29,2026-09-29T09:54:42Z,,,"{""forecastId"":""2026-09-28-rolling20-13cd892134e517b4"",""modelVersion"":""atlas-rolling20-A""}",live,,,,,,,,,,,,,,028260,삼성물산,util,2026-09-28-rolling20-13cd892134e517b4,atlas-rolling20-A,2026-09-28,2026-09-29,1,3,크기 허용·방향 틀림,false,true,true,0.30113577935979247,"{""realizedLog"":0.0014461318499997134,""predictedLog"":-0.0015697692046944297,""errorLog"":-0.003015901054694143,""basketCumLog"":null,""beta"":1.413,""marketPartLog"":null,""residualPartLog"":null,""marketShare"":null,""unexplainedShare"":null}","[""출발가 345,500원(2026-09-28) → 실제 346,000원(2026-09-29, 1거래일) +0.14% · 예측 중앙 344,958원 -0.16% · 오차 -0.30%(절대 오차율 0.30%, 허용 1.5%)"",""방향: 예측 하락(51%) · 실제 상승 → 오답 · 80% 띠 담김(폭 7.3%)"",""기간 안 확인된 일정 1건(기업 1 · 중요 0): 삼성물산 패션 브랜드 앙개 성수 팝업 개점 — 수치 영향은 미산출"",""실제값 정정 이력 2건"",""실제 종가 관측 시각 2026-09-29T09:54:42.000Z(16:00 KST 이후 · 지연 관측)""]","[""선택 모형의 기대 누적 0.00% = 절편 0.00% + 자기 추세 0.00% + 52종목 폭·평균 0.00% · 실제 +0.14%""]","[{""category"":""기업 사건"",""evidence"":""기간 안 기업 일정 삼성물산 패션 브랜드 앙개 성수 팝업 개점"",""counterEvidence"":""일정 확인만 · 결과·가격 반응·수치 영향 미산출 → 인과 단정 불가"",""strength"":""약""},{""category"":""자료 오류"",""evidence"":""실제값 정정 2건"",""counterEvidence"":""정정 뒤 값으로 채점됨"",""strength"":""약""}]","[""수급(외국인·기관·개인)·심리·과열·영향 시차·요인 중복·가중치는 이 셀에서 검증 자료 없음(실험 기록·시간순 검증에서만 판단)""]","[""기업 사건"",""자료 오류""]","{""luckySuspect"":false,""reasonableProcess"":true,""luckyNote"":null,""reasonableNote"":""방향은 틀렸지만 실제값이 모형 80% 띠 안 → 판단 과정은 분포 안""}","{""confirmedFacts"":[""출발가 345,500원(2026-09-28) → 실제 346,000원(2026-09-29, 1거래일) +0.14% · 예측 중앙 344,958원 -0.16% · 오차 -0.30%(절대 오차율 0.30%, 허용 1.5%)"",""방향: 예측 하락(51%) · 실제 상승 → 오답 · 80% 띠 담김(폭 7.3%)"",""기간 안 확인된 일정 1건(기업 1 · 중요 0): 삼성물산 패션 브랜드 앙개 성수 팝업 개점 — 수치 영향은 미산출"",""실제값 정정 이력 2건"",""실제 종가 관측 시각 2026-09-29T09:54:42.000Z(16:00 KST 이후 · 지연 관측)""],""modelInternal"":[""선택 모형의 기대 누적 0.00% = 절편 0.00% + 자기 추세 0.00% + 52종목 폭·평균 0.00% · 실제 +0.14%""],""causeHypotheses"":[""기업 사건"",""자료 오류""],""unverified"":[""수급(외국인·기관·개인)·심리·과열·영향 시차·요인 중복·가중치는 이 셀에서 검증 자료 없음(실험 기록·시간순 검증에서만 판단)""]}"
analysis-5d8802f3569cd700,analysis,2026-09-29,2026-09-29T09:54:42Z,,,"{""forecastId"":""2026-09-28-rolling20-13cd892134e517b4"",""modelVersion"":""atlas-rolling20-A""}",live,,,,,,,,,,,,,,032830,삼성생명보험,fin,2026-09-28-rolling20-13cd892134e517b4,atlas-rolling20-A,2026-09-28,2026-09-29,1,2,방향 맞고 크기 틀림,true,false,true,1.9838929345089227,"{""realizedLog"":-0.020478531343540676,""predictedLog"":-0.000833828923613086,""errorLog"":0.01964470241992759,""basketCumLog"":null,""beta"":1.2564,""marketPartLog"":null,""residualPartLog"":null,""marketShare"":null,""unexplainedShare"":null}","[""출발가 296,000원(2026-09-28) → 실제 290,000원(2026-09-29, 1거래일) -2.03% · 예측 중앙 295,753원 -0.08% · 오차 +1.98%(절대 오차율 1.98%, 허용 1.5%)"",""방향: 예측 하락(50%) · 실제 하락 → 정답 · 80% 띠 담김(폭 6.0%)"",""실제값 정정 이력 4건"",""실제 종가 관측 시각 2026-09-29T09:54:42.000Z(16:00 KST 이후 · 지연 관측)""]","[""선택 모형의 기대 누적 +0.11% = 절편 +0.15% + 자기 추세 -0.04% + 52종목 폭·평균 -0.00% · 실제 -2.03%""]","[{""category"":""자료 오류"",""evidence"":""실제값 정정 4건"",""counterEvidence"":""정정 뒤 값으로 채점됨"",""strength"":""약""}]","[""수급(외국인·기관·개인)·심리·과열·영향 시차·요인 중복·가중치는 이 셀에서 검증 자료 없음(실험 기록·시간순 검증에서만 판단)""]","[""자료 오류""]","{""luckySuspect"":false,""reasonableProcess"":false,""luckyNote"":null,""reasonableNote"":null}","{""confirmedFacts"":[""출발가 296,000원(2026-09-28) → 실제 290,000원(2026-09-29, 1거래일) -2.03% · 예측 중앙 295,753원 -0.08% · 오차 +1.98%(절대 오차율 1.98%, 허용 1.5%)"",""방향: 예측 하락(50%) · 실제 하락 → 정답 · 80% 띠 담김(폭 6.0%)"",""실제값 정정 이력 4건"",""실제 종가 관측 시각 2026-09-29T09:54:42.000Z(16:00 KST 이후 · 지연 관측)""],""modelInternal"":[""선택 모형의 기대 누적 +0.11% = 절편 +0.15% + 자기 추세 -0.04% + 52종목 폭·평균 -0.00% · 실제 -2.03%""],""causeHypotheses"":[""자료 오류""],""unverified"":[""수급(외국인·기관·개인)·심리·과열·영향 시차·요인 중복·가중치는 이 셀에서 검증 자료 없음(실험 기록·시간순 검증에서만 판단)""]}"
analysis-5d2fe96f1a948f19,analysis,2026-09-29,2026-09-29T09:54:42Z,,,"{""forecastId"":""2026-09-28-rolling20-13cd892134e517b4"",""modelVersion"":""atlas-rolling20-A""}",live,,,,,,,,,,,,,,012450,한화에어로스페이스,heavy,2026-09-28-rolling20-13cd892134e517b4,atlas-rolling20-A,2026-09-28,2026-09-29,1,2,방향 맞고 크기 틀림,true,false,true,1.7215220809626464,"{""realizedLog"":-0.019531870917245956,""predictedLog"":-0.0024631530248850017,""errorLog"":0.017068717892360953,""basketCumLog"":null,""beta"":0.8212,""marketPartLog"":null,""residualPartLog"":null,""marketShare"":null,""unexplainedShare"":null}","[""출발가 1,034,000원(2026-09-28) → 실제 1,014,000원(2026-09-29, 1거래일) -1.93% · 예측 중앙 1,031,456원 -0.25% · 오차 +1.72%(절대 오차율 1.72%, 허용 1.5%)"",""방향: 예측 하락(53%) · 실제 하락 → 정답 · 80% 띠 담김(폭 9.8%)"",""기간 안 확인된 일정 1건(기업 1 · 중요 0): 한화에어로스페이스 기업설명회 · 코리아 프리미엄 위크 — 수치 영향은 미산출"",""실제값 정정 이력 1건"",""실제 종가 관측 시각 2026-09-29T09:54:42.000Z(16:00 KST 이후 · 지연 관측)""]","[""선택 모형의 기대 누적 0.00% = 절편 0.00% + 자기 추세 0.00% + 52종목 폭·평균 0.00% · 실제 -1.93%""]","[{""category"":""기업 사건"",""evidence"":""기간 안 기업 일정 한화에어로스페이스 기업설명회 · 코리아 프리미엄 위크"",""counterEvidence"":""일정 확인만 · 결과·가격 반응·수치 영향 미산출 → 인과 단정 불가"",""strength"":""약""},{""category"":""자료 오류"",""evidence"":""실제값 정정 1건"",""counterEvidence"":""정정 뒤 값으로 채점됨"",""strength"":""약""}]","[""수급(외국인·기관·개인)·심리·과열·영향 시차·요인 중복·가중치는 이 셀에서 검증 자료 없음(실험 기록·시간순 검증에서만 판단)""]","[""기업 사건"",""자료 오류""]","{""luckySuspect"":false,""reasonableProcess"":false,""luckyNote"":null,""reasonableNote"":null}","{""confirmedFacts"":[""출발가 1,034,000원(2026-09-28) → 실제 1,014,000원(2026-09-29, 1거래일) -1.93% · 예측 중앙 1,031,456원 -0.25% · 오차 +1.72%(절대 오차율 1.72%, 허용 1.5%)"",""방향: 예측 하락(53%) · 실제 하락 → 정답 · 80% 띠 담김(폭 9.8%)"",""기간 안 확인된 일정 1건(기업 1 · 중요 0): 한화에어로스페이스 기업설명회 · 코리아 프리미엄 위크 — 수치 영향은 미산출"",""실제값 정정 이력 1건"",""실제 종가 관측 시각 2026-09-29T09:54:42.000Z(16:00 KST 이후 · 지연 관측)""],""modelInternal"":[""선택 모형의 기대 누적 0.00% = 절편 0.00% + 자기 추세 0.00% + 52종목 폭·평균 0.00% · 실제 -1.93%""],""causeHypotheses"":[""기업 사건"",""자료 오류""],""unverified"":[""수급(외국인·기관·개인)·심리·과열·영향 시차·요인 중복·가중치는 이 셀에서 검증 자료 없음(실험 기록·시간순 검증에서만 판단)""]}"
analysis-6b0c498e42018c45,analysis,2026-09-29,2026-09-29T09:54:42Z,,,"{""forecastId"":""2026-09-28-rolling20-13cd892134e517b4"",""modelVersion"":""atlas-rolling20-A""}",live,,,,,,,,,,,,,,034730,SK,util,2026-09-28-rolling20-13cd892134e517b4,atlas-rolling20-A,2026-09-28,2026-09-29,1,3,크기 허용·방향 틀림,false,true,true,1.051089618644217,"{""realizedLog"":0.00861331767811493,""predictedLog"":-0.0019532081324840577,""errorLog"":-0.010566525810598987,""basketCumLog"":null,""beta"":1.3807,""marketPartLog"":null,""residualPartLog"":null,""marketShare"":null,""unexplainedShare"":null}","[""출발가 578,000원(2026-09-28) → 실제 583,000원(2026-09-29, 1거래일) +0.87% · 예측 중앙 576,872원 -0.20% · 오차 -1.05%(절대 오차율 1.05%, 허용 1.5%)"",""방향: 예측 하락(51%) · 실제 상승 → 오답 · 80% 띠 담김(폭 9.3%)"",""실제값 정정 이력 3건"",""실제 종가 관측 시각 2026-09-29T09:54:42.000Z(16:00 KST 이후 · 지연 관측)""]","[""선택 모형의 기대 누적 0.00% = 절편 0.00% + 자기 추세 0.00% + 52종목 폭·평균 0.00% · 실제 +0.87%""]","[{""category"":""자료 오류"",""evidence"":""실제값 정정 3건"",""counterEvidence"":""정정 뒤 값으로 채점됨"",""strength"":""약""}]","[""수급(외국인·기관·개인)·심리·과열·영향 시차·요인 중복·가중치는 이 셀에서 검증 자료 없음(실험 기록·시간순 검증에서만 판단)""]","[""자료 오류""]","{""luckySuspect"":false,""reasonableProcess"":true,""luckyNote"":null,""reasonableNote"":""방향은 틀렸지만 실제값이 모형 80% 띠 안 → 판단 과정은 분포 안""}","{""confirmedFacts"":[""출발가 578,000원(2026-09-28) → 실제 583,000원(2026-09-29, 1거래일) +0.87% · 예측 중앙 576,872원 -0.20% · 오차 -1.05%(절대 오차율 1.05%, 허용 1.5%)"",""방향: 예측 하락(51%) · 실제 상승 → 오답 · 80% 띠 담김(폭 9.3%)"",""실제값 정정 이력 3건"",""실제 종가 관측 시각 2026-09-29T09:54:42.000Z(16:00 KST 이후 · 지연 관측)""],""modelInternal"":[""선택 모형의 기대 누적 0.00% = 절편 0.00% + 자기 추세 0.00% + 52종목 폭·평균 0.00% · 실제 +0.87%""],""causeHypotheses"":[""자료 오류""],""unverified"":[""수급(외국인·기관·개인)·심리·과열·영향 시차·요인 중복·가중치는 이 셀에서 검증 자료 없음(실험 기록·시간순 검증에서만 판단)""]}"
analysis-c1f7ca989a329416,analysis,2026-09-29,2026-09-29T09:54:42Z,,,"{""forecastId"":""2026-09-28-rolling20-13cd892134e517b4"",""modelVersion"":""atlas-rolling20-A""}",live,,,,,,,,,,,,,,012330,현대모비스,auto,2026-09-28-rolling20-13cd892134e517b4,atlas-rolling20-A,2026-09-28,2026-09-29,1,2,방향 맞고 크기 틀림,true,false,true,1.6116918077528009,"{""realizedLog"":-0.01757989831710937,""predictedLog"":-0.0015914789336911256,""errorLog"":0.015988419383418245,""basketCumLog"":null,""beta"":1.1361,""marketPartLog"":null,""residualPartLog"":null,""marketShare"":null,""unexplainedShare"":null}","[""출발가 373,000원(2026-09-28) → 실제 366,500원(2026-09-29, 1거래일) -1.74% · 예측 중앙 372,407원 -0.16% · 오차 +1.61%(절대 오차율 1.61%, 허용 1.5%)"",""방향: 예측 하락(53%) · 실제 하락 → 정답 · 80% 띠 담김(폭 6.3%)"",""실제값 정정 이력 2건"",""실제 종가 관측 시각 2026-09-29T09:54:42.000Z(16:00 KST 이후 · 지연 관측)""]","[""선택 모형의 기대 누적 0.00% = 절편 0.00% + 자기 추세 0.00% + 52종목 폭·평균 0.00% · 실제 -1.74%""]","[{""category"":""자료 오류"",""evidence"":""실제값 정정 2건"",""counterEvidence"":""정정 뒤 값으로 채점됨"",""strength"":""약""}]","[""수급(외국인·기관·개인)·심리·과열·영향 시차·요인 중복·가중치는 이 셀에서 검증 자료 없음(실험 기록·시간순 검증에서만 판단)""]","[""자료 오류""]","{""luckySuspect"":false,""reasonableProcess"":false,""luckyNote"":null,""reasonableNote"":null}","{""confirmedFacts"":[""출발가 373,000원(2026-09-28) → 실제 366,500원(2026-09-29, 1거래일) -1.74% · 예측 중앙 372,407원 -0.16% · 오차 +1.61%(절대 오차율 1.61%, 허용 1.5%)"",""방향: 예측 하락(53%) · 실제 하락 → 정답 · 80% 띠 담김(폭 6.3%)"",""실제값 정정 이력 2건"",""실제 종가 관측 시각 2026-09-29T09:54:42.000Z(16:00 KST 이후 · 지연 관측)""],""modelInternal"":[""선택 모형의 기대 누적 0.00% = 절편 0.00% + 자기 추세 0.00% + 52종목 폭·평균 0.00% · 실제 -1.74%""],""causeHypotheses"":[""자료 오류""],""unverified"":[""수급(외국인·기관·개인)·심리·과열·영향 시차·요인 중복·가중치는 이 셀에서 검증 자료 없음(실험 기록·시간순 검증에서만 판단)""]}"
analysis-5ebb81a818eb5435,analysis,2026-09-29,2026-09-29T09:54:42Z,,,"{""forecastId"":""2026-09-28-rolling20-13cd892134e517b4"",""modelVersion"":""atlas-rolling20-A""}",live,,,,,,,,,,,,,,066570,LG전자,semi,2026-09-28-rolling20-13cd892134e517b4,atlas-rolling20-A,2026-09-28,2026-09-29,1,3,크기 허용·방향 틀림,false,true,true,0.1930636228393684,"{""realizedLog"":0,""predictedLog"":-0.0019325023087185982,""errorLog"":-0.0019325023087185982,""basketCumLog"":null,""beta"":1.2974,""marketPartLog"":null,""residualPartLog"":null,""marketShare"":null,""unexplainedShare"":null}","[""출발가 214,500원(2026-09-28) → 실제 214,500원(2026-09-29, 1거래일) 0.00% · 예측 중앙 214,086원 -0.19% · 오차 -0.19%(절대 오차율 0.19%, 허용 1.5%)"",""방향: 예측 하락(50%) · 실제 보합 → 오답 · 80% 띠 담김(폭 7.1%)"",""실제값 정정 이력 1건"",""실제 종가 관측 시각 2026-09-29T09:54:42.000Z(16:00 KST 이후 · 지연 관측)""]","[""선택 모형의 기대 누적 0.00% = 절편 0.00% + 자기 추세 0.00% + 52종목 폭·평균 0.00% · 실제 0.00%""]","[{""category"":""자료 오류"",""evidence"":""실제값 정정 1건"",""counterEvidence"":""정정 뒤 값으로 채점됨"",""strength"":""약""}]","[""수급(외국인·기관·개인)·심리·과열·영향 시차·요인 중복·가중치는 이 셀에서 검증 자료 없음(실험 기록·시간순 검증에서만 판단)""]","[""자료 오류""]","{""luckySuspect"":false,""reasonableProcess"":true,""luckyNote"":null,""reasonableNote"":""방향은 틀렸지만 실제값이 모형 80% 띠 안 → 판단 과정은 분포 안""}","{""confirmedFacts"":[""출발가 214,500원(2026-09-28) → 실제 214,500원(2026-09-29, 1거래일) 0.00% · 예측 중앙 214,086원 -0.19% · 오차 -0.19%(절대 오차율 0.19%, 허용 1.5%)"",""방향: 예측 하락(50%) · 실제 보합 → 오답 · 80% 띠 담김(폭 7.1%)"",""실제값 정정 이력 1건"",""실제 종가 관측 시각 2026-09-29T09:54:42.000Z(16:00 KST 이후 · 지연 관측)""],""modelInternal"":[""선택 모형의 기대 누적 0.00% = 절편 0.00% + 자기 추세 0.00% + 52종목 폭·평균 0.00% · 실제 0.00%""],""causeHypotheses"":[""자료 오류""],""unverified"":[""수급(외국인·기관·개인)·심리·과열·영향 시차·요인 중복·가중치는 이 셀에서 검증 자료 없음(실험 기록·시간순 검증에서만 판단)""]}"
analysis-6f48e94b73d669cd,analysis,2026-09-29,2026-09-29T09:54:42Z,,,"{""forecastId"":""2026-09-28-rolling20-13cd892134e517b4"",""modelVersion"":""atlas-rolling20-A""}",live,,,,,,,,,,,,,,010120,LS ELECTRIC,heavy,2026-09-28-rolling20-13cd892134e517b4,atlas-rolling20-A,2026-09-28,2026-09-29,1,3,크기 허용·방향 틀림,false,true,true,0.5782856281281011,"{""realizedLog"":0.002442003655551809,""predictedLog"":-0.003357638082317816,""errorLog"":-0.005799641737869624,""basketCumLog"":null,""beta"":1.6948,""marketPartLog"":null,""residualPartLog"":null,""marketShare"":null,""unexplainedShare"":null}","[""출발가 204,500원(2026-09-28) → 실제 205,000원(2026-09-29, 1거래일) +0.24% · 예측 중앙 203,815원 -0.34% · 오차 -0.58%(절대 오차율 0.58%, 허용 1.5%)"",""방향: 예측 하락(53%) · 실제 상승 → 오답 · 80% 띠 담김(폭 9.6%)"",""실제값 정정 이력 2건"",""실제 종가 관측 시각 2026-09-29T09:54:42.000Z(16:00 KST 이후 · 지연 관측)""]","[""선택 모형의 기대 누적 0.00% = 절편 0.00% + 자기 추세 0.00% + 52종목 폭·평균 0.00% · 실제 +0.24%""]","[{""category"":""자료 오류"",""evidence"":""실제값 정정 2건"",""counterEvidence"":""정정 뒤 값으로 채점됨"",""strength"":""약""}]","[""수급(외국인·기관·개인)·심리·과열·영향 시차·요인 중복·가중치는 이 셀에서 검증 자료 없음(실험 기록·시간순 검증에서만 판단)""]","[""자료 오류""]","{""luckySuspect"":false,""reasonableProcess"":true,""luckyNote"":null,""reasonableNote"":""방향은 틀렸지만 실제값이 모형 80% 띠 안 → 판단 과정은 분포 안""}","{""confirmedFacts"":[""출발가 204,500원(2026-09-28) → 실제 205,000원(2026-09-29, 1거래일) +0.24% · 예측 중앙 203,815원 -0.34% · 오차 -0.58%(절대 오차율 0.58%, 허용 1.5%)"",""방향: 예측 하락(53%) · 실제 상승 → 오답 · 80% 띠 담김(폭 9.6%)"",""실제값 정정 이력 2건"",""실제 종가 관측 시각 2026-09-29T09:54:42.000Z(16:00 KST 이후 · 지연 관측)""],""modelInternal"":[""선택 모형의 기대 누적 0.00% = 절편 0.00% + 자기 추세 0.00% + 52종목 폭·평균 0.00% · 실제 +0.24%""],""causeHypotheses"":[""자료 오류""],""unverified"":[""수급(외국인·기관·개인)·심리·과열·영향 시차·요인 중복·가중치는 이 셀에서 검증 자료 없음(실험 기록·시간순 검증에서만 판단)""]}"
analysis-7ead01117f5cb0d7,analysis,2026-09-29,2026-09-29T09:54:42Z,,,"{""forecastId"":""2026-09-28-rolling20-13cd892134e517b4"",""modelVersion"":""atlas-rolling20-A""}",live,,,,,,,,,,,,,,000810,삼성화재,fin,2026-09-28-rolling20-13cd892134e517b4,atlas-rolling20-A,2026-09-28,2026-09-29,1,1,방향·크기 모두 맞음,true,true,true,1.354367046040367,"{""realizedLog"":-0.015244197643117081,""predictedLog"":-0.0017914228993783391,""errorLog"":0.013452774743738741,""basketCumLog"":null,""beta"":0.8304,""marketPartLog"":null,""residualPartLog"":null,""marketShare"":null,""unexplainedShare"":null}","[""출발가 661,000원(2026-09-28) → 실제 651,000원(2026-09-29, 1거래일) -1.51% · 예측 중앙 659,817원 -0.18% · 오차 +1.35%(절대 오차율 1.35%, 허용 1.5%)"",""방향: 예측 하락(52%) · 실제 하락 → 정답 · 80% 띠 담김(폭 5.3%)"",""실제값 정정 이력 3건"",""실제 종가 관측 시각 2026-09-29T09:54:42.000Z(16:00 KST 이후 · 지연 관측)""]","[""선택 모형의 기대 누적 0.00% = 절편 0.00% + 자기 추세 0.00% + 52종목 폭·평균 0.00% · 실제 -1.51%""]",[],"[""수급(외국인·기관·개인)·심리·과열·영향 시차·요인 중복·가중치는 이 셀에서 검증 자료 없음(실험 기록·시간순 검증에서만 판단)""]",[],"{""luckySuspect"":false,""reasonableProcess"":false,""luckyNote"":null,""reasonableNote"":null}","{""confirmedFacts"":[""출발가 661,000원(2026-09-28) → 실제 651,000원(2026-09-29, 1거래일) -1.51% · 예측 중앙 659,817원 -0.18% · 오차 +1.35%(절대 오차율 1.35%, 허용 1.5%)"",""방향: 예측 하락(52%) · 실제 하락 → 정답 · 80% 띠 담김(폭 5.3%)"",""실제값 정정 이력 3건"",""실제 종가 관측 시각 2026-09-29T09:54:42.000Z(16:00 KST 이후 · 지연 관측)""],""modelInternal"":[""선택 모형의 기대 누적 0.00% = 절편 0.00% + 자기 추세 0.00% + 52종목 폭·평균 0.00% · 실제 -1.51%""],""causeHypotheses"":[],""unverified"":[""수급(외국인·기관·개인)·심리·과열·영향 시차·요인 중복·가중치는 이 셀에서 검증 자료 없음(실험 기록·시간순 검증에서만 판단)""]}"
analysis-381963bf9ae3d759,analysis,2026-09-29,2026-09-29T09:54:42Z,,,"{""forecastId"":""2026-09-28-rolling20-13cd892134e517b4"",""modelVersion"":""atlas-rolling20-A""}",live,,,,,,,,,,,,,,005490,POSCO홀딩스,chem,2026-09-28-rolling20-13cd892134e517b4,atlas-rolling20-A,2026-09-28,2026-09-29,1,2,방향 맞고 크기 틀림,true,false,false,3.443406529996297,"{""realizedLog"":-0.035373462972580816,""predictedLog"":-0.0015189826147723646,""errorLog"":0.03385448035780845,""basketCumLog"":null,""beta"":1.1117,""marketPartLog"":null,""residualPartLog"":null,""marketShare"":null,""unexplainedShare"":null}","[""출발가 316,500원(2026-09-28) → 실제 305,500원(2026-09-29, 1거래일) -3.48% · 예측 중앙 316,020원 -0.15% · 오차 +3.44%(절대 오차율 3.44%, 허용 1.5%)"",""방향: 예측 하락(52%) · 실제 하락 → 정답 · 80% 띠 벗어남(폭 5.7%)"",""실제값 정정 이력 1건"",""실제 종가 관측 시각 2026-09-29T09:54:42.000Z(16:00 KST 이후 · 지연 관측)""]","[""선택 모형의 기대 누적 0.00% = 절편 0.00% + 자기 추세 0.00% + 52종목 폭·평균 0.00% · 실제 -3.48%""]","[{""category"":""변동성·범위"",""evidence"":""실제값이 80% 띠 밖(폭 5.7% · 실제 이동 -3.48%)"",""counterEvidence"":""80% 띠는 명목이며 개별 셀의 벗어남은 정상 범위일 수 있음(담김률로 판단)"",""strength"":""중""},{""category"":""자료 오류"",""evidence"":""실제값 정정 1건"",""counterEvidence"":""정정 뒤 값으로 채점됨"",""strength"":""약""}]","[""수급(외국인·기관·개인)·심리·과열·영향 시차·요인 중복·가중치는 이 셀에서 검증 자료 없음(실험 기록·시간순 검증에서만 판단)""]","[""변동성·범위"",""자료 오류""]","{""luckySuspect"":false,""reasonableProcess"":false,""luckyNote"":null,""reasonableNote"":null}","{""confirmedFacts"":[""출발가 316,500원(2026-09-28) → 실제 305,500원(2026-09-29, 1거래일) -3.48% · 예측 중앙 316,020원 -0.15% · 오차 +3.44%(절대 오차율 3.44%, 허용 1.5%)"",""방향: 예측 하락(52%) · 실제 하락 → 정답 · 80% 띠 벗어남(폭 5.7%)"",""실제값 정정 이력 1건"",""실제 종가 관측 시각 2026-09-29T09:54:42.000Z(16:00 KST 이후 · 지연 관측)""],""modelInternal"":[""선택 모형의 기대 누적 0.00% = 절편 0.00% + 자기 추세 0.00% + 52종목 폭·평균 0.00% · 실제 -3.48%""],""causeHypotheses"":[""변동성·범위"",""자료 오류""],""unverified"":[""수급(외국인·기관·개인)·심리·과열·영향 시차·요인 중복·가중치는 이 셀에서 검증 자료 없음(실험 기록·시간순 검증에서만 판단)""]}"
analysis-cbfb8e968bef3c47,analysis,2026-09-29,2026-09-29T09:54:42Z,,,"{""forecastId"":""2026-09-28-rolling20-13cd892134e517b4"",""modelVersion"":""atlas-rolling20-A""}",live,,,,,,,,,,,,,,010130,고려아연,chem,2026-09-28-rolling20-13cd892134e517b4,atlas-rolling20-A,2026-09-28,2026-09-29,1,2,방향 맞고 크기 틀림,true,false,true,2.7076206595510044,"{""realizedLog"":-0.02946806225690798,""predictedLog"":-0.002751930951901879,""errorLog"":0.0267161313050061,""basketCumLog"":null,""beta"":1.3237,""marketPartLog"":null,""residualPartLog"":null,""marketShare"":null,""unexplainedShare"":null}","[""출발가 1,102,000원(2026-09-28) → 실제 1,070,000원(2026-09-29, 1거래일) -2.90% · 예측 중앙 1,098,972원 -0.27% · 오차 +2.71%(절대 오차율 2.71%, 허용 1.5%)"",""방향: 예측 하락(54%) · 실제 하락 → 정답 · 80% 띠 담김(폭 8.6%)"",""실제값 정정 이력 2건"",""실제 종가 관측 시각 2026-09-29T09:54:42.000Z(16:00 KST 이후 · 지연 관측)""]","[""선택 모형의 기대 누적 0.00% = 절편 0.00% + 자기 추세 0.00% + 52종목 폭·평균 0.00% · 실제 -2.90%""]","[{""category"":""자료 오류"",""evidence"":""실제값 정정 2건"",""counterEvidence"":""정정 뒤 값으로 채점됨"",""strength"":""약""}]","[""수급(외국인·기관·개인)·심리·과열·영향 시차·요인 중복·가중치는 이 셀에서 검증 자료 없음(실험 기록·시간순 검증에서만 판단)""]","[""자료 오류""]","{""luckySuspect"":false,""reasonableProcess"":false,""luckyNote"":null,""reasonableNote"":null}","{""confirmedFacts"":[""출발가 1,102,000원(2026-09-28) → 실제 1,070,000원(2026-09-29, 1거래일) -2.90% · 예측 중앙 1,098,972원 -0.27% · 오차 +2.71%(절대 오차율 2.71%, 허용 1.5%)"",""방향: 예측 하락(54%) · 실제 하락 → 정답 · 80% 띠 담김(폭 8.6%)"",""실제값 정정 이력 2건"",""실제 종가 관측 시각 2026-09-29T09:54:42.000Z(16:00 KST 이후 · 지연 관측)""],""modelInternal"":[""선택 모형의 기대 누적 0.00% = 절편 0.00% + 자기 추세 0.00% + 52종목 폭·평균 0.00% · 실제 -2.90%""],""causeHypotheses"":[""자료 오류""],""unverified"":[""수급(외국인·기관·개인)·심리·과열·영향 시차·요인 중복·가중치는 이 셀에서 검증 자료 없음(실험 기록·시간순 검증에서만 판단)""]}"
analysis-77a2db5c8135a85d,analysis,2026-09-29,2026-09-29T09:54:42Z,,,"{""forecastId"":""2026-09-28-rolling20-13cd892134e517b4"",""modelVersion"":""atlas-rolling20-A""}",live,,,,,,,,,,,,,,138040,메리츠금융지주,fin,2026-09-28-rolling20-13cd892134e517b4,atlas-rolling20-A,2026-09-28,2026-09-29,1,1,방향·크기 모두 맞음,true,true,true,0.505714977446662,"{""realizedLog"":-0.009792921953243714,""predictedLog"":-0.004748516611752403,""errorLog"":0.005044405341491312,""basketCumLog"":null,""beta"":0.6414,""marketPartLog"":null,""residualPartLog"":null,""marketShare"":null,""unexplainedShare"":null}","[""출발가 133,400원(2026-09-28) → 실제 132,100원(2026-09-29, 1거래일) -0.97% · 예측 중앙 132,768원 -0.47% · 오차 +0.51%(절대 오차율 0.51%, 허용 1.5%)"",""방향: 예측 하락(57%) · 실제 하락 → 정답 · 80% 띠 담김(폭 5.7%)"",""실제값 정정 이력 2건"",""실제 종가 관측 시각 2026-09-29T09:54:42.000Z(16:00 KST 이후 · 지연 관측)""]","[""선택 모형의 기대 누적 -0.25% = 절편 +0.04% + 자기 추세 -0.31% + 52종목 폭·평균 +0.02% · 실제 -0.97%"",""실제 방향과 반대로 기여한 항: F11 (모형 내부 설명 · 인과 아님)""]",[],"[""수급(외국인·기관·개인)·심리·과열·영향 시차·요인 중복·가중치는 이 셀에서 검증 자료 없음(실험 기록·시간순 검증에서만 판단)""]",[],"{""luckySuspect"":false,""reasonableProcess"":false,""luckyNote"":null,""reasonableNote"":null}","{""confirmedFacts"":[""출발가 133,400원(2026-09-28) → 실제 132,100원(2026-09-29, 1거래일) -0.97% · 예측 중앙 132,768원 -0.47% · 오차 +0.51%(절대 오차율 0.51%, 허용 1.5%)"",""방향: 예측 하락(57%) · 실제 하락 → 정답 · 80% 띠 담김(폭 5.7%)"",""실제값 정정 이력 2건"",""실제 종가 관측 시각 2026-09-29T09:54:42.000Z(16:00 KST 이후 · 지연 관측)""],""modelInternal"":[""선택 모형의 기대 누적 -0.25% = 절편 +0.04% + 자기 추세 -0.31% + 52종목 폭·평균 +0.02% · 실제 -0.97%"",""실제 방향과 반대로 기여한 항: F11 (모형 내부 설명 · 인과 아님)""],""causeHypotheses"":[],""unverified"":[""수급(외국인·기관·개인)·심리·과열·영향 시차·요인 중복·가중치는 이 셀에서 검증 자료 없음(실험 기록·시간순 검증에서만 판단)""]}"
analysis-88f27872a4fbf943,analysis,2026-09-29,2026-09-29T09:54:42Z,,,"{""forecastId"":""2026-09-28-rolling20-13cd892134e517b4"",""modelVersion"":""atlas-rolling20-A""}",live,,,,,,,,,,,,,,015760,한국전력,util,2026-09-28-rolling20-13cd892134e517b4,atlas-rolling20-A,2026-09-28,2026-09-29,1,2,방향 맞고 크기 틀림,true,false,true,2.085939971276994,"{""realizedLog"":-0.021399993611934894,""predictedLog"":-0.0007551723226874576,""errorLog"":0.020644821289247436,""basketCumLog"":null,""beta"":0.9671,""marketPartLog"":null,""residualPartLog"":null,""marketShare"":null,""unexplainedShare"":null}","[""출발가 30,700원(2026-09-28) → 실제 30,050원(2026-09-29, 1거래일) -2.12% · 예측 중앙 30,677원 -0.08% · 오차 +2.09%(절대 오차율 2.09%, 허용 1.5%)"",""방향: 예측 하락(47%) · 실제 하락 → 정답 · 80% 띠 담김(폭 5.3%)"",""실제값 정정 이력 2건"",""실제 종가 관측 시각 2026-09-29T09:54:42.000Z(16:00 KST 이후 · 지연 관측)""]","[""선택 모형의 기대 누적 0.00% = 절편 0.00% + 자기 추세 0.00% + 52종목 폭·평균 0.00% · 실제 -2.12%""]","[{""category"":""자료 오류"",""evidence"":""실제값 정정 2건"",""counterEvidence"":""정정 뒤 값으로 채점됨"",""strength"":""약""}]","[""수급(외국인·기관·개인)·심리·과열·영향 시차·요인 중복·가중치는 이 셀에서 검증 자료 없음(실험 기록·시간순 검증에서만 판단)""]","[""자료 오류""]","{""luckySuspect"":false,""reasonableProcess"":false,""luckyNote"":null,""reasonableNote"":null}","{""confirmedFacts"":[""출발가 30,700원(2026-09-28) → 실제 30,050원(2026-09-29, 1거래일) -2.12% · 예측 중앙 30,677원 -0.08% · 오차 +2.09%(절대 오차율 2.09%, 허용 1.5%)"",""방향: 예측 하락(47%) · 실제 하락 → 정답 · 80% 띠 담김(폭 5.3%)"",""실제값 정정 이력 2건"",""실제 종가 관측 시각 2026-09-29T09:54:42.000Z(16:00 KST 이후 · 지연 관측)""],""modelInternal"":[""선택 모형의 기대 누적 0.00% = 절편 0.00% + 자기 추세 0.00% + 52종목 폭·평균 0.00% · 실제 -2.12%""],""causeHypotheses"":[""자료 오류""],""unverified"":[""수급(외국인·기관·개인)·심리·과열·영향 시차·요인 중복·가중치는 이 셀에서 검증 자료 없음(실험 기록·시간순 검증에서만 판단)""]}"
analysis-da56b5b6bbcd03ef,analysis,2026-09-29,2026-09-29T09:54:42Z,,,"{""forecastId"":""2026-09-28-rolling20-13cd892134e517b4"",""modelVersion"":""atlas-rolling20-A""}",live,,,,,,,,,,,,,,011200,HMM,auto,2026-09-28-rolling20-13cd892134e517b4,atlas-rolling20-A,2026-09-28,2026-09-29,1,2,방향 맞고 크기 틀림,true,false,true,1.6385230958580754,"{""realizedLog"":-0.016607736399660525,""predictedLog"":-0.00035529477868780936,""errorLog"":0.016252441620972717,""basketCumLog"":null,""beta"":0.6513,""marketPartLog"":null,""residualPartLog"":null,""marketShare"":null,""unexplainedShare"":null}","[""출발가 21,250원(2026-09-28) → 실제 20,900원(2026-09-29, 1거래일) -1.65% · 예측 중앙 21,242원 -0.04% · 오차 +1.64%(절대 오차율 1.64%, 허용 1.5%)"",""방향: 예측 하락(49%) · 실제 하락 → 정답 · 80% 띠 담김(폭 5.0%)"",""실제값 정정 이력 4건"",""실제 종가 관측 시각 2026-09-29T09:54:42.000Z(16:00 KST 이후 · 지연 관측)""]","[""선택 모형의 기대 누적 0.00% = 절편 0.00% + 자기 추세 0.00% + 52종목 폭·평균 0.00% · 실제 -1.65%""]","[{""category"":""자료 오류"",""evidence"":""실제값 정정 4건"",""counterEvidence"":""정정 뒤 값으로 채점됨"",""strength"":""약""}]","[""수급(외국인·기관·개인)·심리·과열·영향 시차·요인 중복·가중치는 이 셀에서 검증 자료 없음(실험 기록·시간순 검증에서만 판단)""]","[""자료 오류""]","{""luckySuspect"":false,""reasonableProcess"":false,""luckyNote"":null,""reasonableNote"":null}","{""confirmedFacts"":[""출발가 21,250원(2026-09-28) → 실제 20,900원(2026-09-29, 1거래일) -1.65% · 예측 중앙 21,242원 -0.04% · 오차 +1.64%(절대 오차율 1.64%, 허용 1.5%)"",""방향: 예측 하락(49%) · 실제 하락 → 정답 · 80% 띠 담김(폭 5.0%)"",""실제값 정정 이력 4건"",""실제 종가 관측 시각 2026-09-29T09:54:42.000Z(16:00 KST 이후 · 지연 관측)""],""modelInternal"":[""선택 모형의 기대 누적 0.00% = 절편 0.00% + 자기 추세 0.00% + 52종목 폭·평균 0.00% · 실제 -1.65%""],""causeHypotheses"":[""자료 오류""],""unverified"":[""수급(외국인·기관·개인)·심리·과열·영향 시차·요인 중복·가중치는 이 셀에서 검증 자료 없음(실험 기록·시간순 검증에서만 판단)""]}"
analysis-4b2d0c1991c87350,analysis,2026-09-29,2026-09-29T09:54:42Z,,,"{""forecastId"":""2026-09-28-rolling20-13cd892134e517b4"",""modelVersion"":""atlas-rolling20-A""}",live,,,,,,,,,,,,,,051910,LG화학,chem,2026-09-28-rolling20-13cd892134e517b4,atlas-rolling20-A,2026-09-28,2026-09-29,1,2,방향 맞고 크기 틀림,true,false,false,4.380741583513789,"{""realizedLog"":-0.044798142899894595,""predictedLog"":-0.0019231380465504,""errorLog"":0.042875004853344195,""basketCumLog"":null,""beta"":1.3201,""marketPartLog"":null,""residualPartLog"":null,""marketShare"":null,""unexplainedShare"":null}","[""출발가 262,500원(2026-09-28) → 실제 251,000원(2026-09-29, 1거래일) -4.38% · 예측 중앙 261,996원 -0.19% · 오차 +4.38%(절대 오차율 4.38%, 허용 1.5%)"",""방향: 예측 하락(51%) · 실제 하락 → 정답 · 80% 띠 벗어남(폭 8.5%)"",""실제값 정정 이력 1건"",""실제 종가 관측 시각 2026-09-29T09:54:42.000Z(16:00 KST 이후 · 지연 관측)""]","[""선택 모형의 기대 누적 -0.07% = 절편 -0.01% + 자기 추세 -0.05% + 52종목 폭·평균 -0.01% · 실제 -4.38%""]","[{""category"":""변동성·범위"",""evidence"":""실제값이 80% 띠 밖(폭 8.5% · 실제 이동 -4.38%)"",""counterEvidence"":""80% 띠는 명목이며 개별 셀의 벗어남은 정상 범위일 수 있음(담김률로 판단)"",""strength"":""중""},{""category"":""자료 오류"",""evidence"":""실제값 정정 1건"",""counterEvidence"":""정정 뒤 값으로 채점됨"",""strength"":""약""}]","[""수급(외국인·기관·개인)·심리·과열·영향 시차·요인 중복·가중치는 이 셀에서 검증 자료 없음(실험 기록·시간순 검증에서만 판단)""]","[""변동성·범위"",""자료 오류""]","{""luckySuspect"":false,""reasonableProcess"":false,""luckyNote"":null,""reasonableNote"":null}","{""confirmedFacts"":[""출발가 262,500원(2026-09-28) → 실제 251,000원(2026-09-29, 1거래일) -4.38% · 예측 중앙 261,996원 -0.19% · 오차 +4.38%(절대 오차율 4.38%, 허용 1.5%)"",""방향: 예측 하락(51%) · 실제 하락 → 정답 · 80% 띠 벗어남(폭 8.5%)"",""실제값 정정 이력 1건"",""실제 종가 관측 시각 2026-09-29T09:54:42.000Z(16:00 KST 이후 · 지연 관측)""],""modelInternal"":[""선택 모형의 기대 누적 -0.07% = 절편 -0.01% + 자기 추세 -0.05% + 52종목 폭·평균 -0.01% · 실제 -4.38%""],""causeHypotheses"":[""변동성·범위"",""자료 오류""],""unverified"":[""수급(외국인·기관·개인)·심리·과열·영향 시차·요인 중복·가중치는 이 셀에서 검증 자료 없음(실험 기록·시간순 검증에서만 판단)""]}"
analysis-a82d465b53c3d947,analysis,2026-09-29,2026-09-29T09:54:42Z,,,"{""forecastId"":""2026-09-28-rolling20-13cd892134e517b4"",""modelVersion"":""atlas-rolling20-A""}",live,,,,,,,,,,,,,,033780,KT&G,cons,2026-09-28-rolling20-13cd892134e517b4,atlas-rolling20-A,2026-09-28,2026-09-29,1,3,크기 허용·방향 틀림,false,true,true,0.5301909009505255,"{""realizedLog"":0.004550633563996509,""predictedLog"":-0.0007653804427794358,""errorLog"":-0.005316014006775945,""basketCumLog"":null,""beta"":0.2734,""marketPartLog"":null,""residualPartLog"":null,""marketShare"":null,""unexplainedShare"":null}","[""출발가 175,400원(2026-09-28) → 실제 176,200원(2026-09-29, 1거래일) +0.46% · 예측 중앙 175,266원 -0.08% · 오차 -0.53%(절대 오차율 0.53%, 허용 1.5%)"",""방향: 예측 하락(50%) · 실제 상승 → 오답 · 80% 띠 담김(폭 4.0%)"",""실제값 정정 이력 2건"",""실제 종가 관측 시각 2026-09-29T09:54:42.000Z(16:00 KST 이후 · 지연 관측)""]","[""선택 모형의 기대 누적 +0.00% = 절편 +0.07% + 자기 추세 -0.08% + 52종목 폭·평균 +0.01% · 실제 +0.46%"",""실제 방향과 반대로 기여한 항: F35 (모형 내부 설명 · 인과 아님)""]","[{""category"":""자료 오류"",""evidence"":""실제값 정정 2건"",""counterEvidence"":""정정 뒤 값으로 채점됨"",""strength"":""약""}]","[""수급(외국인·기관·개인)·심리·과열·영향 시차·요인 중복·가중치는 이 셀에서 검증 자료 없음(실험 기록·시간순 검증에서만 판단)""]","[""자료 오류""]","{""luckySuspect"":false,""reasonableProcess"":true,""luckyNote"":null,""reasonableNote"":""방향은 틀렸지만 실제값이 모형 80% 띠 안 → 판단 과정은 분포 안""}","{""confirmedFacts"":[""출발가 175,400원(2026-09-28) → 실제 176,200원(2026-09-29, 1거래일) +0.46% · 예측 중앙 175,266원 -0.08% · 오차 -0.53%(절대 오차율 0.53%, 허용 1.5%)"",""방향: 예측 하락(50%) · 실제 상승 → 오답 · 80% 띠 담김(폭 4.0%)"",""실제값 정정 이력 2건"",""실제 종가 관측 시각 2026-09-29T09:54:42.000Z(16:00 KST 이후 · 지연 관측)""],""modelInternal"":[""선택 모형의 기대 누적 +0.00% = 절편 +0.07% + 자기 추세 -0.08% + 52종목 폭·평균 +0.01% · 실제 +0.46%"",""실제 방향과 반대로 기여한 항: F35 (모형 내부 설명 · 인과 아님)""],""causeHypotheses"":[""자료 오류""],""unverified"":[""수급(외국인·기관·개인)·심리·과열·영향 시차·요인 중복·가중치는 이 셀에서 검증 자료 없음(실험 기록·시간순 검증에서만 판단)""]}"
analysis-bbc595578dcf0985,analysis,2026-09-29,2026-09-29T09:54:42Z,,,"{""forecastId"":""2026-09-28-rolling20-13cd892134e517b4"",""modelVersion"":""atlas-rolling20-A""}",live,,,,,,,,,,,,,,196170,알테오젠,bio,2026-09-28-rolling20-13cd892134e517b4,atlas-rolling20-A,2026-09-28,2026-09-29,1,3,크기 허용·방향 틀림,false,true,true,0.7616352809376064,"{""realizedLog"":0.005923018303122071,""predictedLog"":-0.0017224870396325182,""errorLog"":-0.007645505342754589,""basketCumLog"":null,""beta"":1.2904,""marketPartLog"":null,""residualPartLog"":null,""marketShare"":null,""unexplainedShare"":null}","[""출발가 252,500원(2026-09-28) → 실제 254,000원(2026-09-29, 1거래일) +0.59% · 예측 중앙 252,065원 -0.17% · 오차 -0.76%(절대 오차율 0.76%, 허용 1.5%)"",""방향: 예측 하락(51%) · 실제 상승 → 오답 · 80% 띠 담김(폭 7.3%)"",""실제값 정정 이력 1건"",""실제 종가 관측 시각 2026-09-29T09:54:42.000Z(16:00 KST 이후 · 지연 관측)""]","[""선택 모형의 기대 누적 +0.00% = 절편 +0.01% + 자기 추세 +0.16% + 52종목 폭·평균 -0.17% · 실제 +0.59%"",""실제 방향과 반대로 기여한 항: F11 (모형 내부 설명 · 인과 아님)""]","[{""category"":""자료 오류"",""evidence"":""실제값 정정 1건"",""counterEvidence"":""정정 뒤 값으로 채점됨"",""strength"":""약""}]","[""수급(외국인·기관·개인)·심리·과열·영향 시차·요인 중복·가중치는 이 셀에서 검증 자료 없음(실험 기록·시간순 검증에서만 판단)""]","[""자료 오류""]","{""luckySuspect"":false,""reasonableProcess"":true,""luckyNote"":null,""reasonableNote"":""방향은 틀렸지만 실제값이 모형 80% 띠 안 → 판단 과정은 분포 안""}","{""confirmedFacts"":[""출발가 252,500원(2026-09-28) → 실제 254,000원(2026-09-29, 1거래일) +0.59% · 예측 중앙 252,065원 -0.17% · 오차 -0.76%(절대 오차율 0.76%, 허용 1.5%)"",""방향: 예측 하락(51%) · 실제 상승 → 오답 · 80% 띠 담김(폭 7.3%)"",""실제값 정정 이력 1건"",""실제 종가 관측 시각 2026-09-29T09:54:42.000Z(16:00 KST 이후 · 지연 관측)""],""modelInternal"":[""선택 모형의 기대 누적 +0.00% = 절편 +0.01% + 자기 추세 +0.16% + 52종목 폭·평균 -0.17% · 실제 +0.59%"",""실제 방향과 반대로 기여한 항: F11 (모형 내부 설명 · 인과 아님)""],""causeHypotheses"":[""자료 오류""],""unverified"":[""수급(외국인·기관·개인)·심리·과열·영향 시차·요인 중복·가중치는 이 셀에서 검증 자료 없음(실험 기록·시간순 검증에서만 판단)""]}"
analysis-e47de4edd098b0fd,analysis,2026-09-29,2026-09-29T09:54:42Z,,,"{""forecastId"":""2026-09-28-rolling20-13cd892134e517b4"",""modelVersion"":""atlas-rolling20-A""}",live,,,,,,,,,,,,,,018260,삼성에스디에스,semi,2026-09-28-rolling20-13cd892134e517b4,atlas-rolling20-A,2026-09-28,2026-09-29,1,1,방향·크기 모두 맞음,true,true,true,1.055016260566276,"{""realizedLog"":-0.011481182373956254,""predictedLog"":-0.0009862843732452008,""errorLog"":0.010494898000711054,""basketCumLog"":null,""beta"":1.0842,""marketPartLog"":null,""residualPartLog"":null,""marketShare"":null,""unexplainedShare"":null}","[""출발가 219,000원(2026-09-28) → 실제 216,500원(2026-09-29, 1거래일) -1.14% · 예측 중앙 218,784원 -0.10% · 오차 +1.06%(절대 오차율 1.06%, 허용 1.5%)"",""방향: 예측 하락(48%) · 실제 하락 → 정답 · 80% 띠 담김(폭 5.6%)"",""실제값 정정 이력 3건"",""실제 종가 관측 시각 2026-09-29T09:54:42.000Z(16:00 KST 이후 · 지연 관측)""]","[""선택 모형의 기대 누적 0.00% = 절편 0.00% + 자기 추세 0.00% + 52종목 폭·평균 0.00% · 실제 -1.14%""]",[],"[""수급(외국인·기관·개인)·심리·과열·영향 시차·요인 중복·가중치는 이 셀에서 검증 자료 없음(실험 기록·시간순 검증에서만 판단)""]",[],"{""luckySuspect"":false,""reasonableProcess"":false,""luckyNote"":null,""reasonableNote"":null}","{""confirmedFacts"":[""출발가 219,000원(2026-09-28) → 실제 216,500원(2026-09-29, 1거래일) -1.14% · 예측 중앙 218,784원 -0.10% · 오차 +1.06%(절대 오차율 1.06%, 허용 1.5%)"",""방향: 예측 하락(48%) · 실제 하락 → 정답 · 80% 띠 담김(폭 5.6%)"",""실제값 정정 이력 3건"",""실제 종가 관측 시각 2026-09-29T09:54:42.000Z(16:00 KST 이후 · 지연 관측)""],""modelInternal"":[""선택 모형의 기대 누적 0.00% = 절편 0.00% + 자기 추세 0.00% + 52종목 폭·평균 0.00% · 실제 -1.14%""],""causeHypotheses"":[],""unverified"":[""수급(외국인·기관·개인)·심리·과열·영향 시차·요인 중복·가중치는 이 셀에서 검증 자료 없음(실험 기록·시간순 검증에서만 판단)""]}"
analysis-39f03c75ccbe75e6,analysis,2026-09-29,2026-09-29T09:54:42Z,,,"{""forecastId"":""2026-09-28-rolling20-13cd892134e517b4"",""modelVersion"":""atlas-rolling20-A""}",live,,,,,,,,,,,,,,086280,현대글로비스,auto,2026-09-28-rolling20-13cd892134e517b4,atlas-rolling20-A,2026-09-28,2026-09-29,1,1,방향·크기 모두 맞음,true,true,true,1.0046451670693601,"{""realizedLog"":-0.011619226451997559,""predictedLog"":-0.0016229049032556976,""errorLog"":0.009996321548741862,""basketCumLog"":null,""beta"":1.0312,""marketPartLog"":null,""residualPartLog"":null,""marketShare"":null,""unexplainedShare"":null}","[""출발가 199,100원(2026-09-28) → 실제 196,800원(2026-09-29, 1거래일) -1.16% · 예측 중앙 198,777원 -0.16% · 오차 +1.00%(절대 오차율 1.00%, 허용 1.5%)"",""방향: 예측 하락(51%) · 실제 하락 → 정답 · 80% 띠 담김(폭 6.0%)"",""실제값 정정 이력 1건"",""실제 종가 관측 시각 2026-09-29T09:54:42.000Z(16:00 KST 이후 · 지연 관측)""]","[""선택 모형의 기대 누적 0.00% = 절편 0.00% + 자기 추세 0.00% + 52종목 폭·평균 0.00% · 실제 -1.16%""]",[],"[""수급(외국인·기관·개인)·심리·과열·영향 시차·요인 중복·가중치는 이 셀에서 검증 자료 없음(실험 기록·시간순 검증에서만 판단)""]",[],"{""luckySuspect"":false,""reasonableProcess"":false,""luckyNote"":null,""reasonableNote"":null}","{""confirmedFacts"":[""출발가 199,100원(2026-09-28) → 실제 196,800원(2026-09-29, 1거래일) -1.16% · 예측 중앙 198,777원 -0.16% · 오차 +1.00%(절대 오차율 1.00%, 허용 1.5%)"",""방향: 예측 하락(51%) · 실제 하락 → 정답 · 80% 띠 담김(폭 6.0%)"",""실제값 정정 이력 1건"",""실제 종가 관측 시각 2026-09-29T09:54:42.000Z(16:00 KST 이후 · 지연 관측)""],""modelInternal"":[""선택 모형의 기대 누적 0.00% = 절편 0.00% + 자기 추세 0.00% + 52종목 폭·평균 0.00% · 실제 -1.16%""],""causeHypotheses"":[],""unverified"":[""수급(외국인·기관·개인)·심리·과열·영향 시차·요인 중복·가중치는 이 셀에서 검증 자료 없음(실험 기록·시간순 검증에서만 판단)""]}"
analysis-43200545f07a3eb6,analysis,2026-09-29,2026-09-29T09:54:42Z,,,"{""forecastId"":""2026-09-28-rolling20-13cd892134e517b4"",""modelVersion"":""atlas-rolling20-A""}",live,,,,,,,,,,,,,,278470,에이피알,cons,2026-09-28-rolling20-13cd892134e517b4,atlas-rolling20-A,2026-09-28,2026-09-29,1,2,방향 맞고 크기 틀림,true,false,true,1.8980671866050114,"{""realizedLog"":-0.019178670030571943,""predictedLog"":-0.00037588371663552786,""errorLog"":0.018802786313936413,""basketCumLog"":null,""beta"":0.9172,""marketPartLog"":null,""residualPartLog"":null,""marketShare"":null,""unexplainedShare"":null}","[""출발가 368,500원(2026-09-28) → 실제 361,500원(2026-09-29, 1거래일) -1.90% · 예측 중앙 368,362원 -0.04% · 오차 +1.90%(절대 오차율 1.90%, 허용 1.5%)"",""방향: 예측 하락(49%) · 실제 하락 → 정답 · 80% 띠 담김(폭 9.7%)"",""실제값 정정 이력 3건"",""실제 종가 관측 시각 2026-09-29T09:54:42.000Z(16:00 KST 이후 · 지연 관측)""]","[""선택 모형의 기대 누적 0.00% = 절편 0.00% + 자기 추세 0.00% + 52종목 폭·평균 0.00% · 실제 -1.90%""]","[{""category"":""자료 오류"",""evidence"":""실제값 정정 3건"",""counterEvidence"":""정정 뒤 값으로 채점됨"",""strength"":""약""}]","[""수급(외국인·기관·개인)·심리·과열·영향 시차·요인 중복·가중치는 이 셀에서 검증 자료 없음(실험 기록·시간순 검증에서만 판단)""]","[""자료 오류""]","{""luckySuspect"":false,""reasonableProcess"":false,""luckyNote"":null,""reasonableNote"":null}","{""confirmedFacts"":[""출발가 368,500원(2026-09-28) → 실제 361,500원(2026-09-29, 1거래일) -1.90% · 예측 중앙 368,362원 -0.04% · 오차 +1.90%(절대 오차율 1.90%, 허용 1.5%)"",""방향: 예측 하락(49%) · 실제 하락 → 정답 · 80% 띠 담김(폭 9.7%)"",""실제값 정정 이력 3건"",""실제 종가 관측 시각 2026-09-29T09:54:42.000Z(16:00 KST 이후 · 지연 관측)""],""modelInternal"":[""선택 모형의 기대 누적 0.00% = 절편 0.00% + 자기 추세 0.00% + 52종목 폭·평균 0.00% · 실제 -1.90%""],""causeHypotheses"":[""자료 오류""],""unverified"":[""수급(외국인·기관·개인)·심리·과열·영향 시차·요인 중복·가중치는 이 셀에서 검증 자료 없음(실험 기록·시간순 검증에서만 판단)""]}"
analysis-1a6f70052abb6824,analysis,2026-09-29,2026-09-29T09:54:42Z,,,"{""forecastId"":""2026-09-28-rolling20-13cd892134e517b4"",""modelVersion"":""atlas-rolling20-A""}",live,,,,,,,,,,,,,,003490,대한항공,auto,2026-09-28-rolling20-13cd892134e517b4,atlas-rolling20-A,2026-09-28,2026-09-29,1,1,방향·크기 모두 맞음,true,true,true,0.39249691284605465,"{""realizedLog"":-0.0095087879690273,""predictedLog"":-0.005591501435825039,""errorLog"":0.003917286533202262,""basketCumLog"":null,""beta"":0.8628,""marketPartLog"":null,""residualPartLog"":null,""marketShare"":null,""unexplainedShare"":null}","[""출발가 31,700원(2026-09-28) → 실제 31,400원(2026-09-29, 1거래일) -0.95% · 예측 중앙 31,523원 -0.56% · 오차 +0.39%(절대 오차율 0.39%, 허용 1.5%)"",""방향: 예측 하락(58%) · 실제 하락 → 정답 · 80% 띠 담김(폭 6.0%)"",""실제값 정정 이력 1건"",""실제 종가 관측 시각 2026-09-29T09:54:42.000Z(16:00 KST 이후 · 지연 관측)""]","[""선택 모형의 기대 누적 -0.27% = 절편 +0.04% + 자기 추세 -0.35% + 52종목 폭·평균 +0.04% · 실제 -0.95%"",""실제 방향과 반대로 기여한 항: F11 (모형 내부 설명 · 인과 아님)""]",[],"[""수급(외국인·기관·개인)·심리·과열·영향 시차·요인 중복·가중치는 이 셀에서 검증 자료 없음(실험 기록·시간순 검증에서만 판단)""]",[],"{""luckySuspect"":false,""reasonableProcess"":false,""luckyNote"":null,""reasonableNote"":null}","{""confirmedFacts"":[""출발가 31,700원(2026-09-28) → 실제 31,400원(2026-09-29, 1거래일) -0.95% · 예측 중앙 31,523원 -0.56% · 오차 +0.39%(절대 오차율 0.39%, 허용 1.5%)"",""방향: 예측 하락(58%) · 실제 하락 → 정답 · 80% 띠 담김(폭 6.0%)"",""실제값 정정 이력 1건"",""실제 종가 관측 시각 2026-09-29T09:54:42.000Z(16:00 KST 이후 · 지연 관측)""],""modelInternal"":[""선택 모형의 기대 누적 -0.27% = 절편 +0.04% + 자기 추세 -0.35% + 52종목 폭·평균 +0.04% · 실제 -0.95%"",""실제 방향과 반대로 기여한 항: F11 (모형 내부 설명 · 인과 아님)""],""causeHypotheses"":[],""unverified"":[""수급(외국인·기관·개인)·심리·과열·영향 시차·요인 중복·가중치는 이 셀에서 검증 자료 없음(실험 기록·시간순 검증에서만 판단)""]}"
analysis-c81bfc4caac2dddb,analysis,2026-09-29,2026-09-29T09:54:42Z,,,"{""forecastId"":""2026-09-28-rolling20-13cd892134e517b4"",""modelVersion"":""atlas-rolling20-A""}",live,,,,,,,,,,,,,,003230,삼양식품,cons,2026-09-28-rolling20-13cd892134e517b4,atlas-rolling20-A,2026-09-28,2026-09-29,1,3,크기 허용·방향 틀림,false,true,true,0.8963132785398469,"{""realizedLog"":0.0049261183360557815,""predictedLog"":-0.00407742497517411,""errorLog"":-0.009003543311229892,""basketCumLog"":null,""beta"":0.6817,""marketPartLog"":null,""residualPartLog"":null,""marketShare"":null,""unexplainedShare"":null}","[""출발가 1,215,000원(2026-09-28) → 실제 1,221,000원(2026-09-29, 1거래일) +0.49% · 예측 중앙 1,210,056원 -0.41% · 오차 -0.90%(절대 오차율 0.90%, 허용 1.5%)"",""방향: 예측 하락(54%) · 실제 상승 → 오답 · 80% 띠 담김(폭 7.4%)"",""실제값 정정 이력 4건"",""실제 종가 관측 시각 2026-09-29T09:54:42.000Z(16:00 KST 이후 · 지연 관측)""]","[""선택 모형의 기대 누적 0.00% = 절편 0.00% + 자기 추세 0.00% + 52종목 폭·평균 0.00% · 실제 +0.49%""]","[{""category"":""자료 오류"",""evidence"":""실제값 정정 4건"",""counterEvidence"":""정정 뒤 값으로 채점됨"",""strength"":""약""}]","[""수급(외국인·기관·개인)·심리·과열·영향 시차·요인 중복·가중치는 이 셀에서 검증 자료 없음(실험 기록·시간순 검증에서만 판단)""]","[""자료 오류""]","{""luckySuspect"":false,""reasonableProcess"":true,""luckyNote"":null,""reasonableNote"":""방향은 틀렸지만 실제값이 모형 80% 띠 안 → 판단 과정은 분포 안""}","{""confirmedFacts"":[""출발가 1,215,000원(2026-09-28) → 실제 1,221,000원(2026-09-29, 1거래일) +0.49% · 예측 중앙 1,210,056원 -0.41% · 오차 -0.90%(절대 오차율 0.90%, 허용 1.5%)"",""방향: 예측 하락(54%) · 실제 상승 → 오답 · 80% 띠 담김(폭 7.4%)"",""실제값 정정 이력 4건"",""실제 종가 관측 시각 2026-09-29T09:54:42.000Z(16:00 KST 이후 · 지연 관측)""],""modelInternal"":[""선택 모형의 기대 누적 0.00% = 절편 0.00% + 자기 추세 0.00% + 52종목 폭·평균 0.00% · 실제 +0.49%""],""causeHypotheses"":[""자료 오류""],""unverified"":[""수급(외국인·기관·개인)·심리·과열·영향 시차·요인 중복·가중치는 이 셀에서 검증 자료 없음(실험 기록·시간순 검증에서만 판단)""]}"
analysis-e91999b43061c74e,analysis,2026-09-29,2026-09-29T09:54:42Z,,,"{""forecastId"":""2026-09-28-rolling20-13cd892134e517b4"",""modelVersion"":""atlas-rolling20-A""}",live,,,,,,,,,,,,,,259960,크래프톤,net,2026-09-28-rolling20-13cd892134e517b4,atlas-rolling20-A,2026-09-28,2026-09-29,1,2,방향 맞고 크기 틀림,true,false,true,2.0992140685935134,"{""realizedLog"":-0.021516967224633553,""predictedLog"":-0.0007421257348711653,""errorLog"":0.02077484148976239,""basketCumLog"":null,""beta"":0.6022,""marketPartLog"":null,""residualPartLog"":null,""marketShare"":null,""unexplainedShare"":null}","[""출발가 202,000원(2026-09-28) → 실제 197,700원(2026-09-29, 1거래일) -2.13% · 예측 중앙 201,850원 -0.07% · 오차 +2.10%(절대 오차율 2.10%, 허용 1.5%)"",""방향: 예측 하락(50%) · 실제 하락 → 정답 · 80% 띠 담김(폭 5.0%)"",""실제값 정정 이력 3건"",""실제 종가 관측 시각 2026-09-29T09:54:42.000Z(16:00 KST 이후 · 지연 관측)""]","[""선택 모형의 기대 누적 -0.07% = 절편 -0.06% + 자기 추세 +0.01% + 52종목 폭·평균 -0.01% · 실제 -2.13%"",""실제 방향과 반대로 기여한 항: F35 (모형 내부 설명 · 인과 아님)""]","[{""category"":""자료 오류"",""evidence"":""실제값 정정 3건"",""counterEvidence"":""정정 뒤 값으로 채점됨"",""strength"":""약""}]","[""수급(외국인·기관·개인)·심리·과열·영향 시차·요인 중복·가중치는 이 셀에서 검증 자료 없음(실험 기록·시간순 검증에서만 판단)""]","[""자료 오류""]","{""luckySuspect"":false,""reasonableProcess"":false,""luckyNote"":null,""reasonableNote"":null}","{""confirmedFacts"":[""출발가 202,000원(2026-09-28) → 실제 197,700원(2026-09-29, 1거래일) -2.13% · 예측 중앙 201,850원 -0.07% · 오차 +2.10%(절대 오차율 2.10%, 허용 1.5%)"",""방향: 예측 하락(50%) · 실제 하락 → 정답 · 80% 띠 담김(폭 5.0%)"",""실제값 정정 이력 3건"",""실제 종가 관측 시각 2026-09-29T09:54:42.000Z(16:00 KST 이후 · 지연 관측)""],""modelInternal"":[""선택 모형의 기대 누적 -0.07% = 절편 -0.06% + 자기 추세 +0.01% + 52종목 폭·평균 -0.01% · 실제 -2.13%"",""실제 방향과 반대로 기여한 항: F35 (모형 내부 설명 · 인과 아님)""],""causeHypotheses"":[""자료 오류""],""unverified"":[""수급(외국인·기관·개인)·심리·과열·영향 시차·요인 중복·가중치는 이 셀에서 검증 자료 없음(실험 기록·시간순 검증에서만 판단)""]}"
analysis-6b9ab8884b2ecdcd,analysis,2026-09-29,2026-09-29T09:54:42Z,,,"{""forecastId"":""2026-09-28-rolling20-13cd892134e517b4"",""modelVersion"":""atlas-rolling20-A""}",live,,,,,,,,,,,,,,352820,하이브,net,2026-09-28-rolling20-13cd892134e517b4,atlas-rolling20-A,2026-09-28,2026-09-29,1,2,방향 맞고 크기 틀림,true,false,true,1.8638619424465448,"{""realizedLog"":-0.018703787140919095,""predictedLog"":-0.00023673817130389073,""errorLog"":0.018467048969615204,""basketCumLog"":null,""beta"":0.9397,""marketPartLog"":null,""residualPartLog"":null,""marketShare"":null,""unexplainedShare"":null}","[""출발가 161,900원(2026-09-28) → 실제 158,900원(2026-09-29, 1거래일) -1.85% · 예측 중앙 161,862원 -0.02% · 오차 +1.86%(절대 오차율 1.86%, 허용 1.5%)"",""방향: 예측 하락(49%) · 실제 하락 → 정답 · 80% 띠 담김(폭 6.1%)"",""실제값 정정 이력 1건"",""실제 종가 관측 시각 2026-09-29T09:54:42.000Z(16:00 KST 이후 · 지연 관측)""]","[""선택 모형의 기대 누적 0.00% = 절편 0.00% + 자기 추세 0.00% + 52종목 폭·평균 0.00% · 실제 -1.85%""]","[{""category"":""자료 오류"",""evidence"":""실제값 정정 1건"",""counterEvidence"":""정정 뒤 값으로 채점됨"",""strength"":""약""}]","[""수급(외국인·기관·개인)·심리·과열·영향 시차·요인 중복·가중치는 이 셀에서 검증 자료 없음(실험 기록·시간순 검증에서만 판단)""]","[""자료 오류""]","{""luckySuspect"":false,""reasonableProcess"":false,""luckyNote"":null,""reasonableNote"":null}","{""confirmedFacts"":[""출발가 161,900원(2026-09-28) → 실제 158,900원(2026-09-29, 1거래일) -1.85% · 예측 중앙 161,862원 -0.02% · 오차 +1.86%(절대 오차율 1.86%, 허용 1.5%)"",""방향: 예측 하락(49%) · 실제 하락 → 정답 · 80% 띠 담김(폭 6.1%)"",""실제값 정정 이력 1건"",""실제 종가 관측 시각 2026-09-29T09:54:42.000Z(16:00 KST 이후 · 지연 관측)""],""modelInternal"":[""선택 모형의 기대 누적 0.00% = 절편 0.00% + 자기 추세 0.00% + 52종목 폭·평균 0.00% · 실제 -1.85%""],""causeHypotheses"":[""자료 오류""],""unverified"":[""수급(외국인·기관·개인)·심리·과열·영향 시차·요인 중복·가중치는 이 셀에서 검증 자료 없음(실험 기록·시간순 검증에서만 판단)""]}"
analysis-84eb3c7455d28aa8,analysis,2026-09-29,2026-09-29T09:54:42Z,,,"{""forecastId"":""2026-09-28-rolling20-13cd892134e517b4"",""modelVersion"":""atlas-rolling20-A""}",live,,,,,,,,,,,,,,029780,삼성카드,fin,2026-09-28-rolling20-13cd892134e517b4,atlas-rolling20-A,2026-09-28,2026-09-29,1,4,방향·크기 모두 틀림,false,false,false,1.9646036544170655,"{""realizedLog"":-0.019802627296179754,""predictedLog"":-0.0003470832223247104,""errorLog"":0.019455544073855045,""basketCumLog"":null,""beta"":0.3975,""marketPartLog"":null,""residualPartLog"":null,""marketShare"":null,""unexplainedShare"":null}","[""출발가 43,350원(2026-09-28) → 실제 42,500원(2026-09-29, 1거래일) -1.96% · 예측 중앙 43,335원 -0.03% · 오차 +1.96%(절대 오차율 1.96%, 허용 1.5%)"",""방향: 예측 상승(47%) · 실제 하락 → 오답 · 80% 띠 벗어남(폭 3.4%)"",""실제값 정정 이력 3건"",""실제 종가 관측 시각 2026-09-29T09:54:42.000Z(16:00 KST 이후 · 지연 관측)""]","[""선택 모형의 기대 누적 0.00% = 절편 0.00% + 자기 추세 0.00% + 52종목 폭·평균 0.00% · 실제 -1.96%""]","[{""category"":""변동성·범위"",""evidence"":""실제값이 80% 띠 밖(폭 3.4% · 실제 이동 -1.96%)"",""counterEvidence"":""80% 띠는 명목이며 개별 셀의 벗어남은 정상 범위일 수 있음(담김률로 판단)"",""strength"":""중""},{""category"":""자료 오류"",""evidence"":""실제값 정정 3건"",""counterEvidence"":""정정 뒤 값으로 채점됨"",""strength"":""약""}]","[""수급(외국인·기관·개인)·심리·과열·영향 시차·요인 중복·가중치는 이 셀에서 검증 자료 없음(실험 기록·시간순 검증에서만 판단)""]","[""변동성·범위"",""자료 오류""]","{""luckySuspect"":false,""reasonableProcess"":false,""luckyNote"":null,""reasonableNote"":null}","{""confirmedFacts"":[""출발가 43,350원(2026-09-28) → 실제 42,500원(2026-09-29, 1거래일) -1.96% · 예측 중앙 43,335원 -0.03% · 오차 +1.96%(절대 오차율 1.96%, 허용 1.5%)"",""방향: 예측 상승(47%) · 실제 하락 → 오답 · 80% 띠 벗어남(폭 3.4%)"",""실제값 정정 이력 3건"",""실제 종가 관측 시각 2026-09-29T09:54:42.000Z(16:00 KST 이후 · 지연 관측)""],""modelInternal"":[""선택 모형의 기대 누적 0.00% = 절편 0.00% + 자기 추세 0.00% + 52종목 폭·평균 0.00% · 실제 -1.96%""],""causeHypotheses"":[""변동성·범위"",""자료 오류""],""unverified"":[""수급(외국인·기관·개인)·심리·과열·영향 시차·요인 중복·가중치는 이 셀에서 검증 자료 없음(실험 기록·시간순 검증에서만 판단)""]}"
analysis-efbb44b9aae1073b,analysis,2026-09-29,2026-09-29T09:54:42Z,,,"{""forecastId"":""2026-09-28-rolling20-13cd892134e517b4"",""modelVersion"":""atlas-rolling20-A""}",live,,,,,,,,,,,,,,004170,신세계,cons,2026-09-28-rolling20-13cd892134e517b4,atlas-rolling20-A,2026-09-28,2026-09-29,1,2,방향 맞고 크기 틀림,true,false,true,1.5806939362459773,"{""realizedLog"":-0.01614121617938525,""predictedLog"":-0.00045790539178172505,""errorLog"":0.015683310787603523,""basketCumLog"":null,""beta"":0.9942,""marketPartLog"":null,""residualPartLog"":null,""marketShare"":null,""unexplainedShare"":null}","[""출발가 343,500원(2026-09-28) → 실제 338,000원(2026-09-29, 1거래일) -1.60% · 예측 중앙 343,343원 -0.05% · 오차 +1.58%(절대 오차율 1.58%, 허용 1.5%)"",""방향: 예측 하락(49%) · 실제 하락 → 정답 · 80% 띠 담김(폭 8.1%)"",""실제값 정정 이력 4건"",""실제 종가 관측 시각 2026-09-29T09:54:42.000Z(16:00 KST 이후 · 지연 관측)""]","[""선택 모형의 기대 누적 +0.14% = 절편 +0.12% + 자기 추세 +0.01% + 52종목 폭·평균 +0.01% · 실제 -1.60%"",""실제 방향과 반대로 기여한 항: F35, F11 (모형 내부 설명 · 인과 아님)""]","[{""category"":""자료 오류"",""evidence"":""실제값 정정 4건"",""counterEvidence"":""정정 뒤 값으로 채점됨"",""strength"":""약""}]","[""수급(외국인·기관·개인)·심리·과열·영향 시차·요인 중복·가중치는 이 셀에서 검증 자료 없음(실험 기록·시간순 검증에서만 판단)""]","[""자료 오류""]","{""luckySuspect"":false,""reasonableProcess"":false,""luckyNote"":null,""reasonableNote"":null}","{""confirmedFacts"":[""출발가 343,500원(2026-09-28) → 실제 338,000원(2026-09-29, 1거래일) -1.60% · 예측 중앙 343,343원 -0.05% · 오차 +1.58%(절대 오차율 1.58%, 허용 1.5%)"",""방향: 예측 하락(49%) · 실제 하락 → 정답 · 80% 띠 담김(폭 8.1%)"",""실제값 정정 이력 4건"",""실제 종가 관측 시각 2026-09-29T09:54:42.000Z(16:00 KST 이후 · 지연 관측)""],""modelInternal"":[""선택 모형의 기대 누적 +0.14% = 절편 +0.12% + 자기 추세 +0.01% + 52종목 폭·평균 +0.01% · 실제 -1.60%"",""실제 방향과 반대로 기여한 항: F35, F11 (모형 내부 설명 · 인과 아님)""],""causeHypotheses"":[""자료 오류""],""unverified"":[""수급(외국인·기관·개인)·심리·과열·영향 시차·요인 중복·가중치는 이 셀에서 검증 자료 없음(실험 기록·시간순 검증에서만 판단)""]}"
analysis-a649210d8bb6164b,analysis,2026-09-29,2026-09-29T09:54:42Z,,,"{""forecastId"":""2026-09-28-rolling20-13cd892134e517b4"",""modelVersion"":""atlas-rolling20-A""}",live,,,,,,,,,,,,,,012750,에스원,util,2026-09-28-rolling20-13cd892134e517b4,atlas-rolling20-A,2026-09-28,2026-09-29,1,1,방향·크기 모두 맞음,true,true,true,0.7478260793164844,"{""realizedLog"":-0.00722894714315143,""predictedLog"":0.0002214900862432742,""errorLog"":0.0074504372293947045,""basketCumLog"":null,""beta"":0.3469,""marketPartLog"":null,""residualPartLog"":null,""marketShare"":null,""unexplainedShare"":null}","[""출발가 83,300원(2026-09-28) → 실제 82,700원(2026-09-29, 1거래일) -0.72% · 예측 중앙 83,318원 +0.02% · 오차 +0.75%(절대 오차율 0.75%, 허용 1.5%)"",""방향: 예측 하락(48%) · 실제 하락 → 정답 · 80% 띠 담김(폭 5.1%)"",""실제값 정정 이력 3건"",""실제 종가 관측 시각 2026-09-29T09:54:42.000Z(16:00 KST 이후 · 지연 관측)""]","[""선택 모형의 기대 누적 0.00% = 절편 0.00% + 자기 추세 0.00% + 52종목 폭·평균 0.00% · 실제 -0.72%""]",[],"[""수급(외국인·기관·개인)·심리·과열·영향 시차·요인 중복·가중치는 이 셀에서 검증 자료 없음(실험 기록·시간순 검증에서만 판단)""]",[],"{""luckySuspect"":false,""reasonableProcess"":false,""luckyNote"":null,""reasonableNote"":null}","{""confirmedFacts"":[""출발가 83,300원(2026-09-28) → 실제 82,700원(2026-09-29, 1거래일) -0.72% · 예측 중앙 83,318원 +0.02% · 오차 +0.75%(절대 오차율 0.75%, 허용 1.5%)"",""방향: 예측 하락(48%) · 실제 하락 → 정답 · 80% 띠 담김(폭 5.1%)"",""실제값 정정 이력 3건"",""실제 종가 관측 시각 2026-09-29T09:54:42.000Z(16:00 KST 이후 · 지연 관측)""],""modelInternal"":[""선택 모형의 기대 누적 0.00% = 절편 0.00% + 자기 추세 0.00% + 52종목 폭·평균 0.00% · 실제 -0.72%""],""causeHypotheses"":[],""unverified"":[""수급(외국인·기관·개인)·심리·과열·영향 시차·요인 중복·가중치는 이 셀에서 검증 자료 없음(실험 기록·시간순 검증에서만 판단)""]}"
analysis-1f735967466b8e55,analysis,2026-09-29,2026-09-29T09:54:42Z,,,"{""forecastId"":""2026-09-28-rolling20-13cd892134e517b4"",""modelVersion"":""atlas-rolling20-A""}",live,,,,,,,,,,,,,,111770,영원무역,cons,2026-09-28-rolling20-13cd892134e517b4,atlas-rolling20-A,2026-09-28,2026-09-29,1,1,방향·크기 모두 맞음,true,true,true,1.3519680604058728,"{""realizedLog"":-0.014104606181541935,""predictedLog"":-0.0006755010052427328,""errorLog"":0.013429105176299201,""basketCumLog"":null,""beta"":0.5629,""marketPartLog"":null,""residualPartLog"":null,""marketShare"":null,""unexplainedShare"":null}","[""출발가 71,400원(2026-09-28) → 실제 70,400원(2026-09-29, 1거래일) -1.40% · 예측 중앙 71,352원 -0.07% · 오차 +1.35%(절대 오차율 1.35%, 허용 1.5%)"",""방향: 예측 하락(49%) · 실제 하락 → 정답 · 80% 띠 담김(폭 5.3%)"",""실제값 정정 이력 4건"",""실제 종가 관측 시각 2026-09-29T09:54:42.000Z(16:00 KST 이후 · 지연 관측)""]","[""선택 모형의 기대 누적 -0.06% = 절편 +0.08% + 자기 추세 -0.22% + 52종목 폭·평균 +0.08% · 실제 -1.40%"",""실제 방향과 반대로 기여한 항: F11 (모형 내부 설명 · 인과 아님)""]",[],"[""수급(외국인·기관·개인)·심리·과열·영향 시차·요인 중복·가중치는 이 셀에서 검증 자료 없음(실험 기록·시간순 검증에서만 판단)""]",[],"{""luckySuspect"":false,""reasonableProcess"":false,""luckyNote"":null,""reasonableNote"":null}","{""confirmedFacts"":[""출발가 71,400원(2026-09-28) → 실제 70,400원(2026-09-29, 1거래일) -1.40% · 예측 중앙 71,352원 -0.07% · 오차 +1.35%(절대 오차율 1.35%, 허용 1.5%)"",""방향: 예측 하락(49%) · 실제 하락 → 정답 · 80% 띠 담김(폭 5.3%)"",""실제값 정정 이력 4건"",""실제 종가 관측 시각 2026-09-29T09:54:42.000Z(16:00 KST 이후 · 지연 관측)""],""modelInternal"":[""선택 모형의 기대 누적 -0.06% = 절편 +0.08% + 자기 추세 -0.22% + 52종목 폭·평균 +0.08% · 실제 -1.40%"",""실제 방향과 반대로 기여한 항: F11 (모형 내부 설명 · 인과 아님)""],""causeHypotheses"":[],""unverified"":[""수급(외국인·기관·개인)·심리·과열·영향 시차·요인 중복·가중치는 이 셀에서 검증 자료 없음(실험 기록·시간순 검증에서만 판단)""]}"
analysis-ce02e87d477a7fe9,analysis,2026-09-29,2026-09-29T09:54:42Z,,,"{""forecastId"":""2026-09-28-rolling20-13cd892134e517b4"",""modelVersion"":""atlas-rolling20-A""}",live,,,,,,,,,,,,,,035250,강원랜드,cons,2026-09-28-rolling20-13cd892134e517b4,atlas-rolling20-A,2026-09-28,2026-09-29,1,3,크기 허용·방향 틀림,false,true,true,0.6570506179164783,"{""realizedLog"":-0.006247850938363027,""predictedLog"":0.00030116355454857423,""errorLog"":0.006549014492911601,""basketCumLog"":null,""beta"":0.3952,""marketPartLog"":null,""residualPartLog"":null,""marketShare"":null,""unexplainedShare"":null}","[""출발가 14,450원(2026-09-28) → 실제 14,360원(2026-09-29, 1거래일) -0.62% · 예측 중앙 14,454원 +0.03% · 오차 +0.66%(절대 오차율 0.66%, 허용 1.5%)"",""방향: 예측 상승(48%) · 실제 하락 → 오답 · 80% 띠 담김(폭 2.7%)"",""실제값 정정 이력 3건"",""실제 종가 관측 시각 2026-09-29T09:54:42.000Z(16:00 KST 이후 · 지연 관측)""]","[""선택 모형의 기대 누적 +0.03% = 절편 -0.00% + 자기 추세 -0.05% + 52종목 폭·평균 +0.08% · 실제 -0.62%"",""실제 방향과 반대로 기여한 항: F11 (모형 내부 설명 · 인과 아님)""]","[{""category"":""자료 오류"",""evidence"":""실제값 정정 3건"",""counterEvidence"":""정정 뒤 값으로 채점됨"",""strength"":""약""}]","[""수급(외국인·기관·개인)·심리·과열·영향 시차·요인 중복·가중치는 이 셀에서 검증 자료 없음(실험 기록·시간순 검증에서만 판단)""]","[""자료 오류""]","{""luckySuspect"":false,""reasonableProcess"":true,""luckyNote"":null,""reasonableNote"":""방향은 틀렸지만 실제값이 모형 80% 띠 안 → 판단 과정은 분포 안""}","{""confirmedFacts"":[""출발가 14,450원(2026-09-28) → 실제 14,360원(2026-09-29, 1거래일) -0.62% · 예측 중앙 14,454원 +0.03% · 오차 +0.66%(절대 오차율 0.66%, 허용 1.5%)"",""방향: 예측 상승(48%) · 실제 하락 → 오답 · 80% 띠 담김(폭 2.7%)"",""실제값 정정 이력 3건"",""실제 종가 관측 시각 2026-09-29T09:54:42.000Z(16:00 KST 이후 · 지연 관측)""],""modelInternal"":[""선택 모형의 기대 누적 +0.03% = 절편 -0.00% + 자기 추세 -0.05% + 52종목 폭·평균 +0.08% · 실제 -0.62%"",""실제 방향과 반대로 기여한 항: F11 (모형 내부 설명 · 인과 아님)""],""causeHypotheses"":[""자료 오류""],""unverified"":[""수급(외국인·기관·개인)·심리·과열·영향 시차·요인 중복·가중치는 이 셀에서 검증 자료 없음(실험 기록·시간순 검증에서만 판단)""]}"
analysis-1c775710ef75b530,analysis,2026-09-29,2026-09-29T09:54:42Z,,,"{""forecastId"":""2026-09-28-rolling20-13cd892134e517b4"",""modelVersion"":""atlas-rolling20-A""}",live,,,,,,,,,,,,,,214370,케어젠,bio,2026-09-28-rolling20-13cd892134e517b4,atlas-rolling20-A,2026-09-28,2026-09-29,1,4,방향·크기 모두 틀림,false,false,true,4.576595059795885,"{""realizedLog"":0.04313669388815919,""predictedLog"":-0.003709608932374687,""errorLog"":-0.046846302820533876,""basketCumLog"":null,""beta"":1.258,""marketPartLog"":null,""residualPartLog"":null,""marketShare"":null,""unexplainedShare"":null}","[""출발가 39,700원(2026-09-28) → 실제 41,450원(2026-09-29, 1거래일) +4.41% · 예측 중앙 39,553원 -0.37% · 오차 -4.58%(절대 오차율 4.58%, 허용 1.5%)"",""방향: 예측 하락(54%) · 실제 상승 → 오답 · 80% 띠 담김(폭 9.2%)"",""실제값 정정 이력 1건"",""실제 종가 관측 시각 2026-09-29T09:54:42.000Z(16:00 KST 이후 · 지연 관측)""]","[""선택 모형의 기대 누적 0.00% = 절편 0.00% + 자기 추세 0.00% + 52종목 폭·평균 0.00% · 실제 +4.41%""]","[{""category"":""자료 오류"",""evidence"":""실제값 정정 1건"",""counterEvidence"":""정정 뒤 값으로 채점됨"",""strength"":""약""}]","[""수급(외국인·기관·개인)·심리·과열·영향 시차·요인 중복·가중치는 이 셀에서 검증 자료 없음(실험 기록·시간순 검증에서만 판단)""]","[""자료 오류""]","{""luckySuspect"":false,""reasonableProcess"":true,""luckyNote"":null,""reasonableNote"":""방향은 틀렸지만 실제값이 모형 80% 띠 안 → 판단 과정은 분포 안""}","{""confirmedFacts"":[""출발가 39,700원(2026-09-28) → 실제 41,450원(2026-09-29, 1거래일) +4.41% · 예측 중앙 39,553원 -0.37% · 오차 -4.58%(절대 오차율 4.58%, 허용 1.5%)"",""방향: 예측 하락(54%) · 실제 상승 → 오답 · 80% 띠 담김(폭 9.2%)"",""실제값 정정 이력 1건"",""실제 종가 관측 시각 2026-09-29T09:54:42.000Z(16:00 KST 이후 · 지연 관측)""],""modelInternal"":[""선택 모형의 기대 누적 0.00% = 절편 0.00% + 자기 추세 0.00% + 52종목 폭·평균 0.00% · 실제 +4.41%""],""causeHypotheses"":[""자료 오류""],""unverified"":[""수급(외국인·기관·개인)·심리·과열·영향 시차·요인 중복·가중치는 이 셀에서 검증 자료 없음(실험 기록·시간순 검증에서만 판단)""]}"
analysis-876a48f4b6f4b63a,analysis,2026-09-29,2026-09-29T09:54:42Z,,,"{""forecastId"":""2026-09-28-rolling20-13cd892134e517b4"",""modelVersion"":""atlas-rolling20-A""}",live,,,,,,,,,,,,,,030000,제일기획,net,2026-09-28-rolling20-13cd892134e517b4,atlas-rolling20-A,2026-09-28,2026-09-29,1,1,방향·크기 모두 맞음,true,true,true,0.07811830787595712,"{""realizedLog"":0.0011223345734787044,""predictedLog"":0.00034084621221981194,""errorLog"":-0.0007814883612588925,""basketCumLog"":null,""beta"":0.3386,""marketPartLog"":null,""residualPartLog"":null,""marketShare"":null,""unexplainedShare"":null}","[""출발가 17,810원(2026-09-28) → 실제 17,830원(2026-09-29, 1거래일) +0.11% · 예측 중앙 17,816원 +0.03% · 오차 -0.08%(절대 오차율 0.08%, 허용 1.5%)"",""방향: 예측 상승(48%) · 실제 상승 → 정답 · 80% 띠 담김(폭 3.2%)"",""실제값 정정 이력 3건"",""실제 종가 관측 시각 2026-09-29T09:54:42.000Z(16:00 KST 이후 · 지연 관측)""]","[""선택 모형의 기대 누적 0.00% = 절편 0.00% + 자기 추세 0.00% + 52종목 폭·평균 0.00% · 실제 +0.11%""]",[],"[""수급(외국인·기관·개인)·심리·과열·영향 시차·요인 중복·가중치는 이 셀에서 검증 자료 없음(실험 기록·시간순 검증에서만 판단)""]",[],"{""luckySuspect"":false,""reasonableProcess"":false,""luckyNote"":null,""reasonableNote"":null}","{""confirmedFacts"":[""출발가 17,810원(2026-09-28) → 실제 17,830원(2026-09-29, 1거래일) +0.11% · 예측 중앙 17,816원 +0.03% · 오차 -0.08%(절대 오차율 0.08%, 허용 1.5%)"",""방향: 예측 상승(48%) · 실제 상승 → 정답 · 80% 띠 담김(폭 3.2%)"",""실제값 정정 이력 3건"",""실제 종가 관측 시각 2026-09-29T09:54:42.000Z(16:00 KST 이후 · 지연 관측)""],""modelInternal"":[""선택 모형의 기대 누적 0.00% = 절편 0.00% + 자기 추세 0.00% + 52종목 폭·평균 0.00% · 실제 +0.11%""],""causeHypotheses"":[],""unverified"":[""수급(외국인·기관·개인)·심리·과열·영향 시차·요인 중복·가중치는 이 셀에서 검증 자료 없음(실험 기록·시간순 검증에서만 판단)""]}"
analysis-a816e7d75e1a7418,analysis,2026-09-29,2026-09-29T09:54:42Z,,,"{""forecastId"":""2026-09-28-atlas11-90616c6bc916e8d6"",""modelVersion"":""atlas11-A-1""}",live,,,,,,,,,,,,,,373220,LG에너지솔루션,chem,2026-09-28-atlas11-90616c6bc916e8d6,atlas11-A-1,2026-09-28,2026-09-29,1,2,방향 맞고 크기 틀림,true,false,true,3.0848680527437224,"{""realizedLog"":-0.030685810703443898,""predictedLog"":-0.00030338605484779655,""errorLog"":0.030382424648596102,""basketCumLog"":null,""beta"":1.0327,""marketPartLog"":null,""residualPartLog"":null,""marketShare"":null,""unexplainedShare"":null}","[""출발가 364,000원(2026-09-28) → 실제 353,000원(2026-09-29, 1거래일) -3.02% · 예측 중앙 363,890원 -0.03% · 오차 +3.08%(절대 오차율 3.08%, 허용 1.5%)"",""방향: 예측 하락(49%) · 실제 하락 → 정답 · 80% 띠 담김(폭 7.6%)"",""실제값 정정 이력 2건"",""실제 종가 관측 시각 2026-09-29T09:54:42.000Z(16:00 KST 이후 · 지연 관측)""]","[""선택 모형의 기대 누적 0.00% = 절편 0.00% + 자기 추세 0.00% + 52종목 폭·평균 0.00% · 실제 -3.02%""]","[{""category"":""자료 오류"",""evidence"":""실제값 정정 2건"",""counterEvidence"":""정정 뒤 값으로 채점됨"",""strength"":""약""}]","[""수급(외국인·기관·개인)·심리·과열·영향 시차·요인 중복·가중치는 이 셀에서 검증 자료 없음(실험 기록·시간순 검증에서만 판단)""]","[""자료 오류""]","{""luckySuspect"":false,""reasonableProcess"":false,""luckyNote"":null,""reasonableNote"":null}","{""confirmedFacts"":[""출발가 364,000원(2026-09-28) → 실제 353,000원(2026-09-29, 1거래일) -3.02% · 예측 중앙 363,890원 -0.03% · 오차 +3.08%(절대 오차율 3.08%, 허용 1.5%)"",""방향: 예측 하락(49%) · 실제 하락 → 정답 · 80% 띠 담김(폭 7.6%)"",""실제값 정정 이력 2건"",""실제 종가 관측 시각 2026-09-29T09:54:42.000Z(16:00 KST 이후 · 지연 관측)""],""modelInternal"":[""선택 모형의 기대 누적 0.00% = 절편 0.00% + 자기 추세 0.00% + 52종목 폭·평균 0.00% · 실제 -3.02%""],""causeHypotheses"":[""자료 오류""],""unverified"":[""수급(외국인·기관·개인)·심리·과열·영향 시차·요인 중복·가중치는 이 셀에서 검증 자료 없음(실험 기록·시간순 검증에서만 판단)""]}"
analysis-543412017b93c096,analysis,2026-09-29,2026-09-29T09:54:42Z,,,"{""forecastId"":""2026-09-28-atlas11-90616c6bc916e8d6"",""modelVersion"":""atlas11-A-1""}",live,,,,,,,,,,,,,,207940,삼성바이오로직스,bio,2026-09-28-atlas11-90616c6bc916e8d6,atlas11-A-1,2026-09-28,2026-09-29,1,1,방향·크기 모두 맞음,true,true,true,1.4480721738174105,"{""realizedLog"":-0.014388737452099556,""predictedLog"":-0.000011860071273032298,""errorLog"":0.014376877380826525,""basketCumLog"":null,""beta"":0.6242,""marketPartLog"":null,""residualPartLog"":null,""marketShare"":null,""unexplainedShare"":null}","[""출발가 1,400,000원(2026-09-28) → 실제 1,380,000원(2026-09-29, 1거래일) -1.43% · 예측 중앙 1,399,983원 -0.00% · 오차 +1.45%(절대 오차율 1.45%, 허용 1.5%)"",""방향: 예측 하락(47%) · 실제 하락 → 정답 · 80% 띠 담김(폭 4.7%)"",""기간 안 확인된 일정 1건(기업 1 · 중요 1): 삼성바이오로직스 기업설명회 · 코리아 프리미엄 위크 — 수치 영향은 미산출"",""실제값 정정 이력 2건"",""실제 종가 관측 시각 2026-09-29T09:54:42.000Z(16:00 KST 이후 · 지연 관측)""]","[""선택 모형의 기대 누적 0.00% = 절편 0.00% + 자기 추세 0.00% + 52종목 폭·평균 0.00% · 실제 -1.43%""]",[],"[""수급(외국인·기관·개인)·심리·과열·영향 시차·요인 중복·가중치는 이 셀에서 검증 자료 없음(실험 기록·시간순 검증에서만 판단)""]",[],"{""luckySuspect"":false,""reasonableProcess"":false,""luckyNote"":null,""reasonableNote"":null}","{""confirmedFacts"":[""출발가 1,400,000원(2026-09-28) → 실제 1,380,000원(2026-09-29, 1거래일) -1.43% · 예측 중앙 1,399,983원 -0.00% · 오차 +1.45%(절대 오차율 1.45%, 허용 1.5%)"",""방향: 예측 하락(47%) · 실제 하락 → 정답 · 80% 띠 담김(폭 4.7%)"",""기간 안 확인된 일정 1건(기업 1 · 중요 1): 삼성바이오로직스 기업설명회 · 코리아 프리미엄 위크 — 수치 영향은 미산출"",""실제값 정정 이력 2건"",""실제 종가 관측 시각 2026-09-29T09:54:42.000Z(16:00 KST 이후 · 지연 관측)""],""modelInternal"":[""선택 모형의 기대 누적 0.00% = 절편 0.00% + 자기 추세 0.00% + 52종목 폭·평균 0.00% · 실제 -1.43%""],""causeHypotheses"":[],""unverified"":[""수급(외국인·기관·개인)·심리·과열·영향 시차·요인 중복·가중치는 이 셀에서 검증 자료 없음(실험 기록·시간순 검증에서만 판단)""]}"
analysis-ab8e782349560f53,analysis,2026-09-29,2026-09-29T09:54:42Z,,,"{""forecastId"":""2026-09-28-atlas11-90616c6bc916e8d6"",""modelVersion"":""atlas11-A-1""}",live,,,,,,,,,,,,,,105560,KB금융,fin,2026-09-28-atlas11-90616c6bc916e8d6,atlas11-A-1,2026-09-28,2026-09-29,1,3,크기 허용·방향 틀림,false,true,true,1.0350658352822384,"{""realizedLog"":-0.008648079265769503,""predictedLog"":0.0016493778200589975,""errorLog"":0.0102974570858285,""basketCumLog"":null,""beta"":0.7869,""marketPartLog"":null,""residualPartLog"":null,""marketShare"":null,""unexplainedShare"":null}","[""출발가 174,200원(2026-09-28) → 실제 172,700원(2026-09-29, 1거래일) -0.86% · 예측 중앙 174,488원 +0.17% · 오차 +1.04%(절대 오차율 1.04%, 허용 1.5%)"",""방향: 예측 상승(52%) · 실제 하락 → 오답 · 80% 띠 담김(폭 4.7%)"",""실제값 정정 이력 2건"",""실제 종가 관측 시각 2026-09-29T09:54:42.000Z(16:00 KST 이후 · 지연 관측)""]","[""선택 모형의 기대 누적 +0.19% = 절편 +0.09% + 자기 추세 +0.02% + 52종목 폭·평균 +0.07% · 실제 -0.86%"",""실제 방향과 반대로 기여한 항: F35, F11 (모형 내부 설명 · 인과 아님)""]","[{""category"":""자료 오류"",""evidence"":""실제값 정정 2건"",""counterEvidence"":""정정 뒤 값으로 채점됨"",""strength"":""약""}]","[""수급(외국인·기관·개인)·심리·과열·영향 시차·요인 중복·가중치는 이 셀에서 검증 자료 없음(실험 기록·시간순 검증에서만 판단)""]","[""자료 오류""]","{""luckySuspect"":false,""reasonableProcess"":true,""luckyNote"":null,""reasonableNote"":""방향은 틀렸지만 실제값이 모형 80% 띠 안 → 판단 과정은 분포 안""}","{""confirmedFacts"":[""출발가 174,200원(2026-09-28) → 실제 172,700원(2026-09-29, 1거래일) -0.86% · 예측 중앙 174,488원 +0.17% · 오차 +1.04%(절대 오차율 1.04%, 허용 1.5%)"",""방향: 예측 상승(52%) · 실제 하락 → 오답 · 80% 띠 담김(폭 4.7%)"",""실제값 정정 이력 2건"",""실제 종가 관측 시각 2026-09-29T09:54:42.000Z(16:00 KST 이후 · 지연 관측)""],""modelInternal"":[""선택 모형의 기대 누적 +0.19% = 절편 +0.09% + 자기 추세 +0.02% + 52종목 폭·평균 +0.07% · 실제 -0.86%"",""실제 방향과 반대로 기여한 항: F35, F11 (모형 내부 설명 · 인과 아님)""],""causeHypotheses"":[""자료 오류""],""unverified"":[""수급(외국인·기관·개인)·심리·과열·영향 시차·요인 중복·가중치는 이 셀에서 검증 자료 없음(실험 기록·시간순 검증에서만 판단)""]}"
analysis-420a55de7e2f9337,analysis,2026-09-29,2026-09-29T09:54:42Z,,,"{""forecastId"":""2026-09-28-atlas11-90616c6bc916e8d6"",""modelVersion"":""atlas11-A-1""}",live,,,,,,,,,,,,,,028260,삼성물산,util,2026-09-28-atlas11-90616c6bc916e8d6,atlas11-A-1,2026-09-28,2026-09-29,1,3,크기 허용·방향 틀림,false,true,true,0.30113577935979247,"{""realizedLog"":0.0014461318499997134,""predictedLog"":-0.0015697692046944297,""errorLog"":-0.003015901054694143,""basketCumLog"":null,""beta"":1.413,""marketPartLog"":null,""residualPartLog"":null,""marketShare"":null,""unexplainedShare"":null}","[""출발가 345,500원(2026-09-28) → 실제 346,000원(2026-09-29, 1거래일) +0.14% · 예측 중앙 344,958원 -0.16% · 오차 -0.30%(절대 오차율 0.30%, 허용 1.5%)"",""방향: 예측 하락(51%) · 실제 상승 → 오답 · 80% 띠 담김(폭 7.3%)"",""기간 안 확인된 일정 1건(기업 1 · 중요 1): 삼성물산 패션 브랜드 앙개 성수 팝업 개점 — 수치 영향은 미산출"",""실제값 정정 이력 2건"",""실제 종가 관측 시각 2026-09-29T09:54:42.000Z(16:00 KST 이후 · 지연 관측)""]","[""선택 모형의 기대 누적 0.00% = 절편 0.00% + 자기 추세 0.00% + 52종목 폭·평균 0.00% · 실제 +0.14%""]","[{""category"":""기업 사건"",""evidence"":""기간 안 기업 일정 삼성물산 패션 브랜드 앙개 성수 팝업 개점"",""counterEvidence"":""일정 확인만 · 결과·가격 반응·수치 영향 미산출 → 인과 단정 불가"",""strength"":""약""},{""category"":""자료 오류"",""evidence"":""실제값 정정 2건"",""counterEvidence"":""정정 뒤 값으로 채점됨"",""strength"":""약""}]","[""수급(외국인·기관·개인)·심리·과열·영향 시차·요인 중복·가중치는 이 셀에서 검증 자료 없음(실험 기록·시간순 검증에서만 판단)""]","[""기업 사건"",""자료 오류""]","{""luckySuspect"":false,""reasonableProcess"":true,""luckyNote"":null,""reasonableNote"":""방향은 틀렸지만 실제값이 모형 80% 띠 안 → 판단 과정은 분포 안""}","{""confirmedFacts"":[""출발가 345,500원(2026-09-28) → 실제 346,000원(2026-09-29, 1거래일) +0.14% · 예측 중앙 344,958원 -0.16% · 오차 -0.30%(절대 오차율 0.30%, 허용 1.5%)"",""방향: 예측 하락(51%) · 실제 상승 → 오답 · 80% 띠 담김(폭 7.3%)"",""기간 안 확인된 일정 1건(기업 1 · 중요 1): 삼성물산 패션 브랜드 앙개 성수 팝업 개점 — 수치 영향은 미산출"",""실제값 정정 이력 2건"",""실제 종가 관측 시각 2026-09-29T09:54:42.000Z(16:00 KST 이후 · 지연 관측)""],""modelInternal"":[""선택 모형의 기대 누적 0.00% = 절편 0.00% + 자기 추세 0.00% + 52종목 폭·평균 0.00% · 실제 +0.14%""],""causeHypotheses"":[""기업 사건"",""자료 오류""],""unverified"":[""수급(외국인·기관·개인)·심리·과열·영향 시차·요인 중복·가중치는 이 셀에서 검증 자료 없음(실험 기록·시간순 검증에서만 판단)""]}"
analysis-55cea022e70e7d7b,analysis,2026-09-29,2026-09-29T09:54:42Z,,,"{""forecastId"":""2026-09-28-atlas11-90616c6bc916e8d6"",""modelVersion"":""atlas11-A-1""}",live,,,,,,,,,,,,,,032830,삼성생명보험,fin,2026-09-28-atlas11-90616c6bc916e8d6,atlas11-A-1,2026-09-28,2026-09-29,1,2,방향 맞고 크기 틀림,true,false,true,1.9838929345089227,"{""realizedLog"":-0.020478531343540676,""predictedLog"":-0.000833828923613086,""errorLog"":0.01964470241992759,""basketCumLog"":null,""beta"":1.2564,""marketPartLog"":null,""residualPartLog"":null,""marketShare"":null,""unexplainedShare"":null}","[""출발가 296,000원(2026-09-28) → 실제 290,000원(2026-09-29, 1거래일) -2.03% · 예측 중앙 295,753원 -0.08% · 오차 +1.98%(절대 오차율 1.98%, 허용 1.5%)"",""방향: 예측 하락(50%) · 실제 하락 → 정답 · 80% 띠 담김(폭 6.0%)"",""실제값 정정 이력 4건"",""실제 종가 관측 시각 2026-09-29T09:54:42.000Z(16:00 KST 이후 · 지연 관측)""]","[""선택 모형의 기대 누적 +0.11% = 절편 +0.15% + 자기 추세 -0.04% + 52종목 폭·평균 -0.00% · 실제 -2.03%""]","[{""category"":""자료 오류"",""evidence"":""실제값 정정 4건"",""counterEvidence"":""정정 뒤 값으로 채점됨"",""strength"":""약""}]","[""수급(외국인·기관·개인)·심리·과열·영향 시차·요인 중복·가중치는 이 셀에서 검증 자료 없음(실험 기록·시간순 검증에서만 판단)""]","[""자료 오류""]","{""luckySuspect"":false,""reasonableProcess"":false,""luckyNote"":null,""reasonableNote"":null}","{""confirmedFacts"":[""출발가 296,000원(2026-09-28) → 실제 290,000원(2026-09-29, 1거래일) -2.03% · 예측 중앙 295,753원 -0.08% · 오차 +1.98%(절대 오차율 1.98%, 허용 1.5%)"",""방향: 예측 하락(50%) · 실제 하락 → 정답 · 80% 띠 담김(폭 6.0%)"",""실제값 정정 이력 4건"",""실제 종가 관측 시각 2026-09-29T09:54:42.000Z(16:00 KST 이후 · 지연 관측)""],""modelInternal"":[""선택 모형의 기대 누적 +0.11% = 절편 +0.15% + 자기 추세 -0.04% + 52종목 폭·평균 -0.00% · 실제 -2.03%""],""causeHypotheses"":[""자료 오류""],""unverified"":[""수급(외국인·기관·개인)·심리·과열·영향 시차·요인 중복·가중치는 이 셀에서 검증 자료 없음(실험 기록·시간순 검증에서만 판단)""]}"
analysis-3ef898880ea43a87,analysis,2026-09-29,2026-09-29T09:54:42Z,,,"{""forecastId"":""2026-09-28-atlas11-90616c6bc916e8d6"",""modelVersion"":""atlas11-A-1""}",live,,,,,,,,,,,,,,012450,한화에어로스페이스,heavy,2026-09-28-atlas11-90616c6bc916e8d6,atlas11-A-1,2026-09-28,2026-09-29,1,2,방향 맞고 크기 틀림,true,false,true,1.7215220809626464,"{""realizedLog"":-0.019531870917245956,""predictedLog"":-0.0024631530248850017,""errorLog"":0.017068717892360953,""basketCumLog"":null,""beta"":0.8212,""marketPartLog"":null,""residualPartLog"":null,""marketShare"":null,""unexplainedShare"":null}","[""출발가 1,034,000원(2026-09-28) → 실제 1,014,000원(2026-09-29, 1거래일) -1.93% · 예측 중앙 1,031,456원 -0.25% · 오차 +1.72%(절대 오차율 1.72%, 허용 1.5%)"",""방향: 예측 하락(53%) · 실제 하락 → 정답 · 80% 띠 담김(폭 9.8%)"",""기간 안 확인된 일정 1건(기업 1 · 중요 1): 한화에어로스페이스 기업설명회 · 코리아 프리미엄 위크 — 수치 영향은 미산출"",""실제값 정정 이력 1건"",""실제 종가 관측 시각 2026-09-29T09:54:42.000Z(16:00 KST 이후 · 지연 관측)""]","[""선택 모형의 기대 누적 0.00% = 절편 0.00% + 자기 추세 0.00% + 52종목 폭·평균 0.00% · 실제 -1.93%""]","[{""category"":""기업 사건"",""evidence"":""기간 안 기업 일정 한화에어로스페이스 기업설명회 · 코리아 프리미엄 위크"",""counterEvidence"":""일정 확인만 · 결과·가격 반응·수치 영향 미산출 → 인과 단정 불가"",""strength"":""약""},{""category"":""자료 오류"",""evidence"":""실제값 정정 1건"",""counterEvidence"":""정정 뒤 값으로 채점됨"",""strength"":""약""}]","[""수급(외국인·기관·개인)·심리·과열·영향 시차·요인 중복·가중치는 이 셀에서 검증 자료 없음(실험 기록·시간순 검증에서만 판단)""]","[""기업 사건"",""자료 오류""]","{""luckySuspect"":false,""reasonableProcess"":false,""luckyNote"":null,""reasonableNote"":null}","{""confirmedFacts"":[""출발가 1,034,000원(2026-09-28) → 실제 1,014,000원(2026-09-29, 1거래일) -1.93% · 예측 중앙 1,031,456원 -0.25% · 오차 +1.72%(절대 오차율 1.72%, 허용 1.5%)"",""방향: 예측 하락(53%) · 실제 하락 → 정답 · 80% 띠 담김(폭 9.8%)"",""기간 안 확인된 일정 1건(기업 1 · 중요 1): 한화에어로스페이스 기업설명회 · 코리아 프리미엄 위크 — 수치 영향은 미산출"",""실제값 정정 이력 1건"",""실제 종가 관측 시각 2026-09-29T09:54:42.000Z(16:00 KST 이후 · 지연 관측)""],""modelInternal"":[""선택 모형의 기대 누적 0.00% = 절편 0.00% + 자기 추세 0.00% + 52종목 폭·평균 0.00% · 실제 -1.93%""],""causeHypotheses"":[""기업 사건"",""자료 오류""],""unverified"":[""수급(외국인·기관·개인)·심리·과열·영향 시차·요인 중복·가중치는 이 셀에서 검증 자료 없음(실험 기록·시간순 검증에서만 판단)""]}"
analysis-0f4afc3d25c67206,analysis,2026-09-29,2026-09-29T09:54:42Z,,,"{""forecastId"":""2026-09-28-atlas11-90616c6bc916e8d6"",""modelVersion"":""atlas11-A-1""}",live,,,,,,,,,,,,,,034730,SK,util,2026-09-28-atlas11-90616c6bc916e8d6,atlas11-A-1,2026-09-28,2026-09-29,1,3,크기 허용·방향 틀림,false,true,true,1.051089618644217,"{""realizedLog"":0.00861331767811493,""predictedLog"":-0.0019532081324840577,""errorLog"":-0.010566525810598987,""basketCumLog"":null,""beta"":1.3807,""marketPartLog"":null,""residualPartLog"":null,""marketShare"":null,""unexplainedShare"":null}","[""출발가 578,000원(2026-09-28) → 실제 583,000원(2026-09-29, 1거래일) +0.87% · 예측 중앙 576,872원 -0.20% · 오차 -1.05%(절대 오차율 1.05%, 허용 1.5%)"",""방향: 예측 하락(51%) · 실제 상승 → 오답 · 80% 띠 담김(폭 9.3%)"",""실제값 정정 이력 3건"",""실제 종가 관측 시각 2026-09-29T09:54:42.000Z(16:00 KST 이후 · 지연 관측)""]","[""선택 모형의 기대 누적 0.00% = 절편 0.00% + 자기 추세 0.00% + 52종목 폭·평균 0.00% · 실제 +0.87%""]","[{""category"":""자료 오류"",""evidence"":""실제값 정정 3건"",""counterEvidence"":""정정 뒤 값으로 채점됨"",""strength"":""약""}]","[""수급(외국인·기관·개인)·심리·과열·영향 시차·요인 중복·가중치는 이 셀에서 검증 자료 없음(실험 기록·시간순 검증에서만 판단)""]","[""자료 오류""]","{""luckySuspect"":false,""reasonableProcess"":true,""luckyNote"":null,""reasonableNote"":""방향은 틀렸지만 실제값이 모형 80% 띠 안 → 판단 과정은 분포 안""}","{""confirmedFacts"":[""출발가 578,000원(2026-09-28) → 실제 583,000원(2026-09-29, 1거래일) +0.87% · 예측 중앙 576,872원 -0.20% · 오차 -1.05%(절대 오차율 1.05%, 허용 1.5%)"",""방향: 예측 하락(51%) · 실제 상승 → 오답 · 80% 띠 담김(폭 9.3%)"",""실제값 정정 이력 3건"",""실제 종가 관측 시각 2026-09-29T09:54:42.000Z(16:00 KST 이후 · 지연 관측)""],""modelInternal"":[""선택 모형의 기대 누적 0.00% = 절편 0.00% + 자기 추세 0.00% + 52종목 폭·평균 0.00% · 실제 +0.87%""],""causeHypotheses"":[""자료 오류""],""unverified"":[""수급(외국인·기관·개인)·심리·과열·영향 시차·요인 중복·가중치는 이 셀에서 검증 자료 없음(실험 기록·시간순 검증에서만 판단)""]}"
analysis-846fd22af2d08d47,analysis,2026-09-29,2026-09-29T09:54:42Z,,,"{""forecastId"":""2026-09-28-atlas11-90616c6bc916e8d6"",""modelVersion"":""atlas11-A-1""}",live,,,,,,,,,,,,,,012330,현대모비스,auto,2026-09-28-atlas11-90616c6bc916e8d6,atlas11-A-1,2026-09-28,2026-09-29,1,2,방향 맞고 크기 틀림,true,false,true,1.6116918077528009,"{""realizedLog"":-0.01757989831710937,""predictedLog"":-0.0015914789336911256,""errorLog"":0.015988419383418245,""basketCumLog"":null,""beta"":1.1361,""marketPartLog"":null,""residualPartLog"":null,""marketShare"":null,""unexplainedShare"":null}","[""출발가 373,000원(2026-09-28) → 실제 366,500원(2026-09-29, 1거래일) -1.74% · 예측 중앙 372,407원 -0.16% · 오차 +1.61%(절대 오차율 1.61%, 허용 1.5%)"",""방향: 예측 하락(53%) · 실제 하락 → 정답 · 80% 띠 담김(폭 6.3%)"",""실제값 정정 이력 2건"",""실제 종가 관측 시각 2026-09-29T09:54:42.000Z(16:00 KST 이후 · 지연 관측)""]","[""선택 모형의 기대 누적 0.00% = 절편 0.00% + 자기 추세 0.00% + 52종목 폭·평균 0.00% · 실제 -1.74%""]","[{""category"":""자료 오류"",""evidence"":""실제값 정정 2건"",""counterEvidence"":""정정 뒤 값으로 채점됨"",""strength"":""약""}]","[""수급(외국인·기관·개인)·심리·과열·영향 시차·요인 중복·가중치는 이 셀에서 검증 자료 없음(실험 기록·시간순 검증에서만 판단)""]","[""자료 오류""]","{""luckySuspect"":false,""reasonableProcess"":false,""luckyNote"":null,""reasonableNote"":null}","{""confirmedFacts"":[""출발가 373,000원(2026-09-28) → 실제 366,500원(2026-09-29, 1거래일) -1.74% · 예측 중앙 372,407원 -0.16% · 오차 +1.61%(절대 오차율 1.61%, 허용 1.5%)"",""방향: 예측 하락(53%) · 실제 하락 → 정답 · 80% 띠 담김(폭 6.3%)"",""실제값 정정 이력 2건"",""실제 종가 관측 시각 2026-09-29T09:54:42.000Z(16:00 KST 이후 · 지연 관측)""],""modelInternal"":[""선택 모형의 기대 누적 0.00% = 절편 0.00% + 자기 추세 0.00% + 52종목 폭·평균 0.00% · 실제 -1.74%""],""causeHypotheses"":[""자료 오류""],""unverified"":[""수급(외국인·기관·개인)·심리·과열·영향 시차·요인 중복·가중치는 이 셀에서 검증 자료 없음(실험 기록·시간순 검증에서만 판단)""]}"
analysis-ef5842b9e0c021b5,analysis,2026-09-29,2026-09-29T09:54:42Z,,,"{""forecastId"":""2026-09-28-atlas11-90616c6bc916e8d6"",""modelVersion"":""atlas11-A-1""}",live,,,,,,,,,,,,,,066570,LG전자,semi,2026-09-28-atlas11-90616c6bc916e8d6,atlas11-A-1,2026-09-28,2026-09-29,1,3,크기 허용·방향 틀림,false,true,true,0.1930636228393684,"{""realizedLog"":0,""predictedLog"":-0.0019325023087185982,""errorLog"":-0.0019325023087185982,""basketCumLog"":null,""beta"":1.2974,""marketPartLog"":null,""residualPartLog"":null,""marketShare"":null,""unexplainedShare"":null}","[""출발가 214,500원(2026-09-28) → 실제 214,500원(2026-09-29, 1거래일) 0.00% · 예측 중앙 214,086원 -0.19% · 오차 -0.19%(절대 오차율 0.19%, 허용 1.5%)"",""방향: 예측 하락(50%) · 실제 보합 → 오답 · 80% 띠 담김(폭 7.1%)"",""실제값 정정 이력 1건"",""실제 종가 관측 시각 2026-09-29T09:54:42.000Z(16:00 KST 이후 · 지연 관측)""]","[""선택 모형의 기대 누적 0.00% = 절편 0.00% + 자기 추세 0.00% + 52종목 폭·평균 0.00% · 실제 0.00%""]","[{""category"":""자료 오류"",""evidence"":""실제값 정정 1건"",""counterEvidence"":""정정 뒤 값으로 채점됨"",""strength"":""약""}]","[""수급(외국인·기관·개인)·심리·과열·영향 시차·요인 중복·가중치는 이 셀에서 검증 자료 없음(실험 기록·시간순 검증에서만 판단)""]","[""자료 오류""]","{""luckySuspect"":false,""reasonableProcess"":true,""luckyNote"":null,""reasonableNote"":""방향은 틀렸지만 실제값이 모형 80% 띠 안 → 판단 과정은 분포 안""}","{""confirmedFacts"":[""출발가 214,500원(2026-09-28) → 실제 214,500원(2026-09-29, 1거래일) 0.00% · 예측 중앙 214,086원 -0.19% · 오차 -0.19%(절대 오차율 0.19%, 허용 1.5%)"",""방향: 예측 하락(50%) · 실제 보합 → 오답 · 80% 띠 담김(폭 7.1%)"",""실제값 정정 이력 1건"",""실제 종가 관측 시각 2026-09-29T09:54:42.000Z(16:00 KST 이후 · 지연 관측)""],""modelInternal"":[""선택 모형의 기대 누적 0.00% = 절편 0.00% + 자기 추세 0.00% + 52종목 폭·평균 0.00% · 실제 0.00%""],""causeHypotheses"":[""자료 오류""],""unverified"":[""수급(외국인·기관·개인)·심리·과열·영향 시차·요인 중복·가중치는 이 셀에서 검증 자료 없음(실험 기록·시간순 검증에서만 판단)""]}"
analysis-653b72afb8b396fb,analysis,2026-09-29,2026-09-29T09:54:42Z,,,"{""forecastId"":""2026-09-28-atlas11-90616c6bc916e8d6"",""modelVersion"":""atlas11-A-1""}",live,,,,,,,,,,,,,,010120,LS ELECTRIC,heavy,2026-09-28-atlas11-90616c6bc916e8d6,atlas11-A-1,2026-09-28,2026-09-29,1,3,크기 허용·방향 틀림,false,true,true,0.5782856281281011,"{""realizedLog"":0.002442003655551809,""predictedLog"":-0.003357638082317816,""errorLog"":-0.005799641737869624,""basketCumLog"":null,""beta"":1.6948,""marketPartLog"":null,""residualPartLog"":null,""marketShare"":null,""unexplainedShare"":null}","[""출발가 204,500원(2026-09-28) → 실제 205,000원(2026-09-29, 1거래일) +0.24% · 예측 중앙 203,815원 -0.34% · 오차 -0.58%(절대 오차율 0.58%, 허용 1.5%)"",""방향: 예측 하락(53%) · 실제 상승 → 오답 · 80% 띠 담김(폭 9.6%)"",""실제값 정정 이력 2건"",""실제 종가 관측 시각 2026-09-29T09:54:42.000Z(16:00 KST 이후 · 지연 관측)""]","[""선택 모형의 기대 누적 0.00% = 절편 0.00% + 자기 추세 0.00% + 52종목 폭·평균 0.00% · 실제 +0.24%""]","[{""category"":""자료 오류"",""evidence"":""실제값 정정 2건"",""counterEvidence"":""정정 뒤 값으로 채점됨"",""strength"":""약""}]","[""수급(외국인·기관·개인)·심리·과열·영향 시차·요인 중복·가중치는 이 셀에서 검증 자료 없음(실험 기록·시간순 검증에서만 판단)""]","[""자료 오류""]","{""luckySuspect"":false,""reasonableProcess"":true,""luckyNote"":null,""reasonableNote"":""방향은 틀렸지만 실제값이 모형 80% 띠 안 → 판단 과정은 분포 안""}","{""confirmedFacts"":[""출발가 204,500원(2026-09-28) → 실제 205,000원(2026-09-29, 1거래일) +0.24% · 예측 중앙 203,815원 -0.34% · 오차 -0.58%(절대 오차율 0.58%, 허용 1.5%)"",""방향: 예측 하락(53%) · 실제 상승 → 오답 · 80% 띠 담김(폭 9.6%)"",""실제값 정정 이력 2건"",""실제 종가 관측 시각 2026-09-29T09:54:42.000Z(16:00 KST 이후 · 지연 관측)""],""modelInternal"":[""선택 모형의 기대 누적 0.00% = 절편 0.00% + 자기 추세 0.00% + 52종목 폭·평균 0.00% · 실제 +0.24%""],""causeHypotheses"":[""자료 오류""],""unverified"":[""수급(외국인·기관·개인)·심리·과열·영향 시차·요인 중복·가중치는 이 셀에서 검증 자료 없음(실험 기록·시간순 검증에서만 판단)""]}"
analysis-dc81acf0b3814787,analysis,2026-09-29,2026-09-29T09:54:42Z,,,"{""forecastId"":""2026-09-28-atlas11-90616c6bc916e8d6"",""modelVersion"":""atlas11-A-1""}",live,,,,,,,,,,,,,,000810,삼성화재,fin,2026-09-28-atlas11-90616c6bc916e8d6,atlas11-A-1,2026-09-28,2026-09-29,1,1,방향·크기 모두 맞음,true,true,true,1.354367046040367,"{""realizedLog"":-0.015244197643117081,""predictedLog"":-0.0017914228993783391,""errorLog"":0.013452774743738741,""basketCumLog"":null,""beta"":0.8304,""marketPartLog"":null,""residualPartLog"":null,""marketShare"":null,""unexplainedShare"":null}","[""출발가 661,000원(2026-09-28) → 실제 651,000원(2026-09-29, 1거래일) -1.51% · 예측 중앙 659,817원 -0.18% · 오차 +1.35%(절대 오차율 1.35%, 허용 1.5%)"",""방향: 예측 하락(52%) · 실제 하락 → 정답 · 80% 띠 담김(폭 5.3%)"",""실제값 정정 이력 3건"",""실제 종가 관측 시각 2026-09-29T09:54:42.000Z(16:00 KST 이후 · 지연 관측)""]","[""선택 모형의 기대 누적 0.00% = 절편 0.00% + 자기 추세 0.00% + 52종목 폭·평균 0.00% · 실제 -1.51%""]",[],"[""수급(외국인·기관·개인)·심리·과열·영향 시차·요인 중복·가중치는 이 셀에서 검증 자료 없음(실험 기록·시간순 검증에서만 판단)""]",[],"{""luckySuspect"":false,""reasonableProcess"":false,""luckyNote"":null,""reasonableNote"":null}","{""confirmedFacts"":[""출발가 661,000원(2026-09-28) → 실제 651,000원(2026-09-29, 1거래일) -1.51% · 예측 중앙 659,817원 -0.18% · 오차 +1.35%(절대 오차율 1.35%, 허용 1.5%)"",""방향: 예측 하락(52%) · 실제 하락 → 정답 · 80% 띠 담김(폭 5.3%)"",""실제값 정정 이력 3건"",""실제 종가 관측 시각 2026-09-29T09:54:42.000Z(16:00 KST 이후 · 지연 관측)""],""modelInternal"":[""선택 모형의 기대 누적 0.00% = 절편 0.00% + 자기 추세 0.00% + 52종목 폭·평균 0.00% · 실제 -1.51%""],""causeHypotheses"":[],""unverified"":[""수급(외국인·기관·개인)·심리·과열·영향 시차·요인 중복·가중치는 이 셀에서 검증 자료 없음(실험 기록·시간순 검증에서만 판단)""]}"
analysis-d5780f95864f4ef5,analysis,2026-09-29,2026-09-29T09:54:42Z,,,"{""forecastId"":""2026-09-28-atlas11-90616c6bc916e8d6"",""modelVersion"":""atlas11-A-1""}",live,,,,,,,,,,,,,,005490,POSCO홀딩스,chem,2026-09-28-atlas11-90616c6bc916e8d6,atlas11-A-1,2026-09-28,2026-09-29,1,2,방향 맞고 크기 틀림,true,false,false,3.443406529996297,"{""realizedLog"":-0.035373462972580816,""predictedLog"":-0.0015189826147723646,""errorLog"":0.03385448035780845,""basketCumLog"":null,""beta"":1.1117,""marketPartLog"":null,""residualPartLog"":null,""marketShare"":null,""unexplainedShare"":null}","[""출발가 316,500원(2026-09-28) → 실제 305,500원(2026-09-29, 1거래일) -3.48% · 예측 중앙 316,020원 -0.15% · 오차 +3.44%(절대 오차율 3.44%, 허용 1.5%)"",""방향: 예측 하락(52%) · 실제 하락 → 정답 · 80% 띠 벗어남(폭 5.7%)"",""실제값 정정 이력 1건"",""실제 종가 관측 시각 2026-09-29T09:54:42.000Z(16:00 KST 이후 · 지연 관측)""]","[""선택 모형의 기대 누적 0.00% = 절편 0.00% + 자기 추세 0.00% + 52종목 폭·평균 0.00% · 실제 -3.48%""]","[{""category"":""변동성·범위"",""evidence"":""실제값이 80% 띠 밖(폭 5.7% · 실제 이동 -3.48%)"",""counterEvidence"":""80% 띠는 명목이며 개별 셀의 벗어남은 정상 범위일 수 있음(담김률로 판단)"",""strength"":""중""},{""category"":""자료 오류"",""evidence"":""실제값 정정 1건"",""counterEvidence"":""정정 뒤 값으로 채점됨"",""strength"":""약""}]","[""수급(외국인·기관·개인)·심리·과열·영향 시차·요인 중복·가중치는 이 셀에서 검증 자료 없음(실험 기록·시간순 검증에서만 판단)""]","[""변동성·범위"",""자료 오류""]","{""luckySuspect"":false,""reasonableProcess"":false,""luckyNote"":null,""reasonableNote"":null}","{""confirmedFacts"":[""출발가 316,500원(2026-09-28) → 실제 305,500원(2026-09-29, 1거래일) -3.48% · 예측 중앙 316,020원 -0.15% · 오차 +3.44%(절대 오차율 3.44%, 허용 1.5%)"",""방향: 예측 하락(52%) · 실제 하락 → 정답 · 80% 띠 벗어남(폭 5.7%)"",""실제값 정정 이력 1건"",""실제 종가 관측 시각 2026-09-29T09:54:42.000Z(16:00 KST 이후 · 지연 관측)""],""modelInternal"":[""선택 모형의 기대 누적 0.00% = 절편 0.00% + 자기 추세 0.00% + 52종목 폭·평균 0.00% · 실제 -3.48%""],""causeHypotheses"":[""변동성·범위"",""자료 오류""],""unverified"":[""수급(외국인·기관·개인)·심리·과열·영향 시차·요인 중복·가중치는 이 셀에서 검증 자료 없음(실험 기록·시간순 검증에서만 판단)""]}"
analysis-998c336c213886f4,analysis,2026-09-29,2026-09-29T09:54:42Z,,,"{""forecastId"":""2026-09-28-atlas11-90616c6bc916e8d6"",""modelVersion"":""atlas11-A-1""}",live,,,,,,,,,,,,,,010130,고려아연,chem,2026-09-28-atlas11-90616c6bc916e8d6,atlas11-A-1,2026-09-28,2026-09-29,1,2,방향 맞고 크기 틀림,true,false,true,2.7076206595510044,"{""realizedLog"":-0.02946806225690798,""predictedLog"":-0.002751930951901879,""errorLog"":0.0267161313050061,""basketCumLog"":null,""beta"":1.3237,""marketPartLog"":null,""residualPartLog"":null,""marketShare"":null,""unexplainedShare"":null}","[""출발가 1,102,000원(2026-09-28) → 실제 1,070,000원(2026-09-29, 1거래일) -2.90% · 예측 중앙 1,098,972원 -0.27% · 오차 +2.71%(절대 오차율 2.71%, 허용 1.5%)"",""방향: 예측 하락(54%) · 실제 하락 → 정답 · 80% 띠 담김(폭 8.6%)"",""실제값 정정 이력 2건"",""실제 종가 관측 시각 2026-09-29T09:54:42.000Z(16:00 KST 이후 · 지연 관측)""]","[""선택 모형의 기대 누적 0.00% = 절편 0.00% + 자기 추세 0.00% + 52종목 폭·평균 0.00% · 실제 -2.90%""]","[{""category"":""자료 오류"",""evidence"":""실제값 정정 2건"",""counterEvidence"":""정정 뒤 값으로 채점됨"",""strength"":""약""}]","[""수급(외국인·기관·개인)·심리·과열·영향 시차·요인 중복·가중치는 이 셀에서 검증 자료 없음(실험 기록·시간순 검증에서만 판단)""]","[""자료 오류""]","{""luckySuspect"":false,""reasonableProcess"":false,""luckyNote"":null,""reasonableNote"":null}","{""confirmedFacts"":[""출발가 1,102,000원(2026-09-28) → 실제 1,070,000원(2026-09-29, 1거래일) -2.90% · 예측 중앙 1,098,972원 -0.27% · 오차 +2.71%(절대 오차율 2.71%, 허용 1.5%)"",""방향: 예측 하락(54%) · 실제 하락 → 정답 · 80% 띠 담김(폭 8.6%)"",""실제값 정정 이력 2건"",""실제 종가 관측 시각 2026-09-29T09:54:42.000Z(16:00 KST 이후 · 지연 관측)""],""modelInternal"":[""선택 모형의 기대 누적 0.00% = 절편 0.00% + 자기 추세 0.00% + 52종목 폭·평균 0.00% · 실제 -2.90%""],""causeHypotheses"":[""자료 오류""],""unverified"":[""수급(외국인·기관·개인)·심리·과열·영향 시차·요인 중복·가중치는 이 셀에서 검증 자료 없음(실험 기록·시간순 검증에서만 판단)""]}"
analysis-8f48836f1cd75ad4,analysis,2026-09-29,2026-09-29T09:54:42Z,,,"{""forecastId"":""2026-09-28-atlas11-90616c6bc916e8d6"",""modelVersion"":""atlas11-A-1""}",live,,,,,,,,,,,,,,138040,메리츠금융지주,fin,2026-09-28-atlas11-90616c6bc916e8d6,atlas11-A-1,2026-09-28,2026-09-29,1,1,방향·크기 모두 맞음,true,true,true,0.505714977446662,"{""realizedLog"":-0.009792921953243714,""predictedLog"":-0.004748516611752403,""errorLog"":0.005044405341491312,""basketCumLog"":null,""beta"":0.6414,""marketPartLog"":null,""residualPartLog"":null,""marketShare"":null,""unexplainedShare"":null}","[""출발가 133,400원(2026-09-28) → 실제 132,100원(2026-09-29, 1거래일) -0.97% · 예측 중앙 132,768원 -0.47% · 오차 +0.51%(절대 오차율 0.51%, 허용 1.5%)"",""방향: 예측 하락(57%) · 실제 하락 → 정답 · 80% 띠 담김(폭 5.7%)"",""실제값 정정 이력 2건"",""실제 종가 관측 시각 2026-09-29T09:54:42.000Z(16:00 KST 이후 · 지연 관측)""]","[""선택 모형의 기대 누적 -0.25% = 절편 +0.04% + 자기 추세 -0.31% + 52종목 폭·평균 +0.02% · 실제 -0.97%"",""실제 방향과 반대로 기여한 항: F11 (모형 내부 설명 · 인과 아님)""]",[],"[""수급(외국인·기관·개인)·심리·과열·영향 시차·요인 중복·가중치는 이 셀에서 검증 자료 없음(실험 기록·시간순 검증에서만 판단)""]",[],"{""luckySuspect"":false,""reasonableProcess"":false,""luckyNote"":null,""reasonableNote"":null}","{""confirmedFacts"":[""출발가 133,400원(2026-09-28) → 실제 132,100원(2026-09-29, 1거래일) -0.97% · 예측 중앙 132,768원 -0.47% · 오차 +0.51%(절대 오차율 0.51%, 허용 1.5%)"",""방향: 예측 하락(57%) · 실제 하락 → 정답 · 80% 띠 담김(폭 5.7%)"",""실제값 정정 이력 2건"",""실제 종가 관측 시각 2026-09-29T09:54:42.000Z(16:00 KST 이후 · 지연 관측)""],""modelInternal"":[""선택 모형의 기대 누적 -0.25% = 절편 +0.04% + 자기 추세 -0.31% + 52종목 폭·평균 +0.02% · 실제 -0.97%"",""실제 방향과 반대로 기여한 항: F11 (모형 내부 설명 · 인과 아님)""],""causeHypotheses"":[],""unverified"":[""수급(외국인·기관·개인)·심리·과열·영향 시차·요인 중복·가중치는 이 셀에서 검증 자료 없음(실험 기록·시간순 검증에서만 판단)""]}"
analysis-9e4c729ee6679e45,analysis,2026-09-29,2026-09-29T09:54:42Z,,,"{""forecastId"":""2026-09-28-atlas11-90616c6bc916e8d6"",""modelVersion"":""atlas11-A-1""}",live,,,,,,,,,,,,,,015760,한국전력,util,2026-09-28-atlas11-90616c6bc916e8d6,atlas11-A-1,2026-09-28,2026-09-29,1,2,방향 맞고 크기 틀림,true,false,true,2.085939971276994,"{""realizedLog"":-0.021399993611934894,""predictedLog"":-0.0007551723226874576,""errorLog"":0.020644821289247436,""basketCumLog"":null,""beta"":0.9671,""marketPartLog"":null,""residualPartLog"":null,""marketShare"":null,""unexplainedShare"":null}","[""출발가 30,700원(2026-09-28) → 실제 30,050원(2026-09-29, 1거래일) -2.12% · 예측 중앙 30,677원 -0.08% · 오차 +2.09%(절대 오차율 2.09%, 허용 1.5%)"",""방향: 예측 하락(47%) · 실제 하락 → 정답 · 80% 띠 담김(폭 5.3%)"",""실제값 정정 이력 2건"",""실제 종가 관측 시각 2026-09-29T09:54:42.000Z(16:00 KST 이후 · 지연 관측)""]","[""선택 모형의 기대 누적 0.00% = 절편 0.00% + 자기 추세 0.00% + 52종목 폭·평균 0.00% · 실제 -2.12%""]","[{""category"":""자료 오류"",""evidence"":""실제값 정정 2건"",""counterEvidence"":""정정 뒤 값으로 채점됨"",""strength"":""약""}]","[""수급(외국인·기관·개인)·심리·과열·영향 시차·요인 중복·가중치는 이 셀에서 검증 자료 없음(실험 기록·시간순 검증에서만 판단)""]","[""자료 오류""]","{""luckySuspect"":false,""reasonableProcess"":false,""luckyNote"":null,""reasonableNote"":null}","{""confirmedFacts"":[""출발가 30,700원(2026-09-28) → 실제 30,050원(2026-09-29, 1거래일) -2.12% · 예측 중앙 30,677원 -0.08% · 오차 +2.09%(절대 오차율 2.09%, 허용 1.5%)"",""방향: 예측 하락(47%) · 실제 하락 → 정답 · 80% 띠 담김(폭 5.3%)"",""실제값 정정 이력 2건"",""실제 종가 관측 시각 2026-09-29T09:54:42.000Z(16:00 KST 이후 · 지연 관측)""],""modelInternal"":[""선택 모형의 기대 누적 0.00% = 절편 0.00% + 자기 추세 0.00% + 52종목 폭·평균 0.00% · 실제 -2.12%""],""causeHypotheses"":[""자료 오류""],""unverified"":[""수급(외국인·기관·개인)·심리·과열·영향 시차·요인 중복·가중치는 이 셀에서 검증 자료 없음(실험 기록·시간순 검증에서만 판단)""]}"
analysis-e399abcfd6ac12a5,analysis,2026-09-29,2026-09-29T09:54:42Z,,,"{""forecastId"":""2026-09-28-atlas11-90616c6bc916e8d6"",""modelVersion"":""atlas11-A-1""}",live,,,,,,,,,,,,,,011200,HMM,auto,2026-09-28-atlas11-90616c6bc916e8d6,atlas11-A-1,2026-09-28,2026-09-29,1,2,방향 맞고 크기 틀림,true,false,true,1.6385230958580754,"{""realizedLog"":-0.016607736399660525,""predictedLog"":-0.00035529477868780936,""errorLog"":0.016252441620972717,""basketCumLog"":null,""beta"":0.6513,""marketPartLog"":null,""residualPartLog"":null,""marketShare"":null,""unexplainedShare"":null}","[""출발가 21,250원(2026-09-28) → 실제 20,900원(2026-09-29, 1거래일) -1.65% · 예측 중앙 21,242원 -0.04% · 오차 +1.64%(절대 오차율 1.64%, 허용 1.5%)"",""방향: 예측 하락(49%) · 실제 하락 → 정답 · 80% 띠 담김(폭 5.0%)"",""실제값 정정 이력 4건"",""실제 종가 관측 시각 2026-09-29T09:54:42.000Z(16:00 KST 이후 · 지연 관측)""]","[""선택 모형의 기대 누적 0.00% = 절편 0.00% + 자기 추세 0.00% + 52종목 폭·평균 0.00% · 실제 -1.65%""]","[{""category"":""자료 오류"",""evidence"":""실제값 정정 4건"",""counterEvidence"":""정정 뒤 값으로 채점됨"",""strength"":""약""}]","[""수급(외국인·기관·개인)·심리·과열·영향 시차·요인 중복·가중치는 이 셀에서 검증 자료 없음(실험 기록·시간순 검증에서만 판단)""]","[""자료 오류""]","{""luckySuspect"":false,""reasonableProcess"":false,""luckyNote"":null,""reasonableNote"":null}","{""confirmedFacts"":[""출발가 21,250원(2026-09-28) → 실제 20,900원(2026-09-29, 1거래일) -1.65% · 예측 중앙 21,242원 -0.04% · 오차 +1.64%(절대 오차율 1.64%, 허용 1.5%)"",""방향: 예측 하락(49%) · 실제 하락 → 정답 · 80% 띠 담김(폭 5.0%)"",""실제값 정정 이력 4건"",""실제 종가 관측 시각 2026-09-29T09:54:42.000Z(16:00 KST 이후 · 지연 관측)""],""modelInternal"":[""선택 모형의 기대 누적 0.00% = 절편 0.00% + 자기 추세 0.00% + 52종목 폭·평균 0.00% · 실제 -1.65%""],""causeHypotheses"":[""자료 오류""],""unverified"":[""수급(외국인·기관·개인)·심리·과열·영향 시차·요인 중복·가중치는 이 셀에서 검증 자료 없음(실험 기록·시간순 검증에서만 판단)""]}"
analysis-cf595d44261c12f1,analysis,2026-09-29,2026-09-29T09:54:42Z,,,"{""forecastId"":""2026-09-28-atlas11-90616c6bc916e8d6"",""modelVersion"":""atlas11-A-1""}",live,,,,,,,,,,,,,,051910,LG화학,chem,2026-09-28-atlas11-90616c6bc916e8d6,atlas11-A-1,2026-09-28,2026-09-29,1,2,방향 맞고 크기 틀림,true,false,false,4.380741583513789,"{""realizedLog"":-0.044798142899894595,""predictedLog"":-0.0019231380465504,""errorLog"":0.042875004853344195,""basketCumLog"":null,""beta"":1.3201,""marketPartLog"":null,""residualPartLog"":null,""marketShare"":null,""unexplainedShare"":null}","[""출발가 262,500원(2026-09-28) → 실제 251,000원(2026-09-29, 1거래일) -4.38% · 예측 중앙 261,996원 -0.19% · 오차 +4.38%(절대 오차율 4.38%, 허용 1.5%)"",""방향: 예측 하락(51%) · 실제 하락 → 정답 · 80% 띠 벗어남(폭 8.5%)"",""실제값 정정 이력 1건"",""실제 종가 관측 시각 2026-09-29T09:54:42.000Z(16:00 KST 이후 · 지연 관측)""]","[""선택 모형의 기대 누적 -0.07% = 절편 -0.01% + 자기 추세 -0.05% + 52종목 폭·평균 -0.01% · 실제 -4.38%""]","[{""category"":""변동성·범위"",""evidence"":""실제값이 80% 띠 밖(폭 8.5% · 실제 이동 -4.38%)"",""counterEvidence"":""80% 띠는 명목이며 개별 셀의 벗어남은 정상 범위일 수 있음(담김률로 판단)"",""strength"":""중""},{""category"":""자료 오류"",""evidence"":""실제값 정정 1건"",""counterEvidence"":""정정 뒤 값으로 채점됨"",""strength"":""약""}]","[""수급(외국인·기관·개인)·심리·과열·영향 시차·요인 중복·가중치는 이 셀에서 검증 자료 없음(실험 기록·시간순 검증에서만 판단)""]","[""변동성·범위"",""자료 오류""]","{""luckySuspect"":false,""reasonableProcess"":false,""luckyNote"":null,""reasonableNote"":null}","{""confirmedFacts"":[""출발가 262,500원(2026-09-28) → 실제 251,000원(2026-09-29, 1거래일) -4.38% · 예측 중앙 261,996원 -0.19% · 오차 +4.38%(절대 오차율 4.38%, 허용 1.5%)"",""방향: 예측 하락(51%) · 실제 하락 → 정답 · 80% 띠 벗어남(폭 8.5%)"",""실제값 정정 이력 1건"",""실제 종가 관측 시각 2026-09-29T09:54:42.000Z(16:00 KST 이후 · 지연 관측)""],""modelInternal"":[""선택 모형의 기대 누적 -0.07% = 절편 -0.01% + 자기 추세 -0.05% + 52종목 폭·평균 -0.01% · 실제 -4.38%""],""causeHypotheses"":[""변동성·범위"",""자료 오류""],""unverified"":[""수급(외국인·기관·개인)·심리·과열·영향 시차·요인 중복·가중치는 이 셀에서 검증 자료 없음(실험 기록·시간순 검증에서만 판단)""]}"
analysis-98498e641e0f62c3,analysis,2026-09-29,2026-09-29T09:54:42Z,,,"{""forecastId"":""2026-09-28-atlas11-90616c6bc916e8d6"",""modelVersion"":""atlas11-A-1""}",live,,,,,,,,,,,,,,033780,KT&G,cons,2026-09-28-atlas11-90616c6bc916e8d6,atlas11-A-1,2026-09-28,2026-09-29,1,3,크기 허용·방향 틀림,false,true,true,0.5301909009505255,"{""realizedLog"":0.004550633563996509,""predictedLog"":-0.0007653804427794358,""errorLog"":-0.005316014006775945,""basketCumLog"":null,""beta"":0.2734,""marketPartLog"":null,""residualPartLog"":null,""marketShare"":null,""unexplainedShare"":null}","[""출발가 175,400원(2026-09-28) → 실제 176,200원(2026-09-29, 1거래일) +0.46% · 예측 중앙 175,266원 -0.08% · 오차 -0.53%(절대 오차율 0.53%, 허용 1.5%)"",""방향: 예측 하락(50%) · 실제 상승 → 오답 · 80% 띠 담김(폭 4.0%)"",""실제값 정정 이력 2건"",""실제 종가 관측 시각 2026-09-29T09:54:42.000Z(16:00 KST 이후 · 지연 관측)""]","[""선택 모형의 기대 누적 +0.00% = 절편 +0.07% + 자기 추세 -0.08% + 52종목 폭·평균 +0.01% · 실제 +0.46%"",""실제 방향과 반대로 기여한 항: F35 (모형 내부 설명 · 인과 아님)""]","[{""category"":""자료 오류"",""evidence"":""실제값 정정 2건"",""counterEvidence"":""정정 뒤 값으로 채점됨"",""strength"":""약""}]","[""수급(외국인·기관·개인)·심리·과열·영향 시차·요인 중복·가중치는 이 셀에서 검증 자료 없음(실험 기록·시간순 검증에서만 판단)""]","[""자료 오류""]","{""luckySuspect"":false,""reasonableProcess"":true,""luckyNote"":null,""reasonableNote"":""방향은 틀렸지만 실제값이 모형 80% 띠 안 → 판단 과정은 분포 안""}","{""confirmedFacts"":[""출발가 175,400원(2026-09-28) → 실제 176,200원(2026-09-29, 1거래일) +0.46% · 예측 중앙 175,266원 -0.08% · 오차 -0.53%(절대 오차율 0.53%, 허용 1.5%)"",""방향: 예측 하락(50%) · 실제 상승 → 오답 · 80% 띠 담김(폭 4.0%)"",""실제값 정정 이력 2건"",""실제 종가 관측 시각 2026-09-29T09:54:42.000Z(16:00 KST 이후 · 지연 관측)""],""modelInternal"":[""선택 모형의 기대 누적 +0.00% = 절편 +0.07% + 자기 추세 -0.08% + 52종목 폭·평균 +0.01% · 실제 +0.46%"",""실제 방향과 반대로 기여한 항: F35 (모형 내부 설명 · 인과 아님)""],""causeHypotheses"":[""자료 오류""],""unverified"":[""수급(외국인·기관·개인)·심리·과열·영향 시차·요인 중복·가중치는 이 셀에서 검증 자료 없음(실험 기록·시간순 검증에서만 판단)""]}"
analysis-eeb2f6ba141fff6a,analysis,2026-09-29,2026-09-29T09:54:42Z,,,"{""forecastId"":""2026-09-28-atlas11-90616c6bc916e8d6"",""modelVersion"":""atlas11-A-1""}",live,,,,,,,,,,,,,,196170,알테오젠,bio,2026-09-28-atlas11-90616c6bc916e8d6,atlas11-A-1,2026-09-28,2026-09-29,1,3,크기 허용·방향 틀림,false,true,true,0.7616352809376064,"{""realizedLog"":0.005923018303122071,""predictedLog"":-0.0017224870396325182,""errorLog"":-0.007645505342754589,""basketCumLog"":null,""beta"":1.2904,""marketPartLog"":null,""residualPartLog"":null,""marketShare"":null,""unexplainedShare"":null}","[""출발가 252,500원(2026-09-28) → 실제 254,000원(2026-09-29, 1거래일) +0.59% · 예측 중앙 252,065원 -0.17% · 오차 -0.76%(절대 오차율 0.76%, 허용 1.5%)"",""방향: 예측 하락(51%) · 실제 상승 → 오답 · 80% 띠 담김(폭 7.3%)"",""실제값 정정 이력 1건"",""실제 종가 관측 시각 2026-09-29T09:54:42.000Z(16:00 KST 이후 · 지연 관측)""]","[""선택 모형의 기대 누적 +0.00% = 절편 +0.01% + 자기 추세 +0.16% + 52종목 폭·평균 -0.17% · 실제 +0.59%"",""실제 방향과 반대로 기여한 항: F11 (모형 내부 설명 · 인과 아님)""]","[{""category"":""자료 오류"",""evidence"":""실제값 정정 1건"",""counterEvidence"":""정정 뒤 값으로 채점됨"",""strength"":""약""}]","[""수급(외국인·기관·개인)·심리·과열·영향 시차·요인 중복·가중치는 이 셀에서 검증 자료 없음(실험 기록·시간순 검증에서만 판단)""]","[""자료 오류""]","{""luckySuspect"":false,""reasonableProcess"":true,""luckyNote"":null,""reasonableNote"":""방향은 틀렸지만 실제값이 모형 80% 띠 안 → 판단 과정은 분포 안""}","{""confirmedFacts"":[""출발가 252,500원(2026-09-28) → 실제 254,000원(2026-09-29, 1거래일) +0.59% · 예측 중앙 252,065원 -0.17% · 오차 -0.76%(절대 오차율 0.76%, 허용 1.5%)"",""방향: 예측 하락(51%) · 실제 상승 → 오답 · 80% 띠 담김(폭 7.3%)"",""실제값 정정 이력 1건"",""실제 종가 관측 시각 2026-09-29T09:54:42.000Z(16:00 KST 이후 · 지연 관측)""],""modelInternal"":[""선택 모형의 기대 누적 +0.00% = 절편 +0.01% + 자기 추세 +0.16% + 52종목 폭·평균 -0.17% · 실제 +0.59%"",""실제 방향과 반대로 기여한 항: F11 (모형 내부 설명 · 인과 아님)""],""causeHypotheses"":[""자료 오류""],""unverified"":[""수급(외국인·기관·개인)·심리·과열·영향 시차·요인 중복·가중치는 이 셀에서 검증 자료 없음(실험 기록·시간순 검증에서만 판단)""]}"
analysis-c970f20561a4c40b,analysis,2026-09-29,2026-09-29T09:54:42Z,,,"{""forecastId"":""2026-09-28-atlas11-90616c6bc916e8d6"",""modelVersion"":""atlas11-A-1""}",live,,,,,,,,,,,,,,018260,삼성에스디에스,semi,2026-09-28-atlas11-90616c6bc916e8d6,atlas11-A-1,2026-09-28,2026-09-29,1,1,방향·크기 모두 맞음,true,true,true,1.055016260566276,"{""realizedLog"":-0.011481182373956254,""predictedLog"":-0.0009862843732452008,""errorLog"":0.010494898000711054,""basketCumLog"":null,""beta"":1.0842,""marketPartLog"":null,""residualPartLog"":null,""marketShare"":null,""unexplainedShare"":null}","[""출발가 219,000원(2026-09-28) → 실제 216,500원(2026-09-29, 1거래일) -1.14% · 예측 중앙 218,784원 -0.10% · 오차 +1.06%(절대 오차율 1.06%, 허용 1.5%)"",""방향: 예측 하락(48%) · 실제 하락 → 정답 · 80% 띠 담김(폭 5.6%)"",""실제값 정정 이력 3건"",""실제 종가 관측 시각 2026-09-29T09:54:42.000Z(16:00 KST 이후 · 지연 관측)""]","[""선택 모형의 기대 누적 0.00% = 절편 0.00% + 자기 추세 0.00% + 52종목 폭·평균 0.00% · 실제 -1.14%""]",[],"[""수급(외국인·기관·개인)·심리·과열·영향 시차·요인 중복·가중치는 이 셀에서 검증 자료 없음(실험 기록·시간순 검증에서만 판단)""]",[],"{""luckySuspect"":false,""reasonableProcess"":false,""luckyNote"":null,""reasonableNote"":null}","{""confirmedFacts"":[""출발가 219,000원(2026-09-28) → 실제 216,500원(2026-09-29, 1거래일) -1.14% · 예측 중앙 218,784원 -0.10% · 오차 +1.06%(절대 오차율 1.06%, 허용 1.5%)"",""방향: 예측 하락(48%) · 실제 하락 → 정답 · 80% 띠 담김(폭 5.6%)"",""실제값 정정 이력 3건"",""실제 종가 관측 시각 2026-09-29T09:54:42.000Z(16:00 KST 이후 · 지연 관측)""],""modelInternal"":[""선택 모형의 기대 누적 0.00% = 절편 0.00% + 자기 추세 0.00% + 52종목 폭·평균 0.00% · 실제 -1.14%""],""causeHypotheses"":[],""unverified"":[""수급(외국인·기관·개인)·심리·과열·영향 시차·요인 중복·가중치는 이 셀에서 검증 자료 없음(실험 기록·시간순 검증에서만 판단)""]}"
analysis-9240b7b0ec8e8e9d,analysis,2026-09-29,2026-09-29T09:54:42Z,,,"{""forecastId"":""2026-09-28-atlas11-90616c6bc916e8d6"",""modelVersion"":""atlas11-A-1""}",live,,,,,,,,,,,,,,086280,현대글로비스,auto,2026-09-28-atlas11-90616c6bc916e8d6,atlas11-A-1,2026-09-28,2026-09-29,1,1,방향·크기 모두 맞음,true,true,true,1.0046451670693601,"{""realizedLog"":-0.011619226451997559,""predictedLog"":-0.0016229049032556976,""errorLog"":0.009996321548741862,""basketCumLog"":null,""beta"":1.0312,""marketPartLog"":null,""residualPartLog"":null,""marketShare"":null,""unexplainedShare"":null}","[""출발가 199,100원(2026-09-28) → 실제 196,800원(2026-09-29, 1거래일) -1.16% · 예측 중앙 198,777원 -0.16% · 오차 +1.00%(절대 오차율 1.00%, 허용 1.5%)"",""방향: 예측 하락(51%) · 실제 하락 → 정답 · 80% 띠 담김(폭 6.0%)"",""실제값 정정 이력 1건"",""실제 종가 관측 시각 2026-09-29T09:54:42.000Z(16:00 KST 이후 · 지연 관측)""]","[""선택 모형의 기대 누적 0.00% = 절편 0.00% + 자기 추세 0.00% + 52종목 폭·평균 0.00% · 실제 -1.16%""]",[],"[""수급(외국인·기관·개인)·심리·과열·영향 시차·요인 중복·가중치는 이 셀에서 검증 자료 없음(실험 기록·시간순 검증에서만 판단)""]",[],"{""luckySuspect"":false,""reasonableProcess"":false,""luckyNote"":null,""reasonableNote"":null}","{""confirmedFacts"":[""출발가 199,100원(2026-09-28) → 실제 196,800원(2026-09-29, 1거래일) -1.16% · 예측 중앙 198,777원 -0.16% · 오차 +1.00%(절대 오차율 1.00%, 허용 1.5%)"",""방향: 예측 하락(51%) · 실제 하락 → 정답 · 80% 띠 담김(폭 6.0%)"",""실제값 정정 이력 1건"",""실제 종가 관측 시각 2026-09-29T09:54:42.000Z(16:00 KST 이후 · 지연 관측)""],""modelInternal"":[""선택 모형의 기대 누적 0.00% = 절편 0.00% + 자기 추세 0.00% + 52종목 폭·평균 0.00% · 실제 -1.16%""],""causeHypotheses"":[],""unverified"":[""수급(외국인·기관·개인)·심리·과열·영향 시차·요인 중복·가중치는 이 셀에서 검증 자료 없음(실험 기록·시간순 검증에서만 판단)""]}"
analysis-106122b94a8e5cb6,analysis,2026-09-29,2026-09-29T09:54:42Z,,,"{""forecastId"":""2026-09-28-atlas11-90616c6bc916e8d6"",""modelVersion"":""atlas11-A-1""}",live,,,,,,,,,,,,,,278470,에이피알,cons,2026-09-28-atlas11-90616c6bc916e8d6,atlas11-A-1,2026-09-28,2026-09-29,1,2,방향 맞고 크기 틀림,true,false,true,1.8980671866050114,"{""realizedLog"":-0.019178670030571943,""predictedLog"":-0.00037588371663552786,""errorLog"":0.018802786313936413,""basketCumLog"":null,""beta"":0.9172,""marketPartLog"":null,""residualPartLog"":null,""marketShare"":null,""unexplainedShare"":null}","[""출발가 368,500원(2026-09-28) → 실제 361,500원(2026-09-29, 1거래일) -1.90% · 예측 중앙 368,362원 -0.04% · 오차 +1.90%(절대 오차율 1.90%, 허용 1.5%)"",""방향: 예측 하락(49%) · 실제 하락 → 정답 · 80% 띠 담김(폭 9.7%)"",""실제값 정정 이력 3건"",""실제 종가 관측 시각 2026-09-29T09:54:42.000Z(16:00 KST 이후 · 지연 관측)""]","[""선택 모형의 기대 누적 0.00% = 절편 0.00% + 자기 추세 0.00% + 52종목 폭·평균 0.00% · 실제 -1.90%""]","[{""category"":""자료 오류"",""evidence"":""실제값 정정 3건"",""counterEvidence"":""정정 뒤 값으로 채점됨"",""strength"":""약""}]","[""수급(외국인·기관·개인)·심리·과열·영향 시차·요인 중복·가중치는 이 셀에서 검증 자료 없음(실험 기록·시간순 검증에서만 판단)""]","[""자료 오류""]","{""luckySuspect"":false,""reasonableProcess"":false,""luckyNote"":null,""reasonableNote"":null}","{""confirmedFacts"":[""출발가 368,500원(2026-09-28) → 실제 361,500원(2026-09-29, 1거래일) -1.90% · 예측 중앙 368,362원 -0.04% · 오차 +1.90%(절대 오차율 1.90%, 허용 1.5%)"",""방향: 예측 하락(49%) · 실제 하락 → 정답 · 80% 띠 담김(폭 9.7%)"",""실제값 정정 이력 3건"",""실제 종가 관측 시각 2026-09-29T09:54:42.000Z(16:00 KST 이후 · 지연 관측)""],""modelInternal"":[""선택 모형의 기대 누적 0.00% = 절편 0.00% + 자기 추세 0.00% + 52종목 폭·평균 0.00% · 실제 -1.90%""],""causeHypotheses"":[""자료 오류""],""unverified"":[""수급(외국인·기관·개인)·심리·과열·영향 시차·요인 중복·가중치는 이 셀에서 검증 자료 없음(실험 기록·시간순 검증에서만 판단)""]}"
analysis-e2f75c6b356251e9,analysis,2026-09-29,2026-09-29T09:54:42Z,,,"{""forecastId"":""2026-09-28-atlas11-90616c6bc916e8d6"",""modelVersion"":""atlas11-A-1""}",live,,,,,,,,,,,,,,003490,대한항공,auto,2026-09-28-atlas11-90616c6bc916e8d6,atlas11-A-1,2026-09-28,2026-09-29,1,1,방향·크기 모두 맞음,true,true,true,0.39249691284605465,"{""realizedLog"":-0.0095087879690273,""predictedLog"":-0.005591501435825039,""errorLog"":0.003917286533202262,""basketCumLog"":null,""beta"":0.8628,""marketPartLog"":null,""residualPartLog"":null,""marketShare"":null,""unexplainedShare"":null}","[""출발가 31,700원(2026-09-28) → 실제 31,400원(2026-09-29, 1거래일) -0.95% · 예측 중앙 31,523원 -0.56% · 오차 +0.39%(절대 오차율 0.39%, 허용 1.5%)"",""방향: 예측 하락(58%) · 실제 하락 → 정답 · 80% 띠 담김(폭 6.0%)"",""실제값 정정 이력 1건"",""실제 종가 관측 시각 2026-09-29T09:54:42.000Z(16:00 KST 이후 · 지연 관측)""]","[""선택 모형의 기대 누적 -0.27% = 절편 +0.04% + 자기 추세 -0.35% + 52종목 폭·평균 +0.04% · 실제 -0.95%"",""실제 방향과 반대로 기여한 항: F11 (모형 내부 설명 · 인과 아님)""]",[],"[""수급(외국인·기관·개인)·심리·과열·영향 시차·요인 중복·가중치는 이 셀에서 검증 자료 없음(실험 기록·시간순 검증에서만 판단)""]",[],"{""luckySuspect"":false,""reasonableProcess"":false,""luckyNote"":null,""reasonableNote"":null}","{""confirmedFacts"":[""출발가 31,700원(2026-09-28) → 실제 31,400원(2026-09-29, 1거래일) -0.95% · 예측 중앙 31,523원 -0.56% · 오차 +0.39%(절대 오차율 0.39%, 허용 1.5%)"",""방향: 예측 하락(58%) · 실제 하락 → 정답 · 80% 띠 담김(폭 6.0%)"",""실제값 정정 이력 1건"",""실제 종가 관측 시각 2026-09-29T09:54:42.000Z(16:00 KST 이후 · 지연 관측)""],""modelInternal"":[""선택 모형의 기대 누적 -0.27% = 절편 +0.04% + 자기 추세 -0.35% + 52종목 폭·평균 +0.04% · 실제 -0.95%"",""실제 방향과 반대로 기여한 항: F11 (모형 내부 설명 · 인과 아님)""],""causeHypotheses"":[],""unverified"":[""수급(외국인·기관·개인)·심리·과열·영향 시차·요인 중복·가중치는 이 셀에서 검증 자료 없음(실험 기록·시간순 검증에서만 판단)""]}"
analysis-a97875019db80f4b,analysis,2026-09-29,2026-09-29T09:54:42Z,,,"{""forecastId"":""2026-09-28-atlas11-90616c6bc916e8d6"",""modelVersion"":""atlas11-A-1""}",live,,,,,,,,,,,,,,003230,삼양식품,cons,2026-09-28-atlas11-90616c6bc916e8d6,atlas11-A-1,2026-09-28,2026-09-29,1,3,크기 허용·방향 틀림,false,true,true,0.8963132785398469,"{""realizedLog"":0.0049261183360557815,""predictedLog"":-0.00407742497517411,""errorLog"":-0.009003543311229892,""basketCumLog"":null,""beta"":0.6817,""marketPartLog"":null,""residualPartLog"":null,""marketShare"":null,""unexplainedShare"":null}","[""출발가 1,215,000원(2026-09-28) → 실제 1,221,000원(2026-09-29, 1거래일) +0.49% · 예측 중앙 1,210,056원 -0.41% · 오차 -0.90%(절대 오차율 0.90%, 허용 1.5%)"",""방향: 예측 하락(54%) · 실제 상승 → 오답 · 80% 띠 담김(폭 7.4%)"",""실제값 정정 이력 4건"",""실제 종가 관측 시각 2026-09-29T09:54:42.000Z(16:00 KST 이후 · 지연 관측)""]","[""선택 모형의 기대 누적 0.00% = 절편 0.00% + 자기 추세 0.00% + 52종목 폭·평균 0.00% · 실제 +0.49%""]","[{""category"":""자료 오류"",""evidence"":""실제값 정정 4건"",""counterEvidence"":""정정 뒤 값으로 채점됨"",""strength"":""약""}]","[""수급(외국인·기관·개인)·심리·과열·영향 시차·요인 중복·가중치는 이 셀에서 검증 자료 없음(실험 기록·시간순 검증에서만 판단)""]","[""자료 오류""]","{""luckySuspect"":false,""reasonableProcess"":true,""luckyNote"":null,""reasonableNote"":""방향은 틀렸지만 실제값이 모형 80% 띠 안 → 판단 과정은 분포 안""}","{""confirmedFacts"":[""출발가 1,215,000원(2026-09-28) → 실제 1,221,000원(2026-09-29, 1거래일) +0.49% · 예측 중앙 1,210,056원 -0.41% · 오차 -0.90%(절대 오차율 0.90%, 허용 1.5%)"",""방향: 예측 하락(54%) · 실제 상승 → 오답 · 80% 띠 담김(폭 7.4%)"",""실제값 정정 이력 4건"",""실제 종가 관측 시각 2026-09-29T09:54:42.000Z(16:00 KST 이후 · 지연 관측)""],""modelInternal"":[""선택 모형의 기대 누적 0.00% = 절편 0.00% + 자기 추세 0.00% + 52종목 폭·평균 0.00% · 실제 +0.49%""],""causeHypotheses"":[""자료 오류""],""unverified"":[""수급(외국인·기관·개인)·심리·과열·영향 시차·요인 중복·가중치는 이 셀에서 검증 자료 없음(실험 기록·시간순 검증에서만 판단)""]}"
analysis-c2559eda38e51815,analysis,2026-09-29,2026-09-29T09:54:42Z,,,"{""forecastId"":""2026-09-28-atlas11-90616c6bc916e8d6"",""modelVersion"":""atlas11-A-1""}",live,,,,,,,,,,,,,,259960,크래프톤,net,2026-09-28-atlas11-90616c6bc916e8d6,atlas11-A-1,2026-09-28,2026-09-29,1,2,방향 맞고 크기 틀림,true,false,true,2.0992140685935134,"{""realizedLog"":-0.021516967224633553,""predictedLog"":-0.0007421257348711653,""errorLog"":0.02077484148976239,""basketCumLog"":null,""beta"":0.6022,""marketPartLog"":null,""residualPartLog"":null,""marketShare"":null,""unexplainedShare"":null}","[""출발가 202,000원(2026-09-28) → 실제 197,700원(2026-09-29, 1거래일) -2.13% · 예측 중앙 201,850원 -0.07% · 오차 +2.10%(절대 오차율 2.10%, 허용 1.5%)"",""방향: 예측 하락(50%) · 실제 하락 → 정답 · 80% 띠 담김(폭 5.0%)"",""실제값 정정 이력 3건"",""실제 종가 관측 시각 2026-09-29T09:54:42.000Z(16:00 KST 이후 · 지연 관측)""]","[""선택 모형의 기대 누적 -0.07% = 절편 -0.06% + 자기 추세 +0.01% + 52종목 폭·평균 -0.01% · 실제 -2.13%"",""실제 방향과 반대로 기여한 항: F35 (모형 내부 설명 · 인과 아님)""]","[{""category"":""자료 오류"",""evidence"":""실제값 정정 3건"",""counterEvidence"":""정정 뒤 값으로 채점됨"",""strength"":""약""}]","[""수급(외국인·기관·개인)·심리·과열·영향 시차·요인 중복·가중치는 이 셀에서 검증 자료 없음(실험 기록·시간순 검증에서만 판단)""]","[""자료 오류""]","{""luckySuspect"":false,""reasonableProcess"":false,""luckyNote"":null,""reasonableNote"":null}","{""confirmedFacts"":[""출발가 202,000원(2026-09-28) → 실제 197,700원(2026-09-29, 1거래일) -2.13% · 예측 중앙 201,850원 -0.07% · 오차 +2.10%(절대 오차율 2.10%, 허용 1.5%)"",""방향: 예측 하락(50%) · 실제 하락 → 정답 · 80% 띠 담김(폭 5.0%)"",""실제값 정정 이력 3건"",""실제 종가 관측 시각 2026-09-29T09:54:42.000Z(16:00 KST 이후 · 지연 관측)""],""modelInternal"":[""선택 모형의 기대 누적 -0.07% = 절편 -0.06% + 자기 추세 +0.01% + 52종목 폭·평균 -0.01% · 실제 -2.13%"",""실제 방향과 반대로 기여한 항: F35 (모형 내부 설명 · 인과 아님)""],""causeHypotheses"":[""자료 오류""],""unverified"":[""수급(외국인·기관·개인)·심리·과열·영향 시차·요인 중복·가중치는 이 셀에서 검증 자료 없음(실험 기록·시간순 검증에서만 판단)""]}"
analysis-804fa7a034376aa9,analysis,2026-09-29,2026-09-29T09:54:42Z,,,"{""forecastId"":""2026-09-28-atlas11-90616c6bc916e8d6"",""modelVersion"":""atlas11-A-1""}",live,,,,,,,,,,,,,,352820,하이브,net,2026-09-28-atlas11-90616c6bc916e8d6,atlas11-A-1,2026-09-28,2026-09-29,1,2,방향 맞고 크기 틀림,true,false,true,1.8638619424465448,"{""realizedLog"":-0.018703787140919095,""predictedLog"":-0.00023673817130389073,""errorLog"":0.018467048969615204,""basketCumLog"":null,""beta"":0.9397,""marketPartLog"":null,""residualPartLog"":null,""marketShare"":null,""unexplainedShare"":null}","[""출발가 161,900원(2026-09-28) → 실제 158,900원(2026-09-29, 1거래일) -1.85% · 예측 중앙 161,862원 -0.02% · 오차 +1.86%(절대 오차율 1.86%, 허용 1.5%)"",""방향: 예측 하락(49%) · 실제 하락 → 정답 · 80% 띠 담김(폭 6.1%)"",""실제값 정정 이력 1건"",""실제 종가 관측 시각 2026-09-29T09:54:42.000Z(16:00 KST 이후 · 지연 관측)""]","[""선택 모형의 기대 누적 0.00% = 절편 0.00% + 자기 추세 0.00% + 52종목 폭·평균 0.00% · 실제 -1.85%""]","[{""category"":""자료 오류"",""evidence"":""실제값 정정 1건"",""counterEvidence"":""정정 뒤 값으로 채점됨"",""strength"":""약""}]","[""수급(외국인·기관·개인)·심리·과열·영향 시차·요인 중복·가중치는 이 셀에서 검증 자료 없음(실험 기록·시간순 검증에서만 판단)""]","[""자료 오류""]","{""luckySuspect"":false,""reasonableProcess"":false,""luckyNote"":null,""reasonableNote"":null}","{""confirmedFacts"":[""출발가 161,900원(2026-09-28) → 실제 158,900원(2026-09-29, 1거래일) -1.85% · 예측 중앙 161,862원 -0.02% · 오차 +1.86%(절대 오차율 1.86%, 허용 1.5%)"",""방향: 예측 하락(49%) · 실제 하락 → 정답 · 80% 띠 담김(폭 6.1%)"",""실제값 정정 이력 1건"",""실제 종가 관측 시각 2026-09-29T09:54:42.000Z(16:00 KST 이후 · 지연 관측)""],""modelInternal"":[""선택 모형의 기대 누적 0.00% = 절편 0.00% + 자기 추세 0.00% + 52종목 폭·평균 0.00% · 실제 -1.85%""],""causeHypotheses"":[""자료 오류""],""unverified"":[""수급(외국인·기관·개인)·심리·과열·영향 시차·요인 중복·가중치는 이 셀에서 검증 자료 없음(실험 기록·시간순 검증에서만 판단)""]}"
analysis-10f426e67acc3886,analysis,2026-09-29,2026-09-29T09:54:42Z,,,"{""forecastId"":""2026-09-28-atlas11-90616c6bc916e8d6"",""modelVersion"":""atlas11-A-1""}",live,,,,,,,,,,,,,,029780,삼성카드,fin,2026-09-28-atlas11-90616c6bc916e8d6,atlas11-A-1,2026-09-28,2026-09-29,1,4,방향·크기 모두 틀림,false,false,false,1.9646036544170655,"{""realizedLog"":-0.019802627296179754,""predictedLog"":-0.0003470832223247104,""errorLog"":0.019455544073855045,""basketCumLog"":null,""beta"":0.3975,""marketPartLog"":null,""residualPartLog"":null,""marketShare"":null,""unexplainedShare"":null}","[""출발가 43,350원(2026-09-28) → 실제 42,500원(2026-09-29, 1거래일) -1.96% · 예측 중앙 43,335원 -0.03% · 오차 +1.96%(절대 오차율 1.96%, 허용 1.5%)"",""방향: 예측 상승(47%) · 실제 하락 → 오답 · 80% 띠 벗어남(폭 3.4%)"",""실제값 정정 이력 3건"",""실제 종가 관측 시각 2026-09-29T09:54:42.000Z(16:00 KST 이후 · 지연 관측)""]","[""선택 모형의 기대 누적 0.00% = 절편 0.00% + 자기 추세 0.00% + 52종목 폭·평균 0.00% · 실제 -1.96%""]","[{""category"":""변동성·범위"",""evidence"":""실제값이 80% 띠 밖(폭 3.4% · 실제 이동 -1.96%)"",""counterEvidence"":""80% 띠는 명목이며 개별 셀의 벗어남은 정상 범위일 수 있음(담김률로 판단)"",""strength"":""중""},{""category"":""자료 오류"",""evidence"":""실제값 정정 3건"",""counterEvidence"":""정정 뒤 값으로 채점됨"",""strength"":""약""}]","[""수급(외국인·기관·개인)·심리·과열·영향 시차·요인 중복·가중치는 이 셀에서 검증 자료 없음(실험 기록·시간순 검증에서만 판단)""]","[""변동성·범위"",""자료 오류""]","{""luckySuspect"":false,""reasonableProcess"":false,""luckyNote"":null,""reasonableNote"":null}","{""confirmedFacts"":[""출발가 43,350원(2026-09-28) → 실제 42,500원(2026-09-29, 1거래일) -1.96% · 예측 중앙 43,335원 -0.03% · 오차 +1.96%(절대 오차율 1.96%, 허용 1.5%)"",""방향: 예측 상승(47%) · 실제 하락 → 오답 · 80% 띠 벗어남(폭 3.4%)"",""실제값 정정 이력 3건"",""실제 종가 관측 시각 2026-09-29T09:54:42.000Z(16:00 KST 이후 · 지연 관측)""],""modelInternal"":[""선택 모형의 기대 누적 0.00% = 절편 0.00% + 자기 추세 0.00% + 52종목 폭·평균 0.00% · 실제 -1.96%""],""causeHypotheses"":[""변동성·범위"",""자료 오류""],""unverified"":[""수급(외국인·기관·개인)·심리·과열·영향 시차·요인 중복·가중치는 이 셀에서 검증 자료 없음(실험 기록·시간순 검증에서만 판단)""]}"
analysis-e6ab5b701f3ece95,analysis,2026-09-29,2026-09-29T09:54:42Z,,,"{""forecastId"":""2026-09-28-atlas11-90616c6bc916e8d6"",""modelVersion"":""atlas11-A-1""}",live,,,,,,,,,,,,,,004170,신세계,cons,2026-09-28-atlas11-90616c6bc916e8d6,atlas11-A-1,2026-09-28,2026-09-29,1,2,방향 맞고 크기 틀림,true,false,true,1.5806939362459773,"{""realizedLog"":-0.01614121617938525,""predictedLog"":-0.00045790539178172505,""errorLog"":0.015683310787603523,""basketCumLog"":null,""beta"":0.9942,""marketPartLog"":null,""residualPartLog"":null,""marketShare"":null,""unexplainedShare"":null}","[""출발가 343,500원(2026-09-28) → 실제 338,000원(2026-09-29, 1거래일) -1.60% · 예측 중앙 343,343원 -0.05% · 오차 +1.58%(절대 오차율 1.58%, 허용 1.5%)"",""방향: 예측 하락(49%) · 실제 하락 → 정답 · 80% 띠 담김(폭 8.1%)"",""실제값 정정 이력 4건"",""실제 종가 관측 시각 2026-09-29T09:54:42.000Z(16:00 KST 이후 · 지연 관측)""]","[""선택 모형의 기대 누적 +0.14% = 절편 +0.12% + 자기 추세 +0.01% + 52종목 폭·평균 +0.01% · 실제 -1.60%"",""실제 방향과 반대로 기여한 항: F35, F11 (모형 내부 설명 · 인과 아님)""]","[{""category"":""자료 오류"",""evidence"":""실제값 정정 4건"",""counterEvidence"":""정정 뒤 값으로 채점됨"",""strength"":""약""}]","[""수급(외국인·기관·개인)·심리·과열·영향 시차·요인 중복·가중치는 이 셀에서 검증 자료 없음(실험 기록·시간순 검증에서만 판단)""]","[""자료 오류""]","{""luckySuspect"":false,""reasonableProcess"":false,""luckyNote"":null,""reasonableNote"":null}","{""confirmedFacts"":[""출발가 343,500원(2026-09-28) → 실제 338,000원(2026-09-29, 1거래일) -1.60% · 예측 중앙 343,343원 -0.05% · 오차 +1.58%(절대 오차율 1.58%, 허용 1.5%)"",""방향: 예측 하락(49%) · 실제 하락 → 정답 · 80% 띠 담김(폭 8.1%)"",""실제값 정정 이력 4건"",""실제 종가 관측 시각 2026-09-29T09:54:42.000Z(16:00 KST 이후 · 지연 관측)""],""modelInternal"":[""선택 모형의 기대 누적 +0.14% = 절편 +0.12% + 자기 추세 +0.01% + 52종목 폭·평균 +0.01% · 실제 -1.60%"",""실제 방향과 반대로 기여한 항: F35, F11 (모형 내부 설명 · 인과 아님)""],""causeHypotheses"":[""자료 오류""],""unverified"":[""수급(외국인·기관·개인)·심리·과열·영향 시차·요인 중복·가중치는 이 셀에서 검증 자료 없음(실험 기록·시간순 검증에서만 판단)""]}"
analysis-8d2f568eecda00c9,analysis,2026-09-29,2026-09-29T09:54:42Z,,,"{""forecastId"":""2026-09-28-atlas11-90616c6bc916e8d6"",""modelVersion"":""atlas11-A-1""}",live,,,,,,,,,,,,,,012750,에스원,util,2026-09-28-atlas11-90616c6bc916e8d6,atlas11-A-1,2026-09-28,2026-09-29,1,1,방향·크기 모두 맞음,true,true,true,0.7478260793164844,"{""realizedLog"":-0.00722894714315143,""predictedLog"":0.0002214900862432742,""errorLog"":0.0074504372293947045,""basketCumLog"":null,""beta"":0.3469,""marketPartLog"":null,""residualPartLog"":null,""marketShare"":null,""unexplainedShare"":null}","[""출발가 83,300원(2026-09-28) → 실제 82,700원(2026-09-29, 1거래일) -0.72% · 예측 중앙 83,318원 +0.02% · 오차 +0.75%(절대 오차율 0.75%, 허용 1.5%)"",""방향: 예측 하락(48%) · 실제 하락 → 정답 · 80% 띠 담김(폭 5.1%)"",""실제값 정정 이력 3건"",""실제 종가 관측 시각 2026-09-29T09:54:42.000Z(16:00 KST 이후 · 지연 관측)""]","[""선택 모형의 기대 누적 0.00% = 절편 0.00% + 자기 추세 0.00% + 52종목 폭·평균 0.00% · 실제 -0.72%""]",[],"[""수급(외국인·기관·개인)·심리·과열·영향 시차·요인 중복·가중치는 이 셀에서 검증 자료 없음(실험 기록·시간순 검증에서만 판단)""]",[],"{""luckySuspect"":false,""reasonableProcess"":false,""luckyNote"":null,""reasonableNote"":null}","{""confirmedFacts"":[""출발가 83,300원(2026-09-28) → 실제 82,700원(2026-09-29, 1거래일) -0.72% · 예측 중앙 83,318원 +0.02% · 오차 +0.75%(절대 오차율 0.75%, 허용 1.5%)"",""방향: 예측 하락(48%) · 실제 하락 → 정답 · 80% 띠 담김(폭 5.1%)"",""실제값 정정 이력 3건"",""실제 종가 관측 시각 2026-09-29T09:54:42.000Z(16:00 KST 이후 · 지연 관측)""],""modelInternal"":[""선택 모형의 기대 누적 0.00% = 절편 0.00% + 자기 추세 0.00% + 52종목 폭·평균 0.00% · 실제 -0.72%""],""causeHypotheses"":[],""unverified"":[""수급(외국인·기관·개인)·심리·과열·영향 시차·요인 중복·가중치는 이 셀에서 검증 자료 없음(실험 기록·시간순 검증에서만 판단)""]}"
analysis-e1e9a53310c45be7,analysis,2026-09-29,2026-09-29T09:54:42Z,,,"{""forecastId"":""2026-09-28-atlas11-90616c6bc916e8d6"",""modelVersion"":""atlas11-A-1""}",live,,,,,,,,,,,,,,111770,영원무역,cons,2026-09-28-atlas11-90616c6bc916e8d6,atlas11-A-1,2026-09-28,2026-09-29,1,1,방향·크기 모두 맞음,true,true,true,1.3519680604058728,"{""realizedLog"":-0.014104606181541935,""predictedLog"":-0.0006755010052427328,""errorLog"":0.013429105176299201,""basketCumLog"":null,""beta"":0.5629,""marketPartLog"":null,""residualPartLog"":null,""marketShare"":null,""unexplainedShare"":null}","[""출발가 71,400원(2026-09-28) → 실제 70,400원(2026-09-29, 1거래일) -1.40% · 예측 중앙 71,352원 -0.07% · 오차 +1.35%(절대 오차율 1.35%, 허용 1.5%)"",""방향: 예측 하락(49%) · 실제 하락 → 정답 · 80% 띠 담김(폭 5.3%)"",""실제값 정정 이력 4건"",""실제 종가 관측 시각 2026-09-29T09:54:42.000Z(16:00 KST 이후 · 지연 관측)""]","[""선택 모형의 기대 누적 -0.06% = 절편 +0.08% + 자기 추세 -0.22% + 52종목 폭·평균 +0.08% · 실제 -1.40%"",""실제 방향과 반대로 기여한 항: F11 (모형 내부 설명 · 인과 아님)""]",[],"[""수급(외국인·기관·개인)·심리·과열·영향 시차·요인 중복·가중치는 이 셀에서 검증 자료 없음(실험 기록·시간순 검증에서만 판단)""]",[],"{""luckySuspect"":false,""reasonableProcess"":false,""luckyNote"":null,""reasonableNote"":null}","{""confirmedFacts"":[""출발가 71,400원(2026-09-28) → 실제 70,400원(2026-09-29, 1거래일) -1.40% · 예측 중앙 71,352원 -0.07% · 오차 +1.35%(절대 오차율 1.35%, 허용 1.5%)"",""방향: 예측 하락(49%) · 실제 하락 → 정답 · 80% 띠 담김(폭 5.3%)"",""실제값 정정 이력 4건"",""실제 종가 관측 시각 2026-09-29T09:54:42.000Z(16:00 KST 이후 · 지연 관측)""],""modelInternal"":[""선택 모형의 기대 누적 -0.06% = 절편 +0.08% + 자기 추세 -0.22% + 52종목 폭·평균 +0.08% · 실제 -1.40%"",""실제 방향과 반대로 기여한 항: F11 (모형 내부 설명 · 인과 아님)""],""causeHypotheses"":[],""unverified"":[""수급(외국인·기관·개인)·심리·과열·영향 시차·요인 중복·가중치는 이 셀에서 검증 자료 없음(실험 기록·시간순 검증에서만 판단)""]}"
analysis-84ffe862181a23f7,analysis,2026-09-29,2026-09-29T09:54:42Z,,,"{""forecastId"":""2026-09-28-atlas11-90616c6bc916e8d6"",""modelVersion"":""atlas11-A-1""}",live,,,,,,,,,,,,,,035250,강원랜드,cons,2026-09-28-atlas11-90616c6bc916e8d6,atlas11-A-1,2026-09-28,2026-09-29,1,3,크기 허용·방향 틀림,false,true,true,0.6570506179164783,"{""realizedLog"":-0.006247850938363027,""predictedLog"":0.00030116355454857423,""errorLog"":0.006549014492911601,""basketCumLog"":null,""beta"":0.3952,""marketPartLog"":null,""residualPartLog"":null,""marketShare"":null,""unexplainedShare"":null}","[""출발가 14,450원(2026-09-28) → 실제 14,360원(2026-09-29, 1거래일) -0.62% · 예측 중앙 14,454원 +0.03% · 오차 +0.66%(절대 오차율 0.66%, 허용 1.5%)"",""방향: 예측 상승(48%) · 실제 하락 → 오답 · 80% 띠 담김(폭 2.7%)"",""실제값 정정 이력 3건"",""실제 종가 관측 시각 2026-09-29T09:54:42.000Z(16:00 KST 이후 · 지연 관측)""]","[""선택 모형의 기대 누적 +0.03% = 절편 -0.00% + 자기 추세 -0.05% + 52종목 폭·평균 +0.08% · 실제 -0.62%"",""실제 방향과 반대로 기여한 항: F11 (모형 내부 설명 · 인과 아님)""]","[{""category"":""자료 오류"",""evidence"":""실제값 정정 3건"",""counterEvidence"":""정정 뒤 값으로 채점됨"",""strength"":""약""}]","[""수급(외국인·기관·개인)·심리·과열·영향 시차·요인 중복·가중치는 이 셀에서 검증 자료 없음(실험 기록·시간순 검증에서만 판단)""]","[""자료 오류""]","{""luckySuspect"":false,""reasonableProcess"":true,""luckyNote"":null,""reasonableNote"":""방향은 틀렸지만 실제값이 모형 80% 띠 안 → 판단 과정은 분포 안""}","{""confirmedFacts"":[""출발가 14,450원(2026-09-28) → 실제 14,360원(2026-09-29, 1거래일) -0.62% · 예측 중앙 14,454원 +0.03% · 오차 +0.66%(절대 오차율 0.66%, 허용 1.5%)"",""방향: 예측 상승(48%) · 실제 하락 → 오답 · 80% 띠 담김(폭 2.7%)"",""실제값 정정 이력 3건"",""실제 종가 관측 시각 2026-09-29T09:54:42.000Z(16:00 KST 이후 · 지연 관측)""],""modelInternal"":[""선택 모형의 기대 누적 +0.03% = 절편 -0.00% + 자기 추세 -0.05% + 52종목 폭·평균 +0.08% · 실제 -0.62%"",""실제 방향과 반대로 기여한 항: F11 (모형 내부 설명 · 인과 아님)""],""causeHypotheses"":[""자료 오류""],""unverified"":[""수급(외국인·기관·개인)·심리·과열·영향 시차·요인 중복·가중치는 이 셀에서 검증 자료 없음(실험 기록·시간순 검증에서만 판단)""]}"
analysis-a3360e52327cc90e,analysis,2026-09-29,2026-09-29T09:54:42Z,,,"{""forecastId"":""2026-09-28-atlas11-90616c6bc916e8d6"",""modelVersion"":""atlas11-A-1""}",live,,,,,,,,,,,,,,214370,케어젠,bio,2026-09-28-atlas11-90616c6bc916e8d6,atlas11-A-1,2026-09-28,2026-09-29,1,4,방향·크기 모두 틀림,false,false,true,4.576595059795885,"{""realizedLog"":0.04313669388815919,""predictedLog"":-0.003709608932374687,""errorLog"":-0.046846302820533876,""basketCumLog"":null,""beta"":1.258,""marketPartLog"":null,""residualPartLog"":null,""marketShare"":null,""unexplainedShare"":null}","[""출발가 39,700원(2026-09-28) → 실제 41,450원(2026-09-29, 1거래일) +4.41% · 예측 중앙 39,553원 -0.37% · 오차 -4.58%(절대 오차율 4.58%, 허용 1.5%)"",""방향: 예측 하락(54%) · 실제 상승 → 오답 · 80% 띠 담김(폭 9.2%)"",""실제값 정정 이력 1건"",""실제 종가 관측 시각 2026-09-29T09:54:42.000Z(16:00 KST 이후 · 지연 관측)""]","[""선택 모형의 기대 누적 0.00% = 절편 0.00% + 자기 추세 0.00% + 52종목 폭·평균 0.00% · 실제 +4.41%""]","[{""category"":""자료 오류"",""evidence"":""실제값 정정 1건"",""counterEvidence"":""정정 뒤 값으로 채점됨"",""strength"":""약""}]","[""수급(외국인·기관·개인)·심리·과열·영향 시차·요인 중복·가중치는 이 셀에서 검증 자료 없음(실험 기록·시간순 검증에서만 판단)""]","[""자료 오류""]","{""luckySuspect"":false,""reasonableProcess"":true,""luckyNote"":null,""reasonableNote"":""방향은 틀렸지만 실제값이 모형 80% 띠 안 → 판단 과정은 분포 안""}","{""confirmedFacts"":[""출발가 39,700원(2026-09-28) → 실제 41,450원(2026-09-29, 1거래일) +4.41% · 예측 중앙 39,553원 -0.37% · 오차 -4.58%(절대 오차율 4.58%, 허용 1.5%)"",""방향: 예측 하락(54%) · 실제 상승 → 오답 · 80% 띠 담김(폭 9.2%)"",""실제값 정정 이력 1건"",""실제 종가 관측 시각 2026-09-29T09:54:42.000Z(16:00 KST 이후 · 지연 관측)""],""modelInternal"":[""선택 모형의 기대 누적 0.00% = 절편 0.00% + 자기 추세 0.00% + 52종목 폭·평균 0.00% · 실제 +4.41%""],""causeHypotheses"":[""자료 오류""],""unverified"":[""수급(외국인·기관·개인)·심리·과열·영향 시차·요인 중복·가중치는 이 셀에서 검증 자료 없음(실험 기록·시간순 검증에서만 판단)""]}"
analysis-eac5855e91785b1d,analysis,2026-09-29,2026-09-29T09:54:42Z,,,"{""forecastId"":""2026-09-28-atlas11-90616c6bc916e8d6"",""modelVersion"":""atlas11-A-1""}",live,,,,,,,,,,,,,,030000,제일기획,net,2026-09-28-atlas11-90616c6bc916e8d6,atlas11-A-1,2026-09-28,2026-09-29,1,1,방향·크기 모두 맞음,true,true,true,0.07811830787595712,"{""realizedLog"":0.0011223345734787044,""predictedLog"":0.00034084621221981194,""errorLog"":-0.0007814883612588925,""basketCumLog"":null,""beta"":0.3386,""marketPartLog"":null,""residualPartLog"":null,""marketShare"":null,""unexplainedShare"":null}","[""출발가 17,810원(2026-09-28) → 실제 17,830원(2026-09-29, 1거래일) +0.11% · 예측 중앙 17,816원 +0.03% · 오차 -0.08%(절대 오차율 0.08%, 허용 1.5%)"",""방향: 예측 상승(48%) · 실제 상승 → 정답 · 80% 띠 담김(폭 3.2%)"",""실제값 정정 이력 3건"",""실제 종가 관측 시각 2026-09-29T09:54:42.000Z(16:00 KST 이후 · 지연 관측)""]","[""선택 모형의 기대 누적 0.00% = 절편 0.00% + 자기 추세 0.00% + 52종목 폭·평균 0.00% · 실제 +0.11%""]",[],"[""수급(외국인·기관·개인)·심리·과열·영향 시차·요인 중복·가중치는 이 셀에서 검증 자료 없음(실험 기록·시간순 검증에서만 판단)""]",[],"{""luckySuspect"":false,""reasonableProcess"":false,""luckyNote"":null,""reasonableNote"":null}","{""confirmedFacts"":[""출발가 17,810원(2026-09-28) → 실제 17,830원(2026-09-29, 1거래일) +0.11% · 예측 중앙 17,816원 +0.03% · 오차 -0.08%(절대 오차율 0.08%, 허용 1.5%)"",""방향: 예측 상승(48%) · 실제 상승 → 정답 · 80% 띠 담김(폭 3.2%)"",""실제값 정정 이력 3건"",""실제 종가 관측 시각 2026-09-29T09:54:42.000Z(16:00 KST 이후 · 지연 관측)""],""modelInternal"":[""선택 모형의 기대 누적 0.00% = 절편 0.00% + 자기 추세 0.00% + 52종목 폭·평균 0.00% · 실제 +0.11%""],""causeHypotheses"":[],""unverified"":[""수급(외국인·기관·개인)·심리·과열·영향 시차·요인 중복·가중치는 이 셀에서 검증 자료 없음(실험 기록·시간순 검증에서만 판단)""]}"
analysis-04cdc7989c33cf41,analysis,2026-09-29,2026-09-29T09:54:42Z,,,"{""forecastId"":""2026-09-28-atlas11-27e1f65cfc167be9"",""modelVersion"":""atlas11-A-1""}",live,,,,,,,,,,,,,,373220,LG에너지솔루션,chem,2026-09-28-atlas11-27e1f65cfc167be9,atlas11-A-1,2026-09-28,2026-09-29,1,2,방향 맞고 크기 틀림,true,false,true,3.0848680527437224,"{""realizedLog"":-0.030685810703443898,""predictedLog"":-0.00030338605484779655,""errorLog"":0.030382424648596102,""basketCumLog"":null,""beta"":1.0327,""marketPartLog"":null,""residualPartLog"":null,""marketShare"":null,""unexplainedShare"":null}","[""출발가 364,000원(2026-09-28) → 실제 353,000원(2026-09-29, 1거래일) -3.02% · 예측 중앙 363,890원 -0.03% · 오차 +3.08%(절대 오차율 3.08%, 허용 1.5%)"",""방향: 예측 하락(49%) · 실제 하락 → 정답 · 80% 띠 담김(폭 7.6%)"",""실제값 정정 이력 2건"",""실제 종가 관측 시각 2026-09-29T09:54:42.000Z(16:00 KST 이후 · 지연 관측)""]","[""선택 모형의 기대 누적 0.00% = 절편 0.00% + 자기 추세 0.00% + 52종목 폭·평균 0.00% · 실제 -3.02%""]","[{""category"":""자료 오류"",""evidence"":""실제값 정정 2건"",""counterEvidence"":""정정 뒤 값으로 채점됨"",""strength"":""약""}]","[""수급(외국인·기관·개인)·심리·과열·영향 시차·요인 중복·가중치는 이 셀에서 검증 자료 없음(실험 기록·시간순 검증에서만 판단)""]","[""자료 오류""]","{""luckySuspect"":false,""reasonableProcess"":false,""luckyNote"":null,""reasonableNote"":null}","{""confirmedFacts"":[""출발가 364,000원(2026-09-28) → 실제 353,000원(2026-09-29, 1거래일) -3.02% · 예측 중앙 363,890원 -0.03% · 오차 +3.08%(절대 오차율 3.08%, 허용 1.5%)"",""방향: 예측 하락(49%) · 실제 하락 → 정답 · 80% 띠 담김(폭 7.6%)"",""실제값 정정 이력 2건"",""실제 종가 관측 시각 2026-09-29T09:54:42.000Z(16:00 KST 이후 · 지연 관측)""],""modelInternal"":[""선택 모형의 기대 누적 0.00% = 절편 0.00% + 자기 추세 0.00% + 52종목 폭·평균 0.00% · 실제 -3.02%""],""causeHypotheses"":[""자료 오류""],""unverified"":[""수급(외국인·기관·개인)·심리·과열·영향 시차·요인 중복·가중치는 이 셀에서 검증 자료 없음(실험 기록·시간순 검증에서만 판단)""]}"
analysis-90c4dee4984841d3,analysis,2026-09-29,2026-09-29T09:54:42Z,,,"{""forecastId"":""2026-09-28-atlas11-27e1f65cfc167be9"",""modelVersion"":""atlas11-A-1""}",live,,,,,,,,,,,,,,207940,삼성바이오로직스,bio,2026-09-28-atlas11-27e1f65cfc167be9,atlas11-A-1,2026-09-28,2026-09-29,1,1,방향·크기 모두 맞음,true,true,true,1.4480721738174105,"{""realizedLog"":-0.014388737452099556,""predictedLog"":-0.000011860071273032298,""errorLog"":0.014376877380826525,""basketCumLog"":null,""beta"":0.6242,""marketPartLog"":null,""residualPartLog"":null,""marketShare"":null,""unexplainedShare"":null}","[""출발가 1,400,000원(2026-09-28) → 실제 1,380,000원(2026-09-29, 1거래일) -1.43% · 예측 중앙 1,399,983원 -0.00% · 오차 +1.45%(절대 오차율 1.45%, 허용 1.5%)"",""방향: 예측 하락(47%) · 실제 하락 → 정답 · 80% 띠 담김(폭 4.7%)"",""기간 안 확인된 일정 1건(기업 1 · 중요 1): 삼성바이오로직스 기업설명회 · 코리아 프리미엄 위크 — 수치 영향은 미산출"",""실제값 정정 이력 2건"",""실제 종가 관측 시각 2026-09-29T09:54:42.000Z(16:00 KST 이후 · 지연 관측)""]","[""선택 모형의 기대 누적 0.00% = 절편 0.00% + 자기 추세 0.00% + 52종목 폭·평균 0.00% · 실제 -1.43%""]",[],"[""수급(외국인·기관·개인)·심리·과열·영향 시차·요인 중복·가중치는 이 셀에서 검증 자료 없음(실험 기록·시간순 검증에서만 판단)""]",[],"{""luckySuspect"":false,""reasonableProcess"":false,""luckyNote"":null,""reasonableNote"":null}","{""confirmedFacts"":[""출발가 1,400,000원(2026-09-28) → 실제 1,380,000원(2026-09-29, 1거래일) -1.43% · 예측 중앙 1,399,983원 -0.00% · 오차 +1.45%(절대 오차율 1.45%, 허용 1.5%)"",""방향: 예측 하락(47%) · 실제 하락 → 정답 · 80% 띠 담김(폭 4.7%)"",""기간 안 확인된 일정 1건(기업 1 · 중요 1): 삼성바이오로직스 기업설명회 · 코리아 프리미엄 위크 — 수치 영향은 미산출"",""실제값 정정 이력 2건"",""실제 종가 관측 시각 2026-09-29T09:54:42.000Z(16:00 KST 이후 · 지연 관측)""],""modelInternal"":[""선택 모형의 기대 누적 0.00% = 절편 0.00% + 자기 추세 0.00% + 52종목 폭·평균 0.00% · 실제 -1.43%""],""causeHypotheses"":[],""unverified"":[""수급(외국인·기관·개인)·심리·과열·영향 시차·요인 중복·가중치는 이 셀에서 검증 자료 없음(실험 기록·시간순 검증에서만 판단)""]}"
analysis-ed99a24f12f7be79,analysis,2026-09-29,2026-09-29T09:54:42Z,,,"{""forecastId"":""2026-09-28-atlas11-27e1f65cfc167be9"",""modelVersion"":""atlas11-A-1""}",live,,,,,,,,,,,,,,105560,KB금융,fin,2026-09-28-atlas11-27e1f65cfc167be9,atlas11-A-1,2026-09-28,2026-09-29,1,3,크기 허용·방향 틀림,false,true,true,1.0350658352822384,"{""realizedLog"":-0.008648079265769503,""predictedLog"":0.0016493778200589975,""errorLog"":0.0102974570858285,""basketCumLog"":null,""beta"":0.7869,""marketPartLog"":null,""residualPartLog"":null,""marketShare"":null,""unexplainedShare"":null}","[""출발가 174,200원(2026-09-28) → 실제 172,700원(2026-09-29, 1거래일) -0.86% · 예측 중앙 174,488원 +0.17% · 오차 +1.04%(절대 오차율 1.04%, 허용 1.5%)"",""방향: 예측 상승(52%) · 실제 하락 → 오답 · 80% 띠 담김(폭 4.7%)"",""실제값 정정 이력 2건"",""실제 종가 관측 시각 2026-09-29T09:54:42.000Z(16:00 KST 이후 · 지연 관측)""]","[""선택 모형의 기대 누적 +0.19% = 절편 +0.09% + 자기 추세 +0.02% + 52종목 폭·평균 +0.07% · 실제 -0.86%"",""실제 방향과 반대로 기여한 항: F35, F11 (모형 내부 설명 · 인과 아님)""]","[{""category"":""자료 오류"",""evidence"":""실제값 정정 2건"",""counterEvidence"":""정정 뒤 값으로 채점됨"",""strength"":""약""}]","[""수급(외국인·기관·개인)·심리·과열·영향 시차·요인 중복·가중치는 이 셀에서 검증 자료 없음(실험 기록·시간순 검증에서만 판단)""]","[""자료 오류""]","{""luckySuspect"":false,""reasonableProcess"":true,""luckyNote"":null,""reasonableNote"":""방향은 틀렸지만 실제값이 모형 80% 띠 안 → 판단 과정은 분포 안""}","{""confirmedFacts"":[""출발가 174,200원(2026-09-28) → 실제 172,700원(2026-09-29, 1거래일) -0.86% · 예측 중앙 174,488원 +0.17% · 오차 +1.04%(절대 오차율 1.04%, 허용 1.5%)"",""방향: 예측 상승(52%) · 실제 하락 → 오답 · 80% 띠 담김(폭 4.7%)"",""실제값 정정 이력 2건"",""실제 종가 관측 시각 2026-09-29T09:54:42.000Z(16:00 KST 이후 · 지연 관측)""],""modelInternal"":[""선택 모형의 기대 누적 +0.19% = 절편 +0.09% + 자기 추세 +0.02% + 52종목 폭·평균 +0.07% · 실제 -0.86%"",""실제 방향과 반대로 기여한 항: F35, F11 (모형 내부 설명 · 인과 아님)""],""causeHypotheses"":[""자료 오류""],""unverified"":[""수급(외국인·기관·개인)·심리·과열·영향 시차·요인 중복·가중치는 이 셀에서 검증 자료 없음(실험 기록·시간순 검증에서만 판단)""]}"
analysis-06c41d5571ca32a3,analysis,2026-09-29,2026-09-29T09:54:42Z,,,"{""forecastId"":""2026-09-28-atlas11-27e1f65cfc167be9"",""modelVersion"":""atlas11-A-1""}",live,,,,,,,,,,,,,,028260,삼성물산,util,2026-09-28-atlas11-27e1f65cfc167be9,atlas11-A-1,2026-09-28,2026-09-29,1,3,크기 허용·방향 틀림,false,true,true,0.30113577935979247,"{""realizedLog"":0.0014461318499997134,""predictedLog"":-0.0015697692046944297,""errorLog"":-0.003015901054694143,""basketCumLog"":null,""beta"":1.413,""marketPartLog"":null,""residualPartLog"":null,""marketShare"":null,""unexplainedShare"":null}","[""출발가 345,500원(2026-09-28) → 실제 346,000원(2026-09-29, 1거래일) +0.14% · 예측 중앙 344,958원 -0.16% · 오차 -0.30%(절대 오차율 0.30%, 허용 1.5%)"",""방향: 예측 하락(51%) · 실제 상승 → 오답 · 80% 띠 담김(폭 7.3%)"",""기간 안 확인된 일정 1건(기업 1 · 중요 1): 삼성물산 패션 브랜드 앙개 성수 팝업 개점 — 수치 영향은 미산출"",""실제값 정정 이력 2건"",""실제 종가 관측 시각 2026-09-29T09:54:42.000Z(16:00 KST 이후 · 지연 관측)""]","[""선택 모형의 기대 누적 0.00% = 절편 0.00% + 자기 추세 0.00% + 52종목 폭·평균 0.00% · 실제 +0.14%""]","[{""category"":""기업 사건"",""evidence"":""기간 안 기업 일정 삼성물산 패션 브랜드 앙개 성수 팝업 개점"",""counterEvidence"":""일정 확인만 · 결과·가격 반응·수치 영향 미산출 → 인과 단정 불가"",""strength"":""약""},{""category"":""자료 오류"",""evidence"":""실제값 정정 2건"",""counterEvidence"":""정정 뒤 값으로 채점됨"",""strength"":""약""}]","[""수급(외국인·기관·개인)·심리·과열·영향 시차·요인 중복·가중치는 이 셀에서 검증 자료 없음(실험 기록·시간순 검증에서만 판단)""]","[""기업 사건"",""자료 오류""]","{""luckySuspect"":false,""reasonableProcess"":true,""luckyNote"":null,""reasonableNote"":""방향은 틀렸지만 실제값이 모형 80% 띠 안 → 판단 과정은 분포 안""}","{""confirmedFacts"":[""출발가 345,500원(2026-09-28) → 실제 346,000원(2026-09-29, 1거래일) +0.14% · 예측 중앙 344,958원 -0.16% · 오차 -0.30%(절대 오차율 0.30%, 허용 1.5%)"",""방향: 예측 하락(51%) · 실제 상승 → 오답 · 80% 띠 담김(폭 7.3%)"",""기간 안 확인된 일정 1건(기업 1 · 중요 1): 삼성물산 패션 브랜드 앙개 성수 팝업 개점 — 수치 영향은 미산출"",""실제값 정정 이력 2건"",""실제 종가 관측 시각 2026-09-29T09:54:42.000Z(16:00 KST 이후 · 지연 관측)""],""modelInternal"":[""선택 모형의 기대 누적 0.00% = 절편 0.00% + 자기 추세 0.00% + 52종목 폭·평균 0.00% · 실제 +0.14%""],""causeHypotheses"":[""기업 사건"",""자료 오류""],""unverified"":[""수급(외국인·기관·개인)·심리·과열·영향 시차·요인 중복·가중치는 이 셀에서 검증 자료 없음(실험 기록·시간순 검증에서만 판단)""]}"
analysis-8762b75b73c6fc89,analysis,2026-09-29,2026-09-29T09:54:42Z,,,"{""forecastId"":""2026-09-28-atlas11-27e1f65cfc167be9"",""modelVersion"":""atlas11-A-1""}",live,,,,,,,,,,,,,,032830,삼성생명보험,fin,2026-09-28-atlas11-27e1f65cfc167be9,atlas11-A-1,2026-09-28,2026-09-29,1,2,방향 맞고 크기 틀림,true,false,true,1.9838929345089227,"{""realizedLog"":-0.020478531343540676,""predictedLog"":-0.000833828923613086,""errorLog"":0.01964470241992759,""basketCumLog"":null,""beta"":1.2564,""marketPartLog"":null,""residualPartLog"":null,""marketShare"":null,""unexplainedShare"":null}","[""출발가 296,000원(2026-09-28) → 실제 290,000원(2026-09-29, 1거래일) -2.03% · 예측 중앙 295,753원 -0.08% · 오차 +1.98%(절대 오차율 1.98%, 허용 1.5%)"",""방향: 예측 하락(50%) · 실제 하락 → 정답 · 80% 띠 담김(폭 6.0%)"",""실제값 정정 이력 4건"",""실제 종가 관측 시각 2026-09-29T09:54:42.000Z(16:00 KST 이후 · 지연 관측)""]","[""선택 모형의 기대 누적 +0.11% = 절편 +0.15% + 자기 추세 -0.04% + 52종목 폭·평균 -0.00% · 실제 -2.03%""]","[{""category"":""자료 오류"",""evidence"":""실제값 정정 4건"",""counterEvidence"":""정정 뒤 값으로 채점됨"",""strength"":""약""}]","[""수급(외국인·기관·개인)·심리·과열·영향 시차·요인 중복·가중치는 이 셀에서 검증 자료 없음(실험 기록·시간순 검증에서만 판단)""]","[""자료 오류""]","{""luckySuspect"":false,""reasonableProcess"":false,""luckyNote"":null,""reasonableNote"":null}","{""confirmedFacts"":[""출발가 296,000원(2026-09-28) → 실제 290,000원(2026-09-29, 1거래일) -2.03% · 예측 중앙 295,753원 -0.08% · 오차 +1.98%(절대 오차율 1.98%, 허용 1.5%)"",""방향: 예측 하락(50%) · 실제 하락 → 정답 · 80% 띠 담김(폭 6.0%)"",""실제값 정정 이력 4건"",""실제 종가 관측 시각 2026-09-29T09:54:42.000Z(16:00 KST 이후 · 지연 관측)""],""modelInternal"":[""선택 모형의 기대 누적 +0.11% = 절편 +0.15% + 자기 추세 -0.04% + 52종목 폭·평균 -0.00% · 실제 -2.03%""],""causeHypotheses"":[""자료 오류""],""unverified"":[""수급(외국인·기관·개인)·심리·과열·영향 시차·요인 중복·가중치는 이 셀에서 검증 자료 없음(실험 기록·시간순 검증에서만 판단)""]}"
analysis-98bce187025c5398,analysis,2026-09-29,2026-09-29T09:54:42Z,,,"{""forecastId"":""2026-09-28-atlas11-27e1f65cfc167be9"",""modelVersion"":""atlas11-A-1""}",live,,,,,,,,,,,,,,012450,한화에어로스페이스,heavy,2026-09-28-atlas11-27e1f65cfc167be9,atlas11-A-1,2026-09-28,2026-09-29,1,2,방향 맞고 크기 틀림,true,false,true,1.7215220809626464,"{""realizedLog"":-0.019531870917245956,""predictedLog"":-0.0024631530248850017,""errorLog"":0.017068717892360953,""basketCumLog"":null,""beta"":0.8212,""marketPartLog"":null,""residualPartLog"":null,""marketShare"":null,""unexplainedShare"":null}","[""출발가 1,034,000원(2026-09-28) → 실제 1,014,000원(2026-09-29, 1거래일) -1.93% · 예측 중앙 1,031,456원 -0.25% · 오차 +1.72%(절대 오차율 1.72%, 허용 1.5%)"",""방향: 예측 하락(53%) · 실제 하락 → 정답 · 80% 띠 담김(폭 9.8%)"",""기간 안 확인된 일정 1건(기업 1 · 중요 1): 한화에어로스페이스 기업설명회 · 코리아 프리미엄 위크 — 수치 영향은 미산출"",""실제값 정정 이력 1건"",""실제 종가 관측 시각 2026-09-29T09:54:42.000Z(16:00 KST 이후 · 지연 관측)""]","[""선택 모형의 기대 누적 0.00% = 절편 0.00% + 자기 추세 0.00% + 52종목 폭·평균 0.00% · 실제 -1.93%""]","[{""category"":""기업 사건"",""evidence"":""기간 안 기업 일정 한화에어로스페이스 기업설명회 · 코리아 프리미엄 위크"",""counterEvidence"":""일정 확인만 · 결과·가격 반응·수치 영향 미산출 → 인과 단정 불가"",""strength"":""약""},{""category"":""자료 오류"",""evidence"":""실제값 정정 1건"",""counterEvidence"":""정정 뒤 값으로 채점됨"",""strength"":""약""}]","[""수급(외국인·기관·개인)·심리·과열·영향 시차·요인 중복·가중치는 이 셀에서 검증 자료 없음(실험 기록·시간순 검증에서만 판단)""]","[""기업 사건"",""자료 오류""]","{""luckySuspect"":false,""reasonableProcess"":false,""luckyNote"":null,""reasonableNote"":null}","{""confirmedFacts"":[""출발가 1,034,000원(2026-09-28) → 실제 1,014,000원(2026-09-29, 1거래일) -1.93% · 예측 중앙 1,031,456원 -0.25% · 오차 +1.72%(절대 오차율 1.72%, 허용 1.5%)"",""방향: 예측 하락(53%) · 실제 하락 → 정답 · 80% 띠 담김(폭 9.8%)"",""기간 안 확인된 일정 1건(기업 1 · 중요 1): 한화에어로스페이스 기업설명회 · 코리아 프리미엄 위크 — 수치 영향은 미산출"",""실제값 정정 이력 1건"",""실제 종가 관측 시각 2026-09-29T09:54:42.000Z(16:00 KST 이후 · 지연 관측)""],""modelInternal"":[""선택 모형의 기대 누적 0.00% = 절편 0.00% + 자기 추세 0.00% + 52종목 폭·평균 0.00% · 실제 -1.93%""],""causeHypotheses"":[""기업 사건"",""자료 오류""],""unverified"":[""수급(외국인·기관·개인)·심리·과열·영향 시차·요인 중복·가중치는 이 셀에서 검증 자료 없음(실험 기록·시간순 검증에서만 판단)""]}"
analysis-9994e95e1233a052,analysis,2026-09-29,2026-09-29T09:54:42Z,,,"{""forecastId"":""2026-09-28-atlas11-27e1f65cfc167be9"",""modelVersion"":""atlas11-A-1""}",live,,,,,,,,,,,,,,034730,SK,util,2026-09-28-atlas11-27e1f65cfc167be9,atlas11-A-1,2026-09-28,2026-09-29,1,3,크기 허용·방향 틀림,false,true,true,1.051089618644217,"{""realizedLog"":0.00861331767811493,""predictedLog"":-0.0019532081324840577,""errorLog"":-0.010566525810598987,""basketCumLog"":null,""beta"":1.3807,""marketPartLog"":null,""residualPartLog"":null,""marketShare"":null,""unexplainedShare"":null}","[""출발가 578,000원(2026-09-28) → 실제 583,000원(2026-09-29, 1거래일) +0.87% · 예측 중앙 576,872원 -0.20% · 오차 -1.05%(절대 오차율 1.05%, 허용 1.5%)"",""방향: 예측 하락(51%) · 실제 상승 → 오답 · 80% 띠 담김(폭 9.3%)"",""실제값 정정 이력 3건"",""실제 종가 관측 시각 2026-09-29T09:54:42.000Z(16:00 KST 이후 · 지연 관측)""]","[""선택 모형의 기대 누적 0.00% = 절편 0.00% + 자기 추세 0.00% + 52종목 폭·평균 0.00% · 실제 +0.87%""]","[{""category"":""자료 오류"",""evidence"":""실제값 정정 3건"",""counterEvidence"":""정정 뒤 값으로 채점됨"",""strength"":""약""}]","[""수급(외국인·기관·개인)·심리·과열·영향 시차·요인 중복·가중치는 이 셀에서 검증 자료 없음(실험 기록·시간순 검증에서만 판단)""]","[""자료 오류""]","{""luckySuspect"":false,""reasonableProcess"":true,""luckyNote"":null,""reasonableNote"":""방향은 틀렸지만 실제값이 모형 80% 띠 안 → 판단 과정은 분포 안""}","{""confirmedFacts"":[""출발가 578,000원(2026-09-28) → 실제 583,000원(2026-09-29, 1거래일) +0.87% · 예측 중앙 576,872원 -0.20% · 오차 -1.05%(절대 오차율 1.05%, 허용 1.5%)"",""방향: 예측 하락(51%) · 실제 상승 → 오답 · 80% 띠 담김(폭 9.3%)"",""실제값 정정 이력 3건"",""실제 종가 관측 시각 2026-09-29T09:54:42.000Z(16:00 KST 이후 · 지연 관측)""],""modelInternal"":[""선택 모형의 기대 누적 0.00% = 절편 0.00% + 자기 추세 0.00% + 52종목 폭·평균 0.00% · 실제 +0.87%""],""causeHypotheses"":[""자료 오류""],""unverified"":[""수급(외국인·기관·개인)·심리·과열·영향 시차·요인 중복·가중치는 이 셀에서 검증 자료 없음(실험 기록·시간순 검증에서만 판단)""]}"
analysis-4af17a06309b6aec,analysis,2026-09-29,2026-09-29T09:54:42Z,,,"{""forecastId"":""2026-09-28-atlas11-27e1f65cfc167be9"",""modelVersion"":""atlas11-A-1""}",live,,,,,,,,,,,,,,012330,현대모비스,auto,2026-09-28-atlas11-27e1f65cfc167be9,atlas11-A-1,2026-09-28,2026-09-29,1,2,방향 맞고 크기 틀림,true,false,true,1.6116918077528009,"{""realizedLog"":-0.01757989831710937,""predictedLog"":-0.0015914789336911256,""errorLog"":0.015988419383418245,""basketCumLog"":null,""beta"":1.1361,""marketPartLog"":null,""residualPartLog"":null,""marketShare"":null,""unexplainedShare"":null}","[""출발가 373,000원(2026-09-28) → 실제 366,500원(2026-09-29, 1거래일) -1.74% · 예측 중앙 372,407원 -0.16% · 오차 +1.61%(절대 오차율 1.61%, 허용 1.5%)"",""방향: 예측 하락(53%) · 실제 하락 → 정답 · 80% 띠 담김(폭 6.3%)"",""실제값 정정 이력 2건"",""실제 종가 관측 시각 2026-09-29T09:54:42.000Z(16:00 KST 이후 · 지연 관측)""]","[""선택 모형의 기대 누적 0.00% = 절편 0.00% + 자기 추세 0.00% + 52종목 폭·평균 0.00% · 실제 -1.74%""]","[{""category"":""자료 오류"",""evidence"":""실제값 정정 2건"",""counterEvidence"":""정정 뒤 값으로 채점됨"",""strength"":""약""}]","[""수급(외국인·기관·개인)·심리·과열·영향 시차·요인 중복·가중치는 이 셀에서 검증 자료 없음(실험 기록·시간순 검증에서만 판단)""]","[""자료 오류""]","{""luckySuspect"":false,""reasonableProcess"":false,""luckyNote"":null,""reasonableNote"":null}","{""confirmedFacts"":[""출발가 373,000원(2026-09-28) → 실제 366,500원(2026-09-29, 1거래일) -1.74% · 예측 중앙 372,407원 -0.16% · 오차 +1.61%(절대 오차율 1.61%, 허용 1.5%)"",""방향: 예측 하락(53%) · 실제 하락 → 정답 · 80% 띠 담김(폭 6.3%)"",""실제값 정정 이력 2건"",""실제 종가 관측 시각 2026-09-29T09:54:42.000Z(16:00 KST 이후 · 지연 관측)""],""modelInternal"":[""선택 모형의 기대 누적 0.00% = 절편 0.00% + 자기 추세 0.00% + 52종목 폭·평균 0.00% · 실제 -1.74%""],""causeHypotheses"":[""자료 오류""],""unverified"":[""수급(외국인·기관·개인)·심리·과열·영향 시차·요인 중복·가중치는 이 셀에서 검증 자료 없음(실험 기록·시간순 검증에서만 판단)""]}"
analysis-4d9f44a87a312f82,analysis,2026-09-29,2026-09-29T09:54:42Z,,,"{""forecastId"":""2026-09-28-atlas11-27e1f65cfc167be9"",""modelVersion"":""atlas11-A-1""}",live,,,,,,,,,,,,,,066570,LG전자,semi,2026-09-28-atlas11-27e1f65cfc167be9,atlas11-A-1,2026-09-28,2026-09-29,1,3,크기 허용·방향 틀림,false,true,true,0.1930636228393684,"{""realizedLog"":0,""predictedLog"":-0.0019325023087185982,""errorLog"":-0.0019325023087185982,""basketCumLog"":null,""beta"":1.2974,""marketPartLog"":null,""residualPartLog"":null,""marketShare"":null,""unexplainedShare"":null}","[""출발가 214,500원(2026-09-28) → 실제 214,500원(2026-09-29, 1거래일) 0.00% · 예측 중앙 214,086원 -0.19% · 오차 -0.19%(절대 오차율 0.19%, 허용 1.5%)"",""방향: 예측 하락(50%) · 실제 보합 → 오답 · 80% 띠 담김(폭 7.1%)"",""실제값 정정 이력 1건"",""실제 종가 관측 시각 2026-09-29T09:54:42.000Z(16:00 KST 이후 · 지연 관측)""]","[""선택 모형의 기대 누적 0.00% = 절편 0.00% + 자기 추세 0.00% + 52종목 폭·평균 0.00% · 실제 0.00%""]","[{""category"":""자료 오류"",""evidence"":""실제값 정정 1건"",""counterEvidence"":""정정 뒤 값으로 채점됨"",""strength"":""약""}]","[""수급(외국인·기관·개인)·심리·과열·영향 시차·요인 중복·가중치는 이 셀에서 검증 자료 없음(실험 기록·시간순 검증에서만 판단)""]","[""자료 오류""]","{""luckySuspect"":false,""reasonableProcess"":true,""luckyNote"":null,""reasonableNote"":""방향은 틀렸지만 실제값이 모형 80% 띠 안 → 판단 과정은 분포 안""}","{""confirmedFacts"":[""출발가 214,500원(2026-09-28) → 실제 214,500원(2026-09-29, 1거래일) 0.00% · 예측 중앙 214,086원 -0.19% · 오차 -0.19%(절대 오차율 0.19%, 허용 1.5%)"",""방향: 예측 하락(50%) · 실제 보합 → 오답 · 80% 띠 담김(폭 7.1%)"",""실제값 정정 이력 1건"",""실제 종가 관측 시각 2026-09-29T09:54:42.000Z(16:00 KST 이후 · 지연 관측)""],""modelInternal"":[""선택 모형의 기대 누적 0.00% = 절편 0.00% + 자기 추세 0.00% + 52종목 폭·평균 0.00% · 실제 0.00%""],""causeHypotheses"":[""자료 오류""],""unverified"":[""수급(외국인·기관·개인)·심리·과열·영향 시차·요인 중복·가중치는 이 셀에서 검증 자료 없음(실험 기록·시간순 검증에서만 판단)""]}"
analysis-c0fbde9b1419e234,analysis,2026-09-29,2026-09-29T09:54:42Z,,,"{""forecastId"":""2026-09-28-atlas11-27e1f65cfc167be9"",""modelVersion"":""atlas11-A-1""}",live,,,,,,,,,,,,,,010120,LS ELECTRIC,heavy,2026-09-28-atlas11-27e1f65cfc167be9,atlas11-A-1,2026-09-28,2026-09-29,1,3,크기 허용·방향 틀림,false,true,true,0.5782856281281011,"{""realizedLog"":0.002442003655551809,""predictedLog"":-0.003357638082317816,""errorLog"":-0.005799641737869624,""basketCumLog"":null,""beta"":1.6948,""marketPartLog"":null,""residualPartLog"":null,""marketShare"":null,""unexplainedShare"":null}","[""출발가 204,500원(2026-09-28) → 실제 205,000원(2026-09-29, 1거래일) +0.24% · 예측 중앙 203,815원 -0.34% · 오차 -0.58%(절대 오차율 0.58%, 허용 1.5%)"",""방향: 예측 하락(53%) · 실제 상승 → 오답 · 80% 띠 담김(폭 9.6%)"",""실제값 정정 이력 2건"",""실제 종가 관측 시각 2026-09-29T09:54:42.000Z(16:00 KST 이후 · 지연 관측)""]","[""선택 모형의 기대 누적 0.00% = 절편 0.00% + 자기 추세 0.00% + 52종목 폭·평균 0.00% · 실제 +0.24%""]","[{""category"":""자료 오류"",""evidence"":""실제값 정정 2건"",""counterEvidence"":""정정 뒤 값으로 채점됨"",""strength"":""약""}]","[""수급(외국인·기관·개인)·심리·과열·영향 시차·요인 중복·가중치는 이 셀에서 검증 자료 없음(실험 기록·시간순 검증에서만 판단)""]","[""자료 오류""]","{""luckySuspect"":false,""reasonableProcess"":true,""luckyNote"":null,""reasonableNote"":""방향은 틀렸지만 실제값이 모형 80% 띠 안 → 판단 과정은 분포 안""}","{""confirmedFacts"":[""출발가 204,500원(2026-09-28) → 실제 205,000원(2026-09-29, 1거래일) +0.24% · 예측 중앙 203,815원 -0.34% · 오차 -0.58%(절대 오차율 0.58%, 허용 1.5%)"",""방향: 예측 하락(53%) · 실제 상승 → 오답 · 80% 띠 담김(폭 9.6%)"",""실제값 정정 이력 2건"",""실제 종가 관측 시각 2026-09-29T09:54:42.000Z(16:00 KST 이후 · 지연 관측)""],""modelInternal"":[""선택 모형의 기대 누적 0.00% = 절편 0.00% + 자기 추세 0.00% + 52종목 폭·평균 0.00% · 실제 +0.24%""],""causeHypotheses"":[""자료 오류""],""unverified"":[""수급(외국인·기관·개인)·심리·과열·영향 시차·요인 중복·가중치는 이 셀에서 검증 자료 없음(실험 기록·시간순 검증에서만 판단)""]}"
analysis-3c0d0567af7ced33,analysis,2026-09-29,2026-09-29T09:54:42Z,,,"{""forecastId"":""2026-09-28-atlas11-27e1f65cfc167be9"",""modelVersion"":""atlas11-A-1""}",live,,,,,,,,,,,,,,000810,삼성화재,fin,2026-09-28-atlas11-27e1f65cfc167be9,atlas11-A-1,2026-09-28,2026-09-29,1,1,방향·크기 모두 맞음,true,true,true,1.354367046040367,"{""realizedLog"":-0.015244197643117081,""predictedLog"":-0.0017914228993783391,""errorLog"":0.013452774743738741,""basketCumLog"":null,""beta"":0.8304,""marketPartLog"":null,""residualPartLog"":null,""marketShare"":null,""unexplainedShare"":null}","[""출발가 661,000원(2026-09-28) → 실제 651,000원(2026-09-29, 1거래일) -1.51% · 예측 중앙 659,817원 -0.18% · 오차 +1.35%(절대 오차율 1.35%, 허용 1.5%)"",""방향: 예측 하락(52%) · 실제 하락 → 정답 · 80% 띠 담김(폭 5.3%)"",""실제값 정정 이력 3건"",""실제 종가 관측 시각 2026-09-29T09:54:42.000Z(16:00 KST 이후 · 지연 관측)""]","[""선택 모형의 기대 누적 0.00% = 절편 0.00% + 자기 추세 0.00% + 52종목 폭·평균 0.00% · 실제 -1.51%""]",[],"[""수급(외국인·기관·개인)·심리·과열·영향 시차·요인 중복·가중치는 이 셀에서 검증 자료 없음(실험 기록·시간순 검증에서만 판단)""]",[],"{""luckySuspect"":false,""reasonableProcess"":false,""luckyNote"":null,""reasonableNote"":null}","{""confirmedFacts"":[""출발가 661,000원(2026-09-28) → 실제 651,000원(2026-09-29, 1거래일) -1.51% · 예측 중앙 659,817원 -0.18% · 오차 +1.35%(절대 오차율 1.35%, 허용 1.5%)"",""방향: 예측 하락(52%) · 실제 하락 → 정답 · 80% 띠 담김(폭 5.3%)"",""실제값 정정 이력 3건"",""실제 종가 관측 시각 2026-09-29T09:54:42.000Z(16:00 KST 이후 · 지연 관측)""],""modelInternal"":[""선택 모형의 기대 누적 0.00% = 절편 0.00% + 자기 추세 0.00% + 52종목 폭·평균 0.00% · 실제 -1.51%""],""causeHypotheses"":[],""unverified"":[""수급(외국인·기관·개인)·심리·과열·영향 시차·요인 중복·가중치는 이 셀에서 검증 자료 없음(실험 기록·시간순 검증에서만 판단)""]}"
analysis-181397752da84ffd,analysis,2026-09-29,2026-09-29T09:54:42Z,,,"{""forecastId"":""2026-09-28-atlas11-27e1f65cfc167be9"",""modelVersion"":""atlas11-A-1""}",live,,,,,,,,,,,,,,005490,POSCO홀딩스,chem,2026-09-28-atlas11-27e1f65cfc167be9,atlas11-A-1,2026-09-28,2026-09-29,1,2,방향 맞고 크기 틀림,true,false,false,3.443406529996297,"{""realizedLog"":-0.035373462972580816,""predictedLog"":-0.0015189826147723646,""errorLog"":0.03385448035780845,""basketCumLog"":null,""beta"":1.1117,""marketPartLog"":null,""residualPartLog"":null,""marketShare"":null,""unexplainedShare"":null}","[""출발가 316,500원(2026-09-28) → 실제 305,500원(2026-09-29, 1거래일) -3.48% · 예측 중앙 316,020원 -0.15% · 오차 +3.44%(절대 오차율 3.44%, 허용 1.5%)"",""방향: 예측 하락(52%) · 실제 하락 → 정답 · 80% 띠 벗어남(폭 5.7%)"",""실제값 정정 이력 1건"",""실제 종가 관측 시각 2026-09-29T09:54:42.000Z(16:00 KST 이후 · 지연 관측)""]","[""선택 모형의 기대 누적 0.00% = 절편 0.00% + 자기 추세 0.00% + 52종목 폭·평균 0.00% · 실제 -3.48%""]","[{""category"":""변동성·범위"",""evidence"":""실제값이 80% 띠 밖(폭 5.7% · 실제 이동 -3.48%)"",""counterEvidence"":""80% 띠는 명목이며 개별 셀의 벗어남은 정상 범위일 수 있음(담김률로 판단)"",""strength"":""중""},{""category"":""자료 오류"",""evidence"":""실제값 정정 1건"",""counterEvidence"":""정정 뒤 값으로 채점됨"",""strength"":""약""}]","[""수급(외국인·기관·개인)·심리·과열·영향 시차·요인 중복·가중치는 이 셀에서 검증 자료 없음(실험 기록·시간순 검증에서만 판단)""]","[""변동성·범위"",""자료 오류""]","{""luckySuspect"":false,""reasonableProcess"":false,""luckyNote"":null,""reasonableNote"":null}","{""confirmedFacts"":[""출발가 316,500원(2026-09-28) → 실제 305,500원(2026-09-29, 1거래일) -3.48% · 예측 중앙 316,020원 -0.15% · 오차 +3.44%(절대 오차율 3.44%, 허용 1.5%)"",""방향: 예측 하락(52%) · 실제 하락 → 정답 · 80% 띠 벗어남(폭 5.7%)"",""실제값 정정 이력 1건"",""실제 종가 관측 시각 2026-09-29T09:54:42.000Z(16:00 KST 이후 · 지연 관측)""],""modelInternal"":[""선택 모형의 기대 누적 0.00% = 절편 0.00% + 자기 추세 0.00% + 52종목 폭·평균 0.00% · 실제 -3.48%""],""causeHypotheses"":[""변동성·범위"",""자료 오류""],""unverified"":[""수급(외국인·기관·개인)·심리·과열·영향 시차·요인 중복·가중치는 이 셀에서 검증 자료 없음(실험 기록·시간순 검증에서만 판단)""]}"
analysis-f0e7361813f1648c,analysis,2026-09-29,2026-09-29T09:54:42Z,,,"{""forecastId"":""2026-09-28-atlas11-27e1f65cfc167be9"",""modelVersion"":""atlas11-A-1""}",live,,,,,,,,,,,,,,010130,고려아연,chem,2026-09-28-atlas11-27e1f65cfc167be9,atlas11-A-1,2026-09-28,2026-09-29,1,2,방향 맞고 크기 틀림,true,false,true,2.7076206595510044,"{""realizedLog"":-0.02946806225690798,""predictedLog"":-0.002751930951901879,""errorLog"":0.0267161313050061,""basketCumLog"":null,""beta"":1.3237,""marketPartLog"":null,""residualPartLog"":null,""marketShare"":null,""unexplainedShare"":null}","[""출발가 1,102,000원(2026-09-28) → 실제 1,070,000원(2026-09-29, 1거래일) -2.90% · 예측 중앙 1,098,972원 -0.27% · 오차 +2.71%(절대 오차율 2.71%, 허용 1.5%)"",""방향: 예측 하락(54%) · 실제 하락 → 정답 · 80% 띠 담김(폭 8.6%)"",""실제값 정정 이력 2건"",""실제 종가 관측 시각 2026-09-29T09:54:42.000Z(16:00 KST 이후 · 지연 관측)""]","[""선택 모형의 기대 누적 0.00% = 절편 0.00% + 자기 추세 0.00% + 52종목 폭·평균 0.00% · 실제 -2.90%""]","[{""category"":""자료 오류"",""evidence"":""실제값 정정 2건"",""counterEvidence"":""정정 뒤 값으로 채점됨"",""strength"":""약""}]","[""수급(외국인·기관·개인)·심리·과열·영향 시차·요인 중복·가중치는 이 셀에서 검증 자료 없음(실험 기록·시간순 검증에서만 판단)""]","[""자료 오류""]","{""luckySuspect"":false,""reasonableProcess"":false,""luckyNote"":null,""reasonableNote"":null}","{""confirmedFacts"":[""출발가 1,102,000원(2026-09-28) → 실제 1,070,000원(2026-09-29, 1거래일) -2.90% · 예측 중앙 1,098,972원 -0.27% · 오차 +2.71%(절대 오차율 2.71%, 허용 1.5%)"",""방향: 예측 하락(54%) · 실제 하락 → 정답 · 80% 띠 담김(폭 8.6%)"",""실제값 정정 이력 2건"",""실제 종가 관측 시각 2026-09-29T09:54:42.000Z(16:00 KST 이후 · 지연 관측)""],""modelInternal"":[""선택 모형의 기대 누적 0.00% = 절편 0.00% + 자기 추세 0.00% + 52종목 폭·평균 0.00% · 실제 -2.90%""],""causeHypotheses"":[""자료 오류""],""unverified"":[""수급(외국인·기관·개인)·심리·과열·영향 시차·요인 중복·가중치는 이 셀에서 검증 자료 없음(실험 기록·시간순 검증에서만 판단)""]}"
analysis-72a9806a6a427a37,analysis,2026-09-29,2026-09-29T09:54:42Z,,,"{""forecastId"":""2026-09-28-atlas11-27e1f65cfc167be9"",""modelVersion"":""atlas11-A-1""}",live,,,,,,,,,,,,,,138040,메리츠금융지주,fin,2026-09-28-atlas11-27e1f65cfc167be9,atlas11-A-1,2026-09-28,2026-09-29,1,1,방향·크기 모두 맞음,true,true,true,0.505714977446662,"{""realizedLog"":-0.009792921953243714,""predictedLog"":-0.004748516611752403,""errorLog"":0.005044405341491312,""basketCumLog"":null,""beta"":0.6414,""marketPartLog"":null,""residualPartLog"":null,""marketShare"":null,""unexplainedShare"":null}","[""출발가 133,400원(2026-09-28) → 실제 132,100원(2026-09-29, 1거래일) -0.97% · 예측 중앙 132,768원 -0.47% · 오차 +0.51%(절대 오차율 0.51%, 허용 1.5%)"",""방향: 예측 하락(57%) · 실제 하락 → 정답 · 80% 띠 담김(폭 5.7%)"",""실제값 정정 이력 2건"",""실제 종가 관측 시각 2026-09-29T09:54:42.000Z(16:00 KST 이후 · 지연 관측)""]","[""선택 모형의 기대 누적 -0.25% = 절편 +0.04% + 자기 추세 -0.31% + 52종목 폭·평균 +0.02% · 실제 -0.97%"",""실제 방향과 반대로 기여한 항: F11 (모형 내부 설명 · 인과 아님)""]",[],"[""수급(외국인·기관·개인)·심리·과열·영향 시차·요인 중복·가중치는 이 셀에서 검증 자료 없음(실험 기록·시간순 검증에서만 판단)""]",[],"{""luckySuspect"":false,""reasonableProcess"":false,""luckyNote"":null,""reasonableNote"":null}","{""confirmedFacts"":[""출발가 133,400원(2026-09-28) → 실제 132,100원(2026-09-29, 1거래일) -0.97% · 예측 중앙 132,768원 -0.47% · 오차 +0.51%(절대 오차율 0.51%, 허용 1.5%)"",""방향: 예측 하락(57%) · 실제 하락 → 정답 · 80% 띠 담김(폭 5.7%)"",""실제값 정정 이력 2건"",""실제 종가 관측 시각 2026-09-29T09:54:42.000Z(16:00 KST 이후 · 지연 관측)""],""modelInternal"":[""선택 모형의 기대 누적 -0.25% = 절편 +0.04% + 자기 추세 -0.31% + 52종목 폭·평균 +0.02% · 실제 -0.97%"",""실제 방향과 반대로 기여한 항: F11 (모형 내부 설명 · 인과 아님)""],""causeHypotheses"":[],""unverified"":[""수급(외국인·기관·개인)·심리·과열·영향 시차·요인 중복·가중치는 이 셀에서 검증 자료 없음(실험 기록·시간순 검증에서만 판단)""]}"
analysis-4da39d3596ed7726,analysis,2026-09-29,2026-09-29T09:54:42Z,,,"{""forecastId"":""2026-09-28-atlas11-27e1f65cfc167be9"",""modelVersion"":""atlas11-A-1""}",live,,,,,,,,,,,,,,015760,한국전력,util,2026-09-28-atlas11-27e1f65cfc167be9,atlas11-A-1,2026-09-28,2026-09-29,1,2,방향 맞고 크기 틀림,true,false,true,2.085939971276994,"{""realizedLog"":-0.021399993611934894,""predictedLog"":-0.0007551723226874576,""errorLog"":0.020644821289247436,""basketCumLog"":null,""beta"":0.9671,""marketPartLog"":null,""residualPartLog"":null,""marketShare"":null,""unexplainedShare"":null}","[""출발가 30,700원(2026-09-28) → 실제 30,050원(2026-09-29, 1거래일) -2.12% · 예측 중앙 30,677원 -0.08% · 오차 +2.09%(절대 오차율 2.09%, 허용 1.5%)"",""방향: 예측 하락(47%) · 실제 하락 → 정답 · 80% 띠 담김(폭 5.3%)"",""실제값 정정 이력 2건"",""실제 종가 관측 시각 2026-09-29T09:54:42.000Z(16:00 KST 이후 · 지연 관측)""]","[""선택 모형의 기대 누적 0.00% = 절편 0.00% + 자기 추세 0.00% + 52종목 폭·평균 0.00% · 실제 -2.12%""]","[{""category"":""자료 오류"",""evidence"":""실제값 정정 2건"",""counterEvidence"":""정정 뒤 값으로 채점됨"",""strength"":""약""}]","[""수급(외국인·기관·개인)·심리·과열·영향 시차·요인 중복·가중치는 이 셀에서 검증 자료 없음(실험 기록·시간순 검증에서만 판단)""]","[""자료 오류""]","{""luckySuspect"":false,""reasonableProcess"":false,""luckyNote"":null,""reasonableNote"":null}","{""confirmedFacts"":[""출발가 30,700원(2026-09-28) → 실제 30,050원(2026-09-29, 1거래일) -2.12% · 예측 중앙 30,677원 -0.08% · 오차 +2.09%(절대 오차율 2.09%, 허용 1.5%)"",""방향: 예측 하락(47%) · 실제 하락 → 정답 · 80% 띠 담김(폭 5.3%)"",""실제값 정정 이력 2건"",""실제 종가 관측 시각 2026-09-29T09:54:42.000Z(16:00 KST 이후 · 지연 관측)""],""modelInternal"":[""선택 모형의 기대 누적 0.00% = 절편 0.00% + 자기 추세 0.00% + 52종목 폭·평균 0.00% · 실제 -2.12%""],""causeHypotheses"":[""자료 오류""],""unverified"":[""수급(외국인·기관·개인)·심리·과열·영향 시차·요인 중복·가중치는 이 셀에서 검증 자료 없음(실험 기록·시간순 검증에서만 판단)""]}"
analysis-abb54de7c325452a,analysis,2026-09-29,2026-09-29T09:54:42Z,,,"{""forecastId"":""2026-09-28-atlas11-27e1f65cfc167be9"",""modelVersion"":""atlas11-A-1""}",live,,,,,,,,,,,,,,011200,HMM,auto,2026-09-28-atlas11-27e1f65cfc167be9,atlas11-A-1,2026-09-28,2026-09-29,1,2,방향 맞고 크기 틀림,true,false,true,1.6385230958580754,"{""realizedLog"":-0.016607736399660525,""predictedLog"":-0.00035529477868780936,""errorLog"":0.016252441620972717,""basketCumLog"":null,""beta"":0.6513,""marketPartLog"":null,""residualPartLog"":null,""marketShare"":null,""unexplainedShare"":null}","[""출발가 21,250원(2026-09-28) → 실제 20,900원(2026-09-29, 1거래일) -1.65% · 예측 중앙 21,242원 -0.04% · 오차 +1.64%(절대 오차율 1.64%, 허용 1.5%)"",""방향: 예측 하락(49%) · 실제 하락 → 정답 · 80% 띠 담김(폭 5.0%)"",""실제값 정정 이력 4건"",""실제 종가 관측 시각 2026-09-29T09:54:42.000Z(16:00 KST 이후 · 지연 관측)""]","[""선택 모형의 기대 누적 0.00% = 절편 0.00% + 자기 추세 0.00% + 52종목 폭·평균 0.00% · 실제 -1.65%""]","[{""category"":""자료 오류"",""evidence"":""실제값 정정 4건"",""counterEvidence"":""정정 뒤 값으로 채점됨"",""strength"":""약""}]","[""수급(외국인·기관·개인)·심리·과열·영향 시차·요인 중복·가중치는 이 셀에서 검증 자료 없음(실험 기록·시간순 검증에서만 판단)""]","[""자료 오류""]","{""luckySuspect"":false,""reasonableProcess"":false,""luckyNote"":null,""reasonableNote"":null}","{""confirmedFacts"":[""출발가 21,250원(2026-09-28) → 실제 20,900원(2026-09-29, 1거래일) -1.65% · 예측 중앙 21,242원 -0.04% · 오차 +1.64%(절대 오차율 1.64%, 허용 1.5%)"",""방향: 예측 하락(49%) · 실제 하락 → 정답 · 80% 띠 담김(폭 5.0%)"",""실제값 정정 이력 4건"",""실제 종가 관측 시각 2026-09-29T09:54:42.000Z(16:00 KST 이후 · 지연 관측)""],""modelInternal"":[""선택 모형의 기대 누적 0.00% = 절편 0.00% + 자기 추세 0.00% + 52종목 폭·평균 0.00% · 실제 -1.65%""],""causeHypotheses"":[""자료 오류""],""unverified"":[""수급(외국인·기관·개인)·심리·과열·영향 시차·요인 중복·가중치는 이 셀에서 검증 자료 없음(실험 기록·시간순 검증에서만 판단)""]}"
analysis-1ca93a5bba770849,analysis,2026-09-29,2026-09-29T09:54:42Z,,,"{""forecastId"":""2026-09-28-atlas11-27e1f65cfc167be9"",""modelVersion"":""atlas11-A-1""}",live,,,,,,,,,,,,,,051910,LG화학,chem,2026-09-28-atlas11-27e1f65cfc167be9,atlas11-A-1,2026-09-28,2026-09-29,1,2,방향 맞고 크기 틀림,true,false,false,4.380741583513789,"{""realizedLog"":-0.044798142899894595,""predictedLog"":-0.0019231380465504,""errorLog"":0.042875004853344195,""basketCumLog"":null,""beta"":1.3201,""marketPartLog"":null,""residualPartLog"":null,""marketShare"":null,""unexplainedShare"":null}","[""출발가 262,500원(2026-09-28) → 실제 251,000원(2026-09-29, 1거래일) -4.38% · 예측 중앙 261,996원 -0.19% · 오차 +4.38%(절대 오차율 4.38%, 허용 1.5%)"",""방향: 예측 하락(51%) · 실제 하락 → 정답 · 80% 띠 벗어남(폭 8.5%)"",""실제값 정정 이력 1건"",""실제 종가 관측 시각 2026-09-29T09:54:42.000Z(16:00 KST 이후 · 지연 관측)""]","[""선택 모형의 기대 누적 -0.07% = 절편 -0.01% + 자기 추세 -0.05% + 52종목 폭·평균 -0.01% · 실제 -4.38%""]","[{""category"":""변동성·범위"",""evidence"":""실제값이 80% 띠 밖(폭 8.5% · 실제 이동 -4.38%)"",""counterEvidence"":""80% 띠는 명목이며 개별 셀의 벗어남은 정상 범위일 수 있음(담김률로 판단)"",""strength"":""중""},{""category"":""자료 오류"",""evidence"":""실제값 정정 1건"",""counterEvidence"":""정정 뒤 값으로 채점됨"",""strength"":""약""}]","[""수급(외국인·기관·개인)·심리·과열·영향 시차·요인 중복·가중치는 이 셀에서 검증 자료 없음(실험 기록·시간순 검증에서만 판단)""]","[""변동성·범위"",""자료 오류""]","{""luckySuspect"":false,""reasonableProcess"":false,""luckyNote"":null,""reasonableNote"":null}","{""confirmedFacts"":[""출발가 262,500원(2026-09-28) → 실제 251,000원(2026-09-29, 1거래일) -4.38% · 예측 중앙 261,996원 -0.19% · 오차 +4.38%(절대 오차율 4.38%, 허용 1.5%)"",""방향: 예측 하락(51%) · 실제 하락 → 정답 · 80% 띠 벗어남(폭 8.5%)"",""실제값 정정 이력 1건"",""실제 종가 관측 시각 2026-09-29T09:54:42.000Z(16:00 KST 이후 · 지연 관측)""],""modelInternal"":[""선택 모형의 기대 누적 -0.07% = 절편 -0.01% + 자기 추세 -0.05% + 52종목 폭·평균 -0.01% · 실제 -4.38%""],""causeHypotheses"":[""변동성·범위"",""자료 오류""],""unverified"":[""수급(외국인·기관·개인)·심리·과열·영향 시차·요인 중복·가중치는 이 셀에서 검증 자료 없음(실험 기록·시간순 검증에서만 판단)""]}"
analysis-5978ca6a7f37e689,analysis,2026-09-29,2026-09-29T09:54:42Z,,,"{""forecastId"":""2026-09-28-atlas11-27e1f65cfc167be9"",""modelVersion"":""atlas11-A-1""}",live,,,,,,,,,,,,,,033780,KT&G,cons,2026-09-28-atlas11-27e1f65cfc167be9,atlas11-A-1,2026-09-28,2026-09-29,1,3,크기 허용·방향 틀림,false,true,true,0.5301909009505255,"{""realizedLog"":0.004550633563996509,""predictedLog"":-0.0007653804427794358,""errorLog"":-0.005316014006775945,""basketCumLog"":null,""beta"":0.2734,""marketPartLog"":null,""residualPartLog"":null,""marketShare"":null,""unexplainedShare"":null}","[""출발가 175,400원(2026-09-28) → 실제 176,200원(2026-09-29, 1거래일) +0.46% · 예측 중앙 175,266원 -0.08% · 오차 -0.53%(절대 오차율 0.53%, 허용 1.5%)"",""방향: 예측 하락(50%) · 실제 상승 → 오답 · 80% 띠 담김(폭 4.0%)"",""실제값 정정 이력 2건"",""실제 종가 관측 시각 2026-09-29T09:54:42.000Z(16:00 KST 이후 · 지연 관측)""]","[""선택 모형의 기대 누적 +0.00% = 절편 +0.07% + 자기 추세 -0.08% + 52종목 폭·평균 +0.01% · 실제 +0.46%"",""실제 방향과 반대로 기여한 항: F35 (모형 내부 설명 · 인과 아님)""]","[{""category"":""자료 오류"",""evidence"":""실제값 정정 2건"",""counterEvidence"":""정정 뒤 값으로 채점됨"",""strength"":""약""}]","[""수급(외국인·기관·개인)·심리·과열·영향 시차·요인 중복·가중치는 이 셀에서 검증 자료 없음(실험 기록·시간순 검증에서만 판단)""]","[""자료 오류""]","{""luckySuspect"":false,""reasonableProcess"":true,""luckyNote"":null,""reasonableNote"":""방향은 틀렸지만 실제값이 모형 80% 띠 안 → 판단 과정은 분포 안""}","{""confirmedFacts"":[""출발가 175,400원(2026-09-28) → 실제 176,200원(2026-09-29, 1거래일) +0.46% · 예측 중앙 175,266원 -0.08% · 오차 -0.53%(절대 오차율 0.53%, 허용 1.5%)"",""방향: 예측 하락(50%) · 실제 상승 → 오답 · 80% 띠 담김(폭 4.0%)"",""실제값 정정 이력 2건"",""실제 종가 관측 시각 2026-09-29T09:54:42.000Z(16:00 KST 이후 · 지연 관측)""],""modelInternal"":[""선택 모형의 기대 누적 +0.00% = 절편 +0.07% + 자기 추세 -0.08% + 52종목 폭·평균 +0.01% · 실제 +0.46%"",""실제 방향과 반대로 기여한 항: F35 (모형 내부 설명 · 인과 아님)""],""causeHypotheses"":[""자료 오류""],""unverified"":[""수급(외국인·기관·개인)·심리·과열·영향 시차·요인 중복·가중치는 이 셀에서 검증 자료 없음(실험 기록·시간순 검증에서만 판단)""]}"
analysis-83f7127ea1c78ab3,analysis,2026-09-29,2026-09-29T09:54:42Z,,,"{""forecastId"":""2026-09-28-atlas11-27e1f65cfc167be9"",""modelVersion"":""atlas11-A-1""}",live,,,,,,,,,,,,,,196170,알테오젠,bio,2026-09-28-atlas11-27e1f65cfc167be9,atlas11-A-1,2026-09-28,2026-09-29,1,3,크기 허용·방향 틀림,false,true,true,0.7616352809376064,"{""realizedLog"":0.005923018303122071,""predictedLog"":-0.0017224870396325182,""errorLog"":-0.007645505342754589,""basketCumLog"":null,""beta"":1.2904,""marketPartLog"":null,""residualPartLog"":null,""marketShare"":null,""unexplainedShare"":null}","[""출발가 252,500원(2026-09-28) → 실제 254,000원(2026-09-29, 1거래일) +0.59% · 예측 중앙 252,065원 -0.17% · 오차 -0.76%(절대 오차율 0.76%, 허용 1.5%)"",""방향: 예측 하락(51%) · 실제 상승 → 오답 · 80% 띠 담김(폭 7.3%)"",""실제값 정정 이력 1건"",""실제 종가 관측 시각 2026-09-29T09:54:42.000Z(16:00 KST 이후 · 지연 관측)""]","[""선택 모형의 기대 누적 +0.00% = 절편 +0.01% + 자기 추세 +0.16% + 52종목 폭·평균 -0.17% · 실제 +0.59%"",""실제 방향과 반대로 기여한 항: F11 (모형 내부 설명 · 인과 아님)""]","[{""category"":""자료 오류"",""evidence"":""실제값 정정 1건"",""counterEvidence"":""정정 뒤 값으로 채점됨"",""strength"":""약""}]","[""수급(외국인·기관·개인)·심리·과열·영향 시차·요인 중복·가중치는 이 셀에서 검증 자료 없음(실험 기록·시간순 검증에서만 판단)""]","[""자료 오류""]","{""luckySuspect"":false,""reasonableProcess"":true,""luckyNote"":null,""reasonableNote"":""방향은 틀렸지만 실제값이 모형 80% 띠 안 → 판단 과정은 분포 안""}","{""confirmedFacts"":[""출발가 252,500원(2026-09-28) → 실제 254,000원(2026-09-29, 1거래일) +0.59% · 예측 중앙 252,065원 -0.17% · 오차 -0.76%(절대 오차율 0.76%, 허용 1.5%)"",""방향: 예측 하락(51%) · 실제 상승 → 오답 · 80% 띠 담김(폭 7.3%)"",""실제값 정정 이력 1건"",""실제 종가 관측 시각 2026-09-29T09:54:42.000Z(16:00 KST 이후 · 지연 관측)""],""modelInternal"":[""선택 모형의 기대 누적 +0.00% = 절편 +0.01% + 자기 추세 +0.16% + 52종목 폭·평균 -0.17% · 실제 +0.59%"",""실제 방향과 반대로 기여한 항: F11 (모형 내부 설명 · 인과 아님)""],""causeHypotheses"":[""자료 오류""],""unverified"":[""수급(외국인·기관·개인)·심리·과열·영향 시차·요인 중복·가중치는 이 셀에서 검증 자료 없음(실험 기록·시간순 검증에서만 판단)""]}"
analysis-51dc2f3a763c9c05,analysis,2026-09-29,2026-09-29T09:54:42Z,,,"{""forecastId"":""2026-09-28-atlas11-27e1f65cfc167be9"",""modelVersion"":""atlas11-A-1""}",live,,,,,,,,,,,,,,018260,삼성에스디에스,semi,2026-09-28-atlas11-27e1f65cfc167be9,atlas11-A-1,2026-09-28,2026-09-29,1,1,방향·크기 모두 맞음,true,true,true,1.055016260566276,"{""realizedLog"":-0.011481182373956254,""predictedLog"":-0.0009862843732452008,""errorLog"":0.010494898000711054,""basketCumLog"":null,""beta"":1.0842,""marketPartLog"":null,""residualPartLog"":null,""marketShare"":null,""unexplainedShare"":null}","[""출발가 219,000원(2026-09-28) → 실제 216,500원(2026-09-29, 1거래일) -1.14% · 예측 중앙 218,784원 -0.10% · 오차 +1.06%(절대 오차율 1.06%, 허용 1.5%)"",""방향: 예측 하락(48%) · 실제 하락 → 정답 · 80% 띠 담김(폭 5.6%)"",""실제값 정정 이력 3건"",""실제 종가 관측 시각 2026-09-29T09:54:42.000Z(16:00 KST 이후 · 지연 관측)""]","[""선택 모형의 기대 누적 0.00% = 절편 0.00% + 자기 추세 0.00% + 52종목 폭·평균 0.00% · 실제 -1.14%""]",[],"[""수급(외국인·기관·개인)·심리·과열·영향 시차·요인 중복·가중치는 이 셀에서 검증 자료 없음(실험 기록·시간순 검증에서만 판단)""]",[],"{""luckySuspect"":false,""reasonableProcess"":false,""luckyNote"":null,""reasonableNote"":null}","{""confirmedFacts"":[""출발가 219,000원(2026-09-28) → 실제 216,500원(2026-09-29, 1거래일) -1.14% · 예측 중앙 218,784원 -0.10% · 오차 +1.06%(절대 오차율 1.06%, 허용 1.5%)"",""방향: 예측 하락(48%) · 실제 하락 → 정답 · 80% 띠 담김(폭 5.6%)"",""실제값 정정 이력 3건"",""실제 종가 관측 시각 2026-09-29T09:54:42.000Z(16:00 KST 이후 · 지연 관측)""],""modelInternal"":[""선택 모형의 기대 누적 0.00% = 절편 0.00% + 자기 추세 0.00% + 52종목 폭·평균 0.00% · 실제 -1.14%""],""causeHypotheses"":[],""unverified"":[""수급(외국인·기관·개인)·심리·과열·영향 시차·요인 중복·가중치는 이 셀에서 검증 자료 없음(실험 기록·시간순 검증에서만 판단)""]}"
analysis-ee8b27923228515b,analysis,2026-09-29,2026-09-29T09:54:42Z,,,"{""forecastId"":""2026-09-28-atlas11-27e1f65cfc167be9"",""modelVersion"":""atlas11-A-1""}",live,,,,,,,,,,,,,,086280,현대글로비스,auto,2026-09-28-atlas11-27e1f65cfc167be9,atlas11-A-1,2026-09-28,2026-09-29,1,1,방향·크기 모두 맞음,true,true,true,1.0046451670693601,"{""realizedLog"":-0.011619226451997559,""predictedLog"":-0.0016229049032556976,""errorLog"":0.009996321548741862,""basketCumLog"":null,""beta"":1.0312,""marketPartLog"":null,""residualPartLog"":null,""marketShare"":null,""unexplainedShare"":null}","[""출발가 199,100원(2026-09-28) → 실제 196,800원(2026-09-29, 1거래일) -1.16% · 예측 중앙 198,777원 -0.16% · 오차 +1.00%(절대 오차율 1.00%, 허용 1.5%)"",""방향: 예측 하락(51%) · 실제 하락 → 정답 · 80% 띠 담김(폭 6.0%)"",""실제값 정정 이력 1건"",""실제 종가 관측 시각 2026-09-29T09:54:42.000Z(16:00 KST 이후 · 지연 관측)""]","[""선택 모형의 기대 누적 0.00% = 절편 0.00% + 자기 추세 0.00% + 52종목 폭·평균 0.00% · 실제 -1.16%""]",[],"[""수급(외국인·기관·개인)·심리·과열·영향 시차·요인 중복·가중치는 이 셀에서 검증 자료 없음(실험 기록·시간순 검증에서만 판단)""]",[],"{""luckySuspect"":false,""reasonableProcess"":false,""luckyNote"":null,""reasonableNote"":null}","{""confirmedFacts"":[""출발가 199,100원(2026-09-28) → 실제 196,800원(2026-09-29, 1거래일) -1.16% · 예측 중앙 198,777원 -0.16% · 오차 +1.00%(절대 오차율 1.00%, 허용 1.5%)"",""방향: 예측 하락(51%) · 실제 하락 → 정답 · 80% 띠 담김(폭 6.0%)"",""실제값 정정 이력 1건"",""실제 종가 관측 시각 2026-09-29T09:54:42.000Z(16:00 KST 이후 · 지연 관측)""],""modelInternal"":[""선택 모형의 기대 누적 0.00% = 절편 0.00% + 자기 추세 0.00% + 52종목 폭·평균 0.00% · 실제 -1.16%""],""causeHypotheses"":[],""unverified"":[""수급(외국인·기관·개인)·심리·과열·영향 시차·요인 중복·가중치는 이 셀에서 검증 자료 없음(실험 기록·시간순 검증에서만 판단)""]}"
analysis-e4e326726e2d5b34,analysis,2026-09-29,2026-09-29T09:54:42Z,,,"{""forecastId"":""2026-09-28-atlas11-27e1f65cfc167be9"",""modelVersion"":""atlas11-A-1""}",live,,,,,,,,,,,,,,278470,에이피알,cons,2026-09-28-atlas11-27e1f65cfc167be9,atlas11-A-1,2026-09-28,2026-09-29,1,2,방향 맞고 크기 틀림,true,false,true,1.8980671866050114,"{""realizedLog"":-0.019178670030571943,""predictedLog"":-0.00037588371663552786,""errorLog"":0.018802786313936413,""basketCumLog"":null,""beta"":0.9172,""marketPartLog"":null,""residualPartLog"":null,""marketShare"":null,""unexplainedShare"":null}","[""출발가 368,500원(2026-09-28) → 실제 361,500원(2026-09-29, 1거래일) -1.90% · 예측 중앙 368,362원 -0.04% · 오차 +1.90%(절대 오차율 1.90%, 허용 1.5%)"",""방향: 예측 하락(49%) · 실제 하락 → 정답 · 80% 띠 담김(폭 9.7%)"",""실제값 정정 이력 3건"",""실제 종가 관측 시각 2026-09-29T09:54:42.000Z(16:00 KST 이후 · 지연 관측)""]","[""선택 모형의 기대 누적 0.00% = 절편 0.00% + 자기 추세 0.00% + 52종목 폭·평균 0.00% · 실제 -1.90%""]","[{""category"":""자료 오류"",""evidence"":""실제값 정정 3건"",""counterEvidence"":""정정 뒤 값으로 채점됨"",""strength"":""약""}]","[""수급(외국인·기관·개인)·심리·과열·영향 시차·요인 중복·가중치는 이 셀에서 검증 자료 없음(실험 기록·시간순 검증에서만 판단)""]","[""자료 오류""]","{""luckySuspect"":false,""reasonableProcess"":false,""luckyNote"":null,""reasonableNote"":null}","{""confirmedFacts"":[""출발가 368,500원(2026-09-28) → 실제 361,500원(2026-09-29, 1거래일) -1.90% · 예측 중앙 368,362원 -0.04% · 오차 +1.90%(절대 오차율 1.90%, 허용 1.5%)"",""방향: 예측 하락(49%) · 실제 하락 → 정답 · 80% 띠 담김(폭 9.7%)"",""실제값 정정 이력 3건"",""실제 종가 관측 시각 2026-09-29T09:54:42.000Z(16:00 KST 이후 · 지연 관측)""],""modelInternal"":[""선택 모형의 기대 누적 0.00% = 절편 0.00% + 자기 추세 0.00% + 52종목 폭·평균 0.00% · 실제 -1.90%""],""causeHypotheses"":[""자료 오류""],""unverified"":[""수급(외국인·기관·개인)·심리·과열·영향 시차·요인 중복·가중치는 이 셀에서 검증 자료 없음(실험 기록·시간순 검증에서만 판단)""]}"
analysis-c368bc132d2542e5,analysis,2026-09-29,2026-09-29T09:54:42Z,,,"{""forecastId"":""2026-09-28-atlas11-27e1f65cfc167be9"",""modelVersion"":""atlas11-A-1""}",live,,,,,,,,,,,,,,003490,대한항공,auto,2026-09-28-atlas11-27e1f65cfc167be9,atlas11-A-1,2026-09-28,2026-09-29,1,1,방향·크기 모두 맞음,true,true,true,0.39249691284605465,"{""realizedLog"":-0.0095087879690273,""predictedLog"":-0.005591501435825039,""errorLog"":0.003917286533202262,""basketCumLog"":null,""beta"":0.8628,""marketPartLog"":null,""residualPartLog"":null,""marketShare"":null,""unexplainedShare"":null}","[""출발가 31,700원(2026-09-28) → 실제 31,400원(2026-09-29, 1거래일) -0.95% · 예측 중앙 31,523원 -0.56% · 오차 +0.39%(절대 오차율 0.39%, 허용 1.5%)"",""방향: 예측 하락(58%) · 실제 하락 → 정답 · 80% 띠 담김(폭 6.0%)"",""실제값 정정 이력 1건"",""실제 종가 관측 시각 2026-09-29T09:54:42.000Z(16:00 KST 이후 · 지연 관측)""]","[""선택 모형의 기대 누적 -0.27% = 절편 +0.04% + 자기 추세 -0.35% + 52종목 폭·평균 +0.04% · 실제 -0.95%"",""실제 방향과 반대로 기여한 항: F11 (모형 내부 설명 · 인과 아님)""]",[],"[""수급(외국인·기관·개인)·심리·과열·영향 시차·요인 중복·가중치는 이 셀에서 검증 자료 없음(실험 기록·시간순 검증에서만 판단)""]",[],"{""luckySuspect"":false,""reasonableProcess"":false,""luckyNote"":null,""reasonableNote"":null}","{""confirmedFacts"":[""출발가 31,700원(2026-09-28) → 실제 31,400원(2026-09-29, 1거래일) -0.95% · 예측 중앙 31,523원 -0.56% · 오차 +0.39%(절대 오차율 0.39%, 허용 1.5%)"",""방향: 예측 하락(58%) · 실제 하락 → 정답 · 80% 띠 담김(폭 6.0%)"",""실제값 정정 이력 1건"",""실제 종가 관측 시각 2026-09-29T09:54:42.000Z(16:00 KST 이후 · 지연 관측)""],""modelInternal"":[""선택 모형의 기대 누적 -0.27% = 절편 +0.04% + 자기 추세 -0.35% + 52종목 폭·평균 +0.04% · 실제 -0.95%"",""실제 방향과 반대로 기여한 항: F11 (모형 내부 설명 · 인과 아님)""],""causeHypotheses"":[],""unverified"":[""수급(외국인·기관·개인)·심리·과열·영향 시차·요인 중복·가중치는 이 셀에서 검증 자료 없음(실험 기록·시간순 검증에서만 판단)""]}"
analysis-c5ca390aa2f83256,analysis,2026-09-29,2026-09-29T09:54:42Z,,,"{""forecastId"":""2026-09-28-atlas11-27e1f65cfc167be9"",""modelVersion"":""atlas11-A-1""}",live,,,,,,,,,,,,,,003230,삼양식품,cons,2026-09-28-atlas11-27e1f65cfc167be9,atlas11-A-1,2026-09-28,2026-09-29,1,3,크기 허용·방향 틀림,false,true,true,0.8963132785398469,"{""realizedLog"":0.0049261183360557815,""predictedLog"":-0.00407742497517411,""errorLog"":-0.009003543311229892,""basketCumLog"":null,""beta"":0.6817,""marketPartLog"":null,""residualPartLog"":null,""marketShare"":null,""unexplainedShare"":null}","[""출발가 1,215,000원(2026-09-28) → 실제 1,221,000원(2026-09-29, 1거래일) +0.49% · 예측 중앙 1,210,056원 -0.41% · 오차 -0.90%(절대 오차율 0.90%, 허용 1.5%)"",""방향: 예측 하락(54%) · 실제 상승 → 오답 · 80% 띠 담김(폭 7.4%)"",""실제값 정정 이력 4건"",""실제 종가 관측 시각 2026-09-29T09:54:42.000Z(16:00 KST 이후 · 지연 관측)""]","[""선택 모형의 기대 누적 0.00% = 절편 0.00% + 자기 추세 0.00% + 52종목 폭·평균 0.00% · 실제 +0.49%""]","[{""category"":""자료 오류"",""evidence"":""실제값 정정 4건"",""counterEvidence"":""정정 뒤 값으로 채점됨"",""strength"":""약""}]","[""수급(외국인·기관·개인)·심리·과열·영향 시차·요인 중복·가중치는 이 셀에서 검증 자료 없음(실험 기록·시간순 검증에서만 판단)""]","[""자료 오류""]","{""luckySuspect"":false,""reasonableProcess"":true,""luckyNote"":null,""reasonableNote"":""방향은 틀렸지만 실제값이 모형 80% 띠 안 → 판단 과정은 분포 안""}","{""confirmedFacts"":[""출발가 1,215,000원(2026-09-28) → 실제 1,221,000원(2026-09-29, 1거래일) +0.49% · 예측 중앙 1,210,056원 -0.41% · 오차 -0.90%(절대 오차율 0.90%, 허용 1.5%)"",""방향: 예측 하락(54%) · 실제 상승 → 오답 · 80% 띠 담김(폭 7.4%)"",""실제값 정정 이력 4건"",""실제 종가 관측 시각 2026-09-29T09:54:42.000Z(16:00 KST 이후 · 지연 관측)""],""modelInternal"":[""선택 모형의 기대 누적 0.00% = 절편 0.00% + 자기 추세 0.00% + 52종목 폭·평균 0.00% · 실제 +0.49%""],""causeHypotheses"":[""자료 오류""],""unverified"":[""수급(외국인·기관·개인)·심리·과열·영향 시차·요인 중복·가중치는 이 셀에서 검증 자료 없음(실험 기록·시간순 검증에서만 판단)""]}"
analysis-3d7f7f968cdfbe14,analysis,2026-09-29,2026-09-29T09:54:42Z,,,"{""forecastId"":""2026-09-28-atlas11-27e1f65cfc167be9"",""modelVersion"":""atlas11-A-1""}",live,,,,,,,,,,,,,,259960,크래프톤,net,2026-09-28-atlas11-27e1f65cfc167be9,atlas11-A-1,2026-09-28,2026-09-29,1,2,방향 맞고 크기 틀림,true,false,true,2.0992140685935134,"{""realizedLog"":-0.021516967224633553,""predictedLog"":-0.0007421257348711653,""errorLog"":0.02077484148976239,""basketCumLog"":null,""beta"":0.6022,""marketPartLog"":null,""residualPartLog"":null,""marketShare"":null,""unexplainedShare"":null}","[""출발가 202,000원(2026-09-28) → 실제 197,700원(2026-09-29, 1거래일) -2.13% · 예측 중앙 201,850원 -0.07% · 오차 +2.10%(절대 오차율 2.10%, 허용 1.5%)"",""방향: 예측 하락(50%) · 실제 하락 → 정답 · 80% 띠 담김(폭 5.0%)"",""실제값 정정 이력 3건"",""실제 종가 관측 시각 2026-09-29T09:54:42.000Z(16:00 KST 이후 · 지연 관측)""]","[""선택 모형의 기대 누적 -0.07% = 절편 -0.06% + 자기 추세 +0.01% + 52종목 폭·평균 -0.01% · 실제 -2.13%"",""실제 방향과 반대로 기여한 항: F35 (모형 내부 설명 · 인과 아님)""]","[{""category"":""자료 오류"",""evidence"":""실제값 정정 3건"",""counterEvidence"":""정정 뒤 값으로 채점됨"",""strength"":""약""}]","[""수급(외국인·기관·개인)·심리·과열·영향 시차·요인 중복·가중치는 이 셀에서 검증 자료 없음(실험 기록·시간순 검증에서만 판단)""]","[""자료 오류""]","{""luckySuspect"":false,""reasonableProcess"":false,""luckyNote"":null,""reasonableNote"":null}","{""confirmedFacts"":[""출발가 202,000원(2026-09-28) → 실제 197,700원(2026-09-29, 1거래일) -2.13% · 예측 중앙 201,850원 -0.07% · 오차 +2.10%(절대 오차율 2.10%, 허용 1.5%)"",""방향: 예측 하락(50%) · 실제 하락 → 정답 · 80% 띠 담김(폭 5.0%)"",""실제값 정정 이력 3건"",""실제 종가 관측 시각 2026-09-29T09:54:42.000Z(16:00 KST 이후 · 지연 관측)""],""modelInternal"":[""선택 모형의 기대 누적 -0.07% = 절편 -0.06% + 자기 추세 +0.01% + 52종목 폭·평균 -0.01% · 실제 -2.13%"",""실제 방향과 반대로 기여한 항: F35 (모형 내부 설명 · 인과 아님)""],""causeHypotheses"":[""자료 오류""],""unverified"":[""수급(외국인·기관·개인)·심리·과열·영향 시차·요인 중복·가중치는 이 셀에서 검증 자료 없음(실험 기록·시간순 검증에서만 판단)""]}"
analysis-e0439801f3a9d568,analysis,2026-09-29,2026-09-29T09:54:42Z,,,"{""forecastId"":""2026-09-28-atlas11-27e1f65cfc167be9"",""modelVersion"":""atlas11-A-1""}",live,,,,,,,,,,,,,,352820,하이브,net,2026-09-28-atlas11-27e1f65cfc167be9,atlas11-A-1,2026-09-28,2026-09-29,1,2,방향 맞고 크기 틀림,true,false,true,1.8638619424465448,"{""realizedLog"":-0.018703787140919095,""predictedLog"":-0.00023673817130389073,""errorLog"":0.018467048969615204,""basketCumLog"":null,""beta"":0.9397,""marketPartLog"":null,""residualPartLog"":null,""marketShare"":null,""unexplainedShare"":null}","[""출발가 161,900원(2026-09-28) → 실제 158,900원(2026-09-29, 1거래일) -1.85% · 예측 중앙 161,862원 -0.02% · 오차 +1.86%(절대 오차율 1.86%, 허용 1.5%)"",""방향: 예측 하락(49%) · 실제 하락 → 정답 · 80% 띠 담김(폭 6.1%)"",""실제값 정정 이력 1건"",""실제 종가 관측 시각 2026-09-29T09:54:42.000Z(16:00 KST 이후 · 지연 관측)""]","[""선택 모형의 기대 누적 0.00% = 절편 0.00% + 자기 추세 0.00% + 52종목 폭·평균 0.00% · 실제 -1.85%""]","[{""category"":""자료 오류"",""evidence"":""실제값 정정 1건"",""counterEvidence"":""정정 뒤 값으로 채점됨"",""strength"":""약""}]","[""수급(외국인·기관·개인)·심리·과열·영향 시차·요인 중복·가중치는 이 셀에서 검증 자료 없음(실험 기록·시간순 검증에서만 판단)""]","[""자료 오류""]","{""luckySuspect"":false,""reasonableProcess"":false,""luckyNote"":null,""reasonableNote"":null}","{""confirmedFacts"":[""출발가 161,900원(2026-09-28) → 실제 158,900원(2026-09-29, 1거래일) -1.85% · 예측 중앙 161,862원 -0.02% · 오차 +1.86%(절대 오차율 1.86%, 허용 1.5%)"",""방향: 예측 하락(49%) · 실제 하락 → 정답 · 80% 띠 담김(폭 6.1%)"",""실제값 정정 이력 1건"",""실제 종가 관측 시각 2026-09-29T09:54:42.000Z(16:00 KST 이후 · 지연 관측)""],""modelInternal"":[""선택 모형의 기대 누적 0.00% = 절편 0.00% + 자기 추세 0.00% + 52종목 폭·평균 0.00% · 실제 -1.85%""],""causeHypotheses"":[""자료 오류""],""unverified"":[""수급(외국인·기관·개인)·심리·과열·영향 시차·요인 중복·가중치는 이 셀에서 검증 자료 없음(실험 기록·시간순 검증에서만 판단)""]}"
analysis-8c43684d619994f7,analysis,2026-09-29,2026-09-29T09:54:42Z,,,"{""forecastId"":""2026-09-28-atlas11-27e1f65cfc167be9"",""modelVersion"":""atlas11-A-1""}",live,,,,,,,,,,,,,,029780,삼성카드,fin,2026-09-28-atlas11-27e1f65cfc167be9,atlas11-A-1,2026-09-28,2026-09-29,1,4,방향·크기 모두 틀림,false,false,false,1.9646036544170655,"{""realizedLog"":-0.019802627296179754,""predictedLog"":-0.0003470832223247104,""errorLog"":0.019455544073855045,""basketCumLog"":null,""beta"":0.3975,""marketPartLog"":null,""residualPartLog"":null,""marketShare"":null,""unexplainedShare"":null}","[""출발가 43,350원(2026-09-28) → 실제 42,500원(2026-09-29, 1거래일) -1.96% · 예측 중앙 43,335원 -0.03% · 오차 +1.96%(절대 오차율 1.96%, 허용 1.5%)"",""방향: 예측 상승(47%) · 실제 하락 → 오답 · 80% 띠 벗어남(폭 3.4%)"",""실제값 정정 이력 3건"",""실제 종가 관측 시각 2026-09-29T09:54:42.000Z(16:00 KST 이후 · 지연 관측)""]","[""선택 모형의 기대 누적 0.00% = 절편 0.00% + 자기 추세 0.00% + 52종목 폭·평균 0.00% · 실제 -1.96%""]","[{""category"":""변동성·범위"",""evidence"":""실제값이 80% 띠 밖(폭 3.4% · 실제 이동 -1.96%)"",""counterEvidence"":""80% 띠는 명목이며 개별 셀의 벗어남은 정상 범위일 수 있음(담김률로 판단)"",""strength"":""중""},{""category"":""자료 오류"",""evidence"":""실제값 정정 3건"",""counterEvidence"":""정정 뒤 값으로 채점됨"",""strength"":""약""}]","[""수급(외국인·기관·개인)·심리·과열·영향 시차·요인 중복·가중치는 이 셀에서 검증 자료 없음(실험 기록·시간순 검증에서만 판단)""]","[""변동성·범위"",""자료 오류""]","{""luckySuspect"":false,""reasonableProcess"":false,""luckyNote"":null,""reasonableNote"":null}","{""confirmedFacts"":[""출발가 43,350원(2026-09-28) → 실제 42,500원(2026-09-29, 1거래일) -1.96% · 예측 중앙 43,335원 -0.03% · 오차 +1.96%(절대 오차율 1.96%, 허용 1.5%)"",""방향: 예측 상승(47%) · 실제 하락 → 오답 · 80% 띠 벗어남(폭 3.4%)"",""실제값 정정 이력 3건"",""실제 종가 관측 시각 2026-09-29T09:54:42.000Z(16:00 KST 이후 · 지연 관측)""],""modelInternal"":[""선택 모형의 기대 누적 0.00% = 절편 0.00% + 자기 추세 0.00% + 52종목 폭·평균 0.00% · 실제 -1.96%""],""causeHypotheses"":[""변동성·범위"",""자료 오류""],""unverified"":[""수급(외국인·기관·개인)·심리·과열·영향 시차·요인 중복·가중치는 이 셀에서 검증 자료 없음(실험 기록·시간순 검증에서만 판단)""]}"
analysis-4a1b725ce95996b3,analysis,2026-09-29,2026-09-29T09:54:42Z,,,"{""forecastId"":""2026-09-28-atlas11-27e1f65cfc167be9"",""modelVersion"":""atlas11-A-1""}",live,,,,,,,,,,,,,,004170,신세계,cons,2026-09-28-atlas11-27e1f65cfc167be9,atlas11-A-1,2026-09-28,2026-09-29,1,2,방향 맞고 크기 틀림,true,false,true,1.5806939362459773,"{""realizedLog"":-0.01614121617938525,""predictedLog"":-0.00045790539178172505,""errorLog"":0.015683310787603523,""basketCumLog"":null,""beta"":0.9942,""marketPartLog"":null,""residualPartLog"":null,""marketShare"":null,""unexplainedShare"":null}","[""출발가 343,500원(2026-09-28) → 실제 338,000원(2026-09-29, 1거래일) -1.60% · 예측 중앙 343,343원 -0.05% · 오차 +1.58%(절대 오차율 1.58%, 허용 1.5%)"",""방향: 예측 하락(49%) · 실제 하락 → 정답 · 80% 띠 담김(폭 8.1%)"",""실제값 정정 이력 4건"",""실제 종가 관측 시각 2026-09-29T09:54:42.000Z(16:00 KST 이후 · 지연 관측)""]","[""선택 모형의 기대 누적 +0.14% = 절편 +0.12% + 자기 추세 +0.01% + 52종목 폭·평균 +0.01% · 실제 -1.60%"",""실제 방향과 반대로 기여한 항: F35, F11 (모형 내부 설명 · 인과 아님)""]","[{""category"":""자료 오류"",""evidence"":""실제값 정정 4건"",""counterEvidence"":""정정 뒤 값으로 채점됨"",""strength"":""약""}]","[""수급(외국인·기관·개인)·심리·과열·영향 시차·요인 중복·가중치는 이 셀에서 검증 자료 없음(실험 기록·시간순 검증에서만 판단)""]","[""자료 오류""]","{""luckySuspect"":false,""reasonableProcess"":false,""luckyNote"":null,""reasonableNote"":null}","{""confirmedFacts"":[""출발가 343,500원(2026-09-28) → 실제 338,000원(2026-09-29, 1거래일) -1.60% · 예측 중앙 343,343원 -0.05% · 오차 +1.58%(절대 오차율 1.58%, 허용 1.5%)"",""방향: 예측 하락(49%) · 실제 하락 → 정답 · 80% 띠 담김(폭 8.1%)"",""실제값 정정 이력 4건"",""실제 종가 관측 시각 2026-09-29T09:54:42.000Z(16:00 KST 이후 · 지연 관측)""],""modelInternal"":[""선택 모형의 기대 누적 +0.14% = 절편 +0.12% + 자기 추세 +0.01% + 52종목 폭·평균 +0.01% · 실제 -1.60%"",""실제 방향과 반대로 기여한 항: F35, F11 (모형 내부 설명 · 인과 아님)""],""causeHypotheses"":[""자료 오류""],""unverified"":[""수급(외국인·기관·개인)·심리·과열·영향 시차·요인 중복·가중치는 이 셀에서 검증 자료 없음(실험 기록·시간순 검증에서만 판단)""]}"
analysis-73bcd69d93fce12f,analysis,2026-09-29,2026-09-29T09:54:42Z,,,"{""forecastId"":""2026-09-28-atlas11-27e1f65cfc167be9"",""modelVersion"":""atlas11-A-1""}",live,,,,,,,,,,,,,,012750,에스원,util,2026-09-28-atlas11-27e1f65cfc167be9,atlas11-A-1,2026-09-28,2026-09-29,1,1,방향·크기 모두 맞음,true,true,true,0.7478260793164844,"{""realizedLog"":-0.00722894714315143,""predictedLog"":0.0002214900862432742,""errorLog"":0.0074504372293947045,""basketCumLog"":null,""beta"":0.3469,""marketPartLog"":null,""residualPartLog"":null,""marketShare"":null,""unexplainedShare"":null}","[""출발가 83,300원(2026-09-28) → 실제 82,700원(2026-09-29, 1거래일) -0.72% · 예측 중앙 83,318원 +0.02% · 오차 +0.75%(절대 오차율 0.75%, 허용 1.5%)"",""방향: 예측 하락(48%) · 실제 하락 → 정답 · 80% 띠 담김(폭 5.1%)"",""실제값 정정 이력 3건"",""실제 종가 관측 시각 2026-09-29T09:54:42.000Z(16:00 KST 이후 · 지연 관측)""]","[""선택 모형의 기대 누적 0.00% = 절편 0.00% + 자기 추세 0.00% + 52종목 폭·평균 0.00% · 실제 -0.72%""]",[],"[""수급(외국인·기관·개인)·심리·과열·영향 시차·요인 중복·가중치는 이 셀에서 검증 자료 없음(실험 기록·시간순 검증에서만 판단)""]",[],"{""luckySuspect"":false,""reasonableProcess"":false,""luckyNote"":null,""reasonableNote"":null}","{""confirmedFacts"":[""출발가 83,300원(2026-09-28) → 실제 82,700원(2026-09-29, 1거래일) -0.72% · 예측 중앙 83,318원 +0.02% · 오차 +0.75%(절대 오차율 0.75%, 허용 1.5%)"",""방향: 예측 하락(48%) · 실제 하락 → 정답 · 80% 띠 담김(폭 5.1%)"",""실제값 정정 이력 3건"",""실제 종가 관측 시각 2026-09-29T09:54:42.000Z(16:00 KST 이후 · 지연 관측)""],""modelInternal"":[""선택 모형의 기대 누적 0.00% = 절편 0.00% + 자기 추세 0.00% + 52종목 폭·평균 0.00% · 실제 -0.72%""],""causeHypotheses"":[],""unverified"":[""수급(외국인·기관·개인)·심리·과열·영향 시차·요인 중복·가중치는 이 셀에서 검증 자료 없음(실험 기록·시간순 검증에서만 판단)""]}"
analysis-4ce9bb70b14f28ac,analysis,2026-09-29,2026-09-29T09:54:42Z,,,"{""forecastId"":""2026-09-28-atlas11-27e1f65cfc167be9"",""modelVersion"":""atlas11-A-1""}",live,,,,,,,,,,,,,,111770,영원무역,cons,2026-09-28-atlas11-27e1f65cfc167be9,atlas11-A-1,2026-09-28,2026-09-29,1,1,방향·크기 모두 맞음,true,true,true,1.3519680604058728,"{""realizedLog"":-0.014104606181541935,""predictedLog"":-0.0006755010052427328,""errorLog"":0.013429105176299201,""basketCumLog"":null,""beta"":0.5629,""marketPartLog"":null,""residualPartLog"":null,""marketShare"":null,""unexplainedShare"":null}","[""출발가 71,400원(2026-09-28) → 실제 70,400원(2026-09-29, 1거래일) -1.40% · 예측 중앙 71,352원 -0.07% · 오차 +1.35%(절대 오차율 1.35%, 허용 1.5%)"",""방향: 예측 하락(49%) · 실제 하락 → 정답 · 80% 띠 담김(폭 5.3%)"",""실제값 정정 이력 4건"",""실제 종가 관측 시각 2026-09-29T09:54:42.000Z(16:00 KST 이후 · 지연 관측)""]","[""선택 모형의 기대 누적 -0.06% = 절편 +0.08% + 자기 추세 -0.22% + 52종목 폭·평균 +0.08% · 실제 -1.40%"",""실제 방향과 반대로 기여한 항: F11 (모형 내부 설명 · 인과 아님)""]",[],"[""수급(외국인·기관·개인)·심리·과열·영향 시차·요인 중복·가중치는 이 셀에서 검증 자료 없음(실험 기록·시간순 검증에서만 판단)""]",[],"{""luckySuspect"":false,""reasonableProcess"":false,""luckyNote"":null,""reasonableNote"":null}","{""confirmedFacts"":[""출발가 71,400원(2026-09-28) → 실제 70,400원(2026-09-29, 1거래일) -1.40% · 예측 중앙 71,352원 -0.07% · 오차 +1.35%(절대 오차율 1.35%, 허용 1.5%)"",""방향: 예측 하락(49%) · 실제 하락 → 정답 · 80% 띠 담김(폭 5.3%)"",""실제값 정정 이력 4건"",""실제 종가 관측 시각 2026-09-29T09:54:42.000Z(16:00 KST 이후 · 지연 관측)""],""modelInternal"":[""선택 모형의 기대 누적 -0.06% = 절편 +0.08% + 자기 추세 -0.22% + 52종목 폭·평균 +0.08% · 실제 -1.40%"",""실제 방향과 반대로 기여한 항: F11 (모형 내부 설명 · 인과 아님)""],""causeHypotheses"":[],""unverified"":[""수급(외국인·기관·개인)·심리·과열·영향 시차·요인 중복·가중치는 이 셀에서 검증 자료 없음(실험 기록·시간순 검증에서만 판단)""]}"
analysis-be992c928d9b3f2c,analysis,2026-09-29,2026-09-29T09:54:42Z,,,"{""forecastId"":""2026-09-28-atlas11-27e1f65cfc167be9"",""modelVersion"":""atlas11-A-1""}",live,,,,,,,,,,,,,,035250,강원랜드,cons,2026-09-28-atlas11-27e1f65cfc167be9,atlas11-A-1,2026-09-28,2026-09-29,1,3,크기 허용·방향 틀림,false,true,true,0.6570506179164783,"{""realizedLog"":-0.006247850938363027,""predictedLog"":0.00030116355454857423,""errorLog"":0.006549014492911601,""basketCumLog"":null,""beta"":0.3952,""marketPartLog"":null,""residualPartLog"":null,""marketShare"":null,""unexplainedShare"":null}","[""출발가 14,450원(2026-09-28) → 실제 14,360원(2026-09-29, 1거래일) -0.62% · 예측 중앙 14,454원 +0.03% · 오차 +0.66%(절대 오차율 0.66%, 허용 1.5%)"",""방향: 예측 상승(48%) · 실제 하락 → 오답 · 80% 띠 담김(폭 2.7%)"",""실제값 정정 이력 3건"",""실제 종가 관측 시각 2026-09-29T09:54:42.000Z(16:00 KST 이후 · 지연 관측)""]","[""선택 모형의 기대 누적 +0.03% = 절편 -0.00% + 자기 추세 -0.05% + 52종목 폭·평균 +0.08% · 실제 -0.62%"",""실제 방향과 반대로 기여한 항: F11 (모형 내부 설명 · 인과 아님)""]","[{""category"":""자료 오류"",""evidence"":""실제값 정정 3건"",""counterEvidence"":""정정 뒤 값으로 채점됨"",""strength"":""약""}]","[""수급(외국인·기관·개인)·심리·과열·영향 시차·요인 중복·가중치는 이 셀에서 검증 자료 없음(실험 기록·시간순 검증에서만 판단)""]","[""자료 오류""]","{""luckySuspect"":false,""reasonableProcess"":true,""luckyNote"":null,""reasonableNote"":""방향은 틀렸지만 실제값이 모형 80% 띠 안 → 판단 과정은 분포 안""}","{""confirmedFacts"":[""출발가 14,450원(2026-09-28) → 실제 14,360원(2026-09-29, 1거래일) -0.62% · 예측 중앙 14,454원 +0.03% · 오차 +0.66%(절대 오차율 0.66%, 허용 1.5%)"",""방향: 예측 상승(48%) · 실제 하락 → 오답 · 80% 띠 담김(폭 2.7%)"",""실제값 정정 이력 3건"",""실제 종가 관측 시각 2026-09-29T09:54:42.000Z(16:00 KST 이후 · 지연 관측)""],""modelInternal"":[""선택 모형의 기대 누적 +0.03% = 절편 -0.00% + 자기 추세 -0.05% + 52종목 폭·평균 +0.08% · 실제 -0.62%"",""실제 방향과 반대로 기여한 항: F11 (모형 내부 설명 · 인과 아님)""],""causeHypotheses"":[""자료 오류""],""unverified"":[""수급(외국인·기관·개인)·심리·과열·영향 시차·요인 중복·가중치는 이 셀에서 검증 자료 없음(실험 기록·시간순 검증에서만 판단)""]}"
analysis-1d340f3bfc469931,analysis,2026-09-29,2026-09-29T09:54:42Z,,,"{""forecastId"":""2026-09-28-atlas11-27e1f65cfc167be9"",""modelVersion"":""atlas11-A-1""}",live,,,,,,,,,,,,,,214370,케어젠,bio,2026-09-28-atlas11-27e1f65cfc167be9,atlas11-A-1,2026-09-28,2026-09-29,1,4,방향·크기 모두 틀림,false,false,true,4.576595059795885,"{""realizedLog"":0.04313669388815919,""predictedLog"":-0.003709608932374687,""errorLog"":-0.046846302820533876,""basketCumLog"":null,""beta"":1.258,""marketPartLog"":null,""residualPartLog"":null,""marketShare"":null,""unexplainedShare"":null}","[""출발가 39,700원(2026-09-28) → 실제 41,450원(2026-09-29, 1거래일) +4.41% · 예측 중앙 39,553원 -0.37% · 오차 -4.58%(절대 오차율 4.58%, 허용 1.5%)"",""방향: 예측 하락(54%) · 실제 상승 → 오답 · 80% 띠 담김(폭 9.2%)"",""실제값 정정 이력 1건"",""실제 종가 관측 시각 2026-09-29T09:54:42.000Z(16:00 KST 이후 · 지연 관측)""]","[""선택 모형의 기대 누적 0.00% = 절편 0.00% + 자기 추세 0.00% + 52종목 폭·평균 0.00% · 실제 +4.41%""]","[{""category"":""자료 오류"",""evidence"":""실제값 정정 1건"",""counterEvidence"":""정정 뒤 값으로 채점됨"",""strength"":""약""}]","[""수급(외국인·기관·개인)·심리·과열·영향 시차·요인 중복·가중치는 이 셀에서 검증 자료 없음(실험 기록·시간순 검증에서만 판단)""]","[""자료 오류""]","{""luckySuspect"":false,""reasonableProcess"":true,""luckyNote"":null,""reasonableNote"":""방향은 틀렸지만 실제값이 모형 80% 띠 안 → 판단 과정은 분포 안""}","{""confirmedFacts"":[""출발가 39,700원(2026-09-28) → 실제 41,450원(2026-09-29, 1거래일) +4.41% · 예측 중앙 39,553원 -0.37% · 오차 -4.58%(절대 오차율 4.58%, 허용 1.5%)"",""방향: 예측 하락(54%) · 실제 상승 → 오답 · 80% 띠 담김(폭 9.2%)"",""실제값 정정 이력 1건"",""실제 종가 관측 시각 2026-09-29T09:54:42.000Z(16:00 KST 이후 · 지연 관측)""],""modelInternal"":[""선택 모형의 기대 누적 0.00% = 절편 0.00% + 자기 추세 0.00% + 52종목 폭·평균 0.00% · 실제 +4.41%""],""causeHypotheses"":[""자료 오류""],""unverified"":[""수급(외국인·기관·개인)·심리·과열·영향 시차·요인 중복·가중치는 이 셀에서 검증 자료 없음(실험 기록·시간순 검증에서만 판단)""]}"
analysis-28071f677313dcbb,analysis,2026-09-29,2026-09-29T09:54:42Z,,,"{""forecastId"":""2026-09-28-atlas11-27e1f65cfc167be9"",""modelVersion"":""atlas11-A-1""}",live,,,,,,,,,,,,,,030000,제일기획,net,2026-09-28-atlas11-27e1f65cfc167be9,atlas11-A-1,2026-09-28,2026-09-29,1,1,방향·크기 모두 맞음,true,true,true,0.07811830787595712,"{""realizedLog"":0.0011223345734787044,""predictedLog"":0.00034084621221981194,""errorLog"":-0.0007814883612588925,""basketCumLog"":null,""beta"":0.3386,""marketPartLog"":null,""residualPartLog"":null,""marketShare"":null,""unexplainedShare"":null}","[""출발가 17,810원(2026-09-28) → 실제 17,830원(2026-09-29, 1거래일) +0.11% · 예측 중앙 17,816원 +0.03% · 오차 -0.08%(절대 오차율 0.08%, 허용 1.5%)"",""방향: 예측 상승(48%) · 실제 상승 → 정답 · 80% 띠 담김(폭 3.2%)"",""실제값 정정 이력 3건"",""실제 종가 관측 시각 2026-09-29T09:54:42.000Z(16:00 KST 이후 · 지연 관측)""]","[""선택 모형의 기대 누적 0.00% = 절편 0.00% + 자기 추세 0.00% + 52종목 폭·평균 0.00% · 실제 +0.11%""]",[],"[""수급(외국인·기관·개인)·심리·과열·영향 시차·요인 중복·가중치는 이 셀에서 검증 자료 없음(실험 기록·시간순 검증에서만 판단)""]",[],"{""luckySuspect"":false,""reasonableProcess"":false,""luckyNote"":null,""reasonableNote"":null}","{""confirmedFacts"":[""출발가 17,810원(2026-09-28) → 실제 17,830원(2026-09-29, 1거래일) +0.11% · 예측 중앙 17,816원 +0.03% · 오차 -0.08%(절대 오차율 0.08%, 허용 1.5%)"",""방향: 예측 상승(48%) · 실제 상승 → 정답 · 80% 띠 담김(폭 3.2%)"",""실제값 정정 이력 3건"",""실제 종가 관측 시각 2026-09-29T09:54:42.000Z(16:00 KST 이후 · 지연 관측)""],""modelInternal"":[""선택 모형의 기대 누적 0.00% = 절편 0.00% + 자기 추세 0.00% + 52종목 폭·평균 0.00% · 실제 +0.11%""],""causeHypotheses"":[],""unverified"":[""수급(외국인·기관·개인)·심리·과열·영향 시차·요인 중복·가중치는 이 셀에서 검증 자료 없음(실험 기록·시간순 검증에서만 판단)""]}"
analysis-dad770e5c8154061,analysis,2026-09-29,2026-09-29T09:54:42Z,,,"{""scoreCutoff"":""2026-09-29""}",daily_aggregate,2026-09-29,,"[{""code"":""214370"",""name"":""케어젠"",""change"":0.044080604534004975},{""code"":""051910"",""name"":""LG화학"",""change"":-0.043809523809523854},{""code"":""005490"",""name"":""POSCO홀딩스"",""change"":-0.034755134281200584},{""code"":""373220"",""name"":""LG에너지솔루션"",""change"":-0.030219780219780223},{""code"":""010130"",""name"":""고려아연"",""change"":-0.029038112522686066}]",123,"{""방향 맞고 크기 틀림"":45,""방향·크기 모두 맞음"":39,""크기 허용·방향 틀림"":30,""방향·크기 모두 틀림"":9}","{""1"":{""n"":123,""directionAccuracy"":0.6829268292682927,""priceHitRate"":0.5609756097560976,""meanAPE"":1.5252386958632531,""coverage80"":0.9024390243902439,""meanBrier"":0.5085193164634149},""5"":null,""10"":null,""20"":null}","[{""group"":""semi"",""groupName"":""반도체·전자"",""n"":6,""directionAccuracy"":0.5,""meanAPE"":0.6240399417028222,""meanSignedErrorPct"":0.4309763188634519},{""group"":""chem"",""groupName"":""배터리·화학·소재"",""n"":15,""directionAccuracy"":1,""meanAPE"":3.0476176691590724,""meanSignedErrorPct"":3.0476176691590777},{""group"":""auto"",""groupName"":""자동차·운송"",""n"":12,""directionAccuracy"":1,""meanAPE"":1.1618392458815727,""meanSignedErrorPct"":1.161839245881574},{""group"":""fin"",""groupName"":""금융"",""n"":15,""directionAccuracy"":0.6,""meanAPE"":1.3687288895390508,""meanSignedErrorPct"":1.3687288895390504},{""group"":""heavy"",""groupName"":""조선·기계·방산·건설"",""n"":9,""directionAccuracy"":0.3333333333333333,""meanAPE"":1.7689453892151052,""meanSignedErrorPct"":1.3834216371297041},{""group"":""bio"",""groupName"":""바이오·헬스"",""n"":12,""directionAccuracy"":0.5,""meanAPE"":2.0192715920754316,""meanSignedErrorPct"":-0.649843578291312},{""group"":""net"",""groupName"":""통신·인터넷·게임·엔터"",""n"":15,""directionAccuracy"":0.8,""meanAPE"":1.397913795449281,""meanSignedErrorPct"":1.3666664722988942},{""group"":""cons"",""groupName"":""소비재·유통"",""n"":24,""directionAccuracy"":0.625,""meanAPE"":1.0974626946549384,""meanSignedErrorPct"":0.7408366497823448},{""group"":""util"",""groupName"":""에너지·유틸리티·지주·상사"",""n"":15,""directionAccuracy"":0.6,""meanAPE"":1.080884759907574,""meanSignedErrorPct"":0.5399946007059729}]",{},"[{""code"":""030000"",""name"":""제일기획"",""horizon"":1,""ape"":0.07811830787595712},{""code"":""030000"",""name"":""제일기획"",""horizon"":1,""ape"":0.07811830787595712},{""code"":""030000"",""name"":""제일기획"",""horizon"":1,""ape"":0.07811830787595712},{""code"":""003490"",""name"":""대한항공"",""horizon"":1,""ape"":0.39249691284605465},{""code"":""003490"",""name"":""대한항공"",""horizon"":1,""ape"":0.39249691284605465}]","[{""code"":""214370"",""name"":""케어젠"",""horizon"":1,""ape"":4.576595059795885,""causes"":[]},{""code"":""214370"",""name"":""케어젠"",""horizon"":1,""ape"":4.576595059795885,""causes"":[]},{""code"":""214370"",""name"":""케어젠"",""horizon"":1,""ape"":4.576595059795885,""causes"":[]},{""code"":""329180"",""name"":""HD현대중공업"",""horizon"":1,""ape"":3.0070284585545677,""causes"":[]},{""code"":""329180"",""name"":""HD현대중공업"",""horizon"":1,""ape"":3.0070284585545677,""causes"":[]}]",,0,0,,,,,,,,,,,,,,,,,,,,,,
analysis-2e07cf1f449e307b,analysis,2026-09-29,2026-09-29T10:06:25Z,,,"{""forecastId"":""2026-09-28-rolling20-13cd892134e517b4"",""modelVersion"":""atlas-rolling20-A""}",live,,,,,,,,,,,,,,105560,KB금융,fin,2026-09-28-rolling20-13cd892134e517b4,atlas-rolling20-A,2026-09-28,2026-09-29,1,3,크기 허용·방향 틀림,false,true,true,0.8015937016362945,"{""realizedLog"":-0.0063346022362388964,""predictedLog"":0.0016493778200589975,""errorLog"":0.007983980056297893,""basketCumLog"":null,""beta"":0.7869,""marketPartLog"":null,""residualPartLog"":null,""marketShare"":null,""unexplainedShare"":null}","[""출발가 174,200원(2026-09-28) → 실제 173,100원(2026-09-29, 1거래일) -0.63% · 예측 중앙 174,488원 +0.17% · 오차 +0.80%(절대 오차율 0.80%, 허용 1.5%)"",""방향: 예측 상승(52%) · 실제 하락 → 오답 · 80% 띠 담김(폭 4.7%)"",""실제값 정정 이력 3건"",""실제 종가 관측 시각 2026-09-29T10:06:25.000Z(16:00 KST 이후 · 지연 관측)""]","[""선택 모형의 기대 누적 +0.19% = 절편 +0.09% + 자기 추세 +0.02% + 52종목 폭·평균 +0.07% · 실제 -0.63%"",""실제 방향과 반대로 기여한 항: F35, F11 (모형 내부 설명 · 인과 아님)""]","[{""category"":""자료 오류"",""evidence"":""실제값 정정 3건"",""counterEvidence"":""정정 뒤 값으로 채점됨"",""strength"":""약""}]","[""수급(외국인·기관·개인)·심리·과열·영향 시차·요인 중복·가중치는 이 셀에서 검증 자료 없음(실험 기록·시간순 검증에서만 판단)""]","[""자료 오류""]","{""luckySuspect"":false,""reasonableProcess"":true,""luckyNote"":null,""reasonableNote"":""방향은 틀렸지만 실제값이 모형 80% 띠 안 → 판단 과정은 분포 안""}","{""confirmedFacts"":[""출발가 174,200원(2026-09-28) → 실제 173,100원(2026-09-29, 1거래일) -0.63% · 예측 중앙 174,488원 +0.17% · 오차 +0.80%(절대 오차율 0.80%, 허용 1.5%)"",""방향: 예측 상승(52%) · 실제 하락 → 오답 · 80% 띠 담김(폭 4.7%)"",""실제값 정정 이력 3건"",""실제 종가 관측 시각 2026-09-29T10:06:25.000Z(16:00 KST 이후 · 지연 관측)""],""modelInternal"":[""선택 모형의 기대 누적 +0.19% = 절편 +0.09% + 자기 추세 +0.02% + 52종목 폭·평균 +0.07% · 실제 -0.63%"",""실제 방향과 반대로 기여한 항: F35, F11 (모형 내부 설명 · 인과 아님)""],""causeHypotheses"":[""자료 오류""],""unverified"":[""수급(외국인·기관·개인)·심리·과열·영향 시차·요인 중복·가중치는 이 셀에서 검증 자료 없음(실험 기록·시간순 검증에서만 판단)""]}"
analysis-a1be1d960b046b1c,analysis,2026-09-29,2026-09-29T10:06:25Z,,,"{""forecastId"":""2026-09-28-rolling20-13cd892134e517b4"",""modelVersion"":""atlas-rolling20-A""}",live,,,,,,,,,,,,,,032830,삼성생명보험,fin,2026-09-28-rolling20-13cd892134e517b4,atlas-rolling20-A,2026-09-28,2026-09-29,1,2,방향 맞고 크기 틀림,true,false,true,1.9838929345089227,"{""realizedLog"":-0.020478531343540676,""predictedLog"":-0.000833828923613086,""errorLog"":0.01964470241992759,""basketCumLog"":null,""beta"":1.2564,""marketPartLog"":null,""residualPartLog"":null,""marketShare"":null,""unexplainedShare"":null}","[""출발가 296,000원(2026-09-28) → 실제 290,000원(2026-09-29, 1거래일) -2.03% · 예측 중앙 295,753원 -0.08% · 오차 +1.98%(절대 오차율 1.98%, 허용 1.5%)"",""방향: 예측 하락(50%) · 실제 하락 → 정답 · 80% 띠 담김(폭 6.0%)"",""실제값 정정 이력 5건"",""실제 종가 관측 시각 2026-09-29T10:06:25.000Z(16:00 KST 이후 · 지연 관측)""]","[""선택 모형의 기대 누적 +0.11% = 절편 +0.15% + 자기 추세 -0.04% + 52종목 폭·평균 -0.00% · 실제 -2.03%""]","[{""category"":""자료 오류"",""evidence"":""실제값 정정 5건"",""counterEvidence"":""정정 뒤 값으로 채점됨"",""strength"":""약""}]","[""수급(외국인·기관·개인)·심리·과열·영향 시차·요인 중복·가중치는 이 셀에서 검증 자료 없음(실험 기록·시간순 검증에서만 판단)""]","[""자료 오류""]","{""luckySuspect"":false,""reasonableProcess"":false,""luckyNote"":null,""reasonableNote"":null}","{""confirmedFacts"":[""출발가 296,000원(2026-09-28) → 실제 290,000원(2026-09-29, 1거래일) -2.03% · 예측 중앙 295,753원 -0.08% · 오차 +1.98%(절대 오차율 1.98%, 허용 1.5%)"",""방향: 예측 하락(50%) · 실제 하락 → 정답 · 80% 띠 담김(폭 6.0%)"",""실제값 정정 이력 5건"",""실제 종가 관측 시각 2026-09-29T10:06:25.000Z(16:00 KST 이후 · 지연 관측)""],""modelInternal"":[""선택 모형의 기대 누적 +0.11% = 절편 +0.15% + 자기 추세 -0.04% + 52종목 폭·평균 -0.00% · 실제 -2.03%""],""causeHypotheses"":[""자료 오류""],""unverified"":[""수급(외국인·기관·개인)·심리·과열·영향 시차·요인 중복·가중치는 이 셀에서 검증 자료 없음(실험 기록·시간순 검증에서만 판단)""]}"
analysis-91fcb4703dd80492,analysis,2026-09-29,2026-09-29T10:06:25Z,,,"{""forecastId"":""2026-09-28-rolling20-13cd892134e517b4"",""modelVersion"":""atlas-rolling20-A""}",live,,,,,,,,,,,,,,012450,한화에어로스페이스,heavy,2026-09-28-rolling20-13cd892134e517b4,atlas-rolling20-A,2026-09-28,2026-09-29,1,2,방향 맞고 크기 틀림,true,false,true,1.7215220809626464,"{""realizedLog"":-0.019531870917245956,""predictedLog"":-0.0024631530248850017,""errorLog"":0.017068717892360953,""basketCumLog"":null,""beta"":0.8212,""marketPartLog"":null,""residualPartLog"":null,""marketShare"":null,""unexplainedShare"":null}","[""출발가 1,034,000원(2026-09-28) → 실제 1,014,000원(2026-09-29, 1거래일) -1.93% · 예측 중앙 1,031,456원 -0.25% · 오차 +1.72%(절대 오차율 1.72%, 허용 1.5%)"",""방향: 예측 하락(53%) · 실제 하락 → 정답 · 80% 띠 담김(폭 9.8%)"",""기간 안 확인된 일정 1건(기업 1 · 중요 0): 한화에어로스페이스 기업설명회 · 코리아 프리미엄 위크 — 수치 영향은 미산출"",""실제값 정정 이력 2건"",""실제 종가 관측 시각 2026-09-29T10:06:25.000Z(16:00 KST 이후 · 지연 관측)""]","[""선택 모형의 기대 누적 0.00% = 절편 0.00% + 자기 추세 0.00% + 52종목 폭·평균 0.00% · 실제 -1.93%""]","[{""category"":""기업 사건"",""evidence"":""기간 안 기업 일정 한화에어로스페이스 기업설명회 · 코리아 프리미엄 위크"",""counterEvidence"":""일정 확인만 · 결과·가격 반응·수치 영향 미산출 → 인과 단정 불가"",""strength"":""약""},{""category"":""자료 오류"",""evidence"":""실제값 정정 2건"",""counterEvidence"":""정정 뒤 값으로 채점됨"",""strength"":""약""}]","[""수급(외국인·기관·개인)·심리·과열·영향 시차·요인 중복·가중치는 이 셀에서 검증 자료 없음(실험 기록·시간순 검증에서만 판단)""]","[""기업 사건"",""자료 오류""]","{""luckySuspect"":false,""reasonableProcess"":false,""luckyNote"":null,""reasonableNote"":null}","{""confirmedFacts"":[""출발가 1,034,000원(2026-09-28) → 실제 1,014,000원(2026-09-29, 1거래일) -1.93% · 예측 중앙 1,031,456원 -0.25% · 오차 +1.72%(절대 오차율 1.72%, 허용 1.5%)"",""방향: 예측 하락(53%) · 실제 하락 → 정답 · 80% 띠 담김(폭 9.8%)"",""기간 안 확인된 일정 1건(기업 1 · 중요 0): 한화에어로스페이스 기업설명회 · 코리아 프리미엄 위크 — 수치 영향은 미산출"",""실제값 정정 이력 2건"",""실제 종가 관측 시각 2026-09-29T10:06:25.000Z(16:00 KST 이후 · 지연 관측)""],""modelInternal"":[""선택 모형의 기대 누적 0.00% = 절편 0.00% + 자기 추세 0.00% + 52종목 폭·평균 0.00% · 실제 -1.93%""],""causeHypotheses"":[""기업 사건"",""자료 오류""],""unverified"":[""수급(외국인·기관·개인)·심리·과열·영향 시차·요인 중복·가중치는 이 셀에서 검증 자료 없음(실험 기록·시간순 검증에서만 판단)""]}"
analysis-8b6cb85df0f881bb,analysis,2026-09-29,2026-09-29T10:06:25Z,,,"{""forecastId"":""2026-09-28-rolling20-13cd892134e517b4"",""modelVersion"":""atlas-rolling20-A""}",live,,,,,,,,,,,,,,010120,LS ELECTRIC,heavy,2026-09-28-rolling20-13cd892134e517b4,atlas-rolling20-A,2026-09-28,2026-09-29,1,3,크기 허용·방향 틀림,false,true,true,0.8201876095681787,"{""realizedLog"":0.004878058453432773,""predictedLog"":-0.003357638082317816,""errorLog"":-0.008235696535750589,""basketCumLog"":null,""beta"":1.6948,""marketPartLog"":null,""residualPartLog"":null,""marketShare"":null,""unexplainedShare"":null}","[""출발가 204,500원(2026-09-28) → 실제 205,500원(2026-09-29, 1거래일) +0.49% · 예측 중앙 203,815원 -0.34% · 오차 -0.82%(절대 오차율 0.82%, 허용 1.5%)"",""방향: 예측 하락(53%) · 실제 상승 → 오답 · 80% 띠 담김(폭 9.6%)"",""실제값 정정 이력 3건"",""실제 종가 관측 시각 2026-09-29T10:06:25.000Z(16:00 KST 이후 · 지연 관측)""]","[""선택 모형의 기대 누적 0.00% = 절편 0.00% + 자기 추세 0.00% + 52종목 폭·평균 0.00% · 실제 +0.49%""]","[{""category"":""자료 오류"",""evidence"":""실제값 정정 3건"",""counterEvidence"":""정정 뒤 값으로 채점됨"",""strength"":""약""}]","[""수급(외국인·기관·개인)·심리·과열·영향 시차·요인 중복·가중치는 이 셀에서 검증 자료 없음(실험 기록·시간순 검증에서만 판단)""]","[""자료 오류""]","{""luckySuspect"":false,""reasonableProcess"":true,""luckyNote"":null,""reasonableNote"":""방향은 틀렸지만 실제값이 모형 80% 띠 안 → 판단 과정은 분포 안""}","{""confirmedFacts"":[""출발가 204,500원(2026-09-28) → 실제 205,500원(2026-09-29, 1거래일) +0.49% · 예측 중앙 203,815원 -0.34% · 오차 -0.82%(절대 오차율 0.82%, 허용 1.5%)"",""방향: 예측 하락(53%) · 실제 상승 → 오답 · 80% 띠 담김(폭 9.6%)"",""실제값 정정 이력 3건"",""실제 종가 관측 시각 2026-09-29T10:06:25.000Z(16:00 KST 이후 · 지연 관측)""],""modelInternal"":[""선택 모형의 기대 누적 0.00% = 절편 0.00% + 자기 추세 0.00% + 52종목 폭·평균 0.00% · 실제 +0.49%""],""causeHypotheses"":[""자료 오류""],""unverified"":[""수급(외국인·기관·개인)·심리·과열·영향 시차·요인 중복·가중치는 이 셀에서 검증 자료 없음(실험 기록·시간순 검증에서만 판단)""]}"
analysis-044c8ef55f6e2886,analysis,2026-09-29,2026-09-29T10:06:25Z,,,"{""forecastId"":""2026-09-28-rolling20-13cd892134e517b4"",""modelVersion"":""atlas-rolling20-A""}",live,,,,,,,,,,,,,,000810,삼성화재,fin,2026-09-28-rolling20-13cd892134e517b4,atlas-rolling20-A,2026-09-28,2026-09-29,1,1,방향·크기 모두 맞음,true,true,true,1.354367046040367,"{""realizedLog"":-0.015244197643117081,""predictedLog"":-0.0017914228993783391,""errorLog"":0.013452774743738741,""basketCumLog"":null,""beta"":0.8304,""marketPartLog"":null,""residualPartLog"":null,""marketShare"":null,""unexplainedShare"":null}","[""출발가 661,000원(2026-09-28) → 실제 651,000원(2026-09-29, 1거래일) -1.51% · 예측 중앙 659,817원 -0.18% · 오차 +1.35%(절대 오차율 1.35%, 허용 1.5%)"",""방향: 예측 하락(52%) · 실제 하락 → 정답 · 80% 띠 담김(폭 5.3%)"",""실제값 정정 이력 4건"",""실제 종가 관측 시각 2026-09-29T10:06:25.000Z(16:00 KST 이후 · 지연 관측)""]","[""선택 모형의 기대 누적 0.00% = 절편 0.00% + 자기 추세 0.00% + 52종목 폭·평균 0.00% · 실제 -1.51%""]",[],"[""수급(외국인·기관·개인)·심리·과열·영향 시차·요인 중복·가중치는 이 셀에서 검증 자료 없음(실험 기록·시간순 검증에서만 판단)""]",[],"{""luckySuspect"":false,""reasonableProcess"":false,""luckyNote"":null,""reasonableNote"":null}","{""confirmedFacts"":[""출발가 661,000원(2026-09-28) → 실제 651,000원(2026-09-29, 1거래일) -1.51% · 예측 중앙 659,817원 -0.18% · 오차 +1.35%(절대 오차율 1.35%, 허용 1.5%)"",""방향: 예측 하락(52%) · 실제 하락 → 정답 · 80% 띠 담김(폭 5.3%)"",""실제값 정정 이력 4건"",""실제 종가 관측 시각 2026-09-29T10:06:25.000Z(16:00 KST 이후 · 지연 관측)""],""modelInternal"":[""선택 모형의 기대 누적 0.00% = 절편 0.00% + 자기 추세 0.00% + 52종목 폭·평균 0.00% · 실제 -1.51%""],""causeHypotheses"":[],""unverified"":[""수급(외국인·기관·개인)·심리·과열·영향 시차·요인 중복·가중치는 이 셀에서 검증 자료 없음(실험 기록·시간순 검증에서만 판단)""]}"
analysis-cc924caf4f5850f5,analysis,2026-09-29,2026-09-29T10:06:25Z,,,"{""forecastId"":""2026-09-28-rolling20-13cd892134e517b4"",""modelVersion"":""atlas-rolling20-A""}",live,,,,,,,,,,,,,,138040,메리츠금융지주,fin,2026-09-28-rolling20-13cd892134e517b4,atlas-rolling20-A,2026-09-28,2026-09-29,1,1,방향·크기 모두 맞음,true,true,true,0.4296894744380035,"{""realizedLog"":-0.009036206063937445,""predictedLog"":-0.004748516611752403,""errorLog"":0.004287689452185043,""basketCumLog"":null,""beta"":0.6414,""marketPartLog"":null,""residualPartLog"":null,""marketShare"":null,""unexplainedShare"":null}","[""출발가 133,400원(2026-09-28) → 실제 132,200원(2026-09-29, 1거래일) -0.90% · 예측 중앙 132,768원 -0.47% · 오차 +0.43%(절대 오차율 0.43%, 허용 1.5%)"",""방향: 예측 하락(57%) · 실제 하락 → 정답 · 80% 띠 담김(폭 5.7%)"",""실제값 정정 이력 3건"",""실제 종가 관측 시각 2026-09-29T10:06:25.000Z(16:00 KST 이후 · 지연 관측)""]","[""선택 모형의 기대 누적 -0.25% = 절편 +0.04% + 자기 추세 -0.31% + 52종목 폭·평균 +0.02% · 실제 -0.90%"",""실제 방향과 반대로 기여한 항: F11 (모형 내부 설명 · 인과 아님)""]",[],"[""수급(외국인·기관·개인)·심리·과열·영향 시차·요인 중복·가중치는 이 셀에서 검증 자료 없음(실험 기록·시간순 검증에서만 판단)""]",[],"{""luckySuspect"":false,""reasonableProcess"":false,""luckyNote"":null,""reasonableNote"":null}","{""confirmedFacts"":[""출발가 133,400원(2026-09-28) → 실제 132,200원(2026-09-29, 1거래일) -0.90% · 예측 중앙 132,768원 -0.47% · 오차 +0.43%(절대 오차율 0.43%, 허용 1.5%)"",""방향: 예측 하락(57%) · 실제 하락 → 정답 · 80% 띠 담김(폭 5.7%)"",""실제값 정정 이력 3건"",""실제 종가 관측 시각 2026-09-29T10:06:25.000Z(16:00 KST 이후 · 지연 관측)""],""modelInternal"":[""선택 모형의 기대 누적 -0.25% = 절편 +0.04% + 자기 추세 -0.31% + 52종목 폭·평균 +0.02% · 실제 -0.90%"",""실제 방향과 반대로 기여한 항: F11 (모형 내부 설명 · 인과 아님)""],""causeHypotheses"":[],""unverified"":[""수급(외국인·기관·개인)·심리·과열·영향 시차·요인 중복·가중치는 이 셀에서 검증 자료 없음(실험 기록·시간순 검증에서만 판단)""]}"
analysis-f2c697d8de1ecbda,analysis,2026-09-29,2026-09-29T10:06:25Z,,,"{""forecastId"":""2026-09-28-rolling20-13cd892134e517b4"",""modelVersion"":""atlas-rolling20-A""}",live,,,,,,,,,,,,,,015760,한국전력,util,2026-09-28-rolling20-13cd892134e517b4,atlas-rolling20-A,2026-09-28,2026-09-29,1,2,방향 맞고 크기 틀림,true,false,true,2.085939971276994,"{""realizedLog"":-0.021399993611934894,""predictedLog"":-0.0007551723226874576,""errorLog"":0.020644821289247436,""basketCumLog"":null,""beta"":0.9671,""marketPartLog"":null,""residualPartLog"":null,""marketShare"":null,""unexplainedShare"":null}","[""출발가 30,700원(2026-09-28) → 실제 30,050원(2026-09-29, 1거래일) -2.12% · 예측 중앙 30,677원 -0.08% · 오차 +2.09%(절대 오차율 2.09%, 허용 1.5%)"",""방향: 예측 하락(47%) · 실제 하락 → 정답 · 80% 띠 담김(폭 5.3%)"",""실제값 정정 이력 3건"",""실제 종가 관측 시각 2026-09-29T10:06:25.000Z(16:00 KST 이후 · 지연 관측)""]","[""선택 모형의 기대 누적 0.00% = 절편 0.00% + 자기 추세 0.00% + 52종목 폭·평균 0.00% · 실제 -2.12%""]","[{""category"":""자료 오류"",""evidence"":""실제값 정정 3건"",""counterEvidence"":""정정 뒤 값으로 채점됨"",""strength"":""약""}]","[""수급(외국인·기관·개인)·심리·과열·영향 시차·요인 중복·가중치는 이 셀에서 검증 자료 없음(실험 기록·시간순 검증에서만 판단)""]","[""자료 오류""]","{""luckySuspect"":false,""reasonableProcess"":false,""luckyNote"":null,""reasonableNote"":null}","{""confirmedFacts"":[""출발가 30,700원(2026-09-28) → 실제 30,050원(2026-09-29, 1거래일) -2.12% · 예측 중앙 30,677원 -0.08% · 오차 +2.09%(절대 오차율 2.09%, 허용 1.5%)"",""방향: 예측 하락(47%) · 실제 하락 → 정답 · 80% 띠 담김(폭 5.3%)"",""실제값 정정 이력 3건"",""실제 종가 관측 시각 2026-09-29T10:06:25.000Z(16:00 KST 이후 · 지연 관측)""],""modelInternal"":[""선택 모형의 기대 누적 0.00% = 절편 0.00% + 자기 추세 0.00% + 52종목 폭·평균 0.00% · 실제 -2.12%""],""causeHypotheses"":[""자료 오류""],""unverified"":[""수급(외국인·기관·개인)·심리·과열·영향 시차·요인 중복·가중치는 이 셀에서 검증 자료 없음(실험 기록·시간순 검증에서만 판단)""]}"
analysis-db6704c2b3658b5c,analysis,2026-09-29,2026-09-29T10:06:25Z,,,"{""forecastId"":""2026-09-28-rolling20-13cd892134e517b4"",""modelVersion"":""atlas-rolling20-A""}",live,,,,,,,,,,,,,,011200,HMM,auto,2026-09-28-rolling20-13cd892134e517b4,atlas-rolling20-A,2026-09-28,2026-09-29,1,2,방향 맞고 크기 틀림,true,false,true,1.6385230958580754,"{""realizedLog"":-0.016607736399660525,""predictedLog"":-0.00035529477868780936,""errorLog"":0.016252441620972717,""basketCumLog"":null,""beta"":0.6513,""marketPartLog"":null,""residualPartLog"":null,""marketShare"":null,""unexplainedShare"":null}","[""출발가 21,250원(2026-09-28) → 실제 20,900원(2026-09-29, 1거래일) -1.65% · 예측 중앙 21,242원 -0.04% · 오차 +1.64%(절대 오차율 1.64%, 허용 1.5%)"",""방향: 예측 하락(49%) · 실제 하락 → 정답 · 80% 띠 담김(폭 5.0%)"",""실제값 정정 이력 5건"",""실제 종가 관측 시각 2026-09-29T10:06:25.000Z(16:00 KST 이후 · 지연 관측)""]","[""선택 모형의 기대 누적 0.00% = 절편 0.00% + 자기 추세 0.00% + 52종목 폭·평균 0.00% · 실제 -1.65%""]","[{""category"":""자료 오류"",""evidence"":""실제값 정정 5건"",""counterEvidence"":""정정 뒤 값으로 채점됨"",""strength"":""약""}]","[""수급(외국인·기관·개인)·심리·과열·영향 시차·요인 중복·가중치는 이 셀에서 검증 자료 없음(실험 기록·시간순 검증에서만 판단)""]","[""자료 오류""]","{""luckySuspect"":false,""reasonableProcess"":false,""luckyNote"":null,""reasonableNote"":null}","{""confirmedFacts"":[""출발가 21,250원(2026-09-28) → 실제 20,900원(2026-09-29, 1거래일) -1.65% · 예측 중앙 21,242원 -0.04% · 오차 +1.64%(절대 오차율 1.64%, 허용 1.5%)"",""방향: 예측 하락(49%) · 실제 하락 → 정답 · 80% 띠 담김(폭 5.0%)"",""실제값 정정 이력 5건"",""실제 종가 관측 시각 2026-09-29T10:06:25.000Z(16:00 KST 이후 · 지연 관측)""],""modelInternal"":[""선택 모형의 기대 누적 0.00% = 절편 0.00% + 자기 추세 0.00% + 52종목 폭·평균 0.00% · 실제 -1.65%""],""causeHypotheses"":[""자료 오류""],""unverified"":[""수급(외국인·기관·개인)·심리·과열·영향 시차·요인 중복·가중치는 이 셀에서 검증 자료 없음(실험 기록·시간순 검증에서만 판단)""]}"
analysis-10899cadc257d92e,analysis,2026-09-29,2026-09-29T10:06:25Z,,,"{""forecastId"":""2026-09-28-rolling20-13cd892134e517b4"",""modelVersion"":""atlas-rolling20-A""}",live,,,,,,,,,,,,,,033780,KT&G,cons,2026-09-28-rolling20-13cd892134e517b4,atlas-rolling20-A,2026-09-28,2026-09-29,1,3,크기 허용·방향 틀림,false,true,true,0.47370605762341045,"{""realizedLog"":0.003982935564077854,""predictedLog"":-0.0007653804427794358,""errorLog"":-0.00474831600685729,""basketCumLog"":null,""beta"":0.2734,""marketPartLog"":null,""residualPartLog"":null,""marketShare"":null,""unexplainedShare"":null}","[""출발가 175,400원(2026-09-28) → 실제 176,100원(2026-09-29, 1거래일) +0.40% · 예측 중앙 175,266원 -0.08% · 오차 -0.47%(절대 오차율 0.47%, 허용 1.5%)"",""방향: 예측 하락(50%) · 실제 상승 → 오답 · 80% 띠 담김(폭 4.0%)"",""실제값 정정 이력 3건"",""실제 종가 관측 시각 2026-09-29T10:06:25.000Z(16:00 KST 이후 · 지연 관측)""]","[""선택 모형의 기대 누적 +0.00% = 절편 +0.07% + 자기 추세 -0.08% + 52종목 폭·평균 +0.01% · 실제 +0.40%"",""실제 방향과 반대로 기여한 항: F35 (모형 내부 설명 · 인과 아님)""]","[{""category"":""자료 오류"",""evidence"":""실제값 정정 3건"",""counterEvidence"":""정정 뒤 값으로 채점됨"",""strength"":""약""}]","[""수급(외국인·기관·개인)·심리·과열·영향 시차·요인 중복·가중치는 이 셀에서 검증 자료 없음(실험 기록·시간순 검증에서만 판단)""]","[""자료 오류""]","{""luckySuspect"":false,""reasonableProcess"":true,""luckyNote"":null,""reasonableNote"":""방향은 틀렸지만 실제값이 모형 80% 띠 안 → 판단 과정은 분포 안""}","{""confirmedFacts"":[""출발가 175,400원(2026-09-28) → 실제 176,100원(2026-09-29, 1거래일) +0.40% · 예측 중앙 175,266원 -0.08% · 오차 -0.47%(절대 오차율 0.47%, 허용 1.5%)"",""방향: 예측 하락(50%) · 실제 상승 → 오답 · 80% 띠 담김(폭 4.0%)"",""실제값 정정 이력 3건"",""실제 종가 관측 시각 2026-09-29T10:06:25.000Z(16:00 KST 이후 · 지연 관측)""],""modelInternal"":[""선택 모형의 기대 누적 +0.00% = 절편 +0.07% + 자기 추세 -0.08% + 52종목 폭·평균 +0.01% · 실제 +0.40%"",""실제 방향과 반대로 기여한 항: F35 (모형 내부 설명 · 인과 아님)""],""causeHypotheses"":[""자료 오류""],""unverified"":[""수급(외국인·기관·개인)·심리·과열·영향 시차·요인 중복·가중치는 이 셀에서 검증 자료 없음(실험 기록·시간순 검증에서만 판단)""]}"
analysis-d5d3f25c3d510032,analysis,2026-09-29,2026-09-29T10:06:25Z,,,"{""forecastId"":""2026-09-28-rolling20-13cd892134e517b4"",""modelVersion"":""atlas-rolling20-A""}",live,,,,,,,,,,,,,,086280,현대글로비스,auto,2026-09-28-rolling20-13cd892134e517b4,atlas-rolling20-A,2026-09-28,2026-09-29,1,1,방향·크기 모두 맞음,true,true,true,0.902102380097716,"{""realizedLog"":-0.010603482332162155,""predictedLog"":-0.0016229049032556976,""errorLog"":0.008980577428906457,""basketCumLog"":null,""beta"":1.0312,""marketPartLog"":null,""residualPartLog"":null,""marketShare"":null,""unexplainedShare"":null}","[""출발가 199,100원(2026-09-28) → 실제 197,000원(2026-09-29, 1거래일) -1.05% · 예측 중앙 198,777원 -0.16% · 오차 +0.90%(절대 오차율 0.90%, 허용 1.5%)"",""방향: 예측 하락(51%) · 실제 하락 → 정답 · 80% 띠 담김(폭 6.0%)"",""실제값 정정 이력 2건"",""실제 종가 관측 시각 2026-09-29T10:06:25.000Z(16:00 KST 이후 · 지연 관측)""]","[""선택 모형의 기대 누적 0.00% = 절편 0.00% + 자기 추세 0.00% + 52종목 폭·평균 0.00% · 실제 -1.05%""]",[],"[""수급(외국인·기관·개인)·심리·과열·영향 시차·요인 중복·가중치는 이 셀에서 검증 자료 없음(실험 기록·시간순 검증에서만 판단)""]",[],"{""luckySuspect"":false,""reasonableProcess"":false,""luckyNote"":null,""reasonableNote"":null}","{""confirmedFacts"":[""출발가 199,100원(2026-09-28) → 실제 197,000원(2026-09-29, 1거래일) -1.05% · 예측 중앙 198,777원 -0.16% · 오차 +0.90%(절대 오차율 0.90%, 허용 1.5%)"",""방향: 예측 하락(51%) · 실제 하락 → 정답 · 80% 띠 담김(폭 6.0%)"",""실제값 정정 이력 2건"",""실제 종가 관측 시각 2026-09-29T10:06:25.000Z(16:00 KST 이후 · 지연 관측)""],""modelInternal"":[""선택 모형의 기대 누적 0.00% = 절편 0.00% + 자기 추세 0.00% + 52종목 폭·평균 0.00% · 실제 -1.05%""],""causeHypotheses"":[],""unverified"":[""수급(외국인·기관·개인)·심리·과열·영향 시차·요인 중복·가중치는 이 셀에서 검증 자료 없음(실험 기록·시간순 검증에서만 판단)""]}"
analysis-28d9b5968764fd46,analysis,2026-09-29,2026-09-29T10:06:25Z,,,"{""forecastId"":""2026-09-28-rolling20-13cd892134e517b4"",""modelVersion"":""atlas-rolling20-A""}",live,,,,,,,,,,,,,,278470,에이피알,cons,2026-09-28-rolling20-13cd892134e517b4,atlas-rolling20-A,2026-09-28,2026-09-29,1,2,방향 맞고 크기 틀림,true,false,true,1.8980671866050114,"{""realizedLog"":-0.019178670030571943,""predictedLog"":-0.00037588371663552786,""errorLog"":0.018802786313936413,""basketCumLog"":null,""beta"":0.9172,""marketPartLog"":null,""residualPartLog"":null,""marketShare"":null,""unexplainedShare"":null}","[""출발가 368,500원(2026-09-28) → 실제 361,500원(2026-09-29, 1거래일) -1.90% · 예측 중앙 368,362원 -0.04% · 오차 +1.90%(절대 오차율 1.90%, 허용 1.5%)"",""방향: 예측 하락(49%) · 실제 하락 → 정답 · 80% 띠 담김(폭 9.7%)"",""실제값 정정 이력 4건"",""실제 종가 관측 시각 2026-09-29T10:06:25.000Z(16:00 KST 이후 · 지연 관측)""]","[""선택 모형의 기대 누적 0.00% = 절편 0.00% + 자기 추세 0.00% + 52종목 폭·평균 0.00% · 실제 -1.90%""]","[{""category"":""자료 오류"",""evidence"":""실제값 정정 4건"",""counterEvidence"":""정정 뒤 값으로 채점됨"",""strength"":""약""}]","[""수급(외국인·기관·개인)·심리·과열·영향 시차·요인 중복·가중치는 이 셀에서 검증 자료 없음(실험 기록·시간순 검증에서만 판단)""]","[""자료 오류""]","{""luckySuspect"":false,""reasonableProcess"":false,""luckyNote"":null,""reasonableNote"":null}","{""confirmedFacts"":[""출발가 368,500원(2026-09-28) → 실제 361,500원(2026-09-29, 1거래일) -1.90% · 예측 중앙 368,362원 -0.04% · 오차 +1.90%(절대 오차율 1.90%, 허용 1.5%)"",""방향: 예측 하락(49%) · 실제 하락 → 정답 · 80% 띠 담김(폭 9.7%)"",""실제값 정정 이력 4건"",""실제 종가 관측 시각 2026-09-29T10:06:25.000Z(16:00 KST 이후 · 지연 관측)""],""modelInternal"":[""선택 모형의 기대 누적 0.00% = 절편 0.00% + 자기 추세 0.00% + 52종목 폭·평균 0.00% · 실제 -1.90%""],""causeHypotheses"":[""자료 오류""],""unverified"":[""수급(외국인·기관·개인)·심리·과열·영향 시차·요인 중복·가중치는 이 셀에서 검증 자료 없음(실험 기록·시간순 검증에서만 판단)""]}"
analysis-48c55f9b90bee8b5,analysis,2026-09-29,2026-09-29T10:06:25Z,,,"{""forecastId"":""2026-09-28-rolling20-13cd892134e517b4"",""modelVersion"":""atlas-rolling20-A""}",live,,,,,,,,,,,,,,030200,KT,net,2026-09-28-rolling20-13cd892134e517b4,atlas-rolling20-A,2026-09-28,2026-09-29,1,3,크기 허용·방향 틀림,false,true,true,0.3986950969407238,"{""realizedLog"":-0.0037878833169370917,""predictedLog"":0.00019114082571512026,""errorLog"":0.003979024142652212,""basketCumLog"":null,""beta"":0.4,""marketPartLog"":null,""residualPartLog"":null,""marketShare"":null,""unexplainedShare"":null}","[""출발가 52,900원(2026-09-28) → 실제 52,700원(2026-09-29, 1거래일) -0.38% · 예측 중앙 52,910원 +0.02% · 오차 +0.40%(절대 오차율 0.40%, 허용 1.5%)"",""방향: 예측 상승(47%) · 실제 하락 → 오답 · 80% 띠 담김(폭 3.2%)"",""실제값 정정 이력 4건"",""실제 종가 관측 시각 2026-09-29T10:06:25.000Z(16:00 KST 이후 · 지연 관측)""]","[""선택 모형의 기대 누적 0.00% = 절편 0.00% + 자기 추세 0.00% + 52종목 폭·평균 0.00% · 실제 -0.38%""]","[{""category"":""자료 오류"",""evidence"":""실제값 정정 4건"",""counterEvidence"":""정정 뒤 값으로 채점됨"",""strength"":""약""}]","[""수급(외국인·기관·개인)·심리·과열·영향 시차·요인 중복·가중치는 이 셀에서 검증 자료 없음(실험 기록·시간순 검증에서만 판단)""]","[""자료 오류""]","{""luckySuspect"":false,""reasonableProcess"":true,""luckyNote"":null,""reasonableNote"":""방향은 틀렸지만 실제값이 모형 80% 띠 안 → 판단 과정은 분포 안""}","{""confirmedFacts"":[""출발가 52,900원(2026-09-28) → 실제 52,700원(2026-09-29, 1거래일) -0.38% · 예측 중앙 52,910원 +0.02% · 오차 +0.40%(절대 오차율 0.40%, 허용 1.5%)"",""방향: 예측 상승(47%) · 실제 하락 → 오답 · 80% 띠 담김(폭 3.2%)"",""실제값 정정 이력 4건"",""실제 종가 관측 시각 2026-09-29T10:06:25.000Z(16:00 KST 이후 · 지연 관측)""],""modelInternal"":[""선택 모형의 기대 누적 0.00% = 절편 0.00% + 자기 추세 0.00% + 52종목 폭·평균 0.00% · 실제 -0.38%""],""causeHypotheses"":[""자료 오류""],""unverified"":[""수급(외국인·기관·개인)·심리·과열·영향 시차·요인 중복·가중치는 이 셀에서 검증 자료 없음(실험 기록·시간순 검증에서만 판단)""]}"
analysis-88cb10ae187e8ac4,analysis,2026-09-29,2026-09-29T10:06:25Z,,,"{""forecastId"":""2026-09-28-rolling20-13cd892134e517b4"",""modelVersion"":""atlas-rolling20-A""}",live,,,,,,,,,,,,,,047050,포스코인터내셔널,util,2026-09-28-rolling20-13cd892134e517b4,atlas-rolling20-A,2026-09-28,2026-09-29,1,2,방향 맞고 크기 틀림,true,false,false,4.299536813524287,"{""realizedLog"":-0.04309463946308688,""predictedLog"":-0.0009979043601197348,""errorLog"":0.042096735102967145,""basketCumLog"":null,""beta"":0.9856,""marketPartLog"":null,""residualPartLog"":null,""marketShare"":null,""unexplainedShare"":null}","[""출발가 56,900원(2026-09-28) → 실제 54,500원(2026-09-29, 1거래일) -4.22% · 예측 중앙 56,843원 -0.10% · 오차 +4.30%(절대 오차율 4.30%, 허용 1.5%)"",""방향: 예측 하락(50%) · 실제 하락 → 정답 · 80% 띠 벗어남(폭 7.2%)"",""실제값 정정 이력 1건"",""실제 종가 관측 시각 2026-09-29T10:06:25.000Z(16:00 KST 이후 · 지연 관측)""]","[""선택 모형의 기대 누적 +0.01% = 절편 +0.01% + 자기 추세 -0.13% + 52종목 폭·평균 +0.13% · 실제 -4.22%"",""실제 방향과 반대로 기여한 항: F11 (모형 내부 설명 · 인과 아님)""]","[{""category"":""변동성·범위"",""evidence"":""실제값이 80% 띠 밖(폭 7.2% · 실제 이동 -4.22%)"",""counterEvidence"":""80% 띠는 명목이며 개별 셀의 벗어남은 정상 범위일 수 있음(담김률로 판단)"",""strength"":""중""},{""category"":""자료 오류"",""evidence"":""실제값 정정 1건"",""counterEvidence"":""정정 뒤 값으로 채점됨"",""strength"":""약""}]","[""수급(외국인·기관·개인)·심리·과열·영향 시차·요인 중복·가중치는 이 셀에서 검증 자료 없음(실험 기록·시간순 검증에서만 판단)""]","[""변동성·범위"",""자료 오류""]","{""luckySuspect"":false,""reasonableProcess"":false,""luckyNote"":null,""reasonableNote"":null}","{""confirmedFacts"":[""출발가 56,900원(2026-09-28) → 실제 54,500원(2026-09-29, 1거래일) -4.22% · 예측 중앙 56,843원 -0.10% · 오차 +4.30%(절대 오차율 4.30%, 허용 1.5%)"",""방향: 예측 하락(50%) · 실제 하락 → 정답 · 80% 띠 벗어남(폭 7.2%)"",""실제값 정정 이력 1건"",""실제 종가 관측 시각 2026-09-29T10:06:25.000Z(16:00 KST 이후 · 지연 관측)""],""modelInternal"":[""선택 모형의 기대 누적 +0.01% = 절편 +0.01% + 자기 추세 -0.13% + 52종목 폭·평균 +0.13% · 실제 -4.22%"",""실제 방향과 반대로 기여한 항: F11 (모형 내부 설명 · 인과 아님)""],""causeHypotheses"":[""변동성·범위"",""자료 오류""],""unverified"":[""수급(외국인·기관·개인)·심리·과열·영향 시차·요인 중복·가중치는 이 셀에서 검증 자료 없음(실험 기록·시간순 검증에서만 판단)""]}"
analysis-aa3d1dcf261bd038,analysis,2026-09-29,2026-09-29T10:06:25Z,,,"{""forecastId"":""2026-09-28-rolling20-13cd892134e517b4"",""modelVersion"":""atlas-rolling20-A""}",live,,,,,,,,,,,,,,003230,삼양식품,cons,2026-09-28-rolling20-13cd892134e517b4,atlas-rolling20-A,2026-09-28,2026-09-29,1,3,크기 허용·방향 틀림,false,true,true,1.0583798144702805,"{""realizedLog"":0.006562779912523582,""predictedLog"":-0.00407742497517411,""errorLog"":-0.010640204887697693,""basketCumLog"":null,""beta"":0.6817,""marketPartLog"":null,""residualPartLog"":null,""marketShare"":null,""unexplainedShare"":null}","[""출발가 1,215,000원(2026-09-28) → 실제 1,223,000원(2026-09-29, 1거래일) +0.66% · 예측 중앙 1,210,056원 -0.41% · 오차 -1.06%(절대 오차율 1.06%, 허용 1.5%)"",""방향: 예측 하락(54%) · 실제 상승 → 오답 · 80% 띠 담김(폭 7.4%)"",""실제값 정정 이력 5건"",""실제 종가 관측 시각 2026-09-29T10:06:25.000Z(16:00 KST 이후 · 지연 관측)""]","[""선택 모형의 기대 누적 0.00% = 절편 0.00% + 자기 추세 0.00% + 52종목 폭·평균 0.00% · 실제 +0.66%""]","[{""category"":""자료 오류"",""evidence"":""실제값 정정 5건"",""counterEvidence"":""정정 뒤 값으로 채점됨"",""strength"":""약""}]","[""수급(외국인·기관·개인)·심리·과열·영향 시차·요인 중복·가중치는 이 셀에서 검증 자료 없음(실험 기록·시간순 검증에서만 판단)""]","[""자료 오류""]","{""luckySuspect"":false,""reasonableProcess"":true,""luckyNote"":null,""reasonableNote"":""방향은 틀렸지만 실제값이 모형 80% 띠 안 → 판단 과정은 분포 안""}","{""confirmedFacts"":[""출발가 1,215,000원(2026-09-28) → 실제 1,223,000원(2026-09-29, 1거래일) +0.66% · 예측 중앙 1,210,056원 -0.41% · 오차 -1.06%(절대 오차율 1.06%, 허용 1.5%)"",""방향: 예측 하락(54%) · 실제 상승 → 오답 · 80% 띠 담김(폭 7.4%)"",""실제값 정정 이력 5건"",""실제 종가 관측 시각 2026-09-29T10:06:25.000Z(16:00 KST 이후 · 지연 관측)""],""modelInternal"":[""선택 모형의 기대 누적 0.00% = 절편 0.00% + 자기 추세 0.00% + 52종목 폭·평균 0.00% · 실제 +0.66%""],""causeHypotheses"":[""자료 오류""],""unverified"":[""수급(외국인·기관·개인)·심리·과열·영향 시차·요인 중복·가중치는 이 셀에서 검증 자료 없음(실험 기록·시간순 검증에서만 판단)""]}"
analysis-b0ba9f6fd77a163c,analysis,2026-09-29,2026-09-29T10:06:25Z,,,"{""forecastId"":""2026-09-28-rolling20-13cd892134e517b4"",""modelVersion"":""atlas-rolling20-A""}",live,,,,,,,,,,,,,,021240,코웨이,cons,2026-09-28-rolling20-13cd892134e517b4,atlas-rolling20-A,2026-09-28,2026-09-29,1,1,방향·크기 모두 맞음,true,true,true,0.8919227092358364,"{""realizedLog"":-0.009891277478742667,""predictedLog"":-0.001011591747358201,""errorLog"":0.008879685731384467,""basketCumLog"":null,""beta"":0.4639,""marketPartLog"":null,""residualPartLog"":null,""marketShare"":null,""unexplainedShare"":null}","[""출발가 101,600원(2026-09-28) → 실제 100,600원(2026-09-29, 1거래일) -0.98% · 예측 중앙 101,497원 -0.10% · 오차 +0.89%(절대 오차율 0.89%, 허용 1.5%)"",""방향: 예측 하락(50%) · 실제 하락 → 정답 · 80% 띠 담김(폭 5.8%)"",""실제값 정정 이력 3건"",""실제 종가 관측 시각 2026-09-29T10:06:25.000Z(16:00 KST 이후 · 지연 관측)""]","[""선택 모형의 기대 누적 +0.05% = 절편 +0.07% + 자기 추세 -0.02% + 52종목 폭·평균 +0.00% · 실제 -0.98%"",""실제 방향과 반대로 기여한 항: F11 (모형 내부 설명 · 인과 아님)""]",[],"[""수급(외국인·기관·개인)·심리·과열·영향 시차·요인 중복·가중치는 이 셀에서 검증 자료 없음(실험 기록·시간순 검증에서만 판단)""]",[],"{""luckySuspect"":false,""reasonableProcess"":false,""luckyNote"":null,""reasonableNote"":null}","{""confirmedFacts"":[""출발가 101,600원(2026-09-28) → 실제 100,600원(2026-09-29, 1거래일) -0.98% · 예측 중앙 101,497원 -0.10% · 오차 +0.89%(절대 오차율 0.89%, 허용 1.5%)"",""방향: 예측 하락(50%) · 실제 하락 → 정답 · 80% 띠 담김(폭 5.8%)"",""실제값 정정 이력 3건"",""실제 종가 관측 시각 2026-09-29T10:06:25.000Z(16:00 KST 이후 · 지연 관측)""],""modelInternal"":[""선택 모형의 기대 누적 +0.05% = 절편 +0.07% + 자기 추세 -0.02% + 52종목 폭·평균 +0.00% · 실제 -0.98%"",""실제 방향과 반대로 기여한 항: F11 (모형 내부 설명 · 인과 아님)""],""causeHypotheses"":[],""unverified"":[""수급(외국인·기관·개인)·심리·과열·영향 시차·요인 중복·가중치는 이 셀에서 검증 자료 없음(실험 기록·시간순 검증에서만 판단)""]}"
analysis-9ee000ec53750b71,analysis,2026-09-29,2026-09-29T10:06:25Z,,,"{""forecastId"":""2026-09-28-rolling20-13cd892134e517b4"",""modelVersion"":""atlas-rolling20-A""}",live,,,,,,,,,,,,,,352820,하이브,net,2026-09-28-rolling20-13cd892134e517b4,atlas-rolling20-A,2026-09-28,2026-09-29,1,2,방향 맞고 크기 틀림,true,false,true,1.8638619424465448,"{""realizedLog"":-0.018703787140919095,""predictedLog"":-0.00023673817130389073,""errorLog"":0.018467048969615204,""basketCumLog"":null,""beta"":0.9397,""marketPartLog"":null,""residualPartLog"":null,""marketShare"":null,""unexplainedShare"":null}","[""출발가 161,900원(2026-09-28) → 실제 158,900원(2026-09-29, 1거래일) -1.85% · 예측 중앙 161,862원 -0.02% · 오차 +1.86%(절대 오차율 1.86%, 허용 1.5%)"",""방향: 예측 하락(49%) · 실제 하락 → 정답 · 80% 띠 담김(폭 6.1%)"",""실제값 정정 이력 2건"",""실제 종가 관측 시각 2026-09-29T10:06:25.000Z(16:00 KST 이후 · 지연 관측)""]","[""선택 모형의 기대 누적 0.00% = 절편 0.00% + 자기 추세 0.00% + 52종목 폭·평균 0.00% · 실제 -1.85%""]","[{""category"":""자료 오류"",""evidence"":""실제값 정정 2건"",""counterEvidence"":""정정 뒤 값으로 채점됨"",""strength"":""약""}]","[""수급(외국인·기관·개인)·심리·과열·영향 시차·요인 중복·가중치는 이 셀에서 검증 자료 없음(실험 기록·시간순 검증에서만 판단)""]","[""자료 오류""]","{""luckySuspect"":false,""reasonableProcess"":false,""luckyNote"":null,""reasonableNote"":null}","{""confirmedFacts"":[""출발가 161,900원(2026-09-28) → 실제 158,900원(2026-09-29, 1거래일) -1.85% · 예측 중앙 161,862원 -0.02% · 오차 +1.86%(절대 오차율 1.86%, 허용 1.5%)"",""방향: 예측 하락(49%) · 실제 하락 → 정답 · 80% 띠 담김(폭 6.1%)"",""실제값 정정 이력 2건"",""실제 종가 관측 시각 2026-09-29T10:06:25.000Z(16:00 KST 이후 · 지연 관측)""],""modelInternal"":[""선택 모형의 기대 누적 0.00% = 절편 0.00% + 자기 추세 0.00% + 52종목 폭·평균 0.00% · 실제 -1.85%""],""causeHypotheses"":[""자료 오류""],""unverified"":[""수급(외국인·기관·개인)·심리·과열·영향 시차·요인 중복·가중치는 이 셀에서 검증 자료 없음(실험 기록·시간순 검증에서만 판단)""]}"
analysis-7cda6021f47087de,analysis,2026-09-29,2026-09-29T10:06:25Z,,,"{""forecastId"":""2026-09-28-rolling20-13cd892134e517b4"",""modelVersion"":""atlas-rolling20-A""}",live,,,,,,,,,,,,,,029780,삼성카드,fin,2026-09-28-rolling20-13cd892134e517b4,atlas-rolling20-A,2026-09-28,2026-09-29,1,4,방향·크기 모두 틀림,false,false,false,2.0847033053645534,"{""realizedLog"":-0.02097979046919452,""predictedLog"":-0.0003470832223247104,""errorLog"":0.020632707246869813,""basketCumLog"":null,""beta"":0.3975,""marketPartLog"":null,""residualPartLog"":null,""marketShare"":null,""unexplainedShare"":null}","[""출발가 43,350원(2026-09-28) → 실제 42,450원(2026-09-29, 1거래일) -2.08% · 예측 중앙 43,335원 -0.03% · 오차 +2.08%(절대 오차율 2.08%, 허용 1.5%)"",""방향: 예측 상승(47%) · 실제 하락 → 오답 · 80% 띠 벗어남(폭 3.4%)"",""실제값 정정 이력 4건"",""실제 종가 관측 시각 2026-09-29T10:06:25.000Z(16:00 KST 이후 · 지연 관측)""]","[""선택 모형의 기대 누적 0.00% = 절편 0.00% + 자기 추세 0.00% + 52종목 폭·평균 0.00% · 실제 -2.08%""]","[{""category"":""변동성·범위"",""evidence"":""실제값이 80% 띠 밖(폭 3.4% · 실제 이동 -2.08%)"",""counterEvidence"":""80% 띠는 명목이며 개별 셀의 벗어남은 정상 범위일 수 있음(담김률로 판단)"",""strength"":""중""},{""category"":""자료 오류"",""evidence"":""실제값 정정 4건"",""counterEvidence"":""정정 뒤 값으로 채점됨"",""strength"":""약""}]","[""수급(외국인·기관·개인)·심리·과열·영향 시차·요인 중복·가중치는 이 셀에서 검증 자료 없음(실험 기록·시간순 검증에서만 판단)""]","[""변동성·범위"",""자료 오류""]","{""luckySuspect"":false,""reasonableProcess"":false,""luckyNote"":null,""reasonableNote"":null}","{""confirmedFacts"":[""출발가 43,350원(2026-09-28) → 실제 42,450원(2026-09-29, 1거래일) -2.08% · 예측 중앙 43,335원 -0.03% · 오차 +2.08%(절대 오차율 2.08%, 허용 1.5%)"",""방향: 예측 상승(47%) · 실제 하락 → 오답 · 80% 띠 벗어남(폭 3.4%)"",""실제값 정정 이력 4건"",""실제 종가 관측 시각 2026-09-29T10:06:25.000Z(16:00 KST 이후 · 지연 관측)""],""modelInternal"":[""선택 모형의 기대 누적 0.00% = 절편 0.00% + 자기 추세 0.00% + 52종목 폭·평균 0.00% · 실제 -2.08%""],""causeHypotheses"":[""변동성·범위"",""자료 오류""],""unverified"":[""수급(외국인·기관·개인)·심리·과열·영향 시차·요인 중복·가중치는 이 셀에서 검증 자료 없음(실험 기록·시간순 검증에서만 판단)""]}"
analysis-9297e0b676fdac1d,analysis,2026-09-29,2026-09-29T10:06:25Z,,,"{""forecastId"":""2026-09-28-rolling20-13cd892134e517b4"",""modelVersion"":""atlas-rolling20-A""}",live,,,,,,,,,,,,,,002380,KCC,chem,2026-09-28-rolling20-13cd892134e517b4,atlas-rolling20-A,2026-09-28,2026-09-29,1,2,방향 맞고 크기 틀림,true,false,true,1.729215519481525,"{""realizedLog"":-0.01786700182842442,""predictedLog"":-0.0007226544385912116,""errorLog"":0.017144347389833208,""basketCumLog"":null,""beta"":1.4171,""marketPartLog"":null,""residualPartLog"":null,""marketShare"":null,""unexplainedShare"":null}","[""출발가 480,000원(2026-09-28) → 실제 471,500원(2026-09-29, 1거래일) -1.77% · 예측 중앙 479,653원 -0.07% · 오차 +1.73%(절대 오차율 1.73%, 허용 1.5%)"",""방향: 예측 하락(48%) · 실제 하락 → 정답 · 80% 띠 담김(폭 5.7%)"",""실제값 정정 이력 3건"",""실제 종가 관측 시각 2026-09-29T10:06:25.000Z(16:00 KST 이후 · 지연 관측)""]","[""선택 모형의 기대 누적 0.00% = 절편 0.00% + 자기 추세 0.00% + 52종목 폭·평균 0.00% · 실제 -1.77%""]","[{""category"":""자료 오류"",""evidence"":""실제값 정정 3건"",""counterEvidence"":""정정 뒤 값으로 채점됨"",""strength"":""약""}]","[""수급(외국인·기관·개인)·심리·과열·영향 시차·요인 중복·가중치는 이 셀에서 검증 자료 없음(실험 기록·시간순 검증에서만 판단)""]","[""자료 오류""]","{""luckySuspect"":false,""reasonableProcess"":false,""luckyNote"":null,""reasonableNote"":null}","{""confirmedFacts"":[""출발가 480,000원(2026-09-28) → 실제 471,500원(2026-09-29, 1거래일) -1.77% · 예측 중앙 479,653원 -0.07% · 오차 +1.73%(절대 오차율 1.73%, 허용 1.5%)"",""방향: 예측 하락(48%) · 실제 하락 → 정답 · 80% 띠 담김(폭 5.7%)"",""실제값 정정 이력 3건"",""실제 종가 관측 시각 2026-09-29T10:06:25.000Z(16:00 KST 이후 · 지연 관측)""],""modelInternal"":[""선택 모형의 기대 누적 0.00% = 절편 0.00% + 자기 추세 0.00% + 52종목 폭·평균 0.00% · 실제 -1.77%""],""causeHypotheses"":[""자료 오류""],""unverified"":[""수급(외국인·기관·개인)·심리·과열·영향 시차·요인 중복·가중치는 이 셀에서 검증 자료 없음(실험 기록·시간순 검증에서만 판단)""]}"
analysis-8ff1c7c3c48811da,analysis,2026-09-29,2026-09-29T10:06:25Z,,,"{""forecastId"":""2026-09-28-rolling20-13cd892134e517b4"",""modelVersion"":""atlas-rolling20-A""}",live,,,,,,,,,,,,,,004170,신세계,cons,2026-09-28-rolling20-13cd892134e517b4,atlas-rolling20-A,2026-09-28,2026-09-29,1,2,방향 맞고 크기 틀림,true,false,true,1.5806939362459773,"{""realizedLog"":-0.01614121617938525,""predictedLog"":-0.00045790539178172505,""errorLog"":0.015683310787603523,""basketCumLog"":null,""beta"":0.9942,""marketPartLog"":null,""residualPartLog"":null,""marketShare"":null,""unexplainedShare"":null}","[""출발가 343,500원(2026-09-28) → 실제 338,000원(2026-09-29, 1거래일) -1.60% · 예측 중앙 343,343원 -0.05% · 오차 +1.58%(절대 오차율 1.58%, 허용 1.5%)"",""방향: 예측 하락(49%) · 실제 하락 → 정답 · 80% 띠 담김(폭 8.1%)"",""실제값 정정 이력 5건"",""실제 종가 관측 시각 2026-09-29T10:06:25.000Z(16:00 KST 이후 · 지연 관측)""]","[""선택 모형의 기대 누적 +0.14% = 절편 +0.12% + 자기 추세 +0.01% + 52종목 폭·평균 +0.01% · 실제 -1.60%"",""실제 방향과 반대로 기여한 항: F35, F11 (모형 내부 설명 · 인과 아님)""]","[{""category"":""자료 오류"",""evidence"":""실제값 정정 5건"",""counterEvidence"":""정정 뒤 값으로 채점됨"",""strength"":""약""}]","[""수급(외국인·기관·개인)·심리·과열·영향 시차·요인 중복·가중치는 이 셀에서 검증 자료 없음(실험 기록·시간순 검증에서만 판단)""]","[""자료 오류""]","{""luckySuspect"":false,""reasonableProcess"":false,""luckyNote"":null,""reasonableNote"":null}","{""confirmedFacts"":[""출발가 343,500원(2026-09-28) → 실제 338,000원(2026-09-29, 1거래일) -1.60% · 예측 중앙 343,343원 -0.05% · 오차 +1.58%(절대 오차율 1.58%, 허용 1.5%)"",""방향: 예측 하락(49%) · 실제 하락 → 정답 · 80% 띠 담김(폭 8.1%)"",""실제값 정정 이력 5건"",""실제 종가 관측 시각 2026-09-29T10:06:25.000Z(16:00 KST 이후 · 지연 관측)""],""modelInternal"":[""선택 모형의 기대 누적 +0.14% = 절편 +0.12% + 자기 추세 +0.01% + 52종목 폭·평균 +0.01% · 실제 -1.60%"",""실제 방향과 반대로 기여한 항: F35, F11 (모형 내부 설명 · 인과 아님)""],""causeHypotheses"":[""자료 오류""],""unverified"":[""수급(외국인·기관·개인)·심리·과열·영향 시차·요인 중복·가중치는 이 셀에서 검증 자료 없음(실험 기록·시간순 검증에서만 판단)""]}"
analysis-893f937ab881d0cc,analysis,2026-09-29,2026-09-29T10:06:25Z,,,"{""forecastId"":""2026-09-28-rolling20-13cd892134e517b4"",""modelVersion"":""atlas-rolling20-A""}",live,,,,,,,,,,,,,,012750,에스원,util,2026-09-28-rolling20-13cd892134e517b4,atlas-rolling20-A,2026-09-28,2026-09-29,1,1,방향·크기 모두 맞음,true,true,true,0.7478260793164844,"{""realizedLog"":-0.00722894714315143,""predictedLog"":0.0002214900862432742,""errorLog"":0.0074504372293947045,""basketCumLog"":null,""beta"":0.3469,""marketPartLog"":null,""residualPartLog"":null,""marketShare"":null,""unexplainedShare"":null}","[""출발가 83,300원(2026-09-28) → 실제 82,700원(2026-09-29, 1거래일) -0.72% · 예측 중앙 83,318원 +0.02% · 오차 +0.75%(절대 오차율 0.75%, 허용 1.5%)"",""방향: 예측 하락(48%) · 실제 하락 → 정답 · 80% 띠 담김(폭 5.1%)"",""실제값 정정 이력 4건"",""실제 종가 관측 시각 2026-09-29T10:06:25.000Z(16:00 KST 이후 · 지연 관측)""]","[""선택 모형의 기대 누적 0.00% = 절편 0.00% + 자기 추세 0.00% + 52종목 폭·평균 0.00% · 실제 -0.72%""]",[],"[""수급(외국인·기관·개인)·심리·과열·영향 시차·요인 중복·가중치는 이 셀에서 검증 자료 없음(실험 기록·시간순 검증에서만 판단)""]",[],"{""luckySuspect"":false,""reasonableProcess"":false,""luckyNote"":null,""reasonableNote"":null}","{""confirmedFacts"":[""출발가 83,300원(2026-09-28) → 실제 82,700원(2026-09-29, 1거래일) -0.72% · 예측 중앙 83,318원 +0.02% · 오차 +0.75%(절대 오차율 0.75%, 허용 1.5%)"",""방향: 예측 하락(48%) · 실제 하락 → 정답 · 80% 띠 담김(폭 5.1%)"",""실제값 정정 이력 4건"",""실제 종가 관측 시각 2026-09-29T10:06:25.000Z(16:00 KST 이후 · 지연 관측)""],""modelInternal"":[""선택 모형의 기대 누적 0.00% = 절편 0.00% + 자기 추세 0.00% + 52종목 폭·평균 0.00% · 실제 -0.72%""],""causeHypotheses"":[],""unverified"":[""수급(외국인·기관·개인)·심리·과열·영향 시차·요인 중복·가중치는 이 셀에서 검증 자료 없음(실험 기록·시간순 검증에서만 판단)""]}"
analysis-df1fd41da6600725,analysis,2026-09-29,2026-09-29T10:06:25Z,,,"{""forecastId"":""2026-09-28-rolling20-13cd892134e517b4"",""modelVersion"":""atlas-rolling20-A""}",live,,,,,,,,,,,,,,226950,올릭스,bio,2026-09-28-rolling20-13cd892134e517b4,atlas-rolling20-A,2026-09-28,2026-09-29,1,1,방향·크기 모두 맞음,true,true,true,1.1922519628425048,"{""realizedLog"":-0.015444322427473631,""predictedLog"":-0.003592316125182199,""errorLog"":0.011852006302291431,""basketCumLog"":null,""beta"":1.3719,""marketPartLog"":null,""residualPartLog"":null,""marketShare"":null,""unexplainedShare"":null}","[""출발가 104,400원(2026-09-28) → 실제 102,800원(2026-09-29, 1거래일) -1.53% · 예측 중앙 104,026원 -0.36% · 오차 +1.19%(절대 오차율 1.19%, 허용 1.5%)"",""방향: 예측 하락(54%) · 실제 하락 → 정답 · 80% 띠 담김(폭 14.1%)"",""실제값 정정 이력 4건"",""실제 종가 관측 시각 2026-09-29T10:06:25.000Z(16:00 KST 이후 · 지연 관측)""]","[""선택 모형의 기대 누적 0.00% = 절편 0.00% + 자기 추세 0.00% + 52종목 폭·평균 0.00% · 실제 -1.53%""]",[],"[""수급(외국인·기관·개인)·심리·과열·영향 시차·요인 중복·가중치는 이 셀에서 검증 자료 없음(실험 기록·시간순 검증에서만 판단)""]",[],"{""luckySuspect"":false,""reasonableProcess"":false,""luckyNote"":null,""reasonableNote"":null}","{""confirmedFacts"":[""출발가 104,400원(2026-09-28) → 실제 102,800원(2026-09-29, 1거래일) -1.53% · 예측 중앙 104,026원 -0.36% · 오차 +1.19%(절대 오차율 1.19%, 허용 1.5%)"",""방향: 예측 하락(54%) · 실제 하락 → 정답 · 80% 띠 담김(폭 14.1%)"",""실제값 정정 이력 4건"",""실제 종가 관측 시각 2026-09-29T10:06:25.000Z(16:00 KST 이후 · 지연 관측)""],""modelInternal"":[""선택 모형의 기대 누적 0.00% = 절편 0.00% + 자기 추세 0.00% + 52종목 폭·평균 0.00% · 실제 -1.53%""],""causeHypotheses"":[],""unverified"":[""수급(외국인·기관·개인)·심리·과열·영향 시차·요인 중복·가중치는 이 셀에서 검증 자료 없음(실험 기록·시간순 검증에서만 판단)""]}"
analysis-fd20a13c893e2042,analysis,2026-09-29,2026-09-29T10:06:25Z,,,"{""forecastId"":""2026-09-28-rolling20-13cd892134e517b4"",""modelVersion"":""atlas-rolling20-A""}",live,,,,,,,,,,,,,,030000,제일기획,net,2026-09-28-rolling20-13cd892134e517b4,atlas-rolling20-A,2026-09-28,2026-09-29,1,3,크기 허용·방향 틀림,false,true,true,0.0220454225268415,"{""realizedLog"":0.0005613247410929414,""predictedLog"":0.00034084621221981194,""errorLog"":-0.0002204785288731295,""basketCumLog"":null,""beta"":0.3386,""marketPartLog"":null,""residualPartLog"":null,""marketShare"":null,""unexplainedShare"":null}","[""출발가 17,810원(2026-09-28) → 실제 17,820원(2026-09-29, 1거래일) +0.06% · 예측 중앙 17,816원 +0.03% · 오차 -0.02%(절대 오차율 0.02%, 허용 1.5%)"",""방향: 예측 상승(48%) · 실제 보합 → 오답 · 80% 띠 담김(폭 3.2%)"",""실제값 정정 이력 4건"",""실제 종가 관측 시각 2026-09-29T10:06:25.000Z(16:00 KST 이후 · 지연 관측)""]","[""선택 모형의 기대 누적 0.00% = 절편 0.00% + 자기 추세 0.00% + 52종목 폭·평균 0.00% · 실제 +0.06%""]","[{""category"":""자료 오류"",""evidence"":""실제값 정정 4건"",""counterEvidence"":""정정 뒤 값으로 채점됨"",""strength"":""약""}]","[""수급(외국인·기관·개인)·심리·과열·영향 시차·요인 중복·가중치는 이 셀에서 검증 자료 없음(실험 기록·시간순 검증에서만 판단)""]","[""자료 오류""]","{""luckySuspect"":false,""reasonableProcess"":true,""luckyNote"":null,""reasonableNote"":""방향은 틀렸지만 실제값이 모형 80% 띠 안 → 판단 과정은 분포 안""}","{""confirmedFacts"":[""출발가 17,810원(2026-09-28) → 실제 17,820원(2026-09-29, 1거래일) +0.06% · 예측 중앙 17,816원 +0.03% · 오차 -0.02%(절대 오차율 0.02%, 허용 1.5%)"",""방향: 예측 상승(48%) · 실제 보합 → 오답 · 80% 띠 담김(폭 3.2%)"",""실제값 정정 이력 4건"",""실제 종가 관측 시각 2026-09-29T10:06:25.000Z(16:00 KST 이후 · 지연 관측)""],""modelInternal"":[""선택 모형의 기대 누적 0.00% = 절편 0.00% + 자기 추세 0.00% + 52종목 폭·평균 0.00% · 실제 +0.06%""],""causeHypotheses"":[""자료 오류""],""unverified"":[""수급(외국인·기관·개인)·심리·과열·영향 시차·요인 중복·가중치는 이 셀에서 검증 자료 없음(실험 기록·시간순 검증에서만 판단)""]}"
analysis-4be51f220f38c74d,analysis,2026-09-29,2026-09-29T10:06:25Z,,,"{""forecastId"":""2026-09-28-atlas11-90616c6bc916e8d6"",""modelVersion"":""atlas11-A-1""}",live,,,,,,,,,,,,,,105560,KB금융,fin,2026-09-28-atlas11-90616c6bc916e8d6,atlas11-A-1,2026-09-28,2026-09-29,1,3,크기 허용·방향 틀림,false,true,true,0.8015937016362945,"{""realizedLog"":-0.0063346022362388964,""predictedLog"":0.0016493778200589975,""errorLog"":0.007983980056297893,""basketCumLog"":null,""beta"":0.7869,""marketPartLog"":null,""residualPartLog"":null,""marketShare"":null,""unexplainedShare"":null}","[""출발가 174,200원(2026-09-28) → 실제 173,100원(2026-09-29, 1거래일) -0.63% · 예측 중앙 174,488원 +0.17% · 오차 +0.80%(절대 오차율 0.80%, 허용 1.5%)"",""방향: 예측 상승(52%) · 실제 하락 → 오답 · 80% 띠 담김(폭 4.7%)"",""실제값 정정 이력 3건"",""실제 종가 관측 시각 2026-09-29T10:06:25.000Z(16:00 KST 이후 · 지연 관측)""]","[""선택 모형의 기대 누적 +0.19% = 절편 +0.09% + 자기 추세 +0.02% + 52종목 폭·평균 +0.07% · 실제 -0.63%"",""실제 방향과 반대로 기여한 항: F35, F11 (모형 내부 설명 · 인과 아님)""]","[{""category"":""자료 오류"",""evidence"":""실제값 정정 3건"",""counterEvidence"":""정정 뒤 값으로 채점됨"",""strength"":""약""}]","[""수급(외국인·기관·개인)·심리·과열·영향 시차·요인 중복·가중치는 이 셀에서 검증 자료 없음(실험 기록·시간순 검증에서만 판단)""]","[""자료 오류""]","{""luckySuspect"":false,""reasonableProcess"":true,""luckyNote"":null,""reasonableNote"":""방향은 틀렸지만 실제값이 모형 80% 띠 안 → 판단 과정은 분포 안""}","{""confirmedFacts"":[""출발가 174,200원(2026-09-28) → 실제 173,100원(2026-09-29, 1거래일) -0.63% · 예측 중앙 174,488원 +0.17% · 오차 +0.80%(절대 오차율 0.80%, 허용 1.5%)"",""방향: 예측 상승(52%) · 실제 하락 → 오답 · 80% 띠 담김(폭 4.7%)"",""실제값 정정 이력 3건"",""실제 종가 관측 시각 2026-09-29T10:06:25.000Z(16:00 KST 이후 · 지연 관측)""],""modelInternal"":[""선택 모형의 기대 누적 +0.19% = 절편 +0.09% + 자기 추세 +0.02% + 52종목 폭·평균 +0.07% · 실제 -0.63%"",""실제 방향과 반대로 기여한 항: F35, F11 (모형 내부 설명 · 인과 아님)""],""causeHypotheses"":[""자료 오류""],""unverified"":[""수급(외국인·기관·개인)·심리·과열·영향 시차·요인 중복·가중치는 이 셀에서 검증 자료 없음(실험 기록·시간순 검증에서만 판단)""]}"
analysis-eaf3482bf3bac4bf,analysis,2026-09-29,2026-09-29T10:06:25Z,,,"{""forecastId"":""2026-09-28-atlas11-90616c6bc916e8d6"",""modelVersion"":""atlas11-A-1""}",live,,,,,,,,,,,,,,032830,삼성생명보험,fin,2026-09-28-atlas11-90616c6bc916e8d6,atlas11-A-1,2026-09-28,2026-09-29,1,2,방향 맞고 크기 틀림,true,false,true,1.9838929345089227,"{""realizedLog"":-0.020478531343540676,""predictedLog"":-0.000833828923613086,""errorLog"":0.01964470241992759,""basketCumLog"":null,""beta"":1.2564,""marketPartLog"":null,""residualPartLog"":null,""marketShare"":null,""unexplainedShare"":null}","[""출발가 296,000원(2026-09-28) → 실제 290,000원(2026-09-29, 1거래일) -2.03% · 예측 중앙 295,753원 -0.08% · 오차 +1.98%(절대 오차율 1.98%, 허용 1.5%)"",""방향: 예측 하락(50%) · 실제 하락 → 정답 · 80% 띠 담김(폭 6.0%)"",""실제값 정정 이력 5건"",""실제 종가 관측 시각 2026-09-29T10:06:25.000Z(16:00 KST 이후 · 지연 관측)""]","[""선택 모형의 기대 누적 +0.11% = 절편 +0.15% + 자기 추세 -0.04% + 52종목 폭·평균 -0.00% · 실제 -2.03%""]","[{""category"":""자료 오류"",""evidence"":""실제값 정정 5건"",""counterEvidence"":""정정 뒤 값으로 채점됨"",""strength"":""약""}]","[""수급(외국인·기관·개인)·심리·과열·영향 시차·요인 중복·가중치는 이 셀에서 검증 자료 없음(실험 기록·시간순 검증에서만 판단)""]","[""자료 오류""]","{""luckySuspect"":false,""reasonableProcess"":false,""luckyNote"":null,""reasonableNote"":null}","{""confirmedFacts"":[""출발가 296,000원(2026-09-28) → 실제 290,000원(2026-09-29, 1거래일) -2.03% · 예측 중앙 295,753원 -0.08% · 오차 +1.98%(절대 오차율 1.98%, 허용 1.5%)"",""방향: 예측 하락(50%) · 실제 하락 → 정답 · 80% 띠 담김(폭 6.0%)"",""실제값 정정 이력 5건"",""실제 종가 관측 시각 2026-09-29T10:06:25.000Z(16:00 KST 이후 · 지연 관측)""],""modelInternal"":[""선택 모형의 기대 누적 +0.11% = 절편 +0.15% + 자기 추세 -0.04% + 52종목 폭·평균 -0.00% · 실제 -2.03%""],""causeHypotheses"":[""자료 오류""],""unverified"":[""수급(외국인·기관·개인)·심리·과열·영향 시차·요인 중복·가중치는 이 셀에서 검증 자료 없음(실험 기록·시간순 검증에서만 판단)""]}"
analysis-4f2a4ae119d3a612,analysis,2026-09-29,2026-09-29T10:06:25Z,,,"{""forecastId"":""2026-09-28-atlas11-90616c6bc916e8d6"",""modelVersion"":""atlas11-A-1""}",live,,,,,,,,,,,,,,012450,한화에어로스페이스,heavy,2026-09-28-atlas11-90616c6bc916e8d6,atlas11-A-1,2026-09-28,2026-09-29,1,2,방향 맞고 크기 틀림,true,false,true,1.7215220809626464,"{""realizedLog"":-0.019531870917245956,""predictedLog"":-0.0024631530248850017,""errorLog"":0.017068717892360953,""basketCumLog"":null,""beta"":0.8212,""marketPartLog"":null,""residualPartLog"":null,""marketShare"":null,""unexplainedShare"":null}","[""출발가 1,034,000원(2026-09-28) → 실제 1,014,000원(2026-09-29, 1거래일) -1.93% · 예측 중앙 1,031,456원 -0.25% · 오차 +1.72%(절대 오차율 1.72%, 허용 1.5%)"",""방향: 예측 하락(53%) · 실제 하락 → 정답 · 80% 띠 담김(폭 9.8%)"",""기간 안 확인된 일정 1건(기업 1 · 중요 1): 한화에어로스페이스 기업설명회 · 코리아 프리미엄 위크 — 수치 영향은 미산출"",""실제값 정정 이력 2건"",""실제 종가 관측 시각 2026-09-29T10:06:25.000Z(16:00 KST 이후 · 지연 관측)""]","[""선택 모형의 기대 누적 0.00% = 절편 0.00% + 자기 추세 0.00% + 52종목 폭·평균 0.00% · 실제 -1.93%""]","[{""category"":""기업 사건"",""evidence"":""기간 안 기업 일정 한화에어로스페이스 기업설명회 · 코리아 프리미엄 위크"",""counterEvidence"":""일정 확인만 · 결과·가격 반응·수치 영향 미산출 → 인과 단정 불가"",""strength"":""약""},{""category"":""자료 오류"",""evidence"":""실제값 정정 2건"",""counterEvidence"":""정정 뒤 값으로 채점됨"",""strength"":""약""}]","[""수급(외국인·기관·개인)·심리·과열·영향 시차·요인 중복·가중치는 이 셀에서 검증 자료 없음(실험 기록·시간순 검증에서만 판단)""]","[""기업 사건"",""자료 오류""]","{""luckySuspect"":false,""reasonableProcess"":false,""luckyNote"":null,""reasonableNote"":null}","{""confirmedFacts"":[""출발가 1,034,000원(2026-09-28) → 실제 1,014,000원(2026-09-29, 1거래일) -1.93% · 예측 중앙 1,031,456원 -0.25% · 오차 +1.72%(절대 오차율 1.72%, 허용 1.5%)"",""방향: 예측 하락(53%) · 실제 하락 → 정답 · 80% 띠 담김(폭 9.8%)"",""기간 안 확인된 일정 1건(기업 1 · 중요 1): 한화에어로스페이스 기업설명회 · 코리아 프리미엄 위크 — 수치 영향은 미산출"",""실제값 정정 이력 2건"",""실제 종가 관측 시각 2026-09-29T10:06:25.000Z(16:00 KST 이후 · 지연 관측)""],""modelInternal"":[""선택 모형의 기대 누적 0.00% = 절편 0.00% + 자기 추세 0.00% + 52종목 폭·평균 0.00% · 실제 -1.93%""],""causeHypotheses"":[""기업 사건"",""자료 오류""],""unverified"":[""수급(외국인·기관·개인)·심리·과열·영향 시차·요인 중복·가중치는 이 셀에서 검증 자료 없음(실험 기록·시간순 검증에서만 판단)""]}"
analysis-14f77fd0cc19cd82,analysis,2026-09-29,2026-09-29T10:06:25Z,,,"{""forecastId"":""2026-09-28-atlas11-90616c6bc916e8d6"",""modelVersion"":""atlas11-A-1""}",live,,,,,,,,,,,,,,010120,LS ELECTRIC,heavy,2026-09-28-atlas11-90616c6bc916e8d6,atlas11-A-1,2026-09-28,2026-09-29,1,3,크기 허용·방향 틀림,false,true,true,0.8201876095681787,"{""realizedLog"":0.004878058453432773,""predictedLog"":-0.003357638082317816,""errorLog"":-0.008235696535750589,""basketCumLog"":null,""beta"":1.6948,""marketPartLog"":null,""residualPartLog"":null,""marketShare"":null,""unexplainedShare"":null}","[""출발가 204,500원(2026-09-28) → 실제 205,500원(2026-09-29, 1거래일) +0.49% · 예측 중앙 203,815원 -0.34% · 오차 -0.82%(절대 오차율 0.82%, 허용 1.5%)"",""방향: 예측 하락(53%) · 실제 상승 → 오답 · 80% 띠 담김(폭 9.6%)"",""실제값 정정 이력 3건"",""실제 종가 관측 시각 2026-09-29T10:06:25.000Z(16:00 KST 이후 · 지연 관측)""]","[""선택 모형의 기대 누적 0.00% = 절편 0.00% + 자기 추세 0.00% + 52종목 폭·평균 0.00% · 실제 +0.49%""]","[{""category"":""자료 오류"",""evidence"":""실제값 정정 3건"",""counterEvidence"":""정정 뒤 값으로 채점됨"",""strength"":""약""}]","[""수급(외국인·기관·개인)·심리·과열·영향 시차·요인 중복·가중치는 이 셀에서 검증 자료 없음(실험 기록·시간순 검증에서만 판단)""]","[""자료 오류""]","{""luckySuspect"":false,""reasonableProcess"":true,""luckyNote"":null,""reasonableNote"":""방향은 틀렸지만 실제값이 모형 80% 띠 안 → 판단 과정은 분포 안""}","{""confirmedFacts"":[""출발가 204,500원(2026-09-28) → 실제 205,500원(2026-09-29, 1거래일) +0.49% · 예측 중앙 203,815원 -0.34% · 오차 -0.82%(절대 오차율 0.82%, 허용 1.5%)"",""방향: 예측 하락(53%) · 실제 상승 → 오답 · 80% 띠 담김(폭 9.6%)"",""실제값 정정 이력 3건"",""실제 종가 관측 시각 2026-09-29T10:06:25.000Z(16:00 KST 이후 · 지연 관측)""],""modelInternal"":[""선택 모형의 기대 누적 0.00% = 절편 0.00% + 자기 추세 0.00% + 52종목 폭·평균 0.00% · 실제 +0.49%""],""causeHypotheses"":[""자료 오류""],""unverified"":[""수급(외국인·기관·개인)·심리·과열·영향 시차·요인 중복·가중치는 이 셀에서 검증 자료 없음(실험 기록·시간순 검증에서만 판단)""]}"
analysis-18b419103338b687,analysis,2026-09-29,2026-09-29T10:06:25Z,,,"{""forecastId"":""2026-09-28-atlas11-90616c6bc916e8d6"",""modelVersion"":""atlas11-A-1""}",live,,,,,,,,,,,,,,000810,삼성화재,fin,2026-09-28-atlas11-90616c6bc916e8d6,atlas11-A-1,2026-09-28,2026-09-29,1,1,방향·크기 모두 맞음,true,true,true,1.354367046040367,"{""realizedLog"":-0.015244197643117081,""predictedLog"":-0.0017914228993783391,""errorLog"":0.013452774743738741,""basketCumLog"":null,""beta"":0.8304,""marketPartLog"":null,""residualPartLog"":null,""marketShare"":null,""unexplainedShare"":null}","[""출발가 661,000원(2026-09-28) → 실제 651,000원(2026-09-29, 1거래일) -1.51% · 예측 중앙 659,817원 -0.18% · 오차 +1.35%(절대 오차율 1.35%, 허용 1.5%)"",""방향: 예측 하락(52%) · 실제 하락 → 정답 · 80% 띠 담김(폭 5.3%)"",""실제값 정정 이력 4건"",""실제 종가 관측 시각 2026-09-29T10:06:25.000Z(16:00 KST 이후 · 지연 관측)""]","[""선택 모형의 기대 누적 0.00% = 절편 0.00% + 자기 추세 0.00% + 52종목 폭·평균 0.00% · 실제 -1.51%""]",[],"[""수급(외국인·기관·개인)·심리·과열·영향 시차·요인 중복·가중치는 이 셀에서 검증 자료 없음(실험 기록·시간순 검증에서만 판단)""]",[],"{""luckySuspect"":false,""reasonableProcess"":false,""luckyNote"":null,""reasonableNote"":null}","{""confirmedFacts"":[""출발가 661,000원(2026-09-28) → 실제 651,000원(2026-09-29, 1거래일) -1.51% · 예측 중앙 659,817원 -0.18% · 오차 +1.35%(절대 오차율 1.35%, 허용 1.5%)"",""방향: 예측 하락(52%) · 실제 하락 → 정답 · 80% 띠 담김(폭 5.3%)"",""실제값 정정 이력 4건"",""실제 종가 관측 시각 2026-09-29T10:06:25.000Z(16:00 KST 이후 · 지연 관측)""],""modelInternal"":[""선택 모형의 기대 누적 0.00% = 절편 0.00% + 자기 추세 0.00% + 52종목 폭·평균 0.00% · 실제 -1.51%""],""causeHypotheses"":[],""unverified"":[""수급(외국인·기관·개인)·심리·과열·영향 시차·요인 중복·가중치는 이 셀에서 검증 자료 없음(실험 기록·시간순 검증에서만 판단)""]}"
analysis-49bcfc29660f50de,analysis,2026-09-29,2026-09-29T10:06:25Z,,,"{""forecastId"":""2026-09-28-atlas11-90616c6bc916e8d6"",""modelVersion"":""atlas11-A-1""}",live,,,,,,,,,,,,,,138040,메리츠금융지주,fin,2026-09-28-atlas11-90616c6bc916e8d6,atlas11-A-1,2026-09-28,2026-09-29,1,1,방향·크기 모두 맞음,true,true,true,0.4296894744380035,"{""realizedLog"":-0.009036206063937445,""predictedLog"":-0.004748516611752403,""errorLog"":0.004287689452185043,""basketCumLog"":null,""beta"":0.6414,""marketPartLog"":null,""residualPartLog"":null,""marketShare"":null,""unexplainedShare"":null}","[""출발가 133,400원(2026-09-28) → 실제 132,200원(2026-09-29, 1거래일) -0.90% · 예측 중앙 132,768원 -0.47% · 오차 +0.43%(절대 오차율 0.43%, 허용 1.5%)"",""방향: 예측 하락(57%) · 실제 하락 → 정답 · 80% 띠 담김(폭 5.7%)"",""실제값 정정 이력 3건"",""실제 종가 관측 시각 2026-09-29T10:06:25.000Z(16:00 KST 이후 · 지연 관측)""]","[""선택 모형의 기대 누적 -0.25% = 절편 +0.04% + 자기 추세 -0.31% + 52종목 폭·평균 +0.02% · 실제 -0.90%"",""실제 방향과 반대로 기여한 항: F11 (모형 내부 설명 · 인과 아님)""]",[],"[""수급(외국인·기관·개인)·심리·과열·영향 시차·요인 중복·가중치는 이 셀에서 검증 자료 없음(실험 기록·시간순 검증에서만 판단)""]",[],"{""luckySuspect"":false,""reasonableProcess"":false,""luckyNote"":null,""reasonableNote"":null}","{""confirmedFacts"":[""출발가 133,400원(2026-09-28) → 실제 132,200원(2026-09-29, 1거래일) -0.90% · 예측 중앙 132,768원 -0.47% · 오차 +0.43%(절대 오차율 0.43%, 허용 1.5%)"",""방향: 예측 하락(57%) · 실제 하락 → 정답 · 80% 띠 담김(폭 5.7%)"",""실제값 정정 이력 3건"",""실제 종가 관측 시각 2026-09-29T10:06:25.000Z(16:00 KST 이후 · 지연 관측)""],""modelInternal"":[""선택 모형의 기대 누적 -0.25% = 절편 +0.04% + 자기 추세 -0.31% + 52종목 폭·평균 +0.02% · 실제 -0.90%"",""실제 방향과 반대로 기여한 항: F11 (모형 내부 설명 · 인과 아님)""],""causeHypotheses"":[],""unverified"":[""수급(외국인·기관·개인)·심리·과열·영향 시차·요인 중복·가중치는 이 셀에서 검증 자료 없음(실험 기록·시간순 검증에서만 판단)""]}"
analysis-1ce85ab08951a6d0,analysis,2026-09-29,2026-09-29T10:06:25Z,,,"{""forecastId"":""2026-09-28-atlas11-90616c6bc916e8d6"",""modelVersion"":""atlas11-A-1""}",live,,,,,,,,,,,,,,015760,한국전력,util,2026-09-28-atlas11-90616c6bc916e8d6,atlas11-A-1,2026-09-28,2026-09-29,1,2,방향 맞고 크기 틀림,true,false,true,2.085939971276994,"{""realizedLog"":-0.021399993611934894,""predictedLog"":-0.0007551723226874576,""errorLog"":0.020644821289247436,""basketCumLog"":null,""beta"":0.9671,""marketPartLog"":null,""residualPartLog"":null,""marketShare"":null,""unexplainedShare"":null}","[""출발가 30,700원(2026-09-28) → 실제 30,050원(2026-09-29, 1거래일) -2.12% · 예측 중앙 30,677원 -0.08% · 오차 +2.09%(절대 오차율 2.09%, 허용 1.5%)"",""방향: 예측 하락(47%) · 실제 하락 → 정답 · 80% 띠 담김(폭 5.3%)"",""실제값 정정 이력 3건"",""실제 종가 관측 시각 2026-09-29T10:06:25.000Z(16:00 KST 이후 · 지연 관측)""]","[""선택 모형의 기대 누적 0.00% = 절편 0.00% + 자기 추세 0.00% + 52종목 폭·평균 0.00% · 실제 -2.12%""]","[{""category"":""자료 오류"",""evidence"":""실제값 정정 3건"",""counterEvidence"":""정정 뒤 값으로 채점됨"",""strength"":""약""}]","[""수급(외국인·기관·개인)·심리·과열·영향 시차·요인 중복·가중치는 이 셀에서 검증 자료 없음(실험 기록·시간순 검증에서만 판단)""]","[""자료 오류""]","{""luckySuspect"":false,""reasonableProcess"":false,""luckyNote"":null,""reasonableNote"":null}","{""confirmedFacts"":[""출발가 30,700원(2026-09-28) → 실제 30,050원(2026-09-29, 1거래일) -2.12% · 예측 중앙 30,677원 -0.08% · 오차 +2.09%(절대 오차율 2.09%, 허용 1.5%)"",""방향: 예측 하락(47%) · 실제 하락 → 정답 · 80% 띠 담김(폭 5.3%)"",""실제값 정정 이력 3건"",""실제 종가 관측 시각 2026-09-29T10:06:25.000Z(16:00 KST 이후 · 지연 관측)""],""modelInternal"":[""선택 모형의 기대 누적 0.00% = 절편 0.00% + 자기 추세 0.00% + 52종목 폭·평균 0.00% · 실제 -2.12%""],""causeHypotheses"":[""자료 오류""],""unverified"":[""수급(외국인·기관·개인)·심리·과열·영향 시차·요인 중복·가중치는 이 셀에서 검증 자료 없음(실험 기록·시간순 검증에서만 판단)""]}"
analysis-fb3e076eb74f5880,analysis,2026-09-29,2026-09-29T10:06:25Z,,,"{""forecastId"":""2026-09-28-atlas11-90616c6bc916e8d6"",""modelVersion"":""atlas11-A-1""}",live,,,,,,,,,,,,,,011200,HMM,auto,2026-09-28-atlas11-90616c6bc916e8d6,atlas11-A-1,2026-09-28,2026-09-29,1,2,방향 맞고 크기 틀림,true,false,true,1.6385230958580754,"{""realizedLog"":-0.016607736399660525,""predictedLog"":-0.00035529477868780936,""errorLog"":0.016252441620972717,""basketCumLog"":null,""beta"":0.6513,""marketPartLog"":null,""residualPartLog"":null,""marketShare"":null,""unexplainedShare"":null}","[""출발가 21,250원(2026-09-28) → 실제 20,900원(2026-09-29, 1거래일) -1.65% · 예측 중앙 21,242원 -0.04% · 오차 +1.64%(절대 오차율 1.64%, 허용 1.5%)"",""방향: 예측 하락(49%) · 실제 하락 → 정답 · 80% 띠 담김(폭 5.0%)"",""실제값 정정 이력 5건"",""실제 종가 관측 시각 2026-09-29T10:06:25.000Z(16:00 KST 이후 · 지연 관측)""]","[""선택 모형의 기대 누적 0.00% = 절편 0.00% + 자기 추세 0.00% + 52종목 폭·평균 0.00% · 실제 -1.65%""]","[{""category"":""자료 오류"",""evidence"":""실제값 정정 5건"",""counterEvidence"":""정정 뒤 값으로 채점됨"",""strength"":""약""}]","[""수급(외국인·기관·개인)·심리·과열·영향 시차·요인 중복·가중치는 이 셀에서 검증 자료 없음(실험 기록·시간순 검증에서만 판단)""]","[""자료 오류""]","{""luckySuspect"":false,""reasonableProcess"":false,""luckyNote"":null,""reasonableNote"":null}","{""confirmedFacts"":[""출발가 21,250원(2026-09-28) → 실제 20,900원(2026-09-29, 1거래일) -1.65% · 예측 중앙 21,242원 -0.04% · 오차 +1.64%(절대 오차율 1.64%, 허용 1.5%)"",""방향: 예측 하락(49%) · 실제 하락 → 정답 · 80% 띠 담김(폭 5.0%)"",""실제값 정정 이력 5건"",""실제 종가 관측 시각 2026-09-29T10:06:25.000Z(16:00 KST 이후 · 지연 관측)""],""modelInternal"":[""선택 모형의 기대 누적 0.00% = 절편 0.00% + 자기 추세 0.00% + 52종목 폭·평균 0.00% · 실제 -1.65%""],""causeHypotheses"":[""자료 오류""],""unverified"":[""수급(외국인·기관·개인)·심리·과열·영향 시차·요인 중복·가중치는 이 셀에서 검증 자료 없음(실험 기록·시간순 검증에서만 판단)""]}"
analysis-caa5dd9e379861c6,analysis,2026-09-29,2026-09-29T10:06:25Z,,,"{""forecastId"":""2026-09-28-atlas11-90616c6bc916e8d6"",""modelVersion"":""atlas11-A-1""}",live,,,,,,,,,,,,,,033780,KT&G,cons,2026-09-28-atlas11-90616c6bc916e8d6,atlas11-A-1,2026-09-28,2026-09-29,1,3,크기 허용·방향 틀림,false,true,true,0.47370605762341045,"{""realizedLog"":0.003982935564077854,""predictedLog"":-0.0007653804427794358,""errorLog"":-0.00474831600685729,""basketCumLog"":null,""beta"":0.2734,""marketPartLog"":null,""residualPartLog"":null,""marketShare"":null,""unexplainedShare"":null}","[""출발가 175,400원(2026-09-28) → 실제 176,100원(2026-09-29, 1거래일) +0.40% · 예측 중앙 175,266원 -0.08% · 오차 -0.47%(절대 오차율 0.47%, 허용 1.5%)"",""방향: 예측 하락(50%) · 실제 상승 → 오답 · 80% 띠 담김(폭 4.0%)"",""실제값 정정 이력 3건"",""실제 종가 관측 시각 2026-09-29T10:06:25.000Z(16:00 KST 이후 · 지연 관측)""]","[""선택 모형의 기대 누적 +0.00% = 절편 +0.07% + 자기 추세 -0.08% + 52종목 폭·평균 +0.01% · 실제 +0.40%"",""실제 방향과 반대로 기여한 항: F35 (모형 내부 설명 · 인과 아님)""]","[{""category"":""자료 오류"",""evidence"":""실제값 정정 3건"",""counterEvidence"":""정정 뒤 값으로 채점됨"",""strength"":""약""}]","[""수급(외국인·기관·개인)·심리·과열·영향 시차·요인 중복·가중치는 이 셀에서 검증 자료 없음(실험 기록·시간순 검증에서만 판단)""]","[""자료 오류""]","{""luckySuspect"":false,""reasonableProcess"":true,""luckyNote"":null,""reasonableNote"":""방향은 틀렸지만 실제값이 모형 80% 띠 안 → 판단 과정은 분포 안""}","{""confirmedFacts"":[""출발가 175,400원(2026-09-28) → 실제 176,100원(2026-09-29, 1거래일) +0.40% · 예측 중앙 175,266원 -0.08% · 오차 -0.47%(절대 오차율 0.47%, 허용 1.5%)"",""방향: 예측 하락(50%) · 실제 상승 → 오답 · 80% 띠 담김(폭 4.0%)"",""실제값 정정 이력 3건"",""실제 종가 관측 시각 2026-09-29T10:06:25.000Z(16:00 KST 이후 · 지연 관측)""],""modelInternal"":[""선택 모형의 기대 누적 +0.00% = 절편 +0.07% + 자기 추세 -0.08% + 52종목 폭·평균 +0.01% · 실제 +0.40%"",""실제 방향과 반대로 기여한 항: F35 (모형 내부 설명 · 인과 아님)""],""causeHypotheses"":[""자료 오류""],""unverified"":[""수급(외국인·기관·개인)·심리·과열·영향 시차·요인 중복·가중치는 이 셀에서 검증 자료 없음(실험 기록·시간순 검증에서만 판단)""]}"
analysis-61693284e337ae88,analysis,2026-09-29,2026-09-29T10:06:25Z,,,"{""forecastId"":""2026-09-28-atlas11-90616c6bc916e8d6"",""modelVersion"":""atlas11-A-1""}",live,,,,,,,,,,,,,,086280,현대글로비스,auto,2026-09-28-atlas11-90616c6bc916e8d6,atlas11-A-1,2026-09-28,2026-09-29,1,1,방향·크기 모두 맞음,true,true,true,0.902102380097716,"{""realizedLog"":-0.010603482332162155,""predictedLog"":-0.0016229049032556976,""errorLog"":0.008980577428906457,""basketCumLog"":null,""beta"":1.0312,""marketPartLog"":null,""residualPartLog"":null,""marketShare"":null,""unexplainedShare"":null}","[""출발가 199,100원(2026-09-28) → 실제 197,000원(2026-09-29, 1거래일) -1.05% · 예측 중앙 198,777원 -0.16% · 오차 +0.90%(절대 오차율 0.90%, 허용 1.5%)"",""방향: 예측 하락(51%) · 실제 하락 → 정답 · 80% 띠 담김(폭 6.0%)"",""실제값 정정 이력 2건"",""실제 종가 관측 시각 2026-09-29T10:06:25.000Z(16:00 KST 이후 · 지연 관측)""]","[""선택 모형의 기대 누적 0.00% = 절편 0.00% + 자기 추세 0.00% + 52종목 폭·평균 0.00% · 실제 -1.05%""]",[],"[""수급(외국인·기관·개인)·심리·과열·영향 시차·요인 중복·가중치는 이 셀에서 검증 자료 없음(실험 기록·시간순 검증에서만 판단)""]",[],"{""luckySuspect"":false,""reasonableProcess"":false,""luckyNote"":null,""reasonableNote"":null}","{""confirmedFacts"":[""출발가 199,100원(2026-09-28) → 실제 197,000원(2026-09-29, 1거래일) -1.05% · 예측 중앙 198,777원 -0.16% · 오차 +0.90%(절대 오차율 0.90%, 허용 1.5%)"",""방향: 예측 하락(51%) · 실제 하락 → 정답 · 80% 띠 담김(폭 6.0%)"",""실제값 정정 이력 2건"",""실제 종가 관측 시각 2026-09-29T10:06:25.000Z(16:00 KST 이후 · 지연 관측)""],""modelInternal"":[""선택 모형의 기대 누적 0.00% = 절편 0.00% + 자기 추세 0.00% + 52종목 폭·평균 0.00% · 실제 -1.05%""],""causeHypotheses"":[],""unverified"":[""수급(외국인·기관·개인)·심리·과열·영향 시차·요인 중복·가중치는 이 셀에서 검증 자료 없음(실험 기록·시간순 검증에서만 판단)""]}"
analysis-6140f5ca36abe9c0,analysis,2026-09-29,2026-09-29T10:06:25Z,,,"{""forecastId"":""2026-09-28-atlas11-90616c6bc916e8d6"",""modelVersion"":""atlas11-A-1""}",live,,,,,,,,,,,,,,278470,에이피알,cons,2026-09-28-atlas11-90616c6bc916e8d6,atlas11-A-1,2026-09-28,2026-09-29,1,2,방향 맞고 크기 틀림,true,false,true,1.8980671866050114,"{""realizedLog"":-0.019178670030571943,""predictedLog"":-0.00037588371663552786,""errorLog"":0.018802786313936413,""basketCumLog"":null,""beta"":0.9172,""marketPartLog"":null,""residualPartLog"":null,""marketShare"":null,""unexplainedShare"":null}","[""출발가 368,500원(2026-09-28) → 실제 361,500원(2026-09-29, 1거래일) -1.90% · 예측 중앙 368,362원 -0.04% · 오차 +1.90%(절대 오차율 1.90%, 허용 1.5%)"",""방향: 예측 하락(49%) · 실제 하락 → 정답 · 80% 띠 담김(폭 9.7%)"",""실제값 정정 이력 4건"",""실제 종가 관측 시각 2026-09-29T10:06:25.000Z(16:00 KST 이후 · 지연 관측)""]","[""선택 모형의 기대 누적 0.00% = 절편 0.00% + 자기 추세 0.00% + 52종목 폭·평균 0.00% · 실제 -1.90%""]","[{""category"":""자료 오류"",""evidence"":""실제값 정정 4건"",""counterEvidence"":""정정 뒤 값으로 채점됨"",""strength"":""약""}]","[""수급(외국인·기관·개인)·심리·과열·영향 시차·요인 중복·가중치는 이 셀에서 검증 자료 없음(실험 기록·시간순 검증에서만 판단)""]","[""자료 오류""]","{""luckySuspect"":false,""reasonableProcess"":false,""luckyNote"":null,""reasonableNote"":null}","{""confirmedFacts"":[""출발가 368,500원(2026-09-28) → 실제 361,500원(2026-09-29, 1거래일) -1.90% · 예측 중앙 368,362원 -0.04% · 오차 +1.90%(절대 오차율 1.90%, 허용 1.5%)"",""방향: 예측 하락(49%) · 실제 하락 → 정답 · 80% 띠 담김(폭 9.7%)"",""실제값 정정 이력 4건"",""실제 종가 관측 시각 2026-09-29T10:06:25.000Z(16:00 KST 이후 · 지연 관측)""],""modelInternal"":[""선택 모형의 기대 누적 0.00% = 절편 0.00% + 자기 추세 0.00% + 52종목 폭·평균 0.00% · 실제 -1.90%""],""causeHypotheses"":[""자료 오류""],""unverified"":[""수급(외국인·기관·개인)·심리·과열·영향 시차·요인 중복·가중치는 이 셀에서 검증 자료 없음(실험 기록·시간순 검증에서만 판단)""]}"
analysis-8ef6f43d0d2b3b58,analysis,2026-09-29,2026-09-29T10:06:25Z,,,"{""forecastId"":""2026-09-28-atlas11-90616c6bc916e8d6"",""modelVersion"":""atlas11-A-1""}",live,,,,,,,,,,,,,,030200,KT,net,2026-09-28-atlas11-90616c6bc916e8d6,atlas11-A-1,2026-09-28,2026-09-29,1,3,크기 허용·방향 틀림,false,true,true,0.3986950969407238,"{""realizedLog"":-0.0037878833169370917,""predictedLog"":0.00019114082571512026,""errorLog"":0.003979024142652212,""basketCumLog"":null,""beta"":0.4,""marketPartLog"":null,""residualPartLog"":null,""marketShare"":null,""unexplainedShare"":null}","[""출발가 52,900원(2026-09-28) → 실제 52,700원(2026-09-29, 1거래일) -0.38% · 예측 중앙 52,910원 +0.02% · 오차 +0.40%(절대 오차율 0.40%, 허용 1.5%)"",""방향: 예측 상승(47%) · 실제 하락 → 오답 · 80% 띠 담김(폭 3.2%)"",""실제값 정정 이력 4건"",""실제 종가 관측 시각 2026-09-29T10:06:25.000Z(16:00 KST 이후 · 지연 관측)""]","[""선택 모형의 기대 누적 0.00% = 절편 0.00% + 자기 추세 0.00% + 52종목 폭·평균 0.00% · 실제 -0.38%""]","[{""category"":""자료 오류"",""evidence"":""실제값 정정 4건"",""counterEvidence"":""정정 뒤 값으로 채점됨"",""strength"":""약""}]","[""수급(외국인·기관·개인)·심리·과열·영향 시차·요인 중복·가중치는 이 셀에서 검증 자료 없음(실험 기록·시간순 검증에서만 판단)""]","[""자료 오류""]","{""luckySuspect"":false,""reasonableProcess"":true,""luckyNote"":null,""reasonableNote"":""방향은 틀렸지만 실제값이 모형 80% 띠 안 → 판단 과정은 분포 안""}","{""confirmedFacts"":[""출발가 52,900원(2026-09-28) → 실제 52,700원(2026-09-29, 1거래일) -0.38% · 예측 중앙 52,910원 +0.02% · 오차 +0.40%(절대 오차율 0.40%, 허용 1.5%)"",""방향: 예측 상승(47%) · 실제 하락 → 오답 · 80% 띠 담김(폭 3.2%)"",""실제값 정정 이력 4건"",""실제 종가 관측 시각 2026-09-29T10:06:25.000Z(16:00 KST 이후 · 지연 관측)""],""modelInternal"":[""선택 모형의 기대 누적 0.00% = 절편 0.00% + 자기 추세 0.00% + 52종목 폭·평균 0.00% · 실제 -0.38%""],""causeHypotheses"":[""자료 오류""],""unverified"":[""수급(외국인·기관·개인)·심리·과열·영향 시차·요인 중복·가중치는 이 셀에서 검증 자료 없음(실험 기록·시간순 검증에서만 판단)""]}"
analysis-62f63c56ffa1daf5,analysis,2026-09-29,2026-09-29T10:06:25Z,,,"{""forecastId"":""2026-09-28-atlas11-90616c6bc916e8d6"",""modelVersion"":""atlas11-A-1""}",live,,,,,,,,,,,,,,047050,포스코인터내셔널,util,2026-09-28-atlas11-90616c6bc916e8d6,atlas11-A-1,2026-09-28,2026-09-29,1,2,방향 맞고 크기 틀림,true,false,false,4.299536813524287,"{""realizedLog"":-0.04309463946308688,""predictedLog"":-0.0009979043601197348,""errorLog"":0.042096735102967145,""basketCumLog"":null,""beta"":0.9856,""marketPartLog"":null,""residualPartLog"":null,""marketShare"":null,""unexplainedShare"":null}","[""출발가 56,900원(2026-09-28) → 실제 54,500원(2026-09-29, 1거래일) -4.22% · 예측 중앙 56,843원 -0.10% · 오차 +4.30%(절대 오차율 4.30%, 허용 1.5%)"",""방향: 예측 하락(50%) · 실제 하락 → 정답 · 80% 띠 벗어남(폭 7.2%)"",""실제값 정정 이력 1건"",""실제 종가 관측 시각 2026-09-29T10:06:25.000Z(16:00 KST 이후 · 지연 관측)""]","[""선택 모형의 기대 누적 +0.01% = 절편 +0.01% + 자기 추세 -0.13% + 52종목 폭·평균 +0.13% · 실제 -4.22%"",""실제 방향과 반대로 기여한 항: F11 (모형 내부 설명 · 인과 아님)""]","[{""category"":""변동성·범위"",""evidence"":""실제값이 80% 띠 밖(폭 7.2% · 실제 이동 -4.22%)"",""counterEvidence"":""80% 띠는 명목이며 개별 셀의 벗어남은 정상 범위일 수 있음(담김률로 판단)"",""strength"":""중""},{""category"":""자료 오류"",""evidence"":""실제값 정정 1건"",""counterEvidence"":""정정 뒤 값으로 채점됨"",""strength"":""약""}]","[""수급(외국인·기관·개인)·심리·과열·영향 시차·요인 중복·가중치는 이 셀에서 검증 자료 없음(실험 기록·시간순 검증에서만 판단)""]","[""변동성·범위"",""자료 오류""]","{""luckySuspect"":false,""reasonableProcess"":false,""luckyNote"":null,""reasonableNote"":null}","{""confirmedFacts"":[""출발가 56,900원(2026-09-28) → 실제 54,500원(2026-09-29, 1거래일) -4.22% · 예측 중앙 56,843원 -0.10% · 오차 +4.30%(절대 오차율 4.30%, 허용 1.5%)"",""방향: 예측 하락(50%) · 실제 하락 → 정답 · 80% 띠 벗어남(폭 7.2%)"",""실제값 정정 이력 1건"",""실제 종가 관측 시각 2026-09-29T10:06:25.000Z(16:00 KST 이후 · 지연 관측)""],""modelInternal"":[""선택 모형의 기대 누적 +0.01% = 절편 +0.01% + 자기 추세 -0.13% + 52종목 폭·평균 +0.13% · 실제 -4.22%"",""실제 방향과 반대로 기여한 항: F11 (모형 내부 설명 · 인과 아님)""],""causeHypotheses"":[""변동성·범위"",""자료 오류""],""unverified"":[""수급(외국인·기관·개인)·심리·과열·영향 시차·요인 중복·가중치는 이 셀에서 검증 자료 없음(실험 기록·시간순 검증에서만 판단)""]}"
analysis-e16ba08033eeab54,analysis,2026-09-29,2026-09-29T10:06:25Z,,,"{""forecastId"":""2026-09-28-atlas11-90616c6bc916e8d6"",""modelVersion"":""atlas11-A-1""}",live,,,,,,,,,,,,,,003230,삼양식품,cons,2026-09-28-atlas11-90616c6bc916e8d6,atlas11-A-1,2026-09-28,2026-09-29,1,3,크기 허용·방향 틀림,false,true,true,1.0583798144702805,"{""realizedLog"":0.006562779912523582,""predictedLog"":-0.00407742497517411,""errorLog"":-0.010640204887697693,""basketCumLog"":null,""beta"":0.6817,""marketPartLog"":null,""residualPartLog"":null,""marketShare"":null,""unexplainedShare"":null}","[""출발가 1,215,000원(2026-09-28) → 실제 1,223,000원(2026-09-29, 1거래일) +0.66% · 예측 중앙 1,210,056원 -0.41% · 오차 -1.06%(절대 오차율 1.06%, 허용 1.5%)"",""방향: 예측 하락(54%) · 실제 상승 → 오답 · 80% 띠 담김(폭 7.4%)"",""실제값 정정 이력 5건"",""실제 종가 관측 시각 2026-09-29T10:06:25.000Z(16:00 KST 이후 · 지연 관측)""]","[""선택 모형의 기대 누적 0.00% = 절편 0.00% + 자기 추세 0.00% + 52종목 폭·평균 0.00% · 실제 +0.66%""]","[{""category"":""자료 오류"",""evidence"":""실제값 정정 5건"",""counterEvidence"":""정정 뒤 값으로 채점됨"",""strength"":""약""}]","[""수급(외국인·기관·개인)·심리·과열·영향 시차·요인 중복·가중치는 이 셀에서 검증 자료 없음(실험 기록·시간순 검증에서만 판단)""]","[""자료 오류""]","{""luckySuspect"":false,""reasonableProcess"":true,""luckyNote"":null,""reasonableNote"":""방향은 틀렸지만 실제값이 모형 80% 띠 안 → 판단 과정은 분포 안""}","{""confirmedFacts"":[""출발가 1,215,000원(2026-09-28) → 실제 1,223,000원(2026-09-29, 1거래일) +0.66% · 예측 중앙 1,210,056원 -0.41% · 오차 -1.06%(절대 오차율 1.06%, 허용 1.5%)"",""방향: 예측 하락(54%) · 실제 상승 → 오답 · 80% 띠 담김(폭 7.4%)"",""실제값 정정 이력 5건"",""실제 종가 관측 시각 2026-09-29T10:06:25.000Z(16:00 KST 이후 · 지연 관측)""],""modelInternal"":[""선택 모형의 기대 누적 0.00% = 절편 0.00% + 자기 추세 0.00% + 52종목 폭·평균 0.00% · 실제 +0.66%""],""causeHypotheses"":[""자료 오류""],""unverified"":[""수급(외국인·기관·개인)·심리·과열·영향 시차·요인 중복·가중치는 이 셀에서 검증 자료 없음(실험 기록·시간순 검증에서만 판단)""]}"
analysis-4c3e8d7797054372,analysis,2026-09-29,2026-09-29T10:06:25Z,,,"{""forecastId"":""2026-09-28-atlas11-90616c6bc916e8d6"",""modelVersion"":""atlas11-A-1""}",live,,,,,,,,,,,,,,021240,코웨이,cons,2026-09-28-atlas11-90616c6bc916e8d6,atlas11-A-1,2026-09-28,2026-09-29,1,1,방향·크기 모두 맞음,true,true,true,0.8919227092358364,"{""realizedLog"":-0.009891277478742667,""predictedLog"":-0.001011591747358201,""errorLog"":0.008879685731384467,""basketCumLog"":null,""beta"":0.4639,""marketPartLog"":null,""residualPartLog"":null,""marketShare"":null,""unexplainedShare"":null}","[""출발가 101,600원(2026-09-28) → 실제 100,600원(2026-09-29, 1거래일) -0.98% · 예측 중앙 101,497원 -0.10% · 오차 +0.89%(절대 오차율 0.89%, 허용 1.5%)"",""방향: 예측 하락(50%) · 실제 하락 → 정답 · 80% 띠 담김(폭 5.8%)"",""실제값 정정 이력 3건"",""실제 종가 관측 시각 2026-09-29T10:06:25.000Z(16:00 KST 이후 · 지연 관측)""]","[""선택 모형의 기대 누적 +0.05% = 절편 +0.07% + 자기 추세 -0.02% + 52종목 폭·평균 +0.00% · 실제 -0.98%"",""실제 방향과 반대로 기여한 항: F11 (모형 내부 설명 · 인과 아님)""]",[],"[""수급(외국인·기관·개인)·심리·과열·영향 시차·요인 중복·가중치는 이 셀에서 검증 자료 없음(실험 기록·시간순 검증에서만 판단)""]",[],"{""luckySuspect"":false,""reasonableProcess"":false,""luckyNote"":null,""reasonableNote"":null}","{""confirmedFacts"":[""출발가 101,600원(2026-09-28) → 실제 100,600원(2026-09-29, 1거래일) -0.98% · 예측 중앙 101,497원 -0.10% · 오차 +0.89%(절대 오차율 0.89%, 허용 1.5%)"",""방향: 예측 하락(50%) · 실제 하락 → 정답 · 80% 띠 담김(폭 5.8%)"",""실제값 정정 이력 3건"",""실제 종가 관측 시각 2026-09-29T10:06:25.000Z(16:00 KST 이후 · 지연 관측)""],""modelInternal"":[""선택 모형의 기대 누적 +0.05% = 절편 +0.07% + 자기 추세 -0.02% + 52종목 폭·평균 +0.00% · 실제 -0.98%"",""실제 방향과 반대로 기여한 항: F11 (모형 내부 설명 · 인과 아님)""],""causeHypotheses"":[],""unverified"":[""수급(외국인·기관·개인)·심리·과열·영향 시차·요인 중복·가중치는 이 셀에서 검증 자료 없음(실험 기록·시간순 검증에서만 판단)""]}"
analysis-096be68cd4e554ae,analysis,2026-09-29,2026-09-29T10:06:25Z,,,"{""forecastId"":""2026-09-28-atlas11-90616c6bc916e8d6"",""modelVersion"":""atlas11-A-1""}",live,,,,,,,,,,,,,,352820,하이브,net,2026-09-28-atlas11-90616c6bc916e8d6,atlas11-A-1,2026-09-28,2026-09-29,1,2,방향 맞고 크기 틀림,true,false,true,1.8638619424465448,"{""realizedLog"":-0.018703787140919095,""predictedLog"":-0.00023673817130389073,""errorLog"":0.018467048969615204,""basketCumLog"":null,""beta"":0.9397,""marketPartLog"":null,""residualPartLog"":null,""marketShare"":null,""unexplainedShare"":null}","[""출발가 161,900원(2026-09-28) → 실제 158,900원(2026-09-29, 1거래일) -1.85% · 예측 중앙 161,862원 -0.02% · 오차 +1.86%(절대 오차율 1.86%, 허용 1.5%)"",""방향: 예측 하락(49%) · 실제 하락 → 정답 · 80% 띠 담김(폭 6.1%)"",""실제값 정정 이력 2건"",""실제 종가 관측 시각 2026-09-29T10:06:25.000Z(16:00 KST 이후 · 지연 관측)""]","[""선택 모형의 기대 누적 0.00% = 절편 0.00% + 자기 추세 0.00% + 52종목 폭·평균 0.00% · 실제 -1.85%""]","[{""category"":""자료 오류"",""evidence"":""실제값 정정 2건"",""counterEvidence"":""정정 뒤 값으로 채점됨"",""strength"":""약""}]","[""수급(외국인·기관·개인)·심리·과열·영향 시차·요인 중복·가중치는 이 셀에서 검증 자료 없음(실험 기록·시간순 검증에서만 판단)""]","[""자료 오류""]","{""luckySuspect"":false,""reasonableProcess"":false,""luckyNote"":null,""reasonableNote"":null}","{""confirmedFacts"":[""출발가 161,900원(2026-09-28) → 실제 158,900원(2026-09-29, 1거래일) -1.85% · 예측 중앙 161,862원 -0.02% · 오차 +1.86%(절대 오차율 1.86%, 허용 1.5%)"",""방향: 예측 하락(49%) · 실제 하락 → 정답 · 80% 띠 담김(폭 6.1%)"",""실제값 정정 이력 2건"",""실제 종가 관측 시각 2026-09-29T10:06:25.000Z(16:00 KST 이후 · 지연 관측)""],""modelInternal"":[""선택 모형의 기대 누적 0.00% = 절편 0.00% + 자기 추세 0.00% + 52종목 폭·평균 0.00% · 실제 -1.85%""],""causeHypotheses"":[""자료 오류""],""unverified"":[""수급(외국인·기관·개인)·심리·과열·영향 시차·요인 중복·가중치는 이 셀에서 검증 자료 없음(실험 기록·시간순 검증에서만 판단)""]}"
analysis-21dedc24e2fdd8f7,analysis,2026-09-29,2026-09-29T10:06:25Z,,,"{""forecastId"":""2026-09-28-atlas11-90616c6bc916e8d6"",""modelVersion"":""atlas11-A-1""}",live,,,,,,,,,,,,,,029780,삼성카드,fin,2026-09-28-atlas11-90616c6bc916e8d6,atlas11-A-1,2026-09-28,2026-09-29,1,4,방향·크기 모두 틀림,false,false,false,2.0847033053645534,"{""realizedLog"":-0.02097979046919452,""predictedLog"":-0.0003470832223247104,""errorLog"":0.020632707246869813,""basketCumLog"":null,""beta"":0.3975,""marketPartLog"":null,""residualPartLog"":null,""marketShare"":null,""unexplainedShare"":null}","[""출발가 43,350원(2026-09-28) → 실제 42,450원(2026-09-29, 1거래일) -2.08% · 예측 중앙 43,335원 -0.03% · 오차 +2.08%(절대 오차율 2.08%, 허용 1.5%)"",""방향: 예측 상승(47%) · 실제 하락 → 오답 · 80% 띠 벗어남(폭 3.4%)"",""실제값 정정 이력 4건"",""실제 종가 관측 시각 2026-09-29T10:06:25.000Z(16:00 KST 이후 · 지연 관측)""]","[""선택 모형의 기대 누적 0.00% = 절편 0.00% + 자기 추세 0.00% + 52종목 폭·평균 0.00% · 실제 -2.08%""]","[{""category"":""변동성·범위"",""evidence"":""실제값이 80% 띠 밖(폭 3.4% · 실제 이동 -2.08%)"",""counterEvidence"":""80% 띠는 명목이며 개별 셀의 벗어남은 정상 범위일 수 있음(담김률로 판단)"",""strength"":""중""},{""category"":""자료 오류"",""evidence"":""실제값 정정 4건"",""counterEvidence"":""정정 뒤 값으로 채점됨"",""strength"":""약""}]","[""수급(외국인·기관·개인)·심리·과열·영향 시차·요인 중복·가중치는 이 셀에서 검증 자료 없음(실험 기록·시간순 검증에서만 판단)""]","[""변동성·범위"",""자료 오류""]","{""luckySuspect"":false,""reasonableProcess"":false,""luckyNote"":null,""reasonableNote"":null}","{""confirmedFacts"":[""출발가 43,350원(2026-09-28) → 실제 42,450원(2026-09-29, 1거래일) -2.08% · 예측 중앙 43,335원 -0.03% · 오차 +2.08%(절대 오차율 2.08%, 허용 1.5%)"",""방향: 예측 상승(47%) · 실제 하락 → 오답 · 80% 띠 벗어남(폭 3.4%)"",""실제값 정정 이력 4건"",""실제 종가 관측 시각 2026-09-29T10:06:25.000Z(16:00 KST 이후 · 지연 관측)""],""modelInternal"":[""선택 모형의 기대 누적 0.00% = 절편 0.00% + 자기 추세 0.00% + 52종목 폭·평균 0.00% · 실제 -2.08%""],""causeHypotheses"":[""변동성·범위"",""자료 오류""],""unverified"":[""수급(외국인·기관·개인)·심리·과열·영향 시차·요인 중복·가중치는 이 셀에서 검증 자료 없음(실험 기록·시간순 검증에서만 판단)""]}"
analysis-315325631a885b78,analysis,2026-09-29,2026-09-29T10:06:25Z,,,"{""forecastId"":""2026-09-28-atlas11-90616c6bc916e8d6"",""modelVersion"":""atlas11-A-1""}",live,,,,,,,,,,,,,,002380,KCC,chem,2026-09-28-atlas11-90616c6bc916e8d6,atlas11-A-1,2026-09-28,2026-09-29,1,2,방향 맞고 크기 틀림,true,false,true,1.729215519481525,"{""realizedLog"":-0.01786700182842442,""predictedLog"":-0.0007226544385912116,""errorLog"":0.017144347389833208,""basketCumLog"":null,""beta"":1.4171,""marketPartLog"":null,""residualPartLog"":null,""marketShare"":null,""unexplainedShare"":null}","[""출발가 480,000원(2026-09-28) → 실제 471,500원(2026-09-29, 1거래일) -1.77% · 예측 중앙 479,653원 -0.07% · 오차 +1.73%(절대 오차율 1.73%, 허용 1.5%)"",""방향: 예측 하락(48%) · 실제 하락 → 정답 · 80% 띠 담김(폭 5.7%)"",""실제값 정정 이력 3건"",""실제 종가 관측 시각 2026-09-29T10:06:25.000Z(16:00 KST 이후 · 지연 관측)""]","[""선택 모형의 기대 누적 0.00% = 절편 0.00% + 자기 추세 0.00% + 52종목 폭·평균 0.00% · 실제 -1.77%""]","[{""category"":""자료 오류"",""evidence"":""실제값 정정 3건"",""counterEvidence"":""정정 뒤 값으로 채점됨"",""strength"":""약""}]","[""수급(외국인·기관·개인)·심리·과열·영향 시차·요인 중복·가중치는 이 셀에서 검증 자료 없음(실험 기록·시간순 검증에서만 판단)""]","[""자료 오류""]","{""luckySuspect"":false,""reasonableProcess"":false,""luckyNote"":null,""reasonableNote"":null}","{""confirmedFacts"":[""출발가 480,000원(2026-09-28) → 실제 471,500원(2026-09-29, 1거래일) -1.77% · 예측 중앙 479,653원 -0.07% · 오차 +1.73%(절대 오차율 1.73%, 허용 1.5%)"",""방향: 예측 하락(48%) · 실제 하락 → 정답 · 80% 띠 담김(폭 5.7%)"",""실제값 정정 이력 3건"",""실제 종가 관측 시각 2026-09-29T10:06:25.000Z(16:00 KST 이후 · 지연 관측)""],""modelInternal"":[""선택 모형의 기대 누적 0.00% = 절편 0.00% + 자기 추세 0.00% + 52종목 폭·평균 0.00% · 실제 -1.77%""],""causeHypotheses"":[""자료 오류""],""unverified"":[""수급(외국인·기관·개인)·심리·과열·영향 시차·요인 중복·가중치는 이 셀에서 검증 자료 없음(실험 기록·시간순 검증에서만 판단)""]}"
analysis-fe2fcacda4da65bd,analysis,2026-09-29,2026-09-29T10:06:25Z,,,"{""forecastId"":""2026-09-28-atlas11-90616c6bc916e8d6"",""modelVersion"":""atlas11-A-1""}",live,,,,,,,,,,,,,,004170,신세계,cons,2026-09-28-atlas11-90616c6bc916e8d6,atlas11-A-1,2026-09-28,2026-09-29,1,2,방향 맞고 크기 틀림,true,false,true,1.5806939362459773,"{""realizedLog"":-0.01614121617938525,""predictedLog"":-0.00045790539178172505,""errorLog"":0.015683310787603523,""basketCumLog"":null,""beta"":0.9942,""marketPartLog"":null,""residualPartLog"":null,""marketShare"":null,""unexplainedShare"":null}","[""출발가 343,500원(2026-09-28) → 실제 338,000원(2026-09-29, 1거래일) -1.60% · 예측 중앙 343,343원 -0.05% · 오차 +1.58%(절대 오차율 1.58%, 허용 1.5%)"",""방향: 예측 하락(49%) · 실제 하락 → 정답 · 80% 띠 담김(폭 8.1%)"",""실제값 정정 이력 5건"",""실제 종가 관측 시각 2026-09-29T10:06:25.000Z(16:00 KST 이후 · 지연 관측)""]","[""선택 모형의 기대 누적 +0.14% = 절편 +0.12% + 자기 추세 +0.01% + 52종목 폭·평균 +0.01% · 실제 -1.60%"",""실제 방향과 반대로 기여한 항: F35, F11 (모형 내부 설명 · 인과 아님)""]","[{""category"":""자료 오류"",""evidence"":""실제값 정정 5건"",""counterEvidence"":""정정 뒤 값으로 채점됨"",""strength"":""약""}]","[""수급(외국인·기관·개인)·심리·과열·영향 시차·요인 중복·가중치는 이 셀에서 검증 자료 없음(실험 기록·시간순 검증에서만 판단)""]","[""자료 오류""]","{""luckySuspect"":false,""reasonableProcess"":false,""luckyNote"":null,""reasonableNote"":null}","{""confirmedFacts"":[""출발가 343,500원(2026-09-28) → 실제 338,000원(2026-09-29, 1거래일) -1.60% · 예측 중앙 343,343원 -0.05% · 오차 +1.58%(절대 오차율 1.58%, 허용 1.5%)"",""방향: 예측 하락(49%) · 실제 하락 → 정답 · 80% 띠 담김(폭 8.1%)"",""실제값 정정 이력 5건"",""실제 종가 관측 시각 2026-09-29T10:06:25.000Z(16:00 KST 이후 · 지연 관측)""],""modelInternal"":[""선택 모형의 기대 누적 +0.14% = 절편 +0.12% + 자기 추세 +0.01% + 52종목 폭·평균 +0.01% · 실제 -1.60%"",""실제 방향과 반대로 기여한 항: F35, F11 (모형 내부 설명 · 인과 아님)""],""causeHypotheses"":[""자료 오류""],""unverified"":[""수급(외국인·기관·개인)·심리·과열·영향 시차·요인 중복·가중치는 이 셀에서 검증 자료 없음(실험 기록·시간순 검증에서만 판단)""]}"
analysis-b17967d96b4afbaa,analysis,2026-09-29,2026-09-29T10:06:25Z,,,"{""forecastId"":""2026-09-28-atlas11-90616c6bc916e8d6"",""modelVersion"":""atlas11-A-1""}",live,,,,,,,,,,,,,,012750,에스원,util,2026-09-28-atlas11-90616c6bc916e8d6,atlas11-A-1,2026-09-28,2026-09-29,1,1,방향·크기 모두 맞음,true,true,true,0.7478260793164844,"{""realizedLog"":-0.00722894714315143,""predictedLog"":0.0002214900862432742,""errorLog"":0.0074504372293947045,""basketCumLog"":null,""beta"":0.3469,""marketPartLog"":null,""residualPartLog"":null,""marketShare"":null,""unexplainedShare"":null}","[""출발가 83,300원(2026-09-28) → 실제 82,700원(2026-09-29, 1거래일) -0.72% · 예측 중앙 83,318원 +0.02% · 오차 +0.75%(절대 오차율 0.75%, 허용 1.5%)"",""방향: 예측 하락(48%) · 실제 하락 → 정답 · 80% 띠 담김(폭 5.1%)"",""실제값 정정 이력 4건"",""실제 종가 관측 시각 2026-09-29T10:06:25.000Z(16:00 KST 이후 · 지연 관측)""]","[""선택 모형의 기대 누적 0.00% = 절편 0.00% + 자기 추세 0.00% + 52종목 폭·평균 0.00% · 실제 -0.72%""]",[],"[""수급(외국인·기관·개인)·심리·과열·영향 시차·요인 중복·가중치는 이 셀에서 검증 자료 없음(실험 기록·시간순 검증에서만 판단)""]",[],"{""luckySuspect"":false,""reasonableProcess"":false,""luckyNote"":null,""reasonableNote"":null}","{""confirmedFacts"":[""출발가 83,300원(2026-09-28) → 실제 82,700원(2026-09-29, 1거래일) -0.72% · 예측 중앙 83,318원 +0.02% · 오차 +0.75%(절대 오차율 0.75%, 허용 1.5%)"",""방향: 예측 하락(48%) · 실제 하락 → 정답 · 80% 띠 담김(폭 5.1%)"",""실제값 정정 이력 4건"",""실제 종가 관측 시각 2026-09-29T10:06:25.000Z(16:00 KST 이후 · 지연 관측)""],""modelInternal"":[""선택 모형의 기대 누적 0.00% = 절편 0.00% + 자기 추세 0.00% + 52종목 폭·평균 0.00% · 실제 -0.72%""],""causeHypotheses"":[],""unverified"":[""수급(외국인·기관·개인)·심리·과열·영향 시차·요인 중복·가중치는 이 셀에서 검증 자료 없음(실험 기록·시간순 검증에서만 판단)""]}"
analysis-b7cadb1d29931f28,analysis,2026-09-29,2026-09-29T10:06:25Z,,,"{""forecastId"":""2026-09-28-atlas11-90616c6bc916e8d6"",""modelVersion"":""atlas11-A-1""}",live,,,,,,,,,,,,,,226950,올릭스,bio,2026-09-28-atlas11-90616c6bc916e8d6,atlas11-A-1,2026-09-28,2026-09-29,1,1,방향·크기 모두 맞음,true,true,true,1.1922519628425048,"{""realizedLog"":-0.015444322427473631,""predictedLog"":-0.003592316125182199,""errorLog"":0.011852006302291431,""basketCumLog"":null,""beta"":1.3719,""marketPartLog"":null,""residualPartLog"":null,""marketShare"":null,""unexplainedShare"":null}","[""출발가 104,400원(2026-09-28) → 실제 102,800원(2026-09-29, 1거래일) -1.53% · 예측 중앙 104,026원 -0.36% · 오차 +1.19%(절대 오차율 1.19%, 허용 1.5%)"",""방향: 예측 하락(54%) · 실제 하락 → 정답 · 80% 띠 담김(폭 14.1%)"",""실제값 정정 이력 4건"",""실제 종가 관측 시각 2026-09-29T10:06:25.000Z(16:00 KST 이후 · 지연 관측)""]","[""선택 모형의 기대 누적 0.00% = 절편 0.00% + 자기 추세 0.00% + 52종목 폭·평균 0.00% · 실제 -1.53%""]",[],"[""수급(외국인·기관·개인)·심리·과열·영향 시차·요인 중복·가중치는 이 셀에서 검증 자료 없음(실험 기록·시간순 검증에서만 판단)""]",[],"{""luckySuspect"":false,""reasonableProcess"":false,""luckyNote"":null,""reasonableNote"":null}","{""confirmedFacts"":[""출발가 104,400원(2026-09-28) → 실제 102,800원(2026-09-29, 1거래일) -1.53% · 예측 중앙 104,026원 -0.36% · 오차 +1.19%(절대 오차율 1.19%, 허용 1.5%)"",""방향: 예측 하락(54%) · 실제 하락 → 정답 · 80% 띠 담김(폭 14.1%)"",""실제값 정정 이력 4건"",""실제 종가 관측 시각 2026-09-29T10:06:25.000Z(16:00 KST 이후 · 지연 관측)""],""modelInternal"":[""선택 모형의 기대 누적 0.00% = 절편 0.00% + 자기 추세 0.00% + 52종목 폭·평균 0.00% · 실제 -1.53%""],""causeHypotheses"":[],""unverified"":[""수급(외국인·기관·개인)·심리·과열·영향 시차·요인 중복·가중치는 이 셀에서 검증 자료 없음(실험 기록·시간순 검증에서만 판단)""]}"
analysis-3749a1a1044e42cd,analysis,2026-09-29,2026-09-29T10:06:25Z,,,"{""forecastId"":""2026-09-28-atlas11-90616c6bc916e8d6"",""modelVersion"":""atlas11-A-1""}",live,,,,,,,,,,,,,,030000,제일기획,net,2026-09-28-atlas11-90616c6bc916e8d6,atlas11-A-1,2026-09-28,2026-09-29,1,3,크기 허용·방향 틀림,false,true,true,0.0220454225268415,"{""realizedLog"":0.0005613247410929414,""predictedLog"":0.00034084621221981194,""errorLog"":-0.0002204785288731295,""basketCumLog"":null,""beta"":0.3386,""marketPartLog"":null,""residualPartLog"":null,""marketShare"":null,""unexplainedShare"":null}","[""출발가 17,810원(2026-09-28) → 실제 17,820원(2026-09-29, 1거래일) +0.06% · 예측 중앙 17,816원 +0.03% · 오차 -0.02%(절대 오차율 0.02%, 허용 1.5%)"",""방향: 예측 상승(48%) · 실제 보합 → 오답 · 80% 띠 담김(폭 3.2%)"",""실제값 정정 이력 4건"",""실제 종가 관측 시각 2026-09-29T10:06:25.000Z(16:00 KST 이후 · 지연 관측)""]","[""선택 모형의 기대 누적 0.00% = 절편 0.00% + 자기 추세 0.00% + 52종목 폭·평균 0.00% · 실제 +0.06%""]","[{""category"":""자료 오류"",""evidence"":""실제값 정정 4건"",""counterEvidence"":""정정 뒤 값으로 채점됨"",""strength"":""약""}]","[""수급(외국인·기관·개인)·심리·과열·영향 시차·요인 중복·가중치는 이 셀에서 검증 자료 없음(실험 기록·시간순 검증에서만 판단)""]","[""자료 오류""]","{""luckySuspect"":false,""reasonableProcess"":true,""luckyNote"":null,""reasonableNote"":""방향은 틀렸지만 실제값이 모형 80% 띠 안 → 판단 과정은 분포 안""}","{""confirmedFacts"":[""출발가 17,810원(2026-09-28) → 실제 17,820원(2026-09-29, 1거래일) +0.06% · 예측 중앙 17,816원 +0.03% · 오차 -0.02%(절대 오차율 0.02%, 허용 1.5%)"",""방향: 예측 상승(48%) · 실제 보합 → 오답 · 80% 띠 담김(폭 3.2%)"",""실제값 정정 이력 4건"",""실제 종가 관측 시각 2026-09-29T10:06:25.000Z(16:00 KST 이후 · 지연 관측)""],""modelInternal"":[""선택 모형의 기대 누적 0.00% = 절편 0.00% + 자기 추세 0.00% + 52종목 폭·평균 0.00% · 실제 +0.06%""],""causeHypotheses"":[""자료 오류""],""unverified"":[""수급(외국인·기관·개인)·심리·과열·영향 시차·요인 중복·가중치는 이 셀에서 검증 자료 없음(실험 기록·시간순 검증에서만 판단)""]}"
analysis-5bfb8296be8610cb,analysis,2026-09-29,2026-09-29T10:06:25Z,,,"{""forecastId"":""2026-09-28-atlas11-27e1f65cfc167be9"",""modelVersion"":""atlas11-A-1""}",live,,,,,,,,,,,,,,105560,KB금융,fin,2026-09-28-atlas11-27e1f65cfc167be9,atlas11-A-1,2026-09-28,2026-09-29,1,3,크기 허용·방향 틀림,false,true,true,0.8015937016362945,"{""realizedLog"":-0.0063346022362388964,""predictedLog"":0.0016493778200589975,""errorLog"":0.007983980056297893,""basketCumLog"":null,""beta"":0.7869,""marketPartLog"":null,""residualPartLog"":null,""marketShare"":null,""unexplainedShare"":null}","[""출발가 174,200원(2026-09-28) → 실제 173,100원(2026-09-29, 1거래일) -0.63% · 예측 중앙 174,488원 +0.17% · 오차 +0.80%(절대 오차율 0.80%, 허용 1.5%)"",""방향: 예측 상승(52%) · 실제 하락 → 오답 · 80% 띠 담김(폭 4.7%)"",""실제값 정정 이력 3건"",""실제 종가 관측 시각 2026-09-29T10:06:25.000Z(16:00 KST 이후 · 지연 관측)""]","[""선택 모형의 기대 누적 +0.19% = 절편 +0.09% + 자기 추세 +0.02% + 52종목 폭·평균 +0.07% · 실제 -0.63%"",""실제 방향과 반대로 기여한 항: F35, F11 (모형 내부 설명 · 인과 아님)""]","[{""category"":""자료 오류"",""evidence"":""실제값 정정 3건"",""counterEvidence"":""정정 뒤 값으로 채점됨"",""strength"":""약""}]","[""수급(외국인·기관·개인)·심리·과열·영향 시차·요인 중복·가중치는 이 셀에서 검증 자료 없음(실험 기록·시간순 검증에서만 판단)""]","[""자료 오류""]","{""luckySuspect"":false,""reasonableProcess"":true,""luckyNote"":null,""reasonableNote"":""방향은 틀렸지만 실제값이 모형 80% 띠 안 → 판단 과정은 분포 안""}","{""confirmedFacts"":[""출발가 174,200원(2026-09-28) → 실제 173,100원(2026-09-29, 1거래일) -0.63% · 예측 중앙 174,488원 +0.17% · 오차 +0.80%(절대 오차율 0.80%, 허용 1.5%)"",""방향: 예측 상승(52%) · 실제 하락 → 오답 · 80% 띠 담김(폭 4.7%)"",""실제값 정정 이력 3건"",""실제 종가 관측 시각 2026-09-29T10:06:25.000Z(16:00 KST 이후 · 지연 관측)""],""modelInternal"":[""선택 모형의 기대 누적 +0.19% = 절편 +0.09% + 자기 추세 +0.02% + 52종목 폭·평균 +0.07% · 실제 -0.63%"",""실제 방향과 반대로 기여한 항: F35, F11 (모형 내부 설명 · 인과 아님)""],""causeHypotheses"":[""자료 오류""],""unverified"":[""수급(외국인·기관·개인)·심리·과열·영향 시차·요인 중복·가중치는 이 셀에서 검증 자료 없음(실험 기록·시간순 검증에서만 판단)""]}"
analysis-45b63596e46a7312,analysis,2026-09-29,2026-09-29T10:06:25Z,,,"{""forecastId"":""2026-09-28-atlas11-27e1f65cfc167be9"",""modelVersion"":""atlas11-A-1""}",live,,,,,,,,,,,,,,032830,삼성생명보험,fin,2026-09-28-atlas11-27e1f65cfc167be9,atlas11-A-1,2026-09-28,2026-09-29,1,2,방향 맞고 크기 틀림,true,false,true,1.9838929345089227,"{""realizedLog"":-0.020478531343540676,""predictedLog"":-0.000833828923613086,""errorLog"":0.01964470241992759,""basketCumLog"":null,""beta"":1.2564,""marketPartLog"":null,""residualPartLog"":null,""marketShare"":null,""unexplainedShare"":null}","[""출발가 296,000원(2026-09-28) → 실제 290,000원(2026-09-29, 1거래일) -2.03% · 예측 중앙 295,753원 -0.08% · 오차 +1.98%(절대 오차율 1.98%, 허용 1.5%)"",""방향: 예측 하락(50%) · 실제 하락 → 정답 · 80% 띠 담김(폭 6.0%)"",""실제값 정정 이력 5건"",""실제 종가 관측 시각 2026-09-29T10:06:25.000Z(16:00 KST 이후 · 지연 관측)""]","[""선택 모형의 기대 누적 +0.11% = 절편 +0.15% + 자기 추세 -0.04% + 52종목 폭·평균 -0.00% · 실제 -2.03%""]","[{""category"":""자료 오류"",""evidence"":""실제값 정정 5건"",""counterEvidence"":""정정 뒤 값으로 채점됨"",""strength"":""약""}]","[""수급(외국인·기관·개인)·심리·과열·영향 시차·요인 중복·가중치는 이 셀에서 검증 자료 없음(실험 기록·시간순 검증에서만 판단)""]","[""자료 오류""]","{""luckySuspect"":false,""reasonableProcess"":false,""luckyNote"":null,""reasonableNote"":null}","{""confirmedFacts"":[""출발가 296,000원(2026-09-28) → 실제 290,000원(2026-09-29, 1거래일) -2.03% · 예측 중앙 295,753원 -0.08% · 오차 +1.98%(절대 오차율 1.98%, 허용 1.5%)"",""방향: 예측 하락(50%) · 실제 하락 → 정답 · 80% 띠 담김(폭 6.0%)"",""실제값 정정 이력 5건"",""실제 종가 관측 시각 2026-09-29T10:06:25.000Z(16:00 KST 이후 · 지연 관측)""],""modelInternal"":[""선택 모형의 기대 누적 +0.11% = 절편 +0.15% + 자기 추세 -0.04% + 52종목 폭·평균 -0.00% · 실제 -2.03%""],""causeHypotheses"":[""자료 오류""],""unverified"":[""수급(외국인·기관·개인)·심리·과열·영향 시차·요인 중복·가중치는 이 셀에서 검증 자료 없음(실험 기록·시간순 검증에서만 판단)""]}"
analysis-a2b6a5f5729124d6,analysis,2026-09-29,2026-09-29T10:06:25Z,,,"{""forecastId"":""2026-09-28-atlas11-27e1f65cfc167be9"",""modelVersion"":""atlas11-A-1""}",live,,,,,,,,,,,,,,012450,한화에어로스페이스,heavy,2026-09-28-atlas11-27e1f65cfc167be9,atlas11-A-1,2026-09-28,2026-09-29,1,2,방향 맞고 크기 틀림,true,false,true,1.7215220809626464,"{""realizedLog"":-0.019531870917245956,""predictedLog"":-0.0024631530248850017,""errorLog"":0.017068717892360953,""basketCumLog"":null,""beta"":0.8212,""marketPartLog"":null,""residualPartLog"":null,""marketShare"":null,""unexplainedShare"":null}","[""출발가 1,034,000원(2026-09-28) → 실제 1,014,000원(2026-09-29, 1거래일) -1.93% · 예측 중앙 1,031,456원 -0.25% · 오차 +1.72%(절대 오차율 1.72%, 허용 1.5%)"",""방향: 예측 하락(53%) · 실제 하락 → 정답 · 80% 띠 담김(폭 9.8%)"",""기간 안 확인된 일정 1건(기업 1 · 중요 1): 한화에어로스페이스 기업설명회 · 코리아 프리미엄 위크 — 수치 영향은 미산출"",""실제값 정정 이력 2건"",""실제 종가 관측 시각 2026-09-29T10:06:25.000Z(16:00 KST 이후 · 지연 관측)""]","[""선택 모형의 기대 누적 0.00% = 절편 0.00% + 자기 추세 0.00% + 52종목 폭·평균 0.00% · 실제 -1.93%""]","[{""category"":""기업 사건"",""evidence"":""기간 안 기업 일정 한화에어로스페이스 기업설명회 · 코리아 프리미엄 위크"",""counterEvidence"":""일정 확인만 · 결과·가격 반응·수치 영향 미산출 → 인과 단정 불가"",""strength"":""약""},{""category"":""자료 오류"",""evidence"":""실제값 정정 2건"",""counterEvidence"":""정정 뒤 값으로 채점됨"",""strength"":""약""}]","[""수급(외국인·기관·개인)·심리·과열·영향 시차·요인 중복·가중치는 이 셀에서 검증 자료 없음(실험 기록·시간순 검증에서만 판단)""]","[""기업 사건"",""자료 오류""]","{""luckySuspect"":false,""reasonableProcess"":false,""luckyNote"":null,""reasonableNote"":null}","{""confirmedFacts"":[""출발가 1,034,000원(2026-09-28) → 실제 1,014,000원(2026-09-29, 1거래일) -1.93% · 예측 중앙 1,031,456원 -0.25% · 오차 +1.72%(절대 오차율 1.72%, 허용 1.5%)"",""방향: 예측 하락(53%) · 실제 하락 → 정답 · 80% 띠 담김(폭 9.8%)"",""기간 안 확인된 일정 1건(기업 1 · 중요 1): 한화에어로스페이스 기업설명회 · 코리아 프리미엄 위크 — 수치 영향은 미산출"",""실제값 정정 이력 2건"",""실제 종가 관측 시각 2026-09-29T10:06:25.000Z(16:00 KST 이후 · 지연 관측)""],""modelInternal"":[""선택 모형의 기대 누적 0.00% = 절편 0.00% + 자기 추세 0.00% + 52종목 폭·평균 0.00% · 실제 -1.93%""],""causeHypotheses"":[""기업 사건"",""자료 오류""],""unverified"":[""수급(외국인·기관·개인)·심리·과열·영향 시차·요인 중복·가중치는 이 셀에서 검증 자료 없음(실험 기록·시간순 검증에서만 판단)""]}"
analysis-9226926d8c85392c,analysis,2026-09-29,2026-09-29T10:06:25Z,,,"{""forecastId"":""2026-09-28-atlas11-27e1f65cfc167be9"",""modelVersion"":""atlas11-A-1""}",live,,,,,,,,,,,,,,010120,LS ELECTRIC,heavy,2026-09-28-atlas11-27e1f65cfc167be9,atlas11-A-1,2026-09-28,2026-09-29,1,3,크기 허용·방향 틀림,false,true,true,0.8201876095681787,"{""realizedLog"":0.004878058453432773,""predictedLog"":-0.003357638082317816,""errorLog"":-0.008235696535750589,""basketCumLog"":null,""beta"":1.6948,""marketPartLog"":null,""residualPartLog"":null,""marketShare"":null,""unexplainedShare"":null}","[""출발가 204,500원(2026-09-28) → 실제 205,500원(2026-09-29, 1거래일) +0.49% · 예측 중앙 203,815원 -0.34% · 오차 -0.82%(절대 오차율 0.82%, 허용 1.5%)"",""방향: 예측 하락(53%) · 실제 상승 → 오답 · 80% 띠 담김(폭 9.6%)"",""실제값 정정 이력 3건"",""실제 종가 관측 시각 2026-09-29T10:06:25.000Z(16:00 KST 이후 · 지연 관측)""]","[""선택 모형의 기대 누적 0.00% = 절편 0.00% + 자기 추세 0.00% + 52종목 폭·평균 0.00% · 실제 +0.49%""]","[{""category"":""자료 오류"",""evidence"":""실제값 정정 3건"",""counterEvidence"":""정정 뒤 값으로 채점됨"",""strength"":""약""}]","[""수급(외국인·기관·개인)·심리·과열·영향 시차·요인 중복·가중치는 이 셀에서 검증 자료 없음(실험 기록·시간순 검증에서만 판단)""]","[""자료 오류""]","{""luckySuspect"":false,""reasonableProcess"":true,""luckyNote"":null,""reasonableNote"":""방향은 틀렸지만 실제값이 모형 80% 띠 안 → 판단 과정은 분포 안""}","{""confirmedFacts"":[""출발가 204,500원(2026-09-28) → 실제 205,500원(2026-09-29, 1거래일) +0.49% · 예측 중앙 203,815원 -0.34% · 오차 -0.82%(절대 오차율 0.82%, 허용 1.5%)"",""방향: 예측 하락(53%) · 실제 상승 → 오답 · 80% 띠 담김(폭 9.6%)"",""실제값 정정 이력 3건"",""실제 종가 관측 시각 2026-09-29T10:06:25.000Z(16:00 KST 이후 · 지연 관측)""],""modelInternal"":[""선택 모형의 기대 누적 0.00% = 절편 0.00% + 자기 추세 0.00% + 52종목 폭·평균 0.00% · 실제 +0.49%""],""causeHypotheses"":[""자료 오류""],""unverified"":[""수급(외국인·기관·개인)·심리·과열·영향 시차·요인 중복·가중치는 이 셀에서 검증 자료 없음(실험 기록·시간순 검증에서만 판단)""]}"
analysis-a99426194e692396,analysis,2026-09-29,2026-09-29T10:06:25Z,,,"{""forecastId"":""2026-09-28-atlas11-27e1f65cfc167be9"",""modelVersion"":""atlas11-A-1""}",live,,,,,,,,,,,,,,000810,삼성화재,fin,2026-09-28-atlas11-27e1f65cfc167be9,atlas11-A-1,2026-09-28,2026-09-29,1,1,방향·크기 모두 맞음,true,true,true,1.354367046040367,"{""realizedLog"":-0.015244197643117081,""predictedLog"":-0.0017914228993783391,""errorLog"":0.013452774743738741,""basketCumLog"":null,""beta"":0.8304,""marketPartLog"":null,""residualPartLog"":null,""marketShare"":null,""unexplainedShare"":null}","[""출발가 661,000원(2026-09-28) → 실제 651,000원(2026-09-29, 1거래일) -1.51% · 예측 중앙 659,817원 -0.18% · 오차 +1.35%(절대 오차율 1.35%, 허용 1.5%)"",""방향: 예측 하락(52%) · 실제 하락 → 정답 · 80% 띠 담김(폭 5.3%)"",""실제값 정정 이력 4건"",""실제 종가 관측 시각 2026-09-29T10:06:25.000Z(16:00 KST 이후 · 지연 관측)""]","[""선택 모형의 기대 누적 0.00% = 절편 0.00% + 자기 추세 0.00% + 52종목 폭·평균 0.00% · 실제 -1.51%""]",[],"[""수급(외국인·기관·개인)·심리·과열·영향 시차·요인 중복·가중치는 이 셀에서 검증 자료 없음(실험 기록·시간순 검증에서만 판단)""]",[],"{""luckySuspect"":false,""reasonableProcess"":false,""luckyNote"":null,""reasonableNote"":null}","{""confirmedFacts"":[""출발가 661,000원(2026-09-28) → 실제 651,000원(2026-09-29, 1거래일) -1.51% · 예측 중앙 659,817원 -0.18% · 오차 +1.35%(절대 오차율 1.35%, 허용 1.5%)"",""방향: 예측 하락(52%) · 실제 하락 → 정답 · 80% 띠 담김(폭 5.3%)"",""실제값 정정 이력 4건"",""실제 종가 관측 시각 2026-09-29T10:06:25.000Z(16:00 KST 이후 · 지연 관측)""],""modelInternal"":[""선택 모형의 기대 누적 0.00% = 절편 0.00% + 자기 추세 0.00% + 52종목 폭·평균 0.00% · 실제 -1.51%""],""causeHypotheses"":[],""unverified"":[""수급(외국인·기관·개인)·심리·과열·영향 시차·요인 중복·가중치는 이 셀에서 검증 자료 없음(실험 기록·시간순 검증에서만 판단)""]}"
analysis-e680da643bcb3db9,analysis,2026-09-29,2026-09-29T10:06:25Z,,,"{""forecastId"":""2026-09-28-atlas11-27e1f65cfc167be9"",""modelVersion"":""atlas11-A-1""}",live,,,,,,,,,,,,,,138040,메리츠금융지주,fin,2026-09-28-atlas11-27e1f65cfc167be9,atlas11-A-1,2026-09-28,2026-09-29,1,1,방향·크기 모두 맞음,true,true,true,0.4296894744380035,"{""realizedLog"":-0.009036206063937445,""predictedLog"":-0.004748516611752403,""errorLog"":0.004287689452185043,""basketCumLog"":null,""beta"":0.6414,""marketPartLog"":null,""residualPartLog"":null,""marketShare"":null,""unexplainedShare"":null}","[""출발가 133,400원(2026-09-28) → 실제 132,200원(2026-09-29, 1거래일) -0.90% · 예측 중앙 132,768원 -0.47% · 오차 +0.43%(절대 오차율 0.43%, 허용 1.5%)"",""방향: 예측 하락(57%) · 실제 하락 → 정답 · 80% 띠 담김(폭 5.7%)"",""실제값 정정 이력 3건"",""실제 종가 관측 시각 2026-09-29T10:06:25.000Z(16:00 KST 이후 · 지연 관측)""]","[""선택 모형의 기대 누적 -0.25% = 절편 +0.04% + 자기 추세 -0.31% + 52종목 폭·평균 +0.02% · 실제 -0.90%"",""실제 방향과 반대로 기여한 항: F11 (모형 내부 설명 · 인과 아님)""]",[],"[""수급(외국인·기관·개인)·심리·과열·영향 시차·요인 중복·가중치는 이 셀에서 검증 자료 없음(실험 기록·시간순 검증에서만 판단)""]",[],"{""luckySuspect"":false,""reasonableProcess"":false,""luckyNote"":null,""reasonableNote"":null}","{""confirmedFacts"":[""출발가 133,400원(2026-09-28) → 실제 132,200원(2026-09-29, 1거래일) -0.90% · 예측 중앙 132,768원 -0.47% · 오차 +0.43%(절대 오차율 0.43%, 허용 1.5%)"",""방향: 예측 하락(57%) · 실제 하락 → 정답 · 80% 띠 담김(폭 5.7%)"",""실제값 정정 이력 3건"",""실제 종가 관측 시각 2026-09-29T10:06:25.000Z(16:00 KST 이후 · 지연 관측)""],""modelInternal"":[""선택 모형의 기대 누적 -0.25% = 절편 +0.04% + 자기 추세 -0.31% + 52종목 폭·평균 +0.02% · 실제 -0.90%"",""실제 방향과 반대로 기여한 항: F11 (모형 내부 설명 · 인과 아님)""],""causeHypotheses"":[],""unverified"":[""수급(외국인·기관·개인)·심리·과열·영향 시차·요인 중복·가중치는 이 셀에서 검증 자료 없음(실험 기록·시간순 검증에서만 판단)""]}"
analysis-bb7df42a78b2b095,analysis,2026-09-29,2026-09-29T10:06:25Z,,,"{""forecastId"":""2026-09-28-atlas11-27e1f65cfc167be9"",""modelVersion"":""atlas11-A-1""}",live,,,,,,,,,,,,,,015760,한국전력,util,2026-09-28-atlas11-27e1f65cfc167be9,atlas11-A-1,2026-09-28,2026-09-29,1,2,방향 맞고 크기 틀림,true,false,true,2.085939971276994,"{""realizedLog"":-0.021399993611934894,""predictedLog"":-0.0007551723226874576,""errorLog"":0.020644821289247436,""basketCumLog"":null,""beta"":0.9671,""marketPartLog"":null,""residualPartLog"":null,""marketShare"":null,""unexplainedShare"":null}","[""출발가 30,700원(2026-09-28) → 실제 30,050원(2026-09-29, 1거래일) -2.12% · 예측 중앙 30,677원 -0.08% · 오차 +2.09%(절대 오차율 2.09%, 허용 1.5%)"",""방향: 예측 하락(47%) · 실제 하락 → 정답 · 80% 띠 담김(폭 5.3%)"",""실제값 정정 이력 3건"",""실제 종가 관측 시각 2026-09-29T10:06:25.000Z(16:00 KST 이후 · 지연 관측)""]","[""선택 모형의 기대 누적 0.00% = 절편 0.00% + 자기 추세 0.00% + 52종목 폭·평균 0.00% · 실제 -2.12%""]","[{""category"":""자료 오류"",""evidence"":""실제값 정정 3건"",""counterEvidence"":""정정 뒤 값으로 채점됨"",""strength"":""약""}]","[""수급(외국인·기관·개인)·심리·과열·영향 시차·요인 중복·가중치는 이 셀에서 검증 자료 없음(실험 기록·시간순 검증에서만 판단)""]","[""자료 오류""]","{""luckySuspect"":false,""reasonableProcess"":false,""luckyNote"":null,""reasonableNote"":null}","{""confirmedFacts"":[""출발가 30,700원(2026-09-28) → 실제 30,050원(2026-09-29, 1거래일) -2.12% · 예측 중앙 30,677원 -0.08% · 오차 +2.09%(절대 오차율 2.09%, 허용 1.5%)"",""방향: 예측 하락(47%) · 실제 하락 → 정답 · 80% 띠 담김(폭 5.3%)"",""실제값 정정 이력 3건"",""실제 종가 관측 시각 2026-09-29T10:06:25.000Z(16:00 KST 이후 · 지연 관측)""],""modelInternal"":[""선택 모형의 기대 누적 0.00% = 절편 0.00% + 자기 추세 0.00% + 52종목 폭·평균 0.00% · 실제 -2.12%""],""causeHypotheses"":[""자료 오류""],""unverified"":[""수급(외국인·기관·개인)·심리·과열·영향 시차·요인 중복·가중치는 이 셀에서 검증 자료 없음(실험 기록·시간순 검증에서만 판단)""]}"
analysis-ab52ecd1ea799064,analysis,2026-09-29,2026-09-29T10:06:25Z,,,"{""forecastId"":""2026-09-28-atlas11-27e1f65cfc167be9"",""modelVersion"":""atlas11-A-1""}",live,,,,,,,,,,,,,,011200,HMM,auto,2026-09-28-atlas11-27e1f65cfc167be9,atlas11-A-1,2026-09-28,2026-09-29,1,2,방향 맞고 크기 틀림,true,false,true,1.6385230958580754,"{""realizedLog"":-0.016607736399660525,""predictedLog"":-0.00035529477868780936,""errorLog"":0.016252441620972717,""basketCumLog"":null,""beta"":0.6513,""marketPartLog"":null,""residualPartLog"":null,""marketShare"":null,""unexplainedShare"":null}","[""출발가 21,250원(2026-09-28) → 실제 20,900원(2026-09-29, 1거래일) -1.65% · 예측 중앙 21,242원 -0.04% · 오차 +1.64%(절대 오차율 1.64%, 허용 1.5%)"",""방향: 예측 하락(49%) · 실제 하락 → 정답 · 80% 띠 담김(폭 5.0%)"",""실제값 정정 이력 5건"",""실제 종가 관측 시각 2026-09-29T10:06:25.000Z(16:00 KST 이후 · 지연 관측)""]","[""선택 모형의 기대 누적 0.00% = 절편 0.00% + 자기 추세 0.00% + 52종목 폭·평균 0.00% · 실제 -1.65%""]","[{""category"":""자료 오류"",""evidence"":""실제값 정정 5건"",""counterEvidence"":""정정 뒤 값으로 채점됨"",""strength"":""약""}]","[""수급(외국인·기관·개인)·심리·과열·영향 시차·요인 중복·가중치는 이 셀에서 검증 자료 없음(실험 기록·시간순 검증에서만 판단)""]","[""자료 오류""]","{""luckySuspect"":false,""reasonableProcess"":false,""luckyNote"":null,""reasonableNote"":null}","{""confirmedFacts"":[""출발가 21,250원(2026-09-28) → 실제 20,900원(2026-09-29, 1거래일) -1.65% · 예측 중앙 21,242원 -0.04% · 오차 +1.64%(절대 오차율 1.64%, 허용 1.5%)"",""방향: 예측 하락(49%) · 실제 하락 → 정답 · 80% 띠 담김(폭 5.0%)"",""실제값 정정 이력 5건"",""실제 종가 관측 시각 2026-09-29T10:06:25.000Z(16:00 KST 이후 · 지연 관측)""],""modelInternal"":[""선택 모형의 기대 누적 0.00% = 절편 0.00% + 자기 추세 0.00% + 52종목 폭·평균 0.00% · 실제 -1.65%""],""causeHypotheses"":[""자료 오류""],""unverified"":[""수급(외국인·기관·개인)·심리·과열·영향 시차·요인 중복·가중치는 이 셀에서 검증 자료 없음(실험 기록·시간순 검증에서만 판단)""]}"
analysis-16d9f7c9b6eb2d8f,analysis,2026-09-29,2026-09-29T10:06:25Z,,,"{""forecastId"":""2026-09-28-atlas11-27e1f65cfc167be9"",""modelVersion"":""atlas11-A-1""}",live,,,,,,,,,,,,,,033780,KT&G,cons,2026-09-28-atlas11-27e1f65cfc167be9,atlas11-A-1,2026-09-28,2026-09-29,1,3,크기 허용·방향 틀림,false,true,true,0.47370605762341045,"{""realizedLog"":0.003982935564077854,""predictedLog"":-0.0007653804427794358,""errorLog"":-0.00474831600685729,""basketCumLog"":null,""beta"":0.2734,""marketPartLog"":null,""residualPartLog"":null,""marketShare"":null,""unexplainedShare"":null}","[""출발가 175,400원(2026-09-28) → 실제 176,100원(2026-09-29, 1거래일) +0.40% · 예측 중앙 175,266원 -0.08% · 오차 -0.47%(절대 오차율 0.47%, 허용 1.5%)"",""방향: 예측 하락(50%) · 실제 상승 → 오답 · 80% 띠 담김(폭 4.0%)"",""실제값 정정 이력 3건"",""실제 종가 관측 시각 2026-09-29T10:06:25.000Z(16:00 KST 이후 · 지연 관측)""]","[""선택 모형의 기대 누적 +0.00% = 절편 +0.07% + 자기 추세 -0.08% + 52종목 폭·평균 +0.01% · 실제 +0.40%"",""실제 방향과 반대로 기여한 항: F35 (모형 내부 설명 · 인과 아님)""]","[{""category"":""자료 오류"",""evidence"":""실제값 정정 3건"",""counterEvidence"":""정정 뒤 값으로 채점됨"",""strength"":""약""}]","[""수급(외국인·기관·개인)·심리·과열·영향 시차·요인 중복·가중치는 이 셀에서 검증 자료 없음(실험 기록·시간순 검증에서만 판단)""]","[""자료 오류""]","{""luckySuspect"":false,""reasonableProcess"":true,""luckyNote"":null,""reasonableNote"":""방향은 틀렸지만 실제값이 모형 80% 띠 안 → 판단 과정은 분포 안""}","{""confirmedFacts"":[""출발가 175,400원(2026-09-28) → 실제 176,100원(2026-09-29, 1거래일) +0.40% · 예측 중앙 175,266원 -0.08% · 오차 -0.47%(절대 오차율 0.47%, 허용 1.5%)"",""방향: 예측 하락(50%) · 실제 상승 → 오답 · 80% 띠 담김(폭 4.0%)"",""실제값 정정 이력 3건"",""실제 종가 관측 시각 2026-09-29T10:06:25.000Z(16:00 KST 이후 · 지연 관측)""],""modelInternal"":[""선택 모형의 기대 누적 +0.00% = 절편 +0.07% + 자기 추세 -0.08% + 52종목 폭·평균 +0.01% · 실제 +0.40%"",""실제 방향과 반대로 기여한 항: F35 (모형 내부 설명 · 인과 아님)""],""causeHypotheses"":[""자료 오류""],""unverified"":[""수급(외국인·기관·개인)·심리·과열·영향 시차·요인 중복·가중치는 이 셀에서 검증 자료 없음(실험 기록·시간순 검증에서만 판단)""]}"
analysis-d393650a70999d47,analysis,2026-09-29,2026-09-29T10:06:25Z,,,"{""forecastId"":""2026-09-28-atlas11-27e1f65cfc167be9"",""modelVersion"":""atlas11-A-1""}",live,,,,,,,,,,,,,,086280,현대글로비스,auto,2026-09-28-atlas11-27e1f65cfc167be9,atlas11-A-1,2026-09-28,2026-09-29,1,1,방향·크기 모두 맞음,true,true,true,0.902102380097716,"{""realizedLog"":-0.010603482332162155,""predictedLog"":-0.0016229049032556976,""errorLog"":0.008980577428906457,""basketCumLog"":null,""beta"":1.0312,""marketPartLog"":null,""residualPartLog"":null,""marketShare"":null,""unexplainedShare"":null}","[""출발가 199,100원(2026-09-28) → 실제 197,000원(2026-09-29, 1거래일) -1.05% · 예측 중앙 198,777원 -0.16% · 오차 +0.90%(절대 오차율 0.90%, 허용 1.5%)"",""방향: 예측 하락(51%) · 실제 하락 → 정답 · 80% 띠 담김(폭 6.0%)"",""실제값 정정 이력 2건"",""실제 종가 관측 시각 2026-09-29T10:06:25.000Z(16:00 KST 이후 · 지연 관측)""]","[""선택 모형의 기대 누적 0.00% = 절편 0.00% + 자기 추세 0.00% + 52종목 폭·평균 0.00% · 실제 -1.05%""]",[],"[""수급(외국인·기관·개인)·심리·과열·영향 시차·요인 중복·가중치는 이 셀에서 검증 자료 없음(실험 기록·시간순 검증에서만 판단)""]",[],"{""luckySuspect"":false,""reasonableProcess"":false,""luckyNote"":null,""reasonableNote"":null}","{""confirmedFacts"":[""출발가 199,100원(2026-09-28) → 실제 197,000원(2026-09-29, 1거래일) -1.05% · 예측 중앙 198,777원 -0.16% · 오차 +0.90%(절대 오차율 0.90%, 허용 1.5%)"",""방향: 예측 하락(51%) · 실제 하락 → 정답 · 80% 띠 담김(폭 6.0%)"",""실제값 정정 이력 2건"",""실제 종가 관측 시각 2026-09-29T10:06:25.000Z(16:00 KST 이후 · 지연 관측)""],""modelInternal"":[""선택 모형의 기대 누적 0.00% = 절편 0.00% + 자기 추세 0.00% + 52종목 폭·평균 0.00% · 실제 -1.05%""],""causeHypotheses"":[],""unverified"":[""수급(외국인·기관·개인)·심리·과열·영향 시차·요인 중복·가중치는 이 셀에서 검증 자료 없음(실험 기록·시간순 검증에서만 판단)""]}"
analysis-405090ba5aabd24e,analysis,2026-09-29,2026-09-29T10:06:25Z,,,"{""forecastId"":""2026-09-28-atlas11-27e1f65cfc167be9"",""modelVersion"":""atlas11-A-1""}",live,,,,,,,,,,,,,,278470,에이피알,cons,2026-09-28-atlas11-27e1f65cfc167be9,atlas11-A-1,2026-09-28,2026-09-29,1,2,방향 맞고 크기 틀림,true,false,true,1.8980671866050114,"{""realizedLog"":-0.019178670030571943,""predictedLog"":-0.00037588371663552786,""errorLog"":0.018802786313936413,""basketCumLog"":null,""beta"":0.9172,""marketPartLog"":null,""residualPartLog"":null,""marketShare"":null,""unexplainedShare"":null}","[""출발가 368,500원(2026-09-28) → 실제 361,500원(2026-09-29, 1거래일) -1.90% · 예측 중앙 368,362원 -0.04% · 오차 +1.90%(절대 오차율 1.90%, 허용 1.5%)"",""방향: 예측 하락(49%) · 실제 하락 → 정답 · 80% 띠 담김(폭 9.7%)"",""실제값 정정 이력 4건"",""실제 종가 관측 시각 2026-09-29T10:06:25.000Z(16:00 KST 이후 · 지연 관측)""]","[""선택 모형의 기대 누적 0.00% = 절편 0.00% + 자기 추세 0.00% + 52종목 폭·평균 0.00% · 실제 -1.90%""]","[{""category"":""자료 오류"",""evidence"":""실제값 정정 4건"",""counterEvidence"":""정정 뒤 값으로 채점됨"",""strength"":""약""}]","[""수급(외국인·기관·개인)·심리·과열·영향 시차·요인 중복·가중치는 이 셀에서 검증 자료 없음(실험 기록·시간순 검증에서만 판단)""]","[""자료 오류""]","{""luckySuspect"":false,""reasonableProcess"":false,""luckyNote"":null,""reasonableNote"":null}","{""confirmedFacts"":[""출발가 368,500원(2026-09-28) → 실제 361,500원(2026-09-29, 1거래일) -1.90% · 예측 중앙 368,362원 -0.04% · 오차 +1.90%(절대 오차율 1.90%, 허용 1.5%)"",""방향: 예측 하락(49%) · 실제 하락 → 정답 · 80% 띠 담김(폭 9.7%)"",""실제값 정정 이력 4건"",""실제 종가 관측 시각 2026-09-29T10:06:25.000Z(16:00 KST 이후 · 지연 관측)""],""modelInternal"":[""선택 모형의 기대 누적 0.00% = 절편 0.00% + 자기 추세 0.00% + 52종목 폭·평균 0.00% · 실제 -1.90%""],""causeHypotheses"":[""자료 오류""],""unverified"":[""수급(외국인·기관·개인)·심리·과열·영향 시차·요인 중복·가중치는 이 셀에서 검증 자료 없음(실험 기록·시간순 검증에서만 판단)""]}"
analysis-e966bec9e4638152,analysis,2026-09-29,2026-09-29T10:06:25Z,,,"{""forecastId"":""2026-09-28-atlas11-27e1f65cfc167be9"",""modelVersion"":""atlas11-A-1""}",live,,,,,,,,,,,,,,030200,KT,net,2026-09-28-atlas11-27e1f65cfc167be9,atlas11-A-1,2026-09-28,2026-09-29,1,3,크기 허용·방향 틀림,false,true,true,0.3986950969407238,"{""realizedLog"":-0.0037878833169370917,""predictedLog"":0.00019114082571512026,""errorLog"":0.003979024142652212,""basketCumLog"":null,""beta"":0.4,""marketPartLog"":null,""residualPartLog"":null,""marketShare"":null,""unexplainedShare"":null}","[""출발가 52,900원(2026-09-28) → 실제 52,700원(2026-09-29, 1거래일) -0.38% · 예측 중앙 52,910원 +0.02% · 오차 +0.40%(절대 오차율 0.40%, 허용 1.5%)"",""방향: 예측 상승(47%) · 실제 하락 → 오답 · 80% 띠 담김(폭 3.2%)"",""실제값 정정 이력 4건"",""실제 종가 관측 시각 2026-09-29T10:06:25.000Z(16:00 KST 이후 · 지연 관측)""]","[""선택 모형의 기대 누적 0.00% = 절편 0.00% + 자기 추세 0.00% + 52종목 폭·평균 0.00% · 실제 -0.38%""]","[{""category"":""자료 오류"",""evidence"":""실제값 정정 4건"",""counterEvidence"":""정정 뒤 값으로 채점됨"",""strength"":""약""}]","[""수급(외국인·기관·개인)·심리·과열·영향 시차·요인 중복·가중치는 이 셀에서 검증 자료 없음(실험 기록·시간순 검증에서만 판단)""]","[""자료 오류""]","{""luckySuspect"":false,""reasonableProcess"":true,""luckyNote"":null,""reasonableNote"":""방향은 틀렸지만 실제값이 모형 80% 띠 안 → 판단 과정은 분포 안""}","{""confirmedFacts"":[""출발가 52,900원(2026-09-28) → 실제 52,700원(2026-09-29, 1거래일) -0.38% · 예측 중앙 52,910원 +0.02% · 오차 +0.40%(절대 오차율 0.40%, 허용 1.5%)"",""방향: 예측 상승(47%) · 실제 하락 → 오답 · 80% 띠 담김(폭 3.2%)"",""실제값 정정 이력 4건"",""실제 종가 관측 시각 2026-09-29T10:06:25.000Z(16:00 KST 이후 · 지연 관측)""],""modelInternal"":[""선택 모형의 기대 누적 0.00% = 절편 0.00% + 자기 추세 0.00% + 52종목 폭·평균 0.00% · 실제 -0.38%""],""causeHypotheses"":[""자료 오류""],""unverified"":[""수급(외국인·기관·개인)·심리·과열·영향 시차·요인 중복·가중치는 이 셀에서 검증 자료 없음(실험 기록·시간순 검증에서만 판단)""]}"
analysis-619e8fe1ec1a62a0,analysis,2026-09-29,2026-09-29T10:06:25Z,,,"{""forecastId"":""2026-09-28-atlas11-27e1f65cfc167be9"",""modelVersion"":""atlas11-A-1""}",live,,,,,,,,,,,,,,047050,포스코인터내셔널,util,2026-09-28-atlas11-27e1f65cfc167be9,atlas11-A-1,2026-09-28,2026-09-29,1,2,방향 맞고 크기 틀림,true,false,false,4.299536813524287,"{""realizedLog"":-0.04309463946308688,""predictedLog"":-0.0009979043601197348,""errorLog"":0.042096735102967145,""basketCumLog"":null,""beta"":0.9856,""marketPartLog"":null,""residualPartLog"":null,""marketShare"":null,""unexplainedShare"":null}","[""출발가 56,900원(2026-09-28) → 실제 54,500원(2026-09-29, 1거래일) -4.22% · 예측 중앙 56,843원 -0.10% · 오차 +4.30%(절대 오차율 4.30%, 허용 1.5%)"",""방향: 예측 하락(50%) · 실제 하락 → 정답 · 80% 띠 벗어남(폭 7.2%)"",""실제값 정정 이력 1건"",""실제 종가 관측 시각 2026-09-29T10:06:25.000Z(16:00 KST 이후 · 지연 관측)""]","[""선택 모형의 기대 누적 +0.01% = 절편 +0.01% + 자기 추세 -0.13% + 52종목 폭·평균 +0.13% · 실제 -4.22%"",""실제 방향과 반대로 기여한 항: F11 (모형 내부 설명 · 인과 아님)""]","[{""category"":""변동성·범위"",""evidence"":""실제값이 80% 띠 밖(폭 7.2% · 실제 이동 -4.22%)"",""counterEvidence"":""80% 띠는 명목이며 개별 셀의 벗어남은 정상 범위일 수 있음(담김률로 판단)"",""strength"":""중""},{""category"":""자료 오류"",""evidence"":""실제값 정정 1건"",""counterEvidence"":""정정 뒤 값으로 채점됨"",""strength"":""약""}]","[""수급(외국인·기관·개인)·심리·과열·영향 시차·요인 중복·가중치는 이 셀에서 검증 자료 없음(실험 기록·시간순 검증에서만 판단)""]","[""변동성·범위"",""자료 오류""]","{""luckySuspect"":false,""reasonableProcess"":false,""luckyNote"":null,""reasonableNote"":null}","{""confirmedFacts"":[""출발가 56,900원(2026-09-28) → 실제 54,500원(2026-09-29, 1거래일) -4.22% · 예측 중앙 56,843원 -0.10% · 오차 +4.30%(절대 오차율 4.30%, 허용 1.5%)"",""방향: 예측 하락(50%) · 실제 하락 → 정답 · 80% 띠 벗어남(폭 7.2%)"",""실제값 정정 이력 1건"",""실제 종가 관측 시각 2026-09-29T10:06:25.000Z(16:00 KST 이후 · 지연 관측)""],""modelInternal"":[""선택 모형의 기대 누적 +0.01% = 절편 +0.01% + 자기 추세 -0.13% + 52종목 폭·평균 +0.13% · 실제 -4.22%"",""실제 방향과 반대로 기여한 항: F11 (모형 내부 설명 · 인과 아님)""],""causeHypotheses"":[""변동성·범위"",""자료 오류""],""unverified"":[""수급(외국인·기관·개인)·심리·과열·영향 시차·요인 중복·가중치는 이 셀에서 검증 자료 없음(실험 기록·시간순 검증에서만 판단)""]}"
analysis-5caf9aef354253ab,analysis,2026-09-29,2026-09-29T10:06:25Z,,,"{""forecastId"":""2026-09-28-atlas11-27e1f65cfc167be9"",""modelVersion"":""atlas11-A-1""}",live,,,,,,,,,,,,,,003230,삼양식품,cons,2026-09-28-atlas11-27e1f65cfc167be9,atlas11-A-1,2026-09-28,2026-09-29,1,3,크기 허용·방향 틀림,false,true,true,1.0583798144702805,"{""realizedLog"":0.006562779912523582,""predictedLog"":-0.00407742497517411,""errorLog"":-0.010640204887697693,""basketCumLog"":null,""beta"":0.6817,""marketPartLog"":null,""residualPartLog"":null,""marketShare"":null,""unexplainedShare"":null}","[""출발가 1,215,000원(2026-09-28) → 실제 1,223,000원(2026-09-29, 1거래일) +0.66% · 예측 중앙 1,210,056원 -0.41% · 오차 -1.06%(절대 오차율 1.06%, 허용 1.5%)"",""방향: 예측 하락(54%) · 실제 상승 → 오답 · 80% 띠 담김(폭 7.4%)"",""실제값 정정 이력 5건"",""실제 종가 관측 시각 2026-09-29T10:06:25.000Z(16:00 KST 이후 · 지연 관측)""]","[""선택 모형의 기대 누적 0.00% = 절편 0.00% + 자기 추세 0.00% + 52종목 폭·평균 0.00% · 실제 +0.66%""]","[{""category"":""자료 오류"",""evidence"":""실제값 정정 5건"",""counterEvidence"":""정정 뒤 값으로 채점됨"",""strength"":""약""}]","[""수급(외국인·기관·개인)·심리·과열·영향 시차·요인 중복·가중치는 이 셀에서 검증 자료 없음(실험 기록·시간순 검증에서만 판단)""]","[""자료 오류""]","{""luckySuspect"":false,""reasonableProcess"":true,""luckyNote"":null,""reasonableNote"":""방향은 틀렸지만 실제값이 모형 80% 띠 안 → 판단 과정은 분포 안""}","{""confirmedFacts"":[""출발가 1,215,000원(2026-09-28) → 실제 1,223,000원(2026-09-29, 1거래일) +0.66% · 예측 중앙 1,210,056원 -0.41% · 오차 -1.06%(절대 오차율 1.06%, 허용 1.5%)"",""방향: 예측 하락(54%) · 실제 상승 → 오답 · 80% 띠 담김(폭 7.4%)"",""실제값 정정 이력 5건"",""실제 종가 관측 시각 2026-09-29T10:06:25.000Z(16:00 KST 이후 · 지연 관측)""],""modelInternal"":[""선택 모형의 기대 누적 0.00% = 절편 0.00% + 자기 추세 0.00% + 52종목 폭·평균 0.00% · 실제 +0.66%""],""causeHypotheses"":[""자료 오류""],""unverified"":[""수급(외국인·기관·개인)·심리·과열·영향 시차·요인 중복·가중치는 이 셀에서 검증 자료 없음(실험 기록·시간순 검증에서만 판단)""]}"
analysis-2470ce512f10c910,analysis,2026-09-29,2026-09-29T10:06:25Z,,,"{""forecastId"":""2026-09-28-atlas11-27e1f65cfc167be9"",""modelVersion"":""atlas11-A-1""}",live,,,,,,,,,,,,,,021240,코웨이,cons,2026-09-28-atlas11-27e1f65cfc167be9,atlas11-A-1,2026-09-28,2026-09-29,1,1,방향·크기 모두 맞음,true,true,true,0.8919227092358364,"{""realizedLog"":-0.009891277478742667,""predictedLog"":-0.001011591747358201,""errorLog"":0.008879685731384467,""basketCumLog"":null,""beta"":0.4639,""marketPartLog"":null,""residualPartLog"":null,""marketShare"":null,""unexplainedShare"":null}","[""출발가 101,600원(2026-09-28) → 실제 100,600원(2026-09-29, 1거래일) -0.98% · 예측 중앙 101,497원 -0.10% · 오차 +0.89%(절대 오차율 0.89%, 허용 1.5%)"",""방향: 예측 하락(50%) · 실제 하락 → 정답 · 80% 띠 담김(폭 5.8%)"",""실제값 정정 이력 3건"",""실제 종가 관측 시각 2026-09-29T10:06:25.000Z(16:00 KST 이후 · 지연 관측)""]","[""선택 모형의 기대 누적 +0.05% = 절편 +0.07% + 자기 추세 -0.02% + 52종목 폭·평균 +0.00% · 실제 -0.98%"",""실제 방향과 반대로 기여한 항: F11 (모형 내부 설명 · 인과 아님)""]",[],"[""수급(외국인·기관·개인)·심리·과열·영향 시차·요인 중복·가중치는 이 셀에서 검증 자료 없음(실험 기록·시간순 검증에서만 판단)""]",[],"{""luckySuspect"":false,""reasonableProcess"":false,""luckyNote"":null,""reasonableNote"":null}","{""confirmedFacts"":[""출발가 101,600원(2026-09-28) → 실제 100,600원(2026-09-29, 1거래일) -0.98% · 예측 중앙 101,497원 -0.10% · 오차 +0.89%(절대 오차율 0.89%, 허용 1.5%)"",""방향: 예측 하락(50%) · 실제 하락 → 정답 · 80% 띠 담김(폭 5.8%)"",""실제값 정정 이력 3건"",""실제 종가 관측 시각 2026-09-29T10:06:25.000Z(16:00 KST 이후 · 지연 관측)""],""modelInternal"":[""선택 모형의 기대 누적 +0.05% = 절편 +0.07% + 자기 추세 -0.02% + 52종목 폭·평균 +0.00% · 실제 -0.98%"",""실제 방향과 반대로 기여한 항: F11 (모형 내부 설명 · 인과 아님)""],""causeHypotheses"":[],""unverified"":[""수급(외국인·기관·개인)·심리·과열·영향 시차·요인 중복·가중치는 이 셀에서 검증 자료 없음(실험 기록·시간순 검증에서만 판단)""]}"
analysis-94e0cbf2577b4f3a,analysis,2026-09-29,2026-09-29T10:06:25Z,,,"{""forecastId"":""2026-09-28-atlas11-27e1f65cfc167be9"",""modelVersion"":""atlas11-A-1""}",live,,,,,,,,,,,,,,352820,하이브,net,2026-09-28-atlas11-27e1f65cfc167be9,atlas11-A-1,2026-09-28,2026-09-29,1,2,방향 맞고 크기 틀림,true,false,true,1.8638619424465448,"{""realizedLog"":-0.018703787140919095,""predictedLog"":-0.00023673817130389073,""errorLog"":0.018467048969615204,""basketCumLog"":null,""beta"":0.9397,""marketPartLog"":null,""residualPartLog"":null,""marketShare"":null,""unexplainedShare"":null}","[""출발가 161,900원(2026-09-28) → 실제 158,900원(2026-09-29, 1거래일) -1.85% · 예측 중앙 161,862원 -0.02% · 오차 +1.86%(절대 오차율 1.86%, 허용 1.5%)"",""방향: 예측 하락(49%) · 실제 하락 → 정답 · 80% 띠 담김(폭 6.1%)"",""실제값 정정 이력 2건"",""실제 종가 관측 시각 2026-09-29T10:06:25.000Z(16:00 KST 이후 · 지연 관측)""]","[""선택 모형의 기대 누적 0.00% = 절편 0.00% + 자기 추세 0.00% + 52종목 폭·평균 0.00% · 실제 -1.85%""]","[{""category"":""자료 오류"",""evidence"":""실제값 정정 2건"",""counterEvidence"":""정정 뒤 값으로 채점됨"",""strength"":""약""}]","[""수급(외국인·기관·개인)·심리·과열·영향 시차·요인 중복·가중치는 이 셀에서 검증 자료 없음(실험 기록·시간순 검증에서만 판단)""]","[""자료 오류""]","{""luckySuspect"":false,""reasonableProcess"":false,""luckyNote"":null,""reasonableNote"":null}","{""confirmedFacts"":[""출발가 161,900원(2026-09-28) → 실제 158,900원(2026-09-29, 1거래일) -1.85% · 예측 중앙 161,862원 -0.02% · 오차 +1.86%(절대 오차율 1.86%, 허용 1.5%)"",""방향: 예측 하락(49%) · 실제 하락 → 정답 · 80% 띠 담김(폭 6.1%)"",""실제값 정정 이력 2건"",""실제 종가 관측 시각 2026-09-29T10:06:25.000Z(16:00 KST 이후 · 지연 관측)""],""modelInternal"":[""선택 모형의 기대 누적 0.00% = 절편 0.00% + 자기 추세 0.00% + 52종목 폭·평균 0.00% · 실제 -1.85%""],""causeHypotheses"":[""자료 오류""],""unverified"":[""수급(외국인·기관·개인)·심리·과열·영향 시차·요인 중복·가중치는 이 셀에서 검증 자료 없음(실험 기록·시간순 검증에서만 판단)""]}"
analysis-61b4303b9eee7004,analysis,2026-09-29,2026-09-29T10:06:25Z,,,"{""forecastId"":""2026-09-28-atlas11-27e1f65cfc167be9"",""modelVersion"":""atlas11-A-1""}",live,,,,,,,,,,,,,,029780,삼성카드,fin,2026-09-28-atlas11-27e1f65cfc167be9,atlas11-A-1,2026-09-28,2026-09-29,1,4,방향·크기 모두 틀림,false,false,false,2.0847033053645534,"{""realizedLog"":-0.02097979046919452,""predictedLog"":-0.0003470832223247104,""errorLog"":0.020632707246869813,""basketCumLog"":null,""beta"":0.3975,""marketPartLog"":null,""residualPartLog"":null,""marketShare"":null,""unexplainedShare"":null}","[""출발가 43,350원(2026-09-28) → 실제 42,450원(2026-09-29, 1거래일) -2.08% · 예측 중앙 43,335원 -0.03% · 오차 +2.08%(절대 오차율 2.08%, 허용 1.5%)"",""방향: 예측 상승(47%) · 실제 하락 → 오답 · 80% 띠 벗어남(폭 3.4%)"",""실제값 정정 이력 4건"",""실제 종가 관측 시각 2026-09-29T10:06:25.000Z(16:00 KST 이후 · 지연 관측)""]","[""선택 모형의 기대 누적 0.00% = 절편 0.00% + 자기 추세 0.00% + 52종목 폭·평균 0.00% · 실제 -2.08%""]","[{""category"":""변동성·범위"",""evidence"":""실제값이 80% 띠 밖(폭 3.4% · 실제 이동 -2.08%)"",""counterEvidence"":""80% 띠는 명목이며 개별 셀의 벗어남은 정상 범위일 수 있음(담김률로 판단)"",""strength"":""중""},{""category"":""자료 오류"",""evidence"":""실제값 정정 4건"",""counterEvidence"":""정정 뒤 값으로 채점됨"",""strength"":""약""}]","[""수급(외국인·기관·개인)·심리·과열·영향 시차·요인 중복·가중치는 이 셀에서 검증 자료 없음(실험 기록·시간순 검증에서만 판단)""]","[""변동성·범위"",""자료 오류""]","{""luckySuspect"":false,""reasonableProcess"":false,""luckyNote"":null,""reasonableNote"":null}","{""confirmedFacts"":[""출발가 43,350원(2026-09-28) → 실제 42,450원(2026-09-29, 1거래일) -2.08% · 예측 중앙 43,335원 -0.03% · 오차 +2.08%(절대 오차율 2.08%, 허용 1.5%)"",""방향: 예측 상승(47%) · 실제 하락 → 오답 · 80% 띠 벗어남(폭 3.4%)"",""실제값 정정 이력 4건"",""실제 종가 관측 시각 2026-09-29T10:06:25.000Z(16:00 KST 이후 · 지연 관측)""],""modelInternal"":[""선택 모형의 기대 누적 0.00% = 절편 0.00% + 자기 추세 0.00% + 52종목 폭·평균 0.00% · 실제 -2.08%""],""causeHypotheses"":[""변동성·범위"",""자료 오류""],""unverified"":[""수급(외국인·기관·개인)·심리·과열·영향 시차·요인 중복·가중치는 이 셀에서 검증 자료 없음(실험 기록·시간순 검증에서만 판단)""]}"
analysis-1728ef434026262c,analysis,2026-09-29,2026-09-29T10:06:25Z,,,"{""forecastId"":""2026-09-28-atlas11-27e1f65cfc167be9"",""modelVersion"":""atlas11-A-1""}",live,,,,,,,,,,,,,,002380,KCC,chem,2026-09-28-atlas11-27e1f65cfc167be9,atlas11-A-1,2026-09-28,2026-09-29,1,2,방향 맞고 크기 틀림,true,false,true,1.729215519481525,"{""realizedLog"":-0.01786700182842442,""predictedLog"":-0.0007226544385912116,""errorLog"":0.017144347389833208,""basketCumLog"":null,""beta"":1.4171,""marketPartLog"":null,""residualPartLog"":null,""marketShare"":null,""unexplainedShare"":null}","[""출발가 480,000원(2026-09-28) → 실제 471,500원(2026-09-29, 1거래일) -1.77% · 예측 중앙 479,653원 -0.07% · 오차 +1.73%(절대 오차율 1.73%, 허용 1.5%)"",""방향: 예측 하락(48%) · 실제 하락 → 정답 · 80% 띠 담김(폭 5.7%)"",""실제값 정정 이력 3건"",""실제 종가 관측 시각 2026-09-29T10:06:25.000Z(16:00 KST 이후 · 지연 관측)""]","[""선택 모형의 기대 누적 0.00% = 절편 0.00% + 자기 추세 0.00% + 52종목 폭·평균 0.00% · 실제 -1.77%""]","[{""category"":""자료 오류"",""evidence"":""실제값 정정 3건"",""counterEvidence"":""정정 뒤 값으로 채점됨"",""strength"":""약""}]","[""수급(외국인·기관·개인)·심리·과열·영향 시차·요인 중복·가중치는 이 셀에서 검증 자료 없음(실험 기록·시간순 검증에서만 판단)""]","[""자료 오류""]","{""luckySuspect"":false,""reasonableProcess"":false,""luckyNote"":null,""reasonableNote"":null}","{""confirmedFacts"":[""출발가 480,000원(2026-09-28) → 실제 471,500원(2026-09-29, 1거래일) -1.77% · 예측 중앙 479,653원 -0.07% · 오차 +1.73%(절대 오차율 1.73%, 허용 1.5%)"",""방향: 예측 하락(48%) · 실제 하락 → 정답 · 80% 띠 담김(폭 5.7%)"",""실제값 정정 이력 3건"",""실제 종가 관측 시각 2026-09-29T10:06:25.000Z(16:00 KST 이후 · 지연 관측)""],""modelInternal"":[""선택 모형의 기대 누적 0.00% = 절편 0.00% + 자기 추세 0.00% + 52종목 폭·평균 0.00% · 실제 -1.77%""],""causeHypotheses"":[""자료 오류""],""unverified"":[""수급(외국인·기관·개인)·심리·과열·영향 시차·요인 중복·가중치는 이 셀에서 검증 자료 없음(실험 기록·시간순 검증에서만 판단)""]}"
analysis-0e4792f7a3a9a6ff,analysis,2026-09-29,2026-09-29T10:06:25Z,,,"{""forecastId"":""2026-09-28-atlas11-27e1f65cfc167be9"",""modelVersion"":""atlas11-A-1""}",live,,,,,,,,,,,,,,004170,신세계,cons,2026-09-28-atlas11-27e1f65cfc167be9,atlas11-A-1,2026-09-28,2026-09-29,1,2,방향 맞고 크기 틀림,true,false,true,1.5806939362459773,"{""realizedLog"":-0.01614121617938525,""predictedLog"":-0.00045790539178172505,""errorLog"":0.015683310787603523,""basketCumLog"":null,""beta"":0.9942,""marketPartLog"":null,""residualPartLog"":null,""marketShare"":null,""unexplainedShare"":null}","[""출발가 343,500원(2026-09-28) → 실제 338,000원(2026-09-29, 1거래일) -1.60% · 예측 중앙 343,343원 -0.05% · 오차 +1.58%(절대 오차율 1.58%, 허용 1.5%)"",""방향: 예측 하락(49%) · 실제 하락 → 정답 · 80% 띠 담김(폭 8.1%)"",""실제값 정정 이력 5건"",""실제 종가 관측 시각 2026-09-29T10:06:25.000Z(16:00 KST 이후 · 지연 관측)""]","[""선택 모형의 기대 누적 +0.14% = 절편 +0.12% + 자기 추세 +0.01% + 52종목 폭·평균 +0.01% · 실제 -1.60%"",""실제 방향과 반대로 기여한 항: F35, F11 (모형 내부 설명 · 인과 아님)""]","[{""category"":""자료 오류"",""evidence"":""실제값 정정 5건"",""counterEvidence"":""정정 뒤 값으로 채점됨"",""strength"":""약""}]","[""수급(외국인·기관·개인)·심리·과열·영향 시차·요인 중복·가중치는 이 셀에서 검증 자료 없음(실험 기록·시간순 검증에서만 판단)""]","[""자료 오류""]","{""luckySuspect"":false,""reasonableProcess"":false,""luckyNote"":null,""reasonableNote"":null}","{""confirmedFacts"":[""출발가 343,500원(2026-09-28) → 실제 338,000원(2026-09-29, 1거래일) -1.60% · 예측 중앙 343,343원 -0.05% · 오차 +1.58%(절대 오차율 1.58%, 허용 1.5%)"",""방향: 예측 하락(49%) · 실제 하락 → 정답 · 80% 띠 담김(폭 8.1%)"",""실제값 정정 이력 5건"",""실제 종가 관측 시각 2026-09-29T10:06:25.000Z(16:00 KST 이후 · 지연 관측)""],""modelInternal"":[""선택 모형의 기대 누적 +0.14% = 절편 +0.12% + 자기 추세 +0.01% + 52종목 폭·평균 +0.01% · 실제 -1.60%"",""실제 방향과 반대로 기여한 항: F35, F11 (모형 내부 설명 · 인과 아님)""],""causeHypotheses"":[""자료 오류""],""unverified"":[""수급(외국인·기관·개인)·심리·과열·영향 시차·요인 중복·가중치는 이 셀에서 검증 자료 없음(실험 기록·시간순 검증에서만 판단)""]}"
analysis-9ec5c5035ebfa8e0,analysis,2026-09-29,2026-09-29T10:06:25Z,,,"{""forecastId"":""2026-09-28-atlas11-27e1f65cfc167be9"",""modelVersion"":""atlas11-A-1""}",live,,,,,,,,,,,,,,012750,에스원,util,2026-09-28-atlas11-27e1f65cfc167be9,atlas11-A-1,2026-09-28,2026-09-29,1,1,방향·크기 모두 맞음,true,true,true,0.7478260793164844,"{""realizedLog"":-0.00722894714315143,""predictedLog"":0.0002214900862432742,""errorLog"":0.0074504372293947045,""basketCumLog"":null,""beta"":0.3469,""marketPartLog"":null,""residualPartLog"":null,""marketShare"":null,""unexplainedShare"":null}","[""출발가 83,300원(2026-09-28) → 실제 82,700원(2026-09-29, 1거래일) -0.72% · 예측 중앙 83,318원 +0.02% · 오차 +0.75%(절대 오차율 0.75%, 허용 1.5%)"",""방향: 예측 하락(48%) · 실제 하락 → 정답 · 80% 띠 담김(폭 5.1%)"",""실제값 정정 이력 4건"",""실제 종가 관측 시각 2026-09-29T10:06:25.000Z(16:00 KST 이후 · 지연 관측)""]","[""선택 모형의 기대 누적 0.00% = 절편 0.00% + 자기 추세 0.00% + 52종목 폭·평균 0.00% · 실제 -0.72%""]",[],"[""수급(외국인·기관·개인)·심리·과열·영향 시차·요인 중복·가중치는 이 셀에서 검증 자료 없음(실험 기록·시간순 검증에서만 판단)""]",[],"{""luckySuspect"":false,""reasonableProcess"":false,""luckyNote"":null,""reasonableNote"":null}","{""confirmedFacts"":[""출발가 83,300원(2026-09-28) → 실제 82,700원(2026-09-29, 1거래일) -0.72% · 예측 중앙 83,318원 +0.02% · 오차 +0.75%(절대 오차율 0.75%, 허용 1.5%)"",""방향: 예측 하락(48%) · 실제 하락 → 정답 · 80% 띠 담김(폭 5.1%)"",""실제값 정정 이력 4건"",""실제 종가 관측 시각 2026-09-29T10:06:25.000Z(16:00 KST 이후 · 지연 관측)""],""modelInternal"":[""선택 모형의 기대 누적 0.00% = 절편 0.00% + 자기 추세 0.00% + 52종목 폭·평균 0.00% · 실제 -0.72%""],""causeHypotheses"":[],""unverified"":[""수급(외국인·기관·개인)·심리·과열·영향 시차·요인 중복·가중치는 이 셀에서 검증 자료 없음(실험 기록·시간순 검증에서만 판단)""]}"
analysis-5ccf77ca5cdf3527,analysis,2026-09-29,2026-09-29T10:06:25Z,,,"{""forecastId"":""2026-09-28-atlas11-27e1f65cfc167be9"",""modelVersion"":""atlas11-A-1""}",live,,,,,,,,,,,,,,226950,올릭스,bio,2026-09-28-atlas11-27e1f65cfc167be9,atlas11-A-1,2026-09-28,2026-09-29,1,1,방향·크기 모두 맞음,true,true,true,1.1922519628425048,"{""realizedLog"":-0.015444322427473631,""predictedLog"":-0.003592316125182199,""errorLog"":0.011852006302291431,""basketCumLog"":null,""beta"":1.3719,""marketPartLog"":null,""residualPartLog"":null,""marketShare"":null,""unexplainedShare"":null}","[""출발가 104,400원(2026-09-28) → 실제 102,800원(2026-09-29, 1거래일) -1.53% · 예측 중앙 104,026원 -0.36% · 오차 +1.19%(절대 오차율 1.19%, 허용 1.5%)"",""방향: 예측 하락(54%) · 실제 하락 → 정답 · 80% 띠 담김(폭 14.1%)"",""실제값 정정 이력 4건"",""실제 종가 관측 시각 2026-09-29T10:06:25.000Z(16:00 KST 이후 · 지연 관측)""]","[""선택 모형의 기대 누적 0.00% = 절편 0.00% + 자기 추세 0.00% + 52종목 폭·평균 0.00% · 실제 -1.53%""]",[],"[""수급(외국인·기관·개인)·심리·과열·영향 시차·요인 중복·가중치는 이 셀에서 검증 자료 없음(실험 기록·시간순 검증에서만 판단)""]",[],"{""luckySuspect"":false,""reasonableProcess"":false,""luckyNote"":null,""reasonableNote"":null}","{""confirmedFacts"":[""출발가 104,400원(2026-09-28) → 실제 102,800원(2026-09-29, 1거래일) -1.53% · 예측 중앙 104,026원 -0.36% · 오차 +1.19%(절대 오차율 1.19%, 허용 1.5%)"",""방향: 예측 하락(54%) · 실제 하락 → 정답 · 80% 띠 담김(폭 14.1%)"",""실제값 정정 이력 4건"",""실제 종가 관측 시각 2026-09-29T10:06:25.000Z(16:00 KST 이후 · 지연 관측)""],""modelInternal"":[""선택 모형의 기대 누적 0.00% = 절편 0.00% + 자기 추세 0.00% + 52종목 폭·평균 0.00% · 실제 -1.53%""],""causeHypotheses"":[],""unverified"":[""수급(외국인·기관·개인)·심리·과열·영향 시차·요인 중복·가중치는 이 셀에서 검증 자료 없음(실험 기록·시간순 검증에서만 판단)""]}"
analysis-489c65b79383c12d,analysis,2026-09-29,2026-09-29T10:06:25Z,,,"{""forecastId"":""2026-09-28-atlas11-27e1f65cfc167be9"",""modelVersion"":""atlas11-A-1""}",live,,,,,,,,,,,,,,030000,제일기획,net,2026-09-28-atlas11-27e1f65cfc167be9,atlas11-A-1,2026-09-28,2026-09-29,1,3,크기 허용·방향 틀림,false,true,true,0.0220454225268415,"{""realizedLog"":0.0005613247410929414,""predictedLog"":0.00034084621221981194,""errorLog"":-0.0002204785288731295,""basketCumLog"":null,""beta"":0.3386,""marketPartLog"":null,""residualPartLog"":null,""marketShare"":null,""unexplainedShare"":null}","[""출발가 17,810원(2026-09-28) → 실제 17,820원(2026-09-29, 1거래일) +0.06% · 예측 중앙 17,816원 +0.03% · 오차 -0.02%(절대 오차율 0.02%, 허용 1.5%)"",""방향: 예측 상승(48%) · 실제 보합 → 오답 · 80% 띠 담김(폭 3.2%)"",""실제값 정정 이력 4건"",""실제 종가 관측 시각 2026-09-29T10:06:25.000Z(16:00 KST 이후 · 지연 관측)""]","[""선택 모형의 기대 누적 0.00% = 절편 0.00% + 자기 추세 0.00% + 52종목 폭·평균 0.00% · 실제 +0.06%""]","[{""category"":""자료 오류"",""evidence"":""실제값 정정 4건"",""counterEvidence"":""정정 뒤 값으로 채점됨"",""strength"":""약""}]","[""수급(외국인·기관·개인)·심리·과열·영향 시차·요인 중복·가중치는 이 셀에서 검증 자료 없음(실험 기록·시간순 검증에서만 판단)""]","[""자료 오류""]","{""luckySuspect"":false,""reasonableProcess"":true,""luckyNote"":null,""reasonableNote"":""방향은 틀렸지만 실제값이 모형 80% 띠 안 → 판단 과정은 분포 안""}","{""confirmedFacts"":[""출발가 17,810원(2026-09-28) → 실제 17,820원(2026-09-29, 1거래일) +0.06% · 예측 중앙 17,816원 +0.03% · 오차 -0.02%(절대 오차율 0.02%, 허용 1.5%)"",""방향: 예측 상승(48%) · 실제 보합 → 오답 · 80% 띠 담김(폭 3.2%)"",""실제값 정정 이력 4건"",""실제 종가 관측 시각 2026-09-29T10:06:25.000Z(16:00 KST 이후 · 지연 관측)""],""modelInternal"":[""선택 모형의 기대 누적 0.00% = 절편 0.00% + 자기 추세 0.00% + 52종목 폭·평균 0.00% · 실제 +0.06%""],""causeHypotheses"":[""자료 오류""],""unverified"":[""수급(외국인·기관·개인)·심리·과열·영향 시차·요인 중복·가중치는 이 셀에서 검증 자료 없음(실험 기록·시간순 검증에서만 판단)""]}"
analysis-6e6bea4f56019b63,analysis,2026-09-29,2026-09-29T10:06:25Z,,,"{""scoreCutoff"":""2026-09-29""}",daily_aggregate,2026-09-29,,"[{""code"":""214370"",""name"":""케어젠"",""change"":0.044080604534004975},{""code"":""051910"",""name"":""LG화학"",""change"":-0.043809523809523854},{""code"":""047050"",""name"":""포스코인터내셔널"",""change"":-0.04217926186291743},{""code"":""005490"",""name"":""POSCO홀딩스"",""change"":-0.034755134281200584},{""code"":""373220"",""name"":""LG에너지솔루션"",""change"":-0.030219780219780223}]",126,"{""방향 맞고 크기 틀림"":48,""방향·크기 모두 맞음"":36,""크기 허용·방향 틀림"":33,""방향·크기 모두 틀림"":9}","{""1"":{""n"":126,""directionAccuracy"":0.6666666666666666,""priceHitRate"":0.5476190476190477,""meanAPE"":1.589341524123677,""coverage80"":0.8809523809523809,""meanBrier"":0.5261593359523811},""5"":null,""10"":null,""20"":null}","[{""group"":""semi"",""groupName"":""반도체·전자"",""n"":6,""directionAccuracy"":0.5,""meanAPE"":0.6240399417028222,""meanSignedErrorPct"":0.4309763188634519},{""group"":""chem"",""groupName"":""배터리·화학·소재"",""n"":15,""directionAccuracy"":1,""meanAPE"":3.0691704690572674,""meanSignedErrorPct"":3.069170469057272},{""group"":""auto"",""groupName"":""자동차·운송"",""n"":12,""directionAccuracy"":1,""meanAPE"":1.1362035491386615,""meanSignedErrorPct"":1.1362035491386646},{""group"":""fin"",""groupName"":""금융"",""n"":15,""directionAccuracy"":0.6,""meanAPE"":1.3308492923976278,""meanSignedErrorPct"":1.330849292397627},{""group"":""heavy"",""groupName"":""조선·기계·방산·건설"",""n"":9,""directionAccuracy"":0.3333333333333333,""meanAPE"":1.8495793830284641,""meanSignedErrorPct"":1.302787643316346},{""group"":""bio"",""groupName"":""바이오·헬스"",""n"":12,""directionAccuracy"":0.5,""meanAPE"":1.9946386193483516,""meanSignedErrorPct"":-0.6744765510183964},{""group"":""net"",""groupName"":""통신·인터넷·게임·엔터"",""n"":15,""directionAccuracy"":0.6,""meanAPE"":1.348524809597351,""meanSignedErrorPct"":1.3397066405866107},{""group"":""cons"",""groupName"":""소비재·유통"",""n"":24,""directionAccuracy"":0.625,""meanAPE"":1.1231842298039922,""meanSignedErrorPct"":0.7401627617805703},{""group"":""util"",""groupName"":""에너지·유틸리티·지주·상사"",""n"":18,""directionAccuracy"":0.6666666666666666,""meanAPE"":1.617326768843693,""meanSignedErrorPct"":1.166584969509025}]",{},"[{""code"":""003490"",""name"":""대한항공"",""horizon"":1,""ape"":0.39249691284605465},{""code"":""003490"",""name"":""대한항공"",""horizon"":1,""ape"":0.39249691284605465},{""code"":""003490"",""name"":""대한항공"",""horizon"":1,""ape"":0.39249691284605465},{""code"":""138040"",""name"":""메리츠금융지주"",""horizon"":1,""ape"":0.4296894744380035},{""code"":""138040"",""name"":""메리츠금융지주"",""horizon"":1,""ape"":0.4296894744380035}]","[{""code"":""214370"",""name"":""케어젠"",""horizon"":1,""ape"":4.576595059795885,""causes"":[]},{""code"":""214370"",""name"":""케어젠"",""horizon"":1,""ape"":4.576595059795885,""causes"":[]},{""code"":""214370"",""name"":""케어젠"",""horizon"":1,""ape"":4.576595059795885,""causes"":[]},{""code"":""329180"",""name"":""HD현대중공업"",""horizon"":1,""ape"":3.0070284585545677,""causes"":[]},{""code"":""329180"",""name"":""HD현대중공업"",""horizon"":1,""ape"":3.0070284585545677,""causes"":[]}]",,0,0,,,,,,,,,,,,,,,,,,,,,,
analysis-1d9efb58a5e87542,analysis,2026-09-29,2026-09-29T10:18:08Z,,,"{""forecastId"":""2026-09-28-rolling20-13cd892134e517b4"",""modelVersion"":""atlas-rolling20-A""}",live,,,,,,,,,,,,,,207940,삼성바이오로직스,bio,2026-09-28-rolling20-13cd892134e517b4,atlas-rolling20-A,2026-09-28,2026-09-29,1,1,방향·크기 모두 맞음,true,true,true,1.301258755331423,"{""realizedLog"":-0.01294051127573482,""predictedLog"":-0.000011860071273032298,""errorLog"":0.012928651204461789,""basketCumLog"":null,""beta"":0.6242,""marketPartLog"":null,""residualPartLog"":null,""marketShare"":null,""unexplainedShare"":null}","[""출발가 1,400,000원(2026-09-28) → 실제 1,382,000원(2026-09-29, 1거래일) -1.29% · 예측 중앙 1,399,983원 -0.00% · 오차 +1.30%(절대 오차율 1.30%, 허용 1.5%)"",""방향: 예측 하락(47%) · 실제 하락 → 정답 · 80% 띠 담김(폭 4.7%)"",""기간 안 확인된 일정 1건(기업 1 · 중요 0): 삼성바이오로직스 기업설명회 · 코리아 프리미엄 위크 — 수치 영향은 미산출"",""실제값 정정 이력 3건"",""실제 종가 관측 시각 2026-09-29T10:18:08.000Z(16:00 KST 이후 · 지연 관측)""]","[""선택 모형의 기대 누적 0.00% = 절편 0.00% + 자기 추세 0.00% + 52종목 폭·평균 0.00% · 실제 -1.29%""]",[],"[""수급(외국인·기관·개인)·심리·과열·영향 시차·요인 중복·가중치는 이 셀에서 검증 자료 없음(실험 기록·시간순 검증에서만 판단)""]",[],"{""luckySuspect"":false,""reasonableProcess"":false,""luckyNote"":null,""reasonableNote"":null}","{""confirmedFacts"":[""출발가 1,400,000원(2026-09-28) → 실제 1,382,000원(2026-09-29, 1거래일) -1.29% · 예측 중앙 1,399,983원 -0.00% · 오차 +1.30%(절대 오차율 1.30%, 허용 1.5%)"",""방향: 예측 하락(47%) · 실제 하락 → 정답 · 80% 띠 담김(폭 4.7%)"",""기간 안 확인된 일정 1건(기업 1 · 중요 0): 삼성바이오로직스 기업설명회 · 코리아 프리미엄 위크 — 수치 영향은 미산출"",""실제값 정정 이력 3건"",""실제 종가 관측 시각 2026-09-29T10:18:08.000Z(16:00 KST 이후 · 지연 관측)""],""modelInternal"":[""선택 모형의 기대 누적 0.00% = 절편 0.00% + 자기 추세 0.00% + 52종목 폭·평균 0.00% · 실제 -1.29%""],""causeHypotheses"":[],""unverified"":[""수급(외국인·기관·개인)·심리·과열·영향 시차·요인 중복·가중치는 이 셀에서 검증 자료 없음(실험 기록·시간순 검증에서만 판단)""]}"
analysis-227f980931662f54,analysis,2026-09-29,2026-09-29T10:18:08Z,,,"{""forecastId"":""2026-09-28-rolling20-13cd892134e517b4"",""modelVersion"":""atlas-rolling20-A""}",live,,,,,,,,,,,,,,034730,SK,util,2026-09-28-rolling20-13cd892134e517b4,atlas-rolling20-A,2026-09-28,2026-09-29,1,3,크기 허용·방향 틀림,false,true,true,1.3893764917428693,"{""realizedLog"":0.012037978559479098,""predictedLog"":-0.0019532081324840577,""errorLog"":-0.013991186691963156,""basketCumLog"":null,""beta"":1.3807,""marketPartLog"":null,""residualPartLog"":null,""marketShare"":null,""unexplainedShare"":null}","[""출발가 578,000원(2026-09-28) → 실제 585,000원(2026-09-29, 1거래일) +1.21% · 예측 중앙 576,872원 -0.20% · 오차 -1.39%(절대 오차율 1.39%, 허용 1.5%)"",""방향: 예측 하락(51%) · 실제 상승 → 오답 · 80% 띠 담김(폭 9.3%)"",""실제값 정정 이력 4건"",""실제 종가 관측 시각 2026-09-29T10:18:08.000Z(16:00 KST 이후 · 지연 관측)""]","[""선택 모형의 기대 누적 0.00% = 절편 0.00% + 자기 추세 0.00% + 52종목 폭·평균 0.00% · 실제 +1.21%""]","[{""category"":""자료 오류"",""evidence"":""실제값 정정 4건"",""counterEvidence"":""정정 뒤 값으로 채점됨"",""strength"":""약""}]","[""수급(외국인·기관·개인)·심리·과열·영향 시차·요인 중복·가중치는 이 셀에서 검증 자료 없음(실험 기록·시간순 검증에서만 판단)""]","[""자료 오류""]","{""luckySuspect"":false,""reasonableProcess"":true,""luckyNote"":null,""reasonableNote"":""방향은 틀렸지만 실제값이 모형 80% 띠 안 → 판단 과정은 분포 안""}","{""confirmedFacts"":[""출발가 578,000원(2026-09-28) → 실제 585,000원(2026-09-29, 1거래일) +1.21% · 예측 중앙 576,872원 -0.20% · 오차 -1.39%(절대 오차율 1.39%, 허용 1.5%)"",""방향: 예측 하락(51%) · 실제 상승 → 오답 · 80% 띠 담김(폭 9.3%)"",""실제값 정정 이력 4건"",""실제 종가 관측 시각 2026-09-29T10:18:08.000Z(16:00 KST 이후 · 지연 관측)""],""modelInternal"":[""선택 모형의 기대 누적 0.00% = 절편 0.00% + 자기 추세 0.00% + 52종목 폭·평균 0.00% · 실제 +1.21%""],""causeHypotheses"":[""자료 오류""],""unverified"":[""수급(외국인·기관·개인)·심리·과열·영향 시차·요인 중복·가중치는 이 셀에서 검증 자료 없음(실험 기록·시간순 검증에서만 판단)""]}"
analysis-1e4002c5e5d543f7,analysis,2026-09-29,2026-09-29T10:18:08Z,,,"{""forecastId"":""2026-09-28-rolling20-13cd892134e517b4"",""modelVersion"":""atlas-rolling20-A""}",live,,,,,,,,,,,,,,010130,고려아연,chem,2026-09-28-rolling20-13cd892134e517b4,atlas-rolling20-A,2026-09-28,2026-09-29,1,2,방향 맞고 크기 틀림,true,false,true,2.7076206595510044,"{""realizedLog"":-0.02946806225690798,""predictedLog"":-0.002751930951901879,""errorLog"":0.0267161313050061,""basketCumLog"":null,""beta"":1.3237,""marketPartLog"":null,""residualPartLog"":null,""marketShare"":null,""unexplainedShare"":null}","[""출발가 1,102,000원(2026-09-28) → 실제 1,070,000원(2026-09-29, 1거래일) -2.90% · 예측 중앙 1,098,972원 -0.27% · 오차 +2.71%(절대 오차율 2.71%, 허용 1.5%)"",""방향: 예측 하락(54%) · 실제 하락 → 정답 · 80% 띠 담김(폭 8.6%)"",""실제값 정정 이력 3건"",""실제 종가 관측 시각 2026-09-29T10:18:08.000Z(16:00 KST 이후 · 지연 관측)""]","[""선택 모형의 기대 누적 0.00% = 절편 0.00% + 자기 추세 0.00% + 52종목 폭·평균 0.00% · 실제 -2.90%""]","[{""category"":""자료 오류"",""evidence"":""실제값 정정 3건"",""counterEvidence"":""정정 뒤 값으로 채점됨"",""strength"":""약""}]","[""수급(외국인·기관·개인)·심리·과열·영향 시차·요인 중복·가중치는 이 셀에서 검증 자료 없음(실험 기록·시간순 검증에서만 판단)""]","[""자료 오류""]","{""luckySuspect"":false,""reasonableProcess"":false,""luckyNote"":null,""reasonableNote"":null}","{""confirmedFacts"":[""출발가 1,102,000원(2026-09-28) → 실제 1,070,000원(2026-09-29, 1거래일) -2.90% · 예측 중앙 1,098,972원 -0.27% · 오차 +2.71%(절대 오차율 2.71%, 허용 1.5%)"",""방향: 예측 하락(54%) · 실제 하락 → 정답 · 80% 띠 담김(폭 8.6%)"",""실제값 정정 이력 3건"",""실제 종가 관측 시각 2026-09-29T10:18:08.000Z(16:00 KST 이후 · 지연 관측)""],""modelInternal"":[""선택 모형의 기대 누적 0.00% = 절편 0.00% + 자기 추세 0.00% + 52종목 폭·평균 0.00% · 실제 -2.90%""],""causeHypotheses"":[""자료 오류""],""unverified"":[""수급(외국인·기관·개인)·심리·과열·영향 시차·요인 중복·가중치는 이 셀에서 검증 자료 없음(실험 기록·시간순 검증에서만 판단)""]}"
analysis-3786dce5ecfc7fc0,analysis,2026-09-29,2026-09-29T10:18:08Z,,,"{""forecastId"":""2026-09-28-rolling20-13cd892134e517b4"",""modelVersion"":""atlas-rolling20-A""}",live,,,,,,,,,,,,,,138040,메리츠금융지주,fin,2026-09-28-rolling20-13cd892134e517b4,atlas-rolling20-A,2026-09-28,2026-09-29,1,1,방향·크기 모두 맞음,true,true,true,0.3537789003832506,"{""realizedLog"":-0.008280062360613365,""predictedLog"":-0.004748516611752403,""errorLog"":0.0035315457488609625,""basketCumLog"":null,""beta"":0.6414,""marketPartLog"":null,""residualPartLog"":null,""marketShare"":null,""unexplainedShare"":null}","[""출발가 133,400원(2026-09-28) → 실제 132,300원(2026-09-29, 1거래일) -0.82% · 예측 중앙 132,768원 -0.47% · 오차 +0.35%(절대 오차율 0.35%, 허용 1.5%)"",""방향: 예측 하락(57%) · 실제 하락 → 정답 · 80% 띠 담김(폭 5.7%)"",""실제값 정정 이력 4건"",""실제 종가 관측 시각 2026-09-29T10:18:08.000Z(16:00 KST 이후 · 지연 관측)""]","[""선택 모형의 기대 누적 -0.25% = 절편 +0.04% + 자기 추세 -0.31% + 52종목 폭·평균 +0.02% · 실제 -0.82%"",""실제 방향과 반대로 기여한 항: F11 (모형 내부 설명 · 인과 아님)""]",[],"[""수급(외국인·기관·개인)·심리·과열·영향 시차·요인 중복·가중치는 이 셀에서 검증 자료 없음(실험 기록·시간순 검증에서만 판단)""]",[],"{""luckySuspect"":false,""reasonableProcess"":false,""luckyNote"":null,""reasonableNote"":null}","{""confirmedFacts"":[""출발가 133,400원(2026-09-28) → 실제 132,300원(2026-09-29, 1거래일) -0.82% · 예측 중앙 132,768원 -0.47% · 오차 +0.35%(절대 오차율 0.35%, 허용 1.5%)"",""방향: 예측 하락(57%) · 실제 하락 → 정답 · 80% 띠 담김(폭 5.7%)"",""실제값 정정 이력 4건"",""실제 종가 관측 시각 2026-09-29T10:18:08.000Z(16:00 KST 이후 · 지연 관측)""],""modelInternal"":[""선택 모형의 기대 누적 -0.25% = 절편 +0.04% + 자기 추세 -0.31% + 52종목 폭·평균 +0.02% · 실제 -0.82%"",""실제 방향과 반대로 기여한 항: F11 (모형 내부 설명 · 인과 아님)""],""causeHypotheses"":[],""unverified"":[""수급(외국인·기관·개인)·심리·과열·영향 시차·요인 중복·가중치는 이 셀에서 검증 자료 없음(실험 기록·시간순 검증에서만 판단)""]}"
analysis-17285ee27189fadf,analysis,2026-09-29,2026-09-29T10:18:08Z,,,"{""forecastId"":""2026-09-28-rolling20-13cd892134e517b4"",""modelVersion"":""atlas-rolling20-A""}",live,,,,,,,,,,,,,,011200,HMM,auto,2026-09-28-rolling20-13cd892134e517b4,atlas-rolling20-A,2026-09-28,2026-09-29,1,2,방향 맞고 크기 틀림,true,false,true,1.6385230958580754,"{""realizedLog"":-0.016607736399660525,""predictedLog"":-0.00035529477868780936,""errorLog"":0.016252441620972717,""basketCumLog"":null,""beta"":0.6513,""marketPartLog"":null,""residualPartLog"":null,""marketShare"":null,""unexplainedShare"":null}","[""출발가 21,250원(2026-09-28) → 실제 20,900원(2026-09-29, 1거래일) -1.65% · 예측 중앙 21,242원 -0.04% · 오차 +1.64%(절대 오차율 1.64%, 허용 1.5%)"",""방향: 예측 하락(49%) · 실제 하락 → 정답 · 80% 띠 담김(폭 5.0%)"",""실제값 정정 이력 6건"",""실제 종가 관측 시각 2026-09-29T10:18:08.000Z(16:00 KST 이후 · 지연 관측)""]","[""선택 모형의 기대 누적 0.00% = 절편 0.00% + 자기 추세 0.00% + 52종목 폭·평균 0.00% · 실제 -1.65%""]","[{""category"":""자료 오류"",""evidence"":""실제값 정정 6건"",""counterEvidence"":""정정 뒤 값으로 채점됨"",""strength"":""약""}]","[""수급(외국인·기관·개인)·심리·과열·영향 시차·요인 중복·가중치는 이 셀에서 검증 자료 없음(실험 기록·시간순 검증에서만 판단)""]","[""자료 오류""]","{""luckySuspect"":false,""reasonableProcess"":false,""luckyNote"":null,""reasonableNote"":null}","{""confirmedFacts"":[""출발가 21,250원(2026-09-28) → 실제 20,900원(2026-09-29, 1거래일) -1.65% · 예측 중앙 21,242원 -0.04% · 오차 +1.64%(절대 오차율 1.64%, 허용 1.5%)"",""방향: 예측 하락(49%) · 실제 하락 → 정답 · 80% 띠 담김(폭 5.0%)"",""실제값 정정 이력 6건"",""실제 종가 관측 시각 2026-09-29T10:18:08.000Z(16:00 KST 이후 · 지연 관측)""],""modelInternal"":[""선택 모형의 기대 누적 0.00% = 절편 0.00% + 자기 추세 0.00% + 52종목 폭·평균 0.00% · 실제 -1.65%""],""causeHypotheses"":[""자료 오류""],""unverified"":[""수급(외국인·기관·개인)·심리·과열·영향 시차·요인 중복·가중치는 이 셀에서 검증 자료 없음(실험 기록·시간순 검증에서만 판단)""]}"
analysis-57fa13ee38cec3ae,analysis,2026-09-29,2026-09-29T10:18:08Z,,,"{""forecastId"":""2026-09-28-rolling20-13cd892134e517b4"",""modelVersion"":""atlas-rolling20-A""}",live,,,,,,,,,,,,,,051910,LG화학,chem,2026-09-28-rolling20-13cd892134e517b4,atlas-rolling20-A,2026-09-28,2026-09-29,1,2,방향 맞고 크기 틀림,true,false,false,4.173225198655908,"{""realizedLog"":-0.042808092491884525,""predictedLog"":-0.0019231380465504,""errorLog"":0.040884954445334125,""basketCumLog"":null,""beta"":1.3201,""marketPartLog"":null,""residualPartLog"":null,""marketShare"":null,""unexplainedShare"":null}","[""출발가 262,500원(2026-09-28) → 실제 251,500원(2026-09-29, 1거래일) -4.19% · 예측 중앙 261,996원 -0.19% · 오차 +4.17%(절대 오차율 4.17%, 허용 1.5%)"",""방향: 예측 하락(51%) · 실제 하락 → 정답 · 80% 띠 벗어남(폭 8.5%)"",""실제값 정정 이력 2건"",""실제 종가 관측 시각 2026-09-29T10:18:08.000Z(16:00 KST 이후 · 지연 관측)""]","[""선택 모형의 기대 누적 -0.07% = 절편 -0.01% + 자기 추세 -0.05% + 52종목 폭·평균 -0.01% · 실제 -4.19%""]","[{""category"":""변동성·범위"",""evidence"":""실제값이 80% 띠 밖(폭 8.5% · 실제 이동 -4.19%)"",""counterEvidence"":""80% 띠는 명목이며 개별 셀의 벗어남은 정상 범위일 수 있음(담김률로 판단)"",""strength"":""중""},{""category"":""자료 오류"",""evidence"":""실제값 정정 2건"",""counterEvidence"":""정정 뒤 값으로 채점됨"",""strength"":""약""}]","[""수급(외국인·기관·개인)·심리·과열·영향 시차·요인 중복·가중치는 이 셀에서 검증 자료 없음(실험 기록·시간순 검증에서만 판단)""]","[""변동성·범위"",""자료 오류""]","{""luckySuspect"":false,""reasonableProcess"":false,""luckyNote"":null,""reasonableNote"":null}","{""confirmedFacts"":[""출발가 262,500원(2026-09-28) → 실제 251,500원(2026-09-29, 1거래일) -4.19% · 예측 중앙 261,996원 -0.19% · 오차 +4.17%(절대 오차율 4.17%, 허용 1.5%)"",""방향: 예측 하락(51%) · 실제 하락 → 정답 · 80% 띠 벗어남(폭 8.5%)"",""실제값 정정 이력 2건"",""실제 종가 관측 시각 2026-09-29T10:18:08.000Z(16:00 KST 이후 · 지연 관측)""],""modelInternal"":[""선택 모형의 기대 누적 -0.07% = 절편 -0.01% + 자기 추세 -0.05% + 52종목 폭·평균 -0.01% · 실제 -4.19%""],""causeHypotheses"":[""변동성·범위"",""자료 오류""],""unverified"":[""수급(외국인·기관·개인)·심리·과열·영향 시차·요인 중복·가중치는 이 셀에서 검증 자료 없음(실험 기록·시간순 검증에서만 판단)""]}"
analysis-2909aaac400bc50d,analysis,2026-09-29,2026-09-29T10:18:08Z,,,"{""forecastId"":""2026-09-28-rolling20-13cd892134e517b4"",""modelVersion"":""atlas-rolling20-A""}",live,,,,,,,,,,,,,,018260,삼성에스디에스,semi,2026-09-28-rolling20-13cd892134e517b4,atlas-rolling20-A,2026-09-28,2026-09-29,1,1,방향·크기 모두 맞음,true,true,true,0.8221706009797177,"{""realizedLog"":-0.00917437627604127,""predictedLog"":-0.0009862843732452008,""errorLog"":0.008188091902796069,""basketCumLog"":null,""beta"":1.0842,""marketPartLog"":null,""residualPartLog"":null,""marketShare"":null,""unexplainedShare"":null}","[""출발가 219,000원(2026-09-28) → 실제 217,000원(2026-09-29, 1거래일) -0.91% · 예측 중앙 218,784원 -0.10% · 오차 +0.82%(절대 오차율 0.82%, 허용 1.5%)"",""방향: 예측 하락(48%) · 실제 하락 → 정답 · 80% 띠 담김(폭 5.6%)"",""실제값 정정 이력 4건"",""실제 종가 관측 시각 2026-09-29T10:18:08.000Z(16:00 KST 이후 · 지연 관측)""]","[""선택 모형의 기대 누적 0.00% = 절편 0.00% + 자기 추세 0.00% + 52종목 폭·평균 0.00% · 실제 -0.91%""]",[],"[""수급(외국인·기관·개인)·심리·과열·영향 시차·요인 중복·가중치는 이 셀에서 검증 자료 없음(실험 기록·시간순 검증에서만 판단)""]",[],"{""luckySuspect"":false,""reasonableProcess"":false,""luckyNote"":null,""reasonableNote"":null}","{""confirmedFacts"":[""출발가 219,000원(2026-09-28) → 실제 217,000원(2026-09-29, 1거래일) -0.91% · 예측 중앙 218,784원 -0.10% · 오차 +0.82%(절대 오차율 0.82%, 허용 1.5%)"",""방향: 예측 하락(48%) · 실제 하락 → 정답 · 80% 띠 담김(폭 5.6%)"",""실제값 정정 이력 4건"",""실제 종가 관측 시각 2026-09-29T10:18:08.000Z(16:00 KST 이후 · 지연 관측)""],""modelInternal"":[""선택 모형의 기대 누적 0.00% = 절편 0.00% + 자기 추세 0.00% + 52종목 폭·평균 0.00% · 실제 -0.91%""],""causeHypotheses"":[],""unverified"":[""수급(외국인·기관·개인)·심리·과열·영향 시차·요인 중복·가중치는 이 셀에서 검증 자료 없음(실험 기록·시간순 검증에서만 판단)""]}"
analysis-57605bff1aadb1c2,analysis,2026-09-29,2026-09-29T10:18:08Z,,,"{""forecastId"":""2026-09-28-rolling20-13cd892134e517b4"",""modelVersion"":""atlas-rolling20-A""}",live,,,,,,,,,,,,,,086280,현대글로비스,auto,2026-09-28-rolling20-13cd892134e517b4,atlas-rolling20-A,2026-09-28,2026-09-29,1,1,방향·크기 모두 맞음,true,true,true,0.7997675906655682,"{""realizedLog"":-0.009588768901615561,""predictedLog"":-0.0016229049032556976,""errorLog"":0.007965863998359864,""basketCumLog"":null,""beta"":1.0312,""marketPartLog"":null,""residualPartLog"":null,""marketShare"":null,""unexplainedShare"":null}","[""출발가 199,100원(2026-09-28) → 실제 197,200원(2026-09-29, 1거래일) -0.95% · 예측 중앙 198,777원 -0.16% · 오차 +0.80%(절대 오차율 0.80%, 허용 1.5%)"",""방향: 예측 하락(51%) · 실제 하락 → 정답 · 80% 띠 담김(폭 6.0%)"",""실제값 정정 이력 3건"",""실제 종가 관측 시각 2026-09-29T10:18:08.000Z(16:00 KST 이후 · 지연 관측)""]","[""선택 모형의 기대 누적 0.00% = 절편 0.00% + 자기 추세 0.00% + 52종목 폭·평균 0.00% · 실제 -0.95%""]",[],"[""수급(외국인·기관·개인)·심리·과열·영향 시차·요인 중복·가중치는 이 셀에서 검증 자료 없음(실험 기록·시간순 검증에서만 판단)""]",[],"{""luckySuspect"":false,""reasonableProcess"":false,""luckyNote"":null,""reasonableNote"":null}","{""confirmedFacts"":[""출발가 199,100원(2026-09-28) → 실제 197,200원(2026-09-29, 1거래일) -0.95% · 예측 중앙 198,777원 -0.16% · 오차 +0.80%(절대 오차율 0.80%, 허용 1.5%)"",""방향: 예측 하락(51%) · 실제 하락 → 정답 · 80% 띠 담김(폭 6.0%)"",""실제값 정정 이력 3건"",""실제 종가 관측 시각 2026-09-29T10:18:08.000Z(16:00 KST 이후 · 지연 관측)""],""modelInternal"":[""선택 모형의 기대 누적 0.00% = 절편 0.00% + 자기 추세 0.00% + 52종목 폭·평균 0.00% · 실제 -0.95%""],""causeHypotheses"":[],""unverified"":[""수급(외국인·기관·개인)·심리·과열·영향 시차·요인 중복·가중치는 이 셀에서 검증 자료 없음(실험 기록·시간순 검증에서만 판단)""]}"
analysis-e3519bda06710905,analysis,2026-09-29,2026-09-29T10:18:08Z,,,"{""forecastId"":""2026-09-28-rolling20-13cd892134e517b4"",""modelVersion"":""atlas-rolling20-A""}",live,,,,,,,,,,,,,,278470,에이피알,cons,2026-09-28-rolling20-13cd892134e517b4,atlas-rolling20-A,2026-09-28,2026-09-29,1,2,방향 맞고 크기 틀림,true,false,true,1.8980671866050114,"{""realizedLog"":-0.019178670030571943,""predictedLog"":-0.00037588371663552786,""errorLog"":0.018802786313936413,""basketCumLog"":null,""beta"":0.9172,""marketPartLog"":null,""residualPartLog"":null,""marketShare"":null,""unexplainedShare"":null}","[""출발가 368,500원(2026-09-28) → 실제 361,500원(2026-09-29, 1거래일) -1.90% · 예측 중앙 368,362원 -0.04% · 오차 +1.90%(절대 오차율 1.90%, 허용 1.5%)"",""방향: 예측 하락(49%) · 실제 하락 → 정답 · 80% 띠 담김(폭 9.7%)"",""실제값 정정 이력 5건"",""실제 종가 관측 시각 2026-09-29T10:18:08.000Z(16:00 KST 이후 · 지연 관측)""]","[""선택 모형의 기대 누적 0.00% = 절편 0.00% + 자기 추세 0.00% + 52종목 폭·평균 0.00% · 실제 -1.90%""]","[{""category"":""자료 오류"",""evidence"":""실제값 정정 5건"",""counterEvidence"":""정정 뒤 값으로 채점됨"",""strength"":""약""}]","[""수급(외국인·기관·개인)·심리·과열·영향 시차·요인 중복·가중치는 이 셀에서 검증 자료 없음(실험 기록·시간순 검증에서만 판단)""]","[""자료 오류""]","{""luckySuspect"":false,""reasonableProcess"":false,""luckyNote"":null,""reasonableNote"":null}","{""confirmedFacts"":[""출발가 368,500원(2026-09-28) → 실제 361,500원(2026-09-29, 1거래일) -1.90% · 예측 중앙 368,362원 -0.04% · 오차 +1.90%(절대 오차율 1.90%, 허용 1.5%)"",""방향: 예측 하락(49%) · 실제 하락 → 정답 · 80% 띠 담김(폭 9.7%)"",""실제값 정정 이력 5건"",""실제 종가 관측 시각 2026-09-29T10:18:08.000Z(16:00 KST 이후 · 지연 관측)""],""modelInternal"":[""선택 모형의 기대 누적 0.00% = 절편 0.00% + 자기 추세 0.00% + 52종목 폭·평균 0.00% · 실제 -1.90%""],""causeHypotheses"":[""자료 오류""],""unverified"":[""수급(외국인·기관·개인)·심리·과열·영향 시차·요인 중복·가중치는 이 셀에서 검증 자료 없음(실험 기록·시간순 검증에서만 판단)""]}"
analysis-0f0e0eca03e7ef5f,analysis,2026-09-29,2026-09-29T10:18:08Z,,,"{""forecastId"":""2026-09-28-rolling20-13cd892134e517b4"",""modelVersion"":""atlas-rolling20-A""}",live,,,,,,,,,,,,,,030200,KT,net,2026-09-28-rolling20-13cd892134e517b4,atlas-rolling20-A,2026-09-28,2026-09-29,1,3,크기 허용·방향 틀림,false,true,true,0.5895671408512574,"{""realizedLog"":-0.005687219120589576,""predictedLog"":0.00019114082571512026,""errorLog"":0.005878359946304697,""basketCumLog"":null,""beta"":0.4,""marketPartLog"":null,""residualPartLog"":null,""marketShare"":null,""unexplainedShare"":null}","[""출발가 52,900원(2026-09-28) → 실제 52,600원(2026-09-29, 1거래일) -0.57% · 예측 중앙 52,910원 +0.02% · 오차 +0.59%(절대 오차율 0.59%, 허용 1.5%)"",""방향: 예측 상승(47%) · 실제 하락 → 오답 · 80% 띠 담김(폭 3.2%)"",""실제값 정정 이력 5건"",""실제 종가 관측 시각 2026-09-29T10:18:08.000Z(16:00 KST 이후 · 지연 관측)""]","[""선택 모형의 기대 누적 0.00% = 절편 0.00% + 자기 추세 0.00% + 52종목 폭·평균 0.00% · 실제 -0.57%""]","[{""category"":""자료 오류"",""evidence"":""실제값 정정 5건"",""counterEvidence"":""정정 뒤 값으로 채점됨"",""strength"":""약""}]","[""수급(외국인·기관·개인)·심리·과열·영향 시차·요인 중복·가중치는 이 셀에서 검증 자료 없음(실험 기록·시간순 검증에서만 판단)""]","[""자료 오류""]","{""luckySuspect"":false,""reasonableProcess"":true,""luckyNote"":null,""reasonableNote"":""방향은 틀렸지만 실제값이 모형 80% 띠 안 → 판단 과정은 분포 안""}","{""confirmedFacts"":[""출발가 52,900원(2026-09-28) → 실제 52,600원(2026-09-29, 1거래일) -0.57% · 예측 중앙 52,910원 +0.02% · 오차 +0.59%(절대 오차율 0.59%, 허용 1.5%)"",""방향: 예측 상승(47%) · 실제 하락 → 오답 · 80% 띠 담김(폭 3.2%)"",""실제값 정정 이력 5건"",""실제 종가 관측 시각 2026-09-29T10:18:08.000Z(16:00 KST 이후 · 지연 관측)""],""modelInternal"":[""선택 모형의 기대 누적 0.00% = 절편 0.00% + 자기 추세 0.00% + 52종목 폭·평균 0.00% · 실제 -0.57%""],""causeHypotheses"":[""자료 오류""],""unverified"":[""수급(외국인·기관·개인)·심리·과열·영향 시차·요인 중복·가중치는 이 셀에서 검증 자료 없음(실험 기록·시간순 검증에서만 판단)""]}"
analysis-c97d25ccbf62f45c,analysis,2026-09-29,2026-09-29T10:18:08Z,,,"{""forecastId"":""2026-09-28-rolling20-13cd892134e517b4"",""modelVersion"":""atlas-rolling20-A""}",live,,,,,,,,,,,,,,021240,코웨이,cons,2026-09-28-rolling20-13cd892134e517b4,atlas-rolling20-A,2026-09-28,2026-09-29,1,1,방향·크기 모두 맞음,true,true,true,0.7917321206467243,"{""realizedLog"":-0.008897735419864891,""predictedLog"":-0.001011591747358201,""errorLog"":0.007886143672506691,""basketCumLog"":null,""beta"":0.4639,""marketPartLog"":null,""residualPartLog"":null,""marketShare"":null,""unexplainedShare"":null}","[""출발가 101,600원(2026-09-28) → 실제 100,700원(2026-09-29, 1거래일) -0.89% · 예측 중앙 101,497원 -0.10% · 오차 +0.79%(절대 오차율 0.79%, 허용 1.5%)"",""방향: 예측 하락(50%) · 실제 하락 → 정답 · 80% 띠 담김(폭 5.8%)"",""실제값 정정 이력 4건"",""실제 종가 관측 시각 2026-09-29T10:18:08.000Z(16:00 KST 이후 · 지연 관측)""]","[""선택 모형의 기대 누적 +0.05% = 절편 +0.07% + 자기 추세 -0.02% + 52종목 폭·평균 +0.00% · 실제 -0.89%"",""실제 방향과 반대로 기여한 항: F11 (모형 내부 설명 · 인과 아님)""]",[],"[""수급(외국인·기관·개인)·심리·과열·영향 시차·요인 중복·가중치는 이 셀에서 검증 자료 없음(실험 기록·시간순 검증에서만 판단)""]",[],"{""luckySuspect"":false,""reasonableProcess"":false,""luckyNote"":null,""reasonableNote"":null}","{""confirmedFacts"":[""출발가 101,600원(2026-09-28) → 실제 100,700원(2026-09-29, 1거래일) -0.89% · 예측 중앙 101,497원 -0.10% · 오차 +0.79%(절대 오차율 0.79%, 허용 1.5%)"",""방향: 예측 하락(50%) · 실제 하락 → 정답 · 80% 띠 담김(폭 5.8%)"",""실제값 정정 이력 4건"",""실제 종가 관측 시각 2026-09-29T10:18:08.000Z(16:00 KST 이후 · 지연 관측)""],""modelInternal"":[""선택 모형의 기대 누적 +0.05% = 절편 +0.07% + 자기 추세 -0.02% + 52종목 폭·평균 +0.00% · 실제 -0.89%"",""실제 방향과 반대로 기여한 항: F11 (모형 내부 설명 · 인과 아님)""],""causeHypotheses"":[],""unverified"":[""수급(외국인·기관·개인)·심리·과열·영향 시차·요인 중복·가중치는 이 셀에서 검증 자료 없음(실험 기록·시간순 검증에서만 판단)""]}"
analysis-6dd41528421d0993,analysis,2026-09-29,2026-09-29T10:18:08Z,,,"{""forecastId"":""2026-09-28-rolling20-13cd892134e517b4"",""modelVersion"":""atlas-rolling20-A""}",live,,,,,,,,,,,,,,029780,삼성카드,fin,2026-09-28-rolling20-13cd892134e517b4,atlas-rolling20-A,2026-09-28,2026-09-29,1,4,방향·크기 모두 틀림,false,false,false,1.9646036544170655,"{""realizedLog"":-0.019802627296179754,""predictedLog"":-0.0003470832223247104,""errorLog"":0.019455544073855045,""basketCumLog"":null,""beta"":0.3975,""marketPartLog"":null,""residualPartLog"":null,""marketShare"":null,""unexplainedShare"":null}","[""출발가 43,350원(2026-09-28) → 실제 42,500원(2026-09-29, 1거래일) -1.96% · 예측 중앙 43,335원 -0.03% · 오차 +1.96%(절대 오차율 1.96%, 허용 1.5%)"",""방향: 예측 상승(47%) · 실제 하락 → 오답 · 80% 띠 벗어남(폭 3.4%)"",""실제값 정정 이력 5건"",""실제 종가 관측 시각 2026-09-29T10:18:08.000Z(16:00 KST 이후 · 지연 관측)""]","[""선택 모형의 기대 누적 0.00% = 절편 0.00% + 자기 추세 0.00% + 52종목 폭·평균 0.00% · 실제 -1.96%""]","[{""category"":""변동성·범위"",""evidence"":""실제값이 80% 띠 밖(폭 3.4% · 실제 이동 -1.96%)"",""counterEvidence"":""80% 띠는 명목이며 개별 셀의 벗어남은 정상 범위일 수 있음(담김률로 판단)"",""strength"":""중""},{""category"":""자료 오류"",""evidence"":""실제값 정정 5건"",""counterEvidence"":""정정 뒤 값으로 채점됨"",""strength"":""약""}]","[""수급(외국인·기관·개인)·심리·과열·영향 시차·요인 중복·가중치는 이 셀에서 검증 자료 없음(실험 기록·시간순 검증에서만 판단)""]","[""변동성·범위"",""자료 오류""]","{""luckySuspect"":false,""reasonableProcess"":false,""luckyNote"":null,""reasonableNote"":null}","{""confirmedFacts"":[""출발가 43,350원(2026-09-28) → 실제 42,500원(2026-09-29, 1거래일) -1.96% · 예측 중앙 43,335원 -0.03% · 오차 +1.96%(절대 오차율 1.96%, 허용 1.5%)"",""방향: 예측 상승(47%) · 실제 하락 → 오답 · 80% 띠 벗어남(폭 3.4%)"",""실제값 정정 이력 5건"",""실제 종가 관측 시각 2026-09-29T10:18:08.000Z(16:00 KST 이후 · 지연 관측)""],""modelInternal"":[""선택 모형의 기대 누적 0.00% = 절편 0.00% + 자기 추세 0.00% + 52종목 폭·평균 0.00% · 실제 -1.96%""],""causeHypotheses"":[""변동성·범위"",""자료 오류""],""unverified"":[""수급(외국인·기관·개인)·심리·과열·영향 시차·요인 중복·가중치는 이 셀에서 검증 자료 없음(실험 기록·시간순 검증에서만 판단)""]}"
analysis-67e65d1203fd8f75,analysis,2026-09-29,2026-09-29T10:18:08Z,,,"{""forecastId"":""2026-09-28-rolling20-13cd892134e517b4"",""modelVersion"":""atlas-rolling20-A""}",live,,,,,,,,,,,,,,111770,영원무역,cons,2026-09-28-rolling20-13cd892134e517b4,atlas-rolling20-A,2026-09-28,2026-09-29,1,1,방향·크기 모두 맞음,true,true,true,0.9219031322853387,"{""realizedLog"":-0.009852296443011594,""predictedLog"":-0.0006755010052427328,""errorLog"":0.00917679543776886,""basketCumLog"":null,""beta"":0.5629,""marketPartLog"":null,""residualPartLog"":null,""marketShare"":null,""unexplainedShare"":null}","[""출발가 71,400원(2026-09-28) → 실제 70,700원(2026-09-29, 1거래일) -0.98% · 예측 중앙 71,352원 -0.07% · 오차 +0.92%(절대 오차율 0.92%, 허용 1.5%)"",""방향: 예측 하락(49%) · 실제 하락 → 정답 · 80% 띠 담김(폭 5.3%)"",""실제값 정정 이력 5건"",""실제 종가 관측 시각 2026-09-29T10:18:08.000Z(16:00 KST 이후 · 지연 관측)""]","[""선택 모형의 기대 누적 -0.06% = 절편 +0.08% + 자기 추세 -0.22% + 52종목 폭·평균 +0.08% · 실제 -0.98%"",""실제 방향과 반대로 기여한 항: F11 (모형 내부 설명 · 인과 아님)""]",[],"[""수급(외국인·기관·개인)·심리·과열·영향 시차·요인 중복·가중치는 이 셀에서 검증 자료 없음(실험 기록·시간순 검증에서만 판단)""]",[],"{""luckySuspect"":false,""reasonableProcess"":false,""luckyNote"":null,""reasonableNote"":null}","{""confirmedFacts"":[""출발가 71,400원(2026-09-28) → 실제 70,700원(2026-09-29, 1거래일) -0.98% · 예측 중앙 71,352원 -0.07% · 오차 +0.92%(절대 오차율 0.92%, 허용 1.5%)"",""방향: 예측 하락(49%) · 실제 하락 → 정답 · 80% 띠 담김(폭 5.3%)"",""실제값 정정 이력 5건"",""실제 종가 관측 시각 2026-09-29T10:18:08.000Z(16:00 KST 이후 · 지연 관측)""],""modelInternal"":[""선택 모형의 기대 누적 -0.06% = 절편 +0.08% + 자기 추세 -0.22% + 52종목 폭·평균 +0.08% · 실제 -0.98%"",""실제 방향과 반대로 기여한 항: F11 (모형 내부 설명 · 인과 아님)""],""causeHypotheses"":[],""unverified"":[""수급(외국인·기관·개인)·심리·과열·영향 시차·요인 중복·가중치는 이 셀에서 검증 자료 없음(실험 기록·시간순 검증에서만 판단)""]}"
analysis-df4bbea42695bcff,analysis,2026-09-29,2026-09-29T10:18:08Z,,,"{""forecastId"":""2026-09-28-rolling20-13cd892134e517b4"",""modelVersion"":""atlas-rolling20-A""}",live,,,,,,,,,,,,,,035250,강원랜드,cons,2026-09-28-rolling20-13cd892134e517b4,atlas-rolling20-A,2026-09-28,2026-09-29,1,3,크기 허용·방향 틀림,false,true,true,0.5870039577787495,"{""realizedLog"":-0.005551714467507582,""predictedLog"":0.00030116355454857423,""errorLog"":0.005852878022056156,""basketCumLog"":null,""beta"":0.3952,""marketPartLog"":null,""residualPartLog"":null,""marketShare"":null,""unexplainedShare"":null}","[""출발가 14,450원(2026-09-28) → 실제 14,370원(2026-09-29, 1거래일) -0.55% · 예측 중앙 14,454원 +0.03% · 오차 +0.59%(절대 오차율 0.59%, 허용 1.5%)"",""방향: 예측 상승(48%) · 실제 하락 → 오답 · 80% 띠 담김(폭 2.7%)"",""실제값 정정 이력 4건"",""실제 종가 관측 시각 2026-09-29T10:18:08.000Z(16:00 KST 이후 · 지연 관측)""]","[""선택 모형의 기대 누적 +0.03% = 절편 -0.00% + 자기 추세 -0.05% + 52종목 폭·평균 +0.08% · 실제 -0.55%"",""실제 방향과 반대로 기여한 항: F11 (모형 내부 설명 · 인과 아님)""]","[{""category"":""자료 오류"",""evidence"":""실제값 정정 4건"",""counterEvidence"":""정정 뒤 값으로 채점됨"",""strength"":""약""}]","[""수급(외국인·기관·개인)·심리·과열·영향 시차·요인 중복·가중치는 이 셀에서 검증 자료 없음(실험 기록·시간순 검증에서만 판단)""]","[""자료 오류""]","{""luckySuspect"":false,""reasonableProcess"":true,""luckyNote"":null,""reasonableNote"":""방향은 틀렸지만 실제값이 모형 80% 띠 안 → 판단 과정은 분포 안""}","{""confirmedFacts"":[""출발가 14,450원(2026-09-28) → 실제 14,370원(2026-09-29, 1거래일) -0.55% · 예측 중앙 14,454원 +0.03% · 오차 +0.59%(절대 오차율 0.59%, 허용 1.5%)"",""방향: 예측 상승(48%) · 실제 하락 → 오답 · 80% 띠 담김(폭 2.7%)"",""실제값 정정 이력 4건"",""실제 종가 관측 시각 2026-09-29T10:18:08.000Z(16:00 KST 이후 · 지연 관측)""],""modelInternal"":[""선택 모형의 기대 누적 +0.03% = 절편 -0.00% + 자기 추세 -0.05% + 52종목 폭·평균 +0.08% · 실제 -0.55%"",""실제 방향과 반대로 기여한 항: F11 (모형 내부 설명 · 인과 아님)""],""causeHypotheses"":[""자료 오류""],""unverified"":[""수급(외국인·기관·개인)·심리·과열·영향 시차·요인 중복·가중치는 이 셀에서 검증 자료 없음(실험 기록·시간순 검증에서만 판단)""]}"
analysis-f8ace86d08c19587,analysis,2026-09-29,2026-09-29T10:18:08Z,,,"{""forecastId"":""2026-09-28-rolling20-13cd892134e517b4"",""modelVersion"":""atlas-rolling20-A""}",live,,,,,,,,,,,,,,226950,올릭스,bio,2026-09-28-rolling20-13cd892134e517b4,atlas-rolling20-A,2026-09-28,2026-09-29,1,1,방향·크기 모두 맞음,true,true,true,1.1922519628425048,"{""realizedLog"":-0.015444322427473631,""predictedLog"":-0.003592316125182199,""errorLog"":0.011852006302291431,""basketCumLog"":null,""beta"":1.3719,""marketPartLog"":null,""residualPartLog"":null,""marketShare"":null,""unexplainedShare"":null}","[""출발가 104,400원(2026-09-28) → 실제 102,800원(2026-09-29, 1거래일) -1.53% · 예측 중앙 104,026원 -0.36% · 오차 +1.19%(절대 오차율 1.19%, 허용 1.5%)"",""방향: 예측 하락(54%) · 실제 하락 → 정답 · 80% 띠 담김(폭 14.1%)"",""실제값 정정 이력 5건"",""실제 종가 관측 시각 2026-09-29T10:18:08.000Z(16:00 KST 이후 · 지연 관측)""]","[""선택 모형의 기대 누적 0.00% = 절편 0.00% + 자기 추세 0.00% + 52종목 폭·평균 0.00% · 실제 -1.53%""]",[],"[""수급(외국인·기관·개인)·심리·과열·영향 시차·요인 중복·가중치는 이 셀에서 검증 자료 없음(실험 기록·시간순 검증에서만 판단)""]",[],"{""luckySuspect"":false,""reasonableProcess"":false,""luckyNote"":null,""reasonableNote"":null}","{""confirmedFacts"":[""출발가 104,400원(2026-09-28) → 실제 102,800원(2026-09-29, 1거래일) -1.53% · 예측 중앙 104,026원 -0.36% · 오차 +1.19%(절대 오차율 1.19%, 허용 1.5%)"",""방향: 예측 하락(54%) · 실제 하락 → 정답 · 80% 띠 담김(폭 14.1%)"",""실제값 정정 이력 5건"",""실제 종가 관측 시각 2026-09-29T10:18:08.000Z(16:00 KST 이후 · 지연 관측)""],""modelInternal"":[""선택 모형의 기대 누적 0.00% = 절편 0.00% + 자기 추세 0.00% + 52종목 폭·평균 0.00% · 실제 -1.53%""],""causeHypotheses"":[],""unverified"":[""수급(외국인·기관·개인)·심리·과열·영향 시차·요인 중복·가중치는 이 셀에서 검증 자료 없음(실험 기록·시간순 검증에서만 판단)""]}"
analysis-58dc5e0d613ba7fd,analysis,2026-09-29,2026-09-29T10:18:08Z,,,"{""forecastId"":""2026-09-28-rolling20-13cd892134e517b4"",""modelVersion"":""atlas-rolling20-A""}",live,,,,,,,,,,,,,,030000,제일기획,net,2026-09-28-rolling20-13cd892134e517b4,atlas-rolling20-A,2026-09-28,2026-09-29,1,1,방향·크기 모두 맞음,true,true,true,0.07811830787595712,"{""realizedLog"":0.0011223345734787044,""predictedLog"":0.00034084621221981194,""errorLog"":-0.0007814883612588925,""basketCumLog"":null,""beta"":0.3386,""marketPartLog"":null,""residualPartLog"":null,""marketShare"":null,""unexplainedShare"":null}","[""출발가 17,810원(2026-09-28) → 실제 17,830원(2026-09-29, 1거래일) +0.11% · 예측 중앙 17,816원 +0.03% · 오차 -0.08%(절대 오차율 0.08%, 허용 1.5%)"",""방향: 예측 상승(48%) · 실제 상승 → 정답 · 80% 띠 담김(폭 3.2%)"",""실제값 정정 이력 5건"",""실제 종가 관측 시각 2026-09-29T10:18:08.000Z(16:00 KST 이후 · 지연 관측)""]","[""선택 모형의 기대 누적 0.00% = 절편 0.00% + 자기 추세 0.00% + 52종목 폭·평균 0.00% · 실제 +0.11%""]",[],"[""수급(외국인·기관·개인)·심리·과열·영향 시차·요인 중복·가중치는 이 셀에서 검증 자료 없음(실험 기록·시간순 검증에서만 판단)""]",[],"{""luckySuspect"":false,""reasonableProcess"":false,""luckyNote"":null,""reasonableNote"":null}","{""confirmedFacts"":[""출발가 17,810원(2026-09-28) → 실제 17,830원(2026-09-29, 1거래일) +0.11% · 예측 중앙 17,816원 +0.03% · 오차 -0.08%(절대 오차율 0.08%, 허용 1.5%)"",""방향: 예측 상승(48%) · 실제 상승 → 정답 · 80% 띠 담김(폭 3.2%)"",""실제값 정정 이력 5건"",""실제 종가 관측 시각 2026-09-29T10:18:08.000Z(16:00 KST 이후 · 지연 관측)""],""modelInternal"":[""선택 모형의 기대 누적 0.00% = 절편 0.00% + 자기 추세 0.00% + 52종목 폭·평균 0.00% · 실제 +0.11%""],""causeHypotheses"":[],""unverified"":[""수급(외국인·기관·개인)·심리·과열·영향 시차·요인 중복·가중치는 이 셀에서 검증 자료 없음(실험 기록·시간순 검증에서만 판단)""]}"
analysis-a96271f9d8a0a254,analysis,2026-09-29,2026-09-29T10:18:08Z,,,"{""forecastId"":""2026-09-28-atlas11-90616c6bc916e8d6"",""modelVersion"":""atlas11-A-1""}",live,,,,,,,,,,,,,,207940,삼성바이오로직스,bio,2026-09-28-atlas11-90616c6bc916e8d6,atlas11-A-1,2026-09-28,2026-09-29,1,1,방향·크기 모두 맞음,true,true,true,1.301258755331423,"{""realizedLog"":-0.01294051127573482,""predictedLog"":-0.000011860071273032298,""errorLog"":0.012928651204461789,""basketCumLog"":null,""beta"":0.6242,""marketPartLog"":null,""residualPartLog"":null,""marketShare"":null,""unexplainedShare"":null}","[""출발가 1,400,000원(2026-09-28) → 실제 1,382,000원(2026-09-29, 1거래일) -1.29% · 예측 중앙 1,399,983원 -0.00% · 오차 +1.30%(절대 오차율 1.30%, 허용 1.5%)"",""방향: 예측 하락(47%) · 실제 하락 → 정답 · 80% 띠 담김(폭 4.7%)"",""기간 안 확인된 일정 1건(기업 1 · 중요 1): 삼성바이오로직스 기업설명회 · 코리아 프리미엄 위크 — 수치 영향은 미산출"",""실제값 정정 이력 3건"",""실제 종가 관측 시각 2026-09-29T10:18:08.000Z(16:00 KST 이후 · 지연 관측)""]","[""선택 모형의 기대 누적 0.00% = 절편 0.00% + 자기 추세 0.00% + 52종목 폭·평균 0.00% · 실제 -1.29%""]",[],"[""수급(외국인·기관·개인)·심리·과열·영향 시차·요인 중복·가중치는 이 셀에서 검증 자료 없음(실험 기록·시간순 검증에서만 판단)""]",[],"{""luckySuspect"":false,""reasonableProcess"":false,""luckyNote"":null,""reasonableNote"":null}","{""confirmedFacts"":[""출발가 1,400,000원(2026-09-28) → 실제 1,382,000원(2026-09-29, 1거래일) -1.29% · 예측 중앙 1,399,983원 -0.00% · 오차 +1.30%(절대 오차율 1.30%, 허용 1.5%)"",""방향: 예측 하락(47%) · 실제 하락 → 정답 · 80% 띠 담김(폭 4.7%)"",""기간 안 확인된 일정 1건(기업 1 · 중요 1): 삼성바이오로직스 기업설명회 · 코리아 프리미엄 위크 — 수치 영향은 미산출"",""실제값 정정 이력 3건"",""실제 종가 관측 시각 2026-09-29T10:18:08.000Z(16:00 KST 이후 · 지연 관측)""],""modelInternal"":[""선택 모형의 기대 누적 0.00% = 절편 0.00% + 자기 추세 0.00% + 52종목 폭·평균 0.00% · 실제 -1.29%""],""causeHypotheses"":[],""unverified"":[""수급(외국인·기관·개인)·심리·과열·영향 시차·요인 중복·가중치는 이 셀에서 검증 자료 없음(실험 기록·시간순 검증에서만 판단)""]}"
analysis-25046e71accf30fa,analysis,2026-09-29,2026-09-29T10:18:08Z,,,"{""forecastId"":""2026-09-28-atlas11-90616c6bc916e8d6"",""modelVersion"":""atlas11-A-1""}",live,,,,,,,,,,,,,,034730,SK,util,2026-09-28-atlas11-90616c6bc916e8d6,atlas11-A-1,2026-09-28,2026-09-29,1,3,크기 허용·방향 틀림,false,true,true,1.3893764917428693,"{""realizedLog"":0.012037978559479098,""predictedLog"":-0.0019532081324840577,""errorLog"":-0.013991186691963156,""basketCumLog"":null,""beta"":1.3807,""marketPartLog"":null,""residualPartLog"":null,""marketShare"":null,""unexplainedShare"":null}","[""출발가 578,000원(2026-09-28) → 실제 585,000원(2026-09-29, 1거래일) +1.21% · 예측 중앙 576,872원 -0.20% · 오차 -1.39%(절대 오차율 1.39%, 허용 1.5%)"",""방향: 예측 하락(51%) · 실제 상승 → 오답 · 80% 띠 담김(폭 9.3%)"",""실제값 정정 이력 4건"",""실제 종가 관측 시각 2026-09-29T10:18:08.000Z(16:00 KST 이후 · 지연 관측)""]","[""선택 모형의 기대 누적 0.00% = 절편 0.00% + 자기 추세 0.00% + 52종목 폭·평균 0.00% · 실제 +1.21%""]","[{""category"":""자료 오류"",""evidence"":""실제값 정정 4건"",""counterEvidence"":""정정 뒤 값으로 채점됨"",""strength"":""약""}]","[""수급(외국인·기관·개인)·심리·과열·영향 시차·요인 중복·가중치는 이 셀에서 검증 자료 없음(실험 기록·시간순 검증에서만 판단)""]","[""자료 오류""]","{""luckySuspect"":false,""reasonableProcess"":true,""luckyNote"":null,""reasonableNote"":""방향은 틀렸지만 실제값이 모형 80% 띠 안 → 판단 과정은 분포 안""}","{""confirmedFacts"":[""출발가 578,000원(2026-09-28) → 실제 585,000원(2026-09-29, 1거래일) +1.21% · 예측 중앙 576,872원 -0.20% · 오차 -1.39%(절대 오차율 1.39%, 허용 1.5%)"",""방향: 예측 하락(51%) · 실제 상승 → 오답 · 80% 띠 담김(폭 9.3%)"",""실제값 정정 이력 4건"",""실제 종가 관측 시각 2026-09-29T10:18:08.000Z(16:00 KST 이후 · 지연 관측)""],""modelInternal"":[""선택 모형의 기대 누적 0.00% = 절편 0.00% + 자기 추세 0.00% + 52종목 폭·평균 0.00% · 실제 +1.21%""],""causeHypotheses"":[""자료 오류""],""unverified"":[""수급(외국인·기관·개인)·심리·과열·영향 시차·요인 중복·가중치는 이 셀에서 검증 자료 없음(실험 기록·시간순 검증에서만 판단)""]}"
analysis-c315a4ee4f4e48b3,analysis,2026-09-29,2026-09-29T10:18:08Z,,,"{""forecastId"":""2026-09-28-atlas11-90616c6bc916e8d6"",""modelVersion"":""atlas11-A-1""}",live,,,,,,,,,,,,,,010130,고려아연,chem,2026-09-28-atlas11-90616c6bc916e8d6,atlas11-A-1,2026-09-28,2026-09-29,1,2,방향 맞고 크기 틀림,true,false,true,2.7076206595510044,"{""realizedLog"":-0.02946806225690798,""predictedLog"":-0.002751930951901879,""errorLog"":0.0267161313050061,""basketCumLog"":null,""beta"":1.3237,""marketPartLog"":null,""residualPartLog"":null,""marketShare"":null,""unexplainedShare"":null}","[""출발가 1,102,000원(2026-09-28) → 실제 1,070,000원(2026-09-29, 1거래일) -2.90% · 예측 중앙 1,098,972원 -0.27% · 오차 +2.71%(절대 오차율 2.71%, 허용 1.5%)"",""방향: 예측 하락(54%) · 실제 하락 → 정답 · 80% 띠 담김(폭 8.6%)"",""실제값 정정 이력 3건"",""실제 종가 관측 시각 2026-09-29T10:18:08.000Z(16:00 KST 이후 · 지연 관측)""]","[""선택 모형의 기대 누적 0.00% = 절편 0.00% + 자기 추세 0.00% + 52종목 폭·평균 0.00% · 실제 -2.90%""]","[{""category"":""자료 오류"",""evidence"":""실제값 정정 3건"",""counterEvidence"":""정정 뒤 값으로 채점됨"",""strength"":""약""}]","[""수급(외국인·기관·개인)·심리·과열·영향 시차·요인 중복·가중치는 이 셀에서 검증 자료 없음(실험 기록·시간순 검증에서만 판단)""]","[""자료 오류""]","{""luckySuspect"":false,""reasonableProcess"":false,""luckyNote"":null,""reasonableNote"":null}","{""confirmedFacts"":[""출발가 1,102,000원(2026-09-28) → 실제 1,070,000원(2026-09-29, 1거래일) -2.90% · 예측 중앙 1,098,972원 -0.27% · 오차 +2.71%(절대 오차율 2.71%, 허용 1.5%)"",""방향: 예측 하락(54%) · 실제 하락 → 정답 · 80% 띠 담김(폭 8.6%)"",""실제값 정정 이력 3건"",""실제 종가 관측 시각 2026-09-29T10:18:08.000Z(16:00 KST 이후 · 지연 관측)""],""modelInternal"":[""선택 모형의 기대 누적 0.00% = 절편 0.00% + 자기 추세 0.00% + 52종목 폭·평균 0.00% · 실제 -2.90%""],""causeHypotheses"":[""자료 오류""],""unverified"":[""수급(외국인·기관·개인)·심리·과열·영향 시차·요인 중복·가중치는 이 셀에서 검증 자료 없음(실험 기록·시간순 검증에서만 판단)""]}"
analysis-f5766d42fd470ba8,analysis,2026-09-29,2026-09-29T10:18:08Z,,,"{""forecastId"":""2026-09-28-atlas11-90616c6bc916e8d6"",""modelVersion"":""atlas11-A-1""}",live,,,,,,,,,,,,,,138040,메리츠금융지주,fin,2026-09-28-atlas11-90616c6bc916e8d6,atlas11-A-1,2026-09-28,2026-09-29,1,1,방향·크기 모두 맞음,true,true,true,0.3537789003832506,"{""realizedLog"":-0.008280062360613365,""predictedLog"":-0.004748516611752403,""errorLog"":0.0035315457488609625,""basketCumLog"":null,""beta"":0.6414,""marketPartLog"":null,""residualPartLog"":null,""marketShare"":null,""unexplainedShare"":null}","[""출발가 133,400원(2026-09-28) → 실제 132,300원(2026-09-29, 1거래일) -0.82% · 예측 중앙 132,768원 -0.47% · 오차 +0.35%(절대 오차율 0.35%, 허용 1.5%)"",""방향: 예측 하락(57%) · 실제 하락 → 정답 · 80% 띠 담김(폭 5.7%)"",""실제값 정정 이력 4건"",""실제 종가 관측 시각 2026-09-29T10:18:08.000Z(16:00 KST 이후 · 지연 관측)""]","[""선택 모형의 기대 누적 -0.25% = 절편 +0.04% + 자기 추세 -0.31% + 52종목 폭·평균 +0.02% · 실제 -0.82%"",""실제 방향과 반대로 기여한 항: F11 (모형 내부 설명 · 인과 아님)""]",[],"[""수급(외국인·기관·개인)·심리·과열·영향 시차·요인 중복·가중치는 이 셀에서 검증 자료 없음(실험 기록·시간순 검증에서만 판단)""]",[],"{""luckySuspect"":false,""reasonableProcess"":false,""luckyNote"":null,""reasonableNote"":null}","{""confirmedFacts"":[""출발가 133,400원(2026-09-28) → 실제 132,300원(2026-09-29, 1거래일) -0.82% · 예측 중앙 132,768원 -0.47% · 오차 +0.35%(절대 오차율 0.35%, 허용 1.5%)"",""방향: 예측 하락(57%) · 실제 하락 → 정답 · 80% 띠 담김(폭 5.7%)"",""실제값 정정 이력 4건"",""실제 종가 관측 시각 2026-09-29T10:18:08.000Z(16:00 KST 이후 · 지연 관측)""],""modelInternal"":[""선택 모형의 기대 누적 -0.25% = 절편 +0.04% + 자기 추세 -0.31% + 52종목 폭·평균 +0.02% · 실제 -0.82%"",""실제 방향과 반대로 기여한 항: F11 (모형 내부 설명 · 인과 아님)""],""causeHypotheses"":[],""unverified"":[""수급(외국인·기관·개인)·심리·과열·영향 시차·요인 중복·가중치는 이 셀에서 검증 자료 없음(실험 기록·시간순 검증에서만 판단)""]}"
analysis-71621ed3bc4964a0,analysis,2026-09-29,2026-09-29T10:18:08Z,,,"{""forecastId"":""2026-09-28-atlas11-90616c6bc916e8d6"",""modelVersion"":""atlas11-A-1""}",live,,,,,,,,,,,,,,011200,HMM,auto,2026-09-28-atlas11-90616c6bc916e8d6,atlas11-A-1,2026-09-28,2026-09-29,1,2,방향 맞고 크기 틀림,true,false,true,1.6385230958580754,"{""realizedLog"":-0.016607736399660525,""predictedLog"":-0.00035529477868780936,""errorLog"":0.016252441620972717,""basketCumLog"":null,""beta"":0.6513,""marketPartLog"":null,""residualPartLog"":null,""marketShare"":null,""unexplainedShare"":null}","[""출발가 21,250원(2026-09-28) → 실제 20,900원(2026-09-29, 1거래일) -1.65% · 예측 중앙 21,242원 -0.04% · 오차 +1.64%(절대 오차율 1.64%, 허용 1.5%)"",""방향: 예측 하락(49%) · 실제 하락 → 정답 · 80% 띠 담김(폭 5.0%)"",""실제값 정정 이력 6건"",""실제 종가 관측 시각 2026-09-29T10:18:08.000Z(16:00 KST 이후 · 지연 관측)""]","[""선택 모형의 기대 누적 0.00% = 절편 0.00% + 자기 추세 0.00% + 52종목 폭·평균 0.00% · 실제 -1.65%""]","[{""category"":""자료 오류"",""evidence"":""실제값 정정 6건"",""counterEvidence"":""정정 뒤 값으로 채점됨"",""strength"":""약""}]","[""수급(외국인·기관·개인)·심리·과열·영향 시차·요인 중복·가중치는 이 셀에서 검증 자료 없음(실험 기록·시간순 검증에서만 판단)""]","[""자료 오류""]","{""luckySuspect"":false,""reasonableProcess"":false,""luckyNote"":null,""reasonableNote"":null}","{""confirmedFacts"":[""출발가 21,250원(2026-09-28) → 실제 20,900원(2026-09-29, 1거래일) -1.65% · 예측 중앙 21,242원 -0.04% · 오차 +1.64%(절대 오차율 1.64%, 허용 1.5%)"",""방향: 예측 하락(49%) · 실제 하락 → 정답 · 80% 띠 담김(폭 5.0%)"",""실제값 정정 이력 6건"",""실제 종가 관측 시각 2026-09-29T10:18:08.000Z(16:00 KST 이후 · 지연 관측)""],""modelInternal"":[""선택 모형의 기대 누적 0.00% = 절편 0.00% + 자기 추세 0.00% + 52종목 폭·평균 0.00% · 실제 -1.65%""],""causeHypotheses"":[""자료 오류""],""unverified"":[""수급(외국인·기관·개인)·심리·과열·영향 시차·요인 중복·가중치는 이 셀에서 검증 자료 없음(실험 기록·시간순 검증에서만 판단)""]}"
analysis-eb9c5fc3a4ad968d,analysis,2026-09-29,2026-09-29T10:18:08Z,,,"{""forecastId"":""2026-09-28-atlas11-90616c6bc916e8d6"",""modelVersion"":""atlas11-A-1""}",live,,,,,,,,,,,,,,051910,LG화학,chem,2026-09-28-atlas11-90616c6bc916e8d6,atlas11-A-1,2026-09-28,2026-09-29,1,2,방향 맞고 크기 틀림,true,false,false,4.173225198655908,"{""realizedLog"":-0.042808092491884525,""predictedLog"":-0.0019231380465504,""errorLog"":0.040884954445334125,""basketCumLog"":null,""beta"":1.3201,""marketPartLog"":null,""residualPartLog"":null,""marketShare"":null,""unexplainedShare"":null}","[""출발가 262,500원(2026-09-28) → 실제 251,500원(2026-09-29, 1거래일) -4.19% · 예측 중앙 261,996원 -0.19% · 오차 +4.17%(절대 오차율 4.17%, 허용 1.5%)"",""방향: 예측 하락(51%) · 실제 하락 → 정답 · 80% 띠 벗어남(폭 8.5%)"",""실제값 정정 이력 2건"",""실제 종가 관측 시각 2026-09-29T10:18:08.000Z(16:00 KST 이후 · 지연 관측)""]","[""선택 모형의 기대 누적 -0.07% = 절편 -0.01% + 자기 추세 -0.05% + 52종목 폭·평균 -0.01% · 실제 -4.19%""]","[{""category"":""변동성·범위"",""evidence"":""실제값이 80% 띠 밖(폭 8.5% · 실제 이동 -4.19%)"",""counterEvidence"":""80% 띠는 명목이며 개별 셀의 벗어남은 정상 범위일 수 있음(담김률로 판단)"",""strength"":""중""},{""category"":""자료 오류"",""evidence"":""실제값 정정 2건"",""counterEvidence"":""정정 뒤 값으로 채점됨"",""strength"":""약""}]","[""수급(외국인·기관·개인)·심리·과열·영향 시차·요인 중복·가중치는 이 셀에서 검증 자료 없음(실험 기록·시간순 검증에서만 판단)""]","[""변동성·범위"",""자료 오류""]","{""luckySuspect"":false,""reasonableProcess"":false,""luckyNote"":null,""reasonableNote"":null}","{""confirmedFacts"":[""출발가 262,500원(2026-09-28) → 실제 251,500원(2026-09-29, 1거래일) -4.19% · 예측 중앙 261,996원 -0.19% · 오차 +4.17%(절대 오차율 4.17%, 허용 1.5%)"",""방향: 예측 하락(51%) · 실제 하락 → 정답 · 80% 띠 벗어남(폭 8.5%)"",""실제값 정정 이력 2건"",""실제 종가 관측 시각 2026-09-29T10:18:08.000Z(16:00 KST 이후 · 지연 관측)""],""modelInternal"":[""선택 모형의 기대 누적 -0.07% = 절편 -0.01% + 자기 추세 -0.05% + 52종목 폭·평균 -0.01% · 실제 -4.19%""],""causeHypotheses"":[""변동성·범위"",""자료 오류""],""unverified"":[""수급(외국인·기관·개인)·심리·과열·영향 시차·요인 중복·가중치는 이 셀에서 검증 자료 없음(실험 기록·시간순 검증에서만 판단)""]}"
analysis-3214f61919085827,analysis,2026-09-29,2026-09-29T10:18:08Z,,,"{""forecastId"":""2026-09-28-atlas11-90616c6bc916e8d6"",""modelVersion"":""atlas11-A-1""}",live,,,,,,,,,,,,,,018260,삼성에스디에스,semi,2026-09-28-atlas11-90616c6bc916e8d6,atlas11-A-1,2026-09-28,2026-09-29,1,1,방향·크기 모두 맞음,true,true,true,0.8221706009797177,"{""realizedLog"":-0.00917437627604127,""predictedLog"":-0.0009862843732452008,""errorLog"":0.008188091902796069,""basketCumLog"":null,""beta"":1.0842,""marketPartLog"":null,""residualPartLog"":null,""marketShare"":null,""unexplainedShare"":null}","[""출발가 219,000원(2026-09-28) → 실제 217,000원(2026-09-29, 1거래일) -0.91% · 예측 중앙 218,784원 -0.10% · 오차 +0.82%(절대 오차율 0.82%, 허용 1.5%)"",""방향: 예측 하락(48%) · 실제 하락 → 정답 · 80% 띠 담김(폭 5.6%)"",""실제값 정정 이력 4건"",""실제 종가 관측 시각 2026-09-29T10:18:08.000Z(16:00 KST 이후 · 지연 관측)""]","[""선택 모형의 기대 누적 0.00% = 절편 0.00% + 자기 추세 0.00% + 52종목 폭·평균 0.00% · 실제 -0.91%""]",[],"[""수급(외국인·기관·개인)·심리·과열·영향 시차·요인 중복·가중치는 이 셀에서 검증 자료 없음(실험 기록·시간순 검증에서만 판단)""]",[],"{""luckySuspect"":false,""reasonableProcess"":false,""luckyNote"":null,""reasonableNote"":null}","{""confirmedFacts"":[""출발가 219,000원(2026-09-28) → 실제 217,000원(2026-09-29, 1거래일) -0.91% · 예측 중앙 218,784원 -0.10% · 오차 +0.82%(절대 오차율 0.82%, 허용 1.5%)"",""방향: 예측 하락(48%) · 실제 하락 → 정답 · 80% 띠 담김(폭 5.6%)"",""실제값 정정 이력 4건"",""실제 종가 관측 시각 2026-09-29T10:18:08.000Z(16:00 KST 이후 · 지연 관측)""],""modelInternal"":[""선택 모형의 기대 누적 0.00% = 절편 0.00% + 자기 추세 0.00% + 52종목 폭·평균 0.00% · 실제 -0.91%""],""causeHypotheses"":[],""unverified"":[""수급(외국인·기관·개인)·심리·과열·영향 시차·요인 중복·가중치는 이 셀에서 검증 자료 없음(실험 기록·시간순 검증에서만 판단)""]}"
analysis-4e34498e77f65c00,analysis,2026-09-29,2026-09-29T10:18:08Z,,,"{""forecastId"":""2026-09-28-atlas11-90616c6bc916e8d6"",""modelVersion"":""atlas11-A-1""}",live,,,,,,,,,,,,,,086280,현대글로비스,auto,2026-09-28-atlas11-90616c6bc916e8d6,atlas11-A-1,2026-09-28,2026-09-29,1,1,방향·크기 모두 맞음,true,true,true,0.7997675906655682,"{""realizedLog"":-0.009588768901615561,""predictedLog"":-0.0016229049032556976,""errorLog"":0.007965863998359864,""basketCumLog"":null,""beta"":1.0312,""marketPartLog"":null,""residualPartLog"":null,""marketShare"":null,""unexplainedShare"":null}","[""출발가 199,100원(2026-09-28) → 실제 197,200원(2026-09-29, 1거래일) -0.95% · 예측 중앙 198,777원 -0.16% · 오차 +0.80%(절대 오차율 0.80%, 허용 1.5%)"",""방향: 예측 하락(51%) · 실제 하락 → 정답 · 80% 띠 담김(폭 6.0%)"",""실제값 정정 이력 3건"",""실제 종가 관측 시각 2026-09-29T10:18:08.000Z(16:00 KST 이후 · 지연 관측)""]","[""선택 모형의 기대 누적 0.00% = 절편 0.00% + 자기 추세 0.00% + 52종목 폭·평균 0.00% · 실제 -0.95%""]",[],"[""수급(외국인·기관·개인)·심리·과열·영향 시차·요인 중복·가중치는 이 셀에서 검증 자료 없음(실험 기록·시간순 검증에서만 판단)""]",[],"{""luckySuspect"":false,""reasonableProcess"":false,""luckyNote"":null,""reasonableNote"":null}","{""confirmedFacts"":[""출발가 199,100원(2026-09-28) → 실제 197,200원(2026-09-29, 1거래일) -0.95% · 예측 중앙 198,777원 -0.16% · 오차 +0.80%(절대 오차율 0.80%, 허용 1.5%)"",""방향: 예측 하락(51%) · 실제 하락 → 정답 · 80% 띠 담김(폭 6.0%)"",""실제값 정정 이력 3건"",""실제 종가 관측 시각 2026-09-29T10:18:08.000Z(16:00 KST 이후 · 지연 관측)""],""modelInternal"":[""선택 모형의 기대 누적 0.00% = 절편 0.00% + 자기 추세 0.00% + 52종목 폭·평균 0.00% · 실제 -0.95%""],""causeHypotheses"":[],""unverified"":[""수급(외국인·기관·개인)·심리·과열·영향 시차·요인 중복·가중치는 이 셀에서 검증 자료 없음(실험 기록·시간순 검증에서만 판단)""]}"
analysis-46cae16659a35ab1,analysis,2026-09-29,2026-09-29T10:18:08Z,,,"{""forecastId"":""2026-09-28-atlas11-90616c6bc916e8d6"",""modelVersion"":""atlas11-A-1""}",live,,,,,,,,,,,,,,278470,에이피알,cons,2026-09-28-atlas11-90616c6bc916e8d6,atlas11-A-1,2026-09-28,2026-09-29,1,2,방향 맞고 크기 틀림,true,false,true,1.8980671866050114,"{""realizedLog"":-0.019178670030571943,""predictedLog"":-0.00037588371663552786,""errorLog"":0.018802786313936413,""basketCumLog"":null,""beta"":0.9172,""marketPartLog"":null,""residualPartLog"":null,""marketShare"":null,""unexplainedShare"":null}","[""출발가 368,500원(2026-09-28) → 실제 361,500원(2026-09-29, 1거래일) -1.90% · 예측 중앙 368,362원 -0.04% · 오차 +1.90%(절대 오차율 1.90%, 허용 1.5%)"",""방향: 예측 하락(49%) · 실제 하락 → 정답 · 80% 띠 담김(폭 9.7%)"",""실제값 정정 이력 5건"",""실제 종가 관측 시각 2026-09-29T10:18:08.000Z(16:00 KST 이후 · 지연 관측)""]","[""선택 모형의 기대 누적 0.00% = 절편 0.00% + 자기 추세 0.00% + 52종목 폭·평균 0.00% · 실제 -1.90%""]","[{""category"":""자료 오류"",""evidence"":""실제값 정정 5건"",""counterEvidence"":""정정 뒤 값으로 채점됨"",""strength"":""약""}]","[""수급(외국인·기관·개인)·심리·과열·영향 시차·요인 중복·가중치는 이 셀에서 검증 자료 없음(실험 기록·시간순 검증에서만 판단)""]","[""자료 오류""]","{""luckySuspect"":false,""reasonableProcess"":false,""luckyNote"":null,""reasonableNote"":null}","{""confirmedFacts"":[""출발가 368,500원(2026-09-28) → 실제 361,500원(2026-09-29, 1거래일) -1.90% · 예측 중앙 368,362원 -0.04% · 오차 +1.90%(절대 오차율 1.90%, 허용 1.5%)"",""방향: 예측 하락(49%) · 실제 하락 → 정답 · 80% 띠 담김(폭 9.7%)"",""실제값 정정 이력 5건"",""실제 종가 관측 시각 2026-09-29T10:18:08.000Z(16:00 KST 이후 · 지연 관측)""],""modelInternal"":[""선택 모형의 기대 누적 0.00% = 절편 0.00% + 자기 추세 0.00% + 52종목 폭·평균 0.00% · 실제 -1.90%""],""causeHypotheses"":[""자료 오류""],""unverified"":[""수급(외국인·기관·개인)·심리·과열·영향 시차·요인 중복·가중치는 이 셀에서 검증 자료 없음(실험 기록·시간순 검증에서만 판단)""]}"
analysis-3fff96a6d01b1d0a,analysis,2026-09-29,2026-09-29T10:18:08Z,,,"{""forecastId"":""2026-09-28-atlas11-90616c6bc916e8d6"",""modelVersion"":""atlas11-A-1""}",live,,,,,,,,,,,,,,030200,KT,net,2026-09-28-atlas11-90616c6bc916e8d6,atlas11-A-1,2026-09-28,2026-09-29,1,3,크기 허용·방향 틀림,false,true,true,0.5895671408512574,"{""realizedLog"":-0.005687219120589576,""predictedLog"":0.00019114082571512026,""errorLog"":0.005878359946304697,""basketCumLog"":null,""beta"":0.4,""marketPartLog"":null,""residualPartLog"":null,""marketShare"":null,""unexplainedShare"":null}","[""출발가 52,900원(2026-09-28) → 실제 52,600원(2026-09-29, 1거래일) -0.57% · 예측 중앙 52,910원 +0.02% · 오차 +0.59%(절대 오차율 0.59%, 허용 1.5%)"",""방향: 예측 상승(47%) · 실제 하락 → 오답 · 80% 띠 담김(폭 3.2%)"",""실제값 정정 이력 5건"",""실제 종가 관측 시각 2026-09-29T10:18:08.000Z(16:00 KST 이후 · 지연 관측)""]","[""선택 모형의 기대 누적 0.00% = 절편 0.00% + 자기 추세 0.00% + 52종목 폭·평균 0.00% · 실제 -0.57%""]","[{""category"":""자료 오류"",""evidence"":""실제값 정정 5건"",""counterEvidence"":""정정 뒤 값으로 채점됨"",""strength"":""약""}]","[""수급(외국인·기관·개인)·심리·과열·영향 시차·요인 중복·가중치는 이 셀에서 검증 자료 없음(실험 기록·시간순 검증에서만 판단)""]","[""자료 오류""]","{""luckySuspect"":false,""reasonableProcess"":true,""luckyNote"":null,""reasonableNote"":""방향은 틀렸지만 실제값이 모형 80% 띠 안 → 판단 과정은 분포 안""}","{""confirmedFacts"":[""출발가 52,900원(2026-09-28) → 실제 52,600원(2026-09-29, 1거래일) -0.57% · 예측 중앙 52,910원 +0.02% · 오차 +0.59%(절대 오차율 0.59%, 허용 1.5%)"",""방향: 예측 상승(47%) · 실제 하락 → 오답 · 80% 띠 담김(폭 3.2%)"",""실제값 정정 이력 5건"",""실제 종가 관측 시각 2026-09-29T10:18:08.000Z(16:00 KST 이후 · 지연 관측)""],""modelInternal"":[""선택 모형의 기대 누적 0.00% = 절편 0.00% + 자기 추세 0.00% + 52종목 폭·평균 0.00% · 실제 -0.57%""],""causeHypotheses"":[""자료 오류""],""unverified"":[""수급(외국인·기관·개인)·심리·과열·영향 시차·요인 중복·가중치는 이 셀에서 검증 자료 없음(실험 기록·시간순 검증에서만 판단)""]}"
analysis-76e38858cf715bdb,analysis,2026-09-29,2026-09-29T10:18:08Z,,,"{""forecastId"":""2026-09-28-atlas11-90616c6bc916e8d6"",""modelVersion"":""atlas11-A-1""}",live,,,,,,,,,,,,,,021240,코웨이,cons,2026-09-28-atlas11-90616c6bc916e8d6,atlas11-A-1,2026-09-28,2026-09-29,1,1,방향·크기 모두 맞음,true,true,true,0.7917321206467243,"{""realizedLog"":-0.008897735419864891,""predictedLog"":-0.001011591747358201,""errorLog"":0.007886143672506691,""basketCumLog"":null,""beta"":0.4639,""marketPartLog"":null,""residualPartLog"":null,""marketShare"":null,""unexplainedShare"":null}","[""출발가 101,600원(2026-09-28) → 실제 100,700원(2026-09-29, 1거래일) -0.89% · 예측 중앙 101,497원 -0.10% · 오차 +0.79%(절대 오차율 0.79%, 허용 1.5%)"",""방향: 예측 하락(50%) · 실제 하락 → 정답 · 80% 띠 담김(폭 5.8%)"",""실제값 정정 이력 4건"",""실제 종가 관측 시각 2026-09-29T10:18:08.000Z(16:00 KST 이후 · 지연 관측)""]","[""선택 모형의 기대 누적 +0.05% = 절편 +0.07% + 자기 추세 -0.02% + 52종목 폭·평균 +0.00% · 실제 -0.89%"",""실제 방향과 반대로 기여한 항: F11 (모형 내부 설명 · 인과 아님)""]",[],"[""수급(외국인·기관·개인)·심리·과열·영향 시차·요인 중복·가중치는 이 셀에서 검증 자료 없음(실험 기록·시간순 검증에서만 판단)""]",[],"{""luckySuspect"":false,""reasonableProcess"":false,""luckyNote"":null,""reasonableNote"":null}","{""confirmedFacts"":[""출발가 101,600원(2026-09-28) → 실제 100,700원(2026-09-29, 1거래일) -0.89% · 예측 중앙 101,497원 -0.10% · 오차 +0.79%(절대 오차율 0.79%, 허용 1.5%)"",""방향: 예측 하락(50%) · 실제 하락 → 정답 · 80% 띠 담김(폭 5.8%)"",""실제값 정정 이력 4건"",""실제 종가 관측 시각 2026-09-29T10:18:08.000Z(16:00 KST 이후 · 지연 관측)""],""modelInternal"":[""선택 모형의 기대 누적 +0.05% = 절편 +0.07% + 자기 추세 -0.02% + 52종목 폭·평균 +0.00% · 실제 -0.89%"",""실제 방향과 반대로 기여한 항: F11 (모형 내부 설명 · 인과 아님)""],""causeHypotheses"":[],""unverified"":[""수급(외국인·기관·개인)·심리·과열·영향 시차·요인 중복·가중치는 이 셀에서 검증 자료 없음(실험 기록·시간순 검증에서만 판단)""]}"
analysis-75df099bce1c3b23,analysis,2026-09-29,2026-09-29T10:18:08Z,,,"{""forecastId"":""2026-09-28-atlas11-90616c6bc916e8d6"",""modelVersion"":""atlas11-A-1""}",live,,,,,,,,,,,,,,029780,삼성카드,fin,2026-09-28-atlas11-90616c6bc916e8d6,atlas11-A-1,2026-09-28,2026-09-29,1,4,방향·크기 모두 틀림,false,false,false,1.9646036544170655,"{""realizedLog"":-0.019802627296179754,""predictedLog"":-0.0003470832223247104,""errorLog"":0.019455544073855045,""basketCumLog"":null,""beta"":0.3975,""marketPartLog"":null,""residualPartLog"":null,""marketShare"":null,""unexplainedShare"":null}","[""출발가 43,350원(2026-09-28) → 실제 42,500원(2026-09-29, 1거래일) -1.96% · 예측 중앙 43,335원 -0.03% · 오차 +1.96%(절대 오차율 1.96%, 허용 1.5%)"",""방향: 예측 상승(47%) · 실제 하락 → 오답 · 80% 띠 벗어남(폭 3.4%)"",""실제값 정정 이력 5건"",""실제 종가 관측 시각 2026-09-29T10:18:08.000Z(16:00 KST 이후 · 지연 관측)""]","[""선택 모형의 기대 누적 0.00% = 절편 0.00% + 자기 추세 0.00% + 52종목 폭·평균 0.00% · 실제 -1.96%""]","[{""category"":""변동성·범위"",""evidence"":""실제값이 80% 띠 밖(폭 3.4% · 실제 이동 -1.96%)"",""counterEvidence"":""80% 띠는 명목이며 개별 셀의 벗어남은 정상 범위일 수 있음(담김률로 판단)"",""strength"":""중""},{""category"":""자료 오류"",""evidence"":""실제값 정정 5건"",""counterEvidence"":""정정 뒤 값으로 채점됨"",""strength"":""약""}]","[""수급(외국인·기관·개인)·심리·과열·영향 시차·요인 중복·가중치는 이 셀에서 검증 자료 없음(실험 기록·시간순 검증에서만 판단)""]","[""변동성·범위"",""자료 오류""]","{""luckySuspect"":false,""reasonableProcess"":false,""luckyNote"":null,""reasonableNote"":null}","{""confirmedFacts"":[""출발가 43,350원(2026-09-28) → 실제 42,500원(2026-09-29, 1거래일) -1.96% · 예측 중앙 43,335원 -0.03% · 오차 +1.96%(절대 오차율 1.96%, 허용 1.5%)"",""방향: 예측 상승(47%) · 실제 하락 → 오답 · 80% 띠 벗어남(폭 3.4%)"",""실제값 정정 이력 5건"",""실제 종가 관측 시각 2026-09-29T10:18:08.000Z(16:00 KST 이후 · 지연 관측)""],""modelInternal"":[""선택 모형의 기대 누적 0.00% = 절편 0.00% + 자기 추세 0.00% + 52종목 폭·평균 0.00% · 실제 -1.96%""],""causeHypotheses"":[""변동성·범위"",""자료 오류""],""unverified"":[""수급(외국인·기관·개인)·심리·과열·영향 시차·요인 중복·가중치는 이 셀에서 검증 자료 없음(실험 기록·시간순 검증에서만 판단)""]}"
analysis-af97653b0cf18c4f,analysis,2026-09-29,2026-09-29T10:18:08Z,,,"{""forecastId"":""2026-09-28-atlas11-90616c6bc916e8d6"",""modelVersion"":""atlas11-A-1""}",live,,,,,,,,,,,,,,111770,영원무역,cons,2026-09-28-atlas11-90616c6bc916e8d6,atlas11-A-1,2026-09-28,2026-09-29,1,1,방향·크기 모두 맞음,true,true,true,0.9219031322853387,"{""realizedLog"":-0.009852296443011594,""predictedLog"":-0.0006755010052427328,""errorLog"":0.00917679543776886,""basketCumLog"":null,""beta"":0.5629,""marketPartLog"":null,""residualPartLog"":null,""marketShare"":null,""unexplainedShare"":null}","[""출발가 71,400원(2026-09-28) → 실제 70,700원(2026-09-29, 1거래일) -0.98% · 예측 중앙 71,352원 -0.07% · 오차 +0.92%(절대 오차율 0.92%, 허용 1.5%)"",""방향: 예측 하락(49%) · 실제 하락 → 정답 · 80% 띠 담김(폭 5.3%)"",""실제값 정정 이력 5건"",""실제 종가 관측 시각 2026-09-29T10:18:08.000Z(16:00 KST 이후 · 지연 관측)""]","[""선택 모형의 기대 누적 -0.06% = 절편 +0.08% + 자기 추세 -0.22% + 52종목 폭·평균 +0.08% · 실제 -0.98%"",""실제 방향과 반대로 기여한 항: F11 (모형 내부 설명 · 인과 아님)""]",[],"[""수급(외국인·기관·개인)·심리·과열·영향 시차·요인 중복·가중치는 이 셀에서 검증 자료 없음(실험 기록·시간순 검증에서만 판단)""]",[],"{""luckySuspect"":false,""reasonableProcess"":false,""luckyNote"":null,""reasonableNote"":null}","{""confirmedFacts"":[""출발가 71,400원(2026-09-28) → 실제 70,700원(2026-09-29, 1거래일) -0.98% · 예측 중앙 71,352원 -0.07% · 오차 +0.92%(절대 오차율 0.92%, 허용 1.5%)"",""방향: 예측 하락(49%) · 실제 하락 → 정답 · 80% 띠 담김(폭 5.3%)"",""실제값 정정 이력 5건"",""실제 종가 관측 시각 2026-09-29T10:18:08.000Z(16:00 KST 이후 · 지연 관측)""],""modelInternal"":[""선택 모형의 기대 누적 -0.06% = 절편 +0.08% + 자기 추세 -0.22% + 52종목 폭·평균 +0.08% · 실제 -0.98%"",""실제 방향과 반대로 기여한 항: F11 (모형 내부 설명 · 인과 아님)""],""causeHypotheses"":[],""unverified"":[""수급(외국인·기관·개인)·심리·과열·영향 시차·요인 중복·가중치는 이 셀에서 검증 자료 없음(실험 기록·시간순 검증에서만 판단)""]}"
analysis-ca898d1cd25b3f33,analysis,2026-09-29,2026-09-29T10:18:08Z,,,"{""forecastId"":""2026-09-28-atlas11-90616c6bc916e8d6"",""modelVersion"":""atlas11-A-1""}",live,,,,,,,,,,,,,,035250,강원랜드,cons,2026-09-28-atlas11-90616c6bc916e8d6,atlas11-A-1,2026-09-28,2026-09-29,1,3,크기 허용·방향 틀림,false,true,true,0.5870039577787495,"{""realizedLog"":-0.005551714467507582,""predictedLog"":0.00030116355454857423,""errorLog"":0.005852878022056156,""basketCumLog"":null,""beta"":0.3952,""marketPartLog"":null,""residualPartLog"":null,""marketShare"":null,""unexplainedShare"":null}","[""출발가 14,450원(2026-09-28) → 실제 14,370원(2026-09-29, 1거래일) -0.55% · 예측 중앙 14,454원 +0.03% · 오차 +0.59%(절대 오차율 0.59%, 허용 1.5%)"",""방향: 예측 상승(48%) · 실제 하락 → 오답 · 80% 띠 담김(폭 2.7%)"",""실제값 정정 이력 4건"",""실제 종가 관측 시각 2026-09-29T10:18:08.000Z(16:00 KST 이후 · 지연 관측)""]","[""선택 모형의 기대 누적 +0.03% = 절편 -0.00% + 자기 추세 -0.05% + 52종목 폭·평균 +0.08% · 실제 -0.55%"",""실제 방향과 반대로 기여한 항: F11 (모형 내부 설명 · 인과 아님)""]","[{""category"":""자료 오류"",""evidence"":""실제값 정정 4건"",""counterEvidence"":""정정 뒤 값으로 채점됨"",""strength"":""약""}]","[""수급(외국인·기관·개인)·심리·과열·영향 시차·요인 중복·가중치는 이 셀에서 검증 자료 없음(실험 기록·시간순 검증에서만 판단)""]","[""자료 오류""]","{""luckySuspect"":false,""reasonableProcess"":true,""luckyNote"":null,""reasonableNote"":""방향은 틀렸지만 실제값이 모형 80% 띠 안 → 판단 과정은 분포 안""}","{""confirmedFacts"":[""출발가 14,450원(2026-09-28) → 실제 14,370원(2026-09-29, 1거래일) -0.55% · 예측 중앙 14,454원 +0.03% · 오차 +0.59%(절대 오차율 0.59%, 허용 1.5%)"",""방향: 예측 상승(48%) · 실제 하락 → 오답 · 80% 띠 담김(폭 2.7%)"",""실제값 정정 이력 4건"",""실제 종가 관측 시각 2026-09-29T10:18:08.000Z(16:00 KST 이후 · 지연 관측)""],""modelInternal"":[""선택 모형의 기대 누적 +0.03% = 절편 -0.00% + 자기 추세 -0.05% + 52종목 폭·평균 +0.08% · 실제 -0.55%"",""실제 방향과 반대로 기여한 항: F11 (모형 내부 설명 · 인과 아님)""],""causeHypotheses"":[""자료 오류""],""unverified"":[""수급(외국인·기관·개인)·심리·과열·영향 시차·요인 중복·가중치는 이 셀에서 검증 자료 없음(실험 기록·시간순 검증에서만 판단)""]}"
analysis-84e947d38dd1f4e8,analysis,2026-09-29,2026-09-29T10:18:08Z,,,"{""forecastId"":""2026-09-28-atlas11-90616c6bc916e8d6"",""modelVersion"":""atlas11-A-1""}",live,,,,,,,,,,,,,,226950,올릭스,bio,2026-09-28-atlas11-90616c6bc916e8d6,atlas11-A-1,2026-09-28,2026-09-29,1,1,방향·크기 모두 맞음,true,true,true,1.1922519628425048,"{""realizedLog"":-0.015444322427473631,""predictedLog"":-0.003592316125182199,""errorLog"":0.011852006302291431,""basketCumLog"":null,""beta"":1.3719,""marketPartLog"":null,""residualPartLog"":null,""marketShare"":null,""unexplainedShare"":null}","[""출발가 104,400원(2026-09-28) → 실제 102,800원(2026-09-29, 1거래일) -1.53% · 예측 중앙 104,026원 -0.36% · 오차 +1.19%(절대 오차율 1.19%, 허용 1.5%)"",""방향: 예측 하락(54%) · 실제 하락 → 정답 · 80% 띠 담김(폭 14.1%)"",""실제값 정정 이력 5건"",""실제 종가 관측 시각 2026-09-29T10:18:08.000Z(16:00 KST 이후 · 지연 관측)""]","[""선택 모형의 기대 누적 0.00% = 절편 0.00% + 자기 추세 0.00% + 52종목 폭·평균 0.00% · 실제 -1.53%""]",[],"[""수급(외국인·기관·개인)·심리·과열·영향 시차·요인 중복·가중치는 이 셀에서 검증 자료 없음(실험 기록·시간순 검증에서만 판단)""]",[],"{""luckySuspect"":false,""reasonableProcess"":false,""luckyNote"":null,""reasonableNote"":null}","{""confirmedFacts"":[""출발가 104,400원(2026-09-28) → 실제 102,800원(2026-09-29, 1거래일) -1.53% · 예측 중앙 104,026원 -0.36% · 오차 +1.19%(절대 오차율 1.19%, 허용 1.5%)"",""방향: 예측 하락(54%) · 실제 하락 → 정답 · 80% 띠 담김(폭 14.1%)"",""실제값 정정 이력 5건"",""실제 종가 관측 시각 2026-09-29T10:18:08.000Z(16:00 KST 이후 · 지연 관측)""],""modelInternal"":[""선택 모형의 기대 누적 0.00% = 절편 0.00% + 자기 추세 0.00% + 52종목 폭·평균 0.00% · 실제 -1.53%""],""causeHypotheses"":[],""unverified"":[""수급(외국인·기관·개인)·심리·과열·영향 시차·요인 중복·가중치는 이 셀에서 검증 자료 없음(실험 기록·시간순 검증에서만 판단)""]}"
analysis-286416d3c0ea444b,analysis,2026-09-29,2026-09-29T10:18:08Z,,,"{""forecastId"":""2026-09-28-atlas11-90616c6bc916e8d6"",""modelVersion"":""atlas11-A-1""}",live,,,,,,,,,,,,,,030000,제일기획,net,2026-09-28-atlas11-90616c6bc916e8d6,atlas11-A-1,2026-09-28,2026-09-29,1,1,방향·크기 모두 맞음,true,true,true,0.07811830787595712,"{""realizedLog"":0.0011223345734787044,""predictedLog"":0.00034084621221981194,""errorLog"":-0.0007814883612588925,""basketCumLog"":null,""beta"":0.3386,""marketPartLog"":null,""residualPartLog"":null,""marketShare"":null,""unexplainedShare"":null}","[""출발가 17,810원(2026-09-28) → 실제 17,830원(2026-09-29, 1거래일) +0.11% · 예측 중앙 17,816원 +0.03% · 오차 -0.08%(절대 오차율 0.08%, 허용 1.5%)"",""방향: 예측 상승(48%) · 실제 상승 → 정답 · 80% 띠 담김(폭 3.2%)"",""실제값 정정 이력 5건"",""실제 종가 관측 시각 2026-09-29T10:18:08.000Z(16:00 KST 이후 · 지연 관측)""]","[""선택 모형의 기대 누적 0.00% = 절편 0.00% + 자기 추세 0.00% + 52종목 폭·평균 0.00% · 실제 +0.11%""]",[],"[""수급(외국인·기관·개인)·심리·과열·영향 시차·요인 중복·가중치는 이 셀에서 검증 자료 없음(실험 기록·시간순 검증에서만 판단)""]",[],"{""luckySuspect"":false,""reasonableProcess"":false,""luckyNote"":null,""reasonableNote"":null}","{""confirmedFacts"":[""출발가 17,810원(2026-09-28) → 실제 17,830원(2026-09-29, 1거래일) +0.11% · 예측 중앙 17,816원 +0.03% · 오차 -0.08%(절대 오차율 0.08%, 허용 1.5%)"",""방향: 예측 상승(48%) · 실제 상승 → 정답 · 80% 띠 담김(폭 3.2%)"",""실제값 정정 이력 5건"",""실제 종가 관측 시각 2026-09-29T10:18:08.000Z(16:00 KST 이후 · 지연 관측)""],""modelInternal"":[""선택 모형의 기대 누적 0.00% = 절편 0.00% + 자기 추세 0.00% + 52종목 폭·평균 0.00% · 실제 +0.11%""],""causeHypotheses"":[],""unverified"":[""수급(외국인·기관·개인)·심리·과열·영향 시차·요인 중복·가중치는 이 셀에서 검증 자료 없음(실험 기록·시간순 검증에서만 판단)""]}"
analysis-965af21bcf97573d,analysis,2026-09-29,2026-09-29T10:18:08Z,,,"{""forecastId"":""2026-09-28-atlas11-27e1f65cfc167be9"",""modelVersion"":""atlas11-A-1""}",live,,,,,,,,,,,,,,207940,삼성바이오로직스,bio,2026-09-28-atlas11-27e1f65cfc167be9,atlas11-A-1,2026-09-28,2026-09-29,1,1,방향·크기 모두 맞음,true,true,true,1.301258755331423,"{""realizedLog"":-0.01294051127573482,""predictedLog"":-0.000011860071273032298,""errorLog"":0.012928651204461789,""basketCumLog"":null,""beta"":0.6242,""marketPartLog"":null,""residualPartLog"":null,""marketShare"":null,""unexplainedShare"":null}","[""출발가 1,400,000원(2026-09-28) → 실제 1,382,000원(2026-09-29, 1거래일) -1.29% · 예측 중앙 1,399,983원 -0.00% · 오차 +1.30%(절대 오차율 1.30%, 허용 1.5%)"",""방향: 예측 하락(47%) · 실제 하락 → 정답 · 80% 띠 담김(폭 4.7%)"",""기간 안 확인된 일정 1건(기업 1 · 중요 1): 삼성바이오로직스 기업설명회 · 코리아 프리미엄 위크 — 수치 영향은 미산출"",""실제값 정정 이력 3건"",""실제 종가 관측 시각 2026-09-29T10:18:08.000Z(16:00 KST 이후 · 지연 관측)""]","[""선택 모형의 기대 누적 0.00% = 절편 0.00% + 자기 추세 0.00% + 52종목 폭·평균 0.00% · 실제 -1.29%""]",[],"[""수급(외국인·기관·개인)·심리·과열·영향 시차·요인 중복·가중치는 이 셀에서 검증 자료 없음(실험 기록·시간순 검증에서만 판단)""]",[],"{""luckySuspect"":false,""reasonableProcess"":false,""luckyNote"":null,""reasonableNote"":null}","{""confirmedFacts"":[""출발가 1,400,000원(2026-09-28) → 실제 1,382,000원(2026-09-29, 1거래일) -1.29% · 예측 중앙 1,399,983원 -0.00% · 오차 +1.30%(절대 오차율 1.30%, 허용 1.5%)"",""방향: 예측 하락(47%) · 실제 하락 → 정답 · 80% 띠 담김(폭 4.7%)"",""기간 안 확인된 일정 1건(기업 1 · 중요 1): 삼성바이오로직스 기업설명회 · 코리아 프리미엄 위크 — 수치 영향은 미산출"",""실제값 정정 이력 3건"",""실제 종가 관측 시각 2026-09-29T10:18:08.000Z(16:00 KST 이후 · 지연 관측)""],""modelInternal"":[""선택 모형의 기대 누적 0.00% = 절편 0.00% + 자기 추세 0.00% + 52종목 폭·평균 0.00% · 실제 -1.29%""],""causeHypotheses"":[],""unverified"":[""수급(외국인·기관·개인)·심리·과열·영향 시차·요인 중복·가중치는 이 셀에서 검증 자료 없음(실험 기록·시간순 검증에서만 판단)""]}"
analysis-08dbb79f7685fc27,analysis,2026-09-29,2026-09-29T10:18:08Z,,,"{""forecastId"":""2026-09-28-atlas11-27e1f65cfc167be9"",""modelVersion"":""atlas11-A-1""}",live,,,,,,,,,,,,,,034730,SK,util,2026-09-28-atlas11-27e1f65cfc167be9,atlas11-A-1,2026-09-28,2026-09-29,1,3,크기 허용·방향 틀림,false,true,true,1.3893764917428693,"{""realizedLog"":0.012037978559479098,""predictedLog"":-0.0019532081324840577,""errorLog"":-0.013991186691963156,""basketCumLog"":null,""beta"":1.3807,""marketPartLog"":null,""residualPartLog"":null,""marketShare"":null,""unexplainedShare"":null}","[""출발가 578,000원(2026-09-28) → 실제 585,000원(2026-09-29, 1거래일) +1.21% · 예측 중앙 576,872원 -0.20% · 오차 -1.39%(절대 오차율 1.39%, 허용 1.5%)"",""방향: 예측 하락(51%) · 실제 상승 → 오답 · 80% 띠 담김(폭 9.3%)"",""실제값 정정 이력 4건"",""실제 종가 관측 시각 2026-09-29T10:18:08.000Z(16:00 KST 이후 · 지연 관측)""]","[""선택 모형의 기대 누적 0.00% = 절편 0.00% + 자기 추세 0.00% + 52종목 폭·평균 0.00% · 실제 +1.21%""]","[{""category"":""자료 오류"",""evidence"":""실제값 정정 4건"",""counterEvidence"":""정정 뒤 값으로 채점됨"",""strength"":""약""}]","[""수급(외국인·기관·개인)·심리·과열·영향 시차·요인 중복·가중치는 이 셀에서 검증 자료 없음(실험 기록·시간순 검증에서만 판단)""]","[""자료 오류""]","{""luckySuspect"":false,""reasonableProcess"":true,""luckyNote"":null,""reasonableNote"":""방향은 틀렸지만 실제값이 모형 80% 띠 안 → 판단 과정은 분포 안""}","{""confirmedFacts"":[""출발가 578,000원(2026-09-28) → 실제 585,000원(2026-09-29, 1거래일) +1.21% · 예측 중앙 576,872원 -0.20% · 오차 -1.39%(절대 오차율 1.39%, 허용 1.5%)"",""방향: 예측 하락(51%) · 실제 상승 → 오답 · 80% 띠 담김(폭 9.3%)"",""실제값 정정 이력 4건"",""실제 종가 관측 시각 2026-09-29T10:18:08.000Z(16:00 KST 이후 · 지연 관측)""],""modelInternal"":[""선택 모형의 기대 누적 0.00% = 절편 0.00% + 자기 추세 0.00% + 52종목 폭·평균 0.00% · 실제 +1.21%""],""causeHypotheses"":[""자료 오류""],""unverified"":[""수급(외국인·기관·개인)·심리·과열·영향 시차·요인 중복·가중치는 이 셀에서 검증 자료 없음(실험 기록·시간순 검증에서만 판단)""]}"
analysis-6733456b5387266d,analysis,2026-09-29,2026-09-29T10:18:08Z,,,"{""forecastId"":""2026-09-28-atlas11-27e1f65cfc167be9"",""modelVersion"":""atlas11-A-1""}",live,,,,,,,,,,,,,,010130,고려아연,chem,2026-09-28-atlas11-27e1f65cfc167be9,atlas11-A-1,2026-09-28,2026-09-29,1,2,방향 맞고 크기 틀림,true,false,true,2.7076206595510044,"{""realizedLog"":-0.02946806225690798,""predictedLog"":-0.002751930951901879,""errorLog"":0.0267161313050061,""basketCumLog"":null,""beta"":1.3237,""marketPartLog"":null,""residualPartLog"":null,""marketShare"":null,""unexplainedShare"":null}","[""출발가 1,102,000원(2026-09-28) → 실제 1,070,000원(2026-09-29, 1거래일) -2.90% · 예측 중앙 1,098,972원 -0.27% · 오차 +2.71%(절대 오차율 2.71%, 허용 1.5%)"",""방향: 예측 하락(54%) · 실제 하락 → 정답 · 80% 띠 담김(폭 8.6%)"",""실제값 정정 이력 3건"",""실제 종가 관측 시각 2026-09-29T10:18:08.000Z(16:00 KST 이후 · 지연 관측)""]","[""선택 모형의 기대 누적 0.00% = 절편 0.00% + 자기 추세 0.00% + 52종목 폭·평균 0.00% · 실제 -2.90%""]","[{""category"":""자료 오류"",""evidence"":""실제값 정정 3건"",""counterEvidence"":""정정 뒤 값으로 채점됨"",""strength"":""약""}]","[""수급(외국인·기관·개인)·심리·과열·영향 시차·요인 중복·가중치는 이 셀에서 검증 자료 없음(실험 기록·시간순 검증에서만 판단)""]","[""자료 오류""]","{""luckySuspect"":false,""reasonableProcess"":false,""luckyNote"":null,""reasonableNote"":null}","{""confirmedFacts"":[""출발가 1,102,000원(2026-09-28) → 실제 1,070,000원(2026-09-29, 1거래일) -2.90% · 예측 중앙 1,098,972원 -0.27% · 오차 +2.71%(절대 오차율 2.71%, 허용 1.5%)"",""방향: 예측 하락(54%) · 실제 하락 → 정답 · 80% 띠 담김(폭 8.6%)"",""실제값 정정 이력 3건"",""실제 종가 관측 시각 2026-09-29T10:18:08.000Z(16:00 KST 이후 · 지연 관측)""],""modelInternal"":[""선택 모형의 기대 누적 0.00% = 절편 0.00% + 자기 추세 0.00% + 52종목 폭·평균 0.00% · 실제 -2.90%""],""causeHypotheses"":[""자료 오류""],""unverified"":[""수급(외국인·기관·개인)·심리·과열·영향 시차·요인 중복·가중치는 이 셀에서 검증 자료 없음(실험 기록·시간순 검증에서만 판단)""]}"
analysis-289a21a0bb070203,analysis,2026-09-29,2026-09-29T10:18:08Z,,,"{""forecastId"":""2026-09-28-atlas11-27e1f65cfc167be9"",""modelVersion"":""atlas11-A-1""}",live,,,,,,,,,,,,,,138040,메리츠금융지주,fin,2026-09-28-atlas11-27e1f65cfc167be9,atlas11-A-1,2026-09-28,2026-09-29,1,1,방향·크기 모두 맞음,true,true,true,0.3537789003832506,"{""realizedLog"":-0.008280062360613365,""predictedLog"":-0.004748516611752403,""errorLog"":0.0035315457488609625,""basketCumLog"":null,""beta"":0.6414,""marketPartLog"":null,""residualPartLog"":null,""marketShare"":null,""unexplainedShare"":null}","[""출발가 133,400원(2026-09-28) → 실제 132,300원(2026-09-29, 1거래일) -0.82% · 예측 중앙 132,768원 -0.47% · 오차 +0.35%(절대 오차율 0.35%, 허용 1.5%)"",""방향: 예측 하락(57%) · 실제 하락 → 정답 · 80% 띠 담김(폭 5.7%)"",""실제값 정정 이력 4건"",""실제 종가 관측 시각 2026-09-29T10:18:08.000Z(16:00 KST 이후 · 지연 관측)""]","[""선택 모형의 기대 누적 -0.25% = 절편 +0.04% + 자기 추세 -0.31% + 52종목 폭·평균 +0.02% · 실제 -0.82%"",""실제 방향과 반대로 기여한 항: F11 (모형 내부 설명 · 인과 아님)""]",[],"[""수급(외국인·기관·개인)·심리·과열·영향 시차·요인 중복·가중치는 이 셀에서 검증 자료 없음(실험 기록·시간순 검증에서만 판단)""]",[],"{""luckySuspect"":false,""reasonableProcess"":false,""luckyNote"":null,""reasonableNote"":null}","{""confirmedFacts"":[""출발가 133,400원(2026-09-28) → 실제 132,300원(2026-09-29, 1거래일) -0.82% · 예측 중앙 132,768원 -0.47% · 오차 +0.35%(절대 오차율 0.35%, 허용 1.5%)"",""방향: 예측 하락(57%) · 실제 하락 → 정답 · 80% 띠 담김(폭 5.7%)"",""실제값 정정 이력 4건"",""실제 종가 관측 시각 2026-09-29T10:18:08.000Z(16:00 KST 이후 · 지연 관측)""],""modelInternal"":[""선택 모형의 기대 누적 -0.25% = 절편 +0.04% + 자기 추세 -0.31% + 52종목 폭·평균 +0.02% · 실제 -0.82%"",""실제 방향과 반대로 기여한 항: F11 (모형 내부 설명 · 인과 아님)""],""causeHypotheses"":[],""unverified"":[""수급(외국인·기관·개인)·심리·과열·영향 시차·요인 중복·가중치는 이 셀에서 검증 자료 없음(실험 기록·시간순 검증에서만 판단)""]}"
analysis-b4355ed5635a158c,analysis,2026-09-29,2026-09-29T10:18:08Z,,,"{""forecastId"":""2026-09-28-atlas11-27e1f65cfc167be9"",""modelVersion"":""atlas11-A-1""}",live,,,,,,,,,,,,,,011200,HMM,auto,2026-09-28-atlas11-27e1f65cfc167be9,atlas11-A-1,2026-09-28,2026-09-29,1,2,방향 맞고 크기 틀림,true,false,true,1.6385230958580754,"{""realizedLog"":-0.016607736399660525,""predictedLog"":-0.00035529477868780936,""errorLog"":0.016252441620972717,""basketCumLog"":null,""beta"":0.6513,""marketPartLog"":null,""residualPartLog"":null,""marketShare"":null,""unexplainedShare"":null}","[""출발가 21,250원(2026-09-28) → 실제 20,900원(2026-09-29, 1거래일) -1.65% · 예측 중앙 21,242원 -0.04% · 오차 +1.64%(절대 오차율 1.64%, 허용 1.5%)"",""방향: 예측 하락(49%) · 실제 하락 → 정답 · 80% 띠 담김(폭 5.0%)"",""실제값 정정 이력 6건"",""실제 종가 관측 시각 2026-09-29T10:18:08.000Z(16:00 KST 이후 · 지연 관측)""]","[""선택 모형의 기대 누적 0.00% = 절편 0.00% + 자기 추세 0.00% + 52종목 폭·평균 0.00% · 실제 -1.65%""]","[{""category"":""자료 오류"",""evidence"":""실제값 정정 6건"",""counterEvidence"":""정정 뒤 값으로 채점됨"",""strength"":""약""}]","[""수급(외국인·기관·개인)·심리·과열·영향 시차·요인 중복·가중치는 이 셀에서 검증 자료 없음(실험 기록·시간순 검증에서만 판단)""]","[""자료 오류""]","{""luckySuspect"":false,""reasonableProcess"":false,""luckyNote"":null,""reasonableNote"":null}","{""confirmedFacts"":[""출발가 21,250원(2026-09-28) → 실제 20,900원(2026-09-29, 1거래일) -1.65% · 예측 중앙 21,242원 -0.04% · 오차 +1.64%(절대 오차율 1.64%, 허용 1.5%)"",""방향: 예측 하락(49%) · 실제 하락 → 정답 · 80% 띠 담김(폭 5.0%)"",""실제값 정정 이력 6건"",""실제 종가 관측 시각 2026-09-29T10:18:08.000Z(16:00 KST 이후 · 지연 관측)""],""modelInternal"":[""선택 모형의 기대 누적 0.00% = 절편 0.00% + 자기 추세 0.00% + 52종목 폭·평균 0.00% · 실제 -1.65%""],""causeHypotheses"":[""자료 오류""],""unverified"":[""수급(외국인·기관·개인)·심리·과열·영향 시차·요인 중복·가중치는 이 셀에서 검증 자료 없음(실험 기록·시간순 검증에서만 판단)""]}"
analysis-5431b1fdcc02f236,analysis,2026-09-29,2026-09-29T10:18:08Z,,,"{""forecastId"":""2026-09-28-atlas11-27e1f65cfc167be9"",""modelVersion"":""atlas11-A-1""}",live,,,,,,,,,,,,,,051910,LG화학,chem,2026-09-28-atlas11-27e1f65cfc167be9,atlas11-A-1,2026-09-28,2026-09-29,1,2,방향 맞고 크기 틀림,true,false,false,4.173225198655908,"{""realizedLog"":-0.042808092491884525,""predictedLog"":-0.0019231380465504,""errorLog"":0.040884954445334125,""basketCumLog"":null,""beta"":1.3201,""marketPartLog"":null,""residualPartLog"":null,""marketShare"":null,""unexplainedShare"":null}","[""출발가 262,500원(2026-09-28) → 실제 251,500원(2026-09-29, 1거래일) -4.19% · 예측 중앙 261,996원 -0.19% · 오차 +4.17%(절대 오차율 4.17%, 허용 1.5%)"",""방향: 예측 하락(51%) · 실제 하락 → 정답 · 80% 띠 벗어남(폭 8.5%)"",""실제값 정정 이력 2건"",""실제 종가 관측 시각 2026-09-29T10:18:08.000Z(16:00 KST 이후 · 지연 관측)""]","[""선택 모형의 기대 누적 -0.07% = 절편 -0.01% + 자기 추세 -0.05% + 52종목 폭·평균 -0.01% · 실제 -4.19%""]","[{""category"":""변동성·범위"",""evidence"":""실제값이 80% 띠 밖(폭 8.5% · 실제 이동 -4.19%)"",""counterEvidence"":""80% 띠는 명목이며 개별 셀의 벗어남은 정상 범위일 수 있음(담김률로 판단)"",""strength"":""중""},{""category"":""자료 오류"",""evidence"":""실제값 정정 2건"",""counterEvidence"":""정정 뒤 값으로 채점됨"",""strength"":""약""}]","[""수급(외국인·기관·개인)·심리·과열·영향 시차·요인 중복·가중치는 이 셀에서 검증 자료 없음(실험 기록·시간순 검증에서만 판단)""]","[""변동성·범위"",""자료 오류""]","{""luckySuspect"":false,""reasonableProcess"":false,""luckyNote"":null,""reasonableNote"":null}","{""confirmedFacts"":[""출발가 262,500원(2026-09-28) → 실제 251,500원(2026-09-29, 1거래일) -4.19% · 예측 중앙 261,996원 -0.19% · 오차 +4.17%(절대 오차율 4.17%, 허용 1.5%)"",""방향: 예측 하락(51%) · 실제 하락 → 정답 · 80% 띠 벗어남(폭 8.5%)"",""실제값 정정 이력 2건"",""실제 종가 관측 시각 2026-09-29T10:18:08.000Z(16:00 KST 이후 · 지연 관측)""],""modelInternal"":[""선택 모형의 기대 누적 -0.07% = 절편 -0.01% + 자기 추세 -0.05% + 52종목 폭·평균 -0.01% · 실제 -4.19%""],""causeHypotheses"":[""변동성·범위"",""자료 오류""],""unverified"":[""수급(외국인·기관·개인)·심리·과열·영향 시차·요인 중복·가중치는 이 셀에서 검증 자료 없음(실험 기록·시간순 검증에서만 판단)""]}"
analysis-d73d9e3eadf02ae1,analysis,2026-09-29,2026-09-29T10:18:08Z,,,"{""forecastId"":""2026-09-28-atlas11-27e1f65cfc167be9"",""modelVersion"":""atlas11-A-1""}",live,,,,,,,,,,,,,,018260,삼성에스디에스,semi,2026-09-28-atlas11-27e1f65cfc167be9,atlas11-A-1,2026-09-28,2026-09-29,1,1,방향·크기 모두 맞음,true,true,true,0.8221706009797177,"{""realizedLog"":-0.00917437627604127,""predictedLog"":-0.0009862843732452008,""errorLog"":0.008188091902796069,""basketCumLog"":null,""beta"":1.0842,""marketPartLog"":null,""residualPartLog"":null,""marketShare"":null,""unexplainedShare"":null}","[""출발가 219,000원(2026-09-28) → 실제 217,000원(2026-09-29, 1거래일) -0.91% · 예측 중앙 218,784원 -0.10% · 오차 +0.82%(절대 오차율 0.82%, 허용 1.5%)"",""방향: 예측 하락(48%) · 실제 하락 → 정답 · 80% 띠 담김(폭 5.6%)"",""실제값 정정 이력 4건"",""실제 종가 관측 시각 2026-09-29T10:18:08.000Z(16:00 KST 이후 · 지연 관측)""]","[""선택 모형의 기대 누적 0.00% = 절편 0.00% + 자기 추세 0.00% + 52종목 폭·평균 0.00% · 실제 -0.91%""]",[],"[""수급(외국인·기관·개인)·심리·과열·영향 시차·요인 중복·가중치는 이 셀에서 검증 자료 없음(실험 기록·시간순 검증에서만 판단)""]",[],"{""luckySuspect"":false,""reasonableProcess"":false,""luckyNote"":null,""reasonableNote"":null}","{""confirmedFacts"":[""출발가 219,000원(2026-09-28) → 실제 217,000원(2026-09-29, 1거래일) -0.91% · 예측 중앙 218,784원 -0.10% · 오차 +0.82%(절대 오차율 0.82%, 허용 1.5%)"",""방향: 예측 하락(48%) · 실제 하락 → 정답 · 80% 띠 담김(폭 5.6%)"",""실제값 정정 이력 4건"",""실제 종가 관측 시각 2026-09-29T10:18:08.000Z(16:00 KST 이후 · 지연 관측)""],""modelInternal"":[""선택 모형의 기대 누적 0.00% = 절편 0.00% + 자기 추세 0.00% + 52종목 폭·평균 0.00% · 실제 -0.91%""],""causeHypotheses"":[],""unverified"":[""수급(외국인·기관·개인)·심리·과열·영향 시차·요인 중복·가중치는 이 셀에서 검증 자료 없음(실험 기록·시간순 검증에서만 판단)""]}"
analysis-2fe2caa58195cc14,analysis,2026-09-29,2026-09-29T10:18:08Z,,,"{""forecastId"":""2026-09-28-atlas11-27e1f65cfc167be9"",""modelVersion"":""atlas11-A-1""}",live,,,,,,,,,,,,,,086280,현대글로비스,auto,2026-09-28-atlas11-27e1f65cfc167be9,atlas11-A-1,2026-09-28,2026-09-29,1,1,방향·크기 모두 맞음,true,true,true,0.7997675906655682,"{""realizedLog"":-0.009588768901615561,""predictedLog"":-0.0016229049032556976,""errorLog"":0.007965863998359864,""basketCumLog"":null,""beta"":1.0312,""marketPartLog"":null,""residualPartLog"":null,""marketShare"":null,""unexplainedShare"":null}","[""출발가 199,100원(2026-09-28) → 실제 197,200원(2026-09-29, 1거래일) -0.95% · 예측 중앙 198,777원 -0.16% · 오차 +0.80%(절대 오차율 0.80%, 허용 1.5%)"",""방향: 예측 하락(51%) · 실제 하락 → 정답 · 80% 띠 담김(폭 6.0%)"",""실제값 정정 이력 3건"",""실제 종가 관측 시각 2026-09-29T10:18:08.000Z(16:00 KST 이후 · 지연 관측)""]","[""선택 모형의 기대 누적 0.00% = 절편 0.00% + 자기 추세 0.00% + 52종목 폭·평균 0.00% · 실제 -0.95%""]",[],"[""수급(외국인·기관·개인)·심리·과열·영향 시차·요인 중복·가중치는 이 셀에서 검증 자료 없음(실험 기록·시간순 검증에서만 판단)""]",[],"{""luckySuspect"":false,""reasonableProcess"":false,""luckyNote"":null,""reasonableNote"":null}","{""confirmedFacts"":[""출발가 199,100원(2026-09-28) → 실제 197,200원(2026-09-29, 1거래일) -0.95% · 예측 중앙 198,777원 -0.16% · 오차 +0.80%(절대 오차율 0.80%, 허용 1.5%)"",""방향: 예측 하락(51%) · 실제 하락 → 정답 · 80% 띠 담김(폭 6.0%)"",""실제값 정정 이력 3건"",""실제 종가 관측 시각 2026-09-29T10:18:08.000Z(16:00 KST 이후 · 지연 관측)""],""modelInternal"":[""선택 모형의 기대 누적 0.00% = 절편 0.00% + 자기 추세 0.00% + 52종목 폭·평균 0.00% · 실제 -0.95%""],""causeHypotheses"":[],""unverified"":[""수급(외국인·기관·개인)·심리·과열·영향 시차·요인 중복·가중치는 이 셀에서 검증 자료 없음(실험 기록·시간순 검증에서만 판단)""]}"
analysis-6f12efdb0296dd4c,analysis,2026-09-29,2026-09-29T10:18:08Z,,,"{""forecastId"":""2026-09-28-atlas11-27e1f65cfc167be9"",""modelVersion"":""atlas11-A-1""}",live,,,,,,,,,,,,,,278470,에이피알,cons,2026-09-28-atlas11-27e1f65cfc167be9,atlas11-A-1,2026-09-28,2026-09-29,1,2,방향 맞고 크기 틀림,true,false,true,1.8980671866050114,"{""realizedLog"":-0.019178670030571943,""predictedLog"":-0.00037588371663552786,""errorLog"":0.018802786313936413,""basketCumLog"":null,""beta"":0.9172,""marketPartLog"":null,""residualPartLog"":null,""marketShare"":null,""unexplainedShare"":null}","[""출발가 368,500원(2026-09-28) → 실제 361,500원(2026-09-29, 1거래일) -1.90% · 예측 중앙 368,362원 -0.04% · 오차 +1.90%(절대 오차율 1.90%, 허용 1.5%)"",""방향: 예측 하락(49%) · 실제 하락 → 정답 · 80% 띠 담김(폭 9.7%)"",""실제값 정정 이력 5건"",""실제 종가 관측 시각 2026-09-29T10:18:08.000Z(16:00 KST 이후 · 지연 관측)""]","[""선택 모형의 기대 누적 0.00% = 절편 0.00% + 자기 추세 0.00% + 52종목 폭·평균 0.00% · 실제 -1.90%""]","[{""category"":""자료 오류"",""evidence"":""실제값 정정 5건"",""counterEvidence"":""정정 뒤 값으로 채점됨"",""strength"":""약""}]","[""수급(외국인·기관·개인)·심리·과열·영향 시차·요인 중복·가중치는 이 셀에서 검증 자료 없음(실험 기록·시간순 검증에서만 판단)""]","[""자료 오류""]","{""luckySuspect"":false,""reasonableProcess"":false,""luckyNote"":null,""reasonableNote"":null}","{""confirmedFacts"":[""출발가 368,500원(2026-09-28) → 실제 361,500원(2026-09-29, 1거래일) -1.90% · 예측 중앙 368,362원 -0.04% · 오차 +1.90%(절대 오차율 1.90%, 허용 1.5%)"",""방향: 예측 하락(49%) · 실제 하락 → 정답 · 80% 띠 담김(폭 9.7%)"",""실제값 정정 이력 5건"",""실제 종가 관측 시각 2026-09-29T10:18:08.000Z(16:00 KST 이후 · 지연 관측)""],""modelInternal"":[""선택 모형의 기대 누적 0.00% = 절편 0.00% + 자기 추세 0.00% + 52종목 폭·평균 0.00% · 실제 -1.90%""],""causeHypotheses"":[""자료 오류""],""unverified"":[""수급(외국인·기관·개인)·심리·과열·영향 시차·요인 중복·가중치는 이 셀에서 검증 자료 없음(실험 기록·시간순 검증에서만 판단)""]}"
analysis-02cbaa02305da419,analysis,2026-09-29,2026-09-29T10:18:08Z,,,"{""forecastId"":""2026-09-28-atlas11-27e1f65cfc167be9"",""modelVersion"":""atlas11-A-1""}",live,,,,,,,,,,,,,,030200,KT,net,2026-09-28-atlas11-27e1f65cfc167be9,atlas11-A-1,2026-09-28,2026-09-29,1,3,크기 허용·방향 틀림,false,true,true,0.5895671408512574,"{""realizedLog"":-0.005687219120589576,""predictedLog"":0.00019114082571512026,""errorLog"":0.005878359946304697,""basketCumLog"":null,""beta"":0.4,""marketPartLog"":null,""residualPartLog"":null,""marketShare"":null,""unexplainedShare"":null}","[""출발가 52,900원(2026-09-28) → 실제 52,600원(2026-09-29, 1거래일) -0.57% · 예측 중앙 52,910원 +0.02% · 오차 +0.59%(절대 오차율 0.59%, 허용 1.5%)"",""방향: 예측 상승(47%) · 실제 하락 → 오답 · 80% 띠 담김(폭 3.2%)"",""실제값 정정 이력 5건"",""실제 종가 관측 시각 2026-09-29T10:18:08.000Z(16:00 KST 이후 · 지연 관측)""]","[""선택 모형의 기대 누적 0.00% = 절편 0.00% + 자기 추세 0.00% + 52종목 폭·평균 0.00% · 실제 -0.57%""]","[{""category"":""자료 오류"",""evidence"":""실제값 정정 5건"",""counterEvidence"":""정정 뒤 값으로 채점됨"",""strength"":""약""}]","[""수급(외국인·기관·개인)·심리·과열·영향 시차·요인 중복·가중치는 이 셀에서 검증 자료 없음(실험 기록·시간순 검증에서만 판단)""]","[""자료 오류""]","{""luckySuspect"":false,""reasonableProcess"":true,""luckyNote"":null,""reasonableNote"":""방향은 틀렸지만 실제값이 모형 80% 띠 안 → 판단 과정은 분포 안""}","{""confirmedFacts"":[""출발가 52,900원(2026-09-28) → 실제 52,600원(2026-09-29, 1거래일) -0.57% · 예측 중앙 52,910원 +0.02% · 오차 +0.59%(절대 오차율 0.59%, 허용 1.5%)"",""방향: 예측 상승(47%) · 실제 하락 → 오답 · 80% 띠 담김(폭 3.2%)"",""실제값 정정 이력 5건"",""실제 종가 관측 시각 2026-09-29T10:18:08.000Z(16:00 KST 이후 · 지연 관측)""],""modelInternal"":[""선택 모형의 기대 누적 0.00% = 절편 0.00% + 자기 추세 0.00% + 52종목 폭·평균 0.00% · 실제 -0.57%""],""causeHypotheses"":[""자료 오류""],""unverified"":[""수급(외국인·기관·개인)·심리·과열·영향 시차·요인 중복·가중치는 이 셀에서 검증 자료 없음(실험 기록·시간순 검증에서만 판단)""]}"
analysis-8b5daa7348513370,analysis,2026-09-29,2026-09-29T10:18:08Z,,,"{""forecastId"":""2026-09-28-atlas11-27e1f65cfc167be9"",""modelVersion"":""atlas11-A-1""}",live,,,,,,,,,,,,,,021240,코웨이,cons,2026-09-28-atlas11-27e1f65cfc167be9,atlas11-A-1,2026-09-28,2026-09-29,1,1,방향·크기 모두 맞음,true,true,true,0.7917321206467243,"{""realizedLog"":-0.008897735419864891,""predictedLog"":-0.001011591747358201,""errorLog"":0.007886143672506691,""basketCumLog"":null,""beta"":0.4639,""marketPartLog"":null,""residualPartLog"":null,""marketShare"":null,""unexplainedShare"":null}","[""출발가 101,600원(2026-09-28) → 실제 100,700원(2026-09-29, 1거래일) -0.89% · 예측 중앙 101,497원 -0.10% · 오차 +0.79%(절대 오차율 0.79%, 허용 1.5%)"",""방향: 예측 하락(50%) · 실제 하락 → 정답 · 80% 띠 담김(폭 5.8%)"",""실제값 정정 이력 4건"",""실제 종가 관측 시각 2026-09-29T10:18:08.000Z(16:00 KST 이후 · 지연 관측)""]","[""선택 모형의 기대 누적 +0.05% = 절편 +0.07% + 자기 추세 -0.02% + 52종목 폭·평균 +0.00% · 실제 -0.89%"",""실제 방향과 반대로 기여한 항: F11 (모형 내부 설명 · 인과 아님)""]",[],"[""수급(외국인·기관·개인)·심리·과열·영향 시차·요인 중복·가중치는 이 셀에서 검증 자료 없음(실험 기록·시간순 검증에서만 판단)""]",[],"{""luckySuspect"":false,""reasonableProcess"":false,""luckyNote"":null,""reasonableNote"":null}","{""confirmedFacts"":[""출발가 101,600원(2026-09-28) → 실제 100,700원(2026-09-29, 1거래일) -0.89% · 예측 중앙 101,497원 -0.10% · 오차 +0.79%(절대 오차율 0.79%, 허용 1.5%)"",""방향: 예측 하락(50%) · 실제 하락 → 정답 · 80% 띠 담김(폭 5.8%)"",""실제값 정정 이력 4건"",""실제 종가 관측 시각 2026-09-29T10:18:08.000Z(16:00 KST 이후 · 지연 관측)""],""modelInternal"":[""선택 모형의 기대 누적 +0.05% = 절편 +0.07% + 자기 추세 -0.02% + 52종목 폭·평균 +0.00% · 실제 -0.89%"",""실제 방향과 반대로 기여한 항: F11 (모형 내부 설명 · 인과 아님)""],""causeHypotheses"":[],""unverified"":[""수급(외국인·기관·개인)·심리·과열·영향 시차·요인 중복·가중치는 이 셀에서 검증 자료 없음(실험 기록·시간순 검증에서만 판단)""]}"
analysis-ee1d7f1840ebc366,analysis,2026-09-29,2026-09-29T10:18:08Z,,,"{""forecastId"":""2026-09-28-atlas11-27e1f65cfc167be9"",""modelVersion"":""atlas11-A-1""}",live,,,,,,,,,,,,,,029780,삼성카드,fin,2026-09-28-atlas11-27e1f65cfc167be9,atlas11-A-1,2026-09-28,2026-09-29,1,4,방향·크기 모두 틀림,false,false,false,1.9646036544170655,"{""realizedLog"":-0.019802627296179754,""predictedLog"":-0.0003470832223247104,""errorLog"":0.019455544073855045,""basketCumLog"":null,""beta"":0.3975,""marketPartLog"":null,""residualPartLog"":null,""marketShare"":null,""unexplainedShare"":null}","[""출발가 43,350원(2026-09-28) → 실제 42,500원(2026-09-29, 1거래일) -1.96% · 예측 중앙 43,335원 -0.03% · 오차 +1.96%(절대 오차율 1.96%, 허용 1.5%)"",""방향: 예측 상승(47%) · 실제 하락 → 오답 · 80% 띠 벗어남(폭 3.4%)"",""실제값 정정 이력 5건"",""실제 종가 관측 시각 2026-09-29T10:18:08.000Z(16:00 KST 이후 · 지연 관측)""]","[""선택 모형의 기대 누적 0.00% = 절편 0.00% + 자기 추세 0.00% + 52종목 폭·평균 0.00% · 실제 -1.96%""]","[{""category"":""변동성·범위"",""evidence"":""실제값이 80% 띠 밖(폭 3.4% · 실제 이동 -1.96%)"",""counterEvidence"":""80% 띠는 명목이며 개별 셀의 벗어남은 정상 범위일 수 있음(담김률로 판단)"",""strength"":""중""},{""category"":""자료 오류"",""evidence"":""실제값 정정 5건"",""counterEvidence"":""정정 뒤 값으로 채점됨"",""strength"":""약""}]","[""수급(외국인·기관·개인)·심리·과열·영향 시차·요인 중복·가중치는 이 셀에서 검증 자료 없음(실험 기록·시간순 검증에서만 판단)""]","[""변동성·범위"",""자료 오류""]","{""luckySuspect"":false,""reasonableProcess"":false,""luckyNote"":null,""reasonableNote"":null}","{""confirmedFacts"":[""출발가 43,350원(2026-09-28) → 실제 42,500원(2026-09-29, 1거래일) -1.96% · 예측 중앙 43,335원 -0.03% · 오차 +1.96%(절대 오차율 1.96%, 허용 1.5%)"",""방향: 예측 상승(47%) · 실제 하락 → 오답 · 80% 띠 벗어남(폭 3.4%)"",""실제값 정정 이력 5건"",""실제 종가 관측 시각 2026-09-29T10:18:08.000Z(16:00 KST 이후 · 지연 관측)""],""modelInternal"":[""선택 모형의 기대 누적 0.00% = 절편 0.00% + 자기 추세 0.00% + 52종목 폭·평균 0.00% · 실제 -1.96%""],""causeHypotheses"":[""변동성·범위"",""자료 오류""],""unverified"":[""수급(외국인·기관·개인)·심리·과열·영향 시차·요인 중복·가중치는 이 셀에서 검증 자료 없음(실험 기록·시간순 검증에서만 판단)""]}"
analysis-5b5b60b252bfef58,analysis,2026-09-29,2026-09-29T10:18:08Z,,,"{""forecastId"":""2026-09-28-atlas11-27e1f65cfc167be9"",""modelVersion"":""atlas11-A-1""}",live,,,,,,,,,,,,,,111770,영원무역,cons,2026-09-28-atlas11-27e1f65cfc167be9,atlas11-A-1,2026-09-28,2026-09-29,1,1,방향·크기 모두 맞음,true,true,true,0.9219031322853387,"{""realizedLog"":-0.009852296443011594,""predictedLog"":-0.0006755010052427328,""errorLog"":0.00917679543776886,""basketCumLog"":null,""beta"":0.5629,""marketPartLog"":null,""residualPartLog"":null,""marketShare"":null,""unexplainedShare"":null}","[""출발가 71,400원(2026-09-28) → 실제 70,700원(2026-09-29, 1거래일) -0.98% · 예측 중앙 71,352원 -0.07% · 오차 +0.92%(절대 오차율 0.92%, 허용 1.5%)"",""방향: 예측 하락(49%) · 실제 하락 → 정답 · 80% 띠 담김(폭 5.3%)"",""실제값 정정 이력 5건"",""실제 종가 관측 시각 2026-09-29T10:18:08.000Z(16:00 KST 이후 · 지연 관측)""]","[""선택 모형의 기대 누적 -0.06% = 절편 +0.08% + 자기 추세 -0.22% + 52종목 폭·평균 +0.08% · 실제 -0.98%"",""실제 방향과 반대로 기여한 항: F11 (모형 내부 설명 · 인과 아님)""]",[],"[""수급(외국인·기관·개인)·심리·과열·영향 시차·요인 중복·가중치는 이 셀에서 검증 자료 없음(실험 기록·시간순 검증에서만 판단)""]",[],"{""luckySuspect"":false,""reasonableProcess"":false,""luckyNote"":null,""reasonableNote"":null}","{""confirmedFacts"":[""출발가 71,400원(2026-09-28) → 실제 70,700원(2026-09-29, 1거래일) -0.98% · 예측 중앙 71,352원 -0.07% · 오차 +0.92%(절대 오차율 0.92%, 허용 1.5%)"",""방향: 예측 하락(49%) · 실제 하락 → 정답 · 80% 띠 담김(폭 5.3%)"",""실제값 정정 이력 5건"",""실제 종가 관측 시각 2026-09-29T10:18:08.000Z(16:00 KST 이후 · 지연 관측)""],""modelInternal"":[""선택 모형의 기대 누적 -0.06% = 절편 +0.08% + 자기 추세 -0.22% + 52종목 폭·평균 +0.08% · 실제 -0.98%"",""실제 방향과 반대로 기여한 항: F11 (모형 내부 설명 · 인과 아님)""],""causeHypotheses"":[],""unverified"":[""수급(외국인·기관·개인)·심리·과열·영향 시차·요인 중복·가중치는 이 셀에서 검증 자료 없음(실험 기록·시간순 검증에서만 판단)""]}"
analysis-b30e13195aeb73d2,analysis,2026-09-29,2026-09-29T10:18:08Z,,,"{""forecastId"":""2026-09-28-atlas11-27e1f65cfc167be9"",""modelVersion"":""atlas11-A-1""}",live,,,,,,,,,,,,,,035250,강원랜드,cons,2026-09-28-atlas11-27e1f65cfc167be9,atlas11-A-1,2026-09-28,2026-09-29,1,3,크기 허용·방향 틀림,false,true,true,0.5870039577787495,"{""realizedLog"":-0.005551714467507582,""predictedLog"":0.00030116355454857423,""errorLog"":0.005852878022056156,""basketCumLog"":null,""beta"":0.3952,""marketPartLog"":null,""residualPartLog"":null,""marketShare"":null,""unexplainedShare"":null}","[""출발가 14,450원(2026-09-28) → 실제 14,370원(2026-09-29, 1거래일) -0.55% · 예측 중앙 14,454원 +0.03% · 오차 +0.59%(절대 오차율 0.59%, 허용 1.5%)"",""방향: 예측 상승(48%) · 실제 하락 → 오답 · 80% 띠 담김(폭 2.7%)"",""실제값 정정 이력 4건"",""실제 종가 관측 시각 2026-09-29T10:18:08.000Z(16:00 KST 이후 · 지연 관측)""]","[""선택 모형의 기대 누적 +0.03% = 절편 -0.00% + 자기 추세 -0.05% + 52종목 폭·평균 +0.08% · 실제 -0.55%"",""실제 방향과 반대로 기여한 항: F11 (모형 내부 설명 · 인과 아님)""]","[{""category"":""자료 오류"",""evidence"":""실제값 정정 4건"",""counterEvidence"":""정정 뒤 값으로 채점됨"",""strength"":""약""}]","[""수급(외국인·기관·개인)·심리·과열·영향 시차·요인 중복·가중치는 이 셀에서 검증 자료 없음(실험 기록·시간순 검증에서만 판단)""]","[""자료 오류""]","{""luckySuspect"":false,""reasonableProcess"":true,""luckyNote"":null,""reasonableNote"":""방향은 틀렸지만 실제값이 모형 80% 띠 안 → 판단 과정은 분포 안""}","{""confirmedFacts"":[""출발가 14,450원(2026-09-28) → 실제 14,370원(2026-09-29, 1거래일) -0.55% · 예측 중앙 14,454원 +0.03% · 오차 +0.59%(절대 오차율 0.59%, 허용 1.5%)"",""방향: 예측 상승(48%) · 실제 하락 → 오답 · 80% 띠 담김(폭 2.7%)"",""실제값 정정 이력 4건"",""실제 종가 관측 시각 2026-09-29T10:18:08.000Z(16:00 KST 이후 · 지연 관측)""],""modelInternal"":[""선택 모형의 기대 누적 +0.03% = 절편 -0.00% + 자기 추세 -0.05% + 52종목 폭·평균 +0.08% · 실제 -0.55%"",""실제 방향과 반대로 기여한 항: F11 (모형 내부 설명 · 인과 아님)""],""causeHypotheses"":[""자료 오류""],""unverified"":[""수급(외국인·기관·개인)·심리·과열·영향 시차·요인 중복·가중치는 이 셀에서 검증 자료 없음(실험 기록·시간순 검증에서만 판단)""]}"
analysis-1c661e6b51b0dbf4,analysis,2026-09-29,2026-09-29T10:18:08Z,,,"{""forecastId"":""2026-09-28-atlas11-27e1f65cfc167be9"",""modelVersion"":""atlas11-A-1""}",live,,,,,,,,,,,,,,226950,올릭스,bio,2026-09-28-atlas11-27e1f65cfc167be9,atlas11-A-1,2026-09-28,2026-09-29,1,1,방향·크기 모두 맞음,true,true,true,1.1922519628425048,"{""realizedLog"":-0.015444322427473631,""predictedLog"":-0.003592316125182199,""errorLog"":0.011852006302291431,""basketCumLog"":null,""beta"":1.3719,""marketPartLog"":null,""residualPartLog"":null,""marketShare"":null,""unexplainedShare"":null}","[""출발가 104,400원(2026-09-28) → 실제 102,800원(2026-09-29, 1거래일) -1.53% · 예측 중앙 104,026원 -0.36% · 오차 +1.19%(절대 오차율 1.19%, 허용 1.5%)"",""방향: 예측 하락(54%) · 실제 하락 → 정답 · 80% 띠 담김(폭 14.1%)"",""실제값 정정 이력 5건"",""실제 종가 관측 시각 2026-09-29T10:18:08.000Z(16:00 KST 이후 · 지연 관측)""]","[""선택 모형의 기대 누적 0.00% = 절편 0.00% + 자기 추세 0.00% + 52종목 폭·평균 0.00% · 실제 -1.53%""]",[],"[""수급(외국인·기관·개인)·심리·과열·영향 시차·요인 중복·가중치는 이 셀에서 검증 자료 없음(실험 기록·시간순 검증에서만 판단)""]",[],"{""luckySuspect"":false,""reasonableProcess"":false,""luckyNote"":null,""reasonableNote"":null}","{""confirmedFacts"":[""출발가 104,400원(2026-09-28) → 실제 102,800원(2026-09-29, 1거래일) -1.53% · 예측 중앙 104,026원 -0.36% · 오차 +1.19%(절대 오차율 1.19%, 허용 1.5%)"",""방향: 예측 하락(54%) · 실제 하락 → 정답 · 80% 띠 담김(폭 14.1%)"",""실제값 정정 이력 5건"",""실제 종가 관측 시각 2026-09-29T10:18:08.000Z(16:00 KST 이후 · 지연 관측)""],""modelInternal"":[""선택 모형의 기대 누적 0.00% = 절편 0.00% + 자기 추세 0.00% + 52종목 폭·평균 0.00% · 실제 -1.53%""],""causeHypotheses"":[],""unverified"":[""수급(외국인·기관·개인)·심리·과열·영향 시차·요인 중복·가중치는 이 셀에서 검증 자료 없음(실험 기록·시간순 검증에서만 판단)""]}"
analysis-378718bbaa97d4d7,analysis,2026-09-29,2026-09-29T10:18:08Z,,,"{""forecastId"":""2026-09-28-atlas11-27e1f65cfc167be9"",""modelVersion"":""atlas11-A-1""}",live,,,,,,,,,,,,,,030000,제일기획,net,2026-09-28-atlas11-27e1f65cfc167be9,atlas11-A-1,2026-09-28,2026-09-29,1,1,방향·크기 모두 맞음,true,true,true,0.07811830787595712,"{""realizedLog"":0.0011223345734787044,""predictedLog"":0.00034084621221981194,""errorLog"":-0.0007814883612588925,""basketCumLog"":null,""beta"":0.3386,""marketPartLog"":null,""residualPartLog"":null,""marketShare"":null,""unexplainedShare"":null}","[""출발가 17,810원(2026-09-28) → 실제 17,830원(2026-09-29, 1거래일) +0.11% · 예측 중앙 17,816원 +0.03% · 오차 -0.08%(절대 오차율 0.08%, 허용 1.5%)"",""방향: 예측 상승(48%) · 실제 상승 → 정답 · 80% 띠 담김(폭 3.2%)"",""실제값 정정 이력 5건"",""실제 종가 관측 시각 2026-09-29T10:18:08.000Z(16:00 KST 이후 · 지연 관측)""]","[""선택 모형의 기대 누적 0.00% = 절편 0.00% + 자기 추세 0.00% + 52종목 폭·평균 0.00% · 실제 +0.11%""]",[],"[""수급(외국인·기관·개인)·심리·과열·영향 시차·요인 중복·가중치는 이 셀에서 검증 자료 없음(실험 기록·시간순 검증에서만 판단)""]",[],"{""luckySuspect"":false,""reasonableProcess"":false,""luckyNote"":null,""reasonableNote"":null}","{""confirmedFacts"":[""출발가 17,810원(2026-09-28) → 실제 17,830원(2026-09-29, 1거래일) +0.11% · 예측 중앙 17,816원 +0.03% · 오차 -0.08%(절대 오차율 0.08%, 허용 1.5%)"",""방향: 예측 상승(48%) · 실제 상승 → 정답 · 80% 띠 담김(폭 3.2%)"",""실제값 정정 이력 5건"",""실제 종가 관측 시각 2026-09-29T10:18:08.000Z(16:00 KST 이후 · 지연 관측)""],""modelInternal"":[""선택 모형의 기대 누적 0.00% = 절편 0.00% + 자기 추세 0.00% + 52종목 폭·평균 0.00% · 실제 +0.11%""],""causeHypotheses"":[],""unverified"":[""수급(외국인·기관·개인)·심리·과열·영향 시차·요인 중복·가중치는 이 셀에서 검증 자료 없음(실험 기록·시간순 검증에서만 판단)""]}"
analysis-0c8325f2384c45e6,analysis,2026-09-29,2026-09-29T10:18:08Z,,,"{""scoreCutoff"":""2026-09-29""}",daily_aggregate,2026-09-29,,"[{""code"":""214370"",""name"":""케어젠"",""change"":0.044080604534004975},{""code"":""047050"",""name"":""포스코인터내셔널"",""change"":-0.04217926186291743},{""code"":""051910"",""name"":""LG화학"",""change"":-0.04190476190476189},{""code"":""005490"",""name"":""POSCO홀딩스"",""change"":-0.034755134281200584},{""code"":""373220"",""name"":""LG에너지솔루션"",""change"":-0.030219780219780223}]",126,"{""방향 맞고 크기 틀림"":48,""방향·크기 모두 맞음"":39,""크기 허용·방향 틀림"":30,""방향·크기 모두 틀림"":9}","{""1"":{""n"":126,""directionAccuracy"":0.6904761904761905,""priceHitRate"":0.5476190476190477,""meanAPE"":1.5678988847938222,""coverage80"":0.8809523809523809,""meanBrier"":0.5073117169047621},""5"":null,""10"":null,""20"":null}","[{""group"":""semi"",""groupName"":""반도체·전자"",""n"":6,""directionAccuracy"":0.5,""meanAPE"":0.5076171119095431,""meanSignedErrorPct"":0.31455348907016845},{""group"":""chem"",""groupName"":""배터리·화학·소재"",""n"":15,""directionAccuracy"":1,""meanAPE"":3.027667192085691,""meanSignedErrorPct"":3.027667192085697},{""group"":""auto"",""groupName"":""자동차·운송"",""n"":12,""directionAccuracy"":1,""meanAPE"":1.1106198517806247,""meanSignedErrorPct"":1.110619851780631},{""group"":""fin"",""groupName"":""금융"",""n"":15,""directionAccuracy"":0.6,""meanAPE"":1.29164724739718,""meanSignedErrorPct"":1.2916472473971832},{""group"":""heavy"",""groupName"":""조선·기계·방산·건설"",""n"":9,""directionAccuracy"":0.3333333333333333,""meanAPE"":1.8495793830284641,""meanSignedErrorPct"":1.302787643316346},{""group"":""bio"",""groupName"":""바이오·헬스"",""n"":12,""directionAccuracy"":0.5,""meanAPE"":1.9579352647268549,""meanSignedErrorPct"":-0.7111799056398943},{""group"":""net"",""groupName"":""통신·인터넷·게임·엔터"",""n"":15,""directionAccuracy"":0.8,""meanAPE"":1.397913795449281,""meanSignedErrorPct"":1.3666664722988942},{""group"":""cons"",""groupName"":""소비재·유통"",""n"":24,""directionAccuracy"":0.625,""meanAPE"":1.0481464576980704,""meanSignedErrorPct"":0.6651249896746467},{""group"":""util"",""groupName"":""에너지·유틸리티·지주·상사"",""n"":18,""directionAccuracy"":0.6666666666666666,""meanAPE"":1.6737079143601352,""meanSignedErrorPct"":1.1102038239925838}]",{},"[{""code"":""030000"",""name"":""제일기획"",""horizon"":1,""ape"":0.07811830787595712},{""code"":""030000"",""name"":""제일기획"",""horizon"":1,""ape"":0.07811830787595712},{""code"":""030000"",""name"":""제일기획"",""horizon"":1,""ape"":0.07811830787595712},{""code"":""138040"",""name"":""메리츠금융지주"",""horizon"":1,""ape"":0.3537789003832506},{""code"":""138040"",""name"":""메리츠금융지주"",""horizon"":1,""ape"":0.3537789003832506}]","[{""code"":""214370"",""name"":""케어젠"",""horizon"":1,""ape"":4.576595059795885,""causes"":[]},{""code"":""214370"",""name"":""케어젠"",""horizon"":1,""ape"":4.576595059795885,""causes"":[]},{""code"":""214370"",""name"":""케어젠"",""horizon"":1,""ape"":4.576595059795885,""causes"":[]},{""code"":""329180"",""name"":""HD현대중공업"",""horizon"":1,""ape"":3.0070284585545677,""causes"":[]},{""code"":""329180"",""name"":""HD현대중공업"",""horizon"":1,""ape"":3.0070284585545677,""causes"":[]}]",,0,0,,,,,,,,,,,,,,,,,,,,,,
analysis-2f77f6cb60147c50,analysis,2026-09-29,2026-09-29T10:29:50Z,,,"{""forecastId"":""2026-09-28-rolling20-13cd892134e517b4"",""modelVersion"":""atlas-rolling20-A""}",live,,,,,,,,,,,,,,034730,SK,util,2026-09-28-rolling20-13cd892134e517b4,atlas-rolling20-A,2026-09-28,2026-09-29,1,3,크기 허용·방향 틀림,false,true,true,1.2205226843657166,"{""realizedLog"":0.010327114155849524,""predictedLog"":-0.0019532081324840577,""errorLog"":-0.012280322288333582,""basketCumLog"":null,""beta"":1.3807,""marketPartLog"":null,""residualPartLog"":null,""marketShare"":null,""unexplainedShare"":null}","[""출발가 578,000원(2026-09-28) → 실제 584,000원(2026-09-29, 1거래일) +1.04% · 예측 중앙 576,872원 -0.20% · 오차 -1.22%(절대 오차율 1.22%, 허용 1.5%)"",""방향: 예측 하락(51%) · 실제 상승 → 오답 · 80% 띠 담김(폭 9.3%)"",""실제값 정정 이력 5건"",""실제 종가 관측 시각 2026-09-29T10:29:50.000Z(16:00 KST 이후 · 지연 관측)""]","[""선택 모형의 기대 누적 0.00% = 절편 0.00% + 자기 추세 0.00% + 52종목 폭·평균 0.00% · 실제 +1.04%""]","[{""category"":""자료 오류"",""evidence"":""실제값 정정 5건"",""counterEvidence"":""정정 뒤 값으로 채점됨"",""strength"":""약""}]","[""수급(외국인·기관·개인)·심리·과열·영향 시차·요인 중복·가중치는 이 셀에서 검증 자료 없음(실험 기록·시간순 검증에서만 판단)""]","[""자료 오류""]","{""luckySuspect"":false,""reasonableProcess"":true,""luckyNote"":null,""reasonableNote"":""방향은 틀렸지만 실제값이 모형 80% 띠 안 → 판단 과정은 분포 안""}","{""confirmedFacts"":[""출발가 578,000원(2026-09-28) → 실제 584,000원(2026-09-29, 1거래일) +1.04% · 예측 중앙 576,872원 -0.20% · 오차 -1.22%(절대 오차율 1.22%, 허용 1.5%)"",""방향: 예측 하락(51%) · 실제 상승 → 오답 · 80% 띠 담김(폭 9.3%)"",""실제값 정정 이력 5건"",""실제 종가 관측 시각 2026-09-29T10:29:50.000Z(16:00 KST 이후 · 지연 관측)""],""modelInternal"":[""선택 모형의 기대 누적 0.00% = 절편 0.00% + 자기 추세 0.00% + 52종목 폭·평균 0.00% · 실제 +1.04%""],""causeHypotheses"":[""자료 오류""],""unverified"":[""수급(외국인·기관·개인)·심리·과열·영향 시차·요인 중복·가중치는 이 셀에서 검증 자료 없음(실험 기록·시간순 검증에서만 판단)""]}"
analysis-70e39c58a49fd28e,analysis,2026-09-29,2026-09-29T10:29:50Z,,,"{""forecastId"":""2026-09-28-rolling20-13cd892134e517b4"",""modelVersion"":""atlas-rolling20-A""}",live,,,,,,,,,,,,,,000810,삼성화재,fin,2026-09-28-rolling20-13cd892134e517b4,atlas-rolling20-A,2026-09-28,2026-09-29,1,1,방향·크기 모두 맞음,true,true,true,1.354367046040367,"{""realizedLog"":-0.015244197643117081,""predictedLog"":-0.0017914228993783391,""errorLog"":0.013452774743738741,""basketCumLog"":null,""beta"":0.8304,""marketPartLog"":null,""residualPartLog"":null,""marketShare"":null,""unexplainedShare"":null}","[""출발가 661,000원(2026-09-28) → 실제 651,000원(2026-09-29, 1거래일) -1.51% · 예측 중앙 659,817원 -0.18% · 오차 +1.35%(절대 오차율 1.35%, 허용 1.5%)"",""방향: 예측 하락(52%) · 실제 하락 → 정답 · 80% 띠 담김(폭 5.3%)"",""실제값 정정 이력 5건"",""실제 종가 관측 시각 2026-09-29T10:29:50.000Z(16:00 KST 이후 · 지연 관측)""]","[""선택 모형의 기대 누적 0.00% = 절편 0.00% + 자기 추세 0.00% + 52종목 폭·평균 0.00% · 실제 -1.51%""]",[],"[""수급(외국인·기관·개인)·심리·과열·영향 시차·요인 중복·가중치는 이 셀에서 검증 자료 없음(실험 기록·시간순 검증에서만 판단)""]",[],"{""luckySuspect"":false,""reasonableProcess"":false,""luckyNote"":null,""reasonableNote"":null}","{""confirmedFacts"":[""출발가 661,000원(2026-09-28) → 실제 651,000원(2026-09-29, 1거래일) -1.51% · 예측 중앙 659,817원 -0.18% · 오차 +1.35%(절대 오차율 1.35%, 허용 1.5%)"",""방향: 예측 하락(52%) · 실제 하락 → 정답 · 80% 띠 담김(폭 5.3%)"",""실제값 정정 이력 5건"",""실제 종가 관측 시각 2026-09-29T10:29:50.000Z(16:00 KST 이후 · 지연 관측)""],""modelInternal"":[""선택 모형의 기대 누적 0.00% = 절편 0.00% + 자기 추세 0.00% + 52종목 폭·평균 0.00% · 실제 -1.51%""],""causeHypotheses"":[],""unverified"":[""수급(외국인·기관·개인)·심리·과열·영향 시차·요인 중복·가중치는 이 셀에서 검증 자료 없음(실험 기록·시간순 검증에서만 판단)""]}"
analysis-676302ca0dcb742e,analysis,2026-09-29,2026-09-29T10:29:50Z,,,"{""forecastId"":""2026-09-28-rolling20-13cd892134e517b4"",""modelVersion"":""atlas-rolling20-A""}",live,,,,,,,,,,,,,,138040,메리츠금융지주,fin,2026-09-28-rolling20-13cd892134e517b4,atlas-rolling20-A,2026-09-28,2026-09-29,1,1,방향·크기 모두 맞음,true,true,true,0.4296894744380035,"{""realizedLog"":-0.009036206063937445,""predictedLog"":-0.004748516611752403,""errorLog"":0.004287689452185043,""basketCumLog"":null,""beta"":0.6414,""marketPartLog"":null,""residualPartLog"":null,""marketShare"":null,""unexplainedShare"":null}","[""출발가 133,400원(2026-09-28) → 실제 132,200원(2026-09-29, 1거래일) -0.90% · 예측 중앙 132,768원 -0.47% · 오차 +0.43%(절대 오차율 0.43%, 허용 1.5%)"",""방향: 예측 하락(57%) · 실제 하락 → 정답 · 80% 띠 담김(폭 5.7%)"",""실제값 정정 이력 5건"",""실제 종가 관측 시각 2026-09-29T10:29:50.000Z(16:00 KST 이후 · 지연 관측)""]","[""선택 모형의 기대 누적 -0.25% = 절편 +0.04% + 자기 추세 -0.31% + 52종목 폭·평균 +0.02% · 실제 -0.90%"",""실제 방향과 반대로 기여한 항: F11 (모형 내부 설명 · 인과 아님)""]",[],"[""수급(외국인·기관·개인)·심리·과열·영향 시차·요인 중복·가중치는 이 셀에서 검증 자료 없음(실험 기록·시간순 검증에서만 판단)""]",[],"{""luckySuspect"":false,""reasonableProcess"":false,""luckyNote"":null,""reasonableNote"":null}","{""confirmedFacts"":[""출발가 133,400원(2026-09-28) → 실제 132,200원(2026-09-29, 1거래일) -0.90% · 예측 중앙 132,768원 -0.47% · 오차 +0.43%(절대 오차율 0.43%, 허용 1.5%)"",""방향: 예측 하락(57%) · 실제 하락 → 정답 · 80% 띠 담김(폭 5.7%)"",""실제값 정정 이력 5건"",""실제 종가 관측 시각 2026-09-29T10:29:50.000Z(16:00 KST 이후 · 지연 관측)""],""modelInternal"":[""선택 모형의 기대 누적 -0.25% = 절편 +0.04% + 자기 추세 -0.31% + 52종목 폭·평균 +0.02% · 실제 -0.90%"",""실제 방향과 반대로 기여한 항: F11 (모형 내부 설명 · 인과 아님)""],""causeHypotheses"":[],""unverified"":[""수급(외국인·기관·개인)·심리·과열·영향 시차·요인 중복·가중치는 이 셀에서 검증 자료 없음(실험 기록·시간순 검증에서만 판단)""]}"
analysis-59a6c4776befb8fd,analysis,2026-09-29,2026-09-29T10:29:50Z,,,"{""forecastId"":""2026-09-28-rolling20-13cd892134e517b4"",""modelVersion"":""atlas-rolling20-A""}",live,,,,,,,,,,,,,,017670,SK텔레콤,net,2026-09-28-rolling20-13cd892134e517b4,atlas-rolling20-A,2026-09-28,2026-09-29,1,2,방향 맞고 크기 틀림,true,false,false,2.477829386685504,"{""realizedLog"":-0.025259666759237877,""predictedLog"":-0.000783376231279559,""errorLog"":0.024476290527958317,""basketCumLog"":null,""beta"":0.687,""marketPartLog"":null,""residualPartLog"":null,""marketShare"":null,""unexplainedShare"":null}","[""출발가 88,200원(2026-09-28) → 실제 86,000원(2026-09-29, 1거래일) -2.49% · 예측 중앙 88,131원 -0.08% · 오차 +2.48%(절대 오차율 2.48%, 허용 1.5%)"",""방향: 예측 하락(47%) · 실제 하락 → 정답 · 80% 띠 벗어남(폭 3.8%)"",""실제값 정정 이력 2건"",""실제 종가 관측 시각 2026-09-29T10:29:50.000Z(16:00 KST 이후 · 지연 관측)""]","[""선택 모형의 기대 누적 0.00% = 절편 0.00% + 자기 추세 0.00% + 52종목 폭·평균 0.00% · 실제 -2.49%""]","[{""category"":""변동성·범위"",""evidence"":""실제값이 80% 띠 밖(폭 3.8% · 실제 이동 -2.49%)"",""counterEvidence"":""80% 띠는 명목이며 개별 셀의 벗어남은 정상 범위일 수 있음(담김률로 판단)"",""strength"":""중""},{""category"":""자료 오류"",""evidence"":""실제값 정정 2건"",""counterEvidence"":""정정 뒤 값으로 채점됨"",""strength"":""약""}]","[""수급(외국인·기관·개인)·심리·과열·영향 시차·요인 중복·가중치는 이 셀에서 검증 자료 없음(실험 기록·시간순 검증에서만 판단)""]","[""변동성·범위"",""자료 오류""]","{""luckySuspect"":false,""reasonableProcess"":false,""luckyNote"":null,""reasonableNote"":null}","{""confirmedFacts"":[""출발가 88,200원(2026-09-28) → 실제 86,000원(2026-09-29, 1거래일) -2.49% · 예측 중앙 88,131원 -0.08% · 오차 +2.48%(절대 오차율 2.48%, 허용 1.5%)"",""방향: 예측 하락(47%) · 실제 하락 → 정답 · 80% 띠 벗어남(폭 3.8%)"",""실제값 정정 이력 2건"",""실제 종가 관측 시각 2026-09-29T10:29:50.000Z(16:00 KST 이후 · 지연 관측)""],""modelInternal"":[""선택 모형의 기대 누적 0.00% = 절편 0.00% + 자기 추세 0.00% + 52종목 폭·평균 0.00% · 실제 -2.49%""],""causeHypotheses"":[""변동성·범위"",""자료 오류""],""unverified"":[""수급(외국인·기관·개인)·심리·과열·영향 시차·요인 중복·가중치는 이 셀에서 검증 자료 없음(실험 기록·시간순 검증에서만 판단)""]}"
analysis-8ac02ebb5f684f4e,analysis,2026-09-29,2026-09-29T10:29:50Z,,,"{""forecastId"":""2026-09-28-rolling20-13cd892134e517b4"",""modelVersion"":""atlas-rolling20-A""}",live,,,,,,,,,,,,,,033780,KT&G,cons,2026-09-28-rolling20-13cd892134e517b4,atlas-rolling20-A,2026-09-28,2026-09-29,1,3,크기 허용·방향 틀림,false,true,true,0.47370605762341045,"{""realizedLog"":0.003982935564077854,""predictedLog"":-0.0007653804427794358,""errorLog"":-0.00474831600685729,""basketCumLog"":null,""beta"":0.2734,""marketPartLog"":null,""residualPartLog"":null,""marketShare"":null,""unexplainedShare"":null}","[""출발가 175,400원(2026-09-28) → 실제 176,100원(2026-09-29, 1거래일) +0.40% · 예측 중앙 175,266원 -0.08% · 오차 -0.47%(절대 오차율 0.47%, 허용 1.5%)"",""방향: 예측 하락(50%) · 실제 상승 → 오답 · 80% 띠 담김(폭 4.0%)"",""실제값 정정 이력 4건"",""실제 종가 관측 시각 2026-09-29T10:29:50.000Z(16:00 KST 이후 · 지연 관측)""]","[""선택 모형의 기대 누적 +0.00% = 절편 +0.07% + 자기 추세 -0.08% + 52종목 폭·평균 +0.01% · 실제 +0.40%"",""실제 방향과 반대로 기여한 항: F35 (모형 내부 설명 · 인과 아님)""]","[{""category"":""자료 오류"",""evidence"":""실제값 정정 4건"",""counterEvidence"":""정정 뒤 값으로 채점됨"",""strength"":""약""}]","[""수급(외국인·기관·개인)·심리·과열·영향 시차·요인 중복·가중치는 이 셀에서 검증 자료 없음(실험 기록·시간순 검증에서만 판단)""]","[""자료 오류""]","{""luckySuspect"":false,""reasonableProcess"":true,""luckyNote"":null,""reasonableNote"":""방향은 틀렸지만 실제값이 모형 80% 띠 안 → 판단 과정은 분포 안""}","{""confirmedFacts"":[""출발가 175,400원(2026-09-28) → 실제 176,100원(2026-09-29, 1거래일) +0.40% · 예측 중앙 175,266원 -0.08% · 오차 -0.47%(절대 오차율 0.47%, 허용 1.5%)"",""방향: 예측 하락(50%) · 실제 상승 → 오답 · 80% 띠 담김(폭 4.0%)"",""실제값 정정 이력 4건"",""실제 종가 관측 시각 2026-09-29T10:29:50.000Z(16:00 KST 이후 · 지연 관측)""],""modelInternal"":[""선택 모형의 기대 누적 +0.00% = 절편 +0.07% + 자기 추세 -0.08% + 52종목 폭·평균 +0.01% · 실제 +0.40%"",""실제 방향과 반대로 기여한 항: F35 (모형 내부 설명 · 인과 아님)""],""causeHypotheses"":[""자료 오류""],""unverified"":[""수급(외국인·기관·개인)·심리·과열·영향 시차·요인 중복·가중치는 이 셀에서 검증 자료 없음(실험 기록·시간순 검증에서만 판단)""]}"
analysis-4063f1ba643068c3,analysis,2026-09-29,2026-09-29T10:29:50Z,,,"{""forecastId"":""2026-09-28-rolling20-13cd892134e517b4"",""modelVersion"":""atlas-rolling20-A""}",live,,,,,,,,,,,,,,030200,KT,net,2026-09-28-rolling20-13cd892134e517b4,atlas-rolling20-A,2026-09-28,2026-09-29,1,3,크기 허용·방향 틀림,false,true,true,0.5895671408512574,"{""realizedLog"":-0.005687219120589576,""predictedLog"":0.00019114082571512026,""errorLog"":0.005878359946304697,""basketCumLog"":null,""beta"":0.4,""marketPartLog"":null,""residualPartLog"":null,""marketShare"":null,""unexplainedShare"":null}","[""출발가 52,900원(2026-09-28) → 실제 52,600원(2026-09-29, 1거래일) -0.57% · 예측 중앙 52,910원 +0.02% · 오차 +0.59%(절대 오차율 0.59%, 허용 1.5%)"",""방향: 예측 상승(47%) · 실제 하락 → 오답 · 80% 띠 담김(폭 3.2%)"",""실제값 정정 이력 6건"",""실제 종가 관측 시각 2026-09-29T10:29:50.000Z(16:00 KST 이후 · 지연 관측)""]","[""선택 모형의 기대 누적 0.00% = 절편 0.00% + 자기 추세 0.00% + 52종목 폭·평균 0.00% · 실제 -0.57%""]","[{""category"":""자료 오류"",""evidence"":""실제값 정정 6건"",""counterEvidence"":""정정 뒤 값으로 채점됨"",""strength"":""약""}]","[""수급(외국인·기관·개인)·심리·과열·영향 시차·요인 중복·가중치는 이 셀에서 검증 자료 없음(실험 기록·시간순 검증에서만 판단)""]","[""자료 오류""]","{""luckySuspect"":false,""reasonableProcess"":true,""luckyNote"":null,""reasonableNote"":""방향은 틀렸지만 실제값이 모형 80% 띠 안 → 판단 과정은 분포 안""}","{""confirmedFacts"":[""출발가 52,900원(2026-09-28) → 실제 52,600원(2026-09-29, 1거래일) -0.57% · 예측 중앙 52,910원 +0.02% · 오차 +0.59%(절대 오차율 0.59%, 허용 1.5%)"",""방향: 예측 상승(47%) · 실제 하락 → 오답 · 80% 띠 담김(폭 3.2%)"",""실제값 정정 이력 6건"",""실제 종가 관측 시각 2026-09-29T10:29:50.000Z(16:00 KST 이후 · 지연 관측)""],""modelInternal"":[""선택 모형의 기대 누적 0.00% = 절편 0.00% + 자기 추세 0.00% + 52종목 폭·평균 0.00% · 실제 -0.57%""],""causeHypotheses"":[""자료 오류""],""unverified"":[""수급(외국인·기관·개인)·심리·과열·영향 시차·요인 중복·가중치는 이 셀에서 검증 자료 없음(실험 기록·시간순 검증에서만 판단)""]}"
analysis-6e962290a165c289,analysis,2026-09-29,2026-09-29T10:29:50Z,,,"{""forecastId"":""2026-09-28-rolling20-13cd892134e517b4"",""modelVersion"":""atlas-rolling20-A""}",live,,,,,,,,,,,,,,003230,삼양식품,cons,2026-09-28-rolling20-13cd892134e517b4,atlas-rolling20-A,2026-09-28,2026-09-29,1,3,크기 허용·방향 틀림,false,true,true,1.0583798144702805,"{""realizedLog"":0.006562779912523582,""predictedLog"":-0.00407742497517411,""errorLog"":-0.010640204887697693,""basketCumLog"":null,""beta"":0.6817,""marketPartLog"":null,""residualPartLog"":null,""marketShare"":null,""unexplainedShare"":null}","[""출발가 1,215,000원(2026-09-28) → 실제 1,223,000원(2026-09-29, 1거래일) +0.66% · 예측 중앙 1,210,056원 -0.41% · 오차 -1.06%(절대 오차율 1.06%, 허용 1.5%)"",""방향: 예측 하락(54%) · 실제 상승 → 오답 · 80% 띠 담김(폭 7.4%)"",""실제값 정정 이력 6건"",""실제 종가 관측 시각 2026-09-29T10:29:50.000Z(16:00 KST 이후 · 지연 관측)""]","[""선택 모형의 기대 누적 0.00% = 절편 0.00% + 자기 추세 0.00% + 52종목 폭·평균 0.00% · 실제 +0.66%""]","[{""category"":""자료 오류"",""evidence"":""실제값 정정 6건"",""counterEvidence"":""정정 뒤 값으로 채점됨"",""strength"":""약""}]","[""수급(외국인·기관·개인)·심리·과열·영향 시차·요인 중복·가중치는 이 셀에서 검증 자료 없음(실험 기록·시간순 검증에서만 판단)""]","[""자료 오류""]","{""luckySuspect"":false,""reasonableProcess"":true,""luckyNote"":null,""reasonableNote"":""방향은 틀렸지만 실제값이 모형 80% 띠 안 → 판단 과정은 분포 안""}","{""confirmedFacts"":[""출발가 1,215,000원(2026-09-28) → 실제 1,223,000원(2026-09-29, 1거래일) +0.66% · 예측 중앙 1,210,056원 -0.41% · 오차 -1.06%(절대 오차율 1.06%, 허용 1.5%)"",""방향: 예측 하락(54%) · 실제 상승 → 오답 · 80% 띠 담김(폭 7.4%)"",""실제값 정정 이력 6건"",""실제 종가 관측 시각 2026-09-29T10:29:50.000Z(16:00 KST 이후 · 지연 관측)""],""modelInternal"":[""선택 모형의 기대 누적 0.00% = 절편 0.00% + 자기 추세 0.00% + 52종목 폭·평균 0.00% · 실제 +0.66%""],""causeHypotheses"":[""자료 오류""],""unverified"":[""수급(외국인·기관·개인)·심리·과열·영향 시차·요인 중복·가중치는 이 셀에서 검증 자료 없음(실험 기록·시간순 검증에서만 판단)""]}"
analysis-40838169b863c922,analysis,2026-09-29,2026-09-29T10:29:50Z,,,"{""forecastId"":""2026-09-28-rolling20-13cd892134e517b4"",""modelVersion"":""atlas-rolling20-A""}",live,,,,,,,,,,,,,,259960,크래프톤,net,2026-09-28-rolling20-13cd892134e517b4,atlas-rolling20-A,2026-09-28,2026-09-29,1,2,방향 맞고 크기 틀림,true,false,true,1.9960314368920546,"{""realizedLog"":-0.020505844792684736,""predictedLog"":-0.0007421257348711653,""errorLog"":0.019763719057813572,""basketCumLog"":null,""beta"":0.6022,""marketPartLog"":null,""residualPartLog"":null,""marketShare"":null,""unexplainedShare"":null}","[""출발가 202,000원(2026-09-28) → 실제 197,900원(2026-09-29, 1거래일) -2.03% · 예측 중앙 201,850원 -0.07% · 오차 +2.00%(절대 오차율 2.00%, 허용 1.5%)"",""방향: 예측 하락(50%) · 실제 하락 → 정답 · 80% 띠 담김(폭 5.0%)"",""실제값 정정 이력 4건"",""실제 종가 관측 시각 2026-09-29T10:29:50.000Z(16:00 KST 이후 · 지연 관측)""]","[""선택 모형의 기대 누적 -0.07% = 절편 -0.06% + 자기 추세 +0.01% + 52종목 폭·평균 -0.01% · 실제 -2.03%"",""실제 방향과 반대로 기여한 항: F35 (모형 내부 설명 · 인과 아님)""]","[{""category"":""자료 오류"",""evidence"":""실제값 정정 4건"",""counterEvidence"":""정정 뒤 값으로 채점됨"",""strength"":""약""}]","[""수급(외국인·기관·개인)·심리·과열·영향 시차·요인 중복·가중치는 이 셀에서 검증 자료 없음(실험 기록·시간순 검증에서만 판단)""]","[""자료 오류""]","{""luckySuspect"":false,""reasonableProcess"":false,""luckyNote"":null,""reasonableNote"":null}","{""confirmedFacts"":[""출발가 202,000원(2026-09-28) → 실제 197,900원(2026-09-29, 1거래일) -2.03% · 예측 중앙 201,850원 -0.07% · 오차 +2.00%(절대 오차율 2.00%, 허용 1.5%)"",""방향: 예측 하락(50%) · 실제 하락 → 정답 · 80% 띠 담김(폭 5.0%)"",""실제값 정정 이력 4건"",""실제 종가 관측 시각 2026-09-29T10:29:50.000Z(16:00 KST 이후 · 지연 관측)""],""modelInternal"":[""선택 모형의 기대 누적 -0.07% = 절편 -0.06% + 자기 추세 +0.01% + 52종목 폭·평균 -0.01% · 실제 -2.03%"",""실제 방향과 반대로 기여한 항: F35 (모형 내부 설명 · 인과 아님)""],""causeHypotheses"":[""자료 오류""],""unverified"":[""수급(외국인·기관·개인)·심리·과열·영향 시차·요인 중복·가중치는 이 셀에서 검증 자료 없음(실험 기록·시간순 검증에서만 판단)""]}"
analysis-8ec227a8aa9177f6,analysis,2026-09-29,2026-09-29T10:29:50Z,,,"{""forecastId"":""2026-09-28-rolling20-13cd892134e517b4"",""modelVersion"":""atlas-rolling20-A""}",live,,,,,,,,,,,,,,352820,하이브,net,2026-09-28-rolling20-13cd892134e517b4,atlas-rolling20-A,2026-09-28,2026-09-29,1,2,방향 맞고 크기 틀림,true,false,true,1.8638619424465448,"{""realizedLog"":-0.018703787140919095,""predictedLog"":-0.00023673817130389073,""errorLog"":0.018467048969615204,""basketCumLog"":null,""beta"":0.9397,""marketPartLog"":null,""residualPartLog"":null,""marketShare"":null,""unexplainedShare"":null}","[""출발가 161,900원(2026-09-28) → 실제 158,900원(2026-09-29, 1거래일) -1.85% · 예측 중앙 161,862원 -0.02% · 오차 +1.86%(절대 오차율 1.86%, 허용 1.5%)"",""방향: 예측 하락(49%) · 실제 하락 → 정답 · 80% 띠 담김(폭 6.1%)"",""실제값 정정 이력 3건"",""실제 종가 관측 시각 2026-09-29T10:29:50.000Z(16:00 KST 이후 · 지연 관측)""]","[""선택 모형의 기대 누적 0.00% = 절편 0.00% + 자기 추세 0.00% + 52종목 폭·평균 0.00% · 실제 -1.85%""]","[{""category"":""자료 오류"",""evidence"":""실제값 정정 3건"",""counterEvidence"":""정정 뒤 값으로 채점됨"",""strength"":""약""}]","[""수급(외국인·기관·개인)·심리·과열·영향 시차·요인 중복·가중치는 이 셀에서 검증 자료 없음(실험 기록·시간순 검증에서만 판단)""]","[""자료 오류""]","{""luckySuspect"":false,""reasonableProcess"":false,""luckyNote"":null,""reasonableNote"":null}","{""confirmedFacts"":[""출발가 161,900원(2026-09-28) → 실제 158,900원(2026-09-29, 1거래일) -1.85% · 예측 중앙 161,862원 -0.02% · 오차 +1.86%(절대 오차율 1.86%, 허용 1.5%)"",""방향: 예측 하락(49%) · 실제 하락 → 정답 · 80% 띠 담김(폭 6.1%)"",""실제값 정정 이력 3건"",""실제 종가 관측 시각 2026-09-29T10:29:50.000Z(16:00 KST 이후 · 지연 관측)""],""modelInternal"":[""선택 모형의 기대 누적 0.00% = 절편 0.00% + 자기 추세 0.00% + 52종목 폭·평균 0.00% · 실제 -1.85%""],""causeHypotheses"":[""자료 오류""],""unverified"":[""수급(외국인·기관·개인)·심리·과열·영향 시차·요인 중복·가중치는 이 셀에서 검증 자료 없음(실험 기록·시간순 검증에서만 판단)""]}"
analysis-9f7b3820bacc294f,analysis,2026-09-29,2026-09-29T10:29:50Z,,,"{""forecastId"":""2026-09-28-rolling20-13cd892134e517b4"",""modelVersion"":""atlas-rolling20-A""}",live,,,,,,,,,,,,,,002380,KCC,chem,2026-09-28-rolling20-13cd892134e517b4,atlas-rolling20-A,2026-09-28,2026-09-29,1,2,방향 맞고 크기 틀림,true,false,true,1.8372083172729068,"{""realizedLog"":-0.01892800988551891,""predictedLog"":-0.0007226544385912116,""errorLog"":0.0182053554469277,""basketCumLog"":null,""beta"":1.4171,""marketPartLog"":null,""residualPartLog"":null,""marketShare"":null,""unexplainedShare"":null}","[""출발가 480,000원(2026-09-28) → 실제 471,000원(2026-09-29, 1거래일) -1.88% · 예측 중앙 479,653원 -0.07% · 오차 +1.84%(절대 오차율 1.84%, 허용 1.5%)"",""방향: 예측 하락(48%) · 실제 하락 → 정답 · 80% 띠 담김(폭 5.7%)"",""실제값 정정 이력 4건"",""실제 종가 관측 시각 2026-09-29T10:29:50.000Z(16:00 KST 이후 · 지연 관측)""]","[""선택 모형의 기대 누적 0.00% = 절편 0.00% + 자기 추세 0.00% + 52종목 폭·평균 0.00% · 실제 -1.88%""]","[{""category"":""자료 오류"",""evidence"":""실제값 정정 4건"",""counterEvidence"":""정정 뒤 값으로 채점됨"",""strength"":""약""}]","[""수급(외국인·기관·개인)·심리·과열·영향 시차·요인 중복·가중치는 이 셀에서 검증 자료 없음(실험 기록·시간순 검증에서만 판단)""]","[""자료 오류""]","{""luckySuspect"":false,""reasonableProcess"":false,""luckyNote"":null,""reasonableNote"":null}","{""confirmedFacts"":[""출발가 480,000원(2026-09-28) → 실제 471,000원(2026-09-29, 1거래일) -1.88% · 예측 중앙 479,653원 -0.07% · 오차 +1.84%(절대 오차율 1.84%, 허용 1.5%)"",""방향: 예측 하락(48%) · 실제 하락 → 정답 · 80% 띠 담김(폭 5.7%)"",""실제값 정정 이력 4건"",""실제 종가 관측 시각 2026-09-29T10:29:50.000Z(16:00 KST 이후 · 지연 관측)""],""modelInternal"":[""선택 모형의 기대 누적 0.00% = 절편 0.00% + 자기 추세 0.00% + 52종목 폭·평균 0.00% · 실제 -1.88%""],""causeHypotheses"":[""자료 오류""],""unverified"":[""수급(외국인·기관·개인)·심리·과열·영향 시차·요인 중복·가중치는 이 셀에서 검증 자료 없음(실험 기록·시간순 검증에서만 판단)""]}"
analysis-39347c7afd1d052b,analysis,2026-09-29,2026-09-29T10:29:50Z,,,"{""forecastId"":""2026-09-28-rolling20-13cd892134e517b4"",""modelVersion"":""atlas-rolling20-A""}",live,,,,,,,,,,,,,,004170,신세계,cons,2026-09-28-rolling20-13cd892134e517b4,atlas-rolling20-A,2026-09-28,2026-09-29,1,1,방향·크기 모두 맞음,true,true,true,1.4306485980831327,"{""realizedLog"":-0.014663019310074306,""predictedLog"":-0.00045790539178172505,""errorLog"":0.014205113918292581,""basketCumLog"":null,""beta"":0.9942,""marketPartLog"":null,""residualPartLog"":null,""marketShare"":null,""unexplainedShare"":null}","[""출발가 343,500원(2026-09-28) → 실제 338,500원(2026-09-29, 1거래일) -1.46% · 예측 중앙 343,343원 -0.05% · 오차 +1.43%(절대 오차율 1.43%, 허용 1.5%)"",""방향: 예측 하락(49%) · 실제 하락 → 정답 · 80% 띠 담김(폭 8.1%)"",""실제값 정정 이력 6건"",""실제 종가 관측 시각 2026-09-29T10:29:50.000Z(16:00 KST 이후 · 지연 관측)""]","[""선택 모형의 기대 누적 +0.14% = 절편 +0.12% + 자기 추세 +0.01% + 52종목 폭·평균 +0.01% · 실제 -1.46%"",""실제 방향과 반대로 기여한 항: F35, F11 (모형 내부 설명 · 인과 아님)""]",[],"[""수급(외국인·기관·개인)·심리·과열·영향 시차·요인 중복·가중치는 이 셀에서 검증 자료 없음(실험 기록·시간순 검증에서만 판단)""]",[],"{""luckySuspect"":false,""reasonableProcess"":false,""luckyNote"":null,""reasonableNote"":null}","{""confirmedFacts"":[""출발가 343,500원(2026-09-28) → 실제 338,500원(2026-09-29, 1거래일) -1.46% · 예측 중앙 343,343원 -0.05% · 오차 +1.43%(절대 오차율 1.43%, 허용 1.5%)"",""방향: 예측 하락(49%) · 실제 하락 → 정답 · 80% 띠 담김(폭 8.1%)"",""실제값 정정 이력 6건"",""실제 종가 관측 시각 2026-09-29T10:29:50.000Z(16:00 KST 이후 · 지연 관측)""],""modelInternal"":[""선택 모형의 기대 누적 +0.14% = 절편 +0.12% + 자기 추세 +0.01% + 52종목 폭·평균 +0.01% · 실제 -1.46%"",""실제 방향과 반대로 기여한 항: F35, F11 (모형 내부 설명 · 인과 아님)""],""causeHypotheses"":[],""unverified"":[""수급(외국인·기관·개인)·심리·과열·영향 시차·요인 중복·가중치는 이 셀에서 검증 자료 없음(실험 기록·시간순 검증에서만 판단)""]}"
analysis-fff18ba08b1690d1,analysis,2026-09-29,2026-09-29T10:29:50Z,,,"{""forecastId"":""2026-09-28-rolling20-13cd892134e517b4"",""modelVersion"":""atlas-rolling20-A""}",live,,,,,,,,,,,,,,012750,에스원,util,2026-09-28-rolling20-13cd892134e517b4,atlas-rolling20-A,2026-09-28,2026-09-29,1,1,방향·크기 모두 맞음,true,true,true,0.6261499608632036,"{""realizedLog"":-0.006020487781583025,""predictedLog"":0.0002214900862432742,""errorLog"":0.006241977867826299,""basketCumLog"":null,""beta"":0.3469,""marketPartLog"":null,""residualPartLog"":null,""marketShare"":null,""unexplainedShare"":null}","[""출발가 83,300원(2026-09-28) → 실제 82,800원(2026-09-29, 1거래일) -0.60% · 예측 중앙 83,318원 +0.02% · 오차 +0.63%(절대 오차율 0.63%, 허용 1.5%)"",""방향: 예측 하락(48%) · 실제 하락 → 정답 · 80% 띠 담김(폭 5.1%)"",""실제값 정정 이력 5건"",""실제 종가 관측 시각 2026-09-29T10:29:50.000Z(16:00 KST 이후 · 지연 관측)""]","[""선택 모형의 기대 누적 0.00% = 절편 0.00% + 자기 추세 0.00% + 52종목 폭·평균 0.00% · 실제 -0.60%""]",[],"[""수급(외국인·기관·개인)·심리·과열·영향 시차·요인 중복·가중치는 이 셀에서 검증 자료 없음(실험 기록·시간순 검증에서만 판단)""]",[],"{""luckySuspect"":false,""reasonableProcess"":false,""luckyNote"":null,""reasonableNote"":null}","{""confirmedFacts"":[""출발가 83,300원(2026-09-28) → 실제 82,800원(2026-09-29, 1거래일) -0.60% · 예측 중앙 83,318원 +0.02% · 오차 +0.63%(절대 오차율 0.63%, 허용 1.5%)"",""방향: 예측 하락(48%) · 실제 하락 → 정답 · 80% 띠 담김(폭 5.1%)"",""실제값 정정 이력 5건"",""실제 종가 관측 시각 2026-09-29T10:29:50.000Z(16:00 KST 이후 · 지연 관측)""],""modelInternal"":[""선택 모형의 기대 누적 0.00% = 절편 0.00% + 자기 추세 0.00% + 52종목 폭·평균 0.00% · 실제 -0.60%""],""causeHypotheses"":[],""unverified"":[""수급(외국인·기관·개인)·심리·과열·영향 시차·요인 중복·가중치는 이 셀에서 검증 자료 없음(실험 기록·시간순 검증에서만 판단)""]}"
analysis-218fbfecfc17503f,analysis,2026-09-29,2026-09-29T10:29:50Z,,,"{""forecastId"":""2026-09-28-rolling20-13cd892134e517b4"",""modelVersion"":""atlas-rolling20-A""}",live,,,,,,,,,,,,,,111770,영원무역,cons,2026-09-28-rolling20-13cd892134e517b4,atlas-rolling20-A,2026-09-28,2026-09-29,1,1,방향·크기 모두 맞음,true,true,true,1.0648520035775275,"{""realizedLog"":-0.011267724846342269,""predictedLog"":-0.0006755010052427328,""errorLog"":0.010592223841099535,""basketCumLog"":null,""beta"":0.5629,""marketPartLog"":null,""residualPartLog"":null,""marketShare"":null,""unexplainedShare"":null}","[""출발가 71,400원(2026-09-28) → 실제 70,600원(2026-09-29, 1거래일) -1.12% · 예측 중앙 71,352원 -0.07% · 오차 +1.06%(절대 오차율 1.06%, 허용 1.5%)"",""방향: 예측 하락(49%) · 실제 하락 → 정답 · 80% 띠 담김(폭 5.3%)"",""실제값 정정 이력 6건"",""실제 종가 관측 시각 2026-09-29T10:29:50.000Z(16:00 KST 이후 · 지연 관측)""]","[""선택 모형의 기대 누적 -0.06% = 절편 +0.08% + 자기 추세 -0.22% + 52종목 폭·평균 +0.08% · 실제 -1.12%"",""실제 방향과 반대로 기여한 항: F11 (모형 내부 설명 · 인과 아님)""]",[],"[""수급(외국인·기관·개인)·심리·과열·영향 시차·요인 중복·가중치는 이 셀에서 검증 자료 없음(실험 기록·시간순 검증에서만 판단)""]",[],"{""luckySuspect"":false,""reasonableProcess"":false,""luckyNote"":null,""reasonableNote"":null}","{""confirmedFacts"":[""출발가 71,400원(2026-09-28) → 실제 70,600원(2026-09-29, 1거래일) -1.12% · 예측 중앙 71,352원 -0.07% · 오차 +1.06%(절대 오차율 1.06%, 허용 1.5%)"",""방향: 예측 하락(49%) · 실제 하락 → 정답 · 80% 띠 담김(폭 5.3%)"",""실제값 정정 이력 6건"",""실제 종가 관측 시각 2026-09-29T10:29:50.000Z(16:00 KST 이후 · 지연 관측)""],""modelInternal"":[""선택 모형의 기대 누적 -0.06% = 절편 +0.08% + 자기 추세 -0.22% + 52종목 폭·평균 +0.08% · 실제 -1.12%"",""실제 방향과 반대로 기여한 항: F11 (모형 내부 설명 · 인과 아님)""],""causeHypotheses"":[],""unverified"":[""수급(외국인·기관·개인)·심리·과열·영향 시차·요인 중복·가중치는 이 셀에서 검증 자료 없음(실험 기록·시간순 검증에서만 판단)""]}"
analysis-208c01748a210684,analysis,2026-09-29,2026-09-29T10:29:50Z,,,"{""forecastId"":""2026-09-28-rolling20-13cd892134e517b4"",""modelVersion"":""atlas-rolling20-A""}",live,,,,,,,,,,,,,,035250,강원랜드,cons,2026-09-28-rolling20-13cd892134e517b4,atlas-rolling20-A,2026-09-28,2026-09-29,1,3,크기 허용·방향 틀림,false,true,true,0.5870039577787495,"{""realizedLog"":-0.005551714467507582,""predictedLog"":0.00030116355454857423,""errorLog"":0.005852878022056156,""basketCumLog"":null,""beta"":0.3952,""marketPartLog"":null,""residualPartLog"":null,""marketShare"":null,""unexplainedShare"":null}","[""출발가 14,450원(2026-09-28) → 실제 14,370원(2026-09-29, 1거래일) -0.55% · 예측 중앙 14,454원 +0.03% · 오차 +0.59%(절대 오차율 0.59%, 허용 1.5%)"",""방향: 예측 상승(48%) · 실제 하락 → 오답 · 80% 띠 담김(폭 2.7%)"",""실제값 정정 이력 5건"",""실제 종가 관측 시각 2026-09-29T10:29:50.000Z(16:00 KST 이후 · 지연 관측)""]","[""선택 모형의 기대 누적 +0.03% = 절편 -0.00% + 자기 추세 -0.05% + 52종목 폭·평균 +0.08% · 실제 -0.55%"",""실제 방향과 반대로 기여한 항: F11 (모형 내부 설명 · 인과 아님)""]","[{""category"":""자료 오류"",""evidence"":""실제값 정정 5건"",""counterEvidence"":""정정 뒤 값으로 채점됨"",""strength"":""약""}]","[""수급(외국인·기관·개인)·심리·과열·영향 시차·요인 중복·가중치는 이 셀에서 검증 자료 없음(실험 기록·시간순 검증에서만 판단)""]","[""자료 오류""]","{""luckySuspect"":false,""reasonableProcess"":true,""luckyNote"":null,""reasonableNote"":""방향은 틀렸지만 실제값이 모형 80% 띠 안 → 판단 과정은 분포 안""}","{""confirmedFacts"":[""출발가 14,450원(2026-09-28) → 실제 14,370원(2026-09-29, 1거래일) -0.55% · 예측 중앙 14,454원 +0.03% · 오차 +0.59%(절대 오차율 0.59%, 허용 1.5%)"",""방향: 예측 상승(48%) · 실제 하락 → 오답 · 80% 띠 담김(폭 2.7%)"",""실제값 정정 이력 5건"",""실제 종가 관측 시각 2026-09-29T10:29:50.000Z(16:00 KST 이후 · 지연 관측)""],""modelInternal"":[""선택 모형의 기대 누적 +0.03% = 절편 -0.00% + 자기 추세 -0.05% + 52종목 폭·평균 +0.08% · 실제 -0.55%"",""실제 방향과 반대로 기여한 항: F11 (모형 내부 설명 · 인과 아님)""],""causeHypotheses"":[""자료 오류""],""unverified"":[""수급(외국인·기관·개인)·심리·과열·영향 시차·요인 중복·가중치는 이 셀에서 검증 자료 없음(실험 기록·시간순 검증에서만 판단)""]}"
analysis-2f79bdc0a7aadf19,analysis,2026-09-29,2026-09-29T10:29:50Z,,,"{""forecastId"":""2026-09-28-rolling20-13cd892134e517b4"",""modelVersion"":""atlas-rolling20-A""}",live,,,,,,,,,,,,,,030000,제일기획,net,2026-09-28-rolling20-13cd892134e517b4,atlas-rolling20-A,2026-09-28,2026-09-29,1,3,크기 허용·방향 틀림,false,true,true,0.0220454225268415,"{""realizedLog"":0.0005613247410929414,""predictedLog"":0.00034084621221981194,""errorLog"":-0.0002204785288731295,""basketCumLog"":null,""beta"":0.3386,""marketPartLog"":null,""residualPartLog"":null,""marketShare"":null,""unexplainedShare"":null}","[""출발가 17,810원(2026-09-28) → 실제 17,820원(2026-09-29, 1거래일) +0.06% · 예측 중앙 17,816원 +0.03% · 오차 -0.02%(절대 오차율 0.02%, 허용 1.5%)"",""방향: 예측 상승(48%) · 실제 보합 → 오답 · 80% 띠 담김(폭 3.2%)"",""실제값 정정 이력 6건"",""실제 종가 관측 시각 2026-09-29T10:29:50.000Z(16:00 KST 이후 · 지연 관측)""]","[""선택 모형의 기대 누적 0.00% = 절편 0.00% + 자기 추세 0.00% + 52종목 폭·평균 0.00% · 실제 +0.06%""]","[{""category"":""자료 오류"",""evidence"":""실제값 정정 6건"",""counterEvidence"":""정정 뒤 값으로 채점됨"",""strength"":""약""}]","[""수급(외국인·기관·개인)·심리·과열·영향 시차·요인 중복·가중치는 이 셀에서 검증 자료 없음(실험 기록·시간순 검증에서만 판단)""]","[""자료 오류""]","{""luckySuspect"":false,""reasonableProcess"":true,""luckyNote"":null,""reasonableNote"":""방향은 틀렸지만 실제값이 모형 80% 띠 안 → 판단 과정은 분포 안""}","{""confirmedFacts"":[""출발가 17,810원(2026-09-28) → 실제 17,820원(2026-09-29, 1거래일) +0.06% · 예측 중앙 17,816원 +0.03% · 오차 -0.02%(절대 오차율 0.02%, 허용 1.5%)"",""방향: 예측 상승(48%) · 실제 보합 → 오답 · 80% 띠 담김(폭 3.2%)"",""실제값 정정 이력 6건"",""실제 종가 관측 시각 2026-09-29T10:29:50.000Z(16:00 KST 이후 · 지연 관측)""],""modelInternal"":[""선택 모형의 기대 누적 0.00% = 절편 0.00% + 자기 추세 0.00% + 52종목 폭·평균 0.00% · 실제 +0.06%""],""causeHypotheses"":[""자료 오류""],""unverified"":[""수급(외국인·기관·개인)·심리·과열·영향 시차·요인 중복·가중치는 이 셀에서 검증 자료 없음(실험 기록·시간순 검증에서만 판단)""]}"
analysis-e0a8756c345b13d3,analysis,2026-09-29,2026-09-29T10:29:50Z,,,"{""forecastId"":""2026-09-28-atlas11-90616c6bc916e8d6"",""modelVersion"":""atlas11-A-1""}",live,,,,,,,,,,,,,,034730,SK,util,2026-09-28-atlas11-90616c6bc916e8d6,atlas11-A-1,2026-09-28,2026-09-29,1,3,크기 허용·방향 틀림,false,true,true,1.2205226843657166,"{""realizedLog"":0.010327114155849524,""predictedLog"":-0.0019532081324840577,""errorLog"":-0.012280322288333582,""basketCumLog"":null,""beta"":1.3807,""marketPartLog"":null,""residualPartLog"":null,""marketShare"":null,""unexplainedShare"":null}","[""출발가 578,000원(2026-09-28) → 실제 584,000원(2026-09-29, 1거래일) +1.04% · 예측 중앙 576,872원 -0.20% · 오차 -1.22%(절대 오차율 1.22%, 허용 1.5%)"",""방향: 예측 하락(51%) · 실제 상승 → 오답 · 80% 띠 담김(폭 9.3%)"",""실제값 정정 이력 5건"",""실제 종가 관측 시각 2026-09-29T10:29:50.000Z(16:00 KST 이후 · 지연 관측)""]","[""선택 모형의 기대 누적 0.00% = 절편 0.00% + 자기 추세 0.00% + 52종목 폭·평균 0.00% · 실제 +1.04%""]","[{""category"":""자료 오류"",""evidence"":""실제값 정정 5건"",""counterEvidence"":""정정 뒤 값으로 채점됨"",""strength"":""약""}]","[""수급(외국인·기관·개인)·심리·과열·영향 시차·요인 중복·가중치는 이 셀에서 검증 자료 없음(실험 기록·시간순 검증에서만 판단)""]","[""자료 오류""]","{""luckySuspect"":false,""reasonableProcess"":true,""luckyNote"":null,""reasonableNote"":""방향은 틀렸지만 실제값이 모형 80% 띠 안 → 판단 과정은 분포 안""}","{""confirmedFacts"":[""출발가 578,000원(2026-09-28) → 실제 584,000원(2026-09-29, 1거래일) +1.04% · 예측 중앙 576,872원 -0.20% · 오차 -1.22%(절대 오차율 1.22%, 허용 1.5%)"",""방향: 예측 하락(51%) · 실제 상승 → 오답 · 80% 띠 담김(폭 9.3%)"",""실제값 정정 이력 5건"",""실제 종가 관측 시각 2026-09-29T10:29:50.000Z(16:00 KST 이후 · 지연 관측)""],""modelInternal"":[""선택 모형의 기대 누적 0.00% = 절편 0.00% + 자기 추세 0.00% + 52종목 폭·평균 0.00% · 실제 +1.04%""],""causeHypotheses"":[""자료 오류""],""unverified"":[""수급(외국인·기관·개인)·심리·과열·영향 시차·요인 중복·가중치는 이 셀에서 검증 자료 없음(실험 기록·시간순 검증에서만 판단)""]}"
analysis-a888559bd0b250e6,analysis,2026-09-29,2026-09-29T10:29:50Z,,,"{""forecastId"":""2026-09-28-atlas11-90616c6bc916e8d6"",""modelVersion"":""atlas11-A-1""}",live,,,,,,,,,,,,,,000810,삼성화재,fin,2026-09-28-atlas11-90616c6bc916e8d6,atlas11-A-1,2026-09-28,2026-09-29,1,1,방향·크기 모두 맞음,true,true,true,1.354367046040367,"{""realizedLog"":-0.015244197643117081,""predictedLog"":-0.0017914228993783391,""errorLog"":0.013452774743738741,""basketCumLog"":null,""beta"":0.8304,""marketPartLog"":null,""residualPartLog"":null,""marketShare"":null,""unexplainedShare"":null}","[""출발가 661,000원(2026-09-28) → 실제 651,000원(2026-09-29, 1거래일) -1.51% · 예측 중앙 659,817원 -0.18% · 오차 +1.35%(절대 오차율 1.35%, 허용 1.5%)"",""방향: 예측 하락(52%) · 실제 하락 → 정답 · 80% 띠 담김(폭 5.3%)"",""실제값 정정 이력 5건"",""실제 종가 관측 시각 2026-09-29T10:29:50.000Z(16:00 KST 이후 · 지연 관측)""]","[""선택 모형의 기대 누적 0.00% = 절편 0.00% + 자기 추세 0.00% + 52종목 폭·평균 0.00% · 실제 -1.51%""]",[],"[""수급(외국인·기관·개인)·심리·과열·영향 시차·요인 중복·가중치는 이 셀에서 검증 자료 없음(실험 기록·시간순 검증에서만 판단)""]",[],"{""luckySuspect"":false,""reasonableProcess"":false,""luckyNote"":null,""reasonableNote"":null}","{""confirmedFacts"":[""출발가 661,000원(2026-09-28) → 실제 651,000원(2026-09-29, 1거래일) -1.51% · 예측 중앙 659,817원 -0.18% · 오차 +1.35%(절대 오차율 1.35%, 허용 1.5%)"",""방향: 예측 하락(52%) · 실제 하락 → 정답 · 80% 띠 담김(폭 5.3%)"",""실제값 정정 이력 5건"",""실제 종가 관측 시각 2026-09-29T10:29:50.000Z(16:00 KST 이후 · 지연 관측)""],""modelInternal"":[""선택 모형의 기대 누적 0.00% = 절편 0.00% + 자기 추세 0.00% + 52종목 폭·평균 0.00% · 실제 -1.51%""],""causeHypotheses"":[],""unverified"":[""수급(외국인·기관·개인)·심리·과열·영향 시차·요인 중복·가중치는 이 셀에서 검증 자료 없음(실험 기록·시간순 검증에서만 판단)""]}"
analysis-a944137e75027284,analysis,2026-09-29,2026-09-29T10:29:50Z,,,"{""forecastId"":""2026-09-28-atlas11-90616c6bc916e8d6"",""modelVersion"":""atlas11-A-1""}",live,,,,,,,,,,,,,,138040,메리츠금융지주,fin,2026-09-28-atlas11-90616c6bc916e8d6,atlas11-A-1,2026-09-28,2026-09-29,1,1,방향·크기 모두 맞음,true,true,true,0.4296894744380035,"{""realizedLog"":-0.009036206063937445,""predictedLog"":-0.004748516611752403,""errorLog"":0.004287689452185043,""basketCumLog"":null,""beta"":0.6414,""marketPartLog"":null,""residualPartLog"":null,""marketShare"":null,""unexplainedShare"":null}","[""출발가 133,400원(2026-09-28) → 실제 132,200원(2026-09-29, 1거래일) -0.90% · 예측 중앙 132,768원 -0.47% · 오차 +0.43%(절대 오차율 0.43%, 허용 1.5%)"",""방향: 예측 하락(57%) · 실제 하락 → 정답 · 80% 띠 담김(폭 5.7%)"",""실제값 정정 이력 5건"",""실제 종가 관측 시각 2026-09-29T10:29:50.000Z(16:00 KST 이후 · 지연 관측)""]","[""선택 모형의 기대 누적 -0.25% = 절편 +0.04% + 자기 추세 -0.31% + 52종목 폭·평균 +0.02% · 실제 -0.90%"",""실제 방향과 반대로 기여한 항: F11 (모형 내부 설명 · 인과 아님)""]",[],"[""수급(외국인·기관·개인)·심리·과열·영향 시차·요인 중복·가중치는 이 셀에서 검증 자료 없음(실험 기록·시간순 검증에서만 판단)""]",[],"{""luckySuspect"":false,""reasonableProcess"":false,""luckyNote"":null,""reasonableNote"":null}","{""confirmedFacts"":[""출발가 133,400원(2026-09-28) → 실제 132,200원(2026-09-29, 1거래일) -0.90% · 예측 중앙 132,768원 -0.47% · 오차 +0.43%(절대 오차율 0.43%, 허용 1.5%)"",""방향: 예측 하락(57%) · 실제 하락 → 정답 · 80% 띠 담김(폭 5.7%)"",""실제값 정정 이력 5건"",""실제 종가 관측 시각 2026-09-29T10:29:50.000Z(16:00 KST 이후 · 지연 관측)""],""modelInternal"":[""선택 모형의 기대 누적 -0.25% = 절편 +0.04% + 자기 추세 -0.31% + 52종목 폭·평균 +0.02% · 실제 -0.90%"",""실제 방향과 반대로 기여한 항: F11 (모형 내부 설명 · 인과 아님)""],""causeHypotheses"":[],""unverified"":[""수급(외국인·기관·개인)·심리·과열·영향 시차·요인 중복·가중치는 이 셀에서 검증 자료 없음(실험 기록·시간순 검증에서만 판단)""]}"
analysis-c8f13575d447c948,analysis,2026-09-29,2026-09-29T10:29:50Z,,,"{""forecastId"":""2026-09-28-atlas11-90616c6bc916e8d6"",""modelVersion"":""atlas11-A-1""}",live,,,,,,,,,,,,,,017670,SK텔레콤,net,2026-09-28-atlas11-90616c6bc916e8d6,atlas11-A-1,2026-09-28,2026-09-29,1,2,방향 맞고 크기 틀림,true,false,false,2.477829386685504,"{""realizedLog"":-0.025259666759237877,""predictedLog"":-0.000783376231279559,""errorLog"":0.024476290527958317,""basketCumLog"":null,""beta"":0.687,""marketPartLog"":null,""residualPartLog"":null,""marketShare"":null,""unexplainedShare"":null}","[""출발가 88,200원(2026-09-28) → 실제 86,000원(2026-09-29, 1거래일) -2.49% · 예측 중앙 88,131원 -0.08% · 오차 +2.48%(절대 오차율 2.48%, 허용 1.5%)"",""방향: 예측 하락(47%) · 실제 하락 → 정답 · 80% 띠 벗어남(폭 3.8%)"",""실제값 정정 이력 2건"",""실제 종가 관측 시각 2026-09-29T10:29:50.000Z(16:00 KST 이후 · 지연 관측)""]","[""선택 모형의 기대 누적 0.00% = 절편 0.00% + 자기 추세 0.00% + 52종목 폭·평균 0.00% · 실제 -2.49%""]","[{""category"":""변동성·범위"",""evidence"":""실제값이 80% 띠 밖(폭 3.8% · 실제 이동 -2.49%)"",""counterEvidence"":""80% 띠는 명목이며 개별 셀의 벗어남은 정상 범위일 수 있음(담김률로 판단)"",""strength"":""중""},{""category"":""자료 오류"",""evidence"":""실제값 정정 2건"",""counterEvidence"":""정정 뒤 값으로 채점됨"",""strength"":""약""}]","[""수급(외국인·기관·개인)·심리·과열·영향 시차·요인 중복·가중치는 이 셀에서 검증 자료 없음(실험 기록·시간순 검증에서만 판단)""]","[""변동성·범위"",""자료 오류""]","{""luckySuspect"":false,""reasonableProcess"":false,""luckyNote"":null,""reasonableNote"":null}","{""confirmedFacts"":[""출발가 88,200원(2026-09-28) → 실제 86,000원(2026-09-29, 1거래일) -2.49% · 예측 중앙 88,131원 -0.08% · 오차 +2.48%(절대 오차율 2.48%, 허용 1.5%)"",""방향: 예측 하락(47%) · 실제 하락 → 정답 · 80% 띠 벗어남(폭 3.8%)"",""실제값 정정 이력 2건"",""실제 종가 관측 시각 2026-09-29T10:29:50.000Z(16:00 KST 이후 · 지연 관측)""],""modelInternal"":[""선택 모형의 기대 누적 0.00% = 절편 0.00% + 자기 추세 0.00% + 52종목 폭·평균 0.00% · 실제 -2.49%""],""causeHypotheses"":[""변동성·범위"",""자료 오류""],""unverified"":[""수급(외국인·기관·개인)·심리·과열·영향 시차·요인 중복·가중치는 이 셀에서 검증 자료 없음(실험 기록·시간순 검증에서만 판단)""]}"
analysis-5277b78992c83ccd,analysis,2026-09-29,2026-09-29T10:29:50Z,,,"{""forecastId"":""2026-09-28-atlas11-90616c6bc916e8d6"",""modelVersion"":""atlas11-A-1""}",live,,,,,,,,,,,,,,033780,KT&G,cons,2026-09-28-atlas11-90616c6bc916e8d6,atlas11-A-1,2026-09-28,2026-09-29,1,3,크기 허용·방향 틀림,false,true,true,0.47370605762341045,"{""realizedLog"":0.003982935564077854,""predictedLog"":-0.0007653804427794358,""errorLog"":-0.00474831600685729,""basketCumLog"":null,""beta"":0.2734,""marketPartLog"":null,""residualPartLog"":null,""marketShare"":null,""unexplainedShare"":null}","[""출발가 175,400원(2026-09-28) → 실제 176,100원(2026-09-29, 1거래일) +0.40% · 예측 중앙 175,266원 -0.08% · 오차 -0.47%(절대 오차율 0.47%, 허용 1.5%)"",""방향: 예측 하락(50%) · 실제 상승 → 오답 · 80% 띠 담김(폭 4.0%)"",""실제값 정정 이력 4건"",""실제 종가 관측 시각 2026-09-29T10:29:50.000Z(16:00 KST 이후 · 지연 관측)""]","[""선택 모형의 기대 누적 +0.00% = 절편 +0.07% + 자기 추세 -0.08% + 52종목 폭·평균 +0.01% · 실제 +0.40%"",""실제 방향과 반대로 기여한 항: F35 (모형 내부 설명 · 인과 아님)""]","[{""category"":""자료 오류"",""evidence"":""실제값 정정 4건"",""counterEvidence"":""정정 뒤 값으로 채점됨"",""strength"":""약""}]","[""수급(외국인·기관·개인)·심리·과열·영향 시차·요인 중복·가중치는 이 셀에서 검증 자료 없음(실험 기록·시간순 검증에서만 판단)""]","[""자료 오류""]","{""luckySuspect"":false,""reasonableProcess"":true,""luckyNote"":null,""reasonableNote"":""방향은 틀렸지만 실제값이 모형 80% 띠 안 → 판단 과정은 분포 안""}","{""confirmedFacts"":[""출발가 175,400원(2026-09-28) → 실제 176,100원(2026-09-29, 1거래일) +0.40% · 예측 중앙 175,266원 -0.08% · 오차 -0.47%(절대 오차율 0.47%, 허용 1.5%)"",""방향: 예측 하락(50%) · 실제 상승 → 오답 · 80% 띠 담김(폭 4.0%)"",""실제값 정정 이력 4건"",""실제 종가 관측 시각 2026-09-29T10:29:50.000Z(16:00 KST 이후 · 지연 관측)""],""modelInternal"":[""선택 모형의 기대 누적 +0.00% = 절편 +0.07% + 자기 추세 -0.08% + 52종목 폭·평균 +0.01% · 실제 +0.40%"",""실제 방향과 반대로 기여한 항: F35 (모형 내부 설명 · 인과 아님)""],""causeHypotheses"":[""자료 오류""],""unverified"":[""수급(외국인·기관·개인)·심리·과열·영향 시차·요인 중복·가중치는 이 셀에서 검증 자료 없음(실험 기록·시간순 검증에서만 판단)""]}"
analysis-99d33df28142cc4a,analysis,2026-09-29,2026-09-29T10:29:50Z,,,"{""forecastId"":""2026-09-28-atlas11-90616c6bc916e8d6"",""modelVersion"":""atlas11-A-1""}",live,,,,,,,,,,,,,,030200,KT,net,2026-09-28-atlas11-90616c6bc916e8d6,atlas11-A-1,2026-09-28,2026-09-29,1,3,크기 허용·방향 틀림,false,true,true,0.5895671408512574,"{""realizedLog"":-0.005687219120589576,""predictedLog"":0.00019114082571512026,""errorLog"":0.005878359946304697,""basketCumLog"":null,""beta"":0.4,""marketPartLog"":null,""residualPartLog"":null,""marketShare"":null,""unexplainedShare"":null}","[""출발가 52,900원(2026-09-28) → 실제 52,600원(2026-09-29, 1거래일) -0.57% · 예측 중앙 52,910원 +0.02% · 오차 +0.59%(절대 오차율 0.59%, 허용 1.5%)"",""방향: 예측 상승(47%) · 실제 하락 → 오답 · 80% 띠 담김(폭 3.2%)"",""실제값 정정 이력 6건"",""실제 종가 관측 시각 2026-09-29T10:29:50.000Z(16:00 KST 이후 · 지연 관측)""]","[""선택 모형의 기대 누적 0.00% = 절편 0.00% + 자기 추세 0.00% + 52종목 폭·평균 0.00% · 실제 -0.57%""]","[{""category"":""자료 오류"",""evidence"":""실제값 정정 6건"",""counterEvidence"":""정정 뒤 값으로 채점됨"",""strength"":""약""}]","[""수급(외국인·기관·개인)·심리·과열·영향 시차·요인 중복·가중치는 이 셀에서 검증 자료 없음(실험 기록·시간순 검증에서만 판단)""]","[""자료 오류""]","{""luckySuspect"":false,""reasonableProcess"":true,""luckyNote"":null,""reasonableNote"":""방향은 틀렸지만 실제값이 모형 80% 띠 안 → 판단 과정은 분포 안""}","{""confirmedFacts"":[""출발가 52,900원(2026-09-28) → 실제 52,600원(2026-09-29, 1거래일) -0.57% · 예측 중앙 52,910원 +0.02% · 오차 +0.59%(절대 오차율 0.59%, 허용 1.5%)"",""방향: 예측 상승(47%) · 실제 하락 → 오답 · 80% 띠 담김(폭 3.2%)"",""실제값 정정 이력 6건"",""실제 종가 관측 시각 2026-09-29T10:29:50.000Z(16:00 KST 이후 · 지연 관측)""],""modelInternal"":[""선택 모형의 기대 누적 0.00% = 절편 0.00% + 자기 추세 0.00% + 52종목 폭·평균 0.00% · 실제 -0.57%""],""causeHypotheses"":[""자료 오류""],""unverified"":[""수급(외국인·기관·개인)·심리·과열·영향 시차·요인 중복·가중치는 이 셀에서 검증 자료 없음(실험 기록·시간순 검증에서만 판단)""]}"
analysis-3c36c9179de0f592,analysis,2026-09-29,2026-09-29T10:29:50Z,,,"{""forecastId"":""2026-09-28-atlas11-90616c6bc916e8d6"",""modelVersion"":""atlas11-A-1""}",live,,,,,,,,,,,,,,003230,삼양식품,cons,2026-09-28-atlas11-90616c6bc916e8d6,atlas11-A-1,2026-09-28,2026-09-29,1,3,크기 허용·방향 틀림,false,true,true,1.0583798144702805,"{""realizedLog"":0.006562779912523582,""predictedLog"":-0.00407742497517411,""errorLog"":-0.010640204887697693,""basketCumLog"":null,""beta"":0.6817,""marketPartLog"":null,""residualPartLog"":null,""marketShare"":null,""unexplainedShare"":null}","[""출발가 1,215,000원(2026-09-28) → 실제 1,223,000원(2026-09-29, 1거래일) +0.66% · 예측 중앙 1,210,056원 -0.41% · 오차 -1.06%(절대 오차율 1.06%, 허용 1.5%)"",""방향: 예측 하락(54%) · 실제 상승 → 오답 · 80% 띠 담김(폭 7.4%)"",""실제값 정정 이력 6건"",""실제 종가 관측 시각 2026-09-29T10:29:50.000Z(16:00 KST 이후 · 지연 관측)""]","[""선택 모형의 기대 누적 0.00% = 절편 0.00% + 자기 추세 0.00% + 52종목 폭·평균 0.00% · 실제 +0.66%""]","[{""category"":""자료 오류"",""evidence"":""실제값 정정 6건"",""counterEvidence"":""정정 뒤 값으로 채점됨"",""strength"":""약""}]","[""수급(외국인·기관·개인)·심리·과열·영향 시차·요인 중복·가중치는 이 셀에서 검증 자료 없음(실험 기록·시간순 검증에서만 판단)""]","[""자료 오류""]","{""luckySuspect"":false,""reasonableProcess"":true,""luckyNote"":null,""reasonableNote"":""방향은 틀렸지만 실제값이 모형 80% 띠 안 → 판단 과정은 분포 안""}","{""confirmedFacts"":[""출발가 1,215,000원(2026-09-28) → 실제 1,223,000원(2026-09-29, 1거래일) +0.66% · 예측 중앙 1,210,056원 -0.41% · 오차 -1.06%(절대 오차율 1.06%, 허용 1.5%)"",""방향: 예측 하락(54%) · 실제 상승 → 오답 · 80% 띠 담김(폭 7.4%)"",""실제값 정정 이력 6건"",""실제 종가 관측 시각 2026-09-29T10:29:50.000Z(16:00 KST 이후 · 지연 관측)""],""modelInternal"":[""선택 모형의 기대 누적 0.00% = 절편 0.00% + 자기 추세 0.00% + 52종목 폭·평균 0.00% · 실제 +0.66%""],""causeHypotheses"":[""자료 오류""],""unverified"":[""수급(외국인·기관·개인)·심리·과열·영향 시차·요인 중복·가중치는 이 셀에서 검증 자료 없음(실험 기록·시간순 검증에서만 판단)""]}"
analysis-fe8b82fae3ee24fa,analysis,2026-09-29,2026-09-29T10:29:50Z,,,"{""forecastId"":""2026-09-28-atlas11-90616c6bc916e8d6"",""modelVersion"":""atlas11-A-1""}",live,,,,,,,,,,,,,,259960,크래프톤,net,2026-09-28-atlas11-90616c6bc916e8d6,atlas11-A-1,2026-09-28,2026-09-29,1,2,방향 맞고 크기 틀림,true,false,true,1.9960314368920546,"{""realizedLog"":-0.020505844792684736,""predictedLog"":-0.0007421257348711653,""errorLog"":0.019763719057813572,""basketCumLog"":null,""beta"":0.6022,""marketPartLog"":null,""residualPartLog"":null,""marketShare"":null,""unexplainedShare"":null}","[""출발가 202,000원(2026-09-28) → 실제 197,900원(2026-09-29, 1거래일) -2.03% · 예측 중앙 201,850원 -0.07% · 오차 +2.00%(절대 오차율 2.00%, 허용 1.5%)"",""방향: 예측 하락(50%) · 실제 하락 → 정답 · 80% 띠 담김(폭 5.0%)"",""실제값 정정 이력 4건"",""실제 종가 관측 시각 2026-09-29T10:29:50.000Z(16:00 KST 이후 · 지연 관측)""]","[""선택 모형의 기대 누적 -0.07% = 절편 -0.06% + 자기 추세 +0.01% + 52종목 폭·평균 -0.01% · 실제 -2.03%"",""실제 방향과 반대로 기여한 항: F35 (모형 내부 설명 · 인과 아님)""]","[{""category"":""자료 오류"",""evidence"":""실제값 정정 4건"",""counterEvidence"":""정정 뒤 값으로 채점됨"",""strength"":""약""}]","[""수급(외국인·기관·개인)·심리·과열·영향 시차·요인 중복·가중치는 이 셀에서 검증 자료 없음(실험 기록·시간순 검증에서만 판단)""]","[""자료 오류""]","{""luckySuspect"":false,""reasonableProcess"":false,""luckyNote"":null,""reasonableNote"":null}","{""confirmedFacts"":[""출발가 202,000원(2026-09-28) → 실제 197,900원(2026-09-29, 1거래일) -2.03% · 예측 중앙 201,850원 -0.07% · 오차 +2.00%(절대 오차율 2.00%, 허용 1.5%)"",""방향: 예측 하락(50%) · 실제 하락 → 정답 · 80% 띠 담김(폭 5.0%)"",""실제값 정정 이력 4건"",""실제 종가 관측 시각 2026-09-29T10:29:50.000Z(16:00 KST 이후 · 지연 관측)""],""modelInternal"":[""선택 모형의 기대 누적 -0.07% = 절편 -0.06% + 자기 추세 +0.01% + 52종목 폭·평균 -0.01% · 실제 -2.03%"",""실제 방향과 반대로 기여한 항: F35 (모형 내부 설명 · 인과 아님)""],""causeHypotheses"":[""자료 오류""],""unverified"":[""수급(외국인·기관·개인)·심리·과열·영향 시차·요인 중복·가중치는 이 셀에서 검증 자료 없음(실험 기록·시간순 검증에서만 판단)""]}"
analysis-a639cbda0c4fc5a4,analysis,2026-09-29,2026-09-29T10:29:50Z,,,"{""forecastId"":""2026-09-28-atlas11-90616c6bc916e8d6"",""modelVersion"":""atlas11-A-1""}",live,,,,,,,,,,,,,,352820,하이브,net,2026-09-28-atlas11-90616c6bc916e8d6,atlas11-A-1,2026-09-28,2026-09-29,1,2,방향 맞고 크기 틀림,true,false,true,1.8638619424465448,"{""realizedLog"":-0.018703787140919095,""predictedLog"":-0.00023673817130389073,""errorLog"":0.018467048969615204,""basketCumLog"":null,""beta"":0.9397,""marketPartLog"":null,""residualPartLog"":null,""marketShare"":null,""unexplainedShare"":null}","[""출발가 161,900원(2026-09-28) → 실제 158,900원(2026-09-29, 1거래일) -1.85% · 예측 중앙 161,862원 -0.02% · 오차 +1.86%(절대 오차율 1.86%, 허용 1.5%)"",""방향: 예측 하락(49%) · 실제 하락 → 정답 · 80% 띠 담김(폭 6.1%)"",""실제값 정정 이력 3건"",""실제 종가 관측 시각 2026-09-29T10:29:50.000Z(16:00 KST 이후 · 지연 관측)""]","[""선택 모형의 기대 누적 0.00% = 절편 0.00% + 자기 추세 0.00% + 52종목 폭·평균 0.00% · 실제 -1.85%""]","[{""category"":""자료 오류"",""evidence"":""실제값 정정 3건"",""counterEvidence"":""정정 뒤 값으로 채점됨"",""strength"":""약""}]","[""수급(외국인·기관·개인)·심리·과열·영향 시차·요인 중복·가중치는 이 셀에서 검증 자료 없음(실험 기록·시간순 검증에서만 판단)""]","[""자료 오류""]","{""luckySuspect"":false,""reasonableProcess"":false,""luckyNote"":null,""reasonableNote"":null}","{""confirmedFacts"":[""출발가 161,900원(2026-09-28) → 실제 158,900원(2026-09-29, 1거래일) -1.85% · 예측 중앙 161,862원 -0.02% · 오차 +1.86%(절대 오차율 1.86%, 허용 1.5%)"",""방향: 예측 하락(49%) · 실제 하락 → 정답 · 80% 띠 담김(폭 6.1%)"",""실제값 정정 이력 3건"",""실제 종가 관측 시각 2026-09-29T10:29:50.000Z(16:00 KST 이후 · 지연 관측)""],""modelInternal"":[""선택 모형의 기대 누적 0.00% = 절편 0.00% + 자기 추세 0.00% + 52종목 폭·평균 0.00% · 실제 -1.85%""],""causeHypotheses"":[""자료 오류""],""unverified"":[""수급(외국인·기관·개인)·심리·과열·영향 시차·요인 중복·가중치는 이 셀에서 검증 자료 없음(실험 기록·시간순 검증에서만 판단)""]}"
analysis-8127a00158abbb57,analysis,2026-09-29,2026-09-29T10:29:50Z,,,"{""forecastId"":""2026-09-28-atlas11-90616c6bc916e8d6"",""modelVersion"":""atlas11-A-1""}",live,,,,,,,,,,,,,,002380,KCC,chem,2026-09-28-atlas11-90616c6bc916e8d6,atlas11-A-1,2026-09-28,2026-09-29,1,2,방향 맞고 크기 틀림,true,false,true,1.8372083172729068,"{""realizedLog"":-0.01892800988551891,""predictedLog"":-0.0007226544385912116,""errorLog"":0.0182053554469277,""basketCumLog"":null,""beta"":1.4171,""marketPartLog"":null,""residualPartLog"":null,""marketShare"":null,""unexplainedShare"":null}","[""출발가 480,000원(2026-09-28) → 실제 471,000원(2026-09-29, 1거래일) -1.88% · 예측 중앙 479,653원 -0.07% · 오차 +1.84%(절대 오차율 1.84%, 허용 1.5%)"",""방향: 예측 하락(48%) · 실제 하락 → 정답 · 80% 띠 담김(폭 5.7%)"",""실제값 정정 이력 4건"",""실제 종가 관측 시각 2026-09-29T10:29:50.000Z(16:00 KST 이후 · 지연 관측)""]","[""선택 모형의 기대 누적 0.00% = 절편 0.00% + 자기 추세 0.00% + 52종목 폭·평균 0.00% · 실제 -1.88%""]","[{""category"":""자료 오류"",""evidence"":""실제값 정정 4건"",""counterEvidence"":""정정 뒤 값으로 채점됨"",""strength"":""약""}]","[""수급(외국인·기관·개인)·심리·과열·영향 시차·요인 중복·가중치는 이 셀에서 검증 자료 없음(실험 기록·시간순 검증에서만 판단)""]","[""자료 오류""]","{""luckySuspect"":false,""reasonableProcess"":false,""luckyNote"":null,""reasonableNote"":null}","{""confirmedFacts"":[""출발가 480,000원(2026-09-28) → 실제 471,000원(2026-09-29, 1거래일) -1.88% · 예측 중앙 479,653원 -0.07% · 오차 +1.84%(절대 오차율 1.84%, 허용 1.5%)"",""방향: 예측 하락(48%) · 실제 하락 → 정답 · 80% 띠 담김(폭 5.7%)"",""실제값 정정 이력 4건"",""실제 종가 관측 시각 2026-09-29T10:29:50.000Z(16:00 KST 이후 · 지연 관측)""],""modelInternal"":[""선택 모형의 기대 누적 0.00% = 절편 0.00% + 자기 추세 0.00% + 52종목 폭·평균 0.00% · 실제 -1.88%""],""causeHypotheses"":[""자료 오류""],""unverified"":[""수급(외국인·기관·개인)·심리·과열·영향 시차·요인 중복·가중치는 이 셀에서 검증 자료 없음(실험 기록·시간순 검증에서만 판단)""]}"
analysis-ca8c1d7209ab630b,analysis,2026-09-29,2026-09-29T10:29:50Z,,,"{""forecastId"":""2026-09-28-atlas11-90616c6bc916e8d6"",""modelVersion"":""atlas11-A-1""}",live,,,,,,,,,,,,,,004170,신세계,cons,2026-09-28-atlas11-90616c6bc916e8d6,atlas11-A-1,2026-09-28,2026-09-29,1,1,방향·크기 모두 맞음,true,true,true,1.4306485980831327,"{""realizedLog"":-0.014663019310074306,""predictedLog"":-0.00045790539178172505,""errorLog"":0.014205113918292581,""basketCumLog"":null,""beta"":0.9942,""marketPartLog"":null,""residualPartLog"":null,""marketShare"":null,""unexplainedShare"":null}","[""출발가 343,500원(2026-09-28) → 실제 338,500원(2026-09-29, 1거래일) -1.46% · 예측 중앙 343,343원 -0.05% · 오차 +1.43%(절대 오차율 1.43%, 허용 1.5%)"",""방향: 예측 하락(49%) · 실제 하락 → 정답 · 80% 띠 담김(폭 8.1%)"",""실제값 정정 이력 6건"",""실제 종가 관측 시각 2026-09-29T10:29:50.000Z(16:00 KST 이후 · 지연 관측)""]","[""선택 모형의 기대 누적 +0.14% = 절편 +0.12% + 자기 추세 +0.01% + 52종목 폭·평균 +0.01% · 실제 -1.46%"",""실제 방향과 반대로 기여한 항: F35, F11 (모형 내부 설명 · 인과 아님)""]",[],"[""수급(외국인·기관·개인)·심리·과열·영향 시차·요인 중복·가중치는 이 셀에서 검증 자료 없음(실험 기록·시간순 검증에서만 판단)""]",[],"{""luckySuspect"":false,""reasonableProcess"":false,""luckyNote"":null,""reasonableNote"":null}","{""confirmedFacts"":[""출발가 343,500원(2026-09-28) → 실제 338,500원(2026-09-29, 1거래일) -1.46% · 예측 중앙 343,343원 -0.05% · 오차 +1.43%(절대 오차율 1.43%, 허용 1.5%)"",""방향: 예측 하락(49%) · 실제 하락 → 정답 · 80% 띠 담김(폭 8.1%)"",""실제값 정정 이력 6건"",""실제 종가 관측 시각 2026-09-29T10:29:50.000Z(16:00 KST 이후 · 지연 관측)""],""modelInternal"":[""선택 모형의 기대 누적 +0.14% = 절편 +0.12% + 자기 추세 +0.01% + 52종목 폭·평균 +0.01% · 실제 -1.46%"",""실제 방향과 반대로 기여한 항: F35, F11 (모형 내부 설명 · 인과 아님)""],""causeHypotheses"":[],""unverified"":[""수급(외국인·기관·개인)·심리·과열·영향 시차·요인 중복·가중치는 이 셀에서 검증 자료 없음(실험 기록·시간순 검증에서만 판단)""]}"
analysis-d570a5894e7577d7,analysis,2026-09-29,2026-09-29T10:29:50Z,,,"{""forecastId"":""2026-09-28-atlas11-90616c6bc916e8d6"",""modelVersion"":""atlas11-A-1""}",live,,,,,,,,,,,,,,012750,에스원,util,2026-09-28-atlas11-90616c6bc916e8d6,atlas11-A-1,2026-09-28,2026-09-29,1,1,방향·크기 모두 맞음,true,true,true,0.6261499608632036,"{""realizedLog"":-0.006020487781583025,""predictedLog"":0.0002214900862432742,""errorLog"":0.006241977867826299,""basketCumLog"":null,""beta"":0.3469,""marketPartLog"":null,""residualPartLog"":null,""marketShare"":null,""unexplainedShare"":null}","[""출발가 83,300원(2026-09-28) → 실제 82,800원(2026-09-29, 1거래일) -0.60% · 예측 중앙 83,318원 +0.02% · 오차 +0.63%(절대 오차율 0.63%, 허용 1.5%)"",""방향: 예측 하락(48%) · 실제 하락 → 정답 · 80% 띠 담김(폭 5.1%)"",""실제값 정정 이력 5건"",""실제 종가 관측 시각 2026-09-29T10:29:50.000Z(16:00 KST 이후 · 지연 관측)""]","[""선택 모형의 기대 누적 0.00% = 절편 0.00% + 자기 추세 0.00% + 52종목 폭·평균 0.00% · 실제 -0.60%""]",[],"[""수급(외국인·기관·개인)·심리·과열·영향 시차·요인 중복·가중치는 이 셀에서 검증 자료 없음(실험 기록·시간순 검증에서만 판단)""]",[],"{""luckySuspect"":false,""reasonableProcess"":false,""luckyNote"":null,""reasonableNote"":null}","{""confirmedFacts"":[""출발가 83,300원(2026-09-28) → 실제 82,800원(2026-09-29, 1거래일) -0.60% · 예측 중앙 83,318원 +0.02% · 오차 +0.63%(절대 오차율 0.63%, 허용 1.5%)"",""방향: 예측 하락(48%) · 실제 하락 → 정답 · 80% 띠 담김(폭 5.1%)"",""실제값 정정 이력 5건"",""실제 종가 관측 시각 2026-09-29T10:29:50.000Z(16:00 KST 이후 · 지연 관측)""],""modelInternal"":[""선택 모형의 기대 누적 0.00% = 절편 0.00% + 자기 추세 0.00% + 52종목 폭·평균 0.00% · 실제 -0.60%""],""causeHypotheses"":[],""unverified"":[""수급(외국인·기관·개인)·심리·과열·영향 시차·요인 중복·가중치는 이 셀에서 검증 자료 없음(실험 기록·시간순 검증에서만 판단)""]}"
analysis-8eaa246f1cc5386e,analysis,2026-09-29,2026-09-29T10:29:50Z,,,"{""forecastId"":""2026-09-28-atlas11-90616c6bc916e8d6"",""modelVersion"":""atlas11-A-1""}",live,,,,,,,,,,,,,,111770,영원무역,cons,2026-09-28-atlas11-90616c6bc916e8d6,atlas11-A-1,2026-09-28,2026-09-29,1,1,방향·크기 모두 맞음,true,true,true,1.0648520035775275,"{""realizedLog"":-0.011267724846342269,""predictedLog"":-0.0006755010052427328,""errorLog"":0.010592223841099535,""basketCumLog"":null,""beta"":0.5629,""marketPartLog"":null,""residualPartLog"":null,""marketShare"":null,""unexplainedShare"":null}","[""출발가 71,400원(2026-09-28) → 실제 70,600원(2026-09-29, 1거래일) -1.12% · 예측 중앙 71,352원 -0.07% · 오차 +1.06%(절대 오차율 1.06%, 허용 1.5%)"",""방향: 예측 하락(49%) · 실제 하락 → 정답 · 80% 띠 담김(폭 5.3%)"",""실제값 정정 이력 6건"",""실제 종가 관측 시각 2026-09-29T10:29:50.000Z(16:00 KST 이후 · 지연 관측)""]","[""선택 모형의 기대 누적 -0.06% = 절편 +0.08% + 자기 추세 -0.22% + 52종목 폭·평균 +0.08% · 실제 -1.12%"",""실제 방향과 반대로 기여한 항: F11 (모형 내부 설명 · 인과 아님)""]",[],"[""수급(외국인·기관·개인)·심리·과열·영향 시차·요인 중복·가중치는 이 셀에서 검증 자료 없음(실험 기록·시간순 검증에서만 판단)""]",[],"{""luckySuspect"":false,""reasonableProcess"":false,""luckyNote"":null,""reasonableNote"":null}","{""confirmedFacts"":[""출발가 71,400원(2026-09-28) → 실제 70,600원(2026-09-29, 1거래일) -1.12% · 예측 중앙 71,352원 -0.07% · 오차 +1.06%(절대 오차율 1.06%, 허용 1.5%)"",""방향: 예측 하락(49%) · 실제 하락 → 정답 · 80% 띠 담김(폭 5.3%)"",""실제값 정정 이력 6건"",""실제 종가 관측 시각 2026-09-29T10:29:50.000Z(16:00 KST 이후 · 지연 관측)""],""modelInternal"":[""선택 모형의 기대 누적 -0.06% = 절편 +0.08% + 자기 추세 -0.22% + 52종목 폭·평균 +0.08% · 실제 -1.12%"",""실제 방향과 반대로 기여한 항: F11 (모형 내부 설명 · 인과 아님)""],""causeHypotheses"":[],""unverified"":[""수급(외국인·기관·개인)·심리·과열·영향 시차·요인 중복·가중치는 이 셀에서 검증 자료 없음(실험 기록·시간순 검증에서만 판단)""]}"
analysis-ec78afe62561f0af,analysis,2026-09-29,2026-09-29T10:29:50Z,,,"{""forecastId"":""2026-09-28-atlas11-90616c6bc916e8d6"",""modelVersion"":""atlas11-A-1""}",live,,,,,,,,,,,,,,035250,강원랜드,cons,2026-09-28-atlas11-90616c6bc916e8d6,atlas11-A-1,2026-09-28,2026-09-29,1,3,크기 허용·방향 틀림,false,true,true,0.5870039577787495,"{""realizedLog"":-0.005551714467507582,""predictedLog"":0.00030116355454857423,""errorLog"":0.005852878022056156,""basketCumLog"":null,""beta"":0.3952,""marketPartLog"":null,""residualPartLog"":null,""marketShare"":null,""unexplainedShare"":null}","[""출발가 14,450원(2026-09-28) → 실제 14,370원(2026-09-29, 1거래일) -0.55% · 예측 중앙 14,454원 +0.03% · 오차 +0.59%(절대 오차율 0.59%, 허용 1.5%)"",""방향: 예측 상승(48%) · 실제 하락 → 오답 · 80% 띠 담김(폭 2.7%)"",""실제값 정정 이력 5건"",""실제 종가 관측 시각 2026-09-29T10:29:50.000Z(16:00 KST 이후 · 지연 관측)""]","[""선택 모형의 기대 누적 +0.03% = 절편 -0.00% + 자기 추세 -0.05% + 52종목 폭·평균 +0.08% · 실제 -0.55%"",""실제 방향과 반대로 기여한 항: F11 (모형 내부 설명 · 인과 아님)""]","[{""category"":""자료 오류"",""evidence"":""실제값 정정 5건"",""counterEvidence"":""정정 뒤 값으로 채점됨"",""strength"":""약""}]","[""수급(외국인·기관·개인)·심리·과열·영향 시차·요인 중복·가중치는 이 셀에서 검증 자료 없음(실험 기록·시간순 검증에서만 판단)""]","[""자료 오류""]","{""luckySuspect"":false,""reasonableProcess"":true,""luckyNote"":null,""reasonableNote"":""방향은 틀렸지만 실제값이 모형 80% 띠 안 → 판단 과정은 분포 안""}","{""confirmedFacts"":[""출발가 14,450원(2026-09-28) → 실제 14,370원(2026-09-29, 1거래일) -0.55% · 예측 중앙 14,454원 +0.03% · 오차 +0.59%(절대 오차율 0.59%, 허용 1.5%)"",""방향: 예측 상승(48%) · 실제 하락 → 오답 · 80% 띠 담김(폭 2.7%)"",""실제값 정정 이력 5건"",""실제 종가 관측 시각 2026-09-29T10:29:50.000Z(16:00 KST 이후 · 지연 관측)""],""modelInternal"":[""선택 모형의 기대 누적 +0.03% = 절편 -0.00% + 자기 추세 -0.05% + 52종목 폭·평균 +0.08% · 실제 -0.55%"",""실제 방향과 반대로 기여한 항: F11 (모형 내부 설명 · 인과 아님)""],""causeHypotheses"":[""자료 오류""],""unverified"":[""수급(외국인·기관·개인)·심리·과열·영향 시차·요인 중복·가중치는 이 셀에서 검증 자료 없음(실험 기록·시간순 검증에서만 판단)""]}"
analysis-4de5c7cf0fdf4703,analysis,2026-09-29,2026-09-29T10:29:50Z,,,"{""forecastId"":""2026-09-28-atlas11-90616c6bc916e8d6"",""modelVersion"":""atlas11-A-1""}",live,,,,,,,,,,,,,,030000,제일기획,net,2026-09-28-atlas11-90616c6bc916e8d6,atlas11-A-1,2026-09-28,2026-09-29,1,3,크기 허용·방향 틀림,false,true,true,0.0220454225268415,"{""realizedLog"":0.0005613247410929414,""predictedLog"":0.00034084621221981194,""errorLog"":-0.0002204785288731295,""basketCumLog"":null,""beta"":0.3386,""marketPartLog"":null,""residualPartLog"":null,""marketShare"":null,""unexplainedShare"":null}","[""출발가 17,810원(2026-09-28) → 실제 17,820원(2026-09-29, 1거래일) +0.06% · 예측 중앙 17,816원 +0.03% · 오차 -0.02%(절대 오차율 0.02%, 허용 1.5%)"",""방향: 예측 상승(48%) · 실제 보합 → 오답 · 80% 띠 담김(폭 3.2%)"",""실제값 정정 이력 6건"",""실제 종가 관측 시각 2026-09-29T10:29:50.000Z(16:00 KST 이후 · 지연 관측)""]","[""선택 모형의 기대 누적 0.00% = 절편 0.00% + 자기 추세 0.00% + 52종목 폭·평균 0.00% · 실제 +0.06%""]","[{""category"":""자료 오류"",""evidence"":""실제값 정정 6건"",""counterEvidence"":""정정 뒤 값으로 채점됨"",""strength"":""약""}]","[""수급(외국인·기관·개인)·심리·과열·영향 시차·요인 중복·가중치는 이 셀에서 검증 자료 없음(실험 기록·시간순 검증에서만 판단)""]","[""자료 오류""]","{""luckySuspect"":false,""reasonableProcess"":true,""luckyNote"":null,""reasonableNote"":""방향은 틀렸지만 실제값이 모형 80% 띠 안 → 판단 과정은 분포 안""}","{""confirmedFacts"":[""출발가 17,810원(2026-09-28) → 실제 17,820원(2026-09-29, 1거래일) +0.06% · 예측 중앙 17,816원 +0.03% · 오차 -0.02%(절대 오차율 0.02%, 허용 1.5%)"",""방향: 예측 상승(48%) · 실제 보합 → 오답 · 80% 띠 담김(폭 3.2%)"",""실제값 정정 이력 6건"",""실제 종가 관측 시각 2026-09-29T10:29:50.000Z(16:00 KST 이후 · 지연 관측)""],""modelInternal"":[""선택 모형의 기대 누적 0.00% = 절편 0.00% + 자기 추세 0.00% + 52종목 폭·평균 0.00% · 실제 +0.06%""],""causeHypotheses"":[""자료 오류""],""unverified"":[""수급(외국인·기관·개인)·심리·과열·영향 시차·요인 중복·가중치는 이 셀에서 검증 자료 없음(실험 기록·시간순 검증에서만 판단)""]}"
analysis-b2b3075e24875a23,analysis,2026-09-29,2026-09-29T10:29:50Z,,,"{""forecastId"":""2026-09-28-atlas11-27e1f65cfc167be9"",""modelVersion"":""atlas11-A-1""}",live,,,,,,,,,,,,,,034730,SK,util,2026-09-28-atlas11-27e1f65cfc167be9,atlas11-A-1,2026-09-28,2026-09-29,1,3,크기 허용·방향 틀림,false,true,true,1.2205226843657166,"{""realizedLog"":0.010327114155849524,""predictedLog"":-0.0019532081324840577,""errorLog"":-0.012280322288333582,""basketCumLog"":null,""beta"":1.3807,""marketPartLog"":null,""residualPartLog"":null,""marketShare"":null,""unexplainedShare"":null}","[""출발가 578,000원(2026-09-28) → 실제 584,000원(2026-09-29, 1거래일) +1.04% · 예측 중앙 576,872원 -0.20% · 오차 -1.22%(절대 오차율 1.22%, 허용 1.5%)"",""방향: 예측 하락(51%) · 실제 상승 → 오답 · 80% 띠 담김(폭 9.3%)"",""실제값 정정 이력 5건"",""실제 종가 관측 시각 2026-09-29T10:29:50.000Z(16:00 KST 이후 · 지연 관측)""]","[""선택 모형의 기대 누적 0.00% = 절편 0.00% + 자기 추세 0.00% + 52종목 폭·평균 0.00% · 실제 +1.04%""]","[{""category"":""자료 오류"",""evidence"":""실제값 정정 5건"",""counterEvidence"":""정정 뒤 값으로 채점됨"",""strength"":""약""}]","[""수급(외국인·기관·개인)·심리·과열·영향 시차·요인 중복·가중치는 이 셀에서 검증 자료 없음(실험 기록·시간순 검증에서만 판단)""]","[""자료 오류""]","{""luckySuspect"":false,""reasonableProcess"":true,""luckyNote"":null,""reasonableNote"":""방향은 틀렸지만 실제값이 모형 80% 띠 안 → 판단 과정은 분포 안""}","{""confirmedFacts"":[""출발가 578,000원(2026-09-28) → 실제 584,000원(2026-09-29, 1거래일) +1.04% · 예측 중앙 576,872원 -0.20% · 오차 -1.22%(절대 오차율 1.22%, 허용 1.5%)"",""방향: 예측 하락(51%) · 실제 상승 → 오답 · 80% 띠 담김(폭 9.3%)"",""실제값 정정 이력 5건"",""실제 종가 관측 시각 2026-09-29T10:29:50.000Z(16:00 KST 이후 · 지연 관측)""],""modelInternal"":[""선택 모형의 기대 누적 0.00% = 절편 0.00% + 자기 추세 0.00% + 52종목 폭·평균 0.00% · 실제 +1.04%""],""causeHypotheses"":[""자료 오류""],""unverified"":[""수급(외국인·기관·개인)·심리·과열·영향 시차·요인 중복·가중치는 이 셀에서 검증 자료 없음(실험 기록·시간순 검증에서만 판단)""]}"
analysis-4f5385bf301a0922,analysis,2026-09-29,2026-09-29T10:29:50Z,,,"{""forecastId"":""2026-09-28-atlas11-27e1f65cfc167be9"",""modelVersion"":""atlas11-A-1""}",live,,,,,,,,,,,,,,000810,삼성화재,fin,2026-09-28-atlas11-27e1f65cfc167be9,atlas11-A-1,2026-09-28,2026-09-29,1,1,방향·크기 모두 맞음,true,true,true,1.354367046040367,"{""realizedLog"":-0.015244197643117081,""predictedLog"":-0.0017914228993783391,""errorLog"":0.013452774743738741,""basketCumLog"":null,""beta"":0.8304,""marketPartLog"":null,""residualPartLog"":null,""marketShare"":null,""unexplainedShare"":null}","[""출발가 661,000원(2026-09-28) → 실제 651,000원(2026-09-29, 1거래일) -1.51% · 예측 중앙 659,817원 -0.18% · 오차 +1.35%(절대 오차율 1.35%, 허용 1.5%)"",""방향: 예측 하락(52%) · 실제 하락 → 정답 · 80% 띠 담김(폭 5.3%)"",""실제값 정정 이력 5건"",""실제 종가 관측 시각 2026-09-29T10:29:50.000Z(16:00 KST 이후 · 지연 관측)""]","[""선택 모형의 기대 누적 0.00% = 절편 0.00% + 자기 추세 0.00% + 52종목 폭·평균 0.00% · 실제 -1.51%""]",[],"[""수급(외국인·기관·개인)·심리·과열·영향 시차·요인 중복·가중치는 이 셀에서 검증 자료 없음(실험 기록·시간순 검증에서만 판단)""]",[],"{""luckySuspect"":false,""reasonableProcess"":false,""luckyNote"":null,""reasonableNote"":null}","{""confirmedFacts"":[""출발가 661,000원(2026-09-28) → 실제 651,000원(2026-09-29, 1거래일) -1.51% · 예측 중앙 659,817원 -0.18% · 오차 +1.35%(절대 오차율 1.35%, 허용 1.5%)"",""방향: 예측 하락(52%) · 실제 하락 → 정답 · 80% 띠 담김(폭 5.3%)"",""실제값 정정 이력 5건"",""실제 종가 관측 시각 2026-09-29T10:29:50.000Z(16:00 KST 이후 · 지연 관측)""],""modelInternal"":[""선택 모형의 기대 누적 0.00% = 절편 0.00% + 자기 추세 0.00% + 52종목 폭·평균 0.00% · 실제 -1.51%""],""causeHypotheses"":[],""unverified"":[""수급(외국인·기관·개인)·심리·과열·영향 시차·요인 중복·가중치는 이 셀에서 검증 자료 없음(실험 기록·시간순 검증에서만 판단)""]}"
analysis-4019743058eda3ec,analysis,2026-09-29,2026-09-29T10:29:50Z,,,"{""forecastId"":""2026-09-28-atlas11-27e1f65cfc167be9"",""modelVersion"":""atlas11-A-1""}",live,,,,,,,,,,,,,,138040,메리츠금융지주,fin,2026-09-28-atlas11-27e1f65cfc167be9,atlas11-A-1,2026-09-28,2026-09-29,1,1,방향·크기 모두 맞음,true,true,true,0.4296894744380035,"{""realizedLog"":-0.009036206063937445,""predictedLog"":-0.004748516611752403,""errorLog"":0.004287689452185043,""basketCumLog"":null,""beta"":0.6414,""marketPartLog"":null,""residualPartLog"":null,""marketShare"":null,""unexplainedShare"":null}","[""출발가 133,400원(2026-09-28) → 실제 132,200원(2026-09-29, 1거래일) -0.90% · 예측 중앙 132,768원 -0.47% · 오차 +0.43%(절대 오차율 0.43%, 허용 1.5%)"",""방향: 예측 하락(57%) · 실제 하락 → 정답 · 80% 띠 담김(폭 5.7%)"",""실제값 정정 이력 5건"",""실제 종가 관측 시각 2026-09-29T10:29:50.000Z(16:00 KST 이후 · 지연 관측)""]","[""선택 모형의 기대 누적 -0.25% = 절편 +0.04% + 자기 추세 -0.31% + 52종목 폭·평균 +0.02% · 실제 -0.90%"",""실제 방향과 반대로 기여한 항: F11 (모형 내부 설명 · 인과 아님)""]",[],"[""수급(외국인·기관·개인)·심리·과열·영향 시차·요인 중복·가중치는 이 셀에서 검증 자료 없음(실험 기록·시간순 검증에서만 판단)""]",[],"{""luckySuspect"":false,""reasonableProcess"":false,""luckyNote"":null,""reasonableNote"":null}","{""confirmedFacts"":[""출발가 133,400원(2026-09-28) → 실제 132,200원(2026-09-29, 1거래일) -0.90% · 예측 중앙 132,768원 -0.47% · 오차 +0.43%(절대 오차율 0.43%, 허용 1.5%)"",""방향: 예측 하락(57%) · 실제 하락 → 정답 · 80% 띠 담김(폭 5.7%)"",""실제값 정정 이력 5건"",""실제 종가 관측 시각 2026-09-29T10:29:50.000Z(16:00 KST 이후 · 지연 관측)""],""modelInternal"":[""선택 모형의 기대 누적 -0.25% = 절편 +0.04% + 자기 추세 -0.31% + 52종목 폭·평균 +0.02% · 실제 -0.90%"",""실제 방향과 반대로 기여한 항: F11 (모형 내부 설명 · 인과 아님)""],""causeHypotheses"":[],""unverified"":[""수급(외국인·기관·개인)·심리·과열·영향 시차·요인 중복·가중치는 이 셀에서 검증 자료 없음(실험 기록·시간순 검증에서만 판단)""]}"
analysis-b85d5205586e60e2,analysis,2026-09-29,2026-09-29T10:29:50Z,,,"{""forecastId"":""2026-09-28-atlas11-27e1f65cfc167be9"",""modelVersion"":""atlas11-A-1""}",live,,,,,,,,,,,,,,017670,SK텔레콤,net,2026-09-28-atlas11-27e1f65cfc167be9,atlas11-A-1,2026-09-28,2026-09-29,1,2,방향 맞고 크기 틀림,true,false,false,2.477829386685504,"{""realizedLog"":-0.025259666759237877,""predictedLog"":-0.000783376231279559,""errorLog"":0.024476290527958317,""basketCumLog"":null,""beta"":0.687,""marketPartLog"":null,""residualPartLog"":null,""marketShare"":null,""unexplainedShare"":null}","[""출발가 88,200원(2026-09-28) → 실제 86,000원(2026-09-29, 1거래일) -2.49% · 예측 중앙 88,131원 -0.08% · 오차 +2.48%(절대 오차율 2.48%, 허용 1.5%)"",""방향: 예측 하락(47%) · 실제 하락 → 정답 · 80% 띠 벗어남(폭 3.8%)"",""실제값 정정 이력 2건"",""실제 종가 관측 시각 2026-09-29T10:29:50.000Z(16:00 KST 이후 · 지연 관측)""]","[""선택 모형의 기대 누적 0.00% = 절편 0.00% + 자기 추세 0.00% + 52종목 폭·평균 0.00% · 실제 -2.49%""]","[{""category"":""변동성·범위"",""evidence"":""실제값이 80% 띠 밖(폭 3.8% · 실제 이동 -2.49%)"",""counterEvidence"":""80% 띠는 명목이며 개별 셀의 벗어남은 정상 범위일 수 있음(담김률로 판단)"",""strength"":""중""},{""category"":""자료 오류"",""evidence"":""실제값 정정 2건"",""counterEvidence"":""정정 뒤 값으로 채점됨"",""strength"":""약""}]","[""수급(외국인·기관·개인)·심리·과열·영향 시차·요인 중복·가중치는 이 셀에서 검증 자료 없음(실험 기록·시간순 검증에서만 판단)""]","[""변동성·범위"",""자료 오류""]","{""luckySuspect"":false,""reasonableProcess"":false,""luckyNote"":null,""reasonableNote"":null}","{""confirmedFacts"":[""출발가 88,200원(2026-09-28) → 실제 86,000원(2026-09-29, 1거래일) -2.49% · 예측 중앙 88,131원 -0.08% · 오차 +2.48%(절대 오차율 2.48%, 허용 1.5%)"",""방향: 예측 하락(47%) · 실제 하락 → 정답 · 80% 띠 벗어남(폭 3.8%)"",""실제값 정정 이력 2건"",""실제 종가 관측 시각 2026-09-29T10:29:50.000Z(16:00 KST 이후 · 지연 관측)""],""modelInternal"":[""선택 모형의 기대 누적 0.00% = 절편 0.00% + 자기 추세 0.00% + 52종목 폭·평균 0.00% · 실제 -2.49%""],""causeHypotheses"":[""변동성·범위"",""자료 오류""],""unverified"":[""수급(외국인·기관·개인)·심리·과열·영향 시차·요인 중복·가중치는 이 셀에서 검증 자료 없음(실험 기록·시간순 검증에서만 판단)""]}"
analysis-d42db4d9e4e6b846,analysis,2026-09-29,2026-09-29T10:29:50Z,,,"{""forecastId"":""2026-09-28-atlas11-27e1f65cfc167be9"",""modelVersion"":""atlas11-A-1""}",live,,,,,,,,,,,,,,033780,KT&G,cons,2026-09-28-atlas11-27e1f65cfc167be9,atlas11-A-1,2026-09-28,2026-09-29,1,3,크기 허용·방향 틀림,false,true,true,0.47370605762341045,"{""realizedLog"":0.003982935564077854,""predictedLog"":-0.0007653804427794358,""errorLog"":-0.00474831600685729,""basketCumLog"":null,""beta"":0.2734,""marketPartLog"":null,""residualPartLog"":null,""marketShare"":null,""unexplainedShare"":null}","[""출발가 175,400원(2026-09-28) → 실제 176,100원(2026-09-29, 1거래일) +0.40% · 예측 중앙 175,266원 -0.08% · 오차 -0.47%(절대 오차율 0.47%, 허용 1.5%)"",""방향: 예측 하락(50%) · 실제 상승 → 오답 · 80% 띠 담김(폭 4.0%)"",""실제값 정정 이력 4건"",""실제 종가 관측 시각 2026-09-29T10:29:50.000Z(16:00 KST 이후 · 지연 관측)""]","[""선택 모형의 기대 누적 +0.00% = 절편 +0.07% + 자기 추세 -0.08% + 52종목 폭·평균 +0.01% · 실제 +0.40%"",""실제 방향과 반대로 기여한 항: F35 (모형 내부 설명 · 인과 아님)""]","[{""category"":""자료 오류"",""evidence"":""실제값 정정 4건"",""counterEvidence"":""정정 뒤 값으로 채점됨"",""strength"":""약""}]","[""수급(외국인·기관·개인)·심리·과열·영향 시차·요인 중복·가중치는 이 셀에서 검증 자료 없음(실험 기록·시간순 검증에서만 판단)""]","[""자료 오류""]","{""luckySuspect"":false,""reasonableProcess"":true,""luckyNote"":null,""reasonableNote"":""방향은 틀렸지만 실제값이 모형 80% 띠 안 → 판단 과정은 분포 안""}","{""confirmedFacts"":[""출발가 175,400원(2026-09-28) → 실제 176,100원(2026-09-29, 1거래일) +0.40% · 예측 중앙 175,266원 -0.08% · 오차 -0.47%(절대 오차율 0.47%, 허용 1.5%)"",""방향: 예측 하락(50%) · 실제 상승 → 오답 · 80% 띠 담김(폭 4.0%)"",""실제값 정정 이력 4건"",""실제 종가 관측 시각 2026-09-29T10:29:50.000Z(16:00 KST 이후 · 지연 관측)""],""modelInternal"":[""선택 모형의 기대 누적 +0.00% = 절편 +0.07% + 자기 추세 -0.08% + 52종목 폭·평균 +0.01% · 실제 +0.40%"",""실제 방향과 반대로 기여한 항: F35 (모형 내부 설명 · 인과 아님)""],""causeHypotheses"":[""자료 오류""],""unverified"":[""수급(외국인·기관·개인)·심리·과열·영향 시차·요인 중복·가중치는 이 셀에서 검증 자료 없음(실험 기록·시간순 검증에서만 판단)""]}"
analysis-a1081a8f8abdcfa8,analysis,2026-09-29,2026-09-29T10:29:50Z,,,"{""forecastId"":""2026-09-28-atlas11-27e1f65cfc167be9"",""modelVersion"":""atlas11-A-1""}",live,,,,,,,,,,,,,,030200,KT,net,2026-09-28-atlas11-27e1f65cfc167be9,atlas11-A-1,2026-09-28,2026-09-29,1,3,크기 허용·방향 틀림,false,true,true,0.5895671408512574,"{""realizedLog"":-0.005687219120589576,""predictedLog"":0.00019114082571512026,""errorLog"":0.005878359946304697,""basketCumLog"":null,""beta"":0.4,""marketPartLog"":null,""residualPartLog"":null,""marketShare"":null,""unexplainedShare"":null}","[""출발가 52,900원(2026-09-28) → 실제 52,600원(2026-09-29, 1거래일) -0.57% · 예측 중앙 52,910원 +0.02% · 오차 +0.59%(절대 오차율 0.59%, 허용 1.5%)"",""방향: 예측 상승(47%) · 실제 하락 → 오답 · 80% 띠 담김(폭 3.2%)"",""실제값 정정 이력 6건"",""실제 종가 관측 시각 2026-09-29T10:29:50.000Z(16:00 KST 이후 · 지연 관측)""]","[""선택 모형의 기대 누적 0.00% = 절편 0.00% + 자기 추세 0.00% + 52종목 폭·평균 0.00% · 실제 -0.57%""]","[{""category"":""자료 오류"",""evidence"":""실제값 정정 6건"",""counterEvidence"":""정정 뒤 값으로 채점됨"",""strength"":""약""}]","[""수급(외국인·기관·개인)·심리·과열·영향 시차·요인 중복·가중치는 이 셀에서 검증 자료 없음(실험 기록·시간순 검증에서만 판단)""]","[""자료 오류""]","{""luckySuspect"":false,""reasonableProcess"":true,""luckyNote"":null,""reasonableNote"":""방향은 틀렸지만 실제값이 모형 80% 띠 안 → 판단 과정은 분포 안""}","{""confirmedFacts"":[""출발가 52,900원(2026-09-28) → 실제 52,600원(2026-09-29, 1거래일) -0.57% · 예측 중앙 52,910원 +0.02% · 오차 +0.59%(절대 오차율 0.59%, 허용 1.5%)"",""방향: 예측 상승(47%) · 실제 하락 → 오답 · 80% 띠 담김(폭 3.2%)"",""실제값 정정 이력 6건"",""실제 종가 관측 시각 2026-09-29T10:29:50.000Z(16:00 KST 이후 · 지연 관측)""],""modelInternal"":[""선택 모형의 기대 누적 0.00% = 절편 0.00% + 자기 추세 0.00% + 52종목 폭·평균 0.00% · 실제 -0.57%""],""causeHypotheses"":[""자료 오류""],""unverified"":[""수급(외국인·기관·개인)·심리·과열·영향 시차·요인 중복·가중치는 이 셀에서 검증 자료 없음(실험 기록·시간순 검증에서만 판단)""]}"
analysis-d11edec9e005b96a,analysis,2026-09-29,2026-09-29T10:29:50Z,,,"{""forecastId"":""2026-09-28-atlas11-27e1f65cfc167be9"",""modelVersion"":""atlas11-A-1""}",live,,,,,,,,,,,,,,003230,삼양식품,cons,2026-09-28-atlas11-27e1f65cfc167be9,atlas11-A-1,2026-09-28,2026-09-29,1,3,크기 허용·방향 틀림,false,true,true,1.0583798144702805,"{""realizedLog"":0.006562779912523582,""predictedLog"":-0.00407742497517411,""errorLog"":-0.010640204887697693,""basketCumLog"":null,""beta"":0.6817,""marketPartLog"":null,""residualPartLog"":null,""marketShare"":null,""unexplainedShare"":null}","[""출발가 1,215,000원(2026-09-28) → 실제 1,223,000원(2026-09-29, 1거래일) +0.66% · 예측 중앙 1,210,056원 -0.41% · 오차 -1.06%(절대 오차율 1.06%, 허용 1.5%)"",""방향: 예측 하락(54%) · 실제 상승 → 오답 · 80% 띠 담김(폭 7.4%)"",""실제값 정정 이력 6건"",""실제 종가 관측 시각 2026-09-29T10:29:50.000Z(16:00 KST 이후 · 지연 관측)""]","[""선택 모형의 기대 누적 0.00% = 절편 0.00% + 자기 추세 0.00% + 52종목 폭·평균 0.00% · 실제 +0.66%""]","[{""category"":""자료 오류"",""evidence"":""실제값 정정 6건"",""counterEvidence"":""정정 뒤 값으로 채점됨"",""strength"":""약""}]","[""수급(외국인·기관·개인)·심리·과열·영향 시차·요인 중복·가중치는 이 셀에서 검증 자료 없음(실험 기록·시간순 검증에서만 판단)""]","[""자료 오류""]","{""luckySuspect"":false,""reasonableProcess"":true,""luckyNote"":null,""reasonableNote"":""방향은 틀렸지만 실제값이 모형 80% 띠 안 → 판단 과정은 분포 안""}","{""confirmedFacts"":[""출발가 1,215,000원(2026-09-28) → 실제 1,223,000원(2026-09-29, 1거래일) +0.66% · 예측 중앙 1,210,056원 -0.41% · 오차 -1.06%(절대 오차율 1.06%, 허용 1.5%)"",""방향: 예측 하락(54%) · 실제 상승 → 오답 · 80% 띠 담김(폭 7.4%)"",""실제값 정정 이력 6건"",""실제 종가 관측 시각 2026-09-29T10:29:50.000Z(16:00 KST 이후 · 지연 관측)""],""modelInternal"":[""선택 모형의 기대 누적 0.00% = 절편 0.00% + 자기 추세 0.00% + 52종목 폭·평균 0.00% · 실제 +0.66%""],""causeHypotheses"":[""자료 오류""],""unverified"":[""수급(외국인·기관·개인)·심리·과열·영향 시차·요인 중복·가중치는 이 셀에서 검증 자료 없음(실험 기록·시간순 검증에서만 판단)""]}"
analysis-015d4458d046da92,analysis,2026-09-29,2026-09-29T10:29:50Z,,,"{""forecastId"":""2026-09-28-atlas11-27e1f65cfc167be9"",""modelVersion"":""atlas11-A-1""}",live,,,,,,,,,,,,,,259960,크래프톤,net,2026-09-28-atlas11-27e1f65cfc167be9,atlas11-A-1,2026-09-28,2026-09-29,1,2,방향 맞고 크기 틀림,true,false,true,1.9960314368920546,"{""realizedLog"":-0.020505844792684736,""predictedLog"":-0.0007421257348711653,""errorLog"":0.019763719057813572,""basketCumLog"":null,""beta"":0.6022,""marketPartLog"":null,""residualPartLog"":null,""marketShare"":null,""unexplainedShare"":null}","[""출발가 202,000원(2026-09-28) → 실제 197,900원(2026-09-29, 1거래일) -2.03% · 예측 중앙 201,850원 -0.07% · 오차 +2.00%(절대 오차율 2.00%, 허용 1.5%)"",""방향: 예측 하락(50%) · 실제 하락 → 정답 · 80% 띠 담김(폭 5.0%)"",""실제값 정정 이력 4건"",""실제 종가 관측 시각 2026-09-29T10:29:50.000Z(16:00 KST 이후 · 지연 관측)""]","[""선택 모형의 기대 누적 -0.07% = 절편 -0.06% + 자기 추세 +0.01% + 52종목 폭·평균 -0.01% · 실제 -2.03%"",""실제 방향과 반대로 기여한 항: F35 (모형 내부 설명 · 인과 아님)""]","[{""category"":""자료 오류"",""evidence"":""실제값 정정 4건"",""counterEvidence"":""정정 뒤 값으로 채점됨"",""strength"":""약""}]","[""수급(외국인·기관·개인)·심리·과열·영향 시차·요인 중복·가중치는 이 셀에서 검증 자료 없음(실험 기록·시간순 검증에서만 판단)""]","[""자료 오류""]","{""luckySuspect"":false,""reasonableProcess"":false,""luckyNote"":null,""reasonableNote"":null}","{""confirmedFacts"":[""출발가 202,000원(2026-09-28) → 실제 197,900원(2026-09-29, 1거래일) -2.03% · 예측 중앙 201,850원 -0.07% · 오차 +2.00%(절대 오차율 2.00%, 허용 1.5%)"",""방향: 예측 하락(50%) · 실제 하락 → 정답 · 80% 띠 담김(폭 5.0%)"",""실제값 정정 이력 4건"",""실제 종가 관측 시각 2026-09-29T10:29:50.000Z(16:00 KST 이후 · 지연 관측)""],""modelInternal"":[""선택 모형의 기대 누적 -0.07% = 절편 -0.06% + 자기 추세 +0.01% + 52종목 폭·평균 -0.01% · 실제 -2.03%"",""실제 방향과 반대로 기여한 항: F35 (모형 내부 설명 · 인과 아님)""],""causeHypotheses"":[""자료 오류""],""unverified"":[""수급(외국인·기관·개인)·심리·과열·영향 시차·요인 중복·가중치는 이 셀에서 검증 자료 없음(실험 기록·시간순 검증에서만 판단)""]}"
analysis-6568ae6360bb456b,analysis,2026-09-29,2026-09-29T10:29:50Z,,,"{""forecastId"":""2026-09-28-atlas11-27e1f65cfc167be9"",""modelVersion"":""atlas11-A-1""}",live,,,,,,,,,,,,,,352820,하이브,net,2026-09-28-atlas11-27e1f65cfc167be9,atlas11-A-1,2026-09-28,2026-09-29,1,2,방향 맞고 크기 틀림,true,false,true,1.8638619424465448,"{""realizedLog"":-0.018703787140919095,""predictedLog"":-0.00023673817130389073,""errorLog"":0.018467048969615204,""basketCumLog"":null,""beta"":0.9397,""marketPartLog"":null,""residualPartLog"":null,""marketShare"":null,""unexplainedShare"":null}","[""출발가 161,900원(2026-09-28) → 실제 158,900원(2026-09-29, 1거래일) -1.85% · 예측 중앙 161,862원 -0.02% · 오차 +1.86%(절대 오차율 1.86%, 허용 1.5%)"",""방향: 예측 하락(49%) · 실제 하락 → 정답 · 80% 띠 담김(폭 6.1%)"",""실제값 정정 이력 3건"",""실제 종가 관측 시각 2026-09-29T10:29:50.000Z(16:00 KST 이후 · 지연 관측)""]","[""선택 모형의 기대 누적 0.00% = 절편 0.00% + 자기 추세 0.00% + 52종목 폭·평균 0.00% · 실제 -1.85%""]","[{""category"":""자료 오류"",""evidence"":""실제값 정정 3건"",""counterEvidence"":""정정 뒤 값으로 채점됨"",""strength"":""약""}]","[""수급(외국인·기관·개인)·심리·과열·영향 시차·요인 중복·가중치는 이 셀에서 검증 자료 없음(실험 기록·시간순 검증에서만 판단)""]","[""자료 오류""]","{""luckySuspect"":false,""reasonableProcess"":false,""luckyNote"":null,""reasonableNote"":null}","{""confirmedFacts"":[""출발가 161,900원(2026-09-28) → 실제 158,900원(2026-09-29, 1거래일) -1.85% · 예측 중앙 161,862원 -0.02% · 오차 +1.86%(절대 오차율 1.86%, 허용 1.5%)"",""방향: 예측 하락(49%) · 실제 하락 → 정답 · 80% 띠 담김(폭 6.1%)"",""실제값 정정 이력 3건"",""실제 종가 관측 시각 2026-09-29T10:29:50.000Z(16:00 KST 이후 · 지연 관측)""],""modelInternal"":[""선택 모형의 기대 누적 0.00% = 절편 0.00% + 자기 추세 0.00% + 52종목 폭·평균 0.00% · 실제 -1.85%""],""causeHypotheses"":[""자료 오류""],""unverified"":[""수급(외국인·기관·개인)·심리·과열·영향 시차·요인 중복·가중치는 이 셀에서 검증 자료 없음(실험 기록·시간순 검증에서만 판단)""]}"
analysis-9a0282d2b14c9727,analysis,2026-09-29,2026-09-29T10:29:50Z,,,"{""forecastId"":""2026-09-28-atlas11-27e1f65cfc167be9"",""modelVersion"":""atlas11-A-1""}",live,,,,,,,,,,,,,,002380,KCC,chem,2026-09-28-atlas11-27e1f65cfc167be9,atlas11-A-1,2026-09-28,2026-09-29,1,2,방향 맞고 크기 틀림,true,false,true,1.8372083172729068,"{""realizedLog"":-0.01892800988551891,""predictedLog"":-0.0007226544385912116,""errorLog"":0.0182053554469277,""basketCumLog"":null,""beta"":1.4171,""marketPartLog"":null,""residualPartLog"":null,""marketShare"":null,""unexplainedShare"":null}","[""출발가 480,000원(2026-09-28) → 실제 471,000원(2026-09-29, 1거래일) -1.88% · 예측 중앙 479,653원 -0.07% · 오차 +1.84%(절대 오차율 1.84%, 허용 1.5%)"",""방향: 예측 하락(48%) · 실제 하락 → 정답 · 80% 띠 담김(폭 5.7%)"",""실제값 정정 이력 4건"",""실제 종가 관측 시각 2026-09-29T10:29:50.000Z(16:00 KST 이후 · 지연 관측)""]","[""선택 모형의 기대 누적 0.00% = 절편 0.00% + 자기 추세 0.00% + 52종목 폭·평균 0.00% · 실제 -1.88%""]","[{""category"":""자료 오류"",""evidence"":""실제값 정정 4건"",""counterEvidence"":""정정 뒤 값으로 채점됨"",""strength"":""약""}]","[""수급(외국인·기관·개인)·심리·과열·영향 시차·요인 중복·가중치는 이 셀에서 검증 자료 없음(실험 기록·시간순 검증에서만 판단)""]","[""자료 오류""]","{""luckySuspect"":false,""reasonableProcess"":false,""luckyNote"":null,""reasonableNote"":null}","{""confirmedFacts"":[""출발가 480,000원(2026-09-28) → 실제 471,000원(2026-09-29, 1거래일) -1.88% · 예측 중앙 479,653원 -0.07% · 오차 +1.84%(절대 오차율 1.84%, 허용 1.5%)"",""방향: 예측 하락(48%) · 실제 하락 → 정답 · 80% 띠 담김(폭 5.7%)"",""실제값 정정 이력 4건"",""실제 종가 관측 시각 2026-09-29T10:29:50.000Z(16:00 KST 이후 · 지연 관측)""],""modelInternal"":[""선택 모형의 기대 누적 0.00% = 절편 0.00% + 자기 추세 0.00% + 52종목 폭·평균 0.00% · 실제 -1.88%""],""causeHypotheses"":[""자료 오류""],""unverified"":[""수급(외국인·기관·개인)·심리·과열·영향 시차·요인 중복·가중치는 이 셀에서 검증 자료 없음(실험 기록·시간순 검증에서만 판단)""]}"
analysis-21bc1bf9372f28bb,analysis,2026-09-29,2026-09-29T10:29:50Z,,,"{""forecastId"":""2026-09-28-atlas11-27e1f65cfc167be9"",""modelVersion"":""atlas11-A-1""}",live,,,,,,,,,,,,,,004170,신세계,cons,2026-09-28-atlas11-27e1f65cfc167be9,atlas11-A-1,2026-09-28,2026-09-29,1,1,방향·크기 모두 맞음,true,true,true,1.4306485980831327,"{""realizedLog"":-0.014663019310074306,""predictedLog"":-0.00045790539178172505,""errorLog"":0.014205113918292581,""basketCumLog"":null,""beta"":0.9942,""marketPartLog"":null,""residualPartLog"":null,""marketShare"":null,""unexplainedShare"":null}","[""출발가 343,500원(2026-09-28) → 실제 338,500원(2026-09-29, 1거래일) -1.46% · 예측 중앙 343,343원 -0.05% · 오차 +1.43%(절대 오차율 1.43%, 허용 1.5%)"",""방향: 예측 하락(49%) · 실제 하락 → 정답 · 80% 띠 담김(폭 8.1%)"",""실제값 정정 이력 6건"",""실제 종가 관측 시각 2026-09-29T10:29:50.000Z(16:00 KST 이후 · 지연 관측)""]","[""선택 모형의 기대 누적 +0.14% = 절편 +0.12% + 자기 추세 +0.01% + 52종목 폭·평균 +0.01% · 실제 -1.46%"",""실제 방향과 반대로 기여한 항: F35, F11 (모형 내부 설명 · 인과 아님)""]",[],"[""수급(외국인·기관·개인)·심리·과열·영향 시차·요인 중복·가중치는 이 셀에서 검증 자료 없음(실험 기록·시간순 검증에서만 판단)""]",[],"{""luckySuspect"":false,""reasonableProcess"":false,""luckyNote"":null,""reasonableNote"":null}","{""confirmedFacts"":[""출발가 343,500원(2026-09-28) → 실제 338,500원(2026-09-29, 1거래일) -1.46% · 예측 중앙 343,343원 -0.05% · 오차 +1.43%(절대 오차율 1.43%, 허용 1.5%)"",""방향: 예측 하락(49%) · 실제 하락 → 정답 · 80% 띠 담김(폭 8.1%)"",""실제값 정정 이력 6건"",""실제 종가 관측 시각 2026-09-29T10:29:50.000Z(16:00 KST 이후 · 지연 관측)""],""modelInternal"":[""선택 모형의 기대 누적 +0.14% = 절편 +0.12% + 자기 추세 +0.01% + 52종목 폭·평균 +0.01% · 실제 -1.46%"",""실제 방향과 반대로 기여한 항: F35, F11 (모형 내부 설명 · 인과 아님)""],""causeHypotheses"":[],""unverified"":[""수급(외국인·기관·개인)·심리·과열·영향 시차·요인 중복·가중치는 이 셀에서 검증 자료 없음(실험 기록·시간순 검증에서만 판단)""]}"
analysis-122b6ab0088d2a45,analysis,2026-09-29,2026-09-29T10:29:50Z,,,"{""forecastId"":""2026-09-28-atlas11-27e1f65cfc167be9"",""modelVersion"":""atlas11-A-1""}",live,,,,,,,,,,,,,,012750,에스원,util,2026-09-28-atlas11-27e1f65cfc167be9,atlas11-A-1,2026-09-28,2026-09-29,1,1,방향·크기 모두 맞음,true,true,true,0.6261499608632036,"{""realizedLog"":-0.006020487781583025,""predictedLog"":0.0002214900862432742,""errorLog"":0.006241977867826299,""basketCumLog"":null,""beta"":0.3469,""marketPartLog"":null,""residualPartLog"":null,""marketShare"":null,""unexplainedShare"":null}","[""출발가 83,300원(2026-09-28) → 실제 82,800원(2026-09-29, 1거래일) -0.60% · 예측 중앙 83,318원 +0.02% · 오차 +0.63%(절대 오차율 0.63%, 허용 1.5%)"",""방향: 예측 하락(48%) · 실제 하락 → 정답 · 80% 띠 담김(폭 5.1%)"",""실제값 정정 이력 5건"",""실제 종가 관측 시각 2026-09-29T10:29:50.000Z(16:00 KST 이후 · 지연 관측)""]","[""선택 모형의 기대 누적 0.00% = 절편 0.00% + 자기 추세 0.00% + 52종목 폭·평균 0.00% · 실제 -0.60%""]",[],"[""수급(외국인·기관·개인)·심리·과열·영향 시차·요인 중복·가중치는 이 셀에서 검증 자료 없음(실험 기록·시간순 검증에서만 판단)""]",[],"{""luckySuspect"":false,""reasonableProcess"":false,""luckyNote"":null,""reasonableNote"":null}","{""confirmedFacts"":[""출발가 83,300원(2026-09-28) → 실제 82,800원(2026-09-29, 1거래일) -0.60% · 예측 중앙 83,318원 +0.02% · 오차 +0.63%(절대 오차율 0.63%, 허용 1.5%)"",""방향: 예측 하락(48%) · 실제 하락 → 정답 · 80% 띠 담김(폭 5.1%)"",""실제값 정정 이력 5건"",""실제 종가 관측 시각 2026-09-29T10:29:50.000Z(16:00 KST 이후 · 지연 관측)""],""modelInternal"":[""선택 모형의 기대 누적 0.00% = 절편 0.00% + 자기 추세 0.00% + 52종목 폭·평균 0.00% · 실제 -0.60%""],""causeHypotheses"":[],""unverified"":[""수급(외국인·기관·개인)·심리·과열·영향 시차·요인 중복·가중치는 이 셀에서 검증 자료 없음(실험 기록·시간순 검증에서만 판단)""]}"
analysis-a129feb0704b0d81,analysis,2026-09-29,2026-09-29T10:29:50Z,,,"{""forecastId"":""2026-09-28-atlas11-27e1f65cfc167be9"",""modelVersion"":""atlas11-A-1""}",live,,,,,,,,,,,,,,111770,영원무역,cons,2026-09-28-atlas11-27e1f65cfc167be9,atlas11-A-1,2026-09-28,2026-09-29,1,1,방향·크기 모두 맞음,true,true,true,1.0648520035775275,"{""realizedLog"":-0.011267724846342269,""predictedLog"":-0.0006755010052427328,""errorLog"":0.010592223841099535,""basketCumLog"":null,""beta"":0.5629,""marketPartLog"":null,""residualPartLog"":null,""marketShare"":null,""unexplainedShare"":null}","[""출발가 71,400원(2026-09-28) → 실제 70,600원(2026-09-29, 1거래일) -1.12% · 예측 중앙 71,352원 -0.07% · 오차 +1.06%(절대 오차율 1.06%, 허용 1.5%)"",""방향: 예측 하락(49%) · 실제 하락 → 정답 · 80% 띠 담김(폭 5.3%)"",""실제값 정정 이력 6건"",""실제 종가 관측 시각 2026-09-29T10:29:50.000Z(16:00 KST 이후 · 지연 관측)""]","[""선택 모형의 기대 누적 -0.06% = 절편 +0.08% + 자기 추세 -0.22% + 52종목 폭·평균 +0.08% · 실제 -1.12%"",""실제 방향과 반대로 기여한 항: F11 (모형 내부 설명 · 인과 아님)""]",[],"[""수급(외국인·기관·개인)·심리·과열·영향 시차·요인 중복·가중치는 이 셀에서 검증 자료 없음(실험 기록·시간순 검증에서만 판단)""]",[],"{""luckySuspect"":false,""reasonableProcess"":false,""luckyNote"":null,""reasonableNote"":null}","{""confirmedFacts"":[""출발가 71,400원(2026-09-28) → 실제 70,600원(2026-09-29, 1거래일) -1.12% · 예측 중앙 71,352원 -0.07% · 오차 +1.06%(절대 오차율 1.06%, 허용 1.5%)"",""방향: 예측 하락(49%) · 실제 하락 → 정답 · 80% 띠 담김(폭 5.3%)"",""실제값 정정 이력 6건"",""실제 종가 관측 시각 2026-09-29T10:29:50.000Z(16:00 KST 이후 · 지연 관측)""],""modelInternal"":[""선택 모형의 기대 누적 -0.06% = 절편 +0.08% + 자기 추세 -0.22% + 52종목 폭·평균 +0.08% · 실제 -1.12%"",""실제 방향과 반대로 기여한 항: F11 (모형 내부 설명 · 인과 아님)""],""causeHypotheses"":[],""unverified"":[""수급(외국인·기관·개인)·심리·과열·영향 시차·요인 중복·가중치는 이 셀에서 검증 자료 없음(실험 기록·시간순 검증에서만 판단)""]}"
analysis-63c0ecc0296c67fe,analysis,2026-09-29,2026-09-29T10:29:50Z,,,"{""forecastId"":""2026-09-28-atlas11-27e1f65cfc167be9"",""modelVersion"":""atlas11-A-1""}",live,,,,,,,,,,,,,,035250,강원랜드,cons,2026-09-28-atlas11-27e1f65cfc167be9,atlas11-A-1,2026-09-28,2026-09-29,1,3,크기 허용·방향 틀림,false,true,true,0.5870039577787495,"{""realizedLog"":-0.005551714467507582,""predictedLog"":0.00030116355454857423,""errorLog"":0.005852878022056156,""basketCumLog"":null,""beta"":0.3952,""marketPartLog"":null,""residualPartLog"":null,""marketShare"":null,""unexplainedShare"":null}","[""출발가 14,450원(2026-09-28) → 실제 14,370원(2026-09-29, 1거래일) -0.55% · 예측 중앙 14,454원 +0.03% · 오차 +0.59%(절대 오차율 0.59%, 허용 1.5%)"",""방향: 예측 상승(48%) · 실제 하락 → 오답 · 80% 띠 담김(폭 2.7%)"",""실제값 정정 이력 5건"",""실제 종가 관측 시각 2026-09-29T10:29:50.000Z(16:00 KST 이후 · 지연 관측)""]","[""선택 모형의 기대 누적 +0.03% = 절편 -0.00% + 자기 추세 -0.05% + 52종목 폭·평균 +0.08% · 실제 -0.55%"",""실제 방향과 반대로 기여한 항: F11 (모형 내부 설명 · 인과 아님)""]","[{""category"":""자료 오류"",""evidence"":""실제값 정정 5건"",""counterEvidence"":""정정 뒤 값으로 채점됨"",""strength"":""약""}]","[""수급(외국인·기관·개인)·심리·과열·영향 시차·요인 중복·가중치는 이 셀에서 검증 자료 없음(실험 기록·시간순 검증에서만 판단)""]","[""자료 오류""]","{""luckySuspect"":false,""reasonableProcess"":true,""luckyNote"":null,""reasonableNote"":""방향은 틀렸지만 실제값이 모형 80% 띠 안 → 판단 과정은 분포 안""}","{""confirmedFacts"":[""출발가 14,450원(2026-09-28) → 실제 14,370원(2026-09-29, 1거래일) -0.55% · 예측 중앙 14,454원 +0.03% · 오차 +0.59%(절대 오차율 0.59%, 허용 1.5%)"",""방향: 예측 상승(48%) · 실제 하락 → 오답 · 80% 띠 담김(폭 2.7%)"",""실제값 정정 이력 5건"",""실제 종가 관측 시각 2026-09-29T10:29:50.000Z(16:00 KST 이후 · 지연 관측)""],""modelInternal"":[""선택 모형의 기대 누적 +0.03% = 절편 -0.00% + 자기 추세 -0.05% + 52종목 폭·평균 +0.08% · 실제 -0.55%"",""실제 방향과 반대로 기여한 항: F11 (모형 내부 설명 · 인과 아님)""],""causeHypotheses"":[""자료 오류""],""unverified"":[""수급(외국인·기관·개인)·심리·과열·영향 시차·요인 중복·가중치는 이 셀에서 검증 자료 없음(실험 기록·시간순 검증에서만 판단)""]}"
analysis-03f4f35a1b02c46b,analysis,2026-09-29,2026-09-29T10:29:50Z,,,"{""forecastId"":""2026-09-28-atlas11-27e1f65cfc167be9"",""modelVersion"":""atlas11-A-1""}",live,,,,,,,,,,,,,,030000,제일기획,net,2026-09-28-atlas11-27e1f65cfc167be9,atlas11-A-1,2026-09-28,2026-09-29,1,3,크기 허용·방향 틀림,false,true,true,0.0220454225268415,"{""realizedLog"":0.0005613247410929414,""predictedLog"":0.00034084621221981194,""errorLog"":-0.0002204785288731295,""basketCumLog"":null,""beta"":0.3386,""marketPartLog"":null,""residualPartLog"":null,""marketShare"":null,""unexplainedShare"":null}","[""출발가 17,810원(2026-09-28) → 실제 17,820원(2026-09-29, 1거래일) +0.06% · 예측 중앙 17,816원 +0.03% · 오차 -0.02%(절대 오차율 0.02%, 허용 1.5%)"",""방향: 예측 상승(48%) · 실제 보합 → 오답 · 80% 띠 담김(폭 3.2%)"",""실제값 정정 이력 6건"",""실제 종가 관측 시각 2026-09-29T10:29:50.000Z(16:00 KST 이후 · 지연 관측)""]","[""선택 모형의 기대 누적 0.00% = 절편 0.00% + 자기 추세 0.00% + 52종목 폭·평균 0.00% · 실제 +0.06%""]","[{""category"":""자료 오류"",""evidence"":""실제값 정정 6건"",""counterEvidence"":""정정 뒤 값으로 채점됨"",""strength"":""약""}]","[""수급(외국인·기관·개인)·심리·과열·영향 시차·요인 중복·가중치는 이 셀에서 검증 자료 없음(실험 기록·시간순 검증에서만 판단)""]","[""자료 오류""]","{""luckySuspect"":false,""reasonableProcess"":true,""luckyNote"":null,""reasonableNote"":""방향은 틀렸지만 실제값이 모형 80% 띠 안 → 판단 과정은 분포 안""}","{""confirmedFacts"":[""출발가 17,810원(2026-09-28) → 실제 17,820원(2026-09-29, 1거래일) +0.06% · 예측 중앙 17,816원 +0.03% · 오차 -0.02%(절대 오차율 0.02%, 허용 1.5%)"",""방향: 예측 상승(48%) · 실제 보합 → 오답 · 80% 띠 담김(폭 3.2%)"",""실제값 정정 이력 6건"",""실제 종가 관측 시각 2026-09-29T10:29:50.000Z(16:00 KST 이후 · 지연 관측)""],""modelInternal"":[""선택 모형의 기대 누적 0.00% = 절편 0.00% + 자기 추세 0.00% + 52종목 폭·평균 0.00% · 실제 +0.06%""],""causeHypotheses"":[""자료 오류""],""unverified"":[""수급(외국인·기관·개인)·심리·과열·영향 시차·요인 중복·가중치는 이 셀에서 검증 자료 없음(실험 기록·시간순 검증에서만 판단)""]}"
analysis-ea615ba48747d177,analysis,2026-09-29,2026-09-29T10:29:50Z,,,"{""scoreCutoff"":""2026-09-29""}",daily_aggregate,2026-09-29,,"[{""code"":""214370"",""name"":""케어젠"",""change"":0.044080604534004975},{""code"":""047050"",""name"":""포스코인터내셔널"",""change"":-0.04217926186291743},{""code"":""051910"",""name"":""LG화학"",""change"":-0.04190476190476189},{""code"":""005490"",""name"":""POSCO홀딩스"",""change"":-0.034755134281200584},{""code"":""373220"",""name"":""LG에너지솔루션"",""change"":-0.030219780219780223}]",126,"{""방향 맞고 크기 틀림"":45,""방향·크기 모두 맞음"":39,""크기 허용·방향 틀림"":33,""방향·크기 모두 틀림"":9}","{""1"":{""n"":126,""directionAccuracy"":0.6666666666666666,""priceHitRate"":0.5714285714285714,""meanAPE"":1.5642332498247948,""coverage80"":0.8809523809523809,""meanBrier"":0.5261593359523811},""5"":null,""10"":null,""20"":null}","[{""group"":""semi"",""groupName"":""반도체·전자"",""n"":6,""directionAccuracy"":0.5,""meanAPE"":0.5076171119095431,""meanSignedErrorPct"":0.31455348907016845},{""group"":""chem"",""groupName"":""배터리·화학·소재"",""n"":15,""directionAccuracy"":1,""meanAPE"":3.0492657516439667,""meanSignedErrorPct"":3.0492657516439703},{""group"":""auto"",""groupName"":""자동차·운송"",""n"":12,""directionAccuracy"":1,""meanAPE"":1.1106198517806247,""meanSignedErrorPct"":1.110619851780631},{""group"":""fin"",""groupName"":""금융"",""n"":15,""directionAccuracy"":0.6,""meanAPE"":1.3068293622081306,""meanSignedErrorPct"":1.3068293622081308},{""group"":""heavy"",""groupName"":""조선·기계·방산·건설"",""n"":9,""directionAccuracy"":0.3333333333333333,""meanAPE"":1.8495793830284641,""meanSignedErrorPct"":1.302787643316346},{""group"":""bio"",""groupName"":""바이오·헬스"",""n"":12,""directionAccuracy"":0.5,""meanAPE"":1.9579352647268549,""meanSignedErrorPct"":-0.7111799056398943},{""group"":""net"",""groupName"":""통신·인터넷·게임·엔터"",""n"":15,""directionAccuracy"":0.6,""meanAPE"":1.3898670658804404,""meanSignedErrorPct"":1.3810488968697052},{""group"":""cons"",""groupName"":""소비재·유통"",""n"":24,""directionAccuracy"":0.625,""meanAPE"":1.0472593993392383,""meanSignedErrorPct"":0.6642379313158157},{""group"":""util"",""groupName"":""에너지·유틸리티·지주·상사"",""n"":18,""directionAccuracy"":0.6666666666666666,""meanAPE"":1.6252862600550626,""meanSignedErrorPct"":1.1180667721465603}]",{},"[{""code"":""003490"",""name"":""대한항공"",""horizon"":1,""ape"":0.39249691284605465},{""code"":""003490"",""name"":""대한항공"",""horizon"":1,""ape"":0.39249691284605465},{""code"":""003490"",""name"":""대한항공"",""horizon"":1,""ape"":0.39249691284605465},{""code"":""138040"",""name"":""메리츠금융지주"",""horizon"":1,""ape"":0.4296894744380035},{""code"":""138040"",""name"":""메리츠금융지주"",""horizon"":1,""ape"":0.4296894744380035}]","[{""code"":""214370"",""name"":""케어젠"",""horizon"":1,""ape"":4.576595059795885,""causes"":[]},{""code"":""214370"",""name"":""케어젠"",""horizon"":1,""ape"":4.576595059795885,""causes"":[]},{""code"":""214370"",""name"":""케어젠"",""horizon"":1,""ape"":4.576595059795885,""causes"":[]},{""code"":""329180"",""name"":""HD현대중공업"",""horizon"":1,""ape"":3.0070284585545677,""causes"":[]},{""code"":""329180"",""name"":""HD현대중공업"",""horizon"":1,""ape"":3.0070284585545677,""causes"":[]}]",,0,0,,,,,,,,,,,,,,,,,,,,,,
