id,type,dateKST,at,supersedes,correctionReason,links,kind,day,status,index,macro,summary,errors,usedInForecast,code,name,rows,revisions,sourceUrl,rawSHA256,items,distinct,republished,corporateActions,attempted,provider,delayed,observations,marketObservations,stats
collection-5ded1e2c7b8374d1,collection,2026-09-30,2026-09-29T22:27:33Z,,,"{""contextFile"":""reports/atlas11/context/2026-09-30/2026-09-29T22-27-33Z.json""}",context_market,2026-09-30,ok,"[{""symbol"":""KOSPI"",""rows"":[{""date"":""2026-09-23"",""close"":7080.92,""open"":7153.99,""high"":7153.99,""low"":7014.98,""change"":63.01,""changePct"":0.9},{""date"":""2026-09-28"",""close"":6889.74,""open"":7057.86,""high"":7065.9,""low"":6889.68,""change"":-191.18,""changePct"":-2.7},{""date"":""2026-09-29"",""close"":6870.81,""open"":6844.41,""high"":6898.36,""low"":6782.99,""change"":-18.93,""changePct"":-0.27}],""sourceUrl"":""https://m.stock.naver.com/api/index/KOSPI/price?pageSize=10&page=1"",""rawSHA256"":""bd5db9a844dab5f94e9d190f86b60669de7d971524ceab067b46ca76f715cc0d""},{""symbol"":""KOSDAQ"",""rows"":[{""date"":""2026-09-23"",""close"":844.48,""open"":841.73,""high"":847.35,""low"":835.46,""change"":10.1,""changePct"":1.21},{""date"":""2026-09-28"",""close"":846.58,""open"":845.48,""high"":861.15,""low"":841.23,""change"":2.1,""changePct"":0.25},{""date"":""2026-09-29"",""close"":849.8,""open"":843.87,""high"":849.82,""low"":833.62,""change"":3.22,""changePct"":0.38}],""sourceUrl"":""https://m.stock.naver.com/api/index/KOSDAQ/price?pageSize=10&page=1"",""rawSHA256"":""bdb891bc311eb1fcd44b94696d2f8f819b882c266234a7b2f8365abd8e7ff9ab""}]","[{""id"":""DEXKOUS"",""factorId"":""F06"",""label"":""원/달러(연준 H.10 뉴욕 정오 매입률)"",""provider"":""fred"",""latest"":{""date"":""2026-09-25"",""value"":1356.51},""sourceUrl"":""https://fred.stlouisfed.org/graph/fredgraph.csv?id=DEXKOUS&cosd=2026-06-02"",""rawSHA256"":""a75fd07c6033864be004317f1954160680ef914ed2bbee802a024387c618c0af"",""switchedFrom"":null},{""id"":""FX_USDKRW"",""factorId"":""F06"",""label"":""원/달러(네이버 표기 · 은행 고시 기준)"",""provider"":""naver_fx"",""latest"":{""date"":""2026-09-29"",""value"":1353,""changePct"":-0.51},""sourceUrl"":""https://api.stock.naver.com/marketindex/exchange/FX_USDKRW/prices?page=1&pageSize=10"",""rawSHA256"":""46a1223e2bbdbf3e2b530cbe21727783f185713cfd35dd0a28a11b821d43ac78"",""switchedFrom"":null},{""id"":""SP500"",""factorId"":""F09"",""label"":""S&P 500 종가"",""provider"":""fred"",""latest"":{""date"":""2026-09-28"",""value"":7683.69},""sourceUrl"":""https://fred.stlouisfed.org/graph/fredgraph.csv?id=SP500&cosd=2026-06-02"",""rawSHA256"":""a21188ee413893b0fae89f96a04f3f29dc3385bd839c454ed7765a83cb321ddc"",""switchedFrom"":null},{""id"":""NASDAQCOM"",""factorId"":""F09"",""label"":""나스닥 종합 종가"",""provider"":""fred"",""latest"":{""date"":""2026-09-28"",""value"":26820.38},""sourceUrl"":""https://fred.stlouisfed.org/graph/fredgraph.csv?id=NASDAQCOM&cosd=2026-06-02"",""rawSHA256"":""5f296284d296872417e7d7abf5cf36d8c2b84ca4b61966010bb8a1c731a97c9b"",""switchedFrom"":null},{""id"":"".SOX"",""factorId"":""F09"",""label"":""필라델피아 반도체지수 종가"",""provider"":""naver_world_index"",""latest"":{""date"":""2026-09-29"",""value"":12629.16,""changePct"":1.32},""sourceUrl"":""https://api.stock.naver.com/index/.SOX/price?page=1&pageSize=10"",""rawSHA256"":""68eddd61925b928a5e8caa0ccaba2ff9362f37c5204d5de61dd67f34c4c8f25c"",""switchedFrom"":null},{""id"":""VIXCLS"",""factorId"":""F10"",""label"":""VIX 종가(Cboe)"",""provider"":""fred"",""latest"":{""date"":""2026-09-28"",""value"":16.07},""sourceUrl"":""https://fred.stlouisfed.org/graph/fredgraph.csv?id=VIXCLS&cosd=2026-06-02"",""rawSHA256"":""c6c983c1423b9e725e58560408809a689423957b95709108397512626ea020a3"",""switchedFrom"":null},{""id"":""DFII10"",""factorId"":""F04"",""label"":""미국 10년 물가연동채 실질수익률"",""provider"":""fred"",""latest"":{""date"":""2026-09-28"",""value"":2.9},""sourceUrl"":""https://fred.stlouisfed.org/graph/fredgraph.csv?id=DFII10&cosd=2026-06-02"",""rawSHA256"":""f6ca86bd3c2b2392eaa2f1824e06cd6605d72ba4f3a10197ab5a3ebb753a897d"",""switchedFrom"":null},{""id"":""BAA10Y"",""factorId"":""F05"",""label"":""미국 Baa 회사채 − 국채10년"",""provider"":""fred"",""latest"":{""date"":""2026-09-28"",""value"":1.46},""sourceUrl"":""https://fred.stlouisfed.org/graph/fredgraph.csv?id=BAA10Y&cosd=2026-06-02"",""rawSHA256"":""d09779a0a8c4a292f3bd489b16ecf50b3052602ed28edee9c6411228701e2a1e"",""switchedFrom"":null},{""id"":""DFF"",""factorId"":""F02"",""label"":""미국 실효 연방기금금리"",""provider"":""fred"",""latest"":{""date"":""2026-09-28"",""value"":3.88},""sourceUrl"":""https://fred.stlouisfed.org/graph/fredgraph.csv?id=DFF&cosd=2026-06-02"",""rawSHA256"":""ec4385c6d9313dd41d5d60c85c06c16ab42ca540151850bb3ce6919cabeb2a92"",""switchedFrom"":null},{""id"":""DGS2"",""factorId"":""F02"",""label"":""미국 국채 2년(정책 기대의 시장 대용)"",""provider"":""fred"",""latest"":{""date"":""2026-09-28"",""value"":4.92},""sourceUrl"":""https://fred.stlouisfed.org/graph/fredgraph.csv?id=DGS2&cosd=2026-06-02"",""rawSHA256"":""6e848e2fd9ac341306c7564da87a315c61768214b9e3d6cefe7310ea6fac50d1"",""switchedFrom"":null},{""id"":""KR3YT=RR"",""factorId"":""F03"",""label"":""국고채 3년"",""provider"":""naver_bond"",""latest"":{""date"":""2026-09-29"",""value"":4.072,""changePct"":-0.92},""sourceUrl"":""https://api.stock.naver.com/marketindex/bond/KR3YT=RR/prices?page=1&pageSize=10"",""rawSHA256"":""c709dc6e626fcecea9c3773099da5ec9598efeafec27324630f470dcf0fac676"",""switchedFrom"":null},{""id"":""KR10YT=RR"",""factorId"":""F03"",""label"":""국고채 10년"",""provider"":""naver_bond"",""latest"":{""date"":""2026-09-29"",""value"":4.47,""changePct"":-1.63},""sourceUrl"":""https://api.stock.naver.com/marketindex/bond/KR10YT=RR/prices?page=1&pageSize=10"",""rawSHA256"":""a96013a795488bc2e7baa96ca19b287900d2c4d5d67bf9e60934fa43182e76e8"",""switchedFrom"":null},{""id"":""DCOILWTICO"",""factorId"":""F33"",""label"":""WTI 현물(EIA)"",""provider"":""fred"",""latest"":{""date"":""2026-09-22"",""value"":96.41},""sourceUrl"":""https://fred.stlouisfed.org/graph/fredgraph.csv?id=DCOILWTICO&cosd=2026-06-02"",""rawSHA256"":""97be93ad40fd1ee14d6810d2427e53c4f255ff38dba098e9962c7cba512a2fa7"",""switchedFrom"":null},{""id"":""WALCL"",""factorId"":""F07"",""label"":""연준 총자산(주간 · 수요일)"",""provider"":""fred"",""latest"":{""date"":""2026-09-23"",""value"":6747704},""sourceUrl"":""https://fred.stlouisfed.org/graph/fredgraph.csv?id=WALCL&cosd=2026-06-02"",""rawSHA256"":""5a1478e77e6b57e8d12ebebc5d180122836afcf057cd2ae946b1516f53c4afe7"",""switchedFrom"":null}]","{""day"":""2026-09-30"",""fetchedAt"":""2026-09-29T22:27:33Z"",""index"":{""KOSPI"":{""date"":""2026-09-29"",""close"":6870.81,""changePct"":-0.27,""status"":""earlier_day""},""KOSDAQ"":{""date"":""2026-09-29"",""close"":849.8,""changePct"":0.38,""status"":""earlier_day""}},""flows"":{""stocks"":52,""stocksWithToday"":0,""provisional"":true,""foreignNetSharesSum"":null,""institutionNetSharesSum"":null,""individualNetSharesSum"":null,""note"":""수량(주) 합계 · 종목마다 주가가 달라 금액 합계가 아님 · 당일 값은 잠정일 수 있음""},""news"":{""stocks"":52,""raw"":1040,""distinct"":1028,""republished"":12,""sameArticle"":0,""stocksWithTodayNews"":34,""todayDistinct"":156},""disclosures"":{""stocks"":52,""items"":1040,""corporateActions"":115},""macro"":[{""id"":""DEXKOUS"",""label"":""원/달러(연준 H.10 뉴욕 정오 매입률)"",""factorId"":""F06"",""latest"":{""date"":""2026-09-25"",""value"":1356.51},""rows"":60},{""id"":""FX_USDKRW"",""label"":""원/달러(네이버 표기 · 은행 고시 기준)"",""factorId"":""F06"",""latest"":{""date"":""2026-09-29"",""value"":1353,""changePct"":-0.51},""rows"":10},{""id"":""SP500"",""label"":""S&P 500 종가"",""factorId"":""F09"",""latest"":{""date"":""2026-09-28"",""value"":7683.69},""rows"":60},{""id"":""NASDAQCOM"",""label"":""나스닥 종합 종가"",""factorId"":""F09"",""latest"":{""date"":""2026-09-28"",""value"":26820.38},""rows"":60},{""id"":"".SOX"",""label"":""필라델피아 반도체지수 종가"",""factorId"":""F09"",""latest"":{""date"":""2026-09-29"",""value"":12629.16,""changePct"":1.32},""rows"":10},{""id"":""VIXCLS"",""label"":""VIX 종가(Cboe)"",""factorId"":""F10"",""latest"":{""date"":""2026-09-28"",""value"":16.07},""rows"":60},{""id"":""DFII10"",""label"":""미국 10년 물가연동채 실질수익률"",""factorId"":""F04"",""latest"":{""date"":""2026-09-28"",""value"":2.9},""rows"":60},{""id"":""BAA10Y"",""label"":""미국 Baa 회사채 − 국채10년"",""factorId"":""F05"",""latest"":{""date"":""2026-09-28"",""value"":1.46},""rows"":60},{""id"":""DFF"",""label"":""미국 실효 연방기금금리"",""factorId"":""F02"",""latest"":{""date"":""2026-09-28"",""value"":3.88},""rows"":60},{""id"":""DGS2"",""label"":""미국 국채 2년(정책 기대의 시장 대용)"",""factorId"":""F02"",""latest"":{""date"":""2026-09-28"",""value"":4.92},""rows"":60},{""id"":""KR3YT=RR"",""label"":""국고채 3년"",""factorId"":""F03"",""latest"":{""date"":""2026-09-29"",""value"":4.072,""changePct"":-0.92},""rows"":10},{""id"":""KR10YT=RR"",""label"":""국고채 10년"",""factorId"":""F03"",""latest"":{""date"":""2026-09-29"",""value"":4.47,""changePct"":-1.63},""rows"":10},{""id"":""DCOILWTICO"",""label"":""WTI 현물(EIA)"",""factorId"":""F33"",""latest"":{""date"":""2026-09-22"",""value"":96.41},""rows"":60},{""id"":""WALCL"",""label"":""연준 총자산(주간 · 수요일)"",""factorId"":""F07"",""latest"":{""date"":""2026-09-23"",""value"":6747704},""rows"":17}],""revisions"":0,""errors"":0,""usedInForecast"":false}",[],false,,,,,,,,,,,,,,,,
collection-b2a52678248d6bf6,collection,2026-09-30,2026-09-29T22:27:33Z,,,"{""contextFile"":""reports/atlas11/context/2026-09-30/2026-09-29T22-27-33Z.json""}",context_flows,2026-09-30,보고값,,,,,false,000720,현대건설,"[{""date"":""2026-09-23"",""foreignNet"":-218289,""institutionNet"":-373794,""individualNet"":599052,""foreignHoldRatioPct"":24.9,""unit"":""shares"",""status"":""reported""},{""date"":""2026-09-28"",""foreignNet"":173248,""institutionNet"":10144,""individualNet"":-187684,""foreignHoldRatioPct"":25.19,""unit"":""shares"",""status"":""reported""},{""date"":""2026-09-29"",""foreignNet"":-104279,""institutionNet"":-169466,""individualNet"":278551,""foreignHoldRatioPct"":25.1,""unit"":""shares"",""status"":""reported""}]",[],https://m.stock.naver.com/api/stock/000720/trend?pageSize=10&page=1,043ea26b11ecc20841aeaae6d80793f87d13a075ca76eef7a68cf7a99f3706f7,,,,,,,,,,
collection-ae39ffe11ffef2da,collection,2026-09-30,2026-09-29T22:27:33Z,,,"{""contextFile"":""reports/atlas11/context/2026-09-30/2026-09-29T22-27-33Z.json""}",context_flows,2026-09-30,보고값,,,,,false,000810,삼성화재,"[{""date"":""2026-09-23"",""foreignNet"":-4563,""institutionNet"":2557,""individualNet"":2005,""foreignHoldRatioPct"":57.58,""unit"":""shares"",""status"":""reported""},{""date"":""2026-09-28"",""foreignNet"":4463,""institutionNet"":1436,""individualNet"":-5907,""foreignHoldRatioPct"":57.59,""unit"":""shares"",""status"":""reported""},{""date"":""2026-09-29"",""foreignNet"":-18100,""institutionNet"":14613,""individualNet"":3485,""foreignHoldRatioPct"":57.55,""unit"":""shares"",""status"":""reported""}]",[],https://m.stock.naver.com/api/stock/000810/trend?pageSize=10&page=1,31e367ee4bde4ed7d94d0ecc73c0bd461aff22d41b04c8ccc2a1387e9347f31d,,,,,,,,,,
collection-3892ba07727dd1a2,collection,2026-09-30,2026-09-29T22:27:33Z,,,"{""contextFile"":""reports/atlas11/context/2026-09-30/2026-09-29T22-27-33Z.json""}",context_flows,2026-09-30,보고값,,,,,false,002380,KCC,"[{""date"":""2026-09-23"",""foreignNet"":3849,""institutionNet"":-1089,""individualNet"":-2760,""foreignHoldRatioPct"":20.72,""unit"":""shares"",""status"":""reported""},{""date"":""2026-09-28"",""foreignNet"":4029,""institutionNet"":-1115,""individualNet"":-2935,""foreignHoldRatioPct"":20.78,""unit"":""shares"",""status"":""reported""},{""date"":""2026-09-29"",""foreignNet"":-1270,""institutionNet"":-154,""individualNet"":1399,""foreignHoldRatioPct"":20.76,""unit"":""shares"",""status"":""reported""}]",[],https://m.stock.naver.com/api/stock/002380/trend?pageSize=10&page=1,f8b9f1ac28bf77c3f06467488a25dcedab1c8fd99f315ee85f5fc2598e046935,,,,,,,,,,
collection-42005f00b33695e2,collection,2026-09-30,2026-09-29T22:27:33Z,,,"{""contextFile"":""reports/atlas11/context/2026-09-30/2026-09-29T22-27-33Z.json""}",context_flows,2026-09-30,보고값,,,,,false,003230,삼양식품,"[{""date"":""2026-09-23"",""foreignNet"":15077,""institutionNet"":-19019,""individualNet"":7215,""foreignHoldRatioPct"":18.71,""unit"":""shares"",""status"":""reported""},{""date"":""2026-09-28"",""foreignNet"":1302,""institutionNet"":2869,""individualNet"":-3949,""foreignHoldRatioPct"":18.77,""unit"":""shares"",""status"":""reported""},{""date"":""2026-09-29"",""foreignNet"":-1895,""institutionNet"":6215,""individualNet"":-4293,""foreignHoldRatioPct"":18.74,""unit"":""shares"",""status"":""reported""}]",[],https://m.stock.naver.com/api/stock/003230/trend?pageSize=10&page=1,5f0d68e0df806815052c0eb0728dfd4903ab93ca2fda8dd84b710077c7ce3d90,,,,,,,,,,
collection-d870f0894a4b0529,collection,2026-09-30,2026-09-29T22:27:33Z,,,"{""contextFile"":""reports/atlas11/context/2026-09-30/2026-09-29T22-27-33Z.json""}",context_flows,2026-09-30,보고값,,,,,false,003490,대한항공,"[{""date"":""2026-09-23"",""foreignNet"":89172,""institutionNet"":563187,""individualNet"":-635793,""foreignHoldRatioPct"":26.39,""unit"":""shares"",""status"":""reported""},{""date"":""2026-09-28"",""foreignNet"":-135481,""institutionNet"":360789,""individualNet"":-221407,""foreignHoldRatioPct"":26.36,""unit"":""shares"",""status"":""reported""},{""date"":""2026-09-29"",""foreignNet"":-3370,""institutionNet"":51495,""individualNet"":-76924,""foreignHoldRatioPct"":26.36,""unit"":""shares"",""status"":""reported""}]",[],https://m.stock.naver.com/api/stock/003490/trend?pageSize=10&page=1,db0fccc12c7ca6fce9b7623bd427def719d95a4134648fdce1f21935c416ba80,,,,,,,,,,
collection-b7c322717f44c081,collection,2026-09-30,2026-09-29T22:27:33Z,,,"{""contextFile"":""reports/atlas11/context/2026-09-30/2026-09-29T22-27-33Z.json""}",context_flows,2026-09-30,보고값,,,,,false,004170,신세계,"[{""date"":""2026-09-23"",""foreignNet"":1291,""institutionNet"":-16772,""individualNet"":15471,""foreignHoldRatioPct"":30.67,""unit"":""shares"",""status"":""reported""},{""date"":""2026-09-28"",""foreignNet"":4674,""institutionNet"":-6939,""individualNet"":2248,""foreignHoldRatioPct"":30.73,""unit"":""shares"",""status"":""reported""},{""date"":""2026-09-29"",""foreignNet"":13343,""institutionNet"":-13745,""individualNet"":386,""foreignHoldRatioPct"":30.87,""unit"":""shares"",""status"":""reported""}]",[],https://m.stock.naver.com/api/stock/004170/trend?pageSize=10&page=1,71ba6dcafd6652ee30e9f3b98e67234894a1643f25807478ccda972a8eb8d35d,,,,,,,,,,
collection-c16a2c122e181359,collection,2026-09-30,2026-09-29T22:27:33Z,,,"{""contextFile"":""reports/atlas11/context/2026-09-30/2026-09-29T22-27-33Z.json""}",context_flows,2026-09-30,보고값,,,,,false,005380,현대차,"[{""date"":""2026-09-23"",""foreignNet"":-140017,""institutionNet"":-74462,""individualNet"":209043,""foreignHoldRatioPct"":24.36,""unit"":""shares"",""status"":""reported""},{""date"":""2026-09-28"",""foreignNet"":-28575,""institutionNet"":18521,""individualNet"":9980,""foreignHoldRatioPct"":24.36,""unit"":""shares"",""status"":""reported""},{""date"":""2026-09-29"",""foreignNet"":-170192,""institutionNet"":-26043,""individualNet"":195143,""foreignHoldRatioPct"":24.27,""unit"":""shares"",""status"":""reported""}]",[],https://m.stock.naver.com/api/stock/005380/trend?pageSize=10&page=1,f9870f5053776b109c546f35ff7f4ff0d963c27359ac255916a10c3d0b1b730d,,,,,,,,,,
collection-59576c95b7c4936e,collection,2026-09-30,2026-09-29T22:27:33Z,,,"{""contextFile"":""reports/atlas11/context/2026-09-30/2026-09-29T22-27-33Z.json""}",context_flows,2026-09-30,보고값,,,,,false,005490,POSCO홀딩스,"[{""date"":""2026-09-23"",""foreignNet"":-31460,""institutionNet"":-45953,""individualNet"":74594,""foreignHoldRatioPct"":32.31,""unit"":""shares"",""status"":""reported""},{""date"":""2026-09-28"",""foreignNet"":21924,""institutionNet"":15546,""individualNet"":-36715,""foreignHoldRatioPct"":32.35,""unit"":""shares"",""status"":""reported""},{""date"":""2026-09-29"",""foreignNet"":-44963,""institutionNet"":-33962,""individualNet"":77937,""foreignHoldRatioPct"":32.3,""unit"":""shares"",""status"":""reported""}]",[],https://m.stock.naver.com/api/stock/005490/trend?pageSize=10&page=1,a3db0e832ef2792bb2c4ec55db2a5496ec8d56814477838c84f9eba6a6cfed4b,,,,,,,,,,
collection-4370ae6e8ca2825e,collection,2026-09-30,2026-09-29T22:27:33Z,,,"{""contextFile"":""reports/atlas11/context/2026-09-30/2026-09-29T22-27-33Z.json""}",context_flows,2026-09-30,보고값,,,,,false,005930,삼성전자,"[{""date"":""2026-09-23"",""foreignNet"":4513767,""institutionNet"":1346883,""individualNet"":-7630126,""foreignHoldRatioPct"":46.64,""unit"":""shares"",""status"":""reported""},{""date"":""2026-09-28"",""foreignNet"":-4999903,""institutionNet"":-2410724,""individualNet"":5330121,""foreignHoldRatioPct"":46.52,""unit"":""shares"",""status"":""reported""},{""date"":""2026-09-29"",""foreignNet"":-2508369,""institutionNet"":53759,""individualNet"":422277,""foreignHoldRatioPct"":46.48,""unit"":""shares"",""status"":""reported""}]",[],https://m.stock.naver.com/api/stock/005930/trend?pageSize=10&page=1,3d981acf6ecd4736995644da8af326d6e69cf2de6608af5f396b6ea578e54056,,,,,,,,,,
collection-b643b64f208d691e,collection,2026-09-30,2026-09-29T22:27:33Z,,,"{""contextFile"":""reports/atlas11/context/2026-09-30/2026-09-29T22-27-33Z.json""}",context_flows,2026-09-30,보고값,,,,,false,009150,삼성전기,"[{""date"":""2026-09-23"",""foreignNet"":-54547,""institutionNet"":30596,""individualNet"":24699,""foreignHoldRatioPct"":37.82,""unit"":""shares"",""status"":""reported""},{""date"":""2026-09-28"",""foreignNet"":-78251,""institutionNet"":22990,""individualNet"":51086,""foreignHoldRatioPct"":37.67,""unit"":""shares"",""status"":""reported""},{""date"":""2026-09-29"",""foreignNet"":-9472,""institutionNet"":44254,""individualNet"":-32061,""foreignHoldRatioPct"":37.66,""unit"":""shares"",""status"":""reported""}]",[],https://m.stock.naver.com/api/stock/009150/trend?pageSize=10&page=1,ea62feef8bcf8eb657315b06da270a7d4e12a18ee42bc8395839686092bf8ed4,,,,,,,,,,
collection-11a9d8d5684a81f5,collection,2026-09-30,2026-09-29T22:27:33Z,,,"{""contextFile"":""reports/atlas11/context/2026-09-30/2026-09-29T22-27-33Z.json""}",context_flows,2026-09-30,보고값,,,,,false,009830,한화솔루션,"[{""date"":""2026-09-23"",""foreignNet"":-117514,""institutionNet"":562984,""individualNet"":-466304,""foreignHoldRatioPct"":12.9,""unit"":""shares"",""status"":""reported""},{""date"":""2026-09-28"",""foreignNet"":562676,""institutionNet"":813392,""individualNet"":-1407515,""foreignHoldRatioPct"":13.14,""unit"":""shares"",""status"":""reported""},{""date"":""2026-09-29"",""foreignNet"":-986368,""institutionNet"":277252,""individualNet"":686236,""foreignHoldRatioPct"":12.7,""unit"":""shares"",""status"":""reported""}]",[],https://m.stock.naver.com/api/stock/009830/trend?pageSize=10&page=1,b3482e8f9a7819489384003fa45c562981ae18bf8ed901d139e033346cce4830,,,,,,,,,,
collection-aed8852b6eb570c3,collection,2026-09-30,2026-09-29T22:27:33Z,,,"{""contextFile"":""reports/atlas11/context/2026-09-30/2026-09-29T22-27-33Z.json""}",context_flows,2026-09-30,보고값,,,,,false,010120,LS ELECTRIC,"[{""date"":""2026-09-23"",""foreignNet"":-46664,""institutionNet"":-56270,""individualNet"":102239,""foreignHoldRatioPct"":18.94,""unit"":""shares"",""status"":""reported""},{""date"":""2026-09-28"",""foreignNet"":58986,""institutionNet"":-11924,""individualNet"":-32338,""foreignHoldRatioPct"":19,""unit"":""shares"",""status"":""reported""},{""date"":""2026-09-29"",""foreignNet"":8609,""institutionNet"":-2298,""individualNet"":-6827,""foreignHoldRatioPct"":19.01,""unit"":""shares"",""status"":""reported""}]",[],https://m.stock.naver.com/api/stock/010120/trend?pageSize=10&page=1,4df93eddfcab7fd527fd003e055ab269c486b1e30db21d3a061481e47a291371,,,,,,,,,,
collection-aac4d8b313745680,collection,2026-09-30,2026-09-29T22:27:33Z,,,"{""contextFile"":""reports/atlas11/context/2026-09-30/2026-09-29T22-27-33Z.json""}",context_flows,2026-09-30,보고값,,,,,false,010130,고려아연,"[{""date"":""2026-09-23"",""foreignNet"":-88,""institutionNet"":-596,""individualNet"":664,""foreignHoldRatioPct"":27.53,""unit"":""shares"",""status"":""reported""},{""date"":""2026-09-28"",""foreignNet"":-717,""institutionNet"":-1519,""individualNet"":2166,""foreignHoldRatioPct"":27.53,""unit"":""shares"",""status"":""reported""},{""date"":""2026-09-29"",""foreignNet"":4384,""institutionNet"":-13265,""individualNet"":7915,""foreignHoldRatioPct"":27.55,""unit"":""shares"",""status"":""reported""}]",[],https://m.stock.naver.com/api/stock/010130/trend?pageSize=10&page=1,67291c26f6c7e1dd3541da75b3737842f361739b866d852b73b9cabad7060d04,,,,,,,,,,
collection-d140e5926bbd1025,collection,2026-09-30,2026-09-29T22:27:33Z,,,"{""contextFile"":""reports/atlas11/context/2026-09-30/2026-09-29T22-27-33Z.json""}",context_flows,2026-09-30,보고값,,,,,false,010170,대한광통신,"[{""date"":""2026-09-23"",""foreignNet"":-814369,""institutionNet"":-2848,""individualNet"":815753,""foreignHoldRatioPct"":4.92,""unit"":""shares"",""status"":""reported""},{""date"":""2026-09-28"",""foreignNet"":-620863,""institutionNet"":37319,""individualNet"":576135,""foreignHoldRatioPct"":4.48,""unit"":""shares"",""status"":""reported""},{""date"":""2026-09-29"",""foreignNet"":-478304,""institutionNet"":-77120,""individualNet"":539764,""foreignHoldRatioPct"":4.17,""unit"":""shares"",""status"":""reported""}]",[],https://m.stock.naver.com/api/stock/010170/trend?pageSize=10&page=1,23faf645e09628938036bba2981b3b0ebb16360ec99ccadb976a4dcf189ddf58,,,,,,,,,,
collection-1370b9fc07e3d05d,collection,2026-09-30,2026-09-29T22:27:33Z,,,"{""contextFile"":""reports/atlas11/context/2026-09-30/2026-09-29T22-27-33Z.json""}",context_flows,2026-09-30,보고값,,,,,false,011200,HMM,"[{""date"":""2026-09-23"",""foreignNet"":-17591,""institutionNet"":-6124,""individualNet"":27825,""foreignHoldRatioPct"":8.69,""unit"":""shares"",""status"":""reported""},{""date"":""2026-09-28"",""foreignNet"":338106,""institutionNet"":33617,""individualNet"":-368338,""foreignHoldRatioPct"":8.74,""unit"":""shares"",""status"":""reported""},{""date"":""2026-09-29"",""foreignNet"":-69734,""institutionNet"":-3615,""individualNet"":68231,""foreignHoldRatioPct"":8.73,""unit"":""shares"",""status"":""reported""}]",[],https://m.stock.naver.com/api/stock/011200/trend?pageSize=10&page=1,9bd7e78f9e76a8f56b0793ce1f9cc9070192a64ecb59ed84e64a562fc3d07e90,,,,,,,,,,
collection-73622e9a2d970882,collection,2026-09-30,2026-09-29T22:27:33Z,,,"{""contextFile"":""reports/atlas11/context/2026-09-30/2026-09-29T22-27-33Z.json""}",context_flows,2026-09-30,보고값,,,,,false,012330,현대모비스,"[{""date"":""2026-09-23"",""foreignNet"":-9927,""institutionNet"":-26146,""individualNet"":36381,""foreignHoldRatioPct"":37.79,""unit"":""shares"",""status"":""reported""},{""date"":""2026-09-28"",""foreignNet"":31981,""institutionNet"":-4369,""individualNet"":-26399,""foreignHoldRatioPct"":37.83,""unit"":""shares"",""status"":""reported""},{""date"":""2026-09-29"",""foreignNet"":-4116,""institutionNet"":1286,""individualNet"":3910,""foreignHoldRatioPct"":37.83,""unit"":""shares"",""status"":""reported""}]",[],https://m.stock.naver.com/api/stock/012330/trend?pageSize=10&page=1,28f331c1228ed7dc1d3b55f1798a4db620fa37c0c7456034f83d49b08411814c,,,,,,,,,,
collection-0ba750079206ed48,collection,2026-09-30,2026-09-29T22:27:33Z,,,"{""contextFile"":""reports/atlas11/context/2026-09-30/2026-09-29T22-27-33Z.json""}",context_flows,2026-09-30,보고값,,,,,false,012450,한화에어로스페이스,"[{""date"":""2026-09-23"",""foreignNet"":-28876,""institutionNet"":-7083,""individualNet"":35783,""foreignHoldRatioPct"":45.22,""unit"":""shares"",""status"":""reported""},{""date"":""2026-09-28"",""foreignNet"":6322,""institutionNet"":-236,""individualNet"":-6001,""foreignHoldRatioPct"":45.25,""unit"":""shares"",""status"":""reported""},{""date"":""2026-09-29"",""foreignNet"":6108,""institutionNet"":-14593,""individualNet"":11301,""foreignHoldRatioPct"":45.26,""unit"":""shares"",""status"":""reported""}]",[],https://m.stock.naver.com/api/stock/012450/trend?pageSize=10&page=1,b32bb896a7c3d8de6cf55b76d6c1110adbfce7b3f199a71a7a5475b07465da18,,,,,,,,,,
collection-2dc5aa976448ef47,collection,2026-09-30,2026-09-29T22:27:33Z,,,"{""contextFile"":""reports/atlas11/context/2026-09-30/2026-09-29T22-27-33Z.json""}",context_flows,2026-09-30,보고값,,,,,false,012750,에스원,"[{""date"":""2026-09-23"",""foreignNet"":-2305,""institutionNet"":1305,""individualNet"":1000,""foreignHoldRatioPct"":55.76,""unit"":""shares"",""status"":""reported""},{""date"":""2026-09-28"",""foreignNet"":-2021,""institutionNet"":2554,""individualNet"":-530,""foreignHoldRatioPct"":55.75,""unit"":""shares"",""status"":""reported""},{""date"":""2026-09-29"",""foreignNet"":-13599,""institutionNet"":14165,""individualNet"":-560,""foreignHoldRatioPct"":55.72,""unit"":""shares"",""status"":""reported""}]",[],https://m.stock.naver.com/api/stock/012750/trend?pageSize=10&page=1,696e9a24a6f5ea26c75cdc7d2db5eeed918e1d1fbb16196baba4df0f90b414e7,,,,,,,,,,
collection-e70a02e23ac8427b,collection,2026-09-30,2026-09-29T22:27:33Z,,,"{""contextFile"":""reports/atlas11/context/2026-09-30/2026-09-29T22-27-33Z.json""}",context_flows,2026-09-30,보고값,,,,,false,015760,한국전력,"[{""date"":""2026-09-23"",""foreignNet"":-338442,""institutionNet"":-654182,""individualNet"":987663,""foreignHoldRatioPct"":20.52,""unit"":""shares"",""status"":""reported""},{""date"":""2026-09-28"",""foreignNet"":188790,""institutionNet"":73515,""individualNet"":-308227,""foreignHoldRatioPct"":20.56,""unit"":""shares"",""status"":""reported""},{""date"":""2026-09-29"",""foreignNet"":-220451,""institutionNet"":-280984,""individualNet"":452846,""foreignHoldRatioPct"":20.53,""unit"":""shares"",""status"":""reported""}]",[],https://m.stock.naver.com/api/stock/015760/trend?pageSize=10&page=1,517f61366ef6522a6bcdce9346fd881ca4068b6695885c0ac7bf2dd2d7015913,,,,,,,,,,
collection-241fd0be50c3c11e,collection,2026-09-30,2026-09-29T22:27:33Z,,,"{""contextFile"":""reports/atlas11/context/2026-09-30/2026-09-29T22-27-33Z.json""}",context_flows,2026-09-30,보고값,,,,,false,017670,SK텔레콤,"[{""date"":""2026-09-23"",""foreignNet"":111766,""institutionNet"":-114361,""individualNet"":6064,""foreignHoldRatioPct"":34.72,""unit"":""shares"",""status"":""reported""},{""date"":""2026-09-28"",""foreignNet"":85429,""institutionNet"":38233,""individualNet"":-123506,""foreignHoldRatioPct"":34.79,""unit"":""shares"",""status"":""reported""},{""date"":""2026-09-29"",""foreignNet"":-58971,""institutionNet"":4518,""individualNet"":55835,""foreignHoldRatioPct"":34.77,""unit"":""shares"",""status"":""reported""}]",[],https://m.stock.naver.com/api/stock/017670/trend?pageSize=10&page=1,3d4c7fe4836019cfc89c650a6f8b4b10f314f0ee154cec3bb340d6a3e1b0aee0,,,,,,,,,,
collection-4523ba9ec37b69c2,collection,2026-09-30,2026-09-29T22:27:33Z,,,"{""contextFile"":""reports/atlas11/context/2026-09-30/2026-09-29T22-27-33Z.json""}",context_flows,2026-09-30,보고값,,,,,false,018260,삼성에스디에스,"[{""date"":""2026-09-23"",""foreignNet"":10588,""institutionNet"":-23406,""individualNet"":12875,""foreignHoldRatioPct"":19.12,""unit"":""shares"",""status"":""reported""},{""date"":""2026-09-28"",""foreignNet"":19035,""institutionNet"":-10220,""individualNet"":-7789,""foreignHoldRatioPct"":19.2,""unit"":""shares"",""status"":""reported""},{""date"":""2026-09-29"",""foreignNet"":17823,""institutionNet"":-8780,""individualNet"":-11419,""foreignHoldRatioPct"":19.23,""unit"":""shares"",""status"":""reported""}]",[],https://m.stock.naver.com/api/stock/018260/trend?pageSize=10&page=1,1c01f3caa013943b83fbe57e410758b2c64efae45c6e2fecea4bfadae0c507cb,,,,,,,,,,
collection-9fd5ba64d3d5f7e9,collection,2026-09-30,2026-09-29T22:27:33Z,,,"{""contextFile"":""reports/atlas11/context/2026-09-30/2026-09-29T22-27-33Z.json""}",context_flows,2026-09-30,보고값,,,,,false,021240,코웨이,"[{""date"":""2026-09-23"",""foreignNet"":3258,""institutionNet"":-2847,""individualNet"":-400,""foreignHoldRatioPct"":54.29,""unit"":""shares"",""status"":""reported""},{""date"":""2026-09-28"",""foreignNet"":4010,""institutionNet"":676,""individualNet"":-4811,""foreignHoldRatioPct"":54.3,""unit"":""shares"",""status"":""reported""},{""date"":""2026-09-29"",""foreignNet"":-55346,""institutionNet"":59156,""individualNet"":-3739,""foreignHoldRatioPct"":54.22,""unit"":""shares"",""status"":""reported""}]",[],https://m.stock.naver.com/api/stock/021240/trend?pageSize=10&page=1,00bc51196ad46293df4b0c52de1e6b3b810f2fe9c9c7b09f2b63f563a0494177,,,,,,,,,,
collection-7ae4f2425d50068c,collection,2026-09-30,2026-09-29T22:27:33Z,,,"{""contextFile"":""reports/atlas11/context/2026-09-30/2026-09-29T22-27-33Z.json""}",context_flows,2026-09-30,보고값,,,,,false,028260,삼성물산,"[{""date"":""2026-09-23"",""foreignNet"":19699,""institutionNet"":9962,""individualNet"":-29651,""foreignHoldRatioPct"":30.66,""unit"":""shares"",""status"":""reported""},{""date"":""2026-09-28"",""foreignNet"":-111748,""institutionNet"":-37326,""individualNet"":151075,""foreignHoldRatioPct"":30.56,""unit"":""shares"",""status"":""reported""},{""date"":""2026-09-29"",""foreignNet"":-30732,""institutionNet"":24309,""individualNet"":6138,""foreignHoldRatioPct"":30.55,""unit"":""shares"",""status"":""reported""}]",[],https://m.stock.naver.com/api/stock/028260/trend?pageSize=10&page=1,3c47a6a906bd69065f67b1addde219be830dc58bc643cf9e00b511df6ed33e7b,,,,,,,,,,
collection-cdbd22fff9701a6c,collection,2026-09-30,2026-09-29T22:27:33Z,,,"{""contextFile"":""reports/atlas11/context/2026-09-30/2026-09-29T22-27-33Z.json""}",context_flows,2026-09-30,보고값,,,,,false,028300,HLB,"[{""date"":""2026-09-23"",""foreignNet"":-138705,""institutionNet"":-39799,""individualNet"":179986,""foreignHoldRatioPct"":16.64,""unit"":""shares"",""status"":""reported""},{""date"":""2026-09-28"",""foreignNet"":-156868,""institutionNet"":-104017,""individualNet"":258288,""foreignHoldRatioPct"":15.95,""unit"":""shares"",""status"":""reported""},{""date"":""2026-09-29"",""foreignNet"":-1960295,""institutionNet"":-611209,""individualNet"":2547685,""foreignHoldRatioPct"":14.48,""unit"":""shares"",""status"":""reported""}]",[],https://m.stock.naver.com/api/stock/028300/trend?pageSize=10&page=1,d9b7c90d2158574821887b6a485dbff5ed560abca51c74ead26b2899ad5f0fdd,,,,,,,,,,
collection-88dc757848a63cfe,collection,2026-09-30,2026-09-29T22:27:33Z,,,"{""contextFile"":""reports/atlas11/context/2026-09-30/2026-09-29T22-27-33Z.json""}",context_flows,2026-09-30,보고값,,,,,false,029780,삼성카드,"[{""date"":""2026-09-23"",""foreignNet"":83,""institutionNet"":-19835,""individualNet"":19497,""foreignHoldRatioPct"":5.01,""unit"":""shares"",""status"":""reported""},{""date"":""2026-09-28"",""foreignNet"":100487,""institutionNet"":-81570,""individualNet"":-18719,""foreignHoldRatioPct"":5.16,""unit"":""shares"",""status"":""reported""},{""date"":""2026-09-29"",""foreignNet"":-26025,""institutionNet"":-17651,""individualNet"":43306,""foreignHoldRatioPct"":5.14,""unit"":""shares"",""status"":""reported""}]",[],https://m.stock.naver.com/api/stock/029780/trend?pageSize=10&page=1,fbd53fd34e3423b47cea2b7e0e2001fc0cf02b01a15c06a4366167a802e30543,,,,,,,,,,
collection-258ce79f923d0051,collection,2026-09-30,2026-09-29T22:27:33Z,,,"{""contextFile"":""reports/atlas11/context/2026-09-30/2026-09-29T22-27-33Z.json""}",context_flows,2026-09-30,보고값,,,,,false,030000,제일기획,"[{""date"":""2026-09-23"",""foreignNet"":-53756,""institutionNet"":13927,""individualNet"":37934,""foreignHoldRatioPct"":17.41,""unit"":""shares"",""status"":""reported""},{""date"":""2026-09-28"",""foreignNet"":40736,""institutionNet"":-30787,""individualNet"":-10004,""foreignHoldRatioPct"":17.47,""unit"":""shares"",""status"":""reported""},{""date"":""2026-09-29"",""foreignNet"":11809,""institutionNet"":9732,""individualNet"":-21074,""foreignHoldRatioPct"":17.48,""unit"":""shares"",""status"":""reported""}]",[],https://m.stock.naver.com/api/stock/030000/trend?pageSize=10&page=1,6dff9970c96d5e72d0b25e0bbd881387b5ffcb551229fc38601e1773ec02c772,,,,,,,,,,
collection-149cf7f200cd4b6c,collection,2026-09-30,2026-09-29T22:27:33Z,,,"{""contextFile"":""reports/atlas11/context/2026-09-30/2026-09-29T22-27-33Z.json""}",context_flows,2026-09-30,보고값,,,,,false,030200,KT,"[{""date"":""2026-09-23"",""foreignNet"":-4242,""institutionNet"":-26337,""individualNet"":23121,""foreignHoldRatioPct"":49,""unit"":""shares"",""status"":""reported""},{""date"":""2026-09-28"",""foreignNet"":-2619,""institutionNet"":13144,""individualNet"":-17241,""foreignHoldRatioPct"":49,""unit"":""shares"",""status"":""reported""},{""date"":""2026-09-29"",""foreignNet"":-5522,""institutionNet"":-5735,""individualNet"":3473,""foreignHoldRatioPct"":49,""unit"":""shares"",""status"":""reported""}]",[],https://m.stock.naver.com/api/stock/030200/trend?pageSize=10&page=1,6b55b0d45de5bfb42c0477ea2cb289821c7975370eb25451d2bfc7136d74d27d,,,,,,,,,,
collection-eeba3749c52939b3,collection,2026-09-30,2026-09-29T22:27:33Z,,,"{""contextFile"":""reports/atlas11/context/2026-09-30/2026-09-29T22-27-33Z.json""}",context_flows,2026-09-30,보고값,,,,,false,032830,삼성생명보험,"[{""date"":""2026-09-23"",""foreignNet"":-25853,""institutionNet"":17020,""individualNet"":6740,""foreignHoldRatioPct"":23.11,""unit"":""shares"",""status"":""reported""},{""date"":""2026-09-28"",""foreignNet"":39281,""institutionNet"":-15791,""individualNet"":-27215,""foreignHoldRatioPct"":23.14,""unit"":""shares"",""status"":""reported""},{""date"":""2026-09-29"",""foreignNet"":-23976,""institutionNet"":4726,""individualNet"":19303,""foreignHoldRatioPct"":23.13,""unit"":""shares"",""status"":""reported""}]",[],https://m.stock.naver.com/api/stock/032830/trend?pageSize=10&page=1,0847f6c6e976134f8e6f377e4a17b11400422e4cc4e530173d821424f4c798cc,,,,,,,,,,
collection-249bfd5b540dd299,collection,2026-09-30,2026-09-29T22:27:33Z,,,"{""contextFile"":""reports/atlas11/context/2026-09-30/2026-09-29T22-27-33Z.json""}",context_flows,2026-09-30,보고값,,,,,false,033780,KT&G,"[{""date"":""2026-09-23"",""foreignNet"":18872,""institutionNet"":-60671,""individualNet"":844,""foreignHoldRatioPct"":51.21,""unit"":""shares"",""status"":""reported""},{""date"":""2026-09-28"",""foreignNet"":-3593,""institutionNet"":-15902,""individualNet"":-20141,""foreignHoldRatioPct"":51.22,""unit"":""shares"",""status"":""reported""},{""date"":""2026-09-29"",""foreignNet"":-21035,""institutionNet"":10358,""individualNet"":-29293,""foreignHoldRatioPct"":51.2,""unit"":""shares"",""status"":""reported""}]",[],https://m.stock.naver.com/api/stock/033780/trend?pageSize=10&page=1,ea94e0664b2ee736a3df244685960d950feaec0c77298e4e01eaf85929e06c38,,,,,,,,,,
collection-82305a615a2dabc4,collection,2026-09-30,2026-09-29T22:27:33Z,,,"{""contextFile"":""reports/atlas11/context/2026-09-30/2026-09-29T22-27-33Z.json""}",context_flows,2026-09-30,보고값,,,,,false,034020,두산에너빌리티,"[{""date"":""2026-09-23"",""foreignNet"":-1560727,""institutionNet"":-869702,""individualNet"":2402184,""foreignHoldRatioPct"":22.73,""unit"":""shares"",""status"":""reported""},{""date"":""2026-09-28"",""foreignNet"":-128386,""institutionNet"":-48275,""individualNet"":222511,""foreignHoldRatioPct"":22.74,""unit"":""shares"",""status"":""reported""},{""date"":""2026-09-29"",""foreignNet"":-565956,""institutionNet"":-394067,""individualNet"":956458,""foreignHoldRatioPct"":22.65,""unit"":""shares"",""status"":""reported""}]",[],https://m.stock.naver.com/api/stock/034020/trend?pageSize=10&page=1,5bd360fe538af0e52336c16e625d8fb19f92863b343011d94a498e8a75f9990f,,,,,,,,,,
collection-93bff98e05fa0aa6,collection,2026-09-30,2026-09-29T22:27:33Z,,,"{""contextFile"":""reports/atlas11/context/2026-09-30/2026-09-29T22-27-33Z.json""}",context_flows,2026-09-30,보고값,,,,,false,034220,LG디스플레이,"[{""date"":""2026-09-23"",""foreignNet"":-23563,""institutionNet"":-235256,""individualNet"":242505,""foreignHoldRatioPct"":26.64,""unit"":""shares"",""status"":""reported""},{""date"":""2026-09-28"",""foreignNet"":-47510,""institutionNet"":-45010,""individualNet"":81944,""foreignHoldRatioPct"":26.65,""unit"":""shares"",""status"":""reported""},{""date"":""2026-09-29"",""foreignNet"":-911038,""institutionNet"":-65130,""individualNet"":969885,""foreignHoldRatioPct"":26.46,""unit"":""shares"",""status"":""reported""}]",[],https://m.stock.naver.com/api/stock/034220/trend?pageSize=10&page=1,0913d52bb0e6fb476eb56c9bda0b4037e6a4a44b532ab511edca108a4a8ac651,,,,,,,,,,
collection-e8abc85737ec3a97,collection,2026-09-30,2026-09-29T22:27:33Z,,,"{""contextFile"":""reports/atlas11/context/2026-09-30/2026-09-29T22-27-33Z.json""}",context_flows,2026-09-30,보고값,,,,,false,034730,SK,"[{""date"":""2026-09-23"",""foreignNet"":2733,""institutionNet"":33137,""individualNet"":-35383,""foreignHoldRatioPct"":30.26,""unit"":""shares"",""status"":""reported""},{""date"":""2026-09-28"",""foreignNet"":-42671,""institutionNet"":25501,""individualNet"":16860,""foreignHoldRatioPct"":30.17,""unit"":""shares"",""status"":""reported""},{""date"":""2026-09-29"",""foreignNet"":-12240,""institutionNet"":19848,""individualNet"":-7750,""foreignHoldRatioPct"":30.16,""unit"":""shares"",""status"":""reported""}]",[],https://m.stock.naver.com/api/stock/034730/trend?pageSize=10&page=1,e0801e339a7dcb899bd728667c17a5ad8abdc07097f65c062b3fc5d42ebd529c,,,,,,,,,,
collection-ff44cc1375971f1d,collection,2026-09-30,2026-09-29T22:27:33Z,,,"{""contextFile"":""reports/atlas11/context/2026-09-30/2026-09-29T22-27-33Z.json""}",context_flows,2026-09-30,보고값,,,,,false,035250,강원랜드,"[{""date"":""2026-09-23"",""foreignNet"":-2196,""institutionNet"":-18189,""individualNet"":20572,""foreignHoldRatioPct"":8.9,""unit"":""shares"",""status"":""reported""},{""date"":""2026-09-28"",""foreignNet"":-2140,""institutionNet"":-23483,""individualNet"":24002,""foreignHoldRatioPct"":8.96,""unit"":""shares"",""status"":""reported""},{""date"":""2026-09-29"",""foreignNet"":1749,""institutionNet"":-10504,""individualNet"":4436,""foreignHoldRatioPct"":8.97,""unit"":""shares"",""status"":""reported""}]",[],https://m.stock.naver.com/api/stock/035250/trend?pageSize=10&page=1,9ebfd1e94632723c064b73db40758692061c5e3e846575afbf9cd2559b305fae,,,,,,,,,,
collection-36fac8312ddb7726,collection,2026-09-30,2026-09-29T22:27:33Z,,,"{""contextFile"":""reports/atlas11/context/2026-09-30/2026-09-29T22-27-33Z.json""}",context_flows,2026-09-30,보고값,,,,,false,035420,NAVER,"[{""date"":""2026-09-23"",""foreignNet"":-315866,""institutionNet"":-399470,""individualNet"":729506,""foreignHoldRatioPct"":35.56,""unit"":""shares"",""status"":""reported""},{""date"":""2026-09-28"",""foreignNet"":180834,""institutionNet"":85691,""individualNet"":-265725,""foreignHoldRatioPct"":35.76,""unit"":""shares"",""status"":""reported""},{""date"":""2026-09-29"",""foreignNet"":-7317,""institutionNet"":-126375,""individualNet"":132218,""foreignHoldRatioPct"":35.75,""unit"":""shares"",""status"":""reported""}]",[],https://m.stock.naver.com/api/stock/035420/trend?pageSize=10&page=1,3d0f4c608133e95cc249de6c4be1e17376f7165e018b66697b48011c1a9da383,,,,,,,,,,
collection-08b10a41cd94cc02,collection,2026-09-30,2026-09-29T22:27:33Z,,,"{""contextFile"":""reports/atlas11/context/2026-09-30/2026-09-29T22-27-33Z.json""}",context_flows,2026-09-30,보고값,,,,,false,036460,한국가스공사,"[{""date"":""2026-09-23"",""foreignNet"":-107756,""institutionNet"":108947,""individualNet"":-1394,""foreignHoldRatioPct"":13.3,""unit"":""shares"",""status"":""reported""},{""date"":""2026-09-28"",""foreignNet"":20432,""institutionNet"":2014,""individualNet"":-22891,""foreignHoldRatioPct"":13.32,""unit"":""shares"",""status"":""reported""},{""date"":""2026-09-29"",""foreignNet"":-9912,""institutionNet"":-5233,""individualNet"":13515,""foreignHoldRatioPct"":13.31,""unit"":""shares"",""status"":""reported""}]",[],https://m.stock.naver.com/api/stock/036460/trend?pageSize=10&page=1,97ceb85bb55e721911d72fed715252cdff6fb0096236f37bdb3c553894799ccb,,,,,,,,,,
collection-632b7621bee68b28,collection,2026-09-30,2026-09-29T22:27:33Z,,,"{""contextFile"":""reports/atlas11/context/2026-09-30/2026-09-29T22-27-33Z.json""}",context_flows,2026-09-30,보고값,,,,,false,047050,포스코인터내셔널,"[{""date"":""2026-09-23"",""foreignNet"":-19349,""institutionNet"":-114717,""individualNet"":134689,""foreignHoldRatioPct"":6.16,""unit"":""shares"",""status"":""reported""},{""date"":""2026-09-28"",""foreignNet"":175298,""institutionNet"":15726,""individualNet"":-193234,""foreignHoldRatioPct"":6.3,""unit"":""shares"",""status"":""reported""},{""date"":""2026-09-29"",""foreignNet"":-125263,""institutionNet"":-66415,""individualNet"":190895,""foreignHoldRatioPct"":6.23,""unit"":""shares"",""status"":""reported""}]",[],https://m.stock.naver.com/api/stock/047050/trend?pageSize=10&page=1,b7f4ab073c57c19aae5d4388fd266991f46d6faebe281188d63ec9ade0ae5c25,,,,,,,,,,
collection-b17b046485bc574a,collection,2026-09-30,2026-09-29T22:27:33Z,,,"{""contextFile"":""reports/atlas11/context/2026-09-30/2026-09-29T22-27-33Z.json""}",context_flows,2026-09-30,보고값,,,,,false,051910,LG화학,"[{""date"":""2026-09-23"",""foreignNet"":-11445,""institutionNet"":-2537,""individualNet"":13886,""foreignHoldRatioPct"":36.51,""unit"":""shares"",""status"":""reported""},{""date"":""2026-09-28"",""foreignNet"":28866,""institutionNet"":15299,""individualNet"":-44410,""foreignHoldRatioPct"":36.59,""unit"":""shares"",""status"":""reported""},{""date"":""2026-09-29"",""foreignNet"":-52834,""institutionNet"":-22034,""individualNet"":74449,""foreignHoldRatioPct"":36.52,""unit"":""shares"",""status"":""reported""}]",[],https://m.stock.naver.com/api/stock/051910/trend?pageSize=10&page=1,c6bee8531737f338ed58619d6cfba38bef1da907ff10c41ab056f3d7dc94c580,,,,,,,,,,
collection-a84f9744cdd2f887,collection,2026-09-30,2026-09-29T22:27:33Z,,,"{""contextFile"":""reports/atlas11/context/2026-09-30/2026-09-29T22-27-33Z.json""}",context_flows,2026-09-30,보고값,,,,,false,066570,LG전자,"[{""date"":""2026-09-23"",""foreignNet"":-133600,""institutionNet"":28694,""individualNet"":104876,""foreignHoldRatioPct"":29.89,""unit"":""shares"",""status"":""reported""},{""date"":""2026-09-28"",""foreignNet"":179347,""institutionNet"":17866,""individualNet"":-197654,""foreignHoldRatioPct"":30,""unit"":""shares"",""status"":""reported""},{""date"":""2026-09-29"",""foreignNet"":71247,""institutionNet"":12640,""individualNet"":-65109,""foreignHoldRatioPct"":30.04,""unit"":""shares"",""status"":""reported""}]",[],https://m.stock.naver.com/api/stock/066570/trend?pageSize=10&page=1,97470a33d3952d80f6f91c4de5b0d5623fef5ee4144132dff5d26726d0c27b0f,,,,,,,,,,
collection-b0c949fa942b9f25,collection,2026-09-30,2026-09-29T22:27:33Z,,,"{""contextFile"":""reports/atlas11/context/2026-09-30/2026-09-29T22-27-33Z.json""}",context_flows,2026-09-30,보고값,,,,,false,086280,현대글로비스,"[{""date"":""2026-09-23"",""foreignNet"":-8008,""institutionNet"":-54479,""individualNet"":60950,""foreignHoldRatioPct"":46.63,""unit"":""shares"",""status"":""reported""},{""date"":""2026-09-28"",""foreignNet"":52573,""institutionNet"":-36800,""individualNet"":-15612,""foreignHoldRatioPct"":46.71,""unit"":""shares"",""status"":""reported""},{""date"":""2026-09-29"",""foreignNet"":17508,""institutionNet"":-28848,""individualNet"":11152,""foreignHoldRatioPct"":46.73,""unit"":""shares"",""status"":""reported""}]",[],https://m.stock.naver.com/api/stock/086280/trend?pageSize=10&page=1,ceae276974cfc6320d3800c060d4e74e806c555349c17163171dd1e15fc90c3d,,,,,,,,,,
collection-8ea9344b90f4491c,collection,2026-09-30,2026-09-29T22:27:33Z,,,"{""contextFile"":""reports/atlas11/context/2026-09-30/2026-09-29T22-27-33Z.json""}",context_flows,2026-09-30,보고값,,,,,false,105560,KB금융,"[{""date"":""2026-09-23"",""foreignNet"":-128026,""institutionNet"":92288,""individualNet"":36396,""foreignHoldRatioPct"":78.78,""unit"":""shares"",""status"":""reported""},{""date"":""2026-09-28"",""foreignNet"":-61085,""institutionNet"":97509,""individualNet"":-32557,""foreignHoldRatioPct"":78.76,""unit"":""shares"",""status"":""reported""},{""date"":""2026-09-29"",""foreignNet"":-179799,""institutionNet"":166149,""individualNet"":12136,""foreignHoldRatioPct"":78.71,""unit"":""shares"",""status"":""reported""}]",[],https://m.stock.naver.com/api/stock/105560/trend?pageSize=10&page=1,cf8e818e43dcf8c2de250213f098dfd5f5678377ffc7af8fc995b581ac28845d,,,,,,,,,,
collection-e455318fd17a1df7,collection,2026-09-30,2026-09-29T22:27:33Z,,,"{""contextFile"":""reports/atlas11/context/2026-09-30/2026-09-29T22-27-33Z.json""}",context_flows,2026-09-30,보고값,,,,,false,111770,영원무역,"[{""date"":""2026-09-23"",""foreignNet"":-16311,""institutionNet"":-5188,""individualNet"":20796,""foreignHoldRatioPct"":29.25,""unit"":""shares"",""status"":""reported""},{""date"":""2026-09-28"",""foreignNet"":5061,""institutionNet"":2237,""individualNet"":-7283,""foreignHoldRatioPct"":29.26,""unit"":""shares"",""status"":""reported""},{""date"":""2026-09-29"",""foreignNet"":-375,""institutionNet"":1383,""individualNet"":-1009,""foreignHoldRatioPct"":29.26,""unit"":""shares"",""status"":""reported""}]",[],https://m.stock.naver.com/api/stock/111770/trend?pageSize=10&page=1,114e5271483a2f0626db55771e86c0334d743e52b0c2294d14f4be9830711384,,,,,,,,,,
collection-525b31782cc5e2ae,collection,2026-09-30,2026-09-29T22:27:33Z,,,"{""contextFile"":""reports/atlas11/context/2026-09-30/2026-09-29T22-27-33Z.json""}",context_flows,2026-09-30,보고값,,,,,false,138040,메리츠금융지주,"[{""date"":""2026-09-23"",""foreignNet"":12007,""institutionNet"":-13414,""individualNet"":1224,""foreignHoldRatioPct"":14.23,""unit"":""shares"",""status"":""reported""},{""date"":""2026-09-28"",""foreignNet"":14082,""institutionNet"":66202,""individualNet"":-76486,""foreignHoldRatioPct"":14.25,""unit"":""shares"",""status"":""reported""},{""date"":""2026-09-29"",""foreignNet"":-29370,""institutionNet"":38878,""individualNet"":-9770,""foreignHoldRatioPct"":14.23,""unit"":""shares"",""status"":""reported""}]",[],https://m.stock.naver.com/api/stock/138040/trend?pageSize=10&page=1,1e5f099ba8068cb467a236b0602c140d06bada19b4a9fc3a998fc4c264b09a05,,,,,,,,,,
collection-7070fcdc70c2e743,collection,2026-09-30,2026-09-29T22:27:33Z,,,"{""contextFile"":""reports/atlas11/context/2026-09-30/2026-09-29T22-27-33Z.json""}",context_flows,2026-09-30,보고값,,,,,false,196170,알테오젠,"[{""date"":""2026-09-23"",""foreignNet"":16785,""institutionNet"":-14818,""individualNet"":-1717,""foreignHoldRatioPct"":15.21,""unit"":""shares"",""status"":""reported""},{""date"":""2026-09-28"",""foreignNet"":-12947,""institutionNet"":20848,""individualNet"":-8388,""foreignHoldRatioPct"":15.52,""unit"":""shares"",""status"":""reported""},{""date"":""2026-09-29"",""foreignNet"":14870,""institutionNet"":31806,""individualNet"":-47055,""foreignHoldRatioPct"":15.54,""unit"":""shares"",""status"":""reported""}]",[],https://m.stock.naver.com/api/stock/196170/trend?pageSize=10&page=1,b545464c0699a0472ac6c940c06fd084a88da3b9ce036a49da34c2e605dd53bf,,,,,,,,,,
collection-dce6bd4c09fa2868,collection,2026-09-30,2026-09-29T22:27:33Z,,,"{""contextFile"":""reports/atlas11/context/2026-09-30/2026-09-29T22-27-33Z.json""}",context_flows,2026-09-30,보고값,,,,,false,207940,삼성바이오로직스,"[{""date"":""2026-09-23"",""foreignNet"":-7120,""institutionNet"":-6886,""individualNet"":13835,""foreignHoldRatioPct"":13.22,""unit"":""shares"",""status"":""reported""},{""date"":""2026-09-28"",""foreignNet"":5938,""institutionNet"":877,""individualNet"":-6703,""foreignHoldRatioPct"":13.25,""unit"":""shares"",""status"":""reported""},{""date"":""2026-09-29"",""foreignNet"":-4209,""institutionNet"":-694,""individualNet"":4850,""foreignHoldRatioPct"":13.24,""unit"":""shares"",""status"":""reported""}]",[],https://m.stock.naver.com/api/stock/207940/trend?pageSize=10&page=1,0875dbcc8f765791be05babb20be232ca0fe42b3694d822e1e1ad1569187006a,,,,,,,,,,
collection-3991e8ce8f92b5c0,collection,2026-09-30,2026-09-29T22:27:33Z,,,"{""contextFile"":""reports/atlas11/context/2026-09-30/2026-09-29T22-27-33Z.json""}",context_flows,2026-09-30,보고값,,,,,false,214370,케어젠,"[{""date"":""2026-09-23"",""foreignNet"":8862,""institutionNet"":-2230,""individualNet"":-8368,""foreignHoldRatioPct"":4.68,""unit"":""shares"",""status"":""reported""},{""date"":""2026-09-28"",""foreignNet"":-4559,""institutionNet"":-9360,""individualNet"":13910,""foreignHoldRatioPct"":4.67,""unit"":""shares"",""status"":""reported""},{""date"":""2026-09-29"",""foreignNet"":6964,""institutionNet"":-709,""individualNet"":-6107,""foreignHoldRatioPct"":4.68,""unit"":""shares"",""status"":""reported""}]",[],https://m.stock.naver.com/api/stock/214370/trend?pageSize=10&page=1,1caff5e1cecf351627519db0ab1d4b4591d9a41bc10de3372fb150429abafdfa,,,,,,,,,,
collection-c1034ab204f0e577,collection,2026-09-30,2026-09-29T22:27:33Z,,,"{""contextFile"":""reports/atlas11/context/2026-09-30/2026-09-29T22-27-33Z.json""}",context_flows,2026-09-30,보고값,,,,,false,226950,올릭스,"[{""date"":""2026-09-23"",""foreignNet"":22802,""institutionNet"":-44898,""individualNet"":21817,""foreignHoldRatioPct"":10.11,""unit"":""shares"",""status"":""reported""},{""date"":""2026-09-28"",""foreignNet"":-35775,""institutionNet"":56108,""individualNet"":-20878,""foreignHoldRatioPct"":10,""unit"":""shares"",""status"":""reported""},{""date"":""2026-09-29"",""foreignNet"":-8570,""institutionNet"":-6531,""individualNet"":17053,""foreignHoldRatioPct"":9.97,""unit"":""shares"",""status"":""reported""}]",[],https://m.stock.naver.com/api/stock/226950/trend?pageSize=10&page=1,40fff1e771ad2c48f1bcd5c0cfcd29e533f13f04a9b9386b6bb38e8a70c2a1fa,,,,,,,,,,
collection-604217daf9aba918,collection,2026-09-30,2026-09-29T22:27:33Z,,,"{""contextFile"":""reports/atlas11/context/2026-09-30/2026-09-29T22-27-33Z.json""}",context_flows,2026-09-30,보고값,,,,,false,257720,실리콘투,"[{""date"":""2026-09-23"",""foreignNet"":97066,""institutionNet"":-234005,""individualNet"":141550,""foreignHoldRatioPct"":12.52,""unit"":""shares"",""status"":""reported""},{""date"":""2026-09-28"",""foreignNet"":-8383,""institutionNet"":-148841,""individualNet"":160722,""foreignHoldRatioPct"":12.45,""unit"":""shares"",""status"":""reported""},{""date"":""2026-09-29"",""foreignNet"":-147614,""institutionNet"":122672,""individualNet"":37160,""foreignHoldRatioPct"":12.23,""unit"":""shares"",""status"":""reported""}]",[],https://m.stock.naver.com/api/stock/257720/trend?pageSize=10&page=1,06b46b6d1a0071db7baf7f6c5f72face94a1697bf87dbdec95e15294b8af5940,,,,,,,,,,
collection-3e51f2a420131676,collection,2026-09-30,2026-09-29T22:27:33Z,,,"{""contextFile"":""reports/atlas11/context/2026-09-30/2026-09-29T22-27-33Z.json""}",context_flows,2026-09-30,보고값,,,,,false,259960,크래프톤,"[{""date"":""2026-09-23"",""foreignNet"":-14215,""institutionNet"":-1386,""individualNet"":15506,""foreignHoldRatioPct"":43.33,""unit"":""shares"",""status"":""reported""},{""date"":""2026-09-28"",""foreignNet"":8772,""institutionNet"":3076,""individualNet"":-11705,""foreignHoldRatioPct"":43.35,""unit"":""shares"",""status"":""reported""},{""date"":""2026-09-29"",""foreignNet"":6340,""institutionNet"":-17567,""individualNet"":10698,""foreignHoldRatioPct"":43.37,""unit"":""shares"",""status"":""reported""}]",[],https://m.stock.naver.com/api/stock/259960/trend?pageSize=10&page=1,251dd5c1e94d67636961019b4ac0ac0ec6c772a7b91e4ee7c93a5a8c0ad34351,,,,,,,,,,
collection-a6af97d22518d71d,collection,2026-09-30,2026-09-29T22:27:33Z,,,"{""contextFile"":""reports/atlas11/context/2026-09-30/2026-09-29T22-27-33Z.json""}",context_flows,2026-09-30,보고값,,,,,false,278470,에이피알,"[{""date"":""2026-09-23"",""foreignNet"":18534,""institutionNet"":13870,""individualNet"":-29866,""foreignHoldRatioPct"":38.2,""unit"":""shares"",""status"":""reported""},{""date"":""2026-09-28"",""foreignNet"":-12365,""institutionNet"":13442,""individualNet"":-1808,""foreignHoldRatioPct"":38.18,""unit"":""shares"",""status"":""reported""},{""date"":""2026-09-29"",""foreignNet"":7166,""institutionNet"":-18747,""individualNet"":11248,""foreignHoldRatioPct"":38.2,""unit"":""shares"",""status"":""reported""}]",[],https://m.stock.naver.com/api/stock/278470/trend?pageSize=10&page=1,d1dc132c036336ae1a43ddc900a1c0438d28128512c1fc685ced7554f91d2cd8,,,,,,,,,,
collection-7897f7a8fc9e05b5,collection,2026-09-30,2026-09-29T22:27:33Z,,,"{""contextFile"":""reports/atlas11/context/2026-09-30/2026-09-29T22-27-33Z.json""}",context_flows,2026-09-30,보고값,,,,,false,329180,HD현대중공업,"[{""date"":""2026-09-23"",""foreignNet"":3036,""institutionNet"":-56056,""individualNet"":55317,""foreignHoldRatioPct"":13.72,""unit"":""shares"",""status"":""reported""},{""date"":""2026-09-28"",""foreignNet"":1882,""institutionNet"":2096,""individualNet"":-4633,""foreignHoldRatioPct"":13.72,""unit"":""shares"",""status"":""reported""},{""date"":""2026-09-29"",""foreignNet"":28130,""institutionNet"":-69479,""individualNet"":40868,""foreignHoldRatioPct"":13.75,""unit"":""shares"",""status"":""reported""}]",[],https://m.stock.naver.com/api/stock/329180/trend?pageSize=10&page=1,d20f7763e4721cbb4c77d3c4ae5cabb3e442a01ac8533cdbbd253c989267e94c,,,,,,,,,,
collection-de705fbbd56bbf63,collection,2026-09-30,2026-09-29T22:27:33Z,,,"{""contextFile"":""reports/atlas11/context/2026-09-30/2026-09-29T22-27-33Z.json""}",context_flows,2026-09-30,보고값,,,,,false,352820,하이브,"[{""date"":""2026-09-23"",""foreignNet"":20105,""institutionNet"":-32856,""individualNet"":14854,""foreignHoldRatioPct"":17.98,""unit"":""shares"",""status"":""reported""},{""date"":""2026-09-28"",""foreignNet"":43401,""institutionNet"":21068,""individualNet"":-64143,""foreignHoldRatioPct"":18.16,""unit"":""shares"",""status"":""reported""},{""date"":""2026-09-29"",""foreignNet"":-34942,""institutionNet"":-11413,""individualNet"":46080,""foreignHoldRatioPct"":18.07,""unit"":""shares"",""status"":""reported""}]",[],https://m.stock.naver.com/api/stock/352820/trend?pageSize=10&page=1,d4728a2905e41996be289917f13a2904fc7f5e6341a4d92d0c2a0197012fd7dc,,,,,,,,,,
collection-e54a645ffb3e4ce5,collection,2026-09-30,2026-09-29T22:27:33Z,,,"{""contextFile"":""reports/atlas11/context/2026-09-30/2026-09-29T22-27-33Z.json""}",context_flows,2026-09-30,보고값,,,,,false,373220,LG에너지솔루션,"[{""date"":""2026-09-23"",""foreignNet"":8538,""institutionNet"":10657,""individualNet"":-3339,""foreignHoldRatioPct"":5.57,""unit"":""shares"",""status"":""reported""},{""date"":""2026-09-28"",""foreignNet"":67811,""institutionNet"":59943,""individualNet"":-122379,""foreignHoldRatioPct"":5.63,""unit"":""shares"",""status"":""reported""},{""date"":""2026-09-29"",""foreignNet"":-46140,""institutionNet"":-21187,""individualNet"":66662,""foreignHoldRatioPct"":5.61,""unit"":""shares"",""status"":""reported""}]",[],https://m.stock.naver.com/api/stock/373220/trend?pageSize=10&page=1,553f875f30d95115d76a8d54aff1272d18afaac194db74b31cf24fc1661326f5,,,,,,,,,,
collection-c4c756ce0e4123f4,collection,2026-09-30,2026-09-29T22:27:33Z,,,"{""contextFile"":""reports/atlas11/context/2026-09-30/2026-09-29T22-27-33Z.json""}",context_news,2026-09-30,새 기사,,,,,false,000720,현대건설,,,https://m.stock.naver.com/api/news/stock/000720?pageSize=20&page=1,1cd42b1053bd0d8da92a6e79017511599d4fa8574fcdeca5c8d282a45927c62a,"[{""id"":""011-0004666287"",""office"":""서울경제"",""publishedAt"":""2026-09-29T10:01:00+09:00"",""title"":""美 국채금리 5.2% 넘자 한국도 직격탄…국고채 3년 4.119%"",""url"":""https://n.news.naver.com/mnews/article/011/0004666287"",""duplicateOf"":null,""mentionsName"":false},{""id"":""016-0002703102"",""office"":""헤럴드경제"",""publishedAt"":""2026-09-29T11:29:00+09:00"",""title"":""목동 14개 재건축 ‘왕좌의 게임’…새 대장 가를 5대 승부처 [헤럴딥..."",""url"":""https://n.news.naver.com/mnews/article/016/0002703102"",""duplicateOf"":null,""mentionsName"":false},{""id"":""014-0005582231"",""office"":""파이낸셜뉴스"",""publishedAt"":""2026-09-29T13:43:00+09:00"",""title"":""건설주, 하루 만에 급락 전환…AI 기대감에도 증시 하락에 '휘청'[종목..."",""url"":""https://n.news.naver.com/mnews/article/014/0005582231"",""duplicateOf"":null,""mentionsName"":false},{""id"":""022-0004162637"",""office"":""세계일보"",""publishedAt"":""2026-09-29T14:15:00+09:00"",""title"":""욕실 벽체부터 SMR까지…이해욱 회장의 DL그룹, 협력사 기술 현장·상..."",""url"":""https://n.news.naver.com/mnews/article/022/0004162637"",""duplicateOf"":null,""mentionsName"":false},{""id"":""001-0016343756"",""office"":""연합뉴스"",""publishedAt"":""2026-09-29T14:40:00+09:00"",""title"":""군포10구역 철거 돌입…원도심 1만8천가구 재개발 시동"",""url"":""https://n.news.naver.com/mnews/article/001/0016343756"",""duplicateOf"":null,""mentionsName"":false},{""id"":""374-0000535344"",""office"":""SBS Biz"",""publishedAt"":""2026-09-29T14:46:00+09:00"",""title"":""경기 군포 10구역 철거 돌입…원도심 1만8천가구 재개발 시동"",""url"":""https://n.news.naver.com/mnews/article/374/0000535344"",""duplicateOf"":null,""mentionsName"":false},{""id"":""005-0001875651"",""office"":""국민일보"",""publishedAt"":""2026-09-29T15:35:00+09:00"",""title"":""대우건설, 용인 반도체 산단 ‘삼전 펩’ 1공구 낙찰…연내 착공"",""url"":""https://n.news.naver.com/mnews/article/005/0001875651"",""duplicateOf"":null,""mentionsName"":false},{""id"":""009-0005741368"",""office"":""매일경제"",""publishedAt"":""2026-09-29T15:35:00+09:00"",""title"":""“대학 몰린 곳, 집값도 올랐다”…배후수요 품은 대학교 인근 아파트..."",""url"":""https://n.news.naver.com/mnews/article/009/0005741368"",""duplicateOf"":null,""mentionsName"":false},{""id"":""421-0009198652"",""office"":""뉴스1"",""publishedAt"":""2026-09-29T16:30:00+09:00"",""title"":""AI·원전 기대 하루 만에 '되돌림'…대우건설 7%·현대건설 6%↓[핫종목..."",""url"":""https://n.news.naver.com/mnews/article/421/0009198652"",""duplicateOf"":null,""mentionsName"":true},{""id"":""018-0006377172"",""office"":""이데일리"",""publishedAt"":""2026-09-29T16:46:00+09:00"",""title"":""건설사 CEO 국감 증인석 또 서나…현대·포스코 등 소환 촉각"",""url"":""https://n.news.naver.com/mnews/article/018/0006377172"",""duplicateOf"":null,""mentionsName"":false},{""id"":""015-0005337227"",""office"":""한국경제"",""publishedAt"":""2026-09-29T17:13:00+09:00"",""title"":""&quot;외국인에 세제혜택&quot;…'1조' 울산 뉴온시티 집코노미서 분양"",""url"":""https://n.news.naver.com/mnews/article/015/0005337227"",""duplicateOf"":null,""mentionsName"":false},{""id"":""079-0004193971"",""office"":""노컷뉴스"",""publishedAt"":""2026-09-29T17:26:00+09:00"",""title"":""현대건설 고덕국제신도시 '힐스테이트 고덕엘리스트' 분양일정 돌입"",""url"":""https://n.news.naver.com/mnews/article/079/0004193971"",""duplicateOf"":null,""mentionsName"":true},{""id"":""241-0003532977"",""office"":""일간스포츠"",""publishedAt"":""2026-09-29T17:52:00+09:00"",""title"":""분양가상한제와 반도체 배후수요의 결합… 현대건설, 평택 고덕에 대..."",""url"":""https://n.news.naver.com/mnews/article/241/0003532977"",""duplicateOf"":null,""mentionsName"":true},{""id"":""586-0000139098"",""office"":""시사저널"",""publishedAt"":""2026-09-29T17:55:00+09:00"",""title"":""철근 누락에 사망사고까지…현대·포스코·SK 국감 소환되나"",""url"":""https://n.news.naver.com/mnews/article/586/0000139098"",""duplicateOf"":null,""mentionsName"":false},{""id"":""022-0004162731"",""office"":""세계일보"",""publishedAt"":""2026-09-29T18:05:00+09:00"",""title"":""사망사고 내고도 반복 입찰... 중대재해업체, 도로공사 공사 추가 수주"",""url"":""https://n.news.naver.com/mnews/article/022/0004162731"",""duplicateOf"":null,""mentionsName"":false},{""id"":""011-0004666546"",""office"":""서울경제"",""publishedAt"":""2026-09-29T18:20:00+09:00"",""title"":""건설사 ‘컨소시엄’ 구성에…조합들 “단독 입찰하라”"",""url"":""https://n.news.naver.com/mnews/article/011/0004666546"",""duplicateOf"":null,""mentionsName"":false},{""id"":""001-0016344998"",""office"":""연합뉴스"",""publishedAt"":""2026-09-29T19:30:00+09:00"",""title"":""한국-리비아 경제협력포럼…기업 중동 진출·건설수주 지원"",""url"":""https://n.news.naver.com/mnews/article/001/0016344998"",""duplicateOf"":null,""mentionsName"":false},{""id"":""001-0016345110"",""office"":""연합뉴스"",""publishedAt"":""2026-09-29T22:08:00+09:00"",""title"":""서초구 건설 현장서 천장 무너져 30대 외국인 숨져…당국 조사"",""url"":""https://n.news.naver.com/mnews/article/001/0016345110"",""duplicateOf"":null,""mentionsName"":false},{""id"":""629-0000537877"",""office"":""더팩트"",""publishedAt"":""2026-09-30T00:00:00+09:00"",""title"":""첫 삽 뜨는 한남뉴타운…한강변 1만3000가구 본격화"",""url"":""https://n.news.naver.com/mnews/article/629/0000537877"",""duplicateOf"":null,""mentionsName"":false},{""id"":""417-0001159584"",""office"":""동행미디어 시대"",""publishedAt"":""2026-09-30T05:30:00+09:00"",""title"":""올해 6.5조 공사비 도미노 인상…건설현장 '원가 전쟁'"",""url"":""https://n.news.naver.com/mnews/article/417/0001159584"",""duplicateOf"":null,""mentionsName"":false}]",20,0,,,,,,,
collection-1cf8903cffec89ac,collection,2026-09-30,2026-09-29T22:27:33Z,,,"{""contextFile"":""reports/atlas11/context/2026-09-30/2026-09-29T22-27-33Z.json""}",context_news,2026-09-30,새 기사,,,,,false,000810,삼성화재,,,https://m.stock.naver.com/api/news/stock/000810?pageSize=20&page=1,a7b1d27d15fa06bc947c6892b83d169b6b664068e5b5be8de9f2fdedab2d5d88,"[{""id"":""011-0004666186"",""office"":""서울경제"",""publishedAt"":""2026-09-29T06:11:00+09:00"",""title"":""내년 보험료 최대 10% 뛴다…평균공시이율 4년 만에 최저"",""url"":""https://n.news.naver.com/mnews/article/011/0004666186"",""duplicateOf"":null,""mentionsName"":false},{""id"":""215-0001267487"",""office"":""한국경제TV"",""publishedAt"":""2026-09-29T08:30:00+09:00"",""title"":""삼성 6개사, AI 인프라기업 '헬릭스'에 1.3조원 투자"",""url"":""https://n.news.naver.com/mnews/article/215/0001267487"",""duplicateOf"":null,""mentionsName"":false},{""id"":""021-0002821777"",""office"":""문화일보"",""publishedAt"":""2026-09-29T09:12:00+09:00"",""title"":""[속보]삼성 6개사, 美 AI 인프라 기업 ‘헬릭스’에 10억 달러 투자"",""url"":""https://n.news.naver.com/mnews/article/021/0002821777"",""duplicateOf"":null,""mentionsName"":false},{""id"":""011-0004666280"",""office"":""서울경제"",""publishedAt"":""2026-09-29T10:01:00+09:00"",""title"":""상임위 바뀌고 컨트롤타워 빠지고…메가특구법 표류"",""url"":""https://n.news.naver.com/mnews/article/011/0004666280"",""duplicateOf"":null,""mentionsName"":false},{""id"":""079-0004193669"",""office"":""노컷뉴스"",""publishedAt"":""2026-09-29T10:18:00+09:00"",""title"":""삼성 6개사, 美 AI인프라 '헬릭스'에 1조원 넘게 투자"",""url"":""https://n.news.naver.com/mnews/article/079/0004193669"",""duplicateOf"":null,""mentionsName"":false},{""id"":""020-0003751329"",""office"":""동아일보"",""publishedAt"":""2026-09-29T11:26:00+09:00"",""title"":""삼성 6개사, 美 AI 인프라기업 ‘헬릭스’에 1.3조원 투자"",""url"":""https://n.news.naver.com/mnews/article/020/0003751329"",""duplicateOf"":null,""mentionsName"":false},{""id"":""374-0000535286"",""office"":""SBS Biz"",""publishedAt"":""2026-09-29T11:49:00+09:00"",""title"":""주담대 금리 깎아준다…보험사 이어 인뱅까지 참전"",""url"":""https://n.news.naver.com/mnews/article/374/0000535286"",""duplicateOf"":null,""mentionsName"":false},{""id"":""421-0009197584"",""office"":""뉴스1"",""publishedAt"":""2026-09-29T12:07:00+09:00"",""title"":""삼성, AI 기판·인프라에 8조 베팅…이재용 '투자 시계' 빨라진다"",""url"":""https://n.news.naver.com/mnews/article/421/0009197584"",""duplicateOf"":null,""mentionsName"":false},{""id"":""023-0004001010"",""office"":""조선일보"",""publishedAt"":""2026-09-29T13:56:00+09:00"",""title"":""삼성 6사, 美 AI 인프라 기업에 10억 달러 투자...데이터센터 사업 협..."",""url"":""https://n.news.naver.com/mnews/article/023/0004001010"",""duplicateOf"":null,""mentionsName"":false},{""id"":""448-0000642038"",""office"":""TV조선"",""publishedAt"":""2026-09-29T14:02:00+09:00"",""title"":""삼성 6개사, 美 AI 인프라 기업 헬릭스에 10억 달러 투자"",""url"":""https://n.news.naver.com/mnews/article/448/0000642038"",""duplicateOf"":""021-0002821777"",""mentionsName"":false},{""id"":""030-0003470733"",""office"":""전자신문"",""publishedAt"":""2026-09-29T14:20:00+09:00"",""title"":""삼성, AI 데이터센터 '판' 짠다…美 AI인프라 기업에 1.4조 투자"",""url"":""https://n.news.naver.com/mnews/article/030/0003470733"",""duplicateOf"":null,""mentionsName"":false},{""id"":""029-0003050445"",""office"":""디지털타임스"",""publishedAt"":""2026-09-29T14:43:00+09:00"",""title"":""외형의 삼성 vs 주주환원의 메리츠… 올해 손보업계 ‘진짜 1위’는?"",""url"":""https://n.news.naver.com/mnews/article/029/0003050445"",""duplicateOf"":null,""mentionsName"":false},{""id"":""028-0002825121"",""office"":""한겨레"",""publishedAt"":""2026-09-29T14:48:00+09:00"",""title"":""삼성, 미 AI 인프라기업에 1조3천억 투자…데이터센터 판 노린다"",""url"":""https://n.news.naver.com/mnews/article/028/0002825121"",""duplicateOf"":null,""mentionsName"":false},{""id"":""008-0005419809"",""office"":""머니투데이"",""publishedAt"":""2026-09-29T16:50:00+09:00"",""title"":""삼성은 반도체만?..계열사 총동원 AI 시대 '인프라' 잡는다"",""url"":""https://n.news.naver.com/mnews/article/008/0005419809"",""duplicateOf"":null,""mentionsName"":false},{""id"":""014-0005582569"",""office"":""파이낸셜뉴스"",""publishedAt"":""2026-09-29T18:33:00+09:00"",""title"":""AI 생태계 확장하는 삼성…美 헬릭스에 10억弗 투자"",""url"":""https://n.news.naver.com/mnews/article/014/0005582569"",""duplicateOf"":null,""mentionsName"":false},{""id"":""020-0003751531"",""office"":""동아일보"",""publishedAt"":""2026-09-30T04:33:00+09:00"",""title"":""고객 목소리 듣고 계속 고쳤다… 車보험 만족도 29년째 1위"",""url"":""https://n.news.naver.com/mnews/article/020/0003751531"",""duplicateOf"":null,""mentionsName"":false},{""id"":""020-0003751590"",""office"":""동아일보"",""publishedAt"":""2026-09-30T04:35:00+09:00"",""title"":""현대차 33회-에버랜드 32회 1위… 삼성전자 10개 산업 석권"",""url"":""https://n.news.naver.com/mnews/article/020/0003751590"",""duplicateOf"":null,""mentionsName"":false},{""id"":""081-0003684609"",""office"":""서울신문"",""publishedAt"":""2026-09-30T05:05:00+09:00"",""title"":""삼성 ‘헬릭스’에 10억 달러 투자… AI 생태계 주도한다"",""url"":""https://n.news.naver.com/mnews/article/081/0003684609"",""duplicateOf"":null,""mentionsName"":false},{""id"":""032-0003473277"",""office"":""경향신문"",""publishedAt"":""2026-09-30T06:00:00+09:00"",""title"":""보험만은 여전히 ‘이모·삼촌’ 영업, 디지털 판매 어려운 이유[경제..."",""url"":""https://n.news.naver.com/mnews/article/032/0003473277"",""duplicateOf"":null,""mentionsName"":false},{""id"":""421-0009199329"",""office"":""뉴스1"",""publishedAt"":""2026-09-30T06:20:00+09:00"",""title"":""같은 범퍼인데 '고무줄' 수리비…과잉수리가 車보험료 올린다"",""url"":""https://n.news.naver.com/mnews/article/421/0009199329"",""duplicateOf"":null,""mentionsName"":false}]",19,1,,,,,,,
collection-df8c5210647cc759,collection,2026-09-30,2026-09-29T22:27:33Z,,,"{""contextFile"":""reports/atlas11/context/2026-09-30/2026-09-29T22-27-33Z.json""}",context_news,2026-09-30,새 기사,,,,,false,002380,KCC,,,https://m.stock.naver.com/api/news/stock/002380?pageSize=20&page=1,fe8c610e1ab3cdcb6dadc7d64616a911b5ae9dc453640fbac3729b6aa40cdab6,"[{""id"":""421-0009159656"",""office"":""뉴스1"",""publishedAt"":""2026-09-09T10:29:00+09:00"",""title"":""&quot;20년 파고든 반도체 봉지재&quot;…KCC 김태윤 책임, 국무총리 표창"",""url"":""https://n.news.naver.com/mnews/article/421/0009159656"",""duplicateOf"":null,""mentionsName"":true},{""id"":""011-0004661330"",""office"":""서울경제"",""publishedAt"":""2026-09-13T18:06:00+09:00"",""title"":""실리콘 반등 청신호 확인…KCC, 판로·설비투자 확대"",""url"":""https://n.news.naver.com/mnews/article/011/0004661330"",""duplicateOf"":null,""mentionsName"":true},{""id"":""243-0000103047"",""office"":""이코노미스트"",""publishedAt"":""2026-09-14T13:47:00+09:00"",""title"":""KCC글라스, 인테리어·유통 비중 49.2%로 확대…OCA·유리기판 신사업..."",""url"":""https://n.news.naver.com/mnews/article/243/0000103047"",""duplicateOf"":null,""mentionsName"":true},{""id"":""028-0002823011"",""office"":""한겨레"",""publishedAt"":""2026-09-14T16:58:00+09:00"",""title"":""대산산단 전기료 6~10% 낮출 수 있을까…LNG 발전소 본격 가동"",""url"":""https://n.news.naver.com/mnews/article/028/0002823011"",""duplicateOf"":null,""mentionsName"":false},{""id"":""293-0000090478"",""office"":""블로터"",""publishedAt"":""2026-09-15T13:34:00+09:00"",""title"":""[오너 자본방정식] 정기선, HD현대 지분 9.6% 승계 본궤도...배당도 늘..."",""url"":""https://n.news.naver.com/mnews/article/293/0000090478"",""duplicateOf"":null,""mentionsName"":false},{""id"":""014-0005576237"",""office"":""파이낸셜뉴스"",""publishedAt"":""2026-09-15T18:08:00+09:00"",""title"":""&quot;새집 대신 헌집&quot; 눈 돌린 건자재업계… 리모델링 시장 정조준"",""url"":""https://n.news.naver.com/mnews/article/014/0005576237"",""duplicateOf"":null,""mentionsName"":false},{""id"":""011-0004663768"",""office"":""서울경제"",""publishedAt"":""2026-09-20T18:01:00+09:00"",""title"":""정전에도 대피로 보인다…KCC ‘주차장 안전 재도장’ 전국 확대"",""url"":""https://n.news.naver.com/mnews/article/011/0004663768"",""duplicateOf"":null,""mentionsName"":true},{""id"":""310-0000140171"",""office"":""여성신문"",""publishedAt"":""2026-09-21T12:08:00+09:00"",""title"":""KCC, 한국웰니스지수 창호재 부문 7년 연속 1위… 고객 감사 이벤트"",""url"":""https://n.news.naver.com/mnews/article/310/0000140171"",""duplicateOf"":null,""mentionsName"":true},{""id"":""293-0000090742"",""office"":""블로터"",""publishedAt"":""2026-09-21T15:13:00+09:00"",""title"":""[SK 인사 시그널]⑤ 디스커버리 계열분리·경영승계…최창원에 남은 ..."",""url"":""https://n.news.naver.com/mnews/article/293/0000090742"",""duplicateOf"":null,""mentionsName"":false},{""id"":""009-0005738690"",""office"":""매일경제"",""publishedAt"":""2026-09-22T08:54:00+09:00"",""title"":""NH투자증권 “KCC, 실리콘 사업 실적 개선…주주환원 확대도 긍정적”"",""url"":""https://n.news.naver.com/mnews/article/009/0005738690"",""duplicateOf"":null,""mentionsName"":true},{""id"":""030-0003469157"",""office"":""전자신문"",""publishedAt"":""2026-09-22T08:57:00+09:00"",""title"":""KCC, 창호재 웰니스지수 7년 연속 1위…연말까지 고객 감사 이벤트"",""url"":""https://n.news.naver.com/mnews/article/030/0003469157"",""duplicateOf"":null,""mentionsName"":true},{""id"":""648-0000051023"",""office"":""비즈워치"",""publishedAt"":""2026-09-23T09:22:00+09:00"",""title"":""삼성전자 배당의 거대한 '낙수효과'...코스피 배당도 최대 60% 증가"",""url"":""https://n.news.naver.com/mnews/article/648/0000051023"",""duplicateOf"":null,""mentionsName"":false},{""id"":""215-0001267080"",""office"":""한국경제TV"",""publishedAt"":""2026-09-23T23:57:00+09:00"",""title"":""&quot;1000주 사면 무려&quot;…28일까지 사야 '막차 탄다' 개미들 놀랄 전망"",""url"":""https://n.news.naver.com/mnews/article/215/0001267080"",""duplicateOf"":null,""mentionsName"":false},{""id"":""014-0005580595"",""office"":""파이낸셜뉴스"",""publishedAt"":""2026-09-24T08:31:00+09:00"",""title"":""&quot;바닥 다졌나&quot;...건자재·시멘트株, 주택·인프라 투자에 내년 반등 기..."",""url"":""https://n.news.naver.com/mnews/article/014/0005580595"",""duplicateOf"":null,""mentionsName"":false},{""id"":""016-0002701609"",""office"":""헤럴드경제"",""publishedAt"":""2026-09-24T09:40:00+09:00"",""title"":""‘전례 없는 축제’ 삼성전자 배당 온기 어디까지 퍼질까 [투자360]"",""url"":""https://n.news.naver.com/mnews/article/016/0002701609"",""duplicateOf"":null,""mentionsName"":false},{""id"":""022-0004162027"",""office"":""세계일보"",""publishedAt"":""2026-09-27T10:12:00+09:00"",""title"":""110조원 삼성전자 주주환원… 배당확대 수혜는 삼성물산→KCC까지"",""url"":""https://n.news.naver.com/mnews/article/022/0004162027"",""duplicateOf"":null,""mentionsName"":true},{""id"":""468-0001269221"",""office"":""스포츠서울"",""publishedAt"":""2026-09-28T18:50:00+09:00"",""title"":""노현정 아들 ‘벌써 19세’…현대家 4세, HNIX ‘최대주주’ 됐다"",""url"":""https://n.news.naver.com/mnews/article/468/0001269221"",""duplicateOf"":null,""mentionsName"":false},{""id"":""215-0001267527"",""office"":""한국경제TV"",""publishedAt"":""2026-09-29T11:47:00+09:00"",""title"":""'현대家' 노현정·정대선 장남, 19살에 HNIX 최대주주 됐다"",""url"":""https://n.news.naver.com/mnews/article/215/0001267527"",""duplicateOf"":null,""mentionsName"":false},{""id"":""243-0000103642"",""office"":""이코노미스트"",""publishedAt"":""2026-09-29T13:10:00+09:00"",""title"":""'19살 노현정 아들' 766억 최대 주주 등극…HNIX 지분 39.74% 보유"",""url"":""https://n.news.naver.com/mnews/article/243/0000103642"",""duplicateOf"":null,""mentionsName"":false},{""id"":""025-0003554498"",""office"":""중앙일보"",""publishedAt"":""2026-09-29T15:10:00+09:00"",""title"":""KCC, 불연 그라스울 적용 확대…샌드위치패널·배관 보온재까지"",""url"":""https://n.news.naver.com/mnews/article/025/0003554498"",""duplicateOf"":null,""mentionsName"":true}]",20,0,,,,,,,
collection-2fdcdaf2a8dec0cd,collection,2026-09-30,2026-09-29T22:27:33Z,,,"{""contextFile"":""reports/atlas11/context/2026-09-30/2026-09-29T22-27-33Z.json""}",context_news,2026-09-30,새 기사,,,,,false,003230,삼양식품,,,https://m.stock.naver.com/api/news/stock/003230?pageSize=20&page=1,4aa0433429dee5d56e14f8c196042aefa8dee494c13f9c3f69ee5fc45c1751b9,"[{""id"":""011-0004664990"",""office"":""서울경제"",""publishedAt"":""2026-09-23T15:27:00+09:00"",""title"":""불닭 맥앤치즈…K소스에 빠진 북미"",""url"":""https://n.news.naver.com/mnews/article/011/0004664990"",""duplicateOf"":null,""mentionsName"":false},{""id"":""037-0000038882"",""office"":""주간동아"",""publishedAt"":""2026-09-23T17:21:00+09:00"",""title"":""외국인, ‘30조 배당 예고’ 삼성전자 2.9조 순매수"",""url"":""https://n.news.naver.com/mnews/article/037/0000038882"",""duplicateOf"":null,""mentionsName"":false},{""id"":""022-0004161512"",""office"":""세계일보"",""publishedAt"":""2026-09-24T06:27:00+09:00"",""title"":""100년 장어·우지라면·BTS 진까지…추석 선물 공식 깨졌다"",""url"":""https://n.news.naver.com/mnews/article/022/0004161512"",""duplicateOf"":null,""mentionsName"":false},{""id"":""011-0004665121"",""office"":""서울경제"",""publishedAt"":""2026-09-24T06:31:00+09:00"",""title"":""“한식당 안 가도 김치에 고추장 먹는다”…해외 식탁 파고든 ‘한국..."",""url"":""https://n.news.naver.com/mnews/article/011/0004665121"",""duplicateOf"":null,""mentionsName"":false},{""id"":""001-0016335534"",""office"":""연합뉴스"",""publishedAt"":""2026-09-25T08:00:00+09:00"",""title"":""[4만달러 눈 앞] ② 신발·가발 팔던 최빈국에서 대체불가 반도체·문..."",""url"":""https://n.news.naver.com/mnews/article/001/0016335534"",""duplicateOf"":null,""mentionsName"":false},{""id"":""015-0005335991"",""office"":""한국경제"",""publishedAt"":""2026-09-25T08:01:00+09:00"",""title"":""물 대신 단백질·에너지젤…식품업계 ‘러닝족’ 잡기 경쟁 [권용훈의..."",""url"":""https://n.news.naver.com/mnews/article/015/0005335991"",""duplicateOf"":null,""mentionsName"":false},{""id"":""008-0005418320"",""office"":""머니투데이"",""publishedAt"":""2026-09-25T10:30:00+09:00"",""title"":""잘나가던 불닭·K뷰티 환율에 울상…그래도 사라는 증권가"",""url"":""https://n.news.naver.com/mnews/article/008/0005418320"",""duplicateOf"":null,""mentionsName"":false},{""id"":""016-0002701853"",""office"":""헤럴드경제"",""publishedAt"":""2026-09-25T14:41:00+09:00"",""title"":""외국인들, 먹고 마시는 주식만은 쓸어담았다…그렇게 K푸드가 대단해..."",""url"":""https://n.news.naver.com/mnews/article/016/0002701853"",""duplicateOf"":null,""mentionsName"":false},{""id"":""243-0000103544"",""office"":""이코노미스트"",""publishedAt"":""2026-09-26T09:30:00+09:00"",""title"":""[단독]법인카드 오남용 해직에도, 지노위 &quot;부당해고&quot; 판정"",""url"":""https://n.news.naver.com/mnews/article/243/0000103544"",""duplicateOf"":null,""mentionsName"":false},{""id"":""015-0005336153"",""office"":""한국경제"",""publishedAt"":""2026-09-26T15:00:00+09:00"",""title"":""&quot;한국이란 나라는 몰라도…&quot; 네덜란드 마트 싹쓸이한 '이것' [현장+]"",""url"":""https://n.news.naver.com/mnews/article/015/0005336153"",""duplicateOf"":null,""mentionsName"":false},{""id"":""014-0005581217"",""office"":""파이낸셜뉴스"",""publishedAt"":""2026-09-27T17:58:00+09:00"",""title"":""美·中 넘어 유럽 입맛까지 잡은 K푸드… 수출 ‘역대 최대’"",""url"":""https://n.news.naver.com/mnews/article/014/0005581217"",""duplicateOf"":null,""mentionsName"":false},{""id"":""056-0012263968"",""office"":""KBS"",""publishedAt"":""2026-09-28T08:10:00+09:00"",""title"":""밀양 나노국가산단 분양률 50% 넘어…“전략산업 육성”"",""url"":""https://n.news.naver.com/mnews/article/056/0012263968"",""duplicateOf"":null,""mentionsName"":false},{""id"":""031-0001061558"",""office"":""아이뉴스24"",""publishedAt"":""2026-09-28T14:01:00+09:00"",""title"":""K푸드 '짝퉁과의 전쟁'…수출 늘자 '보호비용'도 눈덩이"",""url"":""https://n.news.naver.com/mnews/article/031/0001061558"",""duplicateOf"":null,""mentionsName"":false},{""id"":""366-0001194779"",""office"":""조선비즈"",""publishedAt"":""2026-09-28T15:04:00+09:00"",""title"":""내수 공장 줄이고 수출 공장 증설… ‘선택과 집중’ 나선 식품업계"",""url"":""https://n.news.naver.com/mnews/article/366/0001194779"",""duplicateOf"":null,""mentionsName"":false},{""id"":""421-0009196627"",""office"":""뉴스1"",""publishedAt"":""2026-09-29T06:45:00+09:00"",""title"":""&quot;불닭·신라면 들고 파리로&quot;…K-푸드 기업들, 유럽 바이어 잡는다"",""url"":""https://n.news.naver.com/mnews/article/421/0009196627"",""duplicateOf"":null,""mentionsName"":false},{""id"":""008-0005419421"",""office"":""머니투데이"",""publishedAt"":""2026-09-29T09:00:00+09:00"",""title"":""&quot;이젠 이커머스가 광고 플랫폼…아마존서 '1등 도우미' 되겠다&quot;"",""url"":""https://n.news.naver.com/mnews/article/008/0005419421"",""duplicateOf"":null,""mentionsName"":false},{""id"":""009-0005741306"",""office"":""매일경제"",""publishedAt"":""2026-09-29T14:26:00+09:00"",""title"":""요즘 페포·푸빌라·흰디 알면 쇼핑 더 재밌다?…이유 살펴보니"",""url"":""https://n.news.naver.com/mnews/article/009/0005741306"",""duplicateOf"":null,""mentionsName"":false},{""id"":""003-0014221666"",""office"":""뉴시스"",""publishedAt"":""2026-09-29T16:48:00+09:00"",""title"":""&quot;리센느 뜨니 매출도 회원도 뛴다&quot; 식음료업계 '리센느 효과' 톡톡"",""url"":""https://n.news.naver.com/mnews/article/003/0014221666"",""duplicateOf"":null,""mentionsName"":false},{""id"":""082-0001400379"",""office"":""부산일보"",""publishedAt"":""2026-09-29T17:59:00+09:00"",""title"":""해외 식료품 마트에서 만나는 반가운 우리말"",""url"":""https://n.news.naver.com/mnews/article/082/0001400379"",""duplicateOf"":null,""mentionsName"":false},{""id"":""277-0005822441"",""office"":""아시아경제"",""publishedAt"":""2026-09-30T06:29:00+09:00"",""title"":""글로벌·가격·환율까지 호재…3분기 식품업계 깜짝 실적 기대"",""url"":""https://n.news.naver.com/mnews/article/277/0005822441"",""duplicateOf"":null,""mentionsName"":false}]",20,0,,,,,,,
collection-d18c1faca94db702,collection,2026-09-30,2026-09-29T22:27:33Z,,,"{""contextFile"":""reports/atlas11/context/2026-09-30/2026-09-29T22-27-33Z.json""}",context_news,2026-09-30,새 기사,,,,,false,003490,대한항공,,,https://m.stock.naver.com/api/news/stock/003490?pageSize=20&page=1,e2b0211283b1c86c27604485b4d7c620351ea38df2c8a25d0f24c0fc1df94fa3,"[{""id"":""056-0012264454"",""office"":""KBS"",""publishedAt"":""2026-09-28T21:49:00+09:00"",""title"":""“좌석↓·기름값↑”…부담 커진 광주 국내선 하늘길"",""url"":""https://n.news.naver.com/mnews/article/056/0012264454"",""duplicateOf"":null,""mentionsName"":false},{""id"":""023-0004000877"",""office"":""조선일보"",""publishedAt"":""2026-09-29T00:34:00+09:00"",""title"":""국내 항공사 ‘코르시아’ 대응 분주… 트리니티, 탄소배출권 2만t 사..."",""url"":""https://n.news.naver.com/mnews/article/023/0004000877"",""duplicateOf"":null,""mentionsName"":false},{""id"":""421-0009196546"",""office"":""뉴스1"",""publishedAt"":""2026-09-29T05:20:00+09:00"",""title"":""통합 진에어, '나비포인트·스탬프'도 합친다…국토부 &quot;편의성 점검&quot;"",""url"":""https://n.news.naver.com/mnews/article/421/0009196546"",""duplicateOf"":null,""mentionsName"":false},{""id"":""417-0001159451"",""office"":""동행미디어 시대"",""publishedAt"":""2026-09-29T06:00:00+09:00"",""title"":""대형사 스타링크 무료 와이파이 경쟁, LCC는 속앓이"",""url"":""https://n.news.naver.com/mnews/article/417/0001159451"",""duplicateOf"":null,""mentionsName"":false},{""id"":""011-0004666214"",""office"":""서울경제"",""publishedAt"":""2026-09-29T07:12:00+09:00"",""title"":""박촌역 접근성·공원 입지 두가지 선택지…계양 첫 민간분양 1110가구"",""url"":""https://n.news.naver.com/mnews/article/011/0004666214"",""duplicateOf"":null,""mentionsName"":false},{""id"":""018-0006376728"",""office"":""이데일리"",""publishedAt"":""2026-09-29T07:42:00+09:00"",""title"":""대한항공, 유가 변동성에도 이익 방어력 견조…목표가↑-유안타"",""url"":""https://n.news.naver.com/mnews/article/018/0006376728"",""duplicateOf"":null,""mentionsName"":true},{""id"":""056-0012264741"",""office"":""KBS"",""publishedAt"":""2026-09-29T08:05:00+09:00"",""title"":""“좌석↓·기름값↑”…부담 커진 광주 국내선 하늘길"",""url"":""https://n.news.naver.com/mnews/article/056/0012264741"",""duplicateOf"":""056-0012264454"",""mentionsName"":false},{""id"":""421-0009197013"",""office"":""뉴스1"",""publishedAt"":""2026-09-29T10:00:00+09:00"",""title"":""YBM, 11월 TSC·SJPT 정기시험 추가 시행…연말 채용·인사고과 대비"",""url"":""https://n.news.naver.com/mnews/article/421/0009197013"",""duplicateOf"":null,""mentionsName"":false},{""id"":""011-0004666283"",""office"":""서울경제"",""publishedAt"":""2026-09-29T10:01:00+09:00"",""title"":""이형일 “부동산까지 함께 보자”…신현송 “각자 책무 먼저”"",""url"":""https://n.news.naver.com/mnews/article/011/0004666283"",""duplicateOf"":null,""mentionsName"":false},{""id"":""081-0003684367"",""office"":""서울신문"",""publishedAt"":""2026-09-29T13:56:00+09:00"",""title"":""부산주공 정리매매 첫 날 91% 급락… 코스피 거래상위 종목 희비 엇갈..."",""url"":""https://n.news.naver.com/mnews/article/081/0003684367"",""duplicateOf"":null,""mentionsName"":false},{""id"":""003-0014221131"",""office"":""뉴시스"",""publishedAt"":""2026-09-29T15:02:00+09:00"",""title"":""방한 외국인 증가에…공항서 K-푸드 접점 넓힌다"",""url"":""https://n.news.naver.com/mnews/article/003/0014221131"",""duplicateOf"":null,""mentionsName"":false},{""id"":""001-0016344409"",""office"":""연합뉴스"",""publishedAt"":""2026-09-29T16:11:00+09:00"",""title"":""청주시, 청주공항 정치장 등록 항공사에 11억7천만원 지원"",""url"":""https://n.news.naver.com/mnews/article/001/0016344409"",""duplicateOf"":null,""mentionsName"":false},{""id"":""018-0006377166"",""office"":""이데일리"",""publishedAt"":""2026-09-29T16:37:00+09:00"",""title"":""실적 시즌 '환율'에 울고 웃고…3분기 전망치 희비 갈렸다"",""url"":""https://n.news.naver.com/mnews/article/018/0006377166"",""duplicateOf"":null,""mentionsName"":false},{""id"":""277-0005822356"",""office"":""아시아경제"",""publishedAt"":""2026-09-29T17:38:00+09:00"",""title"":""[클릭 e종목]&quot;대한항공, 유가 변동성에도 이익 견조…목표가↑&quot;"",""url"":""https://n.news.naver.com/mnews/article/277/0005822356"",""duplicateOf"":null,""mentionsName"":true},{""id"":""469-0000956653"",""office"":""한국일보"",""publishedAt"":""2026-09-29T17:48:00+09:00"",""title"":""&quot;삼전·닉스 3분기 실적, 7조·8조 낮다&quot;… 1300원대 환율에 수출기업..."",""url"":""https://n.news.naver.com/mnews/article/469/0000956653"",""duplicateOf"":null,""mentionsName"":false},{""id"":""138-0002243046"",""office"":""디지털데일리"",""publishedAt"":""2026-09-29T17:53:00+09:00"",""title"":""한·인도 방산 공동위 개최…비호복합·K9 협력 논의"",""url"":""https://n.news.naver.com/mnews/article/138/0002243046"",""duplicateOf"":null,""mentionsName"":false},{""id"":""011-0004666551"",""office"":""서울경제"",""publishedAt"":""2026-09-29T18:23:00+09:00"",""title"":""‘메가 LCC’ 뜨지만…942% 달하는 부채비율이 숙제"",""url"":""https://n.news.naver.com/mnews/article/011/0004666551"",""duplicateOf"":null,""mentionsName"":false},{""id"":""437-0000513312"",""office"":""JTBC"",""publishedAt"":""2026-09-29T20:47:00+09:00"",""title"":""[단독] &quot;한 순간에 90만원 증발&quot;…업계 1위 '아고다'의 횡포"",""url"":""https://n.news.naver.com/mnews/article/437/0000513312"",""duplicateOf"":null,""mentionsName"":false},{""id"":""022-0004162828"",""office"":""세계일보"",""publishedAt"":""2026-09-30T05:07:00+09:00"",""title"":""한국 가서 ‘김밥·김치’ 만들자는 中 여행사들…관광 넘어 ‘K-푸드..."",""url"":""https://n.news.naver.com/mnews/article/022/0004162828"",""duplicateOf"":null,""mentionsName"":false},{""id"":""421-0009199335"",""office"":""뉴스1"",""publishedAt"":""2026-09-30T06:30:00+09:00"",""title"":""트리니티항공 유럽 취항 2년…프랑크푸르트 접고 프라하 택했다"",""url"":""https://n.news.naver.com/mnews/article/421/0009199335"",""duplicateOf"":null,""mentionsName"":false}]",19,1,,,,,,,
collection-3884d72fc3994b44,collection,2026-09-30,2026-09-29T22:27:33Z,,,"{""contextFile"":""reports/atlas11/context/2026-09-30/2026-09-29T22-27-33Z.json""}",context_news,2026-09-30,새 기사,,,,,false,004170,신세계,,,https://m.stock.naver.com/api/news/stock/004170?pageSize=20&page=1,2e9f674d69b6ce0f80b0c4e177d39fc8e73485ad6ed771a87ec22c21afa2ca4f,"[{""id"":""032-0003472938"",""office"":""경향신문"",""publishedAt"":""2026-09-28T21:23:00+09:00"",""title"":""스타벅스, ‘탱크데이 사태’ 두 달 지나고도 매출 회복 못했다"",""url"":""https://n.news.naver.com/mnews/article/032/0003472938"",""duplicateOf"":null,""mentionsName"":false},{""id"":""023-0004000879"",""office"":""조선일보"",""publishedAt"":""2026-09-29T00:34:00+09:00"",""title"":""돌아온 웨딩 멤버십… 9년 만에 분유 신제품도"",""url"":""https://n.news.naver.com/mnews/article/023/0004000879"",""duplicateOf"":null,""mentionsName"":false},{""id"":""648-0000051135"",""office"":""비즈워치"",""publishedAt"":""2026-09-29T07:00:00+09:00"",""title"":""[인사이드 스토리]이마트·신세계, '완전 독립' 시동…남은 숙제는"",""url"":""https://n.news.naver.com/mnews/article/648/0000051135"",""duplicateOf"":null,""mentionsName"":true},{""id"":""016-0002702844"",""office"":""헤럴드경제"",""publishedAt"":""2026-09-29T07:29:00+09:00"",""title"":""이마트, 10월 ‘고래잇페스타’…제철 먹거리 반값 할인"",""url"":""https://n.news.naver.com/mnews/article/016/0002702844"",""duplicateOf"":null,""mentionsName"":false},{""id"":""015-0005336961"",""office"":""한국경제"",""publishedAt"":""2026-09-29T08:46:00+09:00"",""title"":""&quot;명품 잘 팔린다더니&quot;…반토막 난 백화점株에 개미들 '비명' [종목+]"",""url"":""https://n.news.naver.com/mnews/article/015/0005336961"",""duplicateOf"":null,""mentionsName"":false},{""id"":""016-0002702958"",""office"":""헤럴드경제"",""publishedAt"":""2026-09-29T09:53:00+09:00"",""title"":""업무·주거·교통 수요 갖춘 복합상권… 충정로역 직결 ‘충정로 GL 스..."",""url"":""https://n.news.naver.com/mnews/article/016/0002702958"",""duplicateOf"":null,""mentionsName"":false},{""id"":""448-0000642013"",""office"":""TV조선"",""publishedAt"":""2026-09-29T11:32:00+09:00"",""title"":""&quot;가수는 안 된다&quot;던 정유경…딸 애니 뮤비, 명동 한복판에 띄웠다"",""url"":""https://n.news.naver.com/mnews/article/448/0000642013"",""duplicateOf"":null,""mentionsName"":false},{""id"":""009-0005741306"",""office"":""매일경제"",""publishedAt"":""2026-09-29T14:26:00+09:00"",""title"":""요즘 페포·푸빌라·흰디 알면 쇼핑 더 재밌다?…이유 살펴보니"",""url"":""https://n.news.naver.com/mnews/article/009/0005741306"",""duplicateOf"":null,""mentionsName"":false},{""id"":""293-0000091015"",""office"":""블로터"",""publishedAt"":""2026-09-29T15:59:00+09:00"",""title"":""'점포 효율화' 롯데백화점, 10년 만에 광고모델 '제니' 세운 이유"",""url"":""https://n.news.naver.com/mnews/article/293/0000091015"",""duplicateOf"":null,""mentionsName"":false},{""id"":""032-0003473117"",""office"":""경향신문"",""publishedAt"":""2026-09-29T16:00:00+09:00"",""title"":""짧았던 추석 연휴에도 활짝 웃은 백화점, 왜?"",""url"":""https://n.news.naver.com/mnews/article/032/0003473117"",""duplicateOf"":null,""mentionsName"":false},{""id"":""082-0001400381"",""office"":""부산일보"",""publishedAt"":""2026-09-29T18:00:00+09:00"",""title"":""짧은 추석 연휴에도 쇼핑객은 더 늘었다"",""url"":""https://n.news.naver.com/mnews/article/082/0001400381"",""duplicateOf"":null,""mentionsName"":false},{""id"":""014-0005582514"",""office"":""파이낸셜뉴스"",""publishedAt"":""2026-09-29T18:19:00+09:00"",""title"":""백화점 가을세일 돌입… 쇼핑족 겨냥 체험 힘준다"",""url"":""https://n.news.naver.com/mnews/article/014/0005582514"",""duplicateOf"":null,""mentionsName"":false},{""id"":""015-0005337357"",""office"":""한국경제"",""publishedAt"":""2026-09-29T20:01:00+09:00"",""title"":""&quot;가수는 절대 안 돼&quot; 정유경 회장, 딸 애니 뮤비 '여기' 띄웠다"",""url"":""https://n.news.naver.com/mnews/article/015/0005337357"",""duplicateOf"":null,""mentionsName"":false},{""id"":""020-0003751505"",""office"":""동아일보"",""publishedAt"":""2026-09-30T00:32:00+09:00"",""title"":""짧은 추석연휴에 백화점 매출 20%대 증가, 키즈-주얼리 몰려"",""url"":""https://n.news.naver.com/mnews/article/020/0003751505"",""duplicateOf"":null,""mentionsName"":false},{""id"":""023-0004001145"",""office"":""조선일보"",""publishedAt"":""2026-09-30T00:34:00+09:00"",""title"":""백화점 연예인 광고 모델이 돌아왔다"",""url"":""https://n.news.naver.com/mnews/article/023/0004001145"",""duplicateOf"":null,""mentionsName"":false},{""id"":""081-0003684603"",""office"":""서울신문"",""publishedAt"":""2026-09-30T05:04:00+09:00"",""title"":""올해 최대 규모 ‘글로벌 쇼핑 페스타’ 연다"",""url"":""https://n.news.naver.com/mnews/article/081/0003684603"",""duplicateOf"":null,""mentionsName"":false},{""id"":""081-0003684617"",""office"":""서울신문"",""publishedAt"":""2026-09-30T05:05:00+09:00"",""title"":""“교육·쇼핑·의료·공원 다 품었네”… 고품격 광주 챔피언스시티 ..."",""url"":""https://n.news.naver.com/mnews/article/081/0003684617"",""duplicateOf"":null,""mentionsName"":false},{""id"":""003-0014222263"",""office"":""뉴시스"",""publishedAt"":""2026-09-30T05:30:00+09:00"",""title"":""갑자기 춥더니 비까지…변덕스런 가을에 '웨더웨어' 뜬다"",""url"":""https://n.news.naver.com/mnews/article/003/0014222263"",""duplicateOf"":null,""mentionsName"":false},{""id"":""421-0009199330"",""office"":""뉴스1"",""publishedAt"":""2026-09-30T06:20:00+09:00"",""title"":""[단독] &quot;오늘 출근룩 골라줘&quot;…신세계V도 'AI 쇼핑파트너' 띄운다"",""url"":""https://n.news.naver.com/mnews/article/421/0009199330"",""duplicateOf"":null,""mentionsName"":true},{""id"":""277-0005822447"",""office"":""아시아경제"",""publishedAt"":""2026-09-30T07:11:00+09:00"",""title"":""오비맥주 '소주 전쟁' 참전…유흥주점 강력 영업망 타고 '찰랑'"",""url"":""https://n.news.naver.com/mnews/article/277/0005822447"",""duplicateOf"":null,""mentionsName"":false}]",20,0,,,,,,,
collection-830ada3f2196812f,collection,2026-09-30,2026-09-29T22:27:33Z,,,"{""contextFile"":""reports/atlas11/context/2026-09-30/2026-09-29T22-27-33Z.json""}",context_news,2026-09-30,새 기사,,,,,false,005380,현대차,,,https://m.stock.naver.com/api/news/stock/005380?pageSize=20&page=1,a2cc2650a59e6b8039eda6bd0962bfbb6d5b483a88a06e74eb0987756a9a0089,"[{""id"":""053-0000061874"",""office"":""주간조선"",""publishedAt"":""2026-09-30T00:00:00+09:00"",""title"":""이재용은 &quot;친구&quot;, 최태원은 &quot;빨리빨리&quot;…젠슨 황과 '깐부' 다시 뭉쳤다"",""url"":""https://n.news.naver.com/mnews/article/053/0000061874"",""duplicateOf"":null,""mentionsName"":false},{""id"":""277-0005822421"",""office"":""아시아경제"",""publishedAt"":""2026-09-30T00:27:00+09:00"",""title"":""젠슨 황 &quot;삼성·SK와 앞으로 33년 더 협력할 것&quot;"",""url"":""https://n.news.naver.com/mnews/article/277/0005822421"",""duplicateOf"":null,""mentionsName"":false},{""id"":""020-0003751490"",""office"":""동아일보"",""publishedAt"":""2026-09-30T00:31:00+09:00"",""title"":""파업에 발목 잡힌 제조업… 체감경기, 4년만에 최대폭 하락"",""url"":""https://n.news.naver.com/mnews/article/020/0003751490"",""duplicateOf"":null,""mentionsName"":false},{""id"":""023-0004001140"",""office"":""조선일보"",""publishedAt"":""2026-09-30T00:33:00+09:00"",""title"":""美, 내연기관차 연비 규제 대폭 완화"",""url"":""https://n.news.naver.com/mnews/article/023/0004001140"",""duplicateOf"":null,""mentionsName"":false},{""id"":""023-0004001143"",""office"":""조선일보"",""publishedAt"":""2026-09-30T00:34:00+09:00"",""title"":""현대차, 中 시장 승부수… 2430만원 ‘아이오닉V’ 출시"",""url"":""https://n.news.naver.com/mnews/article/023/0004001143"",""duplicateOf"":null,""mentionsName"":true},{""id"":""008-0005419954"",""office"":""머니투데이"",""publishedAt"":""2026-09-30T03:30:00+09:00"",""title"":""현대차그룹 기술인재 총출동… AI·로봇·자율주행 미래 공유"",""url"":""https://n.news.naver.com/mnews/article/008/0005419954"",""duplicateOf"":null,""mentionsName"":true},{""id"":""020-0003751532"",""office"":""동아일보"",""publishedAt"":""2026-09-30T04:33:00+09:00"",""title"":""차 고를 때부터 충전-정비까지… 고객 ‘카 라이프’까지 챙긴다"",""url"":""https://n.news.naver.com/mnews/article/020/0003751532"",""duplicateOf"":null,""mentionsName"":false},{""id"":""020-0003751590"",""office"":""동아일보"",""publishedAt"":""2026-09-30T04:35:00+09:00"",""title"":""현대차 33회-에버랜드 32회 1위… 삼성전자 10개 산업 석권"",""url"":""https://n.news.naver.com/mnews/article/020/0003751590"",""duplicateOf"":null,""mentionsName"":true},{""id"":""025-0003554675"",""office"":""중앙일보"",""publishedAt"":""2026-09-30T05:00:00+09:00"",""title"":""[단독] 양말 속 숨겨 훔친 K반도체 기술, 종착지 75%가 중국"",""url"":""https://n.news.naver.com/mnews/article/025/0003554675"",""duplicateOf"":null,""mentionsName"":false},{""id"":""005-0001875800"",""office"":""국민일보"",""publishedAt"":""2026-09-30T05:02:00+09:00"",""title"":""[단독] 전기차 늘자 결함 신고도 ‘급증’…5년여간 5462건"",""url"":""https://n.news.naver.com/mnews/article/005/0001875800"",""duplicateOf"":null,""mentionsName"":false},{""id"":""081-0003684613"",""office"":""서울신문"",""publishedAt"":""2026-09-30T05:05:00+09:00"",""title"":""현대차그룹 첫 글로벌 인재 교류 행사"",""url"":""https://n.news.naver.com/mnews/article/081/0003684613"",""duplicateOf"":null,""mentionsName"":true},{""id"":""081-0003684618"",""office"":""서울신문"",""publishedAt"":""2026-09-30T05:05:00+09:00"",""title"":""현대차그룹, 상반기 이익률 글로벌 ‘넘버 3’"",""url"":""https://n.news.naver.com/mnews/article/081/0003684618"",""duplicateOf"":null,""mentionsName"":true},{""id"":""014-0005582607"",""office"":""파이낸셜뉴스"",""publishedAt"":""2026-09-30T05:29:00+09:00"",""title"":""&quot;기아 유럽 판매 두 자릿수 성장…현대차는 아이오닉3로 반등 모색&quot;LS..."",""url"":""https://n.news.naver.com/mnews/article/014/0005582607"",""duplicateOf"":null,""mentionsName"":true},{""id"":""003-0014222294"",""office"":""뉴시스"",""publishedAt"":""2026-09-30T06:00:00+09:00"",""title"":""13년 만에 日 재진출한 기아…&quot;PV5 앞세워 연 1000대 판매 도전&quot;"",""url"":""https://n.news.naver.com/mnews/article/003/0014222294"",""duplicateOf"":null,""mentionsName"":false},{""id"":""417-0001159589"",""office"":""동행미디어 시대"",""publishedAt"":""2026-09-30T06:10:00+09:00"",""title"":""현대차, 신형 투싼 앞세워 북미 성장세 가속"",""url"":""https://n.news.naver.com/mnews/article/417/0001159589"",""duplicateOf"":null,""mentionsName"":true},{""id"":""374-0000535463"",""office"":""SBS Biz"",""publishedAt"":""2026-09-30T06:22:00+09:00"",""title"":""산은, 벤처·스타트업 공급 4년새 반토막…대기업엔 20조원"",""url"":""https://n.news.naver.com/mnews/article/374/0000535463"",""duplicateOf"":null,""mentionsName"":false},{""id"":""001-0016345246"",""office"":""연합뉴스"",""publishedAt"":""2026-09-30T06:30:00+09:00"",""title"":""현대차그룹, 미국 점유율 두 달째 3위…포드와 격차 1%p로 확대"",""url"":""https://n.news.naver.com/mnews/article/001/0016345246"",""duplicateOf"":null,""mentionsName"":true},{""id"":""008-0005420016"",""office"":""머니투데이"",""publishedAt"":""2026-09-30T07:00:00+09:00"",""title"":""[알림] 李대통령 &quot;AI와 에너지 결합&quot;, 1년만에 현실로…2027년은?"",""url"":""https://n.news.naver.com/mnews/article/008/0005420016"",""duplicateOf"":null,""mentionsName"":false},{""id"":""293-0000091035"",""office"":""블로터"",""publishedAt"":""2026-09-30T07:00:00+09:00"",""title"":""[VC·PE 20년의 헌사] 곽동걸 스틱 부회장 &quot;한국 산업과 함께 큰 토종..."",""url"":""https://n.news.naver.com/mnews/article/293/0000091035"",""duplicateOf"":null,""mentionsName"":false},{""id"":""005-0001875813"",""office"":""국민일보"",""publishedAt"":""2026-09-30T07:02:00+09:00"",""title"":""전기차 전환의 그늘…정비망부터 배터리·주유소까지 ‘삐걱’"",""url"":""https://n.news.naver.com/mnews/article/005/0001875813"",""duplicateOf"":null,""mentionsName"":false}]",20,0,,,,,,,
collection-774c8f10ffdf5066,collection,2026-09-30,2026-09-29T22:27:33Z,,,"{""contextFile"":""reports/atlas11/context/2026-09-30/2026-09-29T22-27-33Z.json""}",context_news,2026-09-30,새 기사,,,,,false,005490,POSCO홀딩스,,,https://m.stock.naver.com/api/news/stock/005490?pageSize=20&page=1,cb1641aa266d72c043220c85ec08042778ac45856e4d184989d51756019f3c0e,"[{""id"":""016-0002703223"",""office"":""헤럴드경제"",""publishedAt"":""2026-09-29T15:13:00+09:00"",""title"":""오산시 오피스텔 매매가 3년 새 13% 상승…‘더샵 오산역아크시티’ ..."",""url"":""https://n.news.naver.com/mnews/article/016/0002703223"",""duplicateOf"":null,""mentionsName"":false},{""id"":""082-0001400323"",""office"":""부산일보"",""publishedAt"":""2026-09-29T15:25:00+09:00"",""title"":""포스코홀딩스 장인화 회장, 국감 불려 나오나…법사위 증인 채택"",""url"":""https://n.news.naver.com/mnews/article/082/0001400323"",""duplicateOf"":null,""mentionsName"":false},{""id"":""009-0005741368"",""office"":""매일경제"",""publishedAt"":""2026-09-29T15:35:00+09:00"",""title"":""“대학 몰린 곳, 집값도 올랐다”…배후수요 품은 대학교 인근 아파트..."",""url"":""https://n.news.naver.com/mnews/article/009/0005741368"",""duplicateOf"":null,""mentionsName"":false},{""id"":""293-0000091012"",""office"":""블로터"",""publishedAt"":""2026-09-29T15:52:00+09:00"",""title"":""[분양 스케치] 아크메르 동탄, '중대형 1808가구' 10월 분양 승부수"",""url"":""https://n.news.naver.com/mnews/article/293/0000091012"",""duplicateOf"":null,""mentionsName"":false},{""id"":""088-0001031237"",""office"":""매일신문"",""publishedAt"":""2026-09-29T16:10:00+09:00"",""title"":""[원전 증설 러시] 수소환원제철 年 전기료 수조원…포스코 원전 활용..."",""url"":""https://n.news.naver.com/mnews/article/088/0001031237"",""duplicateOf"":null,""mentionsName"":false},{""id"":""016-0002703270"",""office"":""헤럴드경제"",""publishedAt"":""2026-09-29T16:24:00+09:00"",""title"":""“AI로 본업 문제 해결, 성과로 연결”…32주 R&amp;D 과정, 6주 단축 [헤럴..."",""url"":""https://n.news.naver.com/mnews/article/016/0002703270"",""duplicateOf"":null,""mentionsName"":false},{""id"":""020-0003751410"",""office"":""동아일보"",""publishedAt"":""2026-09-29T16:43:00+09:00"",""title"":""서울대에 ‘AI반도체 혁신연구소’ 설치…기업과 공동연구"",""url"":""https://n.news.naver.com/mnews/article/020/0003751410"",""duplicateOf"":null,""mentionsName"":false},{""id"":""020-0003751412"",""office"":""동아일보"",""publishedAt"":""2026-09-29T16:43:00+09:00"",""title"":""추석연휴에 파업 겹쳐…제조업 체감경기 4년만에 최대폭 하락"",""url"":""https://n.news.naver.com/mnews/article/020/0003751412"",""duplicateOf"":null,""mentionsName"":false},{""id"":""018-0006377172"",""office"":""이데일리"",""publishedAt"":""2026-09-29T16:46:00+09:00"",""title"":""건설사 CEO 국감 증인석 또 서나…현대·포스코 등 소환 촉각"",""url"":""https://n.news.naver.com/mnews/article/018/0006377172"",""duplicateOf"":null,""mentionsName"":false},{""id"":""119-0003137596"",""office"":""데일리안"",""publishedAt"":""2026-09-29T16:58:00+09:00"",""title"":""과기정통부, AI 중심대학 18곳·AX 대학원 15곳 출범"",""url"":""https://n.news.naver.com/mnews/article/119/0003137596"",""duplicateOf"":null,""mentionsName"":false},{""id"":""469-0000956643"",""office"":""한국일보"",""publishedAt"":""2026-09-29T17:25:00+09:00"",""title"":""대학 AI 교육 판 바꾼다…기업 참여 AX대학원·AI중심대학 출범"",""url"":""https://n.news.naver.com/mnews/article/469/0000956643"",""duplicateOf"":null,""mentionsName"":false},{""id"":""586-0000139098"",""office"":""시사저널"",""publishedAt"":""2026-09-29T17:55:00+09:00"",""title"":""철근 누락에 사망사고까지…현대·포스코·SK 국감 소환되나"",""url"":""https://n.news.naver.com/mnews/article/586/0000139098"",""duplicateOf"":null,""mentionsName"":false},{""id"":""014-0005582502"",""office"":""파이낸셜뉴스"",""publishedAt"":""2026-09-29T18:16:00+09:00"",""title"":""같은 A+ 신용도인데… 채권시장선 등급 ‘제각각’"",""url"":""https://n.news.naver.com/mnews/article/014/0005582502"",""duplicateOf"":null,""mentionsName"":false},{""id"":""011-0004666546"",""office"":""서울경제"",""publishedAt"":""2026-09-29T18:20:00+09:00"",""title"":""건설사 ‘컨소시엄’ 구성에…조합들 “단독 입찰하라”"",""url"":""https://n.news.naver.com/mnews/article/011/0004666546"",""duplicateOf"":null,""mentionsName"":false},{""id"":""020-0003751490"",""office"":""동아일보"",""publishedAt"":""2026-09-30T00:31:00+09:00"",""title"":""파업에 발목 잡힌 제조업… 체감경기, 4년만에 최대폭 하락"",""url"":""https://n.news.naver.com/mnews/article/020/0003751490"",""duplicateOf"":null,""mentionsName"":false},{""id"":""020-0003751501"",""office"":""동아일보"",""publishedAt"":""2026-09-30T00:32:00+09:00"",""title"":""과기부, 서울대에 ‘AI반도체 혁신연구소’ 열어"",""url"":""https://n.news.naver.com/mnews/article/020/0003751501"",""duplicateOf"":null,""mentionsName"":false},{""id"":""023-0004001159"",""office"":""조선일보"",""publishedAt"":""2026-09-30T00:38:00+09:00"",""title"":""동탄1신도시 마지막 노른자 땅에 49층 아파트 들어선다"",""url"":""https://n.news.naver.com/mnews/article/023/0004001159"",""duplicateOf"":null,""mentionsName"":false},{""id"":""025-0003554678"",""office"":""중앙일보"",""publishedAt"":""2026-09-30T05:00:00+09:00"",""title"":""삼성후자, 94배 키웠다…이재용 만난 김동관의 ‘2조 담판’"",""url"":""https://n.news.naver.com/mnews/article/025/0003554678"",""duplicateOf"":null,""mentionsName"":false},{""id"":""374-0000535463"",""office"":""SBS Biz"",""publishedAt"":""2026-09-30T06:22:00+09:00"",""title"":""산은, 벤처·스타트업 공급 4년새 반토막…대기업엔 20조원"",""url"":""https://n.news.naver.com/mnews/article/374/0000535463"",""duplicateOf"":null,""mentionsName"":false},{""id"":""008-0005420016"",""office"":""머니투데이"",""publishedAt"":""2026-09-30T07:00:00+09:00"",""title"":""[알림] 李대통령 &quot;AI와 에너지 결합&quot;, 1년만에 현실로…2027년은?"",""url"":""https://n.news.naver.com/mnews/article/008/0005420016"",""duplicateOf"":null,""mentionsName"":false}]",20,0,,,,,,,
collection-4811d5c594074473,collection,2026-09-30,2026-09-29T22:27:33Z,,,"{""contextFile"":""reports/atlas11/context/2026-09-30/2026-09-29T22-27-33Z.json""}",context_news,2026-09-30,새 기사,,,,,false,005930,삼성전자,,,https://m.stock.naver.com/api/news/stock/005930?pageSize=20&page=1,2589d3a2e18cf3b7a5a96d12eca45355bda626ecacce15d3f83545d4e3d15560,"[{""id"":""003-0014222290"",""office"":""뉴시스"",""publishedAt"":""2026-09-30T06:00:00+09:00"",""title"":""마이크론 실적에 엔비디아 자사주까지…반도체 투심 회복 촉각"",""url"":""https://n.news.naver.com/mnews/article/003/0014222290"",""duplicateOf"":null,""mentionsName"":false},{""id"":""008-0005419988"",""office"":""머니투데이"",""publishedAt"":""2026-09-30T06:00:00+09:00"",""title"":""엔비디아도 콕 집은 그 회사...&quot;1.4조 베팅&quot; 삼성, 계열사 총동원한 이..."",""url"":""https://n.news.naver.com/mnews/article/008/0005419988"",""duplicateOf"":null,""mentionsName"":false},{""id"":""421-0009199311"",""office"":""뉴스1"",""publishedAt"":""2026-09-30T06:00:00+09:00"",""title"":""삼성 회로 면적 최대 14%↓ SK하닉 주변회로 분리 제작…2나노 기술전..."",""url"":""https://n.news.naver.com/mnews/article/421/0009199311"",""duplicateOf"":null,""mentionsName"":false},{""id"":""468-0001269631"",""office"":""스포츠서울"",""publishedAt"":""2026-09-30T06:00:00+09:00"",""title"":""애플 참전에 되레 웃은 삼성…‘100만 원 저렴한’ 갤Z폴드8 판매량 1..."",""url"":""https://n.news.naver.com/mnews/article/468/0001269631"",""duplicateOf"":null,""mentionsName"":false},{""id"":""011-0004666623"",""office"":""서울경제"",""publishedAt"":""2026-09-30T06:01:00+09:00"",""title"":""텐마인즈 AI 슬립봇, 스마트싱스 인증으로 삼성 생태계 합류"",""url"":""https://n.news.naver.com/mnews/article/011/0004666623"",""duplicateOf"":null,""mentionsName"":false},{""id"":""468-0001269632"",""office"":""스포츠서울"",""publishedAt"":""2026-09-30T06:01:00+09:00"",""title"":""삼성 ‘엑시노스’의 반격…갤럭시 탑재 늘려 2년 만에 점유율 9% ‘최..."",""url"":""https://n.news.naver.com/mnews/article/468/0001269632"",""duplicateOf"":null,""mentionsName"":false},{""id"":""366-0001195158"",""office"":""조선비즈"",""publishedAt"":""2026-09-30T06:02:00+09:00"",""title"":""[비즈톡톡] 아시안게임서 빠지는 e스포츠… 독립 대회 흥행 전망은"",""url"":""https://n.news.naver.com/mnews/article/366/0001195158"",""duplicateOf"":null,""mentionsName"":false},{""id"":""021-0002822020"",""office"":""문화일보"",""publishedAt"":""2026-09-30T06:03:00+09:00"",""title"":""[속보]美증시, 약세마감…반도체는 강세 하닉ADR 2.62%↑"",""url"":""https://n.news.naver.com/mnews/article/021/0002822020"",""duplicateOf"":null,""mentionsName"":false},{""id"":""003-0014222319"",""office"":""뉴시스"",""publishedAt"":""2026-09-30T06:20:00+09:00"",""title"":""10월 증시 '진짜 변수'는…전문가 &quot;금리·유가보다 실적·중간선거&quot;"",""url"":""https://n.news.naver.com/mnews/article/003/0014222319"",""duplicateOf"":null,""mentionsName"":false},{""id"":""374-0000535463"",""office"":""SBS Biz"",""publishedAt"":""2026-09-30T06:22:00+09:00"",""title"":""산은, 벤처·스타트업 공급 4년새 반토막…대기업엔 20조원"",""url"":""https://n.news.naver.com/mnews/article/374/0000535463"",""duplicateOf"":null,""mentionsName"":false},{""id"":""015-0005337417"",""office"":""한국경제"",""publishedAt"":""2026-09-30T06:31:00+09:00"",""title"":""&quot;10월 증시 분위기 바뀌나&quot;…삼전닉스 개미들 긴장하는 이유 [분석+]"",""url"":""https://n.news.naver.com/mnews/article/015/0005337417"",""duplicateOf"":null,""mentionsName"":false},{""id"":""014-0005582628"",""office"":""파이낸셜뉴스"",""publishedAt"":""2026-09-30T06:57:00+09:00"",""title"":""&quot;삼전 63만원·하이닉스 310만원&quot;…증권가 목표주가 줄줄이 상향"",""url"":""https://n.news.naver.com/mnews/article/014/0005582628"",""duplicateOf"":null,""mentionsName"":false},{""id"":""003-0014222337"",""office"":""뉴시스"",""publishedAt"":""2026-09-30T07:00:00+09:00"",""title"":""'배당락' 털어낸 삼전 주가 향방은…증권가 &quot;D램·추가 환원 주목&quot;"",""url"":""https://n.news.naver.com/mnews/article/003/0014222337"",""duplicateOf"":null,""mentionsName"":false},{""id"":""008-0005420015"",""office"":""머니투데이"",""publishedAt"":""2026-09-30T07:00:00+09:00"",""title"":""한국은 삼전닉스만? 해외 '큰손' 관심 넓어졌다...돈 모이는 K기업"",""url"":""https://n.news.naver.com/mnews/article/008/0005420015"",""duplicateOf"":null,""mentionsName"":false},{""id"":""008-0005420016"",""office"":""머니투데이"",""publishedAt"":""2026-09-30T07:00:00+09:00"",""title"":""[알림] 李대통령 &quot;AI와 에너지 결합&quot;, 1년만에 현실로…2027년은?"",""url"":""https://n.news.naver.com/mnews/article/008/0005420016"",""duplicateOf"":null,""mentionsName"":false},{""id"":""293-0000091035"",""office"":""블로터"",""publishedAt"":""2026-09-30T07:00:00+09:00"",""title"":""[VC·PE 20년의 헌사] 곽동걸 스틱 부회장 &quot;한국 산업과 함께 큰 토종..."",""url"":""https://n.news.naver.com/mnews/article/293/0000091035"",""duplicateOf"":null,""mentionsName"":false},{""id"":""011-0004666651"",""office"":""서울경제"",""publishedAt"":""2026-09-30T07:01:00+09:00"",""title"":""내년 HBM 올해보다 2배 넘게 비싸진다…“평균 121% 상승”"",""url"":""https://n.news.naver.com/mnews/article/011/0004666651"",""duplicateOf"":null,""mentionsName"":false},{""id"":""023-0004001227"",""office"":""조선일보"",""publishedAt"":""2026-09-30T07:01:00+09:00"",""title"":""추석 앞두고 냉장고 멈춰 세운 삼성…업데이트 한 번에 ‘먹통’되는..."",""url"":""https://n.news.naver.com/mnews/article/023/0004001227"",""duplicateOf"":null,""mentionsName"":false},{""id"":""262-0000019728"",""office"":""신동아"",""publishedAt"":""2026-09-30T07:02:00+09:00"",""title"":""“韓은 대만 반도체 잘못 알고 있어…겸손한 자세로 저력 배워야”"",""url"":""https://n.news.naver.com/mnews/article/262/0000019728"",""duplicateOf"":null,""mentionsName"":false},{""id"":""018-0006377353"",""office"":""이데일리"",""publishedAt"":""2026-09-30T07:23:00+09:00"",""title"":""삼전닉스도 영향?…마이크론 초강세 전망 나와"",""url"":""https://n.news.naver.com/mnews/article/018/0006377353"",""duplicateOf"":null,""mentionsName"":false}]",20,0,,,,,,,
collection-eb03e824a2eeb64e,collection,2026-09-30,2026-09-29T22:27:33Z,,,"{""contextFile"":""reports/atlas11/context/2026-09-30/2026-09-29T22-27-33Z.json""}",context_news,2026-09-30,새 기사,,,,,false,009150,삼성전기,,,https://m.stock.naver.com/api/news/stock/009150?pageSize=20&page=1,401ec8095c104c97aa68ed6cf9c3f59b6cc265d32fd462703fe4957a0b6b39b1,"[{""id"":""366-0001195084"",""office"":""조선비즈"",""publishedAt"":""2026-09-29T16:05:00+09:00"",""title"":""[마켓뷰] 美 국채 금리에 흔들린 코스피, 외인 매도 속 6870선 마감… ..."",""url"":""https://n.news.naver.com/mnews/article/366/0001195084"",""duplicateOf"":null,""mentionsName"":false},{""id"":""001-0016344397"",""office"":""연합뉴스"",""publishedAt"":""2026-09-29T16:07:00+09:00"",""title"":""'美 국채 금리 악재' 코스피, 0.27%↓…이틀 연속 하락(종합)"",""url"":""https://n.news.naver.com/mnews/article/001/0016344397"",""duplicateOf"":null,""mentionsName"":false},{""id"":""277-0005822292"",""office"":""아시아경제"",""publishedAt"":""2026-09-29T16:07:00+09:00"",""title"":""외국인 2.9조 '팔자'…코스피, 6870선 약보합 마감"",""url"":""https://n.news.naver.com/mnews/article/277/0005822292"",""duplicateOf"":null,""mentionsName"":false},{""id"":""629-0000537772"",""office"":""더팩트"",""publishedAt"":""2026-09-29T16:10:00+09:00"",""title"":""코스피, 유가·국채금리 급등에 하락 마감…6800선 사수"",""url"":""https://n.news.naver.com/mnews/article/629/0000537772"",""duplicateOf"":null,""mentionsName"":false},{""id"":""421-0009198576"",""office"":""뉴스1"",""publishedAt"":""2026-09-29T16:12:00+09:00"",""title"":""美금리 악재에 코스피 이틀째 6800선…삼전닉스 보합 선방[시황종합]"",""url"":""https://n.news.naver.com/mnews/article/421/0009198576"",""duplicateOf"":null,""mentionsName"":false},{""id"":""014-0005582403"",""office"":""파이낸셜뉴스"",""publishedAt"":""2026-09-29T16:13:00+09:00"",""title"":""코스피, 외인 '팔자'에 이틀 연속 하락…6870선 후퇴[fn마감시황]"",""url"":""https://n.news.naver.com/mnews/article/014/0005582403"",""duplicateOf"":null,""mentionsName"":false},{""id"":""011-0004666458"",""office"":""서울경제"",""publishedAt"":""2026-09-29T16:16:00+09:00"",""title"":""기업 공시 [9월 29일]"",""url"":""https://n.news.naver.com/mnews/article/011/0004666458"",""duplicateOf"":null,""mentionsName"":false},{""id"":""011-0004666459"",""office"":""서울경제"",""publishedAt"":""2026-09-29T16:19:00+09:00"",""title"":""코스피, 이틀 연속 하락세…삼성전자, 배당락 딛고 상승 마감 [마켓시..."",""url"":""https://n.news.naver.com/mnews/article/011/0004666459"",""duplicateOf"":null,""mentionsName"":false},{""id"":""016-0002703274"",""office"":""헤럴드경제"",""publishedAt"":""2026-09-29T16:27:00+09:00"",""title"":""외국인 3조 ‘매도 폭탄’에 또 코스피 ‘털썩’…‘9천피’ 가 안 믿..."",""url"":""https://n.news.naver.com/mnews/article/016/0002703274"",""duplicateOf"":null,""mentionsName"":false},{""id"":""374-0000535389"",""office"":""SBS Biz"",""publishedAt"":""2026-09-29T16:35:00+09:00"",""title"":""[투자의 날 (刃)] 삼성전기 증설... 왜 이러는걸까요?"",""url"":""https://n.news.naver.com/mnews/article/374/0000535389"",""duplicateOf"":null,""mentionsName"":true},{""id"":""374-0000535394"",""office"":""SBS Biz"",""publishedAt"":""2026-09-29T16:40:00+09:00"",""title"":""[증시 인사이트] 美국채수익률 부담에 눌린 코스피…힘빠진 삼전·닉..."",""url"":""https://n.news.naver.com/mnews/article/374/0000535394"",""duplicateOf"":null,""mentionsName"":false},{""id"":""138-0002243038"",""office"":""디지털데일리"",""publishedAt"":""2026-09-29T16:56:00+09:00"",""title"":""코스피, 외인 2.9조 ‘팔자’에 6870선 약보합…삼성전자 0.9%↑"",""url"":""https://n.news.naver.com/mnews/article/138/0002243038"",""duplicateOf"":null,""mentionsName"":false},{""id"":""092-0002439152"",""office"":""지디넷코리아"",""publishedAt"":""2026-09-29T17:00:00+09:00"",""title"":""'삼성전기+도레이 합작' 스템코, '1-메탈 CoF' 설비 중국 합작사에 이..."",""url"":""https://n.news.naver.com/mnews/article/092/0002439152"",""duplicateOf"":null,""mentionsName"":true},{""id"":""008-0005419849"",""office"":""머니투데이"",""publishedAt"":""2026-09-29T17:11:00+09:00"",""title"":""연이틀 '금리찬물'…6800 갇힌 코스피, 시선은 美 물가지표로"",""url"":""https://n.news.naver.com/mnews/article/008/0005419849"",""duplicateOf"":null,""mentionsName"":false},{""id"":""660-0000118095"",""office"":""kbc광주방송"",""publishedAt"":""2026-09-29T17:22:00+09:00"",""title"":""외국인, 또 3조 매도 폭탄…코스피 '美 국채금리·유가' 부담 0.27%↓"",""url"":""https://n.news.naver.com/mnews/article/660/0000118095"",""duplicateOf"":null,""mentionsName"":false},{""id"":""009-0005741563"",""office"":""매일경제"",""publishedAt"":""2026-09-29T17:41:00+09:00"",""title"":""반도체 넘어 전력·냉각까지 주도 … 삼성의 'AI 생태계' 빌드업"",""url"":""https://n.news.naver.com/mnews/article/009/0005741563"",""duplicateOf"":null,""mentionsName"":false},{""id"":""015-0005337274"",""office"":""한국경제"",""publishedAt"":""2026-09-29T17:43:00+09:00"",""title"":""증시 주인공 된 자산운용사…주가 최대 변수 됐다"",""url"":""https://n.news.naver.com/mnews/article/015/0005337274"",""duplicateOf"":null,""mentionsName"":false},{""id"":""020-0003751440"",""office"":""동아일보"",""publishedAt"":""2026-09-29T17:58:00+09:00"",""title"":""삼성전기, 글로벌 대형기업과 2900억 공급 계약… 올해 다섯 번째 장기..."",""url"":""https://n.news.naver.com/mnews/article/020/0003751440"",""duplicateOf"":null,""mentionsName"":true},{""id"":""374-0000535421"",""office"":""SBS Biz"",""publishedAt"":""2026-09-29T18:11:00+09:00"",""title"":""외인 3조 '매도 폭탄'…코스피 6870선 후퇴"",""url"":""https://n.news.naver.com/mnews/article/374/0000535421"",""duplicateOf"":null,""mentionsName"":false},{""id"":""020-0003751508"",""office"":""동아일보"",""publishedAt"":""2026-09-30T00:32:00+09:00"",""title"":""삼성전기, 글로벌 빅테크와 2900억 규모 공급 계약"",""url"":""https://n.news.naver.com/mnews/article/020/0003751508"",""duplicateOf"":null,""mentionsName"":true}]",20,0,,,,,,,
collection-d091171a5e09b5e6,collection,2026-09-30,2026-09-29T22:27:33Z,,,"{""contextFile"":""reports/atlas11/context/2026-09-30/2026-09-29T22-27-33Z.json""}",context_news,2026-09-30,새 기사,,,,,false,009830,한화솔루션,,,https://m.stock.naver.com/api/news/stock/009830?pageSize=20&page=1,729dd5a2ac02530bd0a545bce75995b684e21def76124ccd42c729dbea5761a7,"[{""id"":""011-0004666072"",""office"":""서울경제"",""publishedAt"":""2026-09-28T17:48:00+09:00"",""title"":""美 태양광 모듈값 40% 껑충…한화·OCI 실적 ‘훈풍’"",""url"":""https://n.news.naver.com/mnews/article/011/0004666072"",""duplicateOf"":null,""mentionsName"":false},{""id"":""009-0005741016"",""office"":""매일경제"",""publishedAt"":""2026-09-28T17:49:00+09:00"",""title"":""美전략물자화 기대감 … 태양광株 모처럼 '쑥'"",""url"":""https://n.news.naver.com/mnews/article/009/0005741016"",""duplicateOf"":null,""mentionsName"":false},{""id"":""015-0005336807"",""office"":""한국경제"",""publishedAt"":""2026-09-28T18:06:00+09:00"",""title"":""맹탕 美·中회담에…韓 태양광·배터리주 동반 반사익"",""url"":""https://n.news.naver.com/mnews/article/015/0005336807"",""duplicateOf"":null,""mentionsName"":false},{""id"":""003-0014219241"",""office"":""뉴시스"",""publishedAt"":""2026-09-29T00:00:00+09:00"",""title"":""10월 증시 어디로…반도체·기판 웃고 바이오는 '시험대'"",""url"":""https://n.news.naver.com/mnews/article/003/0014219241"",""duplicateOf"":null,""mentionsName"":false},{""id"":""023-0004000888"",""office"":""조선일보"",""publishedAt"":""2026-09-29T00:37:00+09:00"",""title"":""민주당 우세라는 美 중간선거… “수혜주는 태양광·ESS·전력기기”"",""url"":""https://n.news.naver.com/mnews/article/023/0004000888"",""duplicateOf"":null,""mentionsName"":false},{""id"":""011-0004666180"",""office"":""서울경제"",""publishedAt"":""2026-09-29T06:01:00+09:00"",""title"":""40% 오른 美 태양광 모듈값에 한화·OCI 웃는다[biz-플러스]"",""url"":""https://n.news.naver.com/mnews/article/011/0004666180"",""duplicateOf"":null,""mentionsName"":false},{""id"":""052-0002412246"",""office"":""YTN"",""publishedAt"":""2026-09-29T06:01:00+09:00"",""title"":""삼전닉스 5% 급락, 금리 탓만은 아닙니다.. 반등의 실마리는 엔비디아..."",""url"":""https://n.news.naver.com/mnews/article/052/0002412246"",""duplicateOf"":null,""mentionsName"":false},{""id"":""374-0000535227"",""office"":""SBS Biz"",""publishedAt"":""2026-09-29T08:19:00+09:00"",""title"":""[기업이슈] LG전자, 엔비디아 공식 파트너 선정"",""url"":""https://n.news.naver.com/mnews/article/374/0000535227"",""duplicateOf"":null,""mentionsName"":false},{""id"":""011-0004666282"",""office"":""서울경제"",""publishedAt"":""2026-09-29T10:01:00+09:00"",""title"":""외국인·기관 4조 원 던졌다…반도체주 5% 폭락"",""url"":""https://n.news.naver.com/mnews/article/011/0004666282"",""duplicateOf"":null,""mentionsName"":false},{""id"":""081-0003684286"",""office"":""서울신문"",""publishedAt"":""2026-09-29T10:13:00+09:00"",""title"":""[서울데이터랩]개장 직후 인기 검색 종목 20選"",""url"":""https://n.news.naver.com/mnews/article/081/0003684286"",""duplicateOf"":null,""mentionsName"":false},{""id"":""366-0001194982"",""office"":""조선비즈"",""publishedAt"":""2026-09-29T11:02:00+09:00"",""title"":""코스피, 낙폭 줄이며 보합권 등락… 반도체 대형주 ‘저가 매수’ 반..."",""url"":""https://n.news.naver.com/mnews/article/366/0001194982"",""duplicateOf"":null,""mentionsName"":false},{""id"":""081-0003684367"",""office"":""서울신문"",""publishedAt"":""2026-09-29T13:56:00+09:00"",""title"":""부산주공 정리매매 첫 날 91% 급락… 코스피 거래상위 종목 희비 엇갈..."",""url"":""https://n.news.naver.com/mnews/article/081/0003684367"",""duplicateOf"":null,""mentionsName"":false},{""id"":""031-0001062042"",""office"":""아이뉴스24"",""publishedAt"":""2026-09-29T16:02:00+09:00"",""title"":""코스피, '개미 1조 매수' 약보합 마감⋯코스닥 850선 눈앞"",""url"":""https://n.news.naver.com/mnews/article/031/0001062042"",""duplicateOf"":null,""mentionsName"":false},{""id"":""018-0006377166"",""office"":""이데일리"",""publishedAt"":""2026-09-29T16:37:00+09:00"",""title"":""실적 시즌 '환율'에 울고 웃고…3분기 전망치 희비 갈렸다"",""url"":""https://n.news.naver.com/mnews/article/018/0006377166"",""duplicateOf"":null,""mentionsName"":false},{""id"":""015-0005337227"",""office"":""한국경제"",""publishedAt"":""2026-09-29T17:13:00+09:00"",""title"":""&quot;외국인에 세제혜택&quot;…'1조' 울산 뉴온시티 집코노미서 분양"",""url"":""https://n.news.naver.com/mnews/article/015/0005337227"",""duplicateOf"":null,""mentionsName"":false},{""id"":""024-0000108576"",""office"":""매경이코노미"",""publishedAt"":""2026-09-29T21:01:00+09:00"",""title"":""전망 갈린 석화주, 세 갈래로 투자하라"",""url"":""https://n.news.naver.com/mnews/article/024/0000108576"",""duplicateOf"":null,""mentionsName"":false},{""id"":""052-0002412708"",""office"":""YTN"",""publishedAt"":""2026-09-30T06:00:00+09:00"",""title"":""지난달 주식 발행 70% 감소...&quot;7월 급증 기저효과&quot;"",""url"":""https://n.news.naver.com/mnews/article/052/0002412708"",""duplicateOf"":null,""mentionsName"":false},{""id"":""056-0012265201"",""office"":""KBS"",""publishedAt"":""2026-09-30T06:00:00+09:00"",""title"":""8월 기업 자금 조달 38.0%↓… 주식·회사채 모두 급감"",""url"":""https://n.news.naver.com/mnews/article/056/0012265201"",""duplicateOf"":null,""mentionsName"":false},{""id"":""015-0005337425"",""office"":""한국경제"",""publishedAt"":""2026-09-30T07:10:00+09:00"",""title"":""8월 기업 직접금융 조달액 16.3조원…전월 대비 38% 감소"",""url"":""https://n.news.naver.com/mnews/article/015/0005337425"",""duplicateOf"":null,""mentionsName"":false},{""id"":""374-0000535480"",""office"":""SBS Biz"",""publishedAt"":""2026-09-30T07:21:00+09:00"",""title"":""8월 기업 주식·회사채 발행 10조 넘게 급감"",""url"":""https://n.news.naver.com/mnews/article/374/0000535480"",""duplicateOf"":null,""mentionsName"":false}]",20,0,,,,,,,
collection-33d2679006aa1e33,collection,2026-09-30,2026-09-29T22:27:33Z,,,"{""contextFile"":""reports/atlas11/context/2026-09-30/2026-09-29T22-27-33Z.json""}",context_news,2026-09-30,새 기사,,,,,false,010120,LS ELECTRIC,,,https://m.stock.naver.com/api/news/stock/010120?pageSize=20&page=1,fdc8328e32b80627ec506babbd9f44978063bb43f4f8eed106dafe635230c2f0,"[{""id"":""016-0002702070"",""office"":""헤럴드경제"",""publishedAt"":""2026-09-27T07:00:00+09:00"",""title"":""“AI 바람 타고 훨훨” 전력기기·전선 5社, 매출 30조원·영업익 3조원..."",""url"":""https://n.news.naver.com/mnews/article/016/0002702070"",""duplicateOf"":null,""mentionsName"":false},{""id"":""277-0005821053"",""office"":""아시아경제"",""publishedAt"":""2026-09-27T07:30:00+09:00"",""title"":""대미 투자 2차 효과 보나…ESS·변압기 美 수출 기대"",""url"":""https://n.news.naver.com/mnews/article/277/0005821053"",""duplicateOf"":null,""mentionsName"":false},{""id"":""025-0003553940"",""office"":""중앙일보"",""publishedAt"":""2026-09-27T12:24:00+09:00"",""title"":""한·멕시코, AI·항공우주로 협력 확대…최태원 “양국의 강점 모으자..."",""url"":""https://n.news.naver.com/mnews/article/025/0003553940"",""duplicateOf"":null,""mentionsName"":false},{""id"":""029-0003049968"",""office"":""디지털타임스"",""publishedAt"":""2026-09-27T12:56:00+09:00"",""title"":""&quot;전력 남을 때 저장·필요한 때 공급&quot;… 에너지저장장치(ESS), 韓 특허..."",""url"":""https://n.news.naver.com/mnews/article/029/0003049968"",""duplicateOf"":null,""mentionsName"":false},{""id"":""009-0005740298"",""office"":""매일경제"",""publishedAt"":""2026-09-27T16:03:00+09:00"",""title"":""LS일렉트릭, '상생형 스마트공장 구축 지원' 기술나눔"",""url"":""https://n.news.naver.com/mnews/article/009/0005740298"",""duplicateOf"":null,""mentionsName"":false},{""id"":""009-0005740313"",""office"":""매일경제"",""publishedAt"":""2026-09-27T16:04:00+09:00"",""title"":""물품대금 앞당겨 지급하고…수해복구 현장 곳곳서 구슬땀 &quot;명절·재난..."",""url"":""https://n.news.naver.com/mnews/article/009/0005740313"",""duplicateOf"":null,""mentionsName"":false},{""id"":""031-0001061363"",""office"":""아이뉴스24"",""publishedAt"":""2026-09-27T17:45:00+09:00"",""title"":""중앙아 3국에 깃발 꽂은 LS…MOU에서 수주까지는 '긴 호흡'"",""url"":""https://n.news.naver.com/mnews/article/031/0001061363"",""duplicateOf"":null,""mentionsName"":false},{""id"":""009-0005740442"",""office"":""매일경제"",""publishedAt"":""2026-09-27T19:08:00+09:00"",""title"":""수출株 날고…내수株 꺾였다 3분기도 'K자형' 실적 양극화"",""url"":""https://n.news.naver.com/mnews/article/009/0005740442"",""duplicateOf"":null,""mentionsName"":false},{""id"":""422-0000910198"",""office"":""연합뉴스TV"",""publishedAt"":""2026-09-28T05:41:00+09:00"",""title"":""한·멕시코, 경제협력 강화…비즈니스 포럼도 개최"",""url"":""https://n.news.naver.com/mnews/article/422/0000910198"",""duplicateOf"":null,""mentionsName"":false},{""id"":""366-0001194622"",""office"":""조선비즈"",""publishedAt"":""2026-09-28T06:01:00+09:00"",""title"":""중복상장 예외 1호 나왔어도… 대기업은 ‘주주동의 벽’에 눈치만"",""url"":""https://n.news.naver.com/mnews/article/366/0001194622"",""duplicateOf"":null,""mentionsName"":false},{""id"":""422-0000910262"",""office"":""연합뉴스TV"",""publishedAt"":""2026-09-28T09:48:00+09:00"",""title"":""LS일렉트릭, '데이터센터월드 아시아 2026' 참가…아세안 공략 강화"",""url"":""https://n.news.naver.com/mnews/article/422/0000910262"",""duplicateOf"":null,""mentionsName"":false},{""id"":""003-0014217824"",""office"":""뉴시스"",""publishedAt"":""2026-09-28T13:55:00+09:00"",""title"":""LS그룹, '배터리·전기차' 사업 다각화 잰걸음…&quot;신성장 동력 확보&quot;"",""url"":""https://n.news.naver.com/mnews/article/003/0014217824"",""duplicateOf"":null,""mentionsName"":false},{""id"":""014-0005581707"",""office"":""파이낸셜뉴스"",""publishedAt"":""2026-09-28T15:32:00+09:00"",""title"":""LS일렉트릭, 싱가포르 데이터센터 전시회 참가...아세안 시장 공략"",""url"":""https://n.news.naver.com/mnews/article/014/0005581707"",""duplicateOf"":null,""mentionsName"":false},{""id"":""008-0005419230"",""office"":""머니투데이"",""publishedAt"":""2026-09-28T17:27:00+09:00"",""title"":""엑스파이, HD현대삼호와 조선 블록 공정관리 AI 에이전트 실증"",""url"":""https://n.news.naver.com/mnews/article/008/0005419230"",""duplicateOf"":null,""mentionsName"":false},{""id"":""009-0005740968"",""office"":""매일경제"",""publishedAt"":""2026-09-28T17:39:00+09:00"",""title"":""&quot;전력 수요 매년 30% 폭증&quot;… K전력기기 '빅3' 일감 43조 쌓여"",""url"":""https://n.news.naver.com/mnews/article/009/0005740968"",""duplicateOf"":null,""mentionsName"":false},{""id"":""018-0006376671"",""office"":""이데일리"",""publishedAt"":""2026-09-29T04:02:00+09:00"",""title"":""현대차 로봇개 '스팟' 더 똑똑해진다…이상 점검도 알아서 척척[only이..."",""url"":""https://n.news.naver.com/mnews/article/018/0006376671"",""duplicateOf"":null,""mentionsName"":false},{""id"":""022-0004162495"",""office"":""세계일보"",""publishedAt"":""2026-09-29T05:02:00+09:00"",""title"":""[경제 단신] 코트라, 중동 피해기업 수출 다변화 지원 외"",""url"":""https://n.news.naver.com/mnews/article/022/0004162495"",""duplicateOf"":null,""mentionsName"":false},{""id"":""015-0005336999"",""office"":""한국경제"",""publishedAt"":""2026-09-29T09:42:00+09:00"",""title"":""'수소 스타트업' 엔포러스, 40억 프리A 투자 유치 추진"",""url"":""https://n.news.naver.com/mnews/article/015/0005336999"",""duplicateOf"":null,""mentionsName"":false},{""id"":""215-0001267572"",""office"":""한국경제TV"",""publishedAt"":""2026-09-29T15:35:00+09:00"",""title"":""가온전선, 가공선 현지 생산으로 미국 송전망 시장 진출"",""url"":""https://n.news.naver.com/mnews/article/215/0001267572"",""duplicateOf"":null,""mentionsName"":false},{""id"":""022-0004162776"",""office"":""세계일보"",""publishedAt"":""2026-09-29T20:02:00+09:00"",""title"":""삼성, 美헬릭스에 10억달러 투자… AI 데이터센터 사업 확장 승부수"",""url"":""https://n.news.naver.com/mnews/article/022/0004162776"",""duplicateOf"":null,""mentionsName"":false}]",20,0,,,,,,,
collection-89fd3947dc263bd2,collection,2026-09-30,2026-09-29T22:27:33Z,,,"{""contextFile"":""reports/atlas11/context/2026-09-30/2026-09-29T22-27-33Z.json""}",context_news,2026-09-30,새 기사,,,,,false,010130,고려아연,,,https://m.stock.naver.com/api/news/stock/010130?pageSize=20&page=1,34b5418a40a00a76473c33b232ee67ed92e1830e3a8581975a5e70be148b93e3,"[{""id"":""003-0014212282"",""office"":""뉴시스"",""publishedAt"":""2026-09-24T14:00:00+09:00"",""title"":""고려아연 경영권 분쟁 속에도…최윤범號, '최대실적·美공급망확장' ..."",""url"":""https://n.news.naver.com/mnews/article/003/0014212282"",""duplicateOf"":null,""mentionsName"":true},{""id"":""014-0005580747"",""office"":""파이낸셜뉴스"",""publishedAt"":""2026-09-25T07:31:00+09:00"",""title"":""'덩샤오핑 예언 적중' 희토류가 美 발목 잡았다…美·日 '산업의 비타..."",""url"":""https://n.news.naver.com/mnews/article/014/0005580747"",""duplicateOf"":null,""mentionsName"":false},{""id"":""056-0012263180"",""office"":""KBS"",""publishedAt"":""2026-09-25T07:43:00+09:00"",""title"":""고려아연, 10조 규모 美 제련소 환경 평가 최종 통과"",""url"":""https://n.news.naver.com/mnews/article/056/0012263180"",""duplicateOf"":null,""mentionsName"":true},{""id"":""018-0006375576"",""office"":""이데일리"",""publishedAt"":""2026-09-26T02:02:00+09:00"",""title"":""끝나지 않은 고려아연 분쟁…美 통합제련소 운명은"",""url"":""https://n.news.naver.com/mnews/article/018/0006375576"",""duplicateOf"":null,""mentionsName"":true},{""id"":""018-0006375744"",""office"":""이데일리"",""publishedAt"":""2026-09-26T19:03:00+09:00"",""title"":""‘경영권 분쟁’ 고려아연 회사채 시장 ‘노크’…최대 3000억 조달"",""url"":""https://n.news.naver.com/mnews/article/018/0006375744"",""duplicateOf"":null,""mentionsName"":true},{""id"":""079-0004193066"",""office"":""노컷뉴스"",""publishedAt"":""2026-09-27T14:11:00+09:00"",""title"":""최태원 &quot;멕시코, 글로벌 시장 접근성 갖춘 중요한 경제 거점&quot;"",""url"":""https://n.news.naver.com/mnews/article/079/0004193066"",""duplicateOf"":null,""mentionsName"":false},{""id"":""018-0006376019"",""office"":""이데일리"",""publishedAt"":""2026-09-27T20:11:00+09:00"",""title"":""[마켓인]추석 연휴 끝, 북클로징 전 부지런히 회사채 발행"",""url"":""https://n.news.naver.com/mnews/article/018/0006376019"",""duplicateOf"":null,""mentionsName"":false},{""id"":""119-0003137058"",""office"":""데일리안"",""publishedAt"":""2026-09-28T17:42:00+09:00"",""title"":""영풍·MBK &quot;지배구조 정상화해야&quot;…고려아연 &quot;기업가치 제고에 집중&quot;"",""url"":""https://n.news.naver.com/mnews/article/119/0003137058"",""duplicateOf"":null,""mentionsName"":true},{""id"":""422-0000910475"",""office"":""연합뉴스TV"",""publishedAt"":""2026-09-28T18:04:00+09:00"",""title"":""고려아연 최윤범 &quot;5년간 제품 30여종으로…핵심광물 경쟁력 강화&quot;"",""url"":""https://n.news.naver.com/mnews/article/422/0000910475"",""duplicateOf"":null,""mentionsName"":true},{""id"":""023-0004000794"",""office"":""조선일보"",""publishedAt"":""2026-09-28T18:34:00+09:00"",""title"":""‘경영권 분쟁 2년’ 고려아연 “영풍·MBK도 미래 가치 제고 동참해달..."",""url"":""https://n.news.naver.com/mnews/article/023/0004000794"",""duplicateOf"":null,""mentionsName"":true},{""id"":""014-0005582011"",""office"":""파이낸셜뉴스"",""publishedAt"":""2026-09-29T09:01:00+09:00"",""title"":""엑시스아이티, 한국뉴욕주립대 행정업무 통합 시스템 구축"",""url"":""https://n.news.naver.com/mnews/article/014/0005582011"",""duplicateOf"":null,""mentionsName"":false},{""id"":""015-0005337032"",""office"":""한국경제"",""publishedAt"":""2026-09-29T10:35:00+09:00"",""title"":""금리 급등 뒤 첫 시험대…SK·고려아연 등 우량채 1조원 발행"",""url"":""https://n.news.naver.com/mnews/article/015/0005337032"",""duplicateOf"":null,""mentionsName"":true},{""id"":""003-0014220260"",""office"":""뉴시스"",""publishedAt"":""2026-09-29T11:32:00+09:00"",""title"":""거래소, 한은 실물 금 매입 지원…KRX금시장 규정 개정"",""url"":""https://n.news.naver.com/mnews/article/003/0014220260"",""duplicateOf"":null,""mentionsName"":false},{""id"":""050-0000111403"",""office"":""한경비즈니스"",""publishedAt"":""2026-09-29T12:39:00+09:00"",""title"":""고려아연, 한화 계열사 통해 태양광 전력 20년 조달"",""url"":""https://n.news.naver.com/mnews/article/050/0000111403"",""duplicateOf"":null,""mentionsName"":true},{""id"":""123-0002390990"",""office"":""조세일보"",""publishedAt"":""2026-09-29T14:07:00+09:00"",""title"":""고려아연 화합주장에 영풍측은 최 회장이 사법리스크 책임 져야 맞불"",""url"":""https://n.news.naver.com/mnews/article/123/0002390990"",""duplicateOf"":null,""mentionsName"":true},{""id"":""021-0002821932"",""office"":""문화일보"",""publishedAt"":""2026-09-29T14:26:00+09:00"",""title"":""고려아연, 영풍·MBK에 “미래 위해 함께 가자”…최윤범 회장 ‘5년 ..."",""url"":""https://n.news.naver.com/mnews/article/021/0002821932"",""duplicateOf"":null,""mentionsName"":true},{""id"":""421-0009198173"",""office"":""뉴스1"",""publishedAt"":""2026-09-29T14:57:00+09:00"",""title"":""고려아연, 사업 영역 확대 발맞춰 기후에너지부 과장 출신 영입"",""url"":""https://n.news.naver.com/mnews/article/421/0009198173"",""duplicateOf"":null,""mentionsName"":true},{""id"":""031-0001062016"",""office"":""아이뉴스24"",""publishedAt"":""2026-09-29T15:36:00+09:00"",""title"":""고려아연, 국내 태양광 전력 20년간 확보…연 4200t 탄소 감축"",""url"":""https://n.news.naver.com/mnews/article/031/0001062016"",""duplicateOf"":null,""mentionsName"":true},{""id"":""018-0006377164"",""office"":""이데일리"",""publishedAt"":""2026-09-29T16:32:00+09:00"",""title"":""고려아연, 태양광 전력 20년간 확보…탄소배출 줄인다"",""url"":""https://n.news.naver.com/mnews/article/018/0006377164"",""duplicateOf"":null,""mentionsName"":true},{""id"":""018-0006377173"",""office"":""이데일리"",""publishedAt"":""2026-09-29T16:46:00+09:00"",""title"":""[단독]고려아연, 尹 정부 문체부 차관보 출신 영입…대관 역량 강화"",""url"":""https://n.news.naver.com/mnews/article/018/0006377173"",""duplicateOf"":null,""mentionsName"":true}]",20,0,,,,,,,
collection-938101953289f5cf,collection,2026-09-30,2026-09-29T22:27:33Z,,,"{""contextFile"":""reports/atlas11/context/2026-09-30/2026-09-29T22-27-33Z.json""}",context_news,2026-09-30,새 기사,,,,,false,010170,대한광통신,,,https://m.stock.naver.com/api/news/stock/010170?pageSize=20&page=1,35e4165b3a0a07f477a12679b52b17d047c0d171103ffe84ef130eb26c9ac644,"[{""id"":""277-0005816393"",""office"":""아시아경제"",""publishedAt"":""2026-09-15T09:57:00+09:00"",""title"":""코스피, 외국인·기관 매도에도 하락 출발 후 횡보세"",""url"":""https://n.news.naver.com/mnews/article/277/0005816393"",""duplicateOf"":null,""mentionsName"":false},{""id"":""366-0001192672"",""office"":""조선비즈"",""publishedAt"":""2026-09-16T10:04:00+09:00"",""title"":""[특징주] 광통신株, AI 데이터센터 인프라 증설 기대감에 장 초반 강세"",""url"":""https://n.news.naver.com/mnews/article/366/0001192672"",""duplicateOf"":null,""mentionsName"":false},{""id"":""081-0003680784"",""office"":""서울신문"",""publishedAt"":""2026-09-16T13:12:00+09:00"",""title"":""[서울데이터랩]코스닥 거래상위, 통신·광부품주 강세…대한광통신 거..."",""url"":""https://n.news.naver.com/mnews/article/081/0003680784"",""duplicateOf"":null,""mentionsName"":true},{""id"":""081-0003680866"",""office"":""서울신문"",""publishedAt"":""2026-09-16T15:56:00+09:00"",""title"":""[서울데이터랩]마감 직후 인기 검색 종목 20選"",""url"":""https://n.news.naver.com/mnews/article/081/0003680866"",""duplicateOf"":null,""mentionsName"":false},{""id"":""009-0005736284"",""office"":""매일경제"",""publishedAt"":""2026-09-16T17:48:00+09:00"",""title"":""&quot;통신장비 부족해&quot;…대한광통신 14% 쑥"",""url"":""https://n.news.naver.com/mnews/article/009/0005736284"",""duplicateOf"":null,""mentionsName"":true},{""id"":""052-0002408213"",""office"":""YTN"",""publishedAt"":""2026-09-17T09:26:00+09:00"",""title"":""&quot;美금리인상은 예상대로였다&quot; 흔들리지 않는 코스피?"",""url"":""https://n.news.naver.com/mnews/article/052/0002408213"",""duplicateOf"":null,""mentionsName"":false},{""id"":""081-0003681103"",""office"":""서울신문"",""publishedAt"":""2026-09-17T09:35:00+09:00"",""title"":""[서울데이터랩]개장 직후 인기 검색 종목 20選"",""url"":""https://n.news.naver.com/mnews/article/081/0003681103"",""duplicateOf"":null,""mentionsName"":false},{""id"":""021-0002819613"",""office"":""문화일보"",""publishedAt"":""2026-09-17T19:12:00+09:00"",""title"":""“이제는 광통신주? …AI 인프라 투자 확대에 광통신주 강세"",""url"":""https://n.news.naver.com/mnews/article/021/0002819613"",""duplicateOf"":null,""mentionsName"":false},{""id"":""081-0003681537"",""office"":""서울신문"",""publishedAt"":""2026-09-18T09:57:00+09:00"",""title"":""[서울데이터랩]마감 직후 인기 검색 종목 20選"",""url"":""https://n.news.naver.com/mnews/article/081/0003681537"",""duplicateOf"":""081-0003680866"",""mentionsName"":false},{""id"":""088-0001029275"",""office"":""매일신문"",""publishedAt"":""2026-09-18T10:55:00+09:00"",""title"":""AI 데이터센터에 광통신주 '들썩'…국내 업체 수주 확대 기회"",""url"":""https://n.news.naver.com/mnews/article/088/0001029275"",""duplicateOf"":null,""mentionsName"":false},{""id"":""665-0000008188"",""office"":""더스쿠프"",""publishedAt"":""2026-09-19T10:04:00+09:00"",""title"":""젠슨 황에 웃고 트럼프에 울고…이란 리스크와 국장 [주간 증시해설서..."",""url"":""https://n.news.naver.com/mnews/article/665/0000008188"",""duplicateOf"":null,""mentionsName"":false},{""id"":""374-0000533994"",""office"":""SBS Biz"",""publishedAt"":""2026-09-21T08:30:00+09:00"",""title"":""[투자자 순매수 TOP5] 외국인, 반도체 대형주 집중 매도…SK스퀘어는 ..."",""url"":""https://n.news.naver.com/mnews/article/374/0000533994"",""duplicateOf"":null,""mentionsName"":false},{""id"":""081-0003682088"",""office"":""서울신문"",""publishedAt"":""2026-09-21T09:32:00+09:00"",""title"":""[서울데이터랩]개장 직후 인기 검색 종목 20選"",""url"":""https://n.news.naver.com/mnews/article/081/0003682088"",""duplicateOf"":""081-0003681103"",""mentionsName"":false},{""id"":""081-0003682306"",""office"":""서울신문"",""publishedAt"":""2026-09-21T15:50:00+09:00"",""title"":""[서울데이터랩]마감 직후 인기 검색 종목 20選"",""url"":""https://n.news.naver.com/mnews/article/081/0003682306"",""duplicateOf"":""081-0003680866"",""mentionsName"":false},{""id"":""081-0003682759"",""office"":""서울신문"",""publishedAt"":""2026-09-22T15:41:00+09:00"",""title"":""[서울데이터랩]마감 직후 인기 검색 종목 20選"",""url"":""https://n.news.naver.com/mnews/article/081/0003682759"",""duplicateOf"":""081-0003680866"",""mentionsName"":false},{""id"":""081-0003683061"",""office"":""서울신문"",""publishedAt"":""2026-09-23T13:10:00+09:00"",""title"":""[서울데이터랩]마감 직후 인기 검색 종목 20選"",""url"":""https://n.news.naver.com/mnews/article/081/0003683061"",""duplicateOf"":""081-0003680866"",""mentionsName"":false},{""id"":""081-0003683970"",""office"":""서울신문"",""publishedAt"":""2026-09-28T13:59:00+09:00"",""title"":""레메디 24% 급등·와이즈플래닛 24% 급락… 변동성 확대된 코스닥"",""url"":""https://n.news.naver.com/mnews/article/081/0003683970"",""duplicateOf"":null,""mentionsName"":false},{""id"":""081-0003684054"",""office"":""서울신문"",""publishedAt"":""2026-09-28T16:39:00+09:00"",""title"":""삼성전자·SK하이닉스 5%대 하락… HLB는 상한가"",""url"":""https://n.news.naver.com/mnews/article/081/0003684054"",""duplicateOf"":null,""mentionsName"":false},{""id"":""081-0003684370"",""office"":""서울신문"",""publishedAt"":""2026-09-29T13:58:00+09:00"",""title"":""빅웨이브로보틱스 187% 급등·퀀텀레일 하한가… 변동성 확대된 코스..."",""url"":""https://n.news.naver.com/mnews/article/081/0003684370"",""duplicateOf"":null,""mentionsName"":false},{""id"":""081-0003684436"",""office"":""서울신문"",""publishedAt"":""2026-09-29T15:45:00+09:00"",""title"":""삼성전자 27만2500원 마감, SK하이닉스 거래대금 5조… 검색 관심 대규..."",""url"":""https://n.news.naver.com/mnews/article/081/0003684436"",""duplicateOf"":null,""mentionsName"":false}]",15,5,,,,,,,
collection-c6303d5890388139,collection,2026-09-30,2026-09-29T22:27:33Z,,,"{""contextFile"":""reports/atlas11/context/2026-09-30/2026-09-29T22-27-33Z.json""}",context_news,2026-09-30,새 기사,,,,,false,011200,HMM,,,https://m.stock.naver.com/api/news/stock/011200?pageSize=20&page=1,1d80e5d303a559ab0a90d29d3b0816f945ecbcdf5b9322f8851afcee017d62eb,"[{""id"":""029-0003044842"",""office"":""디지털타임스"",""publishedAt"":""2026-08-28T12:43:00+09:00"",""title"":""“AI확산이 글로벌 해운·항만·물류산업구조 빠르게 바꿔”"",""url"":""https://n.news.naver.com/mnews/article/029/0003044842"",""duplicateOf"":null,""mentionsName"":false},{""id"":""119-0003127229"",""office"":""데일리안"",""publishedAt"":""2026-08-31T11:01:00+09:00"",""title"":""외국선박 관리하면 항만시설 사용료 감면…해수부, 우수 선박관리기업..."",""url"":""https://n.news.naver.com/mnews/article/119/0003127229"",""duplicateOf"":null,""mentionsName"":false},{""id"":""092-0002436439"",""office"":""지디넷코리아"",""publishedAt"":""2026-09-07T11:12:00+09:00"",""title"":""최적 항로부터 선내 사고 예방까지…해운업에 AI 입힌다"",""url"":""https://n.news.naver.com/mnews/article/092/0002436439"",""duplicateOf"":null,""mentionsName"":false},{""id"":""629-0000531684"",""office"":""더팩트"",""publishedAt"":""2026-09-08T11:03:00+09:00"",""title"":""HMM, 브라질 최대 광산업체와 4.7조원 규모 장기운송계약"",""url"":""https://n.news.naver.com/mnews/article/629/0000531684"",""duplicateOf"":null,""mentionsName"":true},{""id"":""031-0001056351"",""office"":""아이뉴스24"",""publishedAt"":""2026-09-08T12:59:00+09:00"",""title"":""HMM, 브라질 발레와 4.7조원 규모 장기운송계약 체결"",""url"":""https://n.news.naver.com/mnews/article/031/0001056351"",""duplicateOf"":null,""mentionsName"":true},{""id"":""015-0005330196"",""office"":""한국경제"",""publishedAt"":""2026-09-08T18:42:00+09:00"",""title"":""HMM, 브라질 광산업체와 4.7조 장기운송계약"",""url"":""https://n.news.naver.com/mnews/article/015/0005330196"",""duplicateOf"":null,""mentionsName"":true},{""id"":""277-0005814586"",""office"":""아시아경제"",""publishedAt"":""2026-09-10T12:03:00+09:00"",""title"":""한진해운 파산 10년…해진공 17.5조, 국적선대 재건 '버팀목'"",""url"":""https://n.news.naver.com/mnews/article/277/0005814586"",""duplicateOf"":null,""mentionsName"":false},{""id"":""030-0003465732"",""office"":""전자신문"",""publishedAt"":""2026-09-10T17:01:00+09:00"",""title"":""해상운임, 12주 연속 3000선대…질주하는 HMM"",""url"":""https://n.news.naver.com/mnews/article/030/0003465732"",""duplicateOf"":null,""mentionsName"":true},{""id"":""421-0009164513"",""office"":""뉴스1"",""publishedAt"":""2026-09-11T10:01:00+09:00"",""title"":""중동 충돌 장기화 우려에 STX그린로지스·흥아해운 4% 안팎↑[핫종목..."",""url"":""https://n.news.naver.com/mnews/article/421/0009164513"",""duplicateOf"":null,""mentionsName"":false},{""id"":""082-0001398063"",""office"":""부산일보"",""publishedAt"":""2026-09-13T17:14:00+09:00"",""title"":""해진공, 출범 8년간 해운금융 17.5조 지원… “향후 5년간 ‘중특프’..."",""url"":""https://n.news.naver.com/mnews/article/082/0001398063"",""duplicateOf"":null,""mentionsName"":false},{""id"":""421-0009167638"",""office"":""뉴스1"",""publishedAt"":""2026-09-14T06:30:00+09:00"",""title"":""연말 특수에 중동 상황 악화…해운사, 실적 전망 '급상승'"",""url"":""https://n.news.naver.com/mnews/article/421/0009167638"",""duplicateOf"":null,""mentionsName"":false},{""id"":""009-0005735785"",""office"":""매일경제"",""publishedAt"":""2026-09-15T21:28:00+09:00"",""title"":""“하루 뱃삯 11억씩 냅니다”…역대급 운임에 기업들 비명도 안나온다"",""url"":""https://n.news.naver.com/mnews/article/009/0005735785"",""duplicateOf"":null,""mentionsName"":false},{""id"":""003-0014195629"",""office"":""뉴시스"",""publishedAt"":""2026-09-17T05:30:00+09:00"",""title"":""국제유가 4개월 만에 최고…해운사, 기름값에 실적 발목 또 잡히나"",""url"":""https://n.news.naver.com/mnews/article/003/0014195629"",""duplicateOf"":null,""mentionsName"":false},{""id"":""011-0004662967"",""office"":""서울경제"",""publishedAt"":""2026-09-17T16:34:00+09:00"",""title"":""[단독] HMM, 현대무벡스 지분 4% 매각…투자재원 765억 마련 [시그널]"",""url"":""https://n.news.naver.com/mnews/article/011/0004662967"",""duplicateOf"":null,""mentionsName"":true},{""id"":""008-0005415668"",""office"":""머니투데이"",""publishedAt"":""2026-09-18T09:18:00+09:00"",""title"":""HMM 강세…호르무즈 타국선박 피격에 운임상승 기대감"",""url"":""https://n.news.naver.com/mnews/article/008/0005415668"",""duplicateOf"":null,""mentionsName"":true},{""id"":""277-0005818973"",""office"":""아시아경제"",""publishedAt"":""2026-09-21T08:07:00+09:00"",""title"":""&quot;현금 떨어진 뒤엔 늦다…구조조정, 실패 아닌 경영수단&quot;[기업개선 2...."",""url"":""https://n.news.naver.com/mnews/article/277/0005818973"",""duplicateOf"":null,""mentionsName"":false},{""id"":""011-0004664082"",""office"":""서울경제"",""publishedAt"":""2026-09-21T14:40:00+09:00"",""title"":""HMM, 여의도 한강공원 일대 환경정화 캠페인 ‘블루밍’ 개최"",""url"":""https://n.news.naver.com/mnews/article/011/0004664082"",""duplicateOf"":null,""mentionsName"":true},{""id"":""001-0016336684"",""office"":""연합뉴스"",""publishedAt"":""2026-09-26T07:00:00+09:00"",""title"":""[해수분해] 한진해운 파산으로 휘청인 한국 해운…어떻게 다시 일어섰..."",""url"":""https://n.news.naver.com/mnews/article/001/0016336684"",""duplicateOf"":null,""mentionsName"":false},{""id"":""008-0005419195"",""office"":""머니투데이"",""publishedAt"":""2026-09-28T16:46:00+09:00"",""title"":""해진공, 친환경 설비 실증 결과 공개…연료 절감 등 성능 검증"",""url"":""https://n.news.naver.com/mnews/article/008/0005419195"",""duplicateOf"":null,""mentionsName"":false},{""id"":""011-0004666050"",""office"":""서울경제"",""publishedAt"":""2026-09-28T17:26:00+09:00"",""title"":""HMM 연내 매각 물건너가자…2차 자사주 매입 부상 [시그널]"",""url"":""https://n.news.naver.com/mnews/article/011/0004666050"",""duplicateOf"":null,""mentionsName"":true}]",20,0,,,,,,,
collection-71036f8df2eddbc7,collection,2026-09-30,2026-09-29T22:27:33Z,,,"{""contextFile"":""reports/atlas11/context/2026-09-30/2026-09-29T22-27-33Z.json""}",context_news,2026-09-30,새 기사,,,,,false,012330,현대모비스,,,https://m.stock.naver.com/api/news/stock/012330?pageSize=20&page=1,b64b0ab72ec56b7bc5c605775d027b3805dc439b49958edd20ae6f191bfb778a,"[{""id"":""014-0005580418"",""office"":""파이낸셜뉴스"",""publishedAt"":""2026-09-23T16:07:00+09:00"",""title"":""연휴 후 증시 어디로… 건설·화장품 뜨고 증권·車 숨고르기"",""url"":""https://n.news.naver.com/mnews/article/014/0005580418"",""duplicateOf"":null,""mentionsName"":false},{""id"":""009-0005739651"",""office"":""매일경제"",""publishedAt"":""2026-09-23T16:21:00+09:00"",""title"":""“트럼프·시진핑 만나는데 삼전닉스는 왜 오르죠?”…주요 의제 AI에..."",""url"":""https://n.news.naver.com/mnews/article/009/0005739651"",""duplicateOf"":null,""mentionsName"":false},{""id"":""081-0003683269"",""office"":""서울신문"",""publishedAt"":""2026-09-24T05:03:00+09:00"",""title"":""KT＆G·고려아연 등 7개 기업 26년째 ‘흑자 행진’"",""url"":""https://n.news.naver.com/mnews/article/081/0003683269"",""duplicateOf"":null,""mentionsName"":false},{""id"":""015-0005335865"",""office"":""한국경제"",""publishedAt"":""2026-09-24T09:31:00+09:00"",""title"":""&quot;중국산만 쓰더니 갑자기 왜?&quot;…테슬라, 韓 공장 찾아다닌 이유"",""url"":""https://n.news.naver.com/mnews/article/015/0005335865"",""duplicateOf"":null,""mentionsName"":false},{""id"":""009-0005739886"",""office"":""매일경제"",""publishedAt"":""2026-09-25T06:04:00+09:00"",""title"":""“현대차·모비스 70층, 구조 포기했습니다”…피지컬AI ETF ‘싸늘’"",""url"":""https://n.news.naver.com/mnews/article/009/0005739886"",""duplicateOf"":null,""mentionsName"":false},{""id"":""018-0006375514"",""office"":""이데일리"",""publishedAt"":""2026-09-25T14:54:00+09:00"",""title"":""재계 총수 올해 명절 연휴엔 어디로…‘글로벌 경영’ 나선다(종합)"",""url"":""https://n.news.naver.com/mnews/article/018/0006375514"",""duplicateOf"":null,""mentionsName"":false},{""id"":""016-0002702056"",""office"":""헤럴드경제"",""publishedAt"":""2026-09-26T21:41:00+09:00"",""title"":""기관이 끌어올린 ‘칠천피’…삼성전자에 5.7조 쏠렸다[투자360]"",""url"":""https://n.news.naver.com/mnews/article/016/0002702056"",""duplicateOf"":null,""mentionsName"":false},{""id"":""018-0006375891"",""office"":""이데일리"",""publishedAt"":""2026-09-27T13:27:00+09:00"",""title"":""“피스톤은 죽지 않는다…신사업 매출 1000억 키울 것”"",""url"":""https://n.news.naver.com/mnews/article/018/0006375891"",""duplicateOf"":null,""mentionsName"":false},{""id"":""009-0005740303"",""office"":""매일경제"",""publishedAt"":""2026-09-27T16:04:00+09:00"",""title"":""현대모비스, 자금조달 어려운 중소·중견 협력사 지원"",""url"":""https://n.news.naver.com/mnews/article/009/0005740303"",""duplicateOf"":null,""mentionsName"":true},{""id"":""009-0005740313"",""office"":""매일경제"",""publishedAt"":""2026-09-27T16:04:00+09:00"",""title"":""물품대금 앞당겨 지급하고…수해복구 현장 곳곳서 구슬땀 &quot;명절·재난..."",""url"":""https://n.news.naver.com/mnews/article/009/0005740313"",""duplicateOf"":null,""mentionsName"":false},{""id"":""014-0005581173"",""office"":""파이낸셜뉴스"",""publishedAt"":""2026-09-27T17:39:00+09:00"",""title"":""삼전닉스 덜어낸 큰손들…'배당·소각 호재' 삼전우 늘려"",""url"":""https://n.news.naver.com/mnews/article/014/0005581173"",""duplicateOf"":null,""mentionsName"":false},{""id"":""374-0000535154"",""office"":""SBS Biz"",""publishedAt"":""2026-09-28T17:58:00+09:00"",""title"":""[단독] '신차 부품 개발 못한다'...모비스 주요 협력사, 보이콧 통보"",""url"":""https://n.news.naver.com/mnews/article/374/0000535154"",""duplicateOf"":null,""mentionsName"":false},{""id"":""081-0003684205"",""office"":""서울신문"",""publishedAt"":""2026-09-29T05:05:00+09:00"",""title"":""협력사 금융·기술 지원 힘쓰는 현대모비스"",""url"":""https://n.news.naver.com/mnews/article/081/0003684205"",""duplicateOf"":null,""mentionsName"":true},{""id"":""018-0006377078"",""office"":""이데일리"",""publishedAt"":""2026-09-29T14:51:00+09:00"",""title"":""EU ‘메이드 인 유럽’ 강화…현대차그룹 공급망 현지화 시험대"",""url"":""https://n.news.naver.com/mnews/article/018/0006377078"",""duplicateOf"":null,""mentionsName"":false},{""id"":""009-0005741368"",""office"":""매일경제"",""publishedAt"":""2026-09-29T15:35:00+09:00"",""title"":""“대학 몰린 곳, 집값도 올랐다”…배후수요 품은 대학교 인근 아파트..."",""url"":""https://n.news.naver.com/mnews/article/009/0005741368"",""duplicateOf"":null,""mentionsName"":false},{""id"":""024-0000108563"",""office"":""매경이코노미"",""publishedAt"":""2026-09-29T15:49:00+09:00"",""title"":""국민연금 리밸런싱 영향 미미…삼전 던지고 하닉 줍줍"",""url"":""https://n.news.naver.com/mnews/article/024/0000108563"",""duplicateOf"":null,""mentionsName"":false},{""id"":""015-0005337185"",""office"":""한국경제"",""publishedAt"":""2026-09-29T16:07:00+09:00"",""title"":""휠체어 앉은채 그대로 차에 타고 운전…진정한 이동 독립, 꿈 아니다"",""url"":""https://n.news.naver.com/mnews/article/015/0005337185"",""duplicateOf"":null,""mentionsName"":false},{""id"":""014-0005582481"",""office"":""파이낸셜뉴스"",""publishedAt"":""2026-09-29T18:13:00+09:00"",""title"":""박스권 장세 속 연기금 ‘종목 선별’ 강화…반도체·車 팔고 AI인프라..."",""url"":""https://n.news.naver.com/mnews/article/014/0005582481"",""duplicateOf"":null,""mentionsName"":false},{""id"":""003-0014222307"",""office"":""뉴시스"",""publishedAt"":""2026-09-30T06:00:00+09:00"",""title"":""[오늘의 주요일정]경제(9월30일수요일)"",""url"":""https://n.news.naver.com/mnews/article/003/0014222307"",""duplicateOf"":null,""mentionsName"":false},{""id"":""003-0014222309"",""office"":""뉴시스"",""publishedAt"":""2026-09-30T06:00:00+09:00"",""title"":""[오늘의 주요일정]산업통상부(9월30일수요일)"",""url"":""https://n.news.naver.com/mnews/article/003/0014222309"",""duplicateOf"":null,""mentionsName"":false}]",20,0,,,,,,,
collection-06b3a77a1a3cecf3,collection,2026-09-30,2026-09-29T22:27:33Z,,,"{""contextFile"":""reports/atlas11/context/2026-09-30/2026-09-29T22-27-33Z.json""}",context_news,2026-09-30,새 기사,,,,,false,012450,한화에어로스페이스,,,https://m.stock.naver.com/api/news/stock/012450?pageSize=20&page=1,e86207e54c2b1050077364e950e537fb739a2fc3ed626486bb5e3f787069b9e1,"[{""id"":""030-0003470769"",""office"":""전자신문"",""publishedAt"":""2026-09-29T15:02:00+09:00"",""title"":""[초지능 시대 인재양성] 15개 AX대학원, 도메인별 석·박사 융합 인재..."",""url"":""https://n.news.naver.com/mnews/article/030/0003470769"",""duplicateOf"":null,""mentionsName"":false},{""id"":""029-0003050489"",""office"":""디지털타임스"",""publishedAt"":""2026-09-29T15:54:00+09:00"",""title"":""코스피, 외인 2.9조 순매도에도 약보합 마감…삼전↑·SK하닉↓"",""url"":""https://n.news.naver.com/mnews/article/029/0003050489"",""duplicateOf"":null,""mentionsName"":false},{""id"":""138-0002243023"",""office"":""디지털데일리"",""publishedAt"":""2026-09-29T15:57:00+09:00"",""title"":""'문항거래 비리 의혹' 조정식, 국감 증인 채택…10월7일 출석 요구"",""url"":""https://n.news.naver.com/mnews/article/138/0002243023"",""duplicateOf"":null,""mentionsName"":false},{""id"":""029-0003050493"",""office"":""디지털타임스"",""publishedAt"":""2026-09-29T16:01:00+09:00"",""title"":""누리호 5차 발사, 4차 때와 달라진 점은… ‘군집위성 다중발사’ 첫..."",""url"":""https://n.news.naver.com/mnews/article/029/0003050493"",""duplicateOf"":null,""mentionsName"":false},{""id"":""277-0005822292"",""office"":""아시아경제"",""publishedAt"":""2026-09-29T16:07:00+09:00"",""title"":""외국인 2.9조 '팔자'…코스피, 6870선 약보합 마감"",""url"":""https://n.news.naver.com/mnews/article/277/0005822292"",""duplicateOf"":null,""mentionsName"":false},{""id"":""052-0002412472"",""office"":""YTN"",""publishedAt"":""2026-09-29T16:10:00+09:00"",""title"":""누리호 5차 발사 D-8...오늘 발사체 조립 완료"",""url"":""https://n.news.naver.com/mnews/article/052/0002412472"",""duplicateOf"":null,""mentionsName"":false},{""id"":""020-0003751410"",""office"":""동아일보"",""publishedAt"":""2026-09-29T16:43:00+09:00"",""title"":""서울대에 ‘AI반도체 혁신연구소’ 설치…기업과 공동연구"",""url"":""https://n.news.naver.com/mnews/article/020/0003751410"",""duplicateOf"":null,""mentionsName"":false},{""id"":""052-0002412497"",""office"":""YTN"",""publishedAt"":""2026-09-29T16:45:00+09:00"",""title"":""재사용 '시험용 비행체' 조립 착수...2028년 수직 이착륙 시험"",""url"":""https://n.news.naver.com/mnews/article/052/0002412497"",""duplicateOf"":null,""mentionsName"":false},{""id"":""119-0003137596"",""office"":""데일리안"",""publishedAt"":""2026-09-29T16:58:00+09:00"",""title"":""과기정통부, AI 중심대학 18곳·AX 대학원 15곳 출범"",""url"":""https://n.news.naver.com/mnews/article/119/0003137596"",""duplicateOf"":null,""mentionsName"":false},{""id"":""092-0002439160"",""office"":""지디넷코리아"",""publishedAt"":""2026-09-29T17:06:00+09:00"",""title"":""AI로 체질 바꾸는 K-게임…도약 속 남겨진 과제는"",""url"":""https://n.news.naver.com/mnews/article/092/0002439160"",""duplicateOf"":null,""mentionsName"":false},{""id"":""469-0000956643"",""office"":""한국일보"",""publishedAt"":""2026-09-29T17:25:00+09:00"",""title"":""대학 AI 교육 판 바꾼다…기업 참여 AX대학원·AI중심대학 출범"",""url"":""https://n.news.naver.com/mnews/article/469/0000956643"",""duplicateOf"":null,""mentionsName"":false},{""id"":""009-0005741541"",""office"":""매일경제"",""publishedAt"":""2026-09-29T17:35:00+09:00"",""title"":""1.9조 공대공 미사일 개발사업 … 한화 對 로템·LIG연합 대혈투"",""url"":""https://n.news.naver.com/mnews/article/009/0005741541"",""duplicateOf"":null,""mentionsName"":false},{""id"":""138-0002243046"",""office"":""디지털데일리"",""publishedAt"":""2026-09-29T17:53:00+09:00"",""title"":""한·인도 방산 공동위 개최…비호복합·K9 협력 논의"",""url"":""https://n.news.naver.com/mnews/article/138/0002243046"",""duplicateOf"":null,""mentionsName"":false},{""id"":""015-0005337294"",""office"":""한국경제"",""publishedAt"":""2026-09-29T17:59:00+09:00"",""title"":""[단독] &quot;한국산 무기 없어서 못 산다&quot;…65조 '잭팟' 터진 K방산"",""url"":""https://n.news.naver.com/mnews/article/015/0005337294"",""duplicateOf"":null,""mentionsName"":false},{""id"":""011-0004666585"",""office"":""서울경제"",""publishedAt"":""2026-09-29T21:19:00+09:00"",""title"":""AI 도입 빨라지는 게임업계…‘품질 저하’는 남은 숙제"",""url"":""https://n.news.naver.com/mnews/article/011/0004666585"",""duplicateOf"":null,""mentionsName"":false},{""id"":""277-0005822414"",""office"":""아시아경제"",""publishedAt"":""2026-09-29T21:54:00+09:00"",""title"":""한국형 '재사용 로켓' 첫발…2028년 수직 이착륙 시험"",""url"":""https://n.news.naver.com/mnews/article/277/0005822414"",""duplicateOf"":null,""mentionsName"":false},{""id"":""020-0003751501"",""office"":""동아일보"",""publishedAt"":""2026-09-30T00:32:00+09:00"",""title"":""과기부, 서울대에 ‘AI반도체 혁신연구소’ 열어"",""url"":""https://n.news.naver.com/mnews/article/020/0003751501"",""duplicateOf"":null,""mentionsName"":false},{""id"":""052-0002412694"",""office"":""YTN"",""publishedAt"":""2026-09-30T04:33:00+09:00"",""title"":""재사용 '시험용 비행체' 조립 착수...2028년 수직 이착륙 시험"",""url"":""https://n.news.naver.com/mnews/article/052/0002412694"",""duplicateOf"":""052-0002412497"",""mentionsName"":false},{""id"":""025-0003554678"",""office"":""중앙일보"",""publishedAt"":""2026-09-30T05:00:00+09:00"",""title"":""삼성후자, 94배 키웠다…이재용 만난 김동관의 ‘2조 담판’"",""url"":""https://n.news.naver.com/mnews/article/025/0003554678"",""duplicateOf"":null,""mentionsName"":false},{""id"":""001-0016345255"",""office"":""연합뉴스"",""publishedAt"":""2026-09-30T06:33:00+09:00"",""title"":""[발사D-7] ② 누리호 사업단장 &quot;5차 발사, 쌓인 경험이 다르다&quot;"",""url"":""https://n.news.naver.com/mnews/article/001/0016345255"",""duplicateOf"":null,""mentionsName"":false}]",19,1,,,,,,,
collection-e162fe09897655cc,collection,2026-09-30,2026-09-29T22:27:33Z,,,"{""contextFile"":""reports/atlas11/context/2026-09-30/2026-09-29T22-27-33Z.json""}",context_news,2026-09-30,새 기사,,,,,false,012750,에스원,,,https://m.stock.naver.com/api/news/stock/012750?pageSize=20&page=1,2bd3150bb28524710eb3742f192e404991468728fb9f0cd278bd9103b87b43a8,"[{""id"":""015-0005317535"",""office"":""한국경제"",""publishedAt"":""2026-08-05T10:35:00+09:00"",""title"":""꼬리 무는 코스피 IPO 도전장…연내 상장 '속도전'"",""url"":""https://n.news.naver.com/mnews/article/015/0005317535"",""duplicateOf"":null,""mentionsName"":false},{""id"":""024-0000107354"",""office"":""매경이코노미"",""publishedAt"":""2026-08-05T21:01:00+09:00"",""title"":""먹튀냐 동반자냐…기세등등 K-행동주의 [스페셜리포트]"",""url"":""https://n.news.naver.com/mnews/article/024/0000107354"",""duplicateOf"":null,""mentionsName"":false},{""id"":""015-0005319162"",""office"":""한국경제"",""publishedAt"":""2026-08-10T16:00:00+09:00"",""title"":""무신사·구다이…코스피 대어 몰려온다"",""url"":""https://n.news.naver.com/mnews/article/015/0005319162"",""duplicateOf"":null,""mentionsName"":false},{""id"":""277-0005802431"",""office"":""아시아경제"",""publishedAt"":""2026-08-13T08:25:00+09:00"",""title"":""오스템임플란트, '지속가능경영 보고서' 발간…ESG 성과 공개"",""url"":""https://n.news.naver.com/mnews/article/277/0005802431"",""duplicateOf"":null,""mentionsName"":false},{""id"":""293-0000089196"",""office"":""블로터"",""publishedAt"":""2026-08-18T14:28:00+09:00"",""title"":""글로벌 운용사 피델리티, 에스원 지분 5.12% 확보"",""url"":""https://n.news.naver.com/mnews/article/293/0000089196"",""duplicateOf"":null,""mentionsName"":true},{""id"":""374-0000528713"",""office"":""SBS Biz"",""publishedAt"":""2026-08-21T15:52:00+09:00"",""title"":""韓총리, 규제합리화委에 &quot;현장의 눈으로 변화 이끌어달라&quot;"",""url"":""https://n.news.naver.com/mnews/article/374/0000528713"",""duplicateOf"":null,""mentionsName"":false},{""id"":""001-0016267570"",""office"":""연합뉴스"",""publishedAt"":""2026-08-24T15:42:00+09:00"",""title"":""진도군-에스원, '스마트 365 안전 지킴이' 협약"",""url"":""https://n.news.naver.com/mnews/article/001/0016267570"",""duplicateOf"":null,""mentionsName"":true},{""id"":""366-0001188242"",""office"":""조선비즈"",""publishedAt"":""2026-08-25T16:32:00+09:00"",""title"":""야간·주말 체육관도 무인으로 운영…에스원, 학교 안전 AI 솔루션 확..."",""url"":""https://n.news.naver.com/mnews/article/366/0001188242"",""duplicateOf"":null,""mentionsName"":true},{""id"":""032-0003466388"",""office"":""경향신문"",""publishedAt"":""2026-08-25T20:25:00+09:00"",""title"":""에스원 “야간·주말 학교 안전 맡겨주세요”"",""url"":""https://n.news.naver.com/mnews/article/032/0003466388"",""duplicateOf"":null,""mentionsName"":true},{""id"":""648-0000050150"",""office"":""비즈워치"",""publishedAt"":""2026-08-26T06:50:00+09:00"",""title"":""[산업 리그테이블]①삼성, '영업익 11배' 폭증…전자 날고 전기·중공..."",""url"":""https://n.news.naver.com/mnews/article/648/0000050150"",""duplicateOf"":null,""mentionsName"":false},{""id"":""018-0006359285"",""office"":""이데일리"",""publishedAt"":""2026-08-27T20:57:00+09:00"",""title"":""FCP, 삼성 계열사 보유 에스원 지분 20.6% 인수 제안…9066억원 규모"",""url"":""https://n.news.naver.com/mnews/article/018/0006359285"",""duplicateOf"":null,""mentionsName"":true},{""id"":""648-0000050254"",""office"":""비즈워치"",""publishedAt"":""2026-08-28T08:40:00+09:00"",""title"":""&quot;삼성, 에스원 팔아라&quot;…현실성 있나?"",""url"":""https://n.news.naver.com/mnews/article/648/0000050254"",""duplicateOf"":null,""mentionsName"":true},{""id"":""016-0002690992"",""office"":""헤럴드경제"",""publishedAt"":""2026-09-01T10:11:00+09:00"",""title"":""137년 역사 프랑스 베이커리 ‘폴’ 재진출…이번엔 다르다? [언박싱]"",""url"":""https://n.news.naver.com/mnews/article/016/0002690992"",""duplicateOf"":null,""mentionsName"":false},{""id"":""088-0001026229"",""office"":""매일신문"",""publishedAt"":""2026-09-01T15:53:00+09:00"",""title"":""화재·폭력 징후 감지…AI로 커지는 보안시장"",""url"":""https://n.news.naver.com/mnews/article/088/0001026229"",""duplicateOf"":null,""mentionsName"":false},{""id"":""008-0005410465"",""office"":""머니투데이"",""publishedAt"":""2026-09-07T16:20:00+09:00"",""title"":""일본은 '공시 다이어트' 시작…&quot;중복 덜고 투자정보 연결&quot;"",""url"":""https://n.news.naver.com/mnews/article/008/0005410465"",""duplicateOf"":null,""mentionsName"":false},{""id"":""008-0005410651"",""office"":""머니투데이"",""publishedAt"":""2026-09-08T07:00:00+09:00"",""title"":""공시 쏟아지는데 중요 숫자는 숨바꼭질…한국도 '공시 다이어트' 나설..."",""url"":""https://n.news.naver.com/mnews/article/008/0005410651"",""duplicateOf"":null,""mentionsName"":false},{""id"":""031-0001060933"",""office"":""아이뉴스24"",""publishedAt"":""2026-09-23T11:01:00+09:00"",""title"":""500대 기업 7곳, 106분기 연속 흑자…5년 이상 흑자 117곳"",""url"":""https://n.news.naver.com/mnews/article/031/0001060933"",""duplicateOf"":null,""mentionsName"":false},{""id"":""138-0002242569"",""office"":""디지털데일리"",""publishedAt"":""2026-09-23T15:02:00+09:00"",""title"":""에스원, 관제 데이터로 AI 보안 혁신…추석 연휴에도 '풀가동'"",""url"":""https://n.news.naver.com/mnews/article/138/0002242569"",""duplicateOf"":null,""mentionsName"":true},{""id"":""081-0003683269"",""office"":""서울신문"",""publishedAt"":""2026-09-24T05:03:00+09:00"",""title"":""KT＆G·고려아연 등 7개 기업 26년째 ‘흑자 행진’"",""url"":""https://n.news.naver.com/mnews/article/081/0003683269"",""duplicateOf"":null,""mentionsName"":false},{""id"":""011-0004666458"",""office"":""서울경제"",""publishedAt"":""2026-09-29T16:16:00+09:00"",""title"":""기업 공시 [9월 29일]"",""url"":""https://n.news.naver.com/mnews/article/011/0004666458"",""duplicateOf"":null,""mentionsName"":false}]",20,0,,,,,,,
collection-fa7f41bc8f549e50,collection,2026-09-30,2026-09-29T22:27:33Z,,,"{""contextFile"":""reports/atlas11/context/2026-09-30/2026-09-29T22-27-33Z.json""}",context_news,2026-09-30,새 기사,,,,,false,015760,한국전력,,,https://m.stock.naver.com/api/news/stock/015760?pageSize=20&page=1,c0935240ce7fc97f6accbc3ffe31a813c88db39cadf5a9238e6af29409f7a462,"[{""id"":""030-0003470769"",""office"":""전자신문"",""publishedAt"":""2026-09-29T15:02:00+09:00"",""title"":""[초지능 시대 인재양성] 15개 AX대학원, 도메인별 석·박사 융합 인재..."",""url"":""https://n.news.naver.com/mnews/article/030/0003470769"",""duplicateOf"":null,""mentionsName"":false},{""id"":""009-0005741367"",""office"":""매일경제"",""publishedAt"":""2026-09-29T15:34:00+09:00"",""title"":""전력망 알박기 원천 차단한다…선착순 찜하기 대신 경쟁입찰로"",""url"":""https://n.news.naver.com/mnews/article/009/0005741367"",""duplicateOf"":null,""mentionsName"":false},{""id"":""028-0002825144"",""office"":""한겨레"",""publishedAt"":""2026-09-29T15:56:00+09:00"",""title"":""원전, 가장 저렴한 전력공급원 맞나…“경제성 떨어져” 건설 신중론..."",""url"":""https://n.news.naver.com/mnews/article/028/0002825144"",""duplicateOf"":null,""mentionsName"":false},{""id"":""448-0000642083"",""office"":""TV조선"",""publishedAt"":""2026-09-29T16:20:00+09:00"",""title"":""기후부, 전력망 대폭 손질…태양광 송전 '숨통'"",""url"":""https://n.news.naver.com/mnews/article/448/0000642083"",""duplicateOf"":null,""mentionsName"":false},{""id"":""029-0003050512"",""office"":""디지털타임스"",""publishedAt"":""2026-09-29T16:36:00+09:00"",""title"":""AIDC 전용요금제 연내 도입한다더니…설계안도 아직"",""url"":""https://n.news.naver.com/mnews/article/029/0003050512"",""duplicateOf"":null,""mentionsName"":false},{""id"":""020-0003751428"",""office"":""동아일보"",""publishedAt"":""2026-09-29T17:08:00+09:00"",""title"":""늘어난 태양광 전기 받아주려…송전선 ‘예비 용량’까지 총동원"",""url"":""https://n.news.naver.com/mnews/article/020/0003751428"",""duplicateOf"":null,""mentionsName"":false},{""id"":""243-0000103656"",""office"":""이코노미스트"",""publishedAt"":""2026-09-29T17:12:00+09:00"",""title"":""삼성·SK 호남반도체 전력망 개선된다는데 '핵심 과제 따로 있다'"",""url"":""https://n.news.naver.com/mnews/article/243/0000103656"",""duplicateOf"":null,""mentionsName"":false},{""id"":""022-0004162701"",""office"":""세계일보"",""publishedAt"":""2026-09-29T17:15:00+09:00"",""title"":""서부발전, 5사 통합 앞두고 노동이사 선임… 조인호 전 노조위원장"",""url"":""https://n.news.naver.com/mnews/article/022/0004162701"",""duplicateOf"":null,""mentionsName"":false},{""id"":""009-0005741585"",""office"":""매일경제"",""publishedAt"":""2026-09-29T17:48:00+09:00"",""title"":""전력망 '알박기' 차단 나섰다 … 선착순 대신 접속권 경쟁입찰"",""url"":""https://n.news.naver.com/mnews/article/009/0005741585"",""duplicateOf"":null,""mentionsName"":false},{""id"":""215-0001267611"",""office"":""한국경제TV"",""publishedAt"":""2026-09-29T18:08:00+09:00"",""title"":""ESS로 전력망 병목 푼다...호남권 계통제한도 해제"",""url"":""https://n.news.naver.com/mnews/article/215/0001267611"",""duplicateOf"":null,""mentionsName"":false},{""id"":""025-0003554569"",""office"":""중앙일보"",""publishedAt"":""2026-09-29T18:20:00+09:00"",""title"":""성일렌트카, 스타리아 기반 휠체어 슬로프 차량 출고…교통약자 서비..."",""url"":""https://n.news.naver.com/mnews/article/025/0003554569"",""duplicateOf"":null,""mentionsName"":false},{""id"":""014-0005582552"",""office"":""파이낸셜뉴스"",""publishedAt"":""2026-09-29T18:28:00+09:00"",""title"":""&quot;2030년 재생에너지 100GW+α 수용&quot;… 호남 전력망 숨통 틔운다"",""url"":""https://n.news.naver.com/mnews/article/014/0005582552"",""duplicateOf"":null,""mentionsName"":false},{""id"":""031-0001062108"",""office"":""아이뉴스24"",""publishedAt"":""2026-09-29T18:52:00+09:00"",""title"":""&quot;AI 데이터센터 전력망 증설비, 국민에 전가해선 안 돼&quot;⋯사업자 분담..."",""url"":""https://n.news.naver.com/mnews/article/031/0001062108"",""duplicateOf"":null,""mentionsName"":false},{""id"":""030-0003470859"",""office"":""전자신문"",""publishedAt"":""2026-09-29T20:35:00+09:00"",""title"":""AIDC 전용요금제 '오리무중'…“구체적 로드맵 제시해야”"",""url"":""https://n.news.naver.com/mnews/article/030/0003470859"",""duplicateOf"":null,""mentionsName"":false},{""id"":""422-0000910930"",""office"":""연합뉴스TV"",""publishedAt"":""2026-09-29T21:00:00+09:00"",""title"":""2030년까지 재생에너지 100GW…전력망 혁신"",""url"":""https://n.news.naver.com/mnews/article/422/0000910930"",""duplicateOf"":null,""mentionsName"":false},{""id"":""005-0001875758"",""office"":""국민일보"",""publishedAt"":""2026-09-30T00:18:00+09:00"",""title"":""전력망 안전 위해 켰는데… 발전사만 속쓰린 ‘휴전제약’"",""url"":""https://n.news.naver.com/mnews/article/005/0001875758"",""duplicateOf"":null,""mentionsName"":false},{""id"":""020-0003751605"",""office"":""동아일보"",""publishedAt"":""2026-09-30T04:36:00+09:00"",""title"":""송전망 확장 당장엔 한계… 낮에 만든 전기, ESS 활용 밤에 공급"",""url"":""https://n.news.naver.com/mnews/article/020/0003751605"",""duplicateOf"":null,""mentionsName"":false},{""id"":""025-0003554698"",""office"":""중앙일보"",""publishedAt"":""2026-09-30T05:30:00+09:00"",""title"":""[국민의 기업] 자체 개발한 AI 에너지관리시스템, 세네갈 농촌에 첫 도..."",""url"":""https://n.news.naver.com/mnews/article/025/0003554698"",""duplicateOf"":null,""mentionsName"":false},{""id"":""025-0003554701"",""office"":""중앙일보"",""publishedAt"":""2026-09-30T05:31:00+09:00"",""title"":""[국민의 기업] 주민이 먼저 유치한 변전소 ... 3년 답보 전력망 사업 ..."",""url"":""https://n.news.naver.com/mnews/article/025/0003554701"",""duplicateOf"":null,""mentionsName"":false},{""id"":""011-0004666631"",""office"":""서울경제"",""publishedAt"":""2026-09-30T06:11:00+09:00"",""title"":""전력망 용량 넘어도 태양광 접속…호남·충청 접속제한 풀린다[Pick코..."",""url"":""https://n.news.naver.com/mnews/article/011/0004666631"",""duplicateOf"":null,""mentionsName"":false}]",20,0,,,,,,,
collection-6b81575bf45b9fd4,collection,2026-09-30,2026-09-29T22:27:33Z,,,"{""contextFile"":""reports/atlas11/context/2026-09-30/2026-09-29T22-27-33Z.json""}",context_news,2026-09-30,새 기사,,,,,false,017670,SK텔레콤,,,https://m.stock.naver.com/api/news/stock/017670?pageSize=20&page=1,e41e08697a37ff59fe4100474a597fa475efc3ec253d106cbfa69ace62585a4c,"[{""id"":""015-0005337116"",""office"":""한국경제"",""publishedAt"":""2026-09-29T14:27:00+09:00"",""title"":""[기고] ﻿&quot;같은 잣대, 다른 결과…개인정보 과징금 산정식이 놓친 것..."",""url"":""https://n.news.naver.com/mnews/article/015/0005337116"",""duplicateOf"":null,""mentionsName"":false},{""id"":""008-0005419676"",""office"":""머니투데이"",""publishedAt"":""2026-09-29T14:30:00+09:00"",""title"":""숨고, SK텔레콤 브랜드관 열어…휴대폰 개통도 '견적 비교' 후 매장 방..."",""url"":""https://n.news.naver.com/mnews/article/008/0005419676"",""duplicateOf"":null,""mentionsName"":true},{""id"":""030-0003470745"",""office"":""전자신문"",""publishedAt"":""2026-09-29T14:31:00+09:00"",""title"":""최적요금제 고지, 10월 말 시행 유력…'중요규제' 지정 촉각"",""url"":""https://n.news.naver.com/mnews/article/030/0003470745"",""duplicateOf"":null,""mentionsName"":false},{""id"":""015-0005337136"",""office"":""한국경제"",""publishedAt"":""2026-09-29T15:01:00+09:00"",""title"":""&quot;휴대폰 사러 발품 안 팔아도 된다&quot;…숨고서 SKT 견적 비교"",""url"":""https://n.news.naver.com/mnews/article/015/0005337136"",""duplicateOf"":null,""mentionsName"":false},{""id"":""138-0002242996"",""office"":""디지털데일리"",""publishedAt"":""2026-09-29T15:01:00+09:00"",""title"":""韓 AI인재, 대학 교육 역량에서 나온다…정부, AI중심대학 출범"",""url"":""https://n.news.naver.com/mnews/article/138/0002242996"",""duplicateOf"":null,""mentionsName"":false},{""id"":""056-0012264929"",""office"":""KBS"",""publishedAt"":""2026-09-29T15:40:00+09:00"",""title"":""정부, 독파모 인공지능 운영방안 재검토…“최상위 모델과 격차 좁혀..."",""url"":""https://n.news.naver.com/mnews/article/056/0012264929"",""duplicateOf"":null,""mentionsName"":false},{""id"":""006-0000137963"",""office"":""미디어오늘"",""publishedAt"":""2026-09-29T16:13:00+09:00"",""title"":""대규모 해킹사고 일으킨 통신 3사 &quot;해킹 사전예방 하겠다&quot;"",""url"":""https://n.news.naver.com/mnews/article/006/0000137963"",""duplicateOf"":null,""mentionsName"":false},{""id"":""092-0002439154"",""office"":""지디넷코리아"",""publishedAt"":""2026-09-29T17:03:00+09:00"",""title"":""&quot;독파모 중단 없다&quot;…과기정통부, 3차 평가 예정대로 추진"",""url"":""https://n.news.naver.com/mnews/article/092/0002439154"",""duplicateOf"":null,""mentionsName"":false},{""id"":""020-0003751427"",""office"":""동아일보"",""publishedAt"":""2026-09-29T17:05:00+09:00"",""title"":""‘국가대표 AI’ 판 바뀌는 이유…“더 큰 도전 필요” [IT팀의 테크워..."",""url"":""https://n.news.naver.com/mnews/article/020/0003751427"",""duplicateOf"":null,""mentionsName"":false},{""id"":""293-0000091027"",""office"":""블로터"",""publishedAt"":""2026-09-29T17:39:00+09:00"",""title"":""국회 과방위, 윤상현 CJ ENM 대표 국감 증인 출석 요구 철회"",""url"":""https://n.news.naver.com/mnews/article/293/0000091027"",""duplicateOf"":null,""mentionsName"":false},{""id"":""014-0005582487"",""office"":""파이낸셜뉴스"",""publishedAt"":""2026-09-29T18:13:00+09:00"",""title"":""개인정보유출·탈세 혐의… IT업계 총수 국감 줄소환"",""url"":""https://n.news.naver.com/mnews/article/014/0005582487"",""duplicateOf"":null,""mentionsName"":false},{""id"":""011-0004666570"",""office"":""서울경제"",""publishedAt"":""2026-09-29T18:54:00+09:00"",""title"":""KT 앱 열면 맞춤 혜택 ‘척척’…AI 에이전트 14종 전면 배치"",""url"":""https://n.news.naver.com/mnews/article/011/0004666570"",""duplicateOf"":null,""mentionsName"":false},{""id"":""008-0005419917"",""office"":""머니투데이"",""publishedAt"":""2026-09-29T19:54:00+09:00"",""title"":""개인정보위, 법·AI 전문가 위촉…&quot;과징금과 AI, 두 현안 잡는다&quot;"",""url"":""https://n.news.naver.com/mnews/article/008/0005419917"",""duplicateOf"":null,""mentionsName"":false},{""id"":""008-0005419921"",""office"":""머니투데이"",""publishedAt"":""2026-09-29T20:15:00+09:00"",""title"":""서울대, AI반도체연구소 설립…초대 소장에 류수정 전 사피온 대표"",""url"":""https://n.news.naver.com/mnews/article/008/0005419921"",""duplicateOf"":null,""mentionsName"":false},{""id"":""020-0003751507"",""office"":""동아일보"",""publishedAt"":""2026-09-30T00:32:00+09:00"",""title"":""국가대표 AI, 프런티어 AI 개발로 방향 트나[IT팀의 테크워치]"",""url"":""https://n.news.naver.com/mnews/article/020/0003751507"",""duplicateOf"":null,""mentionsName"":false},{""id"":""020-0003751527"",""office"":""동아일보"",""publishedAt"":""2026-09-30T04:32:00+09:00"",""title"":""찾아가고 상담은 쉽게… 고객 신뢰 쌓기 ‘업’"",""url"":""https://n.news.naver.com/mnews/article/020/0003751527"",""duplicateOf"":null,""mentionsName"":false},{""id"":""001-0016345207"",""office"":""연합뉴스"",""publishedAt"":""2026-09-30T06:00:00+09:00"",""title"":""급증하는 개인정보유출 과징금·과태료…최근 3년간 1조 육박"",""url"":""https://n.news.naver.com/mnews/article/001/0016345207"",""duplicateOf"":null,""mentionsName"":false},{""id"":""023-0004001220"",""office"":""조선일보"",""publishedAt"":""2026-09-30T06:01:00+09:00"",""title"":""‘국대 AI’ 이어 ‘모두의 AI’까지 물음표...시간도 돈도 버린 정부..."",""url"":""https://n.news.naver.com/mnews/article/023/0004001220"",""duplicateOf"":null,""mentionsName"":false},{""id"":""022-0004162846"",""office"":""세계일보"",""publishedAt"":""2026-09-30T06:02:00+09:00"",""title"":""예약·결제까지 척척… 메타 '뮤즈' 돌풍에 도전 받는 韓 'AI 비서'"",""url"":""https://n.news.naver.com/mnews/article/022/0004162846"",""duplicateOf"":null,""mentionsName"":false},{""id"":""366-0001195153"",""office"":""조선비즈"",""publishedAt"":""2026-09-30T06:02:00+09:00"",""title"":""SK텔레콤, 올해 온실가스 35만t 부족… “AI 데이터센터 전력 소요량 ..."",""url"":""https://n.news.naver.com/mnews/article/366/0001195153"",""duplicateOf"":null,""mentionsName"":true}]",20,0,,,,,,,
collection-3765cd3f2b644a9d,collection,2026-09-30,2026-09-29T22:27:33Z,,,"{""contextFile"":""reports/atlas11/context/2026-09-30/2026-09-29T22-27-33Z.json""}",context_news,2026-09-30,새 기사,,,,,false,018260,삼성에스디에스,,,https://m.stock.naver.com/api/news/stock/018260?pageSize=20&page=1,61af1fbc8eaef9c7ecf2e1724c83dc1ba8580d2209c004a17ff8a3d4904b011d,"[{""id"":""079-0004193669"",""office"":""노컷뉴스"",""publishedAt"":""2026-09-29T10:18:00+09:00"",""title"":""삼성 6개사, 美 AI인프라 '헬릭스'에 1조원 넘게 투자"",""url"":""https://n.news.naver.com/mnews/article/079/0004193669"",""duplicateOf"":null,""mentionsName"":false},{""id"":""023-0004001010"",""office"":""조선일보"",""publishedAt"":""2026-09-29T13:56:00+09:00"",""title"":""삼성 6사, 美 AI 인프라 기업에 10억 달러 투자...데이터센터 사업 협..."",""url"":""https://n.news.naver.com/mnews/article/023/0004001010"",""duplicateOf"":null,""mentionsName"":false},{""id"":""448-0000642038"",""office"":""TV조선"",""publishedAt"":""2026-09-29T14:02:00+09:00"",""title"":""삼성 6개사, 美 AI 인프라 기업 헬릭스에 10억 달러 투자"",""url"":""https://n.news.naver.com/mnews/article/448/0000642038"",""duplicateOf"":null,""mentionsName"":false},{""id"":""417-0001159547"",""office"":""동행미디어 시대"",""publishedAt"":""2026-09-29T15:19:00+09:00"",""title"":""김도영 카카오X 대표 내정자 CA협의체 공동의장에"",""url"":""https://n.news.naver.com/mnews/article/417/0001159547"",""duplicateOf"":null,""mentionsName"":false},{""id"":""138-0002243014"",""office"":""디지털데일리"",""publishedAt"":""2026-09-29T15:33:00+09:00"",""title"":""&quot;기간계는 재구축, 인프라는 U2L&quot;…예탁결제원 3160억 차세대 2단계 추..."",""url"":""https://n.news.naver.com/mnews/article/138/0002243014"",""duplicateOf"":null,""mentionsName"":false},{""id"":""008-0005419809"",""office"":""머니투데이"",""publishedAt"":""2026-09-29T16:50:00+09:00"",""title"":""삼성은 반도체만?..계열사 총동원 AI 시대 '인프라' 잡는다"",""url"":""https://n.news.naver.com/mnews/article/008/0005419809"",""duplicateOf"":null,""mentionsName"":false},{""id"":""092-0002439156"",""office"":""지디넷코리아"",""publishedAt"":""2026-09-29T17:04:00+09:00"",""title"":""[AI 고속도로] 엔비디아 베라 루빈 서버 경쟁 막 올랐다…韓도 도입 채..."",""url"":""https://n.news.naver.com/mnews/article/092/0002439156"",""duplicateOf"":null,""mentionsName"":false},{""id"":""382-0001296371"",""office"":""스포츠동아"",""publishedAt"":""2026-09-29T17:28:00+09:00"",""title"":""삼성, AI 인프라 기업 헬릭스에 10억 달러 투자"",""url"":""https://n.news.naver.com/mnews/article/382/0001296371"",""duplicateOf"":null,""mentionsName"":false},{""id"":""009-0005741563"",""office"":""매일경제"",""publishedAt"":""2026-09-29T17:41:00+09:00"",""title"":""반도체 넘어 전력·냉각까지 주도 … 삼성의 'AI 생태계' 빌드업"",""url"":""https://n.news.naver.com/mnews/article/009/0005741563"",""duplicateOf"":null,""mentionsName"":false},{""id"":""366-0001195115"",""office"":""조선비즈"",""publishedAt"":""2026-09-29T17:45:00+09:00"",""title"":""국방 AX 선점 나선 삼성SDS·네이버클라우드… 차세대 지휘통제체계 ..."",""url"":""https://n.news.naver.com/mnews/article/366/0001195115"",""duplicateOf"":null,""mentionsName"":false},{""id"":""009-0005741590"",""office"":""매일경제"",""publishedAt"":""2026-09-29T17:49:00+09:00"",""title"":""[뉴스&amp;분석] 삼성 6社 뭉쳐 'AI 인프라' 승부"",""url"":""https://n.news.naver.com/mnews/article/009/0005741590"",""duplicateOf"":null,""mentionsName"":false},{""id"":""586-0000139099"",""office"":""시사저널"",""publishedAt"":""2026-09-29T17:58:00+09:00"",""title"":""삼성 6개사, 美 AI 인프라에 10억 달러 베팅…헬릭스 투자자 합류"",""url"":""https://n.news.naver.com/mnews/article/586/0000139099"",""duplicateOf"":null,""mentionsName"":false},{""id"":""014-0005582486"",""office"":""파이낸셜뉴스"",""publishedAt"":""2026-09-29T18:13:00+09:00"",""title"":""지역AX 전담조직 출범… 반도체 등 '3대 메가프로젝트' 속도"",""url"":""https://n.news.naver.com/mnews/article/014/0005582486"",""duplicateOf"":null,""mentionsName"":false},{""id"":""014-0005582569"",""office"":""파이낸셜뉴스"",""publishedAt"":""2026-09-29T18:33:00+09:00"",""title"":""AI 생태계 확장하는 삼성…美 헬릭스에 10억弗 투자"",""url"":""https://n.news.naver.com/mnews/article/014/0005582569"",""duplicateOf"":null,""mentionsName"":false},{""id"":""015-0005337339"",""office"":""한국경제"",""publishedAt"":""2026-09-29T18:36:00+09:00"",""title"":""삼성그룹, AI 인프라 베팅…美 헬릭스에 10억달러 투자"",""url"":""https://n.news.naver.com/mnews/article/015/0005337339"",""duplicateOf"":null,""mentionsName"":false},{""id"":""029-0003050555"",""office"":""디지털타임스"",""publishedAt"":""2026-09-29T18:59:00+09:00"",""title"":""[기획] 이재용 “AI 올인”… 삼성 6사, 이번엔 ‘美 AI 인프라’ 승부..."",""url"":""https://n.news.naver.com/mnews/article/029/0003050555"",""duplicateOf"":null,""mentionsName"":false},{""id"":""022-0004162776"",""office"":""세계일보"",""publishedAt"":""2026-09-29T20:02:00+09:00"",""title"":""삼성, 美헬릭스에 10억달러 투자… AI 데이터센터 사업 확장 승부수"",""url"":""https://n.news.naver.com/mnews/article/022/0004162776"",""duplicateOf"":null,""mentionsName"":false},{""id"":""030-0003470857"",""office"":""전자신문"",""publishedAt"":""2026-09-29T20:09:00+09:00"",""title"":""2200억 K-에듀파인 고도화 사업, 아이티센엔텍 수주"",""url"":""https://n.news.naver.com/mnews/article/030/0003470857"",""duplicateOf"":null,""mentionsName"":false},{""id"":""009-0005741655"",""office"":""매일경제"",""publishedAt"":""2026-09-29T21:59:00+09:00"",""title"":""삼성 6社 뭉쳐 美헬릭스 10억달러 투자…AI 인프라 진격"",""url"":""https://n.news.naver.com/mnews/article/009/0005741655"",""duplicateOf"":null,""mentionsName"":false},{""id"":""008-0005419988"",""office"":""머니투데이"",""publishedAt"":""2026-09-30T06:00:00+09:00"",""title"":""엔비디아도 콕 집은 그 회사...&quot;1.4조 베팅&quot; 삼성, 계열사 총동원한 이..."",""url"":""https://n.news.naver.com/mnews/article/008/0005419988"",""duplicateOf"":null,""mentionsName"":false}]",20,0,,,,,,,
collection-aa3602c1aa5bcdfa,collection,2026-09-30,2026-09-29T22:27:33Z,,,"{""contextFile"":""reports/atlas11/context/2026-09-30/2026-09-29T22-27-33Z.json""}",context_news,2026-09-30,새 기사,,,,,false,021240,코웨이,,,https://m.stock.naver.com/api/news/stock/021240?pageSize=20&page=1,98654eb118d696f4130dc5403a1f75dd4dda6e4cdd56af2ff606fe2dc8b00dff,"[{""id"":""011-0004664178"",""office"":""서울경제"",""publishedAt"":""2026-09-21T17:46:00+09:00"",""title"":""의자·소파·안마 기능 한 번에…코웨이 ‘트리플체어2 슬림’ 선봬"",""url"":""https://n.news.naver.com/mnews/article/011/0004664178"",""duplicateOf"":null,""mentionsName"":true},{""id"":""028-0002824161"",""office"":""한겨레"",""publishedAt"":""2026-09-21T23:00:00+09:00"",""title"":""정수기 100만원에 사도 고민…필터 값 급등에 놀라"",""url"":""https://n.news.naver.com/mnews/article/028/0002824161"",""duplicateOf"":null,""mentionsName"":false},{""id"":""629-0000536210"",""office"":""더팩트"",""publishedAt"":""2026-09-22T13:25:00+09:00"",""title"":""코웨이, 시니어 보행 돕는 '웨어러블 로봇' 공개"",""url"":""https://n.news.naver.com/mnews/article/629/0000536210"",""duplicateOf"":null,""mentionsName"":true},{""id"":""092-0002438454"",""office"":""지디넷코리아"",""publishedAt"":""2026-09-22T13:49:00+09:00"",""title"":""코웨이, 맞춤 케어 공기청정기로 환절기 수요 잡는다"",""url"":""https://n.news.naver.com/mnews/article/092/0002438454"",""duplicateOf"":null,""mentionsName"":true},{""id"":""031-0001060745"",""office"":""아이뉴스24"",""publishedAt"":""2026-09-22T16:49:00+09:00"",""title"":""코웨이, 시니어용 '보행보조 웨어러블 로봇' 공개"",""url"":""https://n.news.naver.com/mnews/article/031/0001060745"",""duplicateOf"":null,""mentionsName"":true},{""id"":""138-0002242479"",""office"":""디지털데일리"",""publishedAt"":""2026-09-23T07:00:00+09:00"",""title"":""[단독] 코웨이 '로봇청소기' 시장 출격 초읽기…상표 출원 완료·OEM 선..."",""url"":""https://n.news.naver.com/mnews/article/138/0002242479"",""duplicateOf"":null,""mentionsName"":true},{""id"":""629-0000536688"",""office"":""더팩트"",""publishedAt"":""2026-09-23T17:50:00+09:00"",""title"":""코웨이, 자원순환의 날 맞아 '장난감 업사이클링' 봉사"",""url"":""https://n.news.naver.com/mnews/article/629/0000536688"",""duplicateOf"":null,""mentionsName"":true},{""id"":""023-0004000435"",""office"":""조선일보"",""publishedAt"":""2026-09-26T08:01:00+09:00"",""title"":""정수기 빌려주던 코웨이, 中 로봇청소기로 출격…보안도 관리해주나요..."",""url"":""https://n.news.naver.com/mnews/article/023/0004000435"",""duplicateOf"":null,""mentionsName"":true},{""id"":""421-0009193058"",""office"":""뉴스1"",""publishedAt"":""2026-09-27T10:03:00+09:00"",""title"":""온라인으로 보고, 매장서 써보고…코웨이 '체험형 매장' 확대"",""url"":""https://n.news.naver.com/mnews/article/421/0009193058"",""duplicateOf"":null,""mentionsName"":true},{""id"":""003-0014215838"",""office"":""뉴시스"",""publishedAt"":""2026-09-27T16:01:00+09:00"",""title"":""&quot;장난감도 업사이클링&quot;…코웨이, 임직원 봉사활동"",""url"":""https://n.news.naver.com/mnews/article/003/0014215838"",""duplicateOf"":null,""mentionsName"":true},{""id"":""138-0002242830"",""office"":""디지털데일리"",""publishedAt"":""2026-09-28T14:28:00+09:00"",""title"":""[뉴템] 코웨이, '비렉스 슬립 싱크' 탑재 매트리스 출시"",""url"":""https://n.news.naver.com/mnews/article/138/0002242830"",""duplicateOf"":null,""mentionsName"":true},{""id"":""092-0002438970"",""office"":""지디넷코리아"",""publishedAt"":""2026-09-28T14:58:00+09:00"",""title"":""&quot;눕기만 하면 수면 분석&quot;…코웨이, '비렉스 슬립 싱크' 매트리스 출시"",""url"":""https://n.news.naver.com/mnews/article/092/0002438970"",""duplicateOf"":null,""mentionsName"":true},{""id"":""011-0004666176"",""office"":""서울경제"",""publishedAt"":""2026-09-29T06:01:00+09:00"",""title"":""코웨이, 호흡·심박수 자동 분석…‘비렉스 슬립 싱크’ 매트리스 출..."",""url"":""https://n.news.naver.com/mnews/article/011/0004666176"",""duplicateOf"":null,""mentionsName"":true},{""id"":""023-0004000964"",""office"":""조선일보"",""publishedAt"":""2026-09-29T07:01:00+09:00"",""title"":""상법 개정 타고 거세진 행동주의… 넷마블 vs 얼라인, 코웨이 지분 매..."",""url"":""https://n.news.naver.com/mnews/article/023/0004000964"",""duplicateOf"":null,""mentionsName"":true},{""id"":""008-0005419575"",""office"":""머니투데이"",""publishedAt"":""2026-09-29T11:28:00+09:00"",""title"":""&quot;온풍·제습·가습까지 한번에&quot;…코웨이, 'F/W 맞춤' 공청기 라인업"",""url"":""https://n.news.naver.com/mnews/article/008/0005419575"",""duplicateOf"":null,""mentionsName"":true},{""id"":""119-0003137519"",""office"":""데일리안"",""publishedAt"":""2026-09-29T15:32:00+09:00"",""title"":""코웨이라이프솔루션, 웨딩으로 멤버십 넓힌다…'메링'과 맞손"",""url"":""https://n.news.naver.com/mnews/article/119/0003137519"",""duplicateOf"":null,""mentionsName"":true},{""id"":""009-0005741686"",""office"":""매일경제"",""publishedAt"":""2026-09-30T00:02:00+09:00"",""title"":""코웨이, 물방울·세균 흡입 … 비데가 욕실 공간까지 관리"",""url"":""https://n.news.naver.com/mnews/article/009/0005741686"",""duplicateOf"":null,""mentionsName"":true},{""id"":""009-0005741690"",""office"":""매일경제"",""publishedAt"":""2026-09-30T00:02:00+09:00"",""title"":""코웨이, 모션베드에 스트레칭 기능 더해 '슬립테크' 강화"",""url"":""https://n.news.naver.com/mnews/article/009/0005741690"",""duplicateOf"":null,""mentionsName"":true},{""id"":""023-0004001149"",""office"":""조선일보"",""publishedAt"":""2026-09-30T00:35:00+09:00"",""title"":""넷마블, 행동주의 펀드와 코웨이 지분 매입 경쟁"",""url"":""https://n.news.naver.com/mnews/article/023/0004001149"",""duplicateOf"":null,""mentionsName"":true},{""id"":""020-0003751538"",""office"":""동아일보"",""publishedAt"":""2026-09-30T04:33:00+09:00"",""title"":""1인은 미니, 대가족은 맥스… 얼음정수기 골라 쓴다"",""url"":""https://n.news.naver.com/mnews/article/020/0003751538"",""duplicateOf"":null,""mentionsName"":false}]",20,0,,,,,,,
collection-6b4896ff3d424b12,collection,2026-09-30,2026-09-29T22:27:33Z,,,"{""contextFile"":""reports/atlas11/context/2026-09-30/2026-09-29T22-27-33Z.json""}",context_news,2026-09-30,새 기사,,,,,false,028260,삼성물산,,,https://m.stock.naver.com/api/news/stock/028260?pageSize=20&page=1,6f84e90f3f7290539297f495d4d144480ad71ca5630de98925f3ef5fdb54627b,"[{""id"":""008-0005419809"",""office"":""머니투데이"",""publishedAt"":""2026-09-29T16:50:00+09:00"",""title"":""삼성은 반도체만?..계열사 총동원 AI 시대 '인프라' 잡는다"",""url"":""https://n.news.naver.com/mnews/article/008/0005419809"",""duplicateOf"":null,""mentionsName"":false},{""id"":""015-0005337227"",""office"":""한국경제"",""publishedAt"":""2026-09-29T17:13:00+09:00"",""title"":""&quot;외국인에 세제혜택&quot;…'1조' 울산 뉴온시티 집코노미서 분양"",""url"":""https://n.news.naver.com/mnews/article/015/0005337227"",""duplicateOf"":null,""mentionsName"":false},{""id"":""020-0003751433"",""office"":""동아일보"",""publishedAt"":""2026-09-29T17:20:00+09:00"",""title"":""김포 북변, 3개 철도망 품는다… 7000가구 신흥 주거타운 기대감"",""url"":""https://n.news.naver.com/mnews/article/020/0003751433"",""duplicateOf"":null,""mentionsName"":false},{""id"":""382-0001296371"",""office"":""스포츠동아"",""publishedAt"":""2026-09-29T17:28:00+09:00"",""title"":""삼성, AI 인프라 기업 헬릭스에 10억 달러 투자"",""url"":""https://n.news.naver.com/mnews/article/382/0001296371"",""duplicateOf"":null,""mentionsName"":false},{""id"":""009-0005741563"",""office"":""매일경제"",""publishedAt"":""2026-09-29T17:41:00+09:00"",""title"":""반도체 넘어 전력·냉각까지 주도 … 삼성의 'AI 생태계' 빌드업"",""url"":""https://n.news.naver.com/mnews/article/009/0005741563"",""duplicateOf"":null,""mentionsName"":false},{""id"":""009-0005741590"",""office"":""매일경제"",""publishedAt"":""2026-09-29T17:49:00+09:00"",""title"":""[뉴스&amp;분석] 삼성 6社 뭉쳐 'AI 인프라' 승부"",""url"":""https://n.news.naver.com/mnews/article/009/0005741590"",""duplicateOf"":null,""mentionsName"":false},{""id"":""586-0000139099"",""office"":""시사저널"",""publishedAt"":""2026-09-29T17:58:00+09:00"",""title"":""삼성 6개사, 美 AI 인프라에 10억 달러 베팅…헬릭스 투자자 합류"",""url"":""https://n.news.naver.com/mnews/article/586/0000139099"",""duplicateOf"":null,""mentionsName"":false},{""id"":""374-0000535431"",""office"":""SBS Biz"",""publishedAt"":""2026-09-29T18:26:00+09:00"",""title"":""잠실5단지도 평당 1000만원 넘나…공사비 줄다리기"",""url"":""https://n.news.naver.com/mnews/article/374/0000535431"",""duplicateOf"":null,""mentionsName"":false},{""id"":""014-0005582569"",""office"":""파이낸셜뉴스"",""publishedAt"":""2026-09-29T18:33:00+09:00"",""title"":""AI 생태계 확장하는 삼성…美 헬릭스에 10억弗 투자"",""url"":""https://n.news.naver.com/mnews/article/014/0005582569"",""duplicateOf"":null,""mentionsName"":false},{""id"":""015-0005337339"",""office"":""한국경제"",""publishedAt"":""2026-09-29T18:36:00+09:00"",""title"":""삼성그룹, AI 인프라 베팅…美 헬릭스에 10억달러 투자"",""url"":""https://n.news.naver.com/mnews/article/015/0005337339"",""duplicateOf"":null,""mentionsName"":false},{""id"":""029-0003050555"",""office"":""디지털타임스"",""publishedAt"":""2026-09-29T18:59:00+09:00"",""title"":""[기획] 이재용 “AI 올인”… 삼성 6사, 이번엔 ‘美 AI 인프라’ 승부..."",""url"":""https://n.news.naver.com/mnews/article/029/0003050555"",""duplicateOf"":null,""mentionsName"":false},{""id"":""022-0004162776"",""office"":""세계일보"",""publishedAt"":""2026-09-29T20:02:00+09:00"",""title"":""삼성, 美헬릭스에 10억달러 투자… AI 데이터센터 사업 확장 승부수"",""url"":""https://n.news.naver.com/mnews/article/022/0004162776"",""duplicateOf"":null,""mentionsName"":false},{""id"":""009-0005741655"",""office"":""매일경제"",""publishedAt"":""2026-09-29T21:59:00+09:00"",""title"":""삼성 6社 뭉쳐 美헬릭스 10억달러 투자…AI 인프라 진격"",""url"":""https://n.news.naver.com/mnews/article/009/0005741655"",""duplicateOf"":null,""mentionsName"":false},{""id"":""629-0000537877"",""office"":""더팩트"",""publishedAt"":""2026-09-30T00:00:00+09:00"",""title"":""첫 삽 뜨는 한남뉴타운…한강변 1만3000가구 본격화"",""url"":""https://n.news.naver.com/mnews/article/629/0000537877"",""duplicateOf"":null,""mentionsName"":false},{""id"":""020-0003751533"",""office"":""동아일보"",""publishedAt"":""2026-09-30T04:33:00+09:00"",""title"":""‘래미안 헤스티아’ 서비스로 입주고객 만족 제고"",""url"":""https://n.news.naver.com/mnews/article/020/0003751533"",""duplicateOf"":null,""mentionsName"":false},{""id"":""020-0003751590"",""office"":""동아일보"",""publishedAt"":""2026-09-30T04:35:00+09:00"",""title"":""현대차 33회-에버랜드 32회 1위… 삼성전자 10개 산업 석권"",""url"":""https://n.news.naver.com/mnews/article/020/0003751590"",""duplicateOf"":null,""mentionsName"":false},{""id"":""081-0003684617"",""office"":""서울신문"",""publishedAt"":""2026-09-30T05:05:00+09:00"",""title"":""“교육·쇼핑·의료·공원 다 품었네”… 고품격 광주 챔피언스시티 ..."",""url"":""https://n.news.naver.com/mnews/article/081/0003684617"",""duplicateOf"":null,""mentionsName"":false},{""id"":""003-0014222263"",""office"":""뉴시스"",""publishedAt"":""2026-09-30T05:30:00+09:00"",""title"":""갑자기 춥더니 비까지…변덕스런 가을에 '웨더웨어' 뜬다"",""url"":""https://n.news.naver.com/mnews/article/003/0014222263"",""duplicateOf"":null,""mentionsName"":false},{""id"":""417-0001159584"",""office"":""동행미디어 시대"",""publishedAt"":""2026-09-30T05:30:00+09:00"",""title"":""올해 6.5조 공사비 도미노 인상…건설현장 '원가 전쟁'"",""url"":""https://n.news.naver.com/mnews/article/417/0001159584"",""duplicateOf"":null,""mentionsName"":false},{""id"":""008-0005419988"",""office"":""머니투데이"",""publishedAt"":""2026-09-30T06:00:00+09:00"",""title"":""엔비디아도 콕 집은 그 회사...&quot;1.4조 베팅&quot; 삼성, 계열사 총동원한 이..."",""url"":""https://n.news.naver.com/mnews/article/008/0005419988"",""duplicateOf"":null,""mentionsName"":false}]",20,0,,,,,,,
collection-44a36847f5e5f4c5,collection,2026-09-30,2026-09-29T22:27:33Z,,,"{""contextFile"":""reports/atlas11/context/2026-09-30/2026-09-29T22-27-33Z.json""}",context_news,2026-09-30,새 기사,,,,,false,028300,HLB,,,https://m.stock.naver.com/api/news/stock/028300?pageSize=20&page=1,dadfc9322796b70880296ba1bca5de646c57fc06ae3455ecabecaee813760922,"[{""id"":""421-0009196889"",""office"":""뉴스1"",""publishedAt"":""2026-09-29T09:29:00+09:00"",""title"":""美 금리 악재 선반영 코스피 약보합 '선방'…삼전닉스 강보합[개장시..."",""url"":""https://n.news.naver.com/mnews/article/421/0009196889"",""duplicateOf"":null,""mentionsName"":false},{""id"":""081-0003684272"",""office"":""서울신문"",""publishedAt"":""2026-09-29T09:45:00+09:00"",""title"":""2차전지 약세에 눌린 코스닥… 신규 상장 글로벌테크놀로지는 168% 급..."",""url"":""https://n.news.naver.com/mnews/article/081/0003684272"",""duplicateOf"":null,""mentionsName"":false},{""id"":""277-0005821957"",""office"":""아시아경제"",""publishedAt"":""2026-09-29T09:50:00+09:00"",""title"":""담관암 넘은 HLB, 내달 간암 신약 FDA 재신청 전망"",""url"":""https://n.news.naver.com/mnews/article/277/0005821957"",""duplicateOf"":null,""mentionsName"":true},{""id"":""081-0003684286"",""office"":""서울신문"",""publishedAt"":""2026-09-29T10:13:00+09:00"",""title"":""[서울데이터랩]개장 직후 인기 검색 종목 20選"",""url"":""https://n.news.naver.com/mnews/article/081/0003684286"",""duplicateOf"":null,""mentionsName"":false},{""id"":""030-0003470638"",""office"":""전자신문"",""publishedAt"":""2026-09-29T11:07:00+09:00"",""title"":""[ET특징주] HLB, '담관암 신약' FDA 승인에 이틀째 강세"",""url"":""https://n.news.naver.com/mnews/article/030/0003470638"",""duplicateOf"":null,""mentionsName"":true},{""id"":""374-0000535279"",""office"":""SBS Biz"",""publishedAt"":""2026-09-29T11:38:00+09:00"",""title"":""뉴욕증시 또 미끄럼…코스피도 하락 출발"",""url"":""https://n.news.naver.com/mnews/article/374/0000535279"",""duplicateOf"":null,""mentionsName"":false},{""id"":""374-0000535317"",""office"":""SBS Biz"",""publishedAt"":""2026-09-29T13:47:00+09:00"",""title"":""[시장 따라잡기] 미중 견제 지속에 韓 태양광·배터리주 랠리?"",""url"":""https://n.news.naver.com/mnews/article/374/0000535317"",""duplicateOf"":null,""mentionsName"":false},{""id"":""081-0003684368"",""office"":""서울신문"",""publishedAt"":""2026-09-29T13:56:00+09:00"",""title"":""HPSP 7.68% 급등, 에코프로비엠 5.57% 하락… 업종별 순환매"",""url"":""https://n.news.naver.com/mnews/article/081/0003684368"",""duplicateOf"":null,""mentionsName"":false},{""id"":""081-0003684370"",""office"":""서울신문"",""publishedAt"":""2026-09-29T13:58:00+09:00"",""title"":""빅웨이브로보틱스 187% 급등·퀀텀레일 하한가… 변동성 확대된 코스..."",""url"":""https://n.news.naver.com/mnews/article/081/0003684370"",""duplicateOf"":null,""mentionsName"":false},{""id"":""374-0000535349"",""office"":""SBS Biz"",""publishedAt"":""2026-09-29T15:10:00+09:00"",""title"":""[오후장 체크포인트] 또 덮친 美 국채금리 쇼크 코스피 반등 열쇠는 결..."",""url"":""https://n.news.naver.com/mnews/article/374/0000535349"",""duplicateOf"":null,""mentionsName"":false},{""id"":""374-0000535350"",""office"":""SBS Biz"",""publishedAt"":""2026-09-29T15:10:00+09:00"",""title"":""[투자전략 따라잡기] 올해 208조 팔아치운 외국인 다시 돌아오게 할 조..."",""url"":""https://n.news.naver.com/mnews/article/374/0000535350"",""duplicateOf"":null,""mentionsName"":false},{""id"":""081-0003684436"",""office"":""서울신문"",""publishedAt"":""2026-09-29T15:45:00+09:00"",""title"":""삼성전자 27만2500원 마감, SK하이닉스 거래대금 5조… 검색 관심 대규..."",""url"":""https://n.news.naver.com/mnews/article/081/0003684436"",""duplicateOf"":null,""mentionsName"":false},{""id"":""421-0009198576"",""office"":""뉴스1"",""publishedAt"":""2026-09-29T16:12:00+09:00"",""title"":""美금리 악재에 코스피 이틀째 6800선…삼전닉스 보합 선방[시황종합]"",""url"":""https://n.news.naver.com/mnews/article/421/0009198576"",""duplicateOf"":null,""mentionsName"":false},{""id"":""008-0005419811"",""office"":""머니투데이"",""publishedAt"":""2026-09-29T16:50:00+09:00"",""title"":""HLB그룹, '리픽투' FDA 승인 기념식…&quot;제2의 창업 선언 세계로&quot;"",""url"":""https://n.news.naver.com/mnews/article/008/0005419811"",""duplicateOf"":null,""mentionsName"":true},{""id"":""366-0001195097"",""office"":""조선비즈"",""publishedAt"":""2026-09-29T16:58:00+09:00"",""title"":""“신약개발 경쟁력은 ‘제조·품질관리’ 역량”…과기부 이어 산업부..."",""url"":""https://n.news.naver.com/mnews/article/366/0001195097"",""duplicateOf"":null,""mentionsName"":false},{""id"":""018-0006377248"",""office"":""이데일리"",""publishedAt"":""2026-09-29T19:16:00+09:00"",""title"":""HLB, 리픽투 FDA 승인 기념…글로벌 상업화 ‘첫발’"",""url"":""https://n.news.naver.com/mnews/article/018/0006377248"",""duplicateOf"":null,""mentionsName"":true},{""id"":""011-0004666648"",""office"":""서울경제"",""publishedAt"":""2026-09-30T07:01:00+09:00"",""title"":""“뒤늦게 올라탔는데”…롤러코스터 HLB株, 추격매수 ‘주의보’ [이..."",""url"":""https://n.news.naver.com/mnews/article/011/0004666648"",""duplicateOf"":null,""mentionsName"":true},{""id"":""018-0006377340"",""office"":""이데일리"",""publishedAt"":""2026-09-30T07:02:00+09:00"",""title"":""[장성훈의 신약개발 서랍장④]“좌완 파이어볼러는 지옥에서라도 데려..."",""url"":""https://n.news.naver.com/mnews/article/018/0006377340"",""duplicateOf"":null,""mentionsName"":false},{""id"":""037-0000038903"",""office"":""주간동아"",""publishedAt"":""2026-09-30T07:02:00+09:00"",""title"":""해외 신약 도입해 미국 FDA 허가·상업화 추진한 HLB"",""url"":""https://n.news.naver.com/mnews/article/037/0000038903"",""duplicateOf"":null,""mentionsName"":true},{""id"":""648-0000051177"",""office"":""비즈워치"",""publishedAt"":""2026-09-30T07:20:00+09:00"",""title"":""HLB 첫 FDA 신약, '상업화·적응증' 미국 시험무대 오른다"",""url"":""https://n.news.naver.com/mnews/article/648/0000051177"",""duplicateOf"":null,""mentionsName"":true}]",20,0,,,,,,,
collection-883ad6e26a98ecc8,collection,2026-09-30,2026-09-29T22:27:33Z,,,"{""contextFile"":""reports/atlas11/context/2026-09-30/2026-09-29T22-27-33Z.json""}",context_news,2026-09-30,새 기사,,,,,false,029780,삼성카드,,,https://m.stock.naver.com/api/news/stock/029780?pageSize=20&page=1,0c9133d88371d66778f09871816d171ff703f8ee85af46142d10026e73ac1f9a,"[{""id"":""008-0005418102"",""office"":""머니투데이"",""publishedAt"":""2026-09-24T07:30:00+09:00"",""title"":""&quot;월 4만원 아끼자&quot;… 토스·네이버·쿠팡, 끝까지 뽑아먹는 카드는?"",""url"":""https://n.news.naver.com/mnews/article/008/0005418102"",""duplicateOf"":null,""mentionsName"":false},{""id"":""023-0004000252"",""office"":""조선일보"",""publishedAt"":""2026-09-24T09:09:00+09:00"",""title"":""황금연휴 항공사 꿀팁은?… 수속은 빠르게, 매진 항공권은 대기예약으..."",""url"":""https://n.news.naver.com/mnews/article/023/0004000252"",""duplicateOf"":null,""mentionsName"":false},{""id"":""008-0005418143"",""office"":""머니투데이"",""publishedAt"":""2026-09-24T10:30:00+09:00"",""title"":""AI가 대신 결제하면…결제 관련 상장사 대응 살펴보니"",""url"":""https://n.news.naver.com/mnews/article/008/0005418143"",""duplicateOf"":null,""mentionsName"":false},{""id"":""022-0004161694"",""office"":""세계일보"",""publishedAt"":""2026-09-25T07:03:00+09:00"",""title"":""이부진 사장 주주 합류에도… 호텔신라 주가는 정체 [공시 한 끗]"",""url"":""https://n.news.naver.com/mnews/article/022/0004161694"",""duplicateOf"":null,""mentionsName"":false},{""id"":""421-0009191056"",""office"":""뉴스1"",""publishedAt"":""2026-09-25T07:30:00+09:00"",""title"":""7만7000원 애프터눈티·칵테일까지…스타벅스, 저가 커피와 '선 긋기'"",""url"":""https://n.news.naver.com/mnews/article/421/0009191056"",""duplicateOf"":null,""mentionsName"":false},{""id"":""008-0005418337"",""office"":""머니투데이"",""publishedAt"":""2026-09-25T13:30:00+09:00"",""title"":""거절 당한 700점대도 환영....대안신용평가, 대출 난민 구제처로"",""url"":""https://n.news.naver.com/mnews/article/008/0005418337"",""duplicateOf"":null,""mentionsName"":false},{""id"":""119-0003136411"",""office"":""데일리안"",""publishedAt"":""2026-09-26T09:23:00+09:00"",""title"":""마트·쇼핑·여행까지…명절 지출 줄여줄 카드 혜택은"",""url"":""https://n.news.naver.com/mnews/article/119/0003136411"",""duplicateOf"":null,""mentionsName"":false},{""id"":""021-0002821300"",""office"":""문화일보"",""publishedAt"":""2026-09-27T08:38:00+09:00"",""title"":""“부장님도 AI 배운다”…AI 전사화 본격 시동, 카드사 전담 조직·추..."",""url"":""https://n.news.naver.com/mnews/article/021/0002821300"",""duplicateOf"":null,""mentionsName"":false},{""id"":""422-0000910001"",""office"":""연합뉴스TV"",""publishedAt"":""2026-09-27T10:41:00+09:00"",""title"":""오디세이·스파이더맨 돌풍에…&quot;지난 달 4명 중 1명 2번 이상 영화관으..."",""url"":""https://n.news.naver.com/mnews/article/422/0000910001"",""duplicateOf"":null,""mentionsName"":false},{""id"":""009-0005740310"",""office"":""매일경제"",""publishedAt"":""2026-09-27T16:04:00+09:00"",""title"":""&quot;협력사 넉넉한 추석 보내세요 &quot; 삼성, 1조3천억 대금 앞당겨 '쓱'"",""url"":""https://n.news.naver.com/mnews/article/009/0005740310"",""duplicateOf"":null,""mentionsName"":false},{""id"":""009-0005740365"",""office"":""매일경제"",""publishedAt"":""2026-09-27T16:51:00+09:00"",""title"":""반도체 호황에 … 법인카드 사용액 역대 최대"",""url"":""https://n.news.naver.com/mnews/article/009/0005740365"",""duplicateOf"":null,""mentionsName"":false},{""id"":""382-0001295886"",""office"":""스포츠동아"",""publishedAt"":""2026-09-27T17:37:00+09:00"",""title"":""e커머스, 가을 여행 기획전"",""url"":""https://n.news.naver.com/mnews/article/382/0001295886"",""duplicateOf"":null,""mentionsName"":false},{""id"":""022-0004162159"",""office"":""세계일보"",""publishedAt"":""2026-09-28T05:02:00+09:00"",""title"":""[이코노 브리핑] 농협금융 ‘건강증진형 상품’ 5종 선봬 외"",""url"":""https://n.news.naver.com/mnews/article/022/0004162159"",""duplicateOf"":null,""mentionsName"":false},{""id"":""009-0005740490"",""office"":""매일경제"",""publishedAt"":""2026-09-28T05:58:00+09:00"",""title"":""“부장님이 웬일로 법카를 주네요”…반도체 호황에 기업 결제액 사상..."",""url"":""https://n.news.naver.com/mnews/article/009/0005740490"",""duplicateOf"":null,""mentionsName"":false},{""id"":""030-0003470469"",""office"":""전자신문"",""publishedAt"":""2026-09-28T17:01:00+09:00"",""title"":""글로벌 디지털자산 '기관의 시대'…이스트포인트 서울에 600명 집결"",""url"":""https://n.news.naver.com/mnews/article/030/0003470469"",""duplicateOf"":null,""mentionsName"":false},{""id"":""016-0002702847"",""office"":""헤럴드경제"",""publishedAt"":""2026-09-29T07:37:00+09:00"",""title"":""나운규 아리랑 100년, 정선아리랑제 BTS 흥행 잇는다[함영훈의 멋·맛..."",""url"":""https://n.news.naver.com/mnews/article/016/0002702847"",""duplicateOf"":null,""mentionsName"":false},{""id"":""123-0002390994"",""office"":""조세일보"",""publishedAt"":""2026-09-29T14:41:00+09:00"",""title"":""고물가에 다시 뜬 ‘생활비 신용카드’… 소비자가 고른 인기 혜택 살..."",""url"":""https://n.news.naver.com/mnews/article/123/0002390994"",""duplicateOf"":null,""mentionsName"":false},{""id"":""008-0005419707"",""office"":""머니투데이"",""publishedAt"":""2026-09-29T15:02:00+09:00"",""title"":""&quot;스벅 논란 끝&quot;… 삼성·신한·우리카드, 최고 혜택 카드는?"",""url"":""https://n.news.naver.com/mnews/article/008/0005419707"",""duplicateOf"":null,""mentionsName"":false},{""id"":""020-0003751591"",""office"":""동아일보"",""publishedAt"":""2026-09-30T04:35:00+09:00"",""title"":""고객중심 경영과 금융소비자 보호 선두주자"",""url"":""https://n.news.naver.com/mnews/article/020/0003751591"",""duplicateOf"":null,""mentionsName"":false},{""id"":""417-0001159587"",""office"":""동행미디어 시대"",""publishedAt"":""2026-09-30T06:00:00+09:00"",""title"":""고금리에 카드사도 차주도 돌려막기"",""url"":""https://n.news.naver.com/mnews/article/417/0001159587"",""duplicateOf"":null,""mentionsName"":false}]",20,0,,,,,,,
collection-400a3d0c1df6000e,collection,2026-09-30,2026-09-29T22:27:33Z,,,"{""contextFile"":""reports/atlas11/context/2026-09-30/2026-09-29T22-27-33Z.json""}",context_news,2026-09-30,새 기사,,,,,false,030000,제일기획,,,https://m.stock.naver.com/api/news/stock/030000?pageSize=20&page=1,d724814294f26cfe2051185b034b855bd0a6f6ce29450c5540eabf71c290763b,"[{""id"":""293-0000090147"",""office"":""블로터"",""publishedAt"":""2026-09-08T09:00:00+09:00"",""title"":""[벤처머니 선순환] 자본과 사람이 교차한 '윈윈' 서사 | 노바렉스·캡..."",""url"":""https://n.news.naver.com/mnews/article/293/0000090147"",""duplicateOf"":null,""mentionsName"":false},{""id"":""016-0002694273"",""office"":""헤럴드경제"",""publishedAt"":""2026-09-08T11:21:00+09:00"",""title"":""이재용 ‘인재제일’ 철학…70년 공채 전통 잇는다"",""url"":""https://n.news.naver.com/mnews/article/016/0002694273"",""duplicateOf"":null,""mentionsName"":false},{""id"":""661-0000082937"",""office"":""JIBS"",""publishedAt"":""2026-09-09T10:35:00+09:00"",""title"":""“나도 갈 수 있나?”… 신입 뽑는 큰 문 사라지는데 삼성은 왜 70년째..."",""url"":""https://n.news.naver.com/mnews/article/661/0000082937"",""duplicateOf"":null,""mentionsName"":false},{""id"":""037-0000038810"",""office"":""주간동아"",""publishedAt"":""2026-09-10T07:02:00+09:00"",""title"":""삼성, 2026년 하반기 공채 실시… 9월 15일까지 지원서 접수"",""url"":""https://n.news.naver.com/mnews/article/037/0000038810"",""duplicateOf"":null,""mentionsName"":false},{""id"":""003-0014189423"",""office"":""뉴시스"",""publishedAt"":""2026-09-14T17:13:00+09:00"",""title"":""&quot;협력사 대금 조기 지급액 매년↑&quot; 삼성, '5조원 사회기여' 실행도 속..."",""url"":""https://n.news.naver.com/mnews/article/003/0014189423"",""duplicateOf"":null,""mentionsName"":false},{""id"":""468-0001266238"",""office"":""스포츠서울"",""publishedAt"":""2026-09-14T17:42:00+09:00"",""title"":""삼성, 추석 앞두고 협력사 물품대금 1.3조 조기 지급…내수 활성화 지..."",""url"":""https://n.news.naver.com/mnews/article/468/0001266238"",""duplicateOf"":null,""mentionsName"":false},{""id"":""014-0005575615"",""office"":""파이낸셜뉴스"",""publishedAt"":""2026-09-14T18:30:00+09:00"",""title"":""삼성·LG 1조9000억 '명절 상생'... 협력사 자금난 덜어준다"",""url"":""https://n.news.naver.com/mnews/article/014/0005575615"",""duplicateOf"":null,""mentionsName"":false},{""id"":""023-0003998367"",""office"":""조선일보"",""publishedAt"":""2026-09-14T18:30:00+09:00"",""title"":""삼성·현대차·LG, 추석 연휴 앞두고 협력사 대금 조기 지급"",""url"":""https://n.news.naver.com/mnews/article/023/0003998367"",""duplicateOf"":null,""mentionsName"":false},{""id"":""053-0000061493"",""office"":""주간조선"",""publishedAt"":""2026-09-14T21:00:00+09:00"",""title"":""삼성, 추석 앞두고 1조3000억원 푼다…협력사 대금 조기 지급"",""url"":""https://n.news.naver.com/mnews/article/053/0000061493"",""duplicateOf"":null,""mentionsName"":false},{""id"":""008-0005414122"",""office"":""머니투데이"",""publishedAt"":""2026-09-15T16:52:00+09:00"",""title"":""&quot;촬영장 없이 공공광고 만든다&quot;…퍼블릭스, AI로 새 PR시장 연다"",""url"":""https://n.news.naver.com/mnews/article/008/0005414122"",""duplicateOf"":null,""mentionsName"":false},{""id"":""021-0002819003"",""office"":""문화일보"",""publishedAt"":""2026-09-15T23:12:00+09:00"",""title"":""대기업 다양성 지수 58점 ‘역대 최고’지만 전무급 이상 여성 고위임..."",""url"":""https://n.news.naver.com/mnews/article/021/0002819003"",""duplicateOf"":null,""mentionsName"":false},{""id"":""277-0005816833"",""office"":""아시아경제"",""publishedAt"":""2026-09-16T07:05:00+09:00"",""title"":""[클릭 e종목]&quot;제일기획 실적, 예상치 19% 밑돌 것...목표주가 하향&quot;"",""url"":""https://n.news.naver.com/mnews/article/277/0005816833"",""duplicateOf"":null,""mentionsName"":true},{""id"":""008-0005415006"",""office"":""머니투데이"",""publishedAt"":""2026-09-17T08:50:00+09:00"",""title"":""&quot;제일기획, 심심해진 성장성…목표가 2만1000원으로 하향&quot;-신한"",""url"":""https://n.news.naver.com/mnews/article/008/0005415006"",""duplicateOf"":null,""mentionsName"":true},{""id"":""009-0005736447"",""office"":""매일경제"",""publishedAt"":""2026-09-17T09:14:00+09:00"",""title"":""“제일기획, 마케팅 효율화로 실적 눈높이 낮아”…목표가↓"",""url"":""https://n.news.naver.com/mnews/article/009/0005736447"",""duplicateOf"":null,""mentionsName"":true},{""id"":""024-0000108350"",""office"":""매경이코노미"",""publishedAt"":""2026-09-20T12:04:00+09:00"",""title"":""드디어 ‘배당주’의 계절…배당수익률 1위가 여기라고?"",""url"":""https://n.news.naver.com/mnews/article/024/0000108350"",""duplicateOf"":null,""mentionsName"":false},{""id"":""011-0004663875"",""office"":""서울경제"",""publishedAt"":""2026-09-21T07:01:00+09:00"",""title"":""돌아온 배당 시즌…지역난방공사·AJ네트웍스 등 상위권 [코주부]"",""url"":""https://n.news.naver.com/mnews/article/011/0004663875"",""duplicateOf"":null,""mentionsName"":false},{""id"":""215-0001266861"",""office"":""한국경제TV"",""publishedAt"":""2026-09-22T14:11:00+09:00"",""title"":""찬바람 불면 배당주라던데...진짜 배당주는 따로 있었네"",""url"":""https://n.news.naver.com/mnews/article/215/0001266861"",""duplicateOf"":null,""mentionsName"":false},{""id"":""009-0005740310"",""office"":""매일경제"",""publishedAt"":""2026-09-27T16:04:00+09:00"",""title"":""&quot;협력사 넉넉한 추석 보내세요 &quot; 삼성, 1조3천억 대금 앞당겨 '쓱'"",""url"":""https://n.news.naver.com/mnews/article/009/0005740310"",""duplicateOf"":null,""mentionsName"":false},{""id"":""008-0005419420"",""office"":""머니투데이"",""publishedAt"":""2026-09-29T08:56:00+09:00"",""title"":""제일기획, 하반기 성장둔화 불가피…목표가↓-흥국"",""url"":""https://n.news.naver.com/mnews/article/008/0005419420"",""duplicateOf"":null,""mentionsName"":true},{""id"":""277-0005822446"",""office"":""아시아경제"",""publishedAt"":""2026-09-30T07:10:00+09:00"",""title"":""“제일기획, 하반기 성장세 둔화 불가피…목표주가 하향”[클릭e종목..."",""url"":""https://n.news.naver.com/mnews/article/277/0005822446"",""duplicateOf"":null,""mentionsName"":true}]",20,0,,,,,,,
collection-b276047cb747107f,collection,2026-09-30,2026-09-29T22:27:33Z,,,"{""contextFile"":""reports/atlas11/context/2026-09-30/2026-09-29T22-27-33Z.json""}",context_news,2026-09-30,새 기사,,,,,false,030200,KT,,,https://m.stock.naver.com/api/news/stock/030200?pageSize=20&page=1,77061fbbceabec7f30a3784447bf4e76e03c835915261215d1f3256bfcec0d01,"[{""id"":""030-0003470745"",""office"":""전자신문"",""publishedAt"":""2026-09-29T14:31:00+09:00"",""title"":""최적요금제 고지, 10월 말 시행 유력…'중요규제' 지정 촉각"",""url"":""https://n.news.naver.com/mnews/article/030/0003470745"",""duplicateOf"":null,""mentionsName"":false},{""id"":""006-0000137963"",""office"":""미디어오늘"",""publishedAt"":""2026-09-29T16:13:00+09:00"",""title"":""대규모 해킹사고 일으킨 통신 3사 &quot;해킹 사전예방 하겠다&quot;"",""url"":""https://n.news.naver.com/mnews/article/006/0000137963"",""duplicateOf"":null,""mentionsName"":false},{""id"":""448-0000642082"",""office"":""TV조선"",""publishedAt"":""2026-09-29T16:20:00+09:00"",""title"":""KT, 청년·시니어 이어 소상공인 목소리 듣는다…고객경청포럼 확대"",""url"":""https://n.news.naver.com/mnews/article/448/0000642082"",""duplicateOf"":null,""mentionsName"":true},{""id"":""009-0005741477"",""office"":""매일경제"",""publishedAt"":""2026-09-29T17:16:00+09:00"",""title"":""[G-브리핑] 넥써쓰, 원스토어 완전 자회사 편입"",""url"":""https://n.news.naver.com/mnews/article/009/0005741477"",""duplicateOf"":null,""mentionsName"":false},{""id"":""293-0000091027"",""office"":""블로터"",""publishedAt"":""2026-09-29T17:39:00+09:00"",""title"":""국회 과방위, 윤상현 CJ ENM 대표 국감 증인 출석 요구 철회"",""url"":""https://n.news.naver.com/mnews/article/293/0000091027"",""duplicateOf"":null,""mentionsName"":false},{""id"":""079-0004193979"",""office"":""노컷뉴스"",""publishedAt"":""2026-09-29T17:47:00+09:00"",""title"":""KT, 국제 사이버훈련 'APEX 2026'서 사이버 방어 역량 입증"",""url"":""https://n.news.naver.com/mnews/article/079/0004193979"",""duplicateOf"":null,""mentionsName"":true},{""id"":""011-0004666531"",""office"":""서울경제"",""publishedAt"":""2026-09-29T18:05:00+09:00"",""title"":""[단독] 日최대 IB 다이와증권도 ‘백기’…15년 만에 韓채권시장 철수..."",""url"":""https://n.news.naver.com/mnews/article/011/0004666531"",""duplicateOf"":null,""mentionsName"":false},{""id"":""014-0005582485"",""office"":""파이낸셜뉴스"",""publishedAt"":""2026-09-29T18:13:00+09:00"",""title"":""KT 찾아가는 소통 확대… 소상공인 의견도 서비스 개선에 반영"",""url"":""https://n.news.naver.com/mnews/article/014/0005582485"",""duplicateOf"":null,""mentionsName"":true},{""id"":""076-0004450987"",""office"":""스포츠조선"",""publishedAt"":""2026-09-29T18:25:00+09:00"",""title"":""넥써쓰, 원스토어 완전자회사로 편입…게임 유통·결제·블록체인 결..."",""url"":""https://n.news.naver.com/mnews/article/076/0004450987"",""duplicateOf"":null,""mentionsName"":false},{""id"":""011-0004666570"",""office"":""서울경제"",""publishedAt"":""2026-09-29T18:54:00+09:00"",""title"":""KT 앱 열면 맞춤 혜택 ‘척척’…AI 에이전트 14종 전면 배치"",""url"":""https://n.news.naver.com/mnews/article/011/0004666570"",""duplicateOf"":null,""mentionsName"":true},{""id"":""008-0005419917"",""office"":""머니투데이"",""publishedAt"":""2026-09-29T19:54:00+09:00"",""title"":""개인정보위, 법·AI 전문가 위촉…&quot;과징금과 AI, 두 현안 잡는다&quot;"",""url"":""https://n.news.naver.com/mnews/article/008/0005419917"",""duplicateOf"":null,""mentionsName"":false},{""id"":""030-0003470857"",""office"":""전자신문"",""publishedAt"":""2026-09-29T20:09:00+09:00"",""title"":""2200억 K-에듀파인 고도화 사업, 아이티센엔텍 수주"",""url"":""https://n.news.naver.com/mnews/article/030/0003470857"",""duplicateOf"":null,""mentionsName"":false},{""id"":""001-0016345041"",""office"":""연합뉴스"",""publishedAt"":""2026-09-29T20:10:00+09:00"",""title"":""[그래픽] 보이스피싱 피해 현황"",""url"":""https://n.news.naver.com/mnews/article/001/0016345041"",""duplicateOf"":null,""mentionsName"":false},{""id"":""025-0003554609"",""office"":""중앙일보"",""publishedAt"":""2026-09-30T00:01:00+09:00"",""title"":""SGC 새 먹거리 ‘AI데이터센터’…KT가 10년 빌려 쓴다"",""url"":""https://n.news.naver.com/mnews/article/025/0003554609"",""duplicateOf"":null,""mentionsName"":true},{""id"":""001-0016345207"",""office"":""연합뉴스"",""publishedAt"":""2026-09-30T06:00:00+09:00"",""title"":""급증하는 개인정보유출 과징금·과태료…최근 3년간 1조 육박"",""url"":""https://n.news.naver.com/mnews/article/001/0016345207"",""duplicateOf"":null,""mentionsName"":false},{""id"":""023-0004001220"",""office"":""조선일보"",""publishedAt"":""2026-09-30T06:01:00+09:00"",""title"":""‘국대 AI’ 이어 ‘모두의 AI’까지 물음표...시간도 돈도 버린 정부..."",""url"":""https://n.news.naver.com/mnews/article/023/0004001220"",""duplicateOf"":null,""mentionsName"":false},{""id"":""022-0004162846"",""office"":""세계일보"",""publishedAt"":""2026-09-30T06:02:00+09:00"",""title"":""예약·결제까지 척척… 메타 '뮤즈' 돌풍에 도전 받는 韓 'AI 비서'"",""url"":""https://n.news.naver.com/mnews/article/022/0004162846"",""duplicateOf"":null,""mentionsName"":false},{""id"":""417-0001159591"",""office"":""동행미디어 시대"",""publishedAt"":""2026-09-30T06:20:00+09:00"",""title"":""중국 AI 숏폼 물량 공세에 K제작사 '실사+하이브리드' 맞불"",""url"":""https://n.news.naver.com/mnews/article/417/0001159591"",""duplicateOf"":null,""mentionsName"":false},{""id"":""648-0000051173"",""office"":""비즈워치"",""publishedAt"":""2026-09-30T06:36:00+09:00"",""title"":""필요한 AI 스스로 만든다…대우건설의 'AX 지론'"",""url"":""https://n.news.naver.com/mnews/article/648/0000051173"",""duplicateOf"":null,""mentionsName"":false},{""id"":""009-0005741712"",""office"":""매일경제"",""publishedAt"":""2026-09-30T07:24:00+09:00"",""title"":""‘마이케이티’에 AI 에이전트 심었더니…놓쳤던 혜택이 ‘와르르’"",""url"":""https://n.news.naver.com/mnews/article/009/0005741712"",""duplicateOf"":null,""mentionsName"":false}]",20,0,,,,,,,
collection-e068d5ad455e4bbe,collection,2026-09-30,2026-09-29T22:27:33Z,,,"{""contextFile"":""reports/atlas11/context/2026-09-30/2026-09-29T22-27-33Z.json""}",context_news,2026-09-30,새 기사,,,,,false,032830,삼성생명보험,,,https://m.stock.naver.com/api/news/stock/032830?pageSize=20&page=1,265206b9fc6b71a0f0a8ec89f14982ab4d15b92a94fbf0c19ce5e582eb666f4f,"[{""id"":""001-0016344397"",""office"":""연합뉴스"",""publishedAt"":""2026-09-29T16:07:00+09:00"",""title"":""'美 국채 금리 악재' 코스피, 0.27%↓…이틀 연속 하락(종합)"",""url"":""https://n.news.naver.com/mnews/article/001/0016344397"",""duplicateOf"":null,""mentionsName"":false},{""id"":""277-0005822292"",""office"":""아시아경제"",""publishedAt"":""2026-09-29T16:07:00+09:00"",""title"":""외국인 2.9조 '팔자'…코스피, 6870선 약보합 마감"",""url"":""https://n.news.naver.com/mnews/article/277/0005822292"",""duplicateOf"":null,""mentionsName"":false},{""id"":""629-0000537772"",""office"":""더팩트"",""publishedAt"":""2026-09-29T16:10:00+09:00"",""title"":""코스피, 유가·국채금리 급등에 하락 마감…6800선 사수"",""url"":""https://n.news.naver.com/mnews/article/629/0000537772"",""duplicateOf"":null,""mentionsName"":false},{""id"":""421-0009198576"",""office"":""뉴스1"",""publishedAt"":""2026-09-29T16:12:00+09:00"",""title"":""美금리 악재에 코스피 이틀째 6800선…삼전닉스 보합 선방[시황종합]"",""url"":""https://n.news.naver.com/mnews/article/421/0009198576"",""duplicateOf"":null,""mentionsName"":false},{""id"":""011-0004666459"",""office"":""서울경제"",""publishedAt"":""2026-09-29T16:19:00+09:00"",""title"":""코스피, 이틀 연속 하락세…삼성전자, 배당락 딛고 상승 마감 [마켓시..."",""url"":""https://n.news.naver.com/mnews/article/011/0004666459"",""duplicateOf"":null,""mentionsName"":false},{""id"":""016-0002703274"",""office"":""헤럴드경제"",""publishedAt"":""2026-09-29T16:27:00+09:00"",""title"":""외국인 3조 ‘매도 폭탄’에 또 코스피 ‘털썩’…‘9천피’ 가 안 믿..."",""url"":""https://n.news.naver.com/mnews/article/016/0002703274"",""duplicateOf"":null,""mentionsName"":false},{""id"":""008-0005419809"",""office"":""머니투데이"",""publishedAt"":""2026-09-29T16:50:00+09:00"",""title"":""삼성은 반도체만?..계열사 총동원 AI 시대 '인프라' 잡는다"",""url"":""https://n.news.naver.com/mnews/article/008/0005419809"",""duplicateOf"":null,""mentionsName"":false},{""id"":""138-0002243038"",""office"":""디지털데일리"",""publishedAt"":""2026-09-29T16:56:00+09:00"",""title"":""코스피, 외인 2.9조 ‘팔자’에 6870선 약보합…삼성전자 0.9%↑"",""url"":""https://n.news.naver.com/mnews/article/138/0002243038"",""duplicateOf"":null,""mentionsName"":false},{""id"":""382-0001296371"",""office"":""스포츠동아"",""publishedAt"":""2026-09-29T17:28:00+09:00"",""title"":""삼성, AI 인프라 기업 헬릭스에 10억 달러 투자"",""url"":""https://n.news.naver.com/mnews/article/382/0001296371"",""duplicateOf"":null,""mentionsName"":false},{""id"":""009-0005741563"",""office"":""매일경제"",""publishedAt"":""2026-09-29T17:41:00+09:00"",""title"":""반도체 넘어 전력·냉각까지 주도 … 삼성의 'AI 생태계' 빌드업"",""url"":""https://n.news.naver.com/mnews/article/009/0005741563"",""duplicateOf"":null,""mentionsName"":false},{""id"":""009-0005741590"",""office"":""매일경제"",""publishedAt"":""2026-09-29T17:49:00+09:00"",""title"":""[뉴스&amp;분석] 삼성 6社 뭉쳐 'AI 인프라' 승부"",""url"":""https://n.news.naver.com/mnews/article/009/0005741590"",""duplicateOf"":null,""mentionsName"":false},{""id"":""586-0000139099"",""office"":""시사저널"",""publishedAt"":""2026-09-29T17:58:00+09:00"",""title"":""삼성 6개사, 美 AI 인프라에 10억 달러 베팅…헬릭스 투자자 합류"",""url"":""https://n.news.naver.com/mnews/article/586/0000139099"",""duplicateOf"":null,""mentionsName"":false},{""id"":""014-0005582569"",""office"":""파이낸셜뉴스"",""publishedAt"":""2026-09-29T18:33:00+09:00"",""title"":""AI 생태계 확장하는 삼성…美 헬릭스에 10억弗 투자"",""url"":""https://n.news.naver.com/mnews/article/014/0005582569"",""duplicateOf"":null,""mentionsName"":false},{""id"":""015-0005337339"",""office"":""한국경제"",""publishedAt"":""2026-09-29T18:36:00+09:00"",""title"":""삼성그룹, AI 인프라 베팅…美 헬릭스에 10억달러 투자"",""url"":""https://n.news.naver.com/mnews/article/015/0005337339"",""duplicateOf"":null,""mentionsName"":false},{""id"":""029-0003050555"",""office"":""디지털타임스"",""publishedAt"":""2026-09-29T18:59:00+09:00"",""title"":""[기획] 이재용 “AI 올인”… 삼성 6사, 이번엔 ‘美 AI 인프라’ 승부..."",""url"":""https://n.news.naver.com/mnews/article/029/0003050555"",""duplicateOf"":null,""mentionsName"":false},{""id"":""022-0004162776"",""office"":""세계일보"",""publishedAt"":""2026-09-29T20:02:00+09:00"",""title"":""삼성, 美헬릭스에 10억달러 투자… AI 데이터센터 사업 확장 승부수"",""url"":""https://n.news.naver.com/mnews/article/022/0004162776"",""duplicateOf"":null,""mentionsName"":false},{""id"":""009-0005741655"",""office"":""매일경제"",""publishedAt"":""2026-09-29T21:59:00+09:00"",""title"":""삼성 6社 뭉쳐 美헬릭스 10억달러 투자…AI 인프라 진격"",""url"":""https://n.news.naver.com/mnews/article/009/0005741655"",""duplicateOf"":null,""mentionsName"":false},{""id"":""009-0005741668"",""office"":""매일경제"",""publishedAt"":""2026-09-30T00:01:00+09:00"",""title"":""삼성생명, 보험 '복잡성' 줄이고 AI로 '쉬운 보험' 승부수"",""url"":""https://n.news.naver.com/mnews/article/009/0005741668"",""duplicateOf"":null,""mentionsName"":false},{""id"":""020-0003751529"",""office"":""동아일보"",""publishedAt"":""2026-09-30T04:32:00+09:00"",""title"":""보험 가입 더 쉽게, 소비자 보호 더 촘촘하게"",""url"":""https://n.news.naver.com/mnews/article/020/0003751529"",""duplicateOf"":null,""mentionsName"":false},{""id"":""008-0005419988"",""office"":""머니투데이"",""publishedAt"":""2026-09-30T06:00:00+09:00"",""title"":""엔비디아도 콕 집은 그 회사...&quot;1.4조 베팅&quot; 삼성, 계열사 총동원한 이..."",""url"":""https://n.news.naver.com/mnews/article/008/0005419988"",""duplicateOf"":null,""mentionsName"":false}]",20,0,,,,,,,
collection-860fd74ee158a749,collection,2026-09-30,2026-09-29T22:27:33Z,,,"{""contextFile"":""reports/atlas11/context/2026-09-30/2026-09-29T22-27-33Z.json""}",context_news,2026-09-30,새 기사,,,,,false,033780,KT&G,,,https://m.stock.naver.com/api/news/stock/033780?pageSize=20&page=1,77f3ba9a8cfefa64bc43cda2e55f83caa2eb2bffec84ebc69cf173000b901afe,"[{""id"":""022-0004160383"",""office"":""세계일보"",""publishedAt"":""2026-09-20T06:25:00+09:00"",""title"":""한국IR대상에 ‘신한금융지주’...코스닥은 ‘비츠로셀’이 영예"",""url"":""https://n.news.naver.com/mnews/article/022/0004160383"",""duplicateOf"":null,""mentionsName"":false},{""id"":""018-0006373322"",""office"":""이데일리"",""publishedAt"":""2026-09-21T07:43:00+09:00"",""title"":""KT&amp;G, 카자흐 현지화로 해외 궐련 성장 가속…이익 체력↑-유안타"",""url"":""https://n.news.naver.com/mnews/article/018/0006373322"",""duplicateOf"":null,""mentionsName"":false},{""id"":""014-0005578824"",""office"":""파이낸셜뉴스"",""publishedAt"":""2026-09-21T10:38:00+09:00"",""title"":""&quot;삼성SDI, 전력 인프라株로 재평가돼야&quot;…해성디에스, 1900억 증설 투자..."",""url"":""https://n.news.naver.com/mnews/article/014/0005578824"",""duplicateOf"":null,""mentionsName"":false},{""id"":""656-0000187421"",""office"":""대전일보"",""publishedAt"":""2026-09-21T14:21:00+09:00"",""title"":""KT&amp;G, 한국IR대상 최우수상…경영진 직접 소통 호평"",""url"":""https://n.news.naver.com/mnews/article/656/0000187421"",""duplicateOf"":null,""mentionsName"":false},{""id"":""024-0000108380"",""office"":""매경이코노미"",""publishedAt"":""2026-09-21T16:59:00+09:00"",""title"":""“KT&amp;G 25만원 간다”...해외담배 이익 성장세 [오늘, 이 종목]"",""url"":""https://n.news.naver.com/mnews/article/024/0000108380"",""duplicateOf"":null,""mentionsName"":false},{""id"":""020-0003749806"",""office"":""동아일보"",""publishedAt"":""2026-09-21T17:55:00+09:00"",""title"":""KT&amp;G, ‘2026 한국IR대상’ 최우수상 수상…“주주가치 중심 경영 실천..."",""url"":""https://n.news.naver.com/mnews/article/020/0003749806"",""duplicateOf"":null,""mentionsName"":false},{""id"":""018-0006374049"",""office"":""이데일리"",""publishedAt"":""2026-09-22T08:00:00+09:00"",""title"":""KT&amp;G, 카자흐스탄서 ‘Q·P 동반 성장’…&quot;해외 궐련 성장 지속&quot;-현대..."",""url"":""https://n.news.naver.com/mnews/article/018/0006374049"",""duplicateOf"":null,""mentionsName"":false},{""id"":""030-0003469404"",""office"":""전자신문"",""publishedAt"":""2026-09-22T14:29:00+09:00"",""title"":""KT&amp;G, 청년 창업가 10개 팀 사회적가치 페스타서 사업 알린다"",""url"":""https://n.news.naver.com/mnews/article/030/0003469404"",""duplicateOf"":null,""mentionsName"":false},{""id"":""277-0005820006"",""office"":""아시아경제"",""publishedAt"":""2026-09-22T15:02:00+09:00"",""title"":""케이티앤지, 3600억 규모 자사주 취득 결정"",""url"":""https://n.news.naver.com/mnews/article/277/0005820006"",""duplicateOf"":null,""mentionsName"":false},{""id"":""374-0000534417"",""office"":""SBS Biz"",""publishedAt"":""2026-09-22T16:08:00+09:00"",""title"":""KT&amp;G, 3천600억원 규모 자사주 매입·소각 결정"",""url"":""https://n.news.naver.com/mnews/article/374/0000534417"",""duplicateOf"":null,""mentionsName"":false},{""id"":""015-0005335318"",""office"":""한국경제"",""publishedAt"":""2026-09-22T17:52:00+09:00"",""title"":""KT&amp;G, 3600억 자사주 매입·소각…주주환원 확대"",""url"":""https://n.news.naver.com/mnews/article/015/0005335318"",""duplicateOf"":null,""mentionsName"":false},{""id"":""382-0001295416"",""office"":""스포츠동아"",""publishedAt"":""2026-09-22T18:49:00+09:00"",""title"":""KT&amp;G, 이번 주주환원은 소각…207만주 사라진다[PS]"",""url"":""https://n.news.naver.com/mnews/article/382/0001295416"",""duplicateOf"":null,""mentionsName"":false},{""id"":""021-0002820939"",""office"":""문화일보"",""publishedAt"":""2026-09-23T11:28:00+09:00"",""title"":""‘25년 이상 연속 흑자’ 국내기업 11곳"",""url"":""https://n.news.naver.com/mnews/article/021/0002820939"",""duplicateOf"":null,""mentionsName"":false},{""id"":""293-0000090866"",""office"":""블로터"",""publishedAt"":""2026-09-23T15:31:00+09:00"",""title"":""자사주 소각 목표 넘긴 KT&amp;G, 3600억 재매입…주주환원 '고삐'"",""url"":""https://n.news.naver.com/mnews/article/293/0000090866"",""duplicateOf"":null,""mentionsName"":false},{""id"":""629-0000536627"",""office"":""더팩트"",""publishedAt"":""2026-09-23T15:31:00+09:00"",""title"":""'카자흐스탄을 전초기지로'…K-유통·식품, 중앙아시아 영토 확장"",""url"":""https://n.news.naver.com/mnews/article/629/0000536627"",""duplicateOf"":null,""mentionsName"":false},{""id"":""421-0009194097"",""office"":""뉴스1"",""publishedAt"":""2026-09-28T06:25:00+09:00"",""title"":""[뉴스톡톡] 내달 '담배 유해성분' 첫 공개…궐련→전자담배 전환 빨라..."",""url"":""https://n.news.naver.com/mnews/article/421/0009194097"",""duplicateOf"":null,""mentionsName"":false},{""id"":""421-0009194130"",""office"":""뉴스1"",""publishedAt"":""2026-09-28T07:05:00+09:00"",""title"":""해외선 70억달러 시장인데…담배 4사, '니코틴 파우치' 신중한 까닭"",""url"":""https://n.news.naver.com/mnews/article/421/0009194130"",""duplicateOf"":null,""mentionsName"":false},{""id"":""003-0014220911"",""office"":""뉴시스"",""publishedAt"":""2026-09-29T14:29:00+09:00"",""title"":""KT&amp;G, 면세박람회 'TFWA 월드' K-담배 인지도↑…유럽·중남미 공략"",""url"":""https://n.news.naver.com/mnews/article/003/0014220911"",""duplicateOf"":null,""mentionsName"":false},{""id"":""031-0001062058"",""office"":""아이뉴스24"",""publishedAt"":""2026-09-29T16:35:00+09:00"",""title"":""KT&amp;G, 프랑스 면세박람회 참가⋯글로벌 시장 공략 속도"",""url"":""https://n.news.naver.com/mnews/article/031/0001062058"",""duplicateOf"":null,""mentionsName"":false},{""id"":""022-0004162720"",""office"":""세계일보"",""publishedAt"":""2026-09-29T18:00:00+09:00"",""title"":""KT&amp;G·BAT로스만스, 주주환원·사회공헌 확대…ESG 경영 강화"",""url"":""https://n.news.naver.com/mnews/article/022/0004162720"",""duplicateOf"":null,""mentionsName"":false}]",20,0,,,,,,,
collection-eb8425cbb4b78583,collection,2026-09-30,2026-09-29T22:27:33Z,,,"{""contextFile"":""reports/atlas11/context/2026-09-30/2026-09-29T22-27-33Z.json""}",context_news,2026-09-30,새 기사,,,,,false,034020,두산에너빌리티,,,https://m.stock.naver.com/api/news/stock/034020?pageSize=20&page=1,45ce0ad4e13b4ab03a48931a94320a272b8e3884c1aaef94c8f4a15095cf70a5,"[{""id"":""421-0009192871"",""office"":""뉴스1"",""publishedAt"":""2026-09-27T06:00:00+09:00"",""title"":""코스피 횡보할 때 40% 뛴 두산…'전자'가 끌어올린 몸값[종목현미경]"",""url"":""https://n.news.naver.com/mnews/article/421/0009192871"",""duplicateOf"":null,""mentionsName"":false},{""id"":""001-0016337787"",""office"":""연합뉴스"",""publishedAt"":""2026-09-27T07:00:00+09:00"",""title"":""[마켓인사이트] 추석 연휴서 돌아온 韓증시, 상승흐름 이어갈까"",""url"":""https://n.news.naver.com/mnews/article/001/0016337787"",""duplicateOf"":null,""mentionsName"":false},{""id"":""008-0005418798"",""office"":""머니투데이"",""publishedAt"":""2026-09-28T07:00:00+09:00"",""title"":""[알림]'비즈니스'에 '안보' 더해…K에너지 '올스타전' 한달 앞으로"",""url"":""https://n.news.naver.com/mnews/article/008/0005418798"",""duplicateOf"":null,""mentionsName"":false},{""id"":""029-0003050076"",""office"":""디지털타임스"",""publishedAt"":""2026-09-28T08:14:00+09:00"",""title"":""삼전·SK하닉, 프리마켓 약세…AI 주도력 회복에도 금리 부담 경계"",""url"":""https://n.news.naver.com/mnews/article/029/0003050076"",""duplicateOf"":null,""mentionsName"":false},{""id"":""366-0001194642"",""office"":""조선비즈"",""publishedAt"":""2026-09-28T08:44:00+09:00"",""title"":""30조원 대미투자 첫발에도… 유진證 “국내 발전·전력기기 수주 확정..."",""url"":""https://n.news.naver.com/mnews/article/366/0001194642"",""duplicateOf"":null,""mentionsName"":false},{""id"":""014-0005581511"",""office"":""파이낸셜뉴스"",""publishedAt"":""2026-09-28T10:44:00+09:00"",""title"":""삼성전자 팔고 두빌·현대차 산 개인…연휴 뒤 코스피 순매수 [종목 N..."",""url"":""https://n.news.naver.com/mnews/article/014/0005581511"",""duplicateOf"":null,""mentionsName"":false},{""id"":""081-0003683965"",""office"":""서울신문"",""publishedAt"":""2026-09-28T13:53:00+09:00"",""title"":""삼성전자 4.8%·SK하이닉스 4.5% 하락, 시총 상위주 업종별 ‘엇갈린 ..."",""url"":""https://n.news.naver.com/mnews/article/081/0003683965"",""duplicateOf"":null,""mentionsName"":false},{""id"":""009-0005740737"",""office"":""매일경제"",""publishedAt"":""2026-09-28T14:14:00+09:00"",""title"":""李 “코리아 디스카운트 넘어 프리미엄으로”…첫 ‘국가대표 자본시..."",""url"":""https://n.news.naver.com/mnews/article/009/0005740737"",""duplicateOf"":null,""mentionsName"":false},{""id"":""009-0005740969"",""office"":""매일경제"",""publishedAt"":""2026-09-28T17:39:00+09:00"",""title"":""AI가 발전소 실시간 모니터링… 운영·정비 최적 솔루션 '척척'"",""url"":""https://n.news.naver.com/mnews/article/009/0005740969"",""duplicateOf"":null,""mentionsName"":false},{""id"":""215-0001267441"",""office"":""한국경제TV"",""publishedAt"":""2026-09-28T17:52:00+09:00"",""title"":""'코리아 프리미엄 위크' 개막…자본시장 세일즈 '가속'"",""url"":""https://n.news.naver.com/mnews/article/215/0001267441"",""duplicateOf"":null,""mentionsName"":false},{""id"":""008-0005419344"",""office"":""머니투데이"",""publishedAt"":""2026-09-29T04:00:00+09:00"",""title"":""[알림]'SEP 2026' 10월28일 코엑스서 2박3일간 개최"",""url"":""https://n.news.naver.com/mnews/article/008/0005419344"",""duplicateOf"":null,""mentionsName"":false},{""id"":""053-0000061848"",""office"":""주간조선"",""publishedAt"":""2026-09-29T05:00:00+09:00"",""title"":""탄소중립규제 잘 설계해야 네팔의 비극 막는다 [이런 규제 이상하지 ..."",""url"":""https://n.news.naver.com/mnews/article/053/0000061848"",""duplicateOf"":null,""mentionsName"":false},{""id"":""029-0003050332"",""office"":""디지털타임스"",""publishedAt"":""2026-09-29T09:16:00+09:00"",""title"":""코스피, 6800선 급락 출발 후 낙폭 축소…삼전·하닉 반등"",""url"":""https://n.news.naver.com/mnews/article/029/0003050332"",""duplicateOf"":null,""mentionsName"":false},{""id"":""277-0005821913"",""office"":""아시아경제"",""publishedAt"":""2026-09-29T09:25:00+09:00"",""title"":""외국인 '팔자'에 코스피·코스닥 동반 약세"",""url"":""https://n.news.naver.com/mnews/article/277/0005821913"",""duplicateOf"":null,""mentionsName"":false},{""id"":""081-0003684286"",""office"":""서울신문"",""publishedAt"":""2026-09-29T10:13:00+09:00"",""title"":""[서울데이터랩]개장 직후 인기 검색 종목 20選"",""url"":""https://n.news.naver.com/mnews/article/081/0003684286"",""duplicateOf"":null,""mentionsName"":false},{""id"":""050-0000111409"",""office"":""한경비즈니스"",""publishedAt"":""2026-09-29T13:25:00+09:00"",""title"":""DK아시아 로열파크씨티, 9월 주거 커뮤니티 브랜드평판 1위"",""url"":""https://n.news.naver.com/mnews/article/050/0000111409"",""duplicateOf"":null,""mentionsName"":false},{""id"":""081-0003684367"",""office"":""서울신문"",""publishedAt"":""2026-09-29T13:56:00+09:00"",""title"":""부산주공 정리매매 첫 날 91% 급락… 코스피 거래상위 종목 희비 엇갈..."",""url"":""https://n.news.naver.com/mnews/article/081/0003684367"",""duplicateOf"":null,""mentionsName"":false},{""id"":""029-0003050489"",""office"":""디지털타임스"",""publishedAt"":""2026-09-29T15:54:00+09:00"",""title"":""코스피, 외인 2.9조 순매도에도 약보합 마감…삼전↑·SK하닉↓"",""url"":""https://n.news.naver.com/mnews/article/029/0003050489"",""duplicateOf"":null,""mentionsName"":false},{""id"":""277-0005822292"",""office"":""아시아경제"",""publishedAt"":""2026-09-29T16:07:00+09:00"",""title"":""외국인 2.9조 '팔자'…코스피, 6870선 약보합 마감"",""url"":""https://n.news.naver.com/mnews/article/277/0005822292"",""duplicateOf"":null,""mentionsName"":false},{""id"":""008-0005420016"",""office"":""머니투데이"",""publishedAt"":""2026-09-30T07:00:00+09:00"",""title"":""[알림] 李대통령 &quot;AI와 에너지 결합&quot;, 1년만에 현실로…2027년은?"",""url"":""https://n.news.naver.com/mnews/article/008/0005420016"",""duplicateOf"":null,""mentionsName"":false}]",20,0,,,,,,,
collection-6dd96ff9b8ac17e0,collection,2026-09-30,2026-09-29T22:27:33Z,,,"{""contextFile"":""reports/atlas11/context/2026-09-30/2026-09-29T22-27-33Z.json""}",context_news,2026-09-30,새 기사,,,,,false,034220,LG디스플레이,,,https://m.stock.naver.com/api/news/stock/034220?pageSize=20&page=1,d0cb3b7652a8478e1a6c77f0613e80235df44b15fc0d5bbeccefb9928fa2a046,"[{""id"":""018-0006375426"",""office"":""이데일리"",""publishedAt"":""2026-09-25T06:02:00+09:00"",""title"":""추석에도 24시간…삼성·SK하닉 반도체, 수출 최전선 지킨다"",""url"":""https://n.news.naver.com/mnews/article/018/0006375426"",""duplicateOf"":null,""mentionsName"":false},{""id"":""243-0000103519"",""office"":""이코노미스트"",""publishedAt"":""2026-09-25T07:30:00+09:00"",""title"":""&quot;AI시대에도 인재는 소중하죠&quot;…대기업이 취준생부터 가르치는 이유"",""url"":""https://n.news.naver.com/mnews/article/243/0000103519"",""duplicateOf"":null,""mentionsName"":false},{""id"":""092-0002438735"",""office"":""지디넷코리아"",""publishedAt"":""2026-09-25T09:09:00+09:00"",""title"":""삼성·LGD, 3분기 수익성 감소 전망…환율·칩플레이션 여파"",""url"":""https://n.news.naver.com/mnews/article/092/0002438735"",""duplicateOf"":null,""mentionsName"":false},{""id"":""417-0001159260"",""office"":""동행미디어 시대"",""publishedAt"":""2026-09-26T07:00:00+09:00"",""title"":""추석 연휴 잊은 반도체·디스플레이, 24시간 멈추지 않는다"",""url"":""https://n.news.naver.com/mnews/article/417/0001159260"",""duplicateOf"":null,""mentionsName"":false},{""id"":""648-0000051074"",""office"":""비즈워치"",""publishedAt"":""2026-09-26T10:00:00+09:00"",""title"":""'기술 승부수' 띄운 정철동…LG디플, 미래 성장축 세운다"",""url"":""https://n.news.naver.com/mnews/article/648/0000051074"",""duplicateOf"":null,""mentionsName"":false},{""id"":""031-0001061295"",""office"":""아이뉴스24"",""publishedAt"":""2026-09-27T09:00:00+09:00"",""title"":""게임 전용 벗어난 OLED 모니터…'1000만대 시대' 1년 빨라졌다"",""url"":""https://n.news.naver.com/mnews/article/031/0001061295"",""duplicateOf"":null,""mentionsName"":false},{""id"":""417-0001159299"",""office"":""동행미디어 시대"",""publishedAt"":""2026-09-27T10:00:00+09:00"",""title"":""'4년 만에 흑자' 정철동 LGD 대표, 다음 승부수는 '기술'"",""url"":""https://n.news.naver.com/mnews/article/417/0001159299"",""duplicateOf"":null,""mentionsName"":false},{""id"":""030-0003470086"",""office"":""전자신문"",""publishedAt"":""2026-09-27T16:01:00+09:00"",""title"":""LGD 차세대 OLED '플립' 국가R&amp;D 과제 추진"",""url"":""https://n.news.naver.com/mnews/article/030/0003470086"",""duplicateOf"":null,""mentionsName"":false},{""id"":""014-0005581205"",""office"":""파이낸셜뉴스"",""publishedAt"":""2026-09-27T17:54:00+09:00"",""title"":""'e스포츠 정조준' LGD 초고주사율 OLED 공개"",""url"":""https://n.news.naver.com/mnews/article/014/0005581205"",""duplicateOf"":null,""mentionsName"":false},{""id"":""215-0001267301"",""office"":""한국경제TV"",""publishedAt"":""2026-09-27T20:14:00+09:00"",""title"":""'아이폰 특수' 한껏 기대했더니...부품주 뜻밖의 상황"",""url"":""https://n.news.naver.com/mnews/article/215/0001267301"",""duplicateOf"":null,""mentionsName"":false},{""id"":""277-0005821234"",""office"":""아시아경제"",""publishedAt"":""2026-09-28T07:04:00+09:00"",""title"":""&quot;작업하다 바지가 자꾸 찢어져요&quot;…한마디에 탄생한 '특별한 바지'"",""url"":""https://n.news.naver.com/mnews/article/277/0005821234"",""duplicateOf"":null,""mentionsName"":false},{""id"":""081-0003683968"",""office"":""서울신문"",""publishedAt"":""2026-09-28T13:55:00+09:00"",""title"":""반도체 대형주 약세 속 금강공업 18.9% 급등"",""url"":""https://n.news.naver.com/mnews/article/081/0003683968"",""duplicateOf"":null,""mentionsName"":false},{""id"":""009-0005740884"",""office"":""매일경제"",""publishedAt"":""2026-09-28T16:49:00+09:00"",""title"":""&quot;MLCC 커팅기술 앞세워 반도체 시장 공략&quot;"",""url"":""https://n.news.naver.com/mnews/article/009/0005740884"",""duplicateOf"":null,""mentionsName"":false},{""id"":""023-0004000775"",""office"":""조선일보"",""publishedAt"":""2026-09-28T17:01:00+09:00"",""title"":""스마트폰 OLED, LCD 밀어내고 시장 60% 첫 돌파"",""url"":""https://n.news.naver.com/mnews/article/023/0004000775"",""duplicateOf"":null,""mentionsName"":false},{""id"":""023-0004000881"",""office"":""조선일보"",""publishedAt"":""2026-09-29T00:35:00+09:00"",""title"":""중급폰도 사용… OLED가 스마트폰 화면 주류로"",""url"":""https://n.news.naver.com/mnews/article/023/0004000881"",""duplicateOf"":null,""mentionsName"":false},{""id"":""081-0003684206"",""office"":""서울신문"",""publishedAt"":""2026-09-29T05:05:00+09:00"",""title"":""LGD, 제품 넘어 친환경까지 ‘기술 혁신’"",""url"":""https://n.news.naver.com/mnews/article/081/0003684206"",""duplicateOf"":null,""mentionsName"":false},{""id"":""119-0003137415"",""office"":""데일리안"",""publishedAt"":""2026-09-29T12:44:00+09:00"",""title"":""공장 뜯고 부지 팔아 체질 바꾸는데…LGD 이익은 왜 줄어드나"",""url"":""https://n.news.naver.com/mnews/article/119/0003137415"",""duplicateOf"":null,""mentionsName"":false},{""id"":""081-0003684367"",""office"":""서울신문"",""publishedAt"":""2026-09-29T13:56:00+09:00"",""title"":""부산주공 정리매매 첫 날 91% 급락… 코스피 거래상위 종목 희비 엇갈..."",""url"":""https://n.news.naver.com/mnews/article/081/0003684367"",""duplicateOf"":null,""mentionsName"":false},{""id"":""018-0006377166"",""office"":""이데일리"",""publishedAt"":""2026-09-29T16:37:00+09:00"",""title"":""실적 시즌 '환율'에 울고 웃고…3분기 전망치 희비 갈렸다"",""url"":""https://n.news.naver.com/mnews/article/018/0006377166"",""duplicateOf"":null,""mentionsName"":false},{""id"":""421-0009199029"",""office"":""뉴스1"",""publishedAt"":""2026-09-29T18:11:00+09:00"",""title"":""한강청, 수도권 34개사와 '화학사고 예방·안전관리 강화' 논의"",""url"":""https://n.news.naver.com/mnews/article/421/0009199029"",""duplicateOf"":null,""mentionsName"":false}]",20,0,,,,,,,
collection-dab94907f8f95516,collection,2026-09-30,2026-09-29T22:27:33Z,,,"{""contextFile"":""reports/atlas11/context/2026-09-30/2026-09-29T22-27-33Z.json""}",context_news,2026-09-30,새 기사,,,,,false,034730,SK,,,https://m.stock.naver.com/api/news/stock/034730?pageSize=20&page=1,f04e0559a66b2ad9aa045d56b9f201652fd01eb076bbc645cc61ea68a9ffa6ed,"[{""id"":""050-0000111423"",""office"":""한경비즈니스"",""publishedAt"":""2026-09-29T18:47:00+09:00"",""title"":""&quot;이혼 못 받아들여 vs 2.5조 재산분할 불복&quot;…권혁빈 배우자도 항소"",""url"":""https://n.news.naver.com/mnews/article/050/0000111423"",""duplicateOf"":null,""mentionsName"":false},{""id"":""018-0006377238"",""office"":""이데일리"",""publishedAt"":""2026-09-29T18:59:00+09:00"",""title"":""&quot;엔비디아, 삼성·SK와 AI팩토리 올인…韓보다 공장 잘짓는 나라 없다..."",""url"":""https://n.news.naver.com/mnews/article/018/0006377238"",""duplicateOf"":null,""mentionsName"":true},{""id"":""031-0001062115"",""office"":""아이뉴스24"",""publishedAt"":""2026-09-29T19:28:00+09:00"",""title"":""SK온, 美 계열사 해외채 2조280억원 인수 결정"",""url"":""https://n.news.naver.com/mnews/article/031/0001062115"",""duplicateOf"":null,""mentionsName"":true},{""id"":""277-0005822398"",""office"":""아시아경제"",""publishedAt"":""2026-09-29T19:32:00+09:00"",""title"":""&quot;AI는 폭주하지 않는다&quot; 젠슨 황, '속도조절론'에 정면 반박"",""url"":""https://n.news.naver.com/mnews/article/277/0005822398"",""duplicateOf"":null,""mentionsName"":false},{""id"":""081-0003684530"",""office"":""서울신문"",""publishedAt"":""2026-09-29T20:24:00+09:00"",""title"":""젠슨황 ‘밴 플리트상’… 이재용·최태원 ‘반도체 깐부’ 의리 과시"",""url"":""https://n.news.naver.com/mnews/article/081/0003684530"",""duplicateOf"":null,""mentionsName"":false},{""id"":""009-0005741647"",""office"":""매일경제"",""publishedAt"":""2026-09-29T20:58:00+09:00"",""title"":""“앞으로 33년도 같이 갑시다”…젠슨 황이 사랑 고백한 한국의 두 기..."",""url"":""https://n.news.naver.com/mnews/article/009/0005741647"",""duplicateOf"":null,""mentionsName"":false},{""id"":""422-0000910931"",""office"":""연합뉴스TV"",""publishedAt"":""2026-09-29T21:01:00+09:00"",""title"":""젠슨황 만난 이재용·최태원…&quot;진정한 동반자&quot;"",""url"":""https://n.news.naver.com/mnews/article/422/0000910931"",""duplicateOf"":null,""mentionsName"":false},{""id"":""056-0012265095"",""office"":""KBS"",""publishedAt"":""2026-09-29T21:55:00+09:00"",""title"":""[집중취재] 울산 AI데이터센터 공사 속도…내년 1단계 준공"",""url"":""https://n.news.naver.com/mnews/article/056/0012265095"",""duplicateOf"":null,""mentionsName"":false},{""id"":""449-0000362456"",""office"":""채널A"",""publishedAt"":""2026-09-29T21:56:00+09:00"",""title"":""[김종석의 샷]“젠슨 황 축하”…깐부 총출동"",""url"":""https://n.news.naver.com/mnews/article/449/0000362456"",""duplicateOf"":null,""mentionsName"":false},{""id"":""052-0002412650"",""office"":""YTN"",""publishedAt"":""2026-09-29T22:56:00+09:00"",""title"":""'깐부' 이재용의 깜짝 선물...최태원도 &quot;파트너십 확장&quot;"",""url"":""https://n.news.naver.com/mnews/article/052/0002412650"",""duplicateOf"":null,""mentionsName"":false},{""id"":""422-0000910948"",""office"":""연합뉴스TV"",""publishedAt"":""2026-09-29T22:58:00+09:00"",""title"":""다시 만난 이재용·최태원·젠슨황…AI 동맹 재확인"",""url"":""https://n.news.naver.com/mnews/article/422/0000910948"",""duplicateOf"":null,""mentionsName"":false},{""id"":""009-0005741677"",""office"":""매일경제"",""publishedAt"":""2026-09-30T00:01:00+09:00"",""title"":""SK에너지, 중동전쟁 속 '안정적 연료 공급' 일조해"",""url"":""https://n.news.naver.com/mnews/article/009/0005741677"",""duplicateOf"":null,""mentionsName"":true},{""id"":""277-0005822421"",""office"":""아시아경제"",""publishedAt"":""2026-09-30T00:27:00+09:00"",""title"":""젠슨 황 &quot;삼성·SK와 앞으로 33년 더 협력할 것&quot;"",""url"":""https://n.news.naver.com/mnews/article/277/0005822421"",""duplicateOf"":null,""mentionsName"":true},{""id"":""008-0005419971"",""office"":""머니투데이"",""publishedAt"":""2026-09-30T04:30:00+09:00"",""title"":""머니투데이 오프라인 헤드라인-30일"",""url"":""https://n.news.naver.com/mnews/article/008/0005419971"",""duplicateOf"":null,""mentionsName"":false},{""id"":""020-0003751545"",""office"":""동아일보"",""publishedAt"":""2026-09-30T04:33:00+09:00"",""title"":""AI전쟁중 총수 또 줄소환 논란… 이재용-최태원 국감 증인 요구"",""url"":""https://n.news.naver.com/mnews/article/020/0003751545"",""duplicateOf"":null,""mentionsName"":false},{""id"":""020-0003751606"",""office"":""동아일보"",""publishedAt"":""2026-09-30T04:36:00+09:00"",""title"":""광주 軍공항 이전, 당초 2028년 중순서 더 앞당길듯"",""url"":""https://n.news.naver.com/mnews/article/020/0003751606"",""duplicateOf"":null,""mentionsName"":false},{""id"":""422-0000910978"",""office"":""연합뉴스TV"",""publishedAt"":""2026-09-30T05:20:00+09:00"",""title"":""젠슨 황 '밴 플리트상' 수상…이재용·최태원 축하"",""url"":""https://n.news.naver.com/mnews/article/422/0000910978"",""duplicateOf"":null,""mentionsName"":false},{""id"":""011-0004666613"",""office"":""서울경제"",""publishedAt"":""2026-09-30T06:00:00+09:00"",""title"":""SK에코플랜트, 친환경 사업 손 뗀다…AI·인프라 투자 가속[시그널]"",""url"":""https://n.news.naver.com/mnews/article/011/0004666613"",""duplicateOf"":null,""mentionsName"":true},{""id"":""421-0009199311"",""office"":""뉴스1"",""publishedAt"":""2026-09-30T06:00:00+09:00"",""title"":""삼성 회로 면적 최대 14%↓ SK하닉 주변회로 분리 제작…2나노 기술전..."",""url"":""https://n.news.naver.com/mnews/article/421/0009199311"",""duplicateOf"":null,""mentionsName"":true},{""id"":""648-0000051176"",""office"":""비즈워치"",""publishedAt"":""2026-09-30T07:10:00+09:00"",""title"":""[거버넌스워치] 미원그룹 모태 미원상사 ‘백년손님’이 끌고 가는 이..."",""url"":""https://n.news.naver.com/mnews/article/648/0000051176"",""duplicateOf"":null,""mentionsName"":false}]",20,0,,,,,,,
collection-6db4dda0dc26a46c,collection,2026-09-30,2026-09-29T22:27:33Z,,,"{""contextFile"":""reports/atlas11/context/2026-09-30/2026-09-29T22-27-33Z.json""}",context_news,2026-09-30,새 기사,,,,,false,035250,강원랜드,,,https://m.stock.naver.com/api/news/stock/035250?pageSize=20&page=1,6f35c734e3969bb69aa9a3efdd227fbf6db5f9f4558e2aea2e1ef7ae8b75b356,"[{""id"":""119-0003132272"",""office"":""데일리안"",""publishedAt"":""2026-09-14T10:01:00+09:00"",""title"":""AI스페라, AI 에이전트 활용한 불법도박 사이트 대응 기술 선봬"",""url"":""https://n.news.naver.com/mnews/article/119/0003132272"",""duplicateOf"":null,""mentionsName"":false},{""id"":""654-0000200476"",""office"":""강원도민일보"",""publishedAt"":""2026-09-14T17:09:00+09:00"",""title"":""제테마 8.86% 상승…파마리서치·휴젤도 소폭 올라"",""url"":""https://n.news.naver.com/mnews/article/654/0000200476"",""duplicateOf"":null,""mentionsName"":false},{""id"":""016-0002697103"",""office"":""헤럴드경제"",""publishedAt"":""2026-09-14T17:22:00+09:00"",""title"":""강원, 여당에 미래대응·AI·청정에너지 예산 지원 요청"",""url"":""https://n.news.naver.com/mnews/article/016/0002697103"",""duplicateOf"":null,""mentionsName"":false},{""id"":""468-0001266365"",""office"":""스포츠서울"",""publishedAt"":""2026-09-15T11:14:00+09:00"",""title"":""강원랜드, 사북 탄광 역사 품은 복합문화공간 ‘M650’ 10월 1일 개관"",""url"":""https://n.news.naver.com/mnews/article/468/0001266365"",""duplicateOf"":null,""mentionsName"":true},{""id"":""468-0001266368"",""office"":""스포츠서울"",""publishedAt"":""2026-09-15T11:20:00+09:00"",""title"":""강원랜드, ‘근로자 휴가지원’ 동반성장 우수기업 선정…“공기업 본..."",""url"":""https://n.news.naver.com/mnews/article/468/0001266368"",""duplicateOf"":null,""mentionsName"":true},{""id"":""138-0002241694"",""office"":""디지털데일리"",""publishedAt"":""2026-09-16T16:04:00+09:00"",""title"":""AI·데이터로 불법도박 추적…강원랜드, 대응 기술 논의 이어간다"",""url"":""https://n.news.naver.com/mnews/article/138/0002241694"",""duplicateOf"":null,""mentionsName"":true},{""id"":""654-0000201407"",""office"":""강원도민일보"",""publishedAt"":""2026-09-18T11:32:00+09:00"",""title"":""하이원리조트, 온라인 우수거래처 초청 설명회...판매 활성화 모색"",""url"":""https://n.news.naver.com/mnews/article/654/0000201407"",""duplicateOf"":null,""mentionsName"":false},{""id"":""016-0002699842"",""office"":""헤럴드경제"",""publishedAt"":""2026-09-20T12:22:00+09:00"",""title"":""민둥산 은빛물결은 요맘때 동해파도 압도한다..억새축제 52일 대장정[..."",""url"":""https://n.news.naver.com/mnews/article/016/0002699842"",""duplicateOf"":null,""mentionsName"":false},{""id"":""468-0001267755"",""office"":""스포츠서울"",""publishedAt"":""2026-09-21T06:00:00+09:00"",""title"":""하이원리조트, 글로벌 MICE 거점으로 도약한다…압도적 인프라에 ESG·..."",""url"":""https://n.news.naver.com/mnews/article/468/0001267755"",""duplicateOf"":null,""mentionsName"":false},{""id"":""082-0001399404"",""office"":""부산일보"",""publishedAt"":""2026-09-21T19:40:00+09:00"",""title"":""“AI로 사행산업 과몰입 선제 대응”…강원랜드·마사회, ‘사행산업..."",""url"":""https://n.news.naver.com/mnews/article/082/0001399404"",""duplicateOf"":null,""mentionsName"":true},{""id"":""001-0016330375"",""office"":""연합뉴스"",""publishedAt"":""2026-09-22T16:34:00+09:00"",""title"":""강원랜드, 추석 맞아 전통시장에 활력…상생 소비 앞장"",""url"":""https://n.news.naver.com/mnews/article/001/0016330375"",""duplicateOf"":null,""mentionsName"":true},{""id"":""001-0016341560"",""office"":""연합뉴스"",""publishedAt"":""2026-09-28T16:54:00+09:00"",""title"":""고길동이 만난 '낯선 강원랜드'…홍대서 이색 팝업스토어"",""url"":""https://n.news.naver.com/mnews/article/001/0016341560"",""duplicateOf"":null,""mentionsName"":true},{""id"":""082-0001400234"",""office"":""부산일보"",""publishedAt"":""2026-09-28T21:22:00+09:00"",""title"":""강원랜드, 하반기 장애인스포츠선수단 워크숍…선수단 격려·현장 소..."",""url"":""https://n.news.naver.com/mnews/article/082/0001400234"",""duplicateOf"":null,""mentionsName"":true},{""id"":""025-0003554409"",""office"":""중앙일보"",""publishedAt"":""2026-09-29T08:40:00+09:00"",""title"":""강원랜드, 옛 사북광업소 활용 ‘M650 박물관’ 개관"",""url"":""https://n.news.naver.com/mnews/article/025/0003554409"",""duplicateOf"":null,""mentionsName"":true},{""id"":""050-0000111401"",""office"":""한경비즈니스"",""publishedAt"":""2026-09-29T11:43:00+09:00"",""title"":""블리스바인벤처스, '2026 SMART AGRITECH: GLOBAL NETWORKING DAY' 개최"",""url"":""https://n.news.naver.com/mnews/article/050/0000111401"",""duplicateOf"":null,""mentionsName"":false},{""id"":""001-0016343569"",""office"":""연합뉴스"",""publishedAt"":""2026-09-29T14:10:00+09:00"",""title"":""삼척시·사회단체협, 태백 양계단지·강원랜드 현안 공동 대응"",""url"":""https://n.news.naver.com/mnews/article/001/0016343569"",""duplicateOf"":null,""mentionsName"":true},{""id"":""029-0003050446"",""office"":""디지털타임스"",""publishedAt"":""2026-09-29T14:44:00+09:00"",""title"":""&quot;경마장 이전, 배임 아냐&quot;… 마사회 흔드는 농식품부"",""url"":""https://n.news.naver.com/mnews/article/029/0003050446"",""duplicateOf"":null,""mentionsName"":false},{""id"":""001-0016344617"",""office"":""연합뉴스"",""publishedAt"":""2026-09-29T16:50:00+09:00"",""title"":""가을 정취 즐기러 정선 하이원으로…나흘간 9만4천명 발길"",""url"":""https://n.news.naver.com/mnews/article/001/0016344617"",""duplicateOf"":null,""mentionsName"":false},{""id"":""001-0016344755"",""office"":""연합뉴스"",""publishedAt"":""2026-09-29T17:22:00+09:00"",""title"":""진폐 재해자에 쉼과 재충전을…강원랜드, 휴양프로그램 운영"",""url"":""https://n.news.naver.com/mnews/article/001/0016344755"",""duplicateOf"":null,""mentionsName"":true},{""id"":""025-0003554700"",""office"":""중앙일보"",""publishedAt"":""2026-09-30T05:30:00+09:00"",""title"":""[국민의 기업] 석탄산업전환지역과 함께 성장하는 ‘글로벌 복합리조..."",""url"":""https://n.news.naver.com/mnews/article/025/0003554700"",""duplicateOf"":null,""mentionsName"":false}]",20,0,,,,,,,
collection-5e319efb309d2d50,collection,2026-09-30,2026-09-29T22:27:33Z,,,"{""contextFile"":""reports/atlas11/context/2026-09-30/2026-09-29T22-27-33Z.json""}",context_news,2026-09-30,새 기사,,,,,false,035420,NAVER,,,https://m.stock.naver.com/api/news/stock/035420?pageSize=20&page=1,46d89b73c2f2c04b466c19c39f470811c729912afc4e6f09d7303722a2b3bf91,"[{""id"":""018-0006377239"",""office"":""이데일리"",""publishedAt"":""2026-09-29T18:59:00+09:00"",""title"":""네이버TV 역사 속으로…14년 동영상 실험 끝내고 ‘클립’ 집중"",""url"":""https://n.news.naver.com/mnews/article/018/0006377239"",""duplicateOf"":null,""mentionsName"":false},{""id"":""138-0002243054"",""office"":""디지털데일리"",""publishedAt"":""2026-09-29T18:59:00+09:00"",""title"":""'글로벌 1위 채팅 스티커 플랫폼' 독립한다…네이버제트, 법인 분할 결..."",""url"":""https://n.news.naver.com/mnews/article/138/0002243054"",""duplicateOf"":null,""mentionsName"":false},{""id"":""008-0005419907"",""office"":""머니투데이"",""publishedAt"":""2026-09-29T19:00:00+09:00"",""title"":""네이버, AI 기술 자문단 출범…기술 요소 검증"",""url"":""https://n.news.naver.com/mnews/article/008/0005419907"",""duplicateOf"":null,""mentionsName"":false},{""id"":""009-0005741628"",""office"":""매일경제"",""publishedAt"":""2026-09-29T19:09:00+09:00"",""title"":""“미국이 예전 같지 않다”…美 국채금리 5% 돌파가 보내는 섬뜩한 신..."",""url"":""https://n.news.naver.com/mnews/article/009/0005741628"",""duplicateOf"":null,""mentionsName"":false},{""id"":""009-0005741630"",""office"":""매일경제"",""publishedAt"":""2026-09-29T19:20:00+09:00"",""title"":""“편집 못해도 유튜버 됩니다, 찐팬 1000명만 모으세요”…유튜브 ‘..."",""url"":""https://n.news.naver.com/mnews/article/009/0005741630"",""duplicateOf"":null,""mentionsName"":false},{""id"":""144-0001141181"",""office"":""스포츠경향"",""publishedAt"":""2026-09-29T22:22:00+09:00"",""title"":""일화, 네이버플러스 스토어 협업 ‘부르르 제로콜라 스페셜 에디션’..."",""url"":""https://n.news.naver.com/mnews/article/144/0001141181"",""duplicateOf"":null,""mentionsName"":false},{""id"":""053-0000061874"",""office"":""주간조선"",""publishedAt"":""2026-09-30T00:00:00+09:00"",""title"":""이재용은 &quot;친구&quot;, 최태원은 &quot;빨리빨리&quot;…젠슨 황과 '깐부' 다시 뭉쳤다"",""url"":""https://n.news.naver.com/mnews/article/053/0000061874"",""duplicateOf"":null,""mentionsName"":false},{""id"":""020-0003751486"",""office"":""동아일보"",""publishedAt"":""2026-09-30T00:31:00+09:00"",""title"":""“한번 더 사게 하라”… 유통-배달 플랫폼, 단골잡기 경쟁 치열"",""url"":""https://n.news.naver.com/mnews/article/020/0003751486"",""duplicateOf"":null,""mentionsName"":false},{""id"":""020-0003751507"",""office"":""동아일보"",""publishedAt"":""2026-09-30T00:32:00+09:00"",""title"":""국가대표 AI, 프런티어 AI 개발로 방향 트나[IT팀의 테크워치]"",""url"":""https://n.news.naver.com/mnews/article/020/0003751507"",""duplicateOf"":null,""mentionsName"":false},{""id"":""008-0005419953"",""office"":""머니투데이"",""publishedAt"":""2026-09-30T03:29:00+09:00"",""title"":""멕시코 간 네이버, 북중미 AI시장 '노크'"",""url"":""https://n.news.naver.com/mnews/article/008/0005419953"",""duplicateOf"":null,""mentionsName"":false},{""id"":""008-0005419971"",""office"":""머니투데이"",""publishedAt"":""2026-09-30T04:30:00+09:00"",""title"":""머니투데이 오프라인 헤드라인-30일"",""url"":""https://n.news.naver.com/mnews/article/008/0005419971"",""duplicateOf"":null,""mentionsName"":false},{""id"":""081-0003684610"",""office"":""서울신문"",""publishedAt"":""2026-09-30T05:05:00+09:00"",""title"":""논란 이어진 ‘국대 AI’ 판 바꾼다…탈락 기업의 낙인효과만 남을까"",""url"":""https://n.news.naver.com/mnews/article/081/0003684610"",""duplicateOf"":null,""mentionsName"":false},{""id"":""421-0009199272"",""office"":""뉴스1"",""publishedAt"":""2026-09-30T05:48:00+09:00"",""title"":""네이버TV, 14년 만에 서비스 종료…클립·치지직으로 영상 사업 재편"",""url"":""https://n.news.naver.com/mnews/article/421/0009199272"",""duplicateOf"":null,""mentionsName"":false},{""id"":""001-0016345211"",""office"":""연합뉴스"",""publishedAt"":""2026-09-30T06:00:00+09:00"",""title"":""[소셜＋] &quot;신조어 아니었네&quot;…20년만에 돌아와 세대 잇는 '야르'"",""url"":""https://n.news.naver.com/mnews/article/001/0016345211"",""duplicateOf"":null,""mentionsName"":false},{""id"":""003-0014222285"",""office"":""뉴시스"",""publishedAt"":""2026-09-30T06:00:00+09:00"",""title"":""메타 AI '뮤즈', 韓 와도 이용자 대신 네이버 쇼핑 못 한다"",""url"":""https://n.news.naver.com/mnews/article/003/0014222285"",""duplicateOf"":null,""mentionsName"":false},{""id"":""008-0005419997"",""office"":""머니투데이"",""publishedAt"":""2026-09-30T06:00:00+09:00"",""title"":""오픈채팅 유출에 과태료 180만원…AI·스마트안경 보안 논의"",""url"":""https://n.news.naver.com/mnews/article/008/0005419997"",""duplicateOf"":null,""mentionsName"":false},{""id"":""022-0004162839"",""office"":""세계일보"",""publishedAt"":""2026-09-30T06:02:00+09:00"",""title"":""공정위 “무너진 정의 세울 것”… 쿠팡 현장조사 재착수 예고 [뉴스..."",""url"":""https://n.news.naver.com/mnews/article/022/0004162839"",""duplicateOf"":null,""mentionsName"":false},{""id"":""022-0004162851"",""office"":""세계일보"",""publishedAt"":""2026-09-30T06:03:00+09:00"",""title"":""쿠팡 현장조사 재착수 예고한 공정위…일시적 2주택 특례 단축 [한강..."",""url"":""https://n.news.naver.com/mnews/article/022/0004162851"",""duplicateOf"":null,""mentionsName"":false},{""id"":""421-0009199326"",""office"":""뉴스1"",""publishedAt"":""2026-09-30T06:13:00+09:00"",""title"":""외부 AI에 빗장 건 플랫폼…&quot;내 데이터로 남의 AI 안 키운다&quot;"",""url"":""https://n.news.naver.com/mnews/article/421/0009199326"",""duplicateOf"":null,""mentionsName"":false},{""id"":""008-0005420009"",""office"":""머니투데이"",""publishedAt"":""2026-09-30T06:30:00+09:00"",""title"":""AI가 내 돈 빼서 옮긴다? '뱅크런' 경고...'뮤즈' 돌풍이 불러올 변화..."",""url"":""https://n.news.naver.com/mnews/article/008/0005420009"",""duplicateOf"":null,""mentionsName"":false}]",20,0,,,,,,,
collection-ee65b3d4c62c7314,collection,2026-09-30,2026-09-29T22:27:33Z,,,"{""contextFile"":""reports/atlas11/context/2026-09-30/2026-09-29T22-27-33Z.json""}",context_news,2026-09-30,새 기사,,,,,false,036460,한국가스공사,,,https://m.stock.naver.com/api/news/stock/036460?pageSize=20&page=1,d4881362a9f74b3274afbdb6a518d3e64df93c1283e5fc51044f79a4e9dd3f6d,"[{""id"":""119-0003135307"",""office"":""데일리안"",""publishedAt"":""2026-09-22T08:40:00+09:00"",""title"":""“KBL 30년 역사, 티빙에서 본다”…새 시즌 전 경기 생중계"",""url"":""https://n.news.naver.com/mnews/article/119/0003135307"",""duplicateOf"":null,""mentionsName"":false},{""id"":""009-0005739017"",""office"":""매일경제"",""publishedAt"":""2026-09-22T16:02:00+09:00"",""title"":""한국서부발전, 국내 첫 석탄 → LNG … 구미 가스발전소 준공"",""url"":""https://n.news.naver.com/mnews/article/009/0005739017"",""duplicateOf"":null,""mentionsName"":false},{""id"":""009-0005739018"",""office"":""매일경제"",""publishedAt"":""2026-09-22T16:02:00+09:00"",""title"":""전력안정·해외진출·안전… 'AI엔진' 달고 본업 대혁신"",""url"":""https://n.news.naver.com/mnews/article/009/0005739018"",""duplicateOf"":null,""mentionsName"":false},{""id"":""029-0003049565"",""office"":""디지털타임스"",""publishedAt"":""2026-09-22T17:52:00+09:00"",""title"":""가스公, ‘봄철 산불방지 유공’ 국무총리 기관표창 수상"",""url"":""https://n.news.naver.com/mnews/article/029/0003049565"",""duplicateOf"":null,""mentionsName"":false},{""id"":""082-0001399594"",""office"":""부산일보"",""publishedAt"":""2026-09-22T18:36:00+09:00"",""title"":""‘통합발전사’ 유치 경쟁 막 올랐건만 부울경 전략 '제각각'"",""url"":""https://n.news.naver.com/mnews/article/082/0001399594"",""duplicateOf"":null,""mentionsName"":false},{""id"":""032-0003472309"",""office"":""경향신문"",""publishedAt"":""2026-09-23T19:06:00+09:00"",""title"":""2035년 중동산 원유 비중 50% 이하로"",""url"":""https://n.news.naver.com/mnews/article/032/0003472309"",""duplicateOf"":null,""mentionsName"":false},{""id"":""082-0001399830"",""office"":""부산일보"",""publishedAt"":""2026-09-23T21:44:00+09:00"",""title"":""가스공사, ‘봄철 산불방지 유공’ 국무총리 기관 표창 수상"",""url"":""https://n.news.naver.com/mnews/article/082/0001399830"",""duplicateOf"":null,""mentionsName"":false},{""id"":""056-0012263002"",""office"":""KBS"",""publishedAt"":""2026-09-24T11:20:00+09:00"",""title"":""가스공사, 추석 맞아 3억 4천만 원 상당 기부"",""url"":""https://n.news.naver.com/mnews/article/056/0012263002"",""duplicateOf"":null,""mentionsName"":false},{""id"":""024-0000108472"",""office"":""매경이코노미"",""publishedAt"":""2026-09-25T09:01:00+09:00"",""title"":""SK이노, 호르무즈 봉쇄에도 끄떡없다?…사상 최대 실적 이루나"",""url"":""https://n.news.naver.com/mnews/article/024/0000108472"",""duplicateOf"":null,""mentionsName"":false},{""id"":""366-0001194625"",""office"":""조선비즈"",""publishedAt"":""2026-09-28T06:06:00+09:00"",""title"":""카타르산 LNG 공급 막히자 미국산 판매 급증… 국내 직도입사들도 웃..."",""url"":""https://n.news.naver.com/mnews/article/366/0001194625"",""duplicateOf"":null,""mentionsName"":false},{""id"":""016-0002702385"",""office"":""헤럴드경제"",""publishedAt"":""2026-09-28T09:27:00+09:00"",""title"":""현대엔지니어링, 8700억원 ‘군산 AI 데이터센터 신축 사업’ 수주"",""url"":""https://n.news.naver.com/mnews/article/016/0002702385"",""duplicateOf"":null,""mentionsName"":false},{""id"":""366-0001194722"",""office"":""조선비즈"",""publishedAt"":""2026-09-28T11:31:00+09:00"",""title"":""“中 쫓아오면 우리는 달아난다”… LNG선 ‘초격차’ 벌리는 조선업..."",""url"":""https://n.news.naver.com/mnews/article/366/0001194722"",""duplicateOf"":null,""mentionsName"":false},{""id"":""277-0005821665"",""office"":""아시아경제"",""publishedAt"":""2026-09-28T16:15:00+09:00"",""title"":""홍의락 가스公 사장 &quot;안전 최우선, 모든 경영 활동 출발점&quot;"",""url"":""https://n.news.naver.com/mnews/article/277/0005821665"",""duplicateOf"":null,""mentionsName"":false},{""id"":""081-0003684211"",""office"":""서울신문"",""publishedAt"":""2026-09-29T05:05:00+09:00"",""title"":""‘사람 중심’ 안전 빛난 가스공사 대상 영예"",""url"":""https://n.news.naver.com/mnews/article/081/0003684211"",""duplicateOf"":null,""mentionsName"":false},{""id"":""014-0005581991"",""office"":""파이낸셜뉴스"",""publishedAt"":""2026-09-29T08:29:00+09:00"",""title"":""발전 5사 합치면 24조 회사채도 '신분변경'···채권시장 지각변동 [..."",""url"":""https://n.news.naver.com/mnews/article/014/0005581991"",""duplicateOf"":null,""mentionsName"":false},{""id"":""366-0001194980"",""office"":""조선비즈"",""publishedAt"":""2026-09-29T11:01:00+09:00"",""title"":""땅 파기 전 주소만 입력하세요… 국토부, 통신·가스 등 지하시설물 ..."",""url"":""https://n.news.naver.com/mnews/article/366/0001194980"",""duplicateOf"":null,""mentionsName"":false},{""id"":""088-0001031286"",""office"":""매일신문"",""publishedAt"":""2026-09-29T18:23:00+09:00"",""title"":""한국가스공사, 코가스 캐나다 에너지 주식 7천670억원 규모 취득"",""url"":""https://n.news.naver.com/mnews/article/088/0001031286"",""duplicateOf"":null,""mentionsName"":true},{""id"":""003-0014221982"",""office"":""뉴시스"",""publishedAt"":""2026-09-29T18:26:00+09:00"",""title"":""가스공사, LNG캐나다 2단계 투자 확정…연 70만t 추가 확보"",""url"":""https://n.news.naver.com/mnews/article/003/0014221982"",""duplicateOf"":null,""mentionsName"":false},{""id"":""082-0001400423"",""office"":""부산일보"",""publishedAt"":""2026-09-29T21:39:00+09:00"",""title"":""가스공사-전력거래소, ‘에너지 핵심인프라 협력체계 구축’ 맞손"",""url"":""https://n.news.naver.com/mnews/article/082/0001400423"",""duplicateOf"":null,""mentionsName"":false},{""id"":""025-0003554695"",""office"":""중앙일보"",""publishedAt"":""2026-09-30T05:30:00+09:00"",""title"":""[국민의 기업] 100% 수입하던 ‘LNG 펌프’ 중소기업 개발 지원해 국산..."",""url"":""https://n.news.naver.com/mnews/article/025/0003554695"",""duplicateOf"":null,""mentionsName"":false}]",20,0,,,,,,,
collection-51bf675bc190406f,collection,2026-09-30,2026-09-29T22:27:33Z,,,"{""contextFile"":""reports/atlas11/context/2026-09-30/2026-09-29T22-27-33Z.json""}",context_news,2026-09-30,새 기사,,,,,false,047050,포스코인터내셔널,,,https://m.stock.naver.com/api/news/stock/047050?pageSize=20&page=1,1431485a2666491d1ffb2cc8e27fa7d76a489848f5f327a166ab54b22bb44f7d,"[{""id"":""018-0006375464"",""office"":""이데일리"",""publishedAt"":""2026-09-25T10:31:00+09:00"",""title"":""李·셰인바움 만난 韓기업인들 “경제협정 서둘러 달라”(종합)"",""url"":""https://n.news.naver.com/mnews/article/018/0006375464"",""duplicateOf"":null,""mentionsName"":false},{""id"":""421-0009191506"",""office"":""뉴스1"",""publishedAt"":""2026-09-25T15:05:00+09:00"",""title"":""멕시코 대통령 만난 최태원 &quot;예방접종 사업 참여&quot;…구광모 &quot;생산 거점..."",""url"":""https://n.news.naver.com/mnews/article/421/0009191506"",""duplicateOf"":null,""mentionsName"":false},{""id"":""003-0014213491"",""office"":""뉴시스"",""publishedAt"":""2026-09-25T16:00:00+09:00"",""title"":""美알래스카 LNG 등 투자 본격화…韓 강관업계, '대미 수주' 기대감"",""url"":""https://n.news.naver.com/mnews/article/003/0014213491"",""duplicateOf"":null,""mentionsName"":false},{""id"":""011-0004665415"",""office"":""서울경제"",""publishedAt"":""2026-09-26T06:06:00+09:00"",""title"":""李대통령, ‘USMCA’ 美압박 맞은 ‘한-멕’ 기업에…“위기는 기회다..."",""url"":""https://n.news.naver.com/mnews/article/011/0004665415"",""duplicateOf"":null,""mentionsName"":false},{""id"":""031-0001061255"",""office"":""아이뉴스24"",""publishedAt"":""2026-09-26T12:01:00+09:00"",""title"":""&quot;추석 용돈으로 주식 사볼까&quot;⋯기업 실적·성장성 고려해야"",""url"":""https://n.news.naver.com/mnews/article/031/0001061255"",""duplicateOf"":null,""mentionsName"":false},{""id"":""016-0002702056"",""office"":""헤럴드경제"",""publishedAt"":""2026-09-26T21:41:00+09:00"",""title"":""기관이 끌어올린 ‘칠천피’…삼성전자에 5.7조 쏠렸다[투자360]"",""url"":""https://n.news.naver.com/mnews/article/016/0002702056"",""duplicateOf"":null,""mentionsName"":false},{""id"":""028-0002824762"",""office"":""한겨레"",""publishedAt"":""2026-09-27T13:40:00+09:00"",""title"":""최태원·구광모는 멕시코, 이재용은 뉴욕·런던…한가위 잊은 ‘글로..."",""url"":""https://n.news.naver.com/mnews/article/028/0002824762"",""duplicateOf"":null,""mentionsName"":false},{""id"":""079-0004193066"",""office"":""노컷뉴스"",""publishedAt"":""2026-09-27T14:11:00+09:00"",""title"":""최태원 &quot;멕시코, 글로벌 시장 접근성 갖춘 중요한 경제 거점&quot;"",""url"":""https://n.news.naver.com/mnews/article/079/0004193066"",""duplicateOf"":null,""mentionsName"":false},{""id"":""081-0003683734"",""office"":""서울신문"",""publishedAt"":""2026-09-27T16:58:00+09:00"",""title"":""최태원, 멕시코서 “韓 기술·멕시코 제조 기반 협력 기대”...재계, ..."",""url"":""https://n.news.naver.com/mnews/article/081/0003683734"",""duplicateOf"":null,""mentionsName"":false},{""id"":""277-0005821208"",""office"":""아시아경제"",""publishedAt"":""2026-09-27T19:38:00+09:00"",""title"":""한·멕, 무역협정 논의 본격화…광물·공급망 협력도 확대"",""url"":""https://n.news.naver.com/mnews/article/277/0005821208"",""duplicateOf"":null,""mentionsName"":false},{""id"":""011-0004665727"",""office"":""서울경제"",""publishedAt"":""2026-09-27T23:01:00+09:00"",""title"":""韓-멕시코 투자 보장 협상 타결…美와 안보협상도 다시 궤도로"",""url"":""https://n.news.naver.com/mnews/article/011/0004665727"",""duplicateOf"":null,""mentionsName"":false},{""id"":""011-0004665757"",""office"":""서울경제"",""publishedAt"":""2026-09-28T05:31:00+09:00"",""title"":""한-아세안 FTA 개선 2차 협상…멕시코와도 무역협정 추진[Pick코노미]"",""url"":""https://n.news.naver.com/mnews/article/011/0004665757"",""duplicateOf"":null,""mentionsName"":false},{""id"":""366-0001194625"",""office"":""조선비즈"",""publishedAt"":""2026-09-28T06:06:00+09:00"",""title"":""카타르산 LNG 공급 막히자 미국산 판매 급증… 국내 직도입사들도 웃..."",""url"":""https://n.news.naver.com/mnews/article/366/0001194625"",""duplicateOf"":null,""mentionsName"":false},{""id"":""014-0005581325"",""office"":""파이낸셜뉴스"",""publishedAt"":""2026-09-28T07:29:00+09:00"",""title"":""리튬 9.3만t·美전기로 270만t…철강 빅2, 수익 다변화 속도"",""url"":""https://n.news.naver.com/mnews/article/014/0005581325"",""duplicateOf"":null,""mentionsName"":false},{""id"":""011-0004665890"",""office"":""서울경제"",""publishedAt"":""2026-09-28T10:31:00+09:00"",""title"":""KAI, 포스코인터·FEMIA와 항공우주산업 협력 확대"",""url"":""https://n.news.naver.com/mnews/article/011/0004665890"",""duplicateOf"":null,""mentionsName"":false},{""id"":""016-0002702538"",""office"":""헤럴드경제"",""publishedAt"":""2026-09-28T11:32:00+09:00"",""title"":""최태원 회장 “韓-멕시코, 기술·제조 역량 합쳐 새 기회 만들어야”"",""url"":""https://n.news.naver.com/mnews/article/016/0002702538"",""duplicateOf"":null,""mentionsName"":false},{""id"":""021-0002821574"",""office"":""문화일보"",""publishedAt"":""2026-09-28T12:01:00+09:00"",""title"":""K방산·K푸드, 중남미 공략 ‘속도’"",""url"":""https://n.news.naver.com/mnews/article/021/0002821574"",""duplicateOf"":null,""mentionsName"":false},{""id"":""422-0000910459"",""office"":""연합뉴스TV"",""publishedAt"":""2026-09-28T17:27:00+09:00"",""title"":""[비즈&amp;] 롯데백화점, 가을 맞이 '스포츠 테마 행사' 外"",""url"":""https://n.news.naver.com/mnews/article/422/0000910459"",""duplicateOf"":null,""mentionsName"":false},{""id"":""015-0005336744"",""office"":""한국경제"",""publishedAt"":""2026-09-28T17:31:00+09:00"",""title"":""KAI·포스코인터, 중남미 항공우주 공략"",""url"":""https://n.news.naver.com/mnews/article/015/0005336744"",""duplicateOf"":null,""mentionsName"":false},{""id"":""215-0001267559"",""office"":""한국경제TV"",""publishedAt"":""2026-09-29T14:43:00+09:00"",""title"":""알래스카 LNG 뜯어보니…일감은 이미 미국·유럽에? [팩트체크]"",""url"":""https://n.news.naver.com/mnews/article/215/0001267559"",""duplicateOf"":null,""mentionsName"":false}]",20,0,,,,,,,
collection-6cfa509e9ffe9016,collection,2026-09-30,2026-09-29T22:27:33Z,,,"{""contextFile"":""reports/atlas11/context/2026-09-30/2026-09-29T22-27-33Z.json""}",context_news,2026-09-30,새 기사,,,,,false,051910,LG화학,,,https://m.stock.naver.com/api/news/stock/051910?pageSize=20&page=1,0b4f9e9e4b9a100a230fa26f6116cc359f22a3cc2e439ad00ca69b34be89a235,"[{""id"":""009-0005740301"",""office"":""매일경제"",""publishedAt"":""2026-09-27T16:04:00+09:00"",""title"":""LG화학, 중소고객사 대상 납품가격 한시적 인하"",""url"":""https://n.news.naver.com/mnews/article/009/0005740301"",""duplicateOf"":null,""mentionsName"":true},{""id"":""009-0005740313"",""office"":""매일경제"",""publishedAt"":""2026-09-27T16:04:00+09:00"",""title"":""물품대금 앞당겨 지급하고…수해복구 현장 곳곳서 구슬땀 &quot;명절·재난..."",""url"":""https://n.news.naver.com/mnews/article/009/0005740313"",""duplicateOf"":null,""mentionsName"":false},{""id"":""009-0005740331"",""office"":""매일경제"",""publishedAt"":""2026-09-27T16:40:00+09:00"",""title"":""유가·환율에 엇갈린 3분기 실적 … 정유·항공 ↑ 석화·전기 ↓"",""url"":""https://n.news.naver.com/mnews/article/009/0005740331"",""duplicateOf"":null,""mentionsName"":false},{""id"":""015-0005336313"",""office"":""한국경제"",""publishedAt"":""2026-09-27T17:12:00+09:00"",""title"":""무안공항 참사 유가족, 왜 韓 대신 美 법정 택했나"",""url"":""https://n.news.naver.com/mnews/article/015/0005336313"",""duplicateOf"":null,""mentionsName"":false},{""id"":""055-0001391478"",""office"":""SBS"",""publishedAt"":""2026-09-28T09:18:00+09:00"",""title"":""[친절한 경제] 1천만 원으로 800만 원 수익…수익률 최강 자산은?"",""url"":""https://n.news.naver.com/mnews/article/055/0001391478"",""duplicateOf"":null,""mentionsName"":false},{""id"":""031-0001061441"",""office"":""아이뉴스24"",""publishedAt"":""2026-09-28T10:06:00+09:00"",""title"":""중국산 아크릴산 부틸 덤핑방지관세 확정…5년간 최고 19.17%"",""url"":""https://n.news.naver.com/mnews/article/031/0001061441"",""duplicateOf"":null,""mentionsName"":false},{""id"":""374-0000535103"",""office"":""SBS Biz"",""publishedAt"":""2026-09-28T14:42:00+09:00"",""title"":""LG화학-폭스바겐, 미래차 경량화·재활용 소재 혁신 맞손"",""url"":""https://n.news.naver.com/mnews/article/374/0000535103"",""duplicateOf"":null,""mentionsName"":true},{""id"":""015-0005336692"",""office"":""한국경제"",""publishedAt"":""2026-09-28T16:11:00+09:00"",""title"":""외인·기관 4조 매도 폭탄…삼전닉스 5% 폭락에 6900선 붕괴"",""url"":""https://n.news.naver.com/mnews/article/015/0005336692"",""duplicateOf"":null,""mentionsName"":false},{""id"":""422-0000910459"",""office"":""연합뉴스TV"",""publishedAt"":""2026-09-28T17:27:00+09:00"",""title"":""[비즈&amp;] 롯데백화점, 가을 맞이 '스포츠 테마 행사' 外"",""url"":""https://n.news.naver.com/mnews/article/422/0000910459"",""duplicateOf"":null,""mentionsName"":false},{""id"":""009-0005740990"",""office"":""매일경제"",""publishedAt"":""2026-09-28T17:46:00+09:00"",""title"":""LG화학·獨 폭스바겐 … 미래차 소재 공동개발"",""url"":""https://n.news.naver.com/mnews/article/009/0005740990"",""duplicateOf"":null,""mentionsName"":true},{""id"":""277-0005821720"",""office"":""아시아경제"",""publishedAt"":""2026-09-28T17:57:00+09:00"",""title"":""[클릭 e종목]&quot;LG화학, 더딘 수익성 회복 속도…목표가↓&quot;"",""url"":""https://n.news.naver.com/mnews/article/277/0005821720"",""duplicateOf"":null,""mentionsName"":true},{""id"":""366-0001194842"",""office"":""조선비즈"",""publishedAt"":""2026-09-28T18:21:00+09:00"",""title"":""LG화학, 폭스바겐과 미래차 경량화·친환경 소재 공동 개발"",""url"":""https://n.news.naver.com/mnews/article/366/0001194842"",""duplicateOf"":null,""mentionsName"":true},{""id"":""020-0003751112"",""office"":""동아일보"",""publishedAt"":""2026-09-28T19:40:00+09:00"",""title"":""LG화학, 폭스바겐그룹과 차세대 소재 개발 협력…“경량·친환경 내·..."",""url"":""https://n.news.naver.com/mnews/article/020/0003751112"",""duplicateOf"":null,""mentionsName"":true},{""id"":""032-0003472935"",""office"":""경향신문"",""publishedAt"":""2026-09-28T21:25:00+09:00"",""title"":""덮어놓고 짓고 만들다 ‘눈물의 바겐세일’···국내 석유화학업계에..."",""url"":""https://n.news.naver.com/mnews/article/032/0003472935"",""duplicateOf"":null,""mentionsName"":false},{""id"":""003-0014219230"",""office"":""뉴시스"",""publishedAt"":""2026-09-29T00:00:00+09:00"",""title"":""6·3 선거 새 당선자 563명 평균 13.5억…봉화군수 350억 '1위'[재산공..."",""url"":""https://n.news.naver.com/mnews/article/003/0014219230"",""duplicateOf"":null,""mentionsName"":false},{""id"":""081-0003684208"",""office"":""서울신문"",""publishedAt"":""2026-09-29T05:05:00+09:00"",""title"":""LG화학, 4대 성장축 앞세워 미래시장 공략"",""url"":""https://n.news.naver.com/mnews/article/081/0003684208"",""duplicateOf"":null,""mentionsName"":true},{""id"":""011-0004666281"",""office"":""서울경제"",""publishedAt"":""2026-09-29T10:01:00+09:00"",""title"":""LG화학, 폭스바겐그룹과 미래차 소재 혁신 ‘맞손’"",""url"":""https://n.news.naver.com/mnews/article/011/0004666281"",""duplicateOf"":null,""mentionsName"":true},{""id"":""009-0005741307"",""office"":""매일경제"",""publishedAt"":""2026-09-29T14:26:00+09:00"",""title"":""3개월 만에 40% 넘게 빠졌다…SK하이닉스 주가, 맥 못추는 이유"",""url"":""https://n.news.naver.com/mnews/article/009/0005741307"",""duplicateOf"":null,""mentionsName"":false},{""id"":""018-0006377163"",""office"":""이데일리"",""publishedAt"":""2026-09-29T16:32:00+09:00"",""title"":""위기의 K석화, 체질개선 속도…신사업·스페셜티 '돌파구'"",""url"":""https://n.news.naver.com/mnews/article/018/0006377163"",""duplicateOf"":null,""mentionsName"":false},{""id"":""024-0000108576"",""office"":""매경이코노미"",""publishedAt"":""2026-09-29T21:01:00+09:00"",""title"":""전망 갈린 석화주, 세 갈래로 투자하라"",""url"":""https://n.news.naver.com/mnews/article/024/0000108576"",""duplicateOf"":null,""mentionsName"":false}]",20,0,,,,,,,
collection-f68a56394ecf18d3,collection,2026-09-30,2026-09-29T22:27:33Z,,,"{""contextFile"":""reports/atlas11/context/2026-09-30/2026-09-29T22-27-33Z.json""}",context_news,2026-09-30,새 기사,,,,,false,066570,LG전자,,,https://m.stock.naver.com/api/news/stock/066570?pageSize=20&page=1,060b2d428b04633190a4627658b19145e553af5bdf9cad3d5e65df72a6cb2ee8,"[{""id"":""215-0001267578"",""office"":""한국경제TV"",""publishedAt"":""2026-09-29T16:06:00+09:00"",""title"":""외국인 러브콜 무슨일…반도체 장비 수주 모멘텀에 7% '급등'"",""url"":""https://n.news.naver.com/mnews/article/215/0001267578"",""duplicateOf"":null,""mentionsName"":false},{""id"":""008-0005419765"",""office"":""머니투데이"",""publishedAt"":""2026-09-29T16:07:00+09:00"",""title"":""젠슨 황 &quot;한국, '이것' 활용하면 야망 달성&quot;…AI가 바꾼 한미연대 지형..."",""url"":""https://n.news.naver.com/mnews/article/008/0005419765"",""duplicateOf"":null,""mentionsName"":false},{""id"":""020-0003751403"",""office"":""동아일보"",""publishedAt"":""2026-09-29T16:30:00+09:00"",""title"":""LG전자, AIDC 냉각 시장 공략 본격화…사전 제작 ‘모듈형 솔루션’ 첫..."",""url"":""https://n.news.naver.com/mnews/article/020/0003751403"",""duplicateOf"":null,""mentionsName"":true},{""id"":""016-0002703276"",""office"":""헤럴드경제"",""publishedAt"":""2026-09-29T16:33:00+09:00"",""title"":""“제조강국 韓, 산업 데이터 특화 로보틱스 모델 만들어야” [헤럴드..."",""url"":""https://n.news.naver.com/mnews/article/016/0002703276"",""duplicateOf"":null,""mentionsName"":false},{""id"":""092-0002439148"",""office"":""지디넷코리아"",""publishedAt"":""2026-09-29T16:37:00+09:00"",""title"":""[ZD SW 투데이] 삼정KPMG, M&amp;A센터 온라인 전면 개편 外"",""url"":""https://n.news.naver.com/mnews/article/092/0002439148"",""duplicateOf"":null,""mentionsName"":false},{""id"":""138-0002243034"",""office"":""디지털데일리"",""publishedAt"":""2026-09-29T16:37:00+09:00"",""title"":""KEA, '제15회 KES 이노베이션 어워즈' 42개작 선정"",""url"":""https://n.news.naver.com/mnews/article/138/0002243034"",""duplicateOf"":null,""mentionsName"":false},{""id"":""092-0002439159"",""office"":""지디넷코리아"",""publishedAt"":""2026-09-29T17:05:00+09:00"",""title"":""서울대, 'AI반도체혁신연구소' 개소…시스템 인재 110명 양성"",""url"":""https://n.news.naver.com/mnews/article/092/0002439159"",""duplicateOf"":null,""mentionsName"":false},{""id"":""092-0002439161"",""office"":""지디넷코리아"",""publishedAt"":""2026-09-29T17:07:00+09:00"",""title"":""[유미's 픽] '원 LG' 견제 들어가나…팀 삼성, 美 헬릭스 1.4조 투자로..."",""url"":""https://n.news.naver.com/mnews/article/092/0002439161"",""duplicateOf"":null,""mentionsName"":false},{""id"":""018-0006377192"",""office"":""이데일리"",""publishedAt"":""2026-09-29T17:17:00+09:00"",""title"":""TV 안 팔리는데 LCD 원가는 더 뛴다…삼성·LG 수익성 부담"",""url"":""https://n.news.naver.com/mnews/article/018/0006377192"",""duplicateOf"":null,""mentionsName"":false},{""id"":""215-0001267600"",""office"":""한국경제TV"",""publishedAt"":""2026-09-29T17:38:00+09:00"",""title"":""전시장은 옛말…맞춤 가전에 공간 설계까지 다 해준다"",""url"":""https://n.news.naver.com/mnews/article/215/0001267600"",""duplicateOf"":null,""mentionsName"":false},{""id"":""009-0005741565"",""office"":""매일경제"",""publishedAt"":""2026-09-29T17:42:00+09:00"",""title"":""&quot;베트남 값싼 공장시대 끝…현지인재 키워야 &quot;"",""url"":""https://n.news.naver.com/mnews/article/009/0005741565"",""duplicateOf"":null,""mentionsName"":false},{""id"":""015-0005337315"",""office"":""한국경제"",""publishedAt"":""2026-09-29T18:14:00+09:00"",""title"":""가전제품 만들던 구미산단, 천궁Ⅱ·KF-21 두뇌 생산"",""url"":""https://n.news.naver.com/mnews/article/015/0005337315"",""duplicateOf"":null,""mentionsName"":false},{""id"":""001-0016344998"",""office"":""연합뉴스"",""publishedAt"":""2026-09-29T19:30:00+09:00"",""title"":""한국-리비아 경제협력포럼…기업 중동 진출·건설수주 지원"",""url"":""https://n.news.naver.com/mnews/article/001/0016344998"",""duplicateOf"":null,""mentionsName"":false},{""id"":""022-0004162776"",""office"":""세계일보"",""publishedAt"":""2026-09-29T20:02:00+09:00"",""title"":""삼성, 美헬릭스에 10억달러 투자… AI 데이터센터 사업 확장 승부수"",""url"":""https://n.news.naver.com/mnews/article/022/0004162776"",""duplicateOf"":null,""mentionsName"":false},{""id"":""008-0005419921"",""office"":""머니투데이"",""publishedAt"":""2026-09-29T20:15:00+09:00"",""title"":""서울대, AI반도체연구소 설립…초대 소장에 류수정 전 사피온 대표"",""url"":""https://n.news.naver.com/mnews/article/008/0005419921"",""duplicateOf"":null,""mentionsName"":false},{""id"":""022-0004162787"",""office"":""세계일보"",""publishedAt"":""2026-09-29T21:02:00+09:00"",""title"":""모듈형 냉각기술 선보인 LG전자"",""url"":""https://n.news.naver.com/mnews/article/022/0004162787"",""duplicateOf"":null,""mentionsName"":true},{""id"":""020-0003751487"",""office"":""동아일보"",""publishedAt"":""2026-09-30T00:31:00+09:00"",""title"":""LG전자, AI 데이터센터 맞춤형 냉각 솔루션 선보여"",""url"":""https://n.news.naver.com/mnews/article/020/0003751487"",""duplicateOf"":null,""mentionsName"":true},{""id"":""023-0004001136"",""office"":""조선일보"",""publishedAt"":""2026-09-30T00:33:00+09:00"",""title"":""서울대에 AI 반도체 혁신 연구소"",""url"":""https://n.news.naver.com/mnews/article/023/0004001136"",""duplicateOf"":null,""mentionsName"":false},{""id"":""018-0006377304"",""office"":""이데일리"",""publishedAt"":""2026-09-30T05:03:00+09:00"",""title"":""'경쟁은 따로, 검증은 함께'…中 전기차 속도전의 숨은 엔진[왓츠 인 ..."",""url"":""https://n.news.naver.com/mnews/article/018/0006377304"",""duplicateOf"":null,""mentionsName"":false},{""id"":""008-0005420016"",""office"":""머니투데이"",""publishedAt"":""2026-09-30T07:00:00+09:00"",""title"":""[알림] 李대통령 &quot;AI와 에너지 결합&quot;, 1년만에 현실로…2027년은?"",""url"":""https://n.news.naver.com/mnews/article/008/0005420016"",""duplicateOf"":null,""mentionsName"":false}]",20,0,,,,,,,
collection-1715708040faf198,collection,2026-09-30,2026-09-29T22:27:33Z,,,"{""contextFile"":""reports/atlas11/context/2026-09-30/2026-09-29T22-27-33Z.json""}",context_news,2026-09-30,새 기사,,,,,false,086280,현대글로비스,,,https://m.stock.naver.com/api/news/stock/086280?pageSize=20&page=1,ff62f60856eed64f5f0805365c24a1f7004dd501b1dabaff09ff76ffd9b6bc5c,"[{""id"":""023-0003998367"",""office"":""조선일보"",""publishedAt"":""2026-09-14T18:30:00+09:00"",""title"":""삼성·현대차·LG, 추석 연휴 앞두고 협력사 대금 조기 지급"",""url"":""https://n.news.naver.com/mnews/article/023/0003998367"",""duplicateOf"":null,""mentionsName"":false},{""id"":""018-0006369279"",""office"":""이데일리"",""publishedAt"":""2026-09-14T19:04:00+09:00"",""title"":""철강·조선·전선까지 파업 리스크…장기화 땐 공급망 대란 우려"",""url"":""https://n.news.naver.com/mnews/article/018/0006369279"",""duplicateOf"":null,""mentionsName"":false},{""id"":""031-0001058617"",""office"":""아이뉴스24"",""publishedAt"":""2026-09-15T16:04:00+09:00"",""title"":""보스턴다이나믹스 IPO 속도 조절…현대차, 아틀라스 ‘3만대 양산’ 먼..."",""url"":""https://n.news.naver.com/mnews/article/031/0001058617"",""duplicateOf"":null,""mentionsName"":false},{""id"":""011-0004662414"",""office"":""서울경제"",""publishedAt"":""2026-09-16T11:28:00+09:00"",""title"":""초고수는 이틀 연속 “삼성전자 본주 줍고 우선주 턴다” [주식 초고..."",""url"":""https://n.news.naver.com/mnews/article/011/0004662414"",""duplicateOf"":null,""mentionsName"":false},{""id"":""293-0000090534"",""office"":""블로터"",""publishedAt"":""2026-09-16T14:11:00+09:00"",""title"":""[이사회 권력지도] 현대엔지니어링, 현대건설과 이사회 '권한 분리'"",""url"":""https://n.news.naver.com/mnews/article/293/0000090534"",""duplicateOf"":null,""mentionsName"":false},{""id"":""119-0003133414"",""office"":""데일리안"",""publishedAt"":""2026-09-16T15:05:00+09:00"",""title"":""참석해 축하해 주신 분들 [2026 산업비전포럼]"",""url"":""https://n.news.naver.com/mnews/article/119/0003133414"",""duplicateOf"":null,""mentionsName"":false},{""id"":""422-0000907201"",""office"":""연합뉴스TV"",""publishedAt"":""2026-09-17T17:30:00+09:00"",""title"":""[비즈&amp;] LG, AI 핵심 분야 투자 전략 다시 짠다 外"",""url"":""https://n.news.naver.com/mnews/article/422/0000907201"",""duplicateOf"":null,""mentionsName"":false},{""id"":""081-0003681363"",""office"":""서울신문"",""publishedAt"":""2026-09-17T18:49:00+09:00"",""title"":""“우편물, 로봇이 내 자리로 날라요”"",""url"":""https://n.news.naver.com/mnews/article/081/0003681363"",""duplicateOf"":null,""mentionsName"":false},{""id"":""081-0003681460"",""office"":""서울신문"",""publishedAt"":""2026-09-18T05:04:00+09:00"",""title"":""“우편물, 로봇이 내 자리로 날라요”"",""url"":""https://n.news.naver.com/mnews/article/081/0003681460"",""duplicateOf"":""081-0003681363"",""mentionsName"":false},{""id"":""016-0002699577"",""office"":""헤럴드경제"",""publishedAt"":""2026-09-19T06:01:00+09:00"",""title"":""[단독] 韓선박도 이란 해킹 정황…美 FBI 수사 받았다"",""url"":""https://n.news.naver.com/mnews/article/016/0002699577"",""duplicateOf"":null,""mentionsName"":false},{""id"":""123-0002390592"",""office"":""조세일보"",""publishedAt"":""2026-09-21T10:31:00+09:00"",""title"":""현대차 미래사업 곳곳 변수…자율주행 지연에 로봇 IPO도 안갯속 [주간..."",""url"":""https://n.news.naver.com/mnews/article/123/0002390592"",""duplicateOf"":null,""mentionsName"":false},{""id"":""016-0002700246"",""office"":""헤럴드경제"",""publishedAt"":""2026-09-21T11:29:00+09:00"",""title"":""韓선박도 이란 해킹 정황…美 FBI 수사 받았다"",""url"":""https://n.news.naver.com/mnews/article/016/0002700246"",""duplicateOf"":""016-0002699577"",""mentionsName"":false},{""id"":""629-0000535812"",""office"":""더팩트"",""publishedAt"":""2026-09-21T14:34:00+09:00"",""title"":""현대글로비스, 임직원과 함께 추석 봉사 진행"",""url"":""https://n.news.naver.com/mnews/article/629/0000535812"",""duplicateOf"":null,""mentionsName"":true},{""id"":""469-0000955350"",""office"":""한국일보"",""publishedAt"":""2026-09-21T17:19:00+09:00"",""title"":""배식하고 플로깅에 선물 꾸러미도… 기업들 명절 앞두고 나눔 활발"",""url"":""https://n.news.naver.com/mnews/article/469/0000955350"",""duplicateOf"":null,""mentionsName"":false},{""id"":""658-0000156454"",""office"":""국제신문"",""publishedAt"":""2026-09-23T10:15:00+09:00"",""title"":""고려아연 현대모비스 등 7개사 106분기 연속 흑자…배터리 화학업체 ..."",""url"":""https://n.news.naver.com/mnews/article/658/0000156454"",""duplicateOf"":null,""mentionsName"":false},{""id"":""018-0006375107"",""office"":""이데일리"",""publishedAt"":""2026-09-23T17:13:00+09:00"",""title"":""韓 로봇기업 유럽 진출 돕는다…체코 실증거점 개소"",""url"":""https://n.news.naver.com/mnews/article/018/0006375107"",""duplicateOf"":null,""mentionsName"":false},{""id"":""009-0005740374"",""office"":""매일경제"",""publishedAt"":""2026-09-27T16:52:00+09:00"",""title"":""연이은 선박 해킹 사고에… K해운 '사이버 방벽' 쌓는다"",""url"":""https://n.news.naver.com/mnews/article/009/0005740374"",""duplicateOf"":null,""mentionsName"":false},{""id"":""366-0001194893"",""office"":""조선비즈"",""publishedAt"":""2026-09-29T07:44:00+09:00"",""title"":""대신證 “현대글로비스, PCTC 전성시대 입성… 목표가 32만원”"",""url"":""https://n.news.naver.com/mnews/article/366/0001194893"",""duplicateOf"":null,""mentionsName"":true},{""id"":""009-0005741110"",""office"":""매일경제"",""publishedAt"":""2026-09-29T08:46:00+09:00"",""title"":""“현대글로비스, 중장비 수출 수요 회복 예상”…목표가 32만원 제시"",""url"":""https://n.news.naver.com/mnews/article/009/0005741110"",""duplicateOf"":null,""mentionsName"":true},{""id"":""015-0005337173"",""office"":""한국경제"",""publishedAt"":""2026-09-29T16:04:00+09:00"",""title"":""불황 속 경차 인기에 중고 몸값도 강세…지금이 매각 적기"",""url"":""https://n.news.naver.com/mnews/article/015/0005337173"",""duplicateOf"":null,""mentionsName"":false}]",18,2,,,,,,,
collection-259aa18e6fe700f0,collection,2026-09-30,2026-09-29T22:27:33Z,,,"{""contextFile"":""reports/atlas11/context/2026-09-30/2026-09-29T22-27-33Z.json""}",context_news,2026-09-30,새 기사,,,,,false,105560,KB금융,,,https://m.stock.naver.com/api/news/stock/105560?pageSize=20&page=1,ec372d36531bd37ca272259de8879d6ec82807437df3613f8a2bcdc20710e094,"[{""id"":""009-0005741398"",""office"":""매일경제"",""publishedAt"":""2026-09-29T16:01:00+09:00"",""title"":""코스피, 미 국채금리 급등에 2거래일 연속 하락…외국인 2.9조 ‘팔자..."",""url"":""https://n.news.naver.com/mnews/article/009/0005741398"",""duplicateOf"":null,""mentionsName"":false},{""id"":""421-0009198558"",""office"":""뉴스1"",""publishedAt"":""2026-09-29T16:05:00+09:00"",""title"":""우리·KB·카뱅 손잡은 문페이…유학생 송금·코인 결제 실험"",""url"":""https://n.news.naver.com/mnews/article/421/0009198558"",""duplicateOf"":null,""mentionsName"":false},{""id"":""629-0000537772"",""office"":""더팩트"",""publishedAt"":""2026-09-29T16:10:00+09:00"",""title"":""코스피, 유가·국채금리 급등에 하락 마감…6800선 사수"",""url"":""https://n.news.naver.com/mnews/article/629/0000537772"",""duplicateOf"":null,""mentionsName"":false},{""id"":""421-0009198576"",""office"":""뉴스1"",""publishedAt"":""2026-09-29T16:12:00+09:00"",""title"":""美금리 악재에 코스피 이틀째 6800선…삼전닉스 보합 선방[시황종합]"",""url"":""https://n.news.naver.com/mnews/article/421/0009198576"",""duplicateOf"":null,""mentionsName"":false},{""id"":""009-0005741417"",""office"":""매일경제"",""publishedAt"":""2026-09-29T16:17:00+09:00"",""title"":""“코스피 흔들려도 ‘이 종목’은 날개 다네”…고배당 금융주 다시 ..."",""url"":""https://n.news.naver.com/mnews/article/009/0005741417"",""duplicateOf"":null,""mentionsName"":false},{""id"":""011-0004666459"",""office"":""서울경제"",""publishedAt"":""2026-09-29T16:19:00+09:00"",""title"":""코스피, 이틀 연속 하락세…삼성전자, 배당락 딛고 상승 마감 [마켓시..."",""url"":""https://n.news.naver.com/mnews/article/011/0004666459"",""duplicateOf"":null,""mentionsName"":false},{""id"":""014-0005582410"",""office"":""파이낸셜뉴스"",""publishedAt"":""2026-09-29T16:24:00+09:00"",""title"":""5대 금융지주 회장, 내달 방콕 집결...글로벌 현장경영 나선다"",""url"":""https://n.news.naver.com/mnews/article/014/0005582410"",""duplicateOf"":null,""mentionsName"":false},{""id"":""016-0002703295"",""office"":""헤럴드경제"",""publishedAt"":""2026-09-29T17:01:00+09:00"",""title"":""지난달 둔촌동서 생애 첫 집 2000명? 알고보니 ‘이 단지’ 때문이었..."",""url"":""https://n.news.naver.com/mnews/article/016/0002703295"",""duplicateOf"":null,""mentionsName"":false},{""id"":""031-0001062075"",""office"":""아이뉴스24"",""publishedAt"":""2026-09-29T17:09:00+09:00"",""title"":""은행연합회장 인선 시동…윤종규 다시 하마평, 윤종원·박종복 거론"",""url"":""https://n.news.naver.com/mnews/article/031/0001062075"",""duplicateOf"":null,""mentionsName"":false},{""id"":""448-0000642098"",""office"":""TV조선"",""publishedAt"":""2026-09-29T17:20:00+09:00"",""title"":""美 국채 금리 급등에 코스피 이틀째 하락…6,870선 마감"",""url"":""https://n.news.naver.com/mnews/article/448/0000642098"",""duplicateOf"":null,""mentionsName"":false},{""id"":""024-0000108571"",""office"":""매경이코노미"",""publishedAt"":""2026-09-29T17:32:00+09:00"",""title"":""우리·KB·카뱅 손잡은 문페이…유학생 송금·코인 결제 나선다"",""url"":""https://n.news.naver.com/mnews/article/024/0000108571"",""duplicateOf"":null,""mentionsName"":false},{""id"":""011-0004666531"",""office"":""서울경제"",""publishedAt"":""2026-09-29T18:05:00+09:00"",""title"":""[단독] 日최대 IB 다이와증권도 ‘백기’…15년 만에 韓채권시장 철수..."",""url"":""https://n.news.naver.com/mnews/article/011/0004666531"",""duplicateOf"":null,""mentionsName"":false},{""id"":""014-0005582521"",""office"":""파이낸셜뉴스"",""publishedAt"":""2026-09-29T18:19:00+09:00"",""title"":""5대 금융수장, 내달 방콕 IMF·WB 연차총회 집결"",""url"":""https://n.news.naver.com/mnews/article/014/0005582521"",""duplicateOf"":null,""mentionsName"":false},{""id"":""243-0000103664"",""office"":""이코노미스트"",""publishedAt"":""2026-09-29T18:21:00+09:00"",""title"":""&quot;본질은 신뢰&quot; 국민은행·카카오, 디지털자산 발전 머리 맞대"",""url"":""https://n.news.naver.com/mnews/article/243/0000103664"",""duplicateOf"":null,""mentionsName"":false},{""id"":""011-0004666564"",""office"":""서울경제"",""publishedAt"":""2026-09-29T18:43:00+09:00"",""title"":""대형 저축銀, 300만원 이하 신용대출 제자리"",""url"":""https://n.news.naver.com/mnews/article/011/0004666564"",""duplicateOf"":null,""mentionsName"":false},{""id"":""020-0003751447"",""office"":""동아일보"",""publishedAt"":""2026-09-29T19:29:00+09:00"",""title"":""음악 품은 금융…은행권, 문화 페스티벌로 ‘고객 잡기’"",""url"":""https://n.news.naver.com/mnews/article/020/0003751447"",""duplicateOf"":null,""mentionsName"":false},{""id"":""008-0005419952"",""office"":""머니투데이"",""publishedAt"":""2026-09-30T03:15:00+09:00"",""title"":""다시 '4%대'… 예금금리도 뛴다"",""url"":""https://n.news.naver.com/mnews/article/008/0005419952"",""duplicateOf"":null,""mentionsName"":false},{""id"":""020-0003751530"",""office"":""동아일보"",""publishedAt"":""2026-09-30T04:33:00+09:00"",""title"":""KB차차차, 중고차 매매 넘어 ‘금융 플랫폼’으로"",""url"":""https://n.news.naver.com/mnews/article/020/0003751530"",""duplicateOf"":null,""mentionsName"":false},{""id"":""374-0000535459"",""office"":""SBS Biz"",""publishedAt"":""2026-09-30T06:18:00+09:00"",""title"":""사기 계좌 은행따라 '천차만별'…발생 빈도 5.6배 격차"",""url"":""https://n.news.naver.com/mnews/article/374/0000535459"",""duplicateOf"":null,""mentionsName"":false},{""id"":""119-0003137699"",""office"":""데일리안"",""publishedAt"":""2026-09-30T07:00:00+09:00"",""title"":""[코인 슈퍼위크] 돈의 국경 허문다…문페이의 승부수는?"",""url"":""https://n.news.naver.com/mnews/article/119/0003137699"",""duplicateOf"":null,""mentionsName"":false}]",20,0,,,,,,,
collection-eb1f673bca5b79f8,collection,2026-09-30,2026-09-29T22:27:33Z,,,"{""contextFile"":""reports/atlas11/context/2026-09-30/2026-09-29T22-27-33Z.json""}",context_news,2026-09-30,새 기사,,,,,false,111770,영원무역,,,https://m.stock.naver.com/api/news/stock/111770?pageSize=20&page=1,0e60764bf0162c0c887f1e59ecd1abc14ae0ee44ed13d6411663afbc05799ed5,"[{""id"":""003-0014132133"",""office"":""뉴시스"",""publishedAt"":""2026-08-18T10:02:00+09:00"",""title"":""&quot;엄마·아빠 회사서 뭐해?&quot; 영원무역, 임직원 자녀 '어린이 사원' 변신"",""url"":""https://n.news.naver.com/mnews/article/003/0014132133"",""duplicateOf"":null,""mentionsName"":true},{""id"":""277-0005804363"",""office"":""아시아경제"",""publishedAt"":""2026-08-19T07:00:00+09:00"",""title"":""유통家 '연봉 1위' 신동빈 112억원…김병훈 APR 대표 증가율 '톱'"",""url"":""https://n.news.naver.com/mnews/article/277/0005804363"",""duplicateOf"":null,""mentionsName"":false},{""id"":""629-0000525800"",""office"":""더팩트"",""publishedAt"":""2026-08-20T00:01:00+09:00"",""title"":""성기학·성래은 부녀, 올해 상반기 영원무역 이사회 보수 '91.5%' 챙겨"",""url"":""https://n.news.naver.com/mnews/article/629/0000525800"",""duplicateOf"":null,""mentionsName"":true},{""id"":""215-0001262992"",""office"":""한국경제TV"",""publishedAt"":""2026-08-20T14:21:00+09:00"",""title"":""영원무역홀딩스, 2분기 영업익 20.4%↑…배당·자사주 매입도 확대"",""url"":""https://n.news.naver.com/mnews/article/215/0001262992"",""duplicateOf"":null,""mentionsName"":true},{""id"":""081-0003672390"",""office"":""서울신문"",""publishedAt"":""2026-08-21T14:39:00+09:00"",""title"":""영원무역홀딩스, 상반기 매출액 2.5조원…하반기 추가 자사주 소각"",""url"":""https://n.news.naver.com/mnews/article/081/0003672390"",""duplicateOf"":null,""mentionsName"":true},{""id"":""015-0005324437"",""office"":""한국경제"",""publishedAt"":""2026-08-25T14:03:00+09:00"",""title"":""&quot;제2의 하이닉스 될 수도&quot;…증권가가 콕 찍은 이 종목들 [분석+]"",""url"":""https://n.news.naver.com/mnews/article/015/0005324437"",""duplicateOf"":null,""mentionsName"":false},{""id"":""629-0000527717"",""office"":""더팩트"",""publishedAt"":""2026-08-26T13:38:00+09:00"",""title"":""태우고 또 태운다…역대급 주주환원 SK하이닉스 다음 주자는"",""url"":""https://n.news.naver.com/mnews/article/629/0000527717"",""duplicateOf"":null,""mentionsName"":false},{""id"":""243-0000102179"",""office"":""이코노미스트"",""publishedAt"":""2026-08-26T14:25:00+09:00"",""title"":""상법 개정 후 섬유·의류 상장사 주주환원 확대…배당성향 상향·차등..."",""url"":""https://n.news.naver.com/mnews/article/243/0000102179"",""duplicateOf"":null,""mentionsName"":false},{""id"":""024-0000107805"",""office"":""매경이코노미"",""publishedAt"":""2026-08-26T16:24:00+09:00"",""title"":""‘40조 소각’ 효과 입증한 SK하이닉스…눈 여겨볼 다음 주자는"",""url"":""https://n.news.naver.com/mnews/article/024/0000107805"",""duplicateOf"":null,""mentionsName"":false},{""id"":""241-0003527544"",""office"":""일간스포츠"",""publishedAt"":""2026-08-27T16:03:00+09:00"",""title"":""상법 개정 후 섬유·의류 상장사 주주환원 확대…배당성향 상향·차등..."",""url"":""https://n.news.naver.com/mnews/article/241/0003527544"",""duplicateOf"":""243-0000102179"",""mentionsName"":false},{""id"":""293-0000089692"",""office"":""블로터"",""publishedAt"":""2026-08-28T08:00:00+09:00"",""title"":""[영원무역 밸류업]⑦ 행동주의 연합, 공세 예고…내년 '표 대결' 전운"",""url"":""https://n.news.naver.com/mnews/article/293/0000089692"",""duplicateOf"":null,""mentionsName"":true},{""id"":""293-0000089730"",""office"":""블로터"",""publishedAt"":""2026-08-28T16:45:00+09:00"",""title"":""영원무역홀딩스, OEM 업고 상반기 '날았다'"",""url"":""https://n.news.naver.com/mnews/article/293/0000089730"",""duplicateOf"":null,""mentionsName"":true},{""id"":""293-0000089869"",""office"":""블로터"",""publishedAt"":""2026-09-01T17:00:00+09:00"",""title"":""[K-행동주의 2.0] 미래에셋 박차고 나온 1조 펀드매니저…김지열이 그..."",""url"":""https://n.news.naver.com/mnews/article/293/0000089869"",""duplicateOf"":null,""mentionsName"":false},{""id"":""215-0001264474"",""office"":""한국경제TV"",""publishedAt"":""2026-09-01T17:33:00+09:00"",""title"":""육아수당에 시차출근제까지…영원무역, 가족친화경영 속도"",""url"":""https://n.news.naver.com/mnews/article/215/0001264474"",""duplicateOf"":null,""mentionsName"":true},{""id"":""008-0005409026"",""office"":""머니투데이"",""publishedAt"":""2026-09-03T14:37:00+09:00"",""title"":""기업가치 제고계획 공시업체 누적 756개사…한 달 새 11개사↑"",""url"":""https://n.news.naver.com/mnews/article/008/0005409026"",""duplicateOf"":null,""mentionsName"":false},{""id"":""009-0005732326"",""office"":""매일경제"",""publishedAt"":""2026-09-08T18:10:00+09:00"",""title"":""AI로 번영의 길 가려면 … 인간과 공존하는 새 질서 만들어야"",""url"":""https://n.news.naver.com/mnews/article/009/0005732326"",""duplicateOf"":null,""mentionsName"":false},{""id"":""018-0006368918"",""office"":""이데일리"",""publishedAt"":""2026-09-14T10:35:00+09:00"",""title"":""일·가정 양립에 팔 걷은 영원무역…성래은 &quot;지속가능 성장 위한 핵심..."",""url"":""https://n.news.naver.com/mnews/article/018/0006368918"",""duplicateOf"":null,""mentionsName"":true},{""id"":""366-0001193159"",""office"":""조선비즈"",""publishedAt"":""2026-09-18T06:01:00+09:00"",""title"":""美 소비심리 위축에도 잘 나가는 K의류 벤더… 주문 몰리는 이유는"",""url"":""https://n.news.naver.com/mnews/article/366/0001193159"",""duplicateOf"":null,""mentionsName"":false},{""id"":""011-0004666279"",""office"":""서울경제"",""publishedAt"":""2026-09-29T10:01:00+09:00"",""title"":""474팀 몰린 ‘더하기 창업’…한경협, 100개 스타트업 키운다"",""url"":""https://n.news.naver.com/mnews/article/011/0004666279"",""duplicateOf"":null,""mentionsName"":false},{""id"":""417-0001159517"",""office"":""동행미디어 시대"",""publishedAt"":""2026-09-29T13:25:00+09:00"",""title"":""성래은의 고객 선구안, 영원무역 '68분기 흑자' 견인"",""url"":""https://n.news.naver.com/mnews/article/417/0001159517"",""duplicateOf"":null,""mentionsName"":true}]",19,1,,,,,,,
collection-1d295664ed3ec9f7,collection,2026-09-30,2026-09-29T22:27:33Z,,,"{""contextFile"":""reports/atlas11/context/2026-09-30/2026-09-29T22-27-33Z.json""}",context_news,2026-09-30,새 기사,,,,,false,138040,메리츠금융지주,,,https://m.stock.naver.com/api/news/stock/138040?pageSize=20&page=1,13b13752d7a363f67add0e3ed067bf86800864330ff533e0a29fb6ccb97ed6c8,"[{""id"":""243-0000103329"",""office"":""이코노미스트"",""publishedAt"":""2026-09-21T07:01:00+09:00"",""title"":""삼성·SK하이닉스 통 크게 쐈지만…갈 길 먼 기업 ‘주주환원’ 확대"",""url"":""https://n.news.naver.com/mnews/article/243/0000103329"",""duplicateOf"":null,""mentionsName"":false},{""id"":""374-0000534020"",""office"":""SBS Biz"",""publishedAt"":""2026-09-21T10:13:00+09:00"",""title"":""신한투자증권 &quot;코스피 부진 지속…증권주 목표가 하향&quot;"",""url"":""https://n.news.naver.com/mnews/article/374/0000534020"",""duplicateOf"":null,""mentionsName"":false},{""id"":""138-0002242194"",""office"":""디지털데일리"",""publishedAt"":""2026-09-21T12:52:00+09:00"",""title"":""“주식 거래 138조→56조 뚝”…신한투자증권, 미래·한투 등 목표가 ..."",""url"":""https://n.news.naver.com/mnews/article/138/0002242194"",""duplicateOf"":null,""mentionsName"":false},{""id"":""031-0001060343"",""office"":""아이뉴스24"",""publishedAt"":""2026-09-21T16:14:00+09:00"",""title"":""코스피 '7000' 탈환⋯반도체주 끌어올렸다"",""url"":""https://n.news.naver.com/mnews/article/031/0001060343"",""duplicateOf"":null,""mentionsName"":false},{""id"":""011-0004664161"",""office"":""서울경제"",""publishedAt"":""2026-09-21T17:30:00+09:00"",""title"":""메리츠금융그룹, 캐나다 오피스 1조 회수 ‘청신호’ [시그널]"",""url"":""https://n.news.naver.com/mnews/article/011/0004664161"",""duplicateOf"":null,""mentionsName"":false},{""id"":""421-0009184787"",""office"":""뉴스1"",""publishedAt"":""2026-09-22T05:10:00+09:00"",""title"":""국감 앞둔 정무위, 금융권 CEO 증인 신청 본격화…與 '지배구조' 野 '..."",""url"":""https://n.news.naver.com/mnews/article/421/0009184787"",""duplicateOf"":null,""mentionsName"":false},{""id"":""037-0000038878"",""office"":""주간동아"",""publishedAt"":""2026-09-22T14:09:00+09:00"",""title"":""부영 이중근 VS 메리츠 조정호… 법정으로 간 ‘회장님’들의 조망권..."",""url"":""https://n.news.naver.com/mnews/article/037/0000038878"",""duplicateOf"":null,""mentionsName"":false},{""id"":""293-0000090821"",""office"":""블로터"",""publishedAt"":""2026-09-22T16:26:00+09:00"",""title"":""홈플러스 회생인가 후 첫 월급…추석 장사에 급여 절반 달렸다"",""url"":""https://n.news.naver.com/mnews/article/293/0000090821"",""duplicateOf"":null,""mentionsName"":false},{""id"":""031-0001060933"",""office"":""아이뉴스24"",""publishedAt"":""2026-09-23T11:01:00+09:00"",""title"":""500대 기업 7곳, 106분기 연속 흑자…5년 이상 흑자 117곳"",""url"":""https://n.news.naver.com/mnews/article/031/0001060933"",""duplicateOf"":null,""mentionsName"":false},{""id"":""014-0005580301"",""office"":""파이낸셜뉴스"",""publishedAt"":""2026-09-23T13:18:00+09:00"",""title"":""타임폴리오, 월배당 두 배로…Korea플러스배당 ETF 9월 1% 분배"",""url"":""https://n.news.naver.com/mnews/article/014/0005580301"",""duplicateOf"":null,""mentionsName"":false},{""id"":""003-0014211212"",""office"":""뉴시스"",""publishedAt"":""2026-09-23T15:59:00+09:00"",""title"":""부영-메리츠 회장 한남동 '조망권' 다툼 2라운드…현장검증 기각(종합..."",""url"":""https://n.news.naver.com/mnews/article/003/0014211212"",""duplicateOf"":null,""mentionsName"":false},{""id"":""001-0016333593"",""office"":""연합뉴스"",""publishedAt"":""2026-09-23T18:00:00+09:00"",""title"":""[연합뉴스 이 시각 헤드라인] - 18:00"",""url"":""https://n.news.naver.com/mnews/article/001/0016333593"",""duplicateOf"":null,""mentionsName"":false},{""id"":""009-0005739707"",""office"":""매일경제"",""publishedAt"":""2026-09-23T22:35:00+09:00"",""title"":""“우리 집 한강뷰 가리지마”…재벌가 ‘조망권’ 법정다툼 2라운드"",""url"":""https://n.news.naver.com/mnews/article/009/0005739707"",""duplicateOf"":null,""mentionsName"":false},{""id"":""018-0006375343"",""office"":""이데일리"",""publishedAt"":""2026-09-24T15:02:00+09:00"",""title"":""[마켓인]홈플러스 인수에 국내외 기업 관심…매각 성사 가능성은"",""url"":""https://n.news.naver.com/mnews/article/018/0006375343"",""duplicateOf"":null,""mentionsName"":false},{""id"":""003-0014213490"",""office"":""뉴시스"",""publishedAt"":""2026-09-25T16:00:00+09:00"",""title"":""타임폴리오, Korea플러스배당액티브 ETF 9월 배당 2배로"",""url"":""https://n.news.naver.com/mnews/article/003/0014213490"",""duplicateOf"":null,""mentionsName"":false},{""id"":""032-0003472481"",""office"":""경향신문"",""publishedAt"":""2026-09-25T17:11:00+09:00"",""title"":""연휴 끝나면 식품·유통업계 ‘국감 모드’···쿠팡·홈플러스·배달..."",""url"":""https://n.news.naver.com/mnews/article/032/0003472481"",""duplicateOf"":null,""mentionsName"":false},{""id"":""011-0004665702"",""office"":""서울경제"",""publishedAt"":""2026-09-27T18:11:00+09:00"",""title"":""[만화경] 한강 조망권 다툼"",""url"":""https://n.news.naver.com/mnews/article/011/0004665702"",""duplicateOf"":null,""mentionsName"":false},{""id"":""032-0003473001"",""office"":""경향신문"",""publishedAt"":""2026-09-29T06:00:00+09:00"",""title"":""[단독]224억 벌려다 2720억 빚 떠안게 생겨···불법이라는데 빚은 하..."",""url"":""https://n.news.naver.com/mnews/article/032/0003473001"",""duplicateOf"":null,""mentionsName"":false},{""id"":""011-0004666177"",""office"":""서울경제"",""publishedAt"":""2026-09-29T06:01:00+09:00"",""title"":""발행어음 날개 단 메리츠證 5% 상승…IB 사업 확장 기대감 [줍줍리포트..."",""url"":""https://n.news.naver.com/mnews/article/011/0004666177"",""duplicateOf"":null,""mentionsName"":false},{""id"":""029-0003050445"",""office"":""디지털타임스"",""publishedAt"":""2026-09-29T14:43:00+09:00"",""title"":""외형의 삼성 vs 주주환원의 메리츠… 올해 손보업계 ‘진짜 1위’는?"",""url"":""https://n.news.naver.com/mnews/article/029/0003050445"",""duplicateOf"":null,""mentionsName"":false}]",20,0,,,,,,,
collection-149f37b7de1e16b3,collection,2026-09-30,2026-09-29T22:27:33Z,,,"{""contextFile"":""reports/atlas11/context/2026-09-30/2026-09-29T22-27-33Z.json""}",context_news,2026-09-30,새 기사,,,,,false,196170,알테오젠,,,https://m.stock.naver.com/api/news/stock/196170?pageSize=20&page=1,f43c9735598150e4057d7feeb730b4892869c9dd6c044f4c3344d47b2d06808c,"[{""id"":""629-0000537509"",""office"":""더팩트"",""publishedAt"":""2026-09-29T09:31:00+09:00"",""title"":""외국인 ‘팔자’에 코스피 6800선으로 밀려…코스닥도 동반 약세"",""url"":""https://n.news.naver.com/mnews/article/629/0000537509"",""duplicateOf"":null,""mentionsName"":false},{""id"":""001-0016342539"",""office"":""연합뉴스"",""publishedAt"":""2026-09-29T09:32:00+09:00"",""title"":""코스피, 美국채금리 부담 속 하락출발해 보합권(종합)"",""url"":""https://n.news.naver.com/mnews/article/001/0016342539"",""duplicateOf"":null,""mentionsName"":false},{""id"":""081-0003684272"",""office"":""서울신문"",""publishedAt"":""2026-09-29T09:45:00+09:00"",""title"":""2차전지 약세에 눌린 코스닥… 신규 상장 글로벌테크놀로지는 168% 급..."",""url"":""https://n.news.naver.com/mnews/article/081/0003684272"",""duplicateOf"":null,""mentionsName"":false},{""id"":""138-0002242921"",""office"":""디지털데일리"",""publishedAt"":""2026-09-29T09:48:00+09:00"",""title"":""코스피 6880선 약보합…반도체 반등에도 외인 5400억 ‘팔자’"",""url"":""https://n.news.naver.com/mnews/article/138/0002242921"",""duplicateOf"":null,""mentionsName"":false},{""id"":""031-0001061773"",""office"":""아이뉴스24"",""publishedAt"":""2026-09-29T09:49:00+09:00"",""title"":""美 금리 뛰고 중동 긴장⋯코스피·코스닥 나란히 약보합"",""url"":""https://n.news.naver.com/mnews/article/031/0001061773"",""duplicateOf"":null,""mentionsName"":false},{""id"":""022-0004162562"",""office"":""세계일보"",""publishedAt"":""2026-09-29T10:05:00+09:00"",""title"":""삼전·닉스 ‘저가 매수’ 유입에 선방… 코스피는 美 국채금리 쇼크..."",""url"":""https://n.news.naver.com/mnews/article/022/0004162562"",""duplicateOf"":null,""mentionsName"":false},{""id"":""001-0016343054"",""office"":""연합뉴스"",""publishedAt"":""2026-09-29T11:18:00+09:00"",""title"":""코스피, 美국채금리 부담에 보합세 지속…장중 반짝 상승도"",""url"":""https://n.news.naver.com/mnews/article/001/0016343054"",""duplicateOf"":null,""mentionsName"":false},{""id"":""008-0005419642"",""office"":""머니투데이"",""publishedAt"":""2026-09-29T13:43:00+09:00"",""title"":""'특허 위험' 걷어내는 알테오젠…기술수출 &quot;청신호&quot;"",""url"":""https://n.news.naver.com/mnews/article/008/0005419642"",""duplicateOf"":null,""mentionsName"":true},{""id"":""081-0003684368"",""office"":""서울신문"",""publishedAt"":""2026-09-29T13:56:00+09:00"",""title"":""HPSP 7.68% 급등, 에코프로비엠 5.57% 하락… 업종별 순환매"",""url"":""https://n.news.naver.com/mnews/article/081/0003684368"",""duplicateOf"":null,""mentionsName"":false},{""id"":""016-0002703176"",""office"":""헤럴드경제"",""publishedAt"":""2026-09-29T14:01:00+09:00"",""title"":""대전시, 청년 일자리 종합 프로젝트 ‘잡담 라이브’ 개최"",""url"":""https://n.news.naver.com/mnews/article/016/0002703176"",""duplicateOf"":null,""mentionsName"":false},{""id"":""119-0003137533"",""office"":""데일리안"",""publishedAt"":""2026-09-29T15:44:00+09:00"",""title"":""대외 악재에도 개미는 반도체 '사자'…약보합 코스피 6870선 마감 [시황..."",""url"":""https://n.news.naver.com/mnews/article/119/0003137533"",""duplicateOf"":null,""mentionsName"":false},{""id"":""009-0005741398"",""office"":""매일경제"",""publishedAt"":""2026-09-29T16:01:00+09:00"",""title"":""코스피, 미 국채금리 급등에 2거래일 연속 하락…외국인 2.9조 ‘팔자..."",""url"":""https://n.news.naver.com/mnews/article/009/0005741398"",""duplicateOf"":null,""mentionsName"":false},{""id"":""008-0005419754"",""office"":""머니투데이"",""publishedAt"":""2026-09-29T16:02:00+09:00"",""title"":""코스피 6870.81 하락 마감… 美 금리상승 '찬물'"",""url"":""https://n.news.naver.com/mnews/article/008/0005419754"",""duplicateOf"":null,""mentionsName"":false},{""id"":""031-0001062042"",""office"":""아이뉴스24"",""publishedAt"":""2026-09-29T16:02:00+09:00"",""title"":""코스피, '개미 1조 매수' 약보합 마감⋯코스닥 850선 눈앞"",""url"":""https://n.news.naver.com/mnews/article/031/0001062042"",""duplicateOf"":null,""mentionsName"":false},{""id"":""629-0000537772"",""office"":""더팩트"",""publishedAt"":""2026-09-29T16:10:00+09:00"",""title"":""코스피, 유가·국채금리 급등에 하락 마감…6800선 사수"",""url"":""https://n.news.naver.com/mnews/article/629/0000537772"",""duplicateOf"":null,""mentionsName"":false},{""id"":""421-0009198576"",""office"":""뉴스1"",""publishedAt"":""2026-09-29T16:12:00+09:00"",""title"":""美금리 악재에 코스피 이틀째 6800선…삼전닉스 보합 선방[시황종합]"",""url"":""https://n.news.naver.com/mnews/article/421/0009198576"",""duplicateOf"":null,""mentionsName"":false},{""id"":""003-0014221725"",""office"":""뉴시스"",""publishedAt"":""2026-09-29T17:01:00+09:00"",""title"":""JW중외제약 &quot;자회사 솔리더스 지분 100% 취득&quot;"",""url"":""https://n.news.naver.com/mnews/article/003/0014221725"",""duplicateOf"":null,""mentionsName"":false},{""id"":""660-0000118095"",""office"":""kbc광주방송"",""publishedAt"":""2026-09-29T17:22:00+09:00"",""title"":""외국인, 또 3조 매도 폭탄…코스피 '美 국채금리·유가' 부담 0.27%↓"",""url"":""https://n.news.naver.com/mnews/article/660/0000118095"",""duplicateOf"":null,""mentionsName"":false},{""id"":""366-0001195129"",""office"":""조선비즈"",""publishedAt"":""2026-09-29T18:52:00+09:00"",""title"":""JW중외제약, 솔리더스인베 지분 100% 취득"",""url"":""https://n.news.naver.com/mnews/article/366/0001195129"",""duplicateOf"":null,""mentionsName"":false},{""id"":""003-0014222311"",""office"":""뉴시스"",""publishedAt"":""2026-09-30T06:01:00+09:00"",""title"":""&quot;약발 오래가네&quot;…편의성에 승부 거는 제약사들"",""url"":""https://n.news.naver.com/mnews/article/003/0014222311"",""duplicateOf"":null,""mentionsName"":false}]",20,0,,,,,,,
collection-473da85bdf56c79e,collection,2026-09-30,2026-09-29T22:27:33Z,,,"{""contextFile"":""reports/atlas11/context/2026-09-30/2026-09-29T22-27-33Z.json""}",context_news,2026-09-30,새 기사,,,,,false,207940,삼성바이오로직스,,,https://m.stock.naver.com/api/news/stock/207940?pageSize=20&page=1,3e83acb88cec3ff66e5499e28f32a25c66adc8520bd2c8c025bb289aec69217b,"[{""id"":""022-0004162562"",""office"":""세계일보"",""publishedAt"":""2026-09-29T10:05:00+09:00"",""title"":""삼전·닉스 ‘저가 매수’ 유입에 선방… 코스피는 美 국채금리 쇼크..."",""url"":""https://n.news.naver.com/mnews/article/022/0004162562"",""duplicateOf"":null,""mentionsName"":false},{""id"":""014-0005582138"",""office"":""파이낸셜뉴스"",""publishedAt"":""2026-09-29T10:41:00+09:00"",""title"":""美국채금리 부담 속 개인 '사자'…코스피 보합권[fn오전시황]"",""url"":""https://n.news.naver.com/mnews/article/014/0005582138"",""duplicateOf"":null,""mentionsName"":false},{""id"":""016-0002703068"",""office"":""헤럴드경제"",""publishedAt"":""2026-09-29T11:12:00+09:00"",""title"":""삼성바이오, 개발기간 단축·생산량 2배 ‘공정 혁신’ 선보인다"",""url"":""https://n.news.naver.com/mnews/article/016/0002703068"",""duplicateOf"":null,""mentionsName"":false},{""id"":""001-0016343054"",""office"":""연합뉴스"",""publishedAt"":""2026-09-29T11:18:00+09:00"",""title"":""코스피, 美국채금리 부담에 보합세 지속…장중 반짝 상승도"",""url"":""https://n.news.naver.com/mnews/article/001/0016343054"",""duplicateOf"":null,""mentionsName"":false},{""id"":""008-0005419634"",""office"":""머니투데이"",""publishedAt"":""2026-09-29T13:33:00+09:00"",""title"":""유가·금리 찬바람, 반도체 선방 '역부족'…코스피 6800 턱걸이"",""url"":""https://n.news.naver.com/mnews/article/008/0005419634"",""duplicateOf"":null,""mentionsName"":false},{""id"":""025-0003554481"",""office"":""중앙일보"",""publishedAt"":""2026-09-29T14:09:00+09:00"",""title"":""美 의약품 관세 오늘 발효…국산 ADC·세포유전자 치료제 ‘0%’"",""url"":""https://n.news.naver.com/mnews/article/025/0003554481"",""duplicateOf"":null,""mentionsName"":false},{""id"":""014-0005582270"",""office"":""파이낸셜뉴스"",""publishedAt"":""2026-09-29T14:13:00+09:00"",""title"":""유가·금리 부담에…코스피 1%대 약세[fn오후시황]"",""url"":""https://n.news.naver.com/mnews/article/014/0005582270"",""duplicateOf"":null,""mentionsName"":false},{""id"":""031-0001061958"",""office"":""아이뉴스24"",""publishedAt"":""2026-09-29T14:58:00+09:00"",""title"":""美 무관세 날개 단 K-CDMO⋯中과 ADC 수주전 '청신호'"",""url"":""https://n.news.naver.com/mnews/article/031/0001061958"",""duplicateOf"":null,""mentionsName"":false},{""id"":""119-0003137533"",""office"":""데일리안"",""publishedAt"":""2026-09-29T15:44:00+09:00"",""title"":""대외 악재에도 개미는 반도체 '사자'…약보합 코스피 6870선 마감 [시황..."",""url"":""https://n.news.naver.com/mnews/article/119/0003137533"",""duplicateOf"":null,""mentionsName"":false},{""id"":""654-0000202943"",""office"":""강원도민일보"",""publishedAt"":""2026-09-29T15:54:00+09:00"",""title"":""코스피 18.93p 내린 6870.81…미 국채금리 급등 부담에 이틀째↓"",""url"":""https://n.news.naver.com/mnews/article/654/0000202943"",""duplicateOf"":null,""mentionsName"":false},{""id"":""009-0005741398"",""office"":""매일경제"",""publishedAt"":""2026-09-29T16:01:00+09:00"",""title"":""코스피, 미 국채금리 급등에 2거래일 연속 하락…외국인 2.9조 ‘팔자..."",""url"":""https://n.news.naver.com/mnews/article/009/0005741398"",""duplicateOf"":null,""mentionsName"":false},{""id"":""008-0005419754"",""office"":""머니투데이"",""publishedAt"":""2026-09-29T16:02:00+09:00"",""title"":""코스피 6870.81 하락 마감… 美 금리상승 '찬물'"",""url"":""https://n.news.naver.com/mnews/article/008/0005419754"",""duplicateOf"":null,""mentionsName"":false},{""id"":""277-0005822292"",""office"":""아시아경제"",""publishedAt"":""2026-09-29T16:07:00+09:00"",""title"":""외국인 2.9조 '팔자'…코스피, 6870선 약보합 마감"",""url"":""https://n.news.naver.com/mnews/article/277/0005822292"",""duplicateOf"":null,""mentionsName"":false},{""id"":""629-0000537772"",""office"":""더팩트"",""publishedAt"":""2026-09-29T16:10:00+09:00"",""title"":""코스피, 유가·국채금리 급등에 하락 마감…6800선 사수"",""url"":""https://n.news.naver.com/mnews/article/629/0000537772"",""duplicateOf"":null,""mentionsName"":false},{""id"":""421-0009198576"",""office"":""뉴스1"",""publishedAt"":""2026-09-29T16:12:00+09:00"",""title"":""美금리 악재에 코스피 이틀째 6800선…삼전닉스 보합 선방[시황종합]"",""url"":""https://n.news.naver.com/mnews/article/421/0009198576"",""duplicateOf"":null,""mentionsName"":false},{""id"":""014-0005582403"",""office"":""파이낸셜뉴스"",""publishedAt"":""2026-09-29T16:13:00+09:00"",""title"":""코스피, 외인 '팔자'에 이틀 연속 하락…6870선 후퇴[fn마감시황]"",""url"":""https://n.news.naver.com/mnews/article/014/0005582403"",""duplicateOf"":null,""mentionsName"":false},{""id"":""011-0004666459"",""office"":""서울경제"",""publishedAt"":""2026-09-29T16:19:00+09:00"",""title"":""코스피, 이틀 연속 하락세…삼성전자, 배당락 딛고 상승 마감 [마켓시..."",""url"":""https://n.news.naver.com/mnews/article/011/0004666459"",""duplicateOf"":null,""mentionsName"":false},{""id"":""138-0002243038"",""office"":""디지털데일리"",""publishedAt"":""2026-09-29T16:56:00+09:00"",""title"":""코스피, 외인 2.9조 ‘팔자’에 6870선 약보합…삼성전자 0.9%↑"",""url"":""https://n.news.naver.com/mnews/article/138/0002243038"",""duplicateOf"":null,""mentionsName"":false},{""id"":""008-0005419849"",""office"":""머니투데이"",""publishedAt"":""2026-09-29T17:11:00+09:00"",""title"":""연이틀 '금리찬물'…6800 갇힌 코스피, 시선은 美 물가지표로"",""url"":""https://n.news.naver.com/mnews/article/008/0005419849"",""duplicateOf"":null,""mentionsName"":false},{""id"":""448-0000642098"",""office"":""TV조선"",""publishedAt"":""2026-09-29T17:20:00+09:00"",""title"":""美 국채 금리 급등에 코스피 이틀째 하락…6,870선 마감"",""url"":""https://n.news.naver.com/mnews/article/448/0000642098"",""duplicateOf"":null,""mentionsName"":false}]",20,0,,,,,,,
collection-062480e4e44169fd,collection,2026-09-30,2026-09-29T22:27:33Z,,,"{""contextFile"":""reports/atlas11/context/2026-09-30/2026-09-29T22-27-33Z.json""}",context_news,2026-09-30,새 기사,,,,,false,214370,케어젠,,,https://m.stock.naver.com/api/news/stock/214370?pageSize=20&page=1,fe43aa3e9ec8005df541f2e2e489b823280d5dd6dec5d3884bf972e53ed18023,"[{""id"":""081-0003666122"",""office"":""서울신문"",""publishedAt"":""2026-07-30T13:33:00+09:00"",""title"":""[서울데이터랩]코스닥 시총 상위주 장중 약세 우세…에코프로 형제만..."",""url"":""https://n.news.naver.com/mnews/article/081/0003666122"",""duplicateOf"":null,""mentionsName"":false},{""id"":""001-0016234716"",""office"":""연합뉴스"",""publishedAt"":""2026-08-05T11:38:00+09:00"",""title"":""美훈풍에 코스피·코스닥 2~3%대↑…상승폭은 다소 줄어"",""url"":""https://n.news.naver.com/mnews/article/001/0016234716"",""duplicateOf"":null,""mentionsName"":false},{""id"":""081-0003667788"",""office"":""서울신문"",""publishedAt"":""2026-08-05T13:10:00+09:00"",""title"":""[서울데이터랩]코스닥 시총 상위주 강세 우위…이오테크닉스 6%대 상승..."",""url"":""https://n.news.naver.com/mnews/article/081/0003667788"",""duplicateOf"":null,""mentionsName"":false},{""id"":""277-0005799937"",""office"":""아시아경제"",""publishedAt"":""2026-08-06T16:07:00+09:00"",""title"":""코스피 4%대 급락…코스닥은 보합 마감"",""url"":""https://n.news.naver.com/mnews/article/277/0005799937"",""duplicateOf"":null,""mentionsName"":false},{""id"":""031-0001047950"",""office"":""아이뉴스24"",""publishedAt"":""2026-08-07T09:44:00+09:00"",""title"":""코스피, 외인 '사자'에 6300선 보합권…코스닥 800 유지"",""url"":""https://n.news.naver.com/mnews/article/031/0001047950"",""duplicateOf"":null,""mentionsName"":false},{""id"":""081-0003668519"",""office"":""서울신문"",""publishedAt"":""2026-08-07T13:12:00+09:00"",""title"":""[서울데이터랩]코스닥 시총 상위주 약세 우세…HLB·심텍만 상승"",""url"":""https://n.news.naver.com/mnews/article/081/0003668519"",""duplicateOf"":null,""mentionsName"":false},{""id"":""031-0001048678"",""office"":""아이뉴스24"",""publishedAt"":""2026-08-11T09:56:00+09:00"",""title"":""코스피 1%↓·코스닥 1%↑…장 초반 엇갈린 흐름"",""url"":""https://n.news.naver.com/mnews/article/031/0001048678"",""duplicateOf"":null,""mentionsName"":false},{""id"":""003-0014120492"",""office"":""뉴시스"",""publishedAt"":""2026-08-11T14:46:00+09:00"",""title"":""케어젠 &quot;기후변화 대응 항노화 펩타이드 특허 등록&quot;"",""url"":""https://n.news.naver.com/mnews/article/003/0014120492"",""duplicateOf"":null,""mentionsName"":true},{""id"":""031-0001048850"",""office"":""아이뉴스24"",""publishedAt"":""2026-08-11T16:22:00+09:00"",""title"":""코스피 6300선 회복…반도체株 살아났다"",""url"":""https://n.news.naver.com/mnews/article/031/0001048850"",""duplicateOf"":null,""mentionsName"":false},{""id"":""277-0005802134"",""office"":""아시아경제"",""publishedAt"":""2026-08-12T13:08:00+09:00"",""title"":""코스피, 장 중 매수 사이드카 발동…삼전닉스 7%대↑"",""url"":""https://n.news.naver.com/mnews/article/277/0005802134"",""duplicateOf"":null,""mentionsName"":false},{""id"":""277-0005802844"",""office"":""아시아경제"",""publishedAt"":""2026-08-13T16:07:00+09:00"",""title"":""반도체 랠리 지속…코스피 3.56% 올라 6800선 마감"",""url"":""https://n.news.naver.com/mnews/article/277/0005802844"",""duplicateOf"":null,""mentionsName"":false},{""id"":""366-0001186738"",""office"":""조선비즈"",""publishedAt"":""2026-08-18T09:08:00+09:00"",""title"":""美 증시 약세에도… 코스피, 반도체·대형주 호재에 2%대 상승 출발"",""url"":""https://n.news.naver.com/mnews/article/366/0001186738"",""duplicateOf"":null,""mentionsName"":false},{""id"":""031-0001050297"",""office"":""아이뉴스24"",""publishedAt"":""2026-08-18T10:02:00+09:00"",""title"":""코스피 '7100 탈환' 장 초반 3%↑…코스닥 약보합"",""url"":""https://n.news.naver.com/mnews/article/031/0001050297"",""duplicateOf"":null,""mentionsName"":false},{""id"":""088-0001024866"",""office"":""매일신문"",""publishedAt"":""2026-08-24T13:59:00+09:00"",""title"":""코로나19 감염 재확산 소식에…제약·바이오株 나란히 강세"",""url"":""https://n.news.naver.com/mnews/article/088/0001024866"",""duplicateOf"":null,""mentionsName"":false},{""id"":""031-0001052105"",""office"":""아이뉴스24"",""publishedAt"":""2026-08-25T09:46:00+09:00"",""title"":""코스피 6500선 회귀…삼성전자·SK하이닉스 4%대 급락"",""url"":""https://n.news.naver.com/mnews/article/031/0001052105"",""duplicateOf"":null,""mentionsName"":false},{""id"":""031-0001052416"",""office"":""아이뉴스24"",""publishedAt"":""2026-08-26T09:56:00+09:00"",""title"":""외인·기관 '팔자'에도…코스피, 개인 매수에 6750선"",""url"":""https://n.news.naver.com/mnews/article/031/0001052416"",""duplicateOf"":null,""mentionsName"":false},{""id"":""277-0005810675"",""office"":""아시아경제"",""publishedAt"":""2026-09-02T09:42:00+09:00"",""title"":""코스피, 3% 하락 출발 후 소폭 만회"",""url"":""https://n.news.naver.com/mnews/article/277/0005810675"",""duplicateOf"":null,""mentionsName"":false},{""id"":""277-0005810993"",""office"":""아시아경제"",""publishedAt"":""2026-09-02T15:51:00+09:00"",""title"":""코스피, 유가·금리 부담에 4%대 하락 마감"",""url"":""https://n.news.naver.com/mnews/article/277/0005810993"",""duplicateOf"":null,""mentionsName"":false},{""id"":""011-0004659989"",""office"":""서울경제"",""publishedAt"":""2026-09-09T09:43:00+09:00"",""title"":""코스피 7000 공방 속 전력·조선 뛰고 코스닥 ‘소부장 랠리’ [이런국..."",""url"":""https://n.news.naver.com/mnews/article/011/0004659989"",""duplicateOf"":null,""mentionsName"":false},{""id"":""082-0001399069"",""office"":""부산일보"",""publishedAt"":""2026-09-20T09:00:00+09:00"",""title"":""“비만치료제를 잡아라” 제약업계 ‘신기술 전쟁’ [비즈앤피플]"",""url"":""https://n.news.naver.com/mnews/article/082/0001399069"",""duplicateOf"":null,""mentionsName"":false}]",20,0,,,,,,,
collection-8f527738b4e0bfb3,collection,2026-09-30,2026-09-29T22:27:33Z,,,"{""contextFile"":""reports/atlas11/context/2026-09-30/2026-09-29T22-27-33Z.json""}",context_news,2026-09-30,새 기사,,,,,false,226950,올릭스,,,https://m.stock.naver.com/api/news/stock/226950?pageSize=20&page=1,f6cdf10aca89f4d1cd58c85bf3d00b811045dff6c888e86ce7eb6179cf2c20b2,"[{""id"":""018-0006354521"",""office"":""이데일리"",""publishedAt"":""2026-08-20T06:06:00+09:00"",""title"":""[K바이오 M&amp;A 진단]中 바이오텍 쇼핑하는 빅파마…K바이오 M&amp;A 빅딜 후..."",""url"":""https://n.news.naver.com/mnews/article/018/0006354521"",""duplicateOf"":null,""mentionsName"":false},{""id"":""003-0014141170"",""office"":""뉴시스"",""publishedAt"":""2026-08-21T17:08:00+09:00"",""title"":""올릭스-한소제약 &quot;글로벌 개발·상업화 계약 체결&quot;"",""url"":""https://n.news.naver.com/mnews/article/003/0014141170"",""duplicateOf"":null,""mentionsName"":true},{""id"":""018-0006357099"",""office"":""이데일리"",""publishedAt"":""2026-08-24T15:03:00+09:00"",""title"":""올릭스, 탈모약 호주 임상 1b상 추적관찰 완료…연내 2a상 진입 목표"",""url"":""https://n.news.naver.com/mnews/article/018/0006357099"",""duplicateOf"":null,""mentionsName"":true},{""id"":""018-0006360251"",""office"":""이데일리"",""publishedAt"":""2026-08-30T06:03:00+09:00"",""title"":""에이비온 5.6개월·에이비엘은 현금 순유입…기술이전이 가른 ‘자금..."",""url"":""https://n.news.naver.com/mnews/article/018/0006360251"",""duplicateOf"":null,""mentionsName"":false},{""id"":""374-0000530309"",""office"":""SBS Biz"",""publishedAt"":""2026-08-31T15:20:00+09:00"",""title"":""[오후장 체크포인트] 2차 전지에 물려 3년 기다렸다 ESS 훈풍 타고 상..."",""url"":""https://n.news.naver.com/mnews/article/374/0000530309"",""duplicateOf"":null,""mentionsName"":false},{""id"":""001-0016280730"",""office"":""연합뉴스"",""publishedAt"":""2026-08-31T15:24:00+09:00"",""title"":""&quot;삼전닉스 '고점 구조대' 온다…실적 믿고 기다려보자&quot;"",""url"":""https://n.news.naver.com/mnews/article/001/0016280730"",""duplicateOf"":null,""mentionsName"":false},{""id"":""018-0006361322"",""office"":""이데일리"",""publishedAt"":""2026-09-01T08:43:00+09:00"",""title"":""타깃 아닌 ‘서열’ 쪼개서 판 올릭스…RNAi 기술수출 공식 바뀐다"",""url"":""https://n.news.naver.com/mnews/article/018/0006361322"",""duplicateOf"":null,""mentionsName"":true},{""id"":""018-0006361759"",""office"":""이데일리"",""publishedAt"":""2026-09-01T15:40:00+09:00"",""title"":""올릭스, 원형 mRNA로 RNA 기술 확장…美 플랫폼 특허 출원"",""url"":""https://n.news.naver.com/mnews/article/018/0006361759"",""duplicateOf"":null,""mentionsName"":true},{""id"":""018-0006361932"",""office"":""이데일리"",""publishedAt"":""2026-09-01T19:14:00+09:00"",""title"":""올릭스, CPS 84% 보통주 전환…166만주 15일 상장"",""url"":""https://n.news.naver.com/mnews/article/018/0006361932"",""duplicateOf"":null,""mentionsName"":true},{""id"":""293-0000090089"",""office"":""블로터"",""publishedAt"":""2026-09-07T09:34:00+09:00"",""title"":""[벤처머니 선순환] 대학 실험실 연구자, 20년 뒤 LP와 GP로 만나 | 알테..."",""url"":""https://n.news.naver.com/mnews/article/293/0000090089"",""duplicateOf"":null,""mentionsName"":false},{""id"":""011-0004660461"",""office"":""서울경제"",""publishedAt"":""2026-09-10T11:05:00+09:00"",""title"":""올릭스, 中 RNA 콘퍼런스 참가…간 외 조직 전달·이중 표적 플랫폼 소..."",""url"":""https://n.news.naver.com/mnews/article/011/0004660461"",""duplicateOf"":null,""mentionsName"":true},{""id"":""629-0000533933"",""office"":""더팩트"",""publishedAt"":""2026-09-15T14:05:00+09:00"",""title"":""삼전·하닉 IR에 블랙록·골드만까지…'코리아 프리미엄 위크' 열린다"",""url"":""https://n.news.naver.com/mnews/article/629/0000533933"",""duplicateOf"":null,""mentionsName"":false},{""id"":""011-0004662290"",""office"":""서울경제"",""publishedAt"":""2026-09-16T07:02:00+09:00"",""title"":""휴젤 ‘기술 라이선스인’ 추진…사업 확장 나서는 의료미용 업계"",""url"":""https://n.news.naver.com/mnews/article/011/0004662290"",""duplicateOf"":null,""mentionsName"":false},{""id"":""008-0005415370"",""office"":""머니투데이"",""publishedAt"":""2026-09-17T15:47:00+09:00"",""title"":""올릭스, 신약 임상 탄력…&quot;안과 2a상 이어 차세대 비만약 임상 준비&quot;"",""url"":""https://n.news.naver.com/mnews/article/008/0005415370"",""duplicateOf"":null,""mentionsName"":true},{""id"":""015-0005333794"",""office"":""한국경제"",""publishedAt"":""2026-09-18T10:44:00+09:00"",""title"":""올릭스, ‘2026 한국IR대상’ IR우수기업 선정"",""url"":""https://n.news.naver.com/mnews/article/015/0005333794"",""duplicateOf"":null,""mentionsName"":true},{""id"":""011-0004663497"",""office"":""서울경제"",""publishedAt"":""2026-09-18T23:43:00+09:00"",""title"":""신한금융·비츠로셀 ‘2026 한국IR대상’ 대상 수상"",""url"":""https://n.news.naver.com/mnews/article/011/0004663497"",""duplicateOf"":null,""mentionsName"":false},{""id"":""018-0006372755"",""office"":""이데일리"",""publishedAt"":""2026-09-20T07:02:00+09:00"",""title"":""[임상 업데이트] 올릭스, 황반변성 치료제 ‘OLX301A’ 호주 2a상 신청"",""url"":""https://n.news.naver.com/mnews/article/018/0006372755"",""duplicateOf"":null,""mentionsName"":true},{""id"":""422-0000908778"",""office"":""연합뉴스TV"",""publishedAt"":""2026-09-22T17:39:00+09:00"",""title"":""거래소, 내달 6~7일 '코스닥 데이' 개최…현안·투자 정보 제공"",""url"":""https://n.news.naver.com/mnews/article/422/0000908778"",""duplicateOf"":null,""mentionsName"":false},{""id"":""011-0004666303"",""office"":""서울경제"",""publishedAt"":""2026-09-29T10:22:00+09:00"",""title"":""올릭스, 美 FDA·DIA 콘퍼런스서 황반변성 RNAi 임상 성과 발표"",""url"":""https://n.news.naver.com/mnews/article/011/0004666303"",""duplicateOf"":null,""mentionsName"":true},{""id"":""018-0006377198"",""office"":""이데일리"",""publishedAt"":""2026-09-29T17:32:00+09:00"",""title"":""올릭스, FDA·DIA 콘퍼런스서 황반변성 RNAi 개발 성과 발표"",""url"":""https://n.news.naver.com/mnews/article/018/0006377198"",""duplicateOf"":null,""mentionsName"":true}]",20,0,,,,,,,
collection-108f5f79e327e187,collection,2026-09-30,2026-09-29T22:27:33Z,,,"{""contextFile"":""reports/atlas11/context/2026-09-30/2026-09-29T22-27-33Z.json""}",context_news,2026-09-30,새 기사,,,,,false,257720,실리콘투,,,https://m.stock.naver.com/api/news/stock/257720?pageSize=20&page=1,456a7115d8b2363f8de9aec178b8c16965739a834319e0137ddaddb7b842c391,"[{""id"":""366-0001192280"",""office"":""조선비즈"",""publishedAt"":""2026-09-14T16:03:00+09:00"",""title"":""[마켓뷰] 고유가·고금리·AI 브레이크 ‘3중고’… 코스피, 3% 넘게 급..."",""url"":""https://n.news.naver.com/mnews/article/366/0001192280"",""duplicateOf"":null,""mentionsName"":false},{""id"":""001-0016309599"",""office"":""연합뉴스"",""publishedAt"":""2026-09-14T16:09:00+09:00"",""title"":""'AI 속도조절론' 악재 부각…코스피 3%대 급락해 6,600대(종합)"",""url"":""https://n.news.naver.com/mnews/article/001/0016309599"",""duplicateOf"":null,""mentionsName"":false},{""id"":""011-0004661838"",""office"":""서울경제"",""publishedAt"":""2026-09-15T06:31:00+09:00"",""title"":""美 수출 역대 최대에도 환율 부담…화장품주 ‘희비’ [마켓시그널]"",""url"":""https://n.news.naver.com/mnews/article/011/0004661838"",""duplicateOf"":null,""mentionsName"":false},{""id"":""277-0005816703"",""office"":""아시아경제"",""publishedAt"":""2026-09-15T15:54:00+09:00"",""title"":""외국인·기관 매도세에 코스피 하락 마감…0.85%↓"",""url"":""https://n.news.naver.com/mnews/article/277/0005816703"",""duplicateOf"":null,""mentionsName"":false},{""id"":""018-0006369815"",""office"":""이데일리"",""publishedAt"":""2026-09-15T16:27:00+09:00"",""title"":""주가 45% 뛰더니 22% 뚝…화장품주, 박스피 속 반등 시험대"",""url"":""https://n.news.naver.com/mnews/article/018/0006369815"",""duplicateOf"":null,""mentionsName"":false},{""id"":""293-0000090573"",""office"":""블로터"",""publishedAt"":""2026-09-17T08:55:00+09:00"",""title"":""[K뷰티 밸류체인 지도]⑧ 실리콘투, 인디 붐 타고 K뷰티 관문으로"",""url"":""https://n.news.naver.com/mnews/article/293/0000090573"",""duplicateOf"":null,""mentionsName"":true},{""id"":""018-0006371273"",""office"":""이데일리"",""publishedAt"":""2026-09-17T15:26:00+09:00"",""title"":""“만들고 나르고 바쁘다 바빠”…K뷰티 열풍에 생산·물류 ‘확장전’"",""url"":""https://n.news.naver.com/mnews/article/018/0006371273"",""duplicateOf"":null,""mentionsName"":false},{""id"":""014-0005577615"",""office"":""파이낸셜뉴스"",""publishedAt"":""2026-09-17T18:29:00+09:00"",""title"":""환율에 발목잡힌 K뷰티株... ‘3분기 실적’이 반등 분수령"",""url"":""https://n.news.naver.com/mnews/article/014/0005577615"",""duplicateOf"":null,""mentionsName"":false},{""id"":""018-0006372263"",""office"":""이데일리"",""publishedAt"":""2026-09-18T18:04:00+09:00"",""title"":""“통째로 사고, 한 층도 산다”…판교 오피스 거래가 달라졌다"",""url"":""https://n.news.naver.com/mnews/article/018/0006372263"",""duplicateOf"":null,""mentionsName"":false},{""id"":""243-0000103282"",""office"":""이코노미스트"",""publishedAt"":""2026-09-19T07:01:00+09:00"",""title"":""틱톡서 띄우고 아마존서 판다…마리엔메이가 70개국 뚫은 비결[이코노..."",""url"":""https://n.news.naver.com/mnews/article/243/0000103282"",""duplicateOf"":null,""mentionsName"":false},{""id"":""016-0002699588"",""office"":""헤럴드경제"",""publishedAt"":""2026-09-19T07:27:00+09:00"",""title"":""[단독] 로레알 만드는 화성코스메틱, 맥쿼리 품에 안긴다…본계약 체..."",""url"":""https://n.news.naver.com/mnews/article/016/0002699588"",""duplicateOf"":null,""mentionsName"":false},{""id"":""374-0000533994"",""office"":""SBS Biz"",""publishedAt"":""2026-09-21T08:30:00+09:00"",""title"":""[투자자 순매수 TOP5] 외국인, 반도체 대형주 집중 매도…SK스퀘어는 ..."",""url"":""https://n.news.naver.com/mnews/article/374/0000533994"",""duplicateOf"":null,""mentionsName"":false},{""id"":""016-0002700190"",""office"":""헤럴드경제"",""publishedAt"":""2026-09-21T11:09:00+09:00"",""title"":""맥쿼리, 화성코스메틱 인수 본계약"",""url"":""https://n.news.naver.com/mnews/article/016/0002700190"",""duplicateOf"":null,""mentionsName"":false},{""id"":""050-0000111244"",""office"":""한경비즈니스"",""publishedAt"":""2026-09-23T07:01:00+09:00"",""title"":""실리콘투가 먼저 알아봤다…김수민 마리엔메이 대표 &quot;K뷰티 지금부터..."",""url"":""https://n.news.naver.com/mnews/article/050/0000111244"",""duplicateOf"":null,""mentionsName"":true},{""id"":""008-0005418025"",""office"":""머니투데이"",""publishedAt"":""2026-09-23T18:30:00+09:00"",""title"":""물로 생기는 피부·모발 문제 푼 마케마케 …30억 프리A 투자유치"",""url"":""https://n.news.naver.com/mnews/article/008/0005418025"",""duplicateOf"":null,""mentionsName"":false},{""id"":""001-0016334346"",""office"":""연합뉴스"",""publishedAt"":""2026-09-24T08:20:00+09:00"",""title"":""외교무대서도 존재감 드러내는 K-뷰티…美 넘어 멕시코 공략"",""url"":""https://n.news.naver.com/mnews/article/001/0016334346"",""duplicateOf"":null,""mentionsName"":false},{""id"":""018-0006375449"",""office"":""이데일리"",""publishedAt"":""2026-09-25T09:18:00+09:00"",""title"":""[VC's Pick]연휴 전 투자 마무리…뷰티부터 스마트 건설까지"",""url"":""https://n.news.naver.com/mnews/article/018/0006375449"",""duplicateOf"":null,""mentionsName"":false},{""id"":""008-0005418320"",""office"":""머니투데이"",""publishedAt"":""2026-09-25T10:30:00+09:00"",""title"":""잘나가던 불닭·K뷰티 환율에 울상…그래도 사라는 증권가"",""url"":""https://n.news.naver.com/mnews/article/008/0005418320"",""duplicateOf"":null,""mentionsName"":false},{""id"":""008-0005418706"",""office"":""머니투데이"",""publishedAt"":""2026-09-27T17:00:00+09:00"",""title"":""혈당부터 다이어트까지…모험자본 '건강·뷰티'에 꽂혔다"",""url"":""https://n.news.naver.com/mnews/article/008/0005418706"",""duplicateOf"":null,""mentionsName"":false},{""id"":""215-0001267443"",""office"":""한국경제TV"",""publishedAt"":""2026-09-28T17:55:00+09:00"",""title"":""[단독] 실리콘투, 이스라엘 진출…합작사로 K-뷰티 판 키운다"",""url"":""https://n.news.naver.com/mnews/article/215/0001267443"",""duplicateOf"":null,""mentionsName"":true}]",20,0,,,,,,,
collection-0f181f5dde0007ac,collection,2026-09-30,2026-09-29T22:27:33Z,,,"{""contextFile"":""reports/atlas11/context/2026-09-30/2026-09-29T22-27-33Z.json""}",context_news,2026-09-30,새 기사,,,,,false,259960,크래프톤,,,https://m.stock.naver.com/api/news/stock/259960?pageSize=20&page=1,67cd1dc003218ad73a6bfa65a54aa6e7f1f5ccc842aae01f3d9eec111c17cc69,"[{""id"":""421-0009194247"",""office"":""뉴스1"",""publishedAt"":""2026-09-28T08:41:00+09:00"",""title"":""항저우선 총 못 쐈던 '배그'…이번엔 배틀로얄로 금메달 도전"",""url"":""https://n.news.naver.com/mnews/article/421/0009194247"",""duplicateOf"":null,""mentionsName"":false},{""id"":""138-0002242770"",""office"":""디지털데일리"",""publishedAt"":""2026-09-28T09:39:00+09:00"",""title"":""'붉은사막', 골든 조이스틱 어워드 2개 부문 후보…넥슨·크래프톤 관..."",""url"":""https://n.news.naver.com/mnews/article/138/0002242770"",""duplicateOf"":null,""mentionsName"":true},{""id"":""031-0001061546"",""office"":""아이뉴스24"",""publishedAt"":""2026-09-28T13:33:00+09:00"",""title"":""붉은사막·아크 레이더스·노 로우…K-게임, 골든 조이스틱 후보 잇따..."",""url"":""https://n.news.naver.com/mnews/article/031/0001061546"",""duplicateOf"":null,""mentionsName"":false},{""id"":""030-0003470385"",""office"":""전자신문"",""publishedAt"":""2026-09-28T14:10:00+09:00"",""title"":""크래프톤 AI '펍지 엘라이' 베타 평가 공개... 대화는 호평, 전투 실력..."",""url"":""https://n.news.naver.com/mnews/article/030/0003470385"",""duplicateOf"":null,""mentionsName"":true},{""id"":""015-0005336856"",""office"":""한국경제"",""publishedAt"":""2026-09-28T19:01:00+09:00"",""title"":""&quot;배그 당장 지워버렸다&quot;…베트남 PC방 사장들 '분노'한 이유"",""url"":""https://n.news.naver.com/mnews/article/015/0005336856"",""duplicateOf"":null,""mentionsName"":false},{""id"":""030-0003470550"",""office"":""전자신문"",""publishedAt"":""2026-09-29T09:15:00+09:00"",""title"":""원스토어, AI 게임 유통 문턱 낮춘다... 전용관 모든 개발자에 개방"",""url"":""https://n.news.naver.com/mnews/article/030/0003470550"",""duplicateOf"":null,""mentionsName"":false},{""id"":""001-0016342882"",""office"":""연합뉴스"",""publishedAt"":""2026-09-29T10:40:00+09:00"",""title"":""베트남서 흔들리는 배틀그라운드…글로벌 접속자는 건재"",""url"":""https://n.news.naver.com/mnews/article/001/0016342882"",""duplicateOf"":null,""mentionsName"":false},{""id"":""138-0002242962"",""office"":""디지털데일리"",""publishedAt"":""2026-09-29T11:31:00+09:00"",""title"":""[취재수첩] 사실에는 국적이 없다…'배그 방플 논란' 사태가 남긴 것"",""url"":""https://n.news.naver.com/mnews/article/138/0002242962"",""duplicateOf"":null,""mentionsName"":false},{""id"":""138-0002242996"",""office"":""디지털데일리"",""publishedAt"":""2026-09-29T15:01:00+09:00"",""title"":""韓 AI인재, 대학 교육 역량에서 나온다…정부, AI중심대학 출범"",""url"":""https://n.news.naver.com/mnews/article/138/0002242996"",""duplicateOf"":null,""mentionsName"":false},{""id"":""005-0001875652"",""office"":""국민일보"",""publishedAt"":""2026-09-29T15:38:00+09:00"",""title"":""지스타 배치도 공개… 크래프톤·웹젠 대형 부스 마련"",""url"":""https://n.news.naver.com/mnews/article/005/0001875652"",""duplicateOf"":null,""mentionsName"":true},{""id"":""018-0006377183"",""office"":""이데일리"",""publishedAt"":""2026-09-29T17:00:00+09:00"",""title"":""절치부심 지스타…글로벌·외연확장으로 위기론 돌파 예고"",""url"":""https://n.news.naver.com/mnews/article/018/0006377183"",""duplicateOf"":null,""mentionsName"":false},{""id"":""092-0002439160"",""office"":""지디넷코리아"",""publishedAt"":""2026-09-29T17:06:00+09:00"",""title"":""AI로 체질 바꾸는 K-게임…도약 속 남겨진 과제는"",""url"":""https://n.news.naver.com/mnews/article/092/0002439160"",""duplicateOf"":null,""mentionsName"":false},{""id"":""243-0000103655"",""office"":""이코노미스트"",""publishedAt"":""2026-09-29T17:09:00+09:00"",""title"":""‘듣는 전시’서 ‘체험하는 축제’로…지스타 2026, 올가을 부산 채..."",""url"":""https://n.news.naver.com/mnews/article/243/0000103655"",""duplicateOf"":null,""mentionsName"":false},{""id"":""030-0003470832"",""office"":""전자신문"",""publishedAt"":""2026-09-29T17:14:00+09:00"",""title"":""게임 , 피지컬 AI로 산업 경계 넓힌다... “AI 시대 창작·저작권 기준..."",""url"":""https://n.news.naver.com/mnews/article/030/0003470832"",""duplicateOf"":null,""mentionsName"":false},{""id"":""009-0005741578"",""office"":""매일경제"",""publishedAt"":""2026-09-29T17:46:00+09:00"",""title"":""게임업계 “AI 도입 빠르지만 매출은 아직…피지컬 AI가 돌파구”"",""url"":""https://n.news.naver.com/mnews/article/009/0005741578"",""duplicateOf"":null,""mentionsName"":false},{""id"":""092-0002439176"",""office"":""지디넷코리아"",""publishedAt"":""2026-09-29T18:20:00+09:00"",""title"":""콘진원, '코리아 인디게임 데브캠프' 3단계 진출 40개 팀 선정"",""url"":""https://n.news.naver.com/mnews/article/092/0002439176"",""duplicateOf"":null,""mentionsName"":false},{""id"":""658-0000156984"",""office"":""국제신문"",""publishedAt"":""2026-09-29T19:12:00+09:00"",""title"":""亞·유럽게임 대거 참가…지스타 판 커진다"",""url"":""https://n.news.naver.com/mnews/article/658/0000156984"",""duplicateOf"":null,""mentionsName"":false},{""id"":""011-0004666585"",""office"":""서울경제"",""publishedAt"":""2026-09-29T21:19:00+09:00"",""title"":""AI 도입 빨라지는 게임업계…‘품질 저하’는 남은 숙제"",""url"":""https://n.news.naver.com/mnews/article/011/0004666585"",""duplicateOf"":null,""mentionsName"":false},{""id"":""018-0006377287"",""office"":""이데일리"",""publishedAt"":""2026-09-29T23:30:00+09:00"",""title"":""쌍둥이 낳으면 '1억'...집 살 땐 3억 무이자, 어디 회사길래"",""url"":""https://n.news.naver.com/mnews/article/018/0006377287"",""duplicateOf"":null,""mentionsName"":false},{""id"":""011-0004666606"",""office"":""서울경제"",""publishedAt"":""2026-09-30T05:01:00+09:00"",""title"":""글로벌 게임사 몰려온다…지스타 2026, 신작·인디 총집결"",""url"":""https://n.news.naver.com/mnews/article/011/0004666606"",""duplicateOf"":null,""mentionsName"":false}]",20,0,,,,,,,
collection-1368605f028406b2,collection,2026-09-30,2026-09-29T22:27:33Z,,,"{""contextFile"":""reports/atlas11/context/2026-09-30/2026-09-29T22-27-33Z.json""}",context_news,2026-09-30,새 기사,,,,,false,278470,에이피알,,,https://m.stock.naver.com/api/news/stock/278470?pageSize=20&page=1,e41c78a82afbee00fb6b647e85cf983c329e66632fe99a4ead6a59e3bf6319bd,"[{""id"":""025-0003553201"",""office"":""중앙일보"",""publishedAt"":""2026-09-22T15:55:00+09:00"",""title"":""에이피알, AI 경영시스템·제품 신뢰성 국제인증 획득"",""url"":""https://n.news.naver.com/mnews/article/025/0003553201"",""duplicateOf"":null,""mentionsName"":true},{""id"":""014-0005579874"",""office"":""파이낸셜뉴스"",""publishedAt"":""2026-09-22T18:34:00+09:00"",""title"":""에이피알, 업계 첫 AI 관련 국제인증 2건 획득"",""url"":""https://n.news.naver.com/mnews/article/014/0005579874"",""duplicateOf"":null,""mentionsName"":true},{""id"":""003-0014209383"",""office"":""뉴시스"",""publishedAt"":""2026-09-23T05:00:00+09:00"",""title"":""&quot;취업 문턱 높은데 여긴 다르네&quot;…글로벌 인기에 K-뷰티 채용시장 '훈..."",""url"":""https://n.news.naver.com/mnews/article/003/0014209383"",""duplicateOf"":null,""mentionsName"":false},{""id"":""014-0005580418"",""office"":""파이낸셜뉴스"",""publishedAt"":""2026-09-23T16:07:00+09:00"",""title"":""연휴 후 증시 어디로… 건설·화장품 뜨고 증권·車 숨고르기"",""url"":""https://n.news.naver.com/mnews/article/014/0005580418"",""duplicateOf"":null,""mentionsName"":false},{""id"":""022-0004161385"",""office"":""세계일보"",""publishedAt"":""2026-09-23T17:02:00+09:00"",""title"":""뷰티업계 부는 AI 바람…체험·진단 서비스로 소비자 접점 넓힌다"",""url"":""https://n.news.naver.com/mnews/article/022/0004161385"",""duplicateOf"":null,""mentionsName"":false},{""id"":""032-0003472359"",""office"":""경향신문"",""publishedAt"":""2026-09-24T00:40:00+09:00"",""title"":""이 대통령 “트럼프와 군함 건조 얘기 나눴다”…월가 ‘큰손’에 소..."",""url"":""https://n.news.naver.com/mnews/article/032/0003472359"",""duplicateOf"":null,""mentionsName"":false},{""id"":""293-0000090878"",""office"":""블로터"",""publishedAt"":""2026-09-24T08:00:00+09:00"",""title"":""[K뷰티 밸류체인 지도]⑪ 해외매출 92% 에이피알, 의료기기도 통할까"",""url"":""https://n.news.naver.com/mnews/article/293/0000090878"",""duplicateOf"":null,""mentionsName"":true},{""id"":""001-0016334346"",""office"":""연합뉴스"",""publishedAt"":""2026-09-24T08:20:00+09:00"",""title"":""외교무대서도 존재감 드러내는 K-뷰티…美 넘어 멕시코 공략"",""url"":""https://n.news.naver.com/mnews/article/001/0016334346"",""duplicateOf"":null,""mentionsName"":false},{""id"":""138-0002242636"",""office"":""디지털데일리"",""publishedAt"":""2026-09-24T12:01:00+09:00"",""title"":""李 &quot;트럼프와 군함 건조 논의&quot;…마스가 선봉에 선 한화"",""url"":""https://n.news.naver.com/mnews/article/138/0002242636"",""duplicateOf"":null,""mentionsName"":false},{""id"":""008-0005418320"",""office"":""머니투데이"",""publishedAt"":""2026-09-25T10:30:00+09:00"",""title"":""잘나가던 불닭·K뷰티 환율에 울상…그래도 사라는 증권가"",""url"":""https://n.news.naver.com/mnews/article/008/0005418320"",""duplicateOf"":null,""mentionsName"":false},{""id"":""119-0003136398"",""office"":""데일리안"",""publishedAt"":""2026-09-26T08:01:00+09:00"",""title"":""고금리에도 7000피 탈환…기간 프리미엄이 뭐길래"",""url"":""https://n.news.naver.com/mnews/article/119/0003136398"",""duplicateOf"":null,""mentionsName"":false},{""id"":""016-0002702056"",""office"":""헤럴드경제"",""publishedAt"":""2026-09-26T21:41:00+09:00"",""title"":""기관이 끌어올린 ‘칠천피’…삼성전자에 5.7조 쏠렸다[투자360]"",""url"":""https://n.news.naver.com/mnews/article/016/0002702056"",""duplicateOf"":null,""mentionsName"":false},{""id"":""023-0004000505"",""office"":""조선일보"",""publishedAt"":""2026-09-27T08:01:00+09:00"",""title"":""홈뷰티는 좁다… 병·의원 전문 의료기기로 영토 넓히는 K뷰티 기업들"",""url"":""https://n.news.naver.com/mnews/article/023/0004000505"",""duplicateOf"":null,""mentionsName"":false},{""id"":""277-0005821144"",""office"":""아시아경제"",""publishedAt"":""2026-09-27T13:54:00+09:00"",""title"":""인플루언서에 홀리고 AI가 결정한다…쇼핑 자율주행 시대 [주末머니]"",""url"":""https://n.news.naver.com/mnews/article/277/0005821144"",""duplicateOf"":null,""mentionsName"":false},{""id"":""023-0004000624"",""office"":""조선일보"",""publishedAt"":""2026-09-28T00:34:00+09:00"",""title"":""“피부 관리 홈케어 시장은 좁다” 병원용 미용 기기 노리는 K뷰티"",""url"":""https://n.news.naver.com/mnews/article/023/0004000624"",""duplicateOf"":null,""mentionsName"":false},{""id"":""421-0009194084"",""office"":""뉴스1"",""publishedAt"":""2026-09-28T06:10:00+09:00"",""title"":""이젠 보면서 산다…콘텐츠 입은 K-뷰티, 美·日 틱톡숍 '효과 톡톡'"",""url"":""https://n.news.naver.com/mnews/article/421/0009194084"",""duplicateOf"":null,""mentionsName"":false},{""id"":""003-0014217921"",""office"":""뉴시스"",""publishedAt"":""2026-09-28T14:14:00+09:00"",""title"":""커지는 중남미 시장, 높아진 관세 장벽…李 대통령 주목한 K-뷰티 숙제"",""url"":""https://n.news.naver.com/mnews/article/003/0014217921"",""duplicateOf"":null,""mentionsName"":false},{""id"":""421-0009196601"",""office"":""뉴스1"",""publishedAt"":""2026-09-29T06:05:00+09:00"",""title"":""개별 아닌 패키지로 묶자 '품절'…글로벌 유통사 'K-뷰티' 판매 방식 ..."",""url"":""https://n.news.naver.com/mnews/article/421/0009196601"",""duplicateOf"":null,""mentionsName"":false},{""id"":""293-0000091018"",""office"":""블로터"",""publishedAt"":""2026-09-29T16:11:00+09:00"",""title"":""저가이미지 벗은 C뷰티 美 안착…K뷰티 경쟁 부담 커질까"",""url"":""https://n.news.naver.com/mnews/article/293/0000091018"",""duplicateOf"":null,""mentionsName"":false},{""id"":""468-0001269642"",""office"":""스포츠서울"",""publishedAt"":""2026-09-30T07:01:00+09:00"",""title"":""에이피알, 얼굴 넘어 두피로 영역 확장…헤어·두피 케어 사업 본격화..."",""url"":""https://n.news.naver.com/mnews/article/468/0001269642"",""duplicateOf"":null,""mentionsName"":true}]",20,0,,,,,,,
collection-c18c78730a6d9f65,collection,2026-09-30,2026-09-29T22:27:33Z,,,"{""contextFile"":""reports/atlas11/context/2026-09-30/2026-09-29T22-27-33Z.json""}",context_news,2026-09-30,새 기사,,,,,false,329180,HD현대중공업,,,https://m.stock.naver.com/api/news/stock/329180?pageSize=20&page=1,7c8a66bebe6110bf0c003018118052abcbcec106ea251fa2be9276e28f12a78d,"[{""id"":""277-0005821913"",""office"":""아시아경제"",""publishedAt"":""2026-09-29T09:25:00+09:00"",""title"":""외국인 '팔자'에 코스피·코스닥 동반 약세"",""url"":""https://n.news.naver.com/mnews/article/277/0005821913"",""duplicateOf"":null,""mentionsName"":false},{""id"":""088-0001031084"",""office"":""매일신문"",""publishedAt"":""2026-09-29T10:12:00+09:00"",""title"":""조선 3사 실적 잭팟인데 주가는 왜 이럴까…반등 열쇠는 '신사업'"",""url"":""https://n.news.naver.com/mnews/article/088/0001031084"",""duplicateOf"":null,""mentionsName"":false},{""id"":""001-0016342863"",""office"":""연합뉴스"",""publishedAt"":""2026-09-29T10:36:00+09:00"",""title"":""HD현대중·노동부·안전공단, '안전한 일터 조성' 캠페인"",""url"":""https://n.news.naver.com/mnews/article/001/0016342863"",""duplicateOf"":null,""mentionsName"":false},{""id"":""021-0002821877"",""office"":""문화일보"",""publishedAt"":""2026-09-29T11:58:00+09:00"",""title"":""조선업계 파업 ‘찬물’… 제조업 체감경기 4년만에 ‘최대 낙폭’"",""url"":""https://n.news.naver.com/mnews/article/021/0002821877"",""duplicateOf"":null,""mentionsName"":false},{""id"":""009-0005741329"",""office"":""매일경제"",""publishedAt"":""2026-09-29T14:49:00+09:00"",""title"":""HD현대중공업 170억 추가 투자 스마트 안전 체계 구축"",""url"":""https://n.news.naver.com/mnews/article/009/0005741329"",""duplicateOf"":null,""mentionsName"":true},{""id"":""029-0003050489"",""office"":""디지털타임스"",""publishedAt"":""2026-09-29T15:54:00+09:00"",""title"":""코스피, 외인 2.9조 순매도에도 약보합 마감…삼전↑·SK하닉↓"",""url"":""https://n.news.naver.com/mnews/article/029/0003050489"",""duplicateOf"":null,""mentionsName"":false},{""id"":""215-0001267578"",""office"":""한국경제TV"",""publishedAt"":""2026-09-29T16:06:00+09:00"",""title"":""외국인 러브콜 무슨일…반도체 장비 수주 모멘텀에 7% '급등'"",""url"":""https://n.news.naver.com/mnews/article/215/0001267578"",""duplicateOf"":null,""mentionsName"":false},{""id"":""277-0005822292"",""office"":""아시아경제"",""publishedAt"":""2026-09-29T16:07:00+09:00"",""title"":""외국인 2.9조 '팔자'…코스피, 6870선 약보합 마감"",""url"":""https://n.news.naver.com/mnews/article/277/0005822292"",""duplicateOf"":null,""mentionsName"":false},{""id"":""020-0003751412"",""office"":""동아일보"",""publishedAt"":""2026-09-29T16:43:00+09:00"",""title"":""추석연휴에 파업 겹쳐…제조업 체감경기 4년만에 최대폭 하락"",""url"":""https://n.news.naver.com/mnews/article/020/0003751412"",""duplicateOf"":null,""mentionsName"":false},{""id"":""015-0005337294"",""office"":""한국경제"",""publishedAt"":""2026-09-29T17:59:00+09:00"",""title"":""[단독] &quot;한국산 무기 없어서 못 산다&quot;…65조 '잭팟' 터진 K방산"",""url"":""https://n.news.naver.com/mnews/article/015/0005337294"",""duplicateOf"":null,""mentionsName"":false},{""id"":""277-0005822369"",""office"":""아시아경제"",""publishedAt"":""2026-09-29T18:03:00+09:00"",""title"":""[클릭 e종목]&quot;HD현대마린엔진, 명백화 과매도 구간…상승여력 70%↑&quot;"",""url"":""https://n.news.naver.com/mnews/article/277/0005822369"",""duplicateOf"":null,""mentionsName"":false},{""id"":""014-0005582494"",""office"":""파이낸셜뉴스"",""publishedAt"":""2026-09-29T18:15:00+09:00"",""title"":""加 호위함 정비 뚫은 한화오션, 큰 그림 그린다"",""url"":""https://n.news.naver.com/mnews/article/014/0005582494"",""duplicateOf"":null,""mentionsName"":false},{""id"":""029-0003050552"",""office"":""디지털타임스"",""publishedAt"":""2026-09-29T18:40:00+09:00"",""title"":""HD현대중·노동부 ‘안전한 일터 조성’ 합동 캠페인"",""url"":""https://n.news.naver.com/mnews/article/029/0003050552"",""duplicateOf"":null,""mentionsName"":false},{""id"":""001-0016344998"",""office"":""연합뉴스"",""publishedAt"":""2026-09-29T19:30:00+09:00"",""title"":""한국-리비아 경제협력포럼…기업 중동 진출·건설수주 지원"",""url"":""https://n.news.naver.com/mnews/article/001/0016344998"",""duplicateOf"":null,""mentionsName"":false},{""id"":""056-0012265153"",""office"":""KBS"",""publishedAt"":""2026-09-29T22:03:00+09:00"",""title"":""현대중 노사 22차 임단협 본교섭 개시"",""url"":""https://n.news.naver.com/mnews/article/056/0012265153"",""duplicateOf"":null,""mentionsName"":false},{""id"":""020-0003751490"",""office"":""동아일보"",""publishedAt"":""2026-09-30T00:31:00+09:00"",""title"":""파업에 발목 잡힌 제조업… 체감경기, 4년만에 최대폭 하락"",""url"":""https://n.news.naver.com/mnews/article/020/0003751490"",""duplicateOf"":null,""mentionsName"":false},{""id"":""023-0004001144"",""office"":""조선일보"",""publishedAt"":""2026-09-30T00:34:00+09:00"",""title"":""중국서 건조해도… 글로벌 선주들, K엔진 찾아"",""url"":""https://n.news.naver.com/mnews/article/023/0004001144"",""duplicateOf"":null,""mentionsName"":false},{""id"":""421-0009199310"",""office"":""뉴스1"",""publishedAt"":""2026-09-30T06:00:00+09:00"",""title"":""&quot;美 선거서 공화당 져도 보호무역 계속…동맹보다 실익으로 협상해야..."",""url"":""https://n.news.naver.com/mnews/article/421/0009199310"",""duplicateOf"":null,""mentionsName"":false},{""id"":""001-0016345245"",""office"":""연합뉴스"",""publishedAt"":""2026-09-30T06:26:00+09:00"",""title"":""HD현대중 노사, 임단협 잠정합의…기본급 12만원 인상"",""url"":""https://n.news.naver.com/mnews/article/001/0016345245"",""duplicateOf"":null,""mentionsName"":false},{""id"":""374-0000535481"",""office"":""SBS Biz"",""publishedAt"":""2026-09-30T07:24:00+09:00"",""title"":""HD현대중 노사, 임단협 잠정합의…기본급 12만원 인상"",""url"":""https://n.news.naver.com/mnews/article/374/0000535481"",""duplicateOf"":""001-0016345245"",""mentionsName"":false}]",19,1,,,,,,,
collection-ec1de5f3523f35cf,collection,2026-09-30,2026-09-29T22:27:33Z,,,"{""contextFile"":""reports/atlas11/context/2026-09-30/2026-09-29T22-27-33Z.json""}",context_news,2026-09-30,새 기사,,,,,false,352820,하이브,,,https://m.stock.naver.com/api/news/stock/352820?pageSize=20&page=1,d035ac1921604df8c40946a14e55765911f44f22c88aa29cc0d7926752832e04,"[{""id"":""366-0001192088"",""office"":""조선비즈"",""publishedAt"":""2026-09-14T06:02:00+09:00"",""title"":""[비즈톡톡] 코르티스 낙점한 오너 4세 윤인호…129년 동화약품의 글로..."",""url"":""https://n.news.naver.com/mnews/article/366/0001192088"",""duplicateOf"":null,""mentionsName"":false},{""id"":""366-0001192095"",""office"":""조선비즈"",""publishedAt"":""2026-09-14T06:03:00+09:00"",""title"":""BTS노믹스에서 ‘K팝 2.0′까지…하이브를 키운 세 가지 전략"",""url"":""https://n.news.naver.com/mnews/article/366/0001192095"",""duplicateOf"":null,""mentionsName"":true},{""id"":""468-0001266307"",""office"":""스포츠서울"",""publishedAt"":""2026-09-15T08:38:00+09:00"",""title"":""‘아리랑’ 베끼더니 이젠 CD까지…中테무, BTS ‘SWIM’ 불법 판매"",""url"":""https://n.news.naver.com/mnews/article/468/0001266307"",""duplicateOf"":null,""mentionsName"":false},{""id"":""658-0000155666"",""office"":""국제신문"",""publishedAt"":""2026-09-15T19:03:00+09:00"",""title"":""관광 랜드마크가 된 공연장…인프라 확보 서둘러야"",""url"":""https://n.news.naver.com/mnews/article/658/0000155666"",""duplicateOf"":null,""mentionsName"":false},{""id"":""016-0002698097"",""office"":""헤럴드경제"",""publishedAt"":""2026-09-16T11:18:00+09:00"",""title"":""해외 IPO도 중복상장 규제 사정권…엑시트 지도 다시 그린다"",""url"":""https://n.news.naver.com/mnews/article/016/0002698097"",""duplicateOf"":null,""mentionsName"":false},{""id"":""011-0004663066"",""office"":""서울경제"",""publishedAt"":""2026-09-17T18:35:00+09:00"",""title"":""한성숙·신동빈·조원태 등 한미 정재계 “경제·기술로 동맹 확대하..."",""url"":""https://n.news.naver.com/mnews/article/011/0004663066"",""duplicateOf"":null,""mentionsName"":false},{""id"":""011-0004663242"",""office"":""서울경제"",""publishedAt"":""2026-09-18T09:44:00+09:00"",""title"":""한성숙·삼성 등 정재계, ‘K팝 응원봉’ 들고 “해피버스데이 아메리..."",""url"":""https://n.news.naver.com/mnews/article/011/0004663242"",""duplicateOf"":null,""mentionsName"":false},{""id"":""008-0005415991"",""office"":""머니투데이"",""publishedAt"":""2026-09-18T18:30:00+09:00"",""title"":""하이브·LB인베 등 6개사, 벤처기업협회 임원사 합류"",""url"":""https://n.news.naver.com/mnews/article/008/0005415991"",""duplicateOf"":null,""mentionsName"":true},{""id"":""009-0005737687"",""office"":""매일경제"",""publishedAt"":""2026-09-19T22:00:00+09:00"",""title"":""‘BTS 키운’ 하이브, 벤처기업협회 부회장사 합류…“산업 간 협력 강..."",""url"":""https://n.news.naver.com/mnews/article/009/0005737687"",""duplicateOf"":null,""mentionsName"":true},{""id"":""008-0005417081"",""office"":""머니투데이"",""publishedAt"":""2026-09-22T09:00:00+09:00"",""title"":""&quot;하이브, 산업 디레이팅 반영해 목표가 하향&quot;-SK"",""url"":""https://n.news.naver.com/mnews/article/008/0005417081"",""duplicateOf"":null,""mentionsName"":true},{""id"":""024-0000108398"",""office"":""매경이코노미"",""publishedAt"":""2026-09-22T10:46:00+09:00"",""title"":""하이브, 최대 실적 전망에도 목표가 뚝...“BTS 의존 낮춰야” [오늘,..."",""url"":""https://n.news.naver.com/mnews/article/024/0000108398"",""duplicateOf"":null,""mentionsName"":true},{""id"":""081-0003682759"",""office"":""서울신문"",""publishedAt"":""2026-09-22T15:41:00+09:00"",""title"":""[서울데이터랩]마감 직후 인기 검색 종목 20選"",""url"":""https://n.news.naver.com/mnews/article/081/0003682759"",""duplicateOf"":null,""mentionsName"":false},{""id"":""015-0005335662"",""office"":""한국경제"",""publishedAt"":""2026-09-23T15:30:00+09:00"",""title"":""&quot;김범수 징역 15년&quot; 구형에 '긴장'…카카오 '사법 리스크' 지속"",""url"":""https://n.news.naver.com/mnews/article/015/0005335662"",""duplicateOf"":null,""mentionsName"":false},{""id"":""031-0001061074"",""office"":""아이뉴스24"",""publishedAt"":""2026-09-23T16:28:00+09:00"",""title"":""항소심서도 '징역 15년 구형' 김범수 &quot;불법 지시한 적 없어&quot; 호소⋯11..."",""url"":""https://n.news.naver.com/mnews/article/031/0001061074"",""duplicateOf"":null,""mentionsName"":false},{""id"":""022-0004161648"",""office"":""세계일보"",""publishedAt"":""2026-09-24T23:35:00+09:00"",""title"":""BTS 월드투어 ‘아리랑’ 3분기 세계 투어 매출 1위"",""url"":""https://n.news.naver.com/mnews/article/022/0004161648"",""duplicateOf"":null,""mentionsName"":false},{""id"":""011-0004665511"",""office"":""서울경제"",""publishedAt"":""2026-09-26T19:31:00+09:00"",""title"":""무죄 vs 징역 15년...‘SM 시세조종 혐의’ 카카오 김범수 2심 11월 선..."",""url"":""https://n.news.naver.com/mnews/article/011/0004665511"",""duplicateOf"":null,""mentionsName"":false},{""id"":""023-0004000530"",""office"":""조선일보"",""publishedAt"":""2026-09-27T11:25:00+09:00"",""title"":""하이브 -48.9%, JYP -41.4%... 죽쑤는 엔터주 중 최악 이유"",""url"":""https://n.news.naver.com/mnews/article/023/0004000530"",""duplicateOf"":null,""mentionsName"":true},{""id"":""016-0002702184"",""office"":""헤럴드경제"",""publishedAt"":""2026-09-27T14:41:00+09:00"",""title"":""‘할머니까지 열광할 정도’ 이 정도로 난리인데, 엔터주는 대체 왜 ..."",""url"":""https://n.news.naver.com/mnews/article/016/0002702184"",""duplicateOf"":null,""mentionsName"":false},{""id"":""003-0014216380"",""office"":""뉴시스"",""publishedAt"":""2026-09-28T05:00:00+09:00"",""title"":""AI가 해체한 음악의 영토…그래도 '인간의 서사'는 남는다"",""url"":""https://n.news.naver.com/mnews/article/003/0014216380"",""duplicateOf"":null,""mentionsName"":false},{""id"":""015-0005337357"",""office"":""한국경제"",""publishedAt"":""2026-09-29T20:01:00+09:00"",""title"":""&quot;가수는 절대 안 돼&quot; 정유경 회장, 딸 애니 뮤비 '여기' 띄웠다"",""url"":""https://n.news.naver.com/mnews/article/015/0005337357"",""duplicateOf"":null,""mentionsName"":false}]",20,0,,,,,,,
collection-ea36d23b6d1c427d,collection,2026-09-30,2026-09-29T22:27:33Z,,,"{""contextFile"":""reports/atlas11/context/2026-09-30/2026-09-29T22-27-33Z.json""}",context_news,2026-09-30,새 기사,,,,,false,373220,LG에너지솔루션,,,https://m.stock.naver.com/api/news/stock/373220?pageSize=20&page=1,ac176da8d72813b87751dd410b0a838a90bf18fbaf28dc282f181794e8c5174f,"[{""id"":""009-0005741398"",""office"":""매일경제"",""publishedAt"":""2026-09-29T16:01:00+09:00"",""title"":""코스피, 미 국채금리 급등에 2거래일 연속 하락…외국인 2.9조 ‘팔자..."",""url"":""https://n.news.naver.com/mnews/article/009/0005741398"",""duplicateOf"":null,""mentionsName"":false},{""id"":""008-0005419754"",""office"":""머니투데이"",""publishedAt"":""2026-09-29T16:02:00+09:00"",""title"":""코스피 6870.81 하락 마감… 美 금리상승 '찬물'"",""url"":""https://n.news.naver.com/mnews/article/008/0005419754"",""duplicateOf"":null,""mentionsName"":false},{""id"":""277-0005822292"",""office"":""아시아경제"",""publishedAt"":""2026-09-29T16:07:00+09:00"",""title"":""외국인 2.9조 '팔자'…코스피, 6870선 약보합 마감"",""url"":""https://n.news.naver.com/mnews/article/277/0005822292"",""duplicateOf"":null,""mentionsName"":false},{""id"":""629-0000537772"",""office"":""더팩트"",""publishedAt"":""2026-09-29T16:10:00+09:00"",""title"":""코스피, 유가·국채금리 급등에 하락 마감…6800선 사수"",""url"":""https://n.news.naver.com/mnews/article/629/0000537772"",""duplicateOf"":null,""mentionsName"":false},{""id"":""421-0009198576"",""office"":""뉴스1"",""publishedAt"":""2026-09-29T16:12:00+09:00"",""title"":""美금리 악재에 코스피 이틀째 6800선…삼전닉스 보합 선방[시황종합]"",""url"":""https://n.news.naver.com/mnews/article/421/0009198576"",""duplicateOf"":null,""mentionsName"":false},{""id"":""014-0005582403"",""office"":""파이낸셜뉴스"",""publishedAt"":""2026-09-29T16:13:00+09:00"",""title"":""코스피, 외인 '팔자'에 이틀 연속 하락…6870선 후퇴[fn마감시황]"",""url"":""https://n.news.naver.com/mnews/article/014/0005582403"",""duplicateOf"":null,""mentionsName"":false},{""id"":""011-0004666459"",""office"":""서울경제"",""publishedAt"":""2026-09-29T16:19:00+09:00"",""title"":""코스피, 이틀 연속 하락세…삼성전자, 배당락 딛고 상승 마감 [마켓시..."",""url"":""https://n.news.naver.com/mnews/article/011/0004666459"",""duplicateOf"":null,""mentionsName"":false},{""id"":""016-0002703274"",""office"":""헤럴드경제"",""publishedAt"":""2026-09-29T16:27:00+09:00"",""title"":""외국인 3조 ‘매도 폭탄’에 또 코스피 ‘털썩’…‘9천피’ 가 안 믿..."",""url"":""https://n.news.naver.com/mnews/article/016/0002703274"",""duplicateOf"":null,""mentionsName"":false},{""id"":""020-0003751403"",""office"":""동아일보"",""publishedAt"":""2026-09-29T16:30:00+09:00"",""title"":""LG전자, AIDC 냉각 시장 공략 본격화…사전 제작 ‘모듈형 솔루션’ 첫..."",""url"":""https://n.news.naver.com/mnews/article/020/0003751403"",""duplicateOf"":null,""mentionsName"":false},{""id"":""138-0002243033"",""office"":""디지털데일리"",""publishedAt"":""2026-09-29T16:30:00+09:00"",""title"":""판 커진 ESS 3차전…K배터리, 국산 공급망 경쟁 격화 [배터리레이다]"",""url"":""https://n.news.naver.com/mnews/article/138/0002243033"",""duplicateOf"":null,""mentionsName"":false},{""id"":""374-0000535394"",""office"":""SBS Biz"",""publishedAt"":""2026-09-29T16:40:00+09:00"",""title"":""[증시 인사이트] 美국채수익률 부담에 눌린 코스피…힘빠진 삼전·닉..."",""url"":""https://n.news.naver.com/mnews/article/374/0000535394"",""duplicateOf"":null,""mentionsName"":false},{""id"":""138-0002243038"",""office"":""디지털데일리"",""publishedAt"":""2026-09-29T16:56:00+09:00"",""title"":""코스피, 외인 2.9조 ‘팔자’에 6870선 약보합…삼성전자 0.9%↑"",""url"":""https://n.news.naver.com/mnews/article/138/0002243038"",""duplicateOf"":null,""mentionsName"":false},{""id"":""092-0002439161"",""office"":""지디넷코리아"",""publishedAt"":""2026-09-29T17:07:00+09:00"",""title"":""[유미's 픽] '원 LG' 견제 들어가나…팀 삼성, 美 헬릭스 1.4조 투자로..."",""url"":""https://n.news.naver.com/mnews/article/092/0002439161"",""duplicateOf"":null,""mentionsName"":false},{""id"":""008-0005419849"",""office"":""머니투데이"",""publishedAt"":""2026-09-29T17:11:00+09:00"",""title"":""연이틀 '금리찬물'…6800 갇힌 코스피, 시선은 美 물가지표로"",""url"":""https://n.news.naver.com/mnews/article/008/0005419849"",""duplicateOf"":null,""mentionsName"":false},{""id"":""029-0003050523"",""office"":""디지털타임스"",""publishedAt"":""2026-09-29T17:12:00+09:00"",""title"":""차별화된 제조 역량과 AI 인프라… ‘에너지 플랫폼’ 기업 도약하는..."",""url"":""https://n.news.naver.com/mnews/article/029/0003050523"",""duplicateOf"":null,""mentionsName"":false},{""id"":""448-0000642098"",""office"":""TV조선"",""publishedAt"":""2026-09-29T17:20:00+09:00"",""title"":""美 국채 금리 급등에 코스피 이틀째 하락…6,870선 마감"",""url"":""https://n.news.naver.com/mnews/article/448/0000642098"",""duplicateOf"":null,""mentionsName"":false},{""id"":""009-0005741562"",""office"":""매일경제"",""publishedAt"":""2026-09-29T17:41:00+09:00"",""title"":""LG엔솔·LS전선·가온전선 … AI 인프라 뛰어드는 K기업"",""url"":""https://n.news.naver.com/mnews/article/009/0005741562"",""duplicateOf"":null,""mentionsName"":false},{""id"":""018-0006377225"",""office"":""이데일리"",""publishedAt"":""2026-09-29T18:26:00+09:00"",""title"":""일회성 효과 걷히는 배터리 3사…3분기 ‘ESS 수익화’ 시험대"",""url"":""https://n.news.naver.com/mnews/article/018/0006377225"",""duplicateOf"":null,""mentionsName"":false},{""id"":""648-0000051174"",""office"":""비즈워치"",""publishedAt"":""2026-09-30T06:50:00+09:00"",""title"":""美전력 인프라서 활로 찾는 삼성SDI…전동화 둔화 뛰어넘을까"",""url"":""https://n.news.naver.com/mnews/article/648/0000051174"",""duplicateOf"":null,""mentionsName"":false},{""id"":""008-0005420016"",""office"":""머니투데이"",""publishedAt"":""2026-09-30T07:00:00+09:00"",""title"":""[알림] 李대통령 &quot;AI와 에너지 결합&quot;, 1년만에 현실로…2027년은?"",""url"":""https://n.news.naver.com/mnews/article/008/0005420016"",""duplicateOf"":null,""mentionsName"":false}]",20,0,,,,,,,
collection-3dee95bd28f4b6dc,collection,2026-09-30,2026-09-29T22:27:33Z,,,"{""contextFile"":""reports/atlas11/context/2026-09-30/2026-09-29T22-27-33Z.json""}",context_disclosures,2026-09-30,기업행위 공시,,,,,false,000720,현대건설,,,https://m.stock.naver.com/api/stock/000720/disclosure?pageSize=20&page=1,535ea4b0ec1bbd5e02e1799f5adf1fc752e595bd0723a311445312323d5d0bcf,"[{""id"":""108163105"",""title"":""현대건설(주) 기업설명회(IR) 개최(안내공시)"",""author"":""KOSCOM"",""datetimeRaw"":""2026-08-19T06:51:34"",""publishedAt"":""2026-08-19T06:51:34+09:00"",""timezoneAssumed"":""Asia/Seoul(원문에 시간대 표기 없음)"",""corporateAction"":false,""actionWord"":null},{""id"":""108161896"",""title"":""현대건설(주) 기업설명회(IR) 개최(안내공시)"",""author"":""KOSCOM"",""datetimeRaw"":""2026-08-19T06:51:34"",""publishedAt"":""2026-08-19T06:51:34+09:00"",""timezoneAssumed"":""Asia/Seoul(원문에 시간대 표기 없음)"",""corporateAction"":false,""actionWord"":null},{""id"":""110794615"",""title"":""현대건설(주) 회사합병 결정(종속회사의 주요경영사항)"",""author"":""KOSCOM"",""datetimeRaw"":""2026-08-21T06:50:53"",""publishedAt"":""2026-08-21T06:50:53+09:00"",""timezoneAssumed"":""Asia/Seoul(원문에 시간대 표기 없음)"",""corporateAction"":true,""actionWord"":""합병""},{""id"":""112086027"",""title"":""현대건설(주) 기업설명회(IR) 개최(안내공시)"",""author"":""KOSCOM"",""datetimeRaw"":""2026-08-24T06:51:18"",""publishedAt"":""2026-08-24T06:51:18+09:00"",""timezoneAssumed"":""Asia/Seoul(원문에 시간대 표기 없음)"",""corporateAction"":false,""actionWord"":null},{""id"":""112106702"",""title"":""현대건설(주) 풍문 또는 보도에 대한 해명(미확정)"",""author"":""KOSCOM"",""datetimeRaw"":""2026-08-24T06:51:31"",""publishedAt"":""2026-08-24T06:51:31+09:00"",""timezoneAssumed"":""Asia/Seoul(원문에 시간대 표기 없음)"",""corporateAction"":false,""actionWord"":null},{""id"":""112642435"",""title"":""현대건설(주) 주식선물ㆍ주식옵션 2단계 가격제한폭 확대요건 도달(상승)"",""author"":""KOSCOM"",""datetimeRaw"":""2026-08-25T06:50:17"",""publishedAt"":""2026-08-25T06:50:17+09:00"",""timezoneAssumed"":""Asia/Seoul(원문에 시간대 표기 없음)"",""corporateAction"":false,""actionWord"":null},{""id"":""113930441"",""title"":""현대건설(주) 기타 경영사항(자율공시)"",""author"":""KOSCOM"",""datetimeRaw"":""2026-08-26T06:51:54"",""publishedAt"":""2026-08-26T06:51:54+09:00"",""timezoneAssumed"":""Asia/Seoul(원문에 시간대 표기 없음)"",""corporateAction"":false,""actionWord"":null},{""id"":""118508069"",""title"":""현대건설(주) (정정)단일판매ㆍ공급계약체결"",""author"":""KOSCOM"",""datetimeRaw"":""2026-08-31T06:51:25"",""publishedAt"":""2026-08-31T06:51:25+09:00"",""timezoneAssumed"":""Asia/Seoul(원문에 시간대 표기 없음)"",""corporateAction"":false,""actionWord"":null},{""id"":""118607144"",""title"":""현대건설(주) 기업설명회(IR) 개최(안내공시)"",""author"":""KOSCOM"",""datetimeRaw"":""2026-08-31T06:52:49"",""publishedAt"":""2026-08-31T06:52:49+09:00"",""timezoneAssumed"":""Asia/Seoul(원문에 시간대 표기 없음)"",""corporateAction"":false,""actionWord"":null},{""id"":""118608525"",""title"":""현대건설(주) 기업설명회(IR) 개최(안내공시)"",""author"":""KOSCOM"",""datetimeRaw"":""2026-08-31T06:52:50"",""publishedAt"":""2026-08-31T06:52:50+09:00"",""timezoneAssumed"":""Asia/Seoul(원문에 시간대 표기 없음)"",""corporateAction"":false,""actionWord"":null},{""id"":""118607834"",""title"":""현대건설(주) 기업설명회(IR) 개최(안내공시)"",""author"":""KOSCOM"",""datetimeRaw"":""2026-08-31T06:52:50"",""publishedAt"":""2026-08-31T06:52:50+09:00"",""timezoneAssumed"":""Asia/Seoul(원문에 시간대 표기 없음)"",""corporateAction"":false,""actionWord"":null},{""id"":""123450866"",""title"":""현대건설(주) 중대재해 발생"",""author"":""KOSCOM"",""datetimeRaw"":""2026-09-04T06:50:02"",""publishedAt"":""2026-09-04T06:50:02+09:00"",""timezoneAssumed"":""Asia/Seoul(원문에 시간대 표기 없음)"",""corporateAction"":false,""actionWord"":null},{""id"":""125558600"",""title"":""현대건설(주) 기업설명회(IR) 개최(안내공시)"",""author"":""KOSCOM"",""datetimeRaw"":""2026-09-08T06:51:01"",""publishedAt"":""2026-09-08T06:51:01+09:00"",""timezoneAssumed"":""Asia/Seoul(원문에 시간대 표기 없음)"",""corporateAction"":false,""actionWord"":null},{""id"":""125560096"",""title"":""현대건설(주) 기업설명회(IR) 개최(안내공시)"",""author"":""KOSCOM"",""datetimeRaw"":""2026-09-08T06:51:04"",""publishedAt"":""2026-09-08T06:51:04+09:00"",""timezoneAssumed"":""Asia/Seoul(원문에 시간대 표기 없음)"",""corporateAction"":false,""actionWord"":null},{""id"":""126442684"",""title"":""현대건설(주) (정정)단일판매ㆍ공급계약체결"",""author"":""KOSCOM"",""datetimeRaw"":""2026-09-09T06:50:43"",""publishedAt"":""2026-09-09T06:50:43+09:00"",""timezoneAssumed"":""Asia/Seoul(원문에 시간대 표기 없음)"",""corporateAction"":false,""actionWord"":null},{""id"":""129543252"",""title"":""현대건설(주) 타인에대한채무보증결정"",""author"":""KOSCOM"",""datetimeRaw"":""2026-09-11T06:50:42"",""publishedAt"":""2026-09-11T06:50:42+09:00"",""timezoneAssumed"":""Asia/Seoul(원문에 시간대 표기 없음)"",""corporateAction"":false,""actionWord"":null},{""id"":""130589791"",""title"":""현대건설(주) (정정)단일판매ㆍ공급계약체결"",""author"":""KOSCOM"",""datetimeRaw"":""2026-09-14T06:50:28"",""publishedAt"":""2026-09-14T06:50:28+09:00"",""timezoneAssumed"":""Asia/Seoul(원문에 시간대 표기 없음)"",""corporateAction"":false,""actionWord"":null},{""id"":""130641197"",""title"":""현대건설(주) (정정)단일판매ㆍ공급계약체결"",""author"":""KOSCOM"",""datetimeRaw"":""2026-09-14T06:50:47"",""publishedAt"":""2026-09-14T06:50:47+09:00"",""timezoneAssumed"":""Asia/Seoul(원문에 시간대 표기 없음)"",""corporateAction"":false,""actionWord"":null},{""id"":""138201871"",""title"":""현대건설(주) 단일판매ㆍ공급계약체결"",""author"":""KOSCOM"",""datetimeRaw"":""2026-09-23T08:26:15"",""publishedAt"":""2026-09-23T08:26:15+09:00"",""timezoneAssumed"":""Asia/Seoul(원문에 시간대 표기 없음)"",""corporateAction"":false,""actionWord"":null},{""id"":""138215514"",""title"":""현대건설(주) 기업설명회(IR) 개최(안내공시)"",""author"":""KOSCOM"",""datetimeRaw"":""2026-09-23T08:46:55"",""publishedAt"":""2026-09-23T08:46:55+09:00"",""timezoneAssumed"":""Asia/Seoul(원문에 시간대 표기 없음)"",""corporateAction"":false,""actionWord"":null}]",,,1,,,,,,
collection-18d0add6dfcdbd26,collection,2026-09-30,2026-09-29T22:27:33Z,,,"{""contextFile"":""reports/atlas11/context/2026-09-30/2026-09-29T22-27-33Z.json""}",context_disclosures,2026-09-30,기업행위 공시,,,,,false,000810,삼성화재,,,https://m.stock.naver.com/api/stock/000810/disclosure?pageSize=20&page=1,46d1f478fe6de54cc73b8bcccee8b3a8cebd7aa2a4ae4bc20b8774c812736dc6,"[{""id"":""1617173"",""title"":""삼성화재해상보험(주) (정정)타법인주식및출자증권처분결정(자율공시)"",""author"":""KOSCOM"",""datetimeRaw"":""2026-03-20T06:50:28"",""publishedAt"":""2026-03-20T06:50:28+09:00"",""timezoneAssumed"":""Asia/Seoul(원문에 시간대 표기 없음)"",""corporateAction"":false,""actionWord"":null},{""id"":""1617427"",""title"":""삼성화재해상보험(주) 정기주주총회결과"",""author"":""KOSCOM"",""datetimeRaw"":""2026-03-20T06:53:28"",""publishedAt"":""2026-03-20T06:53:28+09:00"",""timezoneAssumed"":""Asia/Seoul(원문에 시간대 표기 없음)"",""corporateAction"":false,""actionWord"":null},{""id"":""1617542"",""title"":""삼성화재해상보험(주) 주식 소각 결정"",""author"":""KOSCOM"",""datetimeRaw"":""2026-03-20T06:54:55"",""publishedAt"":""2026-03-20T06:54:55+09:00"",""timezoneAssumed"":""Asia/Seoul(원문에 시간대 표기 없음)"",""corporateAction"":true,""actionWord"":""소각""},{""id"":""1617563"",""title"":""삼성화재해상보험(주) 기업가치 제고 계획(자율공시)"",""author"":""KOSCOM"",""datetimeRaw"":""2026-03-20T06:55:09"",""publishedAt"":""2026-03-20T06:55:09+09:00"",""timezoneAssumed"":""Asia/Seoul(원문에 시간대 표기 없음)"",""corporateAction"":false,""actionWord"":null},{""id"":""1620019"",""title"":""삼성화재해상보험(주) 배당락 기준가격 안내"",""author"":""KOSCOM"",""datetimeRaw"":""2026-03-25T06:52:03"",""publishedAt"":""2026-03-25T06:52:03+09:00"",""timezoneAssumed"":""Asia/Seoul(원문에 시간대 표기 없음)"",""corporateAction"":true,""actionWord"":""배당락""},{""id"":""1620018"",""title"":""삼성화재해상보험(주) 배당락 기준가격 안내(삼성화재우)"",""author"":""KOSCOM"",""datetimeRaw"":""2026-03-25T06:52:03"",""publishedAt"":""2026-03-25T06:52:03+09:00"",""timezoneAssumed"":""Asia/Seoul(원문에 시간대 표기 없음)"",""corporateAction"":true,""actionWord"":""배당락""},{""id"":""1630235"",""title"":""삼성화재해상보험(주) 변경상장(주식소각)"",""author"":""KOSCOM"",""datetimeRaw"":""2026-04-14T06:52:09"",""publishedAt"":""2026-04-14T06:52:09+09:00"",""timezoneAssumed"":""Asia/Seoul(원문에 시간대 표기 없음)"",""corporateAction"":true,""actionWord"":""소각""},{""id"":""1630609"",""title"":""삼성화재해상보험(주) (정정)타법인주식및출자증권취득결정"",""author"":""KOSCOM"",""datetimeRaw"":""2026-04-15T06:51:13"",""publishedAt"":""2026-04-15T06:51:13+09:00"",""timezoneAssumed"":""Asia/Seoul(원문에 시간대 표기 없음)"",""corporateAction"":false,""actionWord"":null},{""id"":""1637540"",""title"":""삼성화재해상보험(주) 기업설명회(IR) 개최(안내공시)"",""author"":""KOSCOM"",""datetimeRaw"":""2026-05-04T06:51:08"",""publishedAt"":""2026-05-04T06:51:08+09:00"",""timezoneAssumed"":""Asia/Seoul(원문에 시간대 표기 없음)"",""corporateAction"":false,""actionWord"":null},{""id"":""1641086"",""title"":""삼성화재해상보험(주) 연결재무제표기준영업(잠정)실적(공정공시)"",""author"":""KOSCOM"",""datetimeRaw"":""2026-05-14T06:50:01"",""publishedAt"":""2026-05-14T06:50:01+09:00"",""timezoneAssumed"":""Asia/Seoul(원문에 시간대 표기 없음)"",""corporateAction"":false,""actionWord"":null},{""id"":""14714637"",""title"":""삼성화재해상보험(주) 주식선물ㆍ주식옵션 2단계 가격제한폭 확대요건 도달(상승)"",""author"":""KOSCOM"",""datetimeRaw"":""2026-06-01T06:50:36"",""publishedAt"":""2026-06-01T06:50:36+09:00"",""timezoneAssumed"":""Asia/Seoul(원문에 시간대 표기 없음)"",""corporateAction"":false,""actionWord"":null},{""id"":""18407424"",""title"":""삼성화재해상보험(주) 주식선물ㆍ주식옵션 2단계 가격제한폭 확대요건 도달(상승)"",""author"":""KOSCOM"",""datetimeRaw"":""2026-06-04T06:50:23"",""publishedAt"":""2026-06-04T06:50:23+09:00"",""timezoneAssumed"":""Asia/Seoul(원문에 시간대 표기 없음)"",""corporateAction"":false,""actionWord"":null},{""id"":""19199893"",""title"":""삼성화재해상보험(주) [투자주의]소수계좌 거래집중 종목"",""author"":""KOSCOM"",""datetimeRaw"":""2026-06-04T06:54:02"",""publishedAt"":""2026-06-04T06:54:02+09:00"",""timezoneAssumed"":""Asia/Seoul(원문에 시간대 표기 없음)"",""corporateAction"":false,""actionWord"":null},{""id"":""20779729"",""title"":""삼성화재해상보험(주) [투자주의]소수계좌 거래집중 종목"",""author"":""KOSCOM"",""datetimeRaw"":""2026-06-05T06:53:09"",""publishedAt"":""2026-06-05T06:53:09+09:00"",""timezoneAssumed"":""Asia/Seoul(원문에 시간대 표기 없음)"",""corporateAction"":false,""actionWord"":null},{""id"":""49580982"",""title"":""삼성화재해상보험(주) 지속가능경영보고서 등 관련사항(자율공시)"",""author"":""KOSCOM"",""datetimeRaw"":""2026-06-30T06:52:00"",""publishedAt"":""2026-06-30T06:52:00+09:00"",""timezoneAssumed"":""Asia/Seoul(원문에 시간대 표기 없음)"",""corporateAction"":false,""actionWord"":null},{""id"":""62180280"",""title"":""삼성화재해상보험(주) 주식선물ㆍ주식옵션 2단계 가격제한폭 확대요건 도달(하락)"",""author"":""KOSCOM"",""datetimeRaw"":""2026-07-09T06:50:17"",""publishedAt"":""2026-07-09T06:50:17+09:00"",""timezoneAssumed"":""Asia/Seoul(원문에 시간대 표기 없음)"",""corporateAction"":false,""actionWord"":null},{""id"":""72842471"",""title"":""삼성화재해상보험(주) 주식선물ㆍ주식옵션 2단계 가격제한폭 확대요건 도달(하락)"",""author"":""KOSCOM"",""datetimeRaw"":""2026-07-20T06:50:25"",""publishedAt"":""2026-07-20T06:50:25+09:00"",""timezoneAssumed"":""Asia/Seoul(원문에 시간대 표기 없음)"",""corporateAction"":false,""actionWord"":null},{""id"":""88603813"",""title"":""삼성화재해상보험(주) 기업설명회(IR) 개최(안내공시)"",""author"":""KOSCOM"",""datetimeRaw"":""2026-07-31T06:52:53"",""publishedAt"":""2026-07-31T06:52:53+09:00"",""timezoneAssumed"":""Asia/Seoul(원문에 시간대 표기 없음)"",""corporateAction"":false,""actionWord"":null},{""id"":""102608925"",""title"":""삼성화재해상보험(주) 연결재무제표기준영업(잠정)실적(공정공시)"",""author"":""KOSCOM"",""datetimeRaw"":""2026-08-13T06:50:02"",""publishedAt"":""2026-08-13T06:50:02+09:00"",""timezoneAssumed"":""Asia/Seoul(원문에 시간대 표기 없음)"",""corporateAction"":false,""actionWord"":null},{""id"":""121874763"",""title"":""삼성화재해상보험(주) 풍문 또는 보도에 대한 해명(미확정)"",""author"":""KOSCOM"",""datetimeRaw"":""2026-09-03T06:50:14"",""publishedAt"":""2026-09-03T06:50:14+09:00"",""timezoneAssumed"":""Asia/Seoul(원문에 시간대 표기 없음)"",""corporateAction"":false,""actionWord"":null}]",,,4,,,,,,
collection-ba0a6ecf8adfebf1,collection,2026-09-30,2026-09-29T22:27:33Z,,,"{""contextFile"":""reports/atlas11/context/2026-09-30/2026-09-29T22-27-33Z.json""}",context_disclosures,2026-09-30,기업행위 공시,,,,,false,002380,KCC,,,https://m.stock.naver.com/api/stock/002380/disclosure?pageSize=20&page=1,3d74a359c40fa77791abb565d114702b2dc34b62f0efda747363268cc008a063,"[{""id"":""18737295"",""title"":""(주)케이씨씨 정보보호 현황(자율공시)"",""author"":""KOSCOM"",""datetimeRaw"":""2026-06-04T06:50:47"",""publishedAt"":""2026-06-04T06:50:47+09:00"",""timezoneAssumed"":""Asia/Seoul(원문에 시간대 표기 없음)"",""corporateAction"":false,""actionWord"":null},{""id"":""21337444"",""title"":""(주)케이씨씨 주식선물 2단계 가격제한폭 확대요건 도달(하락)"",""author"":""KOSCOM"",""datetimeRaw"":""2026-06-08T06:51:04"",""publishedAt"":""2026-06-08T06:51:04+09:00"",""timezoneAssumed"":""Asia/Seoul(원문에 시간대 표기 없음)"",""corporateAction"":false,""actionWord"":null},{""id"":""30353275"",""title"":""(주)케이씨씨 주식선물 2단계 가격제한폭 확대요건 도달(상승)"",""author"":""KOSCOM"",""datetimeRaw"":""2026-06-15T06:50:28"",""publishedAt"":""2026-06-15T06:50:28+09:00"",""timezoneAssumed"":""Asia/Seoul(원문에 시간대 표기 없음)"",""corporateAction"":false,""actionWord"":null},{""id"":""31851790"",""title"":""(주)케이씨씨 기타 경영사항(자율공시)(배당기준일 안내)"",""author"":""KOSCOM"",""datetimeRaw"":""2026-06-16T06:51:20"",""publishedAt"":""2026-06-16T06:51:20+09:00"",""timezoneAssumed"":""Asia/Seoul(원문에 시간대 표기 없음)"",""corporateAction"":false,""actionWord"":null},{""id"":""43080960"",""title"":""(주)케이씨씨 주식선물 2단계 가격제한폭 확대요건 도달(상승)"",""author"":""KOSCOM"",""datetimeRaw"":""2026-06-25T06:50:33"",""publishedAt"":""2026-06-25T06:50:33+09:00"",""timezoneAssumed"":""Asia/Seoul(원문에 시간대 표기 없음)"",""corporateAction"":false,""actionWord"":null},{""id"":""45832540"",""title"":""(주)케이씨씨 주식선물 2단계 가격제한폭 확대요건 도달(하락)"",""author"":""KOSCOM"",""datetimeRaw"":""2026-06-26T06:51:20"",""publishedAt"":""2026-06-26T06:51:20+09:00"",""timezoneAssumed"":""Asia/Seoul(원문에 시간대 표기 없음)"",""corporateAction"":false,""actionWord"":null},{""id"":""47974274"",""title"":""(주)케이씨씨 지속가능경영보고서 등 관련사항(자율공시)"",""author"":""KOSCOM"",""datetimeRaw"":""2026-06-29T06:51:39"",""publishedAt"":""2026-06-29T06:51:39+09:00"",""timezoneAssumed"":""Asia/Seoul(원문에 시간대 표기 없음)"",""corporateAction"":false,""actionWord"":null},{""id"":""69989820"",""title"":""(주)케이씨씨 현금ㆍ현물배당을 위한 주주명부폐쇄(기준일) 결정"",""author"":""KOSCOM"",""datetimeRaw"":""2026-07-16T15:22:00"",""publishedAt"":""2026-07-16T15:22:00+09:00"",""timezoneAssumed"":""Asia/Seoul(원문에 시간대 표기 없음)"",""corporateAction"":false,""actionWord"":null},{""id"":""70006171"",""title"":""(주)케이씨씨 현금ㆍ현물 배당 결정"",""author"":""KOSCOM"",""datetimeRaw"":""2026-07-16T15:32:53"",""publishedAt"":""2026-07-16T15:32:53+09:00"",""timezoneAssumed"":""Asia/Seoul(원문에 시간대 표기 없음)"",""corporateAction"":false,""actionWord"":null},{""id"":""70058206"",""title"":""(주)케이씨씨 공정거래 자율준수프로그램 운영현황(안내공시)"",""author"":""KOSCOM"",""datetimeRaw"":""2026-07-16T16:06:15"",""publishedAt"":""2026-07-16T16:06:15+09:00"",""timezoneAssumed"":""Asia/Seoul(원문에 시간대 표기 없음)"",""corporateAction"":false,""actionWord"":null},{""id"":""82307282"",""title"":""(주)케이씨씨 주식선물 2단계 가격제한폭 확대요건 도달(하락)"",""author"":""KOSCOM"",""datetimeRaw"":""2026-07-29T06:51:16"",""publishedAt"":""2026-07-29T06:51:16+09:00"",""timezoneAssumed"":""Asia/Seoul(원문에 시간대 표기 없음)"",""corporateAction"":false,""actionWord"":null},{""id"":""82458598"",""title"":""(주)케이씨씨 전환가액ㆍ신주인수권행사가액ㆍ교환가액의 조정(안내공시)"",""author"":""KOSCOM"",""datetimeRaw"":""2026-07-29T06:51:59"",""publishedAt"":""2026-07-29T06:51:59+09:00"",""timezoneAssumed"":""Asia/Seoul(원문에 시간대 표기 없음)"",""corporateAction"":true,""actionWord"":""신주인수권""},{""id"":""82517106"",""title"":""(주)케이씨씨 중간(분기)배당락 기준가격 안내"",""author"":""KOSCOM"",""datetimeRaw"":""2026-07-29T06:52:38"",""publishedAt"":""2026-07-29T06:52:38+09:00"",""timezoneAssumed"":""Asia/Seoul(원문에 시간대 표기 없음)"",""corporateAction"":true,""actionWord"":""배당락""},{""id"":""87744317"",""title"":""(주)케이씨씨 주식선물 2단계 가격제한폭 확대요건 도달(상승)"",""author"":""KOSCOM"",""datetimeRaw"":""2026-07-31T06:50:52"",""publishedAt"":""2026-07-31T06:50:52+09:00"",""timezoneAssumed"":""Asia/Seoul(원문에 시간대 표기 없음)"",""corporateAction"":false,""actionWord"":null},{""id"":""93040077"",""title"":""(주)케이씨씨 연결재무제표기준영업(잠정)실적(공정공시)"",""author"":""KOSCOM"",""datetimeRaw"":""2026-08-05T06:50:54"",""publishedAt"":""2026-08-05T06:50:54+09:00"",""timezoneAssumed"":""Asia/Seoul(원문에 시간대 표기 없음)"",""corporateAction"":false,""actionWord"":null},{""id"":""93043792"",""title"":""(주)케이씨씨 주식선물 2단계 가격제한폭 확대요건 도달(상승)"",""author"":""KOSCOM"",""datetimeRaw"":""2026-08-05T06:50:55"",""publishedAt"":""2026-08-05T06:50:55+09:00"",""timezoneAssumed"":""Asia/Seoul(원문에 시간대 표기 없음)"",""corporateAction"":false,""actionWord"":null},{""id"":""96024230"",""title"":""(주)케이씨씨 [투자주의]소수계좌 거래집중 종목"",""author"":""KOSCOM"",""datetimeRaw"":""2026-08-06T06:52:55"",""publishedAt"":""2026-08-06T06:52:55+09:00"",""timezoneAssumed"":""Asia/Seoul(원문에 시간대 표기 없음)"",""corporateAction"":false,""actionWord"":null},{""id"":""107547288"",""title"":""(주)케이씨씨 기업설명회(IR) 개최(안내공시)"",""author"":""KOSCOM"",""datetimeRaw"":""2026-08-18T06:50:23"",""publishedAt"":""2026-08-18T06:50:23+09:00"",""timezoneAssumed"":""Asia/Seoul(원문에 시간대 표기 없음)"",""corporateAction"":false,""actionWord"":null},{""id"":""108968264"",""title"":""(주)케이씨씨 주식선물 2단계 가격제한폭 확대요건 도달(상승)"",""author"":""KOSCOM"",""datetimeRaw"":""2026-08-20T06:50:20"",""publishedAt"":""2026-08-20T06:50:20+09:00"",""timezoneAssumed"":""Asia/Seoul(원문에 시간대 표기 없음)"",""corporateAction"":false,""actionWord"":null},{""id"":""108957499"",""title"":""(주)케이씨씨 기업가치 제고 계획(자율공시)(2026년)"",""author"":""KOSCOM"",""datetimeRaw"":""2026-08-20T06:50:20"",""publishedAt"":""2026-08-20T06:50:20+09:00"",""timezoneAssumed"":""Asia/Seoul(원문에 시간대 표기 없음)"",""corporateAction"":false,""actionWord"":null}]",,,2,,,,,,
collection-7863c2bd6dede64d,collection,2026-09-30,2026-09-29T22:27:33Z,,,"{""contextFile"":""reports/atlas11/context/2026-09-30/2026-09-29T22-27-33Z.json""}",context_disclosures,2026-09-30,기업행위 공시,,,,,false,003230,삼양식품,,,https://m.stock.naver.com/api/stock/003230/disclosure?pageSize=20&page=1,e90e9c3c599a73ab2822cc209c8459e5bc8bc33d16c1af6e8b3a7e4dc5c148fa,"[{""id"":""1591911"",""title"":""삼양식품(주) 매출액또는손익구조30%(대규모법인은15%)이상변경"",""author"":""KOSCOM"",""datetimeRaw"":""2026-01-29T06:52:24"",""publishedAt"":""2026-01-29T06:52:24+09:00"",""timezoneAssumed"":""Asia/Seoul(원문에 시간대 표기 없음)"",""corporateAction"":false,""actionWord"":null},{""id"":""1596915"",""title"":""삼양식품(주) 현금ㆍ현물 배당 결정"",""author"":""KOSCOM"",""datetimeRaw"":""2026-02-10T06:52:04"",""publishedAt"":""2026-02-10T06:52:04+09:00"",""timezoneAssumed"":""Asia/Seoul(원문에 시간대 표기 없음)"",""corporateAction"":false,""actionWord"":null},{""id"":""1596917"",""title"":""삼양식품(주) 현금ㆍ현물배당을 위한 주주명부폐쇄(기준일) 결정"",""author"":""KOSCOM"",""datetimeRaw"":""2026-02-10T06:52:05"",""publishedAt"":""2026-02-10T06:52:05+09:00"",""timezoneAssumed"":""Asia/Seoul(원문에 시간대 표기 없음)"",""corporateAction"":false,""actionWord"":null},{""id"":""1596930"",""title"":""삼양식품(주) 주주총회소집결의"",""author"":""KOSCOM"",""datetimeRaw"":""2026-02-10T06:52:11"",""publishedAt"":""2026-02-10T06:52:11+09:00"",""timezoneAssumed"":""Asia/Seoul(원문에 시간대 표기 없음)"",""corporateAction"":false,""actionWord"":null},{""id"":""1601025"",""title"":""삼양식품(주) 주식선물 2단계 가격제한폭 확대요건 도달(상승)"",""author"":""KOSCOM"",""datetimeRaw"":""2026-02-23T06:50:26"",""publishedAt"":""2026-02-23T06:50:26+09:00"",""timezoneAssumed"":""Asia/Seoul(원문에 시간대 표기 없음)"",""corporateAction"":false,""actionWord"":null},{""id"":""1606194"",""title"":""삼양식품(주) 주식선물 2단계 가격제한폭 확대요건 도달(하락)"",""author"":""KOSCOM"",""datetimeRaw"":""2026-03-04T06:51:51"",""publishedAt"":""2026-03-04T06:51:51+09:00"",""timezoneAssumed"":""Asia/Seoul(원문에 시간대 표기 없음)"",""corporateAction"":false,""actionWord"":null},{""id"":""1610397"",""title"":""삼양식품(주) 주식선물 2단계 가격제한폭 확대요건 도달(상승)"",""author"":""KOSCOM"",""datetimeRaw"":""2026-03-11T06:50:24"",""publishedAt"":""2026-03-11T06:50:24+09:00"",""timezoneAssumed"":""Asia/Seoul(원문에 시간대 표기 없음)"",""corporateAction"":false,""actionWord"":null},{""id"":""1615513"",""title"":""삼양식품(주) 감사보고서 제출"",""author"":""KOSCOM"",""datetimeRaw"":""2026-03-18T06:53:36"",""publishedAt"":""2026-03-18T06:53:36+09:00"",""timezoneAssumed"":""Asia/Seoul(원문에 시간대 표기 없음)"",""corporateAction"":false,""actionWord"":null},{""id"":""1621393"",""title"":""삼양식품(주) 정기주주총회결과"",""author"":""KOSCOM"",""datetimeRaw"":""2026-03-26T07:04:14"",""publishedAt"":""2026-03-26T07:04:14+09:00"",""timezoneAssumed"":""Asia/Seoul(원문에 시간대 표기 없음)"",""corporateAction"":false,""actionWord"":null},{""id"":""1621476"",""title"":""삼양식품(주) 기업가치 제고 계획(자율공시)((2025년 이행현황))"",""author"":""KOSCOM"",""datetimeRaw"":""2026-03-26T07:05:23"",""publishedAt"":""2026-03-26T07:05:23+09:00"",""timezoneAssumed"":""Asia/Seoul(원문에 시간대 표기 없음)"",""corporateAction"":false,""actionWord"":null},{""id"":""1639116"",""title"":""삼양식품(주) 주식선물 2단계 가격제한폭 확대요건 도달(상승)"",""author"":""KOSCOM"",""datetimeRaw"":""2026-05-08T06:50:44"",""publishedAt"":""2026-05-08T06:50:44+09:00"",""timezoneAssumed"":""Asia/Seoul(원문에 시간대 표기 없음)"",""corporateAction"":false,""actionWord"":null},{""id"":""1641154"",""title"":""삼양식품(주) 주식선물 2단계 가격제한폭 확대요건 도달(상승)"",""author"":""KOSCOM"",""datetimeRaw"":""2026-05-14T06:50:19"",""publishedAt"":""2026-05-14T06:50:19+09:00"",""timezoneAssumed"":""Asia/Seoul(원문에 시간대 표기 없음)"",""corporateAction"":false,""actionWord"":null},{""id"":""1642056"",""title"":""삼양식품(주) 기업설명회(IR) 개최(안내공시)"",""author"":""KOSCOM"",""datetimeRaw"":""2026-05-15T06:52:50"",""publishedAt"":""2026-05-15T06:52:50+09:00"",""timezoneAssumed"":""Asia/Seoul(원문에 시간대 표기 없음)"",""corporateAction"":false,""actionWord"":null},{""id"":""59386969"",""title"":""삼양식품(주) 주식선물 2단계 가격제한폭 확대요건 도달(상승)"",""author"":""KOSCOM"",""datetimeRaw"":""2026-07-07T06:50:26"",""publishedAt"":""2026-07-07T06:50:26+09:00"",""timezoneAssumed"":""Asia/Seoul(원문에 시간대 표기 없음)"",""corporateAction"":false,""actionWord"":null},{""id"":""80017312"",""title"":""삼양식품(주) 주식선물 2단계 가격제한폭 확대요건 도달(상승)"",""author"":""KOSCOM"",""datetimeRaw"":""2026-07-27T06:50:34"",""publishedAt"":""2026-07-27T06:50:34+09:00"",""timezoneAssumed"":""Asia/Seoul(원문에 시간대 표기 없음)"",""corporateAction"":false,""actionWord"":null},{""id"":""82097010"",""title"":""삼양식품(주) 주식선물 2단계 가격제한폭 확대요건 도달(상승)"",""author"":""KOSCOM"",""datetimeRaw"":""2026-07-29T06:50:42"",""publishedAt"":""2026-07-29T06:50:42+09:00"",""timezoneAssumed"":""Asia/Seoul(원문에 시간대 표기 없음)"",""corporateAction"":false,""actionWord"":null},{""id"":""101274035"",""title"":""삼양식품(주) 현금ㆍ현물 배당 결정"",""author"":""KOSCOM"",""datetimeRaw"":""2026-08-12T06:51:39"",""publishedAt"":""2026-08-12T06:51:39+09:00"",""timezoneAssumed"":""Asia/Seoul(원문에 시간대 표기 없음)"",""corporateAction"":false,""actionWord"":null},{""id"":""101276172"",""title"":""삼양식품(주) 현금ㆍ현물배당을 위한 주주명부폐쇄(기준일) 결정"",""author"":""KOSCOM"",""datetimeRaw"":""2026-08-12T06:51:41"",""publishedAt"":""2026-08-12T06:51:41+09:00"",""timezoneAssumed"":""Asia/Seoul(원문에 시간대 표기 없음)"",""corporateAction"":false,""actionWord"":null},{""id"":""107564909"",""title"":""삼양식품(주) 기업설명회(IR) 개최(안내공시)"",""author"":""KOSCOM"",""datetimeRaw"":""2026-08-18T06:51:02"",""publishedAt"":""2026-08-18T06:51:02+09:00"",""timezoneAssumed"":""Asia/Seoul(원문에 시간대 표기 없음)"",""corporateAction"":false,""actionWord"":null},{""id"":""112814913"",""title"":""삼양식품(주) 중간(분기)배당락 기준가격 안내"",""author"":""KOSCOM"",""datetimeRaw"":""2026-08-25T06:50:49"",""publishedAt"":""2026-08-25T06:50:49+09:00"",""timezoneAssumed"":""Asia/Seoul(원문에 시간대 표기 없음)"",""corporateAction"":true,""actionWord"":""배당락""}]",,,1,,,,,,
collection-ed7a4c7c6a05020d,collection,2026-09-30,2026-09-29T22:27:33Z,,,"{""contextFile"":""reports/atlas11/context/2026-09-30/2026-09-29T22-27-33Z.json""}",context_disclosures,2026-09-30,기업행위 공시,,,,,false,003490,대한항공,,,https://m.stock.naver.com/api/stock/003490/disclosure?pageSize=20&page=1,89335ad0c0838f6f985e44f841705e2dbf5197494e7f1eb9a0ac7b6e4a9fc915,"[{""id"":""23946142"",""title"":""(주)대한항공 기업설명회(IR) 개최(안내공시)"",""author"":""KOSCOM"",""datetimeRaw"":""2026-06-10T06:50:31"",""publishedAt"":""2026-06-10T06:50:31+09:00"",""timezoneAssumed"":""Asia/Seoul(원문에 시간대 표기 없음)"",""corporateAction"":false,""actionWord"":null},{""id"":""30352510"",""title"":""(주)대한항공 주식선물 2단계 가격제한폭 확대요건 도달(상승)"",""author"":""KOSCOM"",""datetimeRaw"":""2026-06-15T06:50:27"",""publishedAt"":""2026-06-15T06:50:27+09:00"",""timezoneAssumed"":""Asia/Seoul(원문에 시간대 표기 없음)"",""corporateAction"":false,""actionWord"":null},{""id"":""45360615"",""title"":""(주)대한항공 (정정)회사합병 결정"",""author"":""KOSCOM"",""datetimeRaw"":""2026-06-26T06:50:13"",""publishedAt"":""2026-06-26T06:50:13+09:00"",""timezoneAssumed"":""Asia/Seoul(원문에 시간대 표기 없음)"",""corporateAction"":true,""actionWord"":""합병""},{""id"":""45367947"",""title"":""(주)대한항공 (정정)회사합병 결정(종속회사의 주요경영사항)"",""author"":""KOSCOM"",""datetimeRaw"":""2026-06-26T06:50:22"",""publishedAt"":""2026-06-26T06:50:22+09:00"",""timezoneAssumed"":""Asia/Seoul(원문에 시간대 표기 없음)"",""corporateAction"":true,""actionWord"":""합병""},{""id"":""62690279"",""title"":""(주)대한항공 지속가능경영보고서 등 관련사항(자율공시)"",""author"":""KOSCOM"",""datetimeRaw"":""2026-07-09T06:51:59"",""publishedAt"":""2026-07-09T06:51:59+09:00"",""timezoneAssumed"":""Asia/Seoul(원문에 시간대 표기 없음)"",""corporateAction"":false,""actionWord"":null},{""id"":""65922866"",""title"":""(주)대한항공 영업(잠정)실적(공정공시)"",""author"":""KOSCOM"",""datetimeRaw"":""2026-07-13T06:51:12"",""publishedAt"":""2026-07-13T06:51:12+09:00"",""timezoneAssumed"":""Asia/Seoul(원문에 시간대 표기 없음)"",""corporateAction"":false,""actionWord"":null},{""id"":""65924271"",""title"":""(주)대한항공 기업설명회(IR) 개최(안내공시)"",""author"":""KOSCOM"",""datetimeRaw"":""2026-07-13T06:51:13"",""publishedAt"":""2026-07-13T06:51:13+09:00"",""timezoneAssumed"":""Asia/Seoul(원문에 시간대 표기 없음)"",""corporateAction"":false,""actionWord"":null},{""id"":""65924976"",""title"":""(주)대한항공 기업설명회(IR) 개최(안내공시)"",""author"":""KOSCOM"",""datetimeRaw"":""2026-07-13T06:51:14"",""publishedAt"":""2026-07-13T06:51:14+09:00"",""timezoneAssumed"":""Asia/Seoul(원문에 시간대 표기 없음)"",""corporateAction"":false,""actionWord"":null},{""id"":""66541767"",""title"":""(주)대한항공 (정정)회사합병 결정(종속회사의 주요경영사항)"",""author"":""KOSCOM"",""datetimeRaw"":""2026-07-14T06:50:01"",""publishedAt"":""2026-07-14T06:50:01+09:00"",""timezoneAssumed"":""Asia/Seoul(원문에 시간대 표기 없음)"",""corporateAction"":true,""actionWord"":""합병""},{""id"":""79143990"",""title"":""(주)대한항공 (정정)중대재해 발생(종속회사의 주요경영사항)"",""author"":""KOSCOM"",""datetimeRaw"":""2026-07-24T06:53:41"",""publishedAt"":""2026-07-24T06:53:41+09:00"",""timezoneAssumed"":""Asia/Seoul(원문에 시간대 표기 없음)"",""corporateAction"":false,""actionWord"":null},{""id"":""85303661"",""title"":""(주)대한항공 (정정)타법인주식및출자증권취득결정"",""author"":""KOSCOM"",""datetimeRaw"":""2026-07-30T06:52:15"",""publishedAt"":""2026-07-30T06:52:15+09:00"",""timezoneAssumed"":""Asia/Seoul(원문에 시간대 표기 없음)"",""corporateAction"":false,""actionWord"":null},{""id"":""101166675"",""title"":""(주)대한항공 기타 경영사항(자율공시)"",""author"":""KOSCOM"",""datetimeRaw"":""2026-08-12T06:50:59"",""publishedAt"":""2026-08-12T06:50:59+09:00"",""timezoneAssumed"":""Asia/Seoul(원문에 시간대 표기 없음)"",""corporateAction"":false,""actionWord"":null},{""id"":""101281561"",""title"":""(주)대한항공 주식 소각 결정"",""author"":""KOSCOM"",""datetimeRaw"":""2026-08-12T06:51:46"",""publishedAt"":""2026-08-12T06:51:46+09:00"",""timezoneAssumed"":""Asia/Seoul(원문에 시간대 표기 없음)"",""corporateAction"":true,""actionWord"":""소각""},{""id"":""110964348"",""title"":""(주)대한항공 기타 경영사항(자율공시)"",""author"":""KOSCOM"",""datetimeRaw"":""2026-08-21T06:52:06"",""publishedAt"":""2026-08-21T06:52:06+09:00"",""timezoneAssumed"":""Asia/Seoul(원문에 시간대 표기 없음)"",""corporateAction"":false,""actionWord"":null},{""id"":""111076270"",""title"":""(주)대한항공 소송등의판결ㆍ결정(자율공시:일정금액미만의청구)"",""author"":""KOSCOM"",""datetimeRaw"":""2026-08-21T06:53:05"",""publishedAt"":""2026-08-21T06:53:05+09:00"",""timezoneAssumed"":""Asia/Seoul(원문에 시간대 표기 없음)"",""corporateAction"":false,""actionWord"":null},{""id"":""117462238"",""title"":""(주)대한항공 (정정)타법인주식및출자증권취득결정"",""author"":""KOSCOM"",""datetimeRaw"":""2026-08-28T06:52:27"",""publishedAt"":""2026-08-28T06:52:27+09:00"",""timezoneAssumed"":""Asia/Seoul(원문에 시간대 표기 없음)"",""corporateAction"":false,""actionWord"":null},{""id"":""122463332"",""title"":""(주)대한항공 소송등의제기ㆍ신청(자율공시:일정금액미만의청구)"",""author"":""KOSCOM"",""datetimeRaw"":""2026-09-03T06:52:34"",""publishedAt"":""2026-09-03T06:52:34+09:00"",""timezoneAssumed"":""Asia/Seoul(원문에 시간대 표기 없음)"",""corporateAction"":false,""actionWord"":null},{""id"":""128039254"",""title"":""(주)대한항공 변경상장(주식소각)"",""author"":""KOSCOM"",""datetimeRaw"":""2026-09-10T06:51:25"",""publishedAt"":""2026-09-10T06:51:25+09:00"",""timezoneAssumed"":""Asia/Seoul(원문에 시간대 표기 없음)"",""corporateAction"":true,""actionWord"":""소각""},{""id"":""142267865"",""title"":""(주)대한항공 (정정)타법인주식및출자증권취득결정"",""author"":""KOSCOM"",""datetimeRaw"":""2026-09-29T06:51:32"",""publishedAt"":""2026-09-29T06:51:32+09:00"",""timezoneAssumed"":""Asia/Seoul(원문에 시간대 표기 없음)"",""corporateAction"":false,""actionWord"":null},{""id"":""142270319"",""title"":""(주)대한항공 (정정)소송등의제기ㆍ신청(자율공시:일정금액미만의청구)"",""author"":""KOSCOM"",""datetimeRaw"":""2026-09-29T06:51:33"",""publishedAt"":""2026-09-29T06:51:33+09:00"",""timezoneAssumed"":""Asia/Seoul(원문에 시간대 표기 없음)"",""corporateAction"":false,""actionWord"":null}]",,,5,,,,,,
collection-7adc10fcf69dd64d,collection,2026-09-30,2026-09-29T22:27:33Z,,,"{""contextFile"":""reports/atlas11/context/2026-09-30/2026-09-29T22-27-33Z.json""}",context_disclosures,2026-09-30,새 공시,,,,,false,004170,신세계,,,https://m.stock.naver.com/api/stock/004170/disclosure?pageSize=20&page=1,0cacb96cbf7ac209c76d024749cda73a703cd9058fcb639c93eb66164f81a1e6,"[{""id"":""64084084"",""title"":""(주)신세계 주식선물 2단계 가격제한폭 확대요건 도달(상승)"",""author"":""KOSCOM"",""datetimeRaw"":""2026-07-10T06:50:37"",""publishedAt"":""2026-07-10T06:50:37+09:00"",""timezoneAssumed"":""Asia/Seoul(원문에 시간대 표기 없음)"",""corporateAction"":false,""actionWord"":null},{""id"":""68065510"",""title"":""(주)신세계 주식선물 2단계 가격제한폭 확대요건 도달(상승)"",""author"":""KOSCOM"",""datetimeRaw"":""2026-07-15T06:50:49"",""publishedAt"":""2026-07-15T06:50:49+09:00"",""timezoneAssumed"":""Asia/Seoul(원문에 시간대 표기 없음)"",""corporateAction"":false,""actionWord"":null},{""id"":""72853455"",""title"":""(주)신세계 주식선물 2단계 가격제한폭 확대요건 도달(하락)"",""author"":""KOSCOM"",""datetimeRaw"":""2026-07-20T06:50:33"",""publishedAt"":""2026-07-20T06:50:33+09:00"",""timezoneAssumed"":""Asia/Seoul(원문에 시간대 표기 없음)"",""corporateAction"":false,""actionWord"":null},{""id"":""73501246"",""title"":""(주)신세계 지속가능경영보고서 등 관련사항(자율공시)"",""author"":""KOSCOM"",""datetimeRaw"":""2026-07-21T06:50:50"",""publishedAt"":""2026-07-21T06:50:50+09:00"",""timezoneAssumed"":""Asia/Seoul(원문에 시간대 표기 없음)"",""corporateAction"":false,""actionWord"":null},{""id"":""80859345"",""title"":""(주)신세계 주식선물 2단계 가격제한폭 확대요건 도달(하락)"",""author"":""KOSCOM"",""datetimeRaw"":""2026-07-28T06:50:45"",""publishedAt"":""2026-07-28T06:50:45+09:00"",""timezoneAssumed"":""Asia/Seoul(원문에 시간대 표기 없음)"",""corporateAction"":false,""actionWord"":null},{""id"":""84786380"",""title"":""(주)신세계 주식선물 2단계 가격제한폭 확대요건 도달(하락)"",""author"":""KOSCOM"",""datetimeRaw"":""2026-07-30T06:51:04"",""publishedAt"":""2026-07-30T06:51:04+09:00"",""timezoneAssumed"":""Asia/Seoul(원문에 시간대 표기 없음)"",""corporateAction"":false,""actionWord"":null},{""id"":""87612456"",""title"":""(주)신세계 주식선물 2단계 가격제한폭 확대요건 도달(상승)"",""author"":""KOSCOM"",""datetimeRaw"":""2026-07-31T06:50:37"",""publishedAt"":""2026-07-31T06:50:37+09:00"",""timezoneAssumed"":""Asia/Seoul(원문에 시간대 표기 없음)"",""corporateAction"":false,""actionWord"":null},{""id"":""91666415"",""title"":""(주)신세계 결산실적공시 예고(안내공시)"",""author"":""KOSCOM"",""datetimeRaw"":""2026-08-04T06:52:12"",""publishedAt"":""2026-08-04T06:52:12+09:00"",""timezoneAssumed"":""Asia/Seoul(원문에 시간대 표기 없음)"",""corporateAction"":false,""actionWord"":null},{""id"":""99969011"",""title"":""(주)신세계 현금ㆍ현물배당을 위한 주주명부폐쇄(기준일) 결정"",""author"":""KOSCOM"",""datetimeRaw"":""2026-08-11T06:50:31"",""publishedAt"":""2026-08-11T06:50:31+09:00"",""timezoneAssumed"":""Asia/Seoul(원문에 시간대 표기 없음)"",""corporateAction"":false,""actionWord"":null},{""id"":""99970407"",""title"":""(주)신세계 현금ㆍ현물 배당 결정"",""author"":""KOSCOM"",""datetimeRaw"":""2026-08-11T06:50:32"",""publishedAt"":""2026-08-11T06:50:32+09:00"",""timezoneAssumed"":""Asia/Seoul(원문에 시간대 표기 없음)"",""corporateAction"":false,""actionWord"":null},{""id"":""99978843"",""title"":""(주)신세계 연결재무제표기준영업(잠정)실적(공정공시)"",""author"":""KOSCOM"",""datetimeRaw"":""2026-08-11T06:50:34"",""publishedAt"":""2026-08-11T06:50:34+09:00"",""timezoneAssumed"":""Asia/Seoul(원문에 시간대 표기 없음)"",""corporateAction"":false,""actionWord"":null},{""id"":""99979315"",""title"":""(주)신세계 영업(잠정)실적(공정공시)"",""author"":""KOSCOM"",""datetimeRaw"":""2026-08-11T06:50:35"",""publishedAt"":""2026-08-11T06:50:35+09:00"",""timezoneAssumed"":""Asia/Seoul(원문에 시간대 표기 없음)"",""corporateAction"":false,""actionWord"":null},{""id"":""100066438"",""title"":""(주)신세계 기업설명회(IR) 개최(안내공시)"",""author"":""KOSCOM"",""datetimeRaw"":""2026-08-11T06:52:20"",""publishedAt"":""2026-08-11T06:52:20+09:00"",""timezoneAssumed"":""Asia/Seoul(원문에 시간대 표기 없음)"",""corporateAction"":false,""actionWord"":null},{""id"":""101232417"",""title"":""(주)신세계 주식선물 2단계 가격제한폭 확대요건 도달(하락)"",""author"":""KOSCOM"",""datetimeRaw"":""2026-08-12T06:51:16"",""publishedAt"":""2026-08-12T06:51:16+09:00"",""timezoneAssumed"":""Asia/Seoul(원문에 시간대 표기 없음)"",""corporateAction"":false,""actionWord"":null},{""id"":""110891472"",""title"":""(주)신세계 기업설명회(IR) 개최(안내공시)"",""author"":""KOSCOM"",""datetimeRaw"":""2026-08-21T06:51:22"",""publishedAt"":""2026-08-21T06:51:22+09:00"",""timezoneAssumed"":""Asia/Seoul(원문에 시간대 표기 없음)"",""corporateAction"":false,""actionWord"":null},{""id"":""113856417"",""title"":""(주)신세계 주식선물 2단계 가격제한폭 확대요건 도달(상승)"",""author"":""KOSCOM"",""datetimeRaw"":""2026-08-26T06:50:54"",""publishedAt"":""2026-08-26T06:50:54+09:00"",""timezoneAssumed"":""Asia/Seoul(원문에 시간대 표기 없음)"",""corporateAction"":false,""actionWord"":null},{""id"":""113895597"",""title"":""(주)신세계 기업설명회(IR) 개최(안내공시)"",""author"":""KOSCOM"",""datetimeRaw"":""2026-08-26T06:51:14"",""publishedAt"":""2026-08-26T06:51:14+09:00"",""timezoneAssumed"":""Asia/Seoul(원문에 시간대 표기 없음)"",""corporateAction"":false,""actionWord"":null},{""id"":""120402574"",""title"":""(주)신세계 주식선물 2단계 가격제한폭 확대요건 도달(하락)"",""author"":""KOSCOM"",""datetimeRaw"":""2026-09-02T06:50:20"",""publishedAt"":""2026-09-02T06:50:20+09:00"",""timezoneAssumed"":""Asia/Seoul(원문에 시간대 표기 없음)"",""corporateAction"":false,""actionWord"":null},{""id"":""126534744"",""title"":""(주)신세계 영업(잠정)실적(공정공시)"",""author"":""KOSCOM"",""datetimeRaw"":""2026-09-09T06:51:15"",""publishedAt"":""2026-09-09T06:51:15+09:00"",""timezoneAssumed"":""Asia/Seoul(원문에 시간대 표기 없음)"",""corporateAction"":false,""actionWord"":null},{""id"":""135839421"",""title"":""(주)신세계 기업설명회(IR) 개최(안내공시)"",""author"":""KOSCOM"",""datetimeRaw"":""2026-09-18T06:51:39"",""publishedAt"":""2026-09-18T06:51:39+09:00"",""timezoneAssumed"":""Asia/Seoul(원문에 시간대 표기 없음)"",""corporateAction"":false,""actionWord"":null}]",,,0,,,,,,
collection-98b8e2ec5fa5cd00,collection,2026-09-30,2026-09-29T22:27:33Z,,,"{""contextFile"":""reports/atlas11/context/2026-09-30/2026-09-29T22-27-33Z.json""}",context_disclosures,2026-09-30,기업행위 공시,,,,,false,005380,현대차,,,https://m.stock.naver.com/api/stock/005380/disclosure?pageSize=20&page=1,07e1096ba94bfbabcf00e8048a4493cb55e848833b6b04f32a41a622e381ba8b,"[{""id"":""76766151"",""title"":""현대자동차(주) 자기주식 처분 결정"",""author"":""KOSCOM"",""datetimeRaw"":""2026-07-23T06:52:48"",""publishedAt"":""2026-07-23T06:52:48+09:00"",""timezoneAssumed"":""Asia/Seoul(원문에 시간대 표기 없음)"",""corporateAction"":true,""actionWord"":""자기주식""},{""id"":""76798800"",""title"":""현대자동차(주) 공정거래 자율준수프로그램 운영현황(안내공시)"",""author"":""KOSCOM"",""datetimeRaw"":""2026-07-23T06:53:03"",""publishedAt"":""2026-07-23T06:53:03+09:00"",""timezoneAssumed"":""Asia/Seoul(원문에 시간대 표기 없음)"",""corporateAction"":false,""actionWord"":null},{""id"":""78962652"",""title"":""현대자동차(주) 생산중단"",""author"":""KOSCOM"",""datetimeRaw"":""2026-07-24T06:52:23"",""publishedAt"":""2026-07-24T06:52:23+09:00"",""timezoneAssumed"":""Asia/Seoul(원문에 시간대 표기 없음)"",""corporateAction"":false,""actionWord"":null},{""id"":""81004946"",""title"":""현대자동차(주) 주식선물ㆍ주식옵션 2단계 가격제한폭 확대요건 도달(하락)"",""author"":""KOSCOM"",""datetimeRaw"":""2026-07-28T06:51:28"",""publishedAt"":""2026-07-28T06:51:28+09:00"",""timezoneAssumed"":""Asia/Seoul(원문에 시간대 표기 없음)"",""corporateAction"":false,""actionWord"":null},{""id"":""82554518"",""title"":""현대자동차(주) 풍문 또는 보도에 대한 해명(미확정)"",""author"":""KOSCOM"",""datetimeRaw"":""2026-07-29T06:53:03"",""publishedAt"":""2026-07-29T06:53:03+09:00"",""timezoneAssumed"":""Asia/Seoul(원문에 시간대 표기 없음)"",""corporateAction"":false,""actionWord"":null},{""id"":""87650167"",""title"":""현대자동차(주) 주식선물ㆍ주식옵션 2단계 가격제한폭 확대요건 도달(상승)"",""author"":""KOSCOM"",""datetimeRaw"":""2026-07-31T06:50:42"",""publishedAt"":""2026-07-31T06:50:42+09:00"",""timezoneAssumed"":""Asia/Seoul(원문에 시간대 표기 없음)"",""corporateAction"":false,""actionWord"":null},{""id"":""88598795"",""title"":""현대자동차(주) 풍문 또는 보도에 대한 해명(미확정)"",""author"":""KOSCOM"",""datetimeRaw"":""2026-07-31T06:52:50"",""publishedAt"":""2026-07-31T06:52:50+09:00"",""timezoneAssumed"":""Asia/Seoul(원문에 시간대 표기 없음)"",""corporateAction"":false,""actionWord"":null},{""id"":""90578032"",""title"":""현대자동차(주) 영업(잠정)실적(공정공시)"",""author"":""KOSCOM"",""datetimeRaw"":""2026-08-03T06:52:25"",""publishedAt"":""2026-08-03T06:52:25+09:00"",""timezoneAssumed"":""Asia/Seoul(원문에 시간대 표기 없음)"",""corporateAction"":false,""actionWord"":null},{""id"":""112146954"",""title"":""현대자동차(주) (정정)생산중단"",""author"":""KOSCOM"",""datetimeRaw"":""2026-08-24T06:52:43"",""publishedAt"":""2026-08-24T06:52:43+09:00"",""timezoneAssumed"":""Asia/Seoul(원문에 시간대 표기 없음)"",""corporateAction"":false,""actionWord"":null},{""id"":""113777085"",""title"":""현대자동차(주) 장래사업ㆍ경영 계획(공정공시)"",""author"":""KOSCOM"",""datetimeRaw"":""2026-08-26T06:50:35"",""publishedAt"":""2026-08-26T06:50:35+09:00"",""timezoneAssumed"":""Asia/Seoul(원문에 시간대 표기 없음)"",""corporateAction"":false,""actionWord"":null},{""id"":""113777084"",""title"":""현대자동차(주) 주식 소각 결정"",""author"":""KOSCOM"",""datetimeRaw"":""2026-08-26T06:50:35"",""publishedAt"":""2026-08-26T06:50:35+09:00"",""timezoneAssumed"":""Asia/Seoul(원문에 시간대 표기 없음)"",""corporateAction"":true,""actionWord"":""소각""},{""id"":""117153860"",""title"":""현대자동차(주) 기업설명회(IR) 개최(안내공시)"",""author"":""KOSCOM"",""datetimeRaw"":""2026-08-28T06:50:38"",""publishedAt"":""2026-08-28T06:50:38+09:00"",""timezoneAssumed"":""Asia/Seoul(원문에 시간대 표기 없음)"",""corporateAction"":false,""actionWord"":null},{""id"":""117159088"",""title"":""현대자동차(주) 기업설명회(IR) 개최(안내공시)"",""author"":""KOSCOM"",""datetimeRaw"":""2026-08-28T06:50:41"",""publishedAt"":""2026-08-28T06:50:41+09:00"",""timezoneAssumed"":""Asia/Seoul(원문에 시간대 표기 없음)"",""corporateAction"":false,""actionWord"":null},{""id"":""119423103"",""title"":""현대자동차(주) 영업(잠정)실적(공정공시)"",""author"":""KOSCOM"",""datetimeRaw"":""2026-09-01T06:51:07"",""publishedAt"":""2026-09-01T06:51:07+09:00"",""timezoneAssumed"":""Asia/Seoul(원문에 시간대 표기 없음)"",""corporateAction"":false,""actionWord"":null},{""id"":""120683609"",""title"":""현대자동차(주) 생산재개(자율공시)"",""author"":""KOSCOM"",""datetimeRaw"":""2026-09-02T06:50:49"",""publishedAt"":""2026-09-02T06:50:49+09:00"",""timezoneAssumed"":""Asia/Seoul(원문에 시간대 표기 없음)"",""corporateAction"":false,""actionWord"":null},{""id"":""120915257"",""title"":""현대자동차(주) 공매도 과열종목 지정(공매도 거래 금지 적용)"",""author"":""KOSCOM"",""datetimeRaw"":""2026-09-02T06:52:24"",""publishedAt"":""2026-09-02T06:52:24+09:00"",""timezoneAssumed"":""Asia/Seoul(원문에 시간대 표기 없음)"",""corporateAction"":false,""actionWord"":null},{""id"":""122190163"",""title"":""현대자동차(주) 기업설명회(IR) 개최(안내공시)"",""author"":""KOSCOM"",""datetimeRaw"":""2026-09-03T06:50:37"",""publishedAt"":""2026-09-03T06:50:37+09:00"",""timezoneAssumed"":""Asia/Seoul(원문에 시간대 표기 없음)"",""corporateAction"":false,""actionWord"":null},{""id"":""122192642"",""title"":""현대자동차(주) 기업설명회(IR) 개최(안내공시)"",""author"":""KOSCOM"",""datetimeRaw"":""2026-09-03T06:50:38"",""publishedAt"":""2026-09-03T06:50:38+09:00"",""timezoneAssumed"":""Asia/Seoul(원문에 시간대 표기 없음)"",""corporateAction"":false,""actionWord"":null},{""id"":""134131783"",""title"":""현대자동차(주) 변경상장(주식소각)"",""author"":""KOSCOM"",""datetimeRaw"":""2026-09-17T06:51:28"",""publishedAt"":""2026-09-17T06:51:28+09:00"",""timezoneAssumed"":""Asia/Seoul(원문에 시간대 표기 없음)"",""corporateAction"":true,""actionWord"":""소각""},{""id"":""135311404"",""title"":""현대자동차(주) 기업설명회(IR) 개최(안내공시)"",""author"":""KOSCOM"",""datetimeRaw"":""2026-09-18T06:50:11"",""publishedAt"":""2026-09-18T06:50:11+09:00"",""timezoneAssumed"":""Asia/Seoul(원문에 시간대 표기 없음)"",""corporateAction"":false,""actionWord"":null}]",,,3,,,,,,
collection-c27ed5fbadd0479e,collection,2026-09-30,2026-09-29T22:27:33Z,,,"{""contextFile"":""reports/atlas11/context/2026-09-30/2026-09-29T22-27-33Z.json""}",context_disclosures,2026-09-30,기업행위 공시,,,,,false,005490,POSCO홀딩스,,,https://m.stock.naver.com/api/stock/005490/disclosure?pageSize=20&page=1,8b9969e09f14a60060245fe47eb60c5533552944dd354d8dfb786cb121ca009b,"[{""id"":""23870250"",""title"":""포스코홀딩스(주) 중대재해 발생(자회사의 주요경영사항)"",""author"":""KOSCOM"",""datetimeRaw"":""2026-06-10T06:50:19"",""publishedAt"":""2026-06-10T06:50:19+09:00"",""timezoneAssumed"":""Asia/Seoul(원문에 시간대 표기 없음)"",""corporateAction"":false,""actionWord"":null},{""id"":""24470850"",""title"":""포스코홀딩스(주) 불성실공시법인지정예고"",""author"":""KOSCOM"",""datetimeRaw"":""2026-06-10T06:51:56"",""publishedAt"":""2026-06-10T06:51:56+09:00"",""timezoneAssumed"":""Asia/Seoul(원문에 시간대 표기 없음)"",""corporateAction"":false,""actionWord"":null},{""id"":""38951262"",""title"":""포스코홀딩스(주) 기업설명회(IR) 개최(안내공시)"",""author"":""KOSCOM"",""datetimeRaw"":""2026-06-22T06:51:11"",""publishedAt"":""2026-06-22T06:51:11+09:00"",""timezoneAssumed"":""Asia/Seoul(원문에 시간대 표기 없음)"",""corporateAction"":false,""actionWord"":null},{""id"":""41535334"",""title"":""포스코홀딩스(주) 불성실공시법인 미지정(지정유예)"",""author"":""KOSCOM"",""datetimeRaw"":""2026-06-24T06:51:45"",""publishedAt"":""2026-06-24T06:51:45+09:00"",""timezoneAssumed"":""Asia/Seoul(원문에 시간대 표기 없음)"",""corporateAction"":false,""actionWord"":null},{""id"":""46179677"",""title"":""포스코홀딩스(주) 지속가능경영보고서 등 관련사항(자율공시)"",""author"":""KOSCOM"",""datetimeRaw"":""2026-06-26T06:52:39"",""publishedAt"":""2026-06-26T06:52:39+09:00"",""timezoneAssumed"":""Asia/Seoul(원문에 시간대 표기 없음)"",""corporateAction"":false,""actionWord"":null},{""id"":""49586222"",""title"":""포스코홀딩스(주) 조회공시 요구(풍문 또는 보도)에 대한 답변(미확정)"",""author"":""KOSCOM"",""datetimeRaw"":""2026-06-30T06:52:11"",""publishedAt"":""2026-06-30T06:52:11+09:00"",""timezoneAssumed"":""Asia/Seoul(원문에 시간대 표기 없음)"",""corporateAction"":false,""actionWord"":null},{""id"":""54168456"",""title"":""포스코홀딩스(주) 장래사업ㆍ경영 계획(공정공시)"",""author"":""KOSCOM"",""datetimeRaw"":""2026-07-02T06:50:43"",""publishedAt"":""2026-07-02T06:50:43+09:00"",""timezoneAssumed"":""Asia/Seoul(원문에 시간대 표기 없음)"",""corporateAction"":false,""actionWord"":null},{""id"":""67991185"",""title"":""포스코홀딩스(주) 기업설명회(IR) 개최(안내공시)"",""author"":""KOSCOM"",""datetimeRaw"":""2026-07-15T06:50:37"",""publishedAt"":""2026-07-15T06:50:37+09:00"",""timezoneAssumed"":""Asia/Seoul(원문에 시간대 표기 없음)"",""corporateAction"":false,""actionWord"":null},{""id"":""85045533"",""title"":""포스코홀딩스(주) 연결재무제표기준영업(잠정)실적(공정공시)"",""author"":""KOSCOM"",""datetimeRaw"":""2026-07-30T06:51:29"",""publishedAt"":""2026-07-30T06:51:29+09:00"",""timezoneAssumed"":""Asia/Seoul(원문에 시간대 표기 없음)"",""corporateAction"":false,""actionWord"":null},{""id"":""85078405"",""title"":""포스코홀딩스(주) 영업(잠정)실적(공정공시)(자회사의 주요경영사항)"",""author"":""KOSCOM"",""datetimeRaw"":""2026-07-30T06:51:33"",""publishedAt"":""2026-07-30T06:51:33+09:00"",""timezoneAssumed"":""Asia/Seoul(원문에 시간대 표기 없음)"",""corporateAction"":false,""actionWord"":null},{""id"":""85365570"",""title"":""포스코홀딩스(주) 기업가치 제고 계획(자율공시)"",""author"":""KOSCOM"",""datetimeRaw"":""2026-07-30T06:52:31"",""publishedAt"":""2026-07-30T06:52:31+09:00"",""timezoneAssumed"":""Asia/Seoul(원문에 시간대 표기 없음)"",""corporateAction"":false,""actionWord"":null},{""id"":""90442859"",""title"":""포스코홀딩스(주) 공정거래 자율준수프로그램 운영현황(안내공시)"",""author"":""KOSCOM"",""datetimeRaw"":""2026-08-03T06:51:36"",""publishedAt"":""2026-08-03T06:51:36+09:00"",""timezoneAssumed"":""Asia/Seoul(원문에 시간대 표기 없음)"",""corporateAction"":false,""actionWord"":null},{""id"":""97874274"",""title"":""포스코홀딩스(주) 현금ㆍ현물배당을 위한 주주명부폐쇄(기준일) 결정"",""author"":""KOSCOM"",""datetimeRaw"":""2026-08-07T06:51:25"",""publishedAt"":""2026-08-07T06:51:25+09:00"",""timezoneAssumed"":""Asia/Seoul(원문에 시간대 표기 없음)"",""corporateAction"":false,""actionWord"":null},{""id"":""97903795"",""title"":""포스코홀딩스(주) 현금ㆍ현물 배당 결정"",""author"":""KOSCOM"",""datetimeRaw"":""2026-08-07T06:51:38"",""publishedAt"":""2026-08-07T06:51:38+09:00"",""timezoneAssumed"":""Asia/Seoul(원문에 시간대 표기 없음)"",""corporateAction"":false,""actionWord"":null},{""id"":""97923810"",""title"":""포스코홀딩스(주) 전환가액ㆍ신주인수권행사가액ㆍ교환가액의 조정(안내공시)"",""author"":""KOSCOM"",""datetimeRaw"":""2026-08-07T06:51:45"",""publishedAt"":""2026-08-07T06:51:45+09:00"",""timezoneAssumed"":""Asia/Seoul(원문에 시간대 표기 없음)"",""corporateAction"":true,""actionWord"":""신주인수권""},{""id"":""98010875"",""title"":""포스코홀딩스(주) 타법인주식및출자증권처분결정"",""author"":""KOSCOM"",""datetimeRaw"":""2026-08-07T06:52:19"",""publishedAt"":""2026-08-07T06:52:19+09:00"",""timezoneAssumed"":""Asia/Seoul(원문에 시간대 표기 없음)"",""corporateAction"":false,""actionWord"":null},{""id"":""98021312"",""title"":""포스코홀딩스(주) 타법인주식및출자증권처분결정(자율공시)"",""author"":""KOSCOM"",""datetimeRaw"":""2026-08-07T06:52:21"",""publishedAt"":""2026-08-07T06:52:21+09:00"",""timezoneAssumed"":""Asia/Seoul(원문에 시간대 표기 없음)"",""corporateAction"":false,""actionWord"":null},{""id"":""107553689"",""title"":""포스코홀딩스(주) 현금ㆍ현물 배당 결정(자회사의 주요경영사항)"",""author"":""KOSCOM"",""datetimeRaw"":""2026-08-18T06:50:33"",""publishedAt"":""2026-08-18T06:50:33+09:00"",""timezoneAssumed"":""Asia/Seoul(원문에 시간대 표기 없음)"",""corporateAction"":false,""actionWord"":null},{""id"":""109202992"",""title"":""포스코홀딩스(주) 중간(분기)배당락 기준가격 안내"",""author"":""KOSCOM"",""datetimeRaw"":""2026-08-20T06:50:46"",""publishedAt"":""2026-08-20T06:50:46+09:00"",""timezoneAssumed"":""Asia/Seoul(원문에 시간대 표기 없음)"",""corporateAction"":true,""actionWord"":""배당락""},{""id"":""136701039"",""title"":""포스코홀딩스(주) 해외증권거래소등에신고한주요공시사항의국내신고"",""author"":""KOSCOM"",""datetimeRaw"":""2026-09-21T06:50:15"",""publishedAt"":""2026-09-21T06:50:15+09:00"",""timezoneAssumed"":""Asia/Seoul(원문에 시간대 표기 없음)"",""corporateAction"":false,""actionWord"":null}]",,,2,,,,,,
collection-ea1b637fe36c7d49,collection,2026-09-30,2026-09-29T22:27:33Z,,,"{""contextFile"":""reports/atlas11/context/2026-09-30/2026-09-29T22-27-33Z.json""}",context_disclosures,2026-09-30,기업행위 공시,,,,,false,005930,삼성전자,,,https://m.stock.naver.com/api/stock/005930/disclosure?pageSize=20&page=1,15702bc0e873004372d5311eb2b4943de14cc85bf7eca7a69a2090cc1be0ce5f,"[{""id"":""59627010"",""title"":""삼성전자(주) 자기주식 처분 결정"",""author"":""KOSCOM"",""datetimeRaw"":""2026-07-07T06:51:35"",""publishedAt"":""2026-07-07T06:51:35+09:00"",""timezoneAssumed"":""Asia/Seoul(원문에 시간대 표기 없음)"",""corporateAction"":true,""actionWord"":""자기주식""},{""id"":""65817645"",""title"":""삼성전자(주) 주식선물ㆍ주식옵션 2단계 가격제한폭 확대요건 도달(하락)"",""author"":""KOSCOM"",""datetimeRaw"":""2026-07-13T06:50:38"",""publishedAt"":""2026-07-13T06:50:38+09:00"",""timezoneAssumed"":""Asia/Seoul(원문에 시간대 표기 없음)"",""corporateAction"":false,""actionWord"":null},{""id"":""65950213"",""title"":""삼성전자(주) 자기주식 처분 결정"",""author"":""KOSCOM"",""datetimeRaw"":""2026-07-13T06:51:48"",""publishedAt"":""2026-07-13T06:51:48+09:00"",""timezoneAssumed"":""Asia/Seoul(원문에 시간대 표기 없음)"",""corporateAction"":true,""actionWord"":""자기주식""},{""id"":""76747422"",""title"":""삼성전자(주) 풍문 또는 보도에 대한 해명(미확정)"",""author"":""KOSCOM"",""datetimeRaw"":""2026-07-23T06:52:43"",""publishedAt"":""2026-07-23T06:52:43+09:00"",""timezoneAssumed"":""Asia/Seoul(원문에 시간대 표기 없음)"",""corporateAction"":false,""actionWord"":null},{""id"":""80865307"",""title"":""삼성전자(주) 주식선물ㆍ주식옵션 2단계 가격제한폭 확대요건 도달(하락)"",""author"":""KOSCOM"",""datetimeRaw"":""2026-07-28T06:50:47"",""publishedAt"":""2026-07-28T06:50:47+09:00"",""timezoneAssumed"":""Asia/Seoul(원문에 시간대 표기 없음)"",""corporateAction"":false,""actionWord"":null},{""id"":""82296369"",""title"":""삼성전자(주) 주식선물ㆍ주식옵션 2단계 가격제한폭 확대요건 도달(하락)"",""author"":""KOSCOM"",""datetimeRaw"":""2026-07-29T06:51:14"",""publishedAt"":""2026-07-29T06:51:14+09:00"",""timezoneAssumed"":""Asia/Seoul(원문에 시간대 표기 없음)"",""corporateAction"":false,""actionWord"":null},{""id"":""84362375"",""title"":""삼성전자(주) 연결재무제표기준영업(잠정)실적(공정공시)"",""author"":""KOSCOM"",""datetimeRaw"":""2026-07-30T06:50:12"",""publishedAt"":""2026-07-30T06:50:12+09:00"",""timezoneAssumed"":""Asia/Seoul(원문에 시간대 표기 없음)"",""corporateAction"":false,""actionWord"":null},{""id"":""84411585"",""title"":""삼성전자(주) (정정)연결재무제표기준영업(잠정)실적(공정공시)"",""author"":""KOSCOM"",""datetimeRaw"":""2026-07-30T06:50:28"",""publishedAt"":""2026-07-30T06:50:28+09:00"",""timezoneAssumed"":""Asia/Seoul(원문에 시간대 표기 없음)"",""corporateAction"":false,""actionWord"":null},{""id"":""84453037"",""title"":""삼성전자(주) 현금ㆍ현물 배당 결정"",""author"":""KOSCOM"",""datetimeRaw"":""2026-07-30T06:50:33"",""publishedAt"":""2026-07-30T06:50:33+09:00"",""timezoneAssumed"":""Asia/Seoul(원문에 시간대 표기 없음)"",""corporateAction"":false,""actionWord"":null},{""id"":""85421348"",""title"":""삼성전자(주) 기타 경영사항(자율공시)"",""author"":""KOSCOM"",""datetimeRaw"":""2026-07-30T06:52:44"",""publishedAt"":""2026-07-30T06:52:44+09:00"",""timezoneAssumed"":""Asia/Seoul(원문에 시간대 표기 없음)"",""corporateAction"":false,""actionWord"":null},{""id"":""85426026"",""title"":""삼성전자(주) 기타 경영사항(자율공시)"",""author"":""KOSCOM"",""datetimeRaw"":""2026-07-30T06:52:45"",""publishedAt"":""2026-07-30T06:52:45+09:00"",""timezoneAssumed"":""Asia/Seoul(원문에 시간대 표기 없음)"",""corporateAction"":false,""actionWord"":null},{""id"":""87575319"",""title"":""삼성전자(주) 주식선물ㆍ주식옵션 2단계 가격제한폭 확대요건 도달(상승)"",""author"":""KOSCOM"",""datetimeRaw"":""2026-07-31T06:50:25"",""publishedAt"":""2026-07-31T06:50:25+09:00"",""timezoneAssumed"":""Asia/Seoul(원문에 시간대 표기 없음)"",""corporateAction"":false,""actionWord"":null},{""id"":""87586147"",""title"":""삼성전자(주) 주식선물ㆍ주식옵션 3단계 가격제한폭 확대요건 도달(상승)"",""author"":""KOSCOM"",""datetimeRaw"":""2026-07-31T06:50:30"",""publishedAt"":""2026-07-31T06:50:30+09:00"",""timezoneAssumed"":""Asia/Seoul(원문에 시간대 표기 없음)"",""corporateAction"":false,""actionWord"":null},{""id"":""108970757"",""title"":""삼성전자(주) 주식선물ㆍ주식옵션 2단계 가격제한폭 확대요건 도달(상승)"",""author"":""KOSCOM"",""datetimeRaw"":""2026-08-20T06:50:21"",""publishedAt"":""2026-08-20T06:50:21+09:00"",""timezoneAssumed"":""Asia/Seoul(원문에 시간대 표기 없음)"",""corporateAction"":false,""actionWord"":null},{""id"":""110965760"",""title"":""삼성전자(주) 수시공시의무관련사항(공정공시)"",""author"":""KOSCOM"",""datetimeRaw"":""2026-08-21T06:52:07"",""publishedAt"":""2026-08-21T06:52:07+09:00"",""timezoneAssumed"":""Asia/Seoul(원문에 시간대 표기 없음)"",""corporateAction"":false,""actionWord"":null},{""id"":""110979917"",""title"":""삼성전자(주) 자기주식 취득 결정"",""author"":""KOSCOM"",""datetimeRaw"":""2026-08-21T06:52:17"",""publishedAt"":""2026-08-21T06:52:17+09:00"",""timezoneAssumed"":""Asia/Seoul(원문에 시간대 표기 없음)"",""corporateAction"":true,""actionWord"":""자기주식""},{""id"":""111004140"",""title"":""삼성전자(주) 기타 경영사항(자율공시)"",""author"":""KOSCOM"",""datetimeRaw"":""2026-08-21T06:52:22"",""publishedAt"":""2026-08-21T06:52:22+09:00"",""timezoneAssumed"":""Asia/Seoul(원문에 시간대 표기 없음)"",""corporateAction"":false,""actionWord"":null},{""id"":""111951401"",""title"":""삼성전자(주) 주식선물ㆍ주식옵션 2단계 가격제한폭 확대요건 도달(하락)"",""author"":""KOSCOM"",""datetimeRaw"":""2026-08-24T06:50:24"",""publishedAt"":""2026-08-24T06:50:24+09:00"",""timezoneAssumed"":""Asia/Seoul(원문에 시간대 표기 없음)"",""corporateAction"":false,""actionWord"":null},{""id"":""141396245"",""title"":""삼성전자(주) 중간(분기)배당락 기준가격 안내(삼성전자우)"",""author"":""KOSCOM"",""datetimeRaw"":""2026-09-28T06:51:03"",""publishedAt"":""2026-09-28T06:51:03+09:00"",""timezoneAssumed"":""Asia/Seoul(원문에 시간대 표기 없음)"",""corporateAction"":true,""actionWord"":""배당락""},{""id"":""141396244"",""title"":""삼성전자(주) 중간(분기)배당락 기준가격 안내"",""author"":""KOSCOM"",""datetimeRaw"":""2026-09-28T06:51:03"",""publishedAt"":""2026-09-28T06:51:03+09:00"",""timezoneAssumed"":""Asia/Seoul(원문에 시간대 표기 없음)"",""corporateAction"":true,""actionWord"":""배당락""}]",,,5,,,,,,
collection-a1a61c770443ef3c,collection,2026-09-30,2026-09-29T22:27:33Z,,,"{""contextFile"":""reports/atlas11/context/2026-09-30/2026-09-29T22-27-33Z.json""}",context_disclosures,2026-09-30,새 공시,,,,,false,009150,삼성전기,,,https://m.stock.naver.com/api/stock/009150/disclosure?pageSize=20&page=1,72f145736df91a58ba68dcae229da2d9d40a47cb956875f3d0c13056d54fe418,"[{""id"":""74300419"",""title"":""삼성전기(주) 주식선물ㆍ주식옵션 2단계 가격제한폭 확대요건 도달(상승)"",""author"":""KOSCOM"",""datetimeRaw"":""2026-07-22T06:50:28"",""publishedAt"":""2026-07-22T06:50:28+09:00"",""timezoneAssumed"":""Asia/Seoul(원문에 시간대 표기 없음)"",""corporateAction"":false,""actionWord"":null},{""id"":""76019244"",""title"":""삼성전기(주) 단일판매ㆍ공급계약체결"",""author"":""KOSCOM"",""datetimeRaw"":""2026-07-23T06:50:18"",""publishedAt"":""2026-07-23T06:50:18+09:00"",""timezoneAssumed"":""Asia/Seoul(원문에 시간대 표기 없음)"",""corporateAction"":false,""actionWord"":null},{""id"":""80799098"",""title"":""삼성전기(주) 주식선물ㆍ주식옵션 2단계 가격제한폭 확대요건 도달(하락)"",""author"":""KOSCOM"",""datetimeRaw"":""2026-07-28T06:50:32"",""publishedAt"":""2026-07-28T06:50:32+09:00"",""timezoneAssumed"":""Asia/Seoul(원문에 시간대 표기 없음)"",""corporateAction"":false,""actionWord"":null},{""id"":""82204858"",""title"":""삼성전기(주) 주식선물ㆍ주식옵션 2단계 가격제한폭 확대요건 도달(하락)"",""author"":""KOSCOM"",""datetimeRaw"":""2026-07-29T06:51:05"",""publishedAt"":""2026-07-29T06:51:05+09:00"",""timezoneAssumed"":""Asia/Seoul(원문에 시간대 표기 없음)"",""corporateAction"":false,""actionWord"":null},{""id"":""84747764"",""title"":""삼성전기(주) 연결재무제표기준영업(잠정)실적(공정공시)"",""author"":""KOSCOM"",""datetimeRaw"":""2026-07-30T06:51:03"",""publishedAt"":""2026-07-30T06:51:03+09:00"",""timezoneAssumed"":""Asia/Seoul(원문에 시간대 표기 없음)"",""corporateAction"":false,""actionWord"":null},{""id"":""84917539"",""title"":""삼성전기(주) 주식선물ㆍ주식옵션 2단계 가격제한폭 확대요건 도달(하락)"",""author"":""KOSCOM"",""datetimeRaw"":""2026-07-30T06:51:06"",""publishedAt"":""2026-07-30T06:51:06+09:00"",""timezoneAssumed"":""Asia/Seoul(원문에 시간대 표기 없음)"",""corporateAction"":false,""actionWord"":null},{""id"":""87599251"",""title"":""삼성전기(주) 주식선물ㆍ주식옵션 2단계 가격제한폭 확대요건 도달(상승)"",""author"":""KOSCOM"",""datetimeRaw"":""2026-07-31T06:50:35"",""publishedAt"":""2026-07-31T06:50:35+09:00"",""timezoneAssumed"":""Asia/Seoul(원문에 시간대 표기 없음)"",""corporateAction"":false,""actionWord"":null},{""id"":""87612457"",""title"":""삼성전기(주) 주식선물ㆍ주식옵션 3단계 가격제한폭 확대요건 도달(상승)"",""author"":""KOSCOM"",""datetimeRaw"":""2026-07-31T06:50:38"",""publishedAt"":""2026-07-31T06:50:38+09:00"",""timezoneAssumed"":""Asia/Seoul(원문에 시간대 표기 없음)"",""corporateAction"":false,""actionWord"":null},{""id"":""90168451"",""title"":""삼성전기(주) 주식선물ㆍ주식옵션 2단계 가격제한폭 확대요건 도달(상승)"",""author"":""KOSCOM"",""datetimeRaw"":""2026-08-03T06:51:06"",""publishedAt"":""2026-08-03T06:51:06+09:00"",""timezoneAssumed"":""Asia/Seoul(원문에 시간대 표기 없음)"",""corporateAction"":false,""actionWord"":null},{""id"":""91890928"",""title"":""삼성전기(주) [투자주의]특정계좌(군) 매매관여 과다종목(삼성전기우)"",""author"":""KOSCOM"",""datetimeRaw"":""2026-08-04T06:54:12"",""publishedAt"":""2026-08-04T06:54:12+09:00"",""timezoneAssumed"":""Asia/Seoul(원문에 시간대 표기 없음)"",""corporateAction"":false,""actionWord"":null},{""id"":""92738573"",""title"":""삼성전기(주) 주식선물ㆍ주식옵션 2단계 가격제한폭 확대요건 도달(상승)"",""author"":""KOSCOM"",""datetimeRaw"":""2026-08-05T06:50:21"",""publishedAt"":""2026-08-05T06:50:21+09:00"",""timezoneAssumed"":""Asia/Seoul(원문에 시간대 표기 없음)"",""corporateAction"":false,""actionWord"":null},{""id"":""94948504"",""title"":""삼성전기(주) 주식선물ㆍ주식옵션 2단계 가격제한폭 확대요건 도달(하락)"",""author"":""KOSCOM"",""datetimeRaw"":""2026-08-06T06:50:14"",""publishedAt"":""2026-08-06T06:50:14+09:00"",""timezoneAssumed"":""Asia/Seoul(원문에 시간대 표기 없음)"",""corporateAction"":false,""actionWord"":null},{""id"":""102678453"",""title"":""삼성전기(주) 주식선물ㆍ주식옵션 2단계 가격제한폭 확대요건 도달(상승)"",""author"":""KOSCOM"",""datetimeRaw"":""2026-08-13T06:50:13"",""publishedAt"":""2026-08-13T06:50:13+09:00"",""timezoneAssumed"":""Asia/Seoul(원문에 시간대 표기 없음)"",""corporateAction"":false,""actionWord"":null},{""id"":""106169566"",""title"":""삼성전기(주) [투자주의]투자경고종목 지정예고(삼성전기우)"",""author"":""KOSCOM"",""datetimeRaw"":""2026-08-14T20:00:58"",""publishedAt"":""2026-08-14T20:00:58+09:00"",""timezoneAssumed"":""Asia/Seoul(원문에 시간대 표기 없음)"",""corporateAction"":false,""actionWord"":null},{""id"":""119228677"",""title"":""삼성전기(주) 단일판매ㆍ공급계약체결"",""author"":""KOSCOM"",""datetimeRaw"":""2026-09-01T06:50:21"",""publishedAt"":""2026-09-01T06:50:21+09:00"",""timezoneAssumed"":""Asia/Seoul(원문에 시간대 표기 없음)"",""corporateAction"":false,""actionWord"":null},{""id"":""141418584"",""title"":""삼성전기(주) 신규시설투자등"",""author"":""KOSCOM"",""datetimeRaw"":""2026-09-28T06:52:07"",""publishedAt"":""2026-09-28T06:52:07+09:00"",""timezoneAssumed"":""Asia/Seoul(원문에 시간대 표기 없음)"",""corporateAction"":false,""actionWord"":null},{""id"":""141419226"",""title"":""삼성전기(주) 유형자산 취득결정(종속회사의 주요경영사항)"",""author"":""KOSCOM"",""datetimeRaw"":""2026-09-28T06:52:09"",""publishedAt"":""2026-09-28T06:52:09+09:00"",""timezoneAssumed"":""Asia/Seoul(원문에 시간대 표기 없음)"",""corporateAction"":false,""actionWord"":null},{""id"":""141494478"",""title"":""삼성전기(주) [투자주의]투자경고종목 지정예고(삼성전기우)"",""author"":""KOSCOM"",""datetimeRaw"":""2026-09-28T06:53:03"",""publishedAt"":""2026-09-28T06:53:03+09:00"",""timezoneAssumed"":""Asia/Seoul(원문에 시간대 표기 없음)"",""corporateAction"":false,""actionWord"":null},{""id"":""142142693"",""title"":""삼성전기(주) 단일판매ㆍ공급계약체결"",""author"":""KOSCOM"",""datetimeRaw"":""2026-09-29T06:50:47"",""publishedAt"":""2026-09-29T06:50:47+09:00"",""timezoneAssumed"":""Asia/Seoul(원문에 시간대 표기 없음)"",""corporateAction"":false,""actionWord"":null},{""id"":""142495474"",""title"":""삼성전기(주) 투자경고종목 지정(삼성전기우)"",""author"":""KOSCOM"",""datetimeRaw"":""2026-09-29T06:53:23"",""publishedAt"":""2026-09-29T06:53:23+09:00"",""timezoneAssumed"":""Asia/Seoul(원문에 시간대 표기 없음)"",""corporateAction"":false,""actionWord"":null}]",,,0,,,,,,
collection-16a21299c5e5a4b6,collection,2026-09-30,2026-09-29T22:27:33Z,,,"{""contextFile"":""reports/atlas11/context/2026-09-30/2026-09-29T22-27-33Z.json""}",context_disclosures,2026-09-30,기업행위 공시,,,,,false,009830,한화솔루션,,,https://m.stock.naver.com/api/stock/009830/disclosure?pageSize=20&page=1,e188fc4db087789d9d4daf39e74438d6be97ce06e902ce7dd45d022450983955,"[{""id"":""82059965"",""title"":""한화솔루션(주) 유상증자 또는 주식관련사채 등의 청약결과(자율공시)"",""author"":""KOSCOM"",""datetimeRaw"":""2026-07-29T06:50:40"",""publishedAt"":""2026-07-29T06:50:40+09:00"",""timezoneAssumed"":""Asia/Seoul(원문에 시간대 표기 없음)"",""corporateAction"":true,""actionWord"":""유상증자""},{""id"":""82364480"",""title"":""한화솔루션(주) 연결재무제표기준영업(잠정)실적(공정공시)"",""author"":""KOSCOM"",""datetimeRaw"":""2026-07-29T06:51:32"",""publishedAt"":""2026-07-29T06:51:32+09:00"",""timezoneAssumed"":""Asia/Seoul(원문에 시간대 표기 없음)"",""corporateAction"":false,""actionWord"":null},{""id"":""82508977"",""title"":""한화솔루션(주) 타인에대한채무보증결정"",""author"":""KOSCOM"",""datetimeRaw"":""2026-07-29T06:52:25"",""publishedAt"":""2026-07-29T06:52:25+09:00"",""timezoneAssumed"":""Asia/Seoul(원문에 시간대 표기 없음)"",""corporateAction"":false,""actionWord"":null},{""id"":""82599980"",""title"":""한화솔루션(주) 주식 소각 결정"",""author"":""KOSCOM"",""datetimeRaw"":""2026-07-29T06:53:20"",""publishedAt"":""2026-07-29T06:53:20+09:00"",""timezoneAssumed"":""Asia/Seoul(원문에 시간대 표기 없음)"",""corporateAction"":true,""actionWord"":""소각""},{""id"":""84615871"",""title"":""한화솔루션(주) 주식선물ㆍ주식옵션 2단계 가격제한폭 확대요건 도달(상승)"",""author"":""KOSCOM"",""datetimeRaw"":""2026-07-30T06:50:44"",""publishedAt"":""2026-07-30T06:50:44+09:00"",""timezoneAssumed"":""Asia/Seoul(원문에 시간대 표기 없음)"",""corporateAction"":false,""actionWord"":null},{""id"":""85233640"",""title"":""한화솔루션(주) 유상증자 또는 주식관련사채 등의 발행결과(자율공시)"",""author"":""KOSCOM"",""datetimeRaw"":""2026-07-30T06:51:56"",""publishedAt"":""2026-07-30T06:51:56+09:00"",""timezoneAssumed"":""Asia/Seoul(원문에 시간대 표기 없음)"",""corporateAction"":true,""actionWord"":""유상증자""},{""id"":""91404289"",""title"":""한화솔루션(주) 주식선물ㆍ주식옵션 2단계 가격제한폭 확대요건 도달(상승)"",""author"":""KOSCOM"",""datetimeRaw"":""2026-08-04T06:50:18"",""publishedAt"":""2026-08-04T06:50:18+09:00"",""timezoneAssumed"":""Asia/Seoul(원문에 시간대 표기 없음)"",""corporateAction"":false,""actionWord"":null},{""id"":""92751306"",""title"":""한화솔루션(주) 주식선물ㆍ주식옵션 2단계 가격제한폭 확대요건 도달(상승)"",""author"":""KOSCOM"",""datetimeRaw"":""2026-08-05T06:50:23"",""publishedAt"":""2026-08-05T06:50:23+09:00"",""timezoneAssumed"":""Asia/Seoul(원문에 시간대 표기 없음)"",""corporateAction"":false,""actionWord"":null},{""id"":""95708042"",""title"":""한화솔루션(주) 추가상장(유상증자(주주배정 후 실권주 일반공모))"",""author"":""KOSCOM"",""datetimeRaw"":""2026-08-06T06:51:59"",""publishedAt"":""2026-08-06T06:51:59+09:00"",""timezoneAssumed"":""Asia/Seoul(원문에 시간대 표기 없음)"",""corporateAction"":true,""actionWord"":""유상증자""},{""id"":""97264109"",""title"":""한화솔루션(주) 주식선물ㆍ주식옵션 2단계 가격제한폭 확대요건 도달(상승)"",""author"":""KOSCOM"",""datetimeRaw"":""2026-08-07T06:50:15"",""publishedAt"":""2026-08-07T06:50:15+09:00"",""timezoneAssumed"":""Asia/Seoul(원문에 시간대 표기 없음)"",""corporateAction"":false,""actionWord"":null},{""id"":""97271505"",""title"":""한화솔루션(주) 주식선물ㆍ주식옵션 3단계 가격제한폭 확대요건 도달(상승)"",""author"":""KOSCOM"",""datetimeRaw"":""2026-08-07T06:50:22"",""publishedAt"":""2026-08-07T06:50:22+09:00"",""timezoneAssumed"":""Asia/Seoul(원문에 시간대 표기 없음)"",""corporateAction"":false,""actionWord"":null},{""id"":""101314751"",""title"":""한화솔루션(주) 변경상장(주식소각)"",""author"":""KOSCOM"",""datetimeRaw"":""2026-08-12T06:52:13"",""publishedAt"":""2026-08-12T06:52:13+09:00"",""timezoneAssumed"":""Asia/Seoul(원문에 시간대 표기 없음)"",""corporateAction"":true,""actionWord"":""소각""},{""id"":""110427100"",""title"":""한화솔루션(주) 주식선물ㆍ주식옵션 2단계 가격제한폭 확대요건 도달(하락)"",""author"":""KOSCOM"",""datetimeRaw"":""2026-08-21T06:50:22"",""publishedAt"":""2026-08-21T06:50:22+09:00"",""timezoneAssumed"":""Asia/Seoul(원문에 시간대 표기 없음)"",""corporateAction"":false,""actionWord"":null},{""id"":""110890120"",""title"":""한화솔루션(주) 풍문 또는 보도에 대한 해명(미확정)"",""author"":""KOSCOM"",""datetimeRaw"":""2026-08-21T06:51:22"",""publishedAt"":""2026-08-21T06:51:22+09:00"",""timezoneAssumed"":""Asia/Seoul(원문에 시간대 표기 없음)"",""corporateAction"":false,""actionWord"":null},{""id"":""125561608"",""title"":""한화솔루션(주) 타인에대한채무보증결정"",""author"":""KOSCOM"",""datetimeRaw"":""2026-09-08T06:51:07"",""publishedAt"":""2026-09-08T06:51:07+09:00"",""timezoneAssumed"":""Asia/Seoul(원문에 시간대 표기 없음)"",""corporateAction"":false,""actionWord"":null},{""id"":""125561611"",""title"":""한화솔루션(주) 타법인주식및출자증권처분결정(자율공시)"",""author"":""KOSCOM"",""datetimeRaw"":""2026-09-08T06:51:09"",""publishedAt"":""2026-09-08T06:51:09+09:00"",""timezoneAssumed"":""Asia/Seoul(원문에 시간대 표기 없음)"",""corporateAction"":false,""actionWord"":null},{""id"":""126599149"",""title"":""한화솔루션(주) (정정)중대재해 발생"",""author"":""KOSCOM"",""datetimeRaw"":""2026-09-09T06:51:33"",""publishedAt"":""2026-09-09T06:51:33+09:00"",""timezoneAssumed"":""Asia/Seoul(원문에 시간대 표기 없음)"",""corporateAction"":false,""actionWord"":null},{""id"":""127972197"",""title"":""한화솔루션(주) 기업설명회(IR) 개최(안내공시)"",""author"":""KOSCOM"",""datetimeRaw"":""2026-09-10T06:50:56"",""publishedAt"":""2026-09-10T06:50:56+09:00"",""timezoneAssumed"":""Asia/Seoul(원문에 시간대 표기 없음)"",""corporateAction"":false,""actionWord"":null},{""id"":""132509759"",""title"":""한화솔루션(주) (정정)타법인주식및출자증권처분결정(자율공시)"",""author"":""KOSCOM"",""datetimeRaw"":""2026-09-16T06:50:46"",""publishedAt"":""2026-09-16T06:50:46+09:00"",""timezoneAssumed"":""Asia/Seoul(원문에 시간대 표기 없음)"",""corporateAction"":false,""actionWord"":null},{""id"":""141353801"",""title"":""한화솔루션(주) 주식선물ㆍ주식옵션 2단계 가격제한폭 확대요건 도달(상승)"",""author"":""KOSCOM"",""datetimeRaw"":""2026-09-28T06:50:17"",""publishedAt"":""2026-09-28T06:50:17+09:00"",""timezoneAssumed"":""Asia/Seoul(원문에 시간대 표기 없음)"",""corporateAction"":false,""actionWord"":null}]",,,5,,,,,,
collection-e43543b404471332,collection,2026-09-30,2026-09-29T22:27:33Z,,,"{""contextFile"":""reports/atlas11/context/2026-09-30/2026-09-29T22-27-33Z.json""}",context_disclosures,2026-09-30,기업행위 공시,,,,,false,010120,LS ELECTRIC,,,https://m.stock.naver.com/api/stock/010120/disclosure?pageSize=20&page=1,6104b82b32b73e109c3005ca490750da937fd6061a10a9bf831f239734cddc71,"[{""id"":""45832538"",""title"":""엘에스일렉트릭 주식회사 주식선물ㆍ주식옵션 2단계 가격제한폭 확대요건 도달(하락)"",""author"":""KOSCOM"",""datetimeRaw"":""2026-06-26T06:51:19"",""publishedAt"":""2026-06-26T06:51:19+09:00"",""timezoneAssumed"":""Asia/Seoul(원문에 시간대 표기 없음)"",""corporateAction"":false,""actionWord"":null},{""id"":""47897410"",""title"":""엘에스일렉트릭 주식회사 주식선물ㆍ주식옵션 2단계 가격제한폭 확대요건 도달(상승)"",""author"":""KOSCOM"",""datetimeRaw"":""2026-06-29T06:51:23"",""publishedAt"":""2026-06-29T06:51:23+09:00"",""timezoneAssumed"":""Asia/Seoul(원문에 시간대 표기 없음)"",""corporateAction"":false,""actionWord"":null},{""id"":""51064246"",""title"":""엘에스일렉트릭 주식회사 주식선물ㆍ주식옵션 2단계 가격제한폭 확대요건 도달(상승)"",""author"":""KOSCOM"",""datetimeRaw"":""2026-07-01T06:50:24"",""publishedAt"":""2026-07-01T06:50:24+09:00"",""timezoneAssumed"":""Asia/Seoul(원문에 시간대 표기 없음)"",""corporateAction"":false,""actionWord"":null},{""id"":""53665428"",""title"":""엘에스일렉트릭 주식회사 주식선물ㆍ주식옵션 2단계 가격제한폭 확대요건 도달(하락)"",""author"":""KOSCOM"",""datetimeRaw"":""2026-07-02T06:50:17"",""publishedAt"":""2026-07-02T06:50:17+09:00"",""timezoneAssumed"":""Asia/Seoul(원문에 시간대 표기 없음)"",""corporateAction"":false,""actionWord"":null},{""id"":""60550567"",""title"":""엘에스일렉트릭 주식회사 주식선물ㆍ주식옵션 2단계 가격제한폭 확대요건 도달(하락)"",""author"":""KOSCOM"",""datetimeRaw"":""2026-07-08T06:50:46"",""publishedAt"":""2026-07-08T06:50:46+09:00"",""timezoneAssumed"":""Asia/Seoul(원문에 시간대 표기 없음)"",""corporateAction"":false,""actionWord"":null},{""id"":""65853085"",""title"":""엘에스일렉트릭 주식회사 주식선물ㆍ주식옵션 2단계 가격제한폭 확대요건 도달(하락)"",""author"":""KOSCOM"",""datetimeRaw"":""2026-07-13T06:50:46"",""publishedAt"":""2026-07-13T06:50:46+09:00"",""timezoneAssumed"":""Asia/Seoul(원문에 시간대 표기 없음)"",""corporateAction"":false,""actionWord"":null},{""id"":""68239963"",""title"":""엘에스일렉트릭 주식회사 자기주식 처분 결정"",""author"":""KOSCOM"",""datetimeRaw"":""2026-07-15T06:52:22"",""publishedAt"":""2026-07-15T06:52:22+09:00"",""timezoneAssumed"":""Asia/Seoul(원문에 시간대 표기 없음)"",""corporateAction"":true,""actionWord"":""자기주식""},{""id"":""72851230"",""title"":""엘에스일렉트릭 주식회사 결산실적공시 예고(안내공시)"",""author"":""KOSCOM"",""datetimeRaw"":""2026-07-20T06:50:30"",""publishedAt"":""2026-07-20T06:50:30+09:00"",""timezoneAssumed"":""Asia/Seoul(원문에 시간대 표기 없음)"",""corporateAction"":false,""actionWord"":null},{""id"":""76145654"",""title"":""엘에스일렉트릭 주식회사 연결재무제표기준영업(잠정)실적(공정공시)"",""author"":""KOSCOM"",""datetimeRaw"":""2026-07-23T06:50:29"",""publishedAt"":""2026-07-23T06:50:29+09:00"",""timezoneAssumed"":""Asia/Seoul(원문에 시간대 표기 없음)"",""corporateAction"":false,""actionWord"":null},{""id"":""76152786"",""title"":""엘에스일렉트릭 주식회사 주식선물ㆍ주식옵션 2단계 가격제한폭 확대요건 도달(상승)"",""author"":""KOSCOM"",""datetimeRaw"":""2026-07-23T06:50:31"",""publishedAt"":""2026-07-23T06:50:31+09:00"",""timezoneAssumed"":""Asia/Seoul(원문에 시간대 표기 없음)"",""corporateAction"":false,""actionWord"":null},{""id"":""76582940"",""title"":""엘에스일렉트릭 주식회사 기업설명회(IR) 개최(안내공시)"",""author"":""KOSCOM"",""datetimeRaw"":""2026-07-23T06:51:32"",""publishedAt"":""2026-07-23T06:51:32+09:00"",""timezoneAssumed"":""Asia/Seoul(원문에 시간대 표기 없음)"",""corporateAction"":false,""actionWord"":null},{""id"":""76584510"",""title"":""엘에스일렉트릭 주식회사 기업설명회(IR) 개최(안내공시)"",""author"":""KOSCOM"",""datetimeRaw"":""2026-07-23T06:51:33"",""publishedAt"":""2026-07-23T06:51:33+09:00"",""timezoneAssumed"":""Asia/Seoul(원문에 시간대 표기 없음)"",""corporateAction"":false,""actionWord"":null},{""id"":""78490922"",""title"":""엘에스일렉트릭 주식회사 주식선물ㆍ주식옵션 2단계 가격제한폭 확대요건 도달(하락)"",""author"":""KOSCOM"",""datetimeRaw"":""2026-07-24T06:50:28"",""publishedAt"":""2026-07-24T06:50:28+09:00"",""timezoneAssumed"":""Asia/Seoul(원문에 시간대 표기 없음)"",""corporateAction"":false,""actionWord"":null},{""id"":""80810156"",""title"":""엘에스일렉트릭 주식회사 주식선물ㆍ주식옵션 2단계 가격제한폭 확대요건 도달(하락)"",""author"":""KOSCOM"",""datetimeRaw"":""2026-07-28T06:50:36"",""publishedAt"":""2026-07-28T06:50:36+09:00"",""timezoneAssumed"":""Asia/Seoul(원문에 시간대 표기 없음)"",""corporateAction"":false,""actionWord"":null},{""id"":""82249794"",""title"":""엘에스일렉트릭 주식회사 주식선물ㆍ주식옵션 2단계 가격제한폭 확대요건 도달(하락)"",""author"":""KOSCOM"",""datetimeRaw"":""2026-07-29T06:51:11"",""publishedAt"":""2026-07-29T06:51:11+09:00"",""timezoneAssumed"":""Asia/Seoul(원문에 시간대 표기 없음)"",""corporateAction"":false,""actionWord"":null},{""id"":""87581807"",""title"":""엘에스일렉트릭 주식회사 주식선물ㆍ주식옵션 2단계 가격제한폭 확대요건 도달(상승)"",""author"":""KOSCOM"",""datetimeRaw"":""2026-07-31T06:50:28"",""publishedAt"":""2026-07-31T06:50:28+09:00"",""timezoneAssumed"":""Asia/Seoul(원문에 시간대 표기 없음)"",""corporateAction"":false,""actionWord"":null},{""id"":""87627949"",""title"":""엘에스일렉트릭 주식회사 주식선물ㆍ주식옵션 3단계 가격제한폭 확대요건 도달(상승)"",""author"":""KOSCOM"",""datetimeRaw"":""2026-07-31T06:50:40"",""publishedAt"":""2026-07-31T06:50:40+09:00"",""timezoneAssumed"":""Asia/Seoul(원문에 시간대 표기 없음)"",""corporateAction"":false,""actionWord"":null},{""id"":""105746488"",""title"":""엘에스일렉트릭 주식회사 파생상품거래 손실발생"",""author"":""KOSCOM"",""datetimeRaw"":""2026-08-14T16:24:48"",""publishedAt"":""2026-08-14T16:24:48+09:00"",""timezoneAssumed"":""Asia/Seoul(원문에 시간대 표기 없음)"",""corporateAction"":false,""actionWord"":null},{""id"":""111871210"",""title"":""엘에스일렉트릭 주식회사 단일판매ㆍ공급계약체결"",""author"":""KOSCOM"",""datetimeRaw"":""2026-08-24T06:50:14"",""publishedAt"":""2026-08-24T06:50:14+09:00"",""timezoneAssumed"":""Asia/Seoul(원문에 시간대 표기 없음)"",""corporateAction"":false,""actionWord"":null},{""id"":""137415032"",""title"":""엘에스일렉트릭 주식회사 유무상증자 결정(종속회사의 주요경영사항)"",""author"":""KOSCOM"",""datetimeRaw"":""2026-09-22T06:50:19"",""publishedAt"":""2026-09-22T06:50:19+09:00"",""timezoneAssumed"":""Asia/Seoul(원문에 시간대 표기 없음)"",""corporateAction"":true,""actionWord"":""무상증자""}]",,,2,,,,,,
collection-10c7427aba456719,collection,2026-09-30,2026-09-29T22:27:33Z,,,"{""contextFile"":""reports/atlas11/context/2026-09-30/2026-09-29T22-27-33Z.json""}",context_disclosures,2026-09-30,기업행위 공시,,,,,false,010130,고려아연,,,https://m.stock.naver.com/api/stock/010130/disclosure?pageSize=20&page=1,1ca2060c782a7321db536ae6f74d3a5f9bc9adc90dfa0b0d06b451170a4ec4aa,"[{""id"":""97880801"",""title"":""고려아연(주) 소송등의판결ㆍ결정"",""author"":""KOSCOM"",""datetimeRaw"":""2026-08-07T06:51:27"",""publishedAt"":""2026-08-07T06:51:27+09:00"",""timezoneAssumed"":""Asia/Seoul(원문에 시간대 표기 없음)"",""corporateAction"":false,""actionWord"":null},{""id"":""99043278"",""title"":""고려아연(주) 주식선물 2단계 가격제한폭 확대요건 도달(상승)"",""author"":""KOSCOM"",""datetimeRaw"":""2026-08-10T06:50:10"",""publishedAt"":""2026-08-10T06:50:10+09:00"",""timezoneAssumed"":""Asia/Seoul(원문에 시간대 표기 없음)"",""corporateAction"":false,""actionWord"":null},{""id"":""104907380"",""title"":""고려아연(주) (정정)소송 등의 제기ㆍ신청(경영권 분쟁 소송)"",""author"":""KOSCOM"",""datetimeRaw"":""2026-08-14T07:50:34"",""publishedAt"":""2026-08-14T07:50:34+09:00"",""timezoneAssumed"":""Asia/Seoul(원문에 시간대 표기 없음)"",""corporateAction"":false,""actionWord"":null},{""id"":""105084842"",""title"":""고려아연(주) (정정)소송 등의 제기ㆍ신청(경영권 분쟁 소송)"",""author"":""KOSCOM"",""datetimeRaw"":""2026-08-14T09:46:02"",""publishedAt"":""2026-08-14T09:46:02+09:00"",""timezoneAssumed"":""Asia/Seoul(원문에 시간대 표기 없음)"",""corporateAction"":false,""actionWord"":null},{""id"":""105691146"",""title"":""고려아연(주) (정정)소송 등의 제기ㆍ신청(경영권 분쟁 소송)"",""author"":""KOSCOM"",""datetimeRaw"":""2026-08-14T15:53:17"",""publishedAt"":""2026-08-14T15:53:17+09:00"",""timezoneAssumed"":""Asia/Seoul(원문에 시간대 표기 없음)"",""corporateAction"":false,""actionWord"":null},{""id"":""107563121"",""title"":""고려아연(주) 중간(분기)배당락 기준가격 안내"",""author"":""KOSCOM"",""datetimeRaw"":""2026-08-18T06:50:55"",""publishedAt"":""2026-08-18T06:50:55+09:00"",""timezoneAssumed"":""Asia/Seoul(원문에 시간대 표기 없음)"",""corporateAction"":true,""actionWord"":""배당락""},{""id"":""108127258"",""title"":""고려아연(주) 소송 등의 제기ㆍ신청(경영권 분쟁 소송)"",""author"":""KOSCOM"",""datetimeRaw"":""2026-08-19T06:50:59"",""publishedAt"":""2026-08-19T06:50:59+09:00"",""timezoneAssumed"":""Asia/Seoul(원문에 시간대 표기 없음)"",""corporateAction"":false,""actionWord"":null},{""id"":""108149361"",""title"":""고려아연(주) 소송 등의 제기ㆍ신청(경영권 분쟁 소송)"",""author"":""KOSCOM"",""datetimeRaw"":""2026-08-19T06:51:22"",""publishedAt"":""2026-08-19T06:51:22+09:00"",""timezoneAssumed"":""Asia/Seoul(원문에 시간대 표기 없음)"",""corporateAction"":false,""actionWord"":null},{""id"":""108875431"",""title"":""고려아연(주) 주식선물 2단계 가격제한폭 확대요건 도달(상승)"",""author"":""KOSCOM"",""datetimeRaw"":""2026-08-20T06:50:11"",""publishedAt"":""2026-08-20T06:50:11+09:00"",""timezoneAssumed"":""Asia/Seoul(원문에 시간대 표기 없음)"",""corporateAction"":false,""actionWord"":null},{""id"":""109018443"",""title"":""고려아연(주) (정정)소송 등의 제기ㆍ신청(경영권 분쟁 소송)"",""author"":""KOSCOM"",""datetimeRaw"":""2026-08-20T06:50:24"",""publishedAt"":""2026-08-20T06:50:24+09:00"",""timezoneAssumed"":""Asia/Seoul(원문에 시간대 표기 없음)"",""corporateAction"":false,""actionWord"":null},{""id"":""111036093"",""title"":""고려아연(주) (정정)소송 등의 제기ㆍ신청(경영권 분쟁 소송)"",""author"":""KOSCOM"",""datetimeRaw"":""2026-08-21T06:52:40"",""publishedAt"":""2026-08-21T06:52:40+09:00"",""timezoneAssumed"":""Asia/Seoul(원문에 시간대 표기 없음)"",""corporateAction"":false,""actionWord"":null},{""id"":""111848411"",""title"":""고려아연(주) 주식선물 2단계 가격제한폭 확대요건 도달(상승)"",""author"":""KOSCOM"",""datetimeRaw"":""2026-08-24T06:50:13"",""publishedAt"":""2026-08-24T06:50:13+09:00"",""timezoneAssumed"":""Asia/Seoul(원문에 시간대 표기 없음)"",""corporateAction"":false,""actionWord"":null},{""id"":""112807739"",""title"":""고려아연(주) 소송등의판결ㆍ결정"",""author"":""KOSCOM"",""datetimeRaw"":""2026-08-25T06:50:42"",""publishedAt"":""2026-08-25T06:50:42+09:00"",""timezoneAssumed"":""Asia/Seoul(원문에 시간대 표기 없음)"",""corporateAction"":false,""actionWord"":null},{""id"":""113891050"",""title"":""고려아연(주) 소송 등의 제기ㆍ신청(경영권 분쟁 소송)"",""author"":""KOSCOM"",""datetimeRaw"":""2026-08-26T06:51:11"",""publishedAt"":""2026-08-26T06:51:11+09:00"",""timezoneAssumed"":""Asia/Seoul(원문에 시간대 표기 없음)"",""corporateAction"":false,""actionWord"":null},{""id"":""118548913"",""title"":""고려아연(주) 소송등의판결ㆍ결정"",""author"":""KOSCOM"",""datetimeRaw"":""2026-08-31T06:51:39"",""publishedAt"":""2026-08-31T06:51:39+09:00"",""timezoneAssumed"":""Asia/Seoul(원문에 시간대 표기 없음)"",""corporateAction"":false,""actionWord"":null},{""id"":""123430155"",""title"":""고려아연(주) (정정)소송 등의 제기ㆍ신청(경영권 분쟁 소송)"",""author"":""KOSCOM"",""datetimeRaw"":""2026-09-04T06:50:01"",""publishedAt"":""2026-09-04T06:50:01+09:00"",""timezoneAssumed"":""Asia/Seoul(원문에 시간대 표기 없음)"",""corporateAction"":false,""actionWord"":null},{""id"":""124778365"",""title"":""고려아연(주) 소송등의판결ㆍ결정"",""author"":""KOSCOM"",""datetimeRaw"":""2026-09-07T06:50:17"",""publishedAt"":""2026-09-07T06:50:17+09:00"",""timezoneAssumed"":""Asia/Seoul(원문에 시간대 표기 없음)"",""corporateAction"":false,""actionWord"":null},{""id"":""126575904"",""title"":""고려아연(주) 임시주주총회 결과"",""author"":""KOSCOM"",""datetimeRaw"":""2026-09-09T06:51:28"",""publishedAt"":""2026-09-09T06:51:28+09:00"",""timezoneAssumed"":""Asia/Seoul(원문에 시간대 표기 없음)"",""corporateAction"":false,""actionWord"":null},{""id"":""133506687"",""title"":""고려아연(주) 중대재해 발생"",""author"":""KOSCOM"",""datetimeRaw"":""2026-09-17T06:50:01"",""publishedAt"":""2026-09-17T06:50:01+09:00"",""timezoneAssumed"":""Asia/Seoul(원문에 시간대 표기 없음)"",""corporateAction"":false,""actionWord"":null},{""id"":""137577861"",""title"":""고려아연(주) (정정)유상증자결정(종속회사의 주요경영사항)"",""author"":""KOSCOM"",""datetimeRaw"":""2026-09-22T06:51:44"",""publishedAt"":""2026-09-22T06:51:44+09:00"",""timezoneAssumed"":""Asia/Seoul(원문에 시간대 표기 없음)"",""corporateAction"":true,""actionWord"":""유상증자""}]",,,2,,,,,,
collection-13e6eb89ac2926ff,collection,2026-09-30,2026-09-29T22:27:33Z,,,"{""contextFile"":""reports/atlas11/context/2026-09-30/2026-09-29T22-27-33Z.json""}",context_disclosures,2026-09-30,기업행위 공시,,,,,false,010170,대한광통신,,,https://m.stock.naver.com/api/stock/010170/disclosure?pageSize=20&page=1,081428eec3aece9472695d172ca35c3ee583aff276794a8817b027fc027cf2cd,"[{""id"":""1614041"",""title"":""대한광통신(주) 추가상장(주주배정 후 실권주 일반공모)"",""author"":""KOSCOM"",""datetimeRaw"":""2026-03-16T06:55:04"",""publishedAt"":""2026-03-16T06:55:04+09:00"",""timezoneAssumed"":""Asia/Seoul(원문에 시간대 표기 없음)"",""corporateAction"":false,""actionWord"":null},{""id"":""1616578"",""title"":""대한광통신(주) 감사보고서 제출"",""author"":""KOSCOM"",""datetimeRaw"":""2026-03-19T06:54:27"",""publishedAt"":""2026-03-19T06:54:27+09:00"",""timezoneAssumed"":""Asia/Seoul(원문에 시간대 표기 없음)"",""corporateAction"":false,""actionWord"":null},{""id"":""1619724"",""title"":""대한광통신(주) 매매거래정지 예고"",""author"":""KOSCOM"",""datetimeRaw"":""2026-03-24T06:57:35"",""publishedAt"":""2026-03-24T06:57:35+09:00"",""timezoneAssumed"":""Asia/Seoul(원문에 시간대 표기 없음)"",""corporateAction"":true,""actionWord"":""매매거래정지""},{""id"":""1620299"",""title"":""대한광통신(주) 매매거래정지 예고"",""author"":""KOSCOM"",""datetimeRaw"":""2026-03-25T06:55:06"",""publishedAt"":""2026-03-25T06:55:06+09:00"",""timezoneAssumed"":""Asia/Seoul(원문에 시간대 표기 없음)"",""corporateAction"":true,""actionWord"":""매매거래정지""},{""id"":""1622253"",""title"":""대한광통신(주) 정기주주총회결과"",""author"":""KOSCOM"",""datetimeRaw"":""2026-03-27T06:56:21"",""publishedAt"":""2026-03-27T06:56:21+09:00"",""timezoneAssumed"":""Asia/Seoul(원문에 시간대 표기 없음)"",""corporateAction"":false,""actionWord"":null},{""id"":""1622874"",""title"":""대한광통신(주) [투자주의]투자경고종목 지정해제 및 재지정 예고"",""author"":""KOSCOM"",""datetimeRaw"":""2026-03-27T07:03:04"",""publishedAt"":""2026-03-27T07:03:04+09:00"",""timezoneAssumed"":""Asia/Seoul(원문에 시간대 표기 없음)"",""corporateAction"":false,""actionWord"":null},{""id"":""1627440"",""title"":""대한광통신(주) [투자주의]투자경고종목 지정예고"",""author"":""KOSCOM"",""datetimeRaw"":""2026-04-06T06:55:08"",""publishedAt"":""2026-04-06T06:55:08+09:00"",""timezoneAssumed"":""Asia/Seoul(원문에 시간대 표기 없음)"",""corporateAction"":false,""actionWord"":null},{""id"":""1628362"",""title"":""대한광통신(주) [투자주의]투자경고종목 지정예고"",""author"":""KOSCOM"",""datetimeRaw"":""2026-04-08T06:52:52"",""publishedAt"":""2026-04-08T06:52:52+09:00"",""timezoneAssumed"":""Asia/Seoul(원문에 시간대 표기 없음)"",""corporateAction"":false,""actionWord"":null},{""id"":""1629434"",""title"":""대한광통신(주) 투자경고종목지정"",""author"":""KOSCOM"",""datetimeRaw"":""2026-04-10T06:53:14"",""publishedAt"":""2026-04-10T06:53:14+09:00"",""timezoneAssumed"":""Asia/Seoul(원문에 시간대 표기 없음)"",""corporateAction"":false,""actionWord"":null},{""id"":""1629970"",""title"":""대한광통신(주) 매매거래정지 예고"",""author"":""KOSCOM"",""datetimeRaw"":""2026-04-13T06:53:36"",""publishedAt"":""2026-04-13T06:53:36+09:00"",""timezoneAssumed"":""Asia/Seoul(원문에 시간대 표기 없음)"",""corporateAction"":true,""actionWord"":""매매거래정지""},{""id"":""1633884"",""title"":""대한광통신(주) [투자주의]투자경고종목 지정해제 및 재지정 예고"",""author"":""KOSCOM"",""datetimeRaw"":""2026-04-24T06:53:32"",""publishedAt"":""2026-04-24T06:53:32+09:00"",""timezoneAssumed"":""Asia/Seoul(원문에 시간대 표기 없음)"",""corporateAction"":false,""actionWord"":null},{""id"":""1638986"",""title"":""대한광통신(주) [투자주의]투자경고종목 지정예고"",""author"":""KOSCOM"",""datetimeRaw"":""2026-05-07T06:54:15"",""publishedAt"":""2026-05-07T06:54:15+09:00"",""timezoneAssumed"":""Asia/Seoul(원문에 시간대 표기 없음)"",""corporateAction"":false,""actionWord"":null},{""id"":""1639970"",""title"":""대한광통신(주) [투자주의]투자경고종목 지정예고"",""author"":""KOSCOM"",""datetimeRaw"":""2026-05-11T06:55:18"",""publishedAt"":""2026-05-11T06:55:18+09:00"",""timezoneAssumed"":""Asia/Seoul(원문에 시간대 표기 없음)"",""corporateAction"":false,""actionWord"":null},{""id"":""1640488"",""title"":""대한광통신(주) 투자경고종목지정"",""author"":""KOSCOM"",""datetimeRaw"":""2026-05-12T06:54:01"",""publishedAt"":""2026-05-12T06:54:01+09:00"",""timezoneAssumed"":""Asia/Seoul(원문에 시간대 표기 없음)"",""corporateAction"":false,""actionWord"":null},{""id"":""9657422"",""title"":""대한광통신(주) [투자주의]투자경고종목 지정해제 및 재지정 예고"",""author"":""KOSCOM"",""datetimeRaw"":""2026-05-27T06:53:40"",""publishedAt"":""2026-05-27T06:53:40+09:00"",""timezoneAssumed"":""Asia/Seoul(원문에 시간대 표기 없음)"",""corporateAction"":false,""actionWord"":null},{""id"":""24524911"",""title"":""대한광통신(주) (정정)소송등의판결ㆍ결정(일정금액 이상의 청구)"",""author"":""KOSCOM"",""datetimeRaw"":""2026-06-10T06:52:14"",""publishedAt"":""2026-06-10T06:52:14+09:00"",""timezoneAssumed"":""Asia/Seoul(원문에 시간대 표기 없음)"",""corporateAction"":false,""actionWord"":null},{""id"":""93608595"",""title"":""대한광통신(주) [투자주의]투자경고종목 지정예고"",""author"":""KOSCOM"",""datetimeRaw"":""2026-08-05T06:54:18"",""publishedAt"":""2026-08-05T06:54:18+09:00"",""timezoneAssumed"":""Asia/Seoul(원문에 시간대 표기 없음)"",""corporateAction"":false,""actionWord"":null},{""id"":""99452578"",""title"":""대한광통신(주) 투자경고종목지정"",""author"":""KOSCOM"",""datetimeRaw"":""2026-08-10T06:53:02"",""publishedAt"":""2026-08-10T06:53:02+09:00"",""timezoneAssumed"":""Asia/Seoul(원문에 시간대 표기 없음)"",""corporateAction"":false,""actionWord"":null},{""id"":""112976392"",""title"":""대한광통신(주) [투자주의]투자경고종목 지정해제 및 재지정 예고"",""author"":""KOSCOM"",""datetimeRaw"":""2026-08-25T06:52:38"",""publishedAt"":""2026-08-25T06:52:38+09:00"",""timezoneAssumed"":""Asia/Seoul(원문에 시간대 표기 없음)"",""corporateAction"":false,""actionWord"":null},{""id"":""136107218"",""title"":""대한광통신(주) [투자주의]단일계좌 거래량 상위종목"",""author"":""KOSCOM"",""datetimeRaw"":""2026-09-18T06:52:50"",""publishedAt"":""2026-09-18T06:52:50+09:00"",""timezoneAssumed"":""Asia/Seoul(원문에 시간대 표기 없음)"",""corporateAction"":false,""actionWord"":null}]",,,3,,,,,,
collection-31aec1d1c7135b79,collection,2026-09-30,2026-09-29T22:27:33Z,,,"{""contextFile"":""reports/atlas11/context/2026-09-30/2026-09-29T22-27-33Z.json""}",context_disclosures,2026-09-30,새 공시,,,,,false,011200,HMM,,,https://m.stock.naver.com/api/stock/011200/disclosure?pageSize=20&page=1,04755894a4a7e8f0fd51b13d8609ee363f4424541a65392312d35efebcef9eff,"[{""id"":""1597533"",""title"":""에이치엠엠(주) 현금ㆍ현물배당을 위한 주주명부폐쇄(기준일) 결정"",""author"":""KOSCOM"",""datetimeRaw"":""2026-02-11T06:52:06"",""publishedAt"":""2026-02-11T06:52:06+09:00"",""timezoneAssumed"":""Asia/Seoul(원문에 시간대 표기 없음)"",""corporateAction"":false,""actionWord"":null},{""id"":""1605223"",""title"":""에이치엠엠(주) 주식선물ㆍ주식옵션 2단계 가격제한폭 확대요건 도달(상승)"",""author"":""KOSCOM"",""datetimeRaw"":""2026-03-03T06:50:20"",""publishedAt"":""2026-03-03T06:50:20+09:00"",""timezoneAssumed"":""Asia/Seoul(원문에 시간대 표기 없음)"",""corporateAction"":false,""actionWord"":null},{""id"":""1605976"",""title"":""에이치엠엠(주) 주식선물ㆍ주식옵션 2단계 가격제한폭 확대요건 도달(하락)"",""author"":""KOSCOM"",""datetimeRaw"":""2026-03-04T06:50:33"",""publishedAt"":""2026-03-04T06:50:33+09:00"",""timezoneAssumed"":""Asia/Seoul(원문에 시간대 표기 없음)"",""corporateAction"":false,""actionWord"":null},{""id"":""1610164"",""title"":""에이치엠엠(주) 감사보고서 제출"",""author"":""KOSCOM"",""datetimeRaw"":""2026-03-10T06:55:49"",""publishedAt"":""2026-03-10T06:55:49+09:00"",""timezoneAssumed"":""Asia/Seoul(원문에 시간대 표기 없음)"",""corporateAction"":false,""actionWord"":null},{""id"":""1610171"",""title"":""에이치엠엠(주) 주주총회소집결의"",""author"":""KOSCOM"",""datetimeRaw"":""2026-03-10T06:55:53"",""publishedAt"":""2026-03-10T06:55:53+09:00"",""timezoneAssumed"":""Asia/Seoul(원문에 시간대 표기 없음)"",""corporateAction"":false,""actionWord"":null},{""id"":""1620814"",""title"":""에이치엠엠(주) 정기주주총회결과"",""author"":""KOSCOM"",""datetimeRaw"":""2026-03-26T06:55:49"",""publishedAt"":""2026-03-26T06:55:49+09:00"",""timezoneAssumed"":""Asia/Seoul(원문에 시간대 표기 없음)"",""corporateAction"":false,""actionWord"":null},{""id"":""1622083"",""title"":""에이치엠엠(주) 기업가치 제고 계획(자율공시)"",""author"":""KOSCOM"",""datetimeRaw"":""2026-03-27T06:53:55"",""publishedAt"":""2026-03-27T06:53:55+09:00"",""timezoneAssumed"":""Asia/Seoul(원문에 시간대 표기 없음)"",""corporateAction"":false,""actionWord"":null},{""id"":""1623252"",""title"":""에이치엠엠(주) 주주명부폐쇄기간 또는 기준일 설정"",""author"":""KOSCOM"",""datetimeRaw"":""2026-03-30T06:53:32"",""publishedAt"":""2026-03-30T06:53:32+09:00"",""timezoneAssumed"":""Asia/Seoul(원문에 시간대 표기 없음)"",""corporateAction"":false,""actionWord"":null},{""id"":""1623256"",""title"":""에이치엠엠(주) 주주총회소집결의"",""author"":""KOSCOM"",""datetimeRaw"":""2026-03-30T06:53:34"",""publishedAt"":""2026-03-30T06:53:34+09:00"",""timezoneAssumed"":""Asia/Seoul(원문에 시간대 표기 없음)"",""corporateAction"":false,""actionWord"":null},{""id"":""1639084"",""title"":""에이치엠엠(주) 임시주주총회 결과"",""author"":""KOSCOM"",""datetimeRaw"":""2026-05-08T06:50:30"",""publishedAt"":""2026-05-08T06:50:30+09:00"",""timezoneAssumed"":""Asia/Seoul(원문에 시간대 표기 없음)"",""corporateAction"":false,""actionWord"":null},{""id"":""7267213"",""title"":""에이치엠엠(주) 본점소재지변경"",""author"":""KOSCOM"",""datetimeRaw"":""2026-05-22T17:12:00"",""publishedAt"":""2026-05-22T17:12:00+09:00"",""timezoneAssumed"":""Asia/Seoul(원문에 시간대 표기 없음)"",""corporateAction"":false,""actionWord"":null},{""id"":""24351475"",""title"":""에이치엠엠(주) 주식선물ㆍ주식옵션 2단계 가격제한폭 확대요건 도달(상승)"",""author"":""KOSCOM"",""datetimeRaw"":""2026-06-10T06:51:01"",""publishedAt"":""2026-06-10T06:51:01+09:00"",""timezoneAssumed"":""Asia/Seoul(원문에 시간대 표기 없음)"",""corporateAction"":false,""actionWord"":null},{""id"":""35303724"",""title"":""에이치엠엠(주) 주식선물ㆍ주식옵션 2단계 가격제한폭 확대요건 도달(하락)"",""author"":""KOSCOM"",""datetimeRaw"":""2026-06-18T06:50:54"",""publishedAt"":""2026-06-18T06:50:54+09:00"",""timezoneAssumed"":""Asia/Seoul(원문에 시간대 표기 없음)"",""corporateAction"":false,""actionWord"":null},{""id"":""41574224"",""title"":""에이치엠엠(주) 신규시설투자등"",""author"":""KOSCOM"",""datetimeRaw"":""2026-06-24T06:51:55"",""publishedAt"":""2026-06-24T06:51:55+09:00"",""timezoneAssumed"":""Asia/Seoul(원문에 시간대 표기 없음)"",""corporateAction"":false,""actionWord"":null},{""id"":""46141522"",""title"":""에이치엠엠(주) 단일판매ㆍ공급계약체결"",""author"":""KOSCOM"",""datetimeRaw"":""2026-06-26T06:52:26"",""publishedAt"":""2026-06-26T06:52:26+09:00"",""timezoneAssumed"":""Asia/Seoul(원문에 시간대 표기 없음)"",""corporateAction"":false,""actionWord"":null},{""id"":""62257583"",""title"":""에이치엠엠(주) 풍문 또는 보도에 대한 해명(미확정)"",""author"":""KOSCOM"",""datetimeRaw"":""2026-07-09T06:50:22"",""publishedAt"":""2026-07-09T06:50:22+09:00"",""timezoneAssumed"":""Asia/Seoul(원문에 시간대 표기 없음)"",""corporateAction"":false,""actionWord"":null},{""id"":""78386836"",""title"":""에이치엠엠(주) 장래사업ㆍ경영 계획(공정공시)"",""author"":""KOSCOM"",""datetimeRaw"":""2026-07-24T06:50:19"",""publishedAt"":""2026-07-24T06:50:19+09:00"",""timezoneAssumed"":""Asia/Seoul(원문에 시간대 표기 없음)"",""corporateAction"":false,""actionWord"":null},{""id"":""97368507"",""title"":""에이치엠엠(주) 풍문 또는 보도에 대한 해명(미확정)"",""author"":""KOSCOM"",""datetimeRaw"":""2026-08-07T06:50:28"",""publishedAt"":""2026-08-07T06:50:28+09:00"",""timezoneAssumed"":""Asia/Seoul(원문에 시간대 표기 없음)"",""corporateAction"":false,""actionWord"":null},{""id"":""107528402"",""title"":""에이치엠엠(주) 주식선물ㆍ주식옵션 2단계 가격제한폭 확대요건 도달(상승)"",""author"":""KOSCOM"",""datetimeRaw"":""2026-08-18T06:50:12"",""publishedAt"":""2026-08-18T06:50:12+09:00"",""timezoneAssumed"":""Asia/Seoul(원문에 시간대 표기 없음)"",""corporateAction"":false,""actionWord"":null},{""id"":""125421023"",""title"":""에이치엠엠(주) 단일판매ㆍ공급계약체결"",""author"":""KOSCOM"",""datetimeRaw"":""2026-09-08T06:50:25"",""publishedAt"":""2026-09-08T06:50:25+09:00"",""timezoneAssumed"":""Asia/Seoul(원문에 시간대 표기 없음)"",""corporateAction"":false,""actionWord"":null}]",,,0,,,,,,
collection-6faace2795fa0d3f,collection,2026-09-30,2026-09-29T22:27:33Z,,,"{""contextFile"":""reports/atlas11/context/2026-09-30/2026-09-29T22-27-33Z.json""}",context_disclosures,2026-09-30,기업행위 공시,,,,,false,012330,현대모비스,,,https://m.stock.naver.com/api/stock/012330/disclosure?pageSize=20&page=1,f7098253abe02d43d5006ab3c65d13b4f395bd74d1ef41aabe2c7e278e507a9c,"[{""id"":""40036361"",""title"":""현대모비스(주) 주식선물ㆍ주식옵션 2단계 가격제한폭 확대요건 도달(하락)"",""author"":""KOSCOM"",""datetimeRaw"":""2026-06-23T06:51:07"",""publishedAt"":""2026-06-23T06:51:07+09:00"",""timezoneAssumed"":""Asia/Seoul(원문에 시간대 표기 없음)"",""corporateAction"":false,""actionWord"":null},{""id"":""46071848"",""title"":""현대모비스(주) 지속가능경영보고서 등 관련사항(자율공시)"",""author"":""KOSCOM"",""datetimeRaw"":""2026-06-26T06:52:04"",""publishedAt"":""2026-06-26T06:52:04+09:00"",""timezoneAssumed"":""Asia/Seoul(원문에 시간대 표기 없음)"",""corporateAction"":false,""actionWord"":null},{""id"":""59581336"",""title"":""현대모비스(주) 기업설명회(IR) 개최(안내공시)"",""author"":""KOSCOM"",""datetimeRaw"":""2026-07-07T06:51:06"",""publishedAt"":""2026-07-07T06:51:06+09:00"",""timezoneAssumed"":""Asia/Seoul(원문에 시간대 표기 없음)"",""corporateAction"":false,""actionWord"":null},{""id"":""73535340"",""title"":""현대모비스(주) (정정)주식 소각 결정"",""author"":""KOSCOM"",""datetimeRaw"":""2026-07-21T06:51:15"",""publishedAt"":""2026-07-21T06:51:15+09:00"",""timezoneAssumed"":""Asia/Seoul(원문에 시간대 표기 없음)"",""corporateAction"":true,""actionWord"":""소각""},{""id"":""74348015"",""title"":""현대모비스(주) 주식선물ㆍ주식옵션 2단계 가격제한폭 확대요건 도달(상승)"",""author"":""KOSCOM"",""datetimeRaw"":""2026-07-22T06:50:33"",""publishedAt"":""2026-07-22T06:50:33+09:00"",""timezoneAssumed"":""Asia/Seoul(원문에 시간대 표기 없음)"",""corporateAction"":false,""actionWord"":null},{""id"":""76744031"",""title"":""현대모비스(주) 공정거래 자율준수프로그램 운영현황(안내공시)"",""author"":""KOSCOM"",""datetimeRaw"":""2026-07-23T06:52:40"",""publishedAt"":""2026-07-23T06:52:40+09:00"",""timezoneAssumed"":""Asia/Seoul(원문에 시간대 표기 없음)"",""corporateAction"":false,""actionWord"":null},{""id"":""78324910"",""title"":""현대모비스(주) 현금ㆍ현물배당을 위한 주주명부폐쇄(기준일) 결정"",""author"":""KOSCOM"",""datetimeRaw"":""2026-07-24T06:50:15"",""publishedAt"":""2026-07-24T06:50:15+09:00"",""timezoneAssumed"":""Asia/Seoul(원문에 시간대 표기 없음)"",""corporateAction"":false,""actionWord"":null},{""id"":""78297031"",""title"":""현대모비스(주) 현금ㆍ현물 배당 결정"",""author"":""KOSCOM"",""datetimeRaw"":""2026-07-24T06:50:15"",""publishedAt"":""2026-07-24T06:50:15+09:00"",""timezoneAssumed"":""Asia/Seoul(원문에 시간대 표기 없음)"",""corporateAction"":false,""actionWord"":null},{""id"":""78342565"",""title"":""현대모비스(주) 연결재무제표기준영업(잠정)실적(공정공시)"",""author"":""KOSCOM"",""datetimeRaw"":""2026-07-24T06:50:16"",""publishedAt"":""2026-07-24T06:50:16+09:00"",""timezoneAssumed"":""Asia/Seoul(원문에 시간대 표기 없음)"",""corporateAction"":false,""actionWord"":null},{""id"":""78357309"",""title"":""현대모비스(주) 기업설명회(IR) 개최(안내공시)"",""author"":""KOSCOM"",""datetimeRaw"":""2026-07-24T06:50:18"",""publishedAt"":""2026-07-24T06:50:18+09:00"",""timezoneAssumed"":""Asia/Seoul(원문에 시간대 표기 없음)"",""corporateAction"":false,""actionWord"":null},{""id"":""95541892"",""title"":""현대모비스(주) 중간(분기)배당락 기준가격 안내"",""author"":""KOSCOM"",""datetimeRaw"":""2026-08-06T06:51:02"",""publishedAt"":""2026-08-06T06:51:02+09:00"",""timezoneAssumed"":""Asia/Seoul(원문에 시간대 표기 없음)"",""corporateAction"":true,""actionWord"":""배당락""},{""id"":""97922134"",""title"":""현대모비스(주) 기업설명회(IR) 개최(안내공시)"",""author"":""KOSCOM"",""datetimeRaw"":""2026-08-07T06:51:45"",""publishedAt"":""2026-08-07T06:51:45+09:00"",""timezoneAssumed"":""Asia/Seoul(원문에 시간대 표기 없음)"",""corporateAction"":false,""actionWord"":null},{""id"":""110833254"",""title"":""현대모비스(주) 기업설명회(IR) 개최(안내공시)"",""author"":""KOSCOM"",""datetimeRaw"":""2026-08-21T06:50:59"",""publishedAt"":""2026-08-21T06:50:59+09:00"",""timezoneAssumed"":""Asia/Seoul(원문에 시간대 표기 없음)"",""corporateAction"":false,""actionWord"":null},{""id"":""110919949"",""title"":""현대모비스(주) 변경상장(주식소각)"",""author"":""KOSCOM"",""datetimeRaw"":""2026-08-21T06:51:34"",""publishedAt"":""2026-08-21T06:51:34+09:00"",""timezoneAssumed"":""Asia/Seoul(원문에 시간대 표기 없음)"",""corporateAction"":true,""actionWord"":""소각""},{""id"":""115425312"",""title"":""현대모비스(주) 기업설명회(IR) 개최(안내공시)"",""author"":""KOSCOM"",""datetimeRaw"":""2026-08-27T06:50:36"",""publishedAt"":""2026-08-27T06:50:36+09:00"",""timezoneAssumed"":""Asia/Seoul(원문에 시간대 표기 없음)"",""corporateAction"":false,""actionWord"":null},{""id"":""117264531"",""title"":""현대모비스(주) 기업설명회(IR) 개최(안내공시)"",""author"":""KOSCOM"",""datetimeRaw"":""2026-08-28T06:50:56"",""publishedAt"":""2026-08-28T06:50:56+09:00"",""timezoneAssumed"":""Asia/Seoul(원문에 시간대 표기 없음)"",""corporateAction"":false,""actionWord"":null},{""id"":""118623647"",""title"":""현대모비스(주) 기업설명회(IR) 개최(안내공시)"",""author"":""KOSCOM"",""datetimeRaw"":""2026-08-31T06:53:21"",""publishedAt"":""2026-08-31T06:53:21+09:00"",""timezoneAssumed"":""Asia/Seoul(원문에 시간대 표기 없음)"",""corporateAction"":false,""actionWord"":null},{""id"":""123893152"",""title"":""현대모비스(주) 기업설명회(IR) 개최(안내공시)"",""author"":""KOSCOM"",""datetimeRaw"":""2026-09-04T06:50:41"",""publishedAt"":""2026-09-04T06:50:41+09:00"",""timezoneAssumed"":""Asia/Seoul(원문에 시간대 표기 없음)"",""corporateAction"":false,""actionWord"":null},{""id"":""126522516"",""title"":""현대모비스(주) 기업설명회(IR) 개최(안내공시)"",""author"":""KOSCOM"",""datetimeRaw"":""2026-09-09T06:50:59"",""publishedAt"":""2026-09-09T06:50:59+09:00"",""timezoneAssumed"":""Asia/Seoul(원문에 시간대 표기 없음)"",""corporateAction"":false,""actionWord"":null},{""id"":""136866816"",""title"":""현대모비스(주) 기업설명회(IR) 개최(안내공시)"",""author"":""KOSCOM"",""datetimeRaw"":""2026-09-21T06:50:49"",""publishedAt"":""2026-09-21T06:50:49+09:00"",""timezoneAssumed"":""Asia/Seoul(원문에 시간대 표기 없음)"",""corporateAction"":false,""actionWord"":null}]",,,3,,,,,,
collection-9569bd29d218b7c8,collection,2026-09-30,2026-09-29T22:27:33Z,,,"{""contextFile"":""reports/atlas11/context/2026-09-30/2026-09-29T22-27-33Z.json""}",context_disclosures,2026-09-30,새 공시,,,,,false,012450,한화에어로스페이스,,,https://m.stock.naver.com/api/stock/012450/disclosure?pageSize=20&page=1,66866ae73a425044d6ef10dc7b0ecda0aa38ecc2fcd6af37679c10cce4dd3a63,"[{""id"":""76712006"",""title"":""한화에어로스페이스(주) 풍문 또는 보도에 대한 해명(미확정)"",""author"":""KOSCOM"",""datetimeRaw"":""2026-07-23T06:52:27"",""publishedAt"":""2026-07-23T06:52:27+09:00"",""timezoneAssumed"":""Asia/Seoul(원문에 시간대 표기 없음)"",""corporateAction"":false,""actionWord"":null},{""id"":""78351408"",""title"":""한화에어로스페이스(주) 주식선물ㆍ주식옵션 2단계 가격제한폭 확대요건 도달(상승)"",""author"":""KOSCOM"",""datetimeRaw"":""2026-07-24T06:50:17"",""publishedAt"":""2026-07-24T06:50:17+09:00"",""timezoneAssumed"":""Asia/Seoul(원문에 시간대 표기 없음)"",""corporateAction"":false,""actionWord"":null},{""id"":""79942634"",""title"":""한화에어로스페이스(주) 투자판단 관련 주요경영사항"",""author"":""KOSCOM"",""datetimeRaw"":""2026-07-27T06:50:08"",""publishedAt"":""2026-07-27T06:50:08+09:00"",""timezoneAssumed"":""Asia/Seoul(원문에 시간대 표기 없음)"",""corporateAction"":false,""actionWord"":null},{""id"":""84588584"",""title"":""한화에어로스페이스(주) 주식선물ㆍ주식옵션 2단계 가격제한폭 확대요건 도달(상승)"",""author"":""KOSCOM"",""datetimeRaw"":""2026-07-30T06:50:42"",""publishedAt"":""2026-07-30T06:50:42+09:00"",""timezoneAssumed"":""Asia/Seoul(원문에 시간대 표기 없음)"",""corporateAction"":false,""actionWord"":null},{""id"":""88133481"",""title"":""한화에어로스페이스(주) 연결재무제표기준영업(잠정)실적(공정공시)"",""author"":""KOSCOM"",""datetimeRaw"":""2026-07-31T06:51:08"",""publishedAt"":""2026-07-31T06:51:08+09:00"",""timezoneAssumed"":""Asia/Seoul(원문에 시간대 표기 없음)"",""corporateAction"":false,""actionWord"":null},{""id"":""90523656"",""title"":""한화에어로스페이스(주) 단일판매ㆍ공급계약 해지"",""author"":""KOSCOM"",""datetimeRaw"":""2026-08-03T06:51:47"",""publishedAt"":""2026-08-03T06:51:47+09:00"",""timezoneAssumed"":""Asia/Seoul(원문에 시간대 표기 없음)"",""corporateAction"":false,""actionWord"":null},{""id"":""91520080"",""title"":""한화에어로스페이스(주) 주식선물ㆍ주식옵션 2단계 가격제한폭 확대요건 도달(상승)"",""author"":""KOSCOM"",""datetimeRaw"":""2026-08-04T06:50:32"",""publishedAt"":""2026-08-04T06:50:32+09:00"",""timezoneAssumed"":""Asia/Seoul(원문에 시간대 표기 없음)"",""corporateAction"":false,""actionWord"":null},{""id"":""97712448"",""title"":""한화에어로스페이스(주) 주주총회소집결의"",""author"":""KOSCOM"",""datetimeRaw"":""2026-08-07T06:50:56"",""publishedAt"":""2026-08-07T06:50:56+09:00"",""timezoneAssumed"":""Asia/Seoul(원문에 시간대 표기 없음)"",""corporateAction"":false,""actionWord"":null},{""id"":""97723383"",""title"":""한화에어로스페이스(주) 주주명부폐쇄기간 또는 기준일 설정"",""author"":""KOSCOM"",""datetimeRaw"":""2026-08-07T06:50:59"",""publishedAt"":""2026-08-07T06:50:59+09:00"",""timezoneAssumed"":""Asia/Seoul(원문에 시간대 표기 없음)"",""corporateAction"":false,""actionWord"":null},{""id"":""99897821"",""title"":""한화에어로스페이스(주) 풍문 또는 보도에 대한 해명(미확정)"",""author"":""KOSCOM"",""datetimeRaw"":""2026-08-11T06:50:24"",""publishedAt"":""2026-08-11T06:50:24+09:00"",""timezoneAssumed"":""Asia/Seoul(원문에 시간대 표기 없음)"",""corporateAction"":false,""actionWord"":null},{""id"":""107921547"",""title"":""한화에어로스페이스(주) 주식선물ㆍ주식옵션 2단계 가격제한폭 확대요건 도달(상승)"",""author"":""KOSCOM"",""datetimeRaw"":""2026-08-19T06:50:17"",""publishedAt"":""2026-08-19T06:50:17+09:00"",""timezoneAssumed"":""Asia/Seoul(원문에 시간대 표기 없음)"",""corporateAction"":false,""actionWord"":null},{""id"":""117421285"",""title"":""한화에어로스페이스(주) 기업설명회(IR) 개최(안내공시)"",""author"":""KOSCOM"",""datetimeRaw"":""2026-08-28T06:52:06"",""publishedAt"":""2026-08-28T06:52:06+09:00"",""timezoneAssumed"":""Asia/Seoul(원문에 시간대 표기 없음)"",""corporateAction"":false,""actionWord"":null},{""id"":""117427084"",""title"":""한화에어로스페이스(주) (정정)기업설명회(IR) 개최(안내공시)"",""author"":""KOSCOM"",""datetimeRaw"":""2026-08-28T06:52:10"",""publishedAt"":""2026-08-28T06:52:10+09:00"",""timezoneAssumed"":""Asia/Seoul(원문에 시간대 표기 없음)"",""corporateAction"":false,""actionWord"":null},{""id"":""118390423"",""title"":""한화에어로스페이스(주) 단일판매ㆍ공급계약체결"",""author"":""KOSCOM"",""datetimeRaw"":""2026-08-31T06:50:39"",""publishedAt"":""2026-08-31T06:50:39+09:00"",""timezoneAssumed"":""Asia/Seoul(원문에 시간대 표기 없음)"",""corporateAction"":false,""actionWord"":null},{""id"":""124765213"",""title"":""한화에어로스페이스(주) 풍문 또는 보도에 대한 해명(미확정)"",""author"":""KOSCOM"",""datetimeRaw"":""2026-09-07T06:50:15"",""publishedAt"":""2026-09-07T06:50:15+09:00"",""timezoneAssumed"":""Asia/Seoul(원문에 시간대 표기 없음)"",""corporateAction"":false,""actionWord"":null},{""id"":""127984691"",""title"":""한화에어로스페이스(주) 풍문 또는 보도에 대한 해명(미확정)"",""author"":""KOSCOM"",""datetimeRaw"":""2026-09-10T06:50:58"",""publishedAt"":""2026-09-10T06:50:58+09:00"",""timezoneAssumed"":""Asia/Seoul(원문에 시간대 표기 없음)"",""corporateAction"":false,""actionWord"":null},{""id"":""127976732"",""title"":""한화에어로스페이스(주) 기업설명회(IR) 개최(안내공시)"",""author"":""KOSCOM"",""datetimeRaw"":""2026-09-10T06:50:58"",""publishedAt"":""2026-09-10T06:50:58+09:00"",""timezoneAssumed"":""Asia/Seoul(원문에 시간대 표기 없음)"",""corporateAction"":false,""actionWord"":null},{""id"":""129070763"",""title"":""한화에어로스페이스(주) 단일판매ㆍ공급계약 체결(자율공시)"",""author"":""KOSCOM"",""datetimeRaw"":""2026-09-11T06:50:03"",""publishedAt"":""2026-09-11T06:50:03+09:00"",""timezoneAssumed"":""Asia/Seoul(원문에 시간대 표기 없음)"",""corporateAction"":false,""actionWord"":null},{""id"":""135872141"",""title"":""한화에어로스페이스(주) 임시주주총회 결과"",""author"":""KOSCOM"",""datetimeRaw"":""2026-09-18T06:51:54"",""publishedAt"":""2026-09-18T06:51:54+09:00"",""timezoneAssumed"":""Asia/Seoul(원문에 시간대 표기 없음)"",""corporateAction"":false,""actionWord"":null},{""id"":""135873472"",""title"":""한화에어로스페이스(주) 대표이사(대표집행임원) 변경(안내공시)"",""author"":""KOSCOM"",""datetimeRaw"":""2026-09-18T06:51:55"",""publishedAt"":""2026-09-18T06:51:55+09:00"",""timezoneAssumed"":""Asia/Seoul(원문에 시간대 표기 없음)"",""corporateAction"":false,""actionWord"":null}]",,,0,,,,,,
collection-31586cdc53ee32d6,collection,2026-09-30,2026-09-29T22:27:33Z,,,"{""contextFile"":""reports/atlas11/context/2026-09-30/2026-09-29T22-27-33Z.json""}",context_disclosures,2026-09-30,새 공시,,,,,false,012750,에스원,,,https://m.stock.naver.com/api/stock/012750/disclosure?pageSize=20&page=1,1080dce91e35ce325910f4530313131cb272355bddfba9bc36634d8150765ee1,"[{""id"":""1616902"",""title"":""(주)에스원 기업가치 제고 계획(자율공시)"",""author"":""KOSCOM"",""datetimeRaw"":""2026-03-19T06:58:18"",""publishedAt"":""2026-03-19T06:58:18+09:00"",""timezoneAssumed"":""Asia/Seoul(원문에 시간대 표기 없음)"",""corporateAction"":false,""actionWord"":null},{""id"":""1627975"",""title"":""(주)에스원 주식선물 2단계 가격제한폭 확대요건 도달(상승)"",""author"":""KOSCOM"",""datetimeRaw"":""2026-04-08T06:50:14"",""publishedAt"":""2026-04-08T06:50:14+09:00"",""timezoneAssumed"":""Asia/Seoul(원문에 시간대 표기 없음)"",""corporateAction"":false,""actionWord"":null},{""id"":""1633705"",""title"":""(주)에스원 결산실적공시 예고(안내공시)"",""author"":""KOSCOM"",""datetimeRaw"":""2026-04-24T06:51:57"",""publishedAt"":""2026-04-24T06:51:57+09:00"",""timezoneAssumed"":""Asia/Seoul(원문에 시간대 표기 없음)"",""corporateAction"":false,""actionWord"":null},{""id"":""1636517"",""title"":""(주)에스원 연결재무제표기준영업(잠정)실적(공정공시)"",""author"":""KOSCOM"",""datetimeRaw"":""2026-04-30T15:39:31"",""publishedAt"":""2026-04-30T15:39:31+09:00"",""timezoneAssumed"":""Asia/Seoul(원문에 시간대 표기 없음)"",""corporateAction"":false,""actionWord"":null},{""id"":""1638414"",""title"":""(주)에스원 공매도 과열종목 지정(공매도 거래 금지 적용)"",""author"":""KOSCOM"",""datetimeRaw"":""2026-05-06T06:54:50"",""publishedAt"":""2026-05-06T06:54:50+09:00"",""timezoneAssumed"":""Asia/Seoul(원문에 시간대 표기 없음)"",""corporateAction"":false,""actionWord"":null},{""id"":""1639607"",""title"":""(주)에스원 기업설명회(IR) 개최(안내공시)"",""author"":""KOSCOM"",""datetimeRaw"":""2026-05-11T06:50:36"",""publishedAt"":""2026-05-11T06:50:36+09:00"",""timezoneAssumed"":""Asia/Seoul(원문에 시간대 표기 없음)"",""corporateAction"":false,""actionWord"":null},{""id"":""21334050"",""title"":""(주)에스원 주식선물 2단계 가격제한폭 확대요건 도달(하락)"",""author"":""KOSCOM"",""datetimeRaw"":""2026-06-08T06:50:57"",""publishedAt"":""2026-06-08T06:50:57+09:00"",""timezoneAssumed"":""Asia/Seoul(원문에 시간대 표기 없음)"",""corporateAction"":false,""actionWord"":null},{""id"":""21588934"",""title"":""(주)에스원 주식선물 2단계 가격제한폭 확대요건 도달(상승)"",""author"":""KOSCOM"",""datetimeRaw"":""2026-06-08T06:51:38"",""publishedAt"":""2026-06-08T06:51:38+09:00"",""timezoneAssumed"":""Asia/Seoul(원문에 시간대 표기 없음)"",""corporateAction"":false,""actionWord"":null},{""id"":""28798627"",""title"":""(주)에스원 주식선물 2단계 가격제한폭 확대요건 도달(상승)"",""author"":""KOSCOM"",""datetimeRaw"":""2026-06-12T06:51:04"",""publishedAt"":""2026-06-12T06:51:04+09:00"",""timezoneAssumed"":""Asia/Seoul(원문에 시간대 표기 없음)"",""corporateAction"":false,""actionWord"":null},{""id"":""28942984"",""title"":""(주)에스원 주식선물 3단계 가격제한폭 확대요건 도달(상승)"",""author"":""KOSCOM"",""datetimeRaw"":""2026-06-12T06:51:18"",""publishedAt"":""2026-06-12T06:51:18+09:00"",""timezoneAssumed"":""Asia/Seoul(원문에 시간대 표기 없음)"",""corporateAction"":false,""actionWord"":null},{""id"":""30350244"",""title"":""(주)에스원 주식선물 2단계 가격제한폭 확대요건 도달(하락)"",""author"":""KOSCOM"",""datetimeRaw"":""2026-06-15T06:50:22"",""publishedAt"":""2026-06-15T06:50:22+09:00"",""timezoneAssumed"":""Asia/Seoul(원문에 시간대 표기 없음)"",""corporateAction"":false,""actionWord"":null},{""id"":""30592407"",""title"":""(주)에스원 단일판매ㆍ공급계약체결"",""author"":""KOSCOM"",""datetimeRaw"":""2026-06-15T06:51:01"",""publishedAt"":""2026-06-15T06:51:01+09:00"",""timezoneAssumed"":""Asia/Seoul(원문에 시간대 표기 없음)"",""corporateAction"":false,""actionWord"":null},{""id"":""30975512"",""title"":""(주)에스원 공매도 과열종목 지정(공매도 거래 금지 적용)"",""author"":""KOSCOM"",""datetimeRaw"":""2026-06-15T06:53:26"",""publishedAt"":""2026-06-15T06:53:26+09:00"",""timezoneAssumed"":""Asia/Seoul(원문에 시간대 표기 없음)"",""corporateAction"":false,""actionWord"":null},{""id"":""33309690"",""title"":""(주)에스원 주식선물 2단계 가격제한폭 확대요건 도달(하락)"",""author"":""KOSCOM"",""datetimeRaw"":""2026-06-17T06:50:41"",""publishedAt"":""2026-06-17T06:50:41+09:00"",""timezoneAssumed"":""Asia/Seoul(원문에 시간대 표기 없음)"",""corporateAction"":false,""actionWord"":null},{""id"":""63060425"",""title"":""(주)에스원 [투자주의]소수계좌 거래집중 종목"",""author"":""KOSCOM"",""datetimeRaw"":""2026-07-09T06:53:31"",""publishedAt"":""2026-07-09T06:53:31+09:00"",""timezoneAssumed"":""Asia/Seoul(원문에 시간대 표기 없음)"",""corporateAction"":false,""actionWord"":null},{""id"":""63060443"",""title"":""(주)에스원 [투자주의]종가급변 종목"",""author"":""KOSCOM"",""datetimeRaw"":""2026-07-09T06:53:37"",""publishedAt"":""2026-07-09T06:53:37+09:00"",""timezoneAssumed"":""Asia/Seoul(원문에 시간대 표기 없음)"",""corporateAction"":false,""actionWord"":null},{""id"":""80217080"",""title"":""(주)에스원 결산실적공시 예고(안내공시)"",""author"":""KOSCOM"",""datetimeRaw"":""2026-07-27T06:51:51"",""publishedAt"":""2026-07-27T06:51:51+09:00"",""timezoneAssumed"":""Asia/Seoul(원문에 시간대 표기 없음)"",""corporateAction"":false,""actionWord"":null},{""id"":""88212344"",""title"":""(주)에스원 연결재무제표기준영업(잠정)실적(공정공시)"",""author"":""KOSCOM"",""datetimeRaw"":""2026-07-31T06:51:22"",""publishedAt"":""2026-07-31T06:51:22+09:00"",""timezoneAssumed"":""Asia/Seoul(원문에 시간대 표기 없음)"",""corporateAction"":false,""actionWord"":null},{""id"":""90374340"",""title"":""(주)에스원 기업설명회(IR) 개최(안내공시)"",""author"":""KOSCOM"",""datetimeRaw"":""2026-08-03T06:51:29"",""publishedAt"":""2026-08-03T06:51:29+09:00"",""timezoneAssumed"":""Asia/Seoul(원문에 시간대 표기 없음)"",""corporateAction"":false,""actionWord"":null},{""id"":""142257364"",""title"":""(주)에스원 단일판매ㆍ공급계약체결"",""author"":""KOSCOM"",""datetimeRaw"":""2026-09-29T06:51:25"",""publishedAt"":""2026-09-29T06:51:25+09:00"",""timezoneAssumed"":""Asia/Seoul(원문에 시간대 표기 없음)"",""corporateAction"":false,""actionWord"":null}]",,,0,,,,,,
collection-231fd7e479415c4f,collection,2026-09-30,2026-09-29T22:27:33Z,,,"{""contextFile"":""reports/atlas11/context/2026-09-30/2026-09-29T22-27-33Z.json""}",context_disclosures,2026-09-30,새 공시,,,,,false,015760,한국전력,,,https://m.stock.naver.com/api/stock/015760/disclosure?pageSize=20&page=1,a7e0208cc2faa79aab41629f6856ccec230618df71b13864e023c144004946f1,"[{""id"":""1638212"",""title"":""한국전력공사(주) 주주총회소집결의"",""author"":""KOSCOM"",""datetimeRaw"":""2026-05-06T06:52:35"",""publishedAt"":""2026-05-06T06:52:35+09:00"",""timezoneAssumed"":""Asia/Seoul(원문에 시간대 표기 없음)"",""corporateAction"":false,""actionWord"":null},{""id"":""1639141"",""title"":""한국전력공사(주) 결산실적공시 예고(안내공시)"",""author"":""KOSCOM"",""datetimeRaw"":""2026-05-08T06:50:54"",""publishedAt"":""2026-05-08T06:50:54+09:00"",""timezoneAssumed"":""Asia/Seoul(원문에 시간대 표기 없음)"",""corporateAction"":false,""actionWord"":null},{""id"":""1639142"",""title"":""한국전력공사(주) 기업설명회(IR) 개최(안내공시)"",""author"":""KOSCOM"",""datetimeRaw"":""2026-05-08T06:50:55"",""publishedAt"":""2026-05-08T06:50:55+09:00"",""timezoneAssumed"":""Asia/Seoul(원문에 시간대 표기 없음)"",""corporateAction"":false,""actionWord"":null},{""id"":""1640748"",""title"":""한국전력공사(주) 연결재무제표기준영업(잠정)실적(공정공시)"",""author"":""KOSCOM"",""datetimeRaw"":""2026-05-13T06:51:42"",""publishedAt"":""2026-05-13T06:51:42+09:00"",""timezoneAssumed"":""Asia/Seoul(원문에 시간대 표기 없음)"",""corporateAction"":false,""actionWord"":null},{""id"":""5016524"",""title"":""한국전력공사(주) 임시주주총회 결과"",""author"":""KOSCOM"",""datetimeRaw"":""2026-05-21T06:52:15"",""publishedAt"":""2026-05-21T06:52:15+09:00"",""timezoneAssumed"":""Asia/Seoul(원문에 시간대 표기 없음)"",""corporateAction"":false,""actionWord"":null},{""id"":""6417206"",""title"":""한국전력공사(주) 소송등의제기ㆍ신청(일정금액 이상의 청구)"",""author"":""KOSCOM"",""datetimeRaw"":""2026-05-22T07:32:38"",""publishedAt"":""2026-05-22T07:32:38+09:00"",""timezoneAssumed"":""Asia/Seoul(원문에 시간대 표기 없음)"",""corporateAction"":false,""actionWord"":null},{""id"":""7285706"",""title"":""한국전력공사(주) (정정)소송등의제기ㆍ신청(일정금액 이상의 청구)"",""author"":""KOSCOM"",""datetimeRaw"":""2026-05-22T17:22:17"",""publishedAt"":""2026-05-22T17:22:17+09:00"",""timezoneAssumed"":""Asia/Seoul(원문에 시간대 표기 없음)"",""corporateAction"":false,""actionWord"":null},{""id"":""15969112"",""title"":""한국전력공사(주) 주주총회소집결의"",""author"":""KOSCOM"",""datetimeRaw"":""2026-06-02T06:51:04"",""publishedAt"":""2026-06-02T06:51:04+09:00"",""timezoneAssumed"":""Asia/Seoul(원문에 시간대 표기 없음)"",""corporateAction"":false,""actionWord"":null},{""id"":""30388078"",""title"":""한국전력공사(주) 주식선물ㆍ주식옵션 2단계 가격제한폭 확대요건 도달(상승)"",""author"":""KOSCOM"",""datetimeRaw"":""2026-06-15T06:50:46"",""publishedAt"":""2026-06-15T06:50:46+09:00"",""timezoneAssumed"":""Asia/Seoul(원문에 시간대 표기 없음)"",""corporateAction"":false,""actionWord"":null},{""id"":""33431981"",""title"":""한국전력공사(주) 임시주주총회 결과"",""author"":""KOSCOM"",""datetimeRaw"":""2026-06-17T06:51:45"",""publishedAt"":""2026-06-17T06:51:45+09:00"",""timezoneAssumed"":""Asia/Seoul(원문에 시간대 표기 없음)"",""corporateAction"":false,""actionWord"":null},{""id"":""39755112"",""title"":""한국전력공사(주) 소송등의판결ㆍ결정(일정금액 이상의 청구)"",""author"":""KOSCOM"",""datetimeRaw"":""2026-06-23T06:50:01"",""publishedAt"":""2026-06-23T06:50:01+09:00"",""timezoneAssumed"":""Asia/Seoul(원문에 시간대 표기 없음)"",""corporateAction"":false,""actionWord"":null},{""id"":""41381728"",""title"":""한국전력공사(주) 중대재해 발생(종속회사의 주요경영사항)"",""author"":""KOSCOM"",""datetimeRaw"":""2026-06-24T06:51:18"",""publishedAt"":""2026-06-24T06:51:18+09:00"",""timezoneAssumed"":""Asia/Seoul(원문에 시간대 표기 없음)"",""corporateAction"":false,""actionWord"":null},{""id"":""48196560"",""title"":""한국전력공사(주) 기타 경영사항(자율공시)(종속회사의 주요경영사항)"",""author"":""KOSCOM"",""datetimeRaw"":""2026-06-29T06:53:09"",""publishedAt"":""2026-06-29T06:53:09+09:00"",""timezoneAssumed"":""Asia/Seoul(원문에 시간대 표기 없음)"",""corporateAction"":false,""actionWord"":null},{""id"":""97706218"",""title"":""한국전력공사(주) 결산실적공시 예고(안내공시)"",""author"":""KOSCOM"",""datetimeRaw"":""2026-08-07T06:50:55"",""publishedAt"":""2026-08-07T06:50:55+09:00"",""timezoneAssumed"":""Asia/Seoul(원문에 시간대 표기 없음)"",""corporateAction"":false,""actionWord"":null},{""id"":""97707776"",""title"":""한국전력공사(주) 기업설명회(IR) 개최(안내공시)"",""author"":""KOSCOM"",""datetimeRaw"":""2026-08-07T06:50:56"",""publishedAt"":""2026-08-07T06:50:56+09:00"",""timezoneAssumed"":""Asia/Seoul(원문에 시간대 표기 없음)"",""corporateAction"":false,""actionWord"":null},{""id"":""101256097"",""title"":""한국전력공사(주) 연결재무제표기준영업(잠정)실적(공정공시)"",""author"":""KOSCOM"",""datetimeRaw"":""2026-08-12T06:51:31"",""publishedAt"":""2026-08-12T06:51:31+09:00"",""timezoneAssumed"":""Asia/Seoul(원문에 시간대 표기 없음)"",""corporateAction"":false,""actionWord"":null},{""id"":""108276267"",""title"":""한국전력공사(주) 공매도 과열종목 지정(공매도 거래 금지 적용)"",""author"":""KOSCOM"",""datetimeRaw"":""2026-08-19T06:53:03"",""publishedAt"":""2026-08-19T06:53:03+09:00"",""timezoneAssumed"":""Asia/Seoul(원문에 시간대 표기 없음)"",""corporateAction"":false,""actionWord"":null},{""id"":""113578193"",""title"":""한국전력공사(주) 주식선물ㆍ주식옵션 2단계 가격제한폭 확대요건 도달(상승)"",""author"":""KOSCOM"",""datetimeRaw"":""2026-08-26T06:50:13"",""publishedAt"":""2026-08-26T06:50:13+09:00"",""timezoneAssumed"":""Asia/Seoul(원문에 시간대 표기 없음)"",""corporateAction"":false,""actionWord"":null},{""id"":""115490716"",""title"":""한국전력공사(주) 주주명부폐쇄기간 또는 기준일 설정"",""author"":""KOSCOM"",""datetimeRaw"":""2026-08-27T06:50:58"",""publishedAt"":""2026-08-27T06:50:58+09:00"",""timezoneAssumed"":""Asia/Seoul(원문에 시간대 표기 없음)"",""corporateAction"":false,""actionWord"":null},{""id"":""122391253"",""title"":""한국전력공사(주) 풍문 또는 보도에 대한 해명(미확정)"",""author"":""KOSCOM"",""datetimeRaw"":""2026-09-03T06:51:20"",""publishedAt"":""2026-09-03T06:51:20+09:00"",""timezoneAssumed"":""Asia/Seoul(원문에 시간대 표기 없음)"",""corporateAction"":false,""actionWord"":null}]",,,0,,,,,,
collection-b00ff08c80367af4,collection,2026-09-30,2026-09-29T22:27:33Z,,,"{""contextFile"":""reports/atlas11/context/2026-09-30/2026-09-29T22-27-33Z.json""}",context_disclosures,2026-09-30,기업행위 공시,,,,,false,017670,SK텔레콤,,,https://m.stock.naver.com/api/stock/017670/disclosure?pageSize=20&page=1,4b1fe697e81f8bb7053dbc46c714e3f79a15ff2a5648b95e6672b81be1cd8817,"[{""id"":""49614730"",""title"":""SK텔레콤(주) 지속가능경영보고서 등 관련사항(자율공시)"",""author"":""KOSCOM"",""datetimeRaw"":""2026-06-30T06:52:51"",""publishedAt"":""2026-06-30T06:52:51+09:00"",""timezoneAssumed"":""Asia/Seoul(원문에 시간대 표기 없음)"",""corporateAction"":false,""actionWord"":null},{""id"":""64225810"",""title"":""SK텔레콤(주) 풍문 또는 보도에 대한 해명(미확정)"",""author"":""KOSCOM"",""datetimeRaw"":""2026-07-10T06:50:51"",""publishedAt"":""2026-07-10T06:50:51+09:00"",""timezoneAssumed"":""Asia/Seoul(원문에 시간대 표기 없음)"",""corporateAction"":false,""actionWord"":null},{""id"":""72831768"",""title"":""SK텔레콤(주) 주식선물ㆍ주식옵션 2단계 가격제한폭 확대요건 도달(하락)"",""author"":""KOSCOM"",""datetimeRaw"":""2026-07-20T06:50:16"",""publishedAt"":""2026-07-20T06:50:16+09:00"",""timezoneAssumed"":""Asia/Seoul(원문에 시간대 표기 없음)"",""corporateAction"":false,""actionWord"":null},{""id"":""74353554"",""title"":""SK텔레콤(주) 주식선물ㆍ주식옵션 2단계 가격제한폭 확대요건 도달(상승)"",""author"":""KOSCOM"",""datetimeRaw"":""2026-07-22T06:50:34"",""publishedAt"":""2026-07-22T06:50:34+09:00"",""timezoneAssumed"":""Asia/Seoul(원문에 시간대 표기 없음)"",""corporateAction"":false,""actionWord"":null},{""id"":""76593964"",""title"":""SK텔레콤(주) 현금ㆍ현물배당을 위한 주주명부폐쇄(기준일) 결정"",""author"":""KOSCOM"",""datetimeRaw"":""2026-07-23T06:51:37"",""publishedAt"":""2026-07-23T06:51:37+09:00"",""timezoneAssumed"":""Asia/Seoul(원문에 시간대 표기 없음)"",""corporateAction"":false,""actionWord"":null},{""id"":""76598702"",""title"":""SK텔레콤(주) 현금ㆍ현물 배당 결정"",""author"":""KOSCOM"",""datetimeRaw"":""2026-07-23T06:51:38"",""publishedAt"":""2026-07-23T06:51:38+09:00"",""timezoneAssumed"":""Asia/Seoul(원문에 시간대 표기 없음)"",""corporateAction"":false,""actionWord"":null},{""id"":""76779844"",""title"":""SK텔레콤(주) 투자판단 관련 주요경영사항"",""author"":""KOSCOM"",""datetimeRaw"":""2026-07-23T06:52:53"",""publishedAt"":""2026-07-23T06:52:53+09:00"",""timezoneAssumed"":""Asia/Seoul(원문에 시간대 표기 없음)"",""corporateAction"":false,""actionWord"":null},{""id"":""76788436"",""title"":""SK텔레콤(주) 타법인주식및출자증권취득결정"",""author"":""KOSCOM"",""datetimeRaw"":""2026-07-23T06:52:57"",""publishedAt"":""2026-07-23T06:52:57+09:00"",""timezoneAssumed"":""Asia/Seoul(원문에 시간대 표기 없음)"",""corporateAction"":false,""actionWord"":null},{""id"":""76909257"",""title"":""SK텔레콤(주) (정정)타법인주식및출자증권취득결정"",""author"":""KOSCOM"",""datetimeRaw"":""2026-07-23T06:54:01"",""publishedAt"":""2026-07-23T06:54:01+09:00"",""timezoneAssumed"":""Asia/Seoul(원문에 시간대 표기 없음)"",""corporateAction"":false,""actionWord"":null},{""id"":""80805681"",""title"":""SK텔레콤(주) 주식선물ㆍ주식옵션 2단계 가격제한폭 확대요건 도달(하락)"",""author"":""KOSCOM"",""datetimeRaw"":""2026-07-28T06:50:34"",""publishedAt"":""2026-07-28T06:50:34+09:00"",""timezoneAssumed"":""Asia/Seoul(원문에 시간대 표기 없음)"",""corporateAction"":false,""actionWord"":null},{""id"":""82324509"",""title"":""SK텔레콤(주) 기업설명회(IR) 개최(안내공시)"",""author"":""KOSCOM"",""datetimeRaw"":""2026-07-29T06:51:21"",""publishedAt"":""2026-07-29T06:51:21+09:00"",""timezoneAssumed"":""Asia/Seoul(원문에 시간대 표기 없음)"",""corporateAction"":false,""actionWord"":null},{""id"":""91431383"",""title"":""SK텔레콤(주) 주식선물ㆍ주식옵션 2단계 가격제한폭 확대요건 도달(상승)"",""author"":""KOSCOM"",""datetimeRaw"":""2026-08-04T06:50:24"",""publishedAt"":""2026-08-04T06:50:24+09:00"",""timezoneAssumed"":""Asia/Seoul(원문에 시간대 표기 없음)"",""corporateAction"":false,""actionWord"":null},{""id"":""92738575"",""title"":""SK텔레콤(주) 영업(잠정)실적(공정공시)"",""author"":""KOSCOM"",""datetimeRaw"":""2026-08-05T06:50:21"",""publishedAt"":""2026-08-05T06:50:21+09:00"",""timezoneAssumed"":""Asia/Seoul(원문에 시간대 표기 없음)"",""corporateAction"":false,""actionWord"":null},{""id"":""92738576"",""title"":""SK텔레콤(주) 연결재무제표기준영업(잠정)실적(공정공시)"",""author"":""KOSCOM"",""datetimeRaw"":""2026-08-05T06:50:22"",""publishedAt"":""2026-08-05T06:50:22+09:00"",""timezoneAssumed"":""Asia/Seoul(원문에 시간대 표기 없음)"",""corporateAction"":false,""actionWord"":null},{""id"":""97892260"",""title"":""SK텔레콤(주) 풍문 또는 보도에 대한 해명(미확정)"",""author"":""KOSCOM"",""datetimeRaw"":""2026-08-07T06:51:30"",""publishedAt"":""2026-08-07T06:51:30+09:00"",""timezoneAssumed"":""Asia/Seoul(원문에 시간대 표기 없음)"",""corporateAction"":false,""actionWord"":null},{""id"":""102839090"",""title"":""SK텔레콤(주) 주식선물ㆍ주식옵션 2단계 가격제한폭 확대요건 도달(상승)"",""author"":""KOSCOM"",""datetimeRaw"":""2026-08-13T06:50:23"",""publishedAt"":""2026-08-13T06:50:23+09:00"",""timezoneAssumed"":""Asia/Seoul(원문에 시간대 표기 없음)"",""corporateAction"":false,""actionWord"":null},{""id"":""105583641"",""title"":""SK텔레콤(주) 주식선물ㆍ주식옵션 2단계 가격제한폭 확대요건 도달(상승)"",""author"":""KOSCOM"",""datetimeRaw"":""2026-08-14T14:51:13"",""publishedAt"":""2026-08-14T14:51:13+09:00"",""timezoneAssumed"":""Asia/Seoul(원문에 시간대 표기 없음)"",""corporateAction"":false,""actionWord"":null},{""id"":""115187064"",""title"":""SK텔레콤(주) 자기주식 처분 결정"",""author"":""KOSCOM"",""datetimeRaw"":""2026-08-27T06:50:19"",""publishedAt"":""2026-08-27T06:50:19+09:00"",""timezoneAssumed"":""Asia/Seoul(원문에 시간대 표기 없음)"",""corporateAction"":true,""actionWord"":""자기주식""},{""id"":""115582057"",""title"":""SK텔레콤(주) 회사분할 결정(종속회사의 주요경영사항)"",""author"":""KOSCOM"",""datetimeRaw"":""2026-08-27T06:51:59"",""publishedAt"":""2026-08-27T06:51:59+09:00"",""timezoneAssumed"":""Asia/Seoul(원문에 시간대 표기 없음)"",""corporateAction"":true,""actionWord"":""분할""},{""id"":""115584716"",""title"":""SK텔레콤(주) 타법인주식및출자증권처분결정"",""author"":""KOSCOM"",""datetimeRaw"":""2026-08-27T06:52:02"",""publishedAt"":""2026-08-27T06:52:02+09:00"",""timezoneAssumed"":""Asia/Seoul(원문에 시간대 표기 없음)"",""corporateAction"":false,""actionWord"":null}]",,,2,,,,,,
collection-25de92ade55aaa4e,collection,2026-09-30,2026-09-29T22:27:33Z,,,"{""contextFile"":""reports/atlas11/context/2026-09-30/2026-09-29T22-27-33Z.json""}",context_disclosures,2026-09-30,새 공시,,,,,false,018260,삼성에스디에스,,,https://m.stock.naver.com/api/stock/018260/disclosure?pageSize=20&page=1,3b8fa70d7068c6b7fabc5f4816d0071eb7ed2edea4c3c574ecaa869079068168,"[{""id"":""12646465"",""title"":""삼성에스디에스(주) 주식선물ㆍ주식옵션 2단계 가격제한폭 확대요건 도달(상승)"",""author"":""KOSCOM"",""datetimeRaw"":""2026-05-29T06:50:14"",""publishedAt"":""2026-05-29T06:50:14+09:00"",""timezoneAssumed"":""Asia/Seoul(원문에 시간대 표기 없음)"",""corporateAction"":false,""actionWord"":null},{""id"":""12666402"",""title"":""삼성에스디에스(주) 주식선물ㆍ주식옵션 3단계 가격제한폭 확대요건 도달(상승)"",""author"":""KOSCOM"",""datetimeRaw"":""2026-05-29T06:50:26"",""publishedAt"":""2026-05-29T06:50:26+09:00"",""timezoneAssumed"":""Asia/Seoul(원문에 시간대 표기 없음)"",""corporateAction"":false,""actionWord"":null},{""id"":""14652108"",""title"":""삼성에스디에스(주) 주식선물ㆍ주식옵션 2단계 가격제한폭 확대요건 도달(상승)"",""author"":""KOSCOM"",""datetimeRaw"":""2026-06-01T06:50:24"",""publishedAt"":""2026-06-01T06:50:24+09:00"",""timezoneAssumed"":""Asia/Seoul(원문에 시간대 표기 없음)"",""corporateAction"":false,""actionWord"":null},{""id"":""14656552"",""title"":""삼성에스디에스(주) 주식선물ㆍ주식옵션 3단계 가격제한폭 확대요건 도달(상승)"",""author"":""KOSCOM"",""datetimeRaw"":""2026-06-01T06:50:29"",""publishedAt"":""2026-06-01T06:50:29+09:00"",""timezoneAssumed"":""Asia/Seoul(원문에 시간대 표기 없음)"",""corporateAction"":false,""actionWord"":null},{""id"":""15702351"",""title"":""삼성에스디에스(주) 주식선물ㆍ주식옵션 2단계 가격제한폭 확대요건 도달(하락)"",""author"":""KOSCOM"",""datetimeRaw"":""2026-06-02T06:50:30"",""publishedAt"":""2026-06-02T06:50:30+09:00"",""timezoneAssumed"":""Asia/Seoul(원문에 시간대 표기 없음)"",""corporateAction"":false,""actionWord"":null},{""id"":""18411748"",""title"":""삼성에스디에스(주) 주식선물ㆍ주식옵션 2단계 가격제한폭 확대요건 도달(하락)"",""author"":""KOSCOM"",""datetimeRaw"":""2026-06-04T06:50:24"",""publishedAt"":""2026-06-04T06:50:24+09:00"",""timezoneAssumed"":""Asia/Seoul(원문에 시간대 표기 없음)"",""corporateAction"":false,""actionWord"":null},{""id"":""20118716"",""title"":""삼성에스디에스(주) 주식선물ㆍ주식옵션 2단계 가격제한폭 확대요건 도달(하락)"",""author"":""KOSCOM"",""datetimeRaw"":""2026-06-05T06:50:36"",""publishedAt"":""2026-06-05T06:50:36+09:00"",""timezoneAssumed"":""Asia/Seoul(원문에 시간대 표기 없음)"",""corporateAction"":false,""actionWord"":null},{""id"":""21331471"",""title"":""삼성에스디에스(주) 주식선물ㆍ주식옵션 2단계 가격제한폭 확대요건 도달(하락)"",""author"":""KOSCOM"",""datetimeRaw"":""2026-06-08T06:50:48"",""publishedAt"":""2026-06-08T06:50:48+09:00"",""timezoneAssumed"":""Asia/Seoul(원문에 시간대 표기 없음)"",""corporateAction"":false,""actionWord"":null},{""id"":""24197187"",""title"":""삼성에스디에스(주) 주식선물ㆍ주식옵션 2단계 가격제한폭 확대요건 도달(하락)"",""author"":""KOSCOM"",""datetimeRaw"":""2026-06-10T06:50:42"",""publishedAt"":""2026-06-10T06:50:42+09:00"",""timezoneAssumed"":""Asia/Seoul(원문에 시간대 표기 없음)"",""corporateAction"":false,""actionWord"":null},{""id"":""25957164"",""title"":""삼성에스디에스(주) 주식선물ㆍ주식옵션 2단계 가격제한폭 확대요건 도달(하락)"",""author"":""KOSCOM"",""datetimeRaw"":""2026-06-11T06:50:29"",""publishedAt"":""2026-06-11T06:50:29+09:00"",""timezoneAssumed"":""Asia/Seoul(원문에 시간대 표기 없음)"",""corporateAction"":false,""actionWord"":null},{""id"":""48052414"",""title"":""삼성에스디에스(주) 지속가능경영보고서 등 관련사항(자율공시)"",""author"":""KOSCOM"",""datetimeRaw"":""2026-06-29T06:51:59"",""publishedAt"":""2026-06-29T06:51:59+09:00"",""timezoneAssumed"":""Asia/Seoul(원문에 시간대 표기 없음)"",""corporateAction"":false,""actionWord"":null},{""id"":""58686158"",""title"":""삼성에스디에스(주) 기업설명회(IR) 개최(안내공시)"",""author"":""KOSCOM"",""datetimeRaw"":""2026-07-06T06:52:13"",""publishedAt"":""2026-07-06T06:52:13+09:00"",""timezoneAssumed"":""Asia/Seoul(원문에 시간대 표기 없음)"",""corporateAction"":false,""actionWord"":null},{""id"":""58686157"",""title"":""삼성에스디에스(주) 결산실적공시 예고(안내공시)"",""author"":""KOSCOM"",""datetimeRaw"":""2026-07-06T06:52:13"",""publishedAt"":""2026-07-06T06:52:13+09:00"",""timezoneAssumed"":""Asia/Seoul(원문에 시간대 표기 없음)"",""corporateAction"":false,""actionWord"":null},{""id"":""76511808"",""title"":""삼성에스디에스(주) 주식선물ㆍ주식옵션 2단계 가격제한폭 확대요건 도달(상승)"",""author"":""KOSCOM"",""datetimeRaw"":""2026-07-23T06:51:14"",""publishedAt"":""2026-07-23T06:51:14+09:00"",""timezoneAssumed"":""Asia/Seoul(원문에 시간대 표기 없음)"",""corporateAction"":false,""actionWord"":null},{""id"":""80002189"",""title"":""삼성에스디에스(주) 주식선물ㆍ주식옵션 2단계 가격제한폭 확대요건 도달(상승)"",""author"":""KOSCOM"",""datetimeRaw"":""2026-07-27T06:50:31"",""publishedAt"":""2026-07-27T06:50:31+09:00"",""timezoneAssumed"":""Asia/Seoul(원문에 시간대 표기 없음)"",""corporateAction"":false,""actionWord"":null},{""id"":""84548838"",""title"":""삼성에스디에스(주) 연결재무제표기준영업(잠정)실적(공정공시)"",""author"":""KOSCOM"",""datetimeRaw"":""2026-07-30T06:50:38"",""publishedAt"":""2026-07-30T06:50:38+09:00"",""timezoneAssumed"":""Asia/Seoul(원문에 시간대 표기 없음)"",""corporateAction"":false,""actionWord"":null},{""id"":""84548840"",""title"":""삼성에스디에스(주) 기업설명회(IR) 개최(안내공시)"",""author"":""KOSCOM"",""datetimeRaw"":""2026-07-30T06:50:39"",""publishedAt"":""2026-07-30T06:50:39+09:00"",""timezoneAssumed"":""Asia/Seoul(원문에 시간대 표기 없음)"",""corporateAction"":false,""actionWord"":null},{""id"":""84548839"",""title"":""삼성에스디에스(주) 기업설명회(IR) 개최(안내공시)"",""author"":""KOSCOM"",""datetimeRaw"":""2026-07-30T06:50:39"",""publishedAt"":""2026-07-30T06:50:39+09:00"",""timezoneAssumed"":""Asia/Seoul(원문에 시간대 표기 없음)"",""corporateAction"":false,""actionWord"":null},{""id"":""119433592"",""title"":""삼성에스디에스(주) 기업설명회(IR) 개최(안내공시)"",""author"":""KOSCOM"",""datetimeRaw"":""2026-09-01T06:51:14"",""publishedAt"":""2026-09-01T06:51:14+09:00"",""timezoneAssumed"":""Asia/Seoul(원문에 시간대 표기 없음)"",""corporateAction"":false,""actionWord"":null},{""id"":""119432969"",""title"":""삼성에스디에스(주) 기업설명회(IR) 개최(안내공시)"",""author"":""KOSCOM"",""datetimeRaw"":""2026-09-01T06:51:14"",""publishedAt"":""2026-09-01T06:51:14+09:00"",""timezoneAssumed"":""Asia/Seoul(원문에 시간대 표기 없음)"",""corporateAction"":false,""actionWord"":null}]",,,0,,,,,,
collection-b840735c0e8699ad,collection,2026-09-30,2026-09-29T22:27:33Z,,,"{""contextFile"":""reports/atlas11/context/2026-09-30/2026-09-29T22-27-33Z.json""}",context_disclosures,2026-09-30,기업행위 공시,,,,,false,021240,코웨이,,,https://m.stock.naver.com/api/stock/021240/disclosure?pageSize=20&page=1,9f76b0f9c66d3e5be95e8c3517dd6888b50137bb22a32499569899a53b7fc721,"[{""id"":""1638084"",""title"":""코웨이(주) 자기주식취득 신탁계약 해지 결정"",""author"":""KOSCOM"",""datetimeRaw"":""2026-05-06T06:51:43"",""publishedAt"":""2026-05-06T06:51:43+09:00"",""timezoneAssumed"":""Asia/Seoul(원문에 시간대 표기 없음)"",""corporateAction"":true,""actionWord"":""자기주식""},{""id"":""1638887"",""title"":""코웨이(주) 현금ㆍ현물배당을 위한 주주명부폐쇄(기준일) 결정"",""author"":""KOSCOM"",""datetimeRaw"":""2026-05-07T06:53:19"",""publishedAt"":""2026-05-07T06:53:19+09:00"",""timezoneAssumed"":""Asia/Seoul(원문에 시간대 표기 없음)"",""corporateAction"":false,""actionWord"":null},{""id"":""1638889"",""title"":""코웨이(주) 현금ㆍ현물 배당 결정"",""author"":""KOSCOM"",""datetimeRaw"":""2026-05-07T06:53:20"",""publishedAt"":""2026-05-07T06:53:20+09:00"",""timezoneAssumed"":""Asia/Seoul(원문에 시간대 표기 없음)"",""corporateAction"":false,""actionWord"":null},{""id"":""1639070"",""title"":""코웨이(주) 연결재무제표기준영업(잠정)실적(공정공시)"",""author"":""KOSCOM"",""datetimeRaw"":""2026-05-08T06:50:24"",""publishedAt"":""2026-05-08T06:50:24+09:00"",""timezoneAssumed"":""Asia/Seoul(원문에 시간대 표기 없음)"",""corporateAction"":false,""actionWord"":null},{""id"":""1639598"",""title"":""코웨이(주) 주식선물 2단계 가격제한폭 확대요건 도달(상승)"",""author"":""KOSCOM"",""datetimeRaw"":""2026-05-11T06:50:34"",""publishedAt"":""2026-05-11T06:50:34+09:00"",""timezoneAssumed"":""Asia/Seoul(원문에 시간대 표기 없음)"",""corporateAction"":false,""actionWord"":null},{""id"":""1639767"",""title"":""코웨이(주) 기업설명회(IR) 개최(안내공시)"",""author"":""KOSCOM"",""datetimeRaw"":""2026-05-11T06:51:46"",""publishedAt"":""2026-05-11T06:51:46+09:00"",""timezoneAssumed"":""Asia/Seoul(원문에 시간대 표기 없음)"",""corporateAction"":false,""actionWord"":null},{""id"":""9437982"",""title"":""코웨이(주) 중간(분기)배당락 기준가격 안내"",""author"":""KOSCOM"",""datetimeRaw"":""2026-05-27T06:51:17"",""publishedAt"":""2026-05-27T06:51:17+09:00"",""timezoneAssumed"":""Asia/Seoul(원문에 시간대 표기 없음)"",""corporateAction"":true,""actionWord"":""배당락""},{""id"":""9445923"",""title"":""코웨이(주) 기업설명회(IR) 개최(안내공시)"",""author"":""KOSCOM"",""datetimeRaw"":""2026-05-27T06:51:23"",""publishedAt"":""2026-05-27T06:51:23+09:00"",""timezoneAssumed"":""Asia/Seoul(원문에 시간대 표기 없음)"",""corporateAction"":false,""actionWord"":null},{""id"":""21360524"",""title"":""코웨이(주) 주식선물 2단계 가격제한폭 확대요건 도달(하락)"",""author"":""KOSCOM"",""datetimeRaw"":""2026-06-08T06:51:08"",""publishedAt"":""2026-06-08T06:51:08+09:00"",""timezoneAssumed"":""Asia/Seoul(원문에 시간대 표기 없음)"",""corporateAction"":false,""actionWord"":null},{""id"":""48069190"",""title"":""코웨이(주) 주식선물 2단계 가격제한폭 확대요건 도달(상승)"",""author"":""KOSCOM"",""datetimeRaw"":""2026-06-29T06:52:07"",""publishedAt"":""2026-06-29T06:52:07+09:00"",""timezoneAssumed"":""Asia/Seoul(원문에 시간대 표기 없음)"",""corporateAction"":false,""actionWord"":null},{""id"":""49315178"",""title"":""코웨이(주) 지속가능경영보고서 등 관련사항(자율공시)"",""author"":""KOSCOM"",""datetimeRaw"":""2026-06-30T06:50:31"",""publishedAt"":""2026-06-30T06:50:31+09:00"",""timezoneAssumed"":""Asia/Seoul(원문에 시간대 표기 없음)"",""corporateAction"":false,""actionWord"":null},{""id"":""59630660"",""title"":""코웨이(주) 기업설명회(IR) 개최(안내공시)"",""author"":""KOSCOM"",""datetimeRaw"":""2026-07-07T06:51:36"",""publishedAt"":""2026-07-07T06:51:36+09:00"",""timezoneAssumed"":""Asia/Seoul(원문에 시간대 표기 없음)"",""corporateAction"":false,""actionWord"":null},{""id"":""88631440"",""title"":""코웨이(주) 결산실적공시 예고(안내공시)"",""author"":""KOSCOM"",""datetimeRaw"":""2026-07-31T06:52:55"",""publishedAt"":""2026-07-31T06:52:55+09:00"",""timezoneAssumed"":""Asia/Seoul(원문에 시간대 표기 없음)"",""corporateAction"":false,""actionWord"":null},{""id"":""97895547"",""title"":""코웨이(주) 연결재무제표기준영업(잠정)실적(공정공시)"",""author"":""KOSCOM"",""datetimeRaw"":""2026-08-07T06:51:32"",""publishedAt"":""2026-08-07T06:51:32+09:00"",""timezoneAssumed"":""Asia/Seoul(원문에 시간대 표기 없음)"",""corporateAction"":false,""actionWord"":null},{""id"":""97908771"",""title"":""코웨이(주) 현금ㆍ현물배당을 위한 주주명부폐쇄(기준일) 결정"",""author"":""KOSCOM"",""datetimeRaw"":""2026-08-07T06:51:40"",""publishedAt"":""2026-08-07T06:51:40+09:00"",""timezoneAssumed"":""Asia/Seoul(원문에 시간대 표기 없음)"",""corporateAction"":false,""actionWord"":null},{""id"":""97908774"",""title"":""코웨이(주) 현금ㆍ현물 배당 결정"",""author"":""KOSCOM"",""datetimeRaw"":""2026-08-07T06:51:41"",""publishedAt"":""2026-08-07T06:51:41+09:00"",""timezoneAssumed"":""Asia/Seoul(원문에 시간대 표기 없음)"",""corporateAction"":false,""actionWord"":null},{""id"":""99280006"",""title"":""코웨이(주) 기업설명회(IR) 개최(안내공시)"",""author"":""KOSCOM"",""datetimeRaw"":""2026-08-10T06:51:05"",""publishedAt"":""2026-08-10T06:51:05+09:00"",""timezoneAssumed"":""Asia/Seoul(원문에 시간대 표기 없음)"",""corporateAction"":false,""actionWord"":null},{""id"":""110894177"",""title"":""코웨이(주) 기업설명회(IR) 개최(안내공시)"",""author"":""KOSCOM"",""datetimeRaw"":""2026-08-21T06:51:23"",""publishedAt"":""2026-08-21T06:51:23+09:00"",""timezoneAssumed"":""Asia/Seoul(원문에 시간대 표기 없음)"",""corporateAction"":false,""actionWord"":null},{""id"":""124006662"",""title"":""코웨이(주) 기업설명회(IR) 개최(안내공시)"",""author"":""KOSCOM"",""datetimeRaw"":""2026-09-04T06:51:42"",""publishedAt"":""2026-09-04T06:51:42+09:00"",""timezoneAssumed"":""Asia/Seoul(원문에 시간대 표기 없음)"",""corporateAction"":false,""actionWord"":null},{""id"":""135920732"",""title"":""코웨이(주) 기업설명회(IR) 개최(안내공시)"",""author"":""KOSCOM"",""datetimeRaw"":""2026-09-18T06:52:28"",""publishedAt"":""2026-09-18T06:52:28+09:00"",""timezoneAssumed"":""Asia/Seoul(원문에 시간대 표기 없음)"",""corporateAction"":false,""actionWord"":null}]",,,2,,,,,,
collection-cb0632a3b0d140fc,collection,2026-09-30,2026-09-29T22:27:33Z,,,"{""contextFile"":""reports/atlas11/context/2026-09-30/2026-09-29T22-27-33Z.json""}",context_disclosures,2026-09-30,기업행위 공시,,,,,false,028260,삼성물산,,,https://m.stock.naver.com/api/stock/028260/disclosure?pageSize=20&page=1,944fa2e29484789d488248f8cb169b1e54f257645f8412e55232598bbfe2192a,"[{""id"":""80867111"",""title"":""삼성물산(주) 주식선물ㆍ주식옵션 2단계 가격제한폭 확대요건 도달(하락)"",""author"":""KOSCOM"",""datetimeRaw"":""2026-07-28T06:50:47"",""publishedAt"":""2026-07-28T06:50:47+09:00"",""timezoneAssumed"":""Asia/Seoul(원문에 시간대 표기 없음)"",""corporateAction"":false,""actionWord"":null},{""id"":""81131230"",""title"":""삼성물산(주) (정정)단일판매ㆍ공급계약체결"",""author"":""KOSCOM"",""datetimeRaw"":""2026-07-28T06:52:41"",""publishedAt"":""2026-07-28T06:52:41+09:00"",""timezoneAssumed"":""Asia/Seoul(원문에 시간대 표기 없음)"",""corporateAction"":false,""actionWord"":null},{""id"":""82215433"",""title"":""삼성물산(주) 주식선물ㆍ주식옵션 2단계 가격제한폭 확대요건 도달(하락)"",""author"":""KOSCOM"",""datetimeRaw"":""2026-07-29T06:51:08"",""publishedAt"":""2026-07-29T06:51:08+09:00"",""timezoneAssumed"":""Asia/Seoul(원문에 시간대 표기 없음)"",""corporateAction"":false,""actionWord"":null},{""id"":""82480955"",""title"":""삼성물산(주) 연결재무제표기준영업(잠정)실적(공정공시)"",""author"":""KOSCOM"",""datetimeRaw"":""2026-07-29T06:52:14"",""publishedAt"":""2026-07-29T06:52:14+09:00"",""timezoneAssumed"":""Asia/Seoul(원문에 시간대 표기 없음)"",""corporateAction"":false,""actionWord"":null},{""id"":""84603268"",""title"":""삼성물산(주) 주식선물ㆍ주식옵션 2단계 가격제한폭 확대요건 도달(상승)"",""author"":""KOSCOM"",""datetimeRaw"":""2026-07-30T06:50:43"",""publishedAt"":""2026-07-30T06:50:43+09:00"",""timezoneAssumed"":""Asia/Seoul(원문에 시간대 표기 없음)"",""corporateAction"":false,""actionWord"":null},{""id"":""87590506"",""title"":""삼성물산(주) 주식선물ㆍ주식옵션 2단계 가격제한폭 확대요건 도달(상승)"",""author"":""KOSCOM"",""datetimeRaw"":""2026-07-31T06:50:31"",""publishedAt"":""2026-07-31T06:50:31+09:00"",""timezoneAssumed"":""Asia/Seoul(원문에 시간대 표기 없음)"",""corporateAction"":false,""actionWord"":null},{""id"":""87703801"",""title"":""삼성물산(주) 주식선물ㆍ주식옵션 3단계 가격제한폭 확대요건 도달(상승)"",""author"":""KOSCOM"",""datetimeRaw"":""2026-07-31T06:50:47"",""publishedAt"":""2026-07-31T06:50:47+09:00"",""timezoneAssumed"":""Asia/Seoul(원문에 시간대 표기 없음)"",""corporateAction"":false,""actionWord"":null},{""id"":""98042287"",""title"":""삼성물산(주) (정정)단일판매ㆍ공급계약체결"",""author"":""KOSCOM"",""datetimeRaw"":""2026-08-07T06:52:26"",""publishedAt"":""2026-08-07T06:52:26+09:00"",""timezoneAssumed"":""Asia/Seoul(원문에 시간대 표기 없음)"",""corporateAction"":false,""actionWord"":null},{""id"":""99285111"",""title"":""삼성물산(주) 기업설명회(IR) 개최(안내공시)"",""author"":""KOSCOM"",""datetimeRaw"":""2026-08-10T06:51:08"",""publishedAt"":""2026-08-10T06:51:08+09:00"",""timezoneAssumed"":""Asia/Seoul(원문에 시간대 표기 없음)"",""corporateAction"":false,""actionWord"":null},{""id"":""108173536"",""title"":""삼성물산(주) (정정)단일판매ㆍ공급계약체결"",""author"":""KOSCOM"",""datetimeRaw"":""2026-08-19T06:51:44"",""publishedAt"":""2026-08-19T06:51:44+09:00"",""timezoneAssumed"":""Asia/Seoul(원문에 시간대 표기 없음)"",""corporateAction"":false,""actionWord"":null},{""id"":""110961534"",""title"":""삼성물산(주) 기업설명회(IR) 개최(안내공시)"",""author"":""KOSCOM"",""datetimeRaw"":""2026-08-21T06:52:05"",""publishedAt"":""2026-08-21T06:52:05+09:00"",""timezoneAssumed"":""Asia/Seoul(원문에 시간대 표기 없음)"",""corporateAction"":false,""actionWord"":null},{""id"":""117465197"",""title"":""삼성물산(주) 유상증자결정(종속회사의 주요경영사항)"",""author"":""KOSCOM"",""datetimeRaw"":""2026-08-28T06:52:28"",""publishedAt"":""2026-08-28T06:52:28+09:00"",""timezoneAssumed"":""Asia/Seoul(원문에 시간대 표기 없음)"",""corporateAction"":true,""actionWord"":""유상증자""},{""id"":""117474102"",""title"":""삼성물산(주) (정정)타법인 주식 및 출자증권 취득결정(종속회사의 주요경영사항)"",""author"":""KOSCOM"",""datetimeRaw"":""2026-08-28T06:52:32"",""publishedAt"":""2026-08-28T06:52:32+09:00"",""timezoneAssumed"":""Asia/Seoul(원문에 시간대 표기 없음)"",""corporateAction"":false,""actionWord"":null},{""id"":""118581373"",""title"":""삼성물산(주) (정정)단일판매ㆍ공급계약체결"",""author"":""KOSCOM"",""datetimeRaw"":""2026-08-31T06:52:18"",""publishedAt"":""2026-08-31T06:52:18+09:00"",""timezoneAssumed"":""Asia/Seoul(원문에 시간대 표기 없음)"",""corporateAction"":false,""actionWord"":null},{""id"":""118592326"",""title"":""삼성물산(주) 단일판매ㆍ공급계약체결"",""author"":""KOSCOM"",""datetimeRaw"":""2026-08-31T06:52:30"",""publishedAt"":""2026-08-31T06:52:30+09:00"",""timezoneAssumed"":""Asia/Seoul(원문에 시간대 표기 없음)"",""corporateAction"":false,""actionWord"":null},{""id"":""124031856"",""title"":""삼성물산(주) 기업설명회(IR) 개최(안내공시)"",""author"":""KOSCOM"",""datetimeRaw"":""2026-09-04T06:51:55"",""publishedAt"":""2026-09-04T06:51:55+09:00"",""timezoneAssumed"":""Asia/Seoul(원문에 시간대 표기 없음)"",""corporateAction"":false,""actionWord"":null},{""id"":""126620324"",""title"":""삼성물산(주) 기업설명회(IR) 개최(안내공시)"",""author"":""KOSCOM"",""datetimeRaw"":""2026-09-09T06:51:55"",""publishedAt"":""2026-09-09T06:51:55+09:00"",""timezoneAssumed"":""Asia/Seoul(원문에 시간대 표기 없음)"",""corporateAction"":false,""actionWord"":null},{""id"":""135868171"",""title"":""삼성물산(주) 기업설명회(IR) 개최(안내공시)"",""author"":""KOSCOM"",""datetimeRaw"":""2026-09-18T06:51:52"",""publishedAt"":""2026-09-18T06:51:52+09:00"",""timezoneAssumed"":""Asia/Seoul(원문에 시간대 표기 없음)"",""corporateAction"":false,""actionWord"":null},{""id"":""135908445"",""title"":""삼성물산(주) (정정)단일판매ㆍ공급계약체결"",""author"":""KOSCOM"",""datetimeRaw"":""2026-09-18T06:52:17"",""publishedAt"":""2026-09-18T06:52:17+09:00"",""timezoneAssumed"":""Asia/Seoul(원문에 시간대 표기 없음)"",""corporateAction"":false,""actionWord"":null},{""id"":""136631701"",""title"":""삼성물산(주) 투자판단 관련 주요경영사항"",""author"":""KOSCOM"",""datetimeRaw"":""2026-09-21T06:50:01"",""publishedAt"":""2026-09-21T06:50:01+09:00"",""timezoneAssumed"":""Asia/Seoul(원문에 시간대 표기 없음)"",""corporateAction"":false,""actionWord"":null}]",,,1,,,,,,
collection-7cabf468f7795a91,collection,2026-09-30,2026-09-29T22:27:33Z,,,"{""contextFile"":""reports/atlas11/context/2026-09-30/2026-09-29T22-27-33Z.json""}",context_disclosures,2026-09-30,기업행위 공시,,,,,false,028300,HLB,,,https://m.stock.naver.com/api/stock/028300/disclosure?pageSize=20&page=1,c54495497d8258cd2951a308453a25e1525caee11ed4ed556970fbbeeed73bd2,"[{""id"":""67726224"",""title"":""에이치엘비(주) 주식선물 3단계 가격제한폭 확대요건 도달(상승)"",""author"":""KOSCOM"",""datetimeRaw"":""2026-07-15T06:50:15"",""publishedAt"":""2026-07-15T06:50:15+09:00"",""timezoneAssumed"":""Asia/Seoul(원문에 시간대 표기 없음)"",""corporateAction"":false,""actionWord"":null},{""id"":""68139785"",""title"":""에이치엘비(주) 전환가액의조정"",""author"":""KOSCOM"",""datetimeRaw"":""2026-07-15T06:51:17"",""publishedAt"":""2026-07-15T06:51:17+09:00"",""timezoneAssumed"":""Asia/Seoul(원문에 시간대 표기 없음)"",""corporateAction"":false,""actionWord"":null},{""id"":""69449904"",""title"":""에이치엘비(주) 주식선물 2단계 가격제한폭 확대요건 도달(상승)"",""author"":""KOSCOM"",""datetimeRaw"":""2026-07-16T09:00:06"",""publishedAt"":""2026-07-16T09:00:06+09:00"",""timezoneAssumed"":""Asia/Seoul(원문에 시간대 표기 없음)"",""corporateAction"":false,""actionWord"":null},{""id"":""70051951"",""title"":""에이치엘비(주) 전환가액의조정"",""author"":""KOSCOM"",""datetimeRaw"":""2026-07-16T16:02:18"",""publishedAt"":""2026-07-16T16:02:18+09:00"",""timezoneAssumed"":""Asia/Seoul(원문에 시간대 표기 없음)"",""corporateAction"":false,""actionWord"":null},{""id"":""72832148"",""title"":""에이치엘비(주) 주식선물 2단계 가격제한폭 확대요건 도달(하락)"",""author"":""KOSCOM"",""datetimeRaw"":""2026-07-20T06:50:17"",""publishedAt"":""2026-07-20T06:50:17+09:00"",""timezoneAssumed"":""Asia/Seoul(원문에 시간대 표기 없음)"",""corporateAction"":false,""actionWord"":null},{""id"":""74378641"",""title"":""에이치엘비(주) 주식선물 2단계 가격제한폭 확대요건 도달(하락)"",""author"":""KOSCOM"",""datetimeRaw"":""2026-07-22T06:50:35"",""publishedAt"":""2026-07-22T06:50:35+09:00"",""timezoneAssumed"":""Asia/Seoul(원문에 시간대 표기 없음)"",""corporateAction"":false,""actionWord"":null},{""id"":""78266269"",""title"":""에이치엘비(주) 주식선물 2단계 가격제한폭 확대요건 도달(상승)"",""author"":""KOSCOM"",""datetimeRaw"":""2026-07-24T06:50:13"",""publishedAt"":""2026-07-24T06:50:13+09:00"",""timezoneAssumed"":""Asia/Seoul(원문에 시간대 표기 없음)"",""corporateAction"":false,""actionWord"":null},{""id"":""80167345"",""title"":""에이치엘비(주) 지속가능경영보고서 등 관련사항(자율공시)"",""author"":""KOSCOM"",""datetimeRaw"":""2026-07-27T06:51:12"",""publishedAt"":""2026-07-27T06:51:12+09:00"",""timezoneAssumed"":""Asia/Seoul(원문에 시간대 표기 없음)"",""corporateAction"":false,""actionWord"":null},{""id"":""91460205"",""title"":""에이치엘비(주) 주식선물 2단계 가격제한폭 확대요건 도달(상승)"",""author"":""KOSCOM"",""datetimeRaw"":""2026-08-04T06:50:28"",""publishedAt"":""2026-08-04T06:50:28+09:00"",""timezoneAssumed"":""Asia/Seoul(원문에 시간대 표기 없음)"",""corporateAction"":false,""actionWord"":null},{""id"":""93390961"",""title"":""에이치엘비(주) 전환사채권발행결정(제44회차)"",""author"":""KOSCOM"",""datetimeRaw"":""2026-08-05T06:53:07"",""publishedAt"":""2026-08-05T06:53:07+09:00"",""timezoneAssumed"":""Asia/Seoul(원문에 시간대 표기 없음)"",""corporateAction"":true,""actionWord"":""전환사채""},{""id"":""99083170"",""title"":""에이치엘비(주) 주식선물 2단계 가격제한폭 확대요건 도달(상승)"",""author"":""KOSCOM"",""datetimeRaw"":""2026-08-10T06:50:19"",""publishedAt"":""2026-08-10T06:50:19+09:00"",""timezoneAssumed"":""Asia/Seoul(원문에 시간대 표기 없음)"",""corporateAction"":false,""actionWord"":null},{""id"":""105715969"",""title"":""에이치엘비(주) 파생상품거래손실발생"",""author"":""KOSCOM"",""datetimeRaw"":""2026-08-14T16:08:04"",""publishedAt"":""2026-08-14T16:08:04+09:00"",""timezoneAssumed"":""Asia/Seoul(원문에 시간대 표기 없음)"",""corporateAction"":false,""actionWord"":null},{""id"":""108126720"",""title"":""에이치엘비(주) 증권 발행결과(자율공시)"",""author"":""KOSCOM"",""datetimeRaw"":""2026-08-19T06:50:58"",""publishedAt"":""2026-08-19T06:50:58+09:00"",""timezoneAssumed"":""Asia/Seoul(원문에 시간대 표기 없음)"",""corporateAction"":false,""actionWord"":null},{""id"":""117366012"",""title"":""에이치엘비(주) 전환가액의조정"",""author"":""KOSCOM"",""datetimeRaw"":""2026-08-28T06:51:28"",""publishedAt"":""2026-08-28T06:51:28+09:00"",""timezoneAssumed"":""Asia/Seoul(원문에 시간대 표기 없음)"",""corporateAction"":false,""actionWord"":null},{""id"":""125559096"",""title"":""에이치엘비(주) 전환사채(해외전환사채포함)발행후만기전사채취득"",""author"":""KOSCOM"",""datetimeRaw"":""2026-09-08T06:51:02"",""publishedAt"":""2026-09-08T06:51:02+09:00"",""timezoneAssumed"":""Asia/Seoul(원문에 시간대 표기 없음)"",""corporateAction"":true,""actionWord"":""전환사채""},{""id"":""136695638"",""title"":""에이치엘비(주) 주식선물 2단계 가격제한폭 확대요건 도달(상승)"",""author"":""KOSCOM"",""datetimeRaw"":""2026-09-21T06:50:15"",""publishedAt"":""2026-09-21T06:50:15+09:00"",""timezoneAssumed"":""Asia/Seoul(원문에 시간대 표기 없음)"",""corporateAction"":false,""actionWord"":null},{""id"":""141354003"",""title"":""에이치엘비(주) 주식선물 3단계 가격제한폭 확대요건 도달(상승)"",""author"":""KOSCOM"",""datetimeRaw"":""2026-09-28T06:50:17"",""publishedAt"":""2026-09-28T06:50:17+09:00"",""timezoneAssumed"":""Asia/Seoul(원문에 시간대 표기 없음)"",""corporateAction"":false,""actionWord"":null},{""id"":""141353469"",""title"":""에이치엘비(주) 주식선물 2단계 가격제한폭 확대요건 도달(상승)"",""author"":""KOSCOM"",""datetimeRaw"":""2026-09-28T06:50:17"",""publishedAt"":""2026-09-28T06:50:17+09:00"",""timezoneAssumed"":""Asia/Seoul(원문에 시간대 표기 없음)"",""corporateAction"":false,""actionWord"":null},{""id"":""141965387"",""title"":""에이치엘비(주) 주식선물 2단계 가격제한폭 확대요건 도달(상승)"",""author"":""KOSCOM"",""datetimeRaw"":""2026-09-29T06:50:21"",""publishedAt"":""2026-09-29T06:50:21+09:00"",""timezoneAssumed"":""Asia/Seoul(원문에 시간대 표기 없음)"",""corporateAction"":false,""actionWord"":null},{""id"":""142510875"",""title"":""에이치엘비(주) 공매도 과열종목 지정(공매도 거래 금지 적용)"",""author"":""KOSCOM"",""datetimeRaw"":""2026-09-29T06:53:51"",""publishedAt"":""2026-09-29T06:53:51+09:00"",""timezoneAssumed"":""Asia/Seoul(원문에 시간대 표기 없음)"",""corporateAction"":false,""actionWord"":null}]",,,2,,,,,,
collection-05f857dbb70fbf62,collection,2026-09-30,2026-09-29T22:27:33Z,,,"{""contextFile"":""reports/atlas11/context/2026-09-30/2026-09-29T22-27-33Z.json""}",context_disclosures,2026-09-30,기업행위 공시,,,,,false,029780,삼성카드,,,https://m.stock.naver.com/api/stock/029780/disclosure?pageSize=20&page=1,1e0118dd36c7b96ff0b2ea42bff94bfeb052a8d51df287afc609bbbf82294c3b,"[{""id"":""1579372"",""title"":""삼성카드(주) 주주명부폐쇄기간 또는 기준일 설정"",""author"":""KOSCOM"",""datetimeRaw"":""2025-12-16T06:52:48"",""publishedAt"":""2025-12-16T06:52:48+09:00"",""timezoneAssumed"":""Asia/Seoul(원문에 시간대 표기 없음)"",""corporateAction"":false,""actionWord"":null},{""id"":""1589308"",""title"":""삼성카드(주) 현금ㆍ현물 배당 결정"",""author"":""KOSCOM"",""datetimeRaw"":""2026-01-22T06:50:59"",""publishedAt"":""2026-01-22T06:50:59+09:00"",""timezoneAssumed"":""Asia/Seoul(원문에 시간대 표기 없음)"",""corporateAction"":false,""actionWord"":null},{""id"":""1591714"",""title"":""삼성카드(주) 기업설명회(IR) 개최(안내공시)"",""author"":""KOSCOM"",""datetimeRaw"":""2026-01-29T06:50:52"",""publishedAt"":""2026-01-29T06:50:52+09:00"",""timezoneAssumed"":""Asia/Seoul(원문에 시간대 표기 없음)"",""corporateAction"":false,""actionWord"":null},{""id"":""1594547"",""title"":""삼성카드(주) 연결재무제표기준영업(잠정)실적(공정공시)"",""author"":""KOSCOM"",""datetimeRaw"":""2026-02-05T06:50:19"",""publishedAt"":""2026-02-05T06:50:19+09:00"",""timezoneAssumed"":""Asia/Seoul(원문에 시간대 표기 없음)"",""corporateAction"":false,""actionWord"":null},{""id"":""1599985"",""title"":""삼성카드(주) 주주총회소집결의"",""author"":""KOSCOM"",""datetimeRaw"":""2026-02-19T06:51:58"",""publishedAt"":""2026-02-19T06:51:58+09:00"",""timezoneAssumed"":""Asia/Seoul(원문에 시간대 표기 없음)"",""corporateAction"":false,""actionWord"":null},{""id"":""1599994"",""title"":""삼성카드(주) 현금ㆍ현물배당을 위한 주주명부폐쇄(기준일) 결정"",""author"":""KOSCOM"",""datetimeRaw"":""2026-02-19T06:52:04"",""publishedAt"":""2026-02-19T06:52:04+09:00"",""timezoneAssumed"":""Asia/Seoul(원문에 시간대 표기 없음)"",""corporateAction"":false,""actionWord"":null},{""id"":""1600011"",""title"":""삼성카드(주) (정정)현금ㆍ현물 배당 결정"",""author"":""KOSCOM"",""datetimeRaw"":""2026-02-19T06:52:15"",""publishedAt"":""2026-02-19T06:52:15+09:00"",""timezoneAssumed"":""Asia/Seoul(원문에 시간대 표기 없음)"",""corporateAction"":false,""actionWord"":null},{""id"":""1600076"",""title"":""삼성카드(주) 감사보고서 제출"",""author"":""KOSCOM"",""datetimeRaw"":""2026-02-19T06:52:54"",""publishedAt"":""2026-02-19T06:52:54+09:00"",""timezoneAssumed"":""Asia/Seoul(원문에 시간대 표기 없음)"",""corporateAction"":false,""actionWord"":null},{""id"":""1606266"",""title"":""삼성카드(주) 주식선물 2단계 가격제한폭 확대요건 도달(하락)"",""author"":""KOSCOM"",""datetimeRaw"":""2026-03-04T06:52:06"",""publishedAt"":""2026-03-04T06:52:06+09:00"",""timezoneAssumed"":""Asia/Seoul(원문에 시간대 표기 없음)"",""corporateAction"":false,""actionWord"":null},{""id"":""1616901"",""title"":""삼성카드(주) 정기주주총회결과"",""author"":""KOSCOM"",""datetimeRaw"":""2026-03-19T06:58:17"",""publishedAt"":""2026-03-19T06:58:17+09:00"",""timezoneAssumed"":""Asia/Seoul(원문에 시간대 표기 없음)"",""corporateAction"":false,""actionWord"":null},{""id"":""1616987"",""title"":""삼성카드(주) 기업가치 제고 계획(자율공시)"",""author"":""KOSCOM"",""datetimeRaw"":""2026-03-19T06:59:10"",""publishedAt"":""2026-03-19T06:59:10+09:00"",""timezoneAssumed"":""Asia/Seoul(원문에 시간대 표기 없음)"",""corporateAction"":false,""actionWord"":null},{""id"":""1619341"",""title"":""삼성카드(주) 배당락 기준가격 안내"",""author"":""KOSCOM"",""datetimeRaw"":""2026-03-24T06:52:55"",""publishedAt"":""2026-03-24T06:52:55+09:00"",""timezoneAssumed"":""Asia/Seoul(원문에 시간대 표기 없음)"",""corporateAction"":true,""actionWord"":""배당락""},{""id"":""1631277"",""title"":""삼성카드(주) 기업설명회(IR) 개최(안내공시)"",""author"":""KOSCOM"",""datetimeRaw"":""2026-04-17T06:50:15"",""publishedAt"":""2026-04-17T06:50:15+09:00"",""timezoneAssumed"":""Asia/Seoul(원문에 시간대 표기 없음)"",""corporateAction"":false,""actionWord"":null},{""id"":""1633543"",""title"":""삼성카드(주) 연결재무제표기준영업(잠정)실적(공정공시)"",""author"":""KOSCOM"",""datetimeRaw"":""2026-04-24T06:50:34"",""publishedAt"":""2026-04-24T06:50:34+09:00"",""timezoneAssumed"":""Asia/Seoul(원문에 시간대 표기 없음)"",""corporateAction"":false,""actionWord"":null},{""id"":""20412327"",""title"":""삼성카드(주) 풍문 또는 보도에 대한 해명(미확정)"",""author"":""KOSCOM"",""datetimeRaw"":""2026-06-05T06:51:01"",""publishedAt"":""2026-06-05T06:51:01+09:00"",""timezoneAssumed"":""Asia/Seoul(원문에 시간대 표기 없음)"",""corporateAction"":false,""actionWord"":null},{""id"":""24359376"",""title"":""삼성카드(주) 주식선물 2단계 가격제한폭 확대요건 도달(상승)"",""author"":""KOSCOM"",""datetimeRaw"":""2026-06-10T06:51:09"",""publishedAt"":""2026-06-10T06:51:09+09:00"",""timezoneAssumed"":""Asia/Seoul(원문에 시간대 표기 없음)"",""corporateAction"":false,""actionWord"":null},{""id"":""45893200"",""title"":""삼성카드(주) 지속가능경영보고서 등 관련사항(자율공시)"",""author"":""KOSCOM"",""datetimeRaw"":""2026-06-26T06:51:23"",""publishedAt"":""2026-06-26T06:51:23+09:00"",""timezoneAssumed"":""Asia/Seoul(원문에 시간대 표기 없음)"",""corporateAction"":false,""actionWord"":null},{""id"":""63060424"",""title"":""삼성카드(주) [투자주의]종가급변 종목"",""author"":""KOSCOM"",""datetimeRaw"":""2026-07-09T06:53:31"",""publishedAt"":""2026-07-09T06:53:31+09:00"",""timezoneAssumed"":""Asia/Seoul(원문에 시간대 표기 없음)"",""corporateAction"":false,""actionWord"":null},{""id"":""69783309"",""title"":""삼성카드(주) 기업설명회(IR) 개최(안내공시)"",""author"":""KOSCOM"",""datetimeRaw"":""2026-07-16T12:58:04"",""publishedAt"":""2026-07-16T12:58:04+09:00"",""timezoneAssumed"":""Asia/Seoul(원문에 시간대 표기 없음)"",""corporateAction"":false,""actionWord"":null},{""id"":""80080426"",""title"":""삼성카드(주) 연결재무제표기준영업(잠정)실적(공정공시)"",""author"":""KOSCOM"",""datetimeRaw"":""2026-07-27T06:50:45"",""publishedAt"":""2026-07-27T06:50:45+09:00"",""timezoneAssumed"":""Asia/Seoul(원문에 시간대 표기 없음)"",""corporateAction"":false,""actionWord"":null}]",,,1,,,,,,
collection-2a28d6d30357e516,collection,2026-09-30,2026-09-29T22:27:33Z,,,"{""contextFile"":""reports/atlas11/context/2026-09-30/2026-09-29T22-27-33Z.json""}",context_disclosures,2026-09-30,새 공시,,,,,false,030000,제일기획,,,https://m.stock.naver.com/api/stock/030000/disclosure?pageSize=20&page=1,f241ddaf902876b53296ee0173e2269dce44a9fba827bf67e077b4bf7519b308,"[{""id"":""1582028"",""title"":""(주)제일기획 주주명부폐쇄기간 또는 기준일 설정"",""author"":""KOSCOM"",""datetimeRaw"":""2025-12-24T06:50:15"",""publishedAt"":""2025-12-24T06:50:15+09:00"",""timezoneAssumed"":""Asia/Seoul(원문에 시간대 표기 없음)"",""corporateAction"":false,""actionWord"":null},{""id"":""1589992"",""title"":""(주)제일기획 결산실적공시 예고(안내공시)"",""author"":""KOSCOM"",""datetimeRaw"":""2026-01-26T06:50:19"",""publishedAt"":""2026-01-26T06:50:19+09:00"",""timezoneAssumed"":""Asia/Seoul(원문에 시간대 표기 없음)"",""corporateAction"":false,""actionWord"":null},{""id"":""1592843"",""title"":""(주)제일기획 연결재무제표기준영업(잠정)실적(공정공시)"",""author"":""KOSCOM"",""datetimeRaw"":""2026-02-02T06:50:40"",""publishedAt"":""2026-02-02T06:50:40+09:00"",""timezoneAssumed"":""Asia/Seoul(원문에 시간대 표기 없음)"",""corporateAction"":false,""actionWord"":null},{""id"":""1592842"",""title"":""(주)제일기획 주식선물 2단계 가격제한폭 확대요건 도달(하락)"",""author"":""KOSCOM"",""datetimeRaw"":""2026-02-02T06:50:40"",""publishedAt"":""2026-02-02T06:50:40+09:00"",""timezoneAssumed"":""Asia/Seoul(원문에 시간대 표기 없음)"",""corporateAction"":false,""actionWord"":null},{""id"":""1592845"",""title"":""(주)제일기획 수시공시의무관련사항(공정공시)"",""author"":""KOSCOM"",""datetimeRaw"":""2026-02-02T06:50:41"",""publishedAt"":""2026-02-02T06:50:41+09:00"",""timezoneAssumed"":""Asia/Seoul(원문에 시간대 표기 없음)"",""corporateAction"":false,""actionWord"":null},{""id"":""1592844"",""title"":""(주)제일기획 현금ㆍ현물 배당 결정"",""author"":""KOSCOM"",""datetimeRaw"":""2026-02-02T06:50:41"",""publishedAt"":""2026-02-02T06:50:41+09:00"",""timezoneAssumed"":""Asia/Seoul(원문에 시간대 표기 없음)"",""corporateAction"":false,""actionWord"":null},{""id"":""1599002"",""title"":""(주)제일기획 주주총회소집결의"",""author"":""KOSCOM"",""datetimeRaw"":""2026-02-13T11:17:58"",""publishedAt"":""2026-02-13T11:17:58+09:00"",""timezoneAssumed"":""Asia/Seoul(원문에 시간대 표기 없음)"",""corporateAction"":false,""actionWord"":null},{""id"":""1608485"",""title"":""(주)제일기획 감사보고서 제출"",""author"":""KOSCOM"",""datetimeRaw"":""2026-03-06T06:54:45"",""publishedAt"":""2026-03-06T06:54:45+09:00"",""timezoneAssumed"":""Asia/Seoul(원문에 시간대 표기 없음)"",""corporateAction"":false,""actionWord"":null},{""id"":""1615680"",""title"":""(주)제일기획 정기주주총회결과"",""author"":""KOSCOM"",""datetimeRaw"":""2026-03-18T06:55:39"",""publishedAt"":""2026-03-18T06:55:39+09:00"",""timezoneAssumed"":""Asia/Seoul(원문에 시간대 표기 없음)"",""corporateAction"":false,""actionWord"":null},{""id"":""1616782"",""title"":""(주)제일기획 기업가치 제고 계획(자율공시)"",""author"":""KOSCOM"",""datetimeRaw"":""2026-03-19T06:56:47"",""publishedAt"":""2026-03-19T06:56:47+09:00"",""timezoneAssumed"":""Asia/Seoul(원문에 시간대 표기 없음)"",""corporateAction"":false,""actionWord"":null},{""id"":""1631458"",""title"":""(주)제일기획 결산실적공시 예고(안내공시)"",""author"":""KOSCOM"",""datetimeRaw"":""2026-04-17T06:51:43"",""publishedAt"":""2026-04-17T06:51:43+09:00"",""timezoneAssumed"":""Asia/Seoul(원문에 시간대 표기 없음)"",""corporateAction"":false,""actionWord"":null},{""id"":""1633552"",""title"":""(주)제일기획 연결재무제표기준영업(잠정)실적(공정공시)"",""author"":""KOSCOM"",""datetimeRaw"":""2026-04-24T06:50:38"",""publishedAt"":""2026-04-24T06:50:38+09:00"",""timezoneAssumed"":""Asia/Seoul(원문에 시간대 표기 없음)"",""corporateAction"":false,""actionWord"":null},{""id"":""28589997"",""title"":""(주)제일기획 주식선물 2단계 가격제한폭 확대요건 도달(상승)"",""author"":""KOSCOM"",""datetimeRaw"":""2026-06-12T06:50:55"",""publishedAt"":""2026-06-12T06:50:55+09:00"",""timezoneAssumed"":""Asia/Seoul(원문에 시간대 표기 없음)"",""corporateAction"":false,""actionWord"":null},{""id"":""63060435"",""title"":""(주)제일기획 [투자주의]종가급변 종목"",""author"":""KOSCOM"",""datetimeRaw"":""2026-07-09T06:53:34"",""publishedAt"":""2026-07-09T06:53:34+09:00"",""timezoneAssumed"":""Asia/Seoul(원문에 시간대 표기 없음)"",""corporateAction"":false,""actionWord"":null},{""id"":""68070701"",""title"":""(주)제일기획 결산실적공시 예고(안내공시)"",""author"":""KOSCOM"",""datetimeRaw"":""2026-07-15T06:50:49"",""publishedAt"":""2026-07-15T06:50:49+09:00"",""timezoneAssumed"":""Asia/Seoul(원문에 시간대 표기 없음)"",""corporateAction"":false,""actionWord"":null},{""id"":""68071741"",""title"":""(주)제일기획 기업설명회(IR) 개최(안내공시)"",""author"":""KOSCOM"",""datetimeRaw"":""2026-07-15T06:50:50"",""publishedAt"":""2026-07-15T06:50:50+09:00"",""timezoneAssumed"":""Asia/Seoul(원문에 시간대 표기 없음)"",""corporateAction"":false,""actionWord"":null},{""id"":""73484944"",""title"":""(주)제일기획 지속가능경영보고서 등 관련사항(자율공시)"",""author"":""KOSCOM"",""datetimeRaw"":""2026-07-21T06:50:47"",""publishedAt"":""2026-07-21T06:50:47+09:00"",""timezoneAssumed"":""Asia/Seoul(원문에 시간대 표기 없음)"",""corporateAction"":false,""actionWord"":null},{""id"":""78496931"",""title"":""(주)제일기획 연결재무제표기준영업(잠정)실적(공정공시)"",""author"":""KOSCOM"",""datetimeRaw"":""2026-07-24T06:50:29"",""publishedAt"":""2026-07-24T06:50:29+09:00"",""timezoneAssumed"":""Asia/Seoul(원문에 시간대 표기 없음)"",""corporateAction"":false,""actionWord"":null},{""id"":""84382686"",""title"":""(주)제일기획 기업설명회(IR) 개최(안내공시)"",""author"":""KOSCOM"",""datetimeRaw"":""2026-07-30T06:50:27"",""publishedAt"":""2026-07-30T06:50:27+09:00"",""timezoneAssumed"":""Asia/Seoul(원문에 시간대 표기 없음)"",""corporateAction"":false,""actionWord"":null},{""id"":""110431912"",""title"":""(주)제일기획 기업설명회(IR) 개최(안내공시)"",""author"":""KOSCOM"",""datetimeRaw"":""2026-08-21T06:50:27"",""publishedAt"":""2026-08-21T06:50:27+09:00"",""timezoneAssumed"":""Asia/Seoul(원문에 시간대 표기 없음)"",""corporateAction"":false,""actionWord"":null}]",,,0,,,,,,
collection-64002bcef8f15165,collection,2026-09-30,2026-09-29T22:27:33Z,,,"{""contextFile"":""reports/atlas11/context/2026-09-30/2026-09-29T22-27-33Z.json""}",context_disclosures,2026-09-30,기업행위 공시,,,,,false,030200,KT,,,https://m.stock.naver.com/api/stock/030200/disclosure?pageSize=20&page=1,608e4f906f3837a7bb8a25a0e3a8ac65315a5df4a3e105e9fbb746538eb6c495,"[{""id"":""1640160"",""title"":""(주)케이티 연결재무제표기준영업(잠정)실적(공정공시)"",""author"":""KOSCOM"",""datetimeRaw"":""2026-05-12T06:51:01"",""publishedAt"":""2026-05-12T06:51:01+09:00"",""timezoneAssumed"":""Asia/Seoul(원문에 시간대 표기 없음)"",""corporateAction"":false,""actionWord"":null},{""id"":""7129716"",""title"":""(주)케이티 중간(분기)배당락 기준가격 안내"",""author"":""KOSCOM"",""datetimeRaw"":""2026-05-22T15:46:48"",""publishedAt"":""2026-05-22T15:46:48+09:00"",""timezoneAssumed"":""Asia/Seoul(원문에 시간대 표기 없음)"",""corporateAction"":true,""actionWord"":""배당락""},{""id"":""27127020"",""title"":""(주)케이티 [투자주의]종가급변 종목"",""author"":""KOSCOM"",""datetimeRaw"":""2026-06-11T06:53:44"",""publishedAt"":""2026-06-11T06:53:44+09:00"",""timezoneAssumed"":""Asia/Seoul(원문에 시간대 표기 없음)"",""corporateAction"":false,""actionWord"":null},{""id"":""29491118"",""title"":""(주)케이티 공매도 과열종목 지정(공매도 거래 금지 적용)"",""author"":""KOSCOM"",""datetimeRaw"":""2026-06-12T06:53:46"",""publishedAt"":""2026-06-12T06:53:46+09:00"",""timezoneAssumed"":""Asia/Seoul(원문에 시간대 표기 없음)"",""corporateAction"":false,""actionWord"":null},{""id"":""43728599"",""title"":""(주)케이티 조회공시 요구(풍문 또는 보도)"",""author"":""KOSCOM"",""datetimeRaw"":""2026-06-25T06:51:08"",""publishedAt"":""2026-06-25T06:51:08+09:00"",""timezoneAssumed"":""Asia/Seoul(원문에 시간대 표기 없음)"",""corporateAction"":false,""actionWord"":null},{""id"":""45537588"",""title"":""(주)케이티 조회공시 요구(풍문 또는 보도)에 대한 답변(미확정)"",""author"":""KOSCOM"",""datetimeRaw"":""2026-06-26T06:51:00"",""publishedAt"":""2026-06-26T06:51:00+09:00"",""timezoneAssumed"":""Asia/Seoul(원문에 시간대 표기 없음)"",""corporateAction"":false,""actionWord"":null},{""id"":""48199239"",""title"":""(주)케이티 지속가능경영보고서 등 관련사항(자율공시)"",""author"":""KOSCOM"",""datetimeRaw"":""2026-06-29T06:53:10"",""publishedAt"":""2026-06-29T06:53:10+09:00"",""timezoneAssumed"":""Asia/Seoul(원문에 시간대 표기 없음)"",""corporateAction"":false,""actionWord"":null},{""id"":""58428717"",""title"":""(주)케이티 장래사업ㆍ경영 계획(공정공시)"",""author"":""KOSCOM"",""datetimeRaw"":""2026-07-06T06:50:44"",""publishedAt"":""2026-07-06T06:50:44+09:00"",""timezoneAssumed"":""Asia/Seoul(원문에 시간대 표기 없음)"",""corporateAction"":false,""actionWord"":null},{""id"":""65008135"",""title"":""(주)케이티 공매도 과열종목 지정(공매도 거래 금지 적용)"",""author"":""KOSCOM"",""datetimeRaw"":""2026-07-10T06:53:49"",""publishedAt"":""2026-07-10T06:53:49+09:00"",""timezoneAssumed"":""Asia/Seoul(원문에 시간대 표기 없음)"",""corporateAction"":false,""actionWord"":null},{""id"":""66854261"",""title"":""(주)케이티 현금ㆍ현물배당을 위한 주주명부폐쇄(기준일) 결정"",""author"":""KOSCOM"",""datetimeRaw"":""2026-07-14T06:51:21"",""publishedAt"":""2026-07-14T06:51:21+09:00"",""timezoneAssumed"":""Asia/Seoul(원문에 시간대 표기 없음)"",""corporateAction"":false,""actionWord"":null},{""id"":""66855671"",""title"":""(주)케이티 자기주식 취득 결정"",""author"":""KOSCOM"",""datetimeRaw"":""2026-07-14T06:51:23"",""publishedAt"":""2026-07-14T06:51:23+09:00"",""timezoneAssumed"":""Asia/Seoul(원문에 시간대 표기 없음)"",""corporateAction"":true,""actionWord"":""자기주식""},{""id"":""66854966"",""title"":""(주)케이티 현금ㆍ현물 배당 결정"",""author"":""KOSCOM"",""datetimeRaw"":""2026-07-14T06:51:23"",""publishedAt"":""2026-07-14T06:51:23+09:00"",""timezoneAssumed"":""Asia/Seoul(원문에 시간대 표기 없음)"",""corporateAction"":false,""actionWord"":null},{""id"":""66855672"",""title"":""(주)케이티 자기주식 처분 결정"",""author"":""KOSCOM"",""datetimeRaw"":""2026-07-14T06:51:24"",""publishedAt"":""2026-07-14T06:51:24+09:00"",""timezoneAssumed"":""Asia/Seoul(원문에 시간대 표기 없음)"",""corporateAction"":true,""actionWord"":""자기주식""},{""id"":""78892066"",""title"":""(주)케이티 조회공시 요구(풍문 또는 보도)에 대한 답변(미확정)"",""author"":""KOSCOM"",""datetimeRaw"":""2026-07-24T06:52:01"",""publishedAt"":""2026-07-24T06:52:01+09:00"",""timezoneAssumed"":""Asia/Seoul(원문에 시간대 표기 없음)"",""corporateAction"":false,""actionWord"":null},{""id"":""80198268"",""title"":""(주)케이티 중간(분기)배당락 기준가격 안내"",""author"":""KOSCOM"",""datetimeRaw"":""2026-07-27T06:51:37"",""publishedAt"":""2026-07-27T06:51:37+09:00"",""timezoneAssumed"":""Asia/Seoul(원문에 시간대 표기 없음)"",""corporateAction"":true,""actionWord"":""배당락""},{""id"":""100888747"",""title"":""(주)케이티 영업(잠정)실적(공정공시)"",""author"":""KOSCOM"",""datetimeRaw"":""2026-08-12T06:50:24"",""publishedAt"":""2026-08-12T06:50:24+09:00"",""timezoneAssumed"":""Asia/Seoul(원문에 시간대 표기 없음)"",""corporateAction"":false,""actionWord"":null},{""id"":""100889645"",""title"":""(주)케이티 연결재무제표기준영업(잠정)실적(공정공시)"",""author"":""KOSCOM"",""datetimeRaw"":""2026-08-12T06:50:25"",""publishedAt"":""2026-08-12T06:50:25+09:00"",""timezoneAssumed"":""Asia/Seoul(원문에 시간대 표기 없음)"",""corporateAction"":false,""actionWord"":null},{""id"":""100902245"",""title"":""(주)케이티 기업가치 제고 계획(자율공시)"",""author"":""KOSCOM"",""datetimeRaw"":""2026-08-12T06:50:27"",""publishedAt"":""2026-08-12T06:50:27+09:00"",""timezoneAssumed"":""Asia/Seoul(원문에 시간대 표기 없음)"",""corporateAction"":false,""actionWord"":null},{""id"":""108276265"",""title"":""(주)케이티 공매도 과열종목 지정(공매도 거래 금지 적용)"",""author"":""KOSCOM"",""datetimeRaw"":""2026-08-19T06:53:03"",""publishedAt"":""2026-08-19T06:53:03+09:00"",""timezoneAssumed"":""Asia/Seoul(원문에 시간대 표기 없음)"",""corporateAction"":false,""actionWord"":null},{""id"":""126531457"",""title"":""(주)케이티 자기주식취득 신탁계약 해지 결정"",""author"":""KOSCOM"",""datetimeRaw"":""2026-09-09T06:51:14"",""publishedAt"":""2026-09-09T06:51:14+09:00"",""timezoneAssumed"":""Asia/Seoul(원문에 시간대 표기 없음)"",""corporateAction"":true,""actionWord"":""자기주식""}]",,,5,,,,,,
collection-752f9b6529d6bdb3,collection,2026-09-30,2026-09-29T22:27:33Z,,,"{""contextFile"":""reports/atlas11/context/2026-09-30/2026-09-29T22-27-33Z.json""}",context_disclosures,2026-09-30,새 공시,,,,,false,032830,삼성생명보험,,,https://m.stock.naver.com/api/stock/032830/disclosure?pageSize=20&page=1,9e43c5800589832efbbd843f3af54034634aa3d886e1fa2f25ba45325a54cf59,"[{""id"":""18406347"",""title"":""삼성생명보험(주) 주식선물ㆍ주식옵션 2단계 가격제한폭 확대요건 도달(하락)"",""author"":""KOSCOM"",""datetimeRaw"":""2026-06-04T06:50:22"",""publishedAt"":""2026-06-04T06:50:22+09:00"",""timezoneAssumed"":""Asia/Seoul(원문에 시간대 표기 없음)"",""corporateAction"":false,""actionWord"":null},{""id"":""21332107"",""title"":""삼성생명보험(주) 주식선물ㆍ주식옵션 2단계 가격제한폭 확대요건 도달(하락)"",""author"":""KOSCOM"",""datetimeRaw"":""2026-06-08T06:50:52"",""publishedAt"":""2026-06-08T06:50:52+09:00"",""timezoneAssumed"":""Asia/Seoul(원문에 시간대 표기 없음)"",""corporateAction"":false,""actionWord"":null},{""id"":""24275525"",""title"":""삼성생명보험(주) 주식선물ㆍ주식옵션 2단계 가격제한폭 확대요건 도달(하락)"",""author"":""KOSCOM"",""datetimeRaw"":""2026-06-10T06:50:49"",""publishedAt"":""2026-06-10T06:50:49+09:00"",""timezoneAssumed"":""Asia/Seoul(원문에 시간대 표기 없음)"",""corporateAction"":false,""actionWord"":null},{""id"":""28364709"",""title"":""삼성생명보험(주) 주식선물ㆍ주식옵션 2단계 가격제한폭 확대요건 도달(상승)"",""author"":""KOSCOM"",""datetimeRaw"":""2026-06-12T06:50:21"",""publishedAt"":""2026-06-12T06:50:21+09:00"",""timezoneAssumed"":""Asia/Seoul(원문에 시간대 표기 없음)"",""corporateAction"":false,""actionWord"":null},{""id"":""36847827"",""title"":""삼성생명보험(주) 주식선물ㆍ주식옵션 2단계 가격제한폭 확대요건 도달(상승)"",""author"":""KOSCOM"",""datetimeRaw"":""2026-06-19T06:50:58"",""publishedAt"":""2026-06-19T06:50:58+09:00"",""timezoneAssumed"":""Asia/Seoul(원문에 시간대 표기 없음)"",""corporateAction"":false,""actionWord"":null},{""id"":""39802460"",""title"":""삼성생명보험(주) 주식선물ㆍ주식옵션 2단계 가격제한폭 확대요건 도달(상승)"",""author"":""KOSCOM"",""datetimeRaw"":""2026-06-23T06:50:23"",""publishedAt"":""2026-06-23T06:50:23+09:00"",""timezoneAssumed"":""Asia/Seoul(원문에 시간대 표기 없음)"",""corporateAction"":false,""actionWord"":null},{""id"":""49671523"",""title"":""삼성생명보험(주) 지속가능경영보고서 등 관련사항(자율공시)"",""author"":""KOSCOM"",""datetimeRaw"":""2026-06-30T06:53:39"",""publishedAt"":""2026-06-30T06:53:39+09:00"",""timezoneAssumed"":""Asia/Seoul(원문에 시간대 표기 없음)"",""corporateAction"":false,""actionWord"":null},{""id"":""60668221"",""title"":""삼성생명보험(주) 주식선물ㆍ주식옵션 2단계 가격제한폭 확대요건 도달(하락)"",""author"":""KOSCOM"",""datetimeRaw"":""2026-07-08T06:50:58"",""publishedAt"":""2026-07-08T06:50:58+09:00"",""timezoneAssumed"":""Asia/Seoul(원문에 시간대 표기 없음)"",""corporateAction"":false,""actionWord"":null},{""id"":""72842473"",""title"":""삼성생명보험(주) 주식선물ㆍ주식옵션 2단계 가격제한폭 확대요건 도달(하락)"",""author"":""KOSCOM"",""datetimeRaw"":""2026-07-20T06:50:25"",""publishedAt"":""2026-07-20T06:50:25+09:00"",""timezoneAssumed"":""Asia/Seoul(원문에 시간대 표기 없음)"",""corporateAction"":false,""actionWord"":null},{""id"":""80234732"",""title"":""삼성생명보험(주) 기업설명회(IR) 개최(안내공시)"",""author"":""KOSCOM"",""datetimeRaw"":""2026-07-27T06:52:10"",""publishedAt"":""2026-07-27T06:52:10+09:00"",""timezoneAssumed"":""Asia/Seoul(원문에 시간대 표기 없음)"",""corporateAction"":false,""actionWord"":null},{""id"":""80871962"",""title"":""삼성생명보험(주) 주식선물ㆍ주식옵션 2단계 가격제한폭 확대요건 도달(하락)"",""author"":""KOSCOM"",""datetimeRaw"":""2026-07-28T06:50:49"",""publishedAt"":""2026-07-28T06:50:49+09:00"",""timezoneAssumed"":""Asia/Seoul(원문에 시간대 표기 없음)"",""corporateAction"":false,""actionWord"":null},{""id"":""82292755"",""title"":""삼성생명보험(주) 주식선물ㆍ주식옵션 2단계 가격제한폭 확대요건 도달(하락)"",""author"":""KOSCOM"",""datetimeRaw"":""2026-07-29T06:51:13"",""publishedAt"":""2026-07-29T06:51:13+09:00"",""timezoneAssumed"":""Asia/Seoul(원문에 시간대 표기 없음)"",""corporateAction"":false,""actionWord"":null},{""id"":""87581805"",""title"":""삼성생명보험(주) 주식선물ㆍ주식옵션 2단계 가격제한폭 확대요건 도달(상승)"",""author"":""KOSCOM"",""datetimeRaw"":""2026-07-31T06:50:27"",""publishedAt"":""2026-07-31T06:50:27+09:00"",""timezoneAssumed"":""Asia/Seoul(원문에 시간대 표기 없음)"",""corporateAction"":false,""actionWord"":null},{""id"":""102885754"",""title"":""삼성생명보험(주) 연결재무제표기준영업(잠정)실적(공정공시)"",""author"":""KOSCOM"",""datetimeRaw"":""2026-08-13T06:50:30"",""publishedAt"":""2026-08-13T06:50:30+09:00"",""timezoneAssumed"":""Asia/Seoul(원문에 시간대 표기 없음)"",""corporateAction"":false,""actionWord"":null},{""id"":""107923320"",""title"":""삼성생명보험(주) 주식선물ㆍ주식옵션 2단계 가격제한폭 확대요건 도달(하락)"",""author"":""KOSCOM"",""datetimeRaw"":""2026-08-19T06:50:18"",""publishedAt"":""2026-08-19T06:50:18+09:00"",""timezoneAssumed"":""Asia/Seoul(원문에 시간대 표기 없음)"",""corporateAction"":false,""actionWord"":null},{""id"":""108973254"",""title"":""삼성생명보험(주) 주식선물ㆍ주식옵션 2단계 가격제한폭 확대요건 도달(상승)"",""author"":""KOSCOM"",""datetimeRaw"":""2026-08-20T06:50:21"",""publishedAt"":""2026-08-20T06:50:21+09:00"",""timezoneAssumed"":""Asia/Seoul(원문에 시간대 표기 없음)"",""corporateAction"":false,""actionWord"":null},{""id"":""110786941"",""title"":""삼성생명보험(주) 주식선물ㆍ주식옵션 2단계 가격제한폭 확대요건 도달(상승)"",""author"":""KOSCOM"",""datetimeRaw"":""2026-08-21T06:50:52"",""publishedAt"":""2026-08-21T06:50:52+09:00"",""timezoneAssumed"":""Asia/Seoul(원문에 시간대 표기 없음)"",""corporateAction"":false,""actionWord"":null},{""id"":""111894002"",""title"":""삼성생명보험(주) 주식선물ㆍ주식옵션 2단계 가격제한폭 확대요건 도달(하락)"",""author"":""KOSCOM"",""datetimeRaw"":""2026-08-24T06:50:18"",""publishedAt"":""2026-08-24T06:50:18+09:00"",""timezoneAssumed"":""Asia/Seoul(원문에 시간대 표기 없음)"",""corporateAction"":false,""actionWord"":null},{""id"":""113670864"",""title"":""삼성생명보험(주) 주식선물ㆍ주식옵션 2단계 가격제한폭 확대요건 도달(상승)"",""author"":""KOSCOM"",""datetimeRaw"":""2026-08-26T06:50:20"",""publishedAt"":""2026-08-26T06:50:20+09:00"",""timezoneAssumed"":""Asia/Seoul(원문에 시간대 표기 없음)"",""corporateAction"":false,""actionWord"":null},{""id"":""121865318"",""title"":""삼성생명보험(주) 풍문 또는 보도에 대한 해명(미확정)"",""author"":""KOSCOM"",""datetimeRaw"":""2026-09-03T06:50:14"",""publishedAt"":""2026-09-03T06:50:14+09:00"",""timezoneAssumed"":""Asia/Seoul(원문에 시간대 표기 없음)"",""corporateAction"":false,""actionWord"":null}]",,,0,,,,,,
collection-17f84bbffb8987e2,collection,2026-09-30,2026-09-29T22:27:33Z,,,"{""contextFile"":""reports/atlas11/context/2026-09-30/2026-09-29T22-27-33Z.json""}",context_disclosures,2026-09-30,기업행위 공시,,,,,false,033780,KT&G,,,https://m.stock.naver.com/api/stock/033780/disclosure?pageSize=20&page=1,54bad3bf9a55008e478a2bef54dad148b340582185618c9df61c27c1cc0c43a0,"[{""id"":""1603468"",""title"":""(주)케이티앤지 (정정)현금ㆍ현물 배당 결정"",""author"":""KOSCOM"",""datetimeRaw"":""2026-02-26T06:50:30"",""publishedAt"":""2026-02-26T06:50:30+09:00"",""timezoneAssumed"":""Asia/Seoul(원문에 시간대 표기 없음)"",""corporateAction"":false,""actionWord"":null},{""id"":""1606574"",""title"":""(주)케이티앤지 감사보고서 제출"",""author"":""KOSCOM"",""datetimeRaw"":""2026-03-04T06:55:03"",""publishedAt"":""2026-03-04T06:55:03+09:00"",""timezoneAssumed"":""Asia/Seoul(원문에 시간대 표기 없음)"",""corporateAction"":false,""actionWord"":null},{""id"":""1610016"",""title"":""(주)케이티앤지 변경상장(주식소각)"",""author"":""KOSCOM"",""datetimeRaw"":""2026-03-10T06:54:30"",""publishedAt"":""2026-03-10T06:54:30+09:00"",""timezoneAssumed"":""Asia/Seoul(원문에 시간대 표기 없음)"",""corporateAction"":true,""actionWord"":""소각""},{""id"":""1621253"",""title"":""(주)케이티앤지 정기주주총회결과"",""author"":""KOSCOM"",""datetimeRaw"":""2026-03-26T07:02:05"",""publishedAt"":""2026-03-26T07:02:05+09:00"",""timezoneAssumed"":""Asia/Seoul(원문에 시간대 표기 없음)"",""corporateAction"":false,""actionWord"":null},{""id"":""1621849"",""title"":""(주)케이티앤지 기업가치 제고 계획(자율공시)(고배당기업 표시를 위한 재공시)"",""author"":""KOSCOM"",""datetimeRaw"":""2026-03-27T06:51:00"",""publishedAt"":""2026-03-27T06:51:00+09:00"",""timezoneAssumed"":""Asia/Seoul(원문에 시간대 표기 없음)"",""corporateAction"":false,""actionWord"":null},{""id"":""1631019"",""title"":""(주)케이티앤지 주식 소각 결정"",""author"":""KOSCOM"",""datetimeRaw"":""2026-04-16T06:51:24"",""publishedAt"":""2026-04-16T06:51:24+09:00"",""timezoneAssumed"":""Asia/Seoul(원문에 시간대 표기 없음)"",""corporateAction"":true,""actionWord"":""소각""},{""id"":""1633270"",""title"":""(주)케이티앤지 기업설명회(IR) 개최(안내공시)"",""author"":""KOSCOM"",""datetimeRaw"":""2026-04-23T06:52:34"",""publishedAt"":""2026-04-23T06:52:34+09:00"",""timezoneAssumed"":""Asia/Seoul(원문에 시간대 표기 없음)"",""corporateAction"":false,""actionWord"":null},{""id"":""1638692"",""title"":""(주)케이티앤지 연결재무제표기준영업(잠정)실적(공정공시)"",""author"":""KOSCOM"",""datetimeRaw"":""2026-05-07T06:51:43"",""publishedAt"":""2026-05-07T06:51:43+09:00"",""timezoneAssumed"":""Asia/Seoul(원문에 시간대 표기 없음)"",""corporateAction"":false,""actionWord"":null},{""id"":""1640248"",""title"":""(주)케이티앤지 영업정지(종속회사의 주요경영사항)"",""author"":""KOSCOM"",""datetimeRaw"":""2026-05-12T06:51:48"",""publishedAt"":""2026-05-12T06:51:48+09:00"",""timezoneAssumed"":""Asia/Seoul(원문에 시간대 표기 없음)"",""corporateAction"":false,""actionWord"":null},{""id"":""1640375"",""title"":""(주)케이티앤지 변경상장(주식소각)"",""author"":""KOSCOM"",""datetimeRaw"":""2026-05-12T06:52:49"",""publishedAt"":""2026-05-12T06:52:49+09:00"",""timezoneAssumed"":""Asia/Seoul(원문에 시간대 표기 없음)"",""corporateAction"":true,""actionWord"":""소각""},{""id"":""48127531"",""title"":""(주)케이티앤지 지속가능경영보고서 등 관련사항(자율공시)"",""author"":""KOSCOM"",""datetimeRaw"":""2026-06-29T06:52:39"",""publishedAt"":""2026-06-29T06:52:39+09:00"",""timezoneAssumed"":""Asia/Seoul(원문에 시간대 표기 없음)"",""corporateAction"":false,""actionWord"":null},{""id"":""59559726"",""title"":""(주)케이티앤지 주식선물ㆍ주식옵션 2단계 가격제한폭 확대요건 도달(상승)"",""author"":""KOSCOM"",""datetimeRaw"":""2026-07-07T06:50:54"",""publishedAt"":""2026-07-07T06:50:54+09:00"",""timezoneAssumed"":""Asia/Seoul(원문에 시간대 표기 없음)"",""corporateAction"":false,""actionWord"":null},{""id"":""76800533"",""title"":""(주)케이티앤지 기업설명회(IR) 개최(안내공시)"",""author"":""KOSCOM"",""datetimeRaw"":""2026-07-23T06:53:03"",""publishedAt"":""2026-07-23T06:53:03+09:00"",""timezoneAssumed"":""Asia/Seoul(원문에 시간대 표기 없음)"",""corporateAction"":false,""actionWord"":null},{""id"":""95522667"",""title"":""(주)케이티앤지 현금ㆍ현물배당을 위한 주주명부폐쇄(기준일) 결정"",""author"":""KOSCOM"",""datetimeRaw"":""2026-08-06T06:50:56"",""publishedAt"":""2026-08-06T06:50:56+09:00"",""timezoneAssumed"":""Asia/Seoul(원문에 시간대 표기 없음)"",""corporateAction"":false,""actionWord"":null},{""id"":""95527899"",""title"":""(주)케이티앤지 연결재무제표기준영업(잠정)실적(공정공시)"",""author"":""KOSCOM"",""datetimeRaw"":""2026-08-06T06:50:57"",""publishedAt"":""2026-08-06T06:50:57+09:00"",""timezoneAssumed"":""Asia/Seoul(원문에 시간대 표기 없음)"",""corporateAction"":false,""actionWord"":null},{""id"":""95529645"",""title"":""(주)케이티앤지 현금ㆍ현물 배당 결정"",""author"":""KOSCOM"",""datetimeRaw"":""2026-08-06T06:50:58"",""publishedAt"":""2026-08-06T06:50:58+09:00"",""timezoneAssumed"":""Asia/Seoul(원문에 시간대 표기 없음)"",""corporateAction"":false,""actionWord"":null},{""id"":""108118787"",""title"":""(주)케이티앤지 중간(분기)배당락 기준가격 안내"",""author"":""KOSCOM"",""datetimeRaw"":""2026-08-19T06:50:53"",""publishedAt"":""2026-08-19T06:50:53+09:00"",""timezoneAssumed"":""Asia/Seoul(원문에 시간대 표기 없음)"",""corporateAction"":true,""actionWord"":""배당락""},{""id"":""135870816"",""title"":""(주)케이티앤지 소송등의판결ㆍ결정(자율공시:일정금액미만의청구)"",""author"":""KOSCOM"",""datetimeRaw"":""2026-09-18T06:51:53"",""publishedAt"":""2026-09-18T06:51:53+09:00"",""timezoneAssumed"":""Asia/Seoul(원문에 시간대 표기 없음)"",""corporateAction"":false,""actionWord"":null},{""id"":""137518133"",""title"":""(주)케이티앤지 자기주식 취득 결정"",""author"":""KOSCOM"",""datetimeRaw"":""2026-09-22T06:50:47"",""publishedAt"":""2026-09-22T06:50:47+09:00"",""timezoneAssumed"":""Asia/Seoul(원문에 시간대 표기 없음)"",""corporateAction"":true,""actionWord"":""자기주식""},{""id"":""137519954"",""title"":""(주)케이티앤지 주식 소각 결정"",""author"":""KOSCOM"",""datetimeRaw"":""2026-09-22T06:50:48"",""publishedAt"":""2026-09-22T06:50:48+09:00"",""timezoneAssumed"":""Asia/Seoul(원문에 시간대 표기 없음)"",""corporateAction"":true,""actionWord"":""소각""}]",,,6,,,,,,
collection-07ef04226f90d6e4,collection,2026-09-30,2026-09-29T22:27:33Z,,,"{""contextFile"":""reports/atlas11/context/2026-09-30/2026-09-29T22-27-33Z.json""}",context_disclosures,2026-09-30,새 공시,,,,,false,034020,두산에너빌리티,,,https://m.stock.naver.com/api/stock/034020/disclosure?pageSize=20&page=1,ec485289a35fb5c7a32f6a5d465ade875401f10cddc1d24cf8c5a816da8001cc,"[{""id"":""60688782"",""title"":""두산에너빌리티(주) 주식선물ㆍ주식옵션 2단계 가격제한폭 확대요건 도달(하락)"",""author"":""KOSCOM"",""datetimeRaw"":""2026-07-08T06:51:01"",""publishedAt"":""2026-07-08T06:51:01+09:00"",""timezoneAssumed"":""Asia/Seoul(원문에 시간대 표기 없음)"",""corporateAction"":false,""actionWord"":null},{""id"":""64258991"",""title"":""두산에너빌리티(주) 기업설명회(IR) 개최(안내공시)"",""author"":""KOSCOM"",""datetimeRaw"":""2026-07-10T06:50:53"",""publishedAt"":""2026-07-10T06:50:53+09:00"",""timezoneAssumed"":""Asia/Seoul(원문에 시간대 표기 없음)"",""corporateAction"":false,""actionWord"":null},{""id"":""64256326"",""title"":""두산에너빌리티(주) 풍문 또는 보도에 대한 해명(미확정)"",""author"":""KOSCOM"",""datetimeRaw"":""2026-07-10T06:50:53"",""publishedAt"":""2026-07-10T06:50:53+09:00"",""timezoneAssumed"":""Asia/Seoul(원문에 시간대 표기 없음)"",""corporateAction"":false,""actionWord"":null},{""id"":""72873935"",""title"":""두산에너빌리티(주) 기업설명회(IR) 개최(안내공시)"",""author"":""KOSCOM"",""datetimeRaw"":""2026-07-20T06:51:03"",""publishedAt"":""2026-07-20T06:51:03+09:00"",""timezoneAssumed"":""Asia/Seoul(원문에 시간대 표기 없음)"",""corporateAction"":false,""actionWord"":null},{""id"":""72873757"",""title"":""두산에너빌리티(주) 결산실적공시 예고(안내공시)"",""author"":""KOSCOM"",""datetimeRaw"":""2026-07-20T06:51:03"",""publishedAt"":""2026-07-20T06:51:03+09:00"",""timezoneAssumed"":""Asia/Seoul(원문에 시간대 표기 없음)"",""corporateAction"":false,""actionWord"":null},{""id"":""78903431"",""title"":""두산에너빌리티(주) 기업설명회(IR) 개최(안내공시)"",""author"":""KOSCOM"",""datetimeRaw"":""2026-07-24T06:52:07"",""publishedAt"":""2026-07-24T06:52:07+09:00"",""timezoneAssumed"":""Asia/Seoul(원문에 시간대 표기 없음)"",""corporateAction"":false,""actionWord"":null},{""id"":""80174393"",""title"":""두산에너빌리티(주) 연결재무제표기준영업(잠정)실적(공정공시)"",""author"":""KOSCOM"",""datetimeRaw"":""2026-07-27T06:51:14"",""publishedAt"":""2026-07-27T06:51:14+09:00"",""timezoneAssumed"":""Asia/Seoul(원문에 시간대 표기 없음)"",""corporateAction"":false,""actionWord"":null},{""id"":""82293956"",""title"":""두산에너빌리티(주) 주식선물ㆍ주식옵션 2단계 가격제한폭 확대요건 도달(하락)"",""author"":""KOSCOM"",""datetimeRaw"":""2026-07-29T06:51:13"",""publishedAt"":""2026-07-29T06:51:13+09:00"",""timezoneAssumed"":""Asia/Seoul(원문에 시간대 표기 없음)"",""corporateAction"":false,""actionWord"":null},{""id"":""87643489"",""title"":""두산에너빌리티(주) 주식선물ㆍ주식옵션 2단계 가격제한폭 확대요건 도달(상승)"",""author"":""KOSCOM"",""datetimeRaw"":""2026-07-31T06:50:41"",""publishedAt"":""2026-07-31T06:50:41+09:00"",""timezoneAssumed"":""Asia/Seoul(원문에 시간대 표기 없음)"",""corporateAction"":false,""actionWord"":null},{""id"":""97859611"",""title"":""두산에너빌리티(주) 풍문 또는 보도에 대한 해명(미확정)"",""author"":""KOSCOM"",""datetimeRaw"":""2026-08-07T06:51:24"",""publishedAt"":""2026-08-07T06:51:24+09:00"",""timezoneAssumed"":""Asia/Seoul(원문에 시간대 표기 없음)"",""corporateAction"":false,""actionWord"":null},{""id"":""110296688"",""title"":""두산에너빌리티(주) 단일판매ㆍ공급계약체결"",""author"":""KOSCOM"",""datetimeRaw"":""2026-08-21T06:50:08"",""publishedAt"":""2026-08-21T06:50:08+09:00"",""timezoneAssumed"":""Asia/Seoul(원문에 시간대 표기 없음)"",""corporateAction"":false,""actionWord"":null},{""id"":""110891471"",""title"":""두산에너빌리티(주) 기업설명회(IR) 개최(안내공시)"",""author"":""KOSCOM"",""datetimeRaw"":""2026-08-21T06:51:22"",""publishedAt"":""2026-08-21T06:51:22+09:00"",""timezoneAssumed"":""Asia/Seoul(원문에 시간대 표기 없음)"",""corporateAction"":false,""actionWord"":null},{""id"":""112750630"",""title"":""두산에너빌리티(주) 주식선물ㆍ주식옵션 2단계 가격제한폭 확대요건 도달(상승)"",""author"":""KOSCOM"",""datetimeRaw"":""2026-08-25T06:50:25"",""publishedAt"":""2026-08-25T06:50:25+09:00"",""timezoneAssumed"":""Asia/Seoul(원문에 시간대 표기 없음)"",""corporateAction"":false,""actionWord"":null},{""id"":""118582637"",""title"":""두산에너빌리티(주) 기업설명회(IR) 개최(안내공시)"",""author"":""KOSCOM"",""datetimeRaw"":""2026-08-31T06:52:19"",""publishedAt"":""2026-08-31T06:52:19+09:00"",""timezoneAssumed"":""Asia/Seoul(원문에 시간대 표기 없음)"",""corporateAction"":false,""actionWord"":null},{""id"":""119432968"",""title"":""두산에너빌리티(주) 단일판매ㆍ공급계약체결"",""author"":""KOSCOM"",""datetimeRaw"":""2026-09-01T06:51:13"",""publishedAt"":""2026-09-01T06:51:13+09:00"",""timezoneAssumed"":""Asia/Seoul(원문에 시간대 표기 없음)"",""corporateAction"":false,""actionWord"":null},{""id"":""119514512"",""title"":""두산에너빌리티(주) (정정)단일판매ㆍ공급계약체결"",""author"":""KOSCOM"",""datetimeRaw"":""2026-09-01T06:52:37"",""publishedAt"":""2026-09-01T06:52:37+09:00"",""timezoneAssumed"":""Asia/Seoul(원문에 시간대 표기 없음)"",""corporateAction"":false,""actionWord"":null},{""id"":""124834696"",""title"":""두산에너빌리티(주) 주식선물ㆍ주식옵션 2단계 가격제한폭 확대요건 도달(상승)"",""author"":""KOSCOM"",""datetimeRaw"":""2026-09-07T06:50:25"",""publishedAt"":""2026-09-07T06:50:25+09:00"",""timezoneAssumed"":""Asia/Seoul(원문에 시간대 표기 없음)"",""corporateAction"":false,""actionWord"":null},{""id"":""125558599"",""title"":""두산에너빌리티(주) 기업설명회(IR) 개최(안내공시)"",""author"":""KOSCOM"",""datetimeRaw"":""2026-09-08T06:51:01"",""publishedAt"":""2026-09-08T06:51:01+09:00"",""timezoneAssumed"":""Asia/Seoul(원문에 시간대 표기 없음)"",""corporateAction"":false,""actionWord"":null},{""id"":""134222208"",""title"":""두산에너빌리티(주) 풍문 또는 보도에 대한 해명"",""author"":""KOSCOM"",""datetimeRaw"":""2026-09-17T06:52:03"",""publishedAt"":""2026-09-17T06:52:03+09:00"",""timezoneAssumed"":""Asia/Seoul(원문에 시간대 표기 없음)"",""corporateAction"":false,""actionWord"":null},{""id"":""137586685"",""title"":""두산에너빌리티(주) 기업설명회(IR) 개최(안내공시)"",""author"":""KOSCOM"",""datetimeRaw"":""2026-09-22T06:51:52"",""publishedAt"":""2026-09-22T06:51:52+09:00"",""timezoneAssumed"":""Asia/Seoul(원문에 시간대 표기 없음)"",""corporateAction"":false,""actionWord"":null}]",,,0,,,,,,
collection-e5e8a84b9031b5bb,collection,2026-09-30,2026-09-29T22:27:33Z,,,"{""contextFile"":""reports/atlas11/context/2026-09-30/2026-09-29T22-27-33Z.json""}",context_disclosures,2026-09-30,새 공시,,,,,false,034220,LG디스플레이,,,https://m.stock.naver.com/api/stock/034220/disclosure?pageSize=20&page=1,426eb298691ead409aa762ed22f8e3d857b6c0ef36a66da73660a9f678cf35bf,"[{""id"":""9340175"",""title"":""엘지디스플레이(주) 주식선물ㆍ주식옵션 2단계 가격제한폭 확대요건 도달(하락)"",""author"":""KOSCOM"",""datetimeRaw"":""2026-05-27T06:50:46"",""publishedAt"":""2026-05-27T06:50:46+09:00"",""timezoneAssumed"":""Asia/Seoul(원문에 시간대 표기 없음)"",""corporateAction"":false,""actionWord"":null},{""id"":""10505927"",""title"":""엘지디스플레이(주) 해외증권거래소등에신고한주요공시사항의국내신고"",""author"":""KOSCOM"",""datetimeRaw"":""2026-05-28T06:50:18"",""publishedAt"":""2026-05-28T06:50:18+09:00"",""timezoneAssumed"":""Asia/Seoul(원문에 시간대 표기 없음)"",""corporateAction"":false,""actionWord"":null},{""id"":""10518971"",""title"":""엘지디스플레이(주) 주식선물ㆍ주식옵션 2단계 가격제한폭 확대요건 도달(상승)"",""author"":""KOSCOM"",""datetimeRaw"":""2026-05-28T06:50:25"",""publishedAt"":""2026-05-28T06:50:25+09:00"",""timezoneAssumed"":""Asia/Seoul(원문에 시간대 표기 없음)"",""corporateAction"":false,""actionWord"":null},{""id"":""12668093"",""title"":""엘지디스플레이(주) 주식선물ㆍ주식옵션 2단계 가격제한폭 확대요건 도달(상승)"",""author"":""KOSCOM"",""datetimeRaw"":""2026-05-29T06:50:26"",""publishedAt"":""2026-05-29T06:50:26+09:00"",""timezoneAssumed"":""Asia/Seoul(원문에 시간대 표기 없음)"",""corporateAction"":false,""actionWord"":null},{""id"":""14657850"",""title"":""엘지디스플레이(주) 주식선물ㆍ주식옵션 2단계 가격제한폭 확대요건 도달(상승)"",""author"":""KOSCOM"",""datetimeRaw"":""2026-06-01T06:50:30"",""publishedAt"":""2026-06-01T06:50:30+09:00"",""timezoneAssumed"":""Asia/Seoul(원문에 시간대 표기 없음)"",""corporateAction"":false,""actionWord"":null},{""id"":""15731759"",""title"":""엘지디스플레이(주) 주식선물ㆍ주식옵션 2단계 가격제한폭 확대요건 도달(상승)"",""author"":""KOSCOM"",""datetimeRaw"":""2026-06-02T06:50:33"",""publishedAt"":""2026-06-02T06:50:33+09:00"",""timezoneAssumed"":""Asia/Seoul(원문에 시간대 표기 없음)"",""corporateAction"":false,""actionWord"":null},{""id"":""15927237"",""title"":""엘지디스플레이(주) (정정)타인에대한채무보증결정"",""author"":""KOSCOM"",""datetimeRaw"":""2026-06-02T06:50:54"",""publishedAt"":""2026-06-02T06:50:54+09:00"",""timezoneAssumed"":""Asia/Seoul(원문에 시간대 표기 없음)"",""corporateAction"":false,""actionWord"":null},{""id"":""21312358"",""title"":""엘지디스플레이(주) 주식선물ㆍ주식옵션 2단계 가격제한폭 확대요건 도달(하락)"",""author"":""KOSCOM"",""datetimeRaw"":""2026-06-08T06:50:38"",""publishedAt"":""2026-06-08T06:50:38+09:00"",""timezoneAssumed"":""Asia/Seoul(원문에 시간대 표기 없음)"",""corporateAction"":false,""actionWord"":null},{""id"":""24204712"",""title"":""엘지디스플레이(주) 주식선물ㆍ주식옵션 2단계 가격제한폭 확대요건 도달(하락)"",""author"":""KOSCOM"",""datetimeRaw"":""2026-06-10T06:50:42"",""publishedAt"":""2026-06-10T06:50:42+09:00"",""timezoneAssumed"":""Asia/Seoul(원문에 시간대 표기 없음)"",""corporateAction"":false,""actionWord"":null},{""id"":""28521636"",""title"":""엘지디스플레이(주) 주식선물ㆍ주식옵션 2단계 가격제한폭 확대요건 도달(상승)"",""author"":""KOSCOM"",""datetimeRaw"":""2026-06-12T06:50:51"",""publishedAt"":""2026-06-12T06:50:51+09:00"",""timezoneAssumed"":""Asia/Seoul(원문에 시간대 표기 없음)"",""corporateAction"":false,""actionWord"":null},{""id"":""46673127"",""title"":""엘지디스플레이(주) 공매도 과열종목 지정(공매도 거래 금지 적용)"",""author"":""KOSCOM"",""datetimeRaw"":""2026-06-26T06:55:49"",""publishedAt"":""2026-06-26T06:55:49+09:00"",""timezoneAssumed"":""Asia/Seoul(원문에 시간대 표기 없음)"",""corporateAction"":false,""actionWord"":null},{""id"":""49252228"",""title"":""엘지디스플레이(주) 지속가능경영보고서 등 관련사항(자율공시)"",""author"":""KOSCOM"",""datetimeRaw"":""2026-06-30T06:50:25"",""publishedAt"":""2026-06-30T06:50:25+09:00"",""timezoneAssumed"":""Asia/Seoul(원문에 시간대 표기 없음)"",""corporateAction"":false,""actionWord"":null},{""id"":""51040917"",""title"":""엘지디스플레이(주) 기업설명회(IR) 개최(안내공시)"",""author"":""KOSCOM"",""datetimeRaw"":""2026-07-01T06:50:19"",""publishedAt"":""2026-07-01T06:50:19+09:00"",""timezoneAssumed"":""Asia/Seoul(원문에 시간대 표기 없음)"",""corporateAction"":false,""actionWord"":null},{""id"":""51047125"",""title"":""엘지디스플레이(주) 결산실적공시 예고(안내공시)"",""author"":""KOSCOM"",""datetimeRaw"":""2026-07-01T06:50:23"",""publishedAt"":""2026-07-01T06:50:23+09:00"",""timezoneAssumed"":""Asia/Seoul(원문에 시간대 표기 없음)"",""corporateAction"":false,""actionWord"":null},{""id"":""74319533"",""title"":""엘지디스플레이(주) 연결재무제표기준영업(잠정)실적(공정공시)"",""author"":""KOSCOM"",""datetimeRaw"":""2026-07-22T06:50:31"",""publishedAt"":""2026-07-22T06:50:31+09:00"",""timezoneAssumed"":""Asia/Seoul(원문에 시간대 표기 없음)"",""corporateAction"":false,""actionWord"":null},{""id"":""76009574"",""title"":""엘지디스플레이(주) 기업설명회(IR) 개최(안내공시)"",""author"":""KOSCOM"",""datetimeRaw"":""2026-07-23T06:50:14"",""publishedAt"":""2026-07-23T06:50:14+09:00"",""timezoneAssumed"":""Asia/Seoul(원문에 시간대 표기 없음)"",""corporateAction"":false,""actionWord"":null},{""id"":""81068516"",""title"":""엘지디스플레이(주) (정정)영업양도 결정(종속회사의 주요경영사항)"",""author"":""KOSCOM"",""datetimeRaw"":""2026-07-28T06:52:02"",""publishedAt"":""2026-07-28T06:52:02+09:00"",""timezoneAssumed"":""Asia/Seoul(원문에 시간대 표기 없음)"",""corporateAction"":false,""actionWord"":null},{""id"":""87608045"",""title"":""엘지디스플레이(주) 주식선물ㆍ주식옵션 2단계 가격제한폭 확대요건 도달(상승)"",""author"":""KOSCOM"",""datetimeRaw"":""2026-07-31T06:50:37"",""publishedAt"":""2026-07-31T06:50:37+09:00"",""timezoneAssumed"":""Asia/Seoul(원문에 시간대 표기 없음)"",""corporateAction"":false,""actionWord"":null},{""id"":""108854032"",""title"":""엘지디스플레이(주) 기업설명회(IR) 개최(안내공시)"",""author"":""KOSCOM"",""datetimeRaw"":""2026-08-20T06:50:05"",""publishedAt"":""2026-08-20T06:50:05+09:00"",""timezoneAssumed"":""Asia/Seoul(원문에 시간대 표기 없음)"",""corporateAction"":false,""actionWord"":null},{""id"":""138520038"",""title"":""엘지디스플레이(주) (정정)영업양도 결정(종속회사의 주요경영사항)"",""author"":""KOSCOM"",""datetimeRaw"":""2026-09-23T15:30:18"",""publishedAt"":""2026-09-23T15:30:18+09:00"",""timezoneAssumed"":""Asia/Seoul(원문에 시간대 표기 없음)"",""corporateAction"":false,""actionWord"":null}]",,,0,,,,,,
collection-daf62bd0e621bba1,collection,2026-09-30,2026-09-29T22:27:33Z,,,"{""contextFile"":""reports/atlas11/context/2026-09-30/2026-09-29T22-27-33Z.json""}",context_disclosures,2026-09-30,기업행위 공시,,,,,false,034730,SK,,,https://m.stock.naver.com/api/stock/034730/disclosure?pageSize=20&page=1,29f55ef4e474f3ee11da4f0d330acb7c0c9bf4d4685fb84e0e2a7f4dfb308a15,"[{""id"":""90108548"",""title"":""SK(주) 현금ㆍ현물배당을 위한 주주명부폐쇄(기준일) 결정"",""author"":""KOSCOM"",""datetimeRaw"":""2026-08-03T06:50:02"",""publishedAt"":""2026-08-03T06:50:02+09:00"",""timezoneAssumed"":""Asia/Seoul(원문에 시간대 표기 없음)"",""corporateAction"":false,""actionWord"":null},{""id"":""90111754"",""title"":""SK(주) 전환사채권발행결정"",""author"":""KOSCOM"",""datetimeRaw"":""2026-08-03T06:50:03"",""publishedAt"":""2026-08-03T06:50:03+09:00"",""timezoneAssumed"":""Asia/Seoul(원문에 시간대 표기 없음)"",""corporateAction"":true,""actionWord"":""전환사채""},{""id"":""90110469"",""title"":""SK(주) 현금ㆍ현물 배당 결정"",""author"":""KOSCOM"",""datetimeRaw"":""2026-08-03T06:50:03"",""publishedAt"":""2026-08-03T06:50:03+09:00"",""timezoneAssumed"":""Asia/Seoul(원문에 시간대 표기 없음)"",""corporateAction"":false,""actionWord"":null},{""id"":""92775792"",""title"":""SK(주) 주식선물 2단계 가격제한폭 확대요건 도달(상승)"",""author"":""KOSCOM"",""datetimeRaw"":""2026-08-05T06:50:27"",""publishedAt"":""2026-08-05T06:50:27+09:00"",""timezoneAssumed"":""Asia/Seoul(원문에 시간대 표기 없음)"",""corporateAction"":false,""actionWord"":null},{""id"":""94996533"",""title"":""SK(주) 주식선물 2단계 가격제한폭 확대요건 도달(하락)"",""author"":""KOSCOM"",""datetimeRaw"":""2026-08-06T06:50:17"",""publishedAt"":""2026-08-06T06:50:17+09:00"",""timezoneAssumed"":""Asia/Seoul(원문에 시간대 표기 없음)"",""corporateAction"":false,""actionWord"":null},{""id"":""101356267"",""title"":""SK(주) 지주회사의 자회사 탈퇴(자회사의 주요경영사항)"",""author"":""KOSCOM"",""datetimeRaw"":""2026-08-12T06:52:32"",""publishedAt"":""2026-08-12T06:52:32+09:00"",""timezoneAssumed"":""Asia/Seoul(원문에 시간대 표기 없음)"",""corporateAction"":false,""actionWord"":null},{""id"":""103299955"",""title"":""SK(주) 중간(분기)배당락 기준가격 안내(SK우)"",""author"":""KOSCOM"",""datetimeRaw"":""2026-08-13T06:51:17"",""publishedAt"":""2026-08-13T06:51:17+09:00"",""timezoneAssumed"":""Asia/Seoul(원문에 시간대 표기 없음)"",""corporateAction"":true,""actionWord"":""배당락""},{""id"":""103299954"",""title"":""SK(주) 중간(분기)배당락 기준가격 안내"",""author"":""KOSCOM"",""datetimeRaw"":""2026-08-13T06:51:17"",""publishedAt"":""2026-08-13T06:51:17+09:00"",""timezoneAssumed"":""Asia/Seoul(원문에 시간대 표기 없음)"",""corporateAction"":true,""actionWord"":""배당락""},{""id"":""108131129"",""title"":""SK(주) 지주회사의 자회사 편입(자회사의 주요경영사항)"",""author"":""KOSCOM"",""datetimeRaw"":""2026-08-19T06:51:06"",""publishedAt"":""2026-08-19T06:51:06+09:00"",""timezoneAssumed"":""Asia/Seoul(원문에 시간대 표기 없음)"",""corporateAction"":false,""actionWord"":null},{""id"":""108135037"",""title"":""SK(주) 지주회사의 자회사 편입(자회사의 주요경영사항)"",""author"":""KOSCOM"",""datetimeRaw"":""2026-08-19T06:51:09"",""publishedAt"":""2026-08-19T06:51:09+09:00"",""timezoneAssumed"":""Asia/Seoul(원문에 시간대 표기 없음)"",""corporateAction"":false,""actionWord"":null},{""id"":""112863849"",""title"":""SK(주) 회사합병 결정(자회사의 주요경영사항)"",""author"":""KOSCOM"",""datetimeRaw"":""2026-08-25T06:51:36"",""publishedAt"":""2026-08-25T06:51:36+09:00"",""timezoneAssumed"":""Asia/Seoul(원문에 시간대 표기 없음)"",""corporateAction"":true,""actionWord"":""합병""},{""id"":""112884084"",""title"":""SK(주) 자기주식 처분 결정"",""author"":""KOSCOM"",""datetimeRaw"":""2026-08-25T06:52:06"",""publishedAt"":""2026-08-25T06:52:06+09:00"",""timezoneAssumed"":""Asia/Seoul(원문에 시간대 표기 없음)"",""corporateAction"":true,""actionWord"":""자기주식""},{""id"":""113836451"",""title"":""SK(주) (정정)회사합병 결정(자회사의 주요경영사항)"",""author"":""KOSCOM"",""datetimeRaw"":""2026-08-26T06:50:47"",""publishedAt"":""2026-08-26T06:50:47+09:00"",""timezoneAssumed"":""Asia/Seoul(원문에 시간대 표기 없음)"",""corporateAction"":true,""actionWord"":""합병""},{""id"":""113978868"",""title"":""SK(주) 지주회사의 자회사 탈퇴(자회사의 주요경영사항)"",""author"":""KOSCOM"",""datetimeRaw"":""2026-08-26T06:52:21"",""publishedAt"":""2026-08-26T06:52:21+09:00"",""timezoneAssumed"":""Asia/Seoul(원문에 시간대 표기 없음)"",""corporateAction"":false,""actionWord"":null},{""id"":""115195187"",""title"":""SK(주) 자기주식 처분 결정(자회사의 주요경영사항)"",""author"":""KOSCOM"",""datetimeRaw"":""2026-08-27T06:50:20"",""publishedAt"":""2026-08-27T06:50:20+09:00"",""timezoneAssumed"":""Asia/Seoul(원문에 시간대 표기 없음)"",""corporateAction"":true,""actionWord"":""자기주식""},{""id"":""115592706"",""title"":""SK(주) 타법인주식및출자증권처분결정(자회사의 주요경영사항)"",""author"":""KOSCOM"",""datetimeRaw"":""2026-08-27T06:52:03"",""publishedAt"":""2026-08-27T06:52:03+09:00"",""timezoneAssumed"":""Asia/Seoul(원문에 시간대 표기 없음)"",""corporateAction"":false,""actionWord"":null},{""id"":""141400093"",""title"":""SK(주) 단일판매ㆍ공급계약체결(자회사의 주요경영사항)"",""author"":""KOSCOM"",""datetimeRaw"":""2026-09-28T06:51:18"",""publishedAt"":""2026-09-28T06:51:18+09:00"",""timezoneAssumed"":""Asia/Seoul(원문에 시간대 표기 없음)"",""corporateAction"":false,""actionWord"":null},{""id"":""142285321"",""title"":""SK(주) 채무인수결정(자회사의 주요경영사항)"",""author"":""KOSCOM"",""datetimeRaw"":""2026-09-29T06:51:45"",""publishedAt"":""2026-09-29T06:51:45+09:00"",""timezoneAssumed"":""Asia/Seoul(원문에 시간대 표기 없음)"",""corporateAction"":false,""actionWord"":null},{""id"":""142298943"",""title"":""SK(주) 금전대여 결정(자회사의 주요경영사항)"",""author"":""KOSCOM"",""datetimeRaw"":""2026-09-29T06:52:13"",""publishedAt"":""2026-09-29T06:52:13+09:00"",""timezoneAssumed"":""Asia/Seoul(원문에 시간대 표기 없음)"",""corporateAction"":false,""actionWord"":null},{""id"":""142298944"",""title"":""SK(주) 금전대여 결정(자회사의 주요경영사항)"",""author"":""KOSCOM"",""datetimeRaw"":""2026-09-29T06:52:14"",""publishedAt"":""2026-09-29T06:52:14+09:00"",""timezoneAssumed"":""Asia/Seoul(원문에 시간대 표기 없음)"",""corporateAction"":false,""actionWord"":null}]",,,7,,,,,,
collection-28abd8295397fe80,collection,2026-09-30,2026-09-29T22:27:33Z,,,"{""contextFile"":""reports/atlas11/context/2026-09-30/2026-09-29T22-27-33Z.json""}",context_disclosures,2026-09-30,기업행위 공시,,,,,false,035250,강원랜드,,,https://m.stock.naver.com/api/stock/035250/disclosure?pageSize=20&page=1,cdf9e02a69dd7bc782f19b6e8b7eac1436fbbc18ad42c29e70fdc7af8f72efb1,"[{""id"":""1623279"",""title"":""(주)강원랜드 배당락 기준가격 안내"",""author"":""KOSCOM"",""datetimeRaw"":""2026-03-30T06:53:48"",""publishedAt"":""2026-03-30T06:53:48+09:00"",""timezoneAssumed"":""Asia/Seoul(원문에 시간대 표기 없음)"",""corporateAction"":true,""actionWord"":""배당락""},{""id"":""1624092"",""title"":""(주)강원랜드 정기주주총회결과"",""author"":""KOSCOM"",""datetimeRaw"":""2026-03-31T06:53:56"",""publishedAt"":""2026-03-31T06:53:56+09:00"",""timezoneAssumed"":""Asia/Seoul(원문에 시간대 표기 없음)"",""corporateAction"":false,""actionWord"":null},{""id"":""1624120"",""title"":""(주)강원랜드 기업가치 제고 계획(자율공시)(이행현황 재공시 (고배당기업에 해당))"",""author"":""KOSCOM"",""datetimeRaw"":""2026-03-31T06:54:19"",""publishedAt"":""2026-03-31T06:54:19+09:00"",""timezoneAssumed"":""Asia/Seoul(원문에 시간대 표기 없음)"",""corporateAction"":false,""actionWord"":null},{""id"":""1630169"",""title"":""(주)강원랜드 임시주주총회 결과"",""author"":""KOSCOM"",""datetimeRaw"":""2026-04-14T06:51:19"",""publishedAt"":""2026-04-14T06:51:19+09:00"",""timezoneAssumed"":""Asia/Seoul(원문에 시간대 표기 없음)"",""corporateAction"":false,""actionWord"":null},{""id"":""1630991"",""title"":""(주)강원랜드 결산실적공시 예고(안내공시)"",""author"":""KOSCOM"",""datetimeRaw"":""2026-04-16T06:51:11"",""publishedAt"":""2026-04-16T06:51:11+09:00"",""timezoneAssumed"":""Asia/Seoul(원문에 시간대 표기 없음)"",""corporateAction"":false,""actionWord"":null},{""id"":""1634312"",""title"":""(주)강원랜드 주주명부폐쇄기간 또는 기준일 설정"",""author"":""KOSCOM"",""datetimeRaw"":""2026-04-27T06:52:38"",""publishedAt"":""2026-04-27T06:52:38+09:00"",""timezoneAssumed"":""Asia/Seoul(원문에 시간대 표기 없음)"",""corporateAction"":false,""actionWord"":null},{""id"":""1636576"",""title"":""(주)강원랜드 연결재무제표기준영업(잠정)실적(공정공시)"",""author"":""KOSCOM"",""datetimeRaw"":""2026-04-30T15:59:19"",""publishedAt"":""2026-04-30T15:59:19+09:00"",""timezoneAssumed"":""Asia/Seoul(원문에 시간대 표기 없음)"",""corporateAction"":false,""actionWord"":null},{""id"":""1641880"",""title"":""(주)강원랜드 기업설명회(IR) 개최(안내공시)"",""author"":""KOSCOM"",""datetimeRaw"":""2026-05-15T06:51:26"",""publishedAt"":""2026-05-15T06:51:26+09:00"",""timezoneAssumed"":""Asia/Seoul(원문에 시간대 표기 없음)"",""corporateAction"":false,""actionWord"":null},{""id"":""21334051"",""title"":""(주)강원랜드 주식선물 2단계 가격제한폭 확대요건 도달(하락)"",""author"":""KOSCOM"",""datetimeRaw"":""2026-06-08T06:50:57"",""publishedAt"":""2026-06-08T06:50:57+09:00"",""timezoneAssumed"":""Asia/Seoul(원문에 시간대 표기 없음)"",""corporateAction"":false,""actionWord"":null},{""id"":""30758232"",""title"":""(주)강원랜드 기업설명회(IR) 개최(안내공시)"",""author"":""KOSCOM"",""datetimeRaw"":""2026-06-15T06:52:09"",""publishedAt"":""2026-06-15T06:52:09+09:00"",""timezoneAssumed"":""Asia/Seoul(원문에 시간대 표기 없음)"",""corporateAction"":false,""actionWord"":null},{""id"":""43872363"",""title"":""(주)강원랜드 주주명부폐쇄기간 또는 기준일 설정"",""author"":""KOSCOM"",""datetimeRaw"":""2026-06-25T06:52:06"",""publishedAt"":""2026-06-25T06:52:06+09:00"",""timezoneAssumed"":""Asia/Seoul(원문에 시간대 표기 없음)"",""corporateAction"":false,""actionWord"":null},{""id"":""73493063"",""title"":""(주)강원랜드 결산실적공시 예고(안내공시)"",""author"":""KOSCOM"",""datetimeRaw"":""2026-07-21T06:50:48"",""publishedAt"":""2026-07-21T06:50:48+09:00"",""timezoneAssumed"":""Asia/Seoul(원문에 시간대 표기 없음)"",""corporateAction"":false,""actionWord"":null},{""id"":""91662756"",""title"":""(주)강원랜드 연결재무제표기준영업(잠정)실적(공정공시)"",""author"":""KOSCOM"",""datetimeRaw"":""2026-08-04T06:52:11"",""publishedAt"":""2026-08-04T06:52:11+09:00"",""timezoneAssumed"":""Asia/Seoul(원문에 시간대 표기 없음)"",""corporateAction"":false,""actionWord"":null},{""id"":""91669387"",""title"":""(주)강원랜드 지속가능경영보고서 등 관련사항(자율공시)"",""author"":""KOSCOM"",""datetimeRaw"":""2026-08-04T06:52:17"",""publishedAt"":""2026-08-04T06:52:17+09:00"",""timezoneAssumed"":""Asia/Seoul(원문에 시간대 표기 없음)"",""corporateAction"":false,""actionWord"":null},{""id"":""100105608"",""title"":""(주)강원랜드 주주총회소집결의"",""author"":""KOSCOM"",""datetimeRaw"":""2026-08-11T06:53:02"",""publishedAt"":""2026-08-11T06:53:02+09:00"",""timezoneAssumed"":""Asia/Seoul(원문에 시간대 표기 없음)"",""corporateAction"":false,""actionWord"":null},{""id"":""100109080"",""title"":""(주)강원랜드 (정정)주주명부폐쇄기간 또는 기준일 설정"",""author"":""KOSCOM"",""datetimeRaw"":""2026-08-11T06:53:08"",""publishedAt"":""2026-08-11T06:53:08+09:00"",""timezoneAssumed"":""Asia/Seoul(원문에 시간대 표기 없음)"",""corporateAction"":false,""actionWord"":null},{""id"":""105873728"",""title"":""(주)강원랜드 기업설명회(IR) 개최(안내공시)"",""author"":""KOSCOM"",""datetimeRaw"":""2026-08-14T17:32:23"",""publishedAt"":""2026-08-14T17:32:23+09:00"",""timezoneAssumed"":""Asia/Seoul(원문에 시간대 표기 없음)"",""corporateAction"":false,""actionWord"":null},{""id"":""105873729"",""title"":""(주)강원랜드 기업설명회(IR) 개최(안내공시)"",""author"":""KOSCOM"",""datetimeRaw"":""2026-08-14T17:32:56"",""publishedAt"":""2026-08-14T17:32:56+09:00"",""timezoneAssumed"":""Asia/Seoul(원문에 시간대 표기 없음)"",""corporateAction"":false,""actionWord"":null},{""id"":""113836452"",""title"":""(주)강원랜드 임시주주총회 결과"",""author"":""KOSCOM"",""datetimeRaw"":""2026-08-26T06:50:49"",""publishedAt"":""2026-08-26T06:50:49+09:00"",""timezoneAssumed"":""Asia/Seoul(원문에 시간대 표기 없음)"",""corporateAction"":false,""actionWord"":null},{""id"":""120200963"",""title"":""(주)강원랜드 대표이사(대표집행임원) 변경(안내공시)"",""author"":""KOSCOM"",""datetimeRaw"":""2026-09-02T06:50:01"",""publishedAt"":""2026-09-02T06:50:01+09:00"",""timezoneAssumed"":""Asia/Seoul(원문에 시간대 표기 없음)"",""corporateAction"":false,""actionWord"":null}]",,,1,,,,,,
collection-2f0496760dff6967,collection,2026-09-30,2026-09-29T22:27:33Z,,,"{""contextFile"":""reports/atlas11/context/2026-09-30/2026-09-29T22-27-33Z.json""}",context_disclosures,2026-09-30,기업행위 공시,,,,,false,035420,NAVER,,,https://m.stock.naver.com/api/stock/035420/disclosure?pageSize=20&page=1,80249aa790a2bc362f4e411fdb74876c2863ceeb5b76752e280f3c2289f0313e,"[{""id"":""35442964"",""title"":""네이버(주) 풍문 또는 보도에 대한 해명(미확정)"",""author"":""KOSCOM"",""datetimeRaw"":""2026-06-18T06:51:37"",""publishedAt"":""2026-06-18T06:51:37+09:00"",""timezoneAssumed"":""Asia/Seoul(원문에 시간대 표기 없음)"",""corporateAction"":false,""actionWord"":null},{""id"":""43064727"",""title"":""네이버(주) 지속가능경영보고서 등 관련사항(자율공시)"",""author"":""KOSCOM"",""datetimeRaw"":""2026-06-25T06:50:30"",""publishedAt"":""2026-06-25T06:50:30+09:00"",""timezoneAssumed"":""Asia/Seoul(원문에 시간대 표기 없음)"",""corporateAction"":false,""actionWord"":null},{""id"":""58665401"",""title"":""네이버(주) (정정)주식교환ㆍ이전 결정(종속회사의 주요경영사항)"",""author"":""KOSCOM"",""datetimeRaw"":""2026-07-06T06:51:58"",""publishedAt"":""2026-07-06T06:51:58+09:00"",""timezoneAssumed"":""Asia/Seoul(원문에 시간대 표기 없음)"",""corporateAction"":false,""actionWord"":null},{""id"":""59631393"",""title"":""네이버(주) 추가상장(주식매수선택권 행사)"",""author"":""KOSCOM"",""datetimeRaw"":""2026-07-07T06:51:36"",""publishedAt"":""2026-07-07T06:51:36+09:00"",""timezoneAssumed"":""Asia/Seoul(원문에 시간대 표기 없음)"",""corporateAction"":false,""actionWord"":null},{""id"":""69663475"",""title"":""네이버(주) 기업설명회(IR) 개최(안내공시)"",""author"":""KOSCOM"",""datetimeRaw"":""2026-07-16T11:33:21"",""publishedAt"":""2026-07-16T11:33:21+09:00"",""timezoneAssumed"":""Asia/Seoul(원문에 시간대 표기 없음)"",""corporateAction"":false,""actionWord"":null},{""id"":""76187316"",""title"":""네이버(주) 주식선물ㆍ주식옵션 2단계 가격제한폭 확대요건 도달(상승)"",""author"":""KOSCOM"",""datetimeRaw"":""2026-07-23T06:50:36"",""publishedAt"":""2026-07-23T06:50:36+09:00"",""timezoneAssumed"":""Asia/Seoul(원문에 시간대 표기 없음)"",""corporateAction"":false,""actionWord"":null},{""id"":""79937356"",""title"":""네이버(주) 유상증자결정"",""author"":""KOSCOM"",""datetimeRaw"":""2026-07-27T06:50:02"",""publishedAt"":""2026-07-27T06:50:02+09:00"",""timezoneAssumed"":""Asia/Seoul(원문에 시간대 표기 없음)"",""corporateAction"":true,""actionWord"":""유상증자""},{""id"":""79938162"",""title"":""네이버(주) (정정)장래사업ㆍ경영 계획(공정공시)"",""author"":""KOSCOM"",""datetimeRaw"":""2026-07-27T06:50:03"",""publishedAt"":""2026-07-27T06:50:03+09:00"",""timezoneAssumed"":""Asia/Seoul(원문에 시간대 표기 없음)"",""corporateAction"":false,""actionWord"":null},{""id"":""79937357"",""title"":""네이버(주) 주식 소각 결정"",""author"":""KOSCOM"",""datetimeRaw"":""2026-07-27T06:50:03"",""publishedAt"":""2026-07-27T06:50:03+09:00"",""timezoneAssumed"":""Asia/Seoul(원문에 시간대 표기 없음)"",""corporateAction"":true,""actionWord"":""소각""},{""id"":""79972797"",""title"":""네이버(주) 주식선물ㆍ주식옵션 2단계 가격제한폭 확대요건 도달(상승)"",""author"":""KOSCOM"",""datetimeRaw"":""2026-07-27T06:50:23"",""publishedAt"":""2026-07-27T06:50:23+09:00"",""timezoneAssumed"":""Asia/Seoul(원문에 시간대 표기 없음)"",""corporateAction"":false,""actionWord"":null},{""id"":""87735277"",""title"":""네이버(주) 주식선물ㆍ주식옵션 2단계 가격제한폭 확대요건 도달(상승)"",""author"":""KOSCOM"",""datetimeRaw"":""2026-07-31T06:50:50"",""publishedAt"":""2026-07-31T06:50:50+09:00"",""timezoneAssumed"":""Asia/Seoul(원문에 시간대 표기 없음)"",""corporateAction"":false,""actionWord"":null},{""id"":""90425385"",""title"":""네이버(주) 기업설명회(IR) 개최(안내공시)"",""author"":""KOSCOM"",""datetimeRaw"":""2026-08-03T06:51:33"",""publishedAt"":""2026-08-03T06:51:33+09:00"",""timezoneAssumed"":""Asia/Seoul(원문에 시간대 표기 없음)"",""corporateAction"":false,""actionWord"":null},{""id"":""91411592"",""title"":""네이버(주) 주식선물ㆍ주식옵션 2단계 가격제한폭 확대요건 도달(상승)"",""author"":""KOSCOM"",""datetimeRaw"":""2026-08-04T06:50:21"",""publishedAt"":""2026-08-04T06:50:21+09:00"",""timezoneAssumed"":""Asia/Seoul(원문에 시간대 표기 없음)"",""corporateAction"":false,""actionWord"":null},{""id"":""95708040"",""title"":""네이버(주) 추가상장(주식매수선택권 행사)"",""author"":""KOSCOM"",""datetimeRaw"":""2026-08-06T06:51:58"",""publishedAt"":""2026-08-06T06:51:58+09:00"",""timezoneAssumed"":""Asia/Seoul(원문에 시간대 표기 없음)"",""corporateAction"":false,""actionWord"":null},{""id"":""97190809"",""title"":""네이버(주) 연결재무제표기준영업(잠정)실적(공정공시)"",""author"":""KOSCOM"",""datetimeRaw"":""2026-08-07T06:50:07"",""publishedAt"":""2026-08-07T06:50:07+09:00"",""timezoneAssumed"":""Asia/Seoul(원문에 시간대 표기 없음)"",""corporateAction"":false,""actionWord"":null},{""id"":""97192243"",""title"":""네이버(주) 영업(잠정)실적(공정공시)"",""author"":""KOSCOM"",""datetimeRaw"":""2026-08-07T06:50:08"",""publishedAt"":""2026-08-07T06:50:08+09:00"",""timezoneAssumed"":""Asia/Seoul(원문에 시간대 표기 없음)"",""corporateAction"":false,""actionWord"":null},{""id"":""108147593"",""title"":""네이버(주) 변경상장(주식소각)"",""author"":""KOSCOM"",""datetimeRaw"":""2026-08-19T06:51:22"",""publishedAt"":""2026-08-19T06:51:22+09:00"",""timezoneAssumed"":""Asia/Seoul(원문에 시간대 표기 없음)"",""corporateAction"":true,""actionWord"":""소각""},{""id"":""119346579"",""title"":""네이버(주) 기업설명회(IR) 개최(안내공시)"",""author"":""KOSCOM"",""datetimeRaw"":""2026-09-01T06:50:37"",""publishedAt"":""2026-09-01T06:50:37+09:00"",""timezoneAssumed"":""Asia/Seoul(원문에 시간대 표기 없음)"",""corporateAction"":false,""actionWord"":null},{""id"":""125590474"",""title"":""네이버(주) 추가상장(주식매수선택권 행사)"",""author"":""KOSCOM"",""datetimeRaw"":""2026-09-08T06:51:42"",""publishedAt"":""2026-09-08T06:51:42+09:00"",""timezoneAssumed"":""Asia/Seoul(원문에 시간대 표기 없음)"",""corporateAction"":false,""actionWord"":null},{""id"":""134010577"",""title"":""네이버(주) 풍문 또는 보도에 대한 해명"",""author"":""KOSCOM"",""datetimeRaw"":""2026-09-17T06:50:46"",""publishedAt"":""2026-09-17T06:50:46+09:00"",""timezoneAssumed"":""Asia/Seoul(원문에 시간대 표기 없음)"",""corporateAction"":false,""actionWord"":null}]",,,3,,,,,,
collection-1b12b450bc70f202,collection,2026-09-30,2026-09-29T22:27:33Z,,,"{""contextFile"":""reports/atlas11/context/2026-09-30/2026-09-29T22-27-33Z.json""}",context_disclosures,2026-09-30,새 공시,,,,,false,036460,한국가스공사,,,https://m.stock.naver.com/api/stock/036460/disclosure?pageSize=20&page=1,f5fefbe3ae7c2ba337c2d405f75695d654c346ce89e61f7de7e47c8685d3a002,"[{""id"":""59647748"",""title"":""한국가스공사(주) 주주총회소집결의"",""author"":""KOSCOM"",""datetimeRaw"":""2026-07-07T06:51:42"",""publishedAt"":""2026-07-07T06:51:42+09:00"",""timezoneAssumed"":""Asia/Seoul(원문에 시간대 표기 없음)"",""corporateAction"":false,""actionWord"":null},{""id"":""62645928"",""title"":""한국가스공사(주) 영업(잠정)실적(공정공시)"",""author"":""KOSCOM"",""datetimeRaw"":""2026-07-09T06:51:50"",""publishedAt"":""2026-07-09T06:51:50+09:00"",""timezoneAssumed"":""Asia/Seoul(원문에 시간대 표기 없음)"",""corporateAction"":false,""actionWord"":null},{""id"":""69844277"",""title"":""한국가스공사(주) 주주명부폐쇄기간 또는 기준일 설정"",""author"":""KOSCOM"",""datetimeRaw"":""2026-07-16T13:41:34"",""publishedAt"":""2026-07-16T13:41:34+09:00"",""timezoneAssumed"":""Asia/Seoul(원문에 시간대 표기 없음)"",""corporateAction"":false,""actionWord"":null},{""id"":""76584511"",""title"":""한국가스공사(주) 임시주주총회 결과"",""author"":""KOSCOM"",""datetimeRaw"":""2026-07-23T06:51:33"",""publishedAt"":""2026-07-23T06:51:33+09:00"",""timezoneAssumed"":""Asia/Seoul(원문에 시간대 표기 없음)"",""corporateAction"":false,""actionWord"":null},{""id"":""81942014"",""title"":""한국가스공사(주) 대표이사(대표집행임원) 변경(안내공시)"",""author"":""KOSCOM"",""datetimeRaw"":""2026-07-29T06:50:05"",""publishedAt"":""2026-07-29T06:50:05+09:00"",""timezoneAssumed"":""Asia/Seoul(원문에 시간대 표기 없음)"",""corporateAction"":false,""actionWord"":null},{""id"":""91397675"",""title"":""한국가스공사(주) 결산실적공시 예고(안내공시)"",""author"":""KOSCOM"",""datetimeRaw"":""2026-08-04T06:50:17"",""publishedAt"":""2026-08-04T06:50:17+09:00"",""timezoneAssumed"":""Asia/Seoul(원문에 시간대 표기 없음)"",""corporateAction"":false,""actionWord"":null},{""id"":""97754806"",""title"":""한국가스공사(주) 연결재무제표기준영업(잠정)실적(공정공시)"",""author"":""KOSCOM"",""datetimeRaw"":""2026-08-07T06:51:05"",""publishedAt"":""2026-08-07T06:51:05+09:00"",""timezoneAssumed"":""Asia/Seoul(원문에 시간대 표기 없음)"",""corporateAction"":false,""actionWord"":null},{""id"":""97950806"",""title"":""한국가스공사(주) 주주총회소집결의"",""author"":""KOSCOM"",""datetimeRaw"":""2026-08-07T06:51:54"",""publishedAt"":""2026-08-07T06:51:54+09:00"",""timezoneAssumed"":""Asia/Seoul(원문에 시간대 표기 없음)"",""corporateAction"":false,""actionWord"":null},{""id"":""99260049"",""title"":""한국가스공사(주) 영업(잠정)실적(공정공시)"",""author"":""KOSCOM"",""datetimeRaw"":""2026-08-10T06:50:53"",""publishedAt"":""2026-08-10T06:50:53+09:00"",""timezoneAssumed"":""Asia/Seoul(원문에 시간대 표기 없음)"",""corporateAction"":false,""actionWord"":null},{""id"":""109106784"",""title"":""한국가스공사(주) 자원개발 진행사항 공시(자율공시)"",""author"":""KOSCOM"",""datetimeRaw"":""2026-08-20T06:50:29"",""publishedAt"":""2026-08-20T06:50:29+09:00"",""timezoneAssumed"":""Asia/Seoul(원문에 시간대 표기 없음)"",""corporateAction"":false,""actionWord"":null},{""id"":""112765542"",""title"":""한국가스공사(주) 기업설명회(IR) 개최(안내공시)"",""author"":""KOSCOM"",""datetimeRaw"":""2026-08-25T06:50:27"",""publishedAt"":""2026-08-25T06:50:27+09:00"",""timezoneAssumed"":""Asia/Seoul(원문에 시간대 표기 없음)"",""corporateAction"":false,""actionWord"":null},{""id"":""115468643"",""title"":""한국가스공사(주) 임시주주총회 결과"",""author"":""KOSCOM"",""datetimeRaw"":""2026-08-27T06:50:51"",""publishedAt"":""2026-08-27T06:50:51+09:00"",""timezoneAssumed"":""Asia/Seoul(원문에 시간대 표기 없음)"",""corporateAction"":false,""actionWord"":null},{""id"":""118499149"",""title"":""한국가스공사(주) 지속가능경영보고서 등 관련사항(자율공시)"",""author"":""KOSCOM"",""datetimeRaw"":""2026-08-31T06:51:25"",""publishedAt"":""2026-08-31T06:51:25+09:00"",""timezoneAssumed"":""Asia/Seoul(원문에 시간대 표기 없음)"",""corporateAction"":false,""actionWord"":null},{""id"":""122351601"",""title"":""한국가스공사(주) 풍문 또는 보도에 대한 해명(미확정)"",""author"":""KOSCOM"",""datetimeRaw"":""2026-09-03T06:51:09"",""publishedAt"":""2026-09-03T06:51:09+09:00"",""timezoneAssumed"":""Asia/Seoul(원문에 시간대 표기 없음)"",""corporateAction"":false,""actionWord"":null},{""id"":""126445015"",""title"":""한국가스공사(주) 영업(잠정)실적(공정공시)"",""author"":""KOSCOM"",""datetimeRaw"":""2026-09-09T06:50:43"",""publishedAt"":""2026-09-09T06:50:43+09:00"",""timezoneAssumed"":""Asia/Seoul(원문에 시간대 표기 없음)"",""corporateAction"":false,""actionWord"":null},{""id"":""135704027"",""title"":""한국가스공사(주) 주주명부폐쇄기간 또는 기준일 설정"",""author"":""KOSCOM"",""datetimeRaw"":""2026-09-18T06:50:44"",""publishedAt"":""2026-09-18T06:50:44+09:00"",""timezoneAssumed"":""Asia/Seoul(원문에 시간대 표기 없음)"",""corporateAction"":false,""actionWord"":null},{""id"":""135727713"",""title"":""한국가스공사(주) 투자판단 관련 주요경영사항"",""author"":""KOSCOM"",""datetimeRaw"":""2026-09-18T06:50:47"",""publishedAt"":""2026-09-18T06:50:47+09:00"",""timezoneAssumed"":""Asia/Seoul(원문에 시간대 표기 없음)"",""corporateAction"":false,""actionWord"":null},{""id"":""135743174"",""title"":""한국가스공사(주) (정정)투자판단 관련 주요경영사항"",""author"":""KOSCOM"",""datetimeRaw"":""2026-09-18T06:50:49"",""publishedAt"":""2026-09-18T06:50:49+09:00"",""timezoneAssumed"":""Asia/Seoul(원문에 시간대 표기 없음)"",""corporateAction"":false,""actionWord"":null},{""id"":""142322604"",""title"":""한국가스공사(주) 타법인주식및출자증권취득결정"",""author"":""KOSCOM"",""datetimeRaw"":""2026-09-29T06:52:30"",""publishedAt"":""2026-09-29T06:52:30+09:00"",""timezoneAssumed"":""Asia/Seoul(원문에 시간대 표기 없음)"",""corporateAction"":false,""actionWord"":null},{""id"":""142322605"",""title"":""한국가스공사(주) 금전대여 결정"",""author"":""KOSCOM"",""datetimeRaw"":""2026-09-29T06:52:31"",""publishedAt"":""2026-09-29T06:52:31+09:00"",""timezoneAssumed"":""Asia/Seoul(원문에 시간대 표기 없음)"",""corporateAction"":false,""actionWord"":null}]",,,0,,,,,,
collection-986ba784a3aae195,collection,2026-09-30,2026-09-29T22:27:33Z,,,"{""contextFile"":""reports/atlas11/context/2026-09-30/2026-09-29T22-27-33Z.json""}",context_disclosures,2026-09-30,기업행위 공시,,,,,false,047050,포스코인터내셔널,,,https://m.stock.naver.com/api/stock/047050/disclosure?pageSize=20&page=1,24defbbdc99f7482bd39bf4c8ab646704800a20fc88c58cbe9f1eca3b85e080c,"[{""id"":""1636616"",""title"":""(주)포스코인터내셔널 공정거래 자율준수프로그램 운영현황(안내공시)"",""author"":""KOSCOM"",""datetimeRaw"":""2026-04-30T16:14:55"",""publishedAt"":""2026-04-30T16:14:55+09:00"",""timezoneAssumed"":""Asia/Seoul(원문에 시간대 표기 없음)"",""corporateAction"":false,""actionWord"":null},{""id"":""5051787"",""title"":""(주)포스코인터내셔널 기업설명회(IR) 개최(안내공시)"",""author"":""KOSCOM"",""datetimeRaw"":""2026-05-21T06:52:31"",""publishedAt"":""2026-05-21T06:52:31+09:00"",""timezoneAssumed"":""Asia/Seoul(원문에 시간대 표기 없음)"",""corporateAction"":false,""actionWord"":null},{""id"":""24412923"",""title"":""(주)포스코인터내셔널 기업설명회(IR) 개최(안내공시)"",""author"":""KOSCOM"",""datetimeRaw"":""2026-06-10T06:51:33"",""publishedAt"":""2026-06-10T06:51:33+09:00"",""timezoneAssumed"":""Asia/Seoul(원문에 시간대 표기 없음)"",""corporateAction"":false,""actionWord"":null},{""id"":""26255192"",""title"":""(주)포스코인터내셔널 단일판매ㆍ공급계약체결"",""author"":""KOSCOM"",""datetimeRaw"":""2026-06-11T06:50:45"",""publishedAt"":""2026-06-11T06:50:45+09:00"",""timezoneAssumed"":""Asia/Seoul(원문에 시간대 표기 없음)"",""corporateAction"":false,""actionWord"":null},{""id"":""47930551"",""title"":""(주)포스코인터내셔널 주식선물ㆍ주식옵션 2단계 가격제한폭 확대요건 도달(상승)"",""author"":""KOSCOM"",""datetimeRaw"":""2026-06-29T06:51:29"",""publishedAt"":""2026-06-29T06:51:29+09:00"",""timezoneAssumed"":""Asia/Seoul(원문에 시간대 표기 없음)"",""corporateAction"":false,""actionWord"":null},{""id"":""49707017"",""title"":""(주)포스코인터내셔널 지속가능경영보고서 등 관련사항(자율공시)"",""author"":""KOSCOM"",""datetimeRaw"":""2026-06-30T06:54:14"",""publishedAt"":""2026-06-30T06:54:14+09:00"",""timezoneAssumed"":""Asia/Seoul(원문에 시간대 표기 없음)"",""corporateAction"":false,""actionWord"":null},{""id"":""73530790"",""title"":""(주)포스코인터내셔널 (정정)타인에대한채무보증결정"",""author"":""KOSCOM"",""datetimeRaw"":""2026-07-21T06:51:09"",""publishedAt"":""2026-07-21T06:51:09+09:00"",""timezoneAssumed"":""Asia/Seoul(원문에 시간대 표기 없음)"",""corporateAction"":false,""actionWord"":null},{""id"":""76403832"",""title"":""(주)포스코인터내셔널 주식선물ㆍ주식옵션 2단계 가격제한폭 확대요건 도달(상승)"",""author"":""KOSCOM"",""datetimeRaw"":""2026-07-23T06:50:57"",""publishedAt"":""2026-07-23T06:50:57+09:00"",""timezoneAssumed"":""Asia/Seoul(원문에 시간대 표기 없음)"",""corporateAction"":false,""actionWord"":null},{""id"":""78401627"",""title"":""(주)포스코인터내셔널 기업설명회(IR) 개최(안내공시)"",""author"":""KOSCOM"",""datetimeRaw"":""2026-07-24T06:50:19"",""publishedAt"":""2026-07-24T06:50:19+09:00"",""timezoneAssumed"":""Asia/Seoul(원문에 시간대 표기 없음)"",""corporateAction"":false,""actionWord"":null},{""id"":""84664425"",""title"":""(주)포스코인터내셔널 연결재무제표기준영업(잠정)실적(공정공시)"",""author"":""KOSCOM"",""datetimeRaw"":""2026-07-30T06:50:51"",""publishedAt"":""2026-07-30T06:50:51+09:00"",""timezoneAssumed"":""Asia/Seoul(원문에 시간대 표기 없음)"",""corporateAction"":false,""actionWord"":null},{""id"":""88422879"",""title"":""(주)포스코인터내셔널 현금ㆍ현물 배당 결정"",""author"":""KOSCOM"",""datetimeRaw"":""2026-07-31T06:51:52"",""publishedAt"":""2026-07-31T06:51:52+09:00"",""timezoneAssumed"":""Asia/Seoul(원문에 시간대 표기 없음)"",""corporateAction"":false,""actionWord"":null},{""id"":""88432464"",""title"":""(주)포스코인터내셔널 현금ㆍ현물배당을 위한 주주명부폐쇄(기준일) 결정"",""author"":""KOSCOM"",""datetimeRaw"":""2026-07-31T06:51:53"",""publishedAt"":""2026-07-31T06:51:53+09:00"",""timezoneAssumed"":""Asia/Seoul(원문에 시간대 표기 없음)"",""corporateAction"":false,""actionWord"":null},{""id"":""103298311"",""title"":""(주)포스코인터내셔널 중간(분기)배당락 기준가격 안내"",""author"":""KOSCOM"",""datetimeRaw"":""2026-08-13T06:51:17"",""publishedAt"":""2026-08-13T06:51:17+09:00"",""timezoneAssumed"":""Asia/Seoul(원문에 시간대 표기 없음)"",""corporateAction"":true,""actionWord"":""배당락""},{""id"":""110839757"",""title"":""(주)포스코인터내셔널 자원개발 진행사항 공시(자율공시)"",""author"":""KOSCOM"",""datetimeRaw"":""2026-08-21T06:51:02"",""publishedAt"":""2026-08-21T06:51:02+09:00"",""timezoneAssumed"":""Asia/Seoul(원문에 시간대 표기 없음)"",""corporateAction"":false,""actionWord"":null},{""id"":""122271641"",""title"":""(주)포스코인터내셔널 기업설명회(IR) 개최(안내공시)"",""author"":""KOSCOM"",""datetimeRaw"":""2026-09-03T06:50:49"",""publishedAt"":""2026-09-03T06:50:49+09:00"",""timezoneAssumed"":""Asia/Seoul(원문에 시간대 표기 없음)"",""corporateAction"":false,""actionWord"":null},{""id"":""130669903"",""title"":""(주)포스코인터내셔널 유상증자결정(종속회사의 주요경영사항)"",""author"":""KOSCOM"",""datetimeRaw"":""2026-09-14T06:51:05"",""publishedAt"":""2026-09-14T06:51:05+09:00"",""timezoneAssumed"":""Asia/Seoul(원문에 시간대 표기 없음)"",""corporateAction"":true,""actionWord"":""유상증자""},{""id"":""130670982"",""title"":""(주)포스코인터내셔널 타인에대한채무보증결정"",""author"":""KOSCOM"",""datetimeRaw"":""2026-09-14T06:51:06"",""publishedAt"":""2026-09-14T06:51:06+09:00"",""timezoneAssumed"":""Asia/Seoul(원문에 시간대 표기 없음)"",""corporateAction"":false,""actionWord"":null},{""id"":""130677028"",""title"":""(주)포스코인터내셔널 타법인주식및출자증권취득결정"",""author"":""KOSCOM"",""datetimeRaw"":""2026-09-14T06:51:17"",""publishedAt"":""2026-09-14T06:51:17+09:00"",""timezoneAssumed"":""Asia/Seoul(원문에 시간대 표기 없음)"",""corporateAction"":false,""actionWord"":null},{""id"":""130692276"",""title"":""(주)포스코인터내셔널 금전대여 결정"",""author"":""KOSCOM"",""datetimeRaw"":""2026-09-14T06:51:27"",""publishedAt"":""2026-09-14T06:51:27+09:00"",""timezoneAssumed"":""Asia/Seoul(원문에 시간대 표기 없음)"",""corporateAction"":false,""actionWord"":null},{""id"":""130694589"",""title"":""(주)포스코인터내셔널 기업설명회(IR) 개최(안내공시)"",""author"":""KOSCOM"",""datetimeRaw"":""2026-09-14T06:51:32"",""publishedAt"":""2026-09-14T06:51:32+09:00"",""timezoneAssumed"":""Asia/Seoul(원문에 시간대 표기 없음)"",""corporateAction"":false,""actionWord"":null}]",,,2,,,,,,
collection-d7586bd4c2f8c21d,collection,2026-09-30,2026-09-29T22:27:33Z,,,"{""contextFile"":""reports/atlas11/context/2026-09-30/2026-09-29T22-27-33Z.json""}",context_disclosures,2026-09-30,기업행위 공시,,,,,false,051910,LG화학,,,https://m.stock.naver.com/api/stock/051910/disclosure?pageSize=20&page=1,e71f6149325b703ef20f5539ade7db966592da60d834206c8f378c682c64a6a2,"[{""id"":""12847188"",""title"":""(주)LG화학 기업설명회(IR) 개최(안내공시)"",""author"":""KOSCOM"",""datetimeRaw"":""2026-05-29T06:50:36"",""publishedAt"":""2026-05-29T06:50:36+09:00"",""timezoneAssumed"":""Asia/Seoul(원문에 시간대 표기 없음)"",""corporateAction"":false,""actionWord"":null},{""id"":""40034217"",""title"":""(주)LG화학 주식선물ㆍ주식옵션 2단계 가격제한폭 확대요건 도달(하락)"",""author"":""KOSCOM"",""datetimeRaw"":""2026-06-23T06:51:07"",""publishedAt"":""2026-06-23T06:51:07+09:00"",""timezoneAssumed"":""Asia/Seoul(원문에 시간대 표기 없음)"",""corporateAction"":false,""actionWord"":null},{""id"":""45662382"",""title"":""(주)LG화학 기업설명회(IR) 개최(안내공시)"",""author"":""KOSCOM"",""datetimeRaw"":""2026-06-26T06:51:06"",""publishedAt"":""2026-06-26T06:51:06+09:00"",""timezoneAssumed"":""Asia/Seoul(원문에 시간대 표기 없음)"",""corporateAction"":false,""actionWord"":null},{""id"":""47836408"",""title"":""(주)LG화학 주식선물ㆍ주식옵션 2단계 가격제한폭 확대요건 도달(상승)"",""author"":""KOSCOM"",""datetimeRaw"":""2026-06-29T06:51:21"",""publishedAt"":""2026-06-29T06:51:21+09:00"",""timezoneAssumed"":""Asia/Seoul(원문에 시간대 표기 없음)"",""corporateAction"":false,""actionWord"":null},{""id"":""49525160"",""title"":""(주)LG화학 지속가능경영보고서 등 관련사항(자율공시)"",""author"":""KOSCOM"",""datetimeRaw"":""2026-06-30T06:51:17"",""publishedAt"":""2026-06-30T06:51:17+09:00"",""timezoneAssumed"":""Asia/Seoul(원문에 시간대 표기 없음)"",""corporateAction"":false,""actionWord"":null},{""id"":""49532889"",""title"":""(주)LG화학 주식선물ㆍ주식옵션 2단계 가격제한폭 확대요건 도달(하락)"",""author"":""KOSCOM"",""datetimeRaw"":""2026-06-30T06:51:22"",""publishedAt"":""2026-06-30T06:51:22+09:00"",""timezoneAssumed"":""Asia/Seoul(원문에 시간대 표기 없음)"",""corporateAction"":false,""actionWord"":null},{""id"":""49677727"",""title"":""(주)LG화학 투자판단 관련 주요경영사항(제미다파엠서방정 국내 품목허가 신청)"",""author"":""KOSCOM"",""datetimeRaw"":""2026-06-30T06:53:44"",""publishedAt"":""2026-06-30T06:53:44+09:00"",""timezoneAssumed"":""Asia/Seoul(원문에 시간대 표기 없음)"",""corporateAction"":false,""actionWord"":null},{""id"":""62188227"",""title"":""(주)LG화학 기업설명회(IR) 개최(안내공시)"",""author"":""KOSCOM"",""datetimeRaw"":""2026-07-09T06:50:17"",""publishedAt"":""2026-07-09T06:50:17+09:00"",""timezoneAssumed"":""Asia/Seoul(원문에 시간대 표기 없음)"",""corporateAction"":false,""actionWord"":null},{""id"":""76525590"",""title"":""(주)LG화학 주식선물ㆍ주식옵션 2단계 가격제한폭 확대요건 도달(상승)"",""author"":""KOSCOM"",""datetimeRaw"":""2026-07-23T06:51:16"",""publishedAt"":""2026-07-23T06:51:16+09:00"",""timezoneAssumed"":""Asia/Seoul(원문에 시간대 표기 없음)"",""corporateAction"":false,""actionWord"":null},{""id"":""84609566"",""title"":""(주)LG화학 주식선물ㆍ주식옵션 2단계 가격제한폭 확대요건 도달(상승)"",""author"":""KOSCOM"",""datetimeRaw"":""2026-07-30T06:50:44"",""publishedAt"":""2026-07-30T06:50:44+09:00"",""timezoneAssumed"":""Asia/Seoul(원문에 시간대 표기 없음)"",""corporateAction"":false,""actionWord"":null},{""id"":""85202352"",""title"":""(주)LG화학 주식 소각 결정"",""author"":""KOSCOM"",""datetimeRaw"":""2026-07-30T06:51:52"",""publishedAt"":""2026-07-30T06:51:52+09:00"",""timezoneAssumed"":""Asia/Seoul(원문에 시간대 표기 없음)"",""corporateAction"":true,""actionWord"":""소각""},{""id"":""88096584"",""title"":""(주)LG화학 연결재무제표기준영업(잠정)실적(공정공시)"",""author"":""KOSCOM"",""datetimeRaw"":""2026-07-31T06:51:07"",""publishedAt"":""2026-07-31T06:51:07+09:00"",""timezoneAssumed"":""Asia/Seoul(원문에 시간대 표기 없음)"",""corporateAction"":false,""actionWord"":null},{""id"":""88666765"",""title"":""(주)LG화학 기업설명회(IR) 개최(안내공시)"",""author"":""KOSCOM"",""datetimeRaw"":""2026-07-31T06:53:35"",""publishedAt"":""2026-07-31T06:53:35+09:00"",""timezoneAssumed"":""Asia/Seoul(원문에 시간대 표기 없음)"",""corporateAction"":false,""actionWord"":null},{""id"":""103081407"",""title"":""(주)LG화학 기업설명회(IR) 개최(안내공시)"",""author"":""KOSCOM"",""datetimeRaw"":""2026-08-13T06:50:41"",""publishedAt"":""2026-08-13T06:50:41+09:00"",""timezoneAssumed"":""Asia/Seoul(원문에 시간대 표기 없음)"",""corporateAction"":false,""actionWord"":null},{""id"":""111985079"",""title"":""(주)LG화학 기타 안내사항(안내공시)"",""author"":""KOSCOM"",""datetimeRaw"":""2026-08-24T06:50:27"",""publishedAt"":""2026-08-24T06:50:27+09:00"",""timezoneAssumed"":""Asia/Seoul(원문에 시간대 표기 없음)"",""corporateAction"":false,""actionWord"":null},{""id"":""111998130"",""title"":""(주)LG화학 조회공시 요구(풍문 또는 보도)에 대한 답변(미확정)"",""author"":""KOSCOM"",""datetimeRaw"":""2026-08-24T06:50:29"",""publishedAt"":""2026-08-24T06:50:29+09:00"",""timezoneAssumed"":""Asia/Seoul(원문에 시간대 표기 없음)"",""corporateAction"":false,""actionWord"":null},{""id"":""111999231"",""title"":""(주)LG화학 풍문 또는 보도에 대한 해명(미확정)"",""author"":""KOSCOM"",""datetimeRaw"":""2026-08-24T06:50:30"",""publishedAt"":""2026-08-24T06:50:30+09:00"",""timezoneAssumed"":""Asia/Seoul(원문에 시간대 표기 없음)"",""corporateAction"":false,""actionWord"":null},{""id"":""112028410"",""title"":""(주)LG화학 주식선물ㆍ주식옵션 2단계 가격제한폭 확대요건 도달(상승)"",""author"":""KOSCOM"",""datetimeRaw"":""2026-08-24T06:50:35"",""publishedAt"":""2026-08-24T06:50:35+09:00"",""timezoneAssumed"":""Asia/Seoul(원문에 시간대 표기 없음)"",""corporateAction"":false,""actionWord"":null},{""id"":""121871219"",""title"":""(주)LG화학 주식선물ㆍ주식옵션 2단계 가격제한폭 확대요건 도달(상승)"",""author"":""KOSCOM"",""datetimeRaw"":""2026-09-03T06:50:14"",""publishedAt"":""2026-09-03T06:50:14+09:00"",""timezoneAssumed"":""Asia/Seoul(원문에 시간대 표기 없음)"",""corporateAction"":false,""actionWord"":null},{""id"":""123906298"",""title"":""(주)LG화학 기업설명회(IR) 개최(안내공시)"",""author"":""KOSCOM"",""datetimeRaw"":""2026-09-04T06:50:45"",""publishedAt"":""2026-09-04T06:50:45+09:00"",""timezoneAssumed"":""Asia/Seoul(원문에 시간대 표기 없음)"",""corporateAction"":false,""actionWord"":null}]",,,1,,,,,,
collection-0d087a4f6613f08d,collection,2026-09-30,2026-09-29T22:27:33Z,,,"{""contextFile"":""reports/atlas11/context/2026-09-30/2026-09-29T22-27-33Z.json""}",context_disclosures,2026-09-30,기업행위 공시,,,,,false,066570,LG전자,,,https://m.stock.naver.com/api/stock/066570/disclosure?pageSize=20&page=1,8d13ce3a426cc6289e6ac43bdfea8152af5656c001d00b1b739d19b889580d0f,"[{""id"":""38679432"",""title"":""LG전자(주) 주식선물ㆍ주식옵션 2단계 가격제한폭 확대요건 도달(상승)"",""author"":""KOSCOM"",""datetimeRaw"":""2026-06-22T06:50:44"",""publishedAt"":""2026-06-22T06:50:44+09:00"",""timezoneAssumed"":""Asia/Seoul(원문에 시간대 표기 없음)"",""corporateAction"":false,""actionWord"":null},{""id"":""39985329"",""title"":""LG전자(주) 주식선물ㆍ주식옵션 2단계 가격제한폭 확대요건 도달(하락)"",""author"":""KOSCOM"",""datetimeRaw"":""2026-06-23T06:50:52"",""publishedAt"":""2026-06-23T06:50:52+09:00"",""timezoneAssumed"":""Asia/Seoul(원문에 시간대 표기 없음)"",""corporateAction"":false,""actionWord"":null},{""id"":""49426343"",""title"":""LG전자(주) 지속가능경영보고서 등 관련사항(자율공시)"",""author"":""KOSCOM"",""datetimeRaw"":""2026-06-30T06:50:42"",""publishedAt"":""2026-06-30T06:50:42+09:00"",""timezoneAssumed"":""Asia/Seoul(원문에 시간대 표기 없음)"",""corporateAction"":false,""actionWord"":null},{""id"":""59397705"",""title"":""LG전자(주) 기업설명회(IR) 개최(안내공시)"",""author"":""KOSCOM"",""datetimeRaw"":""2026-07-07T06:50:27"",""publishedAt"":""2026-07-07T06:50:27+09:00"",""timezoneAssumed"":""Asia/Seoul(원문에 시간대 표기 없음)"",""corporateAction"":false,""actionWord"":null},{""id"":""59393171"",""title"":""LG전자(주) 연결재무제표기준영업(잠정)실적(공정공시)"",""author"":""KOSCOM"",""datetimeRaw"":""2026-07-07T06:50:27"",""publishedAt"":""2026-07-07T06:50:27+09:00"",""timezoneAssumed"":""Asia/Seoul(원문에 시간대 표기 없음)"",""corporateAction"":false,""actionWord"":null},{""id"":""62353264"",""title"":""LG전자(주) 주식선물ㆍ주식옵션 2단계 가격제한폭 확대요건 도달(하락)"",""author"":""KOSCOM"",""datetimeRaw"":""2026-07-09T06:50:25"",""publishedAt"":""2026-07-09T06:50:25+09:00"",""timezoneAssumed"":""Asia/Seoul(원문에 시간대 표기 없음)"",""corporateAction"":false,""actionWord"":null},{""id"":""65670637"",""title"":""LG전자(주) 주식선물ㆍ주식옵션 2단계 가격제한폭 확대요건 도달(상승)"",""author"":""KOSCOM"",""datetimeRaw"":""2026-07-13T06:50:20"",""publishedAt"":""2026-07-13T06:50:20+09:00"",""timezoneAssumed"":""Asia/Seoul(원문에 시간대 표기 없음)"",""corporateAction"":false,""actionWord"":null},{""id"":""74367468"",""title"":""LG전자(주) 주식선물ㆍ주식옵션 2단계 가격제한폭 확대요건 도달(상승)"",""author"":""KOSCOM"",""datetimeRaw"":""2026-07-22T06:50:35"",""publishedAt"":""2026-07-22T06:50:35+09:00"",""timezoneAssumed"":""Asia/Seoul(원문에 시간대 표기 없음)"",""corporateAction"":false,""actionWord"":null},{""id"":""78518026"",""title"":""LG전자(주) 주식선물ㆍ주식옵션 2단계 가격제한폭 확대요건 도달(하락)"",""author"":""KOSCOM"",""datetimeRaw"":""2026-07-24T06:50:32"",""publishedAt"":""2026-07-24T06:50:32+09:00"",""timezoneAssumed"":""Asia/Seoul(원문에 시간대 표기 없음)"",""corporateAction"":false,""actionWord"":null},{""id"":""82419530"",""title"":""LG전자(주) 현금ㆍ현물 배당 결정"",""author"":""KOSCOM"",""datetimeRaw"":""2026-07-29T06:51:49"",""publishedAt"":""2026-07-29T06:51:49+09:00"",""timezoneAssumed"":""Asia/Seoul(원문에 시간대 표기 없음)"",""corporateAction"":false,""actionWord"":null},{""id"":""82428593"",""title"":""LG전자(주) 현금ㆍ현물배당을 위한 주주명부폐쇄(기준일) 결정"",""author"":""KOSCOM"",""datetimeRaw"":""2026-07-29T06:51:50"",""publishedAt"":""2026-07-29T06:51:50+09:00"",""timezoneAssumed"":""Asia/Seoul(원문에 시간대 표기 없음)"",""corporateAction"":false,""actionWord"":null},{""id"":""82461215"",""title"":""LG전자(주) 자기주식취득 신탁계약 해지 결정"",""author"":""KOSCOM"",""datetimeRaw"":""2026-07-29T06:51:59"",""publishedAt"":""2026-07-29T06:51:59+09:00"",""timezoneAssumed"":""Asia/Seoul(원문에 시간대 표기 없음)"",""corporateAction"":true,""actionWord"":""자기주식""},{""id"":""85025867"",""title"":""LG전자(주) (정정)연결재무제표기준영업(잠정)실적(공정공시)"",""author"":""KOSCOM"",""datetimeRaw"":""2026-07-30T06:51:23"",""publishedAt"":""2026-07-30T06:51:23+09:00"",""timezoneAssumed"":""Asia/Seoul(원문에 시간대 표기 없음)"",""corporateAction"":false,""actionWord"":null},{""id"":""92902906"",""title"":""LG전자(주) 주식선물ㆍ주식옵션 2단계 가격제한폭 확대요건 도달(상승)"",""author"":""KOSCOM"",""datetimeRaw"":""2026-08-05T06:50:49"",""publishedAt"":""2026-08-05T06:50:49+09:00"",""timezoneAssumed"":""Asia/Seoul(원문에 시간대 표기 없음)"",""corporateAction"":false,""actionWord"":null},{""id"":""95780707"",""title"":""LG전자(주) 중대재해 발생(종속회사의 주요경영사항)"",""author"":""KOSCOM"",""datetimeRaw"":""2026-08-06T06:52:15"",""publishedAt"":""2026-08-06T06:52:15+09:00"",""timezoneAssumed"":""Asia/Seoul(원문에 시간대 표기 없음)"",""corporateAction"":false,""actionWord"":null},{""id"":""100042326"",""title"":""LG전자(주) 중간(분기)배당락 기준가격 안내(LG전자우)"",""author"":""KOSCOM"",""datetimeRaw"":""2026-08-11T06:51:12"",""publishedAt"":""2026-08-11T06:51:12+09:00"",""timezoneAssumed"":""Asia/Seoul(원문에 시간대 표기 없음)"",""corporateAction"":true,""actionWord"":""배당락""},{""id"":""100041783"",""title"":""LG전자(주) 중간(분기)배당락 기준가격 안내"",""author"":""KOSCOM"",""datetimeRaw"":""2026-08-11T06:51:12"",""publishedAt"":""2026-08-11T06:51:12+09:00"",""timezoneAssumed"":""Asia/Seoul(원문에 시간대 표기 없음)"",""corporateAction"":true,""actionWord"":""배당락""},{""id"":""100904959"",""title"":""LG전자(주) 주식선물ㆍ주식옵션 2단계 가격제한폭 확대요건 도달(상승)"",""author"":""KOSCOM"",""datetimeRaw"":""2026-08-12T06:50:28"",""publishedAt"":""2026-08-12T06:50:28+09:00"",""timezoneAssumed"":""Asia/Seoul(원문에 시간대 표기 없음)"",""corporateAction"":false,""actionWord"":null},{""id"":""124745167"",""title"":""LG전자(주) 주식선물ㆍ주식옵션 2단계 가격제한폭 확대요건 도달(상승)"",""author"":""KOSCOM"",""datetimeRaw"":""2026-09-07T06:50:12"",""publishedAt"":""2026-09-07T06:50:12+09:00"",""timezoneAssumed"":""Asia/Seoul(원문에 시간대 표기 없음)"",""corporateAction"":false,""actionWord"":null},{""id"":""124801366"",""title"":""LG전자(주) 풍문 또는 보도에 대한 해명(미확정)"",""author"":""KOSCOM"",""datetimeRaw"":""2026-09-07T06:50:22"",""publishedAt"":""2026-09-07T06:50:22+09:00"",""timezoneAssumed"":""Asia/Seoul(원문에 시간대 표기 없음)"",""corporateAction"":false,""actionWord"":null}]",,,3,,,,,,
collection-d232f582a81fe4bc,collection,2026-09-30,2026-09-29T22:27:33Z,,,"{""contextFile"":""reports/atlas11/context/2026-09-30/2026-09-29T22-27-33Z.json""}",context_disclosures,2026-09-30,새 공시,,,,,false,086280,현대글로비스,,,https://m.stock.naver.com/api/stock/086280/disclosure?pageSize=20&page=1,e14cd2c79b98077f3029dc1166832e2662a57e185febbaf17064e9c5a86d93ed,"[{""id"":""1639081"",""title"":""현대글로비스(주) 주식선물 2단계 가격제한폭 확대요건 도달(상승)"",""author"":""KOSCOM"",""datetimeRaw"":""2026-05-08T06:50:29"",""publishedAt"":""2026-05-08T06:50:29+09:00"",""timezoneAssumed"":""Asia/Seoul(원문에 시간대 표기 없음)"",""corporateAction"":false,""actionWord"":null},{""id"":""1640049"",""title"":""현대글로비스(주) 주식선물 2단계 가격제한폭 확대요건 도달(상승)"",""author"":""KOSCOM"",""datetimeRaw"":""2026-05-12T06:50:17"",""publishedAt"":""2026-05-12T06:50:17+09:00"",""timezoneAssumed"":""Asia/Seoul(원문에 시간대 표기 없음)"",""corporateAction"":false,""actionWord"":null},{""id"":""1641552"",""title"":""현대글로비스(주) 공매도 과열종목 지정(공매도 거래 금지 적용)"",""author"":""KOSCOM"",""datetimeRaw"":""2026-05-14T06:54:51"",""publishedAt"":""2026-05-14T06:54:51+09:00"",""timezoneAssumed"":""Asia/Seoul(원문에 시간대 표기 없음)"",""corporateAction"":false,""actionWord"":null},{""id"":""1641693"",""title"":""현대글로비스(주) 기업설명회(IR) 개최(안내공시)"",""author"":""KOSCOM"",""datetimeRaw"":""2026-05-15T06:50:30"",""publishedAt"":""2026-05-15T06:50:30+09:00"",""timezoneAssumed"":""Asia/Seoul(원문에 시간대 표기 없음)"",""corporateAction"":false,""actionWord"":null},{""id"":""1641836"",""title"":""현대글로비스(주) 주식선물 2단계 가격제한폭 확대요건 도달(하락)"",""author"":""KOSCOM"",""datetimeRaw"":""2026-05-15T06:51:12"",""publishedAt"":""2026-05-15T06:51:12+09:00"",""timezoneAssumed"":""Asia/Seoul(원문에 시간대 표기 없음)"",""corporateAction"":false,""actionWord"":null},{""id"":""1642197"",""title"":""현대글로비스(주) 공매도 과열종목 연장(공매도 거래 금지 연장)"",""author"":""KOSCOM"",""datetimeRaw"":""2026-05-15T06:54:06"",""publishedAt"":""2026-05-15T06:54:06+09:00"",""timezoneAssumed"":""Asia/Seoul(원문에 시간대 표기 없음)"",""corporateAction"":false,""actionWord"":null},{""id"":""1642592"",""title"":""현대글로비스(주) 기업설명회(IR) 개최(안내공시)"",""author"":""KOSCOM"",""datetimeRaw"":""2026-05-18T06:52:14"",""publishedAt"":""2026-05-18T06:52:14+09:00"",""timezoneAssumed"":""Asia/Seoul(원문에 시간대 표기 없음)"",""corporateAction"":false,""actionWord"":null},{""id"":""2908852"",""title"":""현대글로비스(주) 타법인주식및출자증권취득결정"",""author"":""KOSCOM"",""datetimeRaw"":""2026-05-20T06:51:48"",""publishedAt"":""2026-05-20T06:51:48+09:00"",""timezoneAssumed"":""Asia/Seoul(원문에 시간대 표기 없음)"",""corporateAction"":false,""actionWord"":null},{""id"":""4645334"",""title"":""현대글로비스(주) 주식선물 2단계 가격제한폭 확대요건 도달(상승)"",""author"":""KOSCOM"",""datetimeRaw"":""2026-05-21T06:50:38"",""publishedAt"":""2026-05-21T06:50:38+09:00"",""timezoneAssumed"":""Asia/Seoul(원문에 시간대 표기 없음)"",""corporateAction"":false,""actionWord"":null},{""id"":""4948401"",""title"":""현대글로비스(주) (정정)타법인주식및출자증권취득결정"",""author"":""KOSCOM"",""datetimeRaw"":""2026-05-21T06:51:22"",""publishedAt"":""2026-05-21T06:51:22+09:00"",""timezoneAssumed"":""Asia/Seoul(원문에 시간대 표기 없음)"",""corporateAction"":false,""actionWord"":null},{""id"":""49492130"",""title"":""현대글로비스(주) 지속가능경영보고서 등 관련사항(자율공시)"",""author"":""KOSCOM"",""datetimeRaw"":""2026-06-30T06:50:59"",""publishedAt"":""2026-06-30T06:50:59+09:00"",""timezoneAssumed"":""Asia/Seoul(원문에 시간대 표기 없음)"",""corporateAction"":false,""actionWord"":null},{""id"":""51064245"",""title"":""현대글로비스(주) 주식선물 2단계 가격제한폭 확대요건 도달(상승)"",""author"":""KOSCOM"",""datetimeRaw"":""2026-07-01T06:50:24"",""publishedAt"":""2026-07-01T06:50:24+09:00"",""timezoneAssumed"":""Asia/Seoul(원문에 시간대 표기 없음)"",""corporateAction"":false,""actionWord"":null},{""id"":""59334556"",""title"":""현대글로비스(주) 주식선물 2단계 가격제한폭 확대요건 도달(하락)"",""author"":""KOSCOM"",""datetimeRaw"":""2026-07-07T06:50:20"",""publishedAt"":""2026-07-07T06:50:20+09:00"",""timezoneAssumed"":""Asia/Seoul(원문에 시간대 표기 없음)"",""corporateAction"":false,""actionWord"":null},{""id"":""69822906"",""title"":""현대글로비스(주) 기업설명회(IR) 개최(안내공시)"",""author"":""KOSCOM"",""datetimeRaw"":""2026-07-16T13:26:39"",""publishedAt"":""2026-07-16T13:26:39+09:00"",""timezoneAssumed"":""Asia/Seoul(원문에 시간대 표기 없음)"",""corporateAction"":false,""actionWord"":null},{""id"":""69831430"",""title"":""현대글로비스(주) 기업설명회(IR) 개최(안내공시)"",""author"":""KOSCOM"",""datetimeRaw"":""2026-07-16T13:32:36"",""publishedAt"":""2026-07-16T13:32:36+09:00"",""timezoneAssumed"":""Asia/Seoul(원문에 시간대 표기 없음)"",""corporateAction"":false,""actionWord"":null},{""id"":""76142807"",""title"":""현대글로비스(주) 공정거래 자율준수프로그램 운영현황(안내공시)"",""author"":""KOSCOM"",""datetimeRaw"":""2026-07-23T06:50:28"",""publishedAt"":""2026-07-23T06:50:28+09:00"",""timezoneAssumed"":""Asia/Seoul(원문에 시간대 표기 없음)"",""corporateAction"":false,""actionWord"":null},{""id"":""76539426"",""title"":""현대글로비스(주) 연결재무제표기준영업(잠정)실적(공정공시)"",""author"":""KOSCOM"",""datetimeRaw"":""2026-07-23T06:51:19"",""publishedAt"":""2026-07-23T06:51:19+09:00"",""timezoneAssumed"":""Asia/Seoul(원문에 시간대 표기 없음)"",""corporateAction"":false,""actionWord"":null},{""id"":""111986703"",""title"":""현대글로비스(주) 기업설명회(IR) 개최(안내공시)"",""author"":""KOSCOM"",""datetimeRaw"":""2026-08-24T06:50:27"",""publishedAt"":""2026-08-24T06:50:27+09:00"",""timezoneAssumed"":""Asia/Seoul(원문에 시간대 표기 없음)"",""corporateAction"":false,""actionWord"":null},{""id"":""125515115"",""title"":""현대글로비스(주) 기업설명회(IR) 개최(안내공시)"",""author"":""KOSCOM"",""datetimeRaw"":""2026-09-08T06:50:40"",""publishedAt"":""2026-09-08T06:50:40+09:00"",""timezoneAssumed"":""Asia/Seoul(원문에 시간대 표기 없음)"",""corporateAction"":false,""actionWord"":null},{""id"":""138438128"",""title"":""현대글로비스(주) 기업설명회(IR) 개최(안내공시)"",""author"":""KOSCOM"",""datetimeRaw"":""2026-09-23T13:46:21"",""publishedAt"":""2026-09-23T13:46:21+09:00"",""timezoneAssumed"":""Asia/Seoul(원문에 시간대 표기 없음)"",""corporateAction"":false,""actionWord"":null}]",,,0,,,,,,
collection-b1ac358a5d0cabba,collection,2026-09-30,2026-09-29T22:27:33Z,,,"{""contextFile"":""reports/atlas11/context/2026-09-30/2026-09-29T22-27-33Z.json""}",context_disclosures,2026-09-30,기업행위 공시,,,,,false,105560,KB금융,,,https://m.stock.naver.com/api/stock/105560/disclosure?pageSize=20&page=1,32fd32321644dd615dec431346c8183396bab2034526280225f0475c7c3c8929,"[{""id"":""69992783"",""title"":""(주)KB금융지주 (정정)주식 소각 결정"",""author"":""KOSCOM"",""datetimeRaw"":""2026-07-16T15:23:56"",""publishedAt"":""2026-07-16T15:23:56+09:00"",""timezoneAssumed"":""Asia/Seoul(원문에 시간대 표기 없음)"",""corporateAction"":true,""actionWord"":""소각""},{""id"":""72909429"",""title"":""(주)KB금융지주 (정정)주식 소각 결정"",""author"":""KOSCOM"",""datetimeRaw"":""2026-07-20T06:52:20"",""publishedAt"":""2026-07-20T06:52:20+09:00"",""timezoneAssumed"":""Asia/Seoul(원문에 시간대 표기 없음)"",""corporateAction"":true,""actionWord"":""소각""},{""id"":""76561097"",""title"":""(주)KB금융지주 연결재무제표기준영업(잠정)실적(공정공시)(자회사의 주요경영사항)"",""author"":""KOSCOM"",""datetimeRaw"":""2026-07-23T06:51:24"",""publishedAt"":""2026-07-23T06:51:24+09:00"",""timezoneAssumed"":""Asia/Seoul(원문에 시간대 표기 없음)"",""corporateAction"":false,""actionWord"":null},{""id"":""76562650"",""title"":""(주)KB금융지주 연결재무제표기준영업(잠정)실적(공정공시)(자회사의 주요경영사항)"",""author"":""KOSCOM"",""datetimeRaw"":""2026-07-23T06:51:25"",""publishedAt"":""2026-07-23T06:51:25+09:00"",""timezoneAssumed"":""Asia/Seoul(원문에 시간대 표기 없음)"",""corporateAction"":false,""actionWord"":null},{""id"":""76571992"",""title"":""(주)KB금융지주 연결재무제표기준영업(잠정)실적(공정공시)"",""author"":""KOSCOM"",""datetimeRaw"":""2026-07-23T06:51:28"",""publishedAt"":""2026-07-23T06:51:28+09:00"",""timezoneAssumed"":""Asia/Seoul(원문에 시간대 표기 없음)"",""corporateAction"":false,""actionWord"":null},{""id"":""76573552"",""title"":""(주)KB금융지주 현금ㆍ현물배당을 위한 주주명부폐쇄(기준일) 결정"",""author"":""KOSCOM"",""datetimeRaw"":""2026-07-23T06:51:29"",""publishedAt"":""2026-07-23T06:51:29+09:00"",""timezoneAssumed"":""Asia/Seoul(원문에 시간대 표기 없음)"",""corporateAction"":false,""actionWord"":null},{""id"":""76575114"",""title"":""(주)KB금융지주 현금ㆍ현물 배당 결정"",""author"":""KOSCOM"",""datetimeRaw"":""2026-07-23T06:51:30"",""publishedAt"":""2026-07-23T06:51:30+09:00"",""timezoneAssumed"":""Asia/Seoul(원문에 시간대 표기 없음)"",""corporateAction"":false,""actionWord"":null},{""id"":""76589231"",""title"":""(주)KB금융지주 자기주식취득 신탁계약 체결 결정"",""author"":""KOSCOM"",""datetimeRaw"":""2026-07-23T06:51:35"",""publishedAt"":""2026-07-23T06:51:35+09:00"",""timezoneAssumed"":""Asia/Seoul(원문에 시간대 표기 없음)"",""corporateAction"":true,""actionWord"":""자기주식""},{""id"":""76601869"",""title"":""(주)KB금융지주 주식 소각 결정"",""author"":""KOSCOM"",""datetimeRaw"":""2026-07-23T06:51:39"",""publishedAt"":""2026-07-23T06:51:39+09:00"",""timezoneAssumed"":""Asia/Seoul(원문에 시간대 표기 없음)"",""corporateAction"":true,""actionWord"":""소각""},{""id"":""76652816"",""title"":""(주)KB금융지주 상각형 조건부자본증권 발행결정"",""author"":""KOSCOM"",""datetimeRaw"":""2026-07-23T06:51:49"",""publishedAt"":""2026-07-23T06:51:49+09:00"",""timezoneAssumed"":""Asia/Seoul(원문에 시간대 표기 없음)"",""corporateAction"":false,""actionWord"":null},{""id"":""93231347"",""title"":""(주)KB금융지주 중간(분기)배당락 기준가격 안내"",""author"":""KOSCOM"",""datetimeRaw"":""2026-08-05T06:51:40"",""publishedAt"":""2026-08-05T06:51:40+09:00"",""timezoneAssumed"":""Asia/Seoul(원문에 시간대 표기 없음)"",""corporateAction"":true,""actionWord"":""배당락""},{""id"":""108135036"",""title"":""(주)KB금융지주 (정정)상각형 조건부자본증권 발행결정"",""author"":""KOSCOM"",""datetimeRaw"":""2026-08-19T06:51:08"",""publishedAt"":""2026-08-19T06:51:08+09:00"",""timezoneAssumed"":""Asia/Seoul(원문에 시간대 표기 없음)"",""corporateAction"":false,""actionWord"":null},{""id"":""109177399"",""title"":""(주)KB금융지주 기업설명회(IR) 개최(안내공시)"",""author"":""KOSCOM"",""datetimeRaw"":""2026-08-20T06:50:38"",""publishedAt"":""2026-08-20T06:50:38+09:00"",""timezoneAssumed"":""Asia/Seoul(원문에 시간대 표기 없음)"",""corporateAction"":false,""actionWord"":null},{""id"":""109176524"",""title"":""(주)KB금융지주 기업설명회(IR) 개최(안내공시)"",""author"":""KOSCOM"",""datetimeRaw"":""2026-08-20T06:50:38"",""publishedAt"":""2026-08-20T06:50:38+09:00"",""timezoneAssumed"":""Asia/Seoul(원문에 시간대 표기 없음)"",""corporateAction"":false,""actionWord"":null},{""id"":""109175650"",""title"":""(주)KB금융지주 기업설명회(IR) 개최(안내공시)"",""author"":""KOSCOM"",""datetimeRaw"":""2026-08-20T06:50:38"",""publishedAt"":""2026-08-20T06:50:38+09:00"",""timezoneAssumed"":""Asia/Seoul(원문에 시간대 표기 없음)"",""corporateAction"":false,""actionWord"":null},{""id"":""112863242"",""title"":""(주)KB금융지주 (정정)상각형 조건부자본증권 발행결정"",""author"":""KOSCOM"",""datetimeRaw"":""2026-08-25T06:51:36"",""publishedAt"":""2026-08-25T06:51:36+09:00"",""timezoneAssumed"":""Asia/Seoul(원문에 시간대 표기 없음)"",""corporateAction"":false,""actionWord"":null},{""id"":""123789354"",""title"":""(주)KB금융지주 기업설명회(IR) 개최(안내공시)"",""author"":""KOSCOM"",""datetimeRaw"":""2026-09-04T06:50:26"",""publishedAt"":""2026-09-04T06:50:26+09:00"",""timezoneAssumed"":""Asia/Seoul(원문에 시간대 표기 없음)"",""corporateAction"":false,""actionWord"":null},{""id"":""131360255"",""title"":""(주)KB금융지주 기업설명회(IR) 개최(안내공시)"",""author"":""KOSCOM"",""datetimeRaw"":""2026-09-15T06:50:59"",""publishedAt"":""2026-09-15T06:50:59+09:00"",""timezoneAssumed"":""Asia/Seoul(원문에 시간대 표기 없음)"",""corporateAction"":false,""actionWord"":null},{""id"":""131361346"",""title"":""(주)KB금융지주 기업설명회(IR) 개최(안내공시)"",""author"":""KOSCOM"",""datetimeRaw"":""2026-09-15T06:51:00"",""publishedAt"":""2026-09-15T06:51:00+09:00"",""timezoneAssumed"":""Asia/Seoul(원문에 시간대 표기 없음)"",""corporateAction"":false,""actionWord"":null},{""id"":""141378021"",""title"":""(주)KB금융지주 기타 안내사항(안내공시)"",""author"":""KOSCOM"",""datetimeRaw"":""2026-09-28T06:50:27"",""publishedAt"":""2026-09-28T06:50:27+09:00"",""timezoneAssumed"":""Asia/Seoul(원문에 시간대 표기 없음)"",""corporateAction"":false,""actionWord"":null}]",,,5,,,,,,
collection-7d5397766fe66b31,collection,2026-09-30,2026-09-29T22:27:33Z,,,"{""contextFile"":""reports/atlas11/context/2026-09-30/2026-09-29T22-27-33Z.json""}",context_disclosures,2026-09-30,기업행위 공시,,,,,false,111770,영원무역,,,https://m.stock.naver.com/api/stock/111770/disclosure?pageSize=20&page=1,d511f9bb404ebffdd9bec5b611a28d77a3cc50e4f13fbf21baf40af78b76eabc,"[{""id"":""1609962"",""title"":""(주)영원무역 현금ㆍ현물 배당 결정"",""author"":""KOSCOM"",""datetimeRaw"":""2026-03-10T06:54:02"",""publishedAt"":""2026-03-10T06:54:02+09:00"",""timezoneAssumed"":""Asia/Seoul(원문에 시간대 표기 없음)"",""corporateAction"":false,""actionWord"":null},{""id"":""1610007"",""title"":""(주)영원무역 주주총회소집결의"",""author"":""KOSCOM"",""datetimeRaw"":""2026-03-10T06:54:25"",""publishedAt"":""2026-03-10T06:54:25+09:00"",""timezoneAssumed"":""Asia/Seoul(원문에 시간대 표기 없음)"",""corporateAction"":false,""actionWord"":null},{""id"":""1610377"",""title"":""(주)영원무역 (정정)주주총회소집결의"",""author"":""KOSCOM"",""datetimeRaw"":""2026-03-11T06:50:18"",""publishedAt"":""2026-03-11T06:50:18+09:00"",""timezoneAssumed"":""Asia/Seoul(원문에 시간대 표기 없음)"",""corporateAction"":false,""actionWord"":null},{""id"":""1612168"",""title"":""(주)영원무역 주주총회 집중일 개최 사유 신고"",""author"":""KOSCOM"",""datetimeRaw"":""2026-03-12T06:55:47"",""publishedAt"":""2026-03-12T06:55:47+09:00"",""timezoneAssumed"":""Asia/Seoul(원문에 시간대 표기 없음)"",""corporateAction"":false,""actionWord"":null},{""id"":""1615966"",""title"":""(주)영원무역 감사보고서 제출"",""author"":""KOSCOM"",""datetimeRaw"":""2026-03-18T06:59:00"",""publishedAt"":""2026-03-18T06:59:00+09:00"",""timezoneAssumed"":""Asia/Seoul(원문에 시간대 표기 없음)"",""corporateAction"":false,""actionWord"":null},{""id"":""1622481"",""title"":""(주)영원무역 정기주주총회결과"",""author"":""KOSCOM"",""datetimeRaw"":""2026-03-27T06:59:12"",""publishedAt"":""2026-03-27T06:59:12+09:00"",""timezoneAssumed"":""Asia/Seoul(원문에 시간대 표기 없음)"",""corporateAction"":false,""actionWord"":null},{""id"":""1641688"",""title"":""(주)영원무역 주식선물 2단계 가격제한폭 확대요건 도달(상승)"",""author"":""KOSCOM"",""datetimeRaw"":""2026-05-15T06:50:29"",""publishedAt"":""2026-05-15T06:50:29+09:00"",""timezoneAssumed"":""Asia/Seoul(원문에 시간대 표기 없음)"",""corporateAction"":false,""actionWord"":null},{""id"":""1641869"",""title"":""(주)영원무역 주식선물 3단계 가격제한폭 확대요건 도달(상승)"",""author"":""KOSCOM"",""datetimeRaw"":""2026-05-15T06:51:23"",""publishedAt"":""2026-05-15T06:51:23+09:00"",""timezoneAssumed"":""Asia/Seoul(원문에 시간대 표기 없음)"",""corporateAction"":false,""actionWord"":null},{""id"":""21333395"",""title"":""(주)영원무역 주식선물 2단계 가격제한폭 확대요건 도달(하락)"",""author"":""KOSCOM"",""datetimeRaw"":""2026-06-08T06:50:56"",""publishedAt"":""2026-06-08T06:50:56+09:00"",""timezoneAssumed"":""Asia/Seoul(원문에 시간대 표기 없음)"",""corporateAction"":false,""actionWord"":null},{""id"":""21595441"",""title"":""(주)영원무역 주식선물 2단계 가격제한폭 확대요건 도달(상승)"",""author"":""KOSCOM"",""datetimeRaw"":""2026-06-08T06:51:41"",""publishedAt"":""2026-06-08T06:51:41+09:00"",""timezoneAssumed"":""Asia/Seoul(원문에 시간대 표기 없음)"",""corporateAction"":false,""actionWord"":null},{""id"":""22823727"",""title"":""(주)영원무역 타인에대한채무보증결정"",""author"":""KOSCOM"",""datetimeRaw"":""2026-06-09T06:51:52"",""publishedAt"":""2026-06-09T06:51:52+09:00"",""timezoneAssumed"":""Asia/Seoul(원문에 시간대 표기 없음)"",""corporateAction"":false,""actionWord"":null},{""id"":""49480156"",""title"":""(주)영원무역 지속가능경영보고서 등 관련사항(자율공시)"",""author"":""KOSCOM"",""datetimeRaw"":""2026-06-30T06:50:53"",""publishedAt"":""2026-06-30T06:50:53+09:00"",""timezoneAssumed"":""Asia/Seoul(원문에 시간대 표기 없음)"",""corporateAction"":false,""actionWord"":null},{""id"":""53755405"",""title"":""(주)영원무역 주식선물 2단계 가격제한폭 확대요건 도달(상승)"",""author"":""KOSCOM"",""datetimeRaw"":""2026-07-02T06:50:24"",""publishedAt"":""2026-07-02T06:50:24+09:00"",""timezoneAssumed"":""Asia/Seoul(원문에 시간대 표기 없음)"",""corporateAction"":false,""actionWord"":null},{""id"":""54445482"",""title"":""(주)영원무역 주식선물 3단계 가격제한폭 확대요건 도달(상승)"",""author"":""KOSCOM"",""datetimeRaw"":""2026-07-02T06:51:02"",""publishedAt"":""2026-07-02T06:51:02+09:00"",""timezoneAssumed"":""Asia/Seoul(원문에 시간대 표기 없음)"",""corporateAction"":false,""actionWord"":null},{""id"":""88749035"",""title"":""(주)영원무역 기업가치 제고 계획 예고(안내공시)"",""author"":""KOSCOM"",""datetimeRaw"":""2026-07-31T06:54:15"",""publishedAt"":""2026-07-31T06:54:15+09:00"",""timezoneAssumed"":""Asia/Seoul(원문에 시간대 표기 없음)"",""corporateAction"":false,""actionWord"":null},{""id"":""100085707"",""title"":""(주)영원무역 현금ㆍ현물 배당 결정"",""author"":""KOSCOM"",""datetimeRaw"":""2026-08-11T06:52:38"",""publishedAt"":""2026-08-11T06:52:38+09:00"",""timezoneAssumed"":""Asia/Seoul(원문에 시간대 표기 없음)"",""corporateAction"":false,""actionWord"":null},{""id"":""100086349"",""title"":""(주)영원무역 현금ㆍ현물배당을 위한 주주명부폐쇄(기준일) 결정"",""author"":""KOSCOM"",""datetimeRaw"":""2026-08-11T06:52:39"",""publishedAt"":""2026-08-11T06:52:39+09:00"",""timezoneAssumed"":""Asia/Seoul(원문에 시간대 표기 없음)"",""corporateAction"":false,""actionWord"":null},{""id"":""100100178"",""title"":""(주)영원무역 기업가치 제고 계획(자율공시)(2025년 이행현황)"",""author"":""KOSCOM"",""datetimeRaw"":""2026-08-11T06:52:54"",""publishedAt"":""2026-08-11T06:52:54+09:00"",""timezoneAssumed"":""Asia/Seoul(원문에 시간대 표기 없음)"",""corporateAction"":false,""actionWord"":null},{""id"":""100109084"",""title"":""(주)영원무역 (정정)수시공시의무관련사항(공정공시)"",""author"":""KOSCOM"",""datetimeRaw"":""2026-08-11T06:53:09"",""publishedAt"":""2026-08-11T06:53:09+09:00"",""timezoneAssumed"":""Asia/Seoul(원문에 시간대 표기 없음)"",""corporateAction"":false,""actionWord"":null},{""id"":""113867783"",""title"":""(주)영원무역 중간(분기)배당락 기준가격 안내"",""author"":""KOSCOM"",""datetimeRaw"":""2026-08-26T06:50:59"",""publishedAt"":""2026-08-26T06:50:59+09:00"",""timezoneAssumed"":""Asia/Seoul(원문에 시간대 표기 없음)"",""corporateAction"":true,""actionWord"":""배당락""}]",,,1,,,,,,
collection-a901899506787df8,collection,2026-09-30,2026-09-29T22:27:33Z,,,"{""contextFile"":""reports/atlas11/context/2026-09-30/2026-09-29T22-27-33Z.json""}",context_disclosures,2026-09-30,기업행위 공시,,,,,false,138040,메리츠금융지주,,,https://m.stock.naver.com/api/stock/138040/disclosure?pageSize=20&page=1,2338aa02681df7427b74644dce83619735388c7b1535eebea5f947467a293b25,"[{""id"":""1620433"",""title"":""(주)메리츠금융지주 주식 소각 결정"",""author"":""KOSCOM"",""datetimeRaw"":""2026-03-26T06:50:24"",""publishedAt"":""2026-03-26T06:50:24+09:00"",""timezoneAssumed"":""Asia/Seoul(원문에 시간대 표기 없음)"",""corporateAction"":true,""actionWord"":""소각""},{""id"":""1620470"",""title"":""(주)메리츠금융지주 자기주식취득 신탁계약 체결 결정"",""author"":""KOSCOM"",""datetimeRaw"":""2026-03-26T06:50:54"",""publishedAt"":""2026-03-26T06:50:54+09:00"",""timezoneAssumed"":""Asia/Seoul(원문에 시간대 표기 없음)"",""corporateAction"":true,""actionWord"":""자기주식""},{""id"":""1631899"",""title"":""(주)메리츠금융지주 변경상장(주식소각)"",""author"":""KOSCOM"",""datetimeRaw"":""2026-04-20T06:51:48"",""publishedAt"":""2026-04-20T06:51:48+09:00"",""timezoneAssumed"":""Asia/Seoul(원문에 시간대 표기 없음)"",""corporateAction"":true,""actionWord"":""소각""},{""id"":""1632684"",""title"":""(주)메리츠금융지주 기업설명회(IR) 개최(안내공시)"",""author"":""KOSCOM"",""datetimeRaw"":""2026-04-22T06:51:19"",""publishedAt"":""2026-04-22T06:51:19+09:00"",""timezoneAssumed"":""Asia/Seoul(원문에 시간대 표기 없음)"",""corporateAction"":false,""actionWord"":null},{""id"":""1641281"",""title"":""(주)메리츠금융지주 연결재무제표기준영업(잠정)실적(공정공시)(자회사의 주요경영사항)"",""author"":""KOSCOM"",""datetimeRaw"":""2026-05-14T06:51:13"",""publishedAt"":""2026-05-14T06:51:13+09:00"",""timezoneAssumed"":""Asia/Seoul(원문에 시간대 표기 없음)"",""corporateAction"":false,""actionWord"":null},{""id"":""1641290"",""title"":""(주)메리츠금융지주 영업(잠정)실적(공정공시)(자회사의 주요경영사항)"",""author"":""KOSCOM"",""datetimeRaw"":""2026-05-14T06:51:17"",""publishedAt"":""2026-05-14T06:51:17+09:00"",""timezoneAssumed"":""Asia/Seoul(원문에 시간대 표기 없음)"",""corporateAction"":false,""actionWord"":null},{""id"":""1641292"",""title"":""(주)메리츠금융지주 연결재무제표기준영업(잠정)실적(공정공시)"",""author"":""KOSCOM"",""datetimeRaw"":""2026-05-14T06:51:18"",""publishedAt"":""2026-05-14T06:51:18+09:00"",""timezoneAssumed"":""Asia/Seoul(원문에 시간대 표기 없음)"",""corporateAction"":false,""actionWord"":null},{""id"":""1641303"",""title"":""(주)메리츠금융지주 기업가치 제고 계획(자율공시)(2026년 1분기 이행현황)"",""author"":""KOSCOM"",""datetimeRaw"":""2026-05-14T06:51:23"",""publishedAt"":""2026-05-14T06:51:23+09:00"",""timezoneAssumed"":""Asia/Seoul(원문에 시간대 표기 없음)"",""corporateAction"":false,""actionWord"":null},{""id"":""29168981"",""title"":""(주)메리츠금융지주 지속가능경영보고서 등 관련사항(자율공시)"",""author"":""KOSCOM"",""datetimeRaw"":""2026-06-12T06:52:46"",""publishedAt"":""2026-06-12T06:52:46+09:00"",""timezoneAssumed"":""Asia/Seoul(원문에 시간대 표기 없음)"",""corporateAction"":false,""actionWord"":null},{""id"":""46231568"",""title"":""(주)메리츠금융지주 기타 경영사항(종속회사의 주요경영사항)"",""author"":""KOSCOM"",""datetimeRaw"":""2026-06-26T06:53:06"",""publishedAt"":""2026-06-26T06:53:06+09:00"",""timezoneAssumed"":""Asia/Seoul(원문에 시간대 표기 없음)"",""corporateAction"":false,""actionWord"":null},{""id"":""78965992"",""title"":""(주)메리츠금융지주 기업설명회(IR) 개최(안내공시)"",""author"":""KOSCOM"",""datetimeRaw"":""2026-07-24T06:52:24"",""publishedAt"":""2026-07-24T06:52:24+09:00"",""timezoneAssumed"":""Asia/Seoul(원문에 시간대 표기 없음)"",""corporateAction"":false,""actionWord"":null},{""id"":""95536633"",""title"":""(주)메리츠금융지주 현금ㆍ현물배당을 위한 주주명부폐쇄(기준일) 결정(자회사의 주요경영사항)"",""author"":""KOSCOM"",""datetimeRaw"":""2026-08-06T06:50:58"",""publishedAt"":""2026-08-06T06:50:58+09:00"",""timezoneAssumed"":""Asia/Seoul(원문에 시간대 표기 없음)"",""corporateAction"":false,""actionWord"":null},{""id"":""95540136"",""title"":""(주)메리츠금융지주 현금ㆍ현물 배당 결정(자회사의 주요경영사항)"",""author"":""KOSCOM"",""datetimeRaw"":""2026-08-06T06:51:01"",""publishedAt"":""2026-08-06T06:51:01+09:00"",""timezoneAssumed"":""Asia/Seoul(원문에 시간대 표기 없음)"",""corporateAction"":false,""actionWord"":null},{""id"":""101241573"",""title"":""(주)메리츠금융지주 연결재무제표기준영업(잠정)실적(공정공시)(자회사의 주요경영사항)"",""author"":""KOSCOM"",""datetimeRaw"":""2026-08-12T06:51:18"",""publishedAt"":""2026-08-12T06:51:18+09:00"",""timezoneAssumed"":""Asia/Seoul(원문에 시간대 표기 없음)"",""corporateAction"":false,""actionWord"":null},{""id"":""101246717"",""title"":""(주)메리츠금융지주 영업(잠정)실적(공정공시)(자회사의 주요경영사항)"",""author"":""KOSCOM"",""datetimeRaw"":""2026-08-12T06:51:25"",""publishedAt"":""2026-08-12T06:51:25+09:00"",""timezoneAssumed"":""Asia/Seoul(원문에 시간대 표기 없음)"",""corporateAction"":false,""actionWord"":null},{""id"":""101249834"",""title"":""(주)메리츠금융지주 연결재무제표기준영업(잠정)실적(공정공시)"",""author"":""KOSCOM"",""datetimeRaw"":""2026-08-12T06:51:28"",""publishedAt"":""2026-08-12T06:51:28+09:00"",""timezoneAssumed"":""Asia/Seoul(원문에 시간대 표기 없음)"",""corporateAction"":false,""actionWord"":null},{""id"":""101254006"",""title"":""(주)메리츠금융지주 기업가치 제고 계획(자율공시)(2026년 2분기 이행현황)"",""author"":""KOSCOM"",""datetimeRaw"":""2026-08-12T06:51:30"",""publishedAt"":""2026-08-12T06:51:30+09:00"",""timezoneAssumed"":""Asia/Seoul(원문에 시간대 표기 없음)"",""corporateAction"":false,""actionWord"":null},{""id"":""117381411"",""title"":""(주)메리츠금융지주 자기주식취득 신탁계약 해지 결정"",""author"":""KOSCOM"",""datetimeRaw"":""2026-08-28T06:51:38"",""publishedAt"":""2026-08-28T06:51:38+09:00"",""timezoneAssumed"":""Asia/Seoul(원문에 시간대 표기 없음)"",""corporateAction"":true,""actionWord"":""자기주식""},{""id"":""117422734"",""title"":""(주)메리츠금융지주 자기주식취득 신탁계약 체결 결정"",""author"":""KOSCOM"",""datetimeRaw"":""2026-08-28T06:52:08"",""publishedAt"":""2026-08-28T06:52:08+09:00"",""timezoneAssumed"":""Asia/Seoul(원문에 시간대 표기 없음)"",""corporateAction"":true,""actionWord"":""자기주식""},{""id"":""121844111"",""title"":""(주)메리츠금융지주 주식선물ㆍ주식옵션 2단계 가격제한폭 확대요건 도달(상승)"",""author"":""KOSCOM"",""datetimeRaw"":""2026-09-03T06:50:13"",""publishedAt"":""2026-09-03T06:50:13+09:00"",""timezoneAssumed"":""Asia/Seoul(원문에 시간대 표기 없음)"",""corporateAction"":false,""actionWord"":null}]",,,5,,,,,,
collection-ca0d1e6026e65137,collection,2026-09-30,2026-09-29T22:27:33Z,,,"{""contextFile"":""reports/atlas11/context/2026-09-30/2026-09-29T22-27-33Z.json""}",context_disclosures,2026-09-30,기업행위 공시,,,,,false,196170,알테오젠,,,https://m.stock.naver.com/api/stock/196170/disclosure?pageSize=20&page=1,335119b0837852861170d0a65b9797405e1f2106844decff63133122630c97f3,"[{""id"":""70004676"",""title"":""(주)알테오젠 기타 주요경영사항(유가증권시장 이전상장 추진 잠정 유보)"",""author"":""KOSCOM"",""datetimeRaw"":""2026-07-16T15:31:51"",""publishedAt"":""2026-07-16T15:31:51+09:00"",""timezoneAssumed"":""Asia/Seoul(원문에 시간대 표기 없음)"",""corporateAction"":false,""actionWord"":null},{""id"":""70012163"",""title"":""(주)알테오젠 주식선물ㆍ옵션 거래정지및거래재개"",""author"":""KOSCOM"",""datetimeRaw"":""2026-07-16T15:36:32"",""publishedAt"":""2026-07-16T15:36:32+09:00"",""timezoneAssumed"":""Asia/Seoul(원문에 시간대 표기 없음)"",""corporateAction"":true,""actionWord"":""거래정지""},{""id"":""70025758"",""title"":""(주)알테오젠 주주명부폐쇄기간 또는 기준일 설정"",""author"":""KOSCOM"",""datetimeRaw"":""2026-07-16T15:45:10"",""publishedAt"":""2026-07-16T15:45:10+09:00"",""timezoneAssumed"":""Asia/Seoul(원문에 시간대 표기 없음)"",""corporateAction"":false,""actionWord"":null},{""id"":""72863847"",""title"":""(주)알테오젠 (정정)무상증자결정"",""author"":""KOSCOM"",""datetimeRaw"":""2026-07-20T06:50:46"",""publishedAt"":""2026-07-20T06:50:46+09:00"",""timezoneAssumed"":""Asia/Seoul(원문에 시간대 표기 없음)"",""corporateAction"":true,""actionWord"":""무상증자""},{""id"":""76111607"",""title"":""(주)알테오젠 주식선물ㆍ주식옵션 2단계 가격제한폭 확대요건 도달(상승)"",""author"":""KOSCOM"",""datetimeRaw"":""2026-07-23T06:50:26"",""publishedAt"":""2026-07-23T06:50:26+09:00"",""timezoneAssumed"":""Asia/Seoul(원문에 시간대 표기 없음)"",""corporateAction"":false,""actionWord"":null},{""id"":""76737261"",""title"":""(주)알테오젠 주식선물ㆍ옵션투자유의안내(무상증자에 따른 주식선물·옵션 시장조치 예정 안내)"",""author"":""KOSCOM"",""datetimeRaw"":""2026-07-23T06:52:39"",""publishedAt"":""2026-07-23T06:52:39+09:00"",""timezoneAssumed"":""Asia/Seoul(원문에 시간대 표기 없음)"",""corporateAction"":true,""actionWord"":""무상증자""},{""id"":""87921951"",""title"":""(주)알테오젠 주식선물ㆍ주식옵션 2단계 가격제한폭 확대요건 도달(상승)"",""author"":""KOSCOM"",""datetimeRaw"":""2026-07-31T06:51:04"",""publishedAt"":""2026-07-31T06:51:04+09:00"",""timezoneAssumed"":""Asia/Seoul(원문에 시간대 표기 없음)"",""corporateAction"":false,""actionWord"":null},{""id"":""91564526"",""title"":""(주)알테오젠 주식선물ㆍ주식옵션 2단계 가격제한폭 확대요건 도달(상승)"",""author"":""KOSCOM"",""datetimeRaw"":""2026-08-04T06:50:34"",""publishedAt"":""2026-08-04T06:50:34+09:00"",""timezoneAssumed"":""Asia/Seoul(원문에 시간대 표기 없음)"",""corporateAction"":false,""actionWord"":null},{""id"":""91697163"",""title"":""(주)알테오젠 권리락(무상증자)"",""author"":""KOSCOM"",""datetimeRaw"":""2026-08-04T06:52:47"",""publishedAt"":""2026-08-04T06:52:47+09:00"",""timezoneAssumed"":""Asia/Seoul(원문에 시간대 표기 없음)"",""corporateAction"":true,""actionWord"":""권리락""},{""id"":""91738619"",""title"":""(주)알테오젠 주식선물ㆍ옵션시장조치안내(무상증자에 따른 주식선물·옵션 시장조치 안내)"",""author"":""KOSCOM"",""datetimeRaw"":""2026-08-04T06:53:21"",""publishedAt"":""2026-08-04T06:53:21+09:00"",""timezoneAssumed"":""Asia/Seoul(원문에 시간대 표기 없음)"",""corporateAction"":true,""actionWord"":""무상증자""},{""id"":""92649341"",""title"":""(주)알테오젠 투자판단 관련 주요경영사항(재조합 인간 히알루로니다제 제품 ALTB4 독점적 라이선스 계약 체결)"",""author"":""KOSCOM"",""datetimeRaw"":""2026-08-05T06:50:02"",""publishedAt"":""2026-08-05T06:50:02+09:00"",""timezoneAssumed"":""Asia/Seoul(원문에 시간대 표기 없음)"",""corporateAction"":false,""actionWord"":null},{""id"":""95362348"",""title"":""(주)알테오젠 주식선물ㆍ주식옵션 2단계 가격제한폭 확대요건 도달(상승)"",""author"":""KOSCOM"",""datetimeRaw"":""2026-08-06T06:50:33"",""publishedAt"":""2026-08-06T06:50:33+09:00"",""timezoneAssumed"":""Asia/Seoul(원문에 시간대 표기 없음)"",""corporateAction"":false,""actionWord"":null},{""id"":""97389565"",""title"":""(주)알테오젠 연결재무제표 기준 영업(잠정)실적(공정공시)"",""author"":""KOSCOM"",""datetimeRaw"":""2026-08-07T06:50:30"",""publishedAt"":""2026-08-07T06:50:30+09:00"",""timezoneAssumed"":""Asia/Seoul(원문에 시간대 표기 없음)"",""corporateAction"":false,""actionWord"":null},{""id"":""99050397"",""title"":""(주)알테오젠 주식선물ㆍ주식옵션 2단계 가격제한폭 확대요건 도달(상승)"",""author"":""KOSCOM"",""datetimeRaw"":""2026-08-10T06:50:13"",""publishedAt"":""2026-08-10T06:50:13+09:00"",""timezoneAssumed"":""Asia/Seoul(원문에 시간대 표기 없음)"",""corporateAction"":false,""actionWord"":null},{""id"":""108869811"",""title"":""(주)알테오젠 주식선물ㆍ주식옵션 2단계 가격제한폭 확대요건 도달(상승)"",""author"":""KOSCOM"",""datetimeRaw"":""2026-08-20T06:50:11"",""publishedAt"":""2026-08-20T06:50:11+09:00"",""timezoneAssumed"":""Asia/Seoul(원문에 시간대 표기 없음)"",""corporateAction"":false,""actionWord"":null},{""id"":""110656298"",""title"":""(주)알테오젠 신규시설투자등"",""author"":""KOSCOM"",""datetimeRaw"":""2026-08-21T06:50:40"",""publishedAt"":""2026-08-21T06:50:40+09:00"",""timezoneAssumed"":""Asia/Seoul(원문에 시간대 표기 없음)"",""corporateAction"":false,""actionWord"":null},{""id"":""110867369"",""title"":""(주)알테오젠 추가상장(무상증자)"",""author"":""KOSCOM"",""datetimeRaw"":""2026-08-21T06:51:11"",""publishedAt"":""2026-08-21T06:51:11+09:00"",""timezoneAssumed"":""Asia/Seoul(원문에 시간대 표기 없음)"",""corporateAction"":true,""actionWord"":""무상증자""},{""id"":""118419777"",""title"":""(주)알테오젠 투자판단 관련 주요경영사항(ALT-B4 라이선스 계약 파트너사 MSD로부터 판매 마일스톤 수령 예정)"",""author"":""KOSCOM"",""datetimeRaw"":""2026-08-31T06:50:58"",""publishedAt"":""2026-08-31T06:50:58+09:00"",""timezoneAssumed"":""Asia/Seoul(원문에 시간대 표기 없음)"",""corporateAction"":false,""actionWord"":null},{""id"":""120519734"",""title"":""(주)알테오젠 투자판단 관련 주요경영사항(재조합 인간 히알루로니다제 제품 ALT-B4 독점적 옵션·라이선스 계약 체결)"",""author"":""KOSCOM"",""datetimeRaw"":""2026-09-02T06:50:24"",""publishedAt"":""2026-09-02T06:50:24+09:00"",""timezoneAssumed"":""Asia/Seoul(원문에 시간대 표기 없음)"",""corporateAction"":false,""actionWord"":null},{""id"":""136666205"",""title"":""(주)알테오젠 기업설명회(IR) 개최"",""author"":""KOSCOM"",""datetimeRaw"":""2026-09-21T06:50:12"",""publishedAt"":""2026-09-21T06:50:12+09:00"",""timezoneAssumed"":""Asia/Seoul(원문에 시간대 표기 없음)"",""corporateAction"":false,""actionWord"":null}]",,,6,,,,,,
collection-a3c55d8f8b096c1b,collection,2026-09-30,2026-09-29T22:27:33Z,,,"{""contextFile"":""reports/atlas11/context/2026-09-30/2026-09-29T22-27-33Z.json""}",context_disclosures,2026-09-30,기업행위 공시,,,,,false,207940,삼성바이오로직스,,,https://m.stock.naver.com/api/stock/207940/disclosure?pageSize=20&page=1,211372c3d147973525ac378fe538559c8ed665f35bb5d458d399951c4af71b0b,"[{""id"":""1632666"",""title"":""삼성바이오로직스(주) 연결재무제표기준영업(잠정)실적(공정공시)"",""author"":""KOSCOM"",""datetimeRaw"":""2026-04-22T06:51:05"",""publishedAt"":""2026-04-22T06:51:05+09:00"",""timezoneAssumed"":""Asia/Seoul(원문에 시간대 표기 없음)"",""corporateAction"":false,""actionWord"":null},{""id"":""15028321"",""title"":""삼성바이오로직스(주) 지속가능경영보고서 등 관련사항(자율공시)"",""author"":""KOSCOM"",""datetimeRaw"":""2026-06-01T06:52:19"",""publishedAt"":""2026-06-01T06:52:19+09:00"",""timezoneAssumed"":""Asia/Seoul(원문에 시간대 표기 없음)"",""corporateAction"":false,""actionWord"":null},{""id"":""21342290"",""title"":""삼성바이오로직스(주) 주식선물ㆍ주식옵션 2단계 가격제한폭 확대요건 도달(하락)"",""author"":""KOSCOM"",""datetimeRaw"":""2026-06-08T06:51:06"",""publishedAt"":""2026-06-08T06:51:06+09:00"",""timezoneAssumed"":""Asia/Seoul(원문에 시간대 표기 없음)"",""corporateAction"":false,""actionWord"":null},{""id"":""22809510"",""title"":""삼성바이오로직스(주) (정정)단일판매ㆍ공급계약체결"",""author"":""KOSCOM"",""datetimeRaw"":""2026-06-09T06:51:42"",""publishedAt"":""2026-06-09T06:51:42+09:00"",""timezoneAssumed"":""Asia/Seoul(원문에 시간대 표기 없음)"",""corporateAction"":false,""actionWord"":null},{""id"":""33368720"",""title"":""삼성바이오로직스(주) (정정)단일판매ㆍ공급계약체결"",""author"":""KOSCOM"",""datetimeRaw"":""2026-06-17T06:51:01"",""publishedAt"":""2026-06-17T06:51:01+09:00"",""timezoneAssumed"":""Asia/Seoul(원문에 시간대 표기 없음)"",""corporateAction"":false,""actionWord"":null},{""id"":""39062934"",""title"":""삼성바이오로직스(주) (정정)단일판매ㆍ공급계약체결"",""author"":""KOSCOM"",""datetimeRaw"":""2026-06-22T06:52:19"",""publishedAt"":""2026-06-22T06:52:19+09:00"",""timezoneAssumed"":""Asia/Seoul(원문에 시간대 표기 없음)"",""corporateAction"":false,""actionWord"":null},{""id"":""62698932"",""title"":""삼성바이오로직스(주) 결산실적공시 예고(안내공시)"",""author"":""KOSCOM"",""datetimeRaw"":""2026-07-09T06:52:00"",""publishedAt"":""2026-07-09T06:52:00+09:00"",""timezoneAssumed"":""Asia/Seoul(원문에 시간대 표기 없음)"",""corporateAction"":false,""actionWord"":null},{""id"":""72830814"",""title"":""삼성바이오로직스(주) 타법인 주식 및 출자증권 양수결정"",""author"":""KOSCOM"",""datetimeRaw"":""2026-07-20T06:50:01"",""publishedAt"":""2026-07-20T06:50:01+09:00"",""timezoneAssumed"":""Asia/Seoul(원문에 시간대 표기 없음)"",""corporateAction"":false,""actionWord"":null},{""id"":""75911563"",""title"":""삼성바이오로직스(주) 연결재무제표기준영업(잠정)실적(공정공시)"",""author"":""KOSCOM"",""datetimeRaw"":""2026-07-23T06:50:01"",""publishedAt"":""2026-07-23T06:50:01+09:00"",""timezoneAssumed"":""Asia/Seoul(원문에 시간대 표기 없음)"",""corporateAction"":false,""actionWord"":null},{""id"":""78471456"",""title"":""삼성바이오로직스(주) 주식선물ㆍ주식옵션 2단계 가격제한폭 확대요건 도달(상승)"",""author"":""KOSCOM"",""datetimeRaw"":""2026-07-24T06:50:25"",""publishedAt"":""2026-07-24T06:50:25+09:00"",""timezoneAssumed"":""Asia/Seoul(원문에 시간대 표기 없음)"",""corporateAction"":false,""actionWord"":null},{""id"":""116751112"",""title"":""삼성바이오로직스(주) 유상증자결정"",""author"":""KOSCOM"",""datetimeRaw"":""2026-08-28T06:50:02"",""publishedAt"":""2026-08-28T06:50:02+09:00"",""timezoneAssumed"":""Asia/Seoul(원문에 시간대 표기 없음)"",""corporateAction"":true,""actionWord"":""유상증자""},{""id"":""116787097"",""title"":""삼성바이오로직스(주) (정정)타법인 주식 및 출자증권 양수결정"",""author"":""KOSCOM"",""datetimeRaw"":""2026-08-28T06:50:06"",""publishedAt"":""2026-08-28T06:50:06+09:00"",""timezoneAssumed"":""Asia/Seoul(원문에 시간대 표기 없음)"",""corporateAction"":false,""actionWord"":null},{""id"":""117235296"",""title"":""삼성바이오로직스(주) 기업설명회(IR) 개최(안내공시)"",""author"":""KOSCOM"",""datetimeRaw"":""2026-08-28T06:50:47"",""publishedAt"":""2026-08-28T06:50:47+09:00"",""timezoneAssumed"":""Asia/Seoul(원문에 시간대 표기 없음)"",""corporateAction"":false,""actionWord"":null},{""id"":""117502506"",""title"":""삼성바이오로직스(주) 주주명부폐쇄기간 또는 기준일 설정"",""author"":""KOSCOM"",""datetimeRaw"":""2026-08-28T06:52:43"",""publishedAt"":""2026-08-28T06:52:43+09:00"",""timezoneAssumed"":""Asia/Seoul(원문에 시간대 표기 없음)"",""corporateAction"":false,""actionWord"":null},{""id"":""118577000"",""title"":""삼성바이오로직스(주) 타법인 주식 및 출자증권 취득결정(종속회사의 주요경영사항)"",""author"":""KOSCOM"",""datetimeRaw"":""2026-08-31T06:52:13"",""publishedAt"":""2026-08-31T06:52:13+09:00"",""timezoneAssumed"":""Asia/Seoul(원문에 시간대 표기 없음)"",""corporateAction"":false,""actionWord"":null},{""id"":""121848817"",""title"":""삼성바이오로직스(주) (정정)기업설명회(IR) 개최(안내공시)"",""author"":""KOSCOM"",""datetimeRaw"":""2026-09-03T06:50:13"",""publishedAt"":""2026-09-03T06:50:13+09:00"",""timezoneAssumed"":""Asia/Seoul(원문에 시간대 표기 없음)"",""corporateAction"":false,""actionWord"":null},{""id"":""124046510"",""title"":""삼성바이오로직스(주) 주식선물ㆍ옵션투자유의안내(유상증자에 따른 주식선물·옵션 시장조치 예정 안내)"",""author"":""KOSCOM"",""datetimeRaw"":""2026-09-04T06:52:07"",""publishedAt"":""2026-09-04T06:52:07+09:00"",""timezoneAssumed"":""Asia/Seoul(원문에 시간대 표기 없음)"",""corporateAction"":true,""actionWord"":""유상증자""},{""id"":""128005390"",""title"":""삼성바이오로직스(주) (정정)단일판매ㆍ공급계약체결"",""author"":""KOSCOM"",""datetimeRaw"":""2026-09-10T06:51:12"",""publishedAt"":""2026-09-10T06:51:12+09:00"",""timezoneAssumed"":""Asia/Seoul(원문에 시간대 표기 없음)"",""corporateAction"":false,""actionWord"":null},{""id"":""128004228"",""title"":""삼성바이오로직스(주) 단일판매ㆍ공급계약체결"",""author"":""KOSCOM"",""datetimeRaw"":""2026-09-10T06:51:12"",""publishedAt"":""2026-09-10T06:51:12+09:00"",""timezoneAssumed"":""Asia/Seoul(원문에 시간대 표기 없음)"",""corporateAction"":false,""actionWord"":null},{""id"":""138547189"",""title"":""삼성바이오로직스(주) 주식선물ㆍ옵션투자유의안내(유상증자에 따른 주식선물·옵션 시장조치 예정 재안내)"",""author"":""KOSCOM"",""datetimeRaw"":""2026-09-23T16:03:10"",""publishedAt"":""2026-09-23T16:03:10+09:00"",""timezoneAssumed"":""Asia/Seoul(원문에 시간대 표기 없음)"",""corporateAction"":true,""actionWord"":""유상증자""}]",,,3,,,,,,
collection-e3468bd6f7ed0d2e,collection,2026-09-30,2026-09-29T22:27:33Z,,,"{""contextFile"":""reports/atlas11/context/2026-09-30/2026-09-29T22-27-33Z.json""}",context_disclosures,2026-09-30,새 공시,,,,,false,214370,케어젠,,,https://m.stock.naver.com/api/stock/214370/disclosure?pageSize=20&page=1,744acd21920ca2240c2e527793cabdbb061520e5e74b9c3ee72a82618a7f5917,"[{""id"":""28464960"",""title"":""(주)케어젠 중간(분기)배당을위한주주명부폐쇄(기준일)결정"",""author"":""KOSCOM"",""datetimeRaw"":""2026-06-12T06:50:46"",""publishedAt"":""2026-06-12T06:50:46+09:00"",""timezoneAssumed"":""Asia/Seoul(원문에 시간대 표기 없음)"",""corporateAction"":false,""actionWord"":null},{""id"":""33413142"",""title"":""(주)케어젠 불성실공시법인지정예고(공시번복 1건, 공시변경 1건)"",""author"":""KOSCOM"",""datetimeRaw"":""2026-06-17T06:51:27"",""publishedAt"":""2026-06-17T06:51:27+09:00"",""timezoneAssumed"":""Asia/Seoul(원문에 시간대 표기 없음)"",""corporateAction"":false,""actionWord"":null},{""id"":""34894957"",""title"":""(주)케어젠 주식선물 2단계 가격제한폭 확대요건 도달(하락)"",""author"":""KOSCOM"",""datetimeRaw"":""2026-06-18T06:50:30"",""publishedAt"":""2026-06-18T06:50:30+09:00"",""timezoneAssumed"":""Asia/Seoul(원문에 시간대 표기 없음)"",""corporateAction"":false,""actionWord"":null},{""id"":""47672522"",""title"":""(주)케어젠 주식선물 2단계 가격제한폭 확대요건 도달(상승)"",""author"":""KOSCOM"",""datetimeRaw"":""2026-06-29T06:50:58"",""publishedAt"":""2026-06-29T06:50:58+09:00"",""timezoneAssumed"":""Asia/Seoul(원문에 시간대 표기 없음)"",""corporateAction"":false,""actionWord"":null},{""id"":""48229110"",""title"":""(주)케어젠 불성실공시법인지정(공시번복 1건, 공시변경 1건)"",""author"":""KOSCOM"",""datetimeRaw"":""2026-06-29T06:53:29"",""publishedAt"":""2026-06-29T06:53:29+09:00"",""timezoneAssumed"":""Asia/Seoul(원문에 시간대 표기 없음)"",""corporateAction"":false,""actionWord"":null},{""id"":""51617509"",""title"":""(주)케어젠 주식선물 2단계 가격제한폭 확대요건 도달(상승)"",""author"":""KOSCOM"",""datetimeRaw"":""2026-07-01T06:50:57"",""publishedAt"":""2026-07-01T06:50:57+09:00"",""timezoneAssumed"":""Asia/Seoul(원문에 시간대 표기 없음)"",""corporateAction"":false,""actionWord"":null},{""id"":""56612382"",""title"":""(주)케어젠 현금ㆍ현물배당 결정(중간배당)"",""author"":""KOSCOM"",""datetimeRaw"":""2026-07-03T06:50:41"",""publishedAt"":""2026-07-03T06:50:41+09:00"",""timezoneAssumed"":""Asia/Seoul(원문에 시간대 표기 없음)"",""corporateAction"":false,""actionWord"":null},{""id"":""59342151"",""title"":""(주)케어젠 주식선물 2단계 가격제한폭 확대요건 도달(상승)"",""author"":""KOSCOM"",""datetimeRaw"":""2026-07-07T06:50:22"",""publishedAt"":""2026-07-07T06:50:22+09:00"",""timezoneAssumed"":""Asia/Seoul(원문에 시간대 표기 없음)"",""corporateAction"":false,""actionWord"":null},{""id"":""60505186"",""title"":""(주)케어젠 주식선물 2단계 가격제한폭 확대요건 도달(하락)"",""author"":""KOSCOM"",""datetimeRaw"":""2026-07-08T06:50:40"",""publishedAt"":""2026-07-08T06:50:40+09:00"",""timezoneAssumed"":""Asia/Seoul(원문에 시간대 표기 없음)"",""corporateAction"":false,""actionWord"":null},{""id"":""60772193"",""title"":""(주)케어젠 주식선물 2단계 가격제한폭 확대요건 도달(상승)"",""author"":""KOSCOM"",""datetimeRaw"":""2026-07-08T06:51:14"",""publishedAt"":""2026-07-08T06:51:14+09:00"",""timezoneAssumed"":""Asia/Seoul(원문에 시간대 표기 없음)"",""corporateAction"":false,""actionWord"":null},{""id"":""65682606"",""title"":""(주)케어젠 주식선물 2단계 가격제한폭 확대요건 도달(상승)"",""author"":""KOSCOM"",""datetimeRaw"":""2026-07-13T06:50:23"",""publishedAt"":""2026-07-13T06:50:23+09:00"",""timezoneAssumed"":""Asia/Seoul(원문에 시간대 표기 없음)"",""corporateAction"":false,""actionWord"":null},{""id"":""70458870"",""title"":""(주)케어젠 공매도 과열종목 지정(공매도 거래 금지 적용)"",""author"":""KOSCOM"",""datetimeRaw"":""2026-07-16T20:00:31"",""publishedAt"":""2026-07-16T20:00:31+09:00"",""timezoneAssumed"":""Asia/Seoul(원문에 시간대 표기 없음)"",""corporateAction"":false,""actionWord"":null},{""id"":""73305123"",""title"":""(주)케어젠 주식선물 2단계 가격제한폭 확대요건 도달(하락)"",""author"":""KOSCOM"",""datetimeRaw"":""2026-07-21T06:50:21"",""publishedAt"":""2026-07-21T06:50:21+09:00"",""timezoneAssumed"":""Asia/Seoul(원문에 시간대 표기 없음)"",""corporateAction"":false,""actionWord"":null},{""id"":""81020306"",""title"":""(주)케어젠 주식선물 2단계 가격제한폭 확대요건 도달(하락)"",""author"":""KOSCOM"",""datetimeRaw"":""2026-07-28T06:51:36"",""publishedAt"":""2026-07-28T06:51:36+09:00"",""timezoneAssumed"":""Asia/Seoul(원문에 시간대 표기 없음)"",""corporateAction"":false,""actionWord"":null},{""id"":""82313412"",""title"":""(주)케어젠 주식선물 2단계 가격제한폭 확대요건 도달(하락)"",""author"":""KOSCOM"",""datetimeRaw"":""2026-07-29T06:51:20"",""publishedAt"":""2026-07-29T06:51:20+09:00"",""timezoneAssumed"":""Asia/Seoul(원문에 시간대 표기 없음)"",""corporateAction"":false,""actionWord"":null},{""id"":""87737533"",""title"":""(주)케어젠 주식선물 2단계 가격제한폭 확대요건 도달(상승)"",""author"":""KOSCOM"",""datetimeRaw"":""2026-07-31T06:50:50"",""publishedAt"":""2026-07-31T06:50:50+09:00"",""timezoneAssumed"":""Asia/Seoul(원문에 시간대 표기 없음)"",""corporateAction"":false,""actionWord"":null},{""id"":""90268010"",""title"":""(주)케어젠 주식선물 2단계 가격제한폭 확대요건 도달(상승)"",""author"":""KOSCOM"",""datetimeRaw"":""2026-08-03T06:51:22"",""publishedAt"":""2026-08-03T06:51:22+09:00"",""timezoneAssumed"":""Asia/Seoul(원문에 시간대 표기 없음)"",""corporateAction"":false,""actionWord"":null},{""id"":""91431384"",""title"":""(주)케어젠 주식선물 2단계 가격제한폭 확대요건 도달(상승)"",""author"":""KOSCOM"",""datetimeRaw"":""2026-08-04T06:50:24"",""publishedAt"":""2026-08-04T06:50:24+09:00"",""timezoneAssumed"":""Asia/Seoul(원문에 시간대 표기 없음)"",""corporateAction"":false,""actionWord"":null},{""id"":""99946428"",""title"":""(주)케어젠 주식선물 2단계 가격제한폭 확대요건 도달(하락)"",""author"":""KOSCOM"",""datetimeRaw"":""2026-08-11T06:50:29"",""publishedAt"":""2026-08-11T06:50:29+09:00"",""timezoneAssumed"":""Asia/Seoul(원문에 시간대 표기 없음)"",""corporateAction"":false,""actionWord"":null},{""id"":""107528211"",""title"":""(주)케어젠 주식선물 2단계 가격제한폭 확대요건 도달(하락)"",""author"":""KOSCOM"",""datetimeRaw"":""2026-08-18T06:50:11"",""publishedAt"":""2026-08-18T06:50:11+09:00"",""timezoneAssumed"":""Asia/Seoul(원문에 시간대 표기 없음)"",""corporateAction"":false,""actionWord"":null}]",,,0,,,,,,
collection-3cde1f73efae4914,collection,2026-09-30,2026-09-29T22:27:33Z,,,"{""contextFile"":""reports/atlas11/context/2026-09-30/2026-09-29T22-27-33Z.json""}",context_disclosures,2026-09-30,기업행위 공시,,,,,false,226950,올릭스,,,https://m.stock.naver.com/api/stock/226950/disclosure?pageSize=20&page=1,bcdc73c79f560b142a9d6e91512afa4e4b13053a22570a5998efdd3027b27481,"[{""id"":""30459371"",""title"":""올릭스 주식회사 기업설명회(IR) 개최"",""author"":""KOSCOM"",""datetimeRaw"":""2026-06-15T06:50:54"",""publishedAt"":""2026-06-15T06:50:54+09:00"",""timezoneAssumed"":""Asia/Seoul(원문에 시간대 표기 없음)"",""corporateAction"":false,""actionWord"":null},{""id"":""48166198"",""title"":""올릭스 주식회사 (정정)유상증자결정(제3자배정)"",""author"":""KOSCOM"",""datetimeRaw"":""2026-06-29T06:52:55"",""publishedAt"":""2026-06-29T06:52:55+09:00"",""timezoneAssumed"":""Asia/Seoul(원문에 시간대 표기 없음)"",""corporateAction"":true,""actionWord"":""유상증자""},{""id"":""48170125"",""title"":""올릭스 주식회사 증권 발행결과(자율공시)"",""author"":""KOSCOM"",""datetimeRaw"":""2026-06-29T06:52:57"",""publishedAt"":""2026-06-29T06:52:57+09:00"",""timezoneAssumed"":""Asia/Seoul(원문에 시간대 표기 없음)"",""corporateAction"":false,""actionWord"":null},{""id"":""48189889"",""title"":""올릭스 주식회사 유상증자결정(제3자배정)"",""author"":""KOSCOM"",""datetimeRaw"":""2026-06-29T06:53:03"",""publishedAt"":""2026-06-29T06:53:03+09:00"",""timezoneAssumed"":""Asia/Seoul(원문에 시간대 표기 없음)"",""corporateAction"":true,""actionWord"":""유상증자""},{""id"":""60693973"",""title"":""올릭스 주식회사 (정정)유상증자결정(제3자배정)"",""author"":""KOSCOM"",""datetimeRaw"":""2026-07-08T06:51:02"",""publishedAt"":""2026-07-08T06:51:02+09:00"",""timezoneAssumed"":""Asia/Seoul(원문에 시간대 표기 없음)"",""corporateAction"":true,""actionWord"":""유상증자""},{""id"":""60698147"",""title"":""올릭스 주식회사 증권 발행결과(자율공시)"",""author"":""KOSCOM"",""datetimeRaw"":""2026-07-08T06:51:04"",""publishedAt"":""2026-07-08T06:51:04+09:00"",""timezoneAssumed"":""Asia/Seoul(원문에 시간대 표기 없음)"",""corporateAction"":false,""actionWord"":null},{""id"":""66885170"",""title"":""올릭스 주식회사 추가상장(유상증자(제3자배정))"",""author"":""KOSCOM"",""datetimeRaw"":""2026-07-14T06:51:37"",""publishedAt"":""2026-07-14T06:51:37+09:00"",""timezoneAssumed"":""Asia/Seoul(원문에 시간대 표기 없음)"",""corporateAction"":true,""actionWord"":""유상증자""},{""id"":""68143092"",""title"":""올릭스 주식회사 주주총회소집결의(임시주주총회)"",""author"":""KOSCOM"",""datetimeRaw"":""2026-07-15T06:51:19"",""publishedAt"":""2026-07-15T06:51:19+09:00"",""timezoneAssumed"":""Asia/Seoul(원문에 시간대 표기 없음)"",""corporateAction"":false,""actionWord"":null},{""id"":""76750819"",""title"":""올릭스 주식회사 추가상장(유상증자(제3자배정))"",""author"":""KOSCOM"",""datetimeRaw"":""2026-07-23T06:52:45"",""publishedAt"":""2026-07-23T06:52:45+09:00"",""timezoneAssumed"":""Asia/Seoul(원문에 시간대 표기 없음)"",""corporateAction"":true,""actionWord"":""유상증자""},{""id"":""85124700"",""title"":""올릭스 주식회사 임시주주총회결과"",""author"":""KOSCOM"",""datetimeRaw"":""2026-07-30T06:51:40"",""publishedAt"":""2026-07-30T06:51:40+09:00"",""timezoneAssumed"":""Asia/Seoul(원문에 시간대 표기 없음)"",""corporateAction"":false,""actionWord"":null},{""id"":""91721660"",""title"":""올릭스 주식회사 (정정)투자판단 관련 주요경영사항(중추신경계 전달체 기술평가 및 기술도입 옵션 계약 체결)"",""author"":""KOSCOM"",""datetimeRaw"":""2026-08-04T06:53:13"",""publishedAt"":""2026-08-04T06:53:13+09:00"",""timezoneAssumed"":""Asia/Seoul(원문에 시간대 표기 없음)"",""corporateAction"":false,""actionWord"":null},{""id"":""110736238"",""title"":""올릭스 주식회사 투자판단 관련 주요경영사항(Hansoh와의 공동연구 및 염기서열 이전 계약 체결)"",""author"":""KOSCOM"",""datetimeRaw"":""2026-08-21T06:50:45"",""publishedAt"":""2026-08-21T06:50:45+09:00"",""timezoneAssumed"":""Asia/Seoul(원문에 시간대 표기 없음)"",""corporateAction"":false,""actionWord"":null},{""id"":""118594302"",""title"":""올릭스 주식회사 전환주식의 전환청구권 행사(전환우선주)"",""author"":""KOSCOM"",""datetimeRaw"":""2026-08-31T06:52:32"",""publishedAt"":""2026-08-31T06:52:32+09:00"",""timezoneAssumed"":""Asia/Seoul(원문에 시간대 표기 없음)"",""corporateAction"":false,""actionWord"":null},{""id"":""119491855"",""title"":""올릭스 주식회사 전환주식의 전환청구권 행사(전환우선주)"",""author"":""KOSCOM"",""datetimeRaw"":""2026-09-01T06:52:20"",""publishedAt"":""2026-09-01T06:52:20+09:00"",""timezoneAssumed"":""Asia/Seoul(원문에 시간대 표기 없음)"",""corporateAction"":false,""actionWord"":null},{""id"":""125533266"",""title"":""올릭스 주식회사 (정정)투자판단 관련 주요경영사항(임상시험 계획 승인신청)(안드로겐성 탈모가 있는 건강한 남성을 대상으로 OLX72021의 안전성과 유효성을 평가하기 위한 다기관, 무작위 배정, 이중 눈가림, 위약 대조, 다중 상승 용량 제1b/2a상 임상시험 계획 승인신청)"",""author"":""KOSCOM"",""datetimeRaw"":""2026-09-08T06:50:45"",""publishedAt"":""2026-09-08T06:50:45+09:00"",""timezoneAssumed"":""Asia/Seoul(원문에 시간대 표기 없음)"",""corporateAction"":false,""actionWord"":null},{""id"":""128055996"",""title"":""올릭스 주식회사 추가상장(우선주의 보통주전환)"",""author"":""KOSCOM"",""datetimeRaw"":""2026-09-10T06:51:35"",""publishedAt"":""2026-09-10T06:51:35+09:00"",""timezoneAssumed"":""Asia/Seoul(원문에 시간대 표기 없음)"",""corporateAction"":false,""actionWord"":null},{""id"":""128054790"",""title"":""올릭스 주식회사 추가상장(주식매수선택권행사)"",""author"":""KOSCOM"",""datetimeRaw"":""2026-09-10T06:51:35"",""publishedAt"":""2026-09-10T06:51:35+09:00"",""timezoneAssumed"":""Asia/Seoul(원문에 시간대 표기 없음)"",""corporateAction"":false,""actionWord"":null},{""id"":""130487956"",""title"":""올릭스 주식회사 주식선물 2단계 가격제한폭 확대요건 도달(하락)"",""author"":""KOSCOM"",""datetimeRaw"":""2026-09-14T06:50:12"",""publishedAt"":""2026-09-14T06:50:12+09:00"",""timezoneAssumed"":""Asia/Seoul(원문에 시간대 표기 없음)"",""corporateAction"":false,""actionWord"":null},{""id"":""131241425"",""title"":""올릭스 주식회사 주식선물 2단계 가격제한폭 확대요건 도달(상승)"",""author"":""KOSCOM"",""datetimeRaw"":""2026-09-15T06:50:43"",""publishedAt"":""2026-09-15T06:50:43+09:00"",""timezoneAssumed"":""Asia/Seoul(원문에 시간대 표기 없음)"",""corporateAction"":false,""actionWord"":null},{""id"":""132651105"",""title"":""올릭스 주식회사 투자판단 관련 주요경영사항(임상시험 계획 승인신청)"",""author"":""KOSCOM"",""datetimeRaw"":""2026-09-16T06:51:52"",""publishedAt"":""2026-09-16T06:51:52+09:00"",""timezoneAssumed"":""Asia/Seoul(원문에 시간대 표기 없음)"",""corporateAction"":false,""actionWord"":null}]",,,5,,,,,,
collection-a3fb319022d37450,collection,2026-09-30,2026-09-29T22:27:33Z,,,"{""contextFile"":""reports/atlas11/context/2026-09-30/2026-09-29T22-27-33Z.json""}",context_disclosures,2026-09-30,기업행위 공시,,,,,false,257720,실리콘투,,,https://m.stock.naver.com/api/stock/257720/disclosure?pageSize=20&page=1,f21a0348c54f00c35789a803b7933121a4e9a2ced4ec0f197419cd59355566e0,"[{""id"":""38668345"",""title"":""주식회사 실리콘투 주식선물 2단계 가격제한폭 확대요건 도달(상승)"",""author"":""KOSCOM"",""datetimeRaw"":""2026-06-22T06:50:43"",""publishedAt"":""2026-06-22T06:50:43+09:00"",""timezoneAssumed"":""Asia/Seoul(원문에 시간대 표기 없음)"",""corporateAction"":false,""actionWord"":null},{""id"":""51315265"",""title"":""주식회사 실리콘투 주식선물 2단계 가격제한폭 확대요건 도달(상승)"",""author"":""KOSCOM"",""datetimeRaw"":""2026-07-01T06:50:44"",""publishedAt"":""2026-07-01T06:50:44+09:00"",""timezoneAssumed"":""Asia/Seoul(원문에 시간대 표기 없음)"",""corporateAction"":false,""actionWord"":null},{""id"":""54728249"",""title"":""주식회사 실리콘투 (정정)금전대여결정(대여기간 연장)"",""author"":""KOSCOM"",""datetimeRaw"":""2026-07-02T06:51:43"",""publishedAt"":""2026-07-02T06:51:43+09:00"",""timezoneAssumed"":""Asia/Seoul(원문에 시간대 표기 없음)"",""corporateAction"":false,""actionWord"":null},{""id"":""80017311"",""title"":""주식회사 실리콘투 주식선물 2단계 가격제한폭 확대요건 도달(상승)"",""author"":""KOSCOM"",""datetimeRaw"":""2026-07-27T06:50:34"",""publishedAt"":""2026-07-27T06:50:34+09:00"",""timezoneAssumed"":""Asia/Seoul(원문에 시간대 표기 없음)"",""corporateAction"":false,""actionWord"":null},{""id"":""91442635"",""title"":""주식회사 실리콘투 주식선물 2단계 가격제한폭 확대요건 도달(상승)"",""author"":""KOSCOM"",""datetimeRaw"":""2026-08-04T06:50:24"",""publishedAt"":""2026-08-04T06:50:24+09:00"",""timezoneAssumed"":""Asia/Seoul(원문에 시간대 표기 없음)"",""corporateAction"":false,""actionWord"":null},{""id"":""99301447"",""title"":""주식회사 실리콘투 결산실적공시 예고"",""author"":""KOSCOM"",""datetimeRaw"":""2026-08-10T06:51:22"",""publishedAt"":""2026-08-10T06:51:22+09:00"",""timezoneAssumed"":""Asia/Seoul(원문에 시간대 표기 없음)"",""corporateAction"":false,""actionWord"":null},{""id"":""100064639"",""title"":""주식회사 실리콘투 기업설명회(IR) 개최"",""author"":""KOSCOM"",""datetimeRaw"":""2026-08-11T06:52:15"",""publishedAt"":""2026-08-11T06:52:15+09:00"",""timezoneAssumed"":""Asia/Seoul(원문에 시간대 표기 없음)"",""corporateAction"":false,""actionWord"":null},{""id"":""100904958"",""title"":""주식회사 실리콘투 주식선물 2단계 가격제한폭 확대요건 도달(상승)"",""author"":""KOSCOM"",""datetimeRaw"":""2026-08-12T06:50:28"",""publishedAt"":""2026-08-12T06:50:28+09:00"",""timezoneAssumed"":""Asia/Seoul(원문에 시간대 표기 없음)"",""corporateAction"":false,""actionWord"":null},{""id"":""100963398"",""title"":""주식회사 실리콘투 연결재무제표 기준 영업(잠정)실적(공정공시)"",""author"":""KOSCOM"",""datetimeRaw"":""2026-08-12T06:50:31"",""publishedAt"":""2026-08-12T06:50:31+09:00"",""timezoneAssumed"":""Asia/Seoul(원문에 시간대 표기 없음)"",""corporateAction"":false,""actionWord"":null},{""id"":""103168597"",""title"":""주식회사 실리콘투 주식선물 2단계 가격제한폭 확대요건 도달(하락)"",""author"":""KOSCOM"",""datetimeRaw"":""2026-08-13T06:50:58"",""publishedAt"":""2026-08-13T06:50:58+09:00"",""timezoneAssumed"":""Asia/Seoul(원문에 시간대 표기 없음)"",""corporateAction"":false,""actionWord"":null},{""id"":""105595633"",""title"":""주식회사 실리콘투 기업설명회(IR) 개최"",""author"":""KOSCOM"",""datetimeRaw"":""2026-08-14T14:58:11"",""publishedAt"":""2026-08-14T14:58:11+09:00"",""timezoneAssumed"":""Asia/Seoul(원문에 시간대 표기 없음)"",""corporateAction"":false,""actionWord"":null},{""id"":""107551373"",""title"":""주식회사 실리콘투 주주총회소집결의(임시주주총회)"",""author"":""KOSCOM"",""datetimeRaw"":""2026-08-18T06:50:29"",""publishedAt"":""2026-08-18T06:50:29+09:00"",""timezoneAssumed"":""Asia/Seoul(원문에 시간대 표기 없음)"",""corporateAction"":false,""actionWord"":null},{""id"":""107551580"",""title"":""주식회사 실리콘투 유상증자결정(제3자배정-상환전환주식)"",""author"":""KOSCOM"",""datetimeRaw"":""2026-08-18T06:50:30"",""publishedAt"":""2026-08-18T06:50:30+09:00"",""timezoneAssumed"":""Asia/Seoul(원문에 시간대 표기 없음)"",""corporateAction"":true,""actionWord"":""유상증자""},{""id"":""107552413"",""title"":""주식회사 실리콘투 주주명부폐쇄기간 또는 기준일 설정"",""author"":""KOSCOM"",""datetimeRaw"":""2026-08-18T06:50:32"",""publishedAt"":""2026-08-18T06:50:32+09:00"",""timezoneAssumed"":""Asia/Seoul(원문에 시간대 표기 없음)"",""corporateAction"":false,""actionWord"":null},{""id"":""107553044"",""title"":""주식회사 실리콘투 주식선물 2단계 가격제한폭 확대요건 도달(상승)"",""author"":""KOSCOM"",""datetimeRaw"":""2026-08-18T06:50:33"",""publishedAt"":""2026-08-18T06:50:33+09:00"",""timezoneAssumed"":""Asia/Seoul(원문에 시간대 표기 없음)"",""corporateAction"":false,""actionWord"":null},{""id"":""108276271"",""title"":""주식회사 실리콘투 공매도 과열종목 지정(공매도 거래 금지 적용)"",""author"":""KOSCOM"",""datetimeRaw"":""2026-08-19T06:53:04"",""publishedAt"":""2026-08-19T06:53:04+09:00"",""timezoneAssumed"":""Asia/Seoul(원문에 시간대 표기 없음)"",""corporateAction"":false,""actionWord"":null},{""id"":""124741818"",""title"":""주식회사 실리콘투 주식선물 2단계 가격제한폭 확대요건 도달(하락)"",""author"":""KOSCOM"",""datetimeRaw"":""2026-09-07T06:50:12"",""publishedAt"":""2026-09-07T06:50:12+09:00"",""timezoneAssumed"":""Asia/Seoul(원문에 시간대 표기 없음)"",""corporateAction"":false,""actionWord"":null},{""id"":""125553738"",""title"":""주식회사 실리콘투 기업설명회(IR) 개최"",""author"":""KOSCOM"",""datetimeRaw"":""2026-09-08T06:50:54"",""publishedAt"":""2026-09-08T06:50:54+09:00"",""timezoneAssumed"":""Asia/Seoul(원문에 시간대 표기 없음)"",""corporateAction"":false,""actionWord"":null},{""id"":""126564809"",""title"":""주식회사 실리콘투 유형자산취득결정(자율공시)"",""author"":""KOSCOM"",""datetimeRaw"":""2026-09-09T06:51:25"",""publishedAt"":""2026-09-09T06:51:25+09:00"",""timezoneAssumed"":""Asia/Seoul(원문에 시간대 표기 없음)"",""corporateAction"":false,""actionWord"":null},{""id"":""131336243"",""title"":""주식회사 실리콘투 증권 발행결과(자율공시)(제3자배정-상환전환주식)"",""author"":""KOSCOM"",""datetimeRaw"":""2026-09-15T06:50:52"",""publishedAt"":""2026-09-15T06:50:52+09:00"",""timezoneAssumed"":""Asia/Seoul(원문에 시간대 표기 없음)"",""corporateAction"":false,""actionWord"":null}]",,,1,,,,,,
collection-dfbdc2a2936db503,collection,2026-09-30,2026-09-29T22:27:33Z,,,"{""contextFile"":""reports/atlas11/context/2026-09-30/2026-09-29T22-27-33Z.json""}",context_disclosures,2026-09-30,기업행위 공시,,,,,false,259960,크래프톤,,,https://m.stock.naver.com/api/stock/259960/disclosure?pageSize=20&page=1,d2a206ee0eba58f4961a32d50fdd360fbc327e33610d3bcc1fa5dbfde4f7e1d3,"[{""id"":""1636468"",""title"":""주식회사 크래프톤 기업가치 제고 계획(자율공시)(2026년)"",""author"":""KOSCOM"",""datetimeRaw"":""2026-04-30T15:17:22"",""publishedAt"":""2026-04-30T15:17:22+09:00"",""timezoneAssumed"":""Asia/Seoul(원문에 시간대 표기 없음)"",""corporateAction"":false,""actionWord"":null},{""id"":""1637403"",""title"":""주식회사 크래프톤 주식선물ㆍ주식옵션 2단계 가격제한폭 확대요건 도달(상승)"",""author"":""KOSCOM"",""datetimeRaw"":""2026-05-04T06:50:32"",""publishedAt"":""2026-05-04T06:50:32+09:00"",""timezoneAssumed"":""Asia/Seoul(원문에 시간대 표기 없음)"",""corporateAction"":false,""actionWord"":null},{""id"":""1640847"",""title"":""주식회사 크래프톤 변경상장(주식소각)"",""author"":""KOSCOM"",""datetimeRaw"":""2026-05-13T06:52:37"",""publishedAt"":""2026-05-13T06:52:37+09:00"",""timezoneAssumed"":""Asia/Seoul(원문에 시간대 표기 없음)"",""corporateAction"":true,""actionWord"":""소각""},{""id"":""7212623"",""title"":""주식회사 크래프톤 추가상장(주식매수선택권 행사)"",""author"":""KOSCOM"",""datetimeRaw"":""2026-05-22T16:38:47"",""publishedAt"":""2026-05-22T16:38:47+09:00"",""timezoneAssumed"":""Asia/Seoul(원문에 시간대 표기 없음)"",""corporateAction"":false,""actionWord"":null},{""id"":""39055128"",""title"":""주식회사 크래프톤 추가상장(주식매수선택권 행사)"",""author"":""KOSCOM"",""datetimeRaw"":""2026-06-22T06:52:17"",""publishedAt"":""2026-06-22T06:52:17+09:00"",""timezoneAssumed"":""Asia/Seoul(원문에 시간대 표기 없음)"",""corporateAction"":false,""actionWord"":null},{""id"":""48103587"",""title"":""주식회사 크래프톤 지속가능경영보고서 등 관련사항(자율공시)"",""author"":""KOSCOM"",""datetimeRaw"":""2026-06-29T06:52:20"",""publishedAt"":""2026-06-29T06:52:20+09:00"",""timezoneAssumed"":""Asia/Seoul(원문에 시간대 표기 없음)"",""corporateAction"":false,""actionWord"":null},{""id"":""49590487"",""title"":""주식회사 크래프톤 (정정)타법인주식및출자증권취득결정"",""author"":""KOSCOM"",""datetimeRaw"":""2026-06-30T06:52:20"",""publishedAt"":""2026-06-30T06:52:20+09:00"",""timezoneAssumed"":""Asia/Seoul(원문에 시간대 표기 없음)"",""corporateAction"":false,""actionWord"":null},{""id"":""49603542"",""title"":""주식회사 크래프톤 기업설명회(IR) 개최(안내공시)"",""author"":""KOSCOM"",""datetimeRaw"":""2026-06-30T06:52:38"",""publishedAt"":""2026-06-30T06:52:38+09:00"",""timezoneAssumed"":""Asia/Seoul(원문에 시간대 표기 없음)"",""corporateAction"":false,""actionWord"":null},{""id"":""51289223"",""title"":""주식회사 크래프톤 소송등의판결ㆍ결정(일정금액 이상의 청구)"",""author"":""KOSCOM"",""datetimeRaw"":""2026-07-01T06:50:43"",""publishedAt"":""2026-07-01T06:50:43+09:00"",""timezoneAssumed"":""Asia/Seoul(원문에 시간대 표기 없음)"",""corporateAction"":false,""actionWord"":null},{""id"":""52163478"",""title"":""주식회사 크래프톤 [투자주의]특정계좌(군) 매매관여 과다종목"",""author"":""KOSCOM"",""datetimeRaw"":""2026-07-01T06:54:13"",""publishedAt"":""2026-07-01T06:54:13+09:00"",""timezoneAssumed"":""Asia/Seoul(원문에 시간대 표기 없음)"",""corporateAction"":false,""actionWord"":null},{""id"":""60829507"",""title"":""주식회사 크래프톤 결산실적공시 예고(안내공시)"",""author"":""KOSCOM"",""datetimeRaw"":""2026-07-08T06:51:30"",""publishedAt"":""2026-07-08T06:51:30+09:00"",""timezoneAssumed"":""Asia/Seoul(원문에 시간대 표기 없음)"",""corporateAction"":false,""actionWord"":null},{""id"":""60837185"",""title"":""주식회사 크래프톤 기업설명회(IR) 개최(안내공시)"",""author"":""KOSCOM"",""datetimeRaw"":""2026-07-08T06:51:31"",""publishedAt"":""2026-07-08T06:51:31+09:00"",""timezoneAssumed"":""Asia/Seoul(원문에 시간대 표기 없음)"",""corporateAction"":false,""actionWord"":null},{""id"":""73346070"",""title"":""주식회사 크래프톤 주식선물ㆍ주식옵션 2단계 가격제한폭 확대요건 도달(상승)"",""author"":""KOSCOM"",""datetimeRaw"":""2026-07-21T06:50:26"",""publishedAt"":""2026-07-21T06:50:26+09:00"",""timezoneAssumed"":""Asia/Seoul(원문에 시간대 표기 없음)"",""corporateAction"":false,""actionWord"":null},{""id"":""82484929"",""title"":""주식회사 크래프톤 연결재무제표기준영업(잠정)실적(공정공시)"",""author"":""KOSCOM"",""datetimeRaw"":""2026-07-29T06:52:16"",""publishedAt"":""2026-07-29T06:52:16+09:00"",""timezoneAssumed"":""Asia/Seoul(원문에 시간대 표기 없음)"",""corporateAction"":false,""actionWord"":null},{""id"":""82491574"",""title"":""주식회사 크래프톤 주식 소각 결정"",""author"":""KOSCOM"",""datetimeRaw"":""2026-07-29T06:52:18"",""publishedAt"":""2026-07-29T06:52:18+09:00"",""timezoneAssumed"":""Asia/Seoul(원문에 시간대 표기 없음)"",""corporateAction"":true,""actionWord"":""소각""},{""id"":""82507630"",""title"":""주식회사 크래프톤 자기주식 취득 결정"",""author"":""KOSCOM"",""datetimeRaw"":""2026-07-29T06:52:24"",""publishedAt"":""2026-07-29T06:52:24+09:00"",""timezoneAssumed"":""Asia/Seoul(원문에 시간대 표기 없음)"",""corporateAction"":true,""actionWord"":""자기주식""},{""id"":""109257113"",""title"":""주식회사 크래프톤 변경상장(주식소각)"",""author"":""KOSCOM"",""datetimeRaw"":""2026-08-20T06:51:22"",""publishedAt"":""2026-08-20T06:51:22+09:00"",""timezoneAssumed"":""Asia/Seoul(원문에 시간대 표기 없음)"",""corporateAction"":true,""actionWord"":""소각""},{""id"":""112081525"",""title"":""주식회사 크래프톤 추가상장(주식매수선택권 행사)"",""author"":""KOSCOM"",""datetimeRaw"":""2026-08-24T06:51:17"",""publishedAt"":""2026-08-24T06:51:17+09:00"",""timezoneAssumed"":""Asia/Seoul(원문에 시간대 표기 없음)"",""corporateAction"":false,""actionWord"":null},{""id"":""118552271"",""title"":""주식회사 크래프톤 기업설명회(IR) 개최(안내공시)"",""author"":""KOSCOM"",""datetimeRaw"":""2026-08-31T06:51:42"",""publishedAt"":""2026-08-31T06:51:42+09:00"",""timezoneAssumed"":""Asia/Seoul(원문에 시간대 표기 없음)"",""corporateAction"":false,""actionWord"":null},{""id"":""135829136"",""title"":""주식회사 크래프톤 추가상장(주식매수선택권 행사)"",""author"":""KOSCOM"",""datetimeRaw"":""2026-09-18T06:51:31"",""publishedAt"":""2026-09-18T06:51:31+09:00"",""timezoneAssumed"":""Asia/Seoul(원문에 시간대 표기 없음)"",""corporateAction"":false,""actionWord"":null}]",,,4,,,,,,
collection-0822cc99abf5320c,collection,2026-09-30,2026-09-29T22:27:33Z,,,"{""contextFile"":""reports/atlas11/context/2026-09-30/2026-09-29T22-27-33Z.json""}",context_disclosures,2026-09-30,기업행위 공시,,,,,false,278470,에이피알,,,https://m.stock.naver.com/api/stock/278470/disclosure?pageSize=20&page=1,0d03ced7b966766c88f6e960d07a6cd425f855474068832a286bdcbd5a178be2,"[{""id"":""1634059"",""title"":""(주)에이피알 기업설명회(IR) 개최(안내공시)"",""author"":""KOSCOM"",""datetimeRaw"":""2026-04-27T06:50:46"",""publishedAt"":""2026-04-27T06:50:46+09:00"",""timezoneAssumed"":""Asia/Seoul(원문에 시간대 표기 없음)"",""corporateAction"":false,""actionWord"":null},{""id"":""1638552"",""title"":""(주)에이피알 연결재무제표기준영업(잠정)실적(공정공시)"",""author"":""KOSCOM"",""datetimeRaw"":""2026-05-07T06:50:33"",""publishedAt"":""2026-05-07T06:50:33+09:00"",""timezoneAssumed"":""Asia/Seoul(원문에 시간대 표기 없음)"",""corporateAction"":false,""actionWord"":null},{""id"":""1639114"",""title"":""(주)에이피알 주식선물 2단계 가격제한폭 확대요건 도달(상승)"",""author"":""KOSCOM"",""datetimeRaw"":""2026-05-08T06:50:43"",""publishedAt"":""2026-05-08T06:50:43+09:00"",""timezoneAssumed"":""Asia/Seoul(원문에 시간대 표기 없음)"",""corporateAction"":false,""actionWord"":null},{""id"":""14942595"",""title"":""(주)에이피알 기업설명회(IR) 개최(안내공시)"",""author"":""KOSCOM"",""datetimeRaw"":""2026-06-01T06:51:26"",""publishedAt"":""2026-06-01T06:51:26+09:00"",""timezoneAssumed"":""Asia/Seoul(원문에 시간대 표기 없음)"",""corporateAction"":false,""actionWord"":null},{""id"":""21333394"",""title"":""(주)에이피알 주식선물 2단계 가격제한폭 확대요건 도달(하락)"",""author"":""KOSCOM"",""datetimeRaw"":""2026-06-08T06:50:56"",""publishedAt"":""2026-06-08T06:50:56+09:00"",""timezoneAssumed"":""Asia/Seoul(원문에 시간대 표기 없음)"",""corporateAction"":false,""actionWord"":null},{""id"":""21592171"",""title"":""(주)에이피알 주식선물 2단계 가격제한폭 확대요건 도달(상승)"",""author"":""KOSCOM"",""datetimeRaw"":""2026-06-08T06:51:40"",""publishedAt"":""2026-06-08T06:51:40+09:00"",""timezoneAssumed"":""Asia/Seoul(원문에 시간대 표기 없음)"",""corporateAction"":false,""actionWord"":null},{""id"":""22492573"",""title"":""(주)에이피알 주식선물 2단계 가격제한폭 확대요건 도달(상승)"",""author"":""KOSCOM"",""datetimeRaw"":""2026-06-09T06:50:47"",""publishedAt"":""2026-06-09T06:50:47+09:00"",""timezoneAssumed"":""Asia/Seoul(원문에 시간대 표기 없음)"",""corporateAction"":false,""actionWord"":null},{""id"":""37438991"",""title"":""(주)에이피알 지속가능경영보고서 등 관련사항(자율공시)"",""author"":""KOSCOM"",""datetimeRaw"":""2026-06-19T06:51:42"",""publishedAt"":""2026-06-19T06:51:42+09:00"",""timezoneAssumed"":""Asia/Seoul(원문에 시간대 표기 없음)"",""corporateAction"":false,""actionWord"":null},{""id"":""60436212"",""title"":""(주)에이피알 주식선물 2단계 가격제한폭 확대요건 도달(하락)"",""author"":""KOSCOM"",""datetimeRaw"":""2026-07-08T06:50:36"",""publishedAt"":""2026-07-08T06:50:36+09:00"",""timezoneAssumed"":""Asia/Seoul(원문에 시간대 표기 없음)"",""corporateAction"":false,""actionWord"":null},{""id"":""69873003"",""title"":""(주)에이피알 현금ㆍ현물 배당 결정"",""author"":""KOSCOM"",""datetimeRaw"":""2026-07-16T14:01:39"",""publishedAt"":""2026-07-16T14:01:39+09:00"",""timezoneAssumed"":""Asia/Seoul(원문에 시간대 표기 없음)"",""corporateAction"":false,""actionWord"":null},{""id"":""69881649"",""title"":""(주)에이피알 현금ㆍ현물배당을 위한 주주명부폐쇄(기준일) 결정"",""author"":""KOSCOM"",""datetimeRaw"":""2026-07-16T14:07:28"",""publishedAt"":""2026-07-16T14:07:28+09:00"",""timezoneAssumed"":""Asia/Seoul(원문에 시간대 표기 없음)"",""corporateAction"":false,""actionWord"":null},{""id"":""80194462"",""title"":""(주)에이피알 기업설명회(IR) 개최(안내공시)"",""author"":""KOSCOM"",""datetimeRaw"":""2026-07-27T06:51:33"",""publishedAt"":""2026-07-27T06:51:33+09:00"",""timezoneAssumed"":""Asia/Seoul(원문에 시간대 표기 없음)"",""corporateAction"":false,""actionWord"":null},{""id"":""80194461"",""title"":""(주)에이피알 결산실적공시 예고(안내공시)"",""author"":""KOSCOM"",""datetimeRaw"":""2026-07-27T06:51:33"",""publishedAt"":""2026-07-27T06:51:33+09:00"",""timezoneAssumed"":""Asia/Seoul(원문에 시간대 표기 없음)"",""corporateAction"":false,""actionWord"":null},{""id"":""80197631"",""title"":""(주)에이피알 기업설명회(IR) 개최(안내공시)"",""author"":""KOSCOM"",""datetimeRaw"":""2026-07-27T06:51:36"",""publishedAt"":""2026-07-27T06:51:36+09:00"",""timezoneAssumed"":""Asia/Seoul(원문에 시간대 표기 없음)"",""corporateAction"":false,""actionWord"":null},{""id"":""85256060"",""title"":""(주)에이피알 중간(분기)배당락 기준가격 안내"",""author"":""KOSCOM"",""datetimeRaw"":""2026-07-30T06:52:00"",""publishedAt"":""2026-07-30T06:52:00+09:00"",""timezoneAssumed"":""Asia/Seoul(원문에 시간대 표기 없음)"",""corporateAction"":true,""actionWord"":""배당락""},{""id"":""92771102"",""title"":""(주)에이피알 연결재무제표기준영업(잠정)실적(공정공시)"",""author"":""KOSCOM"",""datetimeRaw"":""2026-08-05T06:50:26"",""publishedAt"":""2026-08-05T06:50:26+09:00"",""timezoneAssumed"":""Asia/Seoul(원문에 시간대 표기 없음)"",""corporateAction"":false,""actionWord"":null},{""id"":""115495661"",""title"":""(주)에이피알 기업설명회(IR) 개최(안내공시)"",""author"":""KOSCOM"",""datetimeRaw"":""2026-08-27T06:50:58"",""publishedAt"":""2026-08-27T06:50:58+09:00"",""timezoneAssumed"":""Asia/Seoul(원문에 시간대 표기 없음)"",""corporateAction"":false,""actionWord"":null},{""id"":""126266988"",""title"":""(주)에이피알 회사합병 결정"",""author"":""KOSCOM"",""datetimeRaw"":""2026-09-09T06:50:27"",""publishedAt"":""2026-09-09T06:50:27+09:00"",""timezoneAssumed"":""Asia/Seoul(원문에 시간대 표기 없음)"",""corporateAction"":true,""actionWord"":""합병""},{""id"":""126276728"",""title"":""(주)에이피알 주주명부폐쇄기간 또는 기준일 설정"",""author"":""KOSCOM"",""datetimeRaw"":""2026-09-09T06:50:32"",""publishedAt"":""2026-09-09T06:50:32+09:00"",""timezoneAssumed"":""Asia/Seoul(원문에 시간대 표기 없음)"",""corporateAction"":false,""actionWord"":null},{""id"":""126275975"",""title"":""(주)에이피알 회사합병 결정(종속회사의 주요경영사항)"",""author"":""KOSCOM"",""datetimeRaw"":""2026-09-09T06:50:32"",""publishedAt"":""2026-09-09T06:50:32+09:00"",""timezoneAssumed"":""Asia/Seoul(원문에 시간대 표기 없음)"",""corporateAction"":true,""actionWord"":""합병""}]",,,3,,,,,,
collection-9fd5fe4ad909c72d,collection,2026-09-30,2026-09-29T22:27:33Z,,,"{""contextFile"":""reports/atlas11/context/2026-09-30/2026-09-29T22-27-33Z.json""}",context_disclosures,2026-09-30,기업행위 공시,,,,,false,329180,HD현대중공업,,,https://m.stock.naver.com/api/stock/329180/disclosure?pageSize=20&page=1,1614dc25a6c2f0c4d6a14aedc2aa83dc63ea0cbe1c56a65b34d6e0709db40281,"[{""id"":""74697081"",""title"":""에이치디현대중공업(주) 기업설명회(IR) 개최(안내공시)"",""author"":""KOSCOM"",""datetimeRaw"":""2026-07-22T06:51:56"",""publishedAt"":""2026-07-22T06:51:56+09:00"",""timezoneAssumed"":""Asia/Seoul(원문에 시간대 표기 없음)"",""corporateAction"":false,""actionWord"":null},{""id"":""79941405"",""title"":""에이치디현대중공업(주) 중대재해 발생"",""author"":""KOSCOM"",""datetimeRaw"":""2026-07-27T06:50:08"",""publishedAt"":""2026-07-27T06:50:08+09:00"",""timezoneAssumed"":""Asia/Seoul(원문에 시간대 표기 없음)"",""corporateAction"":false,""actionWord"":null},{""id"":""80174392"",""title"":""에이치디현대중공업(주) 생산중단"",""author"":""KOSCOM"",""datetimeRaw"":""2026-07-27T06:51:14"",""publishedAt"":""2026-07-27T06:51:14+09:00"",""timezoneAssumed"":""Asia/Seoul(원문에 시간대 표기 없음)"",""corporateAction"":false,""actionWord"":null},{""id"":""82344389"",""title"":""에이치디현대중공업(주) 연결재무제표기준영업(잠정)실적(공정공시)"",""author"":""KOSCOM"",""datetimeRaw"":""2026-07-29T06:51:25"",""publishedAt"":""2026-07-29T06:51:25+09:00"",""timezoneAssumed"":""Asia/Seoul(원문에 시간대 표기 없음)"",""corporateAction"":false,""actionWord"":null},{""id"":""82349392"",""title"":""에이치디현대중공업(주) 영업(잠정)실적(공정공시)"",""author"":""KOSCOM"",""datetimeRaw"":""2026-07-29T06:51:28"",""publishedAt"":""2026-07-29T06:51:28+09:00"",""timezoneAssumed"":""Asia/Seoul(원문에 시간대 표기 없음)"",""corporateAction"":false,""actionWord"":null},{""id"":""82367003"",""title"":""에이치디현대중공업(주) 현금ㆍ현물배당을 위한 주주명부폐쇄(기준일) 결정"",""author"":""KOSCOM"",""datetimeRaw"":""2026-07-29T06:51:33"",""publishedAt"":""2026-07-29T06:51:33+09:00"",""timezoneAssumed"":""Asia/Seoul(원문에 시간대 표기 없음)"",""corporateAction"":false,""actionWord"":null},{""id"":""82384787"",""title"":""에이치디현대중공업(주) 현금ㆍ현물 배당 결정"",""author"":""KOSCOM"",""datetimeRaw"":""2026-07-29T06:51:40"",""publishedAt"":""2026-07-29T06:51:40+09:00"",""timezoneAssumed"":""Asia/Seoul(원문에 시간대 표기 없음)"",""corporateAction"":false,""actionWord"":null},{""id"":""99108534"",""title"":""에이치디현대중공업(주) 단일판매ㆍ공급계약체결"",""author"":""KOSCOM"",""datetimeRaw"":""2026-08-10T06:50:24"",""publishedAt"":""2026-08-10T06:50:24+09:00"",""timezoneAssumed"":""Asia/Seoul(원문에 시간대 표기 없음)"",""corporateAction"":false,""actionWord"":null},{""id"":""100041781"",""title"":""에이치디현대중공업(주) 중간(분기)배당락 기준가격 안내"",""author"":""KOSCOM"",""datetimeRaw"":""2026-08-11T06:51:12"",""publishedAt"":""2026-08-11T06:51:12+09:00"",""timezoneAssumed"":""Asia/Seoul(원문에 시간대 표기 없음)"",""corporateAction"":true,""actionWord"":""배당락""},{""id"":""110340437"",""title"":""에이치디현대중공업(주) 조회공시 요구(풍문 또는 보도)"",""author"":""KOSCOM"",""datetimeRaw"":""2026-08-21T06:50:16"",""publishedAt"":""2026-08-21T06:50:16+09:00"",""timezoneAssumed"":""Asia/Seoul(원문에 시간대 표기 없음)"",""corporateAction"":false,""actionWord"":null},{""id"":""110470768"",""title"":""에이치디현대중공업(주) 조회공시 요구(풍문 또는 보도)에 대한 답변(미확정)"",""author"":""KOSCOM"",""datetimeRaw"":""2026-08-21T06:50:32"",""publishedAt"":""2026-08-21T06:50:32+09:00"",""timezoneAssumed"":""Asia/Seoul(원문에 시간대 표기 없음)"",""corporateAction"":false,""actionWord"":null},{""id"":""111882794"",""title"":""에이치디현대중공업(주) 단일판매ㆍ공급계약체결"",""author"":""KOSCOM"",""datetimeRaw"":""2026-08-24T06:50:17"",""publishedAt"":""2026-08-24T06:50:17+09:00"",""timezoneAssumed"":""Asia/Seoul(원문에 시간대 표기 없음)"",""corporateAction"":false,""actionWord"":null},{""id"":""115472302"",""title"":""에이치디현대중공업(주) 영업(잠정)실적(공정공시)"",""author"":""KOSCOM"",""datetimeRaw"":""2026-08-27T06:50:52"",""publishedAt"":""2026-08-27T06:50:52+09:00"",""timezoneAssumed"":""Asia/Seoul(원문에 시간대 표기 없음)"",""corporateAction"":false,""actionWord"":null},{""id"":""118315157"",""title"":""에이치디현대중공업(주) 중대재해 발생"",""author"":""KOSCOM"",""datetimeRaw"":""2026-08-31T06:50:01"",""publishedAt"":""2026-08-31T06:50:01+09:00"",""timezoneAssumed"":""Asia/Seoul(원문에 시간대 표기 없음)"",""corporateAction"":false,""actionWord"":null},{""id"":""127810623"",""title"":""에이치디현대중공업(주) 신규시설투자등(자율공시)"",""author"":""KOSCOM"",""datetimeRaw"":""2026-09-10T06:50:28"",""publishedAt"":""2026-09-10T06:50:28+09:00"",""timezoneAssumed"":""Asia/Seoul(원문에 시간대 표기 없음)"",""corporateAction"":false,""actionWord"":null},{""id"":""127809546"",""title"":""에이치디현대중공업(주) 신규시설투자등"",""author"":""KOSCOM"",""datetimeRaw"":""2026-09-10T06:50:28"",""publishedAt"":""2026-09-10T06:50:28+09:00"",""timezoneAssumed"":""Asia/Seoul(원문에 시간대 표기 없음)"",""corporateAction"":false,""actionWord"":null},{""id"":""130674264"",""title"":""에이치디현대중공업(주) 영업(잠정)실적(공정공시)"",""author"":""KOSCOM"",""datetimeRaw"":""2026-09-14T06:51:14"",""publishedAt"":""2026-09-14T06:51:14+09:00"",""timezoneAssumed"":""Asia/Seoul(원문에 시간대 표기 없음)"",""corporateAction"":false,""actionWord"":null},{""id"":""135670105"",""title"":""에이치디현대중공업(주) 풍문 또는 보도에 대한 해명(미확정)"",""author"":""KOSCOM"",""datetimeRaw"":""2026-09-18T06:50:38"",""publishedAt"":""2026-09-18T06:50:38+09:00"",""timezoneAssumed"":""Asia/Seoul(원문에 시간대 표기 없음)"",""corporateAction"":false,""actionWord"":null},{""id"":""135681757"",""title"":""에이치디현대중공업(주) 조회공시 요구(풍문 또는 보도)에 대한 답변(미확정)"",""author"":""KOSCOM"",""datetimeRaw"":""2026-09-18T06:50:39"",""publishedAt"":""2026-09-18T06:50:39+09:00"",""timezoneAssumed"":""Asia/Seoul(원문에 시간대 표기 없음)"",""corporateAction"":false,""actionWord"":null},{""id"":""137493621"",""title"":""에이치디현대중공업(주) 단일판매ㆍ공급계약 체결(자율공시)"",""author"":""KOSCOM"",""datetimeRaw"":""2026-09-22T06:50:32"",""publishedAt"":""2026-09-22T06:50:32+09:00"",""timezoneAssumed"":""Asia/Seoul(원문에 시간대 표기 없음)"",""corporateAction"":false,""actionWord"":null}]",,,1,,,,,,
collection-cb7f7ce71d58fcd4,collection,2026-09-30,2026-09-29T22:27:33Z,,,"{""contextFile"":""reports/atlas11/context/2026-09-30/2026-09-29T22-27-33Z.json""}",context_disclosures,2026-09-30,기업행위 공시,,,,,false,352820,하이브,,,https://m.stock.naver.com/api/stock/352820/disclosure?pageSize=20&page=1,d7e703cefb7b33a88596b5248048f0bc839a33e206e90516b837d14e3bdaaeb5,"[{""id"":""1624854"",""title"":""(주)하이브 타법인주식및출자증권취득결정"",""author"":""KOSCOM"",""datetimeRaw"":""2026-03-31T07:04:11"",""publishedAt"":""2026-03-31T07:04:11+09:00"",""timezoneAssumed"":""Asia/Seoul(원문에 시간대 표기 없음)"",""corporateAction"":false,""actionWord"":null},{""id"":""1625018"",""title"":""(주)하이브 자기주식 처분 결정"",""author"":""KOSCOM"",""datetimeRaw"":""2026-03-31T07:06:21"",""publishedAt"":""2026-03-31T07:06:21+09:00"",""timezoneAssumed"":""Asia/Seoul(원문에 시간대 표기 없음)"",""corporateAction"":true,""actionWord"":""자기주식""},{""id"":""1625047"",""title"":""(주)하이브 (정정)타법인주식및출자증권취득결정"",""author"":""KOSCOM"",""datetimeRaw"":""2026-03-31T07:06:44"",""publishedAt"":""2026-03-31T07:06:44+09:00"",""timezoneAssumed"":""Asia/Seoul(원문에 시간대 표기 없음)"",""corporateAction"":false,""actionWord"":null},{""id"":""1625384"",""title"":""(주)하이브 유상증자결정(종속회사의 주요경영사항)"",""author"":""KOSCOM"",""datetimeRaw"":""2026-04-01T06:51:29"",""publishedAt"":""2026-04-01T06:51:29+09:00"",""timezoneAssumed"":""Asia/Seoul(원문에 시간대 표기 없음)"",""corporateAction"":true,""actionWord"":""유상증자""},{""id"":""1625432"",""title"":""(주)하이브 (정정)유상증자결정(종속회사의 주요경영사항)"",""author"":""KOSCOM"",""datetimeRaw"":""2026-04-01T06:51:47"",""publishedAt"":""2026-04-01T06:51:47+09:00"",""timezoneAssumed"":""Asia/Seoul(원문에 시간대 표기 없음)"",""corporateAction"":true,""actionWord"":""유상증자""},{""id"":""1625446"",""title"":""(주)하이브 (정정)자기주식 처분 결정"",""author"":""KOSCOM"",""datetimeRaw"":""2026-04-01T06:51:53"",""publishedAt"":""2026-04-01T06:51:53+09:00"",""timezoneAssumed"":""Asia/Seoul(원문에 시간대 표기 없음)"",""corporateAction"":true,""actionWord"":""자기주식""},{""id"":""1625570"",""title"":""(주)하이브 (정정)자기주식 처분 결정"",""author"":""KOSCOM"",""datetimeRaw"":""2026-04-01T06:52:52"",""publishedAt"":""2026-04-01T06:52:52+09:00"",""timezoneAssumed"":""Asia/Seoul(원문에 시간대 표기 없음)"",""corporateAction"":true,""actionWord"":""자기주식""},{""id"":""1627317"",""title"":""(주)하이브 기업설명회(IR) 개최(안내공시)"",""author"":""KOSCOM"",""datetimeRaw"":""2026-04-06T06:52:27"",""publishedAt"":""2026-04-06T06:52:27+09:00"",""timezoneAssumed"":""Asia/Seoul(원문에 시간대 표기 없음)"",""corporateAction"":false,""actionWord"":null},{""id"":""1627708"",""title"":""(주)하이브 추가상장(국내CB전환)"",""author"":""KOSCOM"",""datetimeRaw"":""2026-04-07T06:51:42"",""publishedAt"":""2026-04-07T06:51:42+09:00"",""timezoneAssumed"":""Asia/Seoul(원문에 시간대 표기 없음)"",""corporateAction"":false,""actionWord"":null},{""id"":""1633183"",""title"":""(주)하이브 기업가치 제고 계획(자율공시)"",""author"":""KOSCOM"",""datetimeRaw"":""2026-04-23T06:51:58"",""publishedAt"":""2026-04-23T06:51:58+09:00"",""timezoneAssumed"":""Asia/Seoul(원문에 시간대 표기 없음)"",""corporateAction"":false,""actionWord"":null},{""id"":""1635894"",""title"":""(주)하이브 연결재무제표기준영업(잠정)실적(공정공시)"",""author"":""KOSCOM"",""datetimeRaw"":""2026-04-29T06:52:27"",""publishedAt"":""2026-04-29T06:52:27+09:00"",""timezoneAssumed"":""Asia/Seoul(원문에 시간대 표기 없음)"",""corporateAction"":false,""actionWord"":null},{""id"":""1643093"",""title"":""(주)하이브 자기주식 취득 결정"",""author"":""KOSCOM"",""datetimeRaw"":""2026-05-19T06:51:47"",""publishedAt"":""2026-05-19T06:51:47+09:00"",""timezoneAssumed"":""Asia/Seoul(원문에 시간대 표기 없음)"",""corporateAction"":true,""actionWord"":""자기주식""},{""id"":""22453736"",""title"":""(주)하이브 주식선물ㆍ주식옵션 2단계 가격제한폭 확대요건 도달(상승)"",""author"":""KOSCOM"",""datetimeRaw"":""2026-06-09T06:50:38"",""publishedAt"":""2026-06-09T06:50:38+09:00"",""timezoneAssumed"":""Asia/Seoul(원문에 시간대 표기 없음)"",""corporateAction"":false,""actionWord"":null},{""id"":""49335917"",""title"":""(주)하이브 지속가능경영보고서 등 관련사항(자율공시)"",""author"":""KOSCOM"",""datetimeRaw"":""2026-06-30T06:50:35"",""publishedAt"":""2026-06-30T06:50:35+09:00"",""timezoneAssumed"":""Asia/Seoul(원문에 시간대 표기 없음)"",""corporateAction"":false,""actionWord"":null},{""id"":""65919377"",""title"":""(주)하이브 기업설명회(IR) 개최(안내공시)"",""author"":""KOSCOM"",""datetimeRaw"":""2026-07-13T06:51:11"",""publishedAt"":""2026-07-13T06:51:11+09:00"",""timezoneAssumed"":""Asia/Seoul(원문에 시간대 표기 없음)"",""corporateAction"":false,""actionWord"":null},{""id"":""73531434"",""title"":""(주)하이브 추가상장(국내CB전환)"",""author"":""KOSCOM"",""datetimeRaw"":""2026-07-21T06:51:10"",""publishedAt"":""2026-07-21T06:51:10+09:00"",""timezoneAssumed"":""Asia/Seoul(원문에 시간대 표기 없음)"",""corporateAction"":false,""actionWord"":null},{""id"":""81003583"",""title"":""(주)하이브 연결재무제표기준영업(잠정)실적(공정공시)"",""author"":""KOSCOM"",""datetimeRaw"":""2026-07-28T06:51:27"",""publishedAt"":""2026-07-28T06:51:27+09:00"",""timezoneAssumed"":""Asia/Seoul(원문에 시간대 표기 없음)"",""corporateAction"":false,""actionWord"":null},{""id"":""81004949"",""title"":""(주)하이브 주식선물ㆍ주식옵션 2단계 가격제한폭 확대요건 도달(하락)"",""author"":""KOSCOM"",""datetimeRaw"":""2026-07-28T06:51:29"",""publishedAt"":""2026-07-28T06:51:29+09:00"",""timezoneAssumed"":""Asia/Seoul(원문에 시간대 표기 없음)"",""corporateAction"":false,""actionWord"":null},{""id"":""82073015"",""title"":""(주)하이브 주식선물ㆍ주식옵션 2단계 가격제한폭 확대요건 도달(하락)"",""author"":""KOSCOM"",""datetimeRaw"":""2026-07-29T06:50:42"",""publishedAt"":""2026-07-29T06:50:42+09:00"",""timezoneAssumed"":""Asia/Seoul(원문에 시간대 표기 없음)"",""corporateAction"":false,""actionWord"":null},{""id"":""112824443"",""title"":""(주)하이브 자기주식 처분 결정"",""author"":""KOSCOM"",""datetimeRaw"":""2026-08-25T06:50:54"",""publishedAt"":""2026-08-25T06:50:54+09:00"",""timezoneAssumed"":""Asia/Seoul(원문에 시간대 표기 없음)"",""corporateAction"":true,""actionWord"":""자기주식""}]",,,7,,,,,,
collection-01f58f197b3604a1,collection,2026-09-30,2026-09-29T22:27:33Z,,,"{""contextFile"":""reports/atlas11/context/2026-09-30/2026-09-29T22-27-33Z.json""}",context_disclosures,2026-09-30,새 공시,,,,,false,373220,LG에너지솔루션,,,https://m.stock.naver.com/api/stock/373220/disclosure?pageSize=20&page=1,d8f581a96cf475c2d8f02d1e285910534235ff5839148db2a0ac5847256e172a,"[{""id"":""1624161"",""title"":""(주)엘지에너지솔루션 타인에대한채무보증결정"",""author"":""KOSCOM"",""datetimeRaw"":""2026-03-31T06:54:57"",""publishedAt"":""2026-03-31T06:54:57+09:00"",""timezoneAssumed"":""Asia/Seoul(원문에 시간대 표기 없음)"",""corporateAction"":false,""actionWord"":null},{""id"":""1624204"",""title"":""(주)엘지에너지솔루션 (정정)투자판단 관련 주요경영사항"",""author"":""KOSCOM"",""datetimeRaw"":""2026-03-31T06:55:33"",""publishedAt"":""2026-03-31T06:55:33+09:00"",""timezoneAssumed"":""Asia/Seoul(원문에 시간대 표기 없음)"",""corporateAction"":false,""actionWord"":null},{""id"":""1625376"",""title"":""(주)엘지에너지솔루션 (정정)투자판단 관련 주요경영사항"",""author"":""KOSCOM"",""datetimeRaw"":""2026-04-01T06:51:25"",""publishedAt"":""2026-04-01T06:51:25+09:00"",""timezoneAssumed"":""Asia/Seoul(원문에 시간대 표기 없음)"",""corporateAction"":false,""actionWord"":null},{""id"":""1627696"",""title"":""(주)엘지에너지솔루션 연결재무제표기준영업(잠정)실적(공정공시)"",""author"":""KOSCOM"",""datetimeRaw"":""2026-04-07T06:51:33"",""publishedAt"":""2026-04-07T06:51:33+09:00"",""timezoneAssumed"":""Asia/Seoul(원문에 시간대 표기 없음)"",""corporateAction"":false,""actionWord"":null},{""id"":""1627698"",""title"":""(주)엘지에너지솔루션 기업설명회(IR) 개최(안내공시)"",""author"":""KOSCOM"",""datetimeRaw"":""2026-04-07T06:51:34"",""publishedAt"":""2026-04-07T06:51:34+09:00"",""timezoneAssumed"":""Asia/Seoul(원문에 시간대 표기 없음)"",""corporateAction"":false,""actionWord"":null},{""id"":""1632145"",""title"":""(주)엘지에너지솔루션 주식선물ㆍ주식옵션 2단계 가격제한폭 확대요건 도달(상승)"",""author"":""KOSCOM"",""datetimeRaw"":""2026-04-21T06:50:22"",""publishedAt"":""2026-04-21T06:50:22+09:00"",""timezoneAssumed"":""Asia/Seoul(원문에 시간대 표기 없음)"",""corporateAction"":false,""actionWord"":null},{""id"":""1634643"",""title"":""(주)엘지에너지솔루션 공정거래 자율준수프로그램 운영현황(안내공시)"",""author"":""KOSCOM"",""datetimeRaw"":""2026-04-28T06:50:58"",""publishedAt"":""2026-04-28T06:50:58+09:00"",""timezoneAssumed"":""Asia/Seoul(원문에 시간대 표기 없음)"",""corporateAction"":false,""actionWord"":null},{""id"":""1635660"",""title"":""(주)엘지에너지솔루션 (정정)유형자산 처분결정(종속회사의 주요경영사항)"",""author"":""KOSCOM"",""datetimeRaw"":""2026-04-29T06:50:36"",""publishedAt"":""2026-04-29T06:50:36+09:00"",""timezoneAssumed"":""Asia/Seoul(원문에 시간대 표기 없음)"",""corporateAction"":false,""actionWord"":null},{""id"":""1636275"",""title"":""(주)엘지에너지솔루션 (정정)연결재무제표기준영업(잠정)실적(공정공시)"",""author"":""KOSCOM"",""datetimeRaw"":""2026-04-30T09:37:45"",""publishedAt"":""2026-04-30T09:37:45+09:00"",""timezoneAssumed"":""Asia/Seoul(원문에 시간대 표기 없음)"",""corporateAction"":false,""actionWord"":null},{""id"":""8734016"",""title"":""(주)엘지에너지솔루션 (정정)유형자산 처분결정(종속회사의 주요경영사항)"",""author"":""KOSCOM"",""datetimeRaw"":""2026-05-26T06:51:10"",""publishedAt"":""2026-05-26T06:51:10+09:00"",""timezoneAssumed"":""Asia/Seoul(원문에 시간대 표기 없음)"",""corporateAction"":false,""actionWord"":null},{""id"":""10515390"",""title"":""(주)엘지에너지솔루션 주식선물ㆍ주식옵션 2단계 가격제한폭 확대요건 도달(상승)"",""author"":""KOSCOM"",""datetimeRaw"":""2026-05-28T06:50:24"",""publishedAt"":""2026-05-28T06:50:24+09:00"",""timezoneAssumed"":""Asia/Seoul(원문에 시간대 표기 없음)"",""corporateAction"":false,""actionWord"":null},{""id"":""46673125"",""title"":""(주)엘지에너지솔루션 공매도 과열종목 지정(공매도 거래 금지 적용)"",""author"":""KOSCOM"",""datetimeRaw"":""2026-06-26T06:55:49"",""publishedAt"":""2026-06-26T06:55:49+09:00"",""timezoneAssumed"":""Asia/Seoul(원문에 시간대 표기 없음)"",""corporateAction"":false,""actionWord"":null},{""id"":""47730867"",""title"":""(주)엘지에너지솔루션 주식선물ㆍ주식옵션 2단계 가격제한폭 확대요건 도달(상승)"",""author"":""KOSCOM"",""datetimeRaw"":""2026-06-29T06:51:05"",""publishedAt"":""2026-06-29T06:51:05+09:00"",""timezoneAssumed"":""Asia/Seoul(원문에 시간대 표기 없음)"",""corporateAction"":false,""actionWord"":null},{""id"":""48065555"",""title"":""(주)엘지에너지솔루션 지속가능경영보고서 등 관련사항(자율공시)"",""author"":""KOSCOM"",""datetimeRaw"":""2026-06-29T06:52:04"",""publishedAt"":""2026-06-29T06:52:04+09:00"",""timezoneAssumed"":""Asia/Seoul(원문에 시간대 표기 없음)"",""corporateAction"":false,""actionWord"":null},{""id"":""59327067"",""title"":""(주)엘지에너지솔루션 연결재무제표기준영업(잠정)실적(공정공시)"",""author"":""KOSCOM"",""datetimeRaw"":""2026-07-07T06:50:14"",""publishedAt"":""2026-07-07T06:50:14+09:00"",""timezoneAssumed"":""Asia/Seoul(원문에 시간대 표기 없음)"",""corporateAction"":false,""actionWord"":null},{""id"":""59328667"",""title"":""(주)엘지에너지솔루션 기업설명회(IR) 개최(안내공시)"",""author"":""KOSCOM"",""datetimeRaw"":""2026-07-07T06:50:19"",""publishedAt"":""2026-07-07T06:50:19+09:00"",""timezoneAssumed"":""Asia/Seoul(원문에 시간대 표기 없음)"",""corporateAction"":false,""actionWord"":null},{""id"":""76522520"",""title"":""(주)엘지에너지솔루션 주식선물ㆍ주식옵션 2단계 가격제한폭 확대요건 도달(상승)"",""author"":""KOSCOM"",""datetimeRaw"":""2026-07-23T06:51:16"",""publishedAt"":""2026-07-23T06:51:16+09:00"",""timezoneAssumed"":""Asia/Seoul(원문에 시간대 표기 없음)"",""corporateAction"":false,""actionWord"":null},{""id"":""84440582"",""title"":""(주)엘지에너지솔루션 (정정)연결재무제표기준영업(잠정)실적(공정공시)"",""author"":""KOSCOM"",""datetimeRaw"":""2026-07-30T06:50:31"",""publishedAt"":""2026-07-30T06:50:31+09:00"",""timezoneAssumed"":""Asia/Seoul(원문에 시간대 표기 없음)"",""corporateAction"":false,""actionWord"":null},{""id"":""84588585"",""title"":""(주)엘지에너지솔루션 주식선물ㆍ주식옵션 2단계 가격제한폭 확대요건 도달(상승)"",""author"":""KOSCOM"",""datetimeRaw"":""2026-07-30T06:50:42"",""publishedAt"":""2026-07-30T06:50:42+09:00"",""timezoneAssumed"":""Asia/Seoul(원문에 시간대 표기 없음)"",""corporateAction"":false,""actionWord"":null},{""id"":""100944161"",""title"":""(주)엘지에너지솔루션 풍문 또는 보도에 대한 해명(미확정)"",""author"":""KOSCOM"",""datetimeRaw"":""2026-08-12T06:50:31"",""publishedAt"":""2026-08-12T06:50:31+09:00"",""timezoneAssumed"":""Asia/Seoul(원문에 시간대 표기 없음)"",""corporateAction"":false,""actionWord"":null}]",,,0,,,,,,
collection-0b3bb648429322dc,collection,2026-09-30,2026-09-30T08:21:48Z,,,"{""contextFile"":""reports/atlas11/context/2026-09-30/2026-09-30T08-21-48Z.json""}",context_market,2026-09-30,ok,"[{""symbol"":""KOSPI"",""rows"":[{""date"":""2026-09-28"",""close"":6889.74,""open"":7057.86,""high"":7065.9,""low"":6889.68,""change"":-191.18,""changePct"":-2.7},{""date"":""2026-09-29"",""close"":6870.81,""open"":6844.41,""high"":6898.36,""low"":6782.99,""change"":-18.93,""changePct"":-0.27},{""date"":""2026-09-30"",""close"":6838.04,""open"":6943.47,""high"":6965.64,""low"":6818.39,""change"":-32.77,""changePct"":-0.48}],""sourceUrl"":""https://m.stock.naver.com/api/index/KOSPI/price?pageSize=10&page=1"",""rawSHA256"":""ae720e8ce0fc2ab132029288b8f4f56368fe489b8475304b31e1903a8e5a2262""},{""symbol"":""KOSDAQ"",""rows"":[{""date"":""2026-09-28"",""close"":846.58,""open"":845.48,""high"":861.15,""low"":841.23,""change"":2.1,""changePct"":0.25},{""date"":""2026-09-29"",""close"":849.8,""open"":843.87,""high"":849.82,""low"":833.62,""change"":3.22,""changePct"":0.38},{""date"":""2026-09-30"",""close"":855.91,""open"":854.78,""high"":862.5,""low"":852.1,""change"":6.11,""changePct"":0.72}],""sourceUrl"":""https://m.stock.naver.com/api/index/KOSDAQ/price?pageSize=10&page=1"",""rawSHA256"":""ae86a47e60ad81ce2b82702f1a079bc17a3c964e8aac93754160e083dfd59b79""}]","[{""id"":""DEXKOUS"",""factorId"":""F06"",""label"":""원/달러(연준 H.10 뉴욕 정오 매입률)"",""provider"":""fred"",""latest"":{""date"":""2026-09-25"",""value"":1356.51},""sourceUrl"":""https://fred.stlouisfed.org/graph/fredgraph.csv?id=DEXKOUS&cosd=2026-06-02"",""rawSHA256"":""a75fd07c6033864be004317f1954160680ef914ed2bbee802a024387c618c0af"",""switchedFrom"":null},{""id"":""FX_USDKRW"",""factorId"":""F06"",""label"":""원/달러(네이버 표기 · 은행 고시 기준)"",""provider"":""naver_fx"",""latest"":{""date"":""2026-09-30"",""value"":1352.4,""changePct"":-0.08},""sourceUrl"":""https://api.stock.naver.com/marketindex/exchange/FX_USDKRW/prices?page=1&pageSize=10"",""rawSHA256"":""0412bac7c99300e7a5e40efc6b2cea2f3e3b41a6a1b718a4025209e3e96a2b3d"",""switchedFrom"":null},{""id"":""SP500"",""factorId"":""F09"",""label"":""S&P 500 종가"",""provider"":""fred"",""latest"":{""date"":""2026-09-29"",""value"":7670.84},""sourceUrl"":""https://fred.stlouisfed.org/graph/fredgraph.csv?id=SP500&cosd=2026-06-02"",""rawSHA256"":""8dafcb67414ecbdf11eb29245e84e06b97fde42e81f6b8df5a4312a56345bac0"",""switchedFrom"":null},{""id"":""NASDAQCOM"",""factorId"":""F09"",""label"":""나스닥 종합 종가"",""provider"":""fred"",""latest"":{""date"":""2026-09-29"",""value"":26797.54},""sourceUrl"":""https://fred.stlouisfed.org/graph/fredgraph.csv?id=NASDAQCOM&cosd=2026-06-02"",""rawSHA256"":""22acd32084e2cdfc16c39bf6dbfe5ea59bda8a3f6b48d8db8ed3d45e37dc3e8f"",""switchedFrom"":null},{""id"":"".SOX"",""factorId"":""F09"",""label"":""필라델피아 반도체지수 종가"",""provider"":""naver_world_index"",""latest"":{""date"":""2026-09-29"",""value"":12629.16,""changePct"":1.32},""sourceUrl"":""https://api.stock.naver.com/index/.SOX/price?page=1&pageSize=10"",""rawSHA256"":""bd5ee6937ba1bea7c7aeb086fc57a3e9c7d0fb6cc12c60177f96f745764d5f84"",""switchedFrom"":null},{""id"":""VIXCLS"",""factorId"":""F10"",""label"":""VIX 종가(Cboe)"",""provider"":""fred"",""latest"":{""date"":""2026-09-28"",""value"":16.07},""sourceUrl"":""https://fred.stlouisfed.org/graph/fredgraph.csv?id=VIXCLS&cosd=2026-06-02"",""rawSHA256"":""c6c983c1423b9e725e58560408809a689423957b95709108397512626ea020a3"",""switchedFrom"":null},{""id"":""DFII10"",""factorId"":""F04"",""label"":""미국 10년 물가연동채 실질수익률"",""provider"":""fred"",""latest"":{""date"":""2026-09-28"",""value"":2.9},""sourceUrl"":""https://fred.stlouisfed.org/graph/fredgraph.csv?id=DFII10&cosd=2026-06-02"",""rawSHA256"":""f6ca86bd3c2b2392eaa2f1824e06cd6605d72ba4f3a10197ab5a3ebb753a897d"",""switchedFrom"":null},{""id"":""BAA10Y"",""factorId"":""F05"",""label"":""미국 Baa 회사채 − 국채10년"",""provider"":""fred"",""latest"":{""date"":""2026-09-28"",""value"":1.46},""sourceUrl"":""https://fred.stlouisfed.org/graph/fredgraph.csv?id=BAA10Y&cosd=2026-06-02"",""rawSHA256"":""d09779a0a8c4a292f3bd489b16ecf50b3052602ed28edee9c6411228701e2a1e"",""switchedFrom"":null},{""id"":""DFF"",""factorId"":""F02"",""label"":""미국 실효 연방기금금리"",""provider"":""fred"",""latest"":{""date"":""2026-09-28"",""value"":3.88},""sourceUrl"":""https://fred.stlouisfed.org/graph/fredgraph.csv?id=DFF&cosd=2026-06-02"",""rawSHA256"":""ec4385c6d9313dd41d5d60c85c06c16ab42ca540151850bb3ce6919cabeb2a92"",""switchedFrom"":null},{""id"":""DGS2"",""factorId"":""F02"",""label"":""미국 국채 2년(정책 기대의 시장 대용)"",""provider"":""fred"",""latest"":{""date"":""2026-09-28"",""value"":4.92},""sourceUrl"":""https://fred.stlouisfed.org/graph/fredgraph.csv?id=DGS2&cosd=2026-06-02"",""rawSHA256"":""6e848e2fd9ac341306c7564da87a315c61768214b9e3d6cefe7310ea6fac50d1"",""switchedFrom"":null},{""id"":""KR3YT=RR"",""factorId"":""F03"",""label"":""국고채 3년"",""provider"":""naver_bond"",""latest"":{""date"":""2026-09-29"",""value"":4.072,""changePct"":-0.92},""sourceUrl"":""https://api.stock.naver.com/marketindex/bond/KR3YT=RR/prices?page=1&pageSize=10"",""rawSHA256"":""c709dc6e626fcecea9c3773099da5ec9598efeafec27324630f470dcf0fac676"",""switchedFrom"":null},{""id"":""KR10YT=RR"",""factorId"":""F03"",""label"":""국고채 10년"",""provider"":""naver_bond"",""latest"":{""date"":""2026-09-29"",""value"":4.47,""changePct"":-1.63},""sourceUrl"":""https://api.stock.naver.com/marketindex/bond/KR10YT=RR/prices?page=1&pageSize=10"",""rawSHA256"":""a96013a795488bc2e7baa96ca19b287900d2c4d5d67bf9e60934fa43182e76e8"",""switchedFrom"":null},{""id"":""DCOILWTICO"",""factorId"":""F33"",""label"":""WTI 현물(EIA)"",""provider"":""fred"",""latest"":{""date"":""2026-09-22"",""value"":96.41},""sourceUrl"":""https://fred.stlouisfed.org/graph/fredgraph.csv?id=DCOILWTICO&cosd=2026-06-02"",""rawSHA256"":""97be93ad40fd1ee14d6810d2427e53c4f255ff38dba098e9962c7cba512a2fa7"",""switchedFrom"":null},{""id"":""WALCL"",""factorId"":""F07"",""label"":""연준 총자산(주간 · 수요일)"",""provider"":""fred"",""latest"":{""date"":""2026-09-23"",""value"":6747704},""sourceUrl"":""https://fred.stlouisfed.org/graph/fredgraph.csv?id=WALCL&cosd=2026-06-02"",""rawSHA256"":""5a1478e77e6b57e8d12ebebc5d180122836afcf057cd2ae946b1516f53c4afe7"",""switchedFrom"":null}]","{""day"":""2026-09-30"",""fetchedAt"":""2026-09-30T08:21:48Z"",""index"":{""KOSPI"":{""date"":""2026-09-30"",""close"":6838.04,""changePct"":-0.48,""status"":""same_day""},""KOSDAQ"":{""date"":""2026-09-30"",""close"":855.91,""changePct"":0.72,""status"":""same_day""}},""flows"":{""stocks"":52,""stocksWithToday"":0,""provisional"":true,""foreignNetSharesSum"":null,""institutionNetSharesSum"":null,""individualNetSharesSum"":null,""note"":""수량(주) 합계 · 종목마다 주가가 달라 금액 합계가 아님 · 당일 값은 잠정일 수 있음""},""news"":{""stocks"":52,""raw"":1040,""distinct"":1023,""republished"":17,""sameArticle"":0,""stocksWithTodayNews"":47,""todayDistinct"":571},""disclosures"":{""stocks"":52,""items"":1040,""corporateActions"":121},""macro"":[{""id"":""DEXKOUS"",""label"":""원/달러(연준 H.10 뉴욕 정오 매입률)"",""factorId"":""F06"",""latest"":{""date"":""2026-09-25"",""value"":1356.51},""rows"":60},{""id"":""FX_USDKRW"",""label"":""원/달러(네이버 표기 · 은행 고시 기준)"",""factorId"":""F06"",""latest"":{""date"":""2026-09-30"",""value"":1352.4,""changePct"":-0.08},""rows"":10},{""id"":""SP500"",""label"":""S&P 500 종가"",""factorId"":""F09"",""latest"":{""date"":""2026-09-29"",""value"":7670.84},""rows"":60},{""id"":""NASDAQCOM"",""label"":""나스닥 종합 종가"",""factorId"":""F09"",""latest"":{""date"":""2026-09-29"",""value"":26797.54},""rows"":60},{""id"":"".SOX"",""label"":""필라델피아 반도체지수 종가"",""factorId"":""F09"",""latest"":{""date"":""2026-09-29"",""value"":12629.16,""changePct"":1.32},""rows"":10},{""id"":""VIXCLS"",""label"":""VIX 종가(Cboe)"",""factorId"":""F10"",""latest"":{""date"":""2026-09-28"",""value"":16.07},""rows"":60},{""id"":""DFII10"",""label"":""미국 10년 물가연동채 실질수익률"",""factorId"":""F04"",""latest"":{""date"":""2026-09-28"",""value"":2.9},""rows"":60},{""id"":""BAA10Y"",""label"":""미국 Baa 회사채 − 국채10년"",""factorId"":""F05"",""latest"":{""date"":""2026-09-28"",""value"":1.46},""rows"":60},{""id"":""DFF"",""label"":""미국 실효 연방기금금리"",""factorId"":""F02"",""latest"":{""date"":""2026-09-28"",""value"":3.88},""rows"":60},{""id"":""DGS2"",""label"":""미국 국채 2년(정책 기대의 시장 대용)"",""factorId"":""F02"",""latest"":{""date"":""2026-09-28"",""value"":4.92},""rows"":60},{""id"":""KR3YT=RR"",""label"":""국고채 3년"",""factorId"":""F03"",""latest"":{""date"":""2026-09-29"",""value"":4.072,""changePct"":-0.92},""rows"":10},{""id"":""KR10YT=RR"",""label"":""국고채 10년"",""factorId"":""F03"",""latest"":{""date"":""2026-09-29"",""value"":4.47,""changePct"":-1.63},""rows"":10},{""id"":""DCOILWTICO"",""label"":""WTI 현물(EIA)"",""factorId"":""F33"",""latest"":{""date"":""2026-09-22"",""value"":96.41},""rows"":60},{""id"":""WALCL"",""label"":""연준 총자산(주간 · 수요일)"",""factorId"":""F07"",""latest"":{""date"":""2026-09-23"",""value"":6747704},""rows"":17}],""revisions"":36,""errors"":0,""usedInForecast"":false}",[],false,,,,,,,,,,,,,,,,
collection-0c659c3e135b4c0d,collection,2026-09-30,2026-09-30T08:21:48Z,,,"{""contextFile"":""reports/atlas11/context/2026-09-30/2026-09-30T08-21-48Z.json""}",context_flows,2026-09-30,정정 있음,,,,,false,000720,현대건설,"[{""date"":""2026-09-23"",""foreignNet"":-218289,""institutionNet"":-373794,""individualNet"":599052,""foreignHoldRatioPct"":24.9,""unit"":""shares"",""status"":""reported""},{""date"":""2026-09-28"",""foreignNet"":173248,""institutionNet"":10144,""individualNet"":-187684,""foreignHoldRatioPct"":25.19,""unit"":""shares"",""status"":""reported""},{""date"":""2026-09-29"",""foreignNet"":-104279,""institutionNet"":-169466,""individualNet"":278551,""foreignHoldRatioPct"":25.04,""unit"":""shares"",""status"":""reported""}]","[{""code"":""000720"",""date"":""2026-09-29"",""field"":""foreignHoldRatioPct"",""before"":25.1,""after"":25.04,""beforeFetchedAt"":""2026-09-29T22:27:40.168Z""}]",https://m.stock.naver.com/api/stock/000720/trend?pageSize=10&page=1,c2717840c1a1eae62ff1672d70e72232c41fb8acd324d3d2b31dffdebb34da52,,,,,,,,,,
collection-53565b0df32e5b6e,collection,2026-09-30,2026-09-30T08:21:48Z,,,"{""contextFile"":""reports/atlas11/context/2026-09-30/2026-09-30T08-21-48Z.json""}",context_flows,2026-09-30,정정 있음,,,,,false,002380,KCC,"[{""date"":""2026-09-23"",""foreignNet"":3849,""institutionNet"":-1089,""individualNet"":-2760,""foreignHoldRatioPct"":20.72,""unit"":""shares"",""status"":""reported""},{""date"":""2026-09-28"",""foreignNet"":4029,""institutionNet"":-1115,""individualNet"":-2935,""foreignHoldRatioPct"":20.78,""unit"":""shares"",""status"":""reported""},{""date"":""2026-09-29"",""foreignNet"":-1270,""institutionNet"":-154,""individualNet"":1399,""foreignHoldRatioPct"":20.75,""unit"":""shares"",""status"":""reported""}]","[{""code"":""002380"",""date"":""2026-09-29"",""field"":""foreignHoldRatioPct"",""before"":20.76,""after"":20.75,""beforeFetchedAt"":""2026-09-29T22:27:42.750Z""}]",https://m.stock.naver.com/api/stock/002380/trend?pageSize=10&page=1,3d232340562f1b9304a0f0612ce53246fb049ba4a5ce4e695fd9b3656e003699,,,,,,,,,,
collection-5f273596bcf6c1fa,collection,2026-09-30,2026-09-30T08:21:48Z,,,"{""contextFile"":""reports/atlas11/context/2026-09-30/2026-09-30T08-21-48Z.json""}",context_flows,2026-09-30,정정 있음,,,,,false,003230,삼양식품,"[{""date"":""2026-09-23"",""foreignNet"":15077,""institutionNet"":-19019,""individualNet"":7215,""foreignHoldRatioPct"":18.71,""unit"":""shares"",""status"":""reported""},{""date"":""2026-09-28"",""foreignNet"":1302,""institutionNet"":2869,""individualNet"":-3949,""foreignHoldRatioPct"":18.77,""unit"":""shares"",""status"":""reported""},{""date"":""2026-09-29"",""foreignNet"":-1895,""institutionNet"":6215,""individualNet"":-4293,""foreignHoldRatioPct"":18.75,""unit"":""shares"",""status"":""reported""}]","[{""code"":""003230"",""date"":""2026-09-29"",""field"":""foreignHoldRatioPct"",""before"":18.74,""after"":18.75,""beforeFetchedAt"":""2026-09-29T22:27:41.378Z""}]",https://m.stock.naver.com/api/stock/003230/trend?pageSize=10&page=1,9140003a0c8d14aada7130307cc47443c9531d457bdf0c40024d04a8d4883493,,,,,,,,,,
collection-de9c910dbb523fd0,collection,2026-09-30,2026-09-30T08:21:48Z,,,"{""contextFile"":""reports/atlas11/context/2026-09-30/2026-09-30T08-21-48Z.json""}",context_flows,2026-09-30,보고값,,,,,false,003490,대한항공,"[{""date"":""2026-09-23"",""foreignNet"":89172,""institutionNet"":563187,""individualNet"":-635793,""foreignHoldRatioPct"":26.39,""unit"":""shares"",""status"":""reported""},{""date"":""2026-09-28"",""foreignNet"":-135481,""institutionNet"":360789,""individualNet"":-221407,""foreignHoldRatioPct"":26.36,""unit"":""shares"",""status"":""reported""},{""date"":""2026-09-29"",""foreignNet"":-3370,""institutionNet"":51495,""individualNet"":-76924,""foreignHoldRatioPct"":26.36,""unit"":""shares"",""status"":""reported""}]",[],https://m.stock.naver.com/api/stock/003490/trend?pageSize=10&page=1,8dbb0a46d9f7146e67d09631fb9e1d8b6ea16e889a8b292782dda2db1a5406d1,,,,,,,,,,
collection-2e8fbd9e968f0903,collection,2026-09-30,2026-09-30T08:21:48Z,,,"{""contextFile"":""reports/atlas11/context/2026-09-30/2026-09-30T08-21-48Z.json""}",context_flows,2026-09-30,정정 있음,,,,,false,004170,신세계,"[{""date"":""2026-09-23"",""foreignNet"":1291,""institutionNet"":-16772,""individualNet"":15471,""foreignHoldRatioPct"":30.67,""unit"":""shares"",""status"":""reported""},{""date"":""2026-09-28"",""foreignNet"":4674,""institutionNet"":-6939,""individualNet"":2248,""foreignHoldRatioPct"":30.73,""unit"":""shares"",""status"":""reported""},{""date"":""2026-09-29"",""foreignNet"":13343,""institutionNet"":-13745,""individualNet"":386,""foreignHoldRatioPct"":30.86,""unit"":""shares"",""status"":""reported""}]","[{""code"":""004170"",""date"":""2026-09-29"",""field"":""foreignHoldRatioPct"",""before"":30.87,""after"":30.86,""beforeFetchedAt"":""2026-09-29T22:27:42.802Z""}]",https://m.stock.naver.com/api/stock/004170/trend?pageSize=10&page=1,fe330d86b0b4d42ff38a0ac964b50f79e383b4f0ca2cc8e82fea012bf96d8f7d,,,,,,,,,,
collection-ffc5f15fbc81ab33,collection,2026-09-30,2026-09-30T08:21:48Z,,,"{""contextFile"":""reports/atlas11/context/2026-09-30/2026-09-30T08-21-48Z.json""}",context_flows,2026-09-30,정정 있음,,,,,false,005380,현대차,"[{""date"":""2026-09-23"",""foreignNet"":-140017,""institutionNet"":-74462,""individualNet"":209043,""foreignHoldRatioPct"":24.36,""unit"":""shares"",""status"":""reported""},{""date"":""2026-09-28"",""foreignNet"":-28575,""institutionNet"":18521,""individualNet"":9980,""foreignHoldRatioPct"":24.36,""unit"":""shares"",""status"":""reported""},{""date"":""2026-09-29"",""foreignNet"":-170192,""institutionNet"":-26043,""individualNet"":195143,""foreignHoldRatioPct"":24.26,""unit"":""shares"",""status"":""reported""}]","[{""code"":""005380"",""date"":""2026-09-29"",""field"":""foreignHoldRatioPct"",""before"":24.27,""after"":24.26,""beforeFetchedAt"":""2026-09-29T22:27:36.021Z""}]",https://m.stock.naver.com/api/stock/005380/trend?pageSize=10&page=1,0193d32a4862e46def242267440a2b3772e95b8c762e4a33743d68ab93e5c6b7,,,,,,,,,,
collection-bbe60beb850608de,collection,2026-09-30,2026-09-30T08:21:48Z,,,"{""contextFile"":""reports/atlas11/context/2026-09-30/2026-09-30T08-21-48Z.json""}",context_flows,2026-09-30,정정 있음,,,,,false,005490,POSCO홀딩스,"[{""date"":""2026-09-23"",""foreignNet"":-31460,""institutionNet"":-45953,""individualNet"":74594,""foreignHoldRatioPct"":32.31,""unit"":""shares"",""status"":""reported""},{""date"":""2026-09-28"",""foreignNet"":21924,""institutionNet"":15546,""individualNet"":-36715,""foreignHoldRatioPct"":32.35,""unit"":""shares"",""status"":""reported""},{""date"":""2026-09-29"",""foreignNet"":-44963,""institutionNet"":-33962,""individualNet"":77937,""foreignHoldRatioPct"":32.28,""unit"":""shares"",""status"":""reported""}]","[{""code"":""005490"",""date"":""2026-09-29"",""field"":""foreignHoldRatioPct"",""before"":32.3,""after"":32.28,""beforeFetchedAt"":""2026-09-29T22:27:38.674Z""}]",https://m.stock.naver.com/api/stock/005490/trend?pageSize=10&page=1,55c280d8a2375621e72f3e197c98041ae51cb675ce5c9db3722ea1890b6ffb37,,,,,,,,,,
collection-b2a21697f5a4a94b,collection,2026-09-30,2026-09-30T08:21:48Z,,,"{""contextFile"":""reports/atlas11/context/2026-09-30/2026-09-30T08-21-48Z.json""}",context_flows,2026-09-30,정정 있음,,,,,false,005930,삼성전자,"[{""date"":""2026-09-23"",""foreignNet"":4513767,""institutionNet"":1346883,""individualNet"":-7630126,""foreignHoldRatioPct"":46.64,""unit"":""shares"",""status"":""reported""},{""date"":""2026-09-28"",""foreignNet"":-4999903,""institutionNet"":-2410724,""individualNet"":5330121,""foreignHoldRatioPct"":46.52,""unit"":""shares"",""status"":""reported""},{""date"":""2026-09-29"",""foreignNet"":-2508369,""institutionNet"":53759,""individualNet"":422277,""foreignHoldRatioPct"":46.47,""unit"":""shares"",""status"":""reported""}]","[{""code"":""005930"",""date"":""2026-09-29"",""field"":""foreignHoldRatioPct"",""before"":46.48,""after"":46.47,""beforeFetchedAt"":""2026-09-29T22:27:35.455Z""}]",https://m.stock.naver.com/api/stock/005930/trend?pageSize=10&page=1,9548814f8c2dfae3fefdda8061476eadafdd5fac7a262c85e0f8be80cf6bb15a,,,,,,,,,,
collection-59983763a199ec86,collection,2026-09-30,2026-09-30T08:21:48Z,,,"{""contextFile"":""reports/atlas11/context/2026-09-30/2026-09-30T08-21-48Z.json""}",context_flows,2026-09-30,정정 있음,,,,,false,009150,삼성전기,"[{""date"":""2026-09-23"",""foreignNet"":-54547,""institutionNet"":30596,""individualNet"":24699,""foreignHoldRatioPct"":37.82,""unit"":""shares"",""status"":""reported""},{""date"":""2026-09-28"",""foreignNet"":-78251,""institutionNet"":22990,""individualNet"":51086,""foreignHoldRatioPct"":37.67,""unit"":""shares"",""status"":""reported""},{""date"":""2026-09-29"",""foreignNet"":-9472,""institutionNet"":44254,""individualNet"":-32061,""foreignHoldRatioPct"":37.67,""unit"":""shares"",""status"":""reported""}]","[{""code"":""009150"",""date"":""2026-09-29"",""field"":""foreignHoldRatioPct"",""before"":37.66,""after"":37.67,""beforeFetchedAt"":""2026-09-29T22:27:36.002Z""}]",https://m.stock.naver.com/api/stock/009150/trend?pageSize=10&page=1,199c2a19f7d9b804b25aee8368f2ac9bcc36cc06cc81632181823485cef2fd1b,,,,,,,,,,
collection-a267b4deb9dbbdd8,collection,2026-09-30,2026-09-30T08:21:48Z,,,"{""contextFile"":""reports/atlas11/context/2026-09-30/2026-09-30T08-21-48Z.json""}",context_flows,2026-09-30,정정 있음,,,,,false,009830,한화솔루션,"[{""date"":""2026-09-23"",""foreignNet"":-117514,""institutionNet"":562984,""individualNet"":-466304,""foreignHoldRatioPct"":12.9,""unit"":""shares"",""status"":""reported""},{""date"":""2026-09-28"",""foreignNet"":562676,""institutionNet"":813392,""individualNet"":-1407515,""foreignHoldRatioPct"":13.14,""unit"":""shares"",""status"":""reported""},{""date"":""2026-09-29"",""foreignNet"":-986368,""institutionNet"":277252,""individualNet"":686236,""foreignHoldRatioPct"":12.74,""unit"":""shares"",""status"":""reported""}]","[{""code"":""009830"",""date"":""2026-09-29"",""field"":""foreignHoldRatioPct"",""before"":12.7,""after"":12.74,""beforeFetchedAt"":""2026-09-29T22:27:42.070Z""}]",https://m.stock.naver.com/api/stock/009830/trend?pageSize=10&page=1,261cec906144e548f1d4fe5ae9219f1edcb71d79691674e19e0fb4436fbb5881,,,,,,,,,,
collection-e87275906aa6cb26,collection,2026-09-30,2026-09-30T08:21:48Z,,,"{""contextFile"":""reports/atlas11/context/2026-09-30/2026-09-30T08-21-48Z.json""}",context_flows,2026-09-30,정정 있음,,,,,false,010120,LS ELECTRIC,"[{""date"":""2026-09-23"",""foreignNet"":-46664,""institutionNet"":-56270,""individualNet"":102239,""foreignHoldRatioPct"":18.94,""unit"":""shares"",""status"":""reported""},{""date"":""2026-09-28"",""foreignNet"":58986,""institutionNet"":-11924,""individualNet"":-32338,""foreignHoldRatioPct"":19,""unit"":""shares"",""status"":""reported""},{""date"":""2026-09-29"",""foreignNet"":8609,""institutionNet"":-2298,""individualNet"":-6827,""foreignHoldRatioPct"":18.97,""unit"":""shares"",""status"":""reported""}]","[{""code"":""010120"",""date"":""2026-09-29"",""field"":""foreignHoldRatioPct"",""before"":19.01,""after"":18.97,""beforeFetchedAt"":""2026-09-29T22:27:38.039Z""}]",https://m.stock.naver.com/api/stock/010120/trend?pageSize=10&page=1,465703c5cf74862cec1903d13eddcf1bec4f4b1276796f4f8009dd10dce300de,,,,,,,,,,
collection-3880c199d028bf31,collection,2026-09-30,2026-09-30T08:21:48Z,,,"{""contextFile"":""reports/atlas11/context/2026-09-30/2026-09-30T08-21-48Z.json""}",context_flows,2026-09-30,정정 있음,,,,,false,010170,대한광통신,"[{""date"":""2026-09-23"",""foreignNet"":-814369,""institutionNet"":-2848,""individualNet"":815753,""foreignHoldRatioPct"":4.92,""unit"":""shares"",""status"":""reported""},{""date"":""2026-09-28"",""foreignNet"":-620863,""institutionNet"":37319,""individualNet"":576135,""foreignHoldRatioPct"":4.48,""unit"":""shares"",""status"":""reported""},{""date"":""2026-09-29"",""foreignNet"":-478304,""institutionNet"":-77120,""individualNet"":539764,""foreignHoldRatioPct"":4.05,""unit"":""shares"",""status"":""reported""}]","[{""code"":""010170"",""date"":""2026-09-29"",""field"":""foreignHoldRatioPct"",""before"":4.17,""after"":4.05,""beforeFetchedAt"":""2026-09-29T22:27:44.103Z""}]",https://m.stock.naver.com/api/stock/010170/trend?pageSize=10&page=1,bb47a2b3af14635d20ef428b4da3ae569b5c8f3a3830cfc3a22cb88f02936f0e,,,,,,,,,,
collection-a475642f921bf573,collection,2026-09-30,2026-09-30T08:21:48Z,,,"{""contextFile"":""reports/atlas11/context/2026-09-30/2026-09-30T08-21-48Z.json""}",context_flows,2026-09-30,정정 있음,,,,,false,012330,현대모비스,"[{""date"":""2026-09-23"",""foreignNet"":-9927,""institutionNet"":-26146,""individualNet"":36381,""foreignHoldRatioPct"":37.79,""unit"":""shares"",""status"":""reported""},{""date"":""2026-09-28"",""foreignNet"":31981,""institutionNet"":-4369,""individualNet"":-26399,""foreignHoldRatioPct"":37.83,""unit"":""shares"",""status"":""reported""},{""date"":""2026-09-29"",""foreignNet"":-4116,""institutionNet"":1286,""individualNet"":3910,""foreignHoldRatioPct"":37.77,""unit"":""shares"",""status"":""reported""}]","[{""code"":""012330"",""date"":""2026-09-29"",""field"":""foreignHoldRatioPct"",""before"":37.83,""after"":37.77,""beforeFetchedAt"":""2026-09-29T22:27:37.452Z""}]",https://m.stock.naver.com/api/stock/012330/trend?pageSize=10&page=1,4ff940d946260b9428d8de90850bebb6cea40352ca1921665be8d26e425c5873,,,,,,,,,,
collection-db869dde41336ba0,collection,2026-09-30,2026-09-30T08:21:48Z,,,"{""contextFile"":""reports/atlas11/context/2026-09-30/2026-09-30T08-21-48Z.json""}",context_flows,2026-09-30,보고값,,,,,false,012450,한화에어로스페이스,"[{""date"":""2026-09-23"",""foreignNet"":-28876,""institutionNet"":-7083,""individualNet"":35783,""foreignHoldRatioPct"":45.22,""unit"":""shares"",""status"":""reported""},{""date"":""2026-09-28"",""foreignNet"":6322,""institutionNet"":-236,""individualNet"":-6001,""foreignHoldRatioPct"":45.25,""unit"":""shares"",""status"":""reported""},{""date"":""2026-09-29"",""foreignNet"":6108,""institutionNet"":-14593,""individualNet"":11301,""foreignHoldRatioPct"":45.26,""unit"":""shares"",""status"":""reported""}]",[],https://m.stock.naver.com/api/stock/012450/trend?pageSize=10&page=1,b768d6243962238dbb2afb1f6a5932588943c8119f67d0e1768c521644d3b990,,,,,,,,,,
collection-ddd9b05c17bc89f8,collection,2026-09-30,2026-09-30T08:21:48Z,,,"{""contextFile"":""reports/atlas11/context/2026-09-30/2026-09-30T08-21-48Z.json""}",context_flows,2026-09-30,정정 있음,,,,,false,015760,한국전력,"[{""date"":""2026-09-23"",""foreignNet"":-338442,""institutionNet"":-654182,""individualNet"":987663,""foreignHoldRatioPct"":20.52,""unit"":""shares"",""status"":""reported""},{""date"":""2026-09-28"",""foreignNet"":188790,""institutionNet"":73515,""individualNet"":-308227,""foreignHoldRatioPct"":20.56,""unit"":""shares"",""status"":""reported""},{""date"":""2026-09-29"",""foreignNet"":-220451,""institutionNet"":-280984,""individualNet"":452846,""foreignHoldRatioPct"":20.52,""unit"":""shares"",""status"":""reported""}]","[{""code"":""015760"",""date"":""2026-09-29"",""field"":""foreignHoldRatioPct"",""before"":20.53,""after"":20.52,""beforeFetchedAt"":""2026-09-29T22:27:38.815Z""}]",https://m.stock.naver.com/api/stock/015760/trend?pageSize=10&page=1,f89f8180504c17ebf49958f332c515ffdcd48b3074a16bd49396f5ee06c79efd,,,,,,,,,,
collection-5eb42eb427641065,collection,2026-09-30,2026-09-30T08:21:48Z,,,"{""contextFile"":""reports/atlas11/context/2026-09-30/2026-09-30T08-21-48Z.json""}",context_flows,2026-09-30,정정 있음,,,,,false,017670,SK텔레콤,"[{""date"":""2026-09-23"",""foreignNet"":111766,""institutionNet"":-114361,""individualNet"":6064,""foreignHoldRatioPct"":34.72,""unit"":""shares"",""status"":""reported""},{""date"":""2026-09-28"",""foreignNet"":85429,""institutionNet"":38233,""individualNet"":-123506,""foreignHoldRatioPct"":34.79,""unit"":""shares"",""status"":""reported""},{""date"":""2026-09-29"",""foreignNet"":-58971,""institutionNet"":4518,""individualNet"":55835,""foreignHoldRatioPct"":34.74,""unit"":""shares"",""status"":""reported""}]","[{""code"":""017670"",""date"":""2026-09-29"",""field"":""foreignHoldRatioPct"",""before"":34.77,""after"":34.74,""beforeFetchedAt"":""2026-09-29T22:27:39.400Z""}]",https://m.stock.naver.com/api/stock/017670/trend?pageSize=10&page=1,200678b1a6a05bc5107f91bfe3bfcb70ac9ce8d4c3999b7a26c0dcdea9dadac2,,,,,,,,,,
collection-fadc477d04d4654b,collection,2026-09-30,2026-09-30T08:21:48Z,,,"{""contextFile"":""reports/atlas11/context/2026-09-30/2026-09-30T08-21-48Z.json""}",context_flows,2026-09-30,보고값,,,,,false,018260,삼성에스디에스,"[{""date"":""2026-09-23"",""foreignNet"":10588,""institutionNet"":-23406,""individualNet"":12875,""foreignHoldRatioPct"":19.12,""unit"":""shares"",""status"":""reported""},{""date"":""2026-09-28"",""foreignNet"":19035,""institutionNet"":-10220,""individualNet"":-7789,""foreignHoldRatioPct"":19.2,""unit"":""shares"",""status"":""reported""},{""date"":""2026-09-29"",""foreignNet"":17823,""institutionNet"":-8780,""individualNet"":-11419,""foreignHoldRatioPct"":19.23,""unit"":""shares"",""status"":""reported""}]",[],https://m.stock.naver.com/api/stock/018260/trend?pageSize=10&page=1,37d56906b527b4ad48418c2aec89e7da2d323b8f6ac0764f5ca7d5155868b306,,,,,,,,,,
collection-dc1d43f0e7907ac6,collection,2026-09-30,2026-09-30T08:21:48Z,,,"{""contextFile"":""reports/atlas11/context/2026-09-30/2026-09-30T08-21-48Z.json""}",context_flows,2026-09-30,정정 있음,,,,,false,021240,코웨이,"[{""date"":""2026-09-23"",""foreignNet"":3258,""institutionNet"":-2847,""individualNet"":-400,""foreignHoldRatioPct"":54.29,""unit"":""shares"",""status"":""reported""},{""date"":""2026-09-28"",""foreignNet"":4010,""institutionNet"":676,""individualNet"":-4811,""foreignHoldRatioPct"":54.3,""unit"":""shares"",""status"":""reported""},{""date"":""2026-09-29"",""foreignNet"":-55346,""institutionNet"":59156,""individualNet"":-3739,""foreignHoldRatioPct"":54.23,""unit"":""shares"",""status"":""reported""}]","[{""code"":""021240"",""date"":""2026-09-29"",""field"":""foreignHoldRatioPct"",""before"":54.22,""after"":54.23,""beforeFetchedAt"":""2026-09-29T22:27:41.442Z""}]",https://m.stock.naver.com/api/stock/021240/trend?pageSize=10&page=1,9fcdc28cfc5cc999098686878086d5abf1e66388c099a3b381443e5c12b704c9,,,,,,,,,,
collection-870ef5fb8a45968a,collection,2026-09-30,2026-09-30T08:21:48Z,,,"{""contextFile"":""reports/atlas11/context/2026-09-30/2026-09-30T08-21-48Z.json""}",context_flows,2026-09-30,정정 있음,,,,,false,028260,삼성물산,"[{""date"":""2026-09-23"",""foreignNet"":19699,""institutionNet"":9962,""individualNet"":-29651,""foreignHoldRatioPct"":30.66,""unit"":""shares"",""status"":""reported""},{""date"":""2026-09-28"",""foreignNet"":-111748,""institutionNet"":-37326,""individualNet"":151075,""foreignHoldRatioPct"":30.56,""unit"":""shares"",""status"":""reported""},{""date"":""2026-09-29"",""foreignNet"":-30732,""institutionNet"":24309,""individualNet"":6138,""foreignHoldRatioPct"":30.54,""unit"":""shares"",""status"":""reported""}]","[{""code"":""028260"",""date"":""2026-09-29"",""field"":""foreignHoldRatioPct"",""before"":30.55,""after"":30.54,""beforeFetchedAt"":""2026-09-29T22:27:36.663Z""}]",https://m.stock.naver.com/api/stock/028260/trend?pageSize=10&page=1,c253620a55a247f80db3db95eaf1c854306aa11709d48b18f10f9755b5c8219e,,,,,,,,,,
collection-463d6eda0537a44d,collection,2026-09-30,2026-09-30T08:21:48Z,,,"{""contextFile"":""reports/atlas11/context/2026-09-30/2026-09-30T08-21-48Z.json""}",context_flows,2026-09-30,정정 있음,,,,,false,028300,HLB,"[{""date"":""2026-09-23"",""foreignNet"":-138705,""institutionNet"":-39799,""individualNet"":179986,""foreignHoldRatioPct"":16.64,""unit"":""shares"",""status"":""reported""},{""date"":""2026-09-28"",""foreignNet"":-156868,""institutionNet"":-104017,""individualNet"":258288,""foreignHoldRatioPct"":15.95,""unit"":""shares"",""status"":""reported""},{""date"":""2026-09-29"",""foreignNet"":-1960295,""institutionNet"":-611209,""individualNet"":2547685,""foreignHoldRatioPct"":14.26,""unit"":""shares"",""status"":""reported""}]","[{""code"":""028300"",""date"":""2026-09-29"",""field"":""foreignHoldRatioPct"",""before"":14.48,""after"":14.26,""beforeFetchedAt"":""2026-09-29T22:27:42.127Z""}]",https://m.stock.naver.com/api/stock/028300/trend?pageSize=10&page=1,1608ef522aef0d3678edc896e43fcbf9c8d104ad6e4e338522cf102ad011060f,,,,,,,,,,
collection-9342959963a5aff4,collection,2026-09-30,2026-09-30T08:21:48Z,,,"{""contextFile"":""reports/atlas11/context/2026-09-30/2026-09-30T08-21-48Z.json""}",context_flows,2026-09-30,정정 있음,,,,,false,029780,삼성카드,"[{""date"":""2026-09-23"",""foreignNet"":83,""institutionNet"":-19835,""individualNet"":19497,""foreignHoldRatioPct"":5.01,""unit"":""shares"",""status"":""reported""},{""date"":""2026-09-28"",""foreignNet"":100487,""institutionNet"":-81570,""individualNet"":-18719,""foreignHoldRatioPct"":5.16,""unit"":""shares"",""status"":""reported""},{""date"":""2026-09-29"",""foreignNet"":-26025,""institutionNet"":-17651,""individualNet"":43306,""foreignHoldRatioPct"":5.09,""unit"":""shares"",""status"":""reported""}]","[{""code"":""029780"",""date"":""2026-09-29"",""field"":""foreignHoldRatioPct"",""before"":5.14,""after"":5.09,""beforeFetchedAt"":""2026-09-29T22:27:42.090Z""}]",https://m.stock.naver.com/api/stock/029780/trend?pageSize=10&page=1,fd6d7f85f1aa7adf3dbd19d8b2358d1eded01d37265ee7096edf1c20ce925030,,,,,,,,,,
collection-5a8f6692496b75e2,collection,2026-09-30,2026-09-30T08:21:48Z,,,"{""contextFile"":""reports/atlas11/context/2026-09-30/2026-09-30T08-21-48Z.json""}",context_flows,2026-09-30,보고값,,,,,false,030200,KT,"[{""date"":""2026-09-23"",""foreignNet"":-4242,""institutionNet"":-26337,""individualNet"":23121,""foreignHoldRatioPct"":49,""unit"":""shares"",""status"":""reported""},{""date"":""2026-09-28"",""foreignNet"":-2619,""institutionNet"":13144,""individualNet"":-17241,""foreignHoldRatioPct"":49,""unit"":""shares"",""status"":""reported""},{""date"":""2026-09-29"",""foreignNet"":-5522,""institutionNet"":-5735,""individualNet"":3473,""foreignHoldRatioPct"":49,""unit"":""shares"",""status"":""reported""}]",[],https://m.stock.naver.com/api/stock/030200/trend?pageSize=10&page=1,b99d4f882ab8fee1ec7c25281989588c877d63d483d09090249560d9aa6cb23d,,,,,,,,,,
collection-129efbfec02b5ad2,collection,2026-09-30,2026-09-30T08:21:48Z,,,"{""contextFile"":""reports/atlas11/context/2026-09-30/2026-09-30T08-21-48Z.json""}",context_flows,2026-09-30,정정 있음,,,,,false,032830,삼성생명보험,"[{""date"":""2026-09-23"",""foreignNet"":-25853,""institutionNet"":17020,""individualNet"":6740,""foreignHoldRatioPct"":23.11,""unit"":""shares"",""status"":""reported""},{""date"":""2026-09-28"",""foreignNet"":39281,""institutionNet"":-15791,""individualNet"":-27215,""foreignHoldRatioPct"":23.14,""unit"":""shares"",""status"":""reported""},{""date"":""2026-09-29"",""foreignNet"":-23976,""institutionNet"":4726,""individualNet"":19303,""foreignHoldRatioPct"":23.11,""unit"":""shares"",""status"":""reported""}]","[{""code"":""032830"",""date"":""2026-09-29"",""field"":""foreignHoldRatioPct"",""before"":23.13,""after"":23.11,""beforeFetchedAt"":""2026-09-29T22:27:36.685Z""}]",https://m.stock.naver.com/api/stock/032830/trend?pageSize=10&page=1,2f34c74c4397713b034f1dc432aba00656c8ee60353b7bca6395170a2b15c352,,,,,,,,,,
collection-14763e3a56c49eff,collection,2026-09-30,2026-09-30T08:21:48Z,,,"{""contextFile"":""reports/atlas11/context/2026-09-30/2026-09-30T08-21-48Z.json""}",context_flows,2026-09-30,정정 있음,,,,,false,033780,KT&G,"[{""date"":""2026-09-23"",""foreignNet"":18872,""institutionNet"":-60671,""individualNet"":844,""foreignHoldRatioPct"":51.21,""unit"":""shares"",""status"":""reported""},{""date"":""2026-09-28"",""foreignNet"":-3593,""institutionNet"":-15902,""individualNet"":-20141,""foreignHoldRatioPct"":51.22,""unit"":""shares"",""status"":""reported""},{""date"":""2026-09-29"",""foreignNet"":-21035,""institutionNet"":10358,""individualNet"":-29293,""foreignHoldRatioPct"":51.21,""unit"":""shares"",""status"":""reported""}]","[{""code"":""033780"",""date"":""2026-09-29"",""field"":""foreignHoldRatioPct"",""before"":51.2,""after"":51.21,""beforeFetchedAt"":""2026-09-29T22:27:39.493Z""}]",https://m.stock.naver.com/api/stock/033780/trend?pageSize=10&page=1,22e7cb38150aeead55bca6a06fa5c928ffef713bc131c46b8548089e155548be,,,,,,,,,,
collection-8ed1047be840c0f6,collection,2026-09-30,2026-09-30T08:21:48Z,,,"{""contextFile"":""reports/atlas11/context/2026-09-30/2026-09-30T08-21-48Z.json""}",context_flows,2026-09-30,정정 있음,,,,,false,034020,두산에너빌리티,"[{""date"":""2026-09-23"",""foreignNet"":-1560727,""institutionNet"":-869702,""individualNet"":2402184,""foreignHoldRatioPct"":22.73,""unit"":""shares"",""status"":""reported""},{""date"":""2026-09-28"",""foreignNet"":-128386,""institutionNet"":-48275,""individualNet"":222511,""foreignHoldRatioPct"":22.74,""unit"":""shares"",""status"":""reported""},{""date"":""2026-09-29"",""foreignNet"":-565956,""institutionNet"":-394067,""individualNet"":956458,""foreignHoldRatioPct"":22.71,""unit"":""shares"",""status"":""reported""}]","[{""code"":""034020"",""date"":""2026-09-29"",""field"":""foreignHoldRatioPct"",""before"":22.65,""after"":22.71,""beforeFetchedAt"":""2026-09-29T22:27:37.330Z""}]",https://m.stock.naver.com/api/stock/034020/trend?pageSize=10&page=1,9bee5098b7878343b6a44f81220f9de6c879d1b5bc153ea66959adfa240a213e,,,,,,,,,,
collection-86f913f266b98e2d,collection,2026-09-30,2026-09-30T08:21:48Z,,,"{""contextFile"":""reports/atlas11/context/2026-09-30/2026-09-30T08-21-48Z.json""}",context_flows,2026-09-30,보고값,,,,,false,034730,SK,"[{""date"":""2026-09-23"",""foreignNet"":2733,""institutionNet"":33137,""individualNet"":-35383,""foreignHoldRatioPct"":30.26,""unit"":""shares"",""status"":""reported""},{""date"":""2026-09-28"",""foreignNet"":-42671,""institutionNet"":25501,""individualNet"":16860,""foreignHoldRatioPct"":30.17,""unit"":""shares"",""status"":""reported""},{""date"":""2026-09-29"",""foreignNet"":-12240,""institutionNet"":19848,""individualNet"":-7750,""foreignHoldRatioPct"":30.16,""unit"":""shares"",""status"":""reported""}]",[],https://m.stock.naver.com/api/stock/034730/trend?pageSize=10&page=1,d6d55a965268f9f2948012aeeaab7bed456cc9387a3feb7d4cdf148744d44e4f,,,,,,,,,,
collection-3ee9211f9c451b76,collection,2026-09-30,2026-09-30T08:21:48Z,,,"{""contextFile"":""reports/atlas11/context/2026-09-30/2026-09-30T08-21-48Z.json""}",context_flows,2026-09-30,정정 있음,,,,,false,035420,NAVER,"[{""date"":""2026-09-23"",""foreignNet"":-315866,""institutionNet"":-399470,""individualNet"":729506,""foreignHoldRatioPct"":35.56,""unit"":""shares"",""status"":""reported""},{""date"":""2026-09-28"",""foreignNet"":180834,""institutionNet"":85691,""individualNet"":-265725,""foreignHoldRatioPct"":35.76,""unit"":""shares"",""status"":""reported""},{""date"":""2026-09-29"",""foreignNet"":-7317,""institutionNet"":-126375,""individualNet"":132218,""foreignHoldRatioPct"":35.66,""unit"":""shares"",""status"":""reported""}]","[{""code"":""035420"",""date"":""2026-09-29"",""field"":""foreignHoldRatioPct"",""before"":35.75,""after"":35.66,""beforeFetchedAt"":""2026-09-29T22:27:38.002Z""}]",https://m.stock.naver.com/api/stock/035420/trend?pageSize=10&page=1,61966ac98e33417ccaecbe28b405dba019225e5e19c69a794802fb64f9f72241,,,,,,,,,,
collection-21b6f2433075354d,collection,2026-09-30,2026-09-30T08:21:48Z,,,"{""contextFile"":""reports/atlas11/context/2026-09-30/2026-09-30T08-21-48Z.json""}",context_flows,2026-09-30,정정 있음,,,,,false,036460,한국가스공사,"[{""date"":""2026-09-23"",""foreignNet"":-107756,""institutionNet"":108947,""individualNet"":-1394,""foreignHoldRatioPct"":13.3,""unit"":""shares"",""status"":""reported""},{""date"":""2026-09-28"",""foreignNet"":20432,""institutionNet"":2014,""individualNet"":-22891,""foreignHoldRatioPct"":13.32,""unit"":""shares"",""status"":""reported""},{""date"":""2026-09-29"",""foreignNet"":-9912,""institutionNet"":-5233,""individualNet"":13515,""foreignHoldRatioPct"":13.29,""unit"":""shares"",""status"":""reported""}]","[{""code"":""036460"",""date"":""2026-09-29"",""field"":""foreignHoldRatioPct"",""before"":13.31,""after"":13.29,""beforeFetchedAt"":""2026-09-29T22:27:42.758Z""}]",https://m.stock.naver.com/api/stock/036460/trend?pageSize=10&page=1,2e44f43e6e2626b1ec527c4759c34a7873d9a8299cefcbbd9106706e1b00f38d,,,,,,,,,,
collection-d12cbe59a38ddfa5,collection,2026-09-30,2026-09-30T08:21:48Z,,,"{""contextFile"":""reports/atlas11/context/2026-09-30/2026-09-30T08-21-48Z.json""}",context_flows,2026-09-30,정정 있음,,,,,false,047050,포스코인터내셔널,"[{""date"":""2026-09-23"",""foreignNet"":-19349,""institutionNet"":-114717,""individualNet"":134689,""foreignHoldRatioPct"":6.16,""unit"":""shares"",""status"":""reported""},{""date"":""2026-09-28"",""foreignNet"":175298,""institutionNet"":15726,""individualNet"":-193234,""foreignHoldRatioPct"":6.3,""unit"":""shares"",""status"":""reported""},{""date"":""2026-09-29"",""foreignNet"":-125263,""institutionNet"":-66415,""individualNet"":190895,""foreignHoldRatioPct"":6.19,""unit"":""shares"",""status"":""reported""}]","[{""code"":""047050"",""date"":""2026-09-29"",""field"":""foreignHoldRatioPct"",""before"":6.23,""after"":6.19,""beforeFetchedAt"":""2026-09-29T22:27:40.840Z""}]",https://m.stock.naver.com/api/stock/047050/trend?pageSize=10&page=1,42bea94d9ff15c9ec910076d80341152a8e7873d1c4c47197e697f4c6a68ea2c,,,,,,,,,,
collection-49f4f583421c34cb,collection,2026-09-30,2026-09-30T08:21:48Z,,,"{""contextFile"":""reports/atlas11/context/2026-09-30/2026-09-30T08-21-48Z.json""}",context_flows,2026-09-30,정정 있음,,,,,false,051910,LG화학,"[{""date"":""2026-09-23"",""foreignNet"":-11445,""institutionNet"":-2537,""individualNet"":13886,""foreignHoldRatioPct"":36.51,""unit"":""shares"",""status"":""reported""},{""date"":""2026-09-28"",""foreignNet"":28866,""institutionNet"":15299,""individualNet"":-44410,""foreignHoldRatioPct"":36.59,""unit"":""shares"",""status"":""reported""},{""date"":""2026-09-29"",""foreignNet"":-52834,""institutionNet"":-22034,""individualNet"":74449,""foreignHoldRatioPct"":36.47,""unit"":""shares"",""status"":""reported""}]","[{""code"":""051910"",""date"":""2026-09-29"",""field"":""foreignHoldRatioPct"",""before"":36.52,""after"":36.47,""beforeFetchedAt"":""2026-09-29T22:27:39.368Z""}]",https://m.stock.naver.com/api/stock/051910/trend?pageSize=10&page=1,412ded184daacc97fe3cf3efbc9bd86f2f7608450306a877149ef49eb95b168d,,,,,,,,,,
collection-0598bc1e9f4b52f8,collection,2026-09-30,2026-09-30T08:21:48Z,,,"{""contextFile"":""reports/atlas11/context/2026-09-30/2026-09-30T08-21-48Z.json""}",context_flows,2026-09-30,정정 있음,,,,,false,066570,LG전자,"[{""date"":""2026-09-23"",""foreignNet"":-133600,""institutionNet"":28694,""individualNet"":104876,""foreignHoldRatioPct"":29.89,""unit"":""shares"",""status"":""reported""},{""date"":""2026-09-28"",""foreignNet"":179347,""institutionNet"":17866,""individualNet"":-197654,""foreignHoldRatioPct"":30,""unit"":""shares"",""status"":""reported""},{""date"":""2026-09-29"",""foreignNet"":71247,""institutionNet"":12640,""individualNet"":-65109,""foreignHoldRatioPct"":30.03,""unit"":""shares"",""status"":""reported""}]","[{""code"":""066570"",""date"":""2026-09-29"",""field"":""foreignHoldRatioPct"",""before"":30.04,""after"":30.03,""beforeFetchedAt"":""2026-09-29T22:27:38.001Z""}]",https://m.stock.naver.com/api/stock/066570/trend?pageSize=10&page=1,a376b0e2e0f90823a9db0d3f37f044613e679946ff80006bef51c95b101143a3,,,,,,,,,,
collection-2c777588e2959241,collection,2026-09-30,2026-09-30T08:21:48Z,,,"{""contextFile"":""reports/atlas11/context/2026-09-30/2026-09-30T08-21-48Z.json""}",context_flows,2026-09-30,보고값,,,,,false,086280,현대글로비스,"[{""date"":""2026-09-23"",""foreignNet"":-8008,""institutionNet"":-54479,""individualNet"":60950,""foreignHoldRatioPct"":46.63,""unit"":""shares"",""status"":""reported""},{""date"":""2026-09-28"",""foreignNet"":52573,""institutionNet"":-36800,""individualNet"":-15612,""foreignHoldRatioPct"":46.71,""unit"":""shares"",""status"":""reported""},{""date"":""2026-09-29"",""foreignNet"":17508,""institutionNet"":-28848,""individualNet"":11152,""foreignHoldRatioPct"":46.73,""unit"":""shares"",""status"":""reported""}]",[],https://m.stock.naver.com/api/stock/086280/trend?pageSize=10&page=1,02fb9e991e456725d7de4a04dba2dc16085bae5a4bcd62432501b550fa1ea6a5,,,,,,,,,,
collection-eedeaa1284c58f10,collection,2026-09-30,2026-09-30T08:21:48Z,,,"{""contextFile"":""reports/atlas11/context/2026-09-30/2026-09-30T08-21-48Z.json""}",context_flows,2026-09-30,정정 있음,,,,,false,105560,KB금융,"[{""date"":""2026-09-23"",""foreignNet"":-128026,""institutionNet"":92288,""individualNet"":36396,""foreignHoldRatioPct"":78.78,""unit"":""shares"",""status"":""reported""},{""date"":""2026-09-28"",""foreignNet"":-61085,""institutionNet"":97509,""individualNet"":-32557,""foreignHoldRatioPct"":78.76,""unit"":""shares"",""status"":""reported""},{""date"":""2026-09-29"",""foreignNet"":-179799,""institutionNet"":166149,""individualNet"":12136,""foreignHoldRatioPct"":78.69,""unit"":""shares"",""status"":""reported""}]","[{""code"":""105560"",""date"":""2026-09-29"",""field"":""foreignHoldRatioPct"",""before"":78.71,""after"":78.69,""beforeFetchedAt"":""2026-09-29T22:27:36.668Z""}]",https://m.stock.naver.com/api/stock/105560/trend?pageSize=10&page=1,774f9064c923ad94135ca3721c3020a47ae1be977765af3f5ca71a49e4af529a,,,,,,,,,,
collection-03cee1323326b818,collection,2026-09-30,2026-09-30T08:21:48Z,,,"{""contextFile"":""reports/atlas11/context/2026-09-30/2026-09-30T08-21-48Z.json""}",context_flows,2026-09-30,정정 있음,,,,,false,196170,알테오젠,"[{""date"":""2026-09-23"",""foreignNet"":16785,""institutionNet"":-14818,""individualNet"":-1717,""foreignHoldRatioPct"":15.21,""unit"":""shares"",""status"":""reported""},{""date"":""2026-09-28"",""foreignNet"":-12947,""institutionNet"":20848,""individualNet"":-8388,""foreignHoldRatioPct"":15.52,""unit"":""shares"",""status"":""reported""},{""date"":""2026-09-29"",""foreignNet"":14870,""institutionNet"":31806,""individualNet"":-47055,""foreignHoldRatioPct"":15.47,""unit"":""shares"",""status"":""reported""}]","[{""code"":""196170"",""date"":""2026-09-29"",""field"":""foreignHoldRatioPct"",""before"":15.54,""after"":15.47,""beforeFetchedAt"":""2026-09-29T22:27:40.027Z""}]",https://m.stock.naver.com/api/stock/196170/trend?pageSize=10&page=1,453c834ef54ef9d2c724a8a20cda92deec090ccee53faace41ab9666a13053e2,,,,,,,,,,
collection-40fb94d5bcc28bbc,collection,2026-09-30,2026-09-30T08:21:48Z,,,"{""contextFile"":""reports/atlas11/context/2026-09-30/2026-09-30T08-21-48Z.json""}",context_flows,2026-09-30,정정 있음,,,,,false,207940,삼성바이오로직스,"[{""date"":""2026-09-23"",""foreignNet"":-7120,""institutionNet"":-6886,""individualNet"":13835,""foreignHoldRatioPct"":13.22,""unit"":""shares"",""status"":""reported""},{""date"":""2026-09-28"",""foreignNet"":5938,""institutionNet"":877,""individualNet"":-6703,""foreignHoldRatioPct"":13.25,""unit"":""shares"",""status"":""reported""},{""date"":""2026-09-29"",""foreignNet"":-4209,""institutionNet"":-694,""individualNet"":4850,""foreignHoldRatioPct"":13.23,""unit"":""shares"",""status"":""reported""}]","[{""code"":""207940"",""date"":""2026-09-29"",""field"":""foreignHoldRatioPct"",""before"":13.24,""after"":13.23,""beforeFetchedAt"":""2026-09-29T22:27:36.118Z""}]",https://m.stock.naver.com/api/stock/207940/trend?pageSize=10&page=1,cc8a1150c76fed35da8667e13ad8659ef07eb26c737d495415ef935b329c898e,,,,,,,,,,
collection-10965e954b16fb0f,collection,2026-09-30,2026-09-30T08:21:48Z,,,"{""contextFile"":""reports/atlas11/context/2026-09-30/2026-09-30T08-21-48Z.json""}",context_flows,2026-09-30,정정 있음,,,,,false,226950,올릭스,"[{""date"":""2026-09-23"",""foreignNet"":22802,""institutionNet"":-44898,""individualNet"":21817,""foreignHoldRatioPct"":10.11,""unit"":""shares"",""status"":""reported""},{""date"":""2026-09-28"",""foreignNet"":-35775,""institutionNet"":56108,""individualNet"":-20878,""foreignHoldRatioPct"":10,""unit"":""shares"",""status"":""reported""},{""date"":""2026-09-29"",""foreignNet"":-8570,""institutionNet"":-6531,""individualNet"":17053,""foreignHoldRatioPct"":10.06,""unit"":""shares"",""status"":""reported""}]","[{""code"":""226950"",""date"":""2026-09-29"",""field"":""foreignHoldRatioPct"",""before"":9.97,""after"":10.06,""beforeFetchedAt"":""2026-09-29T22:27:43.560Z""}]",https://m.stock.naver.com/api/stock/226950/trend?pageSize=10&page=1,00523adafe9e474ee31e9404c2b2f2a72ee1e35ce7f92c60bc8036e8b8470b27,,,,,,,,,,
collection-ec1346a6ad0de4a2,collection,2026-09-30,2026-09-30T08:21:48Z,,,"{""contextFile"":""reports/atlas11/context/2026-09-30/2026-09-30T08-21-48Z.json""}",context_flows,2026-09-30,정정 있음,,,,,false,257720,실리콘투,"[{""date"":""2026-09-23"",""foreignNet"":97066,""institutionNet"":-234005,""individualNet"":141550,""foreignHoldRatioPct"":12.52,""unit"":""shares"",""status"":""reported""},{""date"":""2026-09-28"",""foreignNet"":-8383,""institutionNet"":-148841,""individualNet"":160722,""foreignHoldRatioPct"":12.45,""unit"":""shares"",""status"":""reported""},{""date"":""2026-09-29"",""foreignNet"":-147614,""institutionNet"":122672,""individualNet"":37160,""foreignHoldRatioPct"":12.24,""unit"":""shares"",""status"":""reported""}]","[{""code"":""257720"",""date"":""2026-09-29"",""field"":""foreignHoldRatioPct"",""before"":12.23,""after"":12.24,""beforeFetchedAt"":""2026-09-29T22:27:43.473Z""}]",https://m.stock.naver.com/api/stock/257720/trend?pageSize=10&page=1,1fe7d376b719b8df353e566c0937d6654bb27b21eeefe09bd92b10da238c6edc,,,,,,,,,,
collection-9fbc8fb9e6041b00,collection,2026-09-30,2026-09-30T08:21:48Z,,,"{""contextFile"":""reports/atlas11/context/2026-09-30/2026-09-30T08-21-48Z.json""}",context_flows,2026-09-30,정정 있음,,,,,false,259960,크래프톤,"[{""date"":""2026-09-23"",""foreignNet"":-14215,""institutionNet"":-1386,""individualNet"":15506,""foreignHoldRatioPct"":43.33,""unit"":""shares"",""status"":""reported""},{""date"":""2026-09-28"",""foreignNet"":8772,""institutionNet"":3076,""individualNet"":-11705,""foreignHoldRatioPct"":43.35,""unit"":""shares"",""status"":""reported""},{""date"":""2026-09-29"",""foreignNet"":6340,""institutionNet"":-17567,""individualNet"":10698,""foreignHoldRatioPct"":43.35,""unit"":""shares"",""status"":""reported""}]","[{""code"":""259960"",""date"":""2026-09-29"",""field"":""foreignHoldRatioPct"",""before"":43.37,""after"":43.35,""beforeFetchedAt"":""2026-09-29T22:27:41.390Z""}]",https://m.stock.naver.com/api/stock/259960/trend?pageSize=10&page=1,671d11b7bce19d82d99a86f08ca7c9891fdca23e6b7948666a1e07282572c5eb,,,,,,,,,,
collection-5a916b24347aad50,collection,2026-09-30,2026-09-30T08:21:48Z,,,"{""contextFile"":""reports/atlas11/context/2026-09-30/2026-09-30T08-21-48Z.json""}",context_flows,2026-09-30,정정 있음,,,,,false,278470,에이피알,"[{""date"":""2026-09-23"",""foreignNet"":18534,""institutionNet"":13870,""individualNet"":-29866,""foreignHoldRatioPct"":38.2,""unit"":""shares"",""status"":""reported""},{""date"":""2026-09-28"",""foreignNet"":-12365,""institutionNet"":13442,""individualNet"":-1808,""foreignHoldRatioPct"":38.18,""unit"":""shares"",""status"":""reported""},{""date"":""2026-09-29"",""foreignNet"":7166,""institutionNet"":-18747,""individualNet"":11248,""foreignHoldRatioPct"":38.22,""unit"":""shares"",""status"":""reported""}]","[{""code"":""278470"",""date"":""2026-09-29"",""field"":""foreignHoldRatioPct"",""before"":38.2,""after"":38.22,""beforeFetchedAt"":""2026-09-29T22:27:40.707Z""}]",https://m.stock.naver.com/api/stock/278470/trend?pageSize=10&page=1,b60954cd3ee3a1121a3c4955df14356f6ce09a281d9399fc88da983f654ecf2f,,,,,,,,,,
collection-374bed519bd04297,collection,2026-09-30,2026-09-30T08:21:48Z,,,"{""contextFile"":""reports/atlas11/context/2026-09-30/2026-09-30T08-21-48Z.json""}",context_flows,2026-09-30,정정 있음,,,,,false,329180,HD현대중공업,"[{""date"":""2026-09-23"",""foreignNet"":3036,""institutionNet"":-56056,""individualNet"":55317,""foreignHoldRatioPct"":13.72,""unit"":""shares"",""status"":""reported""},{""date"":""2026-09-28"",""foreignNet"":1882,""institutionNet"":2096,""individualNet"":-4633,""foreignHoldRatioPct"":13.72,""unit"":""shares"",""status"":""reported""},{""date"":""2026-09-29"",""foreignNet"":28130,""institutionNet"":-69479,""individualNet"":40868,""foreignHoldRatioPct"":13.73,""unit"":""shares"",""status"":""reported""}]","[{""code"":""329180"",""date"":""2026-09-29"",""field"":""foreignHoldRatioPct"",""before"":13.75,""after"":13.73,""beforeFetchedAt"":""2026-09-29T22:27:37.324Z""}]",https://m.stock.naver.com/api/stock/329180/trend?pageSize=10&page=1,b6cebd2704e13f998f4b3e98f8d3f0c771e6d5f7d3c1e5d908b3c3d854cd6fa5,,,,,,,,,,
collection-94ce3815cff83d77,collection,2026-09-30,2026-09-30T08:21:48Z,,,"{""contextFile"":""reports/atlas11/context/2026-09-30/2026-09-30T08-21-48Z.json""}",context_flows,2026-09-30,정정 있음,,,,,false,352820,하이브,"[{""date"":""2026-09-23"",""foreignNet"":20105,""institutionNet"":-32856,""individualNet"":14854,""foreignHoldRatioPct"":17.98,""unit"":""shares"",""status"":""reported""},{""date"":""2026-09-28"",""foreignNet"":43401,""institutionNet"":21068,""individualNet"":-64143,""foreignHoldRatioPct"":18.16,""unit"":""shares"",""status"":""reported""},{""date"":""2026-09-29"",""foreignNet"":-34942,""institutionNet"":-11413,""individualNet"":46080,""foreignHoldRatioPct"":18.21,""unit"":""shares"",""status"":""reported""}]","[{""code"":""352820"",""date"":""2026-09-29"",""field"":""foreignHoldRatioPct"",""before"":18.07,""after"":18.21,""beforeFetchedAt"":""2026-09-29T22:27:41.517Z""}]",https://m.stock.naver.com/api/stock/352820/trend?pageSize=10&page=1,c37e56d5de43139b243578e3bd1620cecee87079e4d204d56f7338d2d539f52e,,,,,,,,,,
collection-dec6b4e899d3ce70,collection,2026-09-30,2026-09-30T08:21:48Z,,,"{""contextFile"":""reports/atlas11/context/2026-09-30/2026-09-30T08-21-48Z.json""}",context_flows,2026-09-30,정정 있음,,,,,false,373220,LG에너지솔루션,"[{""date"":""2026-09-23"",""foreignNet"":8538,""institutionNet"":10657,""individualNet"":-3339,""foreignHoldRatioPct"":5.57,""unit"":""shares"",""status"":""reported""},{""date"":""2026-09-28"",""foreignNet"":67811,""institutionNet"":59943,""individualNet"":-122379,""foreignHoldRatioPct"":5.63,""unit"":""shares"",""status"":""reported""},{""date"":""2026-09-29"",""foreignNet"":-46140,""institutionNet"":-21187,""individualNet"":66662,""foreignHoldRatioPct"":5.59,""unit"":""shares"",""status"":""reported""}]","[{""code"":""373220"",""date"":""2026-09-29"",""field"":""foreignHoldRatioPct"",""before"":5.61,""after"":5.59,""beforeFetchedAt"":""2026-09-29T22:27:36.024Z""}]",https://m.stock.naver.com/api/stock/373220/trend?pageSize=10&page=1,b8f320ab548a019b0a2fb7255558138db9879a0edd44769c4bcea1a4c5dc2bf0,,,,,,,,,,
collection-708450aa06da81e8,collection,2026-09-30,2026-09-30T08:21:48Z,,,"{""contextFile"":""reports/atlas11/context/2026-09-30/2026-09-30T08-21-48Z.json""}",context_news,2026-09-30,새 기사,,,,,false,000720,현대건설,,,https://m.stock.naver.com/api/news/stock/000720?pageSize=20&page=1,e033c5a1eb9302536913e6dae126ddf2572679ff8facf6e15abec6f28f40dffb,"[{""id"":""029-0003050695"",""office"":""디지털타임스"",""publishedAt"":""2026-09-30T14:11:00+09:00"",""title"":""현대건설 ‘반포 디에이치 클래스트’ 현장서 근로자 1명 사망"",""url"":""https://n.news.naver.com/mnews/article/029/0003050695"",""duplicateOf"":null,""mentionsName"":true},{""id"":""293-0000091059"",""office"":""블로터"",""publishedAt"":""2026-09-30T14:18:00+09:00"",""title"":""현대건설, '힐스테이트 고덕엘리스트' 1779가구 공급"",""url"":""https://n.news.naver.com/mnews/article/293/0000091059"",""duplicateOf"":null,""mentionsName"":true},{""id"":""243-0000103688"",""office"":""이코노미스트"",""publishedAt"":""2026-09-30T14:23:00+09:00"",""title"":""“서울 집값 부담에 경기 북부로”… 힐스테이트 양주옥정 파티오포레..."",""url"":""https://n.news.naver.com/mnews/article/243/0000103688"",""duplicateOf"":null,""mentionsName"":false},{""id"":""015-0005337619"",""office"":""한국경제"",""publishedAt"":""2026-09-30T14:38:00+09:00"",""title"":""\""일본도 포기했는데 한국이 나섰다\""…18조짜리 대어 뭐길래"",""url"":""https://n.news.naver.com/mnews/article/015/0005337619"",""duplicateOf"":null,""mentionsName"":false},{""id"":""015-0005337621"",""office"":""한국경제"",""publishedAt"":""2026-09-30T14:40:00+09:00"",""title"":""\""막막한 부동산 투자 해법 들으러 왔어요\"" [집코노미 박람회 2026]"",""url"":""https://n.news.naver.com/mnews/article/015/0005337621"",""duplicateOf"":null,""mentionsName"":false},{""id"":""014-0005582997"",""office"":""파이낸셜뉴스"",""publishedAt"":""2026-09-30T14:44:00+09:00"",""title"":""\""모든 인프라가 계획적\"" 도시개발지구의 힘… ‘시티오씨엘 9단지 오..."",""url"":""https://n.news.naver.com/mnews/article/014/0005582997"",""duplicateOf"":null,""mentionsName"":false},{""id"":""031-0001062366"",""office"":""아이뉴스24"",""publishedAt"":""2026-09-30T14:46:00+09:00"",""title"":""반포 재건축 현장서 30대 외노자 사망"",""url"":""https://n.news.naver.com/mnews/article/031/0001062366"",""duplicateOf"":null,""mentionsName"":false},{""id"":""119-0003138047"",""office"":""데일리안"",""publishedAt"":""2026-09-30T15:04:00+09:00"",""title"":""센트나인 등촌역, 4차 조합원 모집…내년 조합설립인가 신청 추진"",""url"":""https://n.news.naver.com/mnews/article/119/0003138047"",""duplicateOf"":null,""mentionsName"":false},{""id"":""015-0005337639"",""office"":""한국경제"",""publishedAt"":""2026-09-30T15:10:00+09:00"",""title"":""한강 조망·합정역세권…'라비움 한강' 눈길 [집코노미 박람회 2026]"",""url"":""https://n.news.naver.com/mnews/article/015/0005337639"",""duplicateOf"":null,""mentionsName"":false},{""id"":""421-0009201173"",""office"":""뉴스1"",""publishedAt"":""2026-09-30T15:19:00+09:00"",""title"":""국토위, BYD·테슬라 대표에 건설사 임원들 국감 증인 채택…김용범은..."",""url"":""https://n.news.naver.com/mnews/article/421/0009201173"",""duplicateOf"":null,""mentionsName"":false},{""id"":""008-0005420411"",""office"":""머니투데이"",""publishedAt"":""2026-09-30T15:26:00+09:00"",""title"":""\""새 먹거리는 원전·데이터센터\""…불황 속 인재 확보 나선 건설사들"",""url"":""https://n.news.naver.com/mnews/article/008/0005420411"",""duplicateOf"":null,""mentionsName"":false},{""id"":""215-0001267729"",""office"":""한국경제TV"",""publishedAt"":""2026-09-30T15:33:00+09:00"",""title"":""평택 '힐스테이트 고덕엘리스트' 분양…분상제 적용"",""url"":""https://n.news.naver.com/mnews/article/215/0001267729"",""duplicateOf"":null,""mentionsName"":false},{""id"":""421-0009201330"",""office"":""뉴스1"",""publishedAt"":""2026-09-30T15:46:00+09:00"",""title"":""국감 증인 셋 중 하나 기업인…이재용·최태원 막고 조희대 부르고"",""url"":""https://n.news.naver.com/mnews/article/421/0009201330"",""duplicateOf"":null,""mentionsName"":false},{""id"":""014-0005583077"",""office"":""파이낸셜뉴스"",""publishedAt"":""2026-09-30T15:54:00+09:00"",""title"":""대구·울산·경북, 미분양 소진율 '톱3'...신축 중심 '그린라이트'"",""url"":""https://n.news.naver.com/mnews/article/014/0005583077"",""duplicateOf"":null,""mentionsName"":false},{""id"":""003-0014224642"",""office"":""뉴시스"",""publishedAt"":""2026-09-30T16:02:00+09:00"",""title"":""목동8단지 '써밋'으로 간다…대우건설 수의계약 수순"",""url"":""https://n.news.naver.com/mnews/article/003/0014224642"",""duplicateOf"":null,""mentionsName"":false},{""id"":""008-0005420462"",""office"":""머니투데이"",""publishedAt"":""2026-09-30T16:21:00+09:00"",""title"":""물 청소 못하는 화장실?…\""변기 바꿔줘\"" 난리난 '국평 40억' 아파트"",""url"":""https://n.news.naver.com/mnews/article/008/0005420462"",""duplicateOf"":null,""mentionsName"":false},{""id"":""003-0014224701"",""office"":""뉴시스"",""publishedAt"":""2026-09-30T16:25:00+09:00"",""title"":""현대건설·포스코이앤씨 국토위 국감 소환…SK에코플랜트는 재논의"",""url"":""https://n.news.naver.com/mnews/article/003/0014224701"",""duplicateOf"":null,""mentionsName"":true},{""id"":""015-0005337693"",""office"":""한국경제"",""publishedAt"":""2026-09-30T16:29:00+09:00"",""title"":""천안 성성생활권 대단지 '더샵 천안라크원'…집코노미 박람회서 공개..."",""url"":""https://n.news.naver.com/mnews/article/015/0005337693"",""duplicateOf"":null,""mentionsName"":false},{""id"":""366-0001195377"",""office"":""조선비즈"",""publishedAt"":""2026-09-30T16:35:00+09:00"",""title"":""현대건설, ‘1조1148억’ 마천 5구역 우선협상대상자 선정"",""url"":""https://n.news.naver.com/mnews/article/366/0001195377"",""duplicateOf"":null,""mentionsName"":true},{""id"":""648-0000051207"",""office"":""비즈워치"",""publishedAt"":""2026-09-30T16:48:00+09:00"",""title"":""'이강석호 첫 성과' 대우건설, 용인 반도체 터 닦는다"",""url"":""https://n.news.naver.com/mnews/article/648/0000051207"",""duplicateOf"":null,""mentionsName"":false}]",20,0,,,,,,,
collection-90812c75bfa63b8f,collection,2026-09-30,2026-09-30T08:21:48Z,,,"{""contextFile"":""reports/atlas11/context/2026-09-30/2026-09-30T08-21-48Z.json""}",context_news,2026-09-30,새 기사,,,,,false,000810,삼성화재,,,https://m.stock.naver.com/api/news/stock/000810?pageSize=20&page=1,ecfe85adb62fc2daeac3a76c9bad40b0de2421122570ec3febb9a0e8d6004d36,"[{""id"":""021-0002821918"",""office"":""문화일보"",""publishedAt"":""2026-09-29T12:16:00+09:00"",""title"":""삼성, 헬릭스에 10억달러 투자… 글로벌 AI 생태계 직접 만든다"",""url"":""https://n.news.naver.com/mnews/article/021/0002821918"",""duplicateOf"":null,""mentionsName"":false},{""id"":""015-0005337430"",""office"":""한국경제"",""publishedAt"":""2026-09-30T08:00:00+09:00"",""title"":""\""삼성전자, AI 인프라에 10억달러 베팅…메모리 가치 재평가\""-KB"",""url"":""https://n.news.naver.com/mnews/article/015/0005337430"",""duplicateOf"":null,""mentionsName"":false},{""id"":""001-0016345342"",""office"":""연합뉴스"",""publishedAt"":""2026-09-30T08:35:00+09:00"",""title"":""KB증권 \""삼성전자, AI 인프라 투자로 전략적 가치 재평가\"""",""url"":""https://n.news.naver.com/mnews/article/001/0016345342"",""duplicateOf"":null,""mentionsName"":false},{""id"":""009-0005741797"",""office"":""매일경제"",""publishedAt"":""2026-09-30T10:11:00+09:00"",""title"":""만성콩팥병 환자 10년새 2배…의료비, 투석 첫해에만 2888만원"",""url"":""https://n.news.naver.com/mnews/article/009/0005741797"",""duplicateOf"":null,""mentionsName"":false},{""id"":""022-0004162929"",""office"":""세계일보"",""publishedAt"":""2026-09-30T11:33:00+09:00"",""title"":""63만원 vs 27만원… ‘대장주’ 삼성전자 주가 향방은"",""url"":""https://n.news.naver.com/mnews/article/022/0004162929"",""duplicateOf"":null,""mentionsName"":false},{""id"":""469-0000956794"",""office"":""한국일보"",""publishedAt"":""2026-09-30T11:44:00+09:00"",""title"":""삼성화재 \""말기콩팥병 환자 10명 중 1명, 말기 단계서 첫 진단\"""",""url"":""https://n.news.naver.com/mnews/article/469/0000956794"",""duplicateOf"":null,""mentionsName"":true},{""id"":""016-0002703868"",""office"":""헤럴드경제"",""publishedAt"":""2026-09-30T16:37:00+09:00"",""title"":""AI에 일자리 뺏긴 근로자 소득 보전 보험도 등장…“보험사들 판 다시..."",""url"":""https://n.news.naver.com/mnews/article/016/0002703868"",""duplicateOf"":null,""mentionsName"":false},{""id"":""584-0000039506"",""office"":""동아사이언스"",""publishedAt"":""2026-09-30T16:56:00+09:00"",""title"":""K-문샷 AI과학자 PD 재선임…임성빈 고려대 교수"",""url"":""https://n.news.naver.com/mnews/article/584/0000039506"",""duplicateOf"":null,""mentionsName"":false}]",8,0,,,,,,,
collection-e980e5d33f6764f6,collection,2026-09-30,2026-09-30T08:21:48Z,,,"{""contextFile"":""reports/atlas11/context/2026-09-30/2026-09-30T08-21-48Z.json""}",context_news,2026-09-30,새 기사,,,,,false,003230,삼양식품,,,https://m.stock.naver.com/api/news/stock/003230?pageSize=20&page=1,bac1321dcd48a5ee8511be3e4b53f801b2c3d73387262dbc5da3a524b137c27e,"[{""id"":""088-0001031344"",""office"":""매일신문"",""publishedAt"":""2026-09-30T10:01:00+09:00"",""title"":""환율 역풍에 주춤한 K푸드·K뷰티株…\""수출 체력은 그대로\"""",""url"":""https://n.news.naver.com/mnews/article/088/0001031344"",""duplicateOf"":null,""mentionsName"":false}]",1,0,,,,,,,
collection-d86ba2db6b9b74fe,collection,2026-09-30,2026-09-30T08:21:48Z,,,"{""contextFile"":""reports/atlas11/context/2026-09-30/2026-09-30T08-21-48Z.json""}",context_news,2026-09-30,새 기사,,,,,false,003490,대한항공,,,https://m.stock.naver.com/api/news/stock/003490?pageSize=20&page=1,2b731449abb1141a94b3882d7283047d12762700f3f12e610ac58530e97fe82f,"[{""id"":""018-0006377439"",""office"":""이데일리"",""publishedAt"":""2026-09-30T09:04:00+09:00"",""title"":""반도체 독주 끝나나…“3분기 깜짝 실적, 대한항공·넥스틴 주목”"",""url"":""https://n.news.naver.com/mnews/article/018/0006377439"",""duplicateOf"":null,""mentionsName"":true},{""id"":""030-0003470969"",""office"":""전자신문"",""publishedAt"":""2026-09-30T09:47:00+09:00"",""title"":""“양파링과 너구리가 만났다”…농심, 스낵 '너구링' 출시"",""url"":""https://n.news.naver.com/mnews/article/030/0003470969"",""duplicateOf"":null,""mentionsName"":false},{""id"":""658-0000157042"",""office"":""국제신문"",""publishedAt"":""2026-09-30T11:53:00+09:00"",""title"":""AI 날개 단 대한항공… 차세대 무인기로 K-방산 수출 정조준"",""url"":""https://n.news.naver.com/mnews/article/658/0000157042"",""duplicateOf"":null,""mentionsName"":true},{""id"":""001-0016346444"",""office"":""연합뉴스"",""publishedAt"":""2026-09-30T12:00:00+09:00"",""title"":""공정위, 대한항공-아시아나 시정조치 불이행 심의절차 개시"",""url"":""https://n.news.naver.com/mnews/article/001/0016346444"",""duplicateOf"":null,""mentionsName"":true},{""id"":""018-0006377692"",""office"":""이데일리"",""publishedAt"":""2026-09-30T13:30:00+09:00"",""title"":""건설사 CEO 국감 줄소환 피했다…현대·대우 본부장 증인 채택"",""url"":""https://n.news.naver.com/mnews/article/018/0006377692"",""duplicateOf"":null,""mentionsName"":false},{""id"":""469-0000956816"",""office"":""한국일보"",""publishedAt"":""2026-09-30T13:30:00+09:00"",""title"":""호주·일본 노선 확장… 지역명소 연결 다양한 여행체험 길 넓혀"",""url"":""https://n.news.naver.com/mnews/article/469/0000956816"",""duplicateOf"":null,""mentionsName"":false},{""id"":""081-0003684751"",""office"":""서울신문"",""publishedAt"":""2026-09-30T13:40:00+09:00"",""title"":""코스피 거래상위 차별화… 철강·소재 급등, 반도체 대형주 혼조"",""url"":""https://n.news.naver.com/mnews/article/081/0003684751"",""duplicateOf"":null,""mentionsName"":false},{""id"":""008-0005420314"",""office"":""머니투데이"",""publishedAt"":""2026-09-30T13:49:00+09:00"",""title"":""대한항공·아시아나, SNS 사연으로 초등학교 찾아가 진로 특강"",""url"":""https://n.news.naver.com/mnews/article/008/0005420314"",""duplicateOf"":null,""mentionsName"":true},{""id"":""421-0009200905"",""office"":""뉴스1"",""publishedAt"":""2026-09-30T14:24:00+09:00"",""title"":""대한항공, 영종에 1500억 추가 투자…MRO 클러스터 2031년 완공"",""url"":""https://n.news.naver.com/mnews/article/421/0009200905"",""duplicateOf"":null,""mentionsName"":true},{""id"":""014-0005583015"",""office"":""파이낸셜뉴스"",""publishedAt"":""2026-09-30T14:55:00+09:00"",""title"":""플리토, AI 통번역 브랜드 '보글' 통합…데이터 사업 다각화 속도"",""url"":""https://n.news.naver.com/mnews/article/014/0005583015"",""duplicateOf"":null,""mentionsName"":false},{""id"":""020-0003751720"",""office"":""동아일보"",""publishedAt"":""2026-09-30T14:55:00+09:00"",""title"":""아시아나, 日-中-동남아 5개노선 ‘마일리지 특별기’ 73편 운항"",""url"":""https://n.news.naver.com/mnews/article/020/0003751720"",""duplicateOf"":null,""mentionsName"":false},{""id"":""119-0003138050"",""office"":""데일리안"",""publishedAt"":""2026-09-30T15:10:00+09:00"",""title"":""플라이강원 실패 딛고 날았다…'초고속 성장' 파라타항공의 1년"",""url"":""https://n.news.naver.com/mnews/article/119/0003138050"",""duplicateOf"":null,""mentionsName"":false},{""id"":""421-0009201173"",""office"":""뉴스1"",""publishedAt"":""2026-09-30T15:19:00+09:00"",""title"":""국토위, BYD·테슬라 대표에 건설사 임원들 국감 증인 채택…김용범은..."",""url"":""https://n.news.naver.com/mnews/article/421/0009201173"",""duplicateOf"":null,""mentionsName"":false},{""id"":""421-0009201330"",""office"":""뉴스1"",""publishedAt"":""2026-09-30T15:46:00+09:00"",""title"":""국감 증인 셋 중 하나 기업인…이재용·최태원 막고 조희대 부르고"",""url"":""https://n.news.naver.com/mnews/article/421/0009201330"",""duplicateOf"":null,""mentionsName"":false},{""id"":""215-0001267738"",""office"":""한국경제TV"",""publishedAt"":""2026-09-30T16:26:00+09:00"",""title"":""'청주-제주' 좌석 수 줄인 대한항공 계열 3사, 공정위 철퇴 예고"",""url"":""https://n.news.naver.com/mnews/article/215/0001267738"",""duplicateOf"":null,""mentionsName"":true},{""id"":""008-0005420529"",""office"":""머니투데이"",""publishedAt"":""2026-09-30T17:10:00+09:00"",""title"":""'눕코노미' 상황에 환율·유가 뛰어도 \""좌석 유지하라\""..항공업계 한숨"",""url"":""https://n.news.naver.com/mnews/article/008/0005420529"",""duplicateOf"":null,""mentionsName"":false}]",16,0,,,,,,,
collection-2759377f6fe47e40,collection,2026-09-30,2026-09-30T08:21:48Z,,,"{""contextFile"":""reports/atlas11/context/2026-09-30/2026-09-30T08-21-48Z.json""}",context_news,2026-09-30,새 기사,,,,,false,004170,신세계,,,https://m.stock.naver.com/api/news/stock/004170?pageSize=20&page=1,cfb716085a337eb92a86d52d557bba9840fc10fa3c371f5077af9e7e523ddfcd,"[{""id"":""015-0005337434"",""office"":""한국경제"",""publishedAt"":""2026-09-30T08:01:00+09:00"",""title"":""병원 갔더니 곳곳에서 중국어가…'2030 싼커' 3300억 긁었다"",""url"":""https://n.news.naver.com/mnews/article/015/0005337434"",""duplicateOf"":null,""mentionsName"":false},{""id"":""001-0016345398"",""office"":""연합뉴스"",""publishedAt"":""2026-09-30T08:46:00+09:00"",""title"":""신세계라이브쇼핑 \""김장철 앞두고 프리미엄 김치 판매 증가\"""",""url"":""https://n.news.naver.com/mnews/article/001/0016345398"",""duplicateOf"":null,""mentionsName"":true},{""id"":""469-0000956758"",""office"":""한국일보"",""publishedAt"":""2026-09-30T10:00:00+09:00"",""title"":""발랄함 대신 성숙함과 세련미… 2030 주목하는 '어른여자 룩'"",""url"":""https://n.news.naver.com/mnews/article/469/0000956758"",""duplicateOf"":null,""mentionsName"":false},{""id"":""586-0000139116"",""office"":""시사저널"",""publishedAt"":""2026-09-30T10:53:00+09:00"",""title"":""오비맥주, '찰랑'으로 '소주 전쟁' 참전…진로·롯데와 3파전"",""url"":""https://n.news.naver.com/mnews/article/586/0000139116"",""duplicateOf"":null,""mentionsName"":false},{""id"":""421-0009200013"",""office"":""뉴스1"",""publishedAt"":""2026-09-30T10:56:00+09:00"",""title"":""\""겨울 침구 반값\""…웰크론, 창립 34주년 '페스타' 진행"",""url"":""https://n.news.naver.com/mnews/article/421/0009200013"",""duplicateOf"":null,""mentionsName"":false},{""id"":""296-0000105405"",""office"":""코메디닷컴"",""publishedAt"":""2026-09-30T11:36:00+09:00"",""title"":""백화점 돌며 건강식품·마데카 크림 한자리에⋯동국제약 팝업 11곳으로"",""url"":""https://n.news.naver.com/mnews/article/296/0000105405"",""duplicateOf"":null,""mentionsName"":false},{""id"":""016-0002703719"",""office"":""헤럴드경제"",""publishedAt"":""2026-09-30T11:45:00+09:00"",""title"":""연말 명동 더 화려해진다…서울 경관 바꾸는 K-백화점"",""url"":""https://n.news.naver.com/mnews/article/016/0002703719"",""duplicateOf"":null,""mentionsName"":false},{""id"":""421-0009200653"",""office"":""뉴스1"",""publishedAt"":""2026-09-30T13:28:00+09:00"",""title"":""\""中 국경절 특수 잡아라\""…백화점·면세점부터 편의점까지 총력전"",""url"":""https://n.news.naver.com/mnews/article/421/0009200653"",""duplicateOf"":null,""mentionsName"":false},{""id"":""021-0002822242"",""office"":""문화일보"",""publishedAt"":""2026-09-30T14:12:00+09:00"",""title"":""현대카드, 제네시스 고객 겨냥 ‘the Honors’ 등 2종 출시"",""url"":""https://n.news.naver.com/mnews/article/021/0002822242"",""duplicateOf"":null,""mentionsName"":false},{""id"":""092-0002439291"",""office"":""지디넷코리아"",""publishedAt"":""2026-09-30T14:19:00+09:00"",""title"":""플리토, AI 통역에 이름표 달았다…'보글'로 사업 다각화"",""url"":""https://n.news.naver.com/mnews/article/092/0002439291"",""duplicateOf"":null,""mentionsName"":false},{""id"":""468-0001269788"",""office"":""스포츠서울"",""publishedAt"":""2026-09-30T15:04:00+09:00"",""title"":""삼성카드, ‘이마트신세계 PLUS’ 출시…이마트 계열 최대 10% 할인"",""url"":""https://n.news.naver.com/mnews/article/468/0001269788"",""duplicateOf"":null,""mentionsName"":true},{""id"":""030-0003471250"",""office"":""전자신문"",""publishedAt"":""2026-09-30T15:32:00+09:00"",""title"":""G마켓, '퀵커머스' 본격 등판…핵심 인재 확보 착수"",""url"":""https://n.news.naver.com/mnews/article/030/0003471250"",""duplicateOf"":null,""mentionsName"":false},{""id"":""016-0002703835"",""office"":""헤럴드경제"",""publishedAt"":""2026-09-30T15:33:00+09:00"",""title"":""주요 업무지구 접근성 갖춘 ‘충정로역자이르네’…교통·생활 인프라..."",""url"":""https://n.news.naver.com/mnews/article/016/0002703835"",""duplicateOf"":null,""mentionsName"":false},{""id"":""001-0016347613"",""office"":""연합뉴스"",""publishedAt"":""2026-09-30T15:45:00+09:00"",""title"":""신세계면세점, 한글날 맞아 미디어아트 '한지에 담은 안녕' 공개"",""url"":""https://n.news.naver.com/mnews/article/001/0016347613"",""duplicateOf"":null,""mentionsName"":true},{""id"":""018-0006377816"",""office"":""이데일리"",""publishedAt"":""2026-09-30T16:08:00+09:00"",""title"":""컨트롤타워 비우고 대표 명함 꺼낸 정용진…'책임경영' 첫 인사 향방은"",""url"":""https://n.news.naver.com/mnews/article/018/0006377816"",""duplicateOf"":null,""mentionsName"":false},{""id"":""031-0001062456"",""office"":""아이뉴스24"",""publishedAt"":""2026-09-30T16:32:00+09:00"",""title"":""W컨셉, 뉴욕 이어 파리로…K패션 75개 브랜드 알린다"",""url"":""https://n.news.naver.com/mnews/article/031/0001062456"",""duplicateOf"":null,""mentionsName"":false}]",16,0,,,,,,,
collection-8963226ca458c337,collection,2026-09-30,2026-09-30T08:21:48Z,,,"{""contextFile"":""reports/atlas11/context/2026-09-30/2026-09-30T08-21-48Z.json""}",context_news,2026-09-30,새 기사,,,,,false,005380,현대차,,,https://m.stock.naver.com/api/news/stock/005380?pageSize=20&page=1,8fdc65b0fb2816e03e8d21d33d2b1c45976554c32a5f45c59a427db491442e8f,"[{""id"":""421-0009201445"",""office"":""뉴스1"",""publishedAt"":""2026-09-30T16:12:00+09:00"",""title"":""삼성전자, 장애인고용부담금 3년간 634억…\""부담금으로 고용 대신\"""",""url"":""https://n.news.naver.com/mnews/article/421/0009201445"",""duplicateOf"":null,""mentionsName"":false},{""id"":""654-0000203195"",""office"":""강원도민일보"",""publishedAt"":""2026-09-30T16:12:00+09:00"",""title"":""코스피 6838.04 마감…장중 1%대 상승 뒤 반락해 3거래일째 하락"",""url"":""https://n.news.naver.com/mnews/article/654/0000203195"",""duplicateOf"":null,""mentionsName"":false},{""id"":""016-0002703858"",""office"":""헤럴드경제"",""publishedAt"":""2026-09-30T16:15:00+09:00"",""title"":""현대모비스, ‘매출 1조’ 램프사업 매각 확정…내년 4월 佛 OP모빌리..."",""url"":""https://n.news.naver.com/mnews/article/016/0002703858"",""duplicateOf"":null,""mentionsName"":false},{""id"":""009-0005742097"",""office"":""매일경제"",""publishedAt"":""2026-09-30T16:16:00+09:00"",""title"":""피지컬 AI 시대 보험 미래는…“新위험 보장하고 고객 경험 넓혀야”"",""url"":""https://n.news.naver.com/mnews/article/009/0005742097"",""duplicateOf"":null,""mentionsName"":false},{""id"":""277-0005822941"",""office"":""아시아경제"",""publishedAt"":""2026-09-30T16:18:00+09:00"",""title"":""美서 질주하는 현대차·기아, 포드 꺾고 '연간 3위' 굳히나"",""url"":""https://n.news.naver.com/mnews/article/277/0005822941"",""duplicateOf"":null,""mentionsName"":true},{""id"":""011-0004666912"",""office"":""서울경제"",""publishedAt"":""2026-09-30T16:19:00+09:00"",""title"":""‘700조 AI 호재’도 역부족…코스피, 추석 이후 3거래일째 하락[마켓..."",""url"":""https://n.news.naver.com/mnews/article/011/0004666912"",""duplicateOf"":null,""mentionsName"":false},{""id"":""138-0002243190"",""office"":""디지털데일리"",""publishedAt"":""2026-09-30T16:19:00+09:00"",""title"":""코스피, 전형적인 약세장 행보… 1% 오르다 하락, 외인 2조 매도에 사..."",""url"":""https://n.news.naver.com/mnews/article/138/0002243190"",""duplicateOf"":null,""mentionsName"":false},{""id"":""421-0009201465"",""office"":""뉴스1"",""publishedAt"":""2026-09-30T16:21:00+09:00"",""title"":""외인·기관 빠지자 코스피 6838 후퇴…금리 부담 '마이크론' 관망[시황..."",""url"":""https://n.news.naver.com/mnews/article/421/0009201465"",""duplicateOf"":null,""mentionsName"":false},{""id"":""215-0001267736"",""office"":""한국경제TV"",""publishedAt"":""2026-09-30T16:22:00+09:00"",""title"":""AI 인프라기업 엘리스그룹, 내달 코스닥 상장...시총 1조원 도전 [IPO톡..."",""url"":""https://n.news.naver.com/mnews/article/215/0001267736"",""duplicateOf"":null,""mentionsName"":false},{""id"":""008-0005420466"",""office"":""머니투데이"",""publishedAt"":""2026-09-30T16:23:00+09:00"",""title"":""코스피 약세 마감…美 국채금리 상승 여파"",""url"":""https://n.news.naver.com/mnews/article/008/0005420466"",""duplicateOf"":null,""mentionsName"":false},{""id"":""629-0000538227"",""office"":""더팩트"",""publishedAt"":""2026-09-30T16:35:00+09:00"",""title"":""코스피, 1%대 반등도 못 지켰다…3거래일 연속 내리막길"",""url"":""https://n.news.naver.com/mnews/article/629/0000538227"",""duplicateOf"":null,""mentionsName"":false},{""id"":""031-0001062459"",""office"":""아이뉴스24"",""publishedAt"":""2026-09-30T16:36:00+09:00"",""title"":""美 소비지표·마이크론 실적 앞두고 관망⋯코스피 '약보합' 마감"",""url"":""https://n.news.naver.com/mnews/article/031/0001062459"",""duplicateOf"":null,""mentionsName"":false},{""id"":""016-0002703871"",""office"":""헤럴드경제"",""publishedAt"":""2026-09-30T16:45:00+09:00"",""title"":""7000선 코앞서 미끄러진 코스피…사흘째 하락[투자360]"",""url"":""https://n.news.naver.com/mnews/article/016/0002703871"",""duplicateOf"":null,""mentionsName"":false},{""id"":""009-0005742131"",""office"":""매일경제"",""publishedAt"":""2026-09-30T16:50:00+09:00"",""title"":""전남광주 배터리 5조 투자…전북엔 새만금 로봇 생산기지"",""url"":""https://n.news.naver.com/mnews/article/009/0005742131"",""duplicateOf"":null,""mentionsName"":false},{""id"":""005-0001875935"",""office"":""국민일보"",""publishedAt"":""2026-09-30T16:51:00+09:00"",""title"":""장어덮밥 챙기고, 이틀 연속 직관… 정의선의 ‘양궁 사랑’"",""url"":""https://n.news.naver.com/mnews/article/005/0001875935"",""duplicateOf"":null,""mentionsName"":false},{""id"":""025-0003554855"",""office"":""중앙일보"",""publishedAt"":""2026-09-30T16:53:00+09:00"",""title"":""현대모비스, 램프사업부 매각…프랑스 OP에 6000억원대"",""url"":""https://n.news.naver.com/mnews/article/025/0003554855"",""duplicateOf"":null,""mentionsName"":false},{""id"":""014-0005583126"",""office"":""파이낸셜뉴스"",""publishedAt"":""2026-09-30T16:56:00+09:00"",""title"":""'전강후약' 코스피, 사흘 연속 하락…외인·기관 동반 '팔자'[fn마감시..."",""url"":""https://n.news.naver.com/mnews/article/014/0005583126"",""duplicateOf"":null,""mentionsName"":false},{""id"":""469-0000956923"",""office"":""한국일보"",""publishedAt"":""2026-09-30T16:59:00+09:00"",""title"":""현대차 투싼 글로벌 판매 1060만 대 돌파… 5세대 모델로 '바통 터치'"",""url"":""https://n.news.naver.com/mnews/article/469/0000956923"",""duplicateOf"":null,""mentionsName"":true},{""id"":""052-0002413041"",""office"":""YTN"",""publishedAt"":""2026-09-30T17:01:00+09:00"",""title"":""[기업] 투싼, 누적판매 1,060만 대 돌파...국산 SUV 최초"",""url"":""https://n.news.naver.com/mnews/article/052/0002413041"",""duplicateOf"":null,""mentionsName"":false},{""id"":""243-0000103709"",""office"":""이코노미스트"",""publishedAt"":""2026-09-30T17:08:00+09:00"",""title"":""‘2026 산업보안컨퍼런스’ 준비위 출범…‘역대 최대 규모’ 예고"",""url"":""https://n.news.naver.com/mnews/article/243/0000103709"",""duplicateOf"":null,""mentionsName"":false}]",20,0,,,,,,,
collection-bcdfc730ea8e18b9,collection,2026-09-30,2026-09-30T08:21:48Z,,,"{""contextFile"":""reports/atlas11/context/2026-09-30/2026-09-30T08-21-48Z.json""}",context_news,2026-09-30,새 기사,,,,,false,005490,POSCO홀딩스,,,https://m.stock.naver.com/api/news/stock/005490?pageSize=20&page=1,3ffbaf88c05040feb4aa8a8c6283350ea30f6105ed9c7df23bad531741f08f56,"[{""id"":""016-0002703754"",""office"":""헤럴드경제"",""publishedAt"":""2026-09-30T13:21:00+09:00"",""title"":""EY한영, 매출 8000억 육박…외형·수익성 동반 성장"",""url"":""https://n.news.naver.com/mnews/article/016/0002703754"",""duplicateOf"":null,""mentionsName"":false},{""id"":""018-0006377692"",""office"":""이데일리"",""publishedAt"":""2026-09-30T13:30:00+09:00"",""title"":""건설사 CEO 국감 줄소환 피했다…현대·대우 본부장 증인 채택"",""url"":""https://n.news.naver.com/mnews/article/018/0006377692"",""duplicateOf"":null,""mentionsName"":false},{""id"":""014-0005582953"",""office"":""파이낸셜뉴스"",""publishedAt"":""2026-09-30T13:58:00+09:00"",""title"":""'1.6조 재건축' 목동4단지 현장설명회에 현대·포스코 등 4개사 참석"",""url"":""https://n.news.naver.com/mnews/article/014/0005582953"",""duplicateOf"":null,""mentionsName"":false},{""id"":""015-0005337619"",""office"":""한국경제"",""publishedAt"":""2026-09-30T14:38:00+09:00"",""title"":""\""일본도 포기했는데 한국이 나섰다\""…18조짜리 대어 뭐길래"",""url"":""https://n.news.naver.com/mnews/article/015/0005337619"",""duplicateOf"":null,""mentionsName"":false},{""id"":""014-0005582997"",""office"":""파이낸셜뉴스"",""publishedAt"":""2026-09-30T14:44:00+09:00"",""title"":""\""모든 인프라가 계획적\"" 도시개발지구의 힘… ‘시티오씨엘 9단지 오..."",""url"":""https://n.news.naver.com/mnews/article/014/0005582997"",""duplicateOf"":null,""mentionsName"":false},{""id"":""382-0001296533"",""office"":""스포츠동아"",""publishedAt"":""2026-09-30T14:54:00+09:00"",""title"":""평균연령 36.7세 동탄…1808가구 ‘아크메르 동탄’ 공급"",""url"":""https://n.news.naver.com/mnews/article/382/0001296533"",""duplicateOf"":null,""mentionsName"":false},{""id"":""018-0006377760"",""office"":""이데일리"",""publishedAt"":""2026-09-30T14:58:00+09:00"",""title"":""철강 설비부터 가전 R&D까지…제조업 파고든 생성형 AI"",""url"":""https://n.news.naver.com/mnews/article/018/0006377760"",""duplicateOf"":null,""mentionsName"":false},{""id"":""003-0014224401"",""office"":""뉴시스"",""publishedAt"":""2026-09-30T15:10:00+09:00"",""title"":""1.6조 오금현대 아파트 재건축 사업…삼성·포스코 리턴 매치?"",""url"":""https://n.news.naver.com/mnews/article/003/0014224401"",""duplicateOf"":null,""mentionsName"":false},{""id"":""421-0009201173"",""office"":""뉴스1"",""publishedAt"":""2026-09-30T15:19:00+09:00"",""title"":""국토위, BYD·테슬라 대표에 건설사 임원들 국감 증인 채택…김용범은..."",""url"":""https://n.news.naver.com/mnews/article/421/0009201173"",""duplicateOf"":null,""mentionsName"":false},{""id"":""008-0005420411"",""office"":""머니투데이"",""publishedAt"":""2026-09-30T15:26:00+09:00"",""title"":""\""새 먹거리는 원전·데이터센터\""…불황 속 인재 확보 나선 건설사들"",""url"":""https://n.news.naver.com/mnews/article/008/0005420411"",""duplicateOf"":null,""mentionsName"":false},{""id"":""421-0009201330"",""office"":""뉴스1"",""publishedAt"":""2026-09-30T15:46:00+09:00"",""title"":""국감 증인 셋 중 하나 기업인…이재용·최태원 막고 조희대 부르고"",""url"":""https://n.news.naver.com/mnews/article/421/0009201330"",""duplicateOf"":null,""mentionsName"":false},{""id"":""014-0005583081"",""office"":""파이낸셜뉴스"",""publishedAt"":""2026-09-30T15:59:00+09:00"",""title"":""한강 아파트에 쏠리는 관심...하반기 공급 단지는"",""url"":""https://n.news.naver.com/mnews/article/014/0005583081"",""duplicateOf"":null,""mentionsName"":false},{""id"":""003-0014224642"",""office"":""뉴시스"",""publishedAt"":""2026-09-30T16:02:00+09:00"",""title"":""목동8단지 '써밋'으로 간다…대우건설 수의계약 수순"",""url"":""https://n.news.naver.com/mnews/article/003/0014224642"",""duplicateOf"":null,""mentionsName"":false},{""id"":""003-0014224701"",""office"":""뉴시스"",""publishedAt"":""2026-09-30T16:25:00+09:00"",""title"":""현대건설·포스코이앤씨 국토위 국감 소환…SK에코플랜트는 재논의"",""url"":""https://n.news.naver.com/mnews/article/003/0014224701"",""duplicateOf"":null,""mentionsName"":false},{""id"":""015-0005337693"",""office"":""한국경제"",""publishedAt"":""2026-09-30T16:29:00+09:00"",""title"":""천안 성성생활권 대단지 '더샵 천안라크원'…집코노미 박람회서 공개..."",""url"":""https://n.news.naver.com/mnews/article/015/0005337693"",""duplicateOf"":null,""mentionsName"":false},{""id"":""018-0006377842"",""office"":""이데일리"",""publishedAt"":""2026-09-30T16:38:00+09:00"",""title"":""[마켓인]20조 넘은 PRS…\""부채 밖 상환부담, 韓 재계 전체 흔든다\"""",""url"":""https://n.news.naver.com/mnews/article/018/0006377842"",""duplicateOf"":null,""mentionsName"":false},{""id"":""009-0005742131"",""office"":""매일경제"",""publishedAt"":""2026-09-30T16:50:00+09:00"",""title"":""전남광주 배터리 5조 투자…전북엔 새만금 로봇 생산기지"",""url"":""https://n.news.naver.com/mnews/article/009/0005742131"",""duplicateOf"":null,""mentionsName"":false},{""id"":""001-0016347971"",""office"":""연합뉴스"",""publishedAt"":""2026-09-30T16:56:00+09:00"",""title"":""반도체·이차전지·바이오 이어 로봇…경북 '첨단산업 4축' 완성"",""url"":""https://n.news.naver.com/mnews/article/001/0016347971"",""duplicateOf"":null,""mentionsName"":false},{""id"":""243-0000103709"",""office"":""이코노미스트"",""publishedAt"":""2026-09-30T17:08:00+09:00"",""title"":""‘2026 산업보안컨퍼런스’ 준비위 출범…‘역대 최대 규모’ 예고"",""url"":""https://n.news.naver.com/mnews/article/243/0000103709"",""duplicateOf"":null,""mentionsName"":false},{""id"":""660-0000118160"",""office"":""kbc광주방송"",""publishedAt"":""2026-09-30T17:10:00+09:00"",""title"":""전남광주, 광양만권 이차전지 국가 공급망 거점 육성 본격화"",""url"":""https://n.news.naver.com/mnews/article/660/0000118160"",""duplicateOf"":null,""mentionsName"":false}]",20,0,,,,,,,
collection-902ba94fd242c5bb,collection,2026-09-30,2026-09-30T08:21:48Z,,,"{""contextFile"":""reports/atlas11/context/2026-09-30/2026-09-30T08-21-48Z.json""}",context_news,2026-09-30,새 기사,,,,,false,005930,삼성전자,,,https://m.stock.naver.com/api/news/stock/005930?pageSize=20&page=1,c8530448b2f57cea0748d4ee490ce520ddbc7cd563e65bcafde6eed95b7a5c1a,"[{""id"":""029-0003050772"",""office"":""디지털타임스"",""publishedAt"":""2026-09-30T16:50:00+09:00"",""title"":""‘파운드리 2.0’ 사상 최대 성장…TSMC 독주 가속"",""url"":""https://n.news.naver.com/mnews/article/029/0003050772"",""duplicateOf"":null,""mentionsName"":false},{""id"":""092-0002439356"",""office"":""지디넷코리아"",""publishedAt"":""2026-09-30T16:50:00+09:00"",""title"":""\""삼성 RX 지향점은 '고객대면' 로봇AI…실현되면 수백만 대 판매 가능..."",""url"":""https://n.news.naver.com/mnews/article/092/0002439356"",""duplicateOf"":null,""mentionsName"":false},{""id"":""088-0001031507"",""office"":""매일신문"",""publishedAt"":""2026-09-30T16:53:00+09:00"",""title"":""대구경북, 국내 첫 로봇 특화단지 지정…휴머노이드 생산거점 키운다..."",""url"":""https://n.news.naver.com/mnews/article/088/0001031507"",""duplicateOf"":null,""mentionsName"":false},{""id"":""366-0001195390"",""office"":""조선비즈"",""publishedAt"":""2026-09-30T16:54:00+09:00"",""title"":""‘삼성 AI 포럼’에 모인 AI 리더들 “업무 맡기 시작한 AI, 판단·검증..."",""url"":""https://n.news.naver.com/mnews/article/366/0001195390"",""duplicateOf"":null,""mentionsName"":false},{""id"":""374-0000535638"",""office"":""SBS Biz"",""publishedAt"":""2026-09-30T16:54:00+09:00"",""title"":""[증시 인사이트] 백악관 \""트럼프, 내일 美상무장관과 함께 발표 예정..."",""url"":""https://n.news.naver.com/mnews/article/374/0000535638"",""duplicateOf"":null,""mentionsName"":false},{""id"":""001-0016347971"",""office"":""연합뉴스"",""publishedAt"":""2026-09-30T16:56:00+09:00"",""title"":""반도체·이차전지·바이오 이어 로봇…경북 '첨단산업 4축' 완성"",""url"":""https://n.news.naver.com/mnews/article/001/0016347971"",""duplicateOf"":null,""mentionsName"":false},{""id"":""014-0005583126"",""office"":""파이낸셜뉴스"",""publishedAt"":""2026-09-30T16:56:00+09:00"",""title"":""'전강후약' 코스피, 사흘 연속 하락…외인·기관 동반 '팔자'[fn마감시..."",""url"":""https://n.news.naver.com/mnews/article/014/0005583126"",""duplicateOf"":null,""mentionsName"":false},{""id"":""018-0006377854"",""office"":""이데일리"",""publishedAt"":""2026-09-30T16:58:00+09:00"",""title"":""\""9년 전 개미 눈물, 이번엔?\""…삼전닉스 자사주 실탄 곧 바닥"",""url"":""https://n.news.naver.com/mnews/article/018/0006377854"",""duplicateOf"":null,""mentionsName"":false},{""id"":""021-0002822276"",""office"":""문화일보"",""publishedAt"":""2026-09-30T16:59:00+09:00"",""title"":""“3분기 20% 떨어지며 세계 최악…하지만” 외신이 본 코스피"",""url"":""https://n.news.naver.com/mnews/article/021/0002822276"",""duplicateOf"":null,""mentionsName"":false},{""id"":""008-0005420513"",""office"":""머니투데이"",""publishedAt"":""2026-09-30T17:00:00+09:00"",""title"":""'삼전닉스 더 담아야하는데...' 철옹성 유럽도 K증시에 '러브콜'"",""url"":""https://n.news.naver.com/mnews/article/008/0005420513"",""duplicateOf"":null,""mentionsName"":false},{""id"":""052-0002413042"",""office"":""YTN"",""publishedAt"":""2026-09-30T17:01:00+09:00"",""title"":""[기업] 엔비디아, 11월 코엑스서 'AI 데이 서울' 개최"",""url"":""https://n.news.naver.com/mnews/article/052/0002413042"",""duplicateOf"":null,""mentionsName"":false},{""id"":""018-0006377858"",""office"":""이데일리"",""publishedAt"":""2026-09-30T17:02:00+09:00"",""title"":""\""삼성 따라 오스틴 간다\""…젠스타메이트, 美 부동산 ‘현지 파트너’..."",""url"":""https://n.news.naver.com/mnews/article/018/0006377858"",""duplicateOf"":null,""mentionsName"":false},{""id"":""018-0006377861"",""office"":""이데일리"",""publishedAt"":""2026-09-30T17:04:00+09:00"",""title"":""AI칩 설계 9개월로 단축…AI가 기업 성과 바꾼다(종합)"",""url"":""https://n.news.naver.com/mnews/article/018/0006377861"",""duplicateOf"":null,""mentionsName"":false},{""id"":""052-0002413043"",""office"":""YTN"",""publishedAt"":""2026-09-30T17:04:00+09:00"",""title"":""이재용, 젠슨 황 축하하며 \""우린 딸 이름도 같아\"" [앵커리포트]"",""url"":""https://n.news.naver.com/mnews/article/052/0002413043"",""duplicateOf"":null,""mentionsName"":false},{""id"":""092-0002439360"",""office"":""지디넷코리아"",""publishedAt"":""2026-09-30T17:05:00+09:00"",""title"":""[AI는 지금] 삼성·네이버 손잡은 미스트랄, 연내 한국 법인 설립하나"",""url"":""https://n.news.naver.com/mnews/article/092/0002439360"",""duplicateOf"":null,""mentionsName"":false},{""id"":""050-0000111462"",""office"":""한경비즈니스"",""publishedAt"":""2026-09-30T17:07:00+09:00"",""title"":""올해 세수 '역대 최대'…‘478조원’ 찍은 결정적 이유"",""url"":""https://n.news.naver.com/mnews/article/050/0000111462"",""duplicateOf"":null,""mentionsName"":false},{""id"":""243-0000103709"",""office"":""이코노미스트"",""publishedAt"":""2026-09-30T17:08:00+09:00"",""title"":""‘2026 산업보안컨퍼런스’ 준비위 출범…‘역대 최대 규모’ 예고"",""url"":""https://n.news.naver.com/mnews/article/243/0000103709"",""duplicateOf"":null,""mentionsName"":false},{""id"":""008-0005420528"",""office"":""머니투데이"",""publishedAt"":""2026-09-30T17:10:00+09:00"",""title"":""\""한국 중소형주에 관심갖는 유럽 '큰 손' 왜?"",""url"":""https://n.news.naver.com/mnews/article/008/0005420528"",""duplicateOf"":null,""mentionsName"":false},{""id"":""421-0009201680"",""office"":""뉴스1"",""publishedAt"":""2026-09-30T17:10:00+09:00"",""title"":""'AI 기대감' 2차 국민성장펀드 첫날 '오픈런'…온라인 '완판 행진'"",""url"":""https://n.news.naver.com/mnews/article/421/0009201680"",""duplicateOf"":null,""mentionsName"":false},{""id"":""009-0005742162"",""office"":""매일경제"",""publishedAt"":""2026-09-30T17:13:00+09:00"",""title"":""리사 수 AMD 회장 또 방한 … 'AI 반도체 동맹' 확대 나서"",""url"":""https://n.news.naver.com/mnews/article/009/0005742162"",""duplicateOf"":null,""mentionsName"":false}]",20,0,,,,,,,
collection-e073a12a6b7bac36,collection,2026-09-30,2026-09-30T08:21:48Z,,,"{""contextFile"":""reports/atlas11/context/2026-09-30/2026-09-30T08-21-48Z.json""}",context_news,2026-09-30,새 기사,,,,,false,009150,삼성전기,,,https://m.stock.naver.com/api/news/stock/009150?pageSize=20&page=1,4b6b226ba49e42fcbe3800853c1e689deb07fe875a7540cd35366a7deec3c2a7,"[{""id"":""015-0005337569"",""office"":""한국경제"",""publishedAt"":""2026-09-30T12:10:00+09:00"",""title"":""AI 속도조절은 없다…앤스로픽 \""AI 인프라에 5180억弗 투자\"""",""url"":""https://n.news.naver.com/mnews/article/015/0005337569"",""duplicateOf"":null,""mentionsName"":false},{""id"":""018-0006377697"",""office"":""이데일리"",""publishedAt"":""2026-09-30T13:43:00+09:00"",""title"":""코스피, 삼전 1%대 내리며 약보합세 전환...코스닥은 0.9% 강세"",""url"":""https://n.news.naver.com/mnews/article/018/0006377697"",""duplicateOf"":null,""mentionsName"":false},{""id"":""011-0004666837"",""office"":""서울경제"",""publishedAt"":""2026-09-30T14:13:00+09:00"",""title"":""앤트로픽 ‘700조 베팅’에…삼성전자우·테스 사들이는 고수들[주식..."",""url"":""https://n.news.naver.com/mnews/article/011/0004666837"",""duplicateOf"":null,""mentionsName"":false},{""id"":""031-0001062372"",""office"":""아이뉴스24"",""publishedAt"":""2026-09-30T14:49:00+09:00"",""title"":""AI가 불붙인 MLCC 증설전…적과의 동침도 불사"",""url"":""https://n.news.naver.com/mnews/article/031/0001062372"",""duplicateOf"":null,""mentionsName"":false},{""id"":""018-0006377794"",""office"":""이데일리"",""publishedAt"":""2026-09-30T15:34:00+09:00"",""title"":""[속보]코스피, 사흘째 내리막 6800선 후퇴…외국인 오늘도 폭풍매도"",""url"":""https://n.news.naver.com/mnews/article/018/0006377794"",""duplicateOf"":null,""mentionsName"":false},{""id"":""015-0005337660"",""office"":""한국경제"",""publishedAt"":""2026-09-30T15:42:00+09:00"",""title"":""코스피, 외인·기관 동반 매도에 6830선 후퇴…코스닥은 상승"",""url"":""https://n.news.naver.com/mnews/article/015/0005337660"",""duplicateOf"":null,""mentionsName"":false},{""id"":""277-0005822922"",""office"":""아시아경제"",""publishedAt"":""2026-09-30T15:53:00+09:00"",""title"":""코스피, 6800선 약보합 마감…코스닥은 소폭 상승"",""url"":""https://n.news.naver.com/mnews/article/277/0005822922"",""duplicateOf"":null,""mentionsName"":false},{""id"":""029-0003050743"",""office"":""디지털타임스"",""publishedAt"":""2026-09-30T15:55:00+09:00"",""title"":""마이크론 실적 앞두고 엇갈린 ‘삼전닉스’…코스피, 6830선 약보합"",""url"":""https://n.news.naver.com/mnews/article/029/0003050743"",""duplicateOf"":null,""mentionsName"":false},{""id"":""119-0003138095"",""office"":""데일리안"",""publishedAt"":""2026-09-30T15:59:00+09:00"",""title"":""3거래일 연속 하락한 코스피, 美 금리 부담에 투심 제한 [시황]"",""url"":""https://n.news.naver.com/mnews/article/119/0003138095"",""duplicateOf"":null,""mentionsName"":false},{""id"":""003-0014224659"",""office"":""뉴시스"",""publishedAt"":""2026-09-30T16:07:00+09:00"",""title"":""'전강후약' 코스피…외인·기관 '팔자'에 6800선 제자리"",""url"":""https://n.news.naver.com/mnews/article/003/0014224659"",""duplicateOf"":null,""mentionsName"":false},{""id"":""092-0002439340"",""office"":""지디넷코리아"",""publishedAt"":""2026-09-30T16:08:00+09:00"",""title"":""LG이노텍, 삼성디스플레이 QD-OLED용 CoF 납품 가능성"",""url"":""https://n.news.naver.com/mnews/article/092/0002439340"",""duplicateOf"":null,""mentionsName"":false},{""id"":""009-0005742095"",""office"":""매일경제"",""publishedAt"":""2026-09-30T16:12:00+09:00"",""title"":""코스피, ‘전강후약’ 6800선 마감…외국인 4거래일 연속 ‘팔자’"",""url"":""https://n.news.naver.com/mnews/article/009/0005742095"",""duplicateOf"":null,""mentionsName"":false},{""id"":""654-0000203195"",""office"":""강원도민일보"",""publishedAt"":""2026-09-30T16:12:00+09:00"",""title"":""코스피 6838.04 마감…장중 1%대 상승 뒤 반락해 3거래일째 하락"",""url"":""https://n.news.naver.com/mnews/article/654/0000203195"",""duplicateOf"":null,""mentionsName"":false},{""id"":""011-0004666912"",""office"":""서울경제"",""publishedAt"":""2026-09-30T16:19:00+09:00"",""title"":""‘700조 AI 호재’도 역부족…코스피, 추석 이후 3거래일째 하락[마켓..."",""url"":""https://n.news.naver.com/mnews/article/011/0004666912"",""duplicateOf"":null,""mentionsName"":false},{""id"":""421-0009201465"",""office"":""뉴스1"",""publishedAt"":""2026-09-30T16:21:00+09:00"",""title"":""외인·기관 빠지자 코스피 6838 후퇴…금리 부담 '마이크론' 관망[시황..."",""url"":""https://n.news.naver.com/mnews/article/421/0009201465"",""duplicateOf"":null,""mentionsName"":false},{""id"":""629-0000538227"",""office"":""더팩트"",""publishedAt"":""2026-09-30T16:35:00+09:00"",""title"":""코스피, 1%대 반등도 못 지켰다…3거래일 연속 내리막길"",""url"":""https://n.news.naver.com/mnews/article/629/0000538227"",""duplicateOf"":null,""mentionsName"":false},{""id"":""031-0001062459"",""office"":""아이뉴스24"",""publishedAt"":""2026-09-30T16:36:00+09:00"",""title"":""美 소비지표·마이크론 실적 앞두고 관망⋯코스피 '약보합' 마감"",""url"":""https://n.news.naver.com/mnews/article/031/0001062459"",""duplicateOf"":null,""mentionsName"":false},{""id"":""016-0002703871"",""office"":""헤럴드경제"",""publishedAt"":""2026-09-30T16:45:00+09:00"",""title"":""7000선 코앞서 미끄러진 코스피…사흘째 하락[투자360]"",""url"":""https://n.news.naver.com/mnews/article/016/0002703871"",""duplicateOf"":null,""mentionsName"":false},{""id"":""014-0005583126"",""office"":""파이낸셜뉴스"",""publishedAt"":""2026-09-30T16:56:00+09:00"",""title"":""'전강후약' 코스피, 사흘 연속 하락…외인·기관 동반 '팔자'[fn마감시..."",""url"":""https://n.news.naver.com/mnews/article/014/0005583126"",""duplicateOf"":null,""mentionsName"":false},{""id"":""654-0000203209"",""office"":""강원도민일보"",""publishedAt"":""2026-09-30T17:04:00+09:00"",""title"":""강원 미래고 출신 송현준, 국제기능올림픽 공업전자기기 은메달"",""url"":""https://n.news.naver.com/mnews/article/654/0000203209"",""duplicateOf"":null,""mentionsName"":false}]",20,0,,,,,,,
collection-6769ad303e7c1da1,collection,2026-09-30,2026-09-30T08:21:48Z,,,"{""contextFile"":""reports/atlas11/context/2026-09-30/2026-09-30T08-21-48Z.json""}",context_news,2026-09-30,새 기사,,,,,false,009830,한화솔루션,,,https://m.stock.naver.com/api/news/stock/009830?pageSize=20&page=1,7df280a7617aaa44288a67ccffef2a905425a0b7d106be371f6effe65e12faab,"[{""id"":""016-0002703417"",""office"":""헤럴드경제"",""publishedAt"":""2026-09-30T07:46:00+09:00"",""title"":""8월 기업 주식·회사채 발행 10조 급감…금융채 7조 줄었다"",""url"":""https://n.news.naver.com/mnews/article/016/0002703417"",""duplicateOf"":null,""mentionsName"":false},{""id"":""029-0003050590"",""office"":""디지털타임스"",""publishedAt"":""2026-09-30T08:00:00+09:00"",""title"":""기업 자금조달 위축…8월 주식·회사채 38% ‘뚝’"",""url"":""https://n.news.naver.com/mnews/article/029/0003050590"",""duplicateOf"":null,""mentionsName"":false},{""id"":""008-0005420036"",""office"":""머니투데이"",""publishedAt"":""2026-09-30T08:49:00+09:00"",""title"":""한화솔루션, 美 태양광 정책 우호적…목표가 상향-삼성증권"",""url"":""https://n.news.naver.com/mnews/article/008/0005420036"",""duplicateOf"":null,""mentionsName"":true},{""id"":""008-0005420094"",""office"":""머니투데이"",""publishedAt"":""2026-09-30T09:42:00+09:00"",""title"":""광무, 유비즈솔루션 인수 완료…100% 자회사 편입"",""url"":""https://n.news.naver.com/mnews/article/008/0005420094"",""duplicateOf"":null,""mentionsName"":false},{""id"":""029-0003050659"",""office"":""디지털타임스"",""publishedAt"":""2026-09-30T11:23:00+09:00"",""title"":""CTR에너지, 가파도 RE100마을 태양광·공기열 공용설비 구축"",""url"":""https://n.news.naver.com/mnews/article/029/0003050659"",""duplicateOf"":null,""mentionsName"":false},{""id"":""014-0005582881"",""office"":""파이낸셜뉴스"",""publishedAt"":""2026-09-30T11:38:00+09:00"",""title"":""SK그룹 PRS 7.1조 '최대'…LG·포스코 등 5대그룹 17조 [fn마켓워치]"",""url"":""https://n.news.naver.com/mnews/article/014/0005582881"",""duplicateOf"":null,""mentionsName"":false},{""id"":""015-0005337569"",""office"":""한국경제"",""publishedAt"":""2026-09-30T12:10:00+09:00"",""title"":""AI 속도조절은 없다…앤스로픽 \""AI 인프라에 5180억弗 투자\"""",""url"":""https://n.news.naver.com/mnews/article/015/0005337569"",""duplicateOf"":null,""mentionsName"":false},{""id"":""016-0002703754"",""office"":""헤럴드경제"",""publishedAt"":""2026-09-30T13:21:00+09:00"",""title"":""EY한영, 매출 8000억 육박…외형·수익성 동반 성장"",""url"":""https://n.news.naver.com/mnews/article/016/0002703754"",""duplicateOf"":null,""mentionsName"":false},{""id"":""081-0003684751"",""office"":""서울신문"",""publishedAt"":""2026-09-30T13:40:00+09:00"",""title"":""코스피 거래상위 차별화… 철강·소재 급등, 반도체 대형주 혼조"",""url"":""https://n.news.naver.com/mnews/article/081/0003684751"",""duplicateOf"":null,""mentionsName"":false},{""id"":""011-0004666837"",""office"":""서울경제"",""publishedAt"":""2026-09-30T14:13:00+09:00"",""title"":""앤트로픽 ‘700조 베팅’에…삼성전자우·테스 사들이는 고수들[주식..."",""url"":""https://n.news.naver.com/mnews/article/011/0004666837"",""duplicateOf"":null,""mentionsName"":false},{""id"":""014-0005583006"",""office"":""파이낸셜뉴스"",""publishedAt"":""2026-09-30T14:50:00+09:00"",""title"":""큰 기업도 빗나가지 않았다…증시 활황 속 '불성실공시법인' 지정 100..."",""url"":""https://n.news.naver.com/mnews/article/014/0005583006"",""duplicateOf"":null,""mentionsName"":false},{""id"":""014-0005583126"",""office"":""파이낸셜뉴스"",""publishedAt"":""2026-09-30T16:56:00+09:00"",""title"":""'전강후약' 코스피, 사흘 연속 하락…외인·기관 동반 '팔자'[fn마감시..."",""url"":""https://n.news.naver.com/mnews/article/014/0005583126"",""duplicateOf"":null,""mentionsName"":false},{""id"":""029-0003050781"",""office"":""디지털타임스"",""publishedAt"":""2026-09-30T17:01:00+09:00"",""title"":""AWS, 서울리전서 클로드 오퍼스·소네트 5 제공"",""url"":""https://n.news.naver.com/mnews/article/029/0003050781"",""duplicateOf"":null,""mentionsName"":false}]",13,0,,,,,,,
collection-e1b3330efb058342,collection,2026-09-30,2026-09-30T08:21:48Z,,,"{""contextFile"":""reports/atlas11/context/2026-09-30/2026-09-30T08-21-48Z.json""}",context_news,2026-09-30,새 기사,,,,,false,010120,LS ELECTRIC,,,https://m.stock.naver.com/api/news/stock/010120?pageSize=20&page=1,08c58da269db9cdf2028a9c769bfcfdef277ecef6fbf8271d8e87b2d2361e12e,"[{""id"":""008-0005420198"",""office"":""머니투데이"",""publishedAt"":""2026-09-30T11:00:00+09:00"",""title"":""\""전력·냉각 병목 줄여라\""..AI 데이터센터 인프라 '모듈러' 뜬다[르포..."",""url"":""https://n.news.naver.com/mnews/article/008/0005420198"",""duplicateOf"":null,""mentionsName"":false},{""id"":""018-0006377709"",""office"":""이데일리"",""publishedAt"":""2026-09-30T14:02:00+09:00"",""title"":""서해안 HVDC 2030년 준공…핵심설비 국산화 속도"",""url"":""https://n.news.naver.com/mnews/article/018/0006377709"",""duplicateOf"":null,""mentionsName"":false},{""id"":""009-0005741990"",""office"":""매일경제"",""publishedAt"":""2026-09-30T14:43:00+09:00"",""title"":""LG엔솔·LS일렉트릭·LS전선...AI 인프라 뛰어드는 K기업"",""url"":""https://n.news.naver.com/mnews/article/009/0005741990"",""duplicateOf"":null,""mentionsName"":false},{""id"":""421-0009201011"",""office"":""뉴스1"",""publishedAt"":""2026-09-30T14:43:00+09:00"",""title"":""HVDC 국산화 속도…서해안 송전망 2030년 적기 구축 머리 맞댄다"",""url"":""https://n.news.naver.com/mnews/article/421/0009201011"",""duplicateOf"":null,""mentionsName"":false},{""id"":""293-0000091066"",""office"":""블로터"",""publishedAt"":""2026-09-30T15:20:00+09:00"",""title"":""'역대급 R&D' LS·HD현대·효성重, 韓 전력기기 역사 새로 쓴다"",""url"":""https://n.news.naver.com/mnews/article/293/0000091066"",""duplicateOf"":null,""mentionsName"":false}]",5,0,,,,,,,
collection-c50d6d201aed74e1,collection,2026-09-30,2026-09-30T08:21:48Z,,,"{""contextFile"":""reports/atlas11/context/2026-09-30/2026-09-30T08-21-48Z.json""}",context_news,2026-09-30,새 기사,,,,,false,010130,고려아연,,,https://m.stock.naver.com/api/news/stock/010130?pageSize=20&page=1,09f1a8930cf06e56827ae742beea3f6f884afebc7ae7bd05981ad30e317d2658,"[{""id"":""015-0005336544"",""office"":""한국경제"",""publishedAt"":""2026-09-28T11:13:00+09:00"",""title"":""고려아연 경영권 분쟁 2년…영풍·MBK, 최윤범 퇴진 요구"",""url"":""https://n.news.naver.com/mnews/article/015/0005336544"",""duplicateOf"":null,""mentionsName"":true},{""id"":""277-0005821488"",""office"":""아시아경제"",""publishedAt"":""2026-09-28T11:20:00+09:00"",""title"":""MBK \""고려아연 빚 2년새 0.8兆→7.5兆…최윤범 퇴진해야\"""",""url"":""https://n.news.naver.com/mnews/article/277/0005821488"",""duplicateOf"":null,""mentionsName"":true},{""id"":""001-0016346091"",""office"":""연합뉴스"",""publishedAt"":""2026-09-30T10:55:00+09:00"",""title"":""고금리 우려속 4분기 회사채 전망은…\""4%대 캐리 매력이 하방 지지\"""",""url"":""https://n.news.naver.com/mnews/article/001/0016346091"",""duplicateOf"":null,""mentionsName"":false},{""id"":""001-0016347080"",""office"":""연합뉴스"",""publishedAt"":""2026-09-30T14:28:00+09:00"",""title"":""고려아연 온산제련소, 민관 합동 온산국가산단 환경정비 나서"",""url"":""https://n.news.naver.com/mnews/article/001/0016347080"",""duplicateOf"":null,""mentionsName"":true},{""id"":""648-0000051198"",""office"":""비즈워치"",""publishedAt"":""2026-09-30T14:35:00+09:00"",""title"":""영풍·MBK 측 우군이었던 APG, 고려아연 후보만 찬성 '눈길'"",""url"":""https://n.news.naver.com/mnews/article/648/0000051198"",""duplicateOf"":null,""mentionsName"":true},{""id"":""009-0005741987"",""office"":""매일경제"",""publishedAt"":""2026-09-30T14:39:00+09:00"",""title"":""“신뢰할 수 있는 투자처 페루가 韓기업 기다립니다”"",""url"":""https://n.news.naver.com/mnews/article/009/0005741987"",""duplicateOf"":null,""mentionsName"":false},{""id"":""031-0001062395"",""office"":""아이뉴스24"",""publishedAt"":""2026-09-30T15:22:00+09:00"",""title"":""고려아연, 1500억원 회사채 발행 추진"",""url"":""https://n.news.naver.com/mnews/article/031/0001062395"",""duplicateOf"":null,""mentionsName"":true},{""id"":""666-0000125551"",""office"":""경기일보"",""publishedAt"":""2026-09-30T16:48:00+09:00"",""title"":""APG, 고려아연 이사회 측 후보에 ‘찬성표’…박유경 선임안은 기권"",""url"":""https://n.news.naver.com/mnews/article/666/0000125551"",""duplicateOf"":null,""mentionsName"":true}]",8,0,,,,,,,
collection-9bf693c8bdba774d,collection,2026-09-30,2026-09-30T08:21:48Z,,,"{""contextFile"":""reports/atlas11/context/2026-09-30/2026-09-30T08-21-48Z.json""}",context_news,2026-09-30,새 기사,,,,,false,010170,대한광통신,,,https://m.stock.naver.com/api/news/stock/010170?pageSize=20&page=1,0264507a3d94c5ecc25117c4c1e41c4659ac397c84265d6096d644ed01e5cee7,"[{""id"":""081-0003684753"",""office"":""서울신문"",""publishedAt"":""2026-09-30T13:40:00+09:00"",""title"":""덕산넵코어스 25% 급등, 거래량·거래대금 코스닥 1위"",""url"":""https://n.news.naver.com/mnews/article/081/0003684753"",""duplicateOf"":null,""mentionsName"":false}]",1,0,,,,,,,
collection-7066571e653c0956,collection,2026-09-30,2026-09-30T08:21:48Z,,,"{""contextFile"":""reports/atlas11/context/2026-09-30/2026-09-30T08-21-48Z.json""}",context_news,2026-09-30,새 기사,,,,,false,012330,현대모비스,,,https://m.stock.naver.com/api/news/stock/012330?pageSize=20&page=1,afa0724e07f396625e6a264be3511f59cf519aadbe11d67767dbb2e61b224100,"[{""id"":""001-0016345939"",""office"":""연합뉴스"",""publishedAt"":""2026-09-30T10:36:00+09:00"",""title"":""미래차 전환 생태계 구축 협력 협약식"",""url"":""https://n.news.naver.com/mnews/article/001/0016345939"",""duplicateOf"":null,""mentionsName"":false},{""id"":""001-0016345942"",""office"":""연합뉴스"",""publishedAt"":""2026-09-30T10:36:00+09:00"",""title"":""미래차 전환 생태계 구축 협력 협약식"",""url"":""https://n.news.naver.com/mnews/article/001/0016345942"",""duplicateOf"":""001-0016345939"",""mentionsName"":false},{""id"":""001-0016345944"",""office"":""연합뉴스"",""publishedAt"":""2026-09-30T10:37:00+09:00"",""title"":""미래차 전환 생태계 구축 협력 기업 간담회"",""url"":""https://n.news.naver.com/mnews/article/001/0016345944"",""duplicateOf"":null,""mentionsName"":false},{""id"":""001-0016345950"",""office"":""연합뉴스"",""publishedAt"":""2026-09-30T10:38:00+09:00"",""title"":""미래차 전환 생태계 구축 협력 협약식 참석한 김정관 장관"",""url"":""https://n.news.naver.com/mnews/article/001/0016345950"",""duplicateOf"":null,""mentionsName"":false},{""id"":""001-0016345952"",""office"":""연합뉴스"",""publishedAt"":""2026-09-30T10:38:00+09:00"",""title"":""미래차 전환 생태계 구축 협력 협약식 참석한 김정관 장관"",""url"":""https://n.news.naver.com/mnews/article/001/0016345952"",""duplicateOf"":""001-0016345950"",""mentionsName"":false},{""id"":""001-0016345953"",""office"":""연합뉴스"",""publishedAt"":""2026-09-30T10:38:00+09:00"",""title"":""인사말하는 김정관 산업통상부 장관"",""url"":""https://n.news.naver.com/mnews/article/001/0016345953"",""duplicateOf"":null,""mentionsName"":false},{""id"":""001-0016345954"",""office"":""연합뉴스"",""publishedAt"":""2026-09-30T10:38:00+09:00"",""title"":""인사말하는 김정관 산업통상부 장관"",""url"":""https://n.news.naver.com/mnews/article/001/0016345954"",""duplicateOf"":""001-0016345953"",""mentionsName"":false},{""id"":""001-0016345955"",""office"":""연합뉴스"",""publishedAt"":""2026-09-30T10:38:00+09:00"",""title"":""인사말하는 김정관 산업통상부 장관"",""url"":""https://n.news.naver.com/mnews/article/001/0016345955"",""duplicateOf"":""001-0016345953"",""mentionsName"":false},{""id"":""001-0016345956"",""office"":""연합뉴스"",""publishedAt"":""2026-09-30T10:38:00+09:00"",""title"":""인사말하는 김정관 산업통상부 장관"",""url"":""https://n.news.naver.com/mnews/article/001/0016345956"",""duplicateOf"":""001-0016345953"",""mentionsName"":false},{""id"":""001-0016345958"",""office"":""연합뉴스"",""publishedAt"":""2026-09-30T10:38:00+09:00"",""title"":""인사말하는 김정관 산업통상부 장관"",""url"":""https://n.news.naver.com/mnews/article/001/0016345958"",""duplicateOf"":""001-0016345953"",""mentionsName"":false},{""id"":""001-0016345959"",""office"":""연합뉴스"",""publishedAt"":""2026-09-30T10:38:00+09:00"",""title"":""미래차 전환 생태계 구축 협력 협약식 참석한 김정관 장관"",""url"":""https://n.news.naver.com/mnews/article/001/0016345959"",""duplicateOf"":""001-0016345950"",""mentionsName"":false},{""id"":""001-0016346004"",""office"":""연합뉴스"",""publishedAt"":""2026-09-30T10:46:00+09:00"",""title"":""미래차 전환 생태계 구축 협력 협약식 참석한 김정관 장관"",""url"":""https://n.news.naver.com/mnews/article/001/0016346004"",""duplicateOf"":""001-0016345950"",""mentionsName"":false},{""id"":""421-0009200151"",""office"":""뉴스1"",""publishedAt"":""2026-09-30T11:22:00+09:00"",""title"":""미래차 생태계 구축 협력을 위한 업무협약 체결식"",""url"":""https://n.news.naver.com/mnews/article/421/0009200151"",""duplicateOf"":null,""mentionsName"":false},{""id"":""421-0009200207"",""office"":""뉴스1"",""publishedAt"":""2026-09-30T11:34:00+09:00"",""title"":""미래차 생태계 구축 가속화 위한 기업 간담회 '기념촬영 '"",""url"":""https://n.news.naver.com/mnews/article/421/0009200207"",""duplicateOf"":null,""mentionsName"":false},{""id"":""008-0005420266"",""office"":""머니투데이"",""publishedAt"":""2026-09-30T12:30:00+09:00"",""title"":""라이드플럭스, 양산차에 자율주행 심는다…KGM·현대모비스 맞손"",""url"":""https://n.news.naver.com/mnews/article/008/0005420266"",""duplicateOf"":null,""mentionsName"":true},{""id"":""003-0014224473"",""office"":""뉴시스"",""publishedAt"":""2026-09-30T15:27:00+09:00"",""title"":""현대모비스, 'AI 미래차' 동맹 맺었다…산학연 생태계 구축 '맞손'"",""url"":""https://n.news.naver.com/mnews/article/003/0014224473"",""duplicateOf"":null,""mentionsName"":true},{""id"":""648-0000051203"",""office"":""비즈워치"",""publishedAt"":""2026-09-30T15:47:00+09:00"",""title"":""'M.AX 얼라이언스' 미래차 공급망 확 바꾼다"",""url"":""https://n.news.naver.com/mnews/article/648/0000051203"",""duplicateOf"":null,""mentionsName"":false},{""id"":""215-0001267734"",""office"":""한국경제TV"",""publishedAt"":""2026-09-30T16:12:00+09:00"",""title"":""로보택시 국내 선도기업 SWM.ai, ‘M.AX 얼라이언스’ 참여… 강남 로..."",""url"":""https://n.news.naver.com/mnews/article/215/0001267734"",""duplicateOf"":null,""mentionsName"":false},{""id"":""215-0001267737"",""office"":""한국경제TV"",""publishedAt"":""2026-09-30T16:26:00+09:00"",""title"":""현대모비스, OP모빌리티와 램프사업 매각 본계약 체결"",""url"":""https://n.news.naver.com/mnews/article/215/0001267737"",""duplicateOf"":null,""mentionsName"":true},{""id"":""020-0003751786"",""office"":""동아일보"",""publishedAt"":""2026-09-30T17:00:00+09:00"",""title"":""현대모비스, 매출 1조원 램프사업 佛 OP모빌리티에 매각"",""url"":""https://n.news.naver.com/mnews/article/020/0003751786"",""duplicateOf"":null,""mentionsName"":true}]",12,8,,,,,,,
collection-fcb8c708d90599aa,collection,2026-09-30,2026-09-30T08:21:48Z,,,"{""contextFile"":""reports/atlas11/context/2026-09-30/2026-09-30T08-21-48Z.json""}",context_news,2026-09-30,새 기사,,,,,false,012450,한화에어로스페이스,,,https://m.stock.naver.com/api/news/stock/012450?pageSize=20&page=1,b7570192e179dc547224f05c547578a149b2929d28cbe896a411066404d72e9a,"[{""id"":""011-0004666714"",""office"":""서울경제"",""publishedAt"":""2026-09-30T09:43:00+09:00"",""title"":""‘중복상장 예외 1호’ 덕산넵코어스…상장 첫날 장중 최고 96% 상승[이..."",""url"":""https://n.news.naver.com/mnews/article/011/0004666714"",""duplicateOf"":null,""mentionsName"":false},{""id"":""011-0004666721"",""office"":""서울경제"",""publishedAt"":""2026-09-30T10:00:00+09:00"",""title"":""게임사 AI 도입률 50%…AI 활용 역량이 핵심 경쟁력"",""url"":""https://n.news.naver.com/mnews/article/011/0004666721"",""duplicateOf"":null,""mentionsName"":false},{""id"":""003-0014223021"",""office"":""뉴시스"",""publishedAt"":""2026-09-30T10:53:00+09:00"",""title"":""K-방산주 황금기 끝났나…증권가 \""단기 조정, 중장기 성장 유효\"""",""url"":""https://n.news.naver.com/mnews/article/003/0014223021"",""duplicateOf"":null,""mentionsName"":false},{""id"":""421-0009200090"",""office"":""뉴스1"",""publishedAt"":""2026-09-30T11:12:00+09:00"",""title"":""EY한영, 지난해 매출 8000억 육박…영업익 30% 늘었다"",""url"":""https://n.news.naver.com/mnews/article/421/0009200090"",""duplicateOf"":null,""mentionsName"":false},{""id"":""050-0000111448"",""office"":""한경비즈니스"",""publishedAt"":""2026-09-30T11:49:00+09:00"",""title"":""한화에어로, ‘스페이스X’처럼 발사체 재사용 기술 개발"",""url"":""https://n.news.naver.com/mnews/article/050/0000111448"",""duplicateOf"":null,""mentionsName"":false},{""id"":""016-0002703754"",""office"":""헤럴드경제"",""publishedAt"":""2026-09-30T13:21:00+09:00"",""title"":""EY한영, 매출 8000억 육박…외형·수익성 동반 성장"",""url"":""https://n.news.naver.com/mnews/article/016/0002703754"",""duplicateOf"":null,""mentionsName"":false},{""id"":""018-0006377717"",""office"":""이데일리"",""publishedAt"":""2026-09-30T14:10:00+09:00"",""title"":""한화에어로, 협력사 해외진출 지원…글로벌 공급망 동반 공략"",""url"":""https://n.news.naver.com/mnews/article/018/0006377717"",""duplicateOf"":null,""mentionsName"":false},{""id"":""003-0014223986"",""office"":""뉴시스"",""publishedAt"":""2026-09-30T14:11:00+09:00"",""title"":""누리호 5호기 '완전체' 됐다…1·2·3단 총조립 마치고 발사 채비"",""url"":""https://n.news.naver.com/mnews/article/003/0014223986"",""duplicateOf"":null,""mentionsName"":false},{""id"":""658-0000157060"",""office"":""국제신문"",""publishedAt"":""2026-09-30T14:48:00+09:00"",""title"":""‘재사용 발사체 시연체’ 총조립 착수…‘한국판 스페이스X’ 도전"",""url"":""https://n.news.naver.com/mnews/article/658/0000157060"",""duplicateOf"":null,""mentionsName"":false},{""id"":""001-0016347504"",""office"":""연합뉴스"",""publishedAt"":""2026-09-30T15:33:00+09:00"",""title"":""현대로템, 공대공 유도무기 엔진 실물모형 공개…한화와 수주전"",""url"":""https://n.news.naver.com/mnews/article/001/0016347504"",""duplicateOf"":null,""mentionsName"":false},{""id"":""015-0005337660"",""office"":""한국경제"",""publishedAt"":""2026-09-30T15:42:00+09:00"",""title"":""코스피, 외인·기관 동반 매도에 6830선 후퇴…코스닥은 상승"",""url"":""https://n.news.naver.com/mnews/article/015/0005337660"",""duplicateOf"":null,""mentionsName"":false},{""id"":""421-0009201330"",""office"":""뉴스1"",""publishedAt"":""2026-09-30T15:46:00+09:00"",""title"":""국감 증인 셋 중 하나 기업인…이재용·최태원 막고 조희대 부르고"",""url"":""https://n.news.naver.com/mnews/article/421/0009201330"",""duplicateOf"":null,""mentionsName"":false},{""id"":""011-0004666897"",""office"":""서울경제"",""publishedAt"":""2026-09-30T15:54:00+09:00"",""title"":""기업 공시 [9월 30일]"",""url"":""https://n.news.naver.com/mnews/article/011/0004666897"",""duplicateOf"":null,""mentionsName"":false},{""id"":""422-0000911238"",""office"":""연합뉴스TV"",""publishedAt"":""2026-09-30T16:22:00+09:00"",""title"":""현대로템, 공대공 유도무기 엔진 실물모형 공개…한화와 수주전"",""url"":""https://n.news.naver.com/mnews/article/422/0000911238"",""duplicateOf"":""001-0016347504"",""mentionsName"":false},{""id"":""031-0001062459"",""office"":""아이뉴스24"",""publishedAt"":""2026-09-30T16:36:00+09:00"",""title"":""美 소비지표·마이크론 실적 앞두고 관망⋯코스피 '약보합' 마감"",""url"":""https://n.news.naver.com/mnews/article/031/0001062459"",""duplicateOf"":null,""mentionsName"":false},{""id"":""119-0003138129"",""office"":""데일리안"",""publishedAt"":""2026-09-30T16:40:00+09:00"",""title"":""1.9조 '한국판 미티어' 누가 품나…한화 vs 현대로템·LIG, 수주전 치열"",""url"":""https://n.news.naver.com/mnews/article/119/0003138129"",""duplicateOf"":null,""mentionsName"":false},{""id"":""001-0016347941"",""office"":""연합뉴스"",""publishedAt"":""2026-09-30T16:49:00+09:00"",""title"":""한화에어로, 협력사 해외진출 지원…인프라 공유·수출금융 지원"",""url"":""https://n.news.naver.com/mnews/article/001/0016347941"",""duplicateOf"":null,""mentionsName"":false},{""id"":""003-0014224798"",""office"":""뉴시스"",""publishedAt"":""2026-09-30T16:50:00+09:00"",""title"":""손재일 전 한화에어로스페이스 대표, ㈜한화 인재경영원장으로 이동"",""url"":""https://n.news.naver.com/mnews/article/003/0014224798"",""duplicateOf"":null,""mentionsName"":true},{""id"":""014-0005583123"",""office"":""파이낸셜뉴스"",""publishedAt"":""2026-09-30T16:50:00+09:00"",""title"":""재사용 발사체 시동..스페이스X 따라잡는다"",""url"":""https://n.news.naver.com/mnews/article/014/0005583123"",""duplicateOf"":null,""mentionsName"":false},{""id"":""015-0005337705"",""office"":""한국경제"",""publishedAt"":""2026-09-30T16:55:00+09:00"",""title"":""창원국가산단, ‘첨단항공엔진’ 특화단지 지정"",""url"":""https://n.news.naver.com/mnews/article/015/0005337705"",""duplicateOf"":null,""mentionsName"":false}]",19,1,,,,,,,
collection-c194af460bdb23f3,collection,2026-09-30,2026-09-30T08:21:48Z,,,"{""contextFile"":""reports/atlas11/context/2026-09-30/2026-09-30T08-21-48Z.json""}",context_news,2026-09-30,새 기사,,,,,false,015760,한국전력,,,https://m.stock.naver.com/api/news/stock/015760?pageSize=20&page=1,28a731fb7f8e081d6b511b3c0f40baef7b111c82dacd788a9b5b80ce47e41a01,"[{""id"":""055-0001392046"",""office"":""SBS"",""publishedAt"":""2026-09-30T09:01:00+09:00"",""title"":""\""서울대 졸업장 버리고 생산직 갑니다\""…AI 시대, 청년들의 서늘한 선..."",""url"":""https://n.news.naver.com/mnews/article/055/0001392046"",""duplicateOf"":null,""mentionsName"":false},{""id"":""016-0002703529"",""office"":""헤럴드경제"",""publishedAt"":""2026-09-30T09:45:00+09:00"",""title"":""韓, 32조원 규모 베트남 원전 수주 총력전…양국 장관 면담"",""url"":""https://n.news.naver.com/mnews/article/016/0002703529"",""duplicateOf"":null,""mentionsName"":false},{""id"":""018-0006377501"",""office"":""이데일리"",""publishedAt"":""2026-09-30T10:03:00+09:00"",""title"":""발전공기업 5사 통합 준비위 발족…‘한국발전’ 출범 시동"",""url"":""https://n.news.naver.com/mnews/article/018/0006377501"",""duplicateOf"":null,""mentionsName"":false},{""id"":""421-0009200019"",""office"":""뉴스1"",""publishedAt"":""2026-09-30T10:57:00+09:00"",""title"":""한국에너지공대, AX대학원 선정…에너지 분야 AI 혁신인재 양성"",""url"":""https://n.news.naver.com/mnews/article/421/0009200019"",""duplicateOf"":null,""mentionsName"":false},{""id"":""123-0002391054"",""office"":""조세일보"",""publishedAt"":""2026-09-30T11:02:00+09:00"",""title"":""현대차, 가정용 EV 충전기 구독 출시…월 7만3500원"",""url"":""https://n.news.naver.com/mnews/article/123/0002391054"",""duplicateOf"":null,""mentionsName"":false},{""id"":""003-0014223925"",""office"":""뉴시스"",""publishedAt"":""2026-09-30T14:03:00+09:00"",""title"":""서해안 HVDC 2030년 구축…핵심기술 국산화 속도"",""url"":""https://n.news.naver.com/mnews/article/003/0014223925"",""duplicateOf"":null,""mentionsName"":false},{""id"":""654-0000203170"",""office"":""강원도민일보"",""publishedAt"":""2026-09-30T14:23:00+09:00"",""title"":""고용노동부 강원지청, 공공기관 9곳과 산업안전 CEO 포럼 출범"",""url"":""https://n.news.naver.com/mnews/article/654/0000203170"",""duplicateOf"":null,""mentionsName"":false},{""id"":""015-0005337619"",""office"":""한국경제"",""publishedAt"":""2026-09-30T14:38:00+09:00"",""title"":""\""일본도 포기했는데 한국이 나섰다\""…18조짜리 대어 뭐길래"",""url"":""https://n.news.naver.com/mnews/article/015/0005337619"",""duplicateOf"":null,""mentionsName"":false},{""id"":""009-0005741990"",""office"":""매일경제"",""publishedAt"":""2026-09-30T14:43:00+09:00"",""title"":""LG엔솔·LS일렉트릭·LS전선...AI 인프라 뛰어드는 K기업"",""url"":""https://n.news.naver.com/mnews/article/009/0005741990"",""duplicateOf"":null,""mentionsName"":false},{""id"":""001-0016347225"",""office"":""연합뉴스"",""publishedAt"":""2026-09-30T14:53:00+09:00"",""title"":""정읍시, 내달 8일 청년 일자리 축제…기업 20곳서 79명 채용"",""url"":""https://n.news.naver.com/mnews/article/001/0016347225"",""duplicateOf"":null,""mentionsName"":false},{""id"":""277-0005822888"",""office"":""아시아경제"",""publishedAt"":""2026-09-30T15:00:00+09:00"",""title"":""SK이노 E&S가 14년 공들인 호주 가스전, LNG 공급망 새 축으로"",""url"":""https://n.news.naver.com/mnews/article/277/0005822888"",""duplicateOf"":null,""mentionsName"":false},{""id"":""008-0005420401"",""office"":""머니투데이"",""publishedAt"":""2026-09-30T15:18:00+09:00"",""title"":""청라시대 막을 연 하나금융…은행·증권·카드 업권 벽 허문다"",""url"":""https://n.news.naver.com/mnews/article/008/0005420401"",""duplicateOf"":null,""mentionsName"":false},{""id"":""008-0005420508"",""office"":""머니투데이"",""publishedAt"":""2026-09-30T16:57:00+09:00"",""title"":""LNG 캐고, 운반하고, 사용하고…SK이노 E&S의 '20년 밸류체인'"",""url"":""https://n.news.naver.com/mnews/article/008/0005420508"",""duplicateOf"":null,""mentionsName"":false}]",13,0,,,,,,,
collection-07c7f6e2df36a84c,collection,2026-09-30,2026-09-30T08:21:48Z,,,"{""contextFile"":""reports/atlas11/context/2026-09-30/2026-09-30T08-21-48Z.json""}",context_news,2026-09-30,새 기사,,,,,false,017670,SK텔레콤,,,https://m.stock.naver.com/api/news/stock/017670?pageSize=20&page=1,33d0ab282a0334097465d2b7791ca557ac8d88569db5208bcf706e390143ad9e,"[{""id"":""119-0003137992"",""office"":""데일리안"",""publishedAt"":""2026-09-30T14:03:00+09:00"",""title"":""SKT 정재헌 \""개인정보 보호는 고객 신뢰 출발점\""…AI 시대 보호 원칙 ..."",""url"":""https://n.news.naver.com/mnews/article/119/0003137992"",""duplicateOf"":null,""mentionsName"":false},{""id"":""629-0000538132"",""office"":""더팩트"",""publishedAt"":""2026-09-30T14:16:00+09:00"",""title"":""배경훈 부총리 \""독파모는 계속된다\""…최상위 AI 개발 도전"",""url"":""https://n.news.naver.com/mnews/article/629/0000538132"",""duplicateOf"":null,""mentionsName"":false},{""id"":""092-0002439300"",""office"":""지디넷코리아"",""publishedAt"":""2026-09-30T14:30:00+09:00"",""title"":""\""결과 분석 넘어 의사결정까지”...화이트스캔, 공공 의사결정 AI 공개"",""url"":""https://n.news.naver.com/mnews/article/092/0002439300"",""duplicateOf"":null,""mentionsName"":false},{""id"":""448-0000642273"",""office"":""TV조선"",""publishedAt"":""2026-09-30T14:50:00+09:00"",""title"":""SKT, KCSI 이동전화 1위 복귀…NCSI·KS-SQI 이어 3관왕"",""url"":""https://n.news.naver.com/mnews/article/448/0000642273"",""duplicateOf"":null,""mentionsName"":false},{""id"":""629-0000538156"",""office"":""더팩트"",""publishedAt"":""2026-09-30T14:53:00+09:00"",""title"":""매드포갈릭, 향진원·PXG와 아동 복지 증진 맞손"",""url"":""https://n.news.naver.com/mnews/article/629/0000538156"",""duplicateOf"":null,""mentionsName"":false},{""id"":""008-0005420379"",""office"":""머니투데이"",""publishedAt"":""2026-09-30T14:54:00+09:00"",""title"":""'AI 풀스택' 키우려면...홍선근 시대 회장 \""국가적 협력 필요\"""",""url"":""https://n.news.naver.com/mnews/article/008/0005420379"",""duplicateOf"":null,""mentionsName"":false},{""id"":""421-0009201067"",""office"":""뉴스1"",""publishedAt"":""2026-09-30T14:55:00+09:00"",""title"":""엔비디아, 11월 서울서 'AI 데이' 개최…피지컬·에이전틱 AI 집중"",""url"":""https://n.news.naver.com/mnews/article/421/0009201067"",""duplicateOf"":null,""mentionsName"":false},{""id"":""009-0005742020"",""office"":""매일경제"",""publishedAt"":""2026-09-30T15:11:00+09:00"",""title"":""무려 27년이나 1등 기업이었는데…해킹 사태 신뢰 되찾은 SK텔레콤"",""url"":""https://n.news.naver.com/mnews/article/009/0005742020"",""duplicateOf"":null,""mentionsName"":true},{""id"":""382-0001296538"",""office"":""스포츠동아"",""publishedAt"":""2026-09-30T15:11:00+09:00"",""title"":""“경기 분석 1시간→10분”…SKT, AI로 韓 펜싱 지원"",""url"":""https://n.news.naver.com/mnews/article/382/0001296538"",""duplicateOf"":null,""mentionsName"":false},{""id"":""008-0005420400"",""office"":""머니투데이"",""publishedAt"":""2026-09-30T15:17:00+09:00"",""title"":""'독파모' 논란 왜 불거졌나…'서바이벌·무빙타깃'에 커지는 불만"",""url"":""https://n.news.naver.com/mnews/article/008/0005420400"",""duplicateOf"":null,""mentionsName"":false},{""id"":""382-0001296548"",""office"":""스포츠동아"",""publishedAt"":""2026-09-30T15:45:00+09:00"",""title"":""LGU+“2030년 ‘대기시간 없는’ AICC 구축”"",""url"":""https://n.news.naver.com/mnews/article/382/0001296548"",""duplicateOf"":null,""mentionsName"":false},{""id"":""092-0002439331"",""office"":""지디넷코리아"",""publishedAt"":""2026-09-30T15:52:00+09:00"",""title"":""\""분산형 AI, 2035년 한국서 연 68조원 가치 창출 전망\"""",""url"":""https://n.news.naver.com/mnews/article/092/0002439331"",""duplicateOf"":null,""mentionsName"":false},{""id"":""119-0003138103"",""office"":""데일리안"",""publishedAt"":""2026-09-30T16:03:00+09:00"",""title"":""집단소송법 두고 “소급적용·옵트아웃 재검토해야”…학계·법조계 ..."",""url"":""https://n.news.naver.com/mnews/article/119/0003138103"",""duplicateOf"":null,""mentionsName"":false},{""id"":""092-0002439347"",""office"":""지디넷코리아"",""publishedAt"":""2026-09-30T16:27:00+09:00"",""title"":""[AI는 지금] 국민 AI, 10월 예고편 나온다…'모두의 AI' 베타 첫선"",""url"":""https://n.news.naver.com/mnews/article/092/0002439347"",""duplicateOf"":null,""mentionsName"":false},{""id"":""014-0005583108"",""office"":""파이낸셜뉴스"",""publishedAt"":""2026-09-30T16:30:00+09:00"",""title"":""AI가 예약·결제하는 시대…정부, '에이전트 데이터 룰' 만든다"",""url"":""https://n.news.naver.com/mnews/article/014/0005583108"",""duplicateOf"":null,""mentionsName"":false},{""id"":""374-0000535635"",""office"":""SBS Biz"",""publishedAt"":""2026-09-30T16:41:00+09:00"",""title"":""SKT, 사내 개인정보 보호 캠페인…\""고객 신뢰 출발점\"""",""url"":""https://n.news.naver.com/mnews/article/374/0000535635"",""duplicateOf"":null,""mentionsName"":false},{""id"":""009-0005742139"",""office"":""매일경제"",""publishedAt"":""2026-09-30T16:57:00+09:00"",""title"":""이 대통령 “개인정보 유출 적당히 무마? 옛날 얘기”…기업들에 경고"",""url"":""https://n.news.naver.com/mnews/article/009/0005742139"",""duplicateOf"":null,""mentionsName"":false},{""id"":""052-0002413042"",""office"":""YTN"",""publishedAt"":""2026-09-30T17:01:00+09:00"",""title"":""[기업] 엔비디아, 11월 코엑스서 'AI 데이 서울' 개최"",""url"":""https://n.news.naver.com/mnews/article/052/0002413042"",""duplicateOf"":null,""mentionsName"":false},{""id"":""003-0014224844"",""office"":""뉴시스"",""publishedAt"":""2026-09-30T17:02:00+09:00"",""title"":""홍선근 시대 회장 \""AI 대전환 시대, 국가적 집중과 산업 생태계 협력 ..."",""url"":""https://n.news.naver.com/mnews/article/003/0014224844"",""duplicateOf"":null,""mentionsName"":false},{""id"":""003-0014224863"",""office"":""뉴시스"",""publishedAt"":""2026-09-30T17:06:00+09:00"",""title"":""\""모델 하나론 부족하다\""…반도체·전력 아우르는 'AI 풀스택' 역량 절..."",""url"":""https://n.news.naver.com/mnews/article/003/0014224863"",""duplicateOf"":null,""mentionsName"":false}]",20,0,,,,,,,
collection-7c4ff71a4ea2613b,collection,2026-09-30,2026-09-30T08:21:48Z,,,"{""contextFile"":""reports/atlas11/context/2026-09-30/2026-09-30T08-21-48Z.json""}",context_news,2026-09-30,새 기사,,,,,false,018260,삼성에스디에스,,,https://m.stock.naver.com/api/news/stock/018260?pageSize=20&page=1,288d745b4319a44ccca356ae3ea599ae2b78d510673cd9eb2e48510b52f9d16b,"[{""id"":""082-0001400380"",""office"":""부산일보"",""publishedAt"":""2026-09-29T17:59:00+09:00"",""title"":""삼성 계열사, AI 인프라에 대규모 투자"",""url"":""https://n.news.naver.com/mnews/article/082/0001400380"",""duplicateOf"":null,""mentionsName"":false},{""id"":""469-0000956737"",""office"":""한국일보"",""publishedAt"":""2026-09-30T08:00:00+09:00"",""title"":""전기·물 아껴쓰고 일자리 늘리고… 데이터센터 기업들 '공존' 실험"",""url"":""https://n.news.naver.com/mnews/article/469/0000956737"",""duplicateOf"":null,""mentionsName"":false},{""id"":""011-0004666687"",""office"":""서울경제"",""publishedAt"":""2026-09-30T08:49:00+09:00"",""title"":""삼성전자·SK하이닉스, 美 국채 금리 급등에도 프리마켓서 1%대 상승[..."",""url"":""https://n.news.naver.com/mnews/article/011/0004666687"",""duplicateOf"":null,""mentionsName"":false},{""id"":""009-0005741734"",""office"":""매일경제"",""publishedAt"":""2026-09-30T08:51:00+09:00"",""title"":""“삼성전자, 메모리 사업의 가치 재평가 기대”…증권가 분석 보니"",""url"":""https://n.news.naver.com/mnews/article/009/0005741734"",""duplicateOf"":null,""mentionsName"":false},{""id"":""003-0014222930"",""office"":""뉴시스"",""publishedAt"":""2026-09-30T10:35:00+09:00"",""title"":""\""전력이 반도체·AI 핵심 경쟁력\""…삼성, 에너지 연구 인력 확보 나서"",""url"":""https://n.news.naver.com/mnews/article/003/0014222930"",""duplicateOf"":null,""mentionsName"":false},{""id"":""011-0004666837"",""office"":""서울경제"",""publishedAt"":""2026-09-30T14:13:00+09:00"",""title"":""앤트로픽 ‘700조 베팅’에…삼성전자우·테스 사들이는 고수들[주식..."",""url"":""https://n.news.naver.com/mnews/article/011/0004666837"",""duplicateOf"":null,""mentionsName"":false},{""id"":""032-0003473363"",""office"":""경향신문"",""publishedAt"":""2026-09-30T14:21:00+09:00"",""title"":""‘인천물류AX 동맹체’ 출범… 산·학·연·관 손잡고 K-물류 혁신 이..."",""url"":""https://n.news.naver.com/mnews/article/032/0003473363"",""duplicateOf"":null,""mentionsName"":false},{""id"":""417-0001159671"",""office"":""동행미디어 시대"",""publishedAt"":""2026-09-30T14:56:00+09:00"",""title"":""AI 페스타 26, 내달 6일 코엑스서 개막…글로벌 AI 리더들 집결"",""url"":""https://n.news.naver.com/mnews/article/417/0001159671"",""duplicateOf"":null,""mentionsName"":false},{""id"":""003-0014224487"",""office"":""뉴시스"",""publishedAt"":""2026-09-30T15:30:00+09:00"",""title"":""\""글로벌 빅테크·국내 AI 기업 한자리에\""…AI 페스타, 내달 6일부터 열..."",""url"":""https://n.news.naver.com/mnews/article/003/0014224487"",""duplicateOf"":null,""mentionsName"":false},{""id"":""088-0001031492"",""office"":""매일신문"",""publishedAt"":""2026-09-30T16:25:00+09:00"",""title"":""구미, 로봇 특화단지 지정…휴머노이드 제조 거점 도약"",""url"":""https://n.news.naver.com/mnews/article/088/0001031492"",""duplicateOf"":null,""mentionsName"":false},{""id"":""015-0005337698"",""office"":""한국경제"",""publishedAt"":""2026-09-30T16:40:00+09:00"",""title"":""AI 도입했는데 생산성은 그대로?…“리더부터 일하는 법 바꿔야”"",""url"":""https://n.news.naver.com/mnews/article/015/0005337698"",""duplicateOf"":null,""mentionsName"":false},{""id"":""029-0003050768"",""office"":""디지털타임스"",""publishedAt"":""2026-09-30T16:42:00+09:00"",""title"":""엘리스그룹 “3개월만에 짓는 ‘AI PMDC’로 네오클라우드 시장 선도”"",""url"":""https://n.news.naver.com/mnews/article/029/0003050768"",""duplicateOf"":null,""mentionsName"":false}]",12,0,,,,,,,
collection-7fbf797a0c3b8a4f,collection,2026-09-30,2026-09-30T08:21:48Z,,,"{""contextFile"":""reports/atlas11/context/2026-09-30/2026-09-30T08-21-48Z.json""}",context_news,2026-09-30,새 기사,,,,,false,021240,코웨이,,,https://m.stock.naver.com/api/news/stock/021240?pageSize=20&page=1,c5e18520c446df7e6854583e44a41110bbeabc75a98c7aa8f5c23dd8fdf13f87,"[{""id"":""030-0003471293"",""office"":""전자신문"",""publishedAt"":""2026-09-30T16:01:00+09:00"",""title"":""쿠첸, 공기청정기 출시 추진…가전 라인업 다각화 포석"",""url"":""https://n.news.naver.com/mnews/article/030/0003471293"",""duplicateOf"":null,""mentionsName"":false},{""id"":""031-0001062455"",""office"":""아이뉴스24"",""publishedAt"":""2026-09-30T16:32:00+09:00"",""title"":""코웨이, KCSI 조사서 정수기·침대·비데 3관왕"",""url"":""https://n.news.naver.com/mnews/article/031/0001062455"",""duplicateOf"":null,""mentionsName"":true}]",2,0,,,,,,,
collection-16485b157c2a7167,collection,2026-09-30,2026-09-30T08:21:48Z,,,"{""contextFile"":""reports/atlas11/context/2026-09-30/2026-09-30T08-21-48Z.json""}",context_news,2026-09-30,새 기사,,,,,false,028260,삼성물산,,,https://m.stock.naver.com/api/news/stock/028260?pageSize=20&page=1,90f590a56b5f3a7ab13a9d6278c295d551b3d371cbb2cb7eaeb51ef1d469941e,"[{""id"":""008-0005420379"",""office"":""머니투데이"",""publishedAt"":""2026-09-30T14:54:00+09:00"",""title"":""'AI 풀스택' 키우려면...홍선근 시대 회장 \""국가적 협력 필요\"""",""url"":""https://n.news.naver.com/mnews/article/008/0005420379"",""duplicateOf"":null,""mentionsName"":false},{""id"":""003-0014224401"",""office"":""뉴시스"",""publishedAt"":""2026-09-30T15:10:00+09:00"",""title"":""1.6조 오금현대 아파트 재건축 사업…삼성·포스코 리턴 매치?"",""url"":""https://n.news.naver.com/mnews/article/003/0014224401"",""duplicateOf"":null,""mentionsName"":false},{""id"":""015-0005337639"",""office"":""한국경제"",""publishedAt"":""2026-09-30T15:10:00+09:00"",""title"":""한강 조망·합정역세권…'라비움 한강' 눈길 [집코노미 박람회 2026]"",""url"":""https://n.news.naver.com/mnews/article/015/0005337639"",""duplicateOf"":null,""mentionsName"":false},{""id"":""009-0005742024"",""office"":""매일경제"",""publishedAt"":""2026-09-30T15:14:00+09:00"",""title"":""‘푸바오 동생’ 루이바오·후이바오, 12월 중국 간다"",""url"":""https://n.news.naver.com/mnews/article/009/0005742024"",""duplicateOf"":null,""mentionsName"":false},{""id"":""016-0002703826"",""office"":""헤럴드경제"",""publishedAt"":""2026-09-30T15:18:00+09:00"",""title"":""“이 나이에 파주, 원주까지…” 여의도 재건축 고령 집주인, 전세난..."",""url"":""https://n.news.naver.com/mnews/article/016/0002703826"",""duplicateOf"":null,""mentionsName"":false},{""id"":""008-0005420411"",""office"":""머니투데이"",""publishedAt"":""2026-09-30T15:26:00+09:00"",""title"":""\""새 먹거리는 원전·데이터센터\""…불황 속 인재 확보 나선 건설사들"",""url"":""https://n.news.naver.com/mnews/article/008/0005420411"",""duplicateOf"":null,""mentionsName"":false},{""id"":""016-0002703831"",""office"":""헤럴드경제"",""publishedAt"":""2026-09-30T15:26:00+09:00"",""title"":""김포 북변동, 광역철도망 확충·주거 개발 기대…㈜대원 ‘김포 칸타..."",""url"":""https://n.news.naver.com/mnews/article/016/0002703831"",""duplicateOf"":null,""mentionsName"":false},{""id"":""015-0005337660"",""office"":""한국경제"",""publishedAt"":""2026-09-30T15:42:00+09:00"",""title"":""코스피, 외인·기관 동반 매도에 6830선 후퇴…코스닥은 상승"",""url"":""https://n.news.naver.com/mnews/article/015/0005337660"",""duplicateOf"":null,""mentionsName"":false},{""id"":""014-0005583075"",""office"":""파이낸셜뉴스"",""publishedAt"":""2026-09-30T15:52:00+09:00"",""title"":""추석 끝나자 다시 불붙는 목동 수주전...8단지, 대우건설 '무혈입성' ..."",""url"":""https://n.news.naver.com/mnews/article/014/0005583075"",""duplicateOf"":null,""mentionsName"":false},{""id"":""277-0005822922"",""office"":""아시아경제"",""publishedAt"":""2026-09-30T15:53:00+09:00"",""title"":""코스피, 6800선 약보합 마감…코스닥은 소폭 상승"",""url"":""https://n.news.naver.com/mnews/article/277/0005822922"",""duplicateOf"":null,""mentionsName"":false},{""id"":""029-0003050743"",""office"":""디지털타임스"",""publishedAt"":""2026-09-30T15:55:00+09:00"",""title"":""마이크론 실적 앞두고 엇갈린 ‘삼전닉스’…코스피, 6830선 약보합"",""url"":""https://n.news.naver.com/mnews/article/029/0003050743"",""duplicateOf"":null,""mentionsName"":false},{""id"":""003-0014224659"",""office"":""뉴시스"",""publishedAt"":""2026-09-30T16:07:00+09:00"",""title"":""'전강후약' 코스피…외인·기관 '팔자'에 6800선 제자리"",""url"":""https://n.news.naver.com/mnews/article/003/0014224659"",""duplicateOf"":null,""mentionsName"":false},{""id"":""015-0005337693"",""office"":""한국경제"",""publishedAt"":""2026-09-30T16:29:00+09:00"",""title"":""천안 성성생활권 대단지 '더샵 천안라크원'…집코노미 박람회서 공개..."",""url"":""https://n.news.naver.com/mnews/article/015/0005337693"",""duplicateOf"":null,""mentionsName"":false},{""id"":""031-0001062459"",""office"":""아이뉴스24"",""publishedAt"":""2026-09-30T16:36:00+09:00"",""title"":""美 소비지표·마이크론 실적 앞두고 관망⋯코스피 '약보합' 마감"",""url"":""https://n.news.naver.com/mnews/article/031/0001062459"",""duplicateOf"":null,""mentionsName"":false},{""id"":""648-0000051206"",""office"":""비즈워치"",""publishedAt"":""2026-09-30T16:45:00+09:00"",""title"":""패션업계에 부는 '세컨드 브랜드' 바람…'브랜드 공식' 바꿨다"",""url"":""https://n.news.naver.com/mnews/article/648/0000051206"",""duplicateOf"":null,""mentionsName"":false},{""id"":""029-0003050781"",""office"":""디지털타임스"",""publishedAt"":""2026-09-30T17:01:00+09:00"",""title"":""AWS, 서울리전서 클로드 오퍼스·소네트 5 제공"",""url"":""https://n.news.naver.com/mnews/article/029/0003050781"",""duplicateOf"":null,""mentionsName"":false},{""id"":""003-0014224844"",""office"":""뉴시스"",""publishedAt"":""2026-09-30T17:02:00+09:00"",""title"":""홍선근 시대 회장 \""AI 대전환 시대, 국가적 집중과 산업 생태계 협력 ..."",""url"":""https://n.news.naver.com/mnews/article/003/0014224844"",""duplicateOf"":null,""mentionsName"":false},{""id"":""003-0014224863"",""office"":""뉴시스"",""publishedAt"":""2026-09-30T17:06:00+09:00"",""title"":""\""모델 하나론 부족하다\""…반도체·전력 아우르는 'AI 풀스택' 역량 절..."",""url"":""https://n.news.naver.com/mnews/article/003/0014224863"",""duplicateOf"":null,""mentionsName"":false},{""id"":""022-0004163017"",""office"":""세계일보"",""publishedAt"":""2026-09-30T17:08:00+09:00"",""title"":""올가을 패션 키워드는 ‘일상·뉴트럴·실용’…캐주얼에 힘준다 [트..."",""url"":""https://n.news.naver.com/mnews/article/022/0004163017"",""duplicateOf"":null,""mentionsName"":false},{""id"":""009-0005742174"",""office"":""매일경제"",""publishedAt"":""2026-09-30T17:20:00+09:00"",""title"":""성수 재개발 시공사 속속 확정 … 한강변 9천가구 본궤도"",""url"":""https://n.news.naver.com/mnews/article/009/0005742174"",""duplicateOf"":null,""mentionsName"":false}]",20,0,,,,,,,
collection-f5fe051454405026,collection,2026-09-30,2026-09-30T08:21:48Z,,,"{""contextFile"":""reports/atlas11/context/2026-09-30/2026-09-30T08-21-48Z.json""}",context_news,2026-09-30,새 기사,,,,,false,028300,HLB,,,https://m.stock.naver.com/api/news/stock/028300?pageSize=20&page=1,8d82ad99e2ca6c21853e2cdab060211a14e7c433b41fe3cd3ea728ac62a411ab,"[{""id"":""648-0000051180"",""office"":""비즈워치"",""publishedAt"":""2026-09-30T07:50:00+09:00"",""title"":""연이은 기술수출에도 바이오주 힘 못 쓰는 이유"",""url"":""https://n.news.naver.com/mnews/article/648/0000051180"",""duplicateOf"":null,""mentionsName"":false},{""id"":""018-0006377375"",""office"":""이데일리"",""publishedAt"":""2026-09-30T08:02:00+09:00"",""title"":""투심 돌아왔다… HLB·뷰노·한국비엔씨 변곡점 중심[바이오맥짚기]"",""url"":""https://n.news.naver.com/mnews/article/018/0006377375"",""duplicateOf"":null,""mentionsName"":true},{""id"":""215-0001267647"",""office"":""한국경제TV"",""publishedAt"":""2026-09-30T08:23:00+09:00"",""title"":""삼성전기, 글로벌 빅테크와 2900억 규모 공급 계약 - 와우넷 오늘장전..."",""url"":""https://n.news.naver.com/mnews/article/215/0001267647"",""duplicateOf"":null,""mentionsName"":false},{""id"":""374-0000535491"",""office"":""SBS Biz"",""publishedAt"":""2026-09-30T08:27:00+09:00"",""title"":""[어제장 오늘장] 고금리에도 버틴 삼전닉스…마이크론 실적 주목"",""url"":""https://n.news.naver.com/mnews/article/374/0000535491"",""duplicateOf"":null,""mentionsName"":false},{""id"":""081-0003684657"",""office"":""서울신문"",""publishedAt"":""2026-09-30T09:12:00+09:00"",""title"":""[서울데이터랩]개장 직후 인기 검색 종목 20選"",""url"":""https://n.news.naver.com/mnews/article/081/0003684657"",""duplicateOf"":null,""mentionsName"":false},{""id"":""081-0003684662"",""office"":""서울신문"",""publishedAt"":""2026-09-30T09:23:00+09:00"",""title"":""코스닥 개장 직후 강세… 2차전지·반도체 장비주 지수 지지"",""url"":""https://n.news.naver.com/mnews/article/081/0003684662"",""duplicateOf"":null,""mentionsName"":false},{""id"":""421-0009200406"",""office"":""뉴스1"",""publishedAt"":""2026-09-30T12:04:00+09:00"",""title"":""외인·기관 순매도 돌아서며 코스피 하락 전환…6800선 후퇴[장중시황..."",""url"":""https://n.news.naver.com/mnews/article/421/0009200406"",""duplicateOf"":null,""mentionsName"":false},{""id"":""081-0003684750"",""office"":""서울신문"",""publishedAt"":""2026-09-30T13:40:00+09:00"",""title"":""반도체·바이오 매수세 유입… 알테오젠·에코프로 동반 상승"",""url"":""https://n.news.naver.com/mnews/article/081/0003684750"",""duplicateOf"":null,""mentionsName"":false},{""id"":""018-0006377697"",""office"":""이데일리"",""publishedAt"":""2026-09-30T13:43:00+09:00"",""title"":""코스피, 삼전 1%대 내리며 약보합세 전환...코스닥은 0.9% 강세"",""url"":""https://n.news.naver.com/mnews/article/018/0006377697"",""duplicateOf"":null,""mentionsName"":false},{""id"":""018-0006377794"",""office"":""이데일리"",""publishedAt"":""2026-09-30T15:34:00+09:00"",""title"":""[속보]코스피, 사흘째 내리막 6800선 후퇴…외국인 오늘도 폭풍매도"",""url"":""https://n.news.naver.com/mnews/article/018/0006377794"",""duplicateOf"":null,""mentionsName"":false},{""id"":""011-0004666912"",""office"":""서울경제"",""publishedAt"":""2026-09-30T16:19:00+09:00"",""title"":""‘700조 AI 호재’도 역부족…코스피, 추석 이후 3거래일째 하락[마켓..."",""url"":""https://n.news.naver.com/mnews/article/011/0004666912"",""duplicateOf"":null,""mentionsName"":false},{""id"":""421-0009201465"",""office"":""뉴스1"",""publishedAt"":""2026-09-30T16:21:00+09:00"",""title"":""외인·기관 빠지자 코스피 6838 후퇴…금리 부담 '마이크론' 관망[시황..."",""url"":""https://n.news.naver.com/mnews/article/421/0009201465"",""duplicateOf"":null,""mentionsName"":false}]",12,0,,,,,,,
collection-5f1ae40831fd17fc,collection,2026-09-30,2026-09-30T08:21:48Z,,,"{""contextFile"":""reports/atlas11/context/2026-09-30/2026-09-30T08-21-48Z.json""}",context_news,2026-09-30,새 기사,,,,,false,029780,삼성카드,,,https://m.stock.naver.com/api/news/stock/029780?pageSize=20&page=1,cd13aa3a5f440ce54c4c5cd3d0609a236d064de44040e30e7a09be2c18328495,"[{""id"":""469-0000956847"",""office"":""한국일보"",""publishedAt"":""2026-09-30T14:05:00+09:00"",""title"":""“다양한 결제 혜택을 모니모페이와 함께…” 삼성카드, ‘모니모페이..."",""url"":""https://n.news.naver.com/mnews/article/469/0000956847"",""duplicateOf"":null,""mentionsName"":true},{""id"":""468-0001269788"",""office"":""스포츠서울"",""publishedAt"":""2026-09-30T15:04:00+09:00"",""title"":""삼성카드, ‘이마트신세계 PLUS’ 출시…이마트 계열 최대 10% 할인"",""url"":""https://n.news.naver.com/mnews/article/468/0001269788"",""duplicateOf"":null,""mentionsName"":true}]",2,0,,,,,,,
collection-1371beaf1c09f7b2,collection,2026-09-30,2026-09-30T08:21:48Z,,,"{""contextFile"":""reports/atlas11/context/2026-09-30/2026-09-30T08-21-48Z.json""}",context_news,2026-09-30,새 기사,,,,,false,030000,제일기획,,,https://m.stock.naver.com/api/news/stock/030000?pageSize=20&page=1,b278b830adcd5aaf18e0ea1e1d4f58f62dbde1a43204b5270c30c3f30e9cf417,"[{""id"":""001-0016308989"",""office"":""연합뉴스"",""publishedAt"":""2026-09-14T14:00:00+09:00"",""title"":""삼성·LG, 추석 맞아 협력사 물품대금 조기 지급"",""url"":""https://n.news.naver.com/mnews/article/001/0016308989"",""duplicateOf"":null,""mentionsName"":false},{""id"":""001-0016345359"",""office"":""연합뉴스"",""publishedAt"":""2026-09-30T08:38:00+09:00"",""title"":""대신증권 \""제일기획, 주요 광고주 마케팅 축소…목표주가 하향\"""",""url"":""https://n.news.naver.com/mnews/article/001/0016345359"",""duplicateOf"":null,""mentionsName"":true},{""id"":""366-0001195298"",""office"":""조선비즈"",""publishedAt"":""2026-09-30T13:07:00+09:00"",""title"":""3개월새 주가 20%↓...제일기획, 2800억 규모 자사주 전량 소각"",""url"":""https://n.news.naver.com/mnews/article/366/0001195298"",""duplicateOf"":null,""mentionsName"":true},{""id"":""011-0004666897"",""office"":""서울경제"",""publishedAt"":""2026-09-30T15:54:00+09:00"",""title"":""기업 공시 [9월 30일]"",""url"":""https://n.news.naver.com/mnews/article/011/0004666897"",""duplicateOf"":null,""mentionsName"":false}]",4,0,,,,,,,
collection-d975f0d99518819d,collection,2026-09-30,2026-09-30T08:21:48Z,,,"{""contextFile"":""reports/atlas11/context/2026-09-30/2026-09-30T08-21-48Z.json""}",context_news,2026-09-30,새 기사,,,,,false,030200,KT,,,https://m.stock.naver.com/api/news/stock/030200?pageSize=20&page=1,5089292962c3ffced68a1f50456c37fb50f4bd3381e9c1eed76ae93c96f32db5,"[{""id"":""008-0005420024"",""office"":""머니투데이"",""publishedAt"":""2026-09-30T07:46:00+09:00"",""title"":""GPU 이어 CPU도 '귀한 몸', AI발 병목 계속…삼전닉스 웃나 [IT썰]"",""url"":""https://n.news.naver.com/mnews/article/008/0005420024"",""duplicateOf"":null,""mentionsName"":false},{""id"":""092-0002439212"",""office"":""지디넷코리아"",""publishedAt"":""2026-09-30T09:06:00+09:00"",""title"":""SMR·CJ ENM·KT스튜디오지니, LA서 K-FAST 행사 연다"",""url"":""https://n.news.naver.com/mnews/article/092/0002439212"",""duplicateOf"":null,""mentionsName"":true},{""id"":""018-0006377453"",""office"":""이데일리"",""publishedAt"":""2026-09-30T09:14:00+09:00"",""title"":""\""알체라, LG전자와 ‘피지컬 AI’ 올라탄다…로봇 학습 데이터 선점 기..."",""url"":""https://n.news.naver.com/mnews/article/018/0006377453"",""duplicateOf"":null,""mentionsName"":false},{""id"":""421-0009199653"",""office"":""뉴스1"",""publishedAt"":""2026-09-30T09:28:00+09:00"",""title"":""KT, 840시간 집중 교육으로 청년 'AX 인재' 키운다"",""url"":""https://n.news.naver.com/mnews/article/421/0009199653"",""duplicateOf"":null,""mentionsName"":true},{""id"":""421-0009199656"",""office"":""뉴스1"",""publishedAt"":""2026-09-30T09:29:00+09:00"",""title"":""KT, 10월 달달혜택 공개…테마파크·뮤지컬 반값 할인"",""url"":""https://n.news.naver.com/mnews/article/421/0009199656"",""duplicateOf"":null,""mentionsName"":true},{""id"":""001-0016345730"",""office"":""연합뉴스"",""publishedAt"":""2026-09-30T09:59:00+09:00"",""title"":""[테크스냅] SKT, KCSI 고객만족도 조사 이동전화 부문 1위"",""url"":""https://n.news.naver.com/mnews/article/001/0016345730"",""duplicateOf"":null,""mentionsName"":true},{""id"":""011-0004666726"",""office"":""서울경제"",""publishedAt"":""2026-09-30T10:01:00+09:00"",""title"":""日 최대 IB 다이와, 한국 채권사업 철수…실적 공백에 결국 접었다"",""url"":""https://n.news.naver.com/mnews/article/011/0004666726"",""duplicateOf"":null,""mentionsName"":false},{""id"":""119-0003137969"",""office"":""데일리안"",""publishedAt"":""2026-09-30T13:41:00+09:00"",""title"":""SKB ‘B tv 핫딜’, 10개월 만에 누적 판매 100억 돌파"",""url"":""https://n.news.naver.com/mnews/article/119/0003137969"",""duplicateOf"":null,""mentionsName"":false},{""id"":""119-0003137982"",""office"":""데일리안"",""publishedAt"":""2026-09-30T13:56:00+09:00"",""title"":""KT, 10월 멤버십 혜택 공개…도미노피자·롯데리아 최대 50% 할인"",""url"":""https://n.news.naver.com/mnews/article/119/0003137982"",""duplicateOf"":null,""mentionsName"":true},{""id"":""008-0005420353"",""office"":""머니투데이"",""publishedAt"":""2026-09-30T14:27:00+09:00"",""title"":""딥마인드·오픈AI 서울 집결…과기정통부, 역대 최대 'AI 페스타 26' 개..."",""url"":""https://n.news.naver.com/mnews/article/008/0005420353"",""duplicateOf"":null,""mentionsName"":false},{""id"":""092-0002439318"",""office"":""지디넷코리아"",""publishedAt"":""2026-09-30T15:15:00+09:00"",""title"":""KT, 250명 청년 AX 인재 키운다…6개월 실전 프로젝트"",""url"":""https://n.news.naver.com/mnews/article/092/0002439318"",""duplicateOf"":null,""mentionsName"":true},{""id"":""382-0001296548"",""office"":""스포츠동아"",""publishedAt"":""2026-09-30T15:45:00+09:00"",""title"":""LGU+“2030년 ‘대기시간 없는’ AICC 구축”"",""url"":""https://n.news.naver.com/mnews/article/382/0001296548"",""duplicateOf"":null,""mentionsName"":false},{""id"":""421-0009201330"",""office"":""뉴스1"",""publishedAt"":""2026-09-30T15:46:00+09:00"",""title"":""국감 증인 셋 중 하나 기업인…이재용·최태원 막고 조희대 부르고"",""url"":""https://n.news.naver.com/mnews/article/421/0009201330"",""duplicateOf"":null,""mentionsName"":false},{""id"":""092-0002439330"",""office"":""지디넷코리아"",""publishedAt"":""2026-09-30T15:51:00+09:00"",""title"":""KT, 900만 셋톱박스 데이터로 TV광고 최적화...도달률 2배"",""url"":""https://n.news.naver.com/mnews/article/092/0002439330"",""duplicateOf"":null,""mentionsName"":true},{""id"":""092-0002439331"",""office"":""지디넷코리아"",""publishedAt"":""2026-09-30T15:52:00+09:00"",""title"":""\""분산형 AI, 2035년 한국서 연 68조원 가치 창출 전망\"""",""url"":""https://n.news.naver.com/mnews/article/092/0002439331"",""duplicateOf"":null,""mentionsName"":false},{""id"":""015-0005337690"",""office"":""한국경제"",""publishedAt"":""2026-09-30T16:25:00+09:00"",""title"":""\""속초 호텔 추천해줘\"" 챗GPT와 대화 알고 보니…'깜짝 반전'"",""url"":""https://n.news.naver.com/mnews/article/015/0005337690"",""duplicateOf"":null,""mentionsName"":false},{""id"":""092-0002439347"",""office"":""지디넷코리아"",""publishedAt"":""2026-09-30T16:27:00+09:00"",""title"":""[AI는 지금] 국민 AI, 10월 예고편 나온다…'모두의 AI' 베타 첫선"",""url"":""https://n.news.naver.com/mnews/article/092/0002439347"",""duplicateOf"":null,""mentionsName"":false},{""id"":""014-0005583108"",""office"":""파이낸셜뉴스"",""publishedAt"":""2026-09-30T16:30:00+09:00"",""title"":""AI가 예약·결제하는 시대…정부, '에이전트 데이터 룰' 만든다"",""url"":""https://n.news.naver.com/mnews/article/014/0005583108"",""duplicateOf"":null,""mentionsName"":false},{""id"":""009-0005742139"",""office"":""매일경제"",""publishedAt"":""2026-09-30T16:57:00+09:00"",""title"":""이 대통령 “개인정보 유출 적당히 무마? 옛날 얘기”…기업들에 경고"",""url"":""https://n.news.naver.com/mnews/article/009/0005742139"",""duplicateOf"":null,""mentionsName"":false}]",19,0,,,,,,,
collection-2fd572a557447c5b,collection,2026-09-30,2026-09-30T08:21:48Z,,,"{""contextFile"":""reports/atlas11/context/2026-09-30/2026-09-30T08-21-48Z.json""}",context_news,2026-09-30,새 기사,,,,,false,032830,삼성생명보험,,,https://m.stock.naver.com/api/news/stock/032830?pageSize=20&page=1,ede06da549c38302cd8f91dcdda17c4a0d5e3bd79b32d8518e607ab7d8762495,"[{""id"":""277-0005822771"",""office"":""아시아경제"",""publishedAt"":""2026-09-30T12:00:00+09:00"",""title"":""코스피 하락 전환…6800대로"",""url"":""https://n.news.naver.com/mnews/article/277/0005822771"",""duplicateOf"":null,""mentionsName"":false},{""id"":""421-0009200406"",""office"":""뉴스1"",""publishedAt"":""2026-09-30T12:04:00+09:00"",""title"":""외인·기관 순매도 돌아서며 코스피 하락 전환…6800선 후퇴[장중시황..."",""url"":""https://n.news.naver.com/mnews/article/421/0009200406"",""duplicateOf"":null,""mentionsName"":false},{""id"":""018-0006377697"",""office"":""이데일리"",""publishedAt"":""2026-09-30T13:43:00+09:00"",""title"":""코스피, 삼전 1%대 내리며 약보합세 전환...코스닥은 0.9% 강세"",""url"":""https://n.news.naver.com/mnews/article/018/0006377697"",""duplicateOf"":null,""mentionsName"":false},{""id"":""011-0004666837"",""office"":""서울경제"",""publishedAt"":""2026-09-30T14:13:00+09:00"",""title"":""앤트로픽 ‘700조 베팅’에…삼성전자우·테스 사들이는 고수들[주식..."",""url"":""https://n.news.naver.com/mnews/article/011/0004666837"",""duplicateOf"":null,""mentionsName"":false},{""id"":""018-0006377794"",""office"":""이데일리"",""publishedAt"":""2026-09-30T15:34:00+09:00"",""title"":""[속보]코스피, 사흘째 내리막 6800선 후퇴…외국인 오늘도 폭풍매도"",""url"":""https://n.news.naver.com/mnews/article/018/0006377794"",""duplicateOf"":null,""mentionsName"":false},{""id"":""015-0005337660"",""office"":""한국경제"",""publishedAt"":""2026-09-30T15:42:00+09:00"",""title"":""코스피, 외인·기관 동반 매도에 6830선 후퇴…코스닥은 상승"",""url"":""https://n.news.naver.com/mnews/article/015/0005337660"",""duplicateOf"":null,""mentionsName"":false},{""id"":""277-0005822922"",""office"":""아시아경제"",""publishedAt"":""2026-09-30T15:53:00+09:00"",""title"":""코스피, 6800선 약보합 마감…코스닥은 소폭 상승"",""url"":""https://n.news.naver.com/mnews/article/277/0005822922"",""duplicateOf"":null,""mentionsName"":false},{""id"":""029-0003050743"",""office"":""디지털타임스"",""publishedAt"":""2026-09-30T15:55:00+09:00"",""title"":""마이크론 실적 앞두고 엇갈린 ‘삼전닉스’…코스피, 6830선 약보합"",""url"":""https://n.news.naver.com/mnews/article/029/0003050743"",""duplicateOf"":null,""mentionsName"":false},{""id"":""119-0003138095"",""office"":""데일리안"",""publishedAt"":""2026-09-30T15:59:00+09:00"",""title"":""3거래일 연속 하락한 코스피, 美 금리 부담에 투심 제한 [시황]"",""url"":""https://n.news.naver.com/mnews/article/119/0003138095"",""duplicateOf"":null,""mentionsName"":false},{""id"":""003-0014224659"",""office"":""뉴시스"",""publishedAt"":""2026-09-30T16:07:00+09:00"",""title"":""'전강후약' 코스피…외인·기관 '팔자'에 6800선 제자리"",""url"":""https://n.news.naver.com/mnews/article/003/0014224659"",""duplicateOf"":null,""mentionsName"":false},{""id"":""009-0005742095"",""office"":""매일경제"",""publishedAt"":""2026-09-30T16:12:00+09:00"",""title"":""코스피, ‘전강후약’ 6800선 마감…외국인 4거래일 연속 ‘팔자’"",""url"":""https://n.news.naver.com/mnews/article/009/0005742095"",""duplicateOf"":null,""mentionsName"":false},{""id"":""654-0000203195"",""office"":""강원도민일보"",""publishedAt"":""2026-09-30T16:12:00+09:00"",""title"":""코스피 6838.04 마감…장중 1%대 상승 뒤 반락해 3거래일째 하락"",""url"":""https://n.news.naver.com/mnews/article/654/0000203195"",""duplicateOf"":null,""mentionsName"":false},{""id"":""293-0000091074"",""office"":""블로터"",""publishedAt"":""2026-09-30T16:17:00+09:00"",""title"":""삼성생명 기본자본 키운 삼성전자 주가…재무건전성에 미친 영향 보니"",""url"":""https://n.news.naver.com/mnews/article/293/0000091074"",""duplicateOf"":null,""mentionsName"":false},{""id"":""011-0004666912"",""office"":""서울경제"",""publishedAt"":""2026-09-30T16:19:00+09:00"",""title"":""‘700조 AI 호재’도 역부족…코스피, 추석 이후 3거래일째 하락[마켓..."",""url"":""https://n.news.naver.com/mnews/article/011/0004666912"",""duplicateOf"":null,""mentionsName"":false},{""id"":""138-0002243190"",""office"":""디지털데일리"",""publishedAt"":""2026-09-30T16:19:00+09:00"",""title"":""코스피, 전형적인 약세장 행보… 1% 오르다 하락, 외인 2조 매도에 사..."",""url"":""https://n.news.naver.com/mnews/article/138/0002243190"",""duplicateOf"":null,""mentionsName"":false},{""id"":""421-0009201465"",""office"":""뉴스1"",""publishedAt"":""2026-09-30T16:21:00+09:00"",""title"":""외인·기관 빠지자 코스피 6838 후퇴…금리 부담 '마이크론' 관망[시황..."",""url"":""https://n.news.naver.com/mnews/article/421/0009201465"",""duplicateOf"":null,""mentionsName"":false},{""id"":""008-0005420466"",""office"":""머니투데이"",""publishedAt"":""2026-09-30T16:23:00+09:00"",""title"":""코스피 약세 마감…美 국채금리 상승 여파"",""url"":""https://n.news.naver.com/mnews/article/008/0005420466"",""duplicateOf"":null,""mentionsName"":false},{""id"":""629-0000538227"",""office"":""더팩트"",""publishedAt"":""2026-09-30T16:35:00+09:00"",""title"":""코스피, 1%대 반등도 못 지켰다…3거래일 연속 내리막길"",""url"":""https://n.news.naver.com/mnews/article/629/0000538227"",""duplicateOf"":null,""mentionsName"":false},{""id"":""031-0001062459"",""office"":""아이뉴스24"",""publishedAt"":""2026-09-30T16:36:00+09:00"",""title"":""美 소비지표·마이크론 실적 앞두고 관망⋯코스피 '약보합' 마감"",""url"":""https://n.news.naver.com/mnews/article/031/0001062459"",""duplicateOf"":null,""mentionsName"":false},{""id"":""016-0002703871"",""office"":""헤럴드경제"",""publishedAt"":""2026-09-30T16:45:00+09:00"",""title"":""7000선 코앞서 미끄러진 코스피…사흘째 하락[투자360]"",""url"":""https://n.news.naver.com/mnews/article/016/0002703871"",""duplicateOf"":null,""mentionsName"":false}]",20,0,,,,,,,
collection-a4ce98dad013baeb,collection,2026-09-30,2026-09-30T08:21:48Z,,,"{""contextFile"":""reports/atlas11/context/2026-09-30/2026-09-30T08-21-48Z.json""}",context_news,2026-09-30,새 기사,,,,,false,033780,KT&G,,,https://m.stock.naver.com/api/news/stock/033780?pageSize=20&page=1,781609eb953f2061e1a3821afd68465af342fd4e105ff0923a493334a3fcc5bb,"[{""id"":""011-0004666728"",""office"":""서울경제"",""publishedAt"":""2026-09-30T10:01:00+09:00"",""title"":""뉴빌리티, 세미 휴머노이드 ‘빌리’ 공개…1~2년 내 수백 대 푼다"",""url"":""https://n.news.naver.com/mnews/article/011/0004666728"",""duplicateOf"":null,""mentionsName"":false},{""id"":""008-0005420188"",""office"":""머니투데이"",""publishedAt"":""2026-09-30T10:54:00+09:00"",""title"":""KT&G, '릴 하이브리드 3.0 로제 에디션' 한정판 2종 출시"",""url"":""https://n.news.naver.com/mnews/article/008/0005420188"",""duplicateOf"":null,""mentionsName"":true},{""id"":""016-0002703754"",""office"":""헤럴드경제"",""publishedAt"":""2026-09-30T13:21:00+09:00"",""title"":""EY한영, 매출 8000억 육박…외형·수익성 동반 성장"",""url"":""https://n.news.naver.com/mnews/article/016/0002703754"",""duplicateOf"":null,""mentionsName"":false},{""id"":""018-0006377689"",""office"":""이데일리"",""publishedAt"":""2026-09-30T13:21:00+09:00"",""title"":""매출 1조 앞둔 KT&G…‘3초 예열’에 담은 글로벌 승부수"",""url"":""https://n.news.naver.com/mnews/article/018/0006377689"",""duplicateOf"":null,""mentionsName"":true}]",4,0,,,,,,,
collection-fc736b093d171139,collection,2026-09-30,2026-09-30T08:21:48Z,,,"{""contextFile"":""reports/atlas11/context/2026-09-30/2026-09-30T08-21-48Z.json""}",context_news,2026-09-30,새 기사,,,,,false,034020,두산에너빌리티,,,https://m.stock.naver.com/api/news/stock/034020?pageSize=20&page=1,69162ee9e7dc758f7b7b8a3e7e80bd0050a13b221a390167dda932b9346fb6de,"[{""id"":""029-0003050594"",""office"":""디지털타임스"",""publishedAt"":""2026-09-30T08:08:00+09:00"",""title"":""美 AI·반도체 반등에 프리마켓 강세…삼전·SK하닉 1%대↑"",""url"":""https://n.news.naver.com/mnews/article/029/0003050594"",""duplicateOf"":null,""mentionsName"":false},{""id"":""029-0003050611"",""office"":""디지털타임스"",""publishedAt"":""2026-09-30T09:11:00+09:00"",""title"":""코스피, 1%대 상승 출발…외인·기관 ‘사자’에 삼전·하닉 강세"",""url"":""https://n.news.naver.com/mnews/article/029/0003050611"",""duplicateOf"":null,""mentionsName"":false},{""id"":""008-0005420085"",""office"":""머니투데이"",""publishedAt"":""2026-09-30T09:35:00+09:00"",""title"":""\""칠천피 다시 가나\""…美금리 24년 만에 최고에도 외국인 '사자'"",""url"":""https://n.news.naver.com/mnews/article/008/0005420085"",""duplicateOf"":null,""mentionsName"":false},{""id"":""081-0003684681"",""office"":""서울신문"",""publishedAt"":""2026-09-30T10:02:00+09:00"",""title"":""엄홍길휴먼재단, 네팔 대홍수 피해지역에서 릴레이 긴급구호 활동"",""url"":""https://n.news.naver.com/mnews/article/081/0003684681"",""duplicateOf"":null,""mentionsName"":false},{""id"":""014-0005582843"",""office"":""파이낸셜뉴스"",""publishedAt"":""2026-09-30T11:03:00+09:00"",""title"":""금리 우려에도 美반도체 훈풍에…코스피 6900선 회복[fn오전시황]"",""url"":""https://n.news.naver.com/mnews/article/014/0005582843"",""duplicateOf"":null,""mentionsName"":false},{""id"":""014-0005582872"",""office"":""파이낸셜뉴스"",""publishedAt"":""2026-09-30T11:27:00+09:00"",""title"":""GPU 다음 병목은 전력…한국주강, 'AI 가스터빈 공급망' 올라탔다"",""url"":""https://n.news.naver.com/mnews/article/014/0005582872"",""duplicateOf"":null,""mentionsName"":false},{""id"":""015-0005337619"",""office"":""한국경제"",""publishedAt"":""2026-09-30T14:38:00+09:00"",""title"":""\""일본도 포기했는데 한국이 나섰다\""…18조짜리 대어 뭐길래"",""url"":""https://n.news.naver.com/mnews/article/015/0005337619"",""duplicateOf"":null,""mentionsName"":false},{""id"":""138-0002243168"",""office"":""디지털데일리"",""publishedAt"":""2026-09-30T15:00:00+09:00"",""title"":""AI가 불붙인 '원전 르네상스'…다시 산업 경쟁력의 핵심으로"",""url"":""https://n.news.naver.com/mnews/article/138/0002243168"",""duplicateOf"":null,""mentionsName"":false},{""id"":""366-0001195356"",""office"":""조선비즈"",""publishedAt"":""2026-09-30T15:48:00+09:00"",""title"":""[마켓뷰] 美 장기 금리 상승에… 코스피, 소폭 하락"",""url"":""https://n.news.naver.com/mnews/article/366/0001195356"",""duplicateOf"":null,""mentionsName"":false},{""id"":""003-0014224659"",""office"":""뉴시스"",""publishedAt"":""2026-09-30T16:07:00+09:00"",""title"":""'전강후약' 코스피…외인·기관 '팔자'에 6800선 제자리"",""url"":""https://n.news.naver.com/mnews/article/003/0014224659"",""duplicateOf"":null,""mentionsName"":false},{""id"":""031-0001062459"",""office"":""아이뉴스24"",""publishedAt"":""2026-09-30T16:36:00+09:00"",""title"":""美 소비지표·마이크론 실적 앞두고 관망⋯코스피 '약보합' 마감"",""url"":""https://n.news.naver.com/mnews/article/031/0001062459"",""duplicateOf"":null,""mentionsName"":false},{""id"":""014-0005583125"",""office"":""파이낸셜뉴스"",""publishedAt"":""2026-09-30T16:53:00+09:00"",""title"":""중부발전, 국산 가스터빈 실증 첫발…보령신복합 1호기 최초점화"",""url"":""https://n.news.naver.com/mnews/article/014/0005583125"",""duplicateOf"":null,""mentionsName"":false},{""id"":""015-0005337705"",""office"":""한국경제"",""publishedAt"":""2026-09-30T16:55:00+09:00"",""title"":""창원국가산단, ‘첨단항공엔진’ 특화단지 지정"",""url"":""https://n.news.naver.com/mnews/article/015/0005337705"",""duplicateOf"":null,""mentionsName"":false}]",13,0,,,,,,,
collection-03094a9040c0917a,collection,2026-09-30,2026-09-30T08:21:48Z,,,"{""contextFile"":""reports/atlas11/context/2026-09-30/2026-09-30T08-21-48Z.json""}",context_news,2026-09-30,새 기사,,,,,false,034220,LG디스플레이,,,https://m.stock.naver.com/api/news/stock/034220?pageSize=20&page=1,16b13030876b39cceaaf3d86b19c4c72a337b45295e2b7fefa882c089f1675b9,"[{""id"":""018-0006377682"",""office"":""이데일리"",""publishedAt"":""2026-09-30T12:58:00+09:00"",""title"":""신도기연, LG디스플레이 베트남 법인에 68억원 규모 장비 공급"",""url"":""https://n.news.naver.com/mnews/article/018/0006377682"",""duplicateOf"":null,""mentionsName"":true},{""id"":""008-0005420395"",""office"":""머니투데이"",""publishedAt"":""2026-09-30T15:10:00+09:00"",""title"":""접는 아이폰 화면까지 잡았다…애플 패널 10대 중 6대가 삼성D"",""url"":""https://n.news.naver.com/mnews/article/008/0005420395"",""duplicateOf"":null,""mentionsName"":false},{""id"":""011-0004666897"",""office"":""서울경제"",""publishedAt"":""2026-09-30T15:54:00+09:00"",""title"":""기업 공시 [9월 30일]"",""url"":""https://n.news.naver.com/mnews/article/011/0004666897"",""duplicateOf"":null,""mentionsName"":false},{""id"":""092-0002439340"",""office"":""지디넷코리아"",""publishedAt"":""2026-09-30T16:08:00+09:00"",""title"":""LG이노텍, 삼성디스플레이 QD-OLED용 CoF 납품 가능성"",""url"":""https://n.news.naver.com/mnews/article/092/0002439340"",""duplicateOf"":null,""mentionsName"":false}]",4,0,,,,,,,
collection-0101973cb9aa6cc0,collection,2026-09-30,2026-09-30T08:21:48Z,,,"{""contextFile"":""reports/atlas11/context/2026-09-30/2026-09-30T08-21-48Z.json""}",context_news,2026-09-30,새 기사,,,,,false,034730,SK,,,https://m.stock.naver.com/api/news/stock/034730?pageSize=20&page=1,67fd7cea3637c51715dee0adfb3793ec8ad73132ecfe8cca3477a16d2a1b898b,"[{""id"":""024-0000108585"",""office"":""매경이코노미"",""publishedAt"":""2026-09-30T13:04:00+09:00"",""title"":""HBM 수요·장기계약…NH證 “SK하닉 340만원 간다” [오늘, 이 종목]"",""url"":""https://n.news.naver.com/mnews/article/024/0000108585"",""duplicateOf"":null,""mentionsName"":true},{""id"":""016-0002703754"",""office"":""헤럴드경제"",""publishedAt"":""2026-09-30T13:21:00+09:00"",""title"":""EY한영, 매출 8000억 육박…외형·수익성 동반 성장"",""url"":""https://n.news.naver.com/mnews/article/016/0002703754"",""duplicateOf"":null,""mentionsName"":false},{""id"":""366-0001195304"",""office"":""조선비즈"",""publishedAt"":""2026-09-30T13:49:00+09:00"",""title"":""엔비디아, 서울서 ‘AI 데이’ 개최… 삼성·SK·LG 등 20개사 참여"",""url"":""https://n.news.naver.com/mnews/article/366/0001195304"",""duplicateOf"":null,""mentionsName"":true},{""id"":""374-0000535580"",""office"":""SBS Biz"",""publishedAt"":""2026-09-30T13:49:00+09:00"",""title"":""[직설] 삼전닉스 자사주 매입 막바지…이젠 실적으로 눈 돌릴 때?"",""url"":""https://n.news.naver.com/mnews/article/374/0000535580"",""duplicateOf"":null,""mentionsName"":false},{""id"":""117-0004110594"",""office"":""마이데일리"",""publishedAt"":""2026-09-30T13:51:00+09:00"",""title"":""같은 젠슨 황, 다른 AI 동맹법…이재용 ‘종합 반도체 복원’, 최태원..."",""url"":""https://n.news.naver.com/mnews/article/117/0004110594"",""duplicateOf"":null,""mentionsName"":false},{""id"":""029-0003050689"",""office"":""디지털타임스"",""publishedAt"":""2026-09-30T13:55:00+09:00"",""title"":""“亞 정상권 재도약”…최태원 ‘18년 핸드볼 후원’ 금빛 결실"",""url"":""https://n.news.naver.com/mnews/article/029/0003050689"",""duplicateOf"":null,""mentionsName"":false},{""id"":""468-0001269782"",""office"":""스포츠서울"",""publishedAt"":""2026-09-30T14:36:00+09:00"",""title"":""이재용·최태원, 젠슨 황 위해 뉴욕 집결…삼성·SK ‘AI 깐부’ 과시"",""url"":""https://n.news.naver.com/mnews/article/468/0001269782"",""duplicateOf"":null,""mentionsName"":true},{""id"":""119-0003138039"",""office"":""데일리안"",""publishedAt"":""2026-09-30T15:01:00+09:00"",""title"":""[르포] 호주 다윈서 만난 'SK이노 가스'…영하 162도 LNG로 한국行 [바..."",""url"":""https://n.news.naver.com/mnews/article/119/0003138039"",""duplicateOf"":null,""mentionsName"":true},{""id"":""001-0016347469"",""office"":""연합뉴스"",""publishedAt"":""2026-09-30T15:30:00+09:00"",""title"":""리사 수 재방한·젠슨 황 \""한국 사랑\""…AI칩 경쟁 격화"",""url"":""https://n.news.naver.com/mnews/article/001/0016347469"",""duplicateOf"":null,""mentionsName"":false},{""id"":""469-0000956885"",""office"":""한국일보"",""publishedAt"":""2026-09-30T15:32:00+09:00"",""title"":""\""2027년 D램 웨이퍼 10장 중 3장은 HBM에 쓴다\"""",""url"":""https://n.news.naver.com/mnews/article/469/0000956885"",""duplicateOf"":null,""mentionsName"":false},{""id"":""016-0002703842"",""office"":""헤럴드경제"",""publishedAt"":""2026-09-30T15:36:00+09:00"",""title"":""日 키옥시아, 삼성·SK 이어 美 어플라이드 첨단 반도체 R&D 시설 파트..."",""url"":""https://n.news.naver.com/mnews/article/016/0002703842"",""duplicateOf"":null,""mentionsName"":true},{""id"":""421-0009201330"",""office"":""뉴스1"",""publishedAt"":""2026-09-30T15:46:00+09:00"",""title"":""국감 증인 셋 중 하나 기업인…이재용·최태원 막고 조희대 부르고"",""url"":""https://n.news.naver.com/mnews/article/421/0009201330"",""duplicateOf"":null,""mentionsName"":false},{""id"":""215-0001267736"",""office"":""한국경제TV"",""publishedAt"":""2026-09-30T16:22:00+09:00"",""title"":""AI 인프라기업 엘리스그룹, 내달 코스닥 상장...시총 1조원 도전 [IPO톡..."",""url"":""https://n.news.naver.com/mnews/article/215/0001267736"",""duplicateOf"":null,""mentionsName"":false},{""id"":""018-0006377842"",""office"":""이데일리"",""publishedAt"":""2026-09-30T16:38:00+09:00"",""title"":""[마켓인]20조 넘은 PRS…\""부채 밖 상환부담, 韓 재계 전체 흔든다\"""",""url"":""https://n.news.naver.com/mnews/article/018/0006377842"",""duplicateOf"":null,""mentionsName"":false},{""id"":""374-0000535638"",""office"":""SBS Biz"",""publishedAt"":""2026-09-30T16:54:00+09:00"",""title"":""[증시 인사이트] 백악관 \""트럼프, 내일 美상무장관과 함께 발표 예정..."",""url"":""https://n.news.naver.com/mnews/article/374/0000535638"",""duplicateOf"":null,""mentionsName"":false},{""id"":""008-0005420508"",""office"":""머니투데이"",""publishedAt"":""2026-09-30T16:57:00+09:00"",""title"":""LNG 캐고, 운반하고, 사용하고…SK이노 E&S의 '20년 밸류체인'"",""url"":""https://n.news.naver.com/mnews/article/008/0005420508"",""duplicateOf"":null,""mentionsName"":true},{""id"":""020-0003751783"",""office"":""동아일보"",""publishedAt"":""2026-09-30T16:57:00+09:00"",""title"":""SK이노베이션 E&S, 14년 만에 호주 바로사 가스전서 LNG 생산 성공"",""url"":""https://n.news.naver.com/mnews/article/020/0003751783"",""duplicateOf"":null,""mentionsName"":true},{""id"":""028-0002825341"",""office"":""한겨레"",""publishedAt"":""2026-09-30T16:58:00+09:00"",""title"":""환율 상승 막느라…올 상반기 외환보유액 230억달러 쏟아부었다"",""url"":""https://n.news.naver.com/mnews/article/028/0002825341"",""duplicateOf"":null,""mentionsName"":false},{""id"":""052-0002413043"",""office"":""YTN"",""publishedAt"":""2026-09-30T17:04:00+09:00"",""title"":""이재용, 젠슨 황 축하하며 \""우린 딸 이름도 같아\"" [앵커리포트]"",""url"":""https://n.news.naver.com/mnews/article/052/0002413043"",""duplicateOf"":null,""mentionsName"":false},{""id"":""243-0000103709"",""office"":""이코노미스트"",""publishedAt"":""2026-09-30T17:08:00+09:00"",""title"":""‘2026 산업보안컨퍼런스’ 준비위 출범…‘역대 최대 규모’ 예고"",""url"":""https://n.news.naver.com/mnews/article/243/0000103709"",""duplicateOf"":null,""mentionsName"":false}]",20,0,,,,,,,
collection-bdd5b36493d06540,collection,2026-09-30,2026-09-30T08:21:48Z,,,"{""contextFile"":""reports/atlas11/context/2026-09-30/2026-09-30T08-21-48Z.json""}",context_news,2026-09-30,새 기사,,,,,false,035250,강원랜드,,,https://m.stock.naver.com/api/news/stock/035250?pageSize=20&page=1,a180aba47d69c58ffa4ed3362c19820ea9e5039582b89770a1eb019cabd01134,"[{""id"":""025-0003554798"",""office"":""중앙일보"",""publishedAt"":""2026-09-30T14:15:00+09:00"",""title"":""강원랜드, 진폐재해자부터 ‘사회 영웅’까지 지원 확대"",""url"":""https://n.news.naver.com/mnews/article/025/0003554798"",""duplicateOf"":null,""mentionsName"":true},{""id"":""001-0016347358"",""office"":""연합뉴스"",""publishedAt"":""2026-09-30T15:14:00+09:00"",""title"":""강원랜드, 지역경제 활성화·협력사 상생에 47억여원 출연"",""url"":""https://n.news.naver.com/mnews/article/001/0016347358"",""duplicateOf"":null,""mentionsName"":true}]",2,0,,,,,,,
collection-e60c576d57b67441,collection,2026-09-30,2026-09-30T08:21:48Z,,,"{""contextFile"":""reports/atlas11/context/2026-09-30/2026-09-30T08-21-48Z.json""}",context_news,2026-09-30,새 기사,,,,,false,035420,NAVER,,,https://m.stock.naver.com/api/news/stock/035420?pageSize=20&page=1,442657ed399a3104feb42bd5f43ecccf690d95d12522d4f92e860c6482a3f915,"[{""id"":""023-0004001306"",""office"":""조선일보"",""publishedAt"":""2026-09-30T14:56:00+09:00"",""title"":""두나무, 거래소 넘어 금융 인프라 사업으로…”은행·증권사도 블록체..."",""url"":""https://n.news.naver.com/mnews/article/023/0004001306"",""duplicateOf"":null,""mentionsName"":false},{""id"":""024-0000108591"",""office"":""매경이코노미"",""publishedAt"":""2026-09-30T15:06:00+09:00"",""title"":""메타 AI에이전트 ‘뮤즈’, 韓 상륙해도 네이버 쇼핑 못한다"",""url"":""https://n.news.naver.com/mnews/article/024/0000108591"",""duplicateOf"":null,""mentionsName"":false},{""id"":""001-0016347372"",""office"":""연합뉴스"",""publishedAt"":""2026-09-30T15:15:00+09:00"",""title"":""[가보니] 챗GPT에 피부 고민 물었더니 설화수가 뜬 이유는?"",""url"":""https://n.news.naver.com/mnews/article/001/0016347372"",""duplicateOf"":null,""mentionsName"":false},{""id"":""008-0005420400"",""office"":""머니투데이"",""publishedAt"":""2026-09-30T15:17:00+09:00"",""title"":""'독파모' 논란 왜 불거졌나…'서바이벌·무빙타깃'에 커지는 불만"",""url"":""https://n.news.naver.com/mnews/article/008/0005420400"",""duplicateOf"":null,""mentionsName"":false},{""id"":""079-0004194318"",""office"":""노컷뉴스"",""publishedAt"":""2026-09-30T15:18:00+09:00"",""title"":""네이버 최수연 대표, UN글로벌콤팩트 이사회 참석…AI 협업 제안"",""url"":""https://n.news.naver.com/mnews/article/079/0004194318"",""duplicateOf"":null,""mentionsName"":false},{""id"":""008-0005420402"",""office"":""머니투데이"",""publishedAt"":""2026-09-30T15:21:00+09:00"",""title"":""공정위, 중점조사기획단 출범…초대 단장에 최장관"",""url"":""https://n.news.naver.com/mnews/article/008/0005420402"",""duplicateOf"":null,""mentionsName"":false},{""id"":""374-0000535605"",""office"":""SBS Biz"",""publishedAt"":""2026-09-30T15:24:00+09:00"",""title"":""보조 배터리 그냥 버렸다간 ‘화재’…그럼 어떻게?"",""url"":""https://n.news.naver.com/mnews/article/374/0000535605"",""duplicateOf"":null,""mentionsName"":false},{""id"":""001-0016347469"",""office"":""연합뉴스"",""publishedAt"":""2026-09-30T15:30:00+09:00"",""title"":""리사 수 재방한·젠슨 황 \""한국 사랑\""…AI칩 경쟁 격화"",""url"":""https://n.news.naver.com/mnews/article/001/0016347469"",""duplicateOf"":null,""mentionsName"":false},{""id"":""030-0003471250"",""office"":""전자신문"",""publishedAt"":""2026-09-30T15:32:00+09:00"",""title"":""G마켓, '퀵커머스' 본격 등판…핵심 인재 확보 착수"",""url"":""https://n.news.naver.com/mnews/article/030/0003471250"",""duplicateOf"":null,""mentionsName"":false},{""id"":""421-0009201330"",""office"":""뉴스1"",""publishedAt"":""2026-09-30T15:46:00+09:00"",""title"":""국감 증인 셋 중 하나 기업인…이재용·최태원 막고 조희대 부르고"",""url"":""https://n.news.naver.com/mnews/article/421/0009201330"",""duplicateOf"":null,""mentionsName"":false},{""id"":""374-0000535618"",""office"":""SBS Biz"",""publishedAt"":""2026-09-30T15:52:00+09:00"",""title"":""두나무 오경석 \""글로벌 시장과의 연결이 다음 과제…공통 인프라 구축..."",""url"":""https://n.news.naver.com/mnews/article/374/0000535618"",""duplicateOf"":null,""mentionsName"":false},{""id"":""020-0003751758"",""office"":""동아일보"",""publishedAt"":""2026-09-30T16:14:00+09:00"",""title"":""내달 7일부터 네이버·토스에서도 실손보험 청구 가능해진다"",""url"":""https://n.news.naver.com/mnews/article/020/0003751758"",""duplicateOf"":null,""mentionsName"":false},{""id"":""024-0000108598"",""office"":""매경이코노미"",""publishedAt"":""2026-09-30T16:30:00+09:00"",""title"":""편리한데 왜?...실손24 의료기관 참여 고작 48%"",""url"":""https://n.news.naver.com/mnews/article/024/0000108598"",""duplicateOf"":null,""mentionsName"":false},{""id"":""366-0001195373"",""office"":""조선비즈"",""publishedAt"":""2026-09-30T16:31:00+09:00"",""title"":""“쿠팡 잡아라” 네이버·컬리 장보기 동맹 1년… 거래액 10배·이용자..."",""url"":""https://n.news.naver.com/mnews/article/366/0001195373"",""duplicateOf"":null,""mentionsName"":false},{""id"":""374-0000535634"",""office"":""SBS Biz"",""publishedAt"":""2026-09-30T16:41:00+09:00"",""title"":""네이버 최수연, UNGC 이사회 참석…AI·디지털 협력 확대 제안"",""url"":""https://n.news.naver.com/mnews/article/374/0000535634"",""duplicateOf"":null,""mentionsName"":false},{""id"":""654-0000203202"",""office"":""강원도민일보"",""publishedAt"":""2026-09-30T16:41:00+09:00"",""title"":""네이버TV, 14년 만에 서비스 종료…콘텐츠는 '클립'으로 이전"",""url"":""https://n.news.naver.com/mnews/article/654/0000203202"",""duplicateOf"":null,""mentionsName"":false},{""id"":""029-0003050768"",""office"":""디지털타임스"",""publishedAt"":""2026-09-30T16:42:00+09:00"",""title"":""엘리스그룹 “3개월만에 짓는 ‘AI PMDC’로 네오클라우드 시장 선도”"",""url"":""https://n.news.naver.com/mnews/article/029/0003050768"",""duplicateOf"":null,""mentionsName"":false},{""id"":""003-0014224833"",""office"":""뉴시스"",""publishedAt"":""2026-09-30T16:57:00+09:00"",""title"":""'암살자(들)' 별점 공방 속…네이버 영화평점 중복 오류 수정"",""url"":""https://n.news.naver.com/mnews/article/003/0014224833"",""duplicateOf"":null,""mentionsName"":false},{""id"":""092-0002439360"",""office"":""지디넷코리아"",""publishedAt"":""2026-09-30T17:05:00+09:00"",""title"":""[AI는 지금] 삼성·네이버 손잡은 미스트랄, 연내 한국 법인 설립하나"",""url"":""https://n.news.naver.com/mnews/article/092/0002439360"",""duplicateOf"":null,""mentionsName"":false},{""id"":""123-0002391094"",""office"":""조세일보"",""publishedAt"":""2026-09-30T17:07:00+09:00"",""title"":""한율, '어린쑥' 리뉴얼…진정·장벽 케어 강화"",""url"":""https://n.news.naver.com/mnews/article/123/0002391094"",""duplicateOf"":null,""mentionsName"":false}]",20,0,,,,,,,
collection-aeb41f406c3baa42,collection,2026-09-30,2026-09-30T08:21:48Z,,,"{""contextFile"":""reports/atlas11/context/2026-09-30/2026-09-30T08-21-48Z.json""}",context_news,2026-09-30,새 기사,,,,,false,036460,한국가스공사,,,https://m.stock.naver.com/api/news/stock/036460?pageSize=20&page=1,e98057e6a9455f4129edebfc806e1b9179946b66f930b0b56dc841cf6c83a911,"[{""id"":""422-0000910876"",""office"":""연합뉴스TV"",""publishedAt"":""2026-09-29T17:43:00+09:00"",""title"":""한국가스공사 \""코가스 캐나다 에너지 주식 7천억원대 취득\"""",""url"":""https://n.news.naver.com/mnews/article/422/0000910876"",""duplicateOf"":null,""mentionsName"":true},{""id"":""277-0005822499"",""office"":""아시아경제"",""publishedAt"":""2026-09-30T08:35:00+09:00"",""title"":""가스公-전력거래소, 전력·가스 수급 공동 대응체계 구축"",""url"":""https://n.news.naver.com/mnews/article/277/0005822499"",""duplicateOf"":null,""mentionsName"":false},{""id"":""055-0001392046"",""office"":""SBS"",""publishedAt"":""2026-09-30T09:01:00+09:00"",""title"":""\""서울대 졸업장 버리고 생산직 갑니다\""…AI 시대, 청년들의 서늘한 선..."",""url"":""https://n.news.naver.com/mnews/article/055/0001392046"",""duplicateOf"":null,""mentionsName"":false},{""id"":""374-0000535555"",""office"":""SBS Biz"",""publishedAt"":""2026-09-30T11:51:00+09:00"",""title"":""가스공사, '탈중동' 가속…캐나다산 직항 LNG 2배 늘린다"",""url"":""https://n.news.naver.com/mnews/article/374/0000535555"",""duplicateOf"":null,""mentionsName"":false},{""id"":""119-0003138042"",""office"":""데일리안"",""publishedAt"":""2026-09-30T15:01:00+09:00"",""title"":""카타르 흔들리자 떠오른 'SK표 가스'…\""현물구매 줄인다\"" [바로사 14년..."",""url"":""https://n.news.naver.com/mnews/article/119/0003138042"",""duplicateOf"":null,""mentionsName"":false},{""id"":""016-0002703851"",""office"":""헤럴드경제"",""publishedAt"":""2026-09-30T15:50:00+09:00"",""title"":""트럼프, 1일 오전 4시30분 대미투자 발표…알래스카 LNG 포함하나"",""url"":""https://n.news.naver.com/mnews/article/016/0002703851"",""duplicateOf"":null,""mentionsName"":false},{""id"":""008-0005420508"",""office"":""머니투데이"",""publishedAt"":""2026-09-30T16:57:00+09:00"",""title"":""LNG 캐고, 운반하고, 사용하고…SK이노 E&S의 '20년 밸류체인'"",""url"":""https://n.news.naver.com/mnews/article/008/0005420508"",""duplicateOf"":null,""mentionsName"":false}]",7,0,,,,,,,
collection-78e73aa19a0a64af,collection,2026-09-30,2026-09-30T08:21:48Z,,,"{""contextFile"":""reports/atlas11/context/2026-09-30/2026-09-30T08-21-48Z.json""}",context_news,2026-09-30,새 기사,,,,,false,047050,포스코인터내셔널,,,https://m.stock.naver.com/api/news/stock/047050?pageSize=20&page=1,26e9f25854c9a970d5be054eae388edb161d64ff61a65886e6d0c3881416d495,"[{""id"":""016-0002703602"",""office"":""헤럴드경제"",""publishedAt"":""2026-09-30T10:57:00+09:00"",""title"":""직주근접 선호 높아지는 주택시장…‘시티오씨엘 9단지 오션파크뷰’..."",""url"":""https://n.news.naver.com/mnews/article/016/0002703602"",""duplicateOf"":null,""mentionsName"":false},{""id"":""014-0005582881"",""office"":""파이낸셜뉴스"",""publishedAt"":""2026-09-30T11:38:00+09:00"",""title"":""SK그룹 PRS 7.1조 '최대'…LG·포스코 등 5대그룹 17조 [fn마켓워치]"",""url"":""https://n.news.naver.com/mnews/article/014/0005582881"",""duplicateOf"":null,""mentionsName"":false},{""id"":""009-0005741987"",""office"":""매일경제"",""publishedAt"":""2026-09-30T14:39:00+09:00"",""title"":""“신뢰할 수 있는 투자처 페루가 韓기업 기다립니다”"",""url"":""https://n.news.naver.com/mnews/article/009/0005741987"",""duplicateOf"":null,""mentionsName"":false},{""id"":""008-0005420385"",""office"":""머니투데이"",""publishedAt"":""2026-09-30T15:00:00+09:00"",""title"":""자원위기서 더 빛났다..14년만에 결실 맺은 SK '호주 가스전' 투자[르..."",""url"":""https://n.news.naver.com/mnews/article/008/0005420385"",""duplicateOf"":null,""mentionsName"":false},{""id"":""008-0005420470"",""office"":""머니투데이"",""publishedAt"":""2026-09-30T16:27:00+09:00"",""title"":""트럼프 깜짝 발표 전망에…알래스카 LNG 투자 수혜주 훨훨"",""url"":""https://n.news.naver.com/mnews/article/008/0005420470"",""duplicateOf"":null,""mentionsName"":false}]",5,0,,,,,,,
collection-f3f6ac9b5008fe82,collection,2026-09-30,2026-09-30T08:21:48Z,,,"{""contextFile"":""reports/atlas11/context/2026-09-30/2026-09-30T08-21-48Z.json""}",context_news,2026-09-30,새 기사,,,,,false,051910,LG화학,,,https://m.stock.naver.com/api/news/stock/051910?pageSize=20&page=1,99105d9cd3bf4fa5c177ca0e768380a98f7946fdb7562a3493b82f5605f4ef59,"[{""id"":""215-0001267438"",""office"":""한국경제TV"",""publishedAt"":""2026-09-28T17:46:00+09:00"",""title"":""LG화학, 폭스바겐과 '미래차 소재' 공동 개발한다"",""url"":""https://n.news.naver.com/mnews/article/215/0001267438"",""duplicateOf"":null,""mentionsName"":true},{""id"":""014-0005582881"",""office"":""파이낸셜뉴스"",""publishedAt"":""2026-09-30T11:38:00+09:00"",""title"":""SK그룹 PRS 7.1조 '최대'…LG·포스코 등 5대그룹 17조 [fn마켓워치]"",""url"":""https://n.news.naver.com/mnews/article/014/0005582881"",""duplicateOf"":null,""mentionsName"":false},{""id"":""018-0006377618"",""office"":""이데일리"",""publishedAt"":""2026-09-30T11:39:00+09:00"",""title"":""LG엔솔·GM, 美 테네시서 LMR 배터리 양산 추진"",""url"":""https://n.news.naver.com/mnews/article/018/0006377618"",""duplicateOf"":null,""mentionsName"":false},{""id"":""009-0005741980"",""office"":""매일경제"",""publishedAt"":""2026-09-30T14:30:00+09:00"",""title"":""[단독] LG화학 주가 13% 끌어올린 ‘이 행사’ 또 열린다…투자대상 예..."",""url"":""https://n.news.naver.com/mnews/article/009/0005741980"",""duplicateOf"":null,""mentionsName"":true},{""id"":""016-0002703879"",""office"":""헤럴드경제"",""publishedAt"":""2026-09-30T17:01:00+09:00"",""title"":""여수, 내년 8월까지 고용위기 선제대응지역…석유화학 재편에 고용불..."",""url"":""https://n.news.naver.com/mnews/article/016/0002703879"",""duplicateOf"":null,""mentionsName"":false}]",5,0,,,,,,,
collection-a96c4b5a204b5e5c,collection,2026-09-30,2026-09-30T08:21:48Z,,,"{""contextFile"":""reports/atlas11/context/2026-09-30/2026-09-30T08-21-48Z.json""}",context_news,2026-09-30,새 기사,,,,,false,066570,LG전자,,,https://m.stock.naver.com/api/news/stock/066570?pageSize=20&page=1,91ed27fdfd5086fa6e04c9e0c9dbed2e334edce993273d22968b4258ca2db386,"[{""id"":""629-0000538034"",""office"":""더팩트"",""publishedAt"":""2026-09-30T11:30:00+09:00"",""title"":""구광모 LG 회장, 'AI 사업화' 위한 현장 경영…빅테크와 연쇄 협력"",""url"":""https://n.news.naver.com/mnews/article/629/0000538034"",""duplicateOf"":null,""mentionsName"":false},{""id"":""016-0002703684"",""office"":""헤럴드경제"",""publishedAt"":""2026-09-30T11:31:00+09:00"",""title"":""“제조강국 韓 로보틱스 경쟁력 우위…데이터 특화한 ‘월드모델’ 구..."",""url"":""https://n.news.naver.com/mnews/article/016/0002703684"",""duplicateOf"":null,""mentionsName"":false},{""id"":""144-0001141302"",""office"":""스포츠경향"",""publishedAt"":""2026-09-30T13:15:00+09:00"",""title"":""LG전자 베스트샵 갤러리아 광교점, 새단장 그랜드 오픈 진행"",""url"":""https://n.news.naver.com/mnews/article/144/0001141302"",""duplicateOf"":null,""mentionsName"":true},{""id"":""016-0002703754"",""office"":""헤럴드경제"",""publishedAt"":""2026-09-30T13:21:00+09:00"",""title"":""EY한영, 매출 8000억 육박…외형·수익성 동반 성장"",""url"":""https://n.news.naver.com/mnews/article/016/0002703754"",""duplicateOf"":null,""mentionsName"":false},{""id"":""011-0004666837"",""office"":""서울경제"",""publishedAt"":""2026-09-30T14:13:00+09:00"",""title"":""앤트로픽 ‘700조 베팅’에…삼성전자우·테스 사들이는 고수들[주식..."",""url"":""https://n.news.naver.com/mnews/article/011/0004666837"",""duplicateOf"":null,""mentionsName"":false},{""id"":""293-0000091060"",""office"":""블로터"",""publishedAt"":""2026-09-30T14:19:00+09:00"",""title"":""구광모號 LG, 미소로 가득한 세상 '스마일 프로젝트' 시작"",""url"":""https://n.news.naver.com/mnews/article/293/0000091060"",""duplicateOf"":null,""mentionsName"":false},{""id"":""014-0005583015"",""office"":""파이낸셜뉴스"",""publishedAt"":""2026-09-30T14:55:00+09:00"",""title"":""플리토, AI 통번역 브랜드 '보글' 통합…데이터 사업 다각화 속도"",""url"":""https://n.news.naver.com/mnews/article/014/0005583015"",""duplicateOf"":null,""mentionsName"":false},{""id"":""003-0014224317"",""office"":""뉴시스"",""publishedAt"":""2026-09-30T14:58:00+09:00"",""title"":""\""AI가 챗봇 넘어 공장 로봇 직접 움직인다\""…MS, '피지컬 AI' 자율제조..."",""url"":""https://n.news.naver.com/mnews/article/003/0014224317"",""duplicateOf"":null,""mentionsName"":false},{""id"":""018-0006377760"",""office"":""이데일리"",""publishedAt"":""2026-09-30T14:58:00+09:00"",""title"":""철강 설비부터 가전 R&D까지…제조업 파고든 생성형 AI"",""url"":""https://n.news.naver.com/mnews/article/018/0006377760"",""duplicateOf"":null,""mentionsName"":false},{""id"":""015-0005337643"",""office"":""한국경제"",""publishedAt"":""2026-09-30T15:13:00+09:00"",""title"":""3기 신도시 19만가구, 캐릭터 하나로 한눈에…LH 체험형 전시관 [집코..."",""url"":""https://n.news.naver.com/mnews/article/015/0005337643"",""duplicateOf"":null,""mentionsName"":false},{""id"":""001-0016347372"",""office"":""연합뉴스"",""publishedAt"":""2026-09-30T15:15:00+09:00"",""title"":""[가보니] 챗GPT에 피부 고민 물었더니 설화수가 뜬 이유는?"",""url"":""https://n.news.naver.com/mnews/article/001/0016347372"",""duplicateOf"":null,""mentionsName"":false},{""id"":""448-0000642293"",""office"":""TV조선"",""publishedAt"":""2026-09-30T15:22:00+09:00"",""title"":""LG전자, 텀블러 세척기 사업 확대…광고·구독까지 붙인다"",""url"":""https://n.news.naver.com/mnews/article/448/0000642293"",""duplicateOf"":null,""mentionsName"":true},{""id"":""023-0004001315"",""office"":""조선일보"",""publishedAt"":""2026-09-30T15:23:00+09:00"",""title"":""AI 데이터센터 냉각 사업에 달려가는 국내 전자 업체들"",""url"":""https://n.news.naver.com/mnews/article/023/0004001315"",""duplicateOf"":null,""mentionsName"":false},{""id"":""081-0003684812"",""office"":""서울신문"",""publishedAt"":""2026-09-30T15:36:00+09:00"",""title"":""LG전자, 텀블러 세척기 ‘LG 마이컵’ 이벤트…공군 오산기지에서도 ..."",""url"":""https://n.news.naver.com/mnews/article/081/0003684812"",""duplicateOf"":null,""mentionsName"":true},{""id"":""020-0003751741"",""office"":""동아일보"",""publishedAt"":""2026-09-30T15:44:00+09:00"",""title"":""LG CNS, ‘사전제작 모듈형 데이터센터’ 공개…AI 팩토리 시장 공략"",""url"":""https://n.news.naver.com/mnews/article/020/0003751741"",""duplicateOf"":null,""mentionsName"":false},{""id"":""015-0005337664"",""office"":""한국경제"",""publishedAt"":""2026-09-30T15:53:00+09:00"",""title"":""\""연어, 이제는 땅에서 키운다\""…GS건설, 수처리 기술로 'K-연어' 출하"",""url"":""https://n.news.naver.com/mnews/article/015/0005337664"",""duplicateOf"":null,""mentionsName"":false},{""id"":""030-0003471293"",""office"":""전자신문"",""publishedAt"":""2026-09-30T16:01:00+09:00"",""title"":""쿠첸, 공기청정기 출시 추진…가전 라인업 다각화 포석"",""url"":""https://n.news.naver.com/mnews/article/030/0003471293"",""duplicateOf"":null,""mentionsName"":false},{""id"":""030-0003471299"",""office"":""전자신문"",""publishedAt"":""2026-09-30T16:01:00+09:00"",""title"":""LG전자-MS, '사람처럼 대화하는' 씽큐온 만든다…끼어들기도 척척"",""url"":""https://n.news.naver.com/mnews/article/030/0003471299"",""duplicateOf"":null,""mentionsName"":true},{""id"":""009-0005742140"",""office"":""매일경제"",""publishedAt"":""2026-09-30T16:58:00+09:00"",""title"":""LG CNS ‘사전제작’ 데이터센터 공개…AI 팩토리 시장 공략"",""url"":""https://n.news.naver.com/mnews/article/009/0005742140"",""duplicateOf"":null,""mentionsName"":false},{""id"":""052-0002413042"",""office"":""YTN"",""publishedAt"":""2026-09-30T17:01:00+09:00"",""title"":""[기업] 엔비디아, 11월 코엑스서 'AI 데이 서울' 개최"",""url"":""https://n.news.naver.com/mnews/article/052/0002413042"",""duplicateOf"":null,""mentionsName"":false}]",20,0,,,,,,,
collection-ca84590d7f33779d,collection,2026-09-30,2026-09-30T08:21:48Z,,,"{""contextFile"":""reports/atlas11/context/2026-09-30/2026-09-30T08-21-48Z.json""}",context_news,2026-09-30,새 기사,,,,,false,086280,현대글로비스,,,https://m.stock.naver.com/api/news/stock/086280?pageSize=20&page=1,05b5460ded49af5ef6c82f9b74e1acae0e33e867130c04344efddbb09e5add86,"[{""id"":""014-0005581976"",""office"":""파이낸셜뉴스"",""publishedAt"":""2026-09-29T08:04:00+09:00"",""title"":""현대글로비스, 고정선복 67%까지 늘린다"",""url"":""https://n.news.naver.com/mnews/article/014/0005581976"",""duplicateOf"":null,""mentionsName"":true},{""id"":""008-0005420472"",""office"":""머니투데이"",""publishedAt"":""2026-09-30T16:30:00+09:00"",""title"":""'산업 의사결정 AI' 오믈렛, 엔비디아 인셉션 챌린지 '아태 톱10' 선정"",""url"":""https://n.news.naver.com/mnews/article/008/0005420472"",""duplicateOf"":null,""mentionsName"":false}]",2,0,,,,,,,
collection-b9c19d5bab510d2a,collection,2026-09-30,2026-09-30T08:21:48Z,,,"{""contextFile"":""reports/atlas11/context/2026-09-30/2026-09-30T08-21-48Z.json""}",context_news,2026-09-30,새 기사,,,,,false,105560,KB금융,,,https://m.stock.naver.com/api/news/stock/105560?pageSize=20&page=1,23701e3025005266f943c220b0e9fdb15f809e9dc564f53cd12165aa1460ceef,"[{""id"":""016-0002703834"",""office"":""헤럴드경제"",""publishedAt"":""2026-09-30T15:33:00+09:00"",""title"":""문페이코리아, KB·우리·카카오와 ‘디지털플랫폼’ 맞손 [크립토360..."",""url"":""https://n.news.naver.com/mnews/article/016/0002703834"",""duplicateOf"":null,""mentionsName"":false},{""id"":""018-0006377794"",""office"":""이데일리"",""publishedAt"":""2026-09-30T15:34:00+09:00"",""title"":""[속보]코스피, 사흘째 내리막 6800선 후퇴…외국인 오늘도 폭풍매도"",""url"":""https://n.news.naver.com/mnews/article/018/0006377794"",""duplicateOf"":null,""mentionsName"":false},{""id"":""015-0005337660"",""office"":""한국경제"",""publishedAt"":""2026-09-30T15:42:00+09:00"",""title"":""코스피, 외인·기관 동반 매도에 6830선 후퇴…코스닥은 상승"",""url"":""https://n.news.naver.com/mnews/article/015/0005337660"",""duplicateOf"":null,""mentionsName"":false},{""id"":""366-0001195356"",""office"":""조선비즈"",""publishedAt"":""2026-09-30T15:48:00+09:00"",""title"":""[마켓뷰] 美 장기 금리 상승에… 코스피, 소폭 하락"",""url"":""https://n.news.naver.com/mnews/article/366/0001195356"",""duplicateOf"":null,""mentionsName"":false},{""id"":""277-0005822922"",""office"":""아시아경제"",""publishedAt"":""2026-09-30T15:53:00+09:00"",""title"":""코스피, 6800선 약보합 마감…코스닥은 소폭 상승"",""url"":""https://n.news.naver.com/mnews/article/277/0005822922"",""duplicateOf"":null,""mentionsName"":false},{""id"":""029-0003050743"",""office"":""디지털타임스"",""publishedAt"":""2026-09-30T15:55:00+09:00"",""title"":""마이크론 실적 앞두고 엇갈린 ‘삼전닉스’…코스피, 6830선 약보합"",""url"":""https://n.news.naver.com/mnews/article/029/0003050743"",""duplicateOf"":null,""mentionsName"":false},{""id"":""119-0003138095"",""office"":""데일리안"",""publishedAt"":""2026-09-30T15:59:00+09:00"",""title"":""3거래일 연속 하락한 코스피, 美 금리 부담에 투심 제한 [시황]"",""url"":""https://n.news.naver.com/mnews/article/119/0003138095"",""duplicateOf"":null,""mentionsName"":false},{""id"":""003-0014224659"",""office"":""뉴시스"",""publishedAt"":""2026-09-30T16:07:00+09:00"",""title"":""'전강후약' 코스피…외인·기관 '팔자'에 6800선 제자리"",""url"":""https://n.news.naver.com/mnews/article/003/0014224659"",""duplicateOf"":null,""mentionsName"":false},{""id"":""009-0005742095"",""office"":""매일경제"",""publishedAt"":""2026-09-30T16:12:00+09:00"",""title"":""코스피, ‘전강후약’ 6800선 마감…외국인 4거래일 연속 ‘팔자’"",""url"":""https://n.news.naver.com/mnews/article/009/0005742095"",""duplicateOf"":null,""mentionsName"":false},{""id"":""654-0000203195"",""office"":""강원도민일보"",""publishedAt"":""2026-09-30T16:12:00+09:00"",""title"":""코스피 6838.04 마감…장중 1%대 상승 뒤 반락해 3거래일째 하락"",""url"":""https://n.news.naver.com/mnews/article/654/0000203195"",""duplicateOf"":null,""mentionsName"":false},{""id"":""020-0003751759"",""office"":""동아일보"",""publishedAt"":""2026-09-30T16:17:00+09:00"",""title"":""KB·하나·우리금융, 은행장 등 CEO 추천위 일제히 발족"",""url"":""https://n.news.naver.com/mnews/article/020/0003751759"",""duplicateOf"":null,""mentionsName"":false},{""id"":""011-0004666912"",""office"":""서울경제"",""publishedAt"":""2026-09-30T16:19:00+09:00"",""title"":""‘700조 AI 호재’도 역부족…코스피, 추석 이후 3거래일째 하락[마켓..."",""url"":""https://n.news.naver.com/mnews/article/011/0004666912"",""duplicateOf"":null,""mentionsName"":false},{""id"":""138-0002243190"",""office"":""디지털데일리"",""publishedAt"":""2026-09-30T16:19:00+09:00"",""title"":""코스피, 전형적인 약세장 행보… 1% 오르다 하락, 외인 2조 매도에 사..."",""url"":""https://n.news.naver.com/mnews/article/138/0002243190"",""duplicateOf"":null,""mentionsName"":false},{""id"":""421-0009201465"",""office"":""뉴스1"",""publishedAt"":""2026-09-30T16:21:00+09:00"",""title"":""외인·기관 빠지자 코스피 6838 후퇴…금리 부담 '마이크론' 관망[시황..."",""url"":""https://n.news.naver.com/mnews/article/421/0009201465"",""duplicateOf"":null,""mentionsName"":false},{""id"":""008-0005420466"",""office"":""머니투데이"",""publishedAt"":""2026-09-30T16:23:00+09:00"",""title"":""코스피 약세 마감…美 국채금리 상승 여파"",""url"":""https://n.news.naver.com/mnews/article/008/0005420466"",""duplicateOf"":null,""mentionsName"":false},{""id"":""417-0001159718"",""office"":""동행미디어 시대"",""publishedAt"":""2026-09-30T16:30:00+09:00"",""title"":""AI 판단, 책임은 누가…금융권 입법 숙제"",""url"":""https://n.news.naver.com/mnews/article/417/0001159718"",""duplicateOf"":null,""mentionsName"":false},{""id"":""629-0000538227"",""office"":""더팩트"",""publishedAt"":""2026-09-30T16:35:00+09:00"",""title"":""코스피, 1%대 반등도 못 지켰다…3거래일 연속 내리막길"",""url"":""https://n.news.naver.com/mnews/article/629/0000538227"",""duplicateOf"":null,""mentionsName"":false},{""id"":""031-0001062459"",""office"":""아이뉴스24"",""publishedAt"":""2026-09-30T16:36:00+09:00"",""title"":""美 소비지표·마이크론 실적 앞두고 관망⋯코스피 '약보합' 마감"",""url"":""https://n.news.naver.com/mnews/article/031/0001062459"",""duplicateOf"":null,""mentionsName"":false},{""id"":""016-0002703871"",""office"":""헤럴드경제"",""publishedAt"":""2026-09-30T16:45:00+09:00"",""title"":""7000선 코앞서 미끄러진 코스피…사흘째 하락[투자360]"",""url"":""https://n.news.naver.com/mnews/article/016/0002703871"",""duplicateOf"":null,""mentionsName"":false},{""id"":""648-0000051209"",""office"":""비즈워치"",""publishedAt"":""2026-09-30T17:14:00+09:00"",""title"":""하나금융, 계열사 CEO 승계 절차 개시…은행 임추위 역할 확대"",""url"":""https://n.news.naver.com/mnews/article/648/0000051209"",""duplicateOf"":null,""mentionsName"":false}]",20,0,,,,,,,
collection-510f34fd197e503a,collection,2026-09-30,2026-09-30T08:21:48Z,,,"{""contextFile"":""reports/atlas11/context/2026-09-30/2026-09-30T08-21-48Z.json""}",context_news,2026-09-30,새 기사,,,,,false,111770,영원무역,,,https://m.stock.naver.com/api/news/stock/111770?pageSize=20&page=1,3da5f7c3f103854111cf68082d1485bb8e3886fce7961ba93626cf1f80167ed7,"[{""id"":""050-0000111442"",""office"":""한경비즈니스"",""publishedAt"":""2026-09-30T11:10:00+09:00"",""title"":""영원무역, 無적자 행진…3분기 전망도 ‘맑음’"",""url"":""https://n.news.naver.com/mnews/article/050/0000111442"",""duplicateOf"":null,""mentionsName"":true}]",1,0,,,,,,,
collection-66121be920e5423e,collection,2026-09-30,2026-09-30T08:21:48Z,,,"{""contextFile"":""reports/atlas11/context/2026-09-30/2026-09-30T08-21-48Z.json""}",context_news,2026-09-30,새 기사,,,,,false,138040,메리츠금융지주,,,https://m.stock.naver.com/api/news/stock/138040?pageSize=20&page=1,244dfa6e9ddb842de66a1e8c74baa1a079179a9596f25c425f470607db306300,"[{""id"":""138-0002243111"",""office"":""디지털데일리"",""publishedAt"":""2026-09-30T10:08:00+09:00"",""title"":""“고금리엔 잘 버는 금융주”…한투證, KB·삼성증권·메리츠 ‘최선..."",""url"":""https://n.news.naver.com/mnews/article/138/0002243111"",""duplicateOf"":null,""mentionsName"":false},{""id"":""123-0002391049"",""office"":""조세일보"",""publishedAt"":""2026-09-30T10:31:00+09:00"",""title"":""고금리 장기화에 은행주 ‘재평가’...‘주주환원’에 투자자 선호도..."",""url"":""https://n.news.naver.com/mnews/article/123/0002391049"",""duplicateOf"":null,""mentionsName"":false},{""id"":""421-0009200090"",""office"":""뉴스1"",""publishedAt"":""2026-09-30T11:12:00+09:00"",""title"":""EY한영, 지난해 매출 8000억 육박…영업익 30% 늘었다"",""url"":""https://n.news.naver.com/mnews/article/421/0009200090"",""duplicateOf"":null,""mentionsName"":false},{""id"":""016-0002703754"",""office"":""헤럴드경제"",""publishedAt"":""2026-09-30T13:21:00+09:00"",""title"":""EY한영, 매출 8000억 육박…외형·수익성 동반 성장"",""url"":""https://n.news.naver.com/mnews/article/016/0002703754"",""duplicateOf"":null,""mentionsName"":false}]",4,0,,,,,,,
collection-fadba796a15c082c,collection,2026-09-30,2026-09-30T08:21:48Z,,,"{""contextFile"":""reports/atlas11/context/2026-09-30/2026-09-30T08-21-48Z.json""}",context_news,2026-09-30,새 기사,,,,,false,196170,알테오젠,,,https://m.stock.naver.com/api/news/stock/196170?pageSize=20&page=1,98b46a0b8b014e30d6d27377d788c5123f289e4728a1f697ae8eb2cb948c16aa,"[{""id"":""215-0001267656"",""office"":""한국경제TV"",""publishedAt"":""2026-09-30T09:48:00+09:00"",""title"":""'금리발작도 뚫었는데' 다시 '7천피' 노린다...삼전닉스 1%대 '상승'"",""url"":""https://n.news.naver.com/mnews/article/215/0001267656"",""duplicateOf"":null,""mentionsName"":false},{""id"":""016-0002703559"",""office"":""헤럴드경제"",""publishedAt"":""2026-09-30T10:13:00+09:00"",""title"":""‘반갑다 빨간불’ 역대급 美 국채금리에도…코스피 사흘 만에 반등 ..."",""url"":""https://n.news.naver.com/mnews/article/016/0002703559"",""duplicateOf"":null,""mentionsName"":false},{""id"":""022-0004162901"",""office"":""세계일보"",""publishedAt"":""2026-09-30T10:20:00+09:00"",""title"":""코스피 7000에서 고지전…삼전·닉스 나란히 오름세"",""url"":""https://n.news.naver.com/mnews/article/022/0004162901"",""duplicateOf"":null,""mentionsName"":false},{""id"":""001-0016346220"",""office"":""연합뉴스"",""publishedAt"":""2026-09-30T11:19:00+09:00"",""title"":""코스피, 1%대 상승세 보이다 탄력 둔화…보합권서 등락"",""url"":""https://n.news.naver.com/mnews/article/001/0016346220"",""duplicateOf"":null,""mentionsName"":false},{""id"":""421-0009200406"",""office"":""뉴스1"",""publishedAt"":""2026-09-30T12:04:00+09:00"",""title"":""외인·기관 순매도 돌아서며 코스피 하락 전환…6800선 후퇴[장중시황..."",""url"":""https://n.news.naver.com/mnews/article/421/0009200406"",""duplicateOf"":null,""mentionsName"":false},{""id"":""081-0003684750"",""office"":""서울신문"",""publishedAt"":""2026-09-30T13:40:00+09:00"",""title"":""반도체·바이오 매수세 유입… 알테오젠·에코프로 동반 상승"",""url"":""https://n.news.naver.com/mnews/article/081/0003684750"",""duplicateOf"":null,""mentionsName"":true},{""id"":""008-0005420305"",""office"":""머니투데이"",""publishedAt"":""2026-09-30T13:43:00+09:00"",""title"":""'빅딜 성수기' 다가온다…K바이오, 기술이전 30兆 도전"",""url"":""https://n.news.naver.com/mnews/article/008/0005420305"",""duplicateOf"":null,""mentionsName"":false},{""id"":""018-0006377697"",""office"":""이데일리"",""publishedAt"":""2026-09-30T13:43:00+09:00"",""title"":""코스피, 삼전 1%대 내리며 약보합세 전환...코스닥은 0.9% 강세"",""url"":""https://n.news.naver.com/mnews/article/018/0006377697"",""duplicateOf"":null,""mentionsName"":false},{""id"":""215-0001267716"",""office"":""한국경제TV"",""publishedAt"":""2026-09-30T14:33:00+09:00"",""title"":""법무법인 로앤에이, 인하대 로스쿨과 손잡고 정기 포럼 신설…알테오..."",""url"":""https://n.news.naver.com/mnews/article/215/0001267716"",""duplicateOf"":null,""mentionsName"":false},{""id"":""009-0005742032"",""office"":""매일경제"",""publishedAt"":""2026-09-30T15:25:00+09:00"",""title"":""30분 항암주사를 1분으로…키트루다 피하주사 국내 출시"",""url"":""https://n.news.naver.com/mnews/article/009/0005742032"",""duplicateOf"":null,""mentionsName"":false},{""id"":""018-0006377794"",""office"":""이데일리"",""publishedAt"":""2026-09-30T15:34:00+09:00"",""title"":""[속보]코스피, 사흘째 내리막 6800선 후퇴…외국인 오늘도 폭풍매도"",""url"":""https://n.news.naver.com/mnews/article/018/0006377794"",""duplicateOf"":null,""mentionsName"":false},{""id"":""015-0005337660"",""office"":""한국경제"",""publishedAt"":""2026-09-30T15:42:00+09:00"",""title"":""코스피, 외인·기관 동반 매도에 6830선 후퇴…코스닥은 상승"",""url"":""https://n.news.naver.com/mnews/article/015/0005337660"",""duplicateOf"":null,""mentionsName"":false},{""id"":""277-0005822922"",""office"":""아시아경제"",""publishedAt"":""2026-09-30T15:53:00+09:00"",""title"":""코스피, 6800선 약보합 마감…코스닥은 소폭 상승"",""url"":""https://n.news.naver.com/mnews/article/277/0005822922"",""duplicateOf"":null,""mentionsName"":false},{""id"":""119-0003138095"",""office"":""데일리안"",""publishedAt"":""2026-09-30T15:59:00+09:00"",""title"":""3거래일 연속 하락한 코스피, 美 금리 부담에 투심 제한 [시황]"",""url"":""https://n.news.naver.com/mnews/article/119/0003138095"",""duplicateOf"":null,""mentionsName"":false},{""id"":""009-0005742095"",""office"":""매일경제"",""publishedAt"":""2026-09-30T16:12:00+09:00"",""title"":""코스피, ‘전강후약’ 6800선 마감…외국인 4거래일 연속 ‘팔자’"",""url"":""https://n.news.naver.com/mnews/article/009/0005742095"",""duplicateOf"":null,""mentionsName"":false},{""id"":""001-0016347788"",""office"":""연합뉴스"",""publishedAt"":""2026-09-30T16:19:00+09:00"",""title"":""반도체 장비주 '들썩'…코스닥 시총 순위 지각변동(종합)"",""url"":""https://n.news.naver.com/mnews/article/001/0016347788"",""duplicateOf"":null,""mentionsName"":false},{""id"":""421-0009201465"",""office"":""뉴스1"",""publishedAt"":""2026-09-30T16:21:00+09:00"",""title"":""외인·기관 빠지자 코스피 6838 후퇴…금리 부담 '마이크론' 관망[시황..."",""url"":""https://n.news.naver.com/mnews/article/421/0009201465"",""duplicateOf"":null,""mentionsName"":false},{""id"":""629-0000538227"",""office"":""더팩트"",""publishedAt"":""2026-09-30T16:35:00+09:00"",""title"":""코스피, 1%대 반등도 못 지켰다…3거래일 연속 내리막길"",""url"":""https://n.news.naver.com/mnews/article/629/0000538227"",""duplicateOf"":null,""mentionsName"":false},{""id"":""031-0001062459"",""office"":""아이뉴스24"",""publishedAt"":""2026-09-30T16:36:00+09:00"",""title"":""美 소비지표·마이크론 실적 앞두고 관망⋯코스피 '약보합' 마감"",""url"":""https://n.news.naver.com/mnews/article/031/0001062459"",""duplicateOf"":null,""mentionsName"":false},{""id"":""016-0002703871"",""office"":""헤럴드경제"",""publishedAt"":""2026-09-30T16:45:00+09:00"",""title"":""7000선 코앞서 미끄러진 코스피…사흘째 하락[투자360]"",""url"":""https://n.news.naver.com/mnews/article/016/0002703871"",""duplicateOf"":null,""mentionsName"":false}]",20,0,,,,,,,
collection-de01c0314d1dbdb8,collection,2026-09-30,2026-09-30T08:21:48Z,,,"{""contextFile"":""reports/atlas11/context/2026-09-30/2026-09-30T08-21-48Z.json""}",context_news,2026-09-30,새 기사,,,,,false,207940,삼성바이오로직스,,,https://m.stock.naver.com/api/news/stock/207940?pageSize=20&page=1,214a074a8dd037901af897e01b437fb55e6ea59b4f34de568bf5c4a0d2ee7806,"[{""id"":""001-0016346220"",""office"":""연합뉴스"",""publishedAt"":""2026-09-30T11:19:00+09:00"",""title"":""코스피, 1%대 상승세 보이다 탄력 둔화…보합권서 등락"",""url"":""https://n.news.naver.com/mnews/article/001/0016346220"",""duplicateOf"":null,""mentionsName"":false},{""id"":""277-0005822771"",""office"":""아시아경제"",""publishedAt"":""2026-09-30T12:00:00+09:00"",""title"":""코스피 하락 전환…6800대로"",""url"":""https://n.news.naver.com/mnews/article/277/0005822771"",""duplicateOf"":null,""mentionsName"":false},{""id"":""421-0009200406"",""office"":""뉴스1"",""publishedAt"":""2026-09-30T12:04:00+09:00"",""title"":""외인·기관 순매도 돌아서며 코스피 하락 전환…6800선 후퇴[장중시황..."",""url"":""https://n.news.naver.com/mnews/article/421/0009200406"",""duplicateOf"":null,""mentionsName"":false},{""id"":""018-0006377697"",""office"":""이데일리"",""publishedAt"":""2026-09-30T13:43:00+09:00"",""title"":""코스피, 삼전 1%대 내리며 약보합세 전환...코스닥은 0.9% 강세"",""url"":""https://n.news.naver.com/mnews/article/018/0006377697"",""duplicateOf"":null,""mentionsName"":false},{""id"":""018-0006377794"",""office"":""이데일리"",""publishedAt"":""2026-09-30T15:34:00+09:00"",""title"":""[속보]코스피, 사흘째 내리막 6800선 후퇴…외국인 오늘도 폭풍매도"",""url"":""https://n.news.naver.com/mnews/article/018/0006377794"",""duplicateOf"":null,""mentionsName"":false},{""id"":""015-0005337660"",""office"":""한국경제"",""publishedAt"":""2026-09-30T15:42:00+09:00"",""title"":""코스피, 외인·기관 동반 매도에 6830선 후퇴…코스닥은 상승"",""url"":""https://n.news.naver.com/mnews/article/015/0005337660"",""duplicateOf"":null,""mentionsName"":false},{""id"":""277-0005822922"",""office"":""아시아경제"",""publishedAt"":""2026-09-30T15:53:00+09:00"",""title"":""코스피, 6800선 약보합 마감…코스닥은 소폭 상승"",""url"":""https://n.news.naver.com/mnews/article/277/0005822922"",""duplicateOf"":null,""mentionsName"":false},{""id"":""366-0001195361"",""office"":""조선비즈"",""publishedAt"":""2026-09-30T15:53:00+09:00"",""title"":""삼성바이오 노사, 내일 3차 조정…성과급·인사 참여 놓고 ‘평행선’"",""url"":""https://n.news.naver.com/mnews/article/366/0001195361"",""duplicateOf"":null,""mentionsName"":false},{""id"":""029-0003050743"",""office"":""디지털타임스"",""publishedAt"":""2026-09-30T15:55:00+09:00"",""title"":""마이크론 실적 앞두고 엇갈린 ‘삼전닉스’…코스피, 6830선 약보합"",""url"":""https://n.news.naver.com/mnews/article/029/0003050743"",""duplicateOf"":null,""mentionsName"":false},{""id"":""119-0003138095"",""office"":""데일리안"",""publishedAt"":""2026-09-30T15:59:00+09:00"",""title"":""3거래일 연속 하락한 코스피, 美 금리 부담에 투심 제한 [시황]"",""url"":""https://n.news.naver.com/mnews/article/119/0003138095"",""duplicateOf"":null,""mentionsName"":false},{""id"":""003-0014224659"",""office"":""뉴시스"",""publishedAt"":""2026-09-30T16:07:00+09:00"",""title"":""'전강후약' 코스피…외인·기관 '팔자'에 6800선 제자리"",""url"":""https://n.news.naver.com/mnews/article/003/0014224659"",""duplicateOf"":null,""mentionsName"":false},{""id"":""009-0005742095"",""office"":""매일경제"",""publishedAt"":""2026-09-30T16:12:00+09:00"",""title"":""코스피, ‘전강후약’ 6800선 마감…외국인 4거래일 연속 ‘팔자’"",""url"":""https://n.news.naver.com/mnews/article/009/0005742095"",""duplicateOf"":null,""mentionsName"":false},{""id"":""654-0000203195"",""office"":""강원도민일보"",""publishedAt"":""2026-09-30T16:12:00+09:00"",""title"":""코스피 6838.04 마감…장중 1%대 상승 뒤 반락해 3거래일째 하락"",""url"":""https://n.news.naver.com/mnews/article/654/0000203195"",""duplicateOf"":null,""mentionsName"":false},{""id"":""138-0002243190"",""office"":""디지털데일리"",""publishedAt"":""2026-09-30T16:19:00+09:00"",""title"":""코스피, 전형적인 약세장 행보… 1% 오르다 하락, 외인 2조 매도에 사..."",""url"":""https://n.news.naver.com/mnews/article/138/0002243190"",""duplicateOf"":null,""mentionsName"":false},{""id"":""421-0009201465"",""office"":""뉴스1"",""publishedAt"":""2026-09-30T16:21:00+09:00"",""title"":""외인·기관 빠지자 코스피 6838 후퇴…금리 부담 '마이크론' 관망[시황..."",""url"":""https://n.news.naver.com/mnews/article/421/0009201465"",""duplicateOf"":null,""mentionsName"":false},{""id"":""629-0000538227"",""office"":""더팩트"",""publishedAt"":""2026-09-30T16:35:00+09:00"",""title"":""코스피, 1%대 반등도 못 지켰다…3거래일 연속 내리막길"",""url"":""https://n.news.naver.com/mnews/article/629/0000538227"",""duplicateOf"":null,""mentionsName"":false},{""id"":""003-0014224744"",""office"":""뉴시스"",""publishedAt"":""2026-09-30T16:36:00+09:00"",""title"":""\""K-바이오랩허브, 기술이전 10건·M&A 2건 성과낼것\""(종합)"",""url"":""https://n.news.naver.com/mnews/article/003/0014224744"",""duplicateOf"":null,""mentionsName"":false},{""id"":""031-0001062459"",""office"":""아이뉴스24"",""publishedAt"":""2026-09-30T16:36:00+09:00"",""title"":""美 소비지표·마이크론 실적 앞두고 관망⋯코스피 '약보합' 마감"",""url"":""https://n.news.naver.com/mnews/article/031/0001062459"",""duplicateOf"":null,""mentionsName"":false},{""id"":""016-0002703871"",""office"":""헤럴드경제"",""publishedAt"":""2026-09-30T16:45:00+09:00"",""title"":""7000선 코앞서 미끄러진 코스피…사흘째 하락[투자360]"",""url"":""https://n.news.naver.com/mnews/article/016/0002703871"",""duplicateOf"":null,""mentionsName"":false},{""id"":""629-0000538251"",""office"":""더팩트"",""publishedAt"":""2026-09-30T17:04:00+09:00"",""title"":""한국 ADC, 미국 무관세…K바이오 CDMO 경쟁력 확보"",""url"":""https://n.news.naver.com/mnews/article/629/0000538251"",""duplicateOf"":null,""mentionsName"":false}]",20,0,,,,,,,
collection-37dc0ba5506febdb,collection,2026-09-30,2026-09-30T08:21:48Z,,,"{""contextFile"":""reports/atlas11/context/2026-09-30/2026-09-30T08-21-48Z.json""}",context_news,2026-09-30,새 기사,,,,,false,226950,올릭스,,,https://m.stock.naver.com/api/news/stock/226950?pageSize=20&page=1,43110b87757420d0ef87953166577a3ee4ecd832014f5f35d83fe15688cb8c1d,"[{""id"":""018-0006353860"",""office"":""이데일리"",""publishedAt"":""2026-08-19T08:28:00+09:00"",""title"":""큐리옥스 '멀티유닛' 수주에 上…올릭스, CPS 오버행 부담에 발목[바이..."",""url"":""https://n.news.naver.com/mnews/article/018/0006353860"",""duplicateOf"":null,""mentionsName"":true}]",1,0,,,,,,,
collection-2e5ced08fe6e9b2a,collection,2026-09-30,2026-09-30T08:21:48Z,,,"{""contextFile"":""reports/atlas11/context/2026-09-30/2026-09-30T08-21-48Z.json""}",context_news,2026-09-30,새 기사,,,,,false,257720,실리콘투,,,https://m.stock.naver.com/api/news/stock/257720?pageSize=20&page=1,6ed4ba262f975409c6af115f271dac20f777bbce7a45bc66f0535dbdba2318e7,"[{""id"":""088-0001031344"",""office"":""매일신문"",""publishedAt"":""2026-09-30T10:01:00+09:00"",""title"":""환율 역풍에 주춤한 K푸드·K뷰티株…\""수출 체력은 그대로\"""",""url"":""https://n.news.naver.com/mnews/article/088/0001031344"",""duplicateOf"":null,""mentionsName"":false},{""id"":""629-0000538200"",""office"":""더팩트"",""publishedAt"":""2026-09-30T15:57:00+09:00"",""title"":""멕시코 유통망 넓히는 K-브랜드…관세 부담에도 중남미 공략 확대"",""url"":""https://n.news.naver.com/mnews/article/629/0000538200"",""duplicateOf"":null,""mentionsName"":false}]",2,0,,,,,,,
collection-87fedfa97266ee68,collection,2026-09-30,2026-09-30T08:21:48Z,,,"{""contextFile"":""reports/atlas11/context/2026-09-30/2026-09-30T08-21-48Z.json""}",context_news,2026-09-30,새 기사,,,,,false,259960,크래프톤,,,https://m.stock.naver.com/api/news/stock/259960?pageSize=20&page=1,2ba1d6b2069cb34c303aebc8a9ea5bc4cd27bc4109cd55f40b922a3fc0d6a6f9,"[{""id"":""001-0016343513"",""office"":""연합뉴스"",""publishedAt"":""2026-09-29T13:56:00+09:00"",""title"":""지스타 2026 라인업 공개…일본·중국·유럽 게임사 대거 참전"",""url"":""https://n.news.naver.com/mnews/article/001/0016343513"",""duplicateOf"":null,""mentionsName"":false},{""id"":""003-0014221247"",""office"":""뉴시스"",""publishedAt"":""2026-09-29T15:24:00+09:00"",""title"":""지스타 2026 전시장 윤곽 나왔다…글로벌 게임사·신작 부산 집결"",""url"":""https://n.news.naver.com/mnews/article/003/0014221247"",""duplicateOf"":null,""mentionsName"":false},{""id"":""109-0005615373"",""office"":""OSEN"",""publishedAt"":""2026-09-30T08:04:00+09:00"",""title"":""‘지스타 2026’, 벡스코 전시장 도면·글로벌 출품 라인업 공개"",""url"":""https://n.news.naver.com/mnews/article/109/0005615373"",""duplicateOf"":null,""mentionsName"":false},{""id"":""011-0004666721"",""office"":""서울경제"",""publishedAt"":""2026-09-30T10:00:00+09:00"",""title"":""게임사 AI 도입률 50%…AI 활용 역량이 핵심 경쟁력"",""url"":""https://n.news.naver.com/mnews/article/011/0004666721"",""duplicateOf"":null,""mentionsName"":false},{""id"":""011-0004666722"",""office"":""서울경제"",""publishedAt"":""2026-09-30T10:00:00+09:00"",""title"":""“2년 쓰고 교체”…기간제법이 대기업 기간제를 늘렸다"",""url"":""https://n.news.naver.com/mnews/article/011/0004666722"",""duplicateOf"":null,""mentionsName"":false},{""id"":""008-0005420159"",""office"":""머니투데이"",""publishedAt"":""2026-09-30T10:34:00+09:00"",""title"":""NH투자증권, '주식보상' 시장 판도 바꾼다"",""url"":""https://n.news.naver.com/mnews/article/008/0005420159"",""duplicateOf"":null,""mentionsName"":false},{""id"":""092-0002439313"",""office"":""지디넷코리아"",""publishedAt"":""2026-09-30T15:02:00+09:00"",""title"":""크래프톤 펍지, 美 '콤플렉스콘 2026' 참가…머신 건 켈리와 협업 공개"",""url"":""https://n.news.naver.com/mnews/article/092/0002439313"",""duplicateOf"":null,""mentionsName"":true},{""id"":""005-0001875901"",""office"":""국민일보"",""publishedAt"":""2026-09-30T15:32:00+09:00"",""title"":""크래프톤 PUBG, 美 ‘콤플렉스콘 2026’ 참가… 머신 건 켈리와 협업"",""url"":""https://n.news.naver.com/mnews/article/005/0001875901"",""duplicateOf"":null,""mentionsName"":true}]",8,0,,,,,,,
collection-0cb5e849f06562a6,collection,2026-09-30,2026-09-30T08:21:48Z,,,"{""contextFile"":""reports/atlas11/context/2026-09-30/2026-09-30T08-21-48Z.json""}",context_news,2026-09-30,새 기사,,,,,false,278470,에이피알,,,https://m.stock.naver.com/api/news/stock/278470?pageSize=20&page=1,9142018f54f1a64234c0a1d3da09e82c4ac31a41cef9ef0f42136209e4fd6e9e,"[{""id"":""088-0001031344"",""office"":""매일신문"",""publishedAt"":""2026-09-30T10:01:00+09:00"",""title"":""환율 역풍에 주춤한 K푸드·K뷰티株…\""수출 체력은 그대로\"""",""url"":""https://n.news.naver.com/mnews/article/088/0001031344"",""duplicateOf"":null,""mentionsName"":false},{""id"":""014-0005582914"",""office"":""파이낸셜뉴스"",""publishedAt"":""2026-09-30T12:59:00+09:00"",""title"":""중남미로 번진 K뷰티 열풍...수출 영토 넓어진다"",""url"":""https://n.news.naver.com/mnews/article/014/0005582914"",""duplicateOf"":null,""mentionsName"":false},{""id"":""366-0001195310"",""office"":""조선비즈"",""publishedAt"":""2026-09-30T14:00:00+09:00"",""title"":""[단독] 에이피알, 중국판 올리브영 입점… 발암 논란 PDRN 라인 전면에"",""url"":""https://n.news.naver.com/mnews/article/366/0001195310"",""duplicateOf"":null,""mentionsName"":true},{""id"":""016-0002703823"",""office"":""헤럴드경제"",""publishedAt"":""2026-09-30T15:13:00+09:00"",""title"":""에이피알, 한부모·미혼모 가정에 24억원 상당 현물 기부"",""url"":""https://n.news.naver.com/mnews/article/016/0002703823"",""duplicateOf"":null,""mentionsName"":true},{""id"":""468-0001269823"",""office"":""스포츠서울"",""publishedAt"":""2026-09-30T16:47:00+09:00"",""title"":""의류부터 생활물품까지…에이피알, 24억원 규모 현물 기부"",""url"":""https://n.news.naver.com/mnews/article/468/0001269823"",""duplicateOf"":null,""mentionsName"":true}]",5,0,,,,,,,
collection-4ee3d06e79394029,collection,2026-09-30,2026-09-30T08:21:48Z,,,"{""contextFile"":""reports/atlas11/context/2026-09-30/2026-09-30T08-21-48Z.json""}",context_news,2026-09-30,새 기사,,,,,false,329180,HD현대중공업,,,https://m.stock.naver.com/api/news/stock/329180?pageSize=20&page=1,5980904728cfdb6a2843b8763b1e58fe8695a75e75e9df69bdf911fc49e4bf82,"[{""id"":""029-0003050594"",""office"":""디지털타임스"",""publishedAt"":""2026-09-30T08:08:00+09:00"",""title"":""美 AI·반도체 반등에 프리마켓 강세…삼전·SK하닉 1%대↑"",""url"":""https://n.news.naver.com/mnews/article/029/0003050594"",""duplicateOf"":null,""mentionsName"":false},{""id"":""018-0006377439"",""office"":""이데일리"",""publishedAt"":""2026-09-30T09:04:00+09:00"",""title"":""반도체 독주 끝나나…“3분기 깜짝 실적, 대한항공·넥스틴 주목”"",""url"":""https://n.news.naver.com/mnews/article/018/0006377439"",""duplicateOf"":null,""mentionsName"":false},{""id"":""029-0003050611"",""office"":""디지털타임스"",""publishedAt"":""2026-09-30T09:11:00+09:00"",""title"":""코스피, 1%대 상승 출발…외인·기관 ‘사자’에 삼전·하닉 강세"",""url"":""https://n.news.naver.com/mnews/article/029/0003050611"",""duplicateOf"":null,""mentionsName"":false},{""id"":""366-0001195198"",""office"":""조선비즈"",""publishedAt"":""2026-09-30T09:18:00+09:00"",""title"":""美 기술주 강세에… 코스피, 상승 출발해 6900선 회복"",""url"":""https://n.news.naver.com/mnews/article/366/0001195198"",""duplicateOf"":null,""mentionsName"":false},{""id"":""008-0005420085"",""office"":""머니투데이"",""publishedAt"":""2026-09-30T09:35:00+09:00"",""title"":""\""칠천피 다시 가나\""…美금리 24년 만에 최고에도 외국인 '사자'"",""url"":""https://n.news.naver.com/mnews/article/008/0005420085"",""duplicateOf"":null,""mentionsName"":false},{""id"":""031-0001062186"",""office"":""아이뉴스24"",""publishedAt"":""2026-09-30T09:41:00+09:00"",""title"":""[특징주] 선박 엔진 공급 부족 심화, 한화엔진·HD현대마린엔진·솔루..."",""url"":""https://n.news.naver.com/mnews/article/031/0001062186"",""duplicateOf"":null,""mentionsName"":false},{""id"":""014-0005582767"",""office"":""파이낸셜뉴스"",""publishedAt"":""2026-09-30T10:10:00+09:00"",""title"":""HD현대重 기본급 12만원↑ 합의..1인당 4056만원 돌아가"",""url"":""https://n.news.naver.com/mnews/article/014/0005582767"",""duplicateOf"":null,""mentionsName"":false},{""id"":""003-0014222871"",""office"":""뉴시스"",""publishedAt"":""2026-09-30T10:28:00+09:00"",""title"":""파업 우려 털어낸 HD현대중공업…'상선·엔진·함정'으로 성장동력 확..."",""url"":""https://n.news.naver.com/mnews/article/003/0014222871"",""duplicateOf"":null,""mentionsName"":true},{""id"":""015-0005337581"",""office"":""한국경제"",""publishedAt"":""2026-09-30T13:33:00+09:00"",""title"":""\""주가 4개월새 반토막 났다\""…개미 울상인데 '뜻밖의 전망' [종목+]"",""url"":""https://n.news.naver.com/mnews/article/015/0005337581"",""duplicateOf"":null,""mentionsName"":false},{""id"":""050-0000111450"",""office"":""한경비즈니스"",""publishedAt"":""2026-09-30T14:10:00+09:00"",""title"":""“4056만원까지 나왔다” 한화오션 노사 셈법은"",""url"":""https://n.news.naver.com/mnews/article/050/0000111450"",""duplicateOf"":null,""mentionsName"":false},{""id"":""088-0001031421"",""office"":""매일신문"",""publishedAt"":""2026-09-30T14:32:00+09:00"",""title"":""브릴스 공모주 청약에 4조9천억원 몰려…내달 1일 코스닥 상장"",""url"":""https://n.news.naver.com/mnews/article/088/0001031421"",""duplicateOf"":null,""mentionsName"":false},{""id"":""009-0005741987"",""office"":""매일경제"",""publishedAt"":""2026-09-30T14:39:00+09:00"",""title"":""“신뢰할 수 있는 투자처 페루가 韓기업 기다립니다”"",""url"":""https://n.news.naver.com/mnews/article/009/0005741987"",""duplicateOf"":null,""mentionsName"":false},{""id"":""138-0002243168"",""office"":""디지털데일리"",""publishedAt"":""2026-09-30T15:00:00+09:00"",""title"":""AI가 불붙인 '원전 르네상스'…다시 산업 경쟁력의 핵심으로"",""url"":""https://n.news.naver.com/mnews/article/138/0002243168"",""duplicateOf"":null,""mentionsName"":false},{""id"":""366-0001195356"",""office"":""조선비즈"",""publishedAt"":""2026-09-30T15:48:00+09:00"",""title"":""[마켓뷰] 美 장기 금리 상승에… 코스피, 소폭 하락"",""url"":""https://n.news.naver.com/mnews/article/366/0001195356"",""duplicateOf"":null,""mentionsName"":false},{""id"":""003-0014224605"",""office"":""뉴시스"",""publishedAt"":""2026-09-30T15:52:00+09:00"",""title"":""\""조선 초격차 지원\"" 李대통령에…업계 \""해외 공략 적극 나설 것\"""",""url"":""https://n.news.naver.com/mnews/article/003/0014224605"",""duplicateOf"":null,""mentionsName"":false},{""id"":""014-0005583089"",""office"":""파이낸셜뉴스"",""publishedAt"":""2026-09-30T16:05:00+09:00"",""title"":""HD현대重 임단협 타결..李대통령-정기선 마주한 날 추투 마무리"",""url"":""https://n.news.naver.com/mnews/article/014/0005583089"",""duplicateOf"":null,""mentionsName"":false},{""id"":""008-0005420474"",""office"":""머니투데이"",""publishedAt"":""2026-09-30T16:31:00+09:00"",""title"":""HD현대重 '대호김종서함' 진수…해군 이지스함 체계 완성"",""url"":""https://n.news.naver.com/mnews/article/008/0005420474"",""duplicateOf"":null,""mentionsName"":false},{""id"":""031-0001062459"",""office"":""아이뉴스24"",""publishedAt"":""2026-09-30T16:36:00+09:00"",""title"":""美 소비지표·마이크론 실적 앞두고 관망⋯코스피 '약보합' 마감"",""url"":""https://n.news.naver.com/mnews/article/031/0001062459"",""duplicateOf"":null,""mentionsName"":false},{""id"":""008-0005420516"",""office"":""머니투데이"",""publishedAt"":""2026-09-30T17:04:00+09:00"",""title"":""HD현대重, '기본급 12만원 인상' 임단협 잠정 합의안 도출"",""url"":""https://n.news.naver.com/mnews/article/008/0005420516"",""duplicateOf"":null,""mentionsName"":false},{""id"":""052-0002413045"",""office"":""YTN"",""publishedAt"":""2026-09-30T17:04:00+09:00"",""title"":""[기업] HD현대중공업, '대호김종서함' 진수...내년말 전력화"",""url"":""https://n.news.naver.com/mnews/article/052/0002413045"",""duplicateOf"":null,""mentionsName"":true}]",20,0,,,,,,,
collection-2ec0c37d349f4284,collection,2026-09-30,2026-09-30T08:21:48Z,,,"{""contextFile"":""reports/atlas11/context/2026-09-30/2026-09-30T08-21-48Z.json""}",context_news,2026-09-30,새 기사,,,,,false,352820,하이브,,,https://m.stock.naver.com/api/news/stock/352820?pageSize=20&page=1,1a0d2b36bba5488002d71acc4677d5b9458de6611e3ce52757b466ee96c7908a,"[{""id"":""014-0005582691"",""office"":""파이낸셜뉴스"",""publishedAt"":""2026-09-30T09:09:00+09:00"",""title"":""BTS RM 컬렉션, 미국으로…SFMOMA서 윤형근·장욱진 등 180점"",""url"":""https://n.news.naver.com/mnews/article/014/0005582691"",""duplicateOf"":null,""mentionsName"":false}]",1,0,,,,,,,
collection-cb2b6992bd33f23d,collection,2026-09-30,2026-09-30T08:21:48Z,,,"{""contextFile"":""reports/atlas11/context/2026-09-30/2026-09-30T08-21-48Z.json""}",context_news,2026-09-30,새 기사,,,,,false,373220,LG에너지솔루션,,,https://m.stock.naver.com/api/news/stock/373220?pageSize=20&page=1,fb305200df626339494453d60aee2277532464ed253715c5c90e9bd805c0a159,"[{""id"":""009-0005741990"",""office"":""매일경제"",""publishedAt"":""2026-09-30T14:43:00+09:00"",""title"":""LG엔솔·LS일렉트릭·LS전선...AI 인프라 뛰어드는 K기업"",""url"":""https://n.news.naver.com/mnews/article/009/0005741990"",""duplicateOf"":null,""mentionsName"":false},{""id"":""031-0001062394"",""office"":""아이뉴스24"",""publishedAt"":""2026-09-30T15:22:00+09:00"",""title"":""LG엔솔, 캐나다 에네온과 美 생산 BESS 공급계약 체결"",""url"":""https://n.news.naver.com/mnews/article/031/0001062394"",""duplicateOf"":null,""mentionsName"":false},{""id"":""023-0004001315"",""office"":""조선일보"",""publishedAt"":""2026-09-30T15:23:00+09:00"",""title"":""AI 데이터센터 냉각 사업에 달려가는 국내 전자 업체들"",""url"":""https://n.news.naver.com/mnews/article/023/0004001315"",""duplicateOf"":null,""mentionsName"":false},{""id"":""018-0006377794"",""office"":""이데일리"",""publishedAt"":""2026-09-30T15:34:00+09:00"",""title"":""[속보]코스피, 사흘째 내리막 6800선 후퇴…외국인 오늘도 폭풍매도"",""url"":""https://n.news.naver.com/mnews/article/018/0006377794"",""duplicateOf"":null,""mentionsName"":false},{""id"":""015-0005337660"",""office"":""한국경제"",""publishedAt"":""2026-09-30T15:42:00+09:00"",""title"":""코스피, 외인·기관 동반 매도에 6830선 후퇴…코스닥은 상승"",""url"":""https://n.news.naver.com/mnews/article/015/0005337660"",""duplicateOf"":null,""mentionsName"":false},{""id"":""020-0003751741"",""office"":""동아일보"",""publishedAt"":""2026-09-30T15:44:00+09:00"",""title"":""LG CNS, ‘사전제작 모듈형 데이터센터’ 공개…AI 팩토리 시장 공략"",""url"":""https://n.news.naver.com/mnews/article/020/0003751741"",""duplicateOf"":null,""mentionsName"":false},{""id"":""277-0005822922"",""office"":""아시아경제"",""publishedAt"":""2026-09-30T15:53:00+09:00"",""title"":""코스피, 6800선 약보합 마감…코스닥은 소폭 상승"",""url"":""https://n.news.naver.com/mnews/article/277/0005822922"",""duplicateOf"":null,""mentionsName"":false},{""id"":""029-0003050743"",""office"":""디지털타임스"",""publishedAt"":""2026-09-30T15:55:00+09:00"",""title"":""마이크론 실적 앞두고 엇갈린 ‘삼전닉스’…코스피, 6830선 약보합"",""url"":""https://n.news.naver.com/mnews/article/029/0003050743"",""duplicateOf"":null,""mentionsName"":false},{""id"":""119-0003138095"",""office"":""데일리안"",""publishedAt"":""2026-09-30T15:59:00+09:00"",""title"":""3거래일 연속 하락한 코스피, 美 금리 부담에 투심 제한 [시황]"",""url"":""https://n.news.naver.com/mnews/article/119/0003138095"",""duplicateOf"":null,""mentionsName"":false},{""id"":""003-0014224659"",""office"":""뉴시스"",""publishedAt"":""2026-09-30T16:07:00+09:00"",""title"":""'전강후약' 코스피…외인·기관 '팔자'에 6800선 제자리"",""url"":""https://n.news.naver.com/mnews/article/003/0014224659"",""duplicateOf"":null,""mentionsName"":false},{""id"":""009-0005742095"",""office"":""매일경제"",""publishedAt"":""2026-09-30T16:12:00+09:00"",""title"":""코스피, ‘전강후약’ 6800선 마감…외국인 4거래일 연속 ‘팔자’"",""url"":""https://n.news.naver.com/mnews/article/009/0005742095"",""duplicateOf"":null,""mentionsName"":false},{""id"":""654-0000203195"",""office"":""강원도민일보"",""publishedAt"":""2026-09-30T16:12:00+09:00"",""title"":""코스피 6838.04 마감…장중 1%대 상승 뒤 반락해 3거래일째 하락"",""url"":""https://n.news.naver.com/mnews/article/654/0000203195"",""duplicateOf"":null,""mentionsName"":false},{""id"":""138-0002243190"",""office"":""디지털데일리"",""publishedAt"":""2026-09-30T16:19:00+09:00"",""title"":""코스피, 전형적인 약세장 행보… 1% 오르다 하락, 외인 2조 매도에 사..."",""url"":""https://n.news.naver.com/mnews/article/138/0002243190"",""duplicateOf"":null,""mentionsName"":false},{""id"":""421-0009201465"",""office"":""뉴스1"",""publishedAt"":""2026-09-30T16:21:00+09:00"",""title"":""외인·기관 빠지자 코스피 6838 후퇴…금리 부담 '마이크론' 관망[시황..."",""url"":""https://n.news.naver.com/mnews/article/421/0009201465"",""duplicateOf"":null,""mentionsName"":false},{""id"":""629-0000538227"",""office"":""더팩트"",""publishedAt"":""2026-09-30T16:35:00+09:00"",""title"":""코스피, 1%대 반등도 못 지켰다…3거래일 연속 내리막길"",""url"":""https://n.news.naver.com/mnews/article/629/0000538227"",""duplicateOf"":null,""mentionsName"":false},{""id"":""031-0001062459"",""office"":""아이뉴스24"",""publishedAt"":""2026-09-30T16:36:00+09:00"",""title"":""美 소비지표·마이크론 실적 앞두고 관망⋯코스피 '약보합' 마감"",""url"":""https://n.news.naver.com/mnews/article/031/0001062459"",""duplicateOf"":null,""mentionsName"":false},{""id"":""016-0002703871"",""office"":""헤럴드경제"",""publishedAt"":""2026-09-30T16:45:00+09:00"",""title"":""7000선 코앞서 미끄러진 코스피…사흘째 하락[투자360]"",""url"":""https://n.news.naver.com/mnews/article/016/0002703871"",""duplicateOf"":null,""mentionsName"":false},{""id"":""417-0001159724"",""office"":""동행미디어 시대"",""publishedAt"":""2026-09-30T16:52:00+09:00"",""title"":""LG엔솔·GM, 세계 최초 LMR 각형 배터리 양산라인 구축"",""url"":""https://n.news.naver.com/mnews/article/417/0001159724"",""duplicateOf"":null,""mentionsName"":false},{""id"":""374-0000535638"",""office"":""SBS Biz"",""publishedAt"":""2026-09-30T16:54:00+09:00"",""title"":""[증시 인사이트] 백악관 \""트럼프, 내일 美상무장관과 함께 발표 예정..."",""url"":""https://n.news.naver.com/mnews/article/374/0000535638"",""duplicateOf"":null,""mentionsName"":false},{""id"":""009-0005742140"",""office"":""매일경제"",""publishedAt"":""2026-09-30T16:58:00+09:00"",""title"":""LG CNS ‘사전제작’ 데이터센터 공개…AI 팩토리 시장 공략"",""url"":""https://n.news.naver.com/mnews/article/009/0005742140"",""duplicateOf"":null,""mentionsName"":false}]",20,0,,,,,,,
collection-c3df733981ef1543,collection,2026-09-30,2026-09-30T08:21:48Z,,,"{""contextFile"":""reports/atlas11/context/2026-09-30/2026-09-30T08-21-48Z.json""}",context_disclosures,2026-09-30,새 공시,,,,,false,000720,현대건설,,,https://m.stock.naver.com/api/stock/000720/disclosure?pageSize=20&page=1,7677bef965e999f76bfd92c18f48e9ffc8240354988dfe6300604f4eab90bbf1,"[{""id"":""143217295"",""title"":""현대건설(주) 중대재해 발생"",""author"":""KOSCOM"",""datetimeRaw"":""2026-09-30T07:31:19"",""publishedAt"":""2026-09-30T07:31:19+09:00"",""timezoneAssumed"":""Asia/Seoul(원문에 시간대 표기 없음)"",""corporateAction"":false,""actionWord"":null},{""id"":""143780552"",""title"":""현대건설(주) 기타 경영사항(자율공시)"",""author"":""KOSCOM"",""datetimeRaw"":""2026-09-30T15:52:40"",""publishedAt"":""2026-09-30T15:52:40+09:00"",""timezoneAssumed"":""Asia/Seoul(원문에 시간대 표기 없음)"",""corporateAction"":false,""actionWord"":null}]",,,0,,,,,,
collection-e9ae3434326a26f1,collection,2026-09-30,2026-09-30T08:21:48Z,,,"{""contextFile"":""reports/atlas11/context/2026-09-30/2026-09-30T08-21-48Z.json""}",context_disclosures,2026-09-30,새 공시,,,,,false,005490,POSCO홀딩스,,,https://m.stock.naver.com/api/stock/005490/disclosure?pageSize=20&page=1,da6f00f076e644c270c52be8a1e941855bc930487e42f52c4c0c58b646129fb8,"[{""id"":""143439824"",""title"":""포스코홀딩스(주) 풍문 또는 보도에 대한 해명(미확정)"",""author"":""KOSCOM"",""datetimeRaw"":""2026-09-30T10:57:59"",""publishedAt"":""2026-09-30T10:57:59+09:00"",""timezoneAssumed"":""Asia/Seoul(원문에 시간대 표기 없음)"",""corporateAction"":false,""actionWord"":null}]",,,0,,,,,,
collection-a7a3ef083f7d0617,collection,2026-09-30,2026-09-30T08:21:48Z,,,"{""contextFile"":""reports/atlas11/context/2026-09-30/2026-09-30T08-21-48Z.json""}",context_disclosures,2026-09-30,기업행위 공시,,,,,false,012330,현대모비스,,,https://m.stock.naver.com/api/stock/012330/disclosure?pageSize=20&page=1,d8994e10a62099c8ff9074c411672c39c9a1ecb25dc249807bc7fb0431a08216,"[{""id"":""143746670"",""title"":""현대모비스(주) 회사분할 결정"",""author"":""KOSCOM"",""datetimeRaw"":""2026-09-30T15:24:30"",""publishedAt"":""2026-09-30T15:24:30+09:00"",""timezoneAssumed"":""Asia/Seoul(원문에 시간대 표기 없음)"",""corporateAction"":true,""actionWord"":""분할""},{""id"":""143767115"",""title"":""현대모비스(주) 주주총회소집결의"",""author"":""KOSCOM"",""datetimeRaw"":""2026-09-30T15:41:19"",""publishedAt"":""2026-09-30T15:41:19+09:00"",""timezoneAssumed"":""Asia/Seoul(원문에 시간대 표기 없음)"",""corporateAction"":false,""actionWord"":null},{""id"":""143781785"",""title"":""현대모비스(주) 주주명부폐쇄기간 또는 기준일 설정"",""author"":""KOSCOM"",""datetimeRaw"":""2026-09-30T15:53:44"",""publishedAt"":""2026-09-30T15:53:44+09:00"",""timezoneAssumed"":""Asia/Seoul(원문에 시간대 표기 없음)"",""corporateAction"":false,""actionWord"":null}]",,,1,,,,,,
collection-dc7d184296715390,collection,2026-09-30,2026-09-30T08:21:48Z,,,"{""contextFile"":""reports/atlas11/context/2026-09-30/2026-09-30T08-21-48Z.json""}",context_disclosures,2026-09-30,새 공시,,,,,false,028300,HLB,,,https://m.stock.naver.com/api/stock/028300/disclosure?pageSize=20&page=1,589d8c3e657885d5f70661345a2e991b16f09df249f98b8f2663d0a7abc65a91,"[{""id"":""143466737"",""title"":""에이치엘비(주) 주식선물 2단계 가격제한폭 확대요건 도달(상승)"",""author"":""KOSCOM"",""datetimeRaw"":""2026-09-30T11:21:46"",""publishedAt"":""2026-09-30T11:21:46+09:00"",""timezoneAssumed"":""Asia/Seoul(원문에 시간대 표기 없음)"",""corporateAction"":false,""actionWord"":null}]",,,0,,,,,,
collection-1388e26819755582,collection,2026-09-30,2026-09-30T08:21:48Z,,,"{""contextFile"":""reports/atlas11/context/2026-09-30/2026-09-30T08-21-48Z.json""}",context_disclosures,2026-09-30,기업행위 공시,,,,,false,030000,제일기획,,,https://m.stock.naver.com/api/stock/030000/disclosure?pageSize=20&page=1,c08952d042516a8839811428168e4484f98dd1f16dbf1ee49296fcc7e9793507,"[{""id"":""143240308"",""title"":""(주)제일기획 매매거래정지 및 정지해제(중요내용공시)"",""author"":""KOSCOM"",""datetimeRaw"":""2026-09-30T07:53:21"",""publishedAt"":""2026-09-30T07:53:21+09:00"",""timezoneAssumed"":""Asia/Seoul(원문에 시간대 표기 없음)"",""corporateAction"":true,""actionWord"":""매매거래정지""},{""id"":""143240309"",""title"":""(주)제일기획 주식 소각 결정"",""author"":""KOSCOM"",""datetimeRaw"":""2026-09-30T07:53:35"",""publishedAt"":""2026-09-30T07:53:35+09:00"",""timezoneAssumed"":""Asia/Seoul(원문에 시간대 표기 없음)"",""corporateAction"":true,""actionWord"":""소각""},{""id"":""143254982"",""title"":""(주)제일기획 주식선물 거래정지및거래재개(제일기획 선물)"",""author"":""KOSCOM"",""datetimeRaw"":""2026-09-30T08:08:00"",""publishedAt"":""2026-09-30T08:08:00+09:00"",""timezoneAssumed"":""Asia/Seoul(원문에 시간대 표기 없음)"",""corporateAction"":true,""actionWord"":""거래정지""},{""id"":""143269669"",""title"":""(주)제일기획 자기주식 취득 결정"",""author"":""KOSCOM"",""datetimeRaw"":""2026-09-30T08:21:57"",""publishedAt"":""2026-09-30T08:21:57+09:00"",""timezoneAssumed"":""Asia/Seoul(원문에 시간대 표기 없음)"",""corporateAction"":true,""actionWord"":""자기주식""},{""id"":""143281220"",""title"":""(주)제일기획 수시공시의무관련사항(공정공시)"",""author"":""KOSCOM"",""datetimeRaw"":""2026-09-30T08:32:40"",""publishedAt"":""2026-09-30T08:32:40+09:00"",""timezoneAssumed"":""Asia/Seoul(원문에 시간대 표기 없음)"",""corporateAction"":false,""actionWord"":null}]",,,4,,,,,,
collection-515c1a56905a6df1,collection,2026-09-30,2026-09-30T08:21:48Z,,,"{""contextFile"":""reports/atlas11/context/2026-09-30/2026-09-30T08-21-48Z.json""}",context_disclosures,2026-09-30,새 공시,,,,,false,035250,강원랜드,,,https://m.stock.naver.com/api/stock/035250/disclosure?pageSize=20&page=1,b90087fa738b74cb7805804bdc8b66bdf2d7ce703328655af2a4e5ab5935bffc,"[{""id"":""143675842"",""title"":""(주)강원랜드 주주명부폐쇄기간 또는 기준일 설정"",""author"":""KOSCOM"",""datetimeRaw"":""2026-09-30T14:24:42"",""publishedAt"":""2026-09-30T14:24:42+09:00"",""timezoneAssumed"":""Asia/Seoul(원문에 시간대 표기 없음)"",""corporateAction"":false,""actionWord"":null}]",,,0,,,,,,
collection-a90088d48f5777e9,collection,2026-09-30,2026-09-30T08:21:48Z,,,"{""contextFile"":""reports/atlas11/context/2026-09-30/2026-09-30T08-21-48Z.json""}",context_disclosures,2026-09-30,기업행위 공시,,,,,false,051910,LG화학,,,https://m.stock.naver.com/api/stock/051910/disclosure?pageSize=20&page=1,5a30c0c54b76c95fe01a89e2d340a1f53701c67b3a688287880f3abb7775e9d1,"[{""id"":""143859444"",""title"":""(주)LG화학 변경상장(주식소각)"",""author"":""KOSCOM"",""datetimeRaw"":""2026-09-30T16:53:09"",""publishedAt"":""2026-09-30T16:53:09+09:00"",""timezoneAssumed"":""Asia/Seoul(원문에 시간대 표기 없음)"",""corporateAction"":true,""actionWord"":""소각""}]",,,1,,,,,,
collection-58f57f124a41851d,collection,2026-09-30,2026-09-30T08:21:48Z,,,"{""contextFile"":""reports/atlas11/context/2026-09-30/2026-09-30T08-21-48Z.json""}",context_disclosures,2026-09-30,새 공시,,,,,false,226950,올릭스,,,https://m.stock.naver.com/api/stock/226950/disclosure?pageSize=20&page=1,9dc166bc7b5c0cb8b728a79435b9ed0472fe83f05ce8465717d75a07c9b19385,"[{""id"":""143613417"",""title"":""올릭스 주식회사 (정정)투자판단 관련 주요경영사항(임상시험 계획 승인신청)"",""author"":""KOSCOM"",""datetimeRaw"":""2026-09-30T13:30:48"",""publishedAt"":""2026-09-30T13:30:48+09:00"",""timezoneAssumed"":""Asia/Seoul(원문에 시간대 표기 없음)"",""corporateAction"":false,""actionWord"":null}]",,,0,,,,,,
collection-694292bf6e9f40e4,collection,2026-09-30,2026-09-30T08:21:48Z,,,"{""contextFile"":""reports/atlas11/context/2026-09-30/2026-09-30T08-21-48Z.json""}",context_disclosures,2026-09-30,기업행위 공시,,,,,false,259960,크래프톤,,,https://m.stock.naver.com/api/stock/259960/disclosure?pageSize=20&page=1,a29b8bc75eafcb96622f41ee680bf1122fd54ecb08305bbe47a7f5cbd79600dc,"[{""id"":""143815955"",""title"":""주식회사 크래프톤 주식 소각 결정"",""author"":""KOSCOM"",""datetimeRaw"":""2026-09-30T16:20:39"",""publishedAt"":""2026-09-30T16:20:39+09:00"",""timezoneAssumed"":""Asia/Seoul(원문에 시간대 표기 없음)"",""corporateAction"":true,""actionWord"":""소각""}]",,,1,,,,,,
collection-0345207a8d4f41d6,collection,2026-09-30,2026-09-30T08:21:48Z,,,"{""contextFile"":""reports/atlas11/context/2026-09-30/2026-09-30T08-21-48Z.json""}",context_disclosures,2026-09-30,새 공시,,,,,false,329180,HD현대중공업,,,https://m.stock.naver.com/api/stock/329180/disclosure?pageSize=20&page=1,f01e0eecb4cd8115d6e94e4fcf4c46888b7be3ed3b92e29bc25b56d49fd57103,"[{""id"":""143395395"",""title"":""에이치디현대중공업(주) (정정)단일판매ㆍ공급계약체결"",""author"":""KOSCOM"",""datetimeRaw"":""2026-09-30T10:17:39"",""publishedAt"":""2026-09-30T10:17:39+09:00"",""timezoneAssumed"":""Asia/Seoul(원문에 시간대 표기 없음)"",""corporateAction"":false,""actionWord"":null},{""id"":""143878375"",""title"":""에이치디현대중공업(주) 기업설명회(IR) 개최(안내공시)"",""author"":""KOSCOM"",""datetimeRaw"":""2026-09-30T17:07:38"",""publishedAt"":""2026-09-30T17:07:38+09:00"",""timezoneAssumed"":""Asia/Seoul(원문에 시간대 표기 없음)"",""corporateAction"":false,""actionWord"":null}]",,,0,,,,,,
collection-fd0e9b5e0961d8b1,collection,2026-09-30,2026-09-30T08:22:04Z,,,{},daily_collection,2026-09-30,ok,,,,[],,,,,,,,,,,,true,naver_minute_1530_closing_auction,false,"[{""code"":""005930"",""sourceUrl"":""https://api.stock.naver.com/chart/domestic/item/005930/minute?startDateTime=202609301525&endDateTime=202609301545"",""rawHash"":""f4a12111715b59430baf1224b45a7dc22f64ced283cce0542d829d4d268b820f"",""observedAt"":""2026-09-30T08:22:04Z"",""finalClose"":true,""rows"":1,""lastDate"":""2026-09-30""},{""code"":""009150"",""sourceUrl"":""https://api.stock.naver.com/chart/domestic/item/009150/minute?startDateTime=202609301525&endDateTime=202609301545"",""rawHash"":""089ec0c4e59e98ab4b8e83a7924cbdb0f0cc5b219e436cfa84e25fe336bf3259"",""observedAt"":""2026-09-30T08:22:04Z"",""finalClose"":true,""rows"":1,""lastDate"":""2026-09-30""},{""code"":""373220"",""sourceUrl"":""https://api.stock.naver.com/chart/domestic/item/373220/minute?startDateTime=202609301525&endDateTime=202609301545"",""rawHash"":""e38d593b218199d50c04e007b8e9ac2f7a80de5f550a0f56fb6da5b089ea5755"",""observedAt"":""2026-09-30T08:22:04Z"",""finalClose"":true,""rows"":1,""lastDate"":""2026-09-30""},{""code"":""005380"",""sourceUrl"":""https://api.stock.naver.com/chart/domestic/item/005380/minute?startDateTime=202609301525&endDateTime=202609301545"",""rawHash"":""f5c7331f6826f368a29c3edc427824145984185e9949ee1f75155d66f97b6363"",""observedAt"":""2026-09-30T08:22:04Z"",""finalClose"":true,""rows"":1,""lastDate"":""2026-09-30""},{""code"":""207940"",""sourceUrl"":""https://api.stock.naver.com/chart/domestic/item/207940/minute?startDateTime=202609301525&endDateTime=202609301545"",""rawHash"":""dac02dd2da930150c6b72ec83998c734ce586e4821d7562d2b229b34efb9933c"",""observedAt"":""2026-09-30T08:22:04Z"",""finalClose"":true,""rows"":1,""lastDate"":""2026-09-30""},{""code"":""105560"",""sourceUrl"":""https://api.stock.naver.com/chart/domestic/item/105560/minute?startDateTime=202609301525&endDateTime=202609301545"",""rawHash"":""2c1a8a37d2d06dee0c55eef4d03c4d1bbf198a3662cc7b1328f72850064796d4"",""observedAt"":""2026-09-30T08:22:04Z"",""finalClose"":true,""rows"":1,""lastDate"":""2026-09-30""},{""code"":""028260"",""sourceUrl"":""https://api.stock.naver.com/chart/domestic/item/028260/minute?startDateTime=202609301525&endDateTime=202609301545"",""rawHash"":""adbe43348015419d4233fd1808231f136e855fb5f46e5bb380e21c1d673e2342"",""observedAt"":""2026-09-30T08:22:04Z"",""finalClose"":true,""rows"":1,""lastDate"":""2026-09-30""},{""code"":""032830"",""sourceUrl"":""https://api.stock.naver.com/chart/domestic/item/032830/minute?startDateTime=202609301525&endDateTime=202609301545"",""rawHash"":""02ff2bc454e31f4184a4ce31de01aa1f4337a65a156a6fe2b17590aa22d633b5"",""observedAt"":""2026-09-30T08:22:04Z"",""finalClose"":true,""rows"":1,""lastDate"":""2026-09-30""},{""code"":""012450"",""sourceUrl"":""https://api.stock.naver.com/chart/domestic/item/012450/minute?startDateTime=202609301525&endDateTime=202609301545"",""rawHash"":""217f47f5c6bf11c287f34b3c35a6a52a7b9c8ef6e058ec5897e828c39715911f"",""observedAt"":""2026-09-30T08:22:04Z"",""finalClose"":true,""rows"":1,""lastDate"":""2026-09-30""},{""code"":""034020"",""sourceUrl"":""https://api.stock.naver.com/chart/domestic/item/034020/minute?startDateTime=202609301525&endDateTime=202609301545"",""rawHash"":""3396bb96c3e8e65d2d3a4bcdbd029b488ffcee55b36d35f9ab525478e96eeaec"",""observedAt"":""2026-09-30T08:22:04Z"",""finalClose"":true,""rows"":1,""lastDate"":""2026-09-30""},{""code"":""329180"",""sourceUrl"":""https://api.stock.naver.com/chart/domestic/item/329180/minute?startDateTime=202609301525&endDateTime=202609301545"",""rawHash"":""7b3b9019fbaed79e5d73f74fc1107d037a7760565b5198cc8a2a265485bede04"",""observedAt"":""2026-09-30T08:22:04Z"",""finalClose"":true,""rows"":1,""lastDate"":""2026-09-30""},{""code"":""034730"",""sourceUrl"":""https://api.stock.naver.com/chart/domestic/item/034730/minute?startDateTime=202609301525&endDateTime=202609301545"",""rawHash"":""f61397aaa9d15eb0ad7eb522fdd899174dfe4636e48e631fbdbe31ade58cb439"",""observedAt"":""2026-09-30T08:22:04Z"",""finalClose"":true,""rows"":1,""lastDate"":""2026-09-30""},{""code"":""012330"",""sourceUrl"":""https://api.stock.naver.com/chart/domestic/item/012330/minute?startDateTime=202609301525&endDateTime=202609301545"",""rawHash"":""afc7a51a04acd688e344e34f552fefdd5995bbe465dd48b5cc71958ed7c238dc"",""observedAt"":""2026-09-30T08:22:04Z"",""finalClose"":true,""rows"":1,""lastDate"":""2026-09-30""},{""code"":""066570"",""sourceUrl"":""https://api.stock.naver.com/chart/domestic/item/066570/minute?startDateTime=202609301525&endDateTime=202609301545"",""rawHash"":""15e67e254bd4c4c32a6179cab42e4c0b11f19a0341144a57b8be87566e56656e"",""observedAt"":""2026-09-30T08:22:04Z"",""finalClose"":true,""rows"":1,""lastDate"":""2026-09-30""},{""code"":""035420"",""sourceUrl"":""https://api.stock.naver.com/chart/domestic/item/035420/minute?startDateTime=202609301525&endDateTime=202609301545"",""rawHash"":""80e73d1ddd0123b0b2133e642ca9dff80e8683cca7dbce3ae3e71c68cf690670"",""observedAt"":""2026-09-30T08:22:04Z"",""finalClose"":true,""rows"":1,""lastDate"":""2026-09-30""},{""code"":""010120"",""sourceUrl"":""https://api.stock.naver.com/chart/domestic/item/010120/minute?startDateTime=202609301525&endDateTime=202609301545"",""rawHash"":""356f830db23568e2ccc21f37f55da1ce664e54698600737286322ede138b0afc"",""observedAt"":""2026-09-30T08:22:04Z"",""finalClose"":true,""rows"":1,""lastDate"":""2026-09-30""},{""code"":""000810"",""sourceUrl"":""https://api.stock.naver.com/chart/domestic/item/000810/minute?startDateTime=202609301525&endDateTime=202609301545"",""rawHash"":""0f82df4fd1ad35a8649746a8318889cb5ed6966187df06fa924e95f56eacf444"",""observedAt"":""2026-09-30T08:22:04Z"",""finalClose"":true,""rows"":1,""lastDate"":""2026-09-30""},{""code"":""005490"",""sourceUrl"":""https://api.stock.naver.com/chart/domestic/item/005490/minute?startDateTime=202609301525&endDateTime=202609301545"",""rawHash"":""e654ad42330e6dcc95118b005aff9b03e79614f52b05c48d56aaba684f3094d4"",""observedAt"":""2026-09-30T08:22:04Z"",""finalClose"":true,""rows"":1,""lastDate"":""2026-09-30""},{""code"":""010130"",""sourceUrl"":""https://api.stock.naver.com/chart/domestic/item/010130/minute?startDateTime=202609301525&endDateTime=202609301545"",""rawHash"":""8a66d5ff5eb6bdcdc61e2ae57be41a9fceb7c4ea9f4fa9cadebcb80a95214d89"",""observedAt"":""2026-09-30T08:22:04Z"",""finalClose"":true,""rows"":1,""lastDate"":""2026-09-30""},{""code"":""138040"",""sourceUrl"":""https://api.stock.naver.com/chart/domestic/item/138040/minute?startDateTime=202609301525&endDateTime=202609301545"",""rawHash"":""74913e22c2dbf6a21c77538fa8cc2418f490d19fd46305d355cb56ee632e45c3"",""observedAt"":""2026-09-30T08:22:04Z"",""finalClose"":true,""rows"":1,""lastDate"":""2026-09-30""},{""code"":""015760"",""sourceUrl"":""https://api.stock.naver.com/chart/domestic/item/015760/minute?startDateTime=202609301525&endDateTime=202609301545"",""rawHash"":""2669e05f678ffcc3f49a081222368052b1033333af4015ceecbe737c4392156b"",""observedAt"":""2026-09-30T08:22:04Z"",""finalClose"":true,""rows"":1,""lastDate"":""2026-09-30""},{""code"":""011200"",""sourceUrl"":""https://api.stock.naver.com/chart/domestic/item/011200/minute?startDateTime=202609301525&endDateTime=202609301545"",""rawHash"":""7a8d63c0900b5759008f7f0c600e54ea98aee31f4748d6695bc2d1a828b24048"",""observedAt"":""2026-09-30T08:22:04Z"",""finalClose"":true,""rows"":1,""lastDate"":""2026-09-30""},{""code"":""051910"",""sourceUrl"":""https://api.stock.naver.com/chart/domestic/item/051910/minute?startDateTime=202609301525&endDateTime=202609301545"",""rawHash"":""c38621384c4d49bfadf1e4a7d1c5a7b4c9ca6416afdc8c1decc19d98a9c42e32"",""observedAt"":""2026-09-30T08:22:04Z"",""finalClose"":true,""rows"":1,""lastDate"":""2026-09-30""},{""code"":""017670"",""sourceUrl"":""https://api.stock.naver.com/chart/domestic/item/017670/minute?startDateTime=202609301525&endDateTime=202609301545"",""rawHash"":""d35823e8f5a14bc705430c9ba2f8b126ada570d74ecfc83df9e0414b689de736"",""observedAt"":""2026-09-30T08:22:04Z"",""finalClose"":true,""rows"":1,""lastDate"":""2026-09-30""},{""code"":""033780"",""sourceUrl"":""https://api.stock.naver.com/chart/domestic/item/033780/minute?startDateTime=202609301525&endDateTime=202609301545"",""rawHash"":""88dc3516268b3cde762d33a1b451e231dbe036868b66b8315d57761f9035caa3"",""observedAt"":""2026-09-30T08:22:04Z"",""finalClose"":true,""rows"":1,""lastDate"":""2026-09-30""},{""code"":""196170"",""sourceUrl"":""https://api.stock.naver.com/chart/domestic/item/196170/minute?startDateTime=202609301525&endDateTime=202609301545"",""rawHash"":""0c0ce54f8e6931663593400efc6bdf814e69b0e33c33682335ea4075c913c83a"",""observedAt"":""2026-09-30T08:22:04Z"",""finalClose"":true,""rows"":1,""lastDate"":""2026-09-30""},{""code"":""018260"",""sourceUrl"":""https://api.stock.naver.com/chart/domestic/item/018260/minute?startDateTime=202609301525&endDateTime=202609301545"",""rawHash"":""d7a813a67708769e596e992b5545c4be112e054bebc69414cb13b1d150bcf153"",""observedAt"":""2026-09-30T08:22:04Z"",""finalClose"":true,""rows"":1,""lastDate"":""2026-09-30""},{""code"":""086280"",""sourceUrl"":""https://api.stock.naver.com/chart/domestic/item/086280/minute?startDateTime=202609301525&endDateTime=202609301545"",""rawHash"":""0b3ee15d8c73a00ff57dd293048fd8501f52acd54521981d43c98593fc60e87e"",""observedAt"":""2026-09-30T08:22:04Z"",""finalClose"":true,""rows"":1,""lastDate"":""2026-09-30""},{""code"":""000720"",""sourceUrl"":""https://api.stock.naver.com/chart/domestic/item/000720/minute?startDateTime=202609301525&endDateTime=202609301545"",""rawHash"":""6ff3fd80ac055bc2e143ea7fa1886e1baad8d866e8a1a3a95f7534e54a2000b0"",""observedAt"":""2026-09-30T08:22:04Z"",""finalClose"":true,""rows"":1,""lastDate"":""2026-09-30""},{""code"":""278470"",""sourceUrl"":""https://api.stock.naver.com/chart/domestic/item/278470/minute?startDateTime=202609301525&endDateTime=202609301545"",""rawHash"":""f35d299081f1eb5b583eec01c3d7bd22020d2b36926b90f9fb84fedca8b392b0"",""observedAt"":""2026-09-30T08:22:04Z"",""finalClose"":true,""rows"":1,""lastDate"":""2026-09-30""},{""code"":""030200"",""sourceUrl"":""https://api.stock.naver.com/chart/domestic/item/030200/minute?startDateTime=202609301525&endDateTime=202609301545"",""rawHash"":""78097f4c6fec0062cf9e65bf10dbc7f8edb8520198147bbb868fa3bdb0518577"",""observedAt"":""2026-09-30T08:22:04Z"",""finalClose"":true,""rows"":1,""lastDate"":""2026-09-30""},{""code"":""003490"",""sourceUrl"":""https://api.stock.naver.com/chart/domestic/item/003490/minute?startDateTime=202609301525&endDateTime=202609301545"",""rawHash"":""ed5d2ca2f14a5b49ee922437f55810435444724c7b53cfa780258d181226dd10"",""observedAt"":""2026-09-30T08:22:04Z"",""finalClose"":true,""rows"":1,""lastDate"":""2026-09-30""},{""code"":""047050"",""sourceUrl"":""https://api.stock.naver.com/chart/domestic/item/047050/minute?startDateTime=202609301525&endDateTime=202609301545"",""rawHash"":""762970b06e8ba88a7484f56f9958bea658cdd7116eb6c5e93b9b083abc7689ef"",""observedAt"":""2026-09-30T08:22:04Z"",""finalClose"":true,""rows"":1,""lastDate"":""2026-09-30""},{""code"":""003230"",""sourceUrl"":""https://api.stock.naver.com/chart/domestic/item/003230/minute?startDateTime=202609301525&endDateTime=202609301545"",""rawHash"":""749463dd16fe3d4c073b7f2064d26f6a8dadc50cc2da4c85874c506b3321952c"",""observedAt"":""2026-09-30T08:22:04Z"",""finalClose"":true,""rows"":1,""lastDate"":""2026-09-30""},{""code"":""259960"",""sourceUrl"":""https://api.stock.naver.com/chart/domestic/item/259960/minute?startDateTime=202609301525&endDateTime=202609301545"",""rawHash"":""261d9d02889f6936c8f552ce77e8bae505855ff1ebf0e773b6c588ea80798528"",""observedAt"":""2026-09-30T08:22:04Z"",""finalClose"":true,""rows"":1,""lastDate"":""2026-09-30""},{""code"":""021240"",""sourceUrl"":""https://api.stock.naver.com/chart/domestic/item/021240/minute?startDateTime=202609301525&endDateTime=202609301545"",""rawHash"":""646b8270e53d676b7a80a54e911699490eacb477c9c220fb1129fcbc2560d2d3"",""observedAt"":""2026-09-30T08:22:04Z"",""finalClose"":true,""rows"":1,""lastDate"":""2026-09-30""},{""code"":""352820"",""sourceUrl"":""https://api.stock.naver.com/chart/domestic/item/352820/minute?startDateTime=202609301525&endDateTime=202609301545"",""rawHash"":""0eb5c50a593ba209577586c14115a3bbd8feb54e4ad746d6b425ba5abe5f082b"",""observedAt"":""2026-09-30T08:22:04Z"",""finalClose"":true,""rows"":1,""lastDate"":""2026-09-30""},{""code"":""009830"",""sourceUrl"":""https://api.stock.naver.com/chart/domestic/item/009830/minute?startDateTime=202609301525&endDateTime=202609301545"",""rawHash"":""59a460075a76efa93973bda087581453ebdc72e009b5c1b4ffc4ad89b91753fc"",""observedAt"":""2026-09-30T08:22:04Z"",""finalClose"":true,""rows"":1,""lastDate"":""2026-09-30""},{""code"":""029780"",""sourceUrl"":""https://api.stock.naver.com/chart/domestic/item/029780/minute?startDateTime=202609301525&endDateTime=202609301545"",""rawHash"":""afb44b0ed3d28e13cc487cbb8e739ca21b16d2d0243fe3b0d5caa3e93d2f94f6"",""observedAt"":""2026-09-30T08:22:04Z"",""finalClose"":true,""rows"":1,""lastDate"":""2026-09-30""},{""code"":""028300"",""sourceUrl"":""https://api.stock.naver.com/chart/domestic/item/028300/minute?startDateTime=202609301525&endDateTime=202609301545"",""rawHash"":""ebbf83557e12b1cc19850640b761f1d1b9ac33efdc23a48eaed58df148f041fd"",""observedAt"":""2026-09-30T08:22:04Z"",""finalClose"":true,""rows"":1,""lastDate"":""2026-09-30""},{""code"":""034220"",""sourceUrl"":""https://api.stock.naver.com/chart/domestic/item/034220/minute?startDateTime=202609301525&endDateTime=202609301545"",""rawHash"":""6d590598bfed8c3b6bfb71648101ff3fd4e8e7230cb1fc2ca8b4cb9f1da386f8"",""observedAt"":""2026-09-30T08:22:04Z"",""finalClose"":true,""rows"":1,""lastDate"":""2026-09-30""},{""code"":""002380"",""sourceUrl"":""https://api.stock.naver.com/chart/domestic/item/002380/minute?startDateTime=202609301525&endDateTime=202609301545"",""rawHash"":""61070edbc54794d4e820c0647707aa399316eb21a6c5100d131a66b958afb9eb"",""observedAt"":""2026-09-30T08:22:04Z"",""finalClose"":true,""rows"":1,""lastDate"":""2026-09-30""},{""code"":""036460"",""sourceUrl"":""https://api.stock.naver.com/chart/domestic/item/036460/minute?startDateTime=202609301525&endDateTime=202609301545"",""rawHash"":""58378581009cca95c0f09fc12225f0838356b3b67004002177bc7c2743cff5fc"",""observedAt"":""2026-09-30T08:22:04Z"",""finalClose"":true,""rows"":1,""lastDate"":""2026-09-30""},{""code"":""004170"",""sourceUrl"":""https://api.stock.naver.com/chart/domestic/item/004170/minute?startDateTime=202609301525&endDateTime=202609301545"",""rawHash"":""c838bca64b11d7d90b3531571d0c81932815232c19de9c055e91f73e6686b1c8"",""observedAt"":""2026-09-30T08:22:04Z"",""finalClose"":true,""rows"":1,""lastDate"":""2026-09-30""},{""code"":""012750"",""sourceUrl"":""https://api.stock.naver.com/chart/domestic/item/012750/minute?startDateTime=202609301525&endDateTime=202609301545"",""rawHash"":""59385b9949b2ea19ddc911e180be073c09b526329a4ae1c5fa3fc4133c0c4f60"",""observedAt"":""2026-09-30T08:22:04Z"",""finalClose"":true,""rows"":1,""lastDate"":""2026-09-30""},{""code"":""111770"",""sourceUrl"":""https://api.stock.naver.com/chart/domestic/item/111770/minute?startDateTime=202609301525&endDateTime=202609301545"",""rawHash"":""d8e0a68771038df1a0d029692335392231208c28c61a57824be418e5429cb140"",""observedAt"":""2026-09-30T08:22:04Z"",""finalClose"":true,""rows"":1,""lastDate"":""2026-09-30""},{""code"":""035250"",""sourceUrl"":""https://api.stock.naver.com/chart/domestic/item/035250/minute?startDateTime=202609301525&endDateTime=202609301545"",""rawHash"":""7e46c0b1e724276d55f0221e1278bbe10a0e3853d26ad41c17bff062c5ca0bd4"",""observedAt"":""2026-09-30T08:22:04Z"",""finalClose"":true,""rows"":1,""lastDate"":""2026-09-30""},{""code"":""257720"",""sourceUrl"":""https://api.stock.naver.com/chart/domestic/item/257720/minute?startDateTime=202609301525&endDateTime=202609301545"",""rawHash"":""191279d043a4f807d72e2869a239a17f217b66e6dfa72ad76515731d549afbde"",""observedAt"":""2026-09-30T08:22:04Z"",""finalClose"":true,""rows"":1,""lastDate"":""2026-09-30""},{""code"":""226950"",""sourceUrl"":""https://api.stock.naver.com/chart/domestic/item/226950/minute?startDateTime=202609301525&endDateTime=202609301545"",""rawHash"":""078fd6e084439ac1034092eb47ef731799f61e3040736a069f3c4d3352040bc8"",""observedAt"":""2026-09-30T08:22:04Z"",""finalClose"":true,""rows"":1,""lastDate"":""2026-09-30""},{""code"":""010170"",""sourceUrl"":""https://api.stock.naver.com/chart/domestic/item/010170/minute?startDateTime=202609301525&endDateTime=202609301545"",""rawHash"":""ba671c0ae7671e1135c1945e010de9678e62470181de7d8830fbc58ba3c2a008"",""observedAt"":""2026-09-30T08:22:04Z"",""finalClose"":true,""rows"":1,""lastDate"":""2026-09-30""},{""code"":""214370"",""sourceUrl"":""https://api.stock.naver.com/chart/domestic/item/214370/minute?startDateTime=202609301525&endDateTime=202609301545"",""rawHash"":""3a8caa702ae2b0178067860e32c6b50707568b3f33dbc2cbe1fe6576e3f36ffe"",""observedAt"":""2026-09-30T08:22:04Z"",""finalClose"":true,""rows"":1,""lastDate"":""2026-09-30""},{""code"":""030000"",""sourceUrl"":""https://api.stock.naver.com/chart/domestic/item/030000/minute?startDateTime=202609301525&endDateTime=202609301545"",""rawHash"":""d561edf8a1c58916027395fad3cb5ae15e4c21e651f96e0f1ef7633019721bd3"",""observedAt"":""2026-09-30T08:22:04Z"",""finalClose"":true,""rows"":1,""lastDate"":""2026-09-30""}]",[],"{""stocks"":52,""succeeded"":52,""failed"":0,""finalizedToday"":52,""crossChecked"":52,""requests"":104,""durationMs"":37245}"
