id,type,dateKST,at,supersedes,correctionReason,links,forecastId,modelVersion,kind,shadowOf,issuedAt,originDate,anchor,code,name,group,targetDate,horizon,evaluable,predicted,actual,priceError,ape,tolerancePct,priceHit,predictedReturn,actualReturn,predictedDirection,actualDirection,directionCorrect,lower,upper,covered,bandWidthPct,intervalScore,intervalScoreRel,probabilities,brier,class,classLabel,closeCall,actualEvidence,revisions,scoredAt,policyVersion
score-6d8fab1288c0174b,score,2026-10-01,2026-10-01T09:53:49Z,,,"{""forecastId"":""2026-09-23-rolling20-c2697de31ff6788c"",""inputSnapshotSHA256"":""0d432d2ff749f8ac7aafc1ec59cb34ef8b1ec97e7ac58cd388fd1b139768a258"",""collectionRecordId"":""collection-ce784343746dd63e""}",2026-09-23-rolling20-c2697de31ff6788c,atlas-rolling20-A,reference,,2026-09-28T07:59:39.699Z,2026-09-23,286500,005930,삼성전자,semi,2026-10-01,4,true,"{""p05"":null,""p10"":262216.135939743,""p25"":null,""p50"":287332.9873135815,""p75"":null,""p90"":315485.919515327,""p95"":null}",276000,11332.987313581514,4.106154823761418,3,false,0.0029074600823089103,-0.03664921465968585,up,down,false,262216.135939743,315485.919515327,true,18.59329269653892,53269.783575584006,0.1859329269653892,"{""up"":0.5109,""flat"":0.0123,""down"":0.4768}",0.5349083400000001,4,방향·크기 모두 틀림,,"{""sourceUrl"":""https://api.stock.naver.com/chart/domestic/item/005930/minute?startDateTime=202610011525&endDateTime=202610011545"",""rawHash"":""4600c49cfb401649d5168d029ef4975003c13a5e6fb6ce8279469c21def2764b"",""observedAt"":""2026-10-01T09:53:49Z"",""finalClose"":true}",1,2026-10-01T09:53:49Z,v1
score-fdd0012187ef6fbf,score,2026-10-01,2026-10-01T09:53:49Z,,,"{""forecastId"":""2026-09-23-rolling20-c2697de31ff6788c"",""inputSnapshotSHA256"":""0d432d2ff749f8ac7aafc1ec59cb34ef8b1ec97e7ac58cd388fd1b139768a258"",""collectionRecordId"":""collection-ce784343746dd63e""}",2026-09-23-rolling20-c2697de31ff6788c,atlas-rolling20-A,reference,,2026-09-28T07:59:39.699Z,2026-09-23,1501000,009150,삼성전기,semi,2026-10-01,4,true,"{""p05"":null,""p10"":1413208.266106133,""p25"":null,""p50"":1526406.9831211541,""p75"":null,""p90"":1666455.395617362,""p95"":null}",1561000,-34593.01687884587,2.216080517542977,3,true,0.016926704277917537,0.03997335109926725,up,up,true,1413208.266106133,1666455.395617362,true,16.871894038056563,253247.129511229,0.16871894038056562,"{""up"":0.60765,""flat"":0.01245,""down"":0.3799}",0.298417535,1,방향·크기 모두 맞음,,"{""sourceUrl"":""https://api.stock.naver.com/chart/domestic/item/009150/minute?startDateTime=202610011525&endDateTime=202610011545"",""rawHash"":""563bbb7050d1aef780d6e72e3382f0b448235fe79e1c196f7bc6cb7f8a52c3a5"",""observedAt"":""2026-10-01T09:53:49Z"",""finalClose"":true}",1,2026-10-01T09:53:49Z,v1
score-686ed054a1f28643,score,2026-10-01,2026-10-01T09:53:49Z,,,"{""forecastId"":""2026-09-23-rolling20-c2697de31ff6788c"",""inputSnapshotSHA256"":""0d432d2ff749f8ac7aafc1ec59cb34ef8b1ec97e7ac58cd388fd1b139768a258"",""collectionRecordId"":""collection-ce784343746dd63e""}",2026-09-23-rolling20-c2697de31ff6788c,atlas-rolling20-A,reference,,2026-09-28T07:59:39.699Z,2026-09-23,352000,373220,LG에너지솔루션,chem,2026-10-01,4,true,"{""p05"":null,""p10"":325969.33958600945,""p25"":null,""p50"":351198.32030129054,""p75"":null,""p90"":380774.09235232574,""p95"":null}",360500,-9301.679698709457,2.5802162825823736,3,true,-0.002277499144060946,0.024147727272727293,down,up,false,325969.33958600945,380774.09235232574,true,15.569532035885311,54804.75276631629,0.1556953203588531,"{""up"":0.4766,""flat"":0.01415,""down"":0.50925}",0.533483345,3,크기 허용·방향 틀림,,"{""sourceUrl"":""https://api.stock.naver.com/chart/domestic/item/373220/minute?startDateTime=202610011525&endDateTime=202610011545"",""rawHash"":""4e6575db4f549cd0d47d287252bf0395e9e2e825c72708a82507f0f0153aa458"",""observedAt"":""2026-10-01T09:53:49Z"",""finalClose"":true}",1,2026-10-01T09:53:49Z,v1
score-65c8129976869b74,score,2026-10-01,2026-10-01T09:53:49Z,,,"{""forecastId"":""2026-09-23-rolling20-c2697de31ff6788c"",""inputSnapshotSHA256"":""0d432d2ff749f8ac7aafc1ec59cb34ef8b1ec97e7ac58cd388fd1b139768a258"",""collectionRecordId"":""collection-ce784343746dd63e""}",2026-09-23-rolling20-c2697de31ff6788c,atlas-rolling20-A,reference,,2026-09-28T07:59:39.699Z,2026-09-23,357000,005380,현대차,auto,2026-10-01,4,true,"{""p05"":null,""p10"":335901.432964848,""p25"":null,""p50"":355825.8023172658,""p75"":null,""p90"":380333.6028427521,""p95"":null}",349000,6825.802317265829,1.9558172828841918,3,true,-0.0032890691393113736,-0.022408963585434205,down,down,true,335901.432964848,380333.6028427521,true,12.445985960197232,44432.16987790412,0.12445985960197233,"{""up"":0.46205,""flat"":0.0172,""down"":0.52075}",0.44346660499999996,1,방향·크기 모두 맞음,,"{""sourceUrl"":""https://api.stock.naver.com/chart/domestic/item/005380/minute?startDateTime=202610011525&endDateTime=202610011545"",""rawHash"":""a9cf973c81a40793de15adad6e9f7057430d98bf08b1f3007faedb721295f2f7"",""observedAt"":""2026-10-01T09:53:49Z"",""finalClose"":true}",1,2026-10-01T09:53:49Z,v1
score-ad03bf4c960bd329,score,2026-10-01,2026-10-01T09:53:49Z,,,"{""forecastId"":""2026-09-23-rolling20-c2697de31ff6788c"",""inputSnapshotSHA256"":""0d432d2ff749f8ac7aafc1ec59cb34ef8b1ec97e7ac58cd388fd1b139768a258"",""collectionRecordId"":""collection-ce784343746dd63e""}",2026-09-23-rolling20-c2697de31ff6788c,atlas-rolling20-A,reference,,2026-09-28T07:59:39.699Z,2026-09-23,1373000,207940,삼성바이오로직스,bio,2026-10-01,4,true,"{""p05"":null,""p10"":1306885.3060622748,""p25"":null,""p50"":1372808.0670297127,""p75"":null,""p90"":1445788.608773217,""p95"":null}",1429000,-56191.93297028728,3.93225563123074,3,false,-0.00013979094704097417,0.04078659868900214,down,up,false,1306885.3060622748,1445788.608773217,true,10.116773686157481,138903.30271094223,0.10116773686157482,"{""up"":0.48585,""flat"":0.0227,""down"":0.49145}",0.506388615,4,방향·크기 모두 틀림,,"{""sourceUrl"":""https://api.stock.naver.com/chart/domestic/item/207940/minute?startDateTime=202610011525&endDateTime=202610011545"",""rawHash"":""931295cd43d119c486e5f3fccb35b4d06b978a6787fbc1b0298f1de26530f73c"",""observedAt"":""2026-10-01T09:53:49Z"",""finalClose"":true}",1,2026-10-01T09:53:49Z,v1
score-b35732a2adfc053b,score,2026-10-01,2026-10-01T09:53:49Z,,,"{""forecastId"":""2026-09-23-rolling20-c2697de31ff6788c"",""inputSnapshotSHA256"":""0d432d2ff749f8ac7aafc1ec59cb34ef8b1ec97e7ac58cd388fd1b139768a258"",""collectionRecordId"":""collection-ce784343746dd63e""}",2026-09-23-rolling20-c2697de31ff6788c,atlas-rolling20-A,reference,,2026-09-28T07:59:39.699Z,2026-09-23,174100,105560,KB금융,fin,2026-10-01,4,true,"{""p05"":null,""p10"":167009.44144563118,""p25"":null,""p50"":175319.18502536483,""p75"":null,""p90"":183699.97923151817,""p95"":null}",166000,9319.18502536483,5.613966882749898,3,false,0.007002785901004227,-0.0465249856404365,up,down,false,167009.44144563118,183699.97923151817,false,9.586753466908092,26784.95224219878,0.15384808869729338,"{""up"":0.5672,""flat"":0.02445,""down"":0.40835}",0.672363365,4,방향·크기 모두 틀림,,"{""sourceUrl"":""https://api.stock.naver.com/chart/domestic/item/105560/minute?startDateTime=202610011525&endDateTime=202610011545"",""rawHash"":""acfa6d5c1b829b90b4d858a14aada51d93447fc8d6d151aa989c29651788b3dd"",""observedAt"":""2026-10-01T09:53:49Z"",""finalClose"":true}",1,2026-10-01T09:53:49Z,v1
score-5687d1164244d1b0,score,2026-10-01,2026-10-01T09:53:49Z,,,"{""forecastId"":""2026-09-23-rolling20-c2697de31ff6788c"",""inputSnapshotSHA256"":""0d432d2ff749f8ac7aafc1ec59cb34ef8b1ec97e7ac58cd388fd1b139768a258"",""collectionRecordId"":""collection-ce784343746dd63e""}",2026-09-23-rolling20-c2697de31ff6788c,atlas-rolling20-A,reference,,2026-09-28T07:59:39.699Z,2026-09-23,368500,028260,삼성물산,util,2026-10-01,4,true,"{""p05"":null,""p10"":345418.1647224662,""p25"":null,""p50"":367688.2032681684,""p75"":null,""p90"":392963.5331932383,""p95"":null}",347000,20688.203268168378,5.962018232901549,3,false,-0.002202976205784579,-0.05834464043419263,down,down,true,345418.1647224662,392963.5331932383,true,12.90240664064372,47545.36847077211,0.1290240664064372,"{""up"":0.47295,""flat"":0.01665,""down"":0.5104}",0.46366708500000003,2,방향 맞고 크기 틀림,,"{""sourceUrl"":""https://api.stock.naver.com/chart/domestic/item/028260/minute?startDateTime=202610011525&endDateTime=202610011545"",""rawHash"":""7a42591b91379c3387307ac80e4606356d098684c6ac1e4cb74bc9e41389e71d"",""observedAt"":""2026-10-01T09:53:49Z"",""finalClose"":true}",1,2026-10-01T09:53:49Z,v1
score-e7dc551b12bf824e,score,2026-10-01,2026-10-01T09:53:49Z,,,"{""forecastId"":""2026-09-23-rolling20-c2697de31ff6788c"",""inputSnapshotSHA256"":""0d432d2ff749f8ac7aafc1ec59cb34ef8b1ec97e7ac58cd388fd1b139768a258"",""collectionRecordId"":""collection-ce784343746dd63e""}",2026-09-23-rolling20-c2697de31ff6788c,atlas-rolling20-A,reference,,2026-09-28T07:59:39.699Z,2026-09-23,295000,032830,삼성생명보험,fin,2026-10-01,4,true,"{""p05"":null,""p10"":278054.64772581257,""p25"":null,""p50"":295503.77918919653,""p75"":null,""p90"":317090.19768343226,""p95"":null}",284000,11503.779189196532,4.050626475069201,3,false,0.0017077260650730786,-0.037288135593220306,up,down,false,278054.64772581257,317090.19768343226,true,13.232389816142268,39035.54995761969,0.13232389816142268,"{""up"":0.5055,""flat"":0.0186,""down"":0.4759}",0.5305570199999999,4,방향·크기 모두 틀림,,"{""sourceUrl"":""https://api.stock.naver.com/chart/domestic/item/032830/minute?startDateTime=202610011525&endDateTime=202610011545"",""rawHash"":""2e6170c9bf4ec3f47cb3e8c0baed253f644c15f6365d9a65b09989e467ae689c"",""observedAt"":""2026-10-01T09:53:49Z"",""finalClose"":true}",1,2026-10-01T09:53:49Z,v1
score-405c3a245b454f73,score,2026-10-01,2026-10-01T09:53:49Z,,,"{""forecastId"":""2026-09-23-rolling20-c2697de31ff6788c"",""inputSnapshotSHA256"":""0d432d2ff749f8ac7aafc1ec59cb34ef8b1ec97e7ac58cd388fd1b139768a258"",""collectionRecordId"":""collection-ce784343746dd63e""}",2026-09-23-rolling20-c2697de31ff6788c,atlas-rolling20-A,reference,,2026-09-28T07:59:39.699Z,2026-09-23,1031000,012450,한화에어로스페이스,heavy,2026-10-01,4,true,"{""p05"":null,""p10"":934676.6831926401,""p25"":null,""p50"":1029238.7069015703,""p75"":null,""p90"":1140680.8786960633,""p95"":null}",1034000,-4761.293098429684,0.4604732203510332,3,true,-0.0017083347220462342,0.0029097963142579175,down,up,false,934676.6831926401,1140680.8786960633,true,19.981008293251527,206004.19550342322,0.19981008293251526,"{""up"":0.4862,""flat"":0.01,""down"":0.5038}",0.5179048800000001,3,크기 허용·방향 틀림,,"{""sourceUrl"":""https://api.stock.naver.com/chart/domestic/item/012450/minute?startDateTime=202610011525&endDateTime=202610011545"",""rawHash"":""65ac6f6798407fcbed9c344e7dbea39640578fd5ff50fa6d6689ccda64d815f5"",""observedAt"":""2026-10-01T09:53:49Z"",""finalClose"":true}",1,2026-10-01T09:53:49Z,v1
score-775317b60f21b6ef,score,2026-10-01,2026-10-01T09:53:49Z,,,"{""forecastId"":""2026-09-23-rolling20-c2697de31ff6788c"",""inputSnapshotSHA256"":""0d432d2ff749f8ac7aafc1ec59cb34ef8b1ec97e7ac58cd388fd1b139768a258"",""collectionRecordId"":""collection-ce784343746dd63e""}",2026-09-23-rolling20-c2697de31ff6788c,atlas-rolling20-A,reference,,2026-09-28T07:59:39.699Z,2026-09-23,82700,034020,두산에너빌리티,heavy,2026-10-01,4,true,"{""p05"":null,""p10"":74796.93107036767,""p25"":null,""p50"":82602.52005792766,""p75"":null,""p90"":91472.54992318261,""p95"":null}",82100,502.52005792765704,0.6120828963796067,3,true,-0.0011787175583112264,-0.00725513905683195,down,down,true,74796.93107036767,91472.54992318261,true,20.16398893931673,16675.618852814936,0.2016398893931673,"{""up"":0.4873,""flat"":0.01195,""down"":0.50075}",0.486854655,1,방향·크기 모두 맞음,,"{""sourceUrl"":""https://api.stock.naver.com/chart/domestic/item/034020/minute?startDateTime=202610011525&endDateTime=202610011545"",""rawHash"":""20dd1ee3af24df280a49f247326456a66d265b827dbdf6f2bee6b64c82025829"",""observedAt"":""2026-10-01T09:53:49Z"",""finalClose"":true}",1,2026-10-01T09:53:49Z,v1
score-6fb10b62935f0a25,score,2026-10-01,2026-10-01T09:53:49Z,,,"{""forecastId"":""2026-09-23-rolling20-c2697de31ff6788c"",""inputSnapshotSHA256"":""0d432d2ff749f8ac7aafc1ec59cb34ef8b1ec97e7ac58cd388fd1b139768a258"",""collectionRecordId"":""collection-ce784343746dd63e""}",2026-09-23-rolling20-c2697de31ff6788c,atlas-rolling20-A,reference,,2026-09-28T07:59:39.699Z,2026-09-23,444000,329180,HD현대중공업,heavy,2026-10-01,4,true,"{""p05"":null,""p10"":416683.67976326175,""p25"":null,""p50"":453877.4369963803,""p75"":null,""p90"":495880.67173811037,""p95"":null}",431500,22377.436996380275,5.185964541455452,3,false,0.022246479721577117,-0.028153153153153143,up,down,false,416683.67976326175,495880.67173811037,true,17.837160354695634,79196.99197484861,0.17837160354695633,"{""up"":0.6249,""flat"":0.01145,""down"":0.36365}",0.795572435,4,방향·크기 모두 틀림,,"{""sourceUrl"":""https://api.stock.naver.com/chart/domestic/item/329180/minute?startDateTime=202610011525&endDateTime=202610011545"",""rawHash"":""d40cb47d7225b0b3b33da756ae13402ed40d54b333fe656f8ae5c19177177d01"",""observedAt"":""2026-10-01T09:53:49Z"",""finalClose"":true}",1,2026-10-01T09:53:49Z,v1
score-f3a149881dc7832b,score,2026-10-01,2026-10-01T09:53:49Z,,,"{""forecastId"":""2026-09-23-rolling20-c2697de31ff6788c"",""inputSnapshotSHA256"":""0d432d2ff749f8ac7aafc1ec59cb34ef8b1ec97e7ac58cd388fd1b139768a258"",""collectionRecordId"":""collection-ce784343746dd63e""}",2026-09-23-rolling20-c2697de31ff6788c,atlas-rolling20-A,reference,,2026-09-28T07:59:39.699Z,2026-09-23,607000,034730,SK,util,2026-10-01,4,true,"{""p05"":null,""p10"":551533.5542256283,""p25"":null,""p50"":605613.5213811386,""p75"":null,""p90"":667811.6191319217,""p95"":null}",587000,18613.52138113859,3.170957645849845,3,false,-0.0022841492897222038,-0.0329489291598023,down,down,true,551533.5542256283,667811.6191319217,true,19.15618861718178,116278.06490629341,0.1915618861718178,"{""up"":0.4814,""flat"":0.0112,""down"":0.5074}",0.47452616000000003,2,방향 맞고 크기 틀림,,"{""sourceUrl"":""https://api.stock.naver.com/chart/domestic/item/034730/minute?startDateTime=202610011525&endDateTime=202610011545"",""rawHash"":""959fa2529e18a2c5aff7c375cc0a95f509d971c539d7fd70913d7c55f65a46bf"",""observedAt"":""2026-10-01T09:53:49Z"",""finalClose"":true}",1,2026-10-01T09:53:49Z,v1
score-f7e6348eea674b66,score,2026-10-01,2026-10-01T09:53:49Z,,,"{""forecastId"":""2026-09-23-rolling20-c2697de31ff6788c"",""inputSnapshotSHA256"":""0d432d2ff749f8ac7aafc1ec59cb34ef8b1ec97e7ac58cd388fd1b139768a258"",""collectionRecordId"":""collection-ce784343746dd63e""}",2026-09-23-rolling20-c2697de31ff6788c,atlas-rolling20-A,reference,,2026-09-28T07:59:39.699Z,2026-09-23,369000,012330,현대모비스,auto,2026-10-01,4,true,"{""p05"":null,""p10"":345420.00903942116,""p25"":null,""p50"":367680.13695125584,""p75"":null,""p90"":395999.27492273203,""p95"":null}",382000,-14319.863048744155,3.748655248362344,3,false,-0.0035768646307429153,0.035230352303523116,down,up,false,345420.00903942116,395999.27492273203,true,13.707118125558502,50579.26588331087,0.137071181255585,"{""up"":0.4591,""flat"":0.01725,""down"":0.52365}",0.5670796949999999,4,방향·크기 모두 틀림,,"{""sourceUrl"":""https://api.stock.naver.com/chart/domestic/item/012330/minute?startDateTime=202610011525&endDateTime=202610011545"",""rawHash"":""d30f7871cdfc32d3e6c547553b4b19854d647d8bbb96f35beb55d8c77c02550a"",""observedAt"":""2026-10-01T09:53:49Z"",""finalClose"":true}",1,2026-10-01T09:53:49Z,v1
score-35ee983160bf9991,score,2026-10-01,2026-10-01T09:53:49Z,,,"{""forecastId"":""2026-09-23-rolling20-c2697de31ff6788c"",""inputSnapshotSHA256"":""0d432d2ff749f8ac7aafc1ec59cb34ef8b1ec97e7ac58cd388fd1b139768a258"",""collectionRecordId"":""collection-ce784343746dd63e""}",2026-09-23-rolling20-c2697de31ff6788c,atlas-rolling20-A,reference,,2026-09-28T07:59:39.699Z,2026-09-23,210500,066570,LG전자,semi,2026-10-01,4,true,"{""p05"":null,""p10"":194981.00035381873,""p25"":null,""p50"":209849.87049151867,""p75"":null,""p90"":227309.5566700626,""p95"":null}",211500,-1650.1295084813319,0.780203077296138,3,true,-0.0030885012279397994,0.004750593824228044,down,up,false,194981.00035381873,227309.5566700626,true,15.357983998215612,32328.556316243863,0.15357983998215613,"{""up"":0.4669,""flat"":0.01635,""down"":0.51675}",0.5514934950000001,3,크기 허용·방향 틀림,,"{""sourceUrl"":""https://api.stock.naver.com/chart/domestic/item/066570/minute?startDateTime=202610011525&endDateTime=202610011545"",""rawHash"":""6878b35d6109633a2a6eb48221d9285875301d52f74b7c587fe75247d9d44d4f"",""observedAt"":""2026-10-01T09:53:49Z"",""finalClose"":true}",1,2026-10-01T09:53:49Z,v1
score-ed6fa8d50da11b79,score,2026-10-01,2026-10-01T09:53:49Z,,,"{""forecastId"":""2026-09-23-rolling20-c2697de31ff6788c"",""inputSnapshotSHA256"":""0d432d2ff749f8ac7aafc1ec59cb34ef8b1ec97e7ac58cd388fd1b139768a258"",""collectionRecordId"":""collection-ce784343746dd63e""}",2026-09-23-rolling20-c2697de31ff6788c,atlas-rolling20-A,reference,,2026-09-28T07:59:39.699Z,2026-09-23,196000,035420,NAVER,net,2026-10-01,4,true,"{""p05"":null,""p10"":184675.51369341818,""p25"":null,""p50"":195441.63498953189,""p75"":null,""p90"":208304.66642399036,""p95"":null}",191200,4241.634989531885,2.2184283418053794,3,true,-0.002848801073816909,-0.024489795918367308,down,down,true,184675.51369341818,208304.66642399036,true,12.055690168659277,23629.152730572183,0.12055690168659278,"{""up"":0.4647,""flat"":0.01845,""down"":0.51685}",0.449720415,1,방향·크기 모두 맞음,,"{""sourceUrl"":""https://api.stock.naver.com/chart/domestic/item/035420/minute?startDateTime=202610011525&endDateTime=202610011545"",""rawHash"":""196fe71b43ddb9d90c81f95a8fbb791b7d06fcba5227f3cfea8fde0da74cb178"",""observedAt"":""2026-10-01T09:53:49Z"",""finalClose"":true}",1,2026-10-01T09:53:49Z,v1
score-0f9474dfdd59b2c6,score,2026-10-01,2026-10-01T09:53:49Z,,,"{""forecastId"":""2026-09-23-rolling20-c2697de31ff6788c"",""inputSnapshotSHA256"":""0d432d2ff749f8ac7aafc1ec59cb34ef8b1ec97e7ac58cd388fd1b139768a258"",""collectionRecordId"":""collection-ce784343746dd63e""}",2026-09-23-rolling20-c2697de31ff6788c,atlas-rolling20-A,reference,,2026-09-28T07:59:39.699Z,2026-09-23,207000,010120,LS ELECTRIC,heavy,2026-10-01,4,true,"{""p05"":null,""p10"":187274.97307861163,""p25"":null,""p50"":205963.0663338198,""p75"":null,""p90"":229936.85515820427,""p95"":null}",206000,-36.93366618020809,0.01792896416514956,3,true,-0.005009341382513077,-0.004830917874396157,down,down,true,187274.97307861163,229936.85515820427,true,20.60960486936843,42661.882079592644,0.20609604869368428,"{""up"":0.46765,""flat"":0.011,""down"":0.52135}",0.4479233450000001,1,방향·크기 모두 맞음,,"{""sourceUrl"":""https://api.stock.naver.com/chart/domestic/item/010120/minute?startDateTime=202610011525&endDateTime=202610011545"",""rawHash"":""a63320df81c3d7dd106b13b173e0d7e5fbfa286b4bdc929771ca0381d0300c48"",""observedAt"":""2026-10-01T09:53:49Z"",""finalClose"":true}",1,2026-10-01T09:53:49Z,v1
score-eb5f97fc40f96ed2,score,2026-10-01,2026-10-01T09:53:49Z,,,"{""forecastId"":""2026-09-23-rolling20-c2697de31ff6788c"",""inputSnapshotSHA256"":""0d432d2ff749f8ac7aafc1ec59cb34ef8b1ec97e7ac58cd388fd1b139768a258"",""collectionRecordId"":""collection-ce784343746dd63e""}",2026-09-23-rolling20-c2697de31ff6788c,atlas-rolling20-A,reference,,2026-09-28T07:59:39.699Z,2026-09-23,648000,000810,삼성화재,fin,2026-10-01,4,true,"{""p05"":null,""p10"":610391.091328473,""p25"":null,""p50"":645318.0271188281,""p75"":null,""p90"":688626.1603366603,""p95"":null}",626000,19318.027118828148,3.0859468240939534,3,false,-0.0041388470388454834,-0.03395061728395066,down,down,true,610391.091328473,688626.1603366603,true,12.073313118547437,78235.06900818739,0.12073313118547437,"{""up"":0.4523,""flat"":0.0186,""down"":0.5291}",0.42666806,2,방향 맞고 크기 틀림,,"{""sourceUrl"":""https://api.stock.naver.com/chart/domestic/item/000810/minute?startDateTime=202610011525&endDateTime=202610011545"",""rawHash"":""f483df0029a297f337aab8d6f380c4da522f0fa51afe573bf15afe65ef002c21"",""observedAt"":""2026-10-01T09:53:49Z"",""finalClose"":true}",1,2026-10-01T09:53:49Z,v1
score-e6e0d03e3451d1a7,score,2026-10-01,2026-10-01T09:53:49Z,,,"{""forecastId"":""2026-09-23-rolling20-c2697de31ff6788c"",""inputSnapshotSHA256"":""0d432d2ff749f8ac7aafc1ec59cb34ef8b1ec97e7ac58cd388fd1b139768a258"",""collectionRecordId"":""collection-ce784343746dd63e""}",2026-09-23-rolling20-c2697de31ff6788c,atlas-rolling20-A,reference,,2026-09-28T07:59:39.699Z,2026-09-23,311500,005490,POSCO홀딩스,chem,2026-10-01,4,true,"{""p05"":null,""p10"":293560.35281998,""p25"":null,""p50"":310957.26942264725,""p75"":null,""p90"":331441.9632178836,""p95"":null}",306500,4457.269422647252,1.454247772478712,3,true,-0.0017423132499285732,-0.0160513643659711,down,down,true,293560.35281998,331441.9632178836,true,12.161030625330207,37881.6103979036,0.12161030625330208,"{""up"":0.4729,""flat"":0.02,""down"":0.5071}",0.46698481999999997,1,방향·크기 모두 맞음,,"{""sourceUrl"":""https://api.stock.naver.com/chart/domestic/item/005490/minute?startDateTime=202610011525&endDateTime=202610011545"",""rawHash"":""e358c62773fbcde8152d2302f1aa86f7e6d78c350e99378b4c57ec1acdee3093"",""observedAt"":""2026-10-01T09:53:49Z"",""finalClose"":true}",1,2026-10-01T09:53:49Z,v1
score-a5414e25735364a7,score,2026-10-01,2026-10-01T09:53:49Z,,,"{""forecastId"":""2026-09-23-rolling20-c2697de31ff6788c"",""inputSnapshotSHA256"":""0d432d2ff749f8ac7aafc1ec59cb34ef8b1ec97e7ac58cd388fd1b139768a258"",""collectionRecordId"":""collection-ce784343746dd63e""}",2026-09-23-rolling20-c2697de31ff6788c,atlas-rolling20-A,reference,,2026-09-28T07:59:39.699Z,2026-09-23,1116000,010130,고려아연,chem,2026-10-01,4,true,"{""p05"":null,""p10"":1018756.4702463504,""p25"":null,""p50"":1108538.5744355242,""p75"":null,""p90"":1231010.805438757,""p95"":null}",1069000,39538.57443552418,3.6986505552408024,3,false,-0.006685865201143226,-0.04211469534050183,down,down,true,1018756.4702463504,1231010.805438757,true,19.01920566240202,212254.33519240655,0.1901920566240202,"{""up"":0.4548,""flat"":0.0123,""down"":0.5329}",0.42517673999999994,2,방향 맞고 크기 틀림,,"{""sourceUrl"":""https://api.stock.naver.com/chart/domestic/item/010130/minute?startDateTime=202610011525&endDateTime=202610011545"",""rawHash"":""9468de85c1a5f13e3f6dd698462249207e84f3e0e1edc60dd1afe77c926b4a07"",""observedAt"":""2026-10-01T09:53:49Z"",""finalClose"":true}",1,2026-10-01T09:53:49Z,v1
score-7da37061812f70f0,score,2026-10-01,2026-10-01T09:53:49Z,,,"{""forecastId"":""2026-09-23-rolling20-c2697de31ff6788c"",""inputSnapshotSHA256"":""0d432d2ff749f8ac7aafc1ec59cb34ef8b1ec97e7ac58cd388fd1b139768a258"",""collectionRecordId"":""collection-ce784343746dd63e""}",2026-09-23-rolling20-c2697de31ff6788c,atlas-rolling20-A,reference,,2026-09-28T07:59:39.699Z,2026-09-23,125500,138040,메리츠금융지주,fin,2026-10-01,4,true,"{""p05"":null,""p10"":119731.95983645387,""p25"":null,""p50"":125475.85694391822,""p75"":null,""p90"":132189.7975936559,""p95"":null}",127200,-1724.1430560817826,1.355458377422785,3,true,-0.00019237494885882,0.013545816733067761,down,up,false,119731.95983645387,132189.7975936559,true,9.926563949961785,12457.83775720204,0.09926563949961785,"{""up"":0.48705,""flat"":0.02175,""down"":0.4912}",0.5048682050000001,3,크기 허용·방향 틀림,,"{""sourceUrl"":""https://api.stock.naver.com/chart/domestic/item/138040/minute?startDateTime=202610011525&endDateTime=202610011545"",""rawHash"":""9767cebaf7445e7ab2026cdd5af5d11a5057baaa6d06059b2bde64d19b572627"",""observedAt"":""2026-10-01T09:53:49Z"",""finalClose"":true}",1,2026-10-01T09:53:49Z,v1
score-02caefb0cf582131,score,2026-10-01,2026-10-01T09:53:49Z,,,"{""forecastId"":""2026-09-23-rolling20-c2697de31ff6788c"",""inputSnapshotSHA256"":""0d432d2ff749f8ac7aafc1ec59cb34ef8b1ec97e7ac58cd388fd1b139768a258"",""collectionRecordId"":""collection-ce784343746dd63e""}",2026-09-23-rolling20-c2697de31ff6788c,atlas-rolling20-A,reference,,2026-09-28T07:59:39.699Z,2026-09-23,30450,015760,한국전력,util,2026-10-01,4,true,"{""p05"":null,""p10"":28656.843069654245,""p25"":null,""p50"":30435.337135775022,""p75"":null,""p90"":32289.912317601862,""p95"":null}",30150,285.33713577502203,0.946391826782826,3,true,-0.00048153905500747385,-0.009852216748768461,down,down,true,28656.843069654245,32289.912317601862,true,11.931261898021729,3633.0692479476165,0.11931261898021729,"{""up"":0.48635,""flat"":0.01835,""down"":0.4953}",0.4915951349999999,1,방향·크기 모두 맞음,,"{""sourceUrl"":""https://api.stock.naver.com/chart/domestic/item/015760/minute?startDateTime=202610011525&endDateTime=202610011545"",""rawHash"":""5638b3385830dd9827f153cbd1522aa97b7224337593595909b660e01e3854a8"",""observedAt"":""2026-10-01T09:53:49Z"",""finalClose"":true}",1,2026-10-01T09:53:49Z,v1
score-8038d779c7c1ec6f,score,2026-10-01,2026-10-01T09:53:49Z,,,"{""forecastId"":""2026-09-23-rolling20-c2697de31ff6788c"",""inputSnapshotSHA256"":""0d432d2ff749f8ac7aafc1ec59cb34ef8b1ec97e7ac58cd388fd1b139768a258"",""collectionRecordId"":""collection-ce784343746dd63e""}",2026-09-23-rolling20-c2697de31ff6788c,atlas-rolling20-A,reference,,2026-09-28T07:59:39.699Z,2026-09-23,20850,011200,HMM,auto,2026-10-01,4,true,"{""p05"":null,""p10"":19838.902197912364,""p25"":null,""p50"":20815.572069743153,""p75"":null,""p90"":21924.58393416034,""p95"":null}",21150,-334.4279302568466,1.5812195284011659,3,true,-0.0016512196765873233,0.014388489208633004,down,up,false,19838.902197912364,21924.58393416034,true,10.003269718215703,2085.681736247974,0.10003269718215703,"{""up"":0.4722,""flat"":0.0208,""down"":0.507}",0.53605448,3,크기 허용·방향 틀림,,"{""sourceUrl"":""https://api.stock.naver.com/chart/domestic/item/011200/minute?startDateTime=202610011525&endDateTime=202610011545"",""rawHash"":""25a33e9191f450cacb0064f05a8612d6224967d082dff83a2cdc463ff9f98fe8"",""observedAt"":""2026-10-01T09:53:49Z"",""finalClose"":true}",1,2026-10-01T09:53:49Z,v1
score-b9b00a1255c4fa67,score,2026-10-01,2026-10-01T09:53:49Z,,,"{""forecastId"":""2026-09-23-rolling20-c2697de31ff6788c"",""inputSnapshotSHA256"":""0d432d2ff749f8ac7aafc1ec59cb34ef8b1ec97e7ac58cd388fd1b139768a258"",""collectionRecordId"":""collection-ce784343746dd63e""}",2026-09-23-rolling20-c2697de31ff6788c,atlas-rolling20-A,reference,,2026-09-28T07:59:39.699Z,2026-09-23,253000,051910,LG화학,chem,2026-10-01,4,true,"{""p05"":null,""p10"":232354.35746886831,""p25"":null,""p50"":253075.79236237027,""p75"":null,""p90"":275846.0349749568,""p95"":null}",257000,-3924.2076376297337,1.5269290418792738,3,true,0.000299574554823101,0.015810276679841806,up,up,true,232354.35746886831,275846.0349749568,true,17.19038636604289,43491.67750608851,0.1719038636604289,"{""up"":0.49535,""flat"":0.01165,""down"":0.493}",0.497856345,1,방향·크기 모두 맞음,,"{""sourceUrl"":""https://api.stock.naver.com/chart/domestic/item/051910/minute?startDateTime=202610011525&endDateTime=202610011545"",""rawHash"":""6392b0e146b759a74ff8c8cc9b421b8cedc5c83272e22a4e79f4841e83ae2262"",""observedAt"":""2026-10-01T09:53:49Z"",""finalClose"":true}",1,2026-10-01T09:53:49Z,v1
score-b06aeb10f6d95151,score,2026-10-01,2026-10-01T09:53:49Z,,,"{""forecastId"":""2026-09-23-rolling20-c2697de31ff6788c"",""inputSnapshotSHA256"":""0d432d2ff749f8ac7aafc1ec59cb34ef8b1ec97e7ac58cd388fd1b139768a258"",""collectionRecordId"":""collection-ce784343746dd63e""}",2026-09-23-rolling20-c2697de31ff6788c,atlas-rolling20-A,reference,,2026-09-28T07:59:39.699Z,2026-09-23,87000,017670,SK텔레콤,net,2026-10-01,4,true,"{""p05"":null,""p10"":83518.92546504826,""p25"":null,""p50"":86877.48609229765,""p75"":null,""p90"":90727.79262975145,""p95"":null}",86300,577.4860922976513,0.6691611729984372,3,true,-0.0014082058356591487,-0.008045977011494232,down,down,true,83518.92546504826,90727.79262975145,true,8.286054212302515,7208.867164703188,0.08286054212302515,"{""up"":0.4645,""flat"":0.0301,""down"":0.5054}",0.46129542000000007,1,방향·크기 모두 맞음,,"{""sourceUrl"":""https://api.stock.naver.com/chart/domestic/item/017670/minute?startDateTime=202610011525&endDateTime=202610011545"",""rawHash"":""73798c3aa69eea0b004bbd778e3b5b6de9201c4f9a5445ed9e27c8d6641c37e6"",""observedAt"":""2026-10-01T09:53:49Z"",""finalClose"":true}",1,2026-10-01T09:53:49Z,v1
score-9a98c98e8d1fba6b,score,2026-10-01,2026-10-01T09:53:49Z,,,"{""forecastId"":""2026-09-23-rolling20-c2697de31ff6788c"",""inputSnapshotSHA256"":""0d432d2ff749f8ac7aafc1ec59cb34ef8b1ec97e7ac58cd388fd1b139768a258"",""collectionRecordId"":""collection-ce784343746dd63e""}",2026-09-23-rolling20-c2697de31ff6788c,atlas-rolling20-A,reference,,2026-09-28T07:59:39.699Z,2026-09-23,174500,033780,KT&G,cons,2026-10-01,4,true,"{""p05"":null,""p10"":168788.22356299873,""p25"":null,""p50"":174908.17068707623,""p75"":null,""p90"":181850.4239422391,""p95"":null}",174700,208.1706870762282,0.11915895081638707,3,true,0.0023390870319555113,0.0011461318051575464,up,up,true,168788.22356299873,181850.4239422391,true,7.48550164999449,13062.200379240385,0.0748550164999449,"{""up"":0.5207,""flat"":0.0287,""down"":0.4506}",0.4335925399999999,1,방향·크기 모두 맞음,,"{""sourceUrl"":""https://api.stock.naver.com/chart/domestic/item/033780/minute?startDateTime=202610011525&endDateTime=202610011545"",""rawHash"":""8358d192b9f9dd179c7b16f4e84aca4159a7ebadd287aafcbb55f701910edd38"",""observedAt"":""2026-10-01T09:53:49Z"",""finalClose"":true}",1,2026-10-01T09:53:49Z,v1
score-a0a272448e0f4cb8,score,2026-10-01,2026-10-01T09:53:49Z,,,"{""forecastId"":""2026-09-23-rolling20-c2697de31ff6788c"",""inputSnapshotSHA256"":""0d432d2ff749f8ac7aafc1ec59cb34ef8b1ec97e7ac58cd388fd1b139768a258"",""collectionRecordId"":""collection-ce784343746dd63e""}",2026-09-23-rolling20-c2697de31ff6788c,atlas-rolling20-A,reference,,2026-09-28T07:59:39.699Z,2026-09-23,251500,196170,알테오젠,bio,2026-10-01,4,true,"{""p05"":null,""p10"":237301.3542062515,""p25"":null,""p50"":255162.94354888945,""p75"":null,""p90"":275206.40791638027,""p95"":null}",265000,-9837.056451110548,3.7120967740039803,3,false,0.014564387868347684,0.05367793240556651,up,up,true,237301.3542062515,275206.40791638027,true,15.071591932456766,37905.05371012876,0.15071591932456765,"{""up"":0.5981,""flat"":0.0146,""down"":0.3873}",0.31173806000000004,2,방향 맞고 크기 틀림,,"{""sourceUrl"":""https://api.stock.naver.com/chart/domestic/item/196170/minute?startDateTime=202610011525&endDateTime=202610011545"",""rawHash"":""9797ee27c42c596d2b8c587486d4b1f7517165de874c02bde6aa9b09eeecac9a"",""observedAt"":""2026-10-01T09:53:49Z"",""finalClose"":true}",1,2026-10-01T09:53:49Z,v1
score-41eca2812d13ad5a,score,2026-10-01,2026-10-01T09:53:49Z,,,"{""forecastId"":""2026-09-23-rolling20-c2697de31ff6788c"",""inputSnapshotSHA256"":""0d432d2ff749f8ac7aafc1ec59cb34ef8b1ec97e7ac58cd388fd1b139768a258"",""collectionRecordId"":""collection-ce784343746dd63e""}",2026-09-23-rolling20-c2697de31ff6788c,atlas-rolling20-A,reference,,2026-09-28T07:59:39.699Z,2026-09-23,221000,018260,삼성에스디에스,semi,2026-10-01,4,true,"{""p05"":null,""p10"":206824.55098141113,""p25"":null,""p50"":220233.2199203524,""p75"":null,""p90"":235472.95221164226,""p95"":null}",223000,-2766.7800796476076,1.2407085558957882,3,true,-0.0034695931205773745,0.009049773755656076,down,up,false,206824.55098141113,235472.95221164226,true,12.963077479742594,28648.40123023113,0.12963077479742594,"{""up"":0.45975,""flat"":0.01755,""down"":0.5227}",0.5653933550000001,3,크기 허용·방향 틀림,,"{""sourceUrl"":""https://api.stock.naver.com/chart/domestic/item/018260/minute?startDateTime=202610011525&endDateTime=202610011545"",""rawHash"":""56a59fc006410c14fcba3ee90318bc15e8cfc269d3e1cfdcd82b858b33b444e0"",""observedAt"":""2026-10-01T09:53:49Z"",""finalClose"":true}",1,2026-10-01T09:53:49Z,v1
score-91d6ce89ee6ff5f8,score,2026-10-01,2026-10-01T09:53:49Z,,,"{""forecastId"":""2026-09-23-rolling20-c2697de31ff6788c"",""inputSnapshotSHA256"":""0d432d2ff749f8ac7aafc1ec59cb34ef8b1ec97e7ac58cd388fd1b139768a258"",""collectionRecordId"":""collection-ce784343746dd63e""}",2026-09-23-rolling20-c2697de31ff6788c,atlas-rolling20-A,reference,,2026-09-28T07:59:39.699Z,2026-09-23,198000,086280,현대글로비스,auto,2026-10-01,4,true,"{""p05"":null,""p10"":186016.83141605454,""p25"":null,""p50"":197391.6457431718,""p75"":null,""p90"":210918.64852762944,""p95"":null}",198400,-1008.3542568281991,0.5082430729980842,3,true,-0.0030724962466071037,0.002020202020202033,down,up,false,186016.83141605454,210918.64852762944,true,12.576675308876212,24901.8171115749,0.12576675308876212,"{""up"":0.46405,""flat"":0.0177,""down"":0.51825}",0.5561387549999999,3,크기 허용·방향 틀림,,"{""sourceUrl"":""https://api.stock.naver.com/chart/domestic/item/086280/minute?startDateTime=202610011525&endDateTime=202610011545"",""rawHash"":""7e021ee64c2d78697892d291ee3095c1eb6f8289d26efd1ee2075ba2e64a15ee"",""observedAt"":""2026-10-01T09:53:49Z"",""finalClose"":true}",1,2026-10-01T09:53:49Z,v1
score-7ab9c34544ffd794,score,2026-10-01,2026-10-01T09:53:49Z,,,"{""forecastId"":""2026-09-23-rolling20-c2697de31ff6788c"",""inputSnapshotSHA256"":""0d432d2ff749f8ac7aafc1ec59cb34ef8b1ec97e7ac58cd388fd1b139768a258"",""collectionRecordId"":""collection-ce784343746dd63e""}",2026-09-23-rolling20-c2697de31ff6788c,atlas-rolling20-A,reference,,2026-09-28T07:59:39.699Z,2026-09-23,122300,000720,현대건설,heavy,2026-10-01,4,true,"{""p05"":null,""p10"":110511.79416927735,""p25"":null,""p50"":121536.63069205623,""p75"":null,""p90"":136022.9534370056,""p95"":null}",117200,4336.630692056235,3.7001968362254565,3,false,-0.0062417768433667975,-0.04170073589533929,down,down,true,110511.79416927735,136022.9534370056,true,20.85949245112695,25511.15926772826,0.2085949245112695,"{""up"":0.461,""flat"":0.0105,""down"":0.5285}",0.43494350000000004,2,방향 맞고 크기 틀림,,"{""sourceUrl"":""https://api.stock.naver.com/chart/domestic/item/000720/minute?startDateTime=202610011525&endDateTime=202610011545"",""rawHash"":""6e8fb59ee494d85dc6ca7bcb80dd0b3075b3709739a171b46d0d27bb48979cc5"",""observedAt"":""2026-10-01T09:53:49Z"",""finalClose"":true}",1,2026-10-01T09:53:49Z,v1
score-ed89596c757792d6,score,2026-10-01,2026-10-01T09:53:49Z,,,"{""forecastId"":""2026-09-23-rolling20-c2697de31ff6788c"",""inputSnapshotSHA256"":""0d432d2ff749f8ac7aafc1ec59cb34ef8b1ec97e7ac58cd388fd1b139768a258"",""collectionRecordId"":""collection-ce784343746dd63e""}",2026-09-23-rolling20-c2697de31ff6788c,atlas-rolling20-A,reference,,2026-09-28T07:59:39.699Z,2026-09-23,369000,278470,에이피알,cons,2026-10-01,4,true,"{""p05"":null,""p10"":335496.021754196,""p25"":null,""p50"":368367.8062301648,""p75"":null,""p90"":406549.37369398674,""p95"":null}",366000,2367.8062301647733,0.6469415929411948,3,true,-0.001713262248875913,-0.008130081300813052,down,down,true,335496.021754196,406549.37369398674,true,19.25565093219262,71053.35193979077,0.1925565093219262,"{""up"":0.4862,""flat"":0.00955,""down"":0.50425}",0.48224970500000003,1,방향·크기 모두 맞음,,"{""sourceUrl"":""https://api.stock.naver.com/chart/domestic/item/278470/minute?startDateTime=202610011525&endDateTime=202610011545"",""rawHash"":""581e531c2237ba38c7f4a7cfc4aeadbd997bf7b3c1b6d6bc97c6cd5d7d424a2e"",""observedAt"":""2026-10-01T09:53:49Z"",""finalClose"":true}",1,2026-10-01T09:53:49Z,v1
score-ee3118c68c633886,score,2026-10-01,2026-10-01T09:53:49Z,,,"{""forecastId"":""2026-09-23-rolling20-c2697de31ff6788c"",""inputSnapshotSHA256"":""0d432d2ff749f8ac7aafc1ec59cb34ef8b1ec97e7ac58cd388fd1b139768a258"",""collectionRecordId"":""collection-ce784343746dd63e""}",2026-09-23-rolling20-c2697de31ff6788c,atlas-rolling20-A,reference,,2026-09-28T07:59:39.699Z,2026-09-23,52900,030200,KT,net,2026-10-01,4,true,"{""p05"":null,""p10"":51075.43809838545,""p25"":null,""p50"":52889.59387542544,""p75"":null,""p90"":54863.045338129734,""p95"":null}",51800,1089.5938754254385,2.103463079971889,3,true,-0.00019671312995395152,-0.020793950850661602,down,down,true,51075.43809838545,54863.045338129734,true,7.159938071350254,3787.607239744284,0.07159938071350254,"{""up"":0.4832,""flat"":0.02945,""down"":0.48735}",0.4971595650000001,1,방향·크기 모두 맞음,,"{""sourceUrl"":""https://api.stock.naver.com/chart/domestic/item/030200/minute?startDateTime=202610011525&endDateTime=202610011545"",""rawHash"":""80f6c35634a12743e11dfb2a6658ad3b03a1a42dc287c4f130f2fb55f82f38a6"",""observedAt"":""2026-10-01T09:53:49Z"",""finalClose"":true}",1,2026-10-01T09:53:49Z,v1
score-5824013f6926a67e,score,2026-10-01,2026-10-01T09:53:49Z,,,"{""forecastId"":""2026-09-23-rolling20-c2697de31ff6788c"",""inputSnapshotSHA256"":""0d432d2ff749f8ac7aafc1ec59cb34ef8b1ec97e7ac58cd388fd1b139768a258"",""collectionRecordId"":""collection-ce784343746dd63e""}",2026-09-23-rolling20-c2697de31ff6788c,atlas-rolling20-A,reference,,2026-09-28T07:59:39.699Z,2026-09-23,31500,003490,대한항공,auto,2026-10-01,4,true,"{""p05"":null,""p10"":29507.52281055719,""p25"":null,""p50"":31187.23335168737,""p75"":null,""p90"":33204.30839251147,""p95"":null}",31200,-12.766648312630423,0.04091874459176418,3,true,-0.009929099946432762,-0.00952380952380949,down,down,true,29507.52281055719,33204.30839251147,true,11.735827244299296,3696.7855819542783,0.11735827244299296,"{""up"":0.39965,""flat"":0.018,""down"":0.58235}",0.33447564499999993,1,방향·크기 모두 맞음,,"{""sourceUrl"":""https://api.stock.naver.com/chart/domestic/item/003490/minute?startDateTime=202610011525&endDateTime=202610011545"",""rawHash"":""e292de41a1cf8c5204a7c4a6183051218b67b77f0cc11786982488b77686518b"",""observedAt"":""2026-10-01T09:53:49Z"",""finalClose"":true}",1,2026-10-01T09:53:49Z,v1
score-baa250f89cb93ecb,score,2026-10-01,2026-10-01T09:53:49Z,,,"{""forecastId"":""2026-09-23-rolling20-c2697de31ff6788c"",""inputSnapshotSHA256"":""0d432d2ff749f8ac7aafc1ec59cb34ef8b1ec97e7ac58cd388fd1b139768a258"",""collectionRecordId"":""collection-ce784343746dd63e""}",2026-09-23-rolling20-c2697de31ff6788c,atlas-rolling20-A,reference,,2026-09-28T07:59:39.699Z,2026-09-23,55500,047050,포스코인터내셔널,util,2026-10-01,4,true,"{""p05"":null,""p10"":51948.30921097284,""p25"":null,""p50"":55520.760610101104,""p75"":null,""p90"":59794.189326025866,""p95"":null}",55300,220.76061010110425,0.3992054432208033,3,true,0.0003740650468666562,-0.003603603603603567,up,down,false,51948.30921097284,59794.189326025866,true,14.136720928023472,7845.880115053027,0.14136720928023472,"{""up"":0.4953,""flat"":0.01425,""down"":0.49045}",0.505166355,3,크기 허용·방향 틀림,,"{""sourceUrl"":""https://api.stock.naver.com/chart/domestic/item/047050/minute?startDateTime=202610011525&endDateTime=202610011545"",""rawHash"":""59d3b299ac56eefa9dfc9347ac2b9b65a9c34097631736b1c5919055dcc0db53"",""observedAt"":""2026-10-01T09:53:49Z"",""finalClose"":true}",1,2026-10-01T09:53:49Z,v1
score-f2654de7e7f681d9,score,2026-10-01,2026-10-01T09:53:49Z,,,"{""forecastId"":""2026-09-23-rolling20-c2697de31ff6788c"",""inputSnapshotSHA256"":""0d432d2ff749f8ac7aafc1ec59cb34ef8b1ec97e7ac58cd388fd1b139768a258"",""collectionRecordId"":""collection-ce784343746dd63e""}",2026-09-23-rolling20-c2697de31ff6788c,atlas-rolling20-A,reference,,2026-09-28T07:59:39.699Z,2026-09-23,1218000,003230,삼양식품,cons,2026-10-01,4,true,"{""p05"":null,""p10"":1128963.5700365691,""p25"":null,""p50"":1212113.3592090234,""p75"":null,""p90"":1320185.5341137873,""p95"":null}",1224000,-11886.640790976584,0.9711307835765184,3,true,-0.0048330384162369455,0.0049261083743843415,down,up,false,1128963.5700365691,1320185.5341137873,true,15.69966864344977,191221.9640772182,0.1569966864344977,"{""up"":0.46315,""flat"":0.0116,""down"":0.52525}",0.5642300450000001,3,크기 허용·방향 틀림,,"{""sourceUrl"":""https://api.stock.naver.com/chart/domestic/item/003230/minute?startDateTime=202610011525&endDateTime=202610011545"",""rawHash"":""7779e2144463a3253b3fbc79af9f207b9b2ec0159e5bf99ea44bf107b7fa6fc9"",""observedAt"":""2026-10-01T09:53:49Z"",""finalClose"":true}",1,2026-10-01T09:53:49Z,v1
score-6ecd88509bc64474,score,2026-10-01,2026-10-01T09:53:49Z,,,"{""forecastId"":""2026-09-23-rolling20-c2697de31ff6788c"",""inputSnapshotSHA256"":""0d432d2ff749f8ac7aafc1ec59cb34ef8b1ec97e7ac58cd388fd1b139768a258"",""collectionRecordId"":""collection-ce784343746dd63e""}",2026-09-23-rolling20-c2697de31ff6788c,atlas-rolling20-A,reference,,2026-09-28T07:59:39.699Z,2026-09-23,198500,259960,크래프톤,net,2026-10-01,4,true,"{""p05"":null,""p10"":188681.52165351025,""p25"":null,""p50"":198760.8165884181,""p75"":null,""p90"":208695.25927418395,""p95"":null}",199700,-939.1834115819074,0.47029715151823104,3,true,0.0013139374731390152,0.006045340050377934,up,up,true,188681.52165351025,208695.25927418395,true,10.082487466334356,20013.737620673695,0.10082487466334356,"{""up"":0.5031,""flat"":0.0211,""down"":0.4758}",0.47374046000000003,1,방향·크기 모두 맞음,,"{""sourceUrl"":""https://api.stock.naver.com/chart/domestic/item/259960/minute?startDateTime=202610011525&endDateTime=202610011545"",""rawHash"":""9794df2942f325a8d272f5f52873ac3e2b73d1870ef5c4be7af0e1f93616fdea"",""observedAt"":""2026-10-01T09:53:49Z"",""finalClose"":true}",1,2026-10-01T09:53:49Z,v1
score-1b5d2ce5874a480b,score,2026-10-01,2026-10-01T09:53:49Z,,,"{""forecastId"":""2026-09-23-rolling20-c2697de31ff6788c"",""inputSnapshotSHA256"":""0d432d2ff749f8ac7aafc1ec59cb34ef8b1ec97e7ac58cd388fd1b139768a258"",""collectionRecordId"":""collection-ce784343746dd63e""}",2026-09-23-rolling20-c2697de31ff6788c,atlas-rolling20-A,reference,,2026-09-28T07:59:39.699Z,2026-09-23,99700,021240,코웨이,cons,2026-10-01,4,true,"{""p05"":null,""p10"":94322.52819203968,""p25"":null,""p50"":99803.67264166186,""p75"":null,""p90"":106399.4408713719,""p95"":null}",99300,503.67264166186214,0.5072232040904956,3,true,0.0010398459544820327,-0.004012036108325012,up,down,false,94322.52819203968,106399.4408713719,true,12.113252436642147,12076.912679332221,0.12113252436642148,"{""up"":0.5003,""flat"":0.0175,""down"":0.4822}",0.5187231800000001,3,크기 허용·방향 틀림,,"{""sourceUrl"":""https://api.stock.naver.com/chart/domestic/item/021240/minute?startDateTime=202610011525&endDateTime=202610011545"",""rawHash"":""ff60574512db30869d98dd60485b3b341e062aeef40997b020bf3c88f8a269e2"",""observedAt"":""2026-10-01T09:53:49Z"",""finalClose"":true}",1,2026-10-01T09:53:49Z,v1
score-1dfa2c2624d2e508,score,2026-10-01,2026-10-01T09:53:49Z,,,"{""forecastId"":""2026-09-23-rolling20-c2697de31ff6788c"",""inputSnapshotSHA256"":""0d432d2ff749f8ac7aafc1ec59cb34ef8b1ec97e7ac58cd388fd1b139768a258"",""collectionRecordId"":""collection-ce784343746dd63e""}",2026-09-23-rolling20-c2697de31ff6788c,atlas-rolling20-A,reference,,2026-09-28T07:59:39.699Z,2026-09-23,157700,352820,하이브,net,2026-10-01,4,true,"{""p05"":null,""p10"":148214.71984024465,""p25"":null,""p50"":157688.80673791992,""p75"":null,""p90"":168035.89667429728,""p95"":null}",156200,1488.8067379199201,0.9531413174903459,3,true,-0.00007097819961998653,-0.009511731135066537,down,down,true,148214.71984024465,168035.89667429728,true,12.568913655074592,19821.176834052632,0.12568913655074593,"{""up"":0.4906,""flat"":0.0173,""down"":0.4921}",0.49895006000000003,1,방향·크기 모두 맞음,,"{""sourceUrl"":""https://api.stock.naver.com/chart/domestic/item/352820/minute?startDateTime=202610011525&endDateTime=202610011545"",""rawHash"":""fa6fd3049f529b54960942d74e9f903d1dec76906e0423c2883c2221b35b1d8f"",""observedAt"":""2026-10-01T09:53:49Z"",""finalClose"":true}",1,2026-10-01T09:53:49Z,v1
score-3ebcb164dd479e4e,score,2026-10-01,2026-10-01T09:53:49Z,,,"{""forecastId"":""2026-09-23-rolling20-c2697de31ff6788c"",""inputSnapshotSHA256"":""0d432d2ff749f8ac7aafc1ec59cb34ef8b1ec97e7ac58cd388fd1b139768a258"",""collectionRecordId"":""collection-ce784343746dd63e""}",2026-09-23-rolling20-c2697de31ff6788c,atlas-rolling20-A,reference,,2026-09-28T07:59:39.699Z,2026-09-23,29400,009830,한화솔루션,chem,2026-10-01,4,true,"{""p05"":null,""p10"":27201.6502927019,""p25"":null,""p50"":29414.6661637965,""p75"":null,""p90"":32143.048478415487,""p95"":null}",34250,-4835.333836203499,14.117763025411675,3,false,0.0004988491087245528,0.16496598639455784,up,up,true,27201.6502927019,32143.048478415487,false,16.80747682215506,26010.91340155872,0.8847249456312489,"{""up"":0.49645,""flat"":0.014,""down"":0.48955}",0.4934178049999999,2,방향 맞고 크기 틀림,,"{""sourceUrl"":""https://api.stock.naver.com/chart/domestic/item/009830/minute?startDateTime=202610011525&endDateTime=202610011545"",""rawHash"":""543a50ff99b7c9d1cc2199a91d6a2eb10d868e5f4c8de1f45e9928bb4aedc00e"",""observedAt"":""2026-10-01T09:53:49Z"",""finalClose"":true}",1,2026-10-01T09:53:49Z,v1
score-60dcefd644fad4b6,score,2026-10-01,2026-10-01T09:53:49Z,,,"{""forecastId"":""2026-09-23-rolling20-c2697de31ff6788c"",""inputSnapshotSHA256"":""0d432d2ff749f8ac7aafc1ec59cb34ef8b1ec97e7ac58cd388fd1b139768a258"",""collectionRecordId"":""collection-ce784343746dd63e""}",2026-09-23-rolling20-c2697de31ff6788c,atlas-rolling20-A,reference,,2026-09-28T07:59:39.699Z,2026-09-23,42750,029780,삼성카드,fin,2026-10-01,4,true,"{""p05"":null,""p10"":41133.86536848421,""p25"":null,""p50"":42757.919878582186,""p75"":null,""p90"":44384.275680871724,""p95"":null}",41850,907.9198785821864,2.1694620754652005,3,true,0.00018526031771193274,-0.021052631578947323,up,down,false,41133.86536848421,44384.275680871724,true,7.60329897634507,3250.4103123875175,0.0760329897634507,"{""up"":0.4884,""flat"":0.02785,""down"":0.48375}",0.505824245,3,크기 허용·방향 틀림,,"{""sourceUrl"":""https://api.stock.naver.com/chart/domestic/item/029780/minute?startDateTime=202610011525&endDateTime=202610011545"",""rawHash"":""9064b218c80aecb8ab8ee27142599c409a55273e0e211a0453cc2f168fd9dce2"",""observedAt"":""2026-10-01T09:53:49Z"",""finalClose"":true}",1,2026-10-01T09:53:49Z,v1
score-705b7075028d40c8,score,2026-10-01,2026-10-01T09:53:49Z,,,"{""forecastId"":""2026-09-23-rolling20-c2697de31ff6788c"",""inputSnapshotSHA256"":""0d432d2ff749f8ac7aafc1ec59cb34ef8b1ec97e7ac58cd388fd1b139768a258"",""collectionRecordId"":""collection-ce784343746dd63e""}",2026-09-23-rolling20-c2697de31ff6788c,atlas-rolling20-A,reference,,2026-09-28T07:59:39.699Z,2026-09-23,31050,028300,HLB,bio,2026-10-01,4,true,"{""p05"":null,""p10"":28304.587370101373,""p25"":null,""p50"":31076.97823936842,""p75"":null,""p90"":34129.48040352065,""p95"":null}",40550,-9473.021760631578,23.361336031150625,3,false,0.0008688643918977057,0.3059581320450886,up,up,true,28304.587370101373,34129.48040352065,false,18.759719914393795,70030.0889982128,2.255397391246789,"{""up"":0.49885,""flat"":0.01255,""down"":0.4886}",0.490038785,2,방향 맞고 크기 틀림,,"{""sourceUrl"":""https://api.stock.naver.com/chart/domestic/item/028300/minute?startDateTime=202610011525&endDateTime=202610011545"",""rawHash"":""1c5d03d4d8a8a11461f1f37faee77191757564b1a49cdf2b63d8b299ec6064c7"",""observedAt"":""2026-10-01T09:53:49Z"",""finalClose"":true}",1,2026-10-01T09:53:49Z,v1
score-cea1fde9d2407057,score,2026-10-01,2026-10-01T09:53:49Z,,,"{""forecastId"":""2026-09-23-rolling20-c2697de31ff6788c"",""inputSnapshotSHA256"":""0d432d2ff749f8ac7aafc1ec59cb34ef8b1ec97e7ac58cd388fd1b139768a258"",""collectionRecordId"":""collection-ce784343746dd63e""}",2026-09-23-rolling20-c2697de31ff6788c,atlas-rolling20-A,reference,,2026-09-28T07:59:39.699Z,2026-09-23,8500,034220,LG디스플레이,semi,2026-10-01,4,true,"{""p05"":null,""p10"":7993.772230202583,""p25"":null,""p50"":8480.11973993113,""p75"":null,""p90"":9024.942663643995,""p95"":null}",8580,-99.88026006887048,1.1641055952082808,3,true,-0.0023388541257495232,0.009411764705882453,down,up,false,7993.772230202583,9024.942663643995,true,12.131416864016607,1031.1704334414117,0.12131416864016607,"{""up"":0.46875,""flat"":0.01915,""down"":0.5121}",0.5448396950000001,3,크기 허용·방향 틀림,,"{""sourceUrl"":""https://api.stock.naver.com/chart/domestic/item/034220/minute?startDateTime=202610011525&endDateTime=202610011545"",""rawHash"":""bff0ed9be2e7be9f042450133e9ff813d09ee31c4661f45f7efed75c98ecff75"",""observedAt"":""2026-10-01T09:53:49Z"",""finalClose"":true}",1,2026-10-01T09:53:49Z,v1
score-bcf57c0b09590175,score,2026-10-01,2026-10-01T09:53:49Z,,,"{""forecastId"":""2026-09-23-rolling20-c2697de31ff6788c"",""inputSnapshotSHA256"":""0d432d2ff749f8ac7aafc1ec59cb34ef8b1ec97e7ac58cd388fd1b139768a258"",""collectionRecordId"":""collection-ce784343746dd63e""}",2026-09-23-rolling20-c2697de31ff6788c,atlas-rolling20-A,reference,,2026-09-28T07:59:39.699Z,2026-09-23,476500,002380,KCC,chem,2026-10-01,4,true,"{""p05"":null,""p10"":446027.5329074532,""p25"":null,""p50"":476133.277762637,""p75"":null,""p90"":508698.9611881222,""p95"":null}",472500,3633.277762637008,0.768947674632171,3,true,-0.000769616447771182,-0.008394543546694666,down,down,true,446027.5329074532,508698.9611881222,true,13.152450845890668,62671.42828066903,0.13152450845890667,"{""up"":0.4854,""flat"":0.01625,""down"":0.49835}",0.4875299449999999,1,방향·크기 모두 맞음,,"{""sourceUrl"":""https://api.stock.naver.com/chart/domestic/item/002380/minute?startDateTime=202610011525&endDateTime=202610011545"",""rawHash"":""141b88170b3def44293d2fc60feeca90c272dcb31f0459d771c0ebcdd0eab545"",""observedAt"":""2026-10-01T09:53:49Z"",""finalClose"":true}",1,2026-10-01T09:53:49Z,v1
score-873fff52bdcd7b76,score,2026-10-01,2026-10-01T09:53:49Z,,,"{""forecastId"":""2026-09-23-rolling20-c2697de31ff6788c"",""inputSnapshotSHA256"":""0d432d2ff749f8ac7aafc1ec59cb34ef8b1ec97e7ac58cd388fd1b139768a258"",""collectionRecordId"":""collection-ce784343746dd63e""}",2026-09-23-rolling20-c2697de31ff6788c,atlas-rolling20-A,reference,,2026-09-28T07:59:39.699Z,2026-09-23,35450,036460,한국가스공사,util,2026-10-01,4,true,"{""p05"":null,""p10"":34003.58639241426,""p25"":null,""p50"":35450.41859241901,""p75"":null,""p90"":36866.263145865545,""p95"":null}",35250,200.41859241900966,0.5685633827489636,3,true,0.000011807966685761784,-0.005641748942172065,up,down,false,34003.58639241426,36866.263145865545,true,8.075251772782183,2862.6767534512837,0.08075251772782183,"{""up"":0.4852,""flat"":0.02985,""down"":0.48495}",0.501586565,3,크기 허용·방향 틀림,,"{""sourceUrl"":""https://api.stock.naver.com/chart/domestic/item/036460/minute?startDateTime=202610011525&endDateTime=202610011545"",""rawHash"":""1a9626f58905b65d139fbf2683b2648a70f92d423a279431b32c631461d8b645"",""observedAt"":""2026-10-01T09:53:49Z"",""finalClose"":true}",1,2026-10-01T09:53:49Z,v1
score-8dc43c3d3aa73fa7,score,2026-10-01,2026-10-01T09:53:49Z,,,"{""forecastId"":""2026-09-23-rolling20-c2697de31ff6788c"",""inputSnapshotSHA256"":""0d432d2ff749f8ac7aafc1ec59cb34ef8b1ec97e7ac58cd388fd1b139768a258"",""collectionRecordId"":""collection-ce784343746dd63e""}",2026-09-23-rolling20-c2697de31ff6788c,atlas-rolling20-A,reference,,2026-09-28T07:59:39.699Z,2026-09-23,349000,004170,신세계,cons,2026-10-01,4,true,"{""p05"":null,""p10"":322955.91850310215,""p25"":null,""p50"":349267.0740394844,""p75"":null,""p90"":380936.70183174335,""p95"":null}",333500,15767.074039484374,4.727758332678973,3,false,0.0007652551274623942,-0.044412607449856756,up,down,false,322955.91850310215,380936.70183174335,true,16.613404965226707,57980.783328641206,0.16613404965226708,"{""up"":0.4985,""flat"":0.0126,""down"":0.4889}",0.50988422,4,방향·크기 모두 틀림,,"{""sourceUrl"":""https://api.stock.naver.com/chart/domestic/item/004170/minute?startDateTime=202610011525&endDateTime=202610011545"",""rawHash"":""5bbba3aeb08f04d98ed55a40ac794a10816a2b51d50e3c6b3038c1b6f7056c01"",""observedAt"":""2026-10-01T09:53:49Z"",""finalClose"":true}",1,2026-10-01T09:53:49Z,v1
score-8de70678183f9b95,score,2026-10-01,2026-10-01T09:53:49Z,,,"{""forecastId"":""2026-09-23-rolling20-c2697de31ff6788c"",""inputSnapshotSHA256"":""0d432d2ff749f8ac7aafc1ec59cb34ef8b1ec97e7ac58cd388fd1b139768a258"",""collectionRecordId"":""collection-ce784343746dd63e""}",2026-09-23-rolling20-c2697de31ff6788c,atlas-rolling20-A,reference,,2026-09-28T07:59:39.699Z,2026-09-23,82400,012750,에스원,util,2026-10-01,4,true,"{""p05"":null,""p10"":78040.24360557276,""p25"":null,""p50"":82442.41854602177,""p75"":null,""p90"":86898.29724579332,""p95"":null}",83200,-757.5814539782295,0.910554632185372,3,true,0.0005147881798759357,0.009708737864077666,up,up,true,78040.24360557276,86898.29724579332,true,10.750065097355051,8858.053640220562,0.10750065097355051,"{""up"":0.49455,""flat"":0.022,""down"":0.48345}",0.48968760499999997,1,방향·크기 모두 맞음,,"{""sourceUrl"":""https://api.stock.naver.com/chart/domestic/item/012750/minute?startDateTime=202610011525&endDateTime=202610011545"",""rawHash"":""5bb813106dce43ee8fa819aa9a75ecd27924854451832e9eaaab04db0aaf4eb6"",""observedAt"":""2026-10-01T09:53:49Z"",""finalClose"":true}",1,2026-10-01T09:53:49Z,v1
score-b40938f5e8f6bae4,score,2026-10-01,2026-10-01T09:53:49Z,,,"{""forecastId"":""2026-09-23-rolling20-c2697de31ff6788c"",""inputSnapshotSHA256"":""0d432d2ff749f8ac7aafc1ec59cb34ef8b1ec97e7ac58cd388fd1b139768a258"",""collectionRecordId"":""collection-ce784343746dd63e""}",2026-09-23-rolling20-c2697de31ff6788c,atlas-rolling20-A,reference,,2026-09-28T07:59:39.699Z,2026-09-23,69700,111770,영원무역,cons,2026-10-01,4,true,"{""p05"":null,""p10"":66531.91749270927,""p25"":null,""p50"":70128.33540920712,""p75"":null,""p90"":73907.91317733162,""p95"":null}",69300,828.335409207124,1.195289190775071,3,true,0.006145414766242752,-0.0057388809182209455,up,down,false,66531.91749270927,73907.91317733162,true,10.582490221839814,7375.99568462235,0.10582490221839815,"{""up"":0.5514,""flat"":0.02035,""down"":0.42825}",0.631354145,3,크기 허용·방향 틀림,,"{""sourceUrl"":""https://api.stock.naver.com/chart/domestic/item/111770/minute?startDateTime=202610011525&endDateTime=202610011545"",""rawHash"":""7bc83a4a67a5ab01be745385b80516a5dc06b5c9e3e288db54f0151f027c383c"",""observedAt"":""2026-10-01T09:53:49Z"",""finalClose"":true}",1,2026-10-01T09:53:49Z,v1
score-49f50d0482d20f04,score,2026-10-01,2026-10-01T09:53:49Z,,,"{""forecastId"":""2026-09-23-rolling20-c2697de31ff6788c"",""inputSnapshotSHA256"":""0d432d2ff749f8ac7aafc1ec59cb34ef8b1ec97e7ac58cd388fd1b139768a258"",""collectionRecordId"":""collection-ce784343746dd63e""}",2026-09-23-rolling20-c2697de31ff6788c,atlas-rolling20-A,reference,,2026-09-28T07:59:39.699Z,2026-09-23,14380,035250,강원랜드,cons,2026-10-01,4,true,"{""p05"":null,""p10"":13929.795409552751,""p25"":null,""p50"":14377.941330279835,""p75"":null,""p90"":14834.5520416983,""p95"":null}",14270,107.9413302798348,0.7564213754718626,3,true,-0.00014316201113806493,-0.0076495132127955,down,down,true,13929.795409552751,14834.5520416983,true,6.29177073814707,904.7566321455488,0.0629177073814707,"{""up"":0.48045,""flat"":0.03495,""down"":0.4846}",0.4976908650000001,1,방향·크기 모두 맞음,,"{""sourceUrl"":""https://api.stock.naver.com/chart/domestic/item/035250/minute?startDateTime=202610011525&endDateTime=202610011545"",""rawHash"":""d153050abda80d95650df40dc4c2067133b99e20ddd2897d32c52affd5543f8a"",""observedAt"":""2026-10-01T09:53:49Z"",""finalClose"":true}",1,2026-10-01T09:53:49Z,v1
score-1bb8174ba7a56833,score,2026-10-01,2026-10-01T09:53:49Z,,,"{""forecastId"":""2026-09-23-rolling20-c2697de31ff6788c"",""inputSnapshotSHA256"":""0d432d2ff749f8ac7aafc1ec59cb34ef8b1ec97e7ac58cd388fd1b139768a258"",""collectionRecordId"":""collection-ce784343746dd63e""}",2026-09-23-rolling20-c2697de31ff6788c,atlas-rolling20-A,reference,,2026-09-28T07:59:39.699Z,2026-09-23,38900,257720,실리콘투,cons,2026-10-01,4,true,"{""p05"":null,""p10"":35432.94911261873,""p25"":null,""p50"":38698.80139419105,""p75"":null,""p90"":42502.40151153441,""p95"":null}",38300,398.8013941910467,1.0412569038930723,3,true,-0.00517220066346924,-0.015424164524421635,down,down,true,35432.94911261873,42502.40151153441,true,18.17339948307373,7069.4523989156805,0.1817339948307373,"{""up"":0.46545,""flat"":0.0118,""down"":0.52275}",0.44455050499999993,1,방향·크기 모두 맞음,,"{""sourceUrl"":""https://api.stock.naver.com/chart/domestic/item/257720/minute?startDateTime=202610011525&endDateTime=202610011545"",""rawHash"":""58e7ca137c6015afb10f27e66cfd038fa0b338b224a477351347b349d696bf01"",""observedAt"":""2026-10-01T09:53:49Z"",""finalClose"":true}",1,2026-10-01T09:53:49Z,v1
score-9ad0f9b534d6861d,score,2026-10-01,2026-10-01T09:53:49Z,,,"{""forecastId"":""2026-09-23-rolling20-c2697de31ff6788c"",""inputSnapshotSHA256"":""0d432d2ff749f8ac7aafc1ec59cb34ef8b1ec97e7ac58cd388fd1b139768a258"",""collectionRecordId"":""collection-ce784343746dd63e""}",2026-09-23-rolling20-c2697de31ff6788c,atlas-rolling20-A,reference,,2026-09-28T07:59:39.699Z,2026-09-23,102300,226950,올릭스,bio,2026-10-01,4,true,"{""p05"":null,""p10"":88168.23004991698,""p25"":null,""p50"":101775.1332681645,""p75"":null,""p90"":119625.16759868256,""p95"":null}",116900,-15124.8667318355,12.938294894641148,3,false,-0.0051306620902785705,0.14271749755620733,down,up,false,88168.23004991698,119625.16759868256,true,30.74969457357339,31456.937548765578,0.3074969457357339,"{""up"":0.47855,""flat"":0.00695,""down"":0.5145}",0.5366686549999999,4,방향·크기 모두 틀림,,"{""sourceUrl"":""https://api.stock.naver.com/chart/domestic/item/226950/minute?startDateTime=202610011525&endDateTime=202610011545"",""rawHash"":""8f150f792804373092625c5086ba66067ecaaf7e55b4c5086236847a95d2b77f"",""observedAt"":""2026-10-01T09:53:49Z"",""finalClose"":true}",1,2026-10-01T09:53:49Z,v1
score-97cc7a5755183f80,score,2026-10-01,2026-10-01T09:53:49Z,,,"{""forecastId"":""2026-09-23-rolling20-c2697de31ff6788c"",""inputSnapshotSHA256"":""0d432d2ff749f8ac7aafc1ec59cb34ef8b1ec97e7ac58cd388fd1b139768a258"",""collectionRecordId"":""collection-ce784343746dd63e""}",2026-09-23-rolling20-c2697de31ff6788c,atlas-rolling20-A,reference,,2026-09-28T07:59:39.699Z,2026-09-23,17720,010170,대한광통신,semi,2026-10-01,4,true,"{""p05"":null,""p10"":15467.95920350059,""p25"":null,""p50"":17564.450699041277,""p75"":null,""p90"":20557.500653532567,""p95"":null}",17000,564.4506990412774,3.3202982296545733,3,false,-0.008778177255006958,-0.040632054176072185,down,down,true,15467.95920350059,20557.500653532567,true,28.722017212370073,5089.541450031977,0.2872201721237007,"{""up"":0.46195,""flat"":0.0078,""down"":0.53025}",0.4341237050000001,2,방향 맞고 크기 틀림,,"{""sourceUrl"":""https://api.stock.naver.com/chart/domestic/item/010170/minute?startDateTime=202610011525&endDateTime=202610011545"",""rawHash"":""a5eae7b9359ce778741fb1f5b994667ea6d1093b97808ced64ff38980b01fe36"",""observedAt"":""2026-10-01T09:53:49Z"",""finalClose"":true}",1,2026-10-01T09:53:49Z,v1
score-2bce93038d92c6f8,score,2026-10-01,2026-10-01T09:53:49Z,,,"{""forecastId"":""2026-09-23-rolling20-c2697de31ff6788c"",""inputSnapshotSHA256"":""0d432d2ff749f8ac7aafc1ec59cb34ef8b1ec97e7ac58cd388fd1b139768a258"",""collectionRecordId"":""collection-ce784343746dd63e""}",2026-09-23-rolling20-c2697de31ff6788c,atlas-rolling20-A,reference,,2026-09-28T07:59:39.699Z,2026-09-23,40050,214370,케어젠,bio,2026-10-01,4,true,"{""p05"":null,""p10"":35901.43915099988,""p25"":null,""p50"":39894.35673791102,""p75"":null,""p90"":44942.35931832545,""p95"":null}",43150,-3255.6432620889827,7.544943828711431,3,false,-0.003886223772508912,0.07740324594257175,down,up,false,35901.43915099988,44942.35931832545,true,22.57408281479542,9040.920167325567,0.2257408281479542,"{""up"":0.47595,""flat"":0.00995,""down"":0.5141}",0.539026215,4,방향·크기 모두 틀림,,"{""sourceUrl"":""https://api.stock.naver.com/chart/domestic/item/214370/minute?startDateTime=202610011525&endDateTime=202610011545"",""rawHash"":""02c9456b796583aa40da36b93cf2e05933c2861ea9d5b4f35c535d4f4e00ec84"",""observedAt"":""2026-10-01T09:53:49Z"",""finalClose"":true}",1,2026-10-01T09:53:49Z,v1
score-5aa76d19fa37d91d,score,2026-10-01,2026-10-01T09:53:49Z,,,"{""forecastId"":""2026-09-23-rolling20-c2697de31ff6788c"",""inputSnapshotSHA256"":""0d432d2ff749f8ac7aafc1ec59cb34ef8b1ec97e7ac58cd388fd1b139768a258"",""collectionRecordId"":""collection-ce784343746dd63e""}",2026-09-23-rolling20-c2697de31ff6788c,atlas-rolling20-A,reference,,2026-09-28T07:59:39.699Z,2026-09-23,17740,030000,제일기획,net,2026-10-01,4,true,"{""p05"":null,""p10"":17084.059326712075,""p25"":null,""p50"":17769.032071349935,""p75"":null,""p90"":18422.261897728644,""p95"":null}",18740,-970.967928650065,5.181258957577722,3,false,0.001636531643175676,0.056369785794814,up,up,true,17084.059326712075,18422.261897728644,false,7.543419227827333,4515.583593730131,0.2545424799171438,"{""up"":0.50975,""flat"":0.02965,""down"":0.4606}",0.45337654499999996,2,방향 맞고 크기 틀림,,"{""sourceUrl"":""https://api.stock.naver.com/chart/domestic/item/030000/minute?startDateTime=202610011525&endDateTime=202610011545"",""rawHash"":""92c0cb81dd6bc9ff9a48ccfaa0411d3cef7c7a0295ace3950c959fe27fbc8069"",""observedAt"":""2026-10-01T09:53:49Z"",""finalClose"":true}",1,2026-10-01T09:53:49Z,v1
score-49e4d9e7f87e6283,score,2026-10-01,2026-10-01T09:53:49Z,,,"{""forecastId"":""2026-09-28-rolling20-13cd892134e517b4"",""inputSnapshotSHA256"":""0d432d2ff749f8ac7aafc1ec59cb34ef8b1ec97e7ac58cd388fd1b139768a258"",""collectionRecordId"":""collection-ce784343746dd63e""}",2026-09-28-rolling20-13cd892134e517b4,atlas-rolling20-A,live,,2026-09-28T09:39:48.714Z,2026-09-28,270000,005930,삼성전자,semi,2026-10-01,3,true,"{""p05"":null,""p10"":250049.76630250516,""p25"":null,""p50"":271420.80389692995,""p75"":null,""p90"":295376.7651382612,""p95"":null}",276000,-4579.196103070048,1.6591290228514668,2.5,true,0.005262236655296126,0.022222222222222143,up,up,true,250049.76630250516,295376.7651382612,true,16.78777734657631,45326.998835756036,0.1678777734657631,"{""up"":0.52805,""flat"":0.0116,""down"":0.46035}",0.4347934849999999,1,방향·크기 모두 맞음,,"{""sourceUrl"":""https://api.stock.naver.com/chart/domestic/item/005930/minute?startDateTime=202610011525&endDateTime=202610011545"",""rawHash"":""4600c49cfb401649d5168d029ef4975003c13a5e6fb6ce8279469c21def2764b"",""observedAt"":""2026-10-01T09:53:49Z"",""finalClose"":true}",1,2026-10-01T09:53:49Z,v1
score-5089766ed3d196d9,score,2026-10-01,2026-10-01T09:53:49Z,,,"{""forecastId"":""2026-09-28-rolling20-13cd892134e517b4"",""inputSnapshotSHA256"":""0d432d2ff749f8ac7aafc1ec59cb34ef8b1ec97e7ac58cd388fd1b139768a258"",""collectionRecordId"":""collection-ce784343746dd63e""}",2026-09-28-rolling20-13cd892134e517b4,atlas-rolling20-A,live,,2026-09-28T09:39:48.714Z,2026-09-28,1499000,009150,삼성전기,semi,2026-10-01,3,true,"{""p05"":null,""p10"":1409060.5375880627,""p25"":null,""p50"":1506305.6758216321,""p75"":null,""p90"":1628033.3686353276,""p95"":null}",1561000,-54694.32417836785,3.503800395795506,2.5,false,0.004873699680875365,0.041360907271514424,up,up,true,1409060.5375880627,1628033.3686353276,true,14.607927354720804,218972.83104726486,0.14607927354720804,"{""up"":0.5296,""flat"":0.0166,""down"":0.4538}",0.42748616000000006,2,방향 맞고 크기 틀림,,"{""sourceUrl"":""https://api.stock.naver.com/chart/domestic/item/009150/minute?startDateTime=202610011525&endDateTime=202610011545"",""rawHash"":""563bbb7050d1aef780d6e72e3382f0b448235fe79e1c196f7bc6cb7f8a52c3a5"",""observedAt"":""2026-10-01T09:53:49Z"",""finalClose"":true}",1,2026-10-01T09:53:49Z,v1
score-9d47128001889831,score,2026-10-01,2026-10-01T09:53:49Z,,,"{""forecastId"":""2026-09-28-rolling20-13cd892134e517b4"",""inputSnapshotSHA256"":""0d432d2ff749f8ac7aafc1ec59cb34ef8b1ec97e7ac58cd388fd1b139768a258"",""collectionRecordId"":""collection-ce784343746dd63e""}",2026-09-28-rolling20-13cd892134e517b4,atlas-rolling20-A,live,,2026-09-28T09:39:48.714Z,2026-09-28,364000,373220,LG에너지솔루션,chem,2026-10-01,3,true,"{""p05"":null,""p10"":340087.85837232805,""p25"":null,""p50"":363178.7895175877,""p75"":null,""p90"":390072.3710966023,""p95"":null}",360500,2678.789517587691,0.7430761491227992,2.5,true,-0.0022560727538799563,-0.009615384615384581,down,down,true,340087.85837232805,390072.3710966023,true,13.732008990185232,49984.512724274246,0.13732008990185232,"{""up"":0.47475,""flat"":0.0152,""down"":0.51005}",0.465669605,1,방향·크기 모두 맞음,,"{""sourceUrl"":""https://api.stock.naver.com/chart/domestic/item/373220/minute?startDateTime=202610011525&endDateTime=202610011545"",""rawHash"":""4e6575db4f549cd0d47d287252bf0395e9e2e825c72708a82507f0f0153aa458"",""observedAt"":""2026-10-01T09:53:49Z"",""finalClose"":true}",1,2026-10-01T09:53:49Z,v1
score-6f5a6fc178b96480,score,2026-10-01,2026-10-01T09:53:49Z,,,"{""forecastId"":""2026-09-28-rolling20-13cd892134e517b4"",""inputSnapshotSHA256"":""0d432d2ff749f8ac7aafc1ec59cb34ef8b1ec97e7ac58cd388fd1b139768a258"",""collectionRecordId"":""collection-ce784343746dd63e""}",2026-09-28-rolling20-13cd892134e517b4,atlas-rolling20-A,live,,2026-09-28T09:39:48.714Z,2026-09-28,354500,005380,현대차,auto,2026-10-01,3,true,"{""p05"":null,""p10"":337116.42579341604,""p25"":null,""p50"":353617.20795762644,""p75"":null,""p90"":373709.8022883956,""p95"":null}",349000,4617.207957626437,1.3229822228155979,2.5,true,-0.0024902455356095032,-0.015514809590973178,down,down,true,337116.42579341604,373709.8022883956,true,10.322532156552763,36593.376494979544,0.10322532156552763,"{""up"":0.4613,""flat"":0.02155,""down"":0.51715}",0.446406215,1,방향·크기 모두 맞음,,"{""sourceUrl"":""https://api.stock.naver.com/chart/domestic/item/005380/minute?startDateTime=202610011525&endDateTime=202610011545"",""rawHash"":""a9cf973c81a40793de15adad6e9f7057430d98bf08b1f3007faedb721295f2f7"",""observedAt"":""2026-10-01T09:53:49Z"",""finalClose"":true}",1,2026-10-01T09:53:49Z,v1
score-cf9da0b9795ad750,score,2026-10-01,2026-10-01T09:53:49Z,,,"{""forecastId"":""2026-09-28-rolling20-13cd892134e517b4"",""inputSnapshotSHA256"":""0d432d2ff749f8ac7aafc1ec59cb34ef8b1ec97e7ac58cd388fd1b139768a258"",""collectionRecordId"":""collection-ce784343746dd63e""}",2026-09-28-rolling20-13cd892134e517b4,atlas-rolling20-A,live,,2026-09-28T09:39:48.714Z,2026-09-28,1400000,207940,삼성바이오로직스,bio,2026-10-01,3,true,"{""p05"":null,""p10"":1339448.2894856224,""p25"":null,""p50"":1399546.584457356,""p75"":null,""p90"":1465972.613858931,""p95"":null}",1429000,-29453.415542643983,2.061120751759551,2.5,true,-0.0003238682447457286,0.020714285714285685,down,up,false,1339448.2894856224,1465972.613858931,true,9.037451740950612,126524.32437330857,0.09037451740950612,"{""up"":0.4824,""flat"":0.026,""down"":0.4916}",0.5102563200000001,3,크기 허용·방향 틀림,,"{""sourceUrl"":""https://api.stock.naver.com/chart/domestic/item/207940/minute?startDateTime=202610011525&endDateTime=202610011545"",""rawHash"":""931295cd43d119c486e5f3fccb35b4d06b978a6787fbc1b0298f1de26530f73c"",""observedAt"":""2026-10-01T09:53:49Z"",""finalClose"":true}",1,2026-10-01T09:53:49Z,v1
score-127b5cddab9c1102,score,2026-10-01,2026-10-01T09:53:49Z,,,"{""forecastId"":""2026-09-28-rolling20-13cd892134e517b4"",""inputSnapshotSHA256"":""0d432d2ff749f8ac7aafc1ec59cb34ef8b1ec97e7ac58cd388fd1b139768a258"",""collectionRecordId"":""collection-ce784343746dd63e""}",2026-09-28-rolling20-13cd892134e517b4,atlas-rolling20-A,live,,2026-09-28T09:39:48.714Z,2026-09-28,174200,105560,KB금융,fin,2026-10-01,3,true,"{""p05"":null,""p10"":167864.8337561055,""p25"":null,""p50"":174961.82222052317,""p75"":null,""p90"":182245.64309016053,""p95"":null}",166000,8961.822220523172,5.398688084652513,2.5,false,0.0043732618858964845,-0.04707233065442018,up,down,false,167864.8337561055,182245.64309016053,false,8.25534404940013,33029.14689511011,0.18960474681463899,"{""up"":0.54495,""flat"":0.025,""down"":0.43005}",0.6224385050000001,4,방향·크기 모두 틀림,,"{""sourceUrl"":""https://api.stock.naver.com/chart/domestic/item/105560/minute?startDateTime=202610011525&endDateTime=202610011545"",""rawHash"":""acfa6d5c1b829b90b4d858a14aada51d93447fc8d6d151aa989c29651788b3dd"",""observedAt"":""2026-10-01T09:53:49Z"",""finalClose"":true}",1,2026-10-01T09:53:49Z,v1
score-ac40cda594e18306,score,2026-10-01,2026-10-01T09:53:49Z,,,"{""forecastId"":""2026-09-28-rolling20-13cd892134e517b4"",""inputSnapshotSHA256"":""0d432d2ff749f8ac7aafc1ec59cb34ef8b1ec97e7ac58cd388fd1b139768a258"",""collectionRecordId"":""collection-ce784343746dd63e""}",2026-09-28-rolling20-13cd892134e517b4,atlas-rolling20-A,live,,2026-09-28T09:39:48.714Z,2026-09-28,345500,028260,삼성물산,util,2026-10-01,3,true,"{""p05"":null,""p10"":322606.0301395834,""p25"":null,""p50"":344860.92142952094,""p75"":null,""p90"":370571.25206783385,""p95"":null}",347000,-2139.0785704790615,0.6164491557576546,2.5,true,-0.0018497208986368863,0.004341534008682979,down,up,false,322606.0301395834,370571.25206783385,true,13.882842815702013,47965.22192825045,0.13882842815702012,"{""up"":0.4762,""flat"":0.01645,""down"":0.50735}",0.532041065,3,크기 허용·방향 틀림,,"{""sourceUrl"":""https://api.stock.naver.com/chart/domestic/item/028260/minute?startDateTime=202610011525&endDateTime=202610011545"",""rawHash"":""7a42591b91379c3387307ac80e4606356d098684c6ac1e4cb74bc9e41389e71d"",""observedAt"":""2026-10-01T09:53:49Z"",""finalClose"":true}",1,2026-10-01T09:53:49Z,v1
score-1ae6c786a40fbefb,score,2026-10-01,2026-10-01T09:53:49Z,,,"{""forecastId"":""2026-09-28-rolling20-13cd892134e517b4"",""inputSnapshotSHA256"":""0d432d2ff749f8ac7aafc1ec59cb34ef8b1ec97e7ac58cd388fd1b139768a258"",""collectionRecordId"":""collection-ce784343746dd63e""}",2026-09-28-rolling20-13cd892134e517b4,atlas-rolling20-A,live,,2026-09-28T09:39:48.714Z,2026-09-28,296000,032830,삼성생명보험,fin,2026-10-01,3,true,"{""p05"":null,""p10"":281999.6417581634,""p25"":null,""p50"":296232.9820612268,""p75"":null,""p90"":313654.40179488354,""p95"":null}",284000,12232.982061226794,4.307388049727744,2.5,false,0.0007871015581986107,-0.04054054054054057,up,down,false,281999.6417581634,313654.40179488354,true,10.694175688081128,31654.760036720138,0.10694175688081127,"{""up"":0.49755,""flat"":0.02155,""down"":0.4809}",0.517485215,4,방향·크기 모두 틀림,,"{""sourceUrl"":""https://api.stock.naver.com/chart/domestic/item/032830/minute?startDateTime=202610011525&endDateTime=202610011545"",""rawHash"":""2e6170c9bf4ec3f47cb3e8c0baed253f644c15f6365d9a65b09989e467ae689c"",""observedAt"":""2026-10-01T09:53:49Z"",""finalClose"":true}",1,2026-10-01T09:53:49Z,v1
score-fa0bf8bcba2941de,score,2026-10-01,2026-10-01T09:53:49Z,,,"{""forecastId"":""2026-09-28-rolling20-13cd892134e517b4"",""inputSnapshotSHA256"":""0d432d2ff749f8ac7aafc1ec59cb34ef8b1ec97e7ac58cd388fd1b139768a258"",""collectionRecordId"":""collection-ce784343746dd63e""}",2026-09-28-rolling20-13cd892134e517b4,atlas-rolling20-A,live,,2026-09-28T09:39:48.714Z,2026-09-28,1034000,012450,한화에어로스페이스,heavy,2026-10-01,3,true,"{""p05"":null,""p10"":950149.1821671495,""p25"":null,""p50"":1032355.9935111293,""p75"":null,""p90"":1129282.1409156555,""p95"":null}",1034000,-1644.006488870713,0.15899482484242872,2.5,true,-0.0015899482484242888,0,down,flat,false,950149.1821671495,1129282.1409156555,true,17.324270672002516,179132.95874850603,0.17324270672002517,"{""up"":0.48235,""flat"":0.0134,""down"":0.50425}",1.460309145,3,크기 허용·방향 틀림,,"{""sourceUrl"":""https://api.stock.naver.com/chart/domestic/item/012450/minute?startDateTime=202610011525&endDateTime=202610011545"",""rawHash"":""65ac6f6798407fcbed9c344e7dbea39640578fd5ff50fa6d6689ccda64d815f5"",""observedAt"":""2026-10-01T09:53:49Z"",""finalClose"":true}",1,2026-10-01T09:53:49Z,v1
score-e01c7f69d1607f5c,score,2026-10-01,2026-10-01T09:53:49Z,,,"{""forecastId"":""2026-09-28-rolling20-13cd892134e517b4"",""inputSnapshotSHA256"":""0d432d2ff749f8ac7aafc1ec59cb34ef8b1ec97e7ac58cd388fd1b139768a258"",""collectionRecordId"":""collection-ce784343746dd63e""}",2026-09-28-rolling20-13cd892134e517b4,atlas-rolling20-A,live,,2026-09-28T09:39:48.714Z,2026-09-28,82000,034020,두산에너빌리티,heavy,2026-10-01,3,true,"{""p05"":null,""p10"":75386.38756014293,""p25"":null,""p50"":81875.36417422819,""p75"":null,""p90"":89338.00390705289,""p95"":null}",82100,-224.63582577180932,0.27361245526407957,2.5,true,-0.0015199490947781502,0.0012195121951219523,down,up,false,75386.38756014293,89338.00390705289,true,17.014166276719457,13951.616346909956,0.17014166276719458,"{""up"":0.48435,""flat"":0.01195,""down"":0.5037}",0.519751415,3,크기 허용·방향 틀림,,"{""sourceUrl"":""https://api.stock.naver.com/chart/domestic/item/034020/minute?startDateTime=202610011525&endDateTime=202610011545"",""rawHash"":""20dd1ee3af24df280a49f247326456a66d265b827dbdf6f2bee6b64c82025829"",""observedAt"":""2026-10-01T09:53:49Z"",""finalClose"":true}",1,2026-10-01T09:53:49Z,v1
score-f0a78220e76eb48d,score,2026-10-01,2026-10-01T09:53:49Z,,,"{""forecastId"":""2026-09-28-rolling20-13cd892134e517b4"",""inputSnapshotSHA256"":""0d432d2ff749f8ac7aafc1ec59cb34ef8b1ec97e7ac58cd388fd1b139768a258"",""collectionRecordId"":""collection-ce784343746dd63e""}",2026-09-28-rolling20-13cd892134e517b4,atlas-rolling20-A,live,,2026-09-28T09:39:48.714Z,2026-09-28,442000,329180,HD현대중공업,heavy,2026-10-01,3,true,"{""p05"":null,""p10"":416272.58927364723,""p25"":null,""p50"":447742.47115547967,""p75"":null,""p90"":483890.12583160563,""p95"":null}",431500,16242.471155479667,3.7641879850474314,2.5,false,0.012992016188867916,-0.02375565610859731,up,down,false,416272.58927364723,483890.12583160563,true,15.298085194108236,67617.5365579584,0.15298085194108235,"{""up"":0.587,""flat"":0.0146,""down"":0.3984}",0.70670472,4,방향·크기 모두 틀림,,"{""sourceUrl"":""https://api.stock.naver.com/chart/domestic/item/329180/minute?startDateTime=202610011525&endDateTime=202610011545"",""rawHash"":""d40cb47d7225b0b3b33da756ae13402ed40d54b333fe656f8ae5c19177177d01"",""observedAt"":""2026-10-01T09:53:49Z"",""finalClose"":true}",1,2026-10-01T09:53:49Z,v1
score-b88822a028cc507f,score,2026-10-01,2026-10-01T09:53:49Z,,,"{""forecastId"":""2026-09-28-rolling20-13cd892134e517b4"",""inputSnapshotSHA256"":""0d432d2ff749f8ac7aafc1ec59cb34ef8b1ec97e7ac58cd388fd1b139768a258"",""collectionRecordId"":""collection-ce784343746dd63e""}",2026-09-28-rolling20-13cd892134e517b4,atlas-rolling20-A,live,,2026-09-28T09:39:48.714Z,2026-09-28,578000,034730,SK,util,2026-10-01,3,true,"{""p05"":null,""p10"":530313.7604329049,""p25"":null,""p50"":576901.4223974945,""p75"":null,""p90"":630985.8368402591,""p95"":null}",587000,-10098.577602505451,1.7203709714660054,2.5,true,-0.0019006532915318841,0.015570934256055269,down,up,false,530313.7604329049,630985.8368402591,true,17.417314257327718,100672.07640735421,0.17417314257327718,"{""up"":0.48095,""flat"":0.0129,""down"":0.50615}",0.5257671349999999,3,크기 허용·방향 틀림,,"{""sourceUrl"":""https://api.stock.naver.com/chart/domestic/item/034730/minute?startDateTime=202610011525&endDateTime=202610011545"",""rawHash"":""959fa2529e18a2c5aff7c375cc0a95f509d971c539d7fd70913d7c55f65a46bf"",""observedAt"":""2026-10-01T09:53:49Z"",""finalClose"":true}",1,2026-10-01T09:53:49Z,v1
score-90857845fc5f5530,score,2026-10-01,2026-10-01T09:53:49Z,,,"{""forecastId"":""2026-09-28-rolling20-13cd892134e517b4"",""inputSnapshotSHA256"":""0d432d2ff749f8ac7aafc1ec59cb34ef8b1ec97e7ac58cd388fd1b139768a258"",""collectionRecordId"":""collection-ce784343746dd63e""}",2026-09-28-rolling20-13cd892134e517b4,atlas-rolling20-A,live,,2026-09-28T09:39:48.714Z,2026-09-28,373000,012330,현대모비스,auto,2026-10-01,3,true,"{""p05"":null,""p10"":353141.0810887818,""p25"":null,""p50"":371823.5844026683,""p75"":null,""p90"":395309.228975746,""p95"":null}",382000,-10176.41559733171,2.663983140662751,2.5,false,-0.003153929215366502,0.024128686327077764,down,up,false,353141.0810887818,395309.228975746,true,11.305133481759839,42168.1478869642,0.1130513348175984,"{""up"":0.4576,""flat"":0.0206,""down"":0.5218}",0.56689736,4,방향·크기 모두 틀림,,"{""sourceUrl"":""https://api.stock.naver.com/chart/domestic/item/012330/minute?startDateTime=202610011525&endDateTime=202610011545"",""rawHash"":""d30f7871cdfc32d3e6c547553b4b19854d647d8bbb96f35beb55d8c77c02550a"",""observedAt"":""2026-10-01T09:53:49Z"",""finalClose"":true}",1,2026-10-01T09:53:49Z,v1
score-1eba8d33bb4c9ee8,score,2026-10-01,2026-10-01T09:53:49Z,,,"{""forecastId"":""2026-09-28-rolling20-13cd892134e517b4"",""inputSnapshotSHA256"":""0d432d2ff749f8ac7aafc1ec59cb34ef8b1ec97e7ac58cd388fd1b139768a258"",""collectionRecordId"":""collection-ce784343746dd63e""}",2026-09-28-rolling20-13cd892134e517b4,atlas-rolling20-A,live,,2026-09-28T09:39:48.714Z,2026-09-28,214500,066570,LG전자,semi,2026-10-01,3,true,"{""p05"":null,""p10"":200476.57337776767,""p25"":null,""p50"":213857.18842491187,""p75"":null,""p90"":229859.15402824368,""p95"":null}",211500,2357.188424911874,1.1145098935753541,2.5,true,-0.002996790559851359,-0.013986013986013957,down,down,true,200476.57337776767,229859.15402824368,true,13.698172797424712,29382.58065047601,0.13698172797424712,"{""up"":0.4662,""flat"":0.01735,""down"":0.51645}",0.451464065,1,방향·크기 모두 맞음,,"{""sourceUrl"":""https://api.stock.naver.com/chart/domestic/item/066570/minute?startDateTime=202610011525&endDateTime=202610011545"",""rawHash"":""6878b35d6109633a2a6eb48221d9285875301d52f74b7c587fe75247d9d44d4f"",""observedAt"":""2026-10-01T09:53:49Z"",""finalClose"":true}",1,2026-10-01T09:53:49Z,v1
score-c46d4ff7afbc474f,score,2026-10-01,2026-10-01T09:53:49Z,,,"{""forecastId"":""2026-09-28-rolling20-13cd892134e517b4"",""inputSnapshotSHA256"":""0d432d2ff749f8ac7aafc1ec59cb34ef8b1ec97e7ac58cd388fd1b139768a258"",""collectionRecordId"":""collection-ce784343746dd63e""}",2026-09-28-rolling20-13cd892134e517b4,atlas-rolling20-A,live,,2026-09-28T09:39:48.714Z,2026-09-28,197700,035420,NAVER,net,2026-10-01,3,true,"{""p05"":null,""p10"":187667.7234876201,""p25"":null,""p50"":197263.14856833307,""p75"":null,""p90"":208130.70569443697,""p95"":null}",191200,6063.148568333068,3.1711028077055796,2.5,false,-0.0022096683442940357,-0.03287809812847753,down,down,true,187667.7234876201,208130.70569443697,true,10.35052210764637,20462.982206816872,0.10350522107646369,"{""up"":0.46785,""flat"":0.02005,""down"":0.5121}",0.45733203499999997,2,방향 맞고 크기 틀림,,"{""sourceUrl"":""https://api.stock.naver.com/chart/domestic/item/035420/minute?startDateTime=202610011525&endDateTime=202610011545"",""rawHash"":""196fe71b43ddb9d90c81f95a8fbb791b7d06fcba5227f3cfea8fde0da74cb178"",""observedAt"":""2026-10-01T09:53:49Z"",""finalClose"":true}",1,2026-10-01T09:53:49Z,v1
score-83a30ee4235fdb42,score,2026-10-01,2026-10-01T09:53:49Z,,,"{""forecastId"":""2026-09-28-rolling20-13cd892134e517b4"",""inputSnapshotSHA256"":""0d432d2ff749f8ac7aafc1ec59cb34ef8b1ec97e7ac58cd388fd1b139768a258"",""collectionRecordId"":""collection-ce784343746dd63e""}",2026-09-28-rolling20-13cd892134e517b4,atlas-rolling20-A,live,,2026-09-28T09:39:48.714Z,2026-09-28,204500,010120,LS ELECTRIC,heavy,2026-10-01,3,true,"{""p05"":null,""p10"":187416.4525499024,""p25"":null,""p50"":203588.2517949015,""p75"":null,""p90"":223992.0079091863,""p95"":null}",206000,-2411.748205098498,1.1707515558730575,2.5,true,-0.0044584264307995225,0.007334963325183352,down,up,false,187416.4525499024,223992.0079091863,true,17.885357143904105,36575.5553592839,0.17885357143904107,"{""up"":0.4663,""flat"":0.01285,""down"":0.52085}",0.5562855350000001,3,크기 허용·방향 틀림,,"{""sourceUrl"":""https://api.stock.naver.com/chart/domestic/item/010120/minute?startDateTime=202610011525&endDateTime=202610011545"",""rawHash"":""a63320df81c3d7dd106b13b173e0d7e5fbfa286b4bdc929771ca0381d0300c48"",""observedAt"":""2026-10-01T09:53:49Z"",""finalClose"":true}",1,2026-10-01T09:53:49Z,v1
score-cc0e3a2599f76cd7,score,2026-10-01,2026-10-01T09:53:49Z,,,"{""forecastId"":""2026-09-28-rolling20-13cd892134e517b4"",""inputSnapshotSHA256"":""0d432d2ff749f8ac7aafc1ec59cb34ef8b1ec97e7ac58cd388fd1b139768a258"",""collectionRecordId"":""collection-ce784343746dd63e""}",2026-09-28-rolling20-13cd892134e517b4,atlas-rolling20-A,live,,2026-09-28T09:39:48.714Z,2026-09-28,661000,000810,삼성화재,fin,2026-10-01,3,true,"{""p05"":null,""p10"":628127.113317475,""p25"":null,""p50"":658496.963715018,""p75"":null,""p90"":696773.474175895,""p95"":null}",626000,32496.963715018006,5.191208261184984,2.5,false,-0.003786741732196619,-0.052950075642965166,down,down,true,628127.113317475,696773.474175895,false,10.38522857162179,89917.49403316958,0.1360325174480629,"{""up"":0.4505,""flat"":0.02065,""down"":0.52885}",0.42535899499999996,2,방향 맞고 크기 틀림,,"{""sourceUrl"":""https://api.stock.naver.com/chart/domestic/item/000810/minute?startDateTime=202610011525&endDateTime=202610011545"",""rawHash"":""f483df0029a297f337aab8d6f380c4da522f0fa51afe573bf15afe65ef002c21"",""observedAt"":""2026-10-01T09:53:49Z"",""finalClose"":true}",1,2026-10-01T09:53:49Z,v1
score-1312e161de91eedf,score,2026-10-01,2026-10-01T09:53:49Z,,,"{""forecastId"":""2026-09-28-rolling20-13cd892134e517b4"",""inputSnapshotSHA256"":""0d432d2ff749f8ac7aafc1ec59cb34ef8b1ec97e7ac58cd388fd1b139768a258"",""collectionRecordId"":""collection-ce784343746dd63e""}",2026-09-28-rolling20-13cd892134e517b4,atlas-rolling20-A,live,,2026-09-28T09:39:48.714Z,2026-09-28,316500,005490,POSCO홀딩스,chem,2026-10-01,3,true,"{""p05"":null,""p10"":301136.843808153,""p25"":null,""p50"":315972.9068052893,""p75"":null,""p90"":333353.9380705608,""p95"":null}",306500,9472.906805289327,3.090671062084609,2.5,false,-0.0016653813418978647,-0.03159557661927326,down,down,true,301136.843808153,333353.9380705608,true,10.179176702182561,32217.0942624078,0.1017917670218256,"{""up"":0.4712,""flat"":0.0216,""down"":0.5072}",0.46534784,2,방향 맞고 크기 틀림,,"{""sourceUrl"":""https://api.stock.naver.com/chart/domestic/item/005490/minute?startDateTime=202610011525&endDateTime=202610011545"",""rawHash"":""e358c62773fbcde8152d2302f1aa86f7e6d78c350e99378b4c57ec1acdee3093"",""observedAt"":""2026-10-01T09:53:49Z"",""finalClose"":true}",1,2026-10-01T09:53:49Z,v1
score-e772cfed973cd6a2,score,2026-10-01,2026-10-01T09:53:49Z,,,"{""forecastId"":""2026-09-28-rolling20-13cd892134e517b4"",""inputSnapshotSHA256"":""0d432d2ff749f8ac7aafc1ec59cb34ef8b1ec97e7ac58cd388fd1b139768a258"",""collectionRecordId"":""collection-ce784343746dd63e""}",2026-09-28-rolling20-13cd892134e517b4,atlas-rolling20-A,live,,2026-09-28T09:39:48.714Z,2026-09-28,1102000,010130,고려아연,chem,2026-10-01,3,true,"{""p05"":null,""p10"":1021647.2022474981,""p25"":null,""p50"":1095440.546255332,""p75"":null,""p90"":1198217.5711091515,""p95"":null}",1069000,26440.546255331952,2.4733906693481713,2.5,true,-0.005952317372657001,-0.029945553539019953,down,down,true,1021647.2022474981,1198217.5711091515,true,16.022719497427712,176570.36886165338,0.16022719497427712,"{""up"":0.45125,""flat"":0.014,""down"":0.53475}",0.42028012500000006,1,방향·크기 모두 맞음,,"{""sourceUrl"":""https://api.stock.naver.com/chart/domestic/item/010130/minute?startDateTime=202610011525&endDateTime=202610011545"",""rawHash"":""9468de85c1a5f13e3f6dd698462249207e84f3e0e1edc60dd1afe77c926b4a07"",""observedAt"":""2026-10-01T09:53:49Z"",""finalClose"":true}",1,2026-10-01T09:53:49Z,v1
score-348b1f40875a84b5,score,2026-10-01,2026-10-01T09:53:49Z,,,"{""forecastId"":""2026-09-28-rolling20-13cd892134e517b4"",""inputSnapshotSHA256"":""0d432d2ff749f8ac7aafc1ec59cb34ef8b1ec97e7ac58cd388fd1b139768a258"",""collectionRecordId"":""collection-ce784343746dd63e""}",2026-09-28-rolling20-13cd892134e517b4,atlas-rolling20-A,live,,2026-09-28T09:39:48.714Z,2026-09-28,133400,138040,메리츠금융지주,fin,2026-10-01,3,true,"{""p05"":null,""p10"":126539.5805364775,""p25"":null,""p50"":132500.14724739792,""p75"":null,""p90"":139759.24261298057,""p95"":null}",127200,5300.147247397923,4.166782427199625,2.5,false,-0.006745522883074062,-0.046476761619190454,down,down,true,126539.5805364775,139759.24261298057,true,9.909791661546526,13219.662076503068,0.09909791661546527,"{""up"":0.417,""flat"":0.0213,""down"":0.5617}",0.36644958000000005,2,방향 맞고 크기 틀림,,"{""sourceUrl"":""https://api.stock.naver.com/chart/domestic/item/138040/minute?startDateTime=202610011525&endDateTime=202610011545"",""rawHash"":""9767cebaf7445e7ab2026cdd5af5d11a5057baaa6d06059b2bde64d19b572627"",""observedAt"":""2026-10-01T09:53:49Z"",""finalClose"":true}",1,2026-10-01T09:53:49Z,v1
score-3dd2f5a6b8463341,score,2026-10-01,2026-10-01T09:53:49Z,,,"{""forecastId"":""2026-09-28-rolling20-13cd892134e517b4"",""inputSnapshotSHA256"":""0d432d2ff749f8ac7aafc1ec59cb34ef8b1ec97e7ac58cd388fd1b139768a258"",""collectionRecordId"":""collection-ce784343746dd63e""}",2026-09-28-rolling20-13cd892134e517b4,atlas-rolling20-A,live,,2026-09-28T09:39:48.714Z,2026-09-28,30700,015760,한국전력,util,2026-10-01,3,true,"{""p05"":null,""p10"":29142.26800463963,""p25"":null,""p50"":30699.07470272132,""p75"":null,""p90"":32295.802900886498,""p95"":null}",30150,549.0747027213183,1.8211432926080209,2.5,true,-0.00003013997650425093,-0.01791530944625408,down,down,true,29142.26800463963,32295.802900886498,true,10.272100639240609,3153.534896246867,0.1027210063924061,"{""up"":0.48795,""flat"":0.0217,""down"":0.49035}",0.4983092149999999,1,방향·크기 모두 맞음,,"{""sourceUrl"":""https://api.stock.naver.com/chart/domestic/item/015760/minute?startDateTime=202610011525&endDateTime=202610011545"",""rawHash"":""5638b3385830dd9827f153cbd1522aa97b7224337593595909b660e01e3854a8"",""observedAt"":""2026-10-01T09:53:49Z"",""finalClose"":true}",1,2026-10-01T09:53:49Z,v1
score-82c3872f017feb71,score,2026-10-01,2026-10-01T09:53:49Z,,,"{""forecastId"":""2026-09-28-rolling20-13cd892134e517b4"",""inputSnapshotSHA256"":""0d432d2ff749f8ac7aafc1ec59cb34ef8b1ec97e7ac58cd388fd1b139768a258"",""collectionRecordId"":""collection-ce784343746dd63e""}",2026-09-28-rolling20-13cd892134e517b4,atlas-rolling20-A,live,,2026-09-28T09:39:48.714Z,2026-09-28,21250,011200,HMM,auto,2026-10-01,3,true,"{""p05"":null,""p10"":20310.75739764007,""p25"":null,""p50"":21219.156352340753,""p75"":null,""p90"":22244.727419180886,""p95"":null}",21150,69.15635234075307,0.32698038931798146,2.5,true,-0.0014514657721999003,-0.004705882352941226,down,down,true,20310.75739764007,22244.727419180886,true,9.101035395486191,1933.9700215408157,0.09101035395486191,"{""up"":0.47035,""flat"":0.02425,""down"":0.5054}",0.46644634500000004,1,방향·크기 모두 맞음,,"{""sourceUrl"":""https://api.stock.naver.com/chart/domestic/item/011200/minute?startDateTime=202610011525&endDateTime=202610011545"",""rawHash"":""25a33e9191f450cacb0064f05a8612d6224967d082dff83a2cdc463ff9f98fe8"",""observedAt"":""2026-10-01T09:53:49Z"",""finalClose"":true}",1,2026-10-01T09:53:49Z,v1
score-6bb0c151c382f389,score,2026-10-01,2026-10-01T09:53:49Z,,,"{""forecastId"":""2026-09-28-rolling20-13cd892134e517b4"",""inputSnapshotSHA256"":""0d432d2ff749f8ac7aafc1ec59cb34ef8b1ec97e7ac58cd388fd1b139768a258"",""collectionRecordId"":""collection-ce784343746dd63e""}",2026-09-28-rolling20-13cd892134e517b4,atlas-rolling20-A,live,,2026-09-28T09:39:48.714Z,2026-09-28,262500,051910,LG화학,chem,2026-10-01,3,true,"{""p05"":null,""p10"":243540.02110839356,""p25"":null,""p50"":262143.13488316798,""p75"":null,""p90"":282516.53197465383,""p95"":null}",257000,5143.134883167979,2.0012197988980462,2.5,true,-0.0013594861593601015,-0.020952380952380945,down,down,true,243540.02110839356,282516.53197465383,true,14.8481946157182,38976.51086626027,0.148481946157182,"{""up"":0.48375,""flat"":0.0138,""down"":0.50245}",0.481760505,1,방향·크기 모두 맞음,,"{""sourceUrl"":""https://api.stock.naver.com/chart/domestic/item/051910/minute?startDateTime=202610011525&endDateTime=202610011545"",""rawHash"":""6392b0e146b759a74ff8c8cc9b421b8cedc5c83272e22a4e79f4841e83ae2262"",""observedAt"":""2026-10-01T09:53:49Z"",""finalClose"":true}",1,2026-10-01T09:53:49Z,v1
score-6c0e1212db8a7fa8,score,2026-10-01,2026-10-01T09:53:49Z,,,"{""forecastId"":""2026-09-28-rolling20-13cd892134e517b4"",""inputSnapshotSHA256"":""0d432d2ff749f8ac7aafc1ec59cb34ef8b1ec97e7ac58cd388fd1b139768a258"",""collectionRecordId"":""collection-ce784343746dd63e""}",2026-09-28-rolling20-13cd892134e517b4,atlas-rolling20-A,live,,2026-09-28T09:39:48.714Z,2026-09-28,88200,017670,SK텔레콤,net,2026-10-01,3,true,"{""p05"":null,""p10"":85156.44653289992,""p25"":null,""p50"":88112.53595197841,""p75"":null,""p90"":91500.50850357415,""p95"":null}",86300,1812.5359519784106,2.100273409013222,2.5,true,-0.0009916558732606662,-0.02154195011337867,down,down,true,85156.44653289992,91500.50850357415,true,7.192814025707743,6344.061970674229,0.07192814025707743,"{""up"":0.4664,""flat"":0.03365,""down"":0.49995}",0.468711285,1,방향·크기 모두 맞음,,"{""sourceUrl"":""https://api.stock.naver.com/chart/domestic/item/017670/minute?startDateTime=202610011525&endDateTime=202610011545"",""rawHash"":""73798c3aa69eea0b004bbd778e3b5b6de9201c4f9a5445ed9e27c8d6641c37e6"",""observedAt"":""2026-10-01T09:53:49Z"",""finalClose"":true}",1,2026-10-01T09:53:49Z,v1
score-c38bd41c87a80db7,score,2026-10-01,2026-10-01T09:53:49Z,,,"{""forecastId"":""2026-09-28-rolling20-13cd892134e517b4"",""inputSnapshotSHA256"":""0d432d2ff749f8ac7aafc1ec59cb34ef8b1ec97e7ac58cd388fd1b139768a258"",""collectionRecordId"":""collection-ce784343746dd63e""}",2026-09-28-rolling20-13cd892134e517b4,atlas-rolling20-A,live,,2026-09-28T09:39:48.714Z,2026-09-28,175400,033780,KT&G,cons,2026-10-01,3,true,"{""p05"":null,""p10"":169966.11569469492,""p25"":null,""p50"":175412.39226677502,""p75"":null,""p90"":181564.88735727945,""p95"":null}",174700,712.3922667750157,0.40778034732399293,2.5,true,0.00007065146393969712,-0.003990877993158448,up,down,false,169966.11569469492,181564.88735727945,true,6.612754653696998,11598.771662584535,0.06612754653696998,"{""up"":0.4839,""flat"":0.0352,""down"":0.4809}",0.50486306,3,크기 허용·방향 틀림,,"{""sourceUrl"":""https://api.stock.naver.com/chart/domestic/item/033780/minute?startDateTime=202610011525&endDateTime=202610011545"",""rawHash"":""8358d192b9f9dd179c7b16f4e84aca4159a7ebadd287aafcbb55f701910edd38"",""observedAt"":""2026-10-01T09:53:49Z"",""finalClose"":true}",1,2026-10-01T09:53:49Z,v1
score-83804f67a64ce827,score,2026-10-01,2026-10-01T09:53:49Z,,,"{""forecastId"":""2026-09-28-rolling20-13cd892134e517b4"",""inputSnapshotSHA256"":""0d432d2ff749f8ac7aafc1ec59cb34ef8b1ec97e7ac58cd388fd1b139768a258"",""collectionRecordId"":""collection-ce784343746dd63e""}",2026-09-28-rolling20-13cd892134e517b4,atlas-rolling20-A,live,,2026-09-28T09:39:48.714Z,2026-09-28,252500,196170,알테오젠,bio,2026-10-01,3,true,"{""p05"":null,""p10"":238806.9308062084,""p25"":null,""p50"":253714.72245134524,""p75"":null,""p90"":270930.26192578016,""p95"":null}",265000,-11285.277548654762,4.258595301379155,2.5,false,0.004810781985525647,0.04950495049504955,up,up,true,238806.9308062084,270930.26192578016,true,12.722111334483863,32123.331119571754,0.12722111334483863,"{""up"":0.5337,""flat"":0.0166,""down"":0.4497}",0.41994134000000005,2,방향 맞고 크기 틀림,,"{""sourceUrl"":""https://api.stock.naver.com/chart/domestic/item/196170/minute?startDateTime=202610011525&endDateTime=202610011545"",""rawHash"":""9797ee27c42c596d2b8c587486d4b1f7517165de874c02bde6aa9b09eeecac9a"",""observedAt"":""2026-10-01T09:53:49Z"",""finalClose"":true}",1,2026-10-01T09:53:49Z,v1
score-1439d2357c99bea5,score,2026-10-01,2026-10-01T09:53:49Z,,,"{""forecastId"":""2026-09-28-rolling20-13cd892134e517b4"",""inputSnapshotSHA256"":""0d432d2ff749f8ac7aafc1ec59cb34ef8b1ec97e7ac58cd388fd1b139768a258"",""collectionRecordId"":""collection-ce784343746dd63e""}",2026-09-28-rolling20-13cd892134e517b4,atlas-rolling20-A,live,,2026-09-28T09:39:48.714Z,2026-09-28,219000,018260,삼성에스디에스,semi,2026-10-01,3,true,"{""p05"":null,""p10"":207244.41022099042,""p25"":null,""p50"":218507.15491912293,""p75"":null,""p90"":230677.2312840568,""p95"":null}",223000,-4492.845080877072,2.0147287358193147,2.5,true,-0.002250434159256076,0.0182648401826484,down,up,false,207244.41022099042,230677.2312840568,true,10.69991829363761,23432.821063066367,0.1069991829363761,"{""up"":0.4673,""flat"":0.02035,""down"":0.51235}",0.546685935,3,크기 허용·방향 틀림,,"{""sourceUrl"":""https://api.stock.naver.com/chart/domestic/item/018260/minute?startDateTime=202610011525&endDateTime=202610011545"",""rawHash"":""56a59fc006410c14fcba3ee90318bc15e8cfc269d3e1cfdcd82b858b33b444e0"",""observedAt"":""2026-10-01T09:53:49Z"",""finalClose"":true}",1,2026-10-01T09:53:49Z,v1
score-d9bbd43b1e8575da,score,2026-10-01,2026-10-01T09:53:49Z,,,"{""forecastId"":""2026-09-28-rolling20-13cd892134e517b4"",""inputSnapshotSHA256"":""0d432d2ff749f8ac7aafc1ec59cb34ef8b1ec97e7ac58cd388fd1b139768a258"",""collectionRecordId"":""collection-ce784343746dd63e""}",2026-09-28-rolling20-13cd892134e517b4,atlas-rolling20-A,live,,2026-09-28T09:39:48.714Z,2026-09-28,199100,086280,현대글로비스,auto,2026-10-01,3,true,"{""p05"":null,""p10"":188684.99214077517,""p25"":null,""p50"":198678.65093435097,""p75"":null,""p90"":210302.56931758136,""p95"":null}",198400,278.6509343509679,0.14044905965270557,2.5,true,-0.0021162685366601375,-0.0035158211953791874,down,down,true,188684.99214077517,210302.56931758136,true,10.857648004423002,21617.577176806197,0.10857648004423003,"{""up"":0.4687,""flat"":0.0199,""down"":0.5114}",0.45880566000000006,1,방향·크기 모두 맞음,,"{""sourceUrl"":""https://api.stock.naver.com/chart/domestic/item/086280/minute?startDateTime=202610011525&endDateTime=202610011545"",""rawHash"":""7e021ee64c2d78697892d291ee3095c1eb6f8289d26efd1ee2075ba2e64a15ee"",""observedAt"":""2026-10-01T09:53:49Z"",""finalClose"":true}",1,2026-10-01T09:53:49Z,v1
score-b146000a615b1395,score,2026-10-01,2026-10-01T09:53:49Z,,,"{""forecastId"":""2026-09-28-rolling20-13cd892134e517b4"",""inputSnapshotSHA256"":""0d432d2ff749f8ac7aafc1ec59cb34ef8b1ec97e7ac58cd388fd1b139768a258"",""collectionRecordId"":""collection-ce784343746dd63e""}",2026-09-28-rolling20-13cd892134e517b4,atlas-rolling20-A,live,,2026-09-28T09:39:48.714Z,2026-09-28,124600,000720,현대건설,heavy,2026-10-01,3,true,"{""p05"":null,""p10"":114757.92024104223,""p25"":null,""p50"":123877.93461952126,""p75"":null,""p90"":136068.1007939242,""p95"":null}",117200,6677.9346195212565,5.697896433038615,2.5,false,-0.005795067259058984,-0.0593900481540931,down,down,true,114757.92024104223,136068.1007939242,true,17.102873637947017,21310.180552881982,0.17102873637947016,"{""up"":0.4559,""flat"":0.0122,""down"":0.5319}",0.42711126,2,방향 맞고 크기 틀림,,"{""sourceUrl"":""https://api.stock.naver.com/chart/domestic/item/000720/minute?startDateTime=202610011525&endDateTime=202610011545"",""rawHash"":""6e8fb59ee494d85dc6ca7bcb80dd0b3075b3709739a171b46d0d27bb48979cc5"",""observedAt"":""2026-10-01T09:53:49Z"",""finalClose"":true}",1,2026-10-01T09:53:49Z,v1
score-98367d85d3cbad02,score,2026-10-01,2026-10-01T09:53:49Z,,,"{""forecastId"":""2026-09-28-rolling20-13cd892134e517b4"",""inputSnapshotSHA256"":""0d432d2ff749f8ac7aafc1ec59cb34ef8b1ec97e7ac58cd388fd1b139768a258"",""collectionRecordId"":""collection-ce784343746dd63e""}",2026-09-28-rolling20-13cd892134e517b4,atlas-rolling20-A,live,,2026-09-28T09:39:48.714Z,2026-09-28,368500,278470,에이피알,cons,2026-10-01,3,true,"{""p05"":null,""p10"":339317.9660374906,""p25"":null,""p50"":368042.0209022589,""p75"":null,""p90"":400430.7179035277,""p95"":null}",366000,2042.020902258926,0.5579292082674661,2.5,true,-0.0012428198039106109,-0.006784260515603768,down,down,true,339317.9660374906,400430.7179035277,true,16.584193179385927,61112.75186603714,0.16584193179385928,"{""up"":0.4855,""flat"":0.013,""down"":0.5015}",0.4843815,1,방향·크기 모두 맞음,,"{""sourceUrl"":""https://api.stock.naver.com/chart/domestic/item/278470/minute?startDateTime=202610011525&endDateTime=202610011545"",""rawHash"":""581e531c2237ba38c7f4a7cfc4aeadbd997bf7b3c1b6d6bc97c6cd5d7d424a2e"",""observedAt"":""2026-10-01T09:53:49Z"",""finalClose"":true}",1,2026-10-01T09:53:49Z,v1
score-2320a29208113885,score,2026-10-01,2026-10-01T09:53:49Z,,,"{""forecastId"":""2026-09-28-rolling20-13cd892134e517b4"",""inputSnapshotSHA256"":""0d432d2ff749f8ac7aafc1ec59cb34ef8b1ec97e7ac58cd388fd1b139768a258"",""collectionRecordId"":""collection-ce784343746dd63e""}",2026-09-28-rolling20-13cd892134e517b4,atlas-rolling20-A,live,,2026-09-28T09:39:48.714Z,2026-09-28,52900,030200,KT,net,2026-10-01,3,true,"{""p05"":null,""p10"":51368.36657151911,""p25"":null,""p50"":52895.620123713146,""p75"":null,""p90"":54550.54526781326,""p95"":null}",51800,1095.6201237131463,2.115096763924993,2.5,true,-0.00008279539294619997,-0.020793950850661602,down,down,true,51368.36657151911,54550.54526781326,true,6.01546067352391,3182.178696294148,0.06015460673523909,"{""up"":0.48025,""flat"":0.03655,""down"":0.4832}",0.499058205,1,방향·크기 모두 맞음,,"{""sourceUrl"":""https://api.stock.naver.com/chart/domestic/item/030200/minute?startDateTime=202610011525&endDateTime=202610011545"",""rawHash"":""80f6c35634a12743e11dfb2a6658ad3b03a1a42dc287c4f130f2fb55f82f38a6"",""observedAt"":""2026-10-01T09:53:49Z"",""finalClose"":true}",1,2026-10-01T09:53:49Z,v1
score-af627248f04376de,score,2026-10-01,2026-10-01T09:53:49Z,,,"{""forecastId"":""2026-09-28-rolling20-13cd892134e517b4"",""inputSnapshotSHA256"":""0d432d2ff749f8ac7aafc1ec59cb34ef8b1ec97e7ac58cd388fd1b139768a258"",""collectionRecordId"":""collection-ce784343746dd63e""}",2026-09-28-rolling20-13cd892134e517b4,atlas-rolling20-A,live,,2026-09-28T09:39:48.714Z,2026-09-28,31700,003490,대한항공,auto,2026-10-01,3,true,"{""p05"":null,""p10"":29914.984309212778,""p25"":null,""p50"":31395.257311674493,""p75"":null,""p90"":33164.82953611037,""p95"":null}",31200,195.2573116744934,0.6258247169054275,2.5,true,-0.00961333401657749,-0.01577287066246058,down,down,true,29914.984309212778,33164.82953611037,true,10.251877687374098,3249.845226897589,0.10251877687374097,"{""up"":0.38795,""flat"":0.02055,""down"":0.5915}",0.317799755,1,방향·크기 모두 맞음,,"{""sourceUrl"":""https://api.stock.naver.com/chart/domestic/item/003490/minute?startDateTime=202610011525&endDateTime=202610011545"",""rawHash"":""e292de41a1cf8c5204a7c4a6183051218b67b77f0cc11786982488b77686518b"",""observedAt"":""2026-10-01T09:53:49Z"",""finalClose"":true}",1,2026-10-01T09:53:49Z,v1
score-32d3223702e86d7d,score,2026-10-01,2026-10-01T09:53:49Z,,,"{""forecastId"":""2026-09-28-rolling20-13cd892134e517b4"",""inputSnapshotSHA256"":""0d432d2ff749f8ac7aafc1ec59cb34ef8b1ec97e7ac58cd388fd1b139768a258"",""collectionRecordId"":""collection-ce784343746dd63e""}",2026-09-28-rolling20-13cd892134e517b4,atlas-rolling20-A,live,,2026-09-28T09:39:48.714Z,2026-09-28,56900,047050,포스코인터내셔널,util,2026-10-01,3,true,"{""p05"":null,""p10"":53657.59563740666,""p25"":null,""p50"":56773.756655604724,""p75"":null,""p90"":60501.80385113519,""p95"":null}",55300,1473.756655604724,2.6650210770429004,2.5,false,-0.0022186879507077872,-0.02811950790861162,down,down,true,53657.59563740666,60501.80385113519,true,12.028485437132746,6844.208213728532,0.12028485437132747,"{""up"":0.46955,""flat"":0.0183,""down"":0.51215}",0.458809715,2,방향 맞고 크기 틀림,,"{""sourceUrl"":""https://api.stock.naver.com/chart/domestic/item/047050/minute?startDateTime=202610011525&endDateTime=202610011545"",""rawHash"":""59d3b299ac56eefa9dfc9347ac2b9b65a9c34097631736b1c5919055dcc0db53"",""observedAt"":""2026-10-01T09:53:49Z"",""finalClose"":true}",1,2026-10-01T09:53:49Z,v1
score-1e091292b87a3398,score,2026-10-01,2026-10-01T09:53:49Z,,,"{""forecastId"":""2026-09-28-rolling20-13cd892134e517b4"",""inputSnapshotSHA256"":""0d432d2ff749f8ac7aafc1ec59cb34ef8b1ec97e7ac58cd388fd1b139768a258"",""collectionRecordId"":""collection-ce784343746dd63e""}",2026-09-28-rolling20-13cd892134e517b4,atlas-rolling20-A,live,,2026-09-28T09:39:48.714Z,2026-09-28,1215000,003230,삼양식품,cons,2026-10-01,3,true,"{""p05"":null,""p10"":1138714.5348898522,""p25"":null,""p50"":1209389.173354401,""p75"":null,""p90"":1302687.0489406772,""p95"":null}",1224000,-14610.82664559898,1.1936949873855376,2.5,true,-0.004617964317365386,0.007407407407407307,down,up,false,1138714.5348898522,1302687.0489406772,true,13.495680168792184,163972.51405082503,0.13495680168792185,"{""up"":0.4551,""flat"":0.01505,""down"":0.52985}",0.577883535,3,크기 허용·방향 틀림,,"{""sourceUrl"":""https://api.stock.naver.com/chart/domestic/item/003230/minute?startDateTime=202610011525&endDateTime=202610011545"",""rawHash"":""7779e2144463a3253b3fbc79af9f207b9b2ec0159e5bf99ea44bf107b7fa6fc9"",""observedAt"":""2026-10-01T09:53:49Z"",""finalClose"":true}",1,2026-10-01T09:53:49Z,v1
score-6220d4412c741fb4,score,2026-10-01,2026-10-01T09:53:49Z,,,"{""forecastId"":""2026-09-28-rolling20-13cd892134e517b4"",""inputSnapshotSHA256"":""0d432d2ff749f8ac7aafc1ec59cb34ef8b1ec97e7ac58cd388fd1b139768a258"",""collectionRecordId"":""collection-ce784343746dd63e""}",2026-09-28-rolling20-13cd892134e517b4,atlas-rolling20-A,live,,2026-09-28T09:39:48.714Z,2026-09-28,202000,259960,크래프톤,net,2026-10-01,3,true,"{""p05"":null,""p10"":192683.81951187213,""p25"":null,""p50"":201869.73886688246,""p75"":null,""p90"":211000.02894665764,""p95"":null}",199700,2169.738866882457,1.0864991822145504,2.5,true,-0.000644857094641349,-0.011386138613861396,down,down,true,192683.81951187213,211000.02894665764,true,9.06743041326015,18316.2094347855,0.0906743041326015,"{""up"":0.48355,""flat"":0.021,""down"":0.49545}",0.4888323050000001,1,방향·크기 모두 맞음,,"{""sourceUrl"":""https://api.stock.naver.com/chart/domestic/item/259960/minute?startDateTime=202610011525&endDateTime=202610011545"",""rawHash"":""9794df2942f325a8d272f5f52873ac3e2b73d1870ef5c4be7af0e1f93616fdea"",""observedAt"":""2026-10-01T09:53:49Z"",""finalClose"":true}",1,2026-10-01T09:53:49Z,v1
score-58e6d504ba001383,score,2026-10-01,2026-10-01T09:53:49Z,,,"{""forecastId"":""2026-09-28-rolling20-13cd892134e517b4"",""inputSnapshotSHA256"":""0d432d2ff749f8ac7aafc1ec59cb34ef8b1ec97e7ac58cd388fd1b139768a258"",""collectionRecordId"":""collection-ce784343746dd63e""}",2026-09-28-rolling20-13cd892134e517b4,atlas-rolling20-A,live,,2026-09-28T09:39:48.714Z,2026-09-28,101600,021240,코웨이,cons,2026-10-01,3,true,"{""p05"":null,""p10"":96737.21552287863,""p25"":null,""p50"":101526.31006512133,""p75"":null,""p90"":107376.71035932265,""p95"":null}",99300,2226.3100651213317,2.242004093777776,2.5,true,-0.0007252946346325562,-0.02263779527559051,down,down,true,96737.21552287863,107376.71035932265,true,10.4719437366575,10639.49483644402,0.104719437366575,"{""up"":0.4829,""flat"":0.0194,""down"":0.4977}",0.48587405999999994,1,방향·크기 모두 맞음,,"{""sourceUrl"":""https://api.stock.naver.com/chart/domestic/item/021240/minute?startDateTime=202610011525&endDateTime=202610011545"",""rawHash"":""ff60574512db30869d98dd60485b3b341e062aeef40997b020bf3c88f8a269e2"",""observedAt"":""2026-10-01T09:53:49Z"",""finalClose"":true}",1,2026-10-01T09:53:49Z,v1
score-0960efb701336529,score,2026-10-01,2026-10-01T09:53:49Z,,,"{""forecastId"":""2026-09-28-rolling20-13cd892134e517b4"",""inputSnapshotSHA256"":""0d432d2ff749f8ac7aafc1ec59cb34ef8b1ec97e7ac58cd388fd1b139768a258"",""collectionRecordId"":""collection-ce784343746dd63e""}",2026-09-28-rolling20-13cd892134e517b4,atlas-rolling20-A,live,,2026-09-28T09:39:48.714Z,2026-09-28,161900,352820,하이브,net,2026-10-01,3,true,"{""p05"":null,""p10"":153166.2118962476,""p25"":null,""p50"":161852.21897634258,""p75"":null,""p90"":171358.9278414772,""p95"":null}",156200,5652.218976342585,3.6185780898480053,2.5,false,-0.00029512676749487987,-0.03520691785052499,down,down,true,153166.2118962476,171358.9278414772,true,11.237007995818162,18192.715945229604,0.11237007995818162,"{""up"":0.487,""flat"":0.0199,""down"":0.4931}",0.49451261999999996,2,방향 맞고 크기 틀림,,"{""sourceUrl"":""https://api.stock.naver.com/chart/domestic/item/352820/minute?startDateTime=202610011525&endDateTime=202610011545"",""rawHash"":""fa6fd3049f529b54960942d74e9f903d1dec76906e0423c2883c2221b35b1d8f"",""observedAt"":""2026-10-01T09:53:49Z"",""finalClose"":true}",1,2026-10-01T09:53:49Z,v1
score-f4e39173fce83028,score,2026-10-01,2026-10-01T09:53:49Z,,,"{""forecastId"":""2026-09-28-rolling20-13cd892134e517b4"",""inputSnapshotSHA256"":""0d432d2ff749f8ac7aafc1ec59cb34ef8b1ec97e7ac58cd388fd1b139768a258"",""collectionRecordId"":""collection-ce784343746dd63e""}",2026-09-28-rolling20-13cd892134e517b4,atlas-rolling20-A,live,,2026-09-28T09:39:48.714Z,2026-09-28,33350,009830,한화솔루션,chem,2026-10-01,3,true,"{""p05"":null,""p10"":29951.75718493035,""p25"":null,""p50"":33204.88054467737,""p75"":null,""p90"":37287.23595266067,""p95"":null}",34250,-1045.1194553226305,3.0514436651755634,2.5,false,-0.004351407955701103,0.026986506746626615,down,up,false,29951.75718493035,37287.23595266067,true,21.995438583899002,7335.4787677303175,0.21995438583899002,"{""up"":0.47215,""flat"":0.01005,""down"":0.5178}",0.546843465,4,방향·크기 모두 틀림,,"{""sourceUrl"":""https://api.stock.naver.com/chart/domestic/item/009830/minute?startDateTime=202610011525&endDateTime=202610011545"",""rawHash"":""543a50ff99b7c9d1cc2199a91d6a2eb10d868e5f4c8de1f45e9928bb4aedc00e"",""observedAt"":""2026-10-01T09:53:49Z"",""finalClose"":true}",1,2026-10-01T09:53:49Z,v1
score-eb86b62874bdbba5,score,2026-10-01,2026-10-01T09:53:49Z,,,"{""forecastId"":""2026-09-28-rolling20-13cd892134e517b4"",""inputSnapshotSHA256"":""0d432d2ff749f8ac7aafc1ec59cb34ef8b1ec97e7ac58cd388fd1b139768a258"",""collectionRecordId"":""collection-ce784343746dd63e""}",2026-09-28-rolling20-13cd892134e517b4,atlas-rolling20-A,live,,2026-09-28T09:39:48.714Z,2026-09-28,43350,029780,삼성카드,fin,2026-10-01,3,true,"{""p05"":null,""p10"":41933.38174269933,""p25"":null,""p50"":43343.925688090865,""p75"":null,""p90"":44767.20585662109,""p95"":null}",41850,1493.9256880908652,3.5697149058324134,2.5,false,-0.0001401225353895308,-0.03460207612456745,down,down,true,41933.38174269933,44767.20585662109,false,6.53707984757039,3667.6415409150286,0.08460534119757851,"{""up"":0.4801,""flat"":0.0356,""down"":0.4843}",0.49770986000000006,2,방향 맞고 크기 틀림,,"{""sourceUrl"":""https://api.stock.naver.com/chart/domestic/item/029780/minute?startDateTime=202610011525&endDateTime=202610011545"",""rawHash"":""9064b218c80aecb8ab8ee27142599c409a55273e0e211a0453cc2f168fd9dce2"",""observedAt"":""2026-10-01T09:53:49Z"",""finalClose"":true}",1,2026-10-01T09:53:49Z,v1
score-765468824efacc4d,score,2026-10-01,2026-10-01T09:53:49Z,,,"{""forecastId"":""2026-09-28-rolling20-13cd892134e517b4"",""inputSnapshotSHA256"":""0d432d2ff749f8ac7aafc1ec59cb34ef8b1ec97e7ac58cd388fd1b139768a258"",""collectionRecordId"":""collection-ce784343746dd63e""}",2026-09-28-rolling20-13cd892134e517b4,atlas-rolling20-A,live,,2026-09-28T09:39:48.714Z,2026-09-28,39700,028300,HLB,bio,2026-10-01,3,true,"{""p05"":null,""p10"":36498.14279858772,""p25"":null,""p50"":39394.355432407196,""p75"":null,""p90"":42745.726069299824,""p95"":null}",40550,-1155.6445675928044,2.849924950907039,2.5,false,-0.0076988556068716685,0.021410579345088054,down,up,false,36498.14279858772,42745.726069299824,true,15.736985568544334,6247.583270712101,0.15736985568544334,"{""up"":0.43805,""flat"":0.01315,""down"":0.5488}",0.617142165,4,방향·크기 모두 틀림,,"{""sourceUrl"":""https://api.stock.naver.com/chart/domestic/item/028300/minute?startDateTime=202610011525&endDateTime=202610011545"",""rawHash"":""1c5d03d4d8a8a11461f1f37faee77191757564b1a49cdf2b63d8b299ec6064c7"",""observedAt"":""2026-10-01T09:53:49Z"",""finalClose"":true}",1,2026-10-01T09:53:49Z,v1
score-6e44de6fc0d6abc2,score,2026-10-01,2026-10-01T09:53:49Z,,,"{""forecastId"":""2026-09-28-rolling20-13cd892134e517b4"",""inputSnapshotSHA256"":""0d432d2ff749f8ac7aafc1ec59cb34ef8b1ec97e7ac58cd388fd1b139768a258"",""collectionRecordId"":""collection-ce784343746dd63e""}",2026-09-28-rolling20-13cd892134e517b4,atlas-rolling20-A,live,,2026-09-28T09:39:48.714Z,2026-09-28,8450,034220,LG디스플레이,semi,2026-10-01,3,true,"{""p05"":null,""p10"":8026.076965665844,""p25"":null,""p50"":8435.567651505593,""p75"":null,""p90"":8888.467316854349,""p95"":null}",8580,-144.43234849440705,1.683360705063019,2.5,true,-0.0017079702360245363,0.01538461538461533,down,up,false,8026.076965665844,8888.467316854349,true,10.205802972645026,862.3903511885046,0.10205802972645026,"{""up"":0.4713,""flat"":0.02105,""down"":0.50765}",0.537675315,3,크기 허용·방향 틀림,,"{""sourceUrl"":""https://api.stock.naver.com/chart/domestic/item/034220/minute?startDateTime=202610011525&endDateTime=202610011545"",""rawHash"":""bff0ed9be2e7be9f042450133e9ff813d09ee31c4661f45f7efed75c98ecff75"",""observedAt"":""2026-10-01T09:53:49Z"",""finalClose"":true}",1,2026-10-01T09:53:49Z,v1
score-627ecda2007ffc71,score,2026-10-01,2026-10-01T09:53:49Z,,,"{""forecastId"":""2026-09-28-rolling20-13cd892134e517b4"",""inputSnapshotSHA256"":""0d432d2ff749f8ac7aafc1ec59cb34ef8b1ec97e7ac58cd388fd1b139768a258"",""collectionRecordId"":""collection-ce784343746dd63e""}",2026-09-28-rolling20-13cd892134e517b4,atlas-rolling20-A,live,,2026-09-28T09:39:48.714Z,2026-09-28,480000,002380,KCC,chem,2026-10-01,3,true,"{""p05"":null,""p10"":454463.1399818087,""p25"":null,""p50"":479856.9199302022,""p75"":null,""p90"":507042.75020541623,""p95"":null}",472500,7356.919930202188,1.557020091048082,2.5,true,-0.00029808347874549224,-0.015625,down,down,true,454463.1399818087,507042.75020541623,true,10.954085463251564,52579.61022360751,0.10954085463251564,"{""up"":0.48695,""flat"":0.0206,""down"":0.49245}",0.49515166499999996,1,방향·크기 모두 맞음,,"{""sourceUrl"":""https://api.stock.naver.com/chart/domestic/item/002380/minute?startDateTime=202610011525&endDateTime=202610011545"",""rawHash"":""141b88170b3def44293d2fc60feeca90c272dcb31f0459d771c0ebcdd0eab545"",""observedAt"":""2026-10-01T09:53:49Z"",""finalClose"":true}",1,2026-10-01T09:53:49Z,v1
score-410a91884f8e0462,score,2026-10-01,2026-10-01T09:53:49Z,,,"{""forecastId"":""2026-09-28-rolling20-13cd892134e517b4"",""inputSnapshotSHA256"":""0d432d2ff749f8ac7aafc1ec59cb34ef8b1ec97e7ac58cd388fd1b139768a258"",""collectionRecordId"":""collection-ce784343746dd63e""}",2026-09-28-rolling20-13cd892134e517b4,atlas-rolling20-A,live,,2026-09-28T09:39:48.714Z,2026-09-28,35500,036460,한국가스공사,util,2026-10-01,3,true,"{""p05"":null,""p10"":34225.47099792836,""p25"":null,""p50"":35499.896345731395,""p75"":null,""p90"":36739.60934562769,""p95"":null}",35250,249.89634573139483,0.7089258034933187,2.5,true,-0.0000029198385522732906,-0.007042253521126751,up,down,false,34225.47099792836,36739.60934562769,true,7.082079852674165,2514.1383476993287,0.07082079852674165,"{""up"":0.48515,""flat"":0.02985,""down"":0.485}",0.501486545,3,크기 허용·방향 틀림,,"{""sourceUrl"":""https://api.stock.naver.com/chart/domestic/item/036460/minute?startDateTime=202610011525&endDateTime=202610011545"",""rawHash"":""1a9626f58905b65d139fbf2683b2648a70f92d423a279431b32c631461d8b645"",""observedAt"":""2026-10-01T09:53:49Z"",""finalClose"":true}",1,2026-10-01T09:53:49Z,v1
score-c404f9fb119aa3e1,score,2026-10-01,2026-10-01T09:53:49Z,,,"{""forecastId"":""2026-09-28-rolling20-13cd892134e517b4"",""inputSnapshotSHA256"":""0d432d2ff749f8ac7aafc1ec59cb34ef8b1ec97e7ac58cd388fd1b139768a258"",""collectionRecordId"":""collection-ce784343746dd63e""}",2026-09-28-rolling20-13cd892134e517b4,atlas-rolling20-A,live,,2026-09-28T09:39:48.714Z,2026-09-28,343500,004170,신세계,cons,2026-10-01,3,true,"{""p05"":null,""p10"":321082.80770086625,""p25"":null,""p50"":343754.26381077827,""p75"":null,""p90"":370417.1527370854,""p95"":null}",333500,10254.26381077827,3.0747417723473074,2.5,false,0.0007402148785393692,-0.02911208151382827,up,down,false,321082.80770086625,370417.1527370854,true,14.362254741257399,49334.345036219165,0.143622547412574,"{""up"":0.49775,""flat"":0.0146,""down"":0.48765}",0.5104707450000001,4,방향·크기 모두 틀림,,"{""sourceUrl"":""https://api.stock.naver.com/chart/domestic/item/004170/minute?startDateTime=202610011525&endDateTime=202610011545"",""rawHash"":""5bbba3aeb08f04d98ed55a40ac794a10816a2b51d50e3c6b3038c1b6f7056c01"",""observedAt"":""2026-10-01T09:53:49Z"",""finalClose"":true}",1,2026-10-01T09:53:49Z,v1
score-278e80fca1de22df,score,2026-10-01,2026-10-01T09:53:49Z,,,"{""forecastId"":""2026-09-28-rolling20-13cd892134e517b4"",""inputSnapshotSHA256"":""0d432d2ff749f8ac7aafc1ec59cb34ef8b1ec97e7ac58cd388fd1b139768a258"",""collectionRecordId"":""collection-ce784343746dd63e""}",2026-09-28-rolling20-13cd892134e517b4,atlas-rolling20-A,live,,2026-09-28T09:39:48.714Z,2026-09-28,83300,012750,에스원,util,2026-10-01,3,true,"{""p05"":null,""p10"":79615.786568588,""p25"":null,""p50"":83324.67201320232,""p75"":null,""p90"":87082.81296724391,""p95"":null}",83200,124.67201320231834,0.14984616971432493,2.5,true,0.0002961826314804572,-0.0012004801920768582,up,down,false,79615.786568588,87082.81296724391,true,8.964017285301217,7467.026398655915,0.08964017285301218,"{""up"":0.49115,""flat"":0.0256,""down"":0.48325}",0.508914245,3,크기 허용·방향 틀림,,"{""sourceUrl"":""https://api.stock.naver.com/chart/domestic/item/012750/minute?startDateTime=202610011525&endDateTime=202610011545"",""rawHash"":""5bb813106dce43ee8fa819aa9a75ecd27924854451832e9eaaab04db0aaf4eb6"",""observedAt"":""2026-10-01T09:53:49Z"",""finalClose"":true}",1,2026-10-01T09:53:49Z,v1
score-c7534b1de5acc950,score,2026-10-01,2026-10-01T09:53:49Z,,,"{""forecastId"":""2026-09-28-rolling20-13cd892134e517b4"",""inputSnapshotSHA256"":""0d432d2ff749f8ac7aafc1ec59cb34ef8b1ec97e7ac58cd388fd1b139768a258"",""collectionRecordId"":""collection-ce784343746dd63e""}",2026-09-28-rolling20-13cd892134e517b4,atlas-rolling20-A,live,,2026-09-28T09:39:48.714Z,2026-09-28,71400,111770,영원무역,cons,2026-10-01,3,true,"{""p05"":null,""p10"":68304.95347949183,""p25"":null,""p50"":71477.85422901972,""p75"":null,""p90"":74779.49510262522,""p95"":null}",69300,2177.854229019722,3.142646795122254,2.5,false,0.0010903953644219033,-0.02941176470588236,up,down,false,68304.95347949183,74779.49510262522,true,9.067985466573383,6474.541623133395,0.09067985466573382,"{""up"":0.50135,""flat"":0.0232,""down"":0.47545}",0.527042765,4,방향·크기 모두 틀림,,"{""sourceUrl"":""https://api.stock.naver.com/chart/domestic/item/111770/minute?startDateTime=202610011525&endDateTime=202610011545"",""rawHash"":""7bc83a4a67a5ab01be745385b80516a5dc06b5c9e3e288db54f0151f027c383c"",""observedAt"":""2026-10-01T09:53:49Z"",""finalClose"":true}",1,2026-10-01T09:53:49Z,v1
score-47775c8212772aaa,score,2026-10-01,2026-10-01T09:53:49Z,,,"{""forecastId"":""2026-09-28-rolling20-13cd892134e517b4"",""inputSnapshotSHA256"":""0d432d2ff749f8ac7aafc1ec59cb34ef8b1ec97e7ac58cd388fd1b139768a258"",""collectionRecordId"":""collection-ce784343746dd63e""}",2026-09-28-rolling20-13cd892134e517b4,atlas-rolling20-A,live,,2026-09-28T09:39:48.714Z,2026-09-28,14450,035250,강원랜드,cons,2026-10-01,3,true,"{""p05"":null,""p10"":14084.153799255753,""p25"":null,""p50"":14460.497355492194,""p75"":null,""p90"":14849.555642235764,""p95"":null}",14270,190.4973554921944,1.33494993337207,2.5,true,0.0007264605876950991,-0.01245674740484426,up,down,false,14084.153799255753,14849.555642235764,true,5.296898567335714,765.4018429800108,0.052968985673357144,"{""up"":0.49395,""flat"":0.04115,""down"":0.4649}",0.5320119350000001,3,크기 허용·방향 틀림,,"{""sourceUrl"":""https://api.stock.naver.com/chart/domestic/item/035250/minute?startDateTime=202610011525&endDateTime=202610011545"",""rawHash"":""d153050abda80d95650df40dc4c2067133b99e20ddd2897d32c52affd5543f8a"",""observedAt"":""2026-10-01T09:53:49Z"",""finalClose"":true}",1,2026-10-01T09:53:49Z,v1
score-c7a995ef803963c6,score,2026-10-01,2026-10-01T09:53:49Z,,,"{""forecastId"":""2026-09-28-rolling20-13cd892134e517b4"",""inputSnapshotSHA256"":""0d432d2ff749f8ac7aafc1ec59cb34ef8b1ec97e7ac58cd388fd1b139768a258"",""collectionRecordId"":""collection-ce784343746dd63e""}",2026-09-28-rolling20-13cd892134e517b4,atlas-rolling20-A,live,,2026-09-28T09:39:48.714Z,2026-09-28,38700,257720,실리콘투,cons,2026-10-01,3,true,"{""p05"":null,""p10"":35686.76130399911,""p25"":null,""p50"":38448.02887838635,""p75"":null,""p90"":41697.67364862604,""p95"":null}",38300,148.0288783863507,0.3864983769878608,2.5,true,-0.006510881695443116,-0.01033591731266148,down,down,true,35686.76130399911,41697.67364862604,true,15.53207324193005,6010.91234462693,0.1553207324193005,"{""up"":0.448,""flat"":0.01375,""down"":0.53825}",0.414106125,1,방향·크기 모두 맞음,,"{""sourceUrl"":""https://api.stock.naver.com/chart/domestic/item/257720/minute?startDateTime=202610011525&endDateTime=202610011545"",""rawHash"":""58e7ca137c6015afb10f27e66cfd038fa0b338b224a477351347b349d696bf01"",""observedAt"":""2026-10-01T09:53:49Z"",""finalClose"":true}",1,2026-10-01T09:53:49Z,v1
score-35c82a7963a600a4,score,2026-10-01,2026-10-01T09:53:49Z,,,"{""forecastId"":""2026-09-28-rolling20-13cd892134e517b4"",""inputSnapshotSHA256"":""0d432d2ff749f8ac7aafc1ec59cb34ef8b1ec97e7ac58cd388fd1b139768a258"",""collectionRecordId"":""collection-ce784343746dd63e""}",2026-09-28-rolling20-13cd892134e517b4,atlas-rolling20-A,live,,2026-09-28T09:39:48.714Z,2026-09-28,104400,226950,올릭스,bio,2026-10-01,3,true,"{""p05"":null,""p10"":91997.42907901607,""p25"":null,""p50"":103951.64302127543,""p75"":null,""p90"":119232.86773270209,""p95"":null}",116900,-12948.356978724565,11.0764388184128,2.5,false,-0.0042946070759057875,0.11973180076628354,down,up,false,91997.42907901607,119232.86773270209,true,26.087584917323763,27235.43865368601,0.26087584917323764,"{""up"":0.4768,""flat"":0.0091,""down"":0.5141}",0.53811986,4,방향·크기 모두 틀림,,"{""sourceUrl"":""https://api.stock.naver.com/chart/domestic/item/226950/minute?startDateTime=202610011525&endDateTime=202610011545"",""rawHash"":""8f150f792804373092625c5086ba66067ecaaf7e55b4c5086236847a95d2b77f"",""observedAt"":""2026-10-01T09:53:49Z"",""finalClose"":true}",1,2026-10-01T09:53:49Z,v1
score-99fa2b50849e6332,score,2026-10-01,2026-10-01T09:53:49Z,,,"{""forecastId"":""2026-09-28-rolling20-13cd892134e517b4"",""inputSnapshotSHA256"":""0d432d2ff749f8ac7aafc1ec59cb34ef8b1ec97e7ac58cd388fd1b139768a258"",""collectionRecordId"":""collection-ce784343746dd63e""}",2026-09-28-rolling20-13cd892134e517b4,atlas-rolling20-A,live,,2026-09-28T09:39:48.714Z,2026-09-28,17280,010170,대한광통신,semi,2026-10-01,3,true,"{""p05"":null,""p10"":15402.670911639874,""p25"":null,""p50"":17113.701353859593,""p75"":null,""p90"":19622.91821288022,""p95"":null}",17000,113.70135385959293,0.6688314932917231,2.5,true,-0.009623764244236499,-0.01620370370370372,down,down,true,15402.670911639874,19622.91821288022,true,24.422727437733485,4220.247301240346,0.24422727437733485,"{""up"":0.45345,""flat"":0.00775,""down"":0.5388}",0.4183824050000001,1,방향·크기 모두 맞음,,"{""sourceUrl"":""https://api.stock.naver.com/chart/domestic/item/010170/minute?startDateTime=202610011525&endDateTime=202610011545"",""rawHash"":""a5eae7b9359ce778741fb1f5b994667ea6d1093b97808ced64ff38980b01fe36"",""observedAt"":""2026-10-01T09:53:49Z"",""finalClose"":true}",1,2026-10-01T09:53:49Z,v1
score-044d5c4a543e3bc4,score,2026-10-01,2026-10-01T09:53:49Z,,,"{""forecastId"":""2026-09-28-rolling20-13cd892134e517b4"",""inputSnapshotSHA256"":""0d432d2ff749f8ac7aafc1ec59cb34ef8b1ec97e7ac58cd388fd1b139768a258"",""collectionRecordId"":""collection-ce784343746dd63e""}",2026-09-28-rolling20-13cd892134e517b4,atlas-rolling20-A,live,,2026-09-28T09:39:48.714Z,2026-09-28,39700,214370,케어젠,bio,2026-10-01,3,true,"{""p05"":null,""p10"":36211.104910174465,""p25"":null,""p50"":39547.448586064245,""p75"":null,""p90"":43670.927674311024,""p95"":null}",43150,-3602.5514139357547,8.34890246566803,2.5,false,-0.0038426048850316308,0.0869017632241813,down,up,false,36211.104910174465,43670.927674311024,true,18.790485551981256,7459.822764136559,0.18790485551981256,"{""up"":0.4712,""flat"":0.01235,""down"":0.51645}",0.5465025649999999,4,방향·크기 모두 틀림,,"{""sourceUrl"":""https://api.stock.naver.com/chart/domestic/item/214370/minute?startDateTime=202610011525&endDateTime=202610011545"",""rawHash"":""02c9456b796583aa40da36b93cf2e05933c2861ea9d5b4f35c535d4f4e00ec84"",""observedAt"":""2026-10-01T09:53:49Z"",""finalClose"":true}",1,2026-10-01T09:53:49Z,v1
score-583e637e7144ca5e,score,2026-10-01,2026-10-01T09:53:49Z,,,"{""forecastId"":""2026-09-28-rolling20-13cd892134e517b4"",""inputSnapshotSHA256"":""0d432d2ff749f8ac7aafc1ec59cb34ef8b1ec97e7ac58cd388fd1b139768a258"",""collectionRecordId"":""collection-ce784343746dd63e""}",2026-09-28-rolling20-13cd892134e517b4,atlas-rolling20-A,live,,2026-09-28T09:39:48.714Z,2026-09-28,17810,030000,제일기획,net,2026-10-01,3,true,"{""p05"":null,""p10"":17294.441754508567,""p25"":null,""p50"":17831.31844738988,""p75"":null,""p90"":18346.817991330117,""p95"":null}",18740,-908.68155261012,4.848887687353895,2.5,false,0.0011969931156585734,0.05221785513756316,up,up,true,17294.441754508567,18346.817991330117,false,5.90890643920017,4984.196323520377,0.27985380817071176,"{""up"":0.5038,""flat"":0.0385,""down"":0.4577}",0.45718598,2,방향 맞고 크기 틀림,,"{""sourceUrl"":""https://api.stock.naver.com/chart/domestic/item/030000/minute?startDateTime=202610011525&endDateTime=202610011545"",""rawHash"":""92c0cb81dd6bc9ff9a48ccfaa0411d3cef7c7a0295ace3950c959fe27fbc8069"",""observedAt"":""2026-10-01T09:53:49Z"",""finalClose"":true}",1,2026-10-01T09:53:49Z,v1
score-f9612acbb67803ea,score,2026-10-01,2026-10-01T09:53:49Z,,,"{""forecastId"":""2026-09-28-atlas11-90616c6bc916e8d6"",""inputSnapshotSHA256"":""0d432d2ff749f8ac7aafc1ec59cb34ef8b1ec97e7ac58cd388fd1b139768a258"",""collectionRecordId"":""collection-ce784343746dd63e""}",2026-09-28-atlas11-90616c6bc916e8d6,atlas11-A-1,live,,2026-09-28T13:13:16.576Z,2026-09-28,270000,005930,삼성전자,semi,2026-10-01,3,true,"{""p05"":243736.5578895873,""p10"":250049.76630250516,""p25"":260234.03807917394,""p50"":271420.80389692995,""p75"":283154.1261261218,""p90"":295376.7651382612,""p95"":303480.7741551315}",276000,-4579.196103070048,1.6591290228514668,2.5,true,0.005262236655296126,0.022222222222222143,up,up,true,250049.76630250516,295376.7651382612,true,16.78777734657631,45326.998835756036,0.1678777734657631,"{""up"":0.52805,""flat"":0.0116,""down"":0.46035}",0.4347934849999999,1,방향·크기 모두 맞음,false,"{""sourceUrl"":""https://api.stock.naver.com/chart/domestic/item/005930/minute?startDateTime=202610011525&endDateTime=202610011545"",""rawHash"":""4600c49cfb401649d5168d029ef4975003c13a5e6fb6ce8279469c21def2764b"",""observedAt"":""2026-10-01T09:53:49Z"",""finalClose"":true}",1,2026-10-01T09:53:49Z,v1
score-86bc690c158d1bbb,score,2026-10-01,2026-10-01T09:53:49Z,,,"{""forecastId"":""2026-09-28-atlas11-90616c6bc916e8d6"",""inputSnapshotSHA256"":""0d432d2ff749f8ac7aafc1ec59cb34ef8b1ec97e7ac58cd388fd1b139768a258"",""collectionRecordId"":""collection-ce784343746dd63e""}",2026-09-28-atlas11-90616c6bc916e8d6,atlas11-A-1,live,,2026-09-28T13:13:16.576Z,2026-09-28,1499000,009150,삼성전기,semi,2026-10-01,3,true,"{""p05"":1376651.4647380558,""p10"":1409060.5375880627,""p25"":1457028.8347050638,""p50"":1506305.6758216321,""p75"":1564048.156549302,""p90"":1628033.3686353276,""p95"":1673915.4286324992}",1561000,-54694.32417836785,3.503800395795506,2.5,false,0.004873699680875365,0.041360907271514424,up,up,true,1409060.5375880627,1628033.3686353276,true,14.607927354720804,218972.83104726486,0.14607927354720804,"{""up"":0.5296,""flat"":0.0166,""down"":0.4538}",0.42748616000000006,2,방향 맞고 크기 틀림,false,"{""sourceUrl"":""https://api.stock.naver.com/chart/domestic/item/009150/minute?startDateTime=202610011525&endDateTime=202610011545"",""rawHash"":""563bbb7050d1aef780d6e72e3382f0b448235fe79e1c196f7bc6cb7f8a52c3a5"",""observedAt"":""2026-10-01T09:53:49Z"",""finalClose"":true}",1,2026-10-01T09:53:49Z,v1
score-9ec3925bf0b6f245,score,2026-10-01,2026-10-01T09:53:49Z,,,"{""forecastId"":""2026-09-28-atlas11-90616c6bc916e8d6"",""inputSnapshotSHA256"":""0d432d2ff749f8ac7aafc1ec59cb34ef8b1ec97e7ac58cd388fd1b139768a258"",""collectionRecordId"":""collection-ce784343746dd63e""}",2026-09-28-atlas11-90616c6bc916e8d6,atlas11-A-1,live,,2026-09-28T13:13:16.576Z,2026-09-28,364000,373220,LG에너지솔루션,chem,2026-10-01,3,true,"{""p05"":333406.9732966811,""p10"":340087.85837232805,""p25"":351048.9297222936,""p50"":363178.7895175877,""p75"":376138.37185560435,""p90"":390072.3710966023,""p95"":399946.97416763805}",360500,2678.789517587691,0.7430761491227992,2.5,true,-0.0022560727538799563,-0.009615384615384581,down,down,true,340087.85837232805,390072.3710966023,true,13.732008990185232,49984.512724274246,0.13732008990185232,"{""up"":0.47475,""flat"":0.0152,""down"":0.51005}",0.465669605,1,방향·크기 모두 맞음,true,"{""sourceUrl"":""https://api.stock.naver.com/chart/domestic/item/373220/minute?startDateTime=202610011525&endDateTime=202610011545"",""rawHash"":""4e6575db4f549cd0d47d287252bf0395e9e2e825c72708a82507f0f0153aa458"",""observedAt"":""2026-10-01T09:53:49Z"",""finalClose"":true}",1,2026-10-01T09:53:49Z,v1
score-1b551d47c6dca12e,score,2026-10-01,2026-10-01T09:53:49Z,,,"{""forecastId"":""2026-09-28-atlas11-90616c6bc916e8d6"",""inputSnapshotSHA256"":""0d432d2ff749f8ac7aafc1ec59cb34ef8b1ec97e7ac58cd388fd1b139768a258"",""collectionRecordId"":""collection-ce784343746dd63e""}",2026-09-28-atlas11-90616c6bc916e8d6,atlas11-A-1,live,,2026-09-28T13:13:16.576Z,2026-09-28,354500,005380,현대차,auto,2026-10-01,3,true,"{""p05"":331829.1918202066,""p10"":337116.42579341604,""p25"":344974.23875686625,""p50"":353617.20795762644,""p75"":362922.5361273505,""p90"":373709.8022883956,""p95"":382012.73886861716}",349000,4617.207957626437,1.3229822228155979,2.5,true,-0.0024902455356095032,-0.015514809590973178,down,down,true,337116.42579341604,373709.8022883956,true,10.322532156552763,36593.376494979544,0.10322532156552763,"{""up"":0.4613,""flat"":0.02155,""down"":0.51715}",0.446406215,1,방향·크기 모두 맞음,false,"{""sourceUrl"":""https://api.stock.naver.com/chart/domestic/item/005380/minute?startDateTime=202610011525&endDateTime=202610011545"",""rawHash"":""a9cf973c81a40793de15adad6e9f7057430d98bf08b1f3007faedb721295f2f7"",""observedAt"":""2026-10-01T09:53:49Z"",""finalClose"":true}",1,2026-10-01T09:53:49Z,v1
score-e75fb14e0150dc4f,score,2026-10-01,2026-10-01T09:53:49Z,,,"{""forecastId"":""2026-09-28-atlas11-90616c6bc916e8d6"",""inputSnapshotSHA256"":""0d432d2ff749f8ac7aafc1ec59cb34ef8b1ec97e7ac58cd388fd1b139768a258"",""collectionRecordId"":""collection-ce784343746dd63e""}",2026-09-28-atlas11-90616c6bc916e8d6,atlas11-A-1,live,,2026-09-28T13:13:16.576Z,2026-09-28,1400000,207940,삼성바이오로직스,bio,2026-10-01,3,true,"{""p05"":1318151.7435071485,""p10"":1339448.2894856224,""p25"":1370415.2144219766,""p50"":1399546.584457356,""p75"":1431335.0788162826,""p90"":1465972.613858931,""p95"":1490682.977913967}",1429000,-29453.415542643983,2.061120751759551,2.5,true,-0.0003238682447457286,0.020714285714285685,down,up,false,1339448.2894856224,1465972.613858931,true,9.037451740950612,126524.32437330857,0.09037451740950612,"{""up"":0.4824,""flat"":0.026,""down"":0.4916}",0.5102563200000001,3,크기 허용·방향 틀림,true,"{""sourceUrl"":""https://api.stock.naver.com/chart/domestic/item/207940/minute?startDateTime=202610011525&endDateTime=202610011545"",""rawHash"":""931295cd43d119c486e5f3fccb35b4d06b978a6787fbc1b0298f1de26530f73c"",""observedAt"":""2026-10-01T09:53:49Z"",""finalClose"":true}",1,2026-10-01T09:53:49Z,v1
score-7521cceb6b7d44f0,score,2026-10-01,2026-10-01T09:53:49Z,,,"{""forecastId"":""2026-09-28-atlas11-90616c6bc916e8d6"",""inputSnapshotSHA256"":""0d432d2ff749f8ac7aafc1ec59cb34ef8b1ec97e7ac58cd388fd1b139768a258"",""collectionRecordId"":""collection-ce784343746dd63e""}",2026-09-28-atlas11-90616c6bc916e8d6,atlas11-A-1,live,,2026-09-28T13:13:16.576Z,2026-09-28,174200,105560,KB금융,fin,2026-10-01,3,true,"{""p05"":165185.73266381404,""p10"":167864.8337561055,""p25"":171434.75792080653,""p50"":174961.82222052317,""p75"":178465.2030421506,""p90"":182245.64309016053,""p95"":184806.4428598207}",166000,8961.822220523172,5.398688084652513,2.5,false,0.0043732618858964845,-0.04707233065442018,up,down,false,167864.8337561055,182245.64309016053,false,8.25534404940013,33029.14689511011,0.18960474681463899,"{""up"":0.54495,""flat"":0.025,""down"":0.43005}",0.6224385050000001,4,방향·크기 모두 틀림,false,"{""sourceUrl"":""https://api.stock.naver.com/chart/domestic/item/105560/minute?startDateTime=202610011525&endDateTime=202610011545"",""rawHash"":""acfa6d5c1b829b90b4d858a14aada51d93447fc8d6d151aa989c29651788b3dd"",""observedAt"":""2026-10-01T09:53:49Z"",""finalClose"":true}",1,2026-10-01T09:53:49Z,v1
score-1d4d866bafc0eabf,score,2026-10-01,2026-10-01T09:53:49Z,,,"{""forecastId"":""2026-09-28-atlas11-90616c6bc916e8d6"",""inputSnapshotSHA256"":""0d432d2ff749f8ac7aafc1ec59cb34ef8b1ec97e7ac58cd388fd1b139768a258"",""collectionRecordId"":""collection-ce784343746dd63e""}",2026-09-28-atlas11-90616c6bc916e8d6,atlas11-A-1,live,,2026-09-28T13:13:16.576Z,2026-09-28,345500,028260,삼성물산,util,2026-10-01,3,true,"{""p05"":315309.92995519825,""p10"":322606.0301395834,""p25"":333723.30505767657,""p50"":344860.92142952094,""p75"":356837.7751248629,""p90"":370571.25206783385,""p95"":380451.3840397218}",347000,-2139.0785704790615,0.6164491557576546,2.5,true,-0.0018497208986368863,0.004341534008682979,down,up,false,322606.0301395834,370571.25206783385,true,13.882842815702013,47965.22192825045,0.13882842815702012,"{""up"":0.4762,""flat"":0.01645,""down"":0.50735}",0.532041065,3,크기 허용·방향 틀림,true,"{""sourceUrl"":""https://api.stock.naver.com/chart/domestic/item/028260/minute?startDateTime=202610011525&endDateTime=202610011545"",""rawHash"":""7a42591b91379c3387307ac80e4606356d098684c6ac1e4cb74bc9e41389e71d"",""observedAt"":""2026-10-01T09:53:49Z"",""finalClose"":true}",1,2026-10-01T09:53:49Z,v1
score-2d0e675010d19666,score,2026-10-01,2026-10-01T09:53:49Z,,,"{""forecastId"":""2026-09-28-atlas11-90616c6bc916e8d6"",""inputSnapshotSHA256"":""0d432d2ff749f8ac7aafc1ec59cb34ef8b1ec97e7ac58cd388fd1b139768a258"",""collectionRecordId"":""collection-ce784343746dd63e""}",2026-09-28-atlas11-90616c6bc916e8d6,atlas11-A-1,live,,2026-09-28T13:13:16.576Z,2026-09-28,296000,032830,삼성생명보험,fin,2026-10-01,3,true,"{""p05"":277536.2244683832,""p10"":281999.6417581634,""p25"":288785.88644993294,""p50"":296232.9820612268,""p75"":304529.4639666418,""p90"":313654.40179488354,""p95"":320315.5160421251}",284000,12232.982061226794,4.307388049727744,2.5,false,0.0007871015581986107,-0.04054054054054057,up,down,false,281999.6417581634,313654.40179488354,true,10.694175688081128,31654.760036720138,0.10694175688081127,"{""up"":0.49755,""flat"":0.02155,""down"":0.4809}",0.517485215,4,방향·크기 모두 틀림,true,"{""sourceUrl"":""https://api.stock.naver.com/chart/domestic/item/032830/minute?startDateTime=202610011525&endDateTime=202610011545"",""rawHash"":""2e6170c9bf4ec3f47cb3e8c0baed253f644c15f6365d9a65b09989e467ae689c"",""observedAt"":""2026-10-01T09:53:49Z"",""finalClose"":true}",1,2026-10-01T09:53:49Z,v1
score-78cbe38ed8a6f453,score,2026-10-01,2026-10-01T09:53:49Z,,,"{""forecastId"":""2026-09-28-atlas11-90616c6bc916e8d6"",""inputSnapshotSHA256"":""0d432d2ff749f8ac7aafc1ec59cb34ef8b1ec97e7ac58cd388fd1b139768a258"",""collectionRecordId"":""collection-ce784343746dd63e""}",2026-09-28-atlas11-90616c6bc916e8d6,atlas11-A-1,live,,2026-09-28T13:13:16.576Z,2026-09-28,1034000,012450,한화에어로스페이스,heavy,2026-10-01,3,true,"{""p05"":927418.8878155715,""p10"":950149.1821671495,""p25"":988439.7083093213,""p50"":1032355.9935111293,""p75"":1079879.9820461671,""p90"":1129282.1409156555,""p95"":1161597.1893283324}",1034000,-1644.006488870713,0.15899482484242872,2.5,true,-0.0015899482484242888,0,down,flat,false,950149.1821671495,1129282.1409156555,true,17.324270672002516,179132.95874850603,0.17324270672002517,"{""up"":0.48235,""flat"":0.0134,""down"":0.50425}",1.460309145,3,크기 허용·방향 틀림,true,"{""sourceUrl"":""https://api.stock.naver.com/chart/domestic/item/012450/minute?startDateTime=202610011525&endDateTime=202610011545"",""rawHash"":""65ac6f6798407fcbed9c344e7dbea39640578fd5ff50fa6d6689ccda64d815f5"",""observedAt"":""2026-10-01T09:53:49Z"",""finalClose"":true}",1,2026-10-01T09:53:49Z,v1
score-87af77e95d62c239,score,2026-10-01,2026-10-01T09:53:49Z,,,"{""forecastId"":""2026-09-28-atlas11-90616c6bc916e8d6"",""inputSnapshotSHA256"":""0d432d2ff749f8ac7aafc1ec59cb34ef8b1ec97e7ac58cd388fd1b139768a258"",""collectionRecordId"":""collection-ce784343746dd63e""}",2026-09-28-atlas11-90616c6bc916e8d6,atlas11-A-1,live,,2026-09-28T13:13:16.576Z,2026-09-28,82000,034020,두산에너빌리티,heavy,2026-10-01,3,true,"{""p05"":73450.60507704016,""p10"":75386.38756014293,""p25"":78473.75991143614,""p50"":81875.36417422819,""p75"":85677.83600663352,""p90"":89338.00390705289,""p95"":91815.59223240809}",82100,-224.63582577180932,0.27361245526407957,2.5,true,-0.0015199490947781502,0.0012195121951219523,down,up,false,75386.38756014293,89338.00390705289,true,17.014166276719457,13951.616346909956,0.17014166276719458,"{""up"":0.48435,""flat"":0.01195,""down"":0.5037}",0.519751415,3,크기 허용·방향 틀림,true,"{""sourceUrl"":""https://api.stock.naver.com/chart/domestic/item/034020/minute?startDateTime=202610011525&endDateTime=202610011545"",""rawHash"":""20dd1ee3af24df280a49f247326456a66d265b827dbdf6f2bee6b64c82025829"",""observedAt"":""2026-10-01T09:53:49Z"",""finalClose"":true}",1,2026-10-01T09:53:49Z,v1
score-99f1d6c5f58cfb01,score,2026-10-01,2026-10-01T09:53:49Z,,,"{""forecastId"":""2026-09-28-atlas11-90616c6bc916e8d6"",""inputSnapshotSHA256"":""0d432d2ff749f8ac7aafc1ec59cb34ef8b1ec97e7ac58cd388fd1b139768a258"",""collectionRecordId"":""collection-ce784343746dd63e""}",2026-09-28-atlas11-90616c6bc916e8d6,atlas11-A-1,live,,2026-09-28T13:13:16.576Z,2026-09-28,442000,329180,HD현대중공업,heavy,2026-10-01,3,true,"{""p05"":407028.16748612025,""p10"":416272.58927364723,""p25"":431389.89138681476,""p50"":447742.47115547967,""p75"":465697.4842307392,""p90"":483890.12583160563,""p95"":496237.7580619946}",431500,16242.471155479667,3.7641879850474314,2.5,false,0.012992016188867916,-0.02375565610859731,up,down,false,416272.58927364723,483890.12583160563,true,15.298085194108236,67617.5365579584,0.15298085194108235,"{""up"":0.587,""flat"":0.0146,""down"":0.3984}",0.70670472,4,방향·크기 모두 틀림,false,"{""sourceUrl"":""https://api.stock.naver.com/chart/domestic/item/329180/minute?startDateTime=202610011525&endDateTime=202610011545"",""rawHash"":""d40cb47d7225b0b3b33da756ae13402ed40d54b333fe656f8ae5c19177177d01"",""observedAt"":""2026-10-01T09:53:49Z"",""finalClose"":true}",1,2026-10-01T09:53:49Z,v1
score-4df629a2b571f6a1,score,2026-10-01,2026-10-01T09:53:49Z,,,"{""forecastId"":""2026-09-28-atlas11-90616c6bc916e8d6"",""inputSnapshotSHA256"":""0d432d2ff749f8ac7aafc1ec59cb34ef8b1ec97e7ac58cd388fd1b139768a258"",""collectionRecordId"":""collection-ce784343746dd63e""}",2026-09-28-atlas11-90616c6bc916e8d6,atlas11-A-1,live,,2026-09-28T13:13:16.576Z,2026-09-28,578000,034730,SK,util,2026-10-01,3,true,"{""p05"":515381.7669735046,""p10"":530313.7604329049,""p25"":553035.746323771,""p50"":576901.4223974945,""p75"":602568.4227299748,""p90"":630985.8368402591,""p95"":650898.768559764}",587000,-10098.577602505451,1.7203709714660054,2.5,true,-0.0019006532915318841,0.015570934256055269,down,up,false,530313.7604329049,630985.8368402591,true,17.417314257327718,100672.07640735421,0.17417314257327718,"{""up"":0.48095,""flat"":0.0129,""down"":0.50615}",0.5257671349999999,3,크기 허용·방향 틀림,true,"{""sourceUrl"":""https://api.stock.naver.com/chart/domestic/item/034730/minute?startDateTime=202610011525&endDateTime=202610011545"",""rawHash"":""959fa2529e18a2c5aff7c375cc0a95f509d971c539d7fd70913d7c55f65a46bf"",""observedAt"":""2026-10-01T09:53:49Z"",""finalClose"":true}",1,2026-10-01T09:53:49Z,v1
score-b3f60a0e31000e04,score,2026-10-01,2026-10-01T09:53:49Z,,,"{""forecastId"":""2026-09-28-atlas11-90616c6bc916e8d6"",""inputSnapshotSHA256"":""0d432d2ff749f8ac7aafc1ec59cb34ef8b1ec97e7ac58cd388fd1b139768a258"",""collectionRecordId"":""collection-ce784343746dd63e""}",2026-09-28-atlas11-90616c6bc916e8d6,atlas11-A-1,live,,2026-09-28T13:13:16.576Z,2026-09-28,373000,012330,현대모비스,auto,2026-10-01,3,true,"{""p05"":347659.6609941046,""p10"":353141.0810887818,""p25"":362060.95286220754,""p50"":371823.5844026683,""p75"":382602.9999416929,""p90"":395309.228975746,""p95"":404989.0305111897}",382000,-10176.41559733171,2.663983140662751,2.5,false,-0.003153929215366502,0.024128686327077764,down,up,false,353141.0810887818,395309.228975746,true,11.305133481759839,42168.1478869642,0.1130513348175984,"{""up"":0.4576,""flat"":0.0206,""down"":0.5218}",0.56689736,4,방향·크기 모두 틀림,false,"{""sourceUrl"":""https://api.stock.naver.com/chart/domestic/item/012330/minute?startDateTime=202610011525&endDateTime=202610011545"",""rawHash"":""d30f7871cdfc32d3e6c547553b4b19854d647d8bbb96f35beb55d8c77c02550a"",""observedAt"":""2026-10-01T09:53:49Z"",""finalClose"":true}",1,2026-10-01T09:53:49Z,v1
score-736d99072e9ba6d5,score,2026-10-01,2026-10-01T09:53:49Z,,,"{""forecastId"":""2026-09-28-atlas11-90616c6bc916e8d6"",""inputSnapshotSHA256"":""0d432d2ff749f8ac7aafc1ec59cb34ef8b1ec97e7ac58cd388fd1b139768a258"",""collectionRecordId"":""collection-ce784343746dd63e""}",2026-09-28-atlas11-90616c6bc916e8d6,atlas11-A-1,live,,2026-09-28T13:13:16.576Z,2026-09-28,214500,066570,LG전자,semi,2026-10-01,3,true,"{""p05"":195782.0402086403,""p10"":200476.57337776767,""p25"":206984.8501374505,""p50"":213857.18842491187,""p75"":221421.96420776835,""p90"":229859.15402824368,""p95"":236741.79830580382}",211500,2357.188424911874,1.1145098935753541,2.5,true,-0.002996790559851359,-0.013986013986013957,down,down,true,200476.57337776767,229859.15402824368,true,13.698172797424712,29382.58065047601,0.13698172797424712,"{""up"":0.4662,""flat"":0.01735,""down"":0.51645}",0.451464065,1,방향·크기 모두 맞음,false,"{""sourceUrl"":""https://api.stock.naver.com/chart/domestic/item/066570/minute?startDateTime=202610011525&endDateTime=202610011545"",""rawHash"":""6878b35d6109633a2a6eb48221d9285875301d52f74b7c587fe75247d9d44d4f"",""observedAt"":""2026-10-01T09:53:49Z"",""finalClose"":true}",1,2026-10-01T09:53:49Z,v1
score-5c2b7f6c85ae527c,score,2026-10-01,2026-10-01T09:53:49Z,,,"{""forecastId"":""2026-09-28-atlas11-90616c6bc916e8d6"",""inputSnapshotSHA256"":""0d432d2ff749f8ac7aafc1ec59cb34ef8b1ec97e7ac58cd388fd1b139768a258"",""collectionRecordId"":""collection-ce784343746dd63e""}",2026-09-28-atlas11-90616c6bc916e8d6,atlas11-A-1,live,,2026-09-28T13:13:16.576Z,2026-09-28,197700,035420,NAVER,net,2026-10-01,3,true,"{""p05"":184634.14766046262,""p10"":187667.7234876201,""p25"":192366.9916901936,""p50"":197263.14856833307,""p75"":202614.28889774464,""p90"":208130.70569443697,""p95"":212564.7138143726}",191200,6063.148568333068,3.1711028077055796,2.5,false,-0.0022096683442940357,-0.03287809812847753,down,down,true,187667.7234876201,208130.70569443697,true,10.35052210764637,20462.982206816872,0.10350522107646369,"{""up"":0.46785,""flat"":0.02005,""down"":0.5121}",0.45733203499999997,2,방향 맞고 크기 틀림,true,"{""sourceUrl"":""https://api.stock.naver.com/chart/domestic/item/035420/minute?startDateTime=202610011525&endDateTime=202610011545"",""rawHash"":""196fe71b43ddb9d90c81f95a8fbb791b7d06fcba5227f3cfea8fde0da74cb178"",""observedAt"":""2026-10-01T09:53:49Z"",""finalClose"":true}",1,2026-10-01T09:53:49Z,v1
score-667703cc6cc47d70,score,2026-10-01,2026-10-01T09:53:49Z,,,"{""forecastId"":""2026-09-28-atlas11-90616c6bc916e8d6"",""inputSnapshotSHA256"":""0d432d2ff749f8ac7aafc1ec59cb34ef8b1ec97e7ac58cd388fd1b139768a258"",""collectionRecordId"":""collection-ce784343746dd63e""}",2026-09-28-atlas11-90616c6bc916e8d6,atlas11-A-1,live,,2026-09-28T13:13:16.576Z,2026-09-28,204500,010120,LS ELECTRIC,heavy,2026-10-01,3,true,"{""p05"":182698.5374238914,""p10"":187416.4525499024,""p25"":195006.0476414772,""p50"":203588.2517949015,""p75"":213204.87573012183,""p90"":223992.0079091863,""p95"":231567.80213115105}",206000,-2411.748205098498,1.1707515558730575,2.5,true,-0.0044584264307995225,0.007334963325183352,down,up,false,187416.4525499024,223992.0079091863,true,17.885357143904105,36575.5553592839,0.17885357143904107,"{""up"":0.4663,""flat"":0.01285,""down"":0.52085}",0.5562855350000001,3,크기 허용·방향 틀림,false,"{""sourceUrl"":""https://api.stock.naver.com/chart/domestic/item/010120/minute?startDateTime=202610011525&endDateTime=202610011545"",""rawHash"":""a63320df81c3d7dd106b13b173e0d7e5fbfa286b4bdc929771ca0381d0300c48"",""observedAt"":""2026-10-01T09:53:49Z"",""finalClose"":true}",1,2026-10-01T09:53:49Z,v1
score-ac7dc3efa1350429,score,2026-10-01,2026-10-01T09:53:49Z,,,"{""forecastId"":""2026-09-28-atlas11-90616c6bc916e8d6"",""inputSnapshotSHA256"":""0d432d2ff749f8ac7aafc1ec59cb34ef8b1ec97e7ac58cd388fd1b139768a258"",""collectionRecordId"":""collection-ce784343746dd63e""}",2026-09-28-atlas11-90616c6bc916e8d6,atlas11-A-1,live,,2026-09-28T13:13:16.576Z,2026-09-28,661000,000810,삼성화재,fin,2026-10-01,3,true,"{""p05"":617874.5610919372,""p10"":628127.113317475,""p25"":642859.9417180439,""p50"":658496.963715018,""p75"":676297.516629783,""p90"":696773.474175895,""p95"":712355.7620663076}",626000,32496.963715018006,5.191208261184984,2.5,false,-0.003786741732196619,-0.052950075642965166,down,down,true,628127.113317475,696773.474175895,false,10.38522857162179,89917.49403316958,0.1360325174480629,"{""up"":0.4505,""flat"":0.02065,""down"":0.52885}",0.42535899499999996,2,방향 맞고 크기 틀림,false,"{""sourceUrl"":""https://api.stock.naver.com/chart/domestic/item/000810/minute?startDateTime=202610011525&endDateTime=202610011545"",""rawHash"":""f483df0029a297f337aab8d6f380c4da522f0fa51afe573bf15afe65ef002c21"",""observedAt"":""2026-10-01T09:53:49Z"",""finalClose"":true}",1,2026-10-01T09:53:49Z,v1
score-61a5ebd145096701,score,2026-10-01,2026-10-01T09:53:49Z,,,"{""forecastId"":""2026-09-28-atlas11-90616c6bc916e8d6"",""inputSnapshotSHA256"":""0d432d2ff749f8ac7aafc1ec59cb34ef8b1ec97e7ac58cd388fd1b139768a258"",""collectionRecordId"":""collection-ce784343746dd63e""}",2026-09-28-atlas11-90616c6bc916e8d6,atlas11-A-1,live,,2026-09-28T13:13:16.576Z,2026-09-28,316500,005490,POSCO홀딩스,chem,2026-10-01,3,true,"{""p05"":296521.582472863,""p10"":301136.843808153,""p25"":308350.8285538834,""p50"":315972.9068052893,""p75"":324389.1911113158,""p90"":333353.9380705608,""p95"":339803.145484131}",306500,9472.906805289327,3.090671062084609,2.5,false,-0.0016653813418978647,-0.03159557661927326,down,down,true,301136.843808153,333353.9380705608,true,10.179176702182561,32217.0942624078,0.1017917670218256,"{""up"":0.4712,""flat"":0.0216,""down"":0.5072}",0.46534784,2,방향 맞고 크기 틀림,true,"{""sourceUrl"":""https://api.stock.naver.com/chart/domestic/item/005490/minute?startDateTime=202610011525&endDateTime=202610011545"",""rawHash"":""e358c62773fbcde8152d2302f1aa86f7e6d78c350e99378b4c57ec1acdee3093"",""observedAt"":""2026-10-01T09:53:49Z"",""finalClose"":true}",1,2026-10-01T09:53:49Z,v1
score-8b2a5084d3aa26b8,score,2026-10-01,2026-10-01T09:53:49Z,,,"{""forecastId"":""2026-09-28-atlas11-90616c6bc916e8d6"",""inputSnapshotSHA256"":""0d432d2ff749f8ac7aafc1ec59cb34ef8b1ec97e7ac58cd388fd1b139768a258"",""collectionRecordId"":""collection-ce784343746dd63e""}",2026-09-28-atlas11-90616c6bc916e8d6,atlas11-A-1,live,,2026-09-28T13:13:16.576Z,2026-09-28,1102000,010130,고려아연,chem,2026-10-01,3,true,"{""p05"":995967.0040375033,""p10"":1021647.2022474981,""p25"":1058150.0909643397,""p50"":1095440.546255332,""p75"":1142434.561272547,""p90"":1198217.5711091515,""p95"":1245021.6543473818}",1069000,26440.546255331952,2.4733906693481713,2.5,true,-0.005952317372657001,-0.029945553539019953,down,down,true,1021647.2022474981,1198217.5711091515,true,16.022719497427712,176570.36886165338,0.16022719497427712,"{""up"":0.45125,""flat"":0.014,""down"":0.53475}",0.42028012500000006,1,방향·크기 모두 맞음,false,"{""sourceUrl"":""https://api.stock.naver.com/chart/domestic/item/010130/minute?startDateTime=202610011525&endDateTime=202610011545"",""rawHash"":""9468de85c1a5f13e3f6dd698462249207e84f3e0e1edc60dd1afe77c926b4a07"",""observedAt"":""2026-10-01T09:53:49Z"",""finalClose"":true}",1,2026-10-01T09:53:49Z,v1
score-ee9288d32500f7b0,score,2026-10-01,2026-10-01T09:53:49Z,,,"{""forecastId"":""2026-09-28-atlas11-90616c6bc916e8d6"",""inputSnapshotSHA256"":""0d432d2ff749f8ac7aafc1ec59cb34ef8b1ec97e7ac58cd388fd1b139768a258"",""collectionRecordId"":""collection-ce784343746dd63e""}",2026-09-28-atlas11-90616c6bc916e8d6,atlas11-A-1,live,,2026-09-28T13:13:16.576Z,2026-09-28,133400,138040,메리츠금융지주,fin,2026-10-01,3,true,"{""p05"":124603.12465045045,""p10"":126539.5805364775,""p25"":129409.54285979769,""p50"":132500.14724739792,""p75"":136018.33269392763,""p90"":139759.24261298057,""p95"":142288.02116285168}",127200,5300.147247397923,4.166782427199625,2.5,false,-0.006745522883074062,-0.046476761619190454,down,down,true,126539.5805364775,139759.24261298057,true,9.909791661546526,13219.662076503068,0.09909791661546527,"{""up"":0.417,""flat"":0.0213,""down"":0.5617}",0.36644958000000005,2,방향 맞고 크기 틀림,false,"{""sourceUrl"":""https://api.stock.naver.com/chart/domestic/item/138040/minute?startDateTime=202610011525&endDateTime=202610011545"",""rawHash"":""9767cebaf7445e7ab2026cdd5af5d11a5057baaa6d06059b2bde64d19b572627"",""observedAt"":""2026-10-01T09:53:49Z"",""finalClose"":true}",1,2026-10-01T09:53:49Z,v1
score-8e03f9b739b2608e,score,2026-10-01,2026-10-01T09:53:49Z,,,"{""forecastId"":""2026-09-28-atlas11-90616c6bc916e8d6"",""inputSnapshotSHA256"":""0d432d2ff749f8ac7aafc1ec59cb34ef8b1ec97e7ac58cd388fd1b139768a258"",""collectionRecordId"":""collection-ce784343746dd63e""}",2026-09-28-atlas11-90616c6bc916e8d6,atlas11-A-1,live,,2026-09-28T13:13:16.576Z,2026-09-28,30700,015760,한국전력,util,2026-10-01,3,true,"{""p05"":28543.573823870734,""p10"":29142.26800463963,""p25"":29929.74054167185,""p50"":30699.07470272132,""p75"":31488.457763383863,""p90"":32295.802900886498,""p95"":32904.36001356693}",30150,549.0747027213183,1.8211432926080209,2.5,true,-0.00003013997650425093,-0.01791530944625408,down,down,true,29142.26800463963,32295.802900886498,true,10.272100639240609,3153.534896246867,0.1027210063924061,"{""up"":0.48795,""flat"":0.0217,""down"":0.49035}",0.4983092149999999,1,방향·크기 모두 맞음,true,"{""sourceUrl"":""https://api.stock.naver.com/chart/domestic/item/015760/minute?startDateTime=202610011525&endDateTime=202610011545"",""rawHash"":""5638b3385830dd9827f153cbd1522aa97b7224337593595909b660e01e3854a8"",""observedAt"":""2026-10-01T09:53:49Z"",""finalClose"":true}",1,2026-10-01T09:53:49Z,v1
score-69235305f41829cb,score,2026-10-01,2026-10-01T09:53:49Z,,,"{""forecastId"":""2026-09-28-atlas11-90616c6bc916e8d6"",""inputSnapshotSHA256"":""0d432d2ff749f8ac7aafc1ec59cb34ef8b1ec97e7ac58cd388fd1b139768a258"",""collectionRecordId"":""collection-ce784343746dd63e""}",2026-09-28-atlas11-90616c6bc916e8d6,atlas11-A-1,live,,2026-09-28T13:13:16.576Z,2026-09-28,21250,011200,HMM,auto,2026-10-01,3,true,"{""p05"":20017.19471007487,""p10"":20310.75739764007,""p25"":20765.99832059158,""p50"":21219.156352340753,""p75"":21721.18896617939,""p90"":22244.727419180886,""p95"":22626.684895014438}",21150,69.15635234075307,0.32698038931798146,2.5,true,-0.0014514657721999003,-0.004705882352941226,down,down,true,20310.75739764007,22244.727419180886,true,9.101035395486191,1933.9700215408157,0.09101035395486191,"{""up"":0.47035,""flat"":0.02425,""down"":0.5054}",0.46644634500000004,1,방향·크기 모두 맞음,true,"{""sourceUrl"":""https://api.stock.naver.com/chart/domestic/item/011200/minute?startDateTime=202610011525&endDateTime=202610011545"",""rawHash"":""25a33e9191f450cacb0064f05a8612d6224967d082dff83a2cdc463ff9f98fe8"",""observedAt"":""2026-10-01T09:53:49Z"",""finalClose"":true}",1,2026-10-01T09:53:49Z,v1
score-c005f064b98dbbfe,score,2026-10-01,2026-10-01T09:53:49Z,,,"{""forecastId"":""2026-09-28-atlas11-90616c6bc916e8d6"",""inputSnapshotSHA256"":""0d432d2ff749f8ac7aafc1ec59cb34ef8b1ec97e7ac58cd388fd1b139768a258"",""collectionRecordId"":""collection-ce784343746dd63e""}",2026-09-28-atlas11-90616c6bc916e8d6,atlas11-A-1,live,,2026-09-28T13:13:16.576Z,2026-09-28,262500,051910,LG화학,chem,2026-10-01,3,true,"{""p05"":237573.12478584753,""p10"":243540.02110839356,""p25"":252576.1348823512,""p50"":262143.13488316798,""p75"":272441.2174146838,""p90"":282516.53197465383,""p95"":289466.4099022529}",257000,5143.134883167979,2.0012197988980462,2.5,true,-0.0013594861593601015,-0.020952380952380945,down,down,true,243540.02110839356,282516.53197465383,true,14.8481946157182,38976.51086626027,0.148481946157182,"{""up"":0.48375,""flat"":0.0138,""down"":0.50245}",0.481760505,1,방향·크기 모두 맞음,true,"{""sourceUrl"":""https://api.stock.naver.com/chart/domestic/item/051910/minute?startDateTime=202610011525&endDateTime=202610011545"",""rawHash"":""6392b0e146b759a74ff8c8cc9b421b8cedc5c83272e22a4e79f4841e83ae2262"",""observedAt"":""2026-10-01T09:53:49Z"",""finalClose"":true}",1,2026-10-01T09:53:49Z,v1
score-182486f7a49e0103,score,2026-10-01,2026-10-01T09:53:49Z,,,"{""forecastId"":""2026-09-28-atlas11-90616c6bc916e8d6"",""inputSnapshotSHA256"":""0d432d2ff749f8ac7aafc1ec59cb34ef8b1ec97e7ac58cd388fd1b139768a258"",""collectionRecordId"":""collection-ce784343746dd63e""}",2026-09-28-atlas11-90616c6bc916e8d6,atlas11-A-1,live,,2026-09-28T13:13:16.576Z,2026-09-28,88200,017670,SK텔레콤,net,2026-10-01,3,true,"{""p05"":84015.02279971364,""p10"":85156.44653289992,""p25"":86618.34666440115,""p50"":88112.53595197841,""p75"":89684.85888769793,""p90"":91500.50850357415,""p95"":93039.65966833427}",86300,1812.5359519784106,2.100273409013222,2.5,true,-0.0009916558732606662,-0.02154195011337867,down,down,true,85156.44653289992,91500.50850357415,true,7.192814025707743,6344.061970674229,0.07192814025707743,"{""up"":0.4664,""flat"":0.03365,""down"":0.49995}",0.468711285,1,방향·크기 모두 맞음,true,"{""sourceUrl"":""https://api.stock.naver.com/chart/domestic/item/017670/minute?startDateTime=202610011525&endDateTime=202610011545"",""rawHash"":""73798c3aa69eea0b004bbd778e3b5b6de9201c4f9a5445ed9e27c8d6641c37e6"",""observedAt"":""2026-10-01T09:53:49Z"",""finalClose"":true}",1,2026-10-01T09:53:49Z,v1
score-901f1941a0c93368,score,2026-10-01,2026-10-01T09:53:49Z,,,"{""forecastId"":""2026-09-28-atlas11-90616c6bc916e8d6"",""inputSnapshotSHA256"":""0d432d2ff749f8ac7aafc1ec59cb34ef8b1ec97e7ac58cd388fd1b139768a258"",""collectionRecordId"":""collection-ce784343746dd63e""}",2026-09-28-atlas11-90616c6bc916e8d6,atlas11-A-1,live,,2026-09-28T13:13:16.576Z,2026-09-28,175400,033780,KT&G,cons,2026-10-01,3,true,"{""p05"":168222.3659379765,""p10"":169966.11569469492,""p25"":172686.36543348708,""p50"":175412.39226677502,""p75"":178368.29144146398,""p90"":181564.88735727945,""p95"":183898.21301895843}",174700,712.3922667750157,0.40778034732399293,2.5,true,0.00007065146393969712,-0.003990877993158448,up,down,false,169966.11569469492,181564.88735727945,true,6.612754653696998,11598.771662584535,0.06612754653696998,"{""up"":0.4839,""flat"":0.0352,""down"":0.4809}",0.50486306,3,크기 허용·방향 틀림,true,"{""sourceUrl"":""https://api.stock.naver.com/chart/domestic/item/033780/minute?startDateTime=202610011525&endDateTime=202610011545"",""rawHash"":""8358d192b9f9dd179c7b16f4e84aca4159a7ebadd287aafcbb55f701910edd38"",""observedAt"":""2026-10-01T09:53:49Z"",""finalClose"":true}",1,2026-10-01T09:53:49Z,v1
score-ff69b5668e3368e7,score,2026-10-01,2026-10-01T09:53:49Z,,,"{""forecastId"":""2026-09-28-atlas11-90616c6bc916e8d6"",""inputSnapshotSHA256"":""0d432d2ff749f8ac7aafc1ec59cb34ef8b1ec97e7ac58cd388fd1b139768a258"",""collectionRecordId"":""collection-ce784343746dd63e""}",2026-09-28-atlas11-90616c6bc916e8d6,atlas11-A-1,live,,2026-09-28T13:13:16.576Z,2026-09-28,252500,196170,알테오젠,bio,2026-10-01,3,true,"{""p05"":233604.2628304822,""p10"":238806.9308062084,""p25"":246184.54144481284,""p50"":253714.72245134524,""p75"":262152.6762964872,""p90"":270930.26192578016,""p95"":277088.8396351931}",265000,-11285.277548654762,4.258595301379155,2.5,false,0.004810781985525647,0.04950495049504955,up,up,true,238806.9308062084,270930.26192578016,true,12.722111334483863,32123.331119571754,0.12722111334483863,"{""up"":0.5337,""flat"":0.0166,""down"":0.4497}",0.41994134000000005,2,방향 맞고 크기 틀림,false,"{""sourceUrl"":""https://api.stock.naver.com/chart/domestic/item/196170/minute?startDateTime=202610011525&endDateTime=202610011545"",""rawHash"":""9797ee27c42c596d2b8c587486d4b1f7517165de874c02bde6aa9b09eeecac9a"",""observedAt"":""2026-10-01T09:53:49Z"",""finalClose"":true}",1,2026-10-01T09:53:49Z,v1
score-d1504c6435bcdcdb,score,2026-10-01,2026-10-01T09:53:49Z,,,"{""forecastId"":""2026-09-28-atlas11-90616c6bc916e8d6"",""inputSnapshotSHA256"":""0d432d2ff749f8ac7aafc1ec59cb34ef8b1ec97e7ac58cd388fd1b139768a258"",""collectionRecordId"":""collection-ce784343746dd63e""}",2026-09-28-atlas11-90616c6bc916e8d6,atlas11-A-1,live,,2026-09-28T13:13:16.576Z,2026-09-28,219000,018260,삼성에스디에스,semi,2026-10-01,3,true,"{""p05"":203327.6433707584,""p10"":207244.41022099042,""p25"":212836.56773159848,""p50"":218507.15491912293,""p75"":224344.90515221574,""p90"":230677.2312840568,""p95"":236264.81835997413}",223000,-4492.845080877072,2.0147287358193147,2.5,true,-0.002250434159256076,0.0182648401826484,down,up,false,207244.41022099042,230677.2312840568,true,10.69991829363761,23432.821063066367,0.1069991829363761,"{""up"":0.4673,""flat"":0.02035,""down"":0.51235}",0.546685935,3,크기 허용·방향 틀림,true,"{""sourceUrl"":""https://api.stock.naver.com/chart/domestic/item/018260/minute?startDateTime=202610011525&endDateTime=202610011545"",""rawHash"":""56a59fc006410c14fcba3ee90318bc15e8cfc269d3e1cfdcd82b858b33b444e0"",""observedAt"":""2026-10-01T09:53:49Z"",""finalClose"":true}",1,2026-10-01T09:53:49Z,v1
score-3713e52c414b4a5b,score,2026-10-01,2026-10-01T09:53:49Z,,,"{""forecastId"":""2026-09-28-atlas11-90616c6bc916e8d6"",""inputSnapshotSHA256"":""0d432d2ff749f8ac7aafc1ec59cb34ef8b1ec97e7ac58cd388fd1b139768a258"",""collectionRecordId"":""collection-ce784343746dd63e""}",2026-09-28-atlas11-90616c6bc916e8d6,atlas11-A-1,live,,2026-09-28T13:13:16.576Z,2026-09-28,199100,086280,현대글로비스,auto,2026-10-01,3,true,"{""p05"":185486.70039511003,""p10"":188684.99214077517,""p25"":193575.15365421254,""p50"":198678.65093435097,""p75"":204189.62338612933,""p90"":210302.56931758136,""p95"":214769.27470610387}",198400,278.6509343509679,0.14044905965270557,2.5,true,-0.0021162685366601375,-0.0035158211953791874,down,down,true,188684.99214077517,210302.56931758136,true,10.857648004423002,21617.577176806197,0.10857648004423003,"{""up"":0.4687,""flat"":0.0199,""down"":0.5114}",0.45880566000000006,1,방향·크기 모두 맞음,true,"{""sourceUrl"":""https://api.stock.naver.com/chart/domestic/item/086280/minute?startDateTime=202610011525&endDateTime=202610011545"",""rawHash"":""7e021ee64c2d78697892d291ee3095c1eb6f8289d26efd1ee2075ba2e64a15ee"",""observedAt"":""2026-10-01T09:53:49Z"",""finalClose"":true}",1,2026-10-01T09:53:49Z,v1
score-5f7723ec20397422,score,2026-10-01,2026-10-01T09:53:49Z,,,"{""forecastId"":""2026-09-28-atlas11-90616c6bc916e8d6"",""inputSnapshotSHA256"":""0d432d2ff749f8ac7aafc1ec59cb34ef8b1ec97e7ac58cd388fd1b139768a258"",""collectionRecordId"":""collection-ce784343746dd63e""}",2026-09-28-atlas11-90616c6bc916e8d6,atlas11-A-1,live,,2026-09-28T13:13:16.576Z,2026-09-28,124600,000720,현대건설,heavy,2026-10-01,3,true,"{""p05"":111935.8328895601,""p10"":114757.92024104223,""p25"":119143.68544934512,""p50"":123877.93461952126,""p75"":129527.2760259611,""p90"":136068.1007939242,""p95"":141058.42773637915}",117200,6677.9346195212565,5.697896433038615,2.5,false,-0.005795067259058984,-0.0593900481540931,down,down,true,114757.92024104223,136068.1007939242,true,17.102873637947017,21310.180552881982,0.17102873637947016,"{""up"":0.4559,""flat"":0.0122,""down"":0.5319}",0.42711126,2,방향 맞고 크기 틀림,false,"{""sourceUrl"":""https://api.stock.naver.com/chart/domestic/item/000720/minute?startDateTime=202610011525&endDateTime=202610011545"",""rawHash"":""6e8fb59ee494d85dc6ca7bcb80dd0b3075b3709739a171b46d0d27bb48979cc5"",""observedAt"":""2026-10-01T09:53:49Z"",""finalClose"":true}",1,2026-10-01T09:53:49Z,v1
score-b8d2596ec411f127,score,2026-10-01,2026-10-01T09:53:49Z,,,"{""forecastId"":""2026-09-28-atlas11-90616c6bc916e8d6"",""inputSnapshotSHA256"":""0d432d2ff749f8ac7aafc1ec59cb34ef8b1ec97e7ac58cd388fd1b139768a258"",""collectionRecordId"":""collection-ce784343746dd63e""}",2026-09-28-atlas11-90616c6bc916e8d6,atlas11-A-1,live,,2026-09-28T13:13:16.576Z,2026-09-28,368500,278470,에이피알,cons,2026-10-01,3,true,"{""p05"":331244.6209023155,""p10"":339317.9660374906,""p25"":352687.95875524834,""p50"":368042.0209022589,""p75"":384545.88605231134,""p90"":400430.7179035277,""p95"":411179.62952890055}",366000,2042.020902258926,0.5579292082674661,2.5,true,-0.0012428198039106109,-0.006784260515603768,down,down,true,339317.9660374906,400430.7179035277,true,16.584193179385927,61112.75186603714,0.16584193179385928,"{""up"":0.4855,""flat"":0.013,""down"":0.5015}",0.4843815,1,방향·크기 모두 맞음,true,"{""sourceUrl"":""https://api.stock.naver.com/chart/domestic/item/278470/minute?startDateTime=202610011525&endDateTime=202610011545"",""rawHash"":""581e531c2237ba38c7f4a7cfc4aeadbd997bf7b3c1b6d6bc97c6cd5d7d424a2e"",""observedAt"":""2026-10-01T09:53:49Z"",""finalClose"":true}",1,2026-10-01T09:53:49Z,v1
score-d2189212364cdb12,score,2026-10-01,2026-10-01T09:53:49Z,,,"{""forecastId"":""2026-09-28-atlas11-90616c6bc916e8d6"",""inputSnapshotSHA256"":""0d432d2ff749f8ac7aafc1ec59cb34ef8b1ec97e7ac58cd388fd1b139768a258"",""collectionRecordId"":""collection-ce784343746dd63e""}",2026-09-28-atlas11-90616c6bc916e8d6,atlas11-A-1,live,,2026-09-28T13:13:16.576Z,2026-09-28,52900,030200,KT,net,2026-10-01,3,true,"{""p05"":50869.770773736585,""p10"":51368.36657151911,""p25"":52116.30267426526,""p50"":52895.620123713146,""p75"":53709.340922751435,""p90"":54550.54526781326,""p95"":55102.22149476358}",51800,1095.6201237131463,2.115096763924993,2.5,true,-0.00008279539294619997,-0.020793950850661602,down,down,true,51368.36657151911,54550.54526781326,true,6.01546067352391,3182.178696294148,0.06015460673523909,"{""up"":0.48025,""flat"":0.03655,""down"":0.4832}",0.499058205,1,방향·크기 모두 맞음,true,"{""sourceUrl"":""https://api.stock.naver.com/chart/domestic/item/030200/minute?startDateTime=202610011525&endDateTime=202610011545"",""rawHash"":""80f6c35634a12743e11dfb2a6658ad3b03a1a42dc287c4f130f2fb55f82f38a6"",""observedAt"":""2026-10-01T09:53:49Z"",""finalClose"":true}",1,2026-10-01T09:53:49Z,v1
score-fd2b35ccebc4de56,score,2026-10-01,2026-10-01T09:53:49Z,,,"{""forecastId"":""2026-09-28-atlas11-90616c6bc916e8d6"",""inputSnapshotSHA256"":""0d432d2ff749f8ac7aafc1ec59cb34ef8b1ec97e7ac58cd388fd1b139768a258"",""collectionRecordId"":""collection-ce784343746dd63e""}",2026-09-28-atlas11-90616c6bc916e8d6,atlas11-A-1,live,,2026-09-28T13:13:16.576Z,2026-09-28,31700,003490,대한항공,auto,2026-10-01,3,true,"{""p05"":29429.37507192497,""p10"":29914.984309212778,""p25"":30633.073591029915,""p50"":31395.257311674493,""p75"":32235.564578836107,""p90"":33164.82953611037,""p95"":33865.4627344612}",31200,195.2573116744934,0.6258247169054275,2.5,true,-0.00961333401657749,-0.01577287066246058,down,down,true,29914.984309212778,33164.82953611037,true,10.251877687374098,3249.845226897589,0.10251877687374097,"{""up"":0.38795,""flat"":0.02055,""down"":0.5915}",0.317799755,1,방향·크기 모두 맞음,false,"{""sourceUrl"":""https://api.stock.naver.com/chart/domestic/item/003490/minute?startDateTime=202610011525&endDateTime=202610011545"",""rawHash"":""e292de41a1cf8c5204a7c4a6183051218b67b77f0cc11786982488b77686518b"",""observedAt"":""2026-10-01T09:53:49Z"",""finalClose"":true}",1,2026-10-01T09:53:49Z,v1
score-8d1a6e3bd3de0f90,score,2026-10-01,2026-10-01T09:53:49Z,,,"{""forecastId"":""2026-09-28-atlas11-90616c6bc916e8d6"",""inputSnapshotSHA256"":""0d432d2ff749f8ac7aafc1ec59cb34ef8b1ec97e7ac58cd388fd1b139768a258"",""collectionRecordId"":""collection-ce784343746dd63e""}",2026-09-28-atlas11-90616c6bc916e8d6,atlas11-A-1,live,,2026-09-28T13:13:16.576Z,2026-09-28,56900,047050,포스코인터내셔널,util,2026-10-01,3,true,"{""p05"":52661.266781350554,""p10"":53657.59563740666,""p25"":55171.83609737685,""p50"":56773.756655604724,""p75"":58527.0748187683,""p90"":60501.80385113519,""p95"":61847.647617754454}",55300,1473.756655604724,2.6650210770429004,2.5,false,-0.0022186879507077872,-0.02811950790861162,down,down,true,53657.59563740666,60501.80385113519,true,12.028485437132746,6844.208213728532,0.12028485437132747,"{""up"":0.46955,""flat"":0.0183,""down"":0.51215}",0.458809715,2,방향 맞고 크기 틀림,true,"{""sourceUrl"":""https://api.stock.naver.com/chart/domestic/item/047050/minute?startDateTime=202610011525&endDateTime=202610011545"",""rawHash"":""59d3b299ac56eefa9dfc9347ac2b9b65a9c34097631736b1c5919055dcc0db53"",""observedAt"":""2026-10-01T09:53:49Z"",""finalClose"":true}",1,2026-10-01T09:53:49Z,v1
score-5dbb467f699b5d3b,score,2026-10-01,2026-10-01T09:53:49Z,,,"{""forecastId"":""2026-09-28-atlas11-90616c6bc916e8d6"",""inputSnapshotSHA256"":""0d432d2ff749f8ac7aafc1ec59cb34ef8b1ec97e7ac58cd388fd1b139768a258"",""collectionRecordId"":""collection-ce784343746dd63e""}",2026-09-28-atlas11-90616c6bc916e8d6,atlas11-A-1,live,,2026-09-28T13:13:16.576Z,2026-09-28,1215000,003230,삼양식품,cons,2026-10-01,3,true,"{""p05"":1119627.4106000196,""p10"":1138714.5348898522,""p25"":1170451.888245083,""p50"":1209389.173354401,""p75"":1253439.3302093367,""p90"":1302687.0489406772,""p95"":1336547.2847662026}",1224000,-14610.82664559898,1.1936949873855376,2.5,true,-0.004617964317365386,0.007407407407407307,down,up,false,1138714.5348898522,1302687.0489406772,true,13.495680168792184,163972.51405082503,0.13495680168792185,"{""up"":0.4551,""flat"":0.01505,""down"":0.52985}",0.577883535,3,크기 허용·방향 틀림,false,"{""sourceUrl"":""https://api.stock.naver.com/chart/domestic/item/003230/minute?startDateTime=202610011525&endDateTime=202610011545"",""rawHash"":""7779e2144463a3253b3fbc79af9f207b9b2ec0159e5bf99ea44bf107b7fa6fc9"",""observedAt"":""2026-10-01T09:53:49Z"",""finalClose"":true}",1,2026-10-01T09:53:49Z,v1
score-b48a3b1905fd16df,score,2026-10-01,2026-10-01T09:53:49Z,,,"{""forecastId"":""2026-09-28-atlas11-90616c6bc916e8d6"",""inputSnapshotSHA256"":""0d432d2ff749f8ac7aafc1ec59cb34ef8b1ec97e7ac58cd388fd1b139768a258"",""collectionRecordId"":""collection-ce784343746dd63e""}",2026-09-28-atlas11-90616c6bc916e8d6,atlas11-A-1,live,,2026-09-28T13:13:16.576Z,2026-09-28,202000,259960,크래프톤,net,2026-10-01,3,true,"{""p05"":189407.98423325157,""p10"":192683.81951187213,""p25"":197267.25150018983,""p50"":201869.73886688246,""p75"":206562.1072531146,""p90"":211000.02894665764,""p95"":214142.5091822281}",199700,2169.738866882457,1.0864991822145504,2.5,true,-0.000644857094641349,-0.011386138613861396,down,down,true,192683.81951187213,211000.02894665764,true,9.06743041326015,18316.2094347855,0.0906743041326015,"{""up"":0.48355,""flat"":0.021,""down"":0.49545}",0.4888323050000001,1,방향·크기 모두 맞음,true,"{""sourceUrl"":""https://api.stock.naver.com/chart/domestic/item/259960/minute?startDateTime=202610011525&endDateTime=202610011545"",""rawHash"":""9794df2942f325a8d272f5f52873ac3e2b73d1870ef5c4be7af0e1f93616fdea"",""observedAt"":""2026-10-01T09:53:49Z"",""finalClose"":true}",1,2026-10-01T09:53:49Z,v1
score-3bd26c3855d79dc0,score,2026-10-01,2026-10-01T09:53:49Z,,,"{""forecastId"":""2026-09-28-atlas11-90616c6bc916e8d6"",""inputSnapshotSHA256"":""0d432d2ff749f8ac7aafc1ec59cb34ef8b1ec97e7ac58cd388fd1b139768a258"",""collectionRecordId"":""collection-ce784343746dd63e""}",2026-09-28-atlas11-90616c6bc916e8d6,atlas11-A-1,live,,2026-09-28T13:13:16.576Z,2026-09-28,101600,021240,코웨이,cons,2026-10-01,3,true,"{""p05"":95187.70193449406,""p10"":96737.21552287863,""p25"":99015.01772544478,""p50"":101526.31006512133,""p75"":104389.16727295562,""p90"":107376.71035932265,""p95"":109319.7642846057}",99300,2226.3100651213317,2.242004093777776,2.5,true,-0.0007252946346325562,-0.02263779527559051,down,down,true,96737.21552287863,107376.71035932265,true,10.4719437366575,10639.49483644402,0.104719437366575,"{""up"":0.4829,""flat"":0.0194,""down"":0.4977}",0.48587405999999994,1,방향·크기 모두 맞음,true,"{""sourceUrl"":""https://api.stock.naver.com/chart/domestic/item/021240/minute?startDateTime=202610011525&endDateTime=202610011545"",""rawHash"":""ff60574512db30869d98dd60485b3b341e062aeef40997b020bf3c88f8a269e2"",""observedAt"":""2026-10-01T09:53:49Z"",""finalClose"":true}",1,2026-10-01T09:53:49Z,v1
score-9b880061ee15f972,score,2026-10-01,2026-10-01T09:53:49Z,,,"{""forecastId"":""2026-09-28-atlas11-90616c6bc916e8d6"",""inputSnapshotSHA256"":""0d432d2ff749f8ac7aafc1ec59cb34ef8b1ec97e7ac58cd388fd1b139768a258"",""collectionRecordId"":""collection-ce784343746dd63e""}",2026-09-28-atlas11-90616c6bc916e8d6,atlas11-A-1,live,,2026-09-28T13:13:16.576Z,2026-09-28,161900,352820,하이브,net,2026-10-01,3,true,"{""p05"":150191.50945845994,""p10"":153166.2118962476,""p25"":157423.7290187581,""p50"":161852.21897634258,""p75"":166560.76588567533,""p90"":171358.9278414772,""p95"":174745.4688380896}",156200,5652.218976342585,3.6185780898480053,2.5,false,-0.00029512676749487987,-0.03520691785052499,down,down,true,153166.2118962476,171358.9278414772,true,11.237007995818162,18192.715945229604,0.11237007995818162,"{""up"":0.487,""flat"":0.0199,""down"":0.4931}",0.49451261999999996,2,방향 맞고 크기 틀림,true,"{""sourceUrl"":""https://api.stock.naver.com/chart/domestic/item/352820/minute?startDateTime=202610011525&endDateTime=202610011545"",""rawHash"":""fa6fd3049f529b54960942d74e9f903d1dec76906e0423c2883c2221b35b1d8f"",""observedAt"":""2026-10-01T09:53:49Z"",""finalClose"":true}",1,2026-10-01T09:53:49Z,v1
score-50526c279c2854e2,score,2026-10-01,2026-10-01T09:53:49Z,,,"{""forecastId"":""2026-09-28-atlas11-90616c6bc916e8d6"",""inputSnapshotSHA256"":""0d432d2ff749f8ac7aafc1ec59cb34ef8b1ec97e7ac58cd388fd1b139768a258"",""collectionRecordId"":""collection-ce784343746dd63e""}",2026-09-28-atlas11-90616c6bc916e8d6,atlas11-A-1,live,,2026-09-28T13:13:16.576Z,2026-09-28,33350,009830,한화솔루션,chem,2026-10-01,3,true,"{""p05"":28766.273296899584,""p10"":29951.75718493035,""p25"":31572.13340456907,""p50"":33204.88054467737,""p75"":35069.75926657163,""p90"":37287.23595266067,""p95"":39164.22834451107}",34250,-1045.1194553226305,3.0514436651755634,2.5,false,-0.004351407955701103,0.026986506746626615,down,up,false,29951.75718493035,37287.23595266067,true,21.995438583899002,7335.4787677303175,0.21995438583899002,"{""up"":0.47215,""flat"":0.01005,""down"":0.5178}",0.546843465,4,방향·크기 모두 틀림,true,"{""sourceUrl"":""https://api.stock.naver.com/chart/domestic/item/009830/minute?startDateTime=202610011525&endDateTime=202610011545"",""rawHash"":""543a50ff99b7c9d1cc2199a91d6a2eb10d868e5f4c8de1f45e9928bb4aedc00e"",""observedAt"":""2026-10-01T09:53:49Z"",""finalClose"":true}",1,2026-10-01T09:53:49Z,v1
score-0a5c560610129cec,score,2026-10-01,2026-10-01T09:53:49Z,,,"{""forecastId"":""2026-09-28-atlas11-90616c6bc916e8d6"",""inputSnapshotSHA256"":""0d432d2ff749f8ac7aafc1ec59cb34ef8b1ec97e7ac58cd388fd1b139768a258"",""collectionRecordId"":""collection-ce784343746dd63e""}",2026-09-28-atlas11-90616c6bc916e8d6,atlas11-A-1,live,,2026-09-28T13:13:16.576Z,2026-09-28,43350,029780,삼성카드,fin,2026-10-01,3,true,"{""p05"":41434.871687952385,""p10"":41933.38174269933,""p25"":42662.73858674767,""p50"":43343.925688090865,""p75"":44037.16807749207,""p90"":44767.20585662109,""p95"":45319.024802072825}",41850,1493.9256880908652,3.5697149058324134,2.5,false,-0.0001401225353895308,-0.03460207612456745,down,down,true,41933.38174269933,44767.20585662109,false,6.53707984757039,3667.6415409150286,0.08460534119757851,"{""up"":0.4801,""flat"":0.0356,""down"":0.4843}",0.49770986000000006,2,방향 맞고 크기 틀림,true,"{""sourceUrl"":""https://api.stock.naver.com/chart/domestic/item/029780/minute?startDateTime=202610011525&endDateTime=202610011545"",""rawHash"":""9064b218c80aecb8ab8ee27142599c409a55273e0e211a0453cc2f168fd9dce2"",""observedAt"":""2026-10-01T09:53:49Z"",""finalClose"":true}",1,2026-10-01T09:53:49Z,v1
score-5c94816c8737d175,score,2026-10-01,2026-10-01T09:53:49Z,,,"{""forecastId"":""2026-09-28-atlas11-90616c6bc916e8d6"",""inputSnapshotSHA256"":""0d432d2ff749f8ac7aafc1ec59cb34ef8b1ec97e7ac58cd388fd1b139768a258"",""collectionRecordId"":""collection-ce784343746dd63e""}",2026-09-28-atlas11-90616c6bc916e8d6,atlas11-A-1,live,,2026-09-28T13:13:16.576Z,2026-09-28,39700,028300,HLB,bio,2026-10-01,3,true,"{""p05"":35317.34516260222,""p10"":36498.14279858772,""p25"":37916.512940684755,""p50"":39394.355432407196,""p75"":40973.534383442755,""p90"":42745.726069299824,""p95"":43981.740789782845}",40550,-1155.6445675928044,2.849924950907039,2.5,false,-0.0076988556068716685,0.021410579345088054,down,up,false,36498.14279858772,42745.726069299824,true,15.736985568544334,6247.583270712101,0.15736985568544334,"{""up"":0.43805,""flat"":0.01315,""down"":0.5488}",0.617142165,4,방향·크기 모두 틀림,false,"{""sourceUrl"":""https://api.stock.naver.com/chart/domestic/item/028300/minute?startDateTime=202610011525&endDateTime=202610011545"",""rawHash"":""1c5d03d4d8a8a11461f1f37faee77191757564b1a49cdf2b63d8b299ec6064c7"",""observedAt"":""2026-10-01T09:53:49Z"",""finalClose"":true}",1,2026-10-01T09:53:49Z,v1
score-fbd96397f9a8866a,score,2026-10-01,2026-10-01T09:53:49Z,,,"{""forecastId"":""2026-09-28-atlas11-90616c6bc916e8d6"",""inputSnapshotSHA256"":""0d432d2ff749f8ac7aafc1ec59cb34ef8b1ec97e7ac58cd388fd1b139768a258"",""collectionRecordId"":""collection-ce784343746dd63e""}",2026-09-28-atlas11-90616c6bc916e8d6,atlas11-A-1,live,,2026-09-28T13:13:16.576Z,2026-09-28,8450,034220,LG디스플레이,semi,2026-10-01,3,true,"{""p05"":7893.9896242074265,""p10"":8026.076965665844,""p25"":8224.947748290102,""p50"":8435.567651505593,""p75"":8653.05982534082,""p90"":8888.467316854349,""p95"":9076.620843358749}",8580,-144.43234849440705,1.683360705063019,2.5,true,-0.0017079702360245363,0.01538461538461533,down,up,false,8026.076965665844,8888.467316854349,true,10.205802972645026,862.3903511885046,0.10205802972645026,"{""up"":0.4713,""flat"":0.02105,""down"":0.50765}",0.537675315,3,크기 허용·방향 틀림,true,"{""sourceUrl"":""https://api.stock.naver.com/chart/domestic/item/034220/minute?startDateTime=202610011525&endDateTime=202610011545"",""rawHash"":""bff0ed9be2e7be9f042450133e9ff813d09ee31c4661f45f7efed75c98ecff75"",""observedAt"":""2026-10-01T09:53:49Z"",""finalClose"":true}",1,2026-10-01T09:53:49Z,v1
score-7197fc5bfa627aad,score,2026-10-01,2026-10-01T09:53:49Z,,,"{""forecastId"":""2026-09-28-atlas11-90616c6bc916e8d6"",""inputSnapshotSHA256"":""0d432d2ff749f8ac7aafc1ec59cb34ef8b1ec97e7ac58cd388fd1b139768a258"",""collectionRecordId"":""collection-ce784343746dd63e""}",2026-09-28-atlas11-90616c6bc916e8d6,atlas11-A-1,live,,2026-09-28T13:13:16.576Z,2026-09-28,480000,002380,KCC,chem,2026-10-01,3,true,"{""p05"":445342.83419039106,""p10"":454463.1399818087,""p25"":467163.58295107575,""p50"":479856.9199302022,""p75"":493140.8118507754,""p90"":507042.75020541623,""p95"":516940.91464392585}",472500,7356.919930202188,1.557020091048082,2.5,true,-0.00029808347874549224,-0.015625,down,down,true,454463.1399818087,507042.75020541623,true,10.954085463251564,52579.61022360751,0.10954085463251564,"{""up"":0.48695,""flat"":0.0206,""down"":0.49245}",0.49515166499999996,1,방향·크기 모두 맞음,true,"{""sourceUrl"":""https://api.stock.naver.com/chart/domestic/item/002380/minute?startDateTime=202610011525&endDateTime=202610011545"",""rawHash"":""141b88170b3def44293d2fc60feeca90c272dcb31f0459d771c0ebcdd0eab545"",""observedAt"":""2026-10-01T09:53:49Z"",""finalClose"":true}",1,2026-10-01T09:53:49Z,v1
score-76968e2a14ed6df7,score,2026-10-01,2026-10-01T09:53:49Z,,,"{""forecastId"":""2026-09-28-atlas11-90616c6bc916e8d6"",""inputSnapshotSHA256"":""0d432d2ff749f8ac7aafc1ec59cb34ef8b1ec97e7ac58cd388fd1b139768a258"",""collectionRecordId"":""collection-ce784343746dd63e""}",2026-09-28-atlas11-90616c6bc916e8d6,atlas11-A-1,live,,2026-09-28T13:13:16.576Z,2026-09-28,35500,036460,한국가스공사,util,2026-10-01,3,true,"{""p05"":33672.378965619595,""p10"":34225.47099792836,""p25"":34882.13710684842,""p50"":35499.896345731395,""p75"":36097.99830181683,""p90"":36739.60934562769,""p95"":37220.96335572693}",35250,249.89634573139483,0.7089258034933187,2.5,true,-0.0000029198385522732906,-0.007042253521126751,up,down,false,34225.47099792836,36739.60934562769,true,7.082079852674165,2514.1383476993287,0.07082079852674165,"{""up"":0.48515,""flat"":0.02985,""down"":0.485}",0.501486545,3,크기 허용·방향 틀림,true,"{""sourceUrl"":""https://api.stock.naver.com/chart/domestic/item/036460/minute?startDateTime=202610011525&endDateTime=202610011545"",""rawHash"":""1a9626f58905b65d139fbf2683b2648a70f92d423a279431b32c631461d8b645"",""observedAt"":""2026-10-01T09:53:49Z"",""finalClose"":true}",1,2026-10-01T09:53:49Z,v1
score-90b57e1157262cc1,score,2026-10-01,2026-10-01T09:53:49Z,,,"{""forecastId"":""2026-09-28-atlas11-90616c6bc916e8d6"",""inputSnapshotSHA256"":""0d432d2ff749f8ac7aafc1ec59cb34ef8b1ec97e7ac58cd388fd1b139768a258"",""collectionRecordId"":""collection-ce784343746dd63e""}",2026-09-28-atlas11-90616c6bc916e8d6,atlas11-A-1,live,,2026-09-28T13:13:16.576Z,2026-09-28,343500,004170,신세계,cons,2026-10-01,3,true,"{""p05"":314105.67043451173,""p10"":321082.80770086625,""p25"":331862.17874181666,""p50"":343754.26381077827,""p75"":356067.62374555605,""p90"":370417.1527370854,""p95"":380798.8763053628}",333500,10254.26381077827,3.0747417723473074,2.5,false,0.0007402148785393692,-0.02911208151382827,up,down,false,321082.80770086625,370417.1527370854,true,14.362254741257399,49334.345036219165,0.143622547412574,"{""up"":0.49775,""flat"":0.0146,""down"":0.48765}",0.5104707450000001,4,방향·크기 모두 틀림,true,"{""sourceUrl"":""https://api.stock.naver.com/chart/domestic/item/004170/minute?startDateTime=202610011525&endDateTime=202610011545"",""rawHash"":""5bbba3aeb08f04d98ed55a40ac794a10816a2b51d50e3c6b3038c1b6f7056c01"",""observedAt"":""2026-10-01T09:53:49Z"",""finalClose"":true}",1,2026-10-01T09:53:49Z,v1
score-80987350415650fa,score,2026-10-01,2026-10-01T09:53:49Z,,,"{""forecastId"":""2026-09-28-atlas11-90616c6bc916e8d6"",""inputSnapshotSHA256"":""0d432d2ff749f8ac7aafc1ec59cb34ef8b1ec97e7ac58cd388fd1b139768a258"",""collectionRecordId"":""collection-ce784343746dd63e""}",2026-09-28-atlas11-90616c6bc916e8d6,atlas11-A-1,live,,2026-09-28T13:13:16.576Z,2026-09-28,83300,012750,에스원,util,2026-10-01,3,true,"{""p05"":78270.14303626296,""p10"":79615.786568588,""p25"":81473.77141858518,""p50"":83324.67201320232,""p75"":85218.00946546125,""p90"":87082.81296724391,""p95"":88348.36297833749}",83200,124.67201320231834,0.14984616971432493,2.5,true,0.0002961826314804572,-0.0012004801920768582,up,down,false,79615.786568588,87082.81296724391,true,8.964017285301217,7467.026398655915,0.08964017285301218,"{""up"":0.49115,""flat"":0.0256,""down"":0.48325}",0.508914245,3,크기 허용·방향 틀림,true,"{""sourceUrl"":""https://api.stock.naver.com/chart/domestic/item/012750/minute?startDateTime=202610011525&endDateTime=202610011545"",""rawHash"":""5bb813106dce43ee8fa819aa9a75ecd27924854451832e9eaaab04db0aaf4eb6"",""observedAt"":""2026-10-01T09:53:49Z"",""finalClose"":true}",1,2026-10-01T09:53:49Z,v1
score-6ea25e8284b8f07f,score,2026-10-01,2026-10-01T09:53:49Z,,,"{""forecastId"":""2026-09-28-atlas11-90616c6bc916e8d6"",""inputSnapshotSHA256"":""0d432d2ff749f8ac7aafc1ec59cb34ef8b1ec97e7ac58cd388fd1b139768a258"",""collectionRecordId"":""collection-ce784343746dd63e""}",2026-09-28-atlas11-90616c6bc916e8d6,atlas11-A-1,live,,2026-09-28T13:13:16.576Z,2026-09-28,71400,111770,영원무역,cons,2026-10-01,3,true,"{""p05"":67156.95094863544,""p10"":68304.95347949183,""p25"":69881.41510109488,""p50"":71477.85422901972,""p75"":73100.52244830862,""p90"":74779.49510262522,""p95"":76054.70870267262}",69300,2177.854229019722,3.142646795122254,2.5,false,0.0010903953644219033,-0.02941176470588236,up,down,false,68304.95347949183,74779.49510262522,true,9.067985466573383,6474.541623133395,0.09067985466573382,"{""up"":0.50135,""flat"":0.0232,""down"":0.47545}",0.527042765,4,방향·크기 모두 틀림,true,"{""sourceUrl"":""https://api.stock.naver.com/chart/domestic/item/111770/minute?startDateTime=202610011525&endDateTime=202610011545"",""rawHash"":""7bc83a4a67a5ab01be745385b80516a5dc06b5c9e3e288db54f0151f027c383c"",""observedAt"":""2026-10-01T09:53:49Z"",""finalClose"":true}",1,2026-10-01T09:53:49Z,v1
score-cb69a5d154b38a30,score,2026-10-01,2026-10-01T09:53:49Z,,,"{""forecastId"":""2026-09-28-atlas11-90616c6bc916e8d6"",""inputSnapshotSHA256"":""0d432d2ff749f8ac7aafc1ec59cb34ef8b1ec97e7ac58cd388fd1b139768a258"",""collectionRecordId"":""collection-ce784343746dd63e""}",2026-09-28-atlas11-90616c6bc916e8d6,atlas11-A-1,live,,2026-09-28T13:13:16.576Z,2026-09-28,14450,035250,강원랜드,cons,2026-10-01,3,true,"{""p05"":13950.540074880979,""p10"":14084.153799255753,""p25"":14271.975030955906,""p50"":14460.497355492194,""p75"":14650.73294209908,""p90"":14849.555642235764,""p95"":14976.380226211075}",14270,190.4973554921944,1.33494993337207,2.5,true,0.0007264605876950991,-0.01245674740484426,up,down,false,14084.153799255753,14849.555642235764,true,5.296898567335714,765.4018429800108,0.052968985673357144,"{""up"":0.49395,""flat"":0.04115,""down"":0.4649}",0.5320119350000001,3,크기 허용·방향 틀림,true,"{""sourceUrl"":""https://api.stock.naver.com/chart/domestic/item/035250/minute?startDateTime=202610011525&endDateTime=202610011545"",""rawHash"":""d153050abda80d95650df40dc4c2067133b99e20ddd2897d32c52affd5543f8a"",""observedAt"":""2026-10-01T09:53:49Z"",""finalClose"":true}",1,2026-10-01T09:53:49Z,v1
score-66c0f1be212cdd00,score,2026-10-01,2026-10-01T09:53:49Z,,,"{""forecastId"":""2026-09-28-atlas11-90616c6bc916e8d6"",""inputSnapshotSHA256"":""0d432d2ff749f8ac7aafc1ec59cb34ef8b1ec97e7ac58cd388fd1b139768a258"",""collectionRecordId"":""collection-ce784343746dd63e""}",2026-09-28-atlas11-90616c6bc916e8d6,atlas11-A-1,live,,2026-09-28T13:13:16.576Z,2026-09-28,38700,257720,실리콘투,cons,2026-10-01,3,true,"{""p05"":34753.89282980326,""p10"":35686.76130399911,""p25"":36999.096582342325,""p50"":38448.02887838635,""p75"":40031.08597038283,""p90"":41697.67364862604,""p95"":42787.348722721435}",38300,148.0288783863507,0.3864983769878608,2.5,true,-0.006510881695443116,-0.01033591731266148,down,down,true,35686.76130399911,41697.67364862604,true,15.53207324193005,6010.91234462693,0.1553207324193005,"{""up"":0.448,""flat"":0.01375,""down"":0.53825}",0.414106125,1,방향·크기 모두 맞음,false,"{""sourceUrl"":""https://api.stock.naver.com/chart/domestic/item/257720/minute?startDateTime=202610011525&endDateTime=202610011545"",""rawHash"":""58e7ca137c6015afb10f27e66cfd038fa0b338b224a477351347b349d696bf01"",""observedAt"":""2026-10-01T09:53:49Z"",""finalClose"":true}",1,2026-10-01T09:53:49Z,v1
score-2c24ac56d97bd1b9,score,2026-10-01,2026-10-01T09:53:49Z,,,"{""forecastId"":""2026-09-28-atlas11-90616c6bc916e8d6"",""inputSnapshotSHA256"":""0d432d2ff749f8ac7aafc1ec59cb34ef8b1ec97e7ac58cd388fd1b139768a258"",""collectionRecordId"":""collection-ce784343746dd63e""}",2026-09-28-atlas11-90616c6bc916e8d6,atlas11-A-1,live,,2026-09-28T13:13:16.576Z,2026-09-28,104400,226950,올릭스,bio,2026-10-01,3,true,"{""p05"":88664.91826847313,""p10"":91997.42907901607,""p25"":97424.60938068572,""p50"":103951.64302127543,""p75"":111265.24427997111,""p90"":119232.86773270209,""p95"":124870.8559833885}",116900,-12948.356978724565,11.0764388184128,2.5,false,-0.0042946070759057875,0.11973180076628354,down,up,false,91997.42907901607,119232.86773270209,true,26.087584917323763,27235.43865368601,0.26087584917323764,"{""up"":0.4768,""flat"":0.0091,""down"":0.5141}",0.53811986,4,방향·크기 모두 틀림,true,"{""sourceUrl"":""https://api.stock.naver.com/chart/domestic/item/226950/minute?startDateTime=202610011525&endDateTime=202610011545"",""rawHash"":""8f150f792804373092625c5086ba66067ecaaf7e55b4c5086236847a95d2b77f"",""observedAt"":""2026-10-01T09:53:49Z"",""finalClose"":true}",1,2026-10-01T09:53:49Z,v1
score-37ff5c17c2688ff6,score,2026-10-01,2026-10-01T09:53:49Z,,,"{""forecastId"":""2026-09-28-atlas11-90616c6bc916e8d6"",""inputSnapshotSHA256"":""0d432d2ff749f8ac7aafc1ec59cb34ef8b1ec97e7ac58cd388fd1b139768a258"",""collectionRecordId"":""collection-ce784343746dd63e""}",2026-09-28-atlas11-90616c6bc916e8d6,atlas11-A-1,live,,2026-09-28T13:13:16.576Z,2026-09-28,17280,010170,대한광통신,semi,2026-10-01,3,true,"{""p05"":14846.140417063822,""p10"":15402.670911639874,""p25"":16215.937874243316,""p50"":17113.701353859593,""p75"":18279.289891247565,""p90"":19622.91821288022,""p95"":20671.67211691203}",17000,113.70135385959293,0.6688314932917231,2.5,true,-0.009623764244236499,-0.01620370370370372,down,down,true,15402.670911639874,19622.91821288022,true,24.422727437733485,4220.247301240346,0.24422727437733485,"{""up"":0.45345,""flat"":0.00775,""down"":0.5388}",0.4183824050000001,1,방향·크기 모두 맞음,false,"{""sourceUrl"":""https://api.stock.naver.com/chart/domestic/item/010170/minute?startDateTime=202610011525&endDateTime=202610011545"",""rawHash"":""a5eae7b9359ce778741fb1f5b994667ea6d1093b97808ced64ff38980b01fe36"",""observedAt"":""2026-10-01T09:53:49Z"",""finalClose"":true}",1,2026-10-01T09:53:49Z,v1
score-6818ca589cc2cba9,score,2026-10-01,2026-10-01T09:53:49Z,,,"{""forecastId"":""2026-09-28-atlas11-90616c6bc916e8d6"",""inputSnapshotSHA256"":""0d432d2ff749f8ac7aafc1ec59cb34ef8b1ec97e7ac58cd388fd1b139768a258"",""collectionRecordId"":""collection-ce784343746dd63e""}",2026-09-28-atlas11-90616c6bc916e8d6,atlas11-A-1,live,,2026-09-28T13:13:16.576Z,2026-09-28,39700,214370,케어젠,bio,2026-10-01,3,true,"{""p05"":35066.91456867253,""p10"":36211.104910174465,""p25"":37860.59828476635,""p50"":39547.448586064245,""p75"":41453.716462798046,""p90"":43670.927674311024,""p95"":45362.7131145613}",43150,-3602.5514139357547,8.34890246566803,2.5,false,-0.0038426048850316308,0.0869017632241813,down,up,false,36211.104910174465,43670.927674311024,true,18.790485551981256,7459.822764136559,0.18790485551981256,"{""up"":0.4712,""flat"":0.01235,""down"":0.51645}",0.5465025649999999,4,방향·크기 모두 틀림,true,"{""sourceUrl"":""https://api.stock.naver.com/chart/domestic/item/214370/minute?startDateTime=202610011525&endDateTime=202610011545"",""rawHash"":""02c9456b796583aa40da36b93cf2e05933c2861ea9d5b4f35c535d4f4e00ec84"",""observedAt"":""2026-10-01T09:53:49Z"",""finalClose"":true}",1,2026-10-01T09:53:49Z,v1
score-8d57378ff91bcec1,score,2026-10-01,2026-10-01T09:53:49Z,,,"{""forecastId"":""2026-09-28-atlas11-90616c6bc916e8d6"",""inputSnapshotSHA256"":""0d432d2ff749f8ac7aafc1ec59cb34ef8b1ec97e7ac58cd388fd1b139768a258"",""collectionRecordId"":""collection-ce784343746dd63e""}",2026-09-28-atlas11-90616c6bc916e8d6,atlas11-A-1,live,,2026-09-28T13:13:16.576Z,2026-09-28,17810,030000,제일기획,net,2026-10-01,3,true,"{""p05"":17051.339841360903,""p10"":17294.441754508567,""p25"":17575.913323827826,""p50"":17831.31844738988,""p75"":18084.916871792637,""p90"":18346.817991330117,""p95"":18539.02719283526}",18740,-908.68155261012,4.848887687353895,2.5,false,0.0011969931156585734,0.05221785513756316,up,up,true,17294.441754508567,18346.817991330117,false,5.90890643920017,4984.196323520377,0.27985380817071176,"{""up"":0.5038,""flat"":0.0385,""down"":0.4577}",0.45718598,2,방향 맞고 크기 틀림,true,"{""sourceUrl"":""https://api.stock.naver.com/chart/domestic/item/030000/minute?startDateTime=202610011525&endDateTime=202610011545"",""rawHash"":""92c0cb81dd6bc9ff9a48ccfaa0411d3cef7c7a0295ace3950c959fe27fbc8069"",""observedAt"":""2026-10-01T09:53:49Z"",""finalClose"":true}",1,2026-10-01T09:53:49Z,v1
score-10ef7b119eb62a8a,score,2026-10-01,2026-10-01T09:53:49Z,,,"{""forecastId"":""2026-09-28-atlas11-27e1f65cfc167be9"",""inputSnapshotSHA256"":""0d432d2ff749f8ac7aafc1ec59cb34ef8b1ec97e7ac58cd388fd1b139768a258"",""collectionRecordId"":""collection-ce784343746dd63e""}",2026-09-28-atlas11-27e1f65cfc167be9,atlas11-A-1,live,,2026-09-28T13:29:56.398Z,2026-09-28,270000,005930,삼성전자,semi,2026-10-01,3,true,"{""p05"":243736.5578895873,""p10"":250049.76630250516,""p25"":260234.03807917394,""p50"":271420.80389692995,""p75"":283154.1261261218,""p90"":295376.7651382612,""p95"":303480.7741551315}",276000,-4579.196103070048,1.6591290228514668,2.5,true,0.005262236655296126,0.022222222222222143,up,up,true,250049.76630250516,295376.7651382612,true,16.78777734657631,45326.998835756036,0.1678777734657631,"{""up"":0.52805,""flat"":0.0116,""down"":0.46035}",0.4347934849999999,1,방향·크기 모두 맞음,false,"{""sourceUrl"":""https://api.stock.naver.com/chart/domestic/item/005930/minute?startDateTime=202610011525&endDateTime=202610011545"",""rawHash"":""4600c49cfb401649d5168d029ef4975003c13a5e6fb6ce8279469c21def2764b"",""observedAt"":""2026-10-01T09:53:49Z"",""finalClose"":true}",1,2026-10-01T09:53:49Z,v1
score-bd979ad1e2496780,score,2026-10-01,2026-10-01T09:53:49Z,,,"{""forecastId"":""2026-09-28-atlas11-27e1f65cfc167be9"",""inputSnapshotSHA256"":""0d432d2ff749f8ac7aafc1ec59cb34ef8b1ec97e7ac58cd388fd1b139768a258"",""collectionRecordId"":""collection-ce784343746dd63e""}",2026-09-28-atlas11-27e1f65cfc167be9,atlas11-A-1,live,,2026-09-28T13:29:56.398Z,2026-09-28,1499000,009150,삼성전기,semi,2026-10-01,3,true,"{""p05"":1376651.4647380558,""p10"":1409060.5375880627,""p25"":1457028.8347050638,""p50"":1506305.6758216321,""p75"":1564048.156549302,""p90"":1628033.3686353276,""p95"":1673915.4286324992}",1561000,-54694.32417836785,3.503800395795506,2.5,false,0.004873699680875365,0.041360907271514424,up,up,true,1409060.5375880627,1628033.3686353276,true,14.607927354720804,218972.83104726486,0.14607927354720804,"{""up"":0.5296,""flat"":0.0166,""down"":0.4538}",0.42748616000000006,2,방향 맞고 크기 틀림,false,"{""sourceUrl"":""https://api.stock.naver.com/chart/domestic/item/009150/minute?startDateTime=202610011525&endDateTime=202610011545"",""rawHash"":""563bbb7050d1aef780d6e72e3382f0b448235fe79e1c196f7bc6cb7f8a52c3a5"",""observedAt"":""2026-10-01T09:53:49Z"",""finalClose"":true}",1,2026-10-01T09:53:49Z,v1
score-3301ad195396ca2b,score,2026-10-01,2026-10-01T09:53:49Z,,,"{""forecastId"":""2026-09-28-atlas11-27e1f65cfc167be9"",""inputSnapshotSHA256"":""0d432d2ff749f8ac7aafc1ec59cb34ef8b1ec97e7ac58cd388fd1b139768a258"",""collectionRecordId"":""collection-ce784343746dd63e""}",2026-09-28-atlas11-27e1f65cfc167be9,atlas11-A-1,live,,2026-09-28T13:29:56.398Z,2026-09-28,364000,373220,LG에너지솔루션,chem,2026-10-01,3,true,"{""p05"":333406.9732966811,""p10"":340087.85837232805,""p25"":351048.9297222936,""p50"":363178.7895175877,""p75"":376138.37185560435,""p90"":390072.3710966023,""p95"":399946.97416763805}",360500,2678.789517587691,0.7430761491227992,2.5,true,-0.0022560727538799563,-0.009615384615384581,down,down,true,340087.85837232805,390072.3710966023,true,13.732008990185232,49984.512724274246,0.13732008990185232,"{""up"":0.47475,""flat"":0.0152,""down"":0.51005}",0.465669605,1,방향·크기 모두 맞음,true,"{""sourceUrl"":""https://api.stock.naver.com/chart/domestic/item/373220/minute?startDateTime=202610011525&endDateTime=202610011545"",""rawHash"":""4e6575db4f549cd0d47d287252bf0395e9e2e825c72708a82507f0f0153aa458"",""observedAt"":""2026-10-01T09:53:49Z"",""finalClose"":true}",1,2026-10-01T09:53:49Z,v1
score-46c11473df7aba06,score,2026-10-01,2026-10-01T09:53:49Z,,,"{""forecastId"":""2026-09-28-atlas11-27e1f65cfc167be9"",""inputSnapshotSHA256"":""0d432d2ff749f8ac7aafc1ec59cb34ef8b1ec97e7ac58cd388fd1b139768a258"",""collectionRecordId"":""collection-ce784343746dd63e""}",2026-09-28-atlas11-27e1f65cfc167be9,atlas11-A-1,live,,2026-09-28T13:29:56.398Z,2026-09-28,354500,005380,현대차,auto,2026-10-01,3,true,"{""p05"":331829.1918202066,""p10"":337116.42579341604,""p25"":344974.23875686625,""p50"":353617.20795762644,""p75"":362922.5361273505,""p90"":373709.8022883956,""p95"":382012.73886861716}",349000,4617.207957626437,1.3229822228155979,2.5,true,-0.0024902455356095032,-0.015514809590973178,down,down,true,337116.42579341604,373709.8022883956,true,10.322532156552763,36593.376494979544,0.10322532156552763,"{""up"":0.4613,""flat"":0.02155,""down"":0.51715}",0.446406215,1,방향·크기 모두 맞음,false,"{""sourceUrl"":""https://api.stock.naver.com/chart/domestic/item/005380/minute?startDateTime=202610011525&endDateTime=202610011545"",""rawHash"":""a9cf973c81a40793de15adad6e9f7057430d98bf08b1f3007faedb721295f2f7"",""observedAt"":""2026-10-01T09:53:49Z"",""finalClose"":true}",1,2026-10-01T09:53:49Z,v1
score-9772614b13f6e876,score,2026-10-01,2026-10-01T09:53:49Z,,,"{""forecastId"":""2026-09-28-atlas11-27e1f65cfc167be9"",""inputSnapshotSHA256"":""0d432d2ff749f8ac7aafc1ec59cb34ef8b1ec97e7ac58cd388fd1b139768a258"",""collectionRecordId"":""collection-ce784343746dd63e""}",2026-09-28-atlas11-27e1f65cfc167be9,atlas11-A-1,live,,2026-09-28T13:29:56.398Z,2026-09-28,1400000,207940,삼성바이오로직스,bio,2026-10-01,3,true,"{""p05"":1318151.7435071485,""p10"":1339448.2894856224,""p25"":1370415.2144219766,""p50"":1399546.584457356,""p75"":1431335.0788162826,""p90"":1465972.613858931,""p95"":1490682.977913967}",1429000,-29453.415542643983,2.061120751759551,2.5,true,-0.0003238682447457286,0.020714285714285685,down,up,false,1339448.2894856224,1465972.613858931,true,9.037451740950612,126524.32437330857,0.09037451740950612,"{""up"":0.4824,""flat"":0.026,""down"":0.4916}",0.5102563200000001,3,크기 허용·방향 틀림,true,"{""sourceUrl"":""https://api.stock.naver.com/chart/domestic/item/207940/minute?startDateTime=202610011525&endDateTime=202610011545"",""rawHash"":""931295cd43d119c486e5f3fccb35b4d06b978a6787fbc1b0298f1de26530f73c"",""observedAt"":""2026-10-01T09:53:49Z"",""finalClose"":true}",1,2026-10-01T09:53:49Z,v1
score-9f9004357ed2ee0a,score,2026-10-01,2026-10-01T09:53:49Z,,,"{""forecastId"":""2026-09-28-atlas11-27e1f65cfc167be9"",""inputSnapshotSHA256"":""0d432d2ff749f8ac7aafc1ec59cb34ef8b1ec97e7ac58cd388fd1b139768a258"",""collectionRecordId"":""collection-ce784343746dd63e""}",2026-09-28-atlas11-27e1f65cfc167be9,atlas11-A-1,live,,2026-09-28T13:29:56.398Z,2026-09-28,174200,105560,KB금융,fin,2026-10-01,3,true,"{""p05"":165185.73266381404,""p10"":167864.8337561055,""p25"":171434.75792080653,""p50"":174961.82222052317,""p75"":178465.2030421506,""p90"":182245.64309016053,""p95"":184806.4428598207}",166000,8961.822220523172,5.398688084652513,2.5,false,0.0043732618858964845,-0.04707233065442018,up,down,false,167864.8337561055,182245.64309016053,false,8.25534404940013,33029.14689511011,0.18960474681463899,"{""up"":0.54495,""flat"":0.025,""down"":0.43005}",0.6224385050000001,4,방향·크기 모두 틀림,false,"{""sourceUrl"":""https://api.stock.naver.com/chart/domestic/item/105560/minute?startDateTime=202610011525&endDateTime=202610011545"",""rawHash"":""acfa6d5c1b829b90b4d858a14aada51d93447fc8d6d151aa989c29651788b3dd"",""observedAt"":""2026-10-01T09:53:49Z"",""finalClose"":true}",1,2026-10-01T09:53:49Z,v1
score-c8be62bcce2c8779,score,2026-10-01,2026-10-01T09:53:49Z,,,"{""forecastId"":""2026-09-28-atlas11-27e1f65cfc167be9"",""inputSnapshotSHA256"":""0d432d2ff749f8ac7aafc1ec59cb34ef8b1ec97e7ac58cd388fd1b139768a258"",""collectionRecordId"":""collection-ce784343746dd63e""}",2026-09-28-atlas11-27e1f65cfc167be9,atlas11-A-1,live,,2026-09-28T13:29:56.398Z,2026-09-28,345500,028260,삼성물산,util,2026-10-01,3,true,"{""p05"":315309.92995519825,""p10"":322606.0301395834,""p25"":333723.30505767657,""p50"":344860.92142952094,""p75"":356837.7751248629,""p90"":370571.25206783385,""p95"":380451.3840397218}",347000,-2139.0785704790615,0.6164491557576546,2.5,true,-0.0018497208986368863,0.004341534008682979,down,up,false,322606.0301395834,370571.25206783385,true,13.882842815702013,47965.22192825045,0.13882842815702012,"{""up"":0.4762,""flat"":0.01645,""down"":0.50735}",0.532041065,3,크기 허용·방향 틀림,true,"{""sourceUrl"":""https://api.stock.naver.com/chart/domestic/item/028260/minute?startDateTime=202610011525&endDateTime=202610011545"",""rawHash"":""7a42591b91379c3387307ac80e4606356d098684c6ac1e4cb74bc9e41389e71d"",""observedAt"":""2026-10-01T09:53:49Z"",""finalClose"":true}",1,2026-10-01T09:53:49Z,v1
score-a3435c868578dd6f,score,2026-10-01,2026-10-01T09:53:49Z,,,"{""forecastId"":""2026-09-28-atlas11-27e1f65cfc167be9"",""inputSnapshotSHA256"":""0d432d2ff749f8ac7aafc1ec59cb34ef8b1ec97e7ac58cd388fd1b139768a258"",""collectionRecordId"":""collection-ce784343746dd63e""}",2026-09-28-atlas11-27e1f65cfc167be9,atlas11-A-1,live,,2026-09-28T13:29:56.398Z,2026-09-28,296000,032830,삼성생명보험,fin,2026-10-01,3,true,"{""p05"":277536.2244683832,""p10"":281999.6417581634,""p25"":288785.88644993294,""p50"":296232.9820612268,""p75"":304529.4639666418,""p90"":313654.40179488354,""p95"":320315.5160421251}",284000,12232.982061226794,4.307388049727744,2.5,false,0.0007871015581986107,-0.04054054054054057,up,down,false,281999.6417581634,313654.40179488354,true,10.694175688081128,31654.760036720138,0.10694175688081127,"{""up"":0.49755,""flat"":0.02155,""down"":0.4809}",0.517485215,4,방향·크기 모두 틀림,true,"{""sourceUrl"":""https://api.stock.naver.com/chart/domestic/item/032830/minute?startDateTime=202610011525&endDateTime=202610011545"",""rawHash"":""2e6170c9bf4ec3f47cb3e8c0baed253f644c15f6365d9a65b09989e467ae689c"",""observedAt"":""2026-10-01T09:53:49Z"",""finalClose"":true}",1,2026-10-01T09:53:49Z,v1
score-d6e9a24d46ed011d,score,2026-10-01,2026-10-01T09:53:49Z,,,"{""forecastId"":""2026-09-28-atlas11-27e1f65cfc167be9"",""inputSnapshotSHA256"":""0d432d2ff749f8ac7aafc1ec59cb34ef8b1ec97e7ac58cd388fd1b139768a258"",""collectionRecordId"":""collection-ce784343746dd63e""}",2026-09-28-atlas11-27e1f65cfc167be9,atlas11-A-1,live,,2026-09-28T13:29:56.398Z,2026-09-28,1034000,012450,한화에어로스페이스,heavy,2026-10-01,3,true,"{""p05"":927418.8878155715,""p10"":950149.1821671495,""p25"":988439.7083093213,""p50"":1032355.9935111293,""p75"":1079879.9820461671,""p90"":1129282.1409156555,""p95"":1161597.1893283324}",1034000,-1644.006488870713,0.15899482484242872,2.5,true,-0.0015899482484242888,0,down,flat,false,950149.1821671495,1129282.1409156555,true,17.324270672002516,179132.95874850603,0.17324270672002517,"{""up"":0.48235,""flat"":0.0134,""down"":0.50425}",1.460309145,3,크기 허용·방향 틀림,true,"{""sourceUrl"":""https://api.stock.naver.com/chart/domestic/item/012450/minute?startDateTime=202610011525&endDateTime=202610011545"",""rawHash"":""65ac6f6798407fcbed9c344e7dbea39640578fd5ff50fa6d6689ccda64d815f5"",""observedAt"":""2026-10-01T09:53:49Z"",""finalClose"":true}",1,2026-10-01T09:53:49Z,v1
score-5d14541f99bde6cb,score,2026-10-01,2026-10-01T09:53:49Z,,,"{""forecastId"":""2026-09-28-atlas11-27e1f65cfc167be9"",""inputSnapshotSHA256"":""0d432d2ff749f8ac7aafc1ec59cb34ef8b1ec97e7ac58cd388fd1b139768a258"",""collectionRecordId"":""collection-ce784343746dd63e""}",2026-09-28-atlas11-27e1f65cfc167be9,atlas11-A-1,live,,2026-09-28T13:29:56.398Z,2026-09-28,82000,034020,두산에너빌리티,heavy,2026-10-01,3,true,"{""p05"":73450.60507704016,""p10"":75386.38756014293,""p25"":78473.75991143614,""p50"":81875.36417422819,""p75"":85677.83600663352,""p90"":89338.00390705289,""p95"":91815.59223240809}",82100,-224.63582577180932,0.27361245526407957,2.5,true,-0.0015199490947781502,0.0012195121951219523,down,up,false,75386.38756014293,89338.00390705289,true,17.014166276719457,13951.616346909956,0.17014166276719458,"{""up"":0.48435,""flat"":0.01195,""down"":0.5037}",0.519751415,3,크기 허용·방향 틀림,true,"{""sourceUrl"":""https://api.stock.naver.com/chart/domestic/item/034020/minute?startDateTime=202610011525&endDateTime=202610011545"",""rawHash"":""20dd1ee3af24df280a49f247326456a66d265b827dbdf6f2bee6b64c82025829"",""observedAt"":""2026-10-01T09:53:49Z"",""finalClose"":true}",1,2026-10-01T09:53:49Z,v1
score-97006ed82e61412b,score,2026-10-01,2026-10-01T09:53:49Z,,,"{""forecastId"":""2026-09-28-atlas11-27e1f65cfc167be9"",""inputSnapshotSHA256"":""0d432d2ff749f8ac7aafc1ec59cb34ef8b1ec97e7ac58cd388fd1b139768a258"",""collectionRecordId"":""collection-ce784343746dd63e""}",2026-09-28-atlas11-27e1f65cfc167be9,atlas11-A-1,live,,2026-09-28T13:29:56.398Z,2026-09-28,442000,329180,HD현대중공업,heavy,2026-10-01,3,true,"{""p05"":407028.16748612025,""p10"":416272.58927364723,""p25"":431389.89138681476,""p50"":447742.47115547967,""p75"":465697.4842307392,""p90"":483890.12583160563,""p95"":496237.7580619946}",431500,16242.471155479667,3.7641879850474314,2.5,false,0.012992016188867916,-0.02375565610859731,up,down,false,416272.58927364723,483890.12583160563,true,15.298085194108236,67617.5365579584,0.15298085194108235,"{""up"":0.587,""flat"":0.0146,""down"":0.3984}",0.70670472,4,방향·크기 모두 틀림,false,"{""sourceUrl"":""https://api.stock.naver.com/chart/domestic/item/329180/minute?startDateTime=202610011525&endDateTime=202610011545"",""rawHash"":""d40cb47d7225b0b3b33da756ae13402ed40d54b333fe656f8ae5c19177177d01"",""observedAt"":""2026-10-01T09:53:49Z"",""finalClose"":true}",1,2026-10-01T09:53:49Z,v1
score-6b2bafa474388576,score,2026-10-01,2026-10-01T09:53:49Z,,,"{""forecastId"":""2026-09-28-atlas11-27e1f65cfc167be9"",""inputSnapshotSHA256"":""0d432d2ff749f8ac7aafc1ec59cb34ef8b1ec97e7ac58cd388fd1b139768a258"",""collectionRecordId"":""collection-ce784343746dd63e""}",2026-09-28-atlas11-27e1f65cfc167be9,atlas11-A-1,live,,2026-09-28T13:29:56.398Z,2026-09-28,578000,034730,SK,util,2026-10-01,3,true,"{""p05"":515381.7669735046,""p10"":530313.7604329049,""p25"":553035.746323771,""p50"":576901.4223974945,""p75"":602568.4227299748,""p90"":630985.8368402591,""p95"":650898.768559764}",587000,-10098.577602505451,1.7203709714660054,2.5,true,-0.0019006532915318841,0.015570934256055269,down,up,false,530313.7604329049,630985.8368402591,true,17.417314257327718,100672.07640735421,0.17417314257327718,"{""up"":0.48095,""flat"":0.0129,""down"":0.50615}",0.5257671349999999,3,크기 허용·방향 틀림,true,"{""sourceUrl"":""https://api.stock.naver.com/chart/domestic/item/034730/minute?startDateTime=202610011525&endDateTime=202610011545"",""rawHash"":""959fa2529e18a2c5aff7c375cc0a95f509d971c539d7fd70913d7c55f65a46bf"",""observedAt"":""2026-10-01T09:53:49Z"",""finalClose"":true}",1,2026-10-01T09:53:49Z,v1
score-1959d0a53c8809e7,score,2026-10-01,2026-10-01T09:53:49Z,,,"{""forecastId"":""2026-09-28-atlas11-27e1f65cfc167be9"",""inputSnapshotSHA256"":""0d432d2ff749f8ac7aafc1ec59cb34ef8b1ec97e7ac58cd388fd1b139768a258"",""collectionRecordId"":""collection-ce784343746dd63e""}",2026-09-28-atlas11-27e1f65cfc167be9,atlas11-A-1,live,,2026-09-28T13:29:56.398Z,2026-09-28,373000,012330,현대모비스,auto,2026-10-01,3,true,"{""p05"":347659.6609941046,""p10"":353141.0810887818,""p25"":362060.95286220754,""p50"":371823.5844026683,""p75"":382602.9999416929,""p90"":395309.228975746,""p95"":404989.0305111897}",382000,-10176.41559733171,2.663983140662751,2.5,false,-0.003153929215366502,0.024128686327077764,down,up,false,353141.0810887818,395309.228975746,true,11.305133481759839,42168.1478869642,0.1130513348175984,"{""up"":0.4576,""flat"":0.0206,""down"":0.5218}",0.56689736,4,방향·크기 모두 틀림,false,"{""sourceUrl"":""https://api.stock.naver.com/chart/domestic/item/012330/minute?startDateTime=202610011525&endDateTime=202610011545"",""rawHash"":""d30f7871cdfc32d3e6c547553b4b19854d647d8bbb96f35beb55d8c77c02550a"",""observedAt"":""2026-10-01T09:53:49Z"",""finalClose"":true}",1,2026-10-01T09:53:49Z,v1
score-b2b3a3cd2812c067,score,2026-10-01,2026-10-01T09:53:49Z,,,"{""forecastId"":""2026-09-28-atlas11-27e1f65cfc167be9"",""inputSnapshotSHA256"":""0d432d2ff749f8ac7aafc1ec59cb34ef8b1ec97e7ac58cd388fd1b139768a258"",""collectionRecordId"":""collection-ce784343746dd63e""}",2026-09-28-atlas11-27e1f65cfc167be9,atlas11-A-1,live,,2026-09-28T13:29:56.398Z,2026-09-28,214500,066570,LG전자,semi,2026-10-01,3,true,"{""p05"":195782.0402086403,""p10"":200476.57337776767,""p25"":206984.8501374505,""p50"":213857.18842491187,""p75"":221421.96420776835,""p90"":229859.15402824368,""p95"":236741.79830580382}",211500,2357.188424911874,1.1145098935753541,2.5,true,-0.002996790559851359,-0.013986013986013957,down,down,true,200476.57337776767,229859.15402824368,true,13.698172797424712,29382.58065047601,0.13698172797424712,"{""up"":0.4662,""flat"":0.01735,""down"":0.51645}",0.451464065,1,방향·크기 모두 맞음,false,"{""sourceUrl"":""https://api.stock.naver.com/chart/domestic/item/066570/minute?startDateTime=202610011525&endDateTime=202610011545"",""rawHash"":""6878b35d6109633a2a6eb48221d9285875301d52f74b7c587fe75247d9d44d4f"",""observedAt"":""2026-10-01T09:53:49Z"",""finalClose"":true}",1,2026-10-01T09:53:49Z,v1
score-bae7b60291191c7c,score,2026-10-01,2026-10-01T09:53:49Z,,,"{""forecastId"":""2026-09-28-atlas11-27e1f65cfc167be9"",""inputSnapshotSHA256"":""0d432d2ff749f8ac7aafc1ec59cb34ef8b1ec97e7ac58cd388fd1b139768a258"",""collectionRecordId"":""collection-ce784343746dd63e""}",2026-09-28-atlas11-27e1f65cfc167be9,atlas11-A-1,live,,2026-09-28T13:29:56.398Z,2026-09-28,197700,035420,NAVER,net,2026-10-01,3,true,"{""p05"":184634.14766046262,""p10"":187667.7234876201,""p25"":192366.9916901936,""p50"":197263.14856833307,""p75"":202614.28889774464,""p90"":208130.70569443697,""p95"":212564.7138143726}",191200,6063.148568333068,3.1711028077055796,2.5,false,-0.0022096683442940357,-0.03287809812847753,down,down,true,187667.7234876201,208130.70569443697,true,10.35052210764637,20462.982206816872,0.10350522107646369,"{""up"":0.46785,""flat"":0.02005,""down"":0.5121}",0.45733203499999997,2,방향 맞고 크기 틀림,true,"{""sourceUrl"":""https://api.stock.naver.com/chart/domestic/item/035420/minute?startDateTime=202610011525&endDateTime=202610011545"",""rawHash"":""196fe71b43ddb9d90c81f95a8fbb791b7d06fcba5227f3cfea8fde0da74cb178"",""observedAt"":""2026-10-01T09:53:49Z"",""finalClose"":true}",1,2026-10-01T09:53:49Z,v1
score-ba32ac4ed66aff42,score,2026-10-01,2026-10-01T09:53:49Z,,,"{""forecastId"":""2026-09-28-atlas11-27e1f65cfc167be9"",""inputSnapshotSHA256"":""0d432d2ff749f8ac7aafc1ec59cb34ef8b1ec97e7ac58cd388fd1b139768a258"",""collectionRecordId"":""collection-ce784343746dd63e""}",2026-09-28-atlas11-27e1f65cfc167be9,atlas11-A-1,live,,2026-09-28T13:29:56.398Z,2026-09-28,204500,010120,LS ELECTRIC,heavy,2026-10-01,3,true,"{""p05"":182698.5374238914,""p10"":187416.4525499024,""p25"":195006.0476414772,""p50"":203588.2517949015,""p75"":213204.87573012183,""p90"":223992.0079091863,""p95"":231567.80213115105}",206000,-2411.748205098498,1.1707515558730575,2.5,true,-0.0044584264307995225,0.007334963325183352,down,up,false,187416.4525499024,223992.0079091863,true,17.885357143904105,36575.5553592839,0.17885357143904107,"{""up"":0.4663,""flat"":0.01285,""down"":0.52085}",0.5562855350000001,3,크기 허용·방향 틀림,false,"{""sourceUrl"":""https://api.stock.naver.com/chart/domestic/item/010120/minute?startDateTime=202610011525&endDateTime=202610011545"",""rawHash"":""a63320df81c3d7dd106b13b173e0d7e5fbfa286b4bdc929771ca0381d0300c48"",""observedAt"":""2026-10-01T09:53:49Z"",""finalClose"":true}",1,2026-10-01T09:53:49Z,v1
score-b0d4081d8e820181,score,2026-10-01,2026-10-01T09:53:49Z,,,"{""forecastId"":""2026-09-28-atlas11-27e1f65cfc167be9"",""inputSnapshotSHA256"":""0d432d2ff749f8ac7aafc1ec59cb34ef8b1ec97e7ac58cd388fd1b139768a258"",""collectionRecordId"":""collection-ce784343746dd63e""}",2026-09-28-atlas11-27e1f65cfc167be9,atlas11-A-1,live,,2026-09-28T13:29:56.398Z,2026-09-28,661000,000810,삼성화재,fin,2026-10-01,3,true,"{""p05"":617874.5610919372,""p10"":628127.113317475,""p25"":642859.9417180439,""p50"":658496.963715018,""p75"":676297.516629783,""p90"":696773.474175895,""p95"":712355.7620663076}",626000,32496.963715018006,5.191208261184984,2.5,false,-0.003786741732196619,-0.052950075642965166,down,down,true,628127.113317475,696773.474175895,false,10.38522857162179,89917.49403316958,0.1360325174480629,"{""up"":0.4505,""flat"":0.02065,""down"":0.52885}",0.42535899499999996,2,방향 맞고 크기 틀림,false,"{""sourceUrl"":""https://api.stock.naver.com/chart/domestic/item/000810/minute?startDateTime=202610011525&endDateTime=202610011545"",""rawHash"":""f483df0029a297f337aab8d6f380c4da522f0fa51afe573bf15afe65ef002c21"",""observedAt"":""2026-10-01T09:53:49Z"",""finalClose"":true}",1,2026-10-01T09:53:49Z,v1
score-76f803ce6aaceec8,score,2026-10-01,2026-10-01T09:53:49Z,,,"{""forecastId"":""2026-09-28-atlas11-27e1f65cfc167be9"",""inputSnapshotSHA256"":""0d432d2ff749f8ac7aafc1ec59cb34ef8b1ec97e7ac58cd388fd1b139768a258"",""collectionRecordId"":""collection-ce784343746dd63e""}",2026-09-28-atlas11-27e1f65cfc167be9,atlas11-A-1,live,,2026-09-28T13:29:56.398Z,2026-09-28,316500,005490,POSCO홀딩스,chem,2026-10-01,3,true,"{""p05"":296521.582472863,""p10"":301136.843808153,""p25"":308350.8285538834,""p50"":315972.9068052893,""p75"":324389.1911113158,""p90"":333353.9380705608,""p95"":339803.145484131}",306500,9472.906805289327,3.090671062084609,2.5,false,-0.0016653813418978647,-0.03159557661927326,down,down,true,301136.843808153,333353.9380705608,true,10.179176702182561,32217.0942624078,0.1017917670218256,"{""up"":0.4712,""flat"":0.0216,""down"":0.5072}",0.46534784,2,방향 맞고 크기 틀림,true,"{""sourceUrl"":""https://api.stock.naver.com/chart/domestic/item/005490/minute?startDateTime=202610011525&endDateTime=202610011545"",""rawHash"":""e358c62773fbcde8152d2302f1aa86f7e6d78c350e99378b4c57ec1acdee3093"",""observedAt"":""2026-10-01T09:53:49Z"",""finalClose"":true}",1,2026-10-01T09:53:49Z,v1
score-b647285662253dd9,score,2026-10-01,2026-10-01T09:53:49Z,,,"{""forecastId"":""2026-09-28-atlas11-27e1f65cfc167be9"",""inputSnapshotSHA256"":""0d432d2ff749f8ac7aafc1ec59cb34ef8b1ec97e7ac58cd388fd1b139768a258"",""collectionRecordId"":""collection-ce784343746dd63e""}",2026-09-28-atlas11-27e1f65cfc167be9,atlas11-A-1,live,,2026-09-28T13:29:56.398Z,2026-09-28,1102000,010130,고려아연,chem,2026-10-01,3,true,"{""p05"":995967.0040375033,""p10"":1021647.2022474981,""p25"":1058150.0909643397,""p50"":1095440.546255332,""p75"":1142434.561272547,""p90"":1198217.5711091515,""p95"":1245021.6543473818}",1069000,26440.546255331952,2.4733906693481713,2.5,true,-0.005952317372657001,-0.029945553539019953,down,down,true,1021647.2022474981,1198217.5711091515,true,16.022719497427712,176570.36886165338,0.16022719497427712,"{""up"":0.45125,""flat"":0.014,""down"":0.53475}",0.42028012500000006,1,방향·크기 모두 맞음,false,"{""sourceUrl"":""https://api.stock.naver.com/chart/domestic/item/010130/minute?startDateTime=202610011525&endDateTime=202610011545"",""rawHash"":""9468de85c1a5f13e3f6dd698462249207e84f3e0e1edc60dd1afe77c926b4a07"",""observedAt"":""2026-10-01T09:53:49Z"",""finalClose"":true}",1,2026-10-01T09:53:49Z,v1
score-a3f4e56f015ea92b,score,2026-10-01,2026-10-01T09:53:49Z,,,"{""forecastId"":""2026-09-28-atlas11-27e1f65cfc167be9"",""inputSnapshotSHA256"":""0d432d2ff749f8ac7aafc1ec59cb34ef8b1ec97e7ac58cd388fd1b139768a258"",""collectionRecordId"":""collection-ce784343746dd63e""}",2026-09-28-atlas11-27e1f65cfc167be9,atlas11-A-1,live,,2026-09-28T13:29:56.398Z,2026-09-28,133400,138040,메리츠금융지주,fin,2026-10-01,3,true,"{""p05"":124603.12465045045,""p10"":126539.5805364775,""p25"":129409.54285979769,""p50"":132500.14724739792,""p75"":136018.33269392763,""p90"":139759.24261298057,""p95"":142288.02116285168}",127200,5300.147247397923,4.166782427199625,2.5,false,-0.006745522883074062,-0.046476761619190454,down,down,true,126539.5805364775,139759.24261298057,true,9.909791661546526,13219.662076503068,0.09909791661546527,"{""up"":0.417,""flat"":0.0213,""down"":0.5617}",0.36644958000000005,2,방향 맞고 크기 틀림,false,"{""sourceUrl"":""https://api.stock.naver.com/chart/domestic/item/138040/minute?startDateTime=202610011525&endDateTime=202610011545"",""rawHash"":""9767cebaf7445e7ab2026cdd5af5d11a5057baaa6d06059b2bde64d19b572627"",""observedAt"":""2026-10-01T09:53:49Z"",""finalClose"":true}",1,2026-10-01T09:53:49Z,v1
score-373bdb308f8167ba,score,2026-10-01,2026-10-01T09:53:49Z,,,"{""forecastId"":""2026-09-28-atlas11-27e1f65cfc167be9"",""inputSnapshotSHA256"":""0d432d2ff749f8ac7aafc1ec59cb34ef8b1ec97e7ac58cd388fd1b139768a258"",""collectionRecordId"":""collection-ce784343746dd63e""}",2026-09-28-atlas11-27e1f65cfc167be9,atlas11-A-1,live,,2026-09-28T13:29:56.398Z,2026-09-28,30700,015760,한국전력,util,2026-10-01,3,true,"{""p05"":28543.573823870734,""p10"":29142.26800463963,""p25"":29929.74054167185,""p50"":30699.07470272132,""p75"":31488.457763383863,""p90"":32295.802900886498,""p95"":32904.36001356693}",30150,549.0747027213183,1.8211432926080209,2.5,true,-0.00003013997650425093,-0.01791530944625408,down,down,true,29142.26800463963,32295.802900886498,true,10.272100639240609,3153.534896246867,0.1027210063924061,"{""up"":0.48795,""flat"":0.0217,""down"":0.49035}",0.4983092149999999,1,방향·크기 모두 맞음,true,"{""sourceUrl"":""https://api.stock.naver.com/chart/domestic/item/015760/minute?startDateTime=202610011525&endDateTime=202610011545"",""rawHash"":""5638b3385830dd9827f153cbd1522aa97b7224337593595909b660e01e3854a8"",""observedAt"":""2026-10-01T09:53:49Z"",""finalClose"":true}",1,2026-10-01T09:53:49Z,v1
score-f9d4a9547f9c5f59,score,2026-10-01,2026-10-01T09:53:49Z,,,"{""forecastId"":""2026-09-28-atlas11-27e1f65cfc167be9"",""inputSnapshotSHA256"":""0d432d2ff749f8ac7aafc1ec59cb34ef8b1ec97e7ac58cd388fd1b139768a258"",""collectionRecordId"":""collection-ce784343746dd63e""}",2026-09-28-atlas11-27e1f65cfc167be9,atlas11-A-1,live,,2026-09-28T13:29:56.398Z,2026-09-28,21250,011200,HMM,auto,2026-10-01,3,true,"{""p05"":20017.19471007487,""p10"":20310.75739764007,""p25"":20765.99832059158,""p50"":21219.156352340753,""p75"":21721.18896617939,""p90"":22244.727419180886,""p95"":22626.684895014438}",21150,69.15635234075307,0.32698038931798146,2.5,true,-0.0014514657721999003,-0.004705882352941226,down,down,true,20310.75739764007,22244.727419180886,true,9.101035395486191,1933.9700215408157,0.09101035395486191,"{""up"":0.47035,""flat"":0.02425,""down"":0.5054}",0.46644634500000004,1,방향·크기 모두 맞음,true,"{""sourceUrl"":""https://api.stock.naver.com/chart/domestic/item/011200/minute?startDateTime=202610011525&endDateTime=202610011545"",""rawHash"":""25a33e9191f450cacb0064f05a8612d6224967d082dff83a2cdc463ff9f98fe8"",""observedAt"":""2026-10-01T09:53:49Z"",""finalClose"":true}",1,2026-10-01T09:53:49Z,v1
score-61f8251e85411827,score,2026-10-01,2026-10-01T09:53:49Z,,,"{""forecastId"":""2026-09-28-atlas11-27e1f65cfc167be9"",""inputSnapshotSHA256"":""0d432d2ff749f8ac7aafc1ec59cb34ef8b1ec97e7ac58cd388fd1b139768a258"",""collectionRecordId"":""collection-ce784343746dd63e""}",2026-09-28-atlas11-27e1f65cfc167be9,atlas11-A-1,live,,2026-09-28T13:29:56.398Z,2026-09-28,262500,051910,LG화학,chem,2026-10-01,3,true,"{""p05"":237573.12478584753,""p10"":243540.02110839356,""p25"":252576.1348823512,""p50"":262143.13488316798,""p75"":272441.2174146838,""p90"":282516.53197465383,""p95"":289466.4099022529}",257000,5143.134883167979,2.0012197988980462,2.5,true,-0.0013594861593601015,-0.020952380952380945,down,down,true,243540.02110839356,282516.53197465383,true,14.8481946157182,38976.51086626027,0.148481946157182,"{""up"":0.48375,""flat"":0.0138,""down"":0.50245}",0.481760505,1,방향·크기 모두 맞음,true,"{""sourceUrl"":""https://api.stock.naver.com/chart/domestic/item/051910/minute?startDateTime=202610011525&endDateTime=202610011545"",""rawHash"":""6392b0e146b759a74ff8c8cc9b421b8cedc5c83272e22a4e79f4841e83ae2262"",""observedAt"":""2026-10-01T09:53:49Z"",""finalClose"":true}",1,2026-10-01T09:53:49Z,v1
score-912c5f849cfd7be1,score,2026-10-01,2026-10-01T09:53:49Z,,,"{""forecastId"":""2026-09-28-atlas11-27e1f65cfc167be9"",""inputSnapshotSHA256"":""0d432d2ff749f8ac7aafc1ec59cb34ef8b1ec97e7ac58cd388fd1b139768a258"",""collectionRecordId"":""collection-ce784343746dd63e""}",2026-09-28-atlas11-27e1f65cfc167be9,atlas11-A-1,live,,2026-09-28T13:29:56.398Z,2026-09-28,88200,017670,SK텔레콤,net,2026-10-01,3,true,"{""p05"":84015.02279971364,""p10"":85156.44653289992,""p25"":86618.34666440115,""p50"":88112.53595197841,""p75"":89684.85888769793,""p90"":91500.50850357415,""p95"":93039.65966833427}",86300,1812.5359519784106,2.100273409013222,2.5,true,-0.0009916558732606662,-0.02154195011337867,down,down,true,85156.44653289992,91500.50850357415,true,7.192814025707743,6344.061970674229,0.07192814025707743,"{""up"":0.4664,""flat"":0.03365,""down"":0.49995}",0.468711285,1,방향·크기 모두 맞음,true,"{""sourceUrl"":""https://api.stock.naver.com/chart/domestic/item/017670/minute?startDateTime=202610011525&endDateTime=202610011545"",""rawHash"":""73798c3aa69eea0b004bbd778e3b5b6de9201c4f9a5445ed9e27c8d6641c37e6"",""observedAt"":""2026-10-01T09:53:49Z"",""finalClose"":true}",1,2026-10-01T09:53:49Z,v1
score-cc4e537926051957,score,2026-10-01,2026-10-01T09:53:49Z,,,"{""forecastId"":""2026-09-28-atlas11-27e1f65cfc167be9"",""inputSnapshotSHA256"":""0d432d2ff749f8ac7aafc1ec59cb34ef8b1ec97e7ac58cd388fd1b139768a258"",""collectionRecordId"":""collection-ce784343746dd63e""}",2026-09-28-atlas11-27e1f65cfc167be9,atlas11-A-1,live,,2026-09-28T13:29:56.398Z,2026-09-28,175400,033780,KT&G,cons,2026-10-01,3,true,"{""p05"":168222.3659379765,""p10"":169966.11569469492,""p25"":172686.36543348708,""p50"":175412.39226677502,""p75"":178368.29144146398,""p90"":181564.88735727945,""p95"":183898.21301895843}",174700,712.3922667750157,0.40778034732399293,2.5,true,0.00007065146393969712,-0.003990877993158448,up,down,false,169966.11569469492,181564.88735727945,true,6.612754653696998,11598.771662584535,0.06612754653696998,"{""up"":0.4839,""flat"":0.0352,""down"":0.4809}",0.50486306,3,크기 허용·방향 틀림,true,"{""sourceUrl"":""https://api.stock.naver.com/chart/domestic/item/033780/minute?startDateTime=202610011525&endDateTime=202610011545"",""rawHash"":""8358d192b9f9dd179c7b16f4e84aca4159a7ebadd287aafcbb55f701910edd38"",""observedAt"":""2026-10-01T09:53:49Z"",""finalClose"":true}",1,2026-10-01T09:53:49Z,v1
score-2d672f735d73b8da,score,2026-10-01,2026-10-01T09:53:49Z,,,"{""forecastId"":""2026-09-28-atlas11-27e1f65cfc167be9"",""inputSnapshotSHA256"":""0d432d2ff749f8ac7aafc1ec59cb34ef8b1ec97e7ac58cd388fd1b139768a258"",""collectionRecordId"":""collection-ce784343746dd63e""}",2026-09-28-atlas11-27e1f65cfc167be9,atlas11-A-1,live,,2026-09-28T13:29:56.398Z,2026-09-28,252500,196170,알테오젠,bio,2026-10-01,3,true,"{""p05"":233604.2628304822,""p10"":238806.9308062084,""p25"":246184.54144481284,""p50"":253714.72245134524,""p75"":262152.6762964872,""p90"":270930.26192578016,""p95"":277088.8396351931}",265000,-11285.277548654762,4.258595301379155,2.5,false,0.004810781985525647,0.04950495049504955,up,up,true,238806.9308062084,270930.26192578016,true,12.722111334483863,32123.331119571754,0.12722111334483863,"{""up"":0.5337,""flat"":0.0166,""down"":0.4497}",0.41994134000000005,2,방향 맞고 크기 틀림,false,"{""sourceUrl"":""https://api.stock.naver.com/chart/domestic/item/196170/minute?startDateTime=202610011525&endDateTime=202610011545"",""rawHash"":""9797ee27c42c596d2b8c587486d4b1f7517165de874c02bde6aa9b09eeecac9a"",""observedAt"":""2026-10-01T09:53:49Z"",""finalClose"":true}",1,2026-10-01T09:53:49Z,v1
score-abdee4ad62f7d8d6,score,2026-10-01,2026-10-01T09:53:49Z,,,"{""forecastId"":""2026-09-28-atlas11-27e1f65cfc167be9"",""inputSnapshotSHA256"":""0d432d2ff749f8ac7aafc1ec59cb34ef8b1ec97e7ac58cd388fd1b139768a258"",""collectionRecordId"":""collection-ce784343746dd63e""}",2026-09-28-atlas11-27e1f65cfc167be9,atlas11-A-1,live,,2026-09-28T13:29:56.398Z,2026-09-28,219000,018260,삼성에스디에스,semi,2026-10-01,3,true,"{""p05"":203327.6433707584,""p10"":207244.41022099042,""p25"":212836.56773159848,""p50"":218507.15491912293,""p75"":224344.90515221574,""p90"":230677.2312840568,""p95"":236264.81835997413}",223000,-4492.845080877072,2.0147287358193147,2.5,true,-0.002250434159256076,0.0182648401826484,down,up,false,207244.41022099042,230677.2312840568,true,10.69991829363761,23432.821063066367,0.1069991829363761,"{""up"":0.4673,""flat"":0.02035,""down"":0.51235}",0.546685935,3,크기 허용·방향 틀림,true,"{""sourceUrl"":""https://api.stock.naver.com/chart/domestic/item/018260/minute?startDateTime=202610011525&endDateTime=202610011545"",""rawHash"":""56a59fc006410c14fcba3ee90318bc15e8cfc269d3e1cfdcd82b858b33b444e0"",""observedAt"":""2026-10-01T09:53:49Z"",""finalClose"":true}",1,2026-10-01T09:53:49Z,v1
score-983efcd52a4a20fd,score,2026-10-01,2026-10-01T09:53:49Z,,,"{""forecastId"":""2026-09-28-atlas11-27e1f65cfc167be9"",""inputSnapshotSHA256"":""0d432d2ff749f8ac7aafc1ec59cb34ef8b1ec97e7ac58cd388fd1b139768a258"",""collectionRecordId"":""collection-ce784343746dd63e""}",2026-09-28-atlas11-27e1f65cfc167be9,atlas11-A-1,live,,2026-09-28T13:29:56.398Z,2026-09-28,199100,086280,현대글로비스,auto,2026-10-01,3,true,"{""p05"":185486.70039511003,""p10"":188684.99214077517,""p25"":193575.15365421254,""p50"":198678.65093435097,""p75"":204189.62338612933,""p90"":210302.56931758136,""p95"":214769.27470610387}",198400,278.6509343509679,0.14044905965270557,2.5,true,-0.0021162685366601375,-0.0035158211953791874,down,down,true,188684.99214077517,210302.56931758136,true,10.857648004423002,21617.577176806197,0.10857648004423003,"{""up"":0.4687,""flat"":0.0199,""down"":0.5114}",0.45880566000000006,1,방향·크기 모두 맞음,true,"{""sourceUrl"":""https://api.stock.naver.com/chart/domestic/item/086280/minute?startDateTime=202610011525&endDateTime=202610011545"",""rawHash"":""7e021ee64c2d78697892d291ee3095c1eb6f8289d26efd1ee2075ba2e64a15ee"",""observedAt"":""2026-10-01T09:53:49Z"",""finalClose"":true}",1,2026-10-01T09:53:49Z,v1
score-de04989dd00572ef,score,2026-10-01,2026-10-01T09:53:49Z,,,"{""forecastId"":""2026-09-28-atlas11-27e1f65cfc167be9"",""inputSnapshotSHA256"":""0d432d2ff749f8ac7aafc1ec59cb34ef8b1ec97e7ac58cd388fd1b139768a258"",""collectionRecordId"":""collection-ce784343746dd63e""}",2026-09-28-atlas11-27e1f65cfc167be9,atlas11-A-1,live,,2026-09-28T13:29:56.398Z,2026-09-28,124600,000720,현대건설,heavy,2026-10-01,3,true,"{""p05"":111935.8328895601,""p10"":114757.92024104223,""p25"":119143.68544934512,""p50"":123877.93461952126,""p75"":129527.2760259611,""p90"":136068.1007939242,""p95"":141058.42773637915}",117200,6677.9346195212565,5.697896433038615,2.5,false,-0.005795067259058984,-0.0593900481540931,down,down,true,114757.92024104223,136068.1007939242,true,17.102873637947017,21310.180552881982,0.17102873637947016,"{""up"":0.4559,""flat"":0.0122,""down"":0.5319}",0.42711126,2,방향 맞고 크기 틀림,false,"{""sourceUrl"":""https://api.stock.naver.com/chart/domestic/item/000720/minute?startDateTime=202610011525&endDateTime=202610011545"",""rawHash"":""6e8fb59ee494d85dc6ca7bcb80dd0b3075b3709739a171b46d0d27bb48979cc5"",""observedAt"":""2026-10-01T09:53:49Z"",""finalClose"":true}",1,2026-10-01T09:53:49Z,v1
score-aebb6eb6ebb29600,score,2026-10-01,2026-10-01T09:53:49Z,,,"{""forecastId"":""2026-09-28-atlas11-27e1f65cfc167be9"",""inputSnapshotSHA256"":""0d432d2ff749f8ac7aafc1ec59cb34ef8b1ec97e7ac58cd388fd1b139768a258"",""collectionRecordId"":""collection-ce784343746dd63e""}",2026-09-28-atlas11-27e1f65cfc167be9,atlas11-A-1,live,,2026-09-28T13:29:56.398Z,2026-09-28,368500,278470,에이피알,cons,2026-10-01,3,true,"{""p05"":331244.6209023155,""p10"":339317.9660374906,""p25"":352687.95875524834,""p50"":368042.0209022589,""p75"":384545.88605231134,""p90"":400430.7179035277,""p95"":411179.62952890055}",366000,2042.020902258926,0.5579292082674661,2.5,true,-0.0012428198039106109,-0.006784260515603768,down,down,true,339317.9660374906,400430.7179035277,true,16.584193179385927,61112.75186603714,0.16584193179385928,"{""up"":0.4855,""flat"":0.013,""down"":0.5015}",0.4843815,1,방향·크기 모두 맞음,true,"{""sourceUrl"":""https://api.stock.naver.com/chart/domestic/item/278470/minute?startDateTime=202610011525&endDateTime=202610011545"",""rawHash"":""581e531c2237ba38c7f4a7cfc4aeadbd997bf7b3c1b6d6bc97c6cd5d7d424a2e"",""observedAt"":""2026-10-01T09:53:49Z"",""finalClose"":true}",1,2026-10-01T09:53:49Z,v1
score-3f75734e877cd7e8,score,2026-10-01,2026-10-01T09:53:49Z,,,"{""forecastId"":""2026-09-28-atlas11-27e1f65cfc167be9"",""inputSnapshotSHA256"":""0d432d2ff749f8ac7aafc1ec59cb34ef8b1ec97e7ac58cd388fd1b139768a258"",""collectionRecordId"":""collection-ce784343746dd63e""}",2026-09-28-atlas11-27e1f65cfc167be9,atlas11-A-1,live,,2026-09-28T13:29:56.398Z,2026-09-28,52900,030200,KT,net,2026-10-01,3,true,"{""p05"":50869.770773736585,""p10"":51368.36657151911,""p25"":52116.30267426526,""p50"":52895.620123713146,""p75"":53709.340922751435,""p90"":54550.54526781326,""p95"":55102.22149476358}",51800,1095.6201237131463,2.115096763924993,2.5,true,-0.00008279539294619997,-0.020793950850661602,down,down,true,51368.36657151911,54550.54526781326,true,6.01546067352391,3182.178696294148,0.06015460673523909,"{""up"":0.48025,""flat"":0.03655,""down"":0.4832}",0.499058205,1,방향·크기 모두 맞음,true,"{""sourceUrl"":""https://api.stock.naver.com/chart/domestic/item/030200/minute?startDateTime=202610011525&endDateTime=202610011545"",""rawHash"":""80f6c35634a12743e11dfb2a6658ad3b03a1a42dc287c4f130f2fb55f82f38a6"",""observedAt"":""2026-10-01T09:53:49Z"",""finalClose"":true}",1,2026-10-01T09:53:49Z,v1
score-4e473dca3cbd4ba8,score,2026-10-01,2026-10-01T09:53:49Z,,,"{""forecastId"":""2026-09-28-atlas11-27e1f65cfc167be9"",""inputSnapshotSHA256"":""0d432d2ff749f8ac7aafc1ec59cb34ef8b1ec97e7ac58cd388fd1b139768a258"",""collectionRecordId"":""collection-ce784343746dd63e""}",2026-09-28-atlas11-27e1f65cfc167be9,atlas11-A-1,live,,2026-09-28T13:29:56.398Z,2026-09-28,31700,003490,대한항공,auto,2026-10-01,3,true,"{""p05"":29429.37507192497,""p10"":29914.984309212778,""p25"":30633.073591029915,""p50"":31395.257311674493,""p75"":32235.564578836107,""p90"":33164.82953611037,""p95"":33865.4627344612}",31200,195.2573116744934,0.6258247169054275,2.5,true,-0.00961333401657749,-0.01577287066246058,down,down,true,29914.984309212778,33164.82953611037,true,10.251877687374098,3249.845226897589,0.10251877687374097,"{""up"":0.38795,""flat"":0.02055,""down"":0.5915}",0.317799755,1,방향·크기 모두 맞음,false,"{""sourceUrl"":""https://api.stock.naver.com/chart/domestic/item/003490/minute?startDateTime=202610011525&endDateTime=202610011545"",""rawHash"":""e292de41a1cf8c5204a7c4a6183051218b67b77f0cc11786982488b77686518b"",""observedAt"":""2026-10-01T09:53:49Z"",""finalClose"":true}",1,2026-10-01T09:53:49Z,v1
score-a5b7073523d9959d,score,2026-10-01,2026-10-01T09:53:49Z,,,"{""forecastId"":""2026-09-28-atlas11-27e1f65cfc167be9"",""inputSnapshotSHA256"":""0d432d2ff749f8ac7aafc1ec59cb34ef8b1ec97e7ac58cd388fd1b139768a258"",""collectionRecordId"":""collection-ce784343746dd63e""}",2026-09-28-atlas11-27e1f65cfc167be9,atlas11-A-1,live,,2026-09-28T13:29:56.398Z,2026-09-28,56900,047050,포스코인터내셔널,util,2026-10-01,3,true,"{""p05"":52661.266781350554,""p10"":53657.59563740666,""p25"":55171.83609737685,""p50"":56773.756655604724,""p75"":58527.0748187683,""p90"":60501.80385113519,""p95"":61847.647617754454}",55300,1473.756655604724,2.6650210770429004,2.5,false,-0.0022186879507077872,-0.02811950790861162,down,down,true,53657.59563740666,60501.80385113519,true,12.028485437132746,6844.208213728532,0.12028485437132747,"{""up"":0.46955,""flat"":0.0183,""down"":0.51215}",0.458809715,2,방향 맞고 크기 틀림,true,"{""sourceUrl"":""https://api.stock.naver.com/chart/domestic/item/047050/minute?startDateTime=202610011525&endDateTime=202610011545"",""rawHash"":""59d3b299ac56eefa9dfc9347ac2b9b65a9c34097631736b1c5919055dcc0db53"",""observedAt"":""2026-10-01T09:53:49Z"",""finalClose"":true}",1,2026-10-01T09:53:49Z,v1
score-779ebabc687ea086,score,2026-10-01,2026-10-01T09:53:49Z,,,"{""forecastId"":""2026-09-28-atlas11-27e1f65cfc167be9"",""inputSnapshotSHA256"":""0d432d2ff749f8ac7aafc1ec59cb34ef8b1ec97e7ac58cd388fd1b139768a258"",""collectionRecordId"":""collection-ce784343746dd63e""}",2026-09-28-atlas11-27e1f65cfc167be9,atlas11-A-1,live,,2026-09-28T13:29:56.398Z,2026-09-28,1215000,003230,삼양식품,cons,2026-10-01,3,true,"{""p05"":1119627.4106000196,""p10"":1138714.5348898522,""p25"":1170451.888245083,""p50"":1209389.173354401,""p75"":1253439.3302093367,""p90"":1302687.0489406772,""p95"":1336547.2847662026}",1224000,-14610.82664559898,1.1936949873855376,2.5,true,-0.004617964317365386,0.007407407407407307,down,up,false,1138714.5348898522,1302687.0489406772,true,13.495680168792184,163972.51405082503,0.13495680168792185,"{""up"":0.4551,""flat"":0.01505,""down"":0.52985}",0.577883535,3,크기 허용·방향 틀림,false,"{""sourceUrl"":""https://api.stock.naver.com/chart/domestic/item/003230/minute?startDateTime=202610011525&endDateTime=202610011545"",""rawHash"":""7779e2144463a3253b3fbc79af9f207b9b2ec0159e5bf99ea44bf107b7fa6fc9"",""observedAt"":""2026-10-01T09:53:49Z"",""finalClose"":true}",1,2026-10-01T09:53:49Z,v1
score-a9b4f4e327c4e871,score,2026-10-01,2026-10-01T09:53:49Z,,,"{""forecastId"":""2026-09-28-atlas11-27e1f65cfc167be9"",""inputSnapshotSHA256"":""0d432d2ff749f8ac7aafc1ec59cb34ef8b1ec97e7ac58cd388fd1b139768a258"",""collectionRecordId"":""collection-ce784343746dd63e""}",2026-09-28-atlas11-27e1f65cfc167be9,atlas11-A-1,live,,2026-09-28T13:29:56.398Z,2026-09-28,202000,259960,크래프톤,net,2026-10-01,3,true,"{""p05"":189407.98423325157,""p10"":192683.81951187213,""p25"":197267.25150018983,""p50"":201869.73886688246,""p75"":206562.1072531146,""p90"":211000.02894665764,""p95"":214142.5091822281}",199700,2169.738866882457,1.0864991822145504,2.5,true,-0.000644857094641349,-0.011386138613861396,down,down,true,192683.81951187213,211000.02894665764,true,9.06743041326015,18316.2094347855,0.0906743041326015,"{""up"":0.48355,""flat"":0.021,""down"":0.49545}",0.4888323050000001,1,방향·크기 모두 맞음,true,"{""sourceUrl"":""https://api.stock.naver.com/chart/domestic/item/259960/minute?startDateTime=202610011525&endDateTime=202610011545"",""rawHash"":""9794df2942f325a8d272f5f52873ac3e2b73d1870ef5c4be7af0e1f93616fdea"",""observedAt"":""2026-10-01T09:53:49Z"",""finalClose"":true}",1,2026-10-01T09:53:49Z,v1
score-5a6cc1bd7dd1b68a,score,2026-10-01,2026-10-01T09:53:49Z,,,"{""forecastId"":""2026-09-28-atlas11-27e1f65cfc167be9"",""inputSnapshotSHA256"":""0d432d2ff749f8ac7aafc1ec59cb34ef8b1ec97e7ac58cd388fd1b139768a258"",""collectionRecordId"":""collection-ce784343746dd63e""}",2026-09-28-atlas11-27e1f65cfc167be9,atlas11-A-1,live,,2026-09-28T13:29:56.398Z,2026-09-28,101600,021240,코웨이,cons,2026-10-01,3,true,"{""p05"":95187.70193449406,""p10"":96737.21552287863,""p25"":99015.01772544478,""p50"":101526.31006512133,""p75"":104389.16727295562,""p90"":107376.71035932265,""p95"":109319.7642846057}",99300,2226.3100651213317,2.242004093777776,2.5,true,-0.0007252946346325562,-0.02263779527559051,down,down,true,96737.21552287863,107376.71035932265,true,10.4719437366575,10639.49483644402,0.104719437366575,"{""up"":0.4829,""flat"":0.0194,""down"":0.4977}",0.48587405999999994,1,방향·크기 모두 맞음,true,"{""sourceUrl"":""https://api.stock.naver.com/chart/domestic/item/021240/minute?startDateTime=202610011525&endDateTime=202610011545"",""rawHash"":""ff60574512db30869d98dd60485b3b341e062aeef40997b020bf3c88f8a269e2"",""observedAt"":""2026-10-01T09:53:49Z"",""finalClose"":true}",1,2026-10-01T09:53:49Z,v1
score-9ff05a62926b4561,score,2026-10-01,2026-10-01T09:53:49Z,,,"{""forecastId"":""2026-09-28-atlas11-27e1f65cfc167be9"",""inputSnapshotSHA256"":""0d432d2ff749f8ac7aafc1ec59cb34ef8b1ec97e7ac58cd388fd1b139768a258"",""collectionRecordId"":""collection-ce784343746dd63e""}",2026-09-28-atlas11-27e1f65cfc167be9,atlas11-A-1,live,,2026-09-28T13:29:56.398Z,2026-09-28,161900,352820,하이브,net,2026-10-01,3,true,"{""p05"":150191.50945845994,""p10"":153166.2118962476,""p25"":157423.7290187581,""p50"":161852.21897634258,""p75"":166560.76588567533,""p90"":171358.9278414772,""p95"":174745.4688380896}",156200,5652.218976342585,3.6185780898480053,2.5,false,-0.00029512676749487987,-0.03520691785052499,down,down,true,153166.2118962476,171358.9278414772,true,11.237007995818162,18192.715945229604,0.11237007995818162,"{""up"":0.487,""flat"":0.0199,""down"":0.4931}",0.49451261999999996,2,방향 맞고 크기 틀림,true,"{""sourceUrl"":""https://api.stock.naver.com/chart/domestic/item/352820/minute?startDateTime=202610011525&endDateTime=202610011545"",""rawHash"":""fa6fd3049f529b54960942d74e9f903d1dec76906e0423c2883c2221b35b1d8f"",""observedAt"":""2026-10-01T09:53:49Z"",""finalClose"":true}",1,2026-10-01T09:53:49Z,v1
score-93293db3a9c41747,score,2026-10-01,2026-10-01T09:53:49Z,,,"{""forecastId"":""2026-09-28-atlas11-27e1f65cfc167be9"",""inputSnapshotSHA256"":""0d432d2ff749f8ac7aafc1ec59cb34ef8b1ec97e7ac58cd388fd1b139768a258"",""collectionRecordId"":""collection-ce784343746dd63e""}",2026-09-28-atlas11-27e1f65cfc167be9,atlas11-A-1,live,,2026-09-28T13:29:56.398Z,2026-09-28,33350,009830,한화솔루션,chem,2026-10-01,3,true,"{""p05"":28766.273296899584,""p10"":29951.75718493035,""p25"":31572.13340456907,""p50"":33204.88054467737,""p75"":35069.75926657163,""p90"":37287.23595266067,""p95"":39164.22834451107}",34250,-1045.1194553226305,3.0514436651755634,2.5,false,-0.004351407955701103,0.026986506746626615,down,up,false,29951.75718493035,37287.23595266067,true,21.995438583899002,7335.4787677303175,0.21995438583899002,"{""up"":0.47215,""flat"":0.01005,""down"":0.5178}",0.546843465,4,방향·크기 모두 틀림,true,"{""sourceUrl"":""https://api.stock.naver.com/chart/domestic/item/009830/minute?startDateTime=202610011525&endDateTime=202610011545"",""rawHash"":""543a50ff99b7c9d1cc2199a91d6a2eb10d868e5f4c8de1f45e9928bb4aedc00e"",""observedAt"":""2026-10-01T09:53:49Z"",""finalClose"":true}",1,2026-10-01T09:53:49Z,v1
score-1d202de757c3c87d,score,2026-10-01,2026-10-01T09:53:49Z,,,"{""forecastId"":""2026-09-28-atlas11-27e1f65cfc167be9"",""inputSnapshotSHA256"":""0d432d2ff749f8ac7aafc1ec59cb34ef8b1ec97e7ac58cd388fd1b139768a258"",""collectionRecordId"":""collection-ce784343746dd63e""}",2026-09-28-atlas11-27e1f65cfc167be9,atlas11-A-1,live,,2026-09-28T13:29:56.398Z,2026-09-28,43350,029780,삼성카드,fin,2026-10-01,3,true,"{""p05"":41434.871687952385,""p10"":41933.38174269933,""p25"":42662.73858674767,""p50"":43343.925688090865,""p75"":44037.16807749207,""p90"":44767.20585662109,""p95"":45319.024802072825}",41850,1493.9256880908652,3.5697149058324134,2.5,false,-0.0001401225353895308,-0.03460207612456745,down,down,true,41933.38174269933,44767.20585662109,false,6.53707984757039,3667.6415409150286,0.08460534119757851,"{""up"":0.4801,""flat"":0.0356,""down"":0.4843}",0.49770986000000006,2,방향 맞고 크기 틀림,true,"{""sourceUrl"":""https://api.stock.naver.com/chart/domestic/item/029780/minute?startDateTime=202610011525&endDateTime=202610011545"",""rawHash"":""9064b218c80aecb8ab8ee27142599c409a55273e0e211a0453cc2f168fd9dce2"",""observedAt"":""2026-10-01T09:53:49Z"",""finalClose"":true}",1,2026-10-01T09:53:49Z,v1
score-a5b39f607083c9d4,score,2026-10-01,2026-10-01T09:53:49Z,,,"{""forecastId"":""2026-09-28-atlas11-27e1f65cfc167be9"",""inputSnapshotSHA256"":""0d432d2ff749f8ac7aafc1ec59cb34ef8b1ec97e7ac58cd388fd1b139768a258"",""collectionRecordId"":""collection-ce784343746dd63e""}",2026-09-28-atlas11-27e1f65cfc167be9,atlas11-A-1,live,,2026-09-28T13:29:56.398Z,2026-09-28,39700,028300,HLB,bio,2026-10-01,3,true,"{""p05"":35317.34516260222,""p10"":36498.14279858772,""p25"":37916.512940684755,""p50"":39394.355432407196,""p75"":40973.534383442755,""p90"":42745.726069299824,""p95"":43981.740789782845}",40550,-1155.6445675928044,2.849924950907039,2.5,false,-0.0076988556068716685,0.021410579345088054,down,up,false,36498.14279858772,42745.726069299824,true,15.736985568544334,6247.583270712101,0.15736985568544334,"{""up"":0.43805,""flat"":0.01315,""down"":0.5488}",0.617142165,4,방향·크기 모두 틀림,false,"{""sourceUrl"":""https://api.stock.naver.com/chart/domestic/item/028300/minute?startDateTime=202610011525&endDateTime=202610011545"",""rawHash"":""1c5d03d4d8a8a11461f1f37faee77191757564b1a49cdf2b63d8b299ec6064c7"",""observedAt"":""2026-10-01T09:53:49Z"",""finalClose"":true}",1,2026-10-01T09:53:49Z,v1
score-c157580958c9d8b4,score,2026-10-01,2026-10-01T09:53:49Z,,,"{""forecastId"":""2026-09-28-atlas11-27e1f65cfc167be9"",""inputSnapshotSHA256"":""0d432d2ff749f8ac7aafc1ec59cb34ef8b1ec97e7ac58cd388fd1b139768a258"",""collectionRecordId"":""collection-ce784343746dd63e""}",2026-09-28-atlas11-27e1f65cfc167be9,atlas11-A-1,live,,2026-09-28T13:29:56.398Z,2026-09-28,8450,034220,LG디스플레이,semi,2026-10-01,3,true,"{""p05"":7893.9896242074265,""p10"":8026.076965665844,""p25"":8224.947748290102,""p50"":8435.567651505593,""p75"":8653.05982534082,""p90"":8888.467316854349,""p95"":9076.620843358749}",8580,-144.43234849440705,1.683360705063019,2.5,true,-0.0017079702360245363,0.01538461538461533,down,up,false,8026.076965665844,8888.467316854349,true,10.205802972645026,862.3903511885046,0.10205802972645026,"{""up"":0.4713,""flat"":0.02105,""down"":0.50765}",0.537675315,3,크기 허용·방향 틀림,true,"{""sourceUrl"":""https://api.stock.naver.com/chart/domestic/item/034220/minute?startDateTime=202610011525&endDateTime=202610011545"",""rawHash"":""bff0ed9be2e7be9f042450133e9ff813d09ee31c4661f45f7efed75c98ecff75"",""observedAt"":""2026-10-01T09:53:49Z"",""finalClose"":true}",1,2026-10-01T09:53:49Z,v1
score-6626469333e104a5,score,2026-10-01,2026-10-01T09:53:49Z,,,"{""forecastId"":""2026-09-28-atlas11-27e1f65cfc167be9"",""inputSnapshotSHA256"":""0d432d2ff749f8ac7aafc1ec59cb34ef8b1ec97e7ac58cd388fd1b139768a258"",""collectionRecordId"":""collection-ce784343746dd63e""}",2026-09-28-atlas11-27e1f65cfc167be9,atlas11-A-1,live,,2026-09-28T13:29:56.398Z,2026-09-28,480000,002380,KCC,chem,2026-10-01,3,true,"{""p05"":445342.83419039106,""p10"":454463.1399818087,""p25"":467163.58295107575,""p50"":479856.9199302022,""p75"":493140.8118507754,""p90"":507042.75020541623,""p95"":516940.91464392585}",472500,7356.919930202188,1.557020091048082,2.5,true,-0.00029808347874549224,-0.015625,down,down,true,454463.1399818087,507042.75020541623,true,10.954085463251564,52579.61022360751,0.10954085463251564,"{""up"":0.48695,""flat"":0.0206,""down"":0.49245}",0.49515166499999996,1,방향·크기 모두 맞음,true,"{""sourceUrl"":""https://api.stock.naver.com/chart/domestic/item/002380/minute?startDateTime=202610011525&endDateTime=202610011545"",""rawHash"":""141b88170b3def44293d2fc60feeca90c272dcb31f0459d771c0ebcdd0eab545"",""observedAt"":""2026-10-01T09:53:49Z"",""finalClose"":true}",1,2026-10-01T09:53:49Z,v1
score-ed953fce8b2db54a,score,2026-10-01,2026-10-01T09:53:49Z,,,"{""forecastId"":""2026-09-28-atlas11-27e1f65cfc167be9"",""inputSnapshotSHA256"":""0d432d2ff749f8ac7aafc1ec59cb34ef8b1ec97e7ac58cd388fd1b139768a258"",""collectionRecordId"":""collection-ce784343746dd63e""}",2026-09-28-atlas11-27e1f65cfc167be9,atlas11-A-1,live,,2026-09-28T13:29:56.398Z,2026-09-28,35500,036460,한국가스공사,util,2026-10-01,3,true,"{""p05"":33672.378965619595,""p10"":34225.47099792836,""p25"":34882.13710684842,""p50"":35499.896345731395,""p75"":36097.99830181683,""p90"":36739.60934562769,""p95"":37220.96335572693}",35250,249.89634573139483,0.7089258034933187,2.5,true,-0.0000029198385522732906,-0.007042253521126751,up,down,false,34225.47099792836,36739.60934562769,true,7.082079852674165,2514.1383476993287,0.07082079852674165,"{""up"":0.48515,""flat"":0.02985,""down"":0.485}",0.501486545,3,크기 허용·방향 틀림,true,"{""sourceUrl"":""https://api.stock.naver.com/chart/domestic/item/036460/minute?startDateTime=202610011525&endDateTime=202610011545"",""rawHash"":""1a9626f58905b65d139fbf2683b2648a70f92d423a279431b32c631461d8b645"",""observedAt"":""2026-10-01T09:53:49Z"",""finalClose"":true}",1,2026-10-01T09:53:49Z,v1
score-cf8b9de2f631e586,score,2026-10-01,2026-10-01T09:53:49Z,,,"{""forecastId"":""2026-09-28-atlas11-27e1f65cfc167be9"",""inputSnapshotSHA256"":""0d432d2ff749f8ac7aafc1ec59cb34ef8b1ec97e7ac58cd388fd1b139768a258"",""collectionRecordId"":""collection-ce784343746dd63e""}",2026-09-28-atlas11-27e1f65cfc167be9,atlas11-A-1,live,,2026-09-28T13:29:56.398Z,2026-09-28,343500,004170,신세계,cons,2026-10-01,3,true,"{""p05"":314105.67043451173,""p10"":321082.80770086625,""p25"":331862.17874181666,""p50"":343754.26381077827,""p75"":356067.62374555605,""p90"":370417.1527370854,""p95"":380798.8763053628}",333500,10254.26381077827,3.0747417723473074,2.5,false,0.0007402148785393692,-0.02911208151382827,up,down,false,321082.80770086625,370417.1527370854,true,14.362254741257399,49334.345036219165,0.143622547412574,"{""up"":0.49775,""flat"":0.0146,""down"":0.48765}",0.5104707450000001,4,방향·크기 모두 틀림,true,"{""sourceUrl"":""https://api.stock.naver.com/chart/domestic/item/004170/minute?startDateTime=202610011525&endDateTime=202610011545"",""rawHash"":""5bbba3aeb08f04d98ed55a40ac794a10816a2b51d50e3c6b3038c1b6f7056c01"",""observedAt"":""2026-10-01T09:53:49Z"",""finalClose"":true}",1,2026-10-01T09:53:49Z,v1
score-9495103e1072001f,score,2026-10-01,2026-10-01T09:53:49Z,,,"{""forecastId"":""2026-09-28-atlas11-27e1f65cfc167be9"",""inputSnapshotSHA256"":""0d432d2ff749f8ac7aafc1ec59cb34ef8b1ec97e7ac58cd388fd1b139768a258"",""collectionRecordId"":""collection-ce784343746dd63e""}",2026-09-28-atlas11-27e1f65cfc167be9,atlas11-A-1,live,,2026-09-28T13:29:56.398Z,2026-09-28,83300,012750,에스원,util,2026-10-01,3,true,"{""p05"":78270.14303626296,""p10"":79615.786568588,""p25"":81473.77141858518,""p50"":83324.67201320232,""p75"":85218.00946546125,""p90"":87082.81296724391,""p95"":88348.36297833749}",83200,124.67201320231834,0.14984616971432493,2.5,true,0.0002961826314804572,-0.0012004801920768582,up,down,false,79615.786568588,87082.81296724391,true,8.964017285301217,7467.026398655915,0.08964017285301218,"{""up"":0.49115,""flat"":0.0256,""down"":0.48325}",0.508914245,3,크기 허용·방향 틀림,true,"{""sourceUrl"":""https://api.stock.naver.com/chart/domestic/item/012750/minute?startDateTime=202610011525&endDateTime=202610011545"",""rawHash"":""5bb813106dce43ee8fa819aa9a75ecd27924854451832e9eaaab04db0aaf4eb6"",""observedAt"":""2026-10-01T09:53:49Z"",""finalClose"":true}",1,2026-10-01T09:53:49Z,v1
score-f357e02d0e022b91,score,2026-10-01,2026-10-01T09:53:49Z,,,"{""forecastId"":""2026-09-28-atlas11-27e1f65cfc167be9"",""inputSnapshotSHA256"":""0d432d2ff749f8ac7aafc1ec59cb34ef8b1ec97e7ac58cd388fd1b139768a258"",""collectionRecordId"":""collection-ce784343746dd63e""}",2026-09-28-atlas11-27e1f65cfc167be9,atlas11-A-1,live,,2026-09-28T13:29:56.398Z,2026-09-28,71400,111770,영원무역,cons,2026-10-01,3,true,"{""p05"":67156.95094863544,""p10"":68304.95347949183,""p25"":69881.41510109488,""p50"":71477.85422901972,""p75"":73100.52244830862,""p90"":74779.49510262522,""p95"":76054.70870267262}",69300,2177.854229019722,3.142646795122254,2.5,false,0.0010903953644219033,-0.02941176470588236,up,down,false,68304.95347949183,74779.49510262522,true,9.067985466573383,6474.541623133395,0.09067985466573382,"{""up"":0.50135,""flat"":0.0232,""down"":0.47545}",0.527042765,4,방향·크기 모두 틀림,true,"{""sourceUrl"":""https://api.stock.naver.com/chart/domestic/item/111770/minute?startDateTime=202610011525&endDateTime=202610011545"",""rawHash"":""7bc83a4a67a5ab01be745385b80516a5dc06b5c9e3e288db54f0151f027c383c"",""observedAt"":""2026-10-01T09:53:49Z"",""finalClose"":true}",1,2026-10-01T09:53:49Z,v1
score-8b929d9f746c279f,score,2026-10-01,2026-10-01T09:53:49Z,,,"{""forecastId"":""2026-09-28-atlas11-27e1f65cfc167be9"",""inputSnapshotSHA256"":""0d432d2ff749f8ac7aafc1ec59cb34ef8b1ec97e7ac58cd388fd1b139768a258"",""collectionRecordId"":""collection-ce784343746dd63e""}",2026-09-28-atlas11-27e1f65cfc167be9,atlas11-A-1,live,,2026-09-28T13:29:56.398Z,2026-09-28,14450,035250,강원랜드,cons,2026-10-01,3,true,"{""p05"":13950.540074880979,""p10"":14084.153799255753,""p25"":14271.975030955906,""p50"":14460.497355492194,""p75"":14650.73294209908,""p90"":14849.555642235764,""p95"":14976.380226211075}",14270,190.4973554921944,1.33494993337207,2.5,true,0.0007264605876950991,-0.01245674740484426,up,down,false,14084.153799255753,14849.555642235764,true,5.296898567335714,765.4018429800108,0.052968985673357144,"{""up"":0.49395,""flat"":0.04115,""down"":0.4649}",0.5320119350000001,3,크기 허용·방향 틀림,true,"{""sourceUrl"":""https://api.stock.naver.com/chart/domestic/item/035250/minute?startDateTime=202610011525&endDateTime=202610011545"",""rawHash"":""d153050abda80d95650df40dc4c2067133b99e20ddd2897d32c52affd5543f8a"",""observedAt"":""2026-10-01T09:53:49Z"",""finalClose"":true}",1,2026-10-01T09:53:49Z,v1
score-7c35011625ecbc2e,score,2026-10-01,2026-10-01T09:53:49Z,,,"{""forecastId"":""2026-09-28-atlas11-27e1f65cfc167be9"",""inputSnapshotSHA256"":""0d432d2ff749f8ac7aafc1ec59cb34ef8b1ec97e7ac58cd388fd1b139768a258"",""collectionRecordId"":""collection-ce784343746dd63e""}",2026-09-28-atlas11-27e1f65cfc167be9,atlas11-A-1,live,,2026-09-28T13:29:56.398Z,2026-09-28,38700,257720,실리콘투,cons,2026-10-01,3,true,"{""p05"":34753.89282980326,""p10"":35686.76130399911,""p25"":36999.096582342325,""p50"":38448.02887838635,""p75"":40031.08597038283,""p90"":41697.67364862604,""p95"":42787.348722721435}",38300,148.0288783863507,0.3864983769878608,2.5,true,-0.006510881695443116,-0.01033591731266148,down,down,true,35686.76130399911,41697.67364862604,true,15.53207324193005,6010.91234462693,0.1553207324193005,"{""up"":0.448,""flat"":0.01375,""down"":0.53825}",0.414106125,1,방향·크기 모두 맞음,false,"{""sourceUrl"":""https://api.stock.naver.com/chart/domestic/item/257720/minute?startDateTime=202610011525&endDateTime=202610011545"",""rawHash"":""58e7ca137c6015afb10f27e66cfd038fa0b338b224a477351347b349d696bf01"",""observedAt"":""2026-10-01T09:53:49Z"",""finalClose"":true}",1,2026-10-01T09:53:49Z,v1
score-7c1f1aae287daff1,score,2026-10-01,2026-10-01T09:53:49Z,,,"{""forecastId"":""2026-09-28-atlas11-27e1f65cfc167be9"",""inputSnapshotSHA256"":""0d432d2ff749f8ac7aafc1ec59cb34ef8b1ec97e7ac58cd388fd1b139768a258"",""collectionRecordId"":""collection-ce784343746dd63e""}",2026-09-28-atlas11-27e1f65cfc167be9,atlas11-A-1,live,,2026-09-28T13:29:56.398Z,2026-09-28,104400,226950,올릭스,bio,2026-10-01,3,true,"{""p05"":88664.91826847313,""p10"":91997.42907901607,""p25"":97424.60938068572,""p50"":103951.64302127543,""p75"":111265.24427997111,""p90"":119232.86773270209,""p95"":124870.8559833885}",116900,-12948.356978724565,11.0764388184128,2.5,false,-0.0042946070759057875,0.11973180076628354,down,up,false,91997.42907901607,119232.86773270209,true,26.087584917323763,27235.43865368601,0.26087584917323764,"{""up"":0.4768,""flat"":0.0091,""down"":0.5141}",0.53811986,4,방향·크기 모두 틀림,true,"{""sourceUrl"":""https://api.stock.naver.com/chart/domestic/item/226950/minute?startDateTime=202610011525&endDateTime=202610011545"",""rawHash"":""8f150f792804373092625c5086ba66067ecaaf7e55b4c5086236847a95d2b77f"",""observedAt"":""2026-10-01T09:53:49Z"",""finalClose"":true}",1,2026-10-01T09:53:49Z,v1
score-ded9492683a88b93,score,2026-10-01,2026-10-01T09:53:49Z,,,"{""forecastId"":""2026-09-28-atlas11-27e1f65cfc167be9"",""inputSnapshotSHA256"":""0d432d2ff749f8ac7aafc1ec59cb34ef8b1ec97e7ac58cd388fd1b139768a258"",""collectionRecordId"":""collection-ce784343746dd63e""}",2026-09-28-atlas11-27e1f65cfc167be9,atlas11-A-1,live,,2026-09-28T13:29:56.398Z,2026-09-28,17280,010170,대한광통신,semi,2026-10-01,3,true,"{""p05"":14846.140417063822,""p10"":15402.670911639874,""p25"":16215.937874243316,""p50"":17113.701353859593,""p75"":18279.289891247565,""p90"":19622.91821288022,""p95"":20671.67211691203}",17000,113.70135385959293,0.6688314932917231,2.5,true,-0.009623764244236499,-0.01620370370370372,down,down,true,15402.670911639874,19622.91821288022,true,24.422727437733485,4220.247301240346,0.24422727437733485,"{""up"":0.45345,""flat"":0.00775,""down"":0.5388}",0.4183824050000001,1,방향·크기 모두 맞음,false,"{""sourceUrl"":""https://api.stock.naver.com/chart/domestic/item/010170/minute?startDateTime=202610011525&endDateTime=202610011545"",""rawHash"":""a5eae7b9359ce778741fb1f5b994667ea6d1093b97808ced64ff38980b01fe36"",""observedAt"":""2026-10-01T09:53:49Z"",""finalClose"":true}",1,2026-10-01T09:53:49Z,v1
score-f13fd83dd3617e01,score,2026-10-01,2026-10-01T09:53:49Z,,,"{""forecastId"":""2026-09-28-atlas11-27e1f65cfc167be9"",""inputSnapshotSHA256"":""0d432d2ff749f8ac7aafc1ec59cb34ef8b1ec97e7ac58cd388fd1b139768a258"",""collectionRecordId"":""collection-ce784343746dd63e""}",2026-09-28-atlas11-27e1f65cfc167be9,atlas11-A-1,live,,2026-09-28T13:29:56.398Z,2026-09-28,39700,214370,케어젠,bio,2026-10-01,3,true,"{""p05"":35066.91456867253,""p10"":36211.104910174465,""p25"":37860.59828476635,""p50"":39547.448586064245,""p75"":41453.716462798046,""p90"":43670.927674311024,""p95"":45362.7131145613}",43150,-3602.5514139357547,8.34890246566803,2.5,false,-0.0038426048850316308,0.0869017632241813,down,up,false,36211.104910174465,43670.927674311024,true,18.790485551981256,7459.822764136559,0.18790485551981256,"{""up"":0.4712,""flat"":0.01235,""down"":0.51645}",0.5465025649999999,4,방향·크기 모두 틀림,true,"{""sourceUrl"":""https://api.stock.naver.com/chart/domestic/item/214370/minute?startDateTime=202610011525&endDateTime=202610011545"",""rawHash"":""02c9456b796583aa40da36b93cf2e05933c2861ea9d5b4f35c535d4f4e00ec84"",""observedAt"":""2026-10-01T09:53:49Z"",""finalClose"":true}",1,2026-10-01T09:53:49Z,v1
score-1663aa3f2ca39c36,score,2026-10-01,2026-10-01T09:53:49Z,,,"{""forecastId"":""2026-09-28-atlas11-27e1f65cfc167be9"",""inputSnapshotSHA256"":""0d432d2ff749f8ac7aafc1ec59cb34ef8b1ec97e7ac58cd388fd1b139768a258"",""collectionRecordId"":""collection-ce784343746dd63e""}",2026-09-28-atlas11-27e1f65cfc167be9,atlas11-A-1,live,,2026-09-28T13:29:56.398Z,2026-09-28,17810,030000,제일기획,net,2026-10-01,3,true,"{""p05"":17051.339841360903,""p10"":17294.441754508567,""p25"":17575.913323827826,""p50"":17831.31844738988,""p75"":18084.916871792637,""p90"":18346.817991330117,""p95"":18539.02719283526}",18740,-908.68155261012,4.848887687353895,2.5,false,0.0011969931156585734,0.05221785513756316,up,up,true,17294.441754508567,18346.817991330117,false,5.90890643920017,4984.196323520377,0.27985380817071176,"{""up"":0.5038,""flat"":0.0385,""down"":0.4577}",0.45718598,2,방향 맞고 크기 틀림,true,"{""sourceUrl"":""https://api.stock.naver.com/chart/domestic/item/030000/minute?startDateTime=202610011525&endDateTime=202610011545"",""rawHash"":""92c0cb81dd6bc9ff9a48ccfaa0411d3cef7c7a0295ace3950c959fe27fbc8069"",""observedAt"":""2026-10-01T09:53:49Z"",""finalClose"":true}",1,2026-10-01T09:53:49Z,v1
score-3ad385a7f1f7a252,score,2026-10-01,2026-10-01T09:53:49Z,,,"{""forecastId"":""2026-09-29-atlas11-128de9174cfdfa1f"",""inputSnapshotSHA256"":""0d432d2ff749f8ac7aafc1ec59cb34ef8b1ec97e7ac58cd388fd1b139768a258"",""collectionRecordId"":""collection-ce784343746dd63e""}",2026-09-29-atlas11-128de9174cfdfa1f,atlas11-A-1,live,,2026-09-29T11:35:06Z,2026-09-29,272500,005930,삼성전자,semi,2026-10-01,2,true,"{""p05"":250802.44963984587,""p10"":256187.18537476336,""p25"":264484.57607131137,""p50"":273398.108102655,""p75"":282933.1027196589,""p90"":292796.4733073522,""p95"":299826.3090404852}",276000,-2601.89189734502,0.9427144555597897,2,true,0.0032958095510273733,0.012844036697247763,up,up,true,256187.18537476336,292796.4733073522,true,13.434601076179401,36609.287932588864,0.134346010761794,"{""up"":0.51655,""flat"":0.01765,""down"":0.4658}",0.45100506500000004,1,방향·크기 모두 맞음,false,"{""sourceUrl"":""https://api.stock.naver.com/chart/domestic/item/005930/minute?startDateTime=202610011525&endDateTime=202610011545"",""rawHash"":""4600c49cfb401649d5168d029ef4975003c13a5e6fb6ce8279469c21def2764b"",""observedAt"":""2026-10-01T09:53:49Z"",""finalClose"":true}",1,2026-10-01T09:53:49Z,v1
score-ea91b03ed5d802da,score,2026-10-01,2026-10-01T09:53:49Z,,,"{""forecastId"":""2026-09-29-atlas11-128de9174cfdfa1f"",""inputSnapshotSHA256"":""0d432d2ff749f8ac7aafc1ec59cb34ef8b1ec97e7ac58cd388fd1b139768a258"",""collectionRecordId"":""collection-ce784343746dd63e""}",2026-09-29-atlas11-128de9174cfdfa1f,atlas11-A-1,live,,2026-09-29T11:35:06Z,2026-09-29,1528000,009150,삼성전기,semi,2026-10-01,2,true,"{""p05"":1437780.9777369827,""p10"":1463121.5491651269,""p25"":1500925.940787104,""p50"":1540272.5356356918,""p75"":1584583.0466588237,""p90"":1637685.5028577645,""p95"":1677043.3805695127}",1561000,-20727.464364308165,1.327832438456641,2,true,0.008031764159484256,0.021596858638743388,up,up,true,1463121.5491651269,1637685.5028577645,true,11.424342519151677,174563.95369263762,0.11424342519151677,"{""up"":0.57275,""flat"":0.0201,""down"":0.40715}",0.34871769500000005,1,방향·크기 모두 맞음,false,"{""sourceUrl"":""https://api.stock.naver.com/chart/domestic/item/009150/minute?startDateTime=202610011525&endDateTime=202610011545"",""rawHash"":""563bbb7050d1aef780d6e72e3382f0b448235fe79e1c196f7bc6cb7f8a52c3a5"",""observedAt"":""2026-10-01T09:53:49Z"",""finalClose"":true}",1,2026-10-01T09:53:49Z,v1
score-30765b15d942ad01,score,2026-10-01,2026-10-01T09:53:49Z,,,"{""forecastId"":""2026-09-29-atlas11-128de9174cfdfa1f"",""inputSnapshotSHA256"":""0d432d2ff749f8ac7aafc1ec59cb34ef8b1ec97e7ac58cd388fd1b139768a258"",""collectionRecordId"":""collection-ce784343746dd63e""}",2026-09-29-atlas11-128de9174cfdfa1f,atlas11-A-1,live,,2026-09-29T11:35:06Z,2026-09-29,352500,373220,LG에너지솔루션,chem,2026-10-01,2,true,"{""p05"":328073.9489261798,""p10"":333738.35367675713,""p25"":342341.17533748347,""p50"":351730.6227577385,""p75"":362039.3242833418,""p90"":372456.5677785742,""p95"":380488.19010816055}",360500,-8769.377242261486,2.432559567895003,2,false,-0.002182630474500624,0.02269503546099294,down,up,false,333738.35367675713,372456.5677785742,true,10.98389052533817,38718.21410181705,0.1098389052533817,"{""up"":0.469,""flat"":0.01875,""down"":0.51225}",0.5447126250000001,4,방향·크기 모두 틀림,true,"{""sourceUrl"":""https://api.stock.naver.com/chart/domestic/item/373220/minute?startDateTime=202610011525&endDateTime=202610011545"",""rawHash"":""4e6575db4f549cd0d47d287252bf0395e9e2e825c72708a82507f0f0153aa458"",""observedAt"":""2026-10-01T09:53:49Z"",""finalClose"":true}",1,2026-10-01T09:53:49Z,v1
score-8e50d5753ac4453e,score,2026-10-01,2026-10-01T09:53:49Z,,,"{""forecastId"":""2026-09-29-atlas11-128de9174cfdfa1f"",""inputSnapshotSHA256"":""0d432d2ff749f8ac7aafc1ec59cb34ef8b1ec97e7ac58cd388fd1b139768a258"",""collectionRecordId"":""collection-ce784343746dd63e""}",2026-09-29-atlas11-128de9174cfdfa1f,atlas11-A-1,live,,2026-09-29T11:35:06Z,2026-09-29,350000,005380,현대차,auto,2026-10-01,2,true,"{""p05"":332119.27151717816,""p10"":336485.96223003813,""p25"":342709.6832558737,""p50"":349197.255660709,""p75"":356314.0899492224,""p90"":364808.8293418576,""p95"":371304.06158739876}",349000,197.25566070899367,0.056520246621488156,2,true,-0.002293555255117208,-0.0028571428571428914,down,down,true,336485.96223003813,364808.8293418576,true,8.09224774623413,28322.867111819447,0.08092247746234128,"{""up"":0.45525,""flat"":0.02705,""down"":0.5177}",0.4405975549999999,1,방향·크기 모두 맞음,false,"{""sourceUrl"":""https://api.stock.naver.com/chart/domestic/item/005380/minute?startDateTime=202610011525&endDateTime=202610011545"",""rawHash"":""a9cf973c81a40793de15adad6e9f7057430d98bf08b1f3007faedb721295f2f7"",""observedAt"":""2026-10-01T09:53:49Z"",""finalClose"":true}",1,2026-10-01T09:53:49Z,v1
score-e5f7851f2d867cb0,score,2026-10-01,2026-10-01T09:53:49Z,,,"{""forecastId"":""2026-09-29-atlas11-128de9174cfdfa1f"",""inputSnapshotSHA256"":""0d432d2ff749f8ac7aafc1ec59cb34ef8b1ec97e7ac58cd388fd1b139768a258"",""collectionRecordId"":""collection-ce784343746dd63e""}",2026-09-29-atlas11-128de9174cfdfa1f,atlas11-A-1,live,,2026-09-29T11:35:06Z,2026-09-29,1385000,207940,삼성바이오로직스,bio,2026-10-01,2,true,"{""p05"":1320239.5324278472,""p10"":1338193.3359399056,""p25"":1361404.047827151,""p50"":1384389.476926024,""p75"":1408316.7037515477,""p90"":1436548.9552312712,""p95"":1458019.4599161784}",1429000,-44610.52307397593,3.121800075155768,2,false,-0.0004408108837371527,0.031768953068592065,down,up,false,1338193.3359399056,1436548.9552312712,true,7.101488757499322,98355.61929136561,0.07101488757499322,"{""up"":0.4764,""flat"":0.03185,""down"":0.49175}",0.5169894450000001,4,방향·크기 모두 틀림,true,"{""sourceUrl"":""https://api.stock.naver.com/chart/domestic/item/207940/minute?startDateTime=202610011525&endDateTime=202610011545"",""rawHash"":""931295cd43d119c486e5f3fccb35b4d06b978a6787fbc1b0298f1de26530f73c"",""observedAt"":""2026-10-01T09:53:49Z"",""finalClose"":true}",1,2026-10-01T09:53:49Z,v1
score-5dabeb50a610e331,score,2026-10-01,2026-10-01T09:53:49Z,,,"{""forecastId"":""2026-09-29-atlas11-128de9174cfdfa1f"",""inputSnapshotSHA256"":""0d432d2ff749f8ac7aafc1ec59cb34ef8b1ec97e7ac58cd388fd1b139768a258"",""collectionRecordId"":""collection-ce784343746dd63e""}",2026-09-29-atlas11-128de9174cfdfa1f,atlas11-A-1,live,,2026-09-29T11:35:06Z,2026-09-29,173500,105560,KB금융,fin,2026-10-01,2,true,"{""p05"":166161.32945604256,""p10"":168424.02361131628,""p25"":171350.4583966381,""p50"":174010.5155176054,""p75"":176815.58813987224,""p90"":179787.80015338684,""p95"":181881.6848123988}",166000,8010.51551760541,4.825611757593621,2,false,0.0029424525510397537,-0.043227665706051854,up,down,false,168424.02361131628,179787.80015338684,false,6.549727113585334,35604.01265523338,0.20521044758059587,"{""up"":0.5364,""flat"":0.035,""down"":0.4286}",0.61544792,4,방향·크기 모두 틀림,false,"{""sourceUrl"":""https://api.stock.naver.com/chart/domestic/item/105560/minute?startDateTime=202610011525&endDateTime=202610011545"",""rawHash"":""acfa6d5c1b829b90b4d858a14aada51d93447fc8d6d151aa989c29651788b3dd"",""observedAt"":""2026-10-01T09:53:49Z"",""finalClose"":true}",1,2026-10-01T09:53:49Z,v1
score-db0d22d36fa6ee6d,score,2026-10-01,2026-10-01T09:53:49Z,,,"{""forecastId"":""2026-09-29-atlas11-128de9174cfdfa1f"",""inputSnapshotSHA256"":""0d432d2ff749f8ac7aafc1ec59cb34ef8b1ec97e7ac58cd388fd1b139768a258"",""collectionRecordId"":""collection-ce784343746dd63e""}",2026-09-29-atlas11-128de9174cfdfa1f,atlas11-A-1,live,,2026-09-29T11:35:06Z,2026-09-29,345000,028260,삼성물산,util,2026-10-01,2,true,"{""p05"":322220.7904095087,""p10"":328010.1129857744,""p25"":336292.5267069076,""p50"":344364.7614314606,""p75"":353372.86026549677,""p90"":363278.027080438,""p95"":370937.67418986297}",347000,-2635.238568539382,0.7594347459767672,2,true,-0.0018412712131575804,0.005797101449275255,down,up,false,328010.1129857744,363278.027080438,true,10.222583795554659,35267.914094663574,0.10222583795554659,"{""up"":0.46715,""flat"":0.02295,""down"":0.5099}",0.5444538350000001,3,크기 허용·방향 틀림,true,"{""sourceUrl"":""https://api.stock.naver.com/chart/domestic/item/028260/minute?startDateTime=202610011525&endDateTime=202610011545"",""rawHash"":""7a42591b91379c3387307ac80e4606356d098684c6ac1e4cb74bc9e41389e71d"",""observedAt"":""2026-10-01T09:53:49Z"",""finalClose"":true}",1,2026-10-01T09:53:49Z,v1
score-2365e9409828ee57,score,2026-10-01,2026-10-01T09:53:49Z,,,"{""forecastId"":""2026-09-29-atlas11-128de9174cfdfa1f"",""inputSnapshotSHA256"":""0d432d2ff749f8ac7aafc1ec59cb34ef8b1ec97e7ac58cd388fd1b139768a258"",""collectionRecordId"":""collection-ce784343746dd63e""}",2026-09-29-atlas11-128de9174cfdfa1f,atlas11-A-1,live,,2026-09-29T11:35:06Z,2026-09-29,290500,032830,삼성생명보험,fin,2026-10-01,2,true,"{""p05"":275965.985082601,""p10"":279602.40602042055,""p25"":284982.09448343434,""p50"":290814.6897350479,""p75"":297018.2033483278,""p90"":304597.04559640976,""p95"":310133.24150137237}",284000,6814.689735047927,2.3995386391013827,2,false,0.0010832693116968883,-0.022375215146299476,up,down,false,279602.40602042055,304597.04559640976,true,8.604006738722623,24994.63957598922,0.08604006738722622,"{""up"":0.5014,""flat"":0.02675,""down"":0.47185}",0.531059945,4,방향·크기 모두 틀림,true,"{""sourceUrl"":""https://api.stock.naver.com/chart/domestic/item/032830/minute?startDateTime=202610011525&endDateTime=202610011545"",""rawHash"":""2e6170c9bf4ec3f47cb3e8c0baed253f644c15f6365d9a65b09989e467ae689c"",""observedAt"":""2026-10-01T09:53:49Z"",""finalClose"":true}",1,2026-10-01T09:53:49Z,v1
score-21ae80e2f07f2456,score,2026-10-01,2026-10-01T09:53:49Z,,,"{""forecastId"":""2026-09-29-atlas11-128de9174cfdfa1f"",""inputSnapshotSHA256"":""0d432d2ff749f8ac7aafc1ec59cb34ef8b1ec97e7ac58cd388fd1b139768a258"",""collectionRecordId"":""collection-ce784343746dd63e""}",2026-09-29-atlas11-128de9174cfdfa1f,atlas11-A-1,live,,2026-09-29T11:35:06Z,2026-09-29,1012000,012450,한화에어로스페이스,heavy,2026-10-01,2,true,"{""p05"":926412.4262314953,""p10"":944719.0984602831,""p25"":976554.4309545172,""p50"":1010240.1337997501,""p75"":1048269.8599701151,""p90"":1085290.502300239,""p95"":1112254.5326680415}",1034000,-23759.866200249875,2.297859400411013,2,false,-0.0017389982215907374,0.021739130434782705,down,up,false,944719.0984602831,1085290.502300239,true,13.890454924896819,140571.4038399558,0.1389045492489682,"{""up"":0.47825,""flat"":0.015,""down"":0.50675}",0.5292436249999999,4,방향·크기 모두 틀림,true,"{""sourceUrl"":""https://api.stock.naver.com/chart/domestic/item/012450/minute?startDateTime=202610011525&endDateTime=202610011545"",""rawHash"":""65ac6f6798407fcbed9c344e7dbea39640578fd5ff50fa6d6689ccda64d815f5"",""observedAt"":""2026-10-01T09:53:49Z"",""finalClose"":true}",1,2026-10-01T09:53:49Z,v1
score-3e5a63d7ad35e8a4,score,2026-10-01,2026-10-01T09:53:49Z,,,"{""forecastId"":""2026-09-29-atlas11-128de9174cfdfa1f"",""inputSnapshotSHA256"":""0d432d2ff749f8ac7aafc1ec59cb34ef8b1ec97e7ac58cd388fd1b139768a258"",""collectionRecordId"":""collection-ce784343746dd63e""}",2026-09-29-atlas11-128de9174cfdfa1f,atlas11-A-1,live,,2026-09-29T11:35:06Z,2026-09-29,79700,034020,두산에너빌리티,heavy,2026-10-01,2,true,"{""p05"":73020.38938293754,""p10"":74575.85309745112,""p25"":76884.49295202053,""p50"":79508.32587163529,""p75"":82512.88818509787,""p90"":85485.54615560455,""p95"":87475.31343641273}",82100,-2591.6741283647134,3.156728536376021,2,false,-0.0024049451488671325,0.03011292346298622,down,up,false,74575.85309745112,85485.54615560455,true,13.688448002701914,10909.693058153425,0.13688448002701914,"{""up"":0.47645,""flat"":0.01455,""down"":0.509}",0.533397305,4,방향·크기 모두 틀림,true,"{""sourceUrl"":""https://api.stock.naver.com/chart/domestic/item/034020/minute?startDateTime=202610011525&endDateTime=202610011545"",""rawHash"":""20dd1ee3af24df280a49f247326456a66d265b827dbdf6f2bee6b64c82025829"",""observedAt"":""2026-10-01T09:53:49Z"",""finalClose"":true}",1,2026-10-01T09:53:49Z,v1
score-0fb6ab221289be3d,score,2026-10-01,2026-10-01T09:53:49Z,,,"{""forecastId"":""2026-09-29-atlas11-128de9174cfdfa1f"",""inputSnapshotSHA256"":""0d432d2ff749f8ac7aafc1ec59cb34ef8b1ec97e7ac58cd388fd1b139768a258"",""collectionRecordId"":""collection-ce784343746dd63e""}",2026-09-29-atlas11-128de9174cfdfa1f,atlas11-A-1,live,,2026-09-29T11:35:06Z,2026-09-29,429000,329180,HD현대중공업,heavy,2026-10-01,2,true,"{""p05"":401554.8721325383,""p10"":408926.45661835105,""p25"":420916.345378013,""p50"":433661.9905319883,""p75"":447346.48414822435,""p90"":461635.0009333887,""p95"":471367.8298802634}",431500,2161.9905319883255,0.5010406794874451,2,true,0.010867110797175616,0.005827505827505908,up,up,true,408926.45661835105,461635.0009333887,true,12.286373966209247,52708.54431503767,0.12286373966209246,"{""up"":0.5902,""flat"":0.0189,""down"":0.3909}",0.32109606,1,방향·크기 모두 맞음,false,"{""sourceUrl"":""https://api.stock.naver.com/chart/domestic/item/329180/minute?startDateTime=202610011525&endDateTime=202610011545"",""rawHash"":""d40cb47d7225b0b3b33da756ae13402ed40d54b333fe656f8ae5c19177177d01"",""observedAt"":""2026-10-01T09:53:49Z"",""finalClose"":true}",1,2026-10-01T09:53:49Z,v1
score-82890a55b8469a99,score,2026-10-01,2026-10-01T09:53:49Z,,,"{""forecastId"":""2026-09-29-atlas11-128de9174cfdfa1f"",""inputSnapshotSHA256"":""0d432d2ff749f8ac7aafc1ec59cb34ef8b1ec97e7ac58cd388fd1b139768a258"",""collectionRecordId"":""collection-ce784343746dd63e""}",2026-09-29-atlas11-128de9174cfdfa1f,atlas11-A-1,live,,2026-09-29T11:35:06Z,2026-09-29,586000,034730,SK,util,2026-10-01,2,true,"{""p05"":535044.2474989808,""p10"":547770.7259510707,""p25"":565992.7149996357,""p50"":585054.3740749711,""p75"":604889.3909879009,""p90"":627287.4258452195,""p95"":643279.0890630275}",587000,-1945.6259250289295,0.33145245741549056,2,true,-0.0016136961177968256,0.0017064846416381396,down,up,false,547770.7259510707,627287.4258452195,true,13.569402712312092,79516.69989414886,0.13569402712312092,"{""up"":0.4772,""flat"":0.01735,""down"":0.50545}",0.5291005649999999,3,크기 허용·방향 틀림,true,"{""sourceUrl"":""https://api.stock.naver.com/chart/domestic/item/034730/minute?startDateTime=202610011525&endDateTime=202610011545"",""rawHash"":""959fa2529e18a2c5aff7c375cc0a95f509d971c539d7fd70913d7c55f65a46bf"",""observedAt"":""2026-10-01T09:53:49Z"",""finalClose"":true}",1,2026-10-01T09:53:49Z,v1
score-9b9132ddb4366bac,score,2026-10-01,2026-10-01T09:53:49Z,,,"{""forecastId"":""2026-09-29-atlas11-128de9174cfdfa1f"",""inputSnapshotSHA256"":""0d432d2ff749f8ac7aafc1ec59cb34ef8b1ec97e7ac58cd388fd1b139768a258"",""collectionRecordId"":""collection-ce784343746dd63e""}",2026-09-29-atlas11-128de9174cfdfa1f,atlas11-A-1,live,,2026-09-29T11:35:06Z,2026-09-29,367000,012330,현대모비스,auto,2026-10-01,2,true,"{""p05"":347027.53917658,""p10"":351567.75613151677,""p25"":358636.4243845936,""p50"":365964.7680730833,""p75"":374226.2086201422,""p90"":383876.12882993184,""p95"":391761.4181325963}",382000,-16035.231926916691,4.197704692910128,2,false,-0.0028207954411898495,0.04087193460490468,down,up,false,351567.75613151677,383876.12882993184,true,8.803371307470046,32308.37269841507,0.08803371307470047,"{""up"":0.4521,""flat"":0.0246,""down"":0.5233}",0.5746424600000001,4,방향·크기 모두 틀림,false,"{""sourceUrl"":""https://api.stock.naver.com/chart/domestic/item/012330/minute?startDateTime=202610011525&endDateTime=202610011545"",""rawHash"":""d30f7871cdfc32d3e6c547553b4b19854d647d8bbb96f35beb55d8c77c02550a"",""observedAt"":""2026-10-01T09:53:49Z"",""finalClose"":true}",1,2026-10-01T09:53:49Z,v1
score-1299396ce160f75e,score,2026-10-01,2026-10-01T09:53:49Z,,,"{""forecastId"":""2026-09-29-atlas11-128de9174cfdfa1f"",""inputSnapshotSHA256"":""0d432d2ff749f8ac7aafc1ec59cb34ef8b1ec97e7ac58cd388fd1b139768a258"",""collectionRecordId"":""collection-ce784343746dd63e""}",2026-09-29-atlas11-128de9174cfdfa1f,atlas11-A-1,live,,2026-09-29T11:35:06Z,2026-09-29,213500,066570,LG전자,semi,2026-10-01,2,true,"{""p05"":198866.0608904614,""p10"":202675.70826350743,""p25"":207870.25926398978,""p50"":213084.86423259415,""p75"":218518.5814406465,""p90"":224846.1385306107,""p95"":230105.98922910678}",211500,1584.8642325941473,0.749344790824656,2,true,-0.0019444298239149616,-0.00936768149882905,down,down,true,202675.70826350743,224846.1385306107,true,10.384276471711138,22170.43026710328,0.10384276471711137,"{""up"":0.46695,""flat"":0.0216,""down"":0.51145}",0.45718996500000003,1,방향·크기 모두 맞음,true,"{""sourceUrl"":""https://api.stock.naver.com/chart/domestic/item/066570/minute?startDateTime=202610011525&endDateTime=202610011545"",""rawHash"":""6878b35d6109633a2a6eb48221d9285875301d52f74b7c587fe75247d9d44d4f"",""observedAt"":""2026-10-01T09:53:49Z"",""finalClose"":true}",1,2026-10-01T09:53:49Z,v1
score-54d27c50c38ce89c,score,2026-10-01,2026-10-01T09:53:49Z,,,"{""forecastId"":""2026-09-29-atlas11-128de9174cfdfa1f"",""inputSnapshotSHA256"":""0d432d2ff749f8ac7aafc1ec59cb34ef8b1ec97e7ac58cd388fd1b139768a258"",""collectionRecordId"":""collection-ce784343746dd63e""}",2026-09-29-atlas11-128de9174cfdfa1f,atlas11-A-1,live,,2026-09-29T11:35:06Z,2026-09-29,194800,035420,NAVER,net,2026-10-01,2,true,"{""p05"":184401.44405424452,""p10"":186923.9753988486,""p25"":190677.29851597524,""p50"":194475.51922976138,""p75"":198649.38639395265,""p90"":202954.26433313166,""p95"":206104.18247019468}",191200,3275.519229761383,1.7131376724693428,2,true,-0.0016657123728881507,-0.01848049281314168,down,down,true,186923.9753988486,202954.26433313166,true,8.229101095627863,16030.288934283075,0.08229101095627862,"{""up"":0.46365,""flat"":0.0263,""down"":0.51005}",0.455714015,1,방향·크기 모두 맞음,true,"{""sourceUrl"":""https://api.stock.naver.com/chart/domestic/item/035420/minute?startDateTime=202610011525&endDateTime=202610011545"",""rawHash"":""196fe71b43ddb9d90c81f95a8fbb791b7d06fcba5227f3cfea8fde0da74cb178"",""observedAt"":""2026-10-01T09:53:49Z"",""finalClose"":true}",1,2026-10-01T09:53:49Z,v1
score-809855c052c11021,score,2026-10-01,2026-10-01T09:53:49Z,,,"{""forecastId"":""2026-09-29-atlas11-128de9174cfdfa1f"",""inputSnapshotSHA256"":""0d432d2ff749f8ac7aafc1ec59cb34ef8b1ec97e7ac58cd388fd1b139768a258"",""collectionRecordId"":""collection-ce784343746dd63e""}",2026-09-29-atlas11-128de9174cfdfa1f,atlas11-A-1,live,,2026-09-29T11:35:06Z,2026-09-29,205000,010120,LS ELECTRIC,heavy,2026-10-01,2,true,"{""p05"":187522.23938435368,""p10"":191553.9956748293,""p25"":197680.88369023742,""p50"":204196.07114509045,""p75"":211850.68272170943,""p90"":220587.03992905235,""p95"":226942.16085032583}",206000,-1803.9288549095509,0.8756936188881315,2,true,-0.003921604170290527,0.004878048780487809,down,up,false,191553.9956748293,220587.03992905235,true,14.162460611816128,29033.04425422306,0.14162460611816127,"{""up"":0.45985,""flat"":0.016,""down"":0.52415}",0.566751245,3,크기 허용·방향 틀림,false,"{""sourceUrl"":""https://api.stock.naver.com/chart/domestic/item/010120/minute?startDateTime=202610011525&endDateTime=202610011545"",""rawHash"":""a63320df81c3d7dd106b13b173e0d7e5fbfa286b4bdc929771ca0381d0300c48"",""observedAt"":""2026-10-01T09:53:49Z"",""finalClose"":true}",1,2026-10-01T09:53:49Z,v1
score-4ee16e114f44247e,score,2026-10-01,2026-10-01T09:53:49Z,,,"{""forecastId"":""2026-09-29-atlas11-128de9174cfdfa1f"",""inputSnapshotSHA256"":""0d432d2ff749f8ac7aafc1ec59cb34ef8b1ec97e7ac58cd388fd1b139768a258"",""collectionRecordId"":""collection-ce784343746dd63e""}",2026-09-29-atlas11-128de9174cfdfa1f,atlas11-A-1,live,,2026-09-29T11:35:06Z,2026-09-29,653000,000810,삼성화재,fin,2026-10-01,2,true,"{""p05"":619160.18035685,""p10"":627393.203247538,""p25"":638928.3924565157,""p50"":651033.1100241055,""p75"":663919.2549663505,""p90"":680981.9455344976,""p95"":692531.0137154018}",626000,25033.110024105525,3.9988993648730866,2,false,-0.0030120826583376337,-0.04134762633996936,down,down,true,627393.203247538,680981.9455344976,false,8.206545526333791,67520.77476233919,0.10340088018734946,"{""up"":0.44395,""flat"":0.0283,""down"":0.52775}",0.42091255499999997,2,방향 맞고 크기 틀림,false,"{""sourceUrl"":""https://api.stock.naver.com/chart/domestic/item/000810/minute?startDateTime=202610011525&endDateTime=202610011545"",""rawHash"":""f483df0029a297f337aab8d6f380c4da522f0fa51afe573bf15afe65ef002c21"",""observedAt"":""2026-10-01T09:53:49Z"",""finalClose"":true}",1,2026-10-01T09:53:49Z,v1
score-6b2b18374d67c19a,score,2026-10-01,2026-10-01T09:53:49Z,,,"{""forecastId"":""2026-09-29-atlas11-128de9174cfdfa1f"",""inputSnapshotSHA256"":""0d432d2ff749f8ac7aafc1ec59cb34ef8b1ec97e7ac58cd388fd1b139768a258"",""collectionRecordId"":""collection-ce784343746dd63e""}",2026-09-29-atlas11-128de9174cfdfa1f,atlas11-A-1,live,,2026-09-29T11:35:06Z,2026-09-29,304000,005490,POSCO홀딩스,chem,2026-10-01,2,true,"{""p05"":286604.5856767663,""p10"":290800.2321592798,""p25"":296933.2426141314,""p50"":303383.25978619367,""p75"":310831.77747009904,""p90"":318715.9782664915,""p95"":323765.67012959835}",306500,-3116.7402138063335,1.0168809832973356,2,true,-0.0020287507033103225,0.008223684210526327,down,up,false,290800.2321592798,318715.9782664915,true,9.182811219477529,27915.746107211686,0.09182811219477528,"{""up"":0.46415,""flat"":0.0229,""down"":0.51295}",0.5507773349999999,3,크기 허용·방향 틀림,true,"{""sourceUrl"":""https://api.stock.naver.com/chart/domestic/item/005490/minute?startDateTime=202610011525&endDateTime=202610011545"",""rawHash"":""e358c62773fbcde8152d2302f1aa86f7e6d78c350e99378b4c57ec1acdee3093"",""observedAt"":""2026-10-01T09:53:49Z"",""finalClose"":true}",1,2026-10-01T09:53:49Z,v1
score-6d049f3694cba8e4,score,2026-10-01,2026-10-01T09:53:49Z,,,"{""forecastId"":""2026-09-29-atlas11-128de9174cfdfa1f"",""inputSnapshotSHA256"":""0d432d2ff749f8ac7aafc1ec59cb34ef8b1ec97e7ac58cd388fd1b139768a258"",""collectionRecordId"":""collection-ce784343746dd63e""}",2026-09-29-atlas11-128de9174cfdfa1f,atlas11-A-1,live,,2026-09-29T11:35:06Z,2026-09-29,1064000,010130,고려아연,chem,2026-10-01,2,true,"{""p05"":979542.6476570335,""p10"":1001109.7067118537,""p25"":1029578.7765363716,""p50"":1058350.8508706747,""p75"":1094069.219186462,""p90"":1138556.3495794216,""p95"":1174127.1042171721}",1069000,-10649.149129325291,0.9961785902081657,2,true,-0.005309350685456127,0.0046992481203007586,down,up,false,1001109.7067118537,1138556.3495794216,true,12.917917562741337,137446.64286756783,0.12917917562741338,"{""up"":0.4381,""flat"":0.0189,""down"":0.543}",0.6109378200000001,3,크기 허용·방향 틀림,false,"{""sourceUrl"":""https://api.stock.naver.com/chart/domestic/item/010130/minute?startDateTime=202610011525&endDateTime=202610011545"",""rawHash"":""9468de85c1a5f13e3f6dd698462249207e84f3e0e1edc60dd1afe77c926b4a07"",""observedAt"":""2026-10-01T09:53:49Z"",""finalClose"":true}",1,2026-10-01T09:53:49Z,v1
score-eb88ad4cbfd636ee,score,2026-10-01,2026-10-01T09:53:49Z,,,"{""forecastId"":""2026-09-29-atlas11-128de9174cfdfa1f"",""inputSnapshotSHA256"":""0d432d2ff749f8ac7aafc1ec59cb34ef8b1ec97e7ac58cd388fd1b139768a258"",""collectionRecordId"":""collection-ce784343746dd63e""}",2026-09-29-atlas11-128de9174cfdfa1f,atlas11-A-1,live,,2026-09-29T11:35:06Z,2026-09-29,132700,138040,메리츠금융지주,fin,2026-10-01,2,true,"{""p05"":126099.47201899214,""p10"":127720.724562841,""p25"":129919.09248700069,""p50"":132249.54313009992,""p75"":135009.03393618925,""p90"":138173.73598399604,""p95"":140261.5594304773}",127200,5049.543130099919,3.969766611713773,2,false,-0.003394550639789662,-0.04144687264506408,down,down,true,127720.724562841,138173.73598399604,false,7.877175147818417,15660.257049565058,0.11801248718587082,"{""up"":0.43895,""flat"":0.02765,""down"":0.5334}",0.411157185,2,방향 맞고 크기 틀림,false,"{""sourceUrl"":""https://api.stock.naver.com/chart/domestic/item/138040/minute?startDateTime=202610011525&endDateTime=202610011545"",""rawHash"":""9767cebaf7445e7ab2026cdd5af5d11a5057baaa6d06059b2bde64d19b572627"",""observedAt"":""2026-10-01T09:53:49Z"",""finalClose"":true}",1,2026-10-01T09:53:49Z,v1
score-7357a263c339026d,score,2026-10-01,2026-10-01T09:53:49Z,,,"{""forecastId"":""2026-09-29-atlas11-128de9174cfdfa1f"",""inputSnapshotSHA256"":""0d432d2ff749f8ac7aafc1ec59cb34ef8b1ec97e7ac58cd388fd1b139768a258"",""collectionRecordId"":""collection-ce784343746dd63e""}",2026-09-29-atlas11-128de9174cfdfa1f,atlas11-A-1,live,,2026-09-29T11:35:06Z,2026-09-29,30100,015760,한국전력,util,2026-10-01,2,true,"{""p05"":28403.21095039904,""p10"":28888.820536294083,""p25"":29505.224105565117,""p50"":30084.017787320572,""p75"":30699.812853742515,""p90"":31329.12464065877,""p95"":31795.708806439365}",30150,-65.9822126794279,0.21884647654868292,2,true,-0.0005309705209112225,0.0016611295681063787,down,up,false,28888.820536294083,31329.12464065877,true,8.107322605862752,2440.304104364688,0.08107322605862752,"{""up"":0.4783,""flat"":0.0279,""down"":0.4938}",0.51678774,3,크기 허용·방향 틀림,true,"{""sourceUrl"":""https://api.stock.naver.com/chart/domestic/item/015760/minute?startDateTime=202610011525&endDateTime=202610011545"",""rawHash"":""5638b3385830dd9827f153cbd1522aa97b7224337593595909b660e01e3854a8"",""observedAt"":""2026-10-01T09:53:49Z"",""finalClose"":true}",1,2026-10-01T09:53:49Z,v1
score-bc34902a199b4e64,score,2026-10-01,2026-10-01T09:53:49Z,,,"{""forecastId"":""2026-09-29-atlas11-128de9174cfdfa1f"",""inputSnapshotSHA256"":""0d432d2ff749f8ac7aafc1ec59cb34ef8b1ec97e7ac58cd388fd1b139768a258"",""collectionRecordId"":""collection-ce784343746dd63e""}",2026-09-29-atlas11-128de9174cfdfa1f,atlas11-A-1,live,,2026-09-29T11:35:06Z,2026-09-29,21000,011200,HMM,auto,2026-10-01,2,true,"{""p05"":20044.554348498074,""p10"":20277.41599342501,""p25"":20627.53770560255,""p50"":20978.457041652782,""p75"":21351.807401211263,""p90"":21776.100136993555,""p95"":22079.89205620046}",21150,-171.5429583472178,0.8110778172445287,2,true,-0.0010258551593913534,0.0071428571428571175,down,up,false,20277.41599342501,21776.100136993555,true,7.136591159850217,1498.6841435685456,0.07136591159850217,"{""up"":0.46785,""flat"":0.03175,""down"":0.5004}",0.534591845,3,크기 허용·방향 틀림,true,"{""sourceUrl"":""https://api.stock.naver.com/chart/domestic/item/011200/minute?startDateTime=202610011525&endDateTime=202610011545"",""rawHash"":""25a33e9191f450cacb0064f05a8612d6224967d082dff83a2cdc463ff9f98fe8"",""observedAt"":""2026-10-01T09:53:49Z"",""finalClose"":true}",1,2026-10-01T09:53:49Z,v1
score-f5172c5b88701a7a,score,2026-10-01,2026-10-01T09:53:49Z,,,"{""forecastId"":""2026-09-29-atlas11-128de9174cfdfa1f"",""inputSnapshotSHA256"":""0d432d2ff749f8ac7aafc1ec59cb34ef8b1ec97e7ac58cd388fd1b139768a258"",""collectionRecordId"":""collection-ce784343746dd63e""}",2026-09-29-atlas11-128de9174cfdfa1f,atlas11-A-1,live,,2026-09-29T11:35:06Z,2026-09-29,250000,051910,LG화학,chem,2026-10-01,2,true,"{""p05"":231130.51937287353,""p10"":235899.6932678839,""p25"":242868.0785505945,""p50"":249971.837800808,""p75"":257801.9809694562,""p90"":265978.3050676412,""p95"":271319.36465941364}",257000,-7028.162199192011,2.7346934627206267,2,false,-0.00011264879676808892,0.028000000000000025,down,up,false,235899.6932678839,265978.3050676412,true,12.031444719902915,30078.611799757287,0.12031444719902915,"{""up"":0.4904,""flat"":0.01825,""down"":0.49135}",0.501450045,4,방향·크기 모두 틀림,true,"{""sourceUrl"":""https://api.stock.naver.com/chart/domestic/item/051910/minute?startDateTime=202610011525&endDateTime=202610011545"",""rawHash"":""6392b0e146b759a74ff8c8cc9b421b8cedc5c83272e22a4e79f4841e83ae2262"",""observedAt"":""2026-10-01T09:53:49Z"",""finalClose"":true}",1,2026-10-01T09:53:49Z,v1
score-096534dd2d1733eb,score,2026-10-01,2026-10-01T09:53:49Z,,,"{""forecastId"":""2026-09-29-atlas11-128de9174cfdfa1f"",""inputSnapshotSHA256"":""0d432d2ff749f8ac7aafc1ec59cb34ef8b1ec97e7ac58cd388fd1b139768a258"",""collectionRecordId"":""collection-ce784343746dd63e""}",2026-09-29-atlas11-128de9174cfdfa1f,atlas11-A-1,live,,2026-09-29T11:35:06Z,2026-09-29,86200,017670,SK텔레콤,net,2026-10-01,2,true,"{""p05"":82867.99195854709,""p10"":83772.0356437586,""p25"":84911.05107195232,""p50"":86095.98900326289,""p75"":87401.82924787397,""p90"":88881.86273489663,""p95"":90103.42634033303}",86300,-204.01099673710996,0.23639744697231743,2,true,-0.0012066240920778348,0.0011600928074246841,down,up,false,83772.0356437586,88881.86273489663,true,5.927873655612557,5109.827091138024,0.05927873655612557,"{""up"":0.46015,""flat"":0.03625,""down"":0.5036}",0.5463650449999999,3,크기 허용·방향 틀림,true,"{""sourceUrl"":""https://api.stock.naver.com/chart/domestic/item/017670/minute?startDateTime=202610011525&endDateTime=202610011545"",""rawHash"":""73798c3aa69eea0b004bbd778e3b5b6de9201c4f9a5445ed9e27c8d6641c37e6"",""observedAt"":""2026-10-01T09:53:49Z"",""finalClose"":true}",1,2026-10-01T09:53:49Z,v1
score-8120d279686cab06,score,2026-10-01,2026-10-01T09:53:49Z,,,"{""forecastId"":""2026-09-29-atlas11-128de9174cfdfa1f"",""inputSnapshotSHA256"":""0d432d2ff749f8ac7aafc1ec59cb34ef8b1ec97e7ac58cd388fd1b139768a258"",""collectionRecordId"":""collection-ce784343746dd63e""}",2026-09-29-atlas11-128de9174cfdfa1f,atlas11-A-1,live,,2026-09-29T11:35:06Z,2026-09-29,177200,033780,KT&G,cons,2026-10-01,2,true,"{""p05"":170892.5570878012,""p10"":172496.85959015737,""p25"":174638.2913195622,""p50"":176862.1011548173,""p75"":179288.89078613676,""p90"":181941.0307441768,""p95"":184003.65445653145}",174700,2162.1011548172974,1.2376079878748125,2,true,-0.0019068783588188642,-0.014108352144469483,down,down,true,172496.85959015737,181941.0307441768,true,5.329667694141887,9444.171154019423,0.05329667694141887,"{""up"":0.44235,""flat"":0.0396,""down"":0.51805}",0.42951748500000003,1,방향·크기 모두 맞음,false,"{""sourceUrl"":""https://api.stock.naver.com/chart/domestic/item/033780/minute?startDateTime=202610011525&endDateTime=202610011545"",""rawHash"":""8358d192b9f9dd179c7b16f4e84aca4159a7ebadd287aafcbb55f701910edd38"",""observedAt"":""2026-10-01T09:53:49Z"",""finalClose"":true}",1,2026-10-01T09:53:49Z,v1
score-9f1516418ad1e810,score,2026-10-01,2026-10-01T09:53:49Z,,,"{""forecastId"":""2026-09-29-atlas11-128de9174cfdfa1f"",""inputSnapshotSHA256"":""0d432d2ff749f8ac7aafc1ec59cb34ef8b1ec97e7ac58cd388fd1b139768a258"",""collectionRecordId"":""collection-ce784343746dd63e""}",2026-09-29-atlas11-128de9174cfdfa1f,atlas11-A-1,live,,2026-09-29T11:35:06Z,2026-09-29,253500,196170,알테오젠,bio,2026-10-01,2,true,"{""p05"":239204.78533200957,""p10"":243448.2521794894,""p25"":249085.2508950845,""p50"":255383.74216724528,""p75"":262077.36592371156,""p90"":269152.6588657903,""p95"":274408.58622778015}",265000,-9616.257832754723,3.6287765406621597,2,false,0.007430935570987174,0.04536489151873768,up,up,true,243448.2521794894,269152.6588657903,true,10.139805398935257,25704.406686300877,0.10139805398935257,"{""up"":0.57045,""flat"":0.02045,""down"":0.4091}",0.352294215,2,방향 맞고 크기 틀림,false,"{""sourceUrl"":""https://api.stock.naver.com/chart/domestic/item/196170/minute?startDateTime=202610011525&endDateTime=202610011545"",""rawHash"":""9797ee27c42c596d2b8c587486d4b1f7517165de874c02bde6aa9b09eeecac9a"",""observedAt"":""2026-10-01T09:53:49Z"",""finalClose"":true}",1,2026-10-01T09:53:49Z,v1
score-7d31b1de5a3213bc,score,2026-10-01,2026-10-01T09:53:49Z,,,"{""forecastId"":""2026-09-29-atlas11-128de9174cfdfa1f"",""inputSnapshotSHA256"":""0d432d2ff749f8ac7aafc1ec59cb34ef8b1ec97e7ac58cd388fd1b139768a258"",""collectionRecordId"":""collection-ce784343746dd63e""}",2026-09-29-atlas11-128de9174cfdfa1f,atlas11-A-1,live,,2026-09-29T11:35:06Z,2026-09-29,216500,018260,삼성에스디에스,semi,2026-10-01,2,true,"{""p05"":204070.173375889,""p10"":207382.56438805582,""p25"":211783.65197217398,""p50"":216151.97279573238,""p75"":220601.18145739552,""p90"":225487.13012270306,""p95"":229534.69173467913}",223000,-6848.027204267622,3.0708642171603686,2,false,-0.0016075159550467122,0.03002309468822162,down,up,false,207382.56438805582,225487.13012270306,true,8.362386020622283,18104.565734647244,0.08362386020622284,"{""up"":0.464,""flat"":0.02685,""down"":0.50915}",0.5472506450000001,4,방향·크기 모두 틀림,true,"{""sourceUrl"":""https://api.stock.naver.com/chart/domestic/item/018260/minute?startDateTime=202610011525&endDateTime=202610011545"",""rawHash"":""56a59fc006410c14fcba3ee90318bc15e8cfc269d3e1cfdcd82b858b33b444e0"",""observedAt"":""2026-10-01T09:53:49Z"",""finalClose"":true}",1,2026-10-01T09:53:49Z,v1
score-dd760ea9adfd4a5b,score,2026-10-01,2026-10-01T09:53:49Z,,,"{""forecastId"":""2026-09-29-atlas11-128de9174cfdfa1f"",""inputSnapshotSHA256"":""0d432d2ff749f8ac7aafc1ec59cb34ef8b1ec97e7ac58cd388fd1b139768a258"",""collectionRecordId"":""collection-ce784343746dd63e""}",2026-09-29-atlas11-128de9174cfdfa1f,atlas11-A-1,live,,2026-09-29T11:35:06Z,2026-09-29,197500,086280,현대글로비스,auto,2026-10-01,2,true,"{""p05"":186874.7514177615,""p10"":189517.40188348648,""p25"":193221.0742218865,""p50"":197108.9132947249,""p75"":201408.7114508649,""p90"":205980.70528219445,""p95"":209446.66778454863}",198400,-1291.0867052751128,0.6507493474168915,2,true,-0.0019801858494942204,0.004556962025316524,down,up,false,189517.40188348648,205980.70528219445,true,8.335849822130617,16463.30339870797,0.08335849822130617,"{""up"":0.45955,""flat"":0.028,""down"":0.51245}",0.555475205,3,크기 허용·방향 틀림,false,"{""sourceUrl"":""https://api.stock.naver.com/chart/domestic/item/086280/minute?startDateTime=202610011525&endDateTime=202610011545"",""rawHash"":""7e021ee64c2d78697892d291ee3095c1eb6f8289d26efd1ee2075ba2e64a15ee"",""observedAt"":""2026-10-01T09:53:49Z"",""finalClose"":true}",1,2026-10-01T09:53:49Z,v1
score-6354df1869ab72f6,score,2026-10-01,2026-10-01T09:53:49Z,,,"{""forecastId"":""2026-09-29-atlas11-128de9174cfdfa1f"",""inputSnapshotSHA256"":""0d432d2ff749f8ac7aafc1ec59cb34ef8b1ec97e7ac58cd388fd1b139768a258"",""collectionRecordId"":""collection-ce784343746dd63e""}",2026-09-29-atlas11-128de9174cfdfa1f,atlas11-A-1,live,,2026-09-29T11:35:06Z,2026-09-29,117000,000720,현대건설,heavy,2026-10-01,2,true,"{""p05"":106763.8349245072,""p10"":108976.49503893647,""p25"":112535.22203232435,""p50"":116352.1430462201,""p75"":120843.71935534594,""p90"":126221.20481628228,""p95"":130436.53045512091}",117200,-847.8569537799049,0.7234274349657892,2,true,-0.005537238921195731,0.0017094017094017033,down,up,false,108976.49503893647,126221.20481628228,true,14.739068185765646,17244.709777345808,0.14739068185765647,"{""up"":0.45075,""flat"":0.0158,""down"":0.53345}",0.586494105,3,크기 허용·방향 틀림,false,"{""sourceUrl"":""https://api.stock.naver.com/chart/domestic/item/000720/minute?startDateTime=202610011525&endDateTime=202610011545"",""rawHash"":""6e8fb59ee494d85dc6ca7bcb80dd0b3075b3709739a171b46d0d27bb48979cc5"",""observedAt"":""2026-10-01T09:53:49Z"",""finalClose"":true}",1,2026-10-01T09:53:49Z,v1
score-db7db06f30ee3394,score,2026-10-01,2026-10-01T09:53:49Z,,,"{""forecastId"":""2026-09-29-atlas11-128de9174cfdfa1f"",""inputSnapshotSHA256"":""0d432d2ff749f8ac7aafc1ec59cb34ef8b1ec97e7ac58cd388fd1b139768a258"",""collectionRecordId"":""collection-ce784343746dd63e""}",2026-09-29-atlas11-128de9174cfdfa1f,atlas11-A-1,live,,2026-09-29T11:35:06Z,2026-09-29,362500,278470,에이피알,cons,2026-10-01,2,true,"{""p05"":332368.6152284778,""p10"":339383.5543686596,""p25"":349936.6339933814,""p50"":361991.6440436269,""p75"":375068.56719150266,""p90"":387690.71666728874,""p95"":395725.3098288274}",366000,-4008.355956373096,1.0951792230527584,2,true,-0.0014023612589603163,0.009655172413793212,down,up,false,339383.5543686596,387690.71666728874,true,13.32611373755286,48307.16229862912,0.1332611373755286,"{""up"":0.4805,""flat"":0.0155,""down"":0.504}",0.5241365000000001,3,크기 허용·방향 틀림,true,"{""sourceUrl"":""https://api.stock.naver.com/chart/domestic/item/278470/minute?startDateTime=202610011525&endDateTime=202610011545"",""rawHash"":""581e531c2237ba38c7f4a7cfc4aeadbd997bf7b3c1b6d6bc97c6cd5d7d424a2e"",""observedAt"":""2026-10-01T09:53:49Z"",""finalClose"":true}",1,2026-10-01T09:53:49Z,v1
score-63334bd5f5497a9d,score,2026-10-01,2026-10-01T09:53:49Z,,,"{""forecastId"":""2026-09-29-atlas11-128de9174cfdfa1f"",""inputSnapshotSHA256"":""0d432d2ff749f8ac7aafc1ec59cb34ef8b1ec97e7ac58cd388fd1b139768a258"",""collectionRecordId"":""collection-ce784343746dd63e""}",2026-09-29-atlas11-128de9174cfdfa1f,atlas11-A-1,live,,2026-09-29T11:35:06Z,2026-09-29,52900,030200,KT,net,2026-10-01,2,true,"{""p05"":51296.4141285926,""p10"":51694.78830559302,""p25"":52282.83550487515,""p50"":52891.715547269916,""p75"":53533.507600528865,""p90"":54177.725942331635,""p95"":54685.81542937706}",51800,1091.715547269916,2.1075589715635443,2,false,-0.00015660591172184102,-0.020793950850661602,down,down,true,51694.78830559302,54177.725942331635,true,4.693643925781879,2482.937636738614,0.04693643925781879,"{""up"":0.4731,""flat"":0.04555,""down"":0.48135}",0.494896235,2,방향 맞고 크기 틀림,true,"{""sourceUrl"":""https://api.stock.naver.com/chart/domestic/item/030200/minute?startDateTime=202610011525&endDateTime=202610011545"",""rawHash"":""80f6c35634a12743e11dfb2a6658ad3b03a1a42dc287c4f130f2fb55f82f38a6"",""observedAt"":""2026-10-01T09:53:49Z"",""finalClose"":true}",1,2026-10-01T09:53:49Z,v1
score-786d85a664bf6442,score,2026-10-01,2026-10-01T09:53:49Z,,,"{""forecastId"":""2026-09-29-atlas11-128de9174cfdfa1f"",""inputSnapshotSHA256"":""0d432d2ff749f8ac7aafc1ec59cb34ef8b1ec97e7ac58cd388fd1b139768a258"",""collectionRecordId"":""collection-ce784343746dd63e""}",2026-09-29-atlas11-128de9174cfdfa1f,atlas11-A-1,live,,2026-09-29T11:35:06Z,2026-09-29,31400,003490,대한항공,auto,2026-10-01,2,true,"{""p05"":29629.988395824374,""p10"":30040.696976109113,""p25"":30638.886803337016,""p50"":31256.86566282906,""p75"":31923.323456180704,""p90"":32665.917102725227,""p95"":33237.338957064276}",31200,56.86566282905915,0.18226173983672803,2,true,-0.004558418381240159,-0.006369426751592355,down,down,true,30040.696976109113,32665.917102725227,true,8.360573651643675,2625.2201266161137,0.08360573651643674,"{""up"":0.4212,""flat"":0.02725,""down"":0.55155}",0.379259405,1,방향·크기 모두 맞음,false,"{""sourceUrl"":""https://api.stock.naver.com/chart/domestic/item/003490/minute?startDateTime=202610011525&endDateTime=202610011545"",""rawHash"":""e292de41a1cf8c5204a7c4a6183051218b67b77f0cc11786982488b77686518b"",""observedAt"":""2026-10-01T09:53:49Z"",""finalClose"":true}",1,2026-10-01T09:53:49Z,v1
score-a61e02096a50b84c,score,2026-10-01,2026-10-01T09:53:49Z,,,"{""forecastId"":""2026-09-29-atlas11-128de9174cfdfa1f"",""inputSnapshotSHA256"":""0d432d2ff749f8ac7aafc1ec59cb34ef8b1ec97e7ac58cd388fd1b139768a258"",""collectionRecordId"":""collection-ce784343746dd63e""}",2026-09-29-atlas11-128de9174cfdfa1f,atlas11-A-1,live,,2026-09-29T11:35:06Z,2026-09-29,54400,047050,포스코인터내셔널,util,2026-10-01,2,true,"{""p05"":50895.50518948362,""p10"":51783.00482171294,""p25"":52997.76682514646,""p50"":54354.35264252974,""p75"":55831.2050404813,""p90"":57595.38249405699,""p95"":58739.78670545067}",55300,-945.6473574702613,1.7100313878304907,2,true,-0.00083910583585034,0.016544117647058876,down,up,false,51783.00482171294,57595.38249405699,true,10.684517780044215,5812.377672344053,0.10684517780044216,"{""up"":0.47915,""flat"":0.0223,""down"":0.49855}",0.520334115,3,크기 허용·방향 틀림,true,"{""sourceUrl"":""https://api.stock.naver.com/chart/domestic/item/047050/minute?startDateTime=202610011525&endDateTime=202610011545"",""rawHash"":""59d3b299ac56eefa9dfc9347ac2b9b65a9c34097631736b1c5919055dcc0db53"",""observedAt"":""2026-10-01T09:53:49Z"",""finalClose"":true}",1,2026-10-01T09:53:49Z,v1
score-8e04f8b85fe23fe9,score,2026-10-01,2026-10-01T09:53:49Z,,,"{""forecastId"":""2026-09-29-atlas11-128de9174cfdfa1f"",""inputSnapshotSHA256"":""0d432d2ff749f8ac7aafc1ec59cb34ef8b1ec97e7ac58cd388fd1b139768a258"",""collectionRecordId"":""collection-ce784343746dd63e""}",2026-09-29-atlas11-128de9174cfdfa1f,atlas11-A-1,live,,2026-09-29T11:35:06Z,2026-09-29,1225000,003230,삼양식품,cons,2026-10-01,2,true,"{""p05"":1148977.4018264748,""p10"":1163639.1384178707,""p25"":1188740.1697924163,""p50"":1218990.5196548337,""p75"":1255355.3816254716,""p90"":1295902.6543269036,""p95"":1325302.2073874369}",1224000,-5009.480345166288,0.4092712700299255,2,true,-0.0049056982409521055,-0.0008163265306122547,down,flat,false,1163639.1384178707,1295902.6543269036,true,10.797021706859828,132263.5159090329,0.10797021706859829,"{""up"":0.44205,""flat"":0.0187,""down"":0.53925}",1.4491484549999998,3,크기 허용·방향 틀림,false,"{""sourceUrl"":""https://api.stock.naver.com/chart/domestic/item/003230/minute?startDateTime=202610011525&endDateTime=202610011545"",""rawHash"":""7779e2144463a3253b3fbc79af9f207b9b2ec0159e5bf99ea44bf107b7fa6fc9"",""observedAt"":""2026-10-01T09:53:49Z"",""finalClose"":true}",1,2026-10-01T09:53:49Z,v1
score-6c7b4c766a6a5b81,score,2026-10-01,2026-10-01T09:53:49Z,,,"{""forecastId"":""2026-09-29-atlas11-128de9174cfdfa1f"",""inputSnapshotSHA256"":""0d432d2ff749f8ac7aafc1ec59cb34ef8b1ec97e7ac58cd388fd1b139768a258"",""collectionRecordId"":""collection-ce784343746dd63e""}",2026-09-29-atlas11-128de9174cfdfa1f,atlas11-A-1,live,,2026-09-29T11:35:06Z,2026-09-29,198700,259960,크래프톤,net,2026-10-01,2,true,"{""p05"":188904.97689137564,""p10"":191630.62105260853,""p25"":195303.08015556104,""p50"":198838.52094642734,""p75"":202417.70378548795,""p90"":206055.20585093249,""p95"":208543.43692878578}",199700,-861.4790535726643,0.43138660669637674,2,true,0.0006971361168965906,0.0050327126321088045,up,up,true,191630.62105260853,206055.20585093249,true,7.2594790127448166,14424.584798323951,0.07259479012744817,"{""up"":0.49555,""flat"":0.03095,""down"":0.4735}",0.47962995500000005,1,방향·크기 모두 맞음,true,"{""sourceUrl"":""https://api.stock.naver.com/chart/domestic/item/259960/minute?startDateTime=202610011525&endDateTime=202610011545"",""rawHash"":""9794df2942f325a8d272f5f52873ac3e2b73d1870ef5c4be7af0e1f93616fdea"",""observedAt"":""2026-10-01T09:53:49Z"",""finalClose"":true}",1,2026-10-01T09:53:49Z,v1
score-2c519fb617c10996,score,2026-10-01,2026-10-01T09:53:49Z,,,"{""forecastId"":""2026-09-29-atlas11-128de9174cfdfa1f"",""inputSnapshotSHA256"":""0d432d2ff749f8ac7aafc1ec59cb34ef8b1ec97e7ac58cd388fd1b139768a258"",""collectionRecordId"":""collection-ce784343746dd63e""}",2026-09-29-atlas11-128de9174cfdfa1f,atlas11-A-1,live,,2026-09-29T11:35:06Z,2026-09-29,101500,021240,코웨이,cons,2026-10-01,2,true,"{""p05"":96364.42666721361,""p10"":97550.0177272653,""p25"":99431.41903090168,""p50"":101413.12977895225,""p75"":103638.96925503321,""p90"":106271.1328916771,""p95"":107846.05504092651}",99300,2113.1297789522505,2.1280259606769896,2,false,-0.0008558642467758615,-0.021674876847290636,down,down,true,97550.0177272653,106271.1328916771,true,8.592231689075671,8721.115164411807,0.08592231689075672,"{""up"":0.47695,""flat"":0.0249,""down"":0.49815}",0.479954735,2,방향 맞고 크기 틀림,true,"{""sourceUrl"":""https://api.stock.naver.com/chart/domestic/item/021240/minute?startDateTime=202610011525&endDateTime=202610011545"",""rawHash"":""ff60574512db30869d98dd60485b3b341e062aeef40997b020bf3c88f8a269e2"",""observedAt"":""2026-10-01T09:53:49Z"",""finalClose"":true}",1,2026-10-01T09:53:49Z,v1
score-dbb8dc6996f3fab9,score,2026-10-01,2026-10-01T09:53:49Z,,,"{""forecastId"":""2026-09-29-atlas11-128de9174cfdfa1f"",""inputSnapshotSHA256"":""0d432d2ff749f8ac7aafc1ec59cb34ef8b1ec97e7ac58cd388fd1b139768a258"",""collectionRecordId"":""collection-ce784343746dd63e""}",2026-09-29-atlas11-128de9174cfdfa1f,atlas11-A-1,live,,2026-09-29T11:35:06Z,2026-09-29,158700,352820,하이브,net,2026-10-01,2,true,"{""p05"":149574.2027169813,""p10"":152011.83654604867,""p25"":155197.0791312385,""p50"":158596.55857722554,""p75"":162278.67616578378,""p90"":166144.3966078374,""p95"":168732.2958916057}",156200,2396.5585772255436,1.5342884617321022,2,true,-0.0006518048063922643,-0.015752993068683052,down,down,true,152011.83654604867,166144.3966078374,true,8.905204827844196,14132.56006178874,0.08905204827844196,"{""up"":0.4805,""flat"":0.02305,""down"":0.49645}",0.48497415499999996,1,방향·크기 모두 맞음,true,"{""sourceUrl"":""https://api.stock.naver.com/chart/domestic/item/352820/minute?startDateTime=202610011525&endDateTime=202610011545"",""rawHash"":""fa6fd3049f529b54960942d74e9f903d1dec76906e0423c2883c2221b35b1d8f"",""observedAt"":""2026-10-01T09:53:49Z"",""finalClose"":true}",1,2026-10-01T09:53:49Z,v1
score-b9b4db67c3b7815b,score,2026-10-01,2026-10-01T09:53:49Z,,,"{""forecastId"":""2026-09-29-atlas11-128de9174cfdfa1f"",""inputSnapshotSHA256"":""0d432d2ff749f8ac7aafc1ec59cb34ef8b1ec97e7ac58cd388fd1b139768a258"",""collectionRecordId"":""collection-ce784343746dd63e""}",2026-09-29-atlas11-128de9174cfdfa1f,atlas11-A-1,live,,2026-09-29T11:35:06Z,2026-09-29,32500,009830,한화솔루션,chem,2026-10-01,2,true,"{""p05"":29002.63181788699,""p10"":29947.444064525793,""p25"":31160.097814590896,""p50"":32356.42851155617,""p75"":33731.204605666826,""p90"":35377.97298957959,""p95"":36703.54259860244}",34250,-1893.5714884438312,5.52867587866812,2,false,-0.004417584259810203,0.05384615384615388,down,up,false,29947.444064525793,35377.97298957959,true,16.7093197693963,5430.528925053797,0.167093197693963,"{""up"":0.4637,""flat"":0.0135,""down"":0.5228}",0.5611197800000001,4,방향·크기 모두 틀림,false,"{""sourceUrl"":""https://api.stock.naver.com/chart/domestic/item/009830/minute?startDateTime=202610011525&endDateTime=202610011545"",""rawHash"":""543a50ff99b7c9d1cc2199a91d6a2eb10d868e5f4c8de1f45e9928bb4aedc00e"",""observedAt"":""2026-10-01T09:53:49Z"",""finalClose"":true}",1,2026-10-01T09:53:49Z,v1
score-45cf870c98101cc6,score,2026-10-01,2026-10-01T09:53:49Z,,,"{""forecastId"":""2026-09-29-atlas11-128de9174cfdfa1f"",""inputSnapshotSHA256"":""0d432d2ff749f8ac7aafc1ec59cb34ef8b1ec97e7ac58cd388fd1b139768a258"",""collectionRecordId"":""collection-ce784343746dd63e""}",2026-09-29-atlas11-128de9174cfdfa1f,atlas11-A-1,live,,2026-09-29T11:35:06Z,2026-09-29,42500,029780,삼성카드,fin,2026-10-01,2,true,"{""p05"":40872.048285269135,""p10"":41338.832902319664,""p25"":41954.43786013903,""p50"":42503.6094930074,""p75"":43054.093324514106,""p90"":43610.59018789487,""p95"":44067.73139793288}",41850,653.6094930074032,1.5617909032434965,2,true,0.00008492924723291218,-0.015294117647058791,up,down,false,41338.832902319664,43610.59018789487,true,5.34531126017696,2271.757285575208,0.053453112601769597,"{""up"":0.4821,""flat"":0.04235,""down"":0.47555}",0.509261735,3,크기 허용·방향 틀림,true,"{""sourceUrl"":""https://api.stock.naver.com/chart/domestic/item/029780/minute?startDateTime=202610011525&endDateTime=202610011545"",""rawHash"":""9064b218c80aecb8ab8ee27142599c409a55273e0e211a0453cc2f168fd9dce2"",""observedAt"":""2026-10-01T09:53:49Z"",""finalClose"":true}",1,2026-10-01T09:53:49Z,v1
score-427be97224605f59,score,2026-10-01,2026-10-01T09:53:49Z,,,"{""forecastId"":""2026-09-29-atlas11-128de9174cfdfa1f"",""inputSnapshotSHA256"":""0d432d2ff749f8ac7aafc1ec59cb34ef8b1ec97e7ac58cd388fd1b139768a258"",""collectionRecordId"":""collection-ce784343746dd63e""}",2026-09-29-atlas11-128de9174cfdfa1f,atlas11-A-1,live,,2026-09-29T11:35:06Z,2026-09-29,40150,028300,HLB,bio,2026-10-01,2,true,"{""p05"":36640.16467125316,""p10"":37527.78421100373,""p25"":38670.62688266355,""p50"":39825.13390666859,""p75"":41087.98155196851,""p90"":42561.40350533298,""p95"":43604.592040634}",40550,-724.8660933314095,1.7875859268345486,2,true,-0.008091309921081202,0.00996264009962644,down,up,false,37527.78421100373,42561.40350533298,true,12.537034356984428,5033.619294329248,0.12537034356984428,"{""up"":0.41725,""flat"":0.0166,""down"":0.56615}",0.6603989450000001,3,크기 허용·방향 틀림,false,"{""sourceUrl"":""https://api.stock.naver.com/chart/domestic/item/028300/minute?startDateTime=202610011525&endDateTime=202610011545"",""rawHash"":""1c5d03d4d8a8a11461f1f37faee77191757564b1a49cdf2b63d8b299ec6064c7"",""observedAt"":""2026-10-01T09:53:49Z"",""finalClose"":true}",1,2026-10-01T09:53:49Z,v1
score-1dab5939f04a1902,score,2026-10-01,2026-10-01T09:53:49Z,,,"{""forecastId"":""2026-09-29-atlas11-128de9174cfdfa1f"",""inputSnapshotSHA256"":""0d432d2ff749f8ac7aafc1ec59cb34ef8b1ec97e7ac58cd388fd1b139768a258"",""collectionRecordId"":""collection-ce784343746dd63e""}",2026-09-29-atlas11-128de9174cfdfa1f,atlas11-A-1,live,,2026-09-29T11:35:06Z,2026-09-29,8340,034220,LG디스플레이,semi,2026-10-01,2,true,"{""p05"":7896.237980817011,""p10"":8003.99464966531,""p25"":8163.109409077393,""p50"":8327.251824006147,""p75"":8497.062798799918,""p90"":8681.346032983249,""p95"":8828.823927068941}",8580,-252.74817599385278,2.945782936991291,2,false,-0.0015285582726441982,0.02877697841726623,down,up,false,8003.99464966531,8681.346032983249,true,8.121719224435713,677.3513833179386,0.08121719224435714,"{""up"":0.4658,""flat"":0.0285,""down"":0.5057}",0.5419143800000001,4,방향·크기 모두 틀림,true,"{""sourceUrl"":""https://api.stock.naver.com/chart/domestic/item/034220/minute?startDateTime=202610011525&endDateTime=202610011545"",""rawHash"":""bff0ed9be2e7be9f042450133e9ff813d09ee31c4661f45f7efed75c98ecff75"",""observedAt"":""2026-10-01T09:53:49Z"",""finalClose"":true}",1,2026-10-01T09:53:49Z,v1
score-d2b183706ba4d2a5,score,2026-10-01,2026-10-01T09:53:49Z,,,"{""forecastId"":""2026-09-29-atlas11-128de9174cfdfa1f"",""inputSnapshotSHA256"":""0d432d2ff749f8ac7aafc1ec59cb34ef8b1ec97e7ac58cd388fd1b139768a258"",""collectionRecordId"":""collection-ce784343746dd63e""}",2026-09-29-atlas11-128de9174cfdfa1f,atlas11-A-1,live,,2026-09-29T11:35:06Z,2026-09-29,471500,002380,KCC,chem,2026-10-01,2,true,"{""p05"":443617.172425952,""p10"":451234.8943619573,""p25"":461518.78940952726,""p50"":471077.5994732033,""p75"":481619.7613230383,""p90"":493149.98438325955,""p95"":501203.1309227831}",472500,-1422.4005267967004,0.3010371485284022,2,true,-0.0008958653802687566,0.0021208907741250282,down,up,false,451234.8943619573,493149.98438325955,true,8.88973277228043,41915.090021302225,0.0888973277228043,"{""up"":0.4752,""flat"":0.0262,""down"":0.4986}",0.5247034399999999,3,크기 허용·방향 틀림,true,"{""sourceUrl"":""https://api.stock.naver.com/chart/domestic/item/002380/minute?startDateTime=202610011525&endDateTime=202610011545"",""rawHash"":""141b88170b3def44293d2fc60feeca90c272dcb31f0459d771c0ebcdd0eab545"",""observedAt"":""2026-10-01T09:53:49Z"",""finalClose"":true}",1,2026-10-01T09:53:49Z,v1
score-d9b3e986e04718fc,score,2026-10-01,2026-10-01T09:53:49Z,,,"{""forecastId"":""2026-09-29-atlas11-128de9174cfdfa1f"",""inputSnapshotSHA256"":""0d432d2ff749f8ac7aafc1ec59cb34ef8b1ec97e7ac58cd388fd1b139768a258"",""collectionRecordId"":""collection-ce784343746dd63e""}",2026-09-29-atlas11-128de9174cfdfa1f,atlas11-A-1,live,,2026-09-29T11:35:06Z,2026-09-29,35500,036460,한국가스공사,util,2026-10-01,2,true,"{""p05"":34127.48644923021,""p10"":34537.3486499096,""p25"":35031.38923257298,""p50"":35496.87837322641,""p75"":35968.392969257045,""p90"":36459.57923420908,""p95"":36846.802164712586}",35250,246.8783732264128,0.70036417936571,2,true,-0.00008793314855171097,-0.007042253521126751,down,down,true,34537.3486499096,36459.57923420908,true,5.414734040280213,1922.2305842994756,0.05414734040280213,"{""up"":0.47545,""flat"":0.04255,""down"":0.482}",0.496187205,1,방향·크기 모두 맞음,true,"{""sourceUrl"":""https://api.stock.naver.com/chart/domestic/item/036460/minute?startDateTime=202610011525&endDateTime=202610011545"",""rawHash"":""1a9626f58905b65d139fbf2683b2648a70f92d423a279431b32c631461d8b645"",""observedAt"":""2026-10-01T09:53:49Z"",""finalClose"":true}",1,2026-10-01T09:53:49Z,v1
score-43421018583a1bdf,score,2026-10-01,2026-10-01T09:53:49Z,,,"{""forecastId"":""2026-09-29-atlas11-128de9174cfdfa1f"",""inputSnapshotSHA256"":""0d432d2ff749f8ac7aafc1ec59cb34ef8b1ec97e7ac58cd388fd1b139768a258"",""collectionRecordId"":""collection-ce784343746dd63e""}",2026-09-29-atlas11-128de9174cfdfa1f,atlas11-A-1,live,,2026-09-29T11:35:06Z,2026-09-29,340000,004170,신세계,cons,2026-10-01,2,true,"{""p05"":316552.4431557393,""p10"":322269.49433506426,""p25"":331077.3802335267,""p50"":339849.6616757625,""p75"":349635.5010491847,""p90"":360752.57764417824,""p95"":369783.498526144}",333500,6349.6616757625015,1.9039465294640185,2,true,-0.00044217154187498053,-0.019117647058823573,down,down,true,322269.49433506426,360752.57764417824,true,11.318553914445289,38483.08330911398,0.11318553914445288,"{""up"":0.48585,""flat"":0.02075,""down"":0.4934}",0.49312434499999996,1,방향·크기 모두 맞음,true,"{""sourceUrl"":""https://api.stock.naver.com/chart/domestic/item/004170/minute?startDateTime=202610011525&endDateTime=202610011545"",""rawHash"":""5bbba3aeb08f04d98ed55a40ac794a10816a2b51d50e3c6b3038c1b6f7056c01"",""observedAt"":""2026-10-01T09:53:49Z"",""finalClose"":true}",1,2026-10-01T09:53:49Z,v1
score-9ad88b44dac8f85b,score,2026-10-01,2026-10-01T09:53:49Z,,,"{""forecastId"":""2026-09-29-atlas11-128de9174cfdfa1f"",""inputSnapshotSHA256"":""0d432d2ff749f8ac7aafc1ec59cb34ef8b1ec97e7ac58cd388fd1b139768a258"",""collectionRecordId"":""collection-ce784343746dd63e""}",2026-09-29-atlas11-128de9174cfdfa1f,atlas11-A-1,live,,2026-09-29T11:35:06Z,2026-09-29,83500,012750,에스원,util,2026-10-01,2,true,"{""p05"":79695.42383179146,""p10"":80756.69936308556,""p25"":82164.60507919686,""p50"":83529.35291825442,""p75"":84900.01186455294,""p90"":86331.65719413492,""p95"":87333.38855333009}",83200,329.3529182544153,0.39585687290194144,2,true,0.00035153195514259217,-0.003592814371257469,up,down,false,80756.69936308556,86331.65719413492,true,6.676596204849542,5574.957831049367,0.06676596204849541,"{""up"":0.49005,""flat"":0.0338,""down"":0.47615}",0.515710265,3,크기 허용·방향 틀림,true,"{""sourceUrl"":""https://api.stock.naver.com/chart/domestic/item/012750/minute?startDateTime=202610011525&endDateTime=202610011545"",""rawHash"":""5bb813106dce43ee8fa819aa9a75ecd27924854451832e9eaaab04db0aaf4eb6"",""observedAt"":""2026-10-01T09:53:49Z"",""finalClose"":true}",1,2026-10-01T09:53:49Z,v1
score-e7cfbd2e7fe283c8,score,2026-10-01,2026-10-01T09:53:49Z,,,"{""forecastId"":""2026-09-29-atlas11-128de9174cfdfa1f"",""inputSnapshotSHA256"":""0d432d2ff749f8ac7aafc1ec59cb34ef8b1ec97e7ac58cd388fd1b139768a258"",""collectionRecordId"":""collection-ce784343746dd63e""}",2026-09-29-atlas11-128de9174cfdfa1f,atlas11-A-1,live,,2026-09-29T11:35:06Z,2026-09-29,71100,111770,영원무역,cons,2026-10-01,2,true,"{""p05"":67624.57611071509,""p10"":68544.91380239531,""p25"":69919.63410648462,""p50"":71209.82244599254,""p75"":72546.37023908713,""p90"":73941.84138901746,""p95"":75013.99404768656}",69300,1909.8224459925405,2.7558765454437815,2,false,0.0015446194935659907,-0.025316455696202556,up,down,false,68544.91380239531,73941.84138901746,true,7.590615452351819,5396.927586622143,0.07590615452351819,"{""up"":0.5081,""flat"":0.02875,""down"":0.46315}",0.547200095,4,방향·크기 모두 틀림,true,"{""sourceUrl"":""https://api.stock.naver.com/chart/domestic/item/111770/minute?startDateTime=202610011525&endDateTime=202610011545"",""rawHash"":""7bc83a4a67a5ab01be745385b80516a5dc06b5c9e3e288db54f0151f027c383c"",""observedAt"":""2026-10-01T09:53:49Z"",""finalClose"":true}",1,2026-10-01T09:53:49Z,v1
score-de3114ee5f25438c,score,2026-10-01,2026-10-01T09:53:49Z,,,"{""forecastId"":""2026-09-29-atlas11-128de9174cfdfa1f"",""inputSnapshotSHA256"":""0d432d2ff749f8ac7aafc1ec59cb34ef8b1ec97e7ac58cd388fd1b139768a258"",""collectionRecordId"":""collection-ce784343746dd63e""}",2026-09-29-atlas11-128de9174cfdfa1f,atlas11-A-1,live,,2026-09-29T11:35:06Z,2026-09-29,14430,035250,강원랜드,cons,2026-10-01,2,true,"{""p05"":14032.852531427334,""p10"":14140.814003021023,""p25"":14284.506984740263,""p50"":14432.026076153667,""p75"":14583.45950160836,""p90"":14738.089212574838,""p95"":14836.552268217301}",14270,162.0260761536665,1.1354315077341732,2,true,0.00014040721785635313,-0.011088011088011052,up,down,false,14140.814003021023,14738.089212574838,true,4.139121341329275,597.2752095538144,0.04139121341329275,"{""up"":0.4757,""flat"":0.05435,""down"":0.46995}",0.510197415,3,크기 허용·방향 틀림,true,"{""sourceUrl"":""https://api.stock.naver.com/chart/domestic/item/035250/minute?startDateTime=202610011525&endDateTime=202610011545"",""rawHash"":""d153050abda80d95650df40dc4c2067133b99e20ddd2897d32c52affd5543f8a"",""observedAt"":""2026-10-01T09:53:49Z"",""finalClose"":true}",1,2026-10-01T09:53:49Z,v1
score-8084c1bc011d22a2,score,2026-10-01,2026-10-01T09:53:49Z,,,"{""forecastId"":""2026-09-29-atlas11-128de9174cfdfa1f"",""inputSnapshotSHA256"":""0d432d2ff749f8ac7aafc1ec59cb34ef8b1ec97e7ac58cd388fd1b139768a258"",""collectionRecordId"":""collection-ce784343746dd63e""}",2026-09-29-atlas11-128de9174cfdfa1f,atlas11-A-1,live,,2026-09-29T11:35:06Z,2026-09-29,38150,257720,실리콘투,cons,2026-10-01,2,true,"{""p05"":35145.62960410906,""p10"":35873.35329879572,""p25"":36875.28048170489,""p50"":38047.605967415984,""p75"":39297.54817871154,""p90"":40674.4532182949,""p95"":41613.303596855534}",38300,-252.3940325840158,0.658992252177587,2,true,-0.002683985126710753,0.003931847968545288,down,up,false,35873.35329879572,40674.4532182949,true,12.584796643510288,4801.099919499175,0.12584796643510288,"{""up"":0.46975,""flat"":0.01555,""down"":0.5147}",0.546322955,3,크기 허용·방향 틀림,true,"{""sourceUrl"":""https://api.stock.naver.com/chart/domestic/item/257720/minute?startDateTime=202610011525&endDateTime=202610011545"",""rawHash"":""58e7ca137c6015afb10f27e66cfd038fa0b338b224a477351347b349d696bf01"",""observedAt"":""2026-10-01T09:53:49Z"",""finalClose"":true}",1,2026-10-01T09:53:49Z,v1
score-00b6214de75d8d8f,score,2026-10-01,2026-10-01T09:53:49Z,,,"{""forecastId"":""2026-09-29-atlas11-128de9174cfdfa1f"",""inputSnapshotSHA256"":""0d432d2ff749f8ac7aafc1ec59cb34ef8b1ec97e7ac58cd388fd1b139768a258"",""collectionRecordId"":""collection-ce784343746dd63e""}",2026-09-29-atlas11-128de9174cfdfa1f,atlas11-A-1,live,,2026-09-29T11:35:06Z,2026-09-29,102800,226950,올릭스,bio,2026-10-01,2,true,"{""p05"":90243.49923668809,""p10"":92918.56091948738,""p25"":97310.778057382,""p50"":102316.51460286905,""p75"":108021.10059072482,""p90"":114427.81029566846,""p95"":118979.10486647557}",116900,-14583.48539713095,12.475179980437083,2,false,-0.004703165341740756,0.13715953307392992,down,up,false,92918.56091948738,114427.81029566846,false,20.923394334806495,46231.14641949648,0.4497193231468529,"{""up"":0.46905,""flat"":0.01055,""down"":0.5204}",0.552835365,4,방향·크기 모두 틀림,false,"{""sourceUrl"":""https://api.stock.naver.com/chart/domestic/item/226950/minute?startDateTime=202610011525&endDateTime=202610011545"",""rawHash"":""8f150f792804373092625c5086ba66067ecaaf7e55b4c5086236847a95d2b77f"",""observedAt"":""2026-10-01T09:53:49Z"",""finalClose"":true}",1,2026-10-01T09:53:49Z,v1
score-2822d5dcbd8506ce,score,2026-10-01,2026-10-01T09:53:49Z,,,"{""forecastId"":""2026-09-29-atlas11-128de9174cfdfa1f"",""inputSnapshotSHA256"":""0d432d2ff749f8ac7aafc1ec59cb34ef8b1ec97e7ac58cd388fd1b139768a258"",""collectionRecordId"":""collection-ce784343746dd63e""}",2026-09-29-atlas11-128de9174cfdfa1f,atlas11-A-1,live,,2026-09-29T11:35:06Z,2026-09-29,16600,010170,대한광통신,semi,2026-10-01,2,true,"{""p05"":14777.21572175116,""p10"":15192.11295943419,""p25"":15793.576889369593,""p50"":16444.293702141178,""p75"":17327.291948942795,""p90"":18393.62893595458,""p95"":19172.648618225772}",17000,-555.7062978588219,3.268860575640129,2,false,-0.009379897461374798,0.024096385542168752,down,up,false,15192.11295943419,18393.62893595458,true,19.286240822411997,3201.5159765203916,0.19286240822411999,"{""up"":0.4389,""flat"":0.0114,""down"":0.5497}",0.6171332599999999,4,방향·크기 모두 틀림,false,"{""sourceUrl"":""https://api.stock.naver.com/chart/domestic/item/010170/minute?startDateTime=202610011525&endDateTime=202610011545"",""rawHash"":""a5eae7b9359ce778741fb1f5b994667ea6d1093b97808ced64ff38980b01fe36"",""observedAt"":""2026-10-01T09:53:49Z"",""finalClose"":true}",1,2026-10-01T09:53:49Z,v1
score-b956ad8b18f2ecea,score,2026-10-01,2026-10-01T09:53:49Z,,,"{""forecastId"":""2026-09-29-atlas11-128de9174cfdfa1f"",""inputSnapshotSHA256"":""0d432d2ff749f8ac7aafc1ec59cb34ef8b1ec97e7ac58cd388fd1b139768a258"",""collectionRecordId"":""collection-ce784343746dd63e""}",2026-09-29-atlas11-128de9174cfdfa1f,atlas11-A-1,live,,2026-09-29T11:35:06Z,2026-09-29,41700,214370,케어젠,bio,2026-10-01,2,true,"{""p05"":37602.97530843255,""p10"":38724.04181238066,""p25"":40134.58433623594,""p50"":41564.24775973257,""p75"":43171.81348460668,""p90"":45076.02189575059,""p95"":46540.05433894574}",43150,-1585.7522402674294,3.6749762230994887,2,false,-0.0032554494068928186,0.03477218225419665,down,up,false,38724.04181238066,45076.02189575059,true,15.232566147170104,6351.980083369934,0.15232566147170104,"{""up"":0.46695,""flat"":0.01485,""down"":0.5182}",0.552894065,4,방향·크기 모두 틀림,false,"{""sourceUrl"":""https://api.stock.naver.com/chart/domestic/item/214370/minute?startDateTime=202610011525&endDateTime=202610011545"",""rawHash"":""02c9456b796583aa40da36b93cf2e05933c2861ea9d5b4f35c535d4f4e00ec84"",""observedAt"":""2026-10-01T09:53:49Z"",""finalClose"":true}",1,2026-10-01T09:53:49Z,v1
score-d533256c370cb48d,score,2026-10-01,2026-10-01T09:53:49Z,,,"{""forecastId"":""2026-09-29-atlas11-128de9174cfdfa1f"",""inputSnapshotSHA256"":""0d432d2ff749f8ac7aafc1ec59cb34ef8b1ec97e7ac58cd388fd1b139768a258"",""collectionRecordId"":""collection-ce784343746dd63e""}",2026-09-29-atlas11-128de9174cfdfa1f,atlas11-A-1,live,,2026-09-29T11:35:06Z,2026-09-29,17880,030000,제일기획,net,2026-10-01,2,true,"{""p05"":17315.063412354175,""p10"":17495.39357761083,""p25"":17703.266112103636,""p50"":17896.26547386594,""p75"":18087.310443338145,""p90"":18286.04870467662,""p95"":18445.133841994997}",18740,-843.7345261340597,4.502318709359978,2,false,0.0009097021177819631,0.04809843400447433,up,up,true,17495.39357761083,18286.04870467662,false,4.422008540636415,5330.16808029958,0.2981078344686566,"{""up"":0.4974,""flat"":0.0525,""down"":0.4501}",0.45795301999999993,2,방향 맞고 크기 틀림,true,"{""sourceUrl"":""https://api.stock.naver.com/chart/domestic/item/030000/minute?startDateTime=202610011525&endDateTime=202610011545"",""rawHash"":""92c0cb81dd6bc9ff9a48ccfaa0411d3cef7c7a0295ace3950c959fe27fbc8069"",""observedAt"":""2026-10-01T09:53:49Z"",""finalClose"":true}",1,2026-10-01T09:53:49Z,v1
score-df874356faf15e72,score,2026-10-01,2026-10-01T09:53:49Z,,,"{""forecastId"":""2026-09-30-atlas11-d63a7866e135fbc2"",""inputSnapshotSHA256"":""0d432d2ff749f8ac7aafc1ec59cb34ef8b1ec97e7ac58cd388fd1b139768a258"",""collectionRecordId"":""collection-ce784343746dd63e""}",2026-09-30-atlas11-d63a7866e135fbc2,atlas11-A-1,live,,2026-09-30T08:22:04Z,2026-09-30,268500,005930,삼성전자,semi,2026-10-01,1,true,"{""p05"":253303.42876019087,""p10"":257457.43866967864,""p25"":263217.25016143353,""p50"":268563.2662720941,""p75"":274622.59015904815,""p90"":282531.18301044084,""p95"":285255.6110074839}",276000,-7436.733727905899,2.694468741994891,1.5,false,0.0002356285739073538,0.027932960893854775,up,up,true,257457.43866967864,282531.18301044084,true,9.3384522684403,25073.744340762205,0.093384522684403,"{""up"":0.49205,""flat"":0.03605,""down"":0.4719}",0.482002415,2,방향 맞고 크기 틀림,true,"{""sourceUrl"":""https://api.stock.naver.com/chart/domestic/item/005930/minute?startDateTime=202610011525&endDateTime=202610011545"",""rawHash"":""4600c49cfb401649d5168d029ef4975003c13a5e6fb6ce8279469c21def2764b"",""observedAt"":""2026-10-01T09:53:49Z"",""finalClose"":true}",1,2026-10-01T09:53:49Z,v1
score-f5865e7cd7d7e3c2,score,2026-10-01,2026-10-01T09:53:49Z,,,"{""forecastId"":""2026-09-30-atlas11-d63a7866e135fbc2"",""inputSnapshotSHA256"":""0d432d2ff749f8ac7aafc1ec59cb34ef8b1ec97e7ac58cd388fd1b139768a258"",""collectionRecordId"":""collection-ce784343746dd63e""}",2026-09-30-atlas11-d63a7866e135fbc2,atlas11-A-1,live,,2026-09-30T08:22:04Z,2026-09-30,1513000,009150,삼성전기,semi,2026-10-01,1,true,"{""p05"":1449932.738650876,""p10"":1466311.3934334342,""p25"":1493132.3007095803,""p50"":1516898.9928501346,""p75"":1543326.5727915517,""p90"":1580439.1795930178,""p95"":1606837.9176744055}",1561000,-44101.007149865385,2.8251766271534517,1.5,false,0.0025769946134399646,0.03172504957039002,up,up,true,1466311.3934334342,1580439.1795930178,true,7.543145152649279,114127.7861595836,0.07543145152649279,"{""up"":0.5314,""flat"":0.0331,""down"":0.4355}",0.41034182,2,방향 맞고 크기 틀림,false,"{""sourceUrl"":""https://api.stock.naver.com/chart/domestic/item/009150/minute?startDateTime=202610011525&endDateTime=202610011545"",""rawHash"":""563bbb7050d1aef780d6e72e3382f0b448235fe79e1c196f7bc6cb7f8a52c3a5"",""observedAt"":""2026-10-01T09:53:49Z"",""finalClose"":true}",1,2026-10-01T09:53:49Z,v1
score-bc4dc1f65b260389,score,2026-10-01,2026-10-01T09:53:49Z,,,"{""forecastId"":""2026-09-30-atlas11-d63a7866e135fbc2"",""inputSnapshotSHA256"":""0d432d2ff749f8ac7aafc1ec59cb34ef8b1ec97e7ac58cd388fd1b139768a258"",""collectionRecordId"":""collection-ce784343746dd63e""}",2026-09-30-atlas11-d63a7866e135fbc2,atlas11-A-1,live,,2026-09-30T08:22:04Z,2026-09-30,357000,373220,LG에너지솔루션,chem,2026-10-01,1,true,"{""p05"":339665.70248451614,""p10"":343851.6098651489,""p25"":350154.19567292684,""p50"":356891.97558485426,""p75"":362965.89168391627,""p90"":370887.11746727215,""p95"":375782.5945880937}",360500,-3608.0244151457446,1.0008389501097765,1.5,true,-0.0003025893981672967,0.009803921568627416,down,up,false,343851.6098651489,370887.11746727215,true,7.572971317121359,27035.507602123253,0.07572971317121359,"{""up"":0.47695,""flat"":0.0288,""down"":0.49425}",0.5186938050000001,3,크기 허용·방향 틀림,true,"{""sourceUrl"":""https://api.stock.naver.com/chart/domestic/item/373220/minute?startDateTime=202610011525&endDateTime=202610011545"",""rawHash"":""4e6575db4f549cd0d47d287252bf0395e9e2e825c72708a82507f0f0153aa458"",""observedAt"":""2026-10-01T09:53:49Z"",""finalClose"":true}",1,2026-10-01T09:53:49Z,v1
score-87aaa372ad515765,score,2026-10-01,2026-10-01T09:53:49Z,,,"{""forecastId"":""2026-09-30-atlas11-d63a7866e135fbc2"",""inputSnapshotSHA256"":""0d432d2ff749f8ac7aafc1ec59cb34ef8b1ec97e7ac58cd388fd1b139768a258"",""collectionRecordId"":""collection-ce784343746dd63e""}",2026-09-30-atlas11-d63a7866e135fbc2,atlas11-A-1,live,,2026-09-30T08:22:04Z,2026-09-30,345000,005380,현대차,auto,2026-10-01,1,true,"{""p05"":333299.98982843204,""p10"":336231.128685028,""p25"":340410.06188940885,""p50"":344681.79962652526,""p75"":348888.6710233197,""p90"":354661.1975585644,""p95"":360527.5576714223}",349000,-4318.200373474741,1.2373066972706994,1.5,true,-0.0009223199231152002,0.011594202898550732,down,up,false,336231.128685028,354661.1975585644,true,5.342048948851137,18430.068873536424,0.05342048948851137,"{""up"":0.44005,""flat"":0.0694,""down"":0.49055}",0.558999665,3,크기 허용·방향 틀림,false,"{""sourceUrl"":""https://api.stock.naver.com/chart/domestic/item/005380/minute?startDateTime=202610011525&endDateTime=202610011545"",""rawHash"":""a9cf973c81a40793de15adad6e9f7057430d98bf08b1f3007faedb721295f2f7"",""observedAt"":""2026-10-01T09:53:49Z"",""finalClose"":true}",1,2026-10-01T09:53:49Z,v1
score-ccddd7fbcb571f84,score,2026-10-01,2026-10-01T09:53:49Z,,,"{""forecastId"":""2026-09-30-atlas11-d63a7866e135fbc2"",""inputSnapshotSHA256"":""0d432d2ff749f8ac7aafc1ec59cb34ef8b1ec97e7ac58cd388fd1b139768a258"",""collectionRecordId"":""collection-ce784343746dd63e""}",2026-09-30-atlas11-d63a7866e135fbc2,atlas11-A-1,live,,2026-09-30T08:22:04Z,2026-09-30,1391000,207940,삼성바이오로직스,bio,2026-10-01,1,true,"{""p05"":1349772.4702796773,""p10"":1360433.6540756484,""p25"":1376291.782320635,""p50"":1390983.859391922,""p75"":1405073.9764322443,""p90"":1423861.9488764093,""p95"":1437959.1429274664}",1429000,-38016.1406080781,2.6603317430425544,1.5,false,-0.000011603600343690346,0.027318475916606744,down,up,false,1360433.6540756484,1423861.9488764093,false,4.559906168279002,114808.80603666767,0.08253688428229164,"{""up"":0.45915,""flat"":0.0742,""down"":0.46665}",0.5157865850000001,4,방향·크기 모두 틀림,true,"{""sourceUrl"":""https://api.stock.naver.com/chart/domestic/item/207940/minute?startDateTime=202610011525&endDateTime=202610011545"",""rawHash"":""931295cd43d119c486e5f3fccb35b4d06b978a6787fbc1b0298f1de26530f73c"",""observedAt"":""2026-10-01T09:53:49Z"",""finalClose"":true}",1,2026-10-01T09:53:49Z,v1
score-788c82e11d8e758d,score,2026-10-01,2026-10-01T09:53:49Z,,,"{""forecastId"":""2026-09-30-atlas11-d63a7866e135fbc2"",""inputSnapshotSHA256"":""0d432d2ff749f8ac7aafc1ec59cb34ef8b1ec97e7ac58cd388fd1b139768a258"",""collectionRecordId"":""collection-ce784343746dd63e""}",2026-09-30-atlas11-d63a7866e135fbc2,atlas11-A-1,live,,2026-09-30T08:22:04Z,2026-09-30,168800,105560,KB금융,fin,2026-10-01,1,true,"{""p05"":163392.047564652,""p10"":165368.5083737812,""p25"":167343.1324450528,""p50"":169324.93370069453,""p75"":171304.04233182617,""p90"":173849.4645362699,""p95"":174913.42299454974}",166000,3324.933700694528,2.0029721088521253,1.5,false,0.0031097968050624036,-0.016587677725118488,up,down,false,165368.5083737812,173849.4645362699,true,5.0242631294364335,8480.9561624887,0.050242631294364334,"{""up"":0.557,""flat"":0.0356,""down"":0.4074}",0.6626911200000001,4,방향·크기 모두 틀림,false,"{""sourceUrl"":""https://api.stock.naver.com/chart/domestic/item/105560/minute?startDateTime=202610011525&endDateTime=202610011545"",""rawHash"":""acfa6d5c1b829b90b4d858a14aada51d93447fc8d6d151aa989c29651788b3dd"",""observedAt"":""2026-10-01T09:53:49Z"",""finalClose"":true}",1,2026-10-01T09:53:49Z,v1
score-e3cf4bbc67513a72,score,2026-10-01,2026-10-01T09:53:49Z,,,"{""forecastId"":""2026-09-30-atlas11-d63a7866e135fbc2"",""inputSnapshotSHA256"":""0d432d2ff749f8ac7aafc1ec59cb34ef8b1ec97e7ac58cd388fd1b139768a258"",""collectionRecordId"":""collection-ce784343746dd63e""}",2026-09-30-atlas11-d63a7866e135fbc2,atlas11-A-1,live,,2026-09-30T08:22:04Z,2026-09-30,341500,028260,삼성물산,util,2026-10-01,1,true,"{""p05"":326416.2709084803,""p10"":330538.1767810444,""p25"":335852.1981652871,""p50"":341033.87062746886,""p75"":346626.57129131426,""p90"":352210.4082561302,""p95"":357938.77710836235}",347000,-5966.129372531141,1.7193456404988878,1.5,false,-0.001364946918099963,0.016105417276720324,down,up,false,330538.1767810444,352210.4082561302,true,6.346187840435073,21672.231475085777,0.06346187840435073,"{""up"":0.44805,""flat"":0.0455,""down"":0.50645}",0.5632106549999999,4,방향·크기 모두 틀림,false,"{""sourceUrl"":""https://api.stock.naver.com/chart/domestic/item/028260/minute?startDateTime=202610011525&endDateTime=202610011545"",""rawHash"":""7a42591b91379c3387307ac80e4606356d098684c6ac1e4cb74bc9e41389e71d"",""observedAt"":""2026-10-01T09:53:49Z"",""finalClose"":true}",1,2026-10-01T09:53:49Z,v1
score-6651852d180de12a,score,2026-10-01,2026-10-01T09:53:49Z,,,"{""forecastId"":""2026-09-30-atlas11-d63a7866e135fbc2"",""inputSnapshotSHA256"":""0d432d2ff749f8ac7aafc1ec59cb34ef8b1ec97e7ac58cd388fd1b139768a258"",""collectionRecordId"":""collection-ce784343746dd63e""}",2026-09-30-atlas11-d63a7866e135fbc2,atlas11-A-1,live,,2026-09-30T08:22:04Z,2026-09-30,282000,032830,삼성생명보험,fin,2026-10-01,1,true,"{""p05"":271554.99591472885,""p10"":273993.10941765324,""p25"":277983.20007608365,""p50"":282167.8954326951,""p75"":286396.7721003001,""p90"":291526.00248171465,""p95"":296357.17869994993}",284000,-1832.1045673048939,0.6451072420087655,1.5,true,0.0005953738748052384,0.007092198581560183,up,up,true,273993.10941765324,291526.00248171465,true,6.217337965979224,17532.893064061413,0.06217337965979224,"{""up"":0.4907,""flat"":0.043,""down"":0.4663}",0.47867118,1,방향·크기 모두 맞음,true,"{""sourceUrl"":""https://api.stock.naver.com/chart/domestic/item/032830/minute?startDateTime=202610011525&endDateTime=202610011545"",""rawHash"":""2e6170c9bf4ec3f47cb3e8c0baed253f644c15f6365d9a65b09989e467ae689c"",""observedAt"":""2026-10-01T09:53:49Z"",""finalClose"":true}",1,2026-10-01T09:53:49Z,v1
score-ed8cd850be10afe7,score,2026-10-01,2026-10-01T09:53:49Z,,,"{""forecastId"":""2026-09-30-atlas11-d63a7866e135fbc2"",""inputSnapshotSHA256"":""0d432d2ff749f8ac7aafc1ec59cb34ef8b1ec97e7ac58cd388fd1b139768a258"",""collectionRecordId"":""collection-ce784343746dd63e""}",2026-09-30-atlas11-d63a7866e135fbc2,atlas11-A-1,live,,2026-09-30T08:22:04Z,2026-09-30,1007000,012450,한화에어로스페이스,heavy,2026-10-01,1,true,"{""p05"":944385.726078741,""p10"":958919.7015947072,""p25"":984884.9641443188,""p50"":1004522.6571936822,""p75"":1028542.0910382043,""p90"":1057734.7008439228,""p95"":1075425.1459085552}",1034000,-29477.342806317843,2.850806847806368,1.5,false,-0.00246012195264933,0.026812313803376453,down,up,false,958919.7015947072,1057734.7008439228,true,9.812810253149513,98814.99924921559,0.09812810253149512,"{""up"":0.4477,""flat"":0.0185,""down"":0.5338}",0.5903199800000001,4,방향·크기 모두 틀림,false,"{""sourceUrl"":""https://api.stock.naver.com/chart/domestic/item/012450/minute?startDateTime=202610011525&endDateTime=202610011545"",""rawHash"":""65ac6f6798407fcbed9c344e7dbea39640578fd5ff50fa6d6689ccda64d815f5"",""observedAt"":""2026-10-01T09:53:49Z"",""finalClose"":true}",1,2026-10-01T09:53:49Z,v1
score-4dac3bde0d32be43,score,2026-10-01,2026-10-01T09:53:49Z,,,"{""forecastId"":""2026-09-30-atlas11-d63a7866e135fbc2"",""inputSnapshotSHA256"":""0d432d2ff749f8ac7aafc1ec59cb34ef8b1ec97e7ac58cd388fd1b139768a258"",""collectionRecordId"":""collection-ce784343746dd63e""}",2026-09-30-atlas11-d63a7866e135fbc2,atlas11-A-1,live,,2026-09-30T08:22:04Z,2026-09-30,81600,034020,두산에너빌리티,heavy,2026-10-01,1,true,"{""p05"":76640.58505880431,""p10"":77987.43402770565,""p25"":79745.26682620644,""p50"":81362.595431006,""p75"":83391.71355325368,""p90"":85997.75209001056,""p95"":87115.38486894028}",82100,-737.4045689939958,0.898178524962236,1.5,true,-0.002909369718063659,0.006127450980392135,down,up,false,77987.43402770565,85997.75209001056,true,9.816566252824648,8010.318062304912,0.09816566252824648,"{""up"":0.44615,""flat"":0.0322,""down"":0.52165}",0.5799053849999999,3,크기 허용·방향 틀림,false,"{""sourceUrl"":""https://api.stock.naver.com/chart/domestic/item/034020/minute?startDateTime=202610011525&endDateTime=202610011545"",""rawHash"":""20dd1ee3af24df280a49f247326456a66d265b827dbdf6f2bee6b64c82025829"",""observedAt"":""2026-10-01T09:53:49Z"",""finalClose"":true}",1,2026-10-01T09:53:49Z,v1
score-1532710bb9f4a334,score,2026-10-01,2026-10-01T09:53:49Z,,,"{""forecastId"":""2026-09-30-atlas11-d63a7866e135fbc2"",""inputSnapshotSHA256"":""0d432d2ff749f8ac7aafc1ec59cb34ef8b1ec97e7ac58cd388fd1b139768a258"",""collectionRecordId"":""collection-ce784343746dd63e""}",2026-09-30-atlas11-d63a7866e135fbc2,atlas11-A-1,live,,2026-09-30T08:22:04Z,2026-09-30,433500,329180,HD현대중공업,heavy,2026-10-01,1,true,"{""p05"":412941.982734401,""p10"":418774.680950809,""p25"":427273.1841084967,""p50"":435803.4210986658,""p75"":444513.40836330515,""p90"":455495.2480915565,""p95"":460883.5139713656}",431500,4303.4210986658,0.9973165929700579,1.5,true,0.005313543480197858,-0.0046136101499423265,up,down,false,418774.680950809,455495.2480915565,true,8.470719063609573,36720.5671407475,0.08470719063609573,"{""up"":0.5678,""flat"":0.0298,""down"":0.4024}",0.68041064,3,크기 허용·방향 틀림,false,"{""sourceUrl"":""https://api.stock.naver.com/chart/domestic/item/329180/minute?startDateTime=202610011525&endDateTime=202610011545"",""rawHash"":""d40cb47d7225b0b3b33da756ae13402ed40d54b333fe656f8ae5c19177177d01"",""observedAt"":""2026-10-01T09:53:49Z"",""finalClose"":true}",1,2026-10-01T09:53:49Z,v1
score-890d79b409ef8fbb,score,2026-10-01,2026-10-01T09:53:49Z,,,"{""forecastId"":""2026-09-30-atlas11-d63a7866e135fbc2"",""inputSnapshotSHA256"":""0d432d2ff749f8ac7aafc1ec59cb34ef8b1ec97e7ac58cd388fd1b139768a258"",""collectionRecordId"":""collection-ce784343746dd63e""}",2026-09-30-atlas11-d63a7866e135fbc2,atlas11-A-1,live,,2026-09-30T08:22:04Z,2026-09-30,588000,034730,SK,util,2026-10-01,1,true,"{""p05"":552921.052940998,""p10"":561753.6101972858,""p25"":575094.5754180737,""p50"":586919.688551424,""p75"":599157.2901011948,""p90"":613294.2526214243,""p95"":625428.3392974773}",587000,-80.31144857604522,0.013681677781268352,1.5,true,-0.001837264368326652,-0.00170068027210879,down,down,true,561753.6101972858,613294.2526214243,true,8.765415378254847,51540.642424138496,0.08765415378254847,"{""up"":0.4603,""flat"":0.0297,""down"":0.51}",0.45285818,1,방향·크기 모두 맞음,true,"{""sourceUrl"":""https://api.stock.naver.com/chart/domestic/item/034730/minute?startDateTime=202610011525&endDateTime=202610011545"",""rawHash"":""959fa2529e18a2c5aff7c375cc0a95f509d971c539d7fd70913d7c55f65a46bf"",""observedAt"":""2026-10-01T09:53:49Z"",""finalClose"":true}",1,2026-10-01T09:53:49Z,v1
score-3cd920b0594609ab,score,2026-10-01,2026-10-01T09:53:49Z,,,"{""forecastId"":""2026-09-30-atlas11-d63a7866e135fbc2"",""inputSnapshotSHA256"":""0d432d2ff749f8ac7aafc1ec59cb34ef8b1ec97e7ac58cd388fd1b139768a258"",""collectionRecordId"":""collection-ce784343746dd63e""}",2026-09-30-atlas11-d63a7866e135fbc2,atlas11-A-1,live,,2026-09-30T08:22:04Z,2026-09-30,367000,012330,현대모비스,auto,2026-10-01,1,true,"{""p05"":353601.6595016662,""p10"":356761.9893541712,""p25"":361311.80765384214,""p50"":366441.85418168607,""p75"":371377.47840756504,""p90"":378708.8364113392,""p95"":383539.1121956875}",382000,-15558.145818313933,4.072813041443438,1.5,false,-0.0015208332924084855,0.04087193460490468,down,up,false,356761.9893541712,378708.8364113392,false,5.980067318029418,54858.48294377624,0.14947815516015323,"{""up"":0.42965,""flat"":0.04135,""down"":0.529}",0.606849945,4,방향·크기 모두 틀림,false,"{""sourceUrl"":""https://api.stock.naver.com/chart/domestic/item/012330/minute?startDateTime=202610011525&endDateTime=202610011545"",""rawHash"":""d30f7871cdfc32d3e6c547553b4b19854d647d8bbb96f35beb55d8c77c02550a"",""observedAt"":""2026-10-01T09:53:49Z"",""finalClose"":true}",1,2026-10-01T09:53:49Z,v1
score-29cad281132c9102,score,2026-10-01,2026-10-01T09:53:49Z,,,"{""forecastId"":""2026-09-30-atlas11-d63a7866e135fbc2"",""inputSnapshotSHA256"":""0d432d2ff749f8ac7aafc1ec59cb34ef8b1ec97e7ac58cd388fd1b139768a258"",""collectionRecordId"":""collection-ce784343746dd63e""}",2026-09-30-atlas11-d63a7866e135fbc2,atlas11-A-1,live,,2026-09-30T08:22:04Z,2026-09-30,212500,066570,LG전자,semi,2026-10-01,1,true,"{""p05"":202946.03496498408,""p10"":205857.89190605606,""p25"":208730.1193133692,""p50"":212132.45558961434,""p75"":215487.21467581435,""p90"":219413.2006944989,""p95"":223027.17164287734}",211500,632.4555896143429,0.29903337570418104,1.5,true,-0.0017296207547560227,-0.004705882352941226,down,down,true,205857.89190605606,219413.2006944989,true,6.37896884162016,13555.308788442839,0.0637896884162016,"{""up"":0.45945,""flat"":0.0405,""down"":0.50005}",0.46268455500000005,1,방향·크기 모두 맞음,true,"{""sourceUrl"":""https://api.stock.naver.com/chart/domestic/item/066570/minute?startDateTime=202610011525&endDateTime=202610011545"",""rawHash"":""6878b35d6109633a2a6eb48221d9285875301d52f74b7c587fe75247d9d44d4f"",""observedAt"":""2026-10-01T09:53:49Z"",""finalClose"":true}",1,2026-10-01T09:53:49Z,v1
score-015545f7d06c1da4,score,2026-10-01,2026-10-01T09:53:49Z,,,"{""forecastId"":""2026-09-30-atlas11-d63a7866e135fbc2"",""inputSnapshotSHA256"":""0d432d2ff749f8ac7aafc1ec59cb34ef8b1ec97e7ac58cd388fd1b139768a258"",""collectionRecordId"":""collection-ce784343746dd63e""}",2026-09-30-atlas11-d63a7866e135fbc2,atlas11-A-1,live,,2026-09-30T08:22:04Z,2026-09-30,193700,035420,NAVER,net,2026-10-01,1,true,"{""p05"":186437.128204561,""p10"":188653.80384687165,""p25"":190931.14704810042,""p50"":193600.83393060643,""p75"":195693.89435248697,""p90"":199662.78856231068,""p95"":201089.7175790208}",191200,2400.83393060643,1.2556662816979236,1.5,true,-0.0005119569922228395,-0.012906556530717594,down,down,true,188653.80384687165,199662.78856231068,true,5.683523343024796,11008.98471543903,0.05683523343024796,"{""up"":0.46675,""flat"":0.0387,""down"":0.49455}",0.47483295499999995,1,방향·크기 모두 맞음,true,"{""sourceUrl"":""https://api.stock.naver.com/chart/domestic/item/035420/minute?startDateTime=202610011525&endDateTime=202610011545"",""rawHash"":""196fe71b43ddb9d90c81f95a8fbb791b7d06fcba5227f3cfea8fde0da74cb178"",""observedAt"":""2026-10-01T09:53:49Z"",""finalClose"":true}",1,2026-10-01T09:53:49Z,v1
score-cd07588ccb7cfbcf,score,2026-10-01,2026-10-01T09:53:49Z,,,"{""forecastId"":""2026-09-30-atlas11-d63a7866e135fbc2"",""inputSnapshotSHA256"":""0d432d2ff749f8ac7aafc1ec59cb34ef8b1ec97e7ac58cd388fd1b139768a258"",""collectionRecordId"":""collection-ce784343746dd63e""}",2026-09-30-atlas11-d63a7866e135fbc2,atlas11-A-1,live,,2026-09-30T08:22:04Z,2026-09-30,205000,010120,LS ELECTRIC,heavy,2026-10-01,1,true,"{""p05"":192878.71438586555,""p10"":196249.0968962541,""p25"":199973.09868761853,""p50"":204330.0717468255,""p75"":209028.3522834293,""p90"":215483.99166200397,""p95"":220262.17564324263}",206000,-1669.9282531744975,0.8106447830944163,1.5,true,-0.0032679426984121296,0.004878048780487809,down,up,false,196249.0968962541,215483.99166200397,true,9.382875495487738,19234.894765749865,0.09382875495487739,"{""up"":0.43625,""flat"":0.0374,""down"":0.52635}",0.596257145,3,크기 허용·방향 틀림,false,"{""sourceUrl"":""https://api.stock.naver.com/chart/domestic/item/010120/minute?startDateTime=202610011525&endDateTime=202610011545"",""rawHash"":""a63320df81c3d7dd106b13b173e0d7e5fbfa286b4bdc929771ca0381d0300c48"",""observedAt"":""2026-10-01T09:53:49Z"",""finalClose"":true}",1,2026-10-01T09:53:49Z,v1
score-81d80da28bbd8bf1,score,2026-10-01,2026-10-01T09:53:49Z,,,"{""forecastId"":""2026-09-30-atlas11-d63a7866e135fbc2"",""inputSnapshotSHA256"":""0d432d2ff749f8ac7aafc1ec59cb34ef8b1ec97e7ac58cd388fd1b139768a258"",""collectionRecordId"":""collection-ce784343746dd63e""}",2026-09-30-atlas11-d63a7866e135fbc2,atlas11-A-1,live,,2026-09-30T08:22:04Z,2026-09-30,633000,000810,삼성화재,fin,2026-10-01,1,true,"{""p05"":608647.9606467559,""p10"":615070.2347342423,""p25"":623620.2996300178,""p50"":631802.3141806626,""p75"":639766.1524113418,""p90"":650869.498110644,""p95"":661832.1923626307}",626000,5802.314180662623,0.9268872493071283,1.5,true,-0.0018920787035345832,-0.011058451816745696,down,down,true,615070.2347342423,650869.498110644,true,5.655491844613229,35799.26337640174,0.056554918446132287,"{""up"":0.44205,""flat"":0.0402,""down"":0.51775}",0.4295893049999999,1,방향·크기 모두 맞음,false,"{""sourceUrl"":""https://api.stock.naver.com/chart/domestic/item/000810/minute?startDateTime=202610011525&endDateTime=202610011545"",""rawHash"":""f483df0029a297f337aab8d6f380c4da522f0fa51afe573bf15afe65ef002c21"",""observedAt"":""2026-10-01T09:53:49Z"",""finalClose"":true}",1,2026-10-01T09:53:49Z,v1
score-64a953895b216ef4,score,2026-10-01,2026-10-01T09:53:49Z,,,"{""forecastId"":""2026-09-30-atlas11-d63a7866e135fbc2"",""inputSnapshotSHA256"":""0d432d2ff749f8ac7aafc1ec59cb34ef8b1ec97e7ac58cd388fd1b139768a258"",""collectionRecordId"":""collection-ce784343746dd63e""}",2026-09-30-atlas11-d63a7866e135fbc2,atlas11-A-1,live,,2026-09-30T08:22:04Z,2026-09-30,306000,005490,POSCO홀딩스,chem,2026-10-01,1,true,"{""p05"":294180.5233957882,""p10"":297601.7163191071,""p25"":301422.5576469283,""p50"":305496.03437487944,""p75"":309979.67201200215,""p90"":316594.1379941591,""p95"":319884.60950646095}",306500,-1003.9656251205597,0.3275581158631516,1.5,true,-0.0016469464873221096,0.0016339869281045694,down,up,false,297601.7163191071,316594.1379941591,true,6.206673750016984,18992.42167505197,0.06206673750016984,"{""up"":0.4601,""flat"":0.0192,""down"":0.5207}",0.56298914,3,크기 허용·방향 틀림,false,"{""sourceUrl"":""https://api.stock.naver.com/chart/domestic/item/005490/minute?startDateTime=202610011525&endDateTime=202610011545"",""rawHash"":""e358c62773fbcde8152d2302f1aa86f7e6d78c350e99378b4c57ec1acdee3093"",""observedAt"":""2026-10-01T09:53:49Z"",""finalClose"":true}",1,2026-10-01T09:53:49Z,v1
score-4fc93a1fde7a65d1,score,2026-10-01,2026-10-01T09:53:49Z,,,"{""forecastId"":""2026-09-30-atlas11-d63a7866e135fbc2"",""inputSnapshotSHA256"":""0d432d2ff749f8ac7aafc1ec59cb34ef8b1ec97e7ac58cd388fd1b139768a258"",""collectionRecordId"":""collection-ce784343746dd63e""}",2026-09-30-atlas11-d63a7866e135fbc2,atlas11-A-1,live,,2026-09-30T08:22:04Z,2026-09-30,1070000,010130,고려아연,chem,2026-10-01,1,true,"{""p05"":1015227.1326600243,""p10"":1027775.0509569086,""p25"":1047180.8306033652,""p50"":1066978.3860536024,""p75"":1084842.8691393693,""p90"":1122259.6769398923,""p95"":1145302.5064745713}",1069000,-2021.613946397556,0.18911262361062262,1.5,true,-0.0028239382676612523,-0.0009345794392523477,down,flat,false,1027775.0509569086,1122259.6769398923,true,8.830338876914368,94484.62598298374,0.08830338876914368,"{""up"":0.40635,""flat"":0.05045,""down"":0.5432}",1.3618317650000002,3,크기 허용·방향 틀림,false,"{""sourceUrl"":""https://api.stock.naver.com/chart/domestic/item/010130/minute?startDateTime=202610011525&endDateTime=202610011545"",""rawHash"":""9468de85c1a5f13e3f6dd698462249207e84f3e0e1edc60dd1afe77c926b4a07"",""observedAt"":""2026-10-01T09:53:49Z"",""finalClose"":true}",1,2026-10-01T09:53:49Z,v1
score-80fac144b469d600,score,2026-10-01,2026-10-01T09:53:49Z,,,"{""forecastId"":""2026-09-30-atlas11-d63a7866e135fbc2"",""inputSnapshotSHA256"":""0d432d2ff749f8ac7aafc1ec59cb34ef8b1ec97e7ac58cd388fd1b139768a258"",""collectionRecordId"":""collection-ce784343746dd63e""}",2026-09-30-atlas11-d63a7866e135fbc2,atlas11-A-1,live,,2026-09-30T08:22:04Z,2026-09-30,126300,138040,메리츠금융지주,fin,2026-10-01,1,true,"{""p05"":121945.65327227216,""p10"":123187.62784844368,""p25"":124813.3185244991,""p50"":126277.9443426829,""p75"":128174.58988709992,""p90"":130553.21813599773,""p95"":132296.34158410784}",127200,-922.0556573171052,0.7248865230480387,1.5,true,-0.00017462911573318252,0.0071258907363420665,down,up,false,123187.62784844368,130553.21813599773,true,5.831821288641368,7365.590287554049,0.05831821288641369,"{""up"":0.4776,""flat"":0.0358,""down"":0.4866}",0.51096296,3,크기 허용·방향 틀림,true,"{""sourceUrl"":""https://api.stock.naver.com/chart/domestic/item/138040/minute?startDateTime=202610011525&endDateTime=202610011545"",""rawHash"":""9767cebaf7445e7ab2026cdd5af5d11a5057baaa6d06059b2bde64d19b572627"",""observedAt"":""2026-10-01T09:53:49Z"",""finalClose"":true}",1,2026-10-01T09:53:49Z,v1
score-17a0fabb328fff33,score,2026-10-01,2026-10-01T09:53:49Z,,,"{""forecastId"":""2026-09-30-atlas11-d63a7866e135fbc2"",""inputSnapshotSHA256"":""0d432d2ff749f8ac7aafc1ec59cb34ef8b1ec97e7ac58cd388fd1b139768a258"",""collectionRecordId"":""collection-ce784343746dd63e""}",2026-09-30-atlas11-d63a7866e135fbc2,atlas11-A-1,live,,2026-09-30T08:22:04Z,2026-09-30,29950,015760,한국전력,util,2026-10-01,1,true,"{""p05"":28833.39259764574,""p10"":29179.83595052805,""p25"":29569.54430195081,""p50"":29927.59897846201,""p75"":30332.294968988404,""p90"":30749.564265858466,""p95"":31068.34731844602}",30150,-222.40102153798944,0.7376484959800644,1.5,true,-0.0007479472967608647,0.006677796327211993,down,up,false,29179.83595052805,30749.564265858466,true,5.241162989417083,1569.728315330416,0.05241162989417082,"{""up"":0.45455,""flat"":0.07095,""down"":0.4745}",0.5276998549999999,3,크기 허용·방향 틀림,true,"{""sourceUrl"":""https://api.stock.naver.com/chart/domestic/item/015760/minute?startDateTime=202610011525&endDateTime=202610011545"",""rawHash"":""5638b3385830dd9827f153cbd1522aa97b7224337593595909b660e01e3854a8"",""observedAt"":""2026-10-01T09:53:49Z"",""finalClose"":true}",1,2026-10-01T09:53:49Z,v1
score-2950ceb295cb7817,score,2026-10-01,2026-10-01T09:53:49Z,,,"{""forecastId"":""2026-09-30-atlas11-d63a7866e135fbc2"",""inputSnapshotSHA256"":""0d432d2ff749f8ac7aafc1ec59cb34ef8b1ec97e7ac58cd388fd1b139768a258"",""collectionRecordId"":""collection-ce784343746dd63e""}",2026-09-30-atlas11-d63a7866e135fbc2,atlas11-A-1,live,,2026-09-30T08:22:04Z,2026-09-30,20850,011200,HMM,auto,2026-10-01,1,true,"{""p05"":20207.247854320416,""p10"":20363.51483972643,""p25"":20612.19887040355,""p50"":20842.94284058991,""p75"":21073.668701190112,""p90"":21348.67687394726,""p95"":21601.84020269718}",21150,-307.0571594100911,1.4518069002841187,1.5,true,-0.00033847287338562015,0.014388489208633004,down,up,false,20363.51483972643,21348.67687394726,true,4.724997766047146,985.1620342208298,0.047249977660471454,"{""up"":0.44675,""flat"":0.06675,""down"":0.4865}",0.547223375,3,크기 허용·방향 틀림,true,"{""sourceUrl"":""https://api.stock.naver.com/chart/domestic/item/011200/minute?startDateTime=202610011525&endDateTime=202610011545"",""rawHash"":""25a33e9191f450cacb0064f05a8612d6224967d082dff83a2cdc463ff9f98fe8"",""observedAt"":""2026-10-01T09:53:49Z"",""finalClose"":true}",1,2026-10-01T09:53:49Z,v1
score-f895dad9835bf9d8,score,2026-10-01,2026-10-01T09:53:49Z,,,"{""forecastId"":""2026-09-30-atlas11-d63a7866e135fbc2"",""inputSnapshotSHA256"":""0d432d2ff749f8ac7aafc1ec59cb34ef8b1ec97e7ac58cd388fd1b139768a258"",""collectionRecordId"":""collection-ce784343746dd63e""}",2026-09-30-atlas11-d63a7866e135fbc2,atlas11-A-1,live,,2026-09-30T08:22:04Z,2026-09-30,251000,051910,LG화학,chem,2026-10-01,1,true,"{""p05"":237603.85879699085,""p10"":240955.52009451753,""p25"":246400.2110851931,""p50"":250739.8751439244,""p75"":255246.21358555023,""p90"":262299.23129426234,""p95"":266556.7489596482}",257000,-6260.124856075592,2.4358462475002303,1.5,false,-0.0010363540082692912,0.0239043824701195,down,up,false,240955.52009451753,262299.23129426234,true,8.503470597507892,21343.71119974481,0.08503470597507892,"{""up"":0.4785,""flat"":0.02115,""down"":0.50035}",0.522759695,4,방향·크기 모두 틀림,true,"{""sourceUrl"":""https://api.stock.naver.com/chart/domestic/item/051910/minute?startDateTime=202610011525&endDateTime=202610011545"",""rawHash"":""6392b0e146b759a74ff8c8cc9b421b8cedc5c83272e22a4e79f4841e83ae2262"",""observedAt"":""2026-10-01T09:53:49Z"",""finalClose"":true}",1,2026-10-01T09:53:49Z,v1
score-a7daff27fdf4cb14,score,2026-10-01,2026-10-01T09:53:49Z,,,"{""forecastId"":""2026-09-30-atlas11-d63a7866e135fbc2"",""inputSnapshotSHA256"":""0d432d2ff749f8ac7aafc1ec59cb34ef8b1ec97e7ac58cd388fd1b139768a258"",""collectionRecordId"":""collection-ce784343746dd63e""}",2026-09-30-atlas11-d63a7866e135fbc2,atlas11-A-1,live,,2026-09-30T08:22:04Z,2026-09-30,85600,017670,SK텔레콤,net,2026-10-01,1,true,"{""p05"":83479.95867735166,""p10"":84076.27895193567,""p25"":84759.65493435544,""p50"":85532.99803606338,""p75"":86302.14794423187,""p90"":87337.83083485899,""p95"":88045.60527099395}",86300,-767.0019639366219,0.8887624147585421,1.5,true,-0.000782733223558707,0.008177570093457875,down,up,false,84076.27895193567,87337.83083485899,true,3.810224162293597,3261.5518829233188,0.03810224162293597,"{""up"":0.45295,""flat"":0.07725,""down"":0.4698}",0.5259433050000001,3,크기 허용·방향 틀림,true,"{""sourceUrl"":""https://api.stock.naver.com/chart/domestic/item/017670/minute?startDateTime=202610011525&endDateTime=202610011545"",""rawHash"":""73798c3aa69eea0b004bbd778e3b5b6de9201c4f9a5445ed9e27c8d6641c37e6"",""observedAt"":""2026-10-01T09:53:49Z"",""finalClose"":true}",1,2026-10-01T09:53:49Z,v1
score-c28d6fa243f92833,score,2026-10-01,2026-10-01T09:53:49Z,,,"{""forecastId"":""2026-09-30-atlas11-d63a7866e135fbc2"",""inputSnapshotSHA256"":""0d432d2ff749f8ac7aafc1ec59cb34ef8b1ec97e7ac58cd388fd1b139768a258"",""collectionRecordId"":""collection-ce784343746dd63e""}",2026-09-30-atlas11-d63a7866e135fbc2,atlas11-A-1,live,,2026-09-30T08:22:04Z,2026-09-30,176200,033780,KT&G,cons,2026-10-01,1,true,"{""p05"":171666.9857024121,""p10"":173220.24045856626,""p25"":174760.47314499374,""p50"":176312.31390607601,""p75"":177976.40204262838,""p90"":180108.51713542143,""p95"":181665.4568039551}",174700,1612.313906076015,0.9229043537927962,1.5,true,0.0006374228494665513,-0.008513053348467636,up,down,false,173220.24045856626,180108.51713542143,true,3.909351121938233,6888.276676855166,0.03909351121938233,"{""up"":0.48715,""flat"":0.0429,""down"":0.46995}",0.5201085350000001,3,크기 허용·방향 틀림,true,"{""sourceUrl"":""https://api.stock.naver.com/chart/domestic/item/033780/minute?startDateTime=202610011525&endDateTime=202610011545"",""rawHash"":""8358d192b9f9dd179c7b16f4e84aca4159a7ebadd287aafcbb55f701910edd38"",""observedAt"":""2026-10-01T09:53:49Z"",""finalClose"":true}",1,2026-10-01T09:53:49Z,v1
score-79a298e1ade8d034,score,2026-10-01,2026-10-01T09:53:49Z,,,"{""forecastId"":""2026-09-30-atlas11-d63a7866e135fbc2"",""inputSnapshotSHA256"":""0d432d2ff749f8ac7aafc1ec59cb34ef8b1ec97e7ac58cd388fd1b139768a258"",""collectionRecordId"":""collection-ce784343746dd63e""}",2026-09-30-atlas11-d63a7866e135fbc2,atlas11-A-1,live,,2026-09-30T08:22:04Z,2026-09-30,254500,196170,알테오젠,bio,2026-10-01,1,true,"{""p05"":244081.44209293634,""p10"":247167.25528911597,""p25"":250960.79253821235,""p50"":255049.8553853192,""p75"":260019.7646403189,""p90"":265326.48534001317,""p95"":268904.45742657996}",265000,-9950.144614680787,3.7547715527097307,1.5,false,0.002160531965890833,0.04125736738703334,up,up,true,247167.25528911597,265326.48534001317,true,7.135257387385932,18159.230050897197,0.07135257387385932,"{""up"":0.5185,""flat"":0.03915,""down"":0.44235}",0.4290484950000001,2,방향 맞고 크기 틀림,false,"{""sourceUrl"":""https://api.stock.naver.com/chart/domestic/item/196170/minute?startDateTime=202610011525&endDateTime=202610011545"",""rawHash"":""9797ee27c42c596d2b8c587486d4b1f7517165de874c02bde6aa9b09eeecac9a"",""observedAt"":""2026-10-01T09:53:49Z"",""finalClose"":true}",1,2026-10-01T09:53:49Z,v1
score-6a608bcdc5a82071,score,2026-10-01,2026-10-01T09:53:49Z,,,"{""forecastId"":""2026-09-30-atlas11-d63a7866e135fbc2"",""inputSnapshotSHA256"":""0d432d2ff749f8ac7aafc1ec59cb34ef8b1ec97e7ac58cd388fd1b139768a258"",""collectionRecordId"":""collection-ce784343746dd63e""}",2026-09-30-atlas11-d63a7866e135fbc2,atlas11-A-1,live,,2026-09-30T08:22:04Z,2026-09-30,219000,018260,삼성에스디에스,semi,2026-10-01,1,true,"{""p05"":209785.7121792216,""p10"":212849.93380811953,""p25"":215907.4221423863,""p50"":218788.71433462767,""p75"":221726.9816464229,""p90"":224747.27084352975,""p95"":226962.7543012082}",223000,-4211.285665372328,1.888468908238712,1.5,false,-0.000964774727727491,0.0182648401826484,down,up,false,212849.93380811953,224747.27084352975,true,5.432573988771791,11897.337035410223,0.05432573988771791,"{""up"":0.4526,""flat"":0.0651,""down"":0.4823}",0.53649806,4,방향·크기 모두 틀림,true,"{""sourceUrl"":""https://api.stock.naver.com/chart/domestic/item/018260/minute?startDateTime=202610011525&endDateTime=202610011545"",""rawHash"":""56a59fc006410c14fcba3ee90318bc15e8cfc269d3e1cfdcd82b858b33b444e0"",""observedAt"":""2026-10-01T09:53:49Z"",""finalClose"":true}",1,2026-10-01T09:53:49Z,v1
score-b0ee2b516d5b064b,score,2026-10-01,2026-10-01T09:53:49Z,,,"{""forecastId"":""2026-09-30-atlas11-d63a7866e135fbc2"",""inputSnapshotSHA256"":""0d432d2ff749f8ac7aafc1ec59cb34ef8b1ec97e7ac58cd388fd1b139768a258"",""collectionRecordId"":""collection-ce784343746dd63e""}",2026-09-30-atlas11-d63a7866e135fbc2,atlas11-A-1,live,,2026-09-30T08:22:04Z,2026-09-30,196800,086280,현대글로비스,auto,2026-10-01,1,true,"{""p05"":190158.85418881278,""p10"":191465.31688386935,""p25"":194098.45183375478,""p50"":196496.25800750346,""p75"":199159.61136199802,""p90"":202650.9091212804,""p95"":205244.98032926043}",198400,-1903.741992496536,0.9595473752502702,1.5,true,-0.0015434044334173835,0.008130081300812941,down,up,false,191465.31688386935,202650.9091212804,true,5.683735892993413,11185.592237411038,0.056837358929934134,"{""up"":0.4491,""flat"":0.0395,""down"":0.5114}",0.5665810199999999,3,크기 허용·방향 틀림,false,"{""sourceUrl"":""https://api.stock.naver.com/chart/domestic/item/086280/minute?startDateTime=202610011525&endDateTime=202610011545"",""rawHash"":""7e021ee64c2d78697892d291ee3095c1eb6f8289d26efd1ee2075ba2e64a15ee"",""observedAt"":""2026-10-01T09:53:49Z"",""finalClose"":true}",1,2026-10-01T09:53:49Z,v1
score-e4855ff5b28bee40,score,2026-10-01,2026-10-01T09:53:49Z,,,"{""forecastId"":""2026-09-30-atlas11-d63a7866e135fbc2"",""inputSnapshotSHA256"":""0d432d2ff749f8ac7aafc1ec59cb34ef8b1ec97e7ac58cd388fd1b139768a258"",""collectionRecordId"":""collection-ce784343746dd63e""}",2026-09-30-atlas11-d63a7866e135fbc2,atlas11-A-1,live,,2026-09-30T08:22:04Z,2026-09-30,117500,000720,현대건설,heavy,2026-10-01,1,true,"{""p05"":110790.72927687899,""p10"":112069.55353839704,""p25"":114758.47066085416,""p50"":116955.56981405435,""p75"":119963.15741578568,""p90"":123526.01369673404,""p95"":125857.90323549963}",117200,-244.43018594564637,0.20855817913451058,1.5,true,-0.004633448391026751,-0.002553191489361728,down,down,true,112069.55353839704,123526.01369673404,true,9.750178858159146,11456.460158336995,0.09750178858159145,"{""up"":0.42885,""flat"":0.03305,""down"":0.5381}",0.39835623499999995,1,방향·크기 모두 맞음,false,"{""sourceUrl"":""https://api.stock.naver.com/chart/domestic/item/000720/minute?startDateTime=202610011525&endDateTime=202610011545"",""rawHash"":""6e8fb59ee494d85dc6ca7bcb80dd0b3075b3709739a171b46d0d27bb48979cc5"",""observedAt"":""2026-10-01T09:53:49Z"",""finalClose"":true}",1,2026-10-01T09:53:49Z,v1
score-cbdd64de063a3d8c,score,2026-10-01,2026-10-01T09:53:49Z,,,"{""forecastId"":""2026-09-30-atlas11-d63a7866e135fbc2"",""inputSnapshotSHA256"":""0d432d2ff749f8ac7aafc1ec59cb34ef8b1ec97e7ac58cd388fd1b139768a258"",""collectionRecordId"":""collection-ce784343746dd63e""}",2026-09-30-atlas11-d63a7866e135fbc2,atlas11-A-1,live,,2026-09-30T08:22:04Z,2026-09-30,366000,278470,에이피알,cons,2026-10-01,1,true,"{""p05"":343984.8623121856,""p10"":349465.64785699436,""p25"":356895.37846043444,""p50"":365862.4524122801,""p75"":373910.2908085629,""p90"":385074.918541403,""p95"":389285.44789031777}",366000,-137.54758771992056,0.037581308120196874,1.5,true,-0.0003758130812019367,0,down,flat,false,349465.64785699436,385074.918541403,true,9.729308930166301,35609.270684408664,0.09729308930166301,"{""up"":0.47585,""flat"":0.02985,""down"":0.4943}",1.411956735,3,크기 허용·방향 틀림,true,"{""sourceUrl"":""https://api.stock.naver.com/chart/domestic/item/278470/minute?startDateTime=202610011525&endDateTime=202610011545"",""rawHash"":""581e531c2237ba38c7f4a7cfc4aeadbd997bf7b3c1b6d6bc97c6cd5d7d424a2e"",""observedAt"":""2026-10-01T09:53:49Z"",""finalClose"":true}",1,2026-10-01T09:53:49Z,v1
score-1fb9e230b91fb640,score,2026-10-01,2026-10-01T09:53:49Z,,,"{""forecastId"":""2026-09-30-atlas11-d63a7866e135fbc2"",""inputSnapshotSHA256"":""0d432d2ff749f8ac7aafc1ec59cb34ef8b1ec97e7ac58cd388fd1b139768a258"",""collectionRecordId"":""collection-ce784343746dd63e""}",2026-09-30-atlas11-d63a7866e135fbc2,atlas11-A-1,live,,2026-09-30T08:22:04Z,2026-09-30,52300,030200,KT,net,2026-10-01,1,true,"{""p05"":51172.8746416527,""p10"":51470.90929758968,""p25"":51855.78038798034,""p50"":52310.130044865895,""p75"":52738.26255262267,""p90"":53166.3123954784,""p95"":53586.04008888913}",51800,510.1300448658949,0.9848070364206466,1.5,true,0.00019369110642242227,-0.009560229445506718,up,down,false,51470.90929758968,53166.3123954784,true,3.2416885236878086,1695.403097888724,0.032416885236878086,"{""up"":0.46755,""flat"":0.0768,""down"":0.45565}",0.5208181650000001,3,크기 허용·방향 틀림,true,"{""sourceUrl"":""https://api.stock.naver.com/chart/domestic/item/030200/minute?startDateTime=202610011525&endDateTime=202610011545"",""rawHash"":""80f6c35634a12743e11dfb2a6658ad3b03a1a42dc287c4f130f2fb55f82f38a6"",""observedAt"":""2026-10-01T09:53:49Z"",""finalClose"":true}",1,2026-10-01T09:53:49Z,v1
score-9302b922a00435e1,score,2026-10-01,2026-10-01T09:53:49Z,,,"{""forecastId"":""2026-09-30-atlas11-d63a7866e135fbc2"",""inputSnapshotSHA256"":""0d432d2ff749f8ac7aafc1ec59cb34ef8b1ec97e7ac58cd388fd1b139768a258"",""collectionRecordId"":""collection-ce784343746dd63e""}",2026-09-30-atlas11-d63a7866e135fbc2,atlas11-A-1,live,,2026-09-30T08:22:04Z,2026-09-30,32000,003490,대한항공,auto,2026-10-01,1,true,"{""p05"":30655.06559096141,""p10"":31017.931257514632,""p25"":31418.152980207477,""p50"":31820.504132899707,""p75"":32307.84576940624,""p90"":32852.14565801778,""p95"":33233.506438189375}",31200,620.5041328997067,1.9887952977554704,1.5,false,-0.005609245846884159,-0.025000000000000022,down,down,true,31017.931257514632,32852.14565801778,true,5.731920001572326,1834.2144005031441,0.05731920001572326,"{""up"":0.38865,""flat"":0.0282,""down"":0.58315}",0.32560798500000004,2,방향 맞고 크기 틀림,false,"{""sourceUrl"":""https://api.stock.naver.com/chart/domestic/item/003490/minute?startDateTime=202610011525&endDateTime=202610011545"",""rawHash"":""e292de41a1cf8c5204a7c4a6183051218b67b77f0cc11786982488b77686518b"",""observedAt"":""2026-10-01T09:53:49Z"",""finalClose"":true}",1,2026-10-01T09:53:49Z,v1
score-7abe84010ec7414a,score,2026-10-01,2026-10-01T09:53:49Z,,,"{""forecastId"":""2026-09-30-atlas11-d63a7866e135fbc2"",""inputSnapshotSHA256"":""0d432d2ff749f8ac7aafc1ec59cb34ef8b1ec97e7ac58cd388fd1b139768a258"",""collectionRecordId"":""collection-ce784343746dd63e""}",2026-09-30-atlas11-d63a7866e135fbc2,atlas11-A-1,live,,2026-09-30T08:22:04Z,2026-09-30,56900,047050,포스코인터내셔널,util,2026-10-01,1,true,"{""p05"":54240.04062189401,""p10"":54681.49532665689,""p25"":55712.30251991778,""p50"":56786.21903468791,""p75"":57784.97551033887,""p90"":59365.965209623864,""p95"":60284.51041258761}",55300,1486.219034687907,2.6875570247520923,1.5,false,-0.001999665471214329,-0.02811950790861162,down,down,true,54681.49532665689,59365.965209623864,true,8.232811745108915,4684.469882966972,0.08232811745108914,"{""up"":0.4414,""flat"":0.03805,""down"":0.52055}",0.4261540650000001,2,방향 맞고 크기 틀림,false,"{""sourceUrl"":""https://api.stock.naver.com/chart/domestic/item/047050/minute?startDateTime=202610011525&endDateTime=202610011545"",""rawHash"":""59d3b299ac56eefa9dfc9347ac2b9b65a9c34097631736b1c5919055dcc0db53"",""observedAt"":""2026-10-01T09:53:49Z"",""finalClose"":true}",1,2026-10-01T09:53:49Z,v1
score-dcd00b944eec5b1f,score,2026-10-01,2026-10-01T09:53:49Z,,,"{""forecastId"":""2026-09-30-atlas11-d63a7866e135fbc2"",""inputSnapshotSHA256"":""0d432d2ff749f8ac7aafc1ec59cb34ef8b1ec97e7ac58cd388fd1b139768a258"",""collectionRecordId"":""collection-ce784343746dd63e""}",2026-09-30-atlas11-d63a7866e135fbc2,atlas11-A-1,live,,2026-09-30T08:22:04Z,2026-09-30,1213000,003230,삼양식품,cons,2026-10-01,1,true,"{""p05"":1165188.8595645796,""p10"":1172520.8802108322,""p25"":1188742.1250687325,""p50"":1208064.153116159,""p75"":1230554.6355040935,""p90"":1262278.1793666298,""p95"":1282672.3818369564}",1224000,-15935.846883841092,1.3019482748236186,1.5,true,-0.004069123564584554,0.00906842539159114,down,up,false,1172520.8802108322,1262278.1793666298,true,7.399612461318844,89757.29915579758,0.07399612461318844,"{""up"":0.42485,""flat"":0.032,""down"":0.54315}",0.6268334450000002,3,크기 허용·방향 틀림,false,"{""sourceUrl"":""https://api.stock.naver.com/chart/domestic/item/003230/minute?startDateTime=202610011525&endDateTime=202610011545"",""rawHash"":""7779e2144463a3253b3fbc79af9f207b9b2ec0159e5bf99ea44bf107b7fa6fc9"",""observedAt"":""2026-10-01T09:53:49Z"",""finalClose"":true}",1,2026-10-01T09:53:49Z,v1
score-0036a9c0c113ee75,score,2026-10-01,2026-10-01T09:53:49Z,,,"{""forecastId"":""2026-09-30-atlas11-d63a7866e135fbc2"",""inputSnapshotSHA256"":""0d432d2ff749f8ac7aafc1ec59cb34ef8b1ec97e7ac58cd388fd1b139768a258"",""collectionRecordId"":""collection-ce784343746dd63e""}",2026-09-30-atlas11-d63a7866e135fbc2,atlas11-A-1,live,,2026-09-30T08:22:04Z,2026-09-30,194900,259960,크래프톤,net,2026-10-01,1,true,"{""p05"":188001.24414389225,""p10"":190377.46611371945,""p25"":192687.36060091574,""p50"":194967.15086598264,""p75"":197220.89530799247,""p90"":199923.68395595846,""p95"":201638.3024763753}",199700,-4732.849134017364,2.3699795363131515,1.5,false,0.00034454010252771283,0.024628014366341766,up,up,true,190377.46611371945,199923.68395595846,true,4.898008128393542,9546.217842239013,0.04898008128393542,"{""up"":0.4834,""flat"":0.05875,""down"":0.45785}",0.47995374499999993,2,방향 맞고 크기 틀림,true,"{""sourceUrl"":""https://api.stock.naver.com/chart/domestic/item/259960/minute?startDateTime=202610011525&endDateTime=202610011545"",""rawHash"":""9794df2942f325a8d272f5f52873ac3e2b73d1870ef5c4be7af0e1f93616fdea"",""observedAt"":""2026-10-01T09:53:49Z"",""finalClose"":true}",1,2026-10-01T09:53:49Z,v1
score-70e11857647d24f8,score,2026-10-01,2026-10-01T09:53:49Z,,,"{""forecastId"":""2026-09-30-atlas11-d63a7866e135fbc2"",""inputSnapshotSHA256"":""0d432d2ff749f8ac7aafc1ec59cb34ef8b1ec97e7ac58cd388fd1b139768a258"",""collectionRecordId"":""collection-ce784343746dd63e""}",2026-09-30-atlas11-d63a7866e135fbc2,atlas11-A-1,live,,2026-09-30T08:22:04Z,2026-09-30,99400,021240,코웨이,cons,2026-10-01,1,true,"{""p05"":95997.88187460048,""p10"":96834.5600086447,""p25"":98140.75053651596,""p50"":99365.52095724744,""p75"":100744.66936948558,""p90"":102588.2057638734,""p95"":104580.62951678697}",99300,65.5209572474414,0.06598283710719174,1.5,true,-0.0003468716574703823,-0.001006036217303774,down,down,true,96834.5600086447,102588.2057638734,true,5.7883760112964815,5753.645755228703,0.05788376011296482,"{""up"":0.4716,""flat"":0.0426,""down"":0.4858}",0.48862296000000005,1,방향·크기 모두 맞음,true,"{""sourceUrl"":""https://api.stock.naver.com/chart/domestic/item/021240/minute?startDateTime=202610011525&endDateTime=202610011545"",""rawHash"":""ff60574512db30869d98dd60485b3b341e062aeef40997b020bf3c88f8a269e2"",""observedAt"":""2026-10-01T09:53:49Z"",""finalClose"":true}",1,2026-10-01T09:53:49Z,v1
score-3f63af4ef513f417,score,2026-10-01,2026-10-01T09:53:49Z,,,"{""forecastId"":""2026-09-30-atlas11-d63a7866e135fbc2"",""inputSnapshotSHA256"":""0d432d2ff749f8ac7aafc1ec59cb34ef8b1ec97e7ac58cd388fd1b139768a258"",""collectionRecordId"":""collection-ce784343746dd63e""}",2026-09-30-atlas11-d63a7866e135fbc2,atlas11-A-1,live,,2026-09-30T08:22:04Z,2026-09-30,156600,352820,하이브,net,2026-10-01,1,true,"{""p05"":150462.82628367824,""p10"":152569.55055946144,""p25"":154216.9070697708,""p50"":156564.75906182444,""p75"":158956.09716929286,""p90"":161696.2055459082,""p95"":163526.83799561634}",156200,364.75906182444305,0.23352052613600707,1.5,true,-0.0002250379193841079,-0.0025542784163473664,down,down,true,152569.55055946144,161696.2055459082,true,5.828004461332537,9126.654986446752,0.058280044613325366,"{""up"":0.47325,""flat"":0.03555,""down"":0.4912}",0.4841068049999999,1,방향·크기 모두 맞음,true,"{""sourceUrl"":""https://api.stock.naver.com/chart/domestic/item/352820/minute?startDateTime=202610011525&endDateTime=202610011545"",""rawHash"":""fa6fd3049f529b54960942d74e9f903d1dec76906e0423c2883c2221b35b1d8f"",""observedAt"":""2026-10-01T09:53:49Z"",""finalClose"":true}",1,2026-10-01T09:53:49Z,v1
score-706d63403f3f637b,score,2026-10-01,2026-10-01T09:53:49Z,,,"{""forecastId"":""2026-09-30-atlas11-d63a7866e135fbc2"",""inputSnapshotSHA256"":""0d432d2ff749f8ac7aafc1ec59cb34ef8b1ec97e7ac58cd388fd1b139768a258"",""collectionRecordId"":""collection-ce784343746dd63e""}",2026-09-30-atlas11-d63a7866e135fbc2,atlas11-A-1,live,,2026-09-30T08:22:04Z,2026-09-30,33900,009830,한화솔루션,chem,2026-10-01,1,true,"{""p05"":31544.68820167219,""p10"":32210.78190628125,""p25"":33042.07057488194,""p50"":33912.44525050391,""p75"":34663.15382289989,""p90"":36063.432391233335,""p95"":36847.853401557186}",34250,-337.554749496092,0.9855613123973489,1.5,true,0.0003671165340386473,0.010324483775811188,up,up,true,32210.78190628125,36063.432391233335,true,11.364750693074,3852.650484952086,0.11364750693074001,"{""up"":0.491,""flat"":0.0305,""down"":0.4785}",0.4889735,1,방향·크기 모두 맞음,true,"{""sourceUrl"":""https://api.stock.naver.com/chart/domestic/item/009830/minute?startDateTime=202610011525&endDateTime=202610011545"",""rawHash"":""543a50ff99b7c9d1cc2199a91d6a2eb10d868e5f4c8de1f45e9928bb4aedc00e"",""observedAt"":""2026-10-01T09:53:49Z"",""finalClose"":true}",1,2026-10-01T09:53:49Z,v1
score-a7ccbc0fde24283b,score,2026-10-01,2026-10-01T09:53:49Z,,,"{""forecastId"":""2026-09-30-atlas11-d63a7866e135fbc2"",""inputSnapshotSHA256"":""0d432d2ff749f8ac7aafc1ec59cb34ef8b1ec97e7ac58cd388fd1b139768a258"",""collectionRecordId"":""collection-ce784343746dd63e""}",2026-09-30-atlas11-d63a7866e135fbc2,atlas11-A-1,live,,2026-09-30T08:22:04Z,2026-09-30,42200,029780,삼성카드,fin,2026-10-01,1,true,"{""p05"":41103.29049460469,""p10"":41472.769485280296,""p25"":41849.564686954334,""p50"":42184.81368616182,""p75"":42570.348083113975,""p90"":42964.1769677335,""p95"":43186.91049466964}",41850,334.8136861618186,0.800032702895624,1.5,true,-0.00035986525682896175,-0.008293838862559189,up,down,false,41472.769485280296,42964.1769677335,true,3.534140953680586,1491.4074824532072,0.03534140953680586,"{""up"":0.4676,""flat"":0.0649,""down"":0.4675}",0.5064180199999999,3,크기 허용·방향 틀림,true,"{""sourceUrl"":""https://api.stock.naver.com/chart/domestic/item/029780/minute?startDateTime=202610011525&endDateTime=202610011545"",""rawHash"":""9064b218c80aecb8ab8ee27142599c409a55273e0e211a0453cc2f168fd9dce2"",""observedAt"":""2026-10-01T09:53:49Z"",""finalClose"":true}",1,2026-10-01T09:53:49Z,v1
score-9d90bb5429407470,score,2026-10-01,2026-10-01T09:53:49Z,,,"{""forecastId"":""2026-09-30-atlas11-d63a7866e135fbc2"",""inputSnapshotSHA256"":""0d432d2ff749f8ac7aafc1ec59cb34ef8b1ec97e7ac58cd388fd1b139768a258"",""collectionRecordId"":""collection-ce784343746dd63e""}",2026-09-30-atlas11-d63a7866e135fbc2,atlas11-A-1,live,,2026-09-30T08:22:04Z,2026-09-30,41400,028300,HLB,bio,2026-10-01,1,true,"{""p05"":39087.185926128004,""p10"":39713.620829965344,""p25"":40471.9560469193,""p50"":41294.80065073725,""p75"":42043.19114453174,""p90"":43119.732779421574,""p95"":43860.69191482154}",40550,744.8006507372484,1.8367463643335347,1.5,false,-0.0025410470836413346,-0.020531400966183555,down,down,true,39713.620829965344,43119.732779421574,true,8.227323549411183,3406.11194945623,0.08227323549411183,"{""up"":0.44285,""flat"":0.0274,""down"":0.52975}",0.418001945,2,방향 맞고 크기 틀림,false,"{""sourceUrl"":""https://api.stock.naver.com/chart/domestic/item/028300/minute?startDateTime=202610011525&endDateTime=202610011545"",""rawHash"":""1c5d03d4d8a8a11461f1f37faee77191757564b1a49cdf2b63d8b299ec6064c7"",""observedAt"":""2026-10-01T09:53:49Z"",""finalClose"":true}",1,2026-10-01T09:53:49Z,v1
score-4c52ba04bed155f6,score,2026-10-01,2026-10-01T09:53:49Z,,,"{""forecastId"":""2026-09-30-atlas11-d63a7866e135fbc2"",""inputSnapshotSHA256"":""0d432d2ff749f8ac7aafc1ec59cb34ef8b1ec97e7ac58cd388fd1b139768a258"",""collectionRecordId"":""collection-ce784343746dd63e""}",2026-09-30-atlas11-d63a7866e135fbc2,atlas11-A-1,live,,2026-09-30T08:22:04Z,2026-09-30,8330,034220,LG디스플레이,semi,2026-10-01,1,true,"{""p05"":8015.320308454792,""p10"":8118.054165719228,""p25"":8211.233758317518,""p50"":8330.815330457286,""p75"":8426.984291568215,""p90"":8545.785829113423,""p95"":8637.759892230568}",8580,-249.1846695427139,2.904250227770558,1.5,false,0.00009787880639700042,0.03001200480192079,down,up,false,8118.054165719228,8545.785829113423,false,5.134833894288062,769.8733722599609,0.09242177338054752,"{""up"":0.4754,""flat"":0.0396,""down"":0.485}",0.5119983199999999,4,방향·크기 모두 틀림,true,"{""sourceUrl"":""https://api.stock.naver.com/chart/domestic/item/034220/minute?startDateTime=202610011525&endDateTime=202610011545"",""rawHash"":""bff0ed9be2e7be9f042450133e9ff813d09ee31c4661f45f7efed75c98ecff75"",""observedAt"":""2026-10-01T09:53:49Z"",""finalClose"":true}",1,2026-10-01T09:53:49Z,v1
score-109693b7067f7711,score,2026-10-01,2026-10-01T09:53:49Z,,,"{""forecastId"":""2026-09-30-atlas11-d63a7866e135fbc2"",""inputSnapshotSHA256"":""0d432d2ff749f8ac7aafc1ec59cb34ef8b1ec97e7ac58cd388fd1b139768a258"",""collectionRecordId"":""collection-ce784343746dd63e""}",2026-09-30-atlas11-d63a7866e135fbc2,atlas11-A-1,live,,2026-09-30T08:22:04Z,2026-09-30,470500,002380,KCC,chem,2026-10-01,1,true,"{""p05"":452477.1222138672,""p10"":457779.0674098288,""p25"":464442.658126969,""p50"":470159.633161661,""p75"":476629.48433887167,""p90"":484776.86592386686,""p95"":490158.5823765816}",472500,-2340.3668383390177,0.49531573298180265,1.5,true,-0.0007234151718151782,0.004250797024442088,down,up,false,457779.0674098288,484776.86592386686,true,5.738108079498001,26997.79851403809,0.057381080794980006,"{""up"":0.47015,""flat"":0.0517,""down"":0.47815}",0.5120413349999999,3,크기 허용·방향 틀림,true,"{""sourceUrl"":""https://api.stock.naver.com/chart/domestic/item/002380/minute?startDateTime=202610011525&endDateTime=202610011545"",""rawHash"":""141b88170b3def44293d2fc60feeca90c272dcb31f0459d771c0ebcdd0eab545"",""observedAt"":""2026-10-01T09:53:49Z"",""finalClose"":true}",1,2026-10-01T09:53:49Z,v1
score-52731c808c07f8bc,score,2026-10-01,2026-10-01T09:53:49Z,,,"{""forecastId"":""2026-09-30-atlas11-d63a7866e135fbc2"",""inputSnapshotSHA256"":""0d432d2ff749f8ac7aafc1ec59cb34ef8b1ec97e7ac58cd388fd1b139768a258"",""collectionRecordId"":""collection-ce784343746dd63e""}",2026-09-30-atlas11-d63a7866e135fbc2,atlas11-A-1,live,,2026-09-30T08:22:04Z,2026-09-30,34800,036460,한국가스공사,util,2026-10-01,1,true,"{""p05"":33863.557606489005,""p10"":34159.06325742972,""p25"":34492.20912208279,""p50"":34827.30061661322,""p75"":35186.18494516949,""p90"":35519.20389595382,""p95"":35765.03396298885}",35250,-422.69938338678185,1.1991471869128563,1.5,true,0.0007845004773914255,0.012931034482758674,up,up,true,34159.06325742972,35519.20389595382,true,3.9084501107014336,1360.140638524099,0.039084501107014336,"{""up"":0.4972,""flat"":0.065,""down"":0.4378}",0.44870168,1,방향·크기 모두 맞음,false,"{""sourceUrl"":""https://api.stock.naver.com/chart/domestic/item/036460/minute?startDateTime=202610011525&endDateTime=202610011545"",""rawHash"":""1a9626f58905b65d139fbf2683b2648a70f92d423a279431b32c631461d8b645"",""observedAt"":""2026-10-01T09:53:49Z"",""finalClose"":true}",1,2026-10-01T09:53:49Z,v1
score-47120713e2a639ba,score,2026-10-01,2026-10-01T09:53:49Z,,,"{""forecastId"":""2026-09-30-atlas11-d63a7866e135fbc2"",""inputSnapshotSHA256"":""0d432d2ff749f8ac7aafc1ec59cb34ef8b1ec97e7ac58cd388fd1b139768a258"",""collectionRecordId"":""collection-ce784343746dd63e""}",2026-09-30-atlas11-d63a7866e135fbc2,atlas11-A-1,live,,2026-09-30T08:22:04Z,2026-09-30,336500,004170,신세계,cons,2026-10-01,1,true,"{""p05"":319735.1834992771,""p10"":324100.4234591725,""p25"":331121.28825032193,""p50"":336254.39665340004,""p75"":342167.5395536424,""p90"":349957.7803171241,""p95"":355538.9029302337}",333500,2754.3966534000356,0.8259060429985113,1.5,true,-0.0007298762157502692,-0.008915304606240682,down,down,true,324100.4234591725,349957.7803171241,true,7.684207090030197,25857.356857951614,0.07684207090030197,"{""up"":0.46905,""flat"":0.033,""down"":0.49795}",0.473151105,1,방향·크기 모두 맞음,true,"{""sourceUrl"":""https://api.stock.naver.com/chart/domestic/item/004170/minute?startDateTime=202610011525&endDateTime=202610011545"",""rawHash"":""5bbba3aeb08f04d98ed55a40ac794a10816a2b51d50e3c6b3038c1b6f7056c01"",""observedAt"":""2026-10-01T09:53:49Z"",""finalClose"":true}",1,2026-10-01T09:53:49Z,v1
score-3fcde9a1a58b40c9,score,2026-10-01,2026-10-01T09:53:49Z,,,"{""forecastId"":""2026-09-30-atlas11-d63a7866e135fbc2"",""inputSnapshotSHA256"":""0d432d2ff749f8ac7aafc1ec59cb34ef8b1ec97e7ac58cd388fd1b139768a258"",""collectionRecordId"":""collection-ce784343746dd63e""}",2026-09-30-atlas11-d63a7866e135fbc2,atlas11-A-1,live,,2026-09-30T08:22:04Z,2026-09-30,82600,012750,에스원,util,2026-10-01,1,true,"{""p05"":80082.4832984037,""p10"":80662.91930820912,""p25"":81770.56159971049,""p50"":82616.78539719249,""p75"":83471.25121895506,""p90"":84500.89276345586,""p95"":85163.90709414065}",83200,-583.2146028075076,0.7009790899128697,1.5,true,0.00020321304107140392,0.007263922518159882,down,up,false,80662.91930820912,84500.89276345586,true,4.646456967611067,3837.9734552467417,0.04646456967611067,"{""up"":0.4674,""flat"":0.0479,""down"":0.4847}",0.52089126,3,크기 허용·방향 틀림,true,"{""sourceUrl"":""https://api.stock.naver.com/chart/domestic/item/012750/minute?startDateTime=202610011525&endDateTime=202610011545"",""rawHash"":""5bb813106dce43ee8fa819aa9a75ecd27924854451832e9eaaab04db0aaf4eb6"",""observedAt"":""2026-10-01T09:53:49Z"",""finalClose"":true}",1,2026-10-01T09:53:49Z,v1
score-b0bc0e44e09efaf7,score,2026-10-01,2026-10-01T09:53:49Z,,,"{""forecastId"":""2026-09-30-atlas11-d63a7866e135fbc2"",""inputSnapshotSHA256"":""0d432d2ff749f8ac7aafc1ec59cb34ef8b1ec97e7ac58cd388fd1b139768a258"",""collectionRecordId"":""collection-ce784343746dd63e""}",2026-09-30-atlas11-d63a7866e135fbc2,atlas11-A-1,live,,2026-09-30T08:22:04Z,2026-09-30,68800,111770,영원무역,cons,2026-10-01,1,true,"{""p05"":66440.20933710024,""p10"":67166.42818763977,""p25"":68178.47920666818,""p50"":69111.70297014795,""p75"":70057.75494695219,""p90"":71184.26520826042,""p95"":71805.98840574622}",69300,-188.29702985205222,0.2717128857893971,1.5,true,0.004530566426568905,0.007267441860465018,up,up,true,67166.42818763977,71184.26520826042,true,5.839879390436985,4017.8370206206455,0.05839879390436985,"{""up"":0.57645,""flat"":0.0449,""down"":0.37865}",0.324786435,1,방향·크기 모두 맞음,false,"{""sourceUrl"":""https://api.stock.naver.com/chart/domestic/item/111770/minute?startDateTime=202610011525&endDateTime=202610011545"",""rawHash"":""7bc83a4a67a5ab01be745385b80516a5dc06b5c9e3e288db54f0151f027c383c"",""observedAt"":""2026-10-01T09:53:49Z"",""finalClose"":true}",1,2026-10-01T09:53:49Z,v1
score-9b0223a46dd13631,score,2026-10-01,2026-10-01T09:53:49Z,,,"{""forecastId"":""2026-09-30-atlas11-d63a7866e135fbc2"",""inputSnapshotSHA256"":""0d432d2ff749f8ac7aafc1ec59cb34ef8b1ec97e7ac58cd388fd1b139768a258"",""collectionRecordId"":""collection-ce784343746dd63e""}",2026-09-30-atlas11-d63a7866e135fbc2,atlas11-A-1,live,,2026-09-30T08:22:04Z,2026-09-30,14260,035250,강원랜드,cons,2026-10-01,1,true,"{""p05"":13992.444341840943,""p10"":14074.172871767118,""p25"":14164.485070960896,""p50"":14265.107961300706,""p75"":14362.978944142604,""p90"":14472.967168645142,""p95"":14541.712927403556}",14270,-4.892038699294062,0.0342819810742401,1.5,true,0.00035820205474790257,0.0007012622720896644,up,flat,false,14074.172871767118,14472.967168645142,true,2.796593947251223,398.7942968780244,0.02796593947251223,"{""up"":0.48035,""flat"":0.059,""down"":0.46065}",1.3284155450000001,3,크기 허용·방향 틀림,true,"{""sourceUrl"":""https://api.stock.naver.com/chart/domestic/item/035250/minute?startDateTime=202610011525&endDateTime=202610011545"",""rawHash"":""d153050abda80d95650df40dc4c2067133b99e20ddd2897d32c52affd5543f8a"",""observedAt"":""2026-10-01T09:53:49Z"",""finalClose"":true}",1,2026-10-01T09:53:49Z,v1
score-aacf5c0b70fc0dc6,score,2026-10-01,2026-10-01T09:53:49Z,,,"{""forecastId"":""2026-09-30-atlas11-d63a7866e135fbc2"",""inputSnapshotSHA256"":""0d432d2ff749f8ac7aafc1ec59cb34ef8b1ec97e7ac58cd388fd1b139768a258"",""collectionRecordId"":""collection-ce784343746dd63e""}",2026-09-30-atlas11-d63a7866e135fbc2,atlas11-A-1,live,,2026-09-30T08:22:04Z,2026-09-30,38150,257720,실리콘투,cons,2026-10-01,1,true,"{""p05"":35996.802286818915,""p10"":36492.79076852612,""p25"":37298.3326961667,""p50"":38058.1171360646,""p75"":38972.34611615895,""p90"":39864.78115407183,""p95"":40603.49588157082}",38300,-241.8828639354033,0.631547947612019,1.5,true,-0.0024084630127235718,0.003931847968545288,down,up,false,36492.79076852612,39864.78115407183,true,8.838769031574596,3371.9903855457087,0.08838769031574596,"{""up"":0.45395,""flat"":0.0183,""down"":0.52775}",0.577025555,3,크기 허용·방향 틀림,false,"{""sourceUrl"":""https://api.stock.naver.com/chart/domestic/item/257720/minute?startDateTime=202610011525&endDateTime=202610011545"",""rawHash"":""58e7ca137c6015afb10f27e66cfd038fa0b338b224a477351347b349d696bf01"",""observedAt"":""2026-10-01T09:53:49Z"",""finalClose"":true}",1,2026-10-01T09:53:49Z,v1
score-bf7215bab819a044,score,2026-10-01,2026-10-01T09:53:49Z,,,"{""forecastId"":""2026-09-30-atlas11-d63a7866e135fbc2"",""inputSnapshotSHA256"":""0d432d2ff749f8ac7aafc1ec59cb34ef8b1ec97e7ac58cd388fd1b139768a258"",""collectionRecordId"":""collection-ce784343746dd63e""}",2026-09-30-atlas11-d63a7866e135fbc2,atlas11-A-1,live,,2026-09-30T08:22:04Z,2026-09-30,102500,226950,올릭스,bio,2026-10-01,1,true,"{""p05"":94027.43131683732,""p10"":95757.80093293214,""p25"":98694.72307156643,""p50"":102138.72708021439,""p75"":106094.1340217102,""p90"":109984.63536255789,""p95"":114100.40512989594}",116900,-14761.27291978561,12.627265115299924,1.5,false,-0.0035246138515668823,0.14048780487804868,down,up,false,95757.80093293214,109984.63536255789,false,13.879838467927566,83380.48080404683,0.813468105405335,"{""up"":0.4547,""flat"":0.01025,""down"":0.53505}",0.583735655,4,방향·크기 모두 틀림,false,"{""sourceUrl"":""https://api.stock.naver.com/chart/domestic/item/226950/minute?startDateTime=202610011525&endDateTime=202610011545"",""rawHash"":""8f150f792804373092625c5086ba66067ecaaf7e55b4c5086236847a95d2b77f"",""observedAt"":""2026-10-01T09:53:49Z"",""finalClose"":true}",1,2026-10-01T09:53:49Z,v1
score-8b4a38f8472abaea,score,2026-10-01,2026-10-01T09:53:49Z,,,"{""forecastId"":""2026-09-30-atlas11-d63a7866e135fbc2"",""inputSnapshotSHA256"":""0d432d2ff749f8ac7aafc1ec59cb34ef8b1ec97e7ac58cd388fd1b139768a258"",""collectionRecordId"":""collection-ce784343746dd63e""}",2026-09-30-atlas11-d63a7866e135fbc2,atlas11-A-1,live,,2026-09-30T08:22:04Z,2026-09-30,16680,010170,대한광통신,semi,2026-10-01,1,true,"{""p05"":15465.69446966875,""p10"":15753.299526407125,""p25"":16168.82724967401,""p50"":16553.703715770156,""p75"":17060.855430480075,""p90"":17871.225165698637,""p95"":18640.22328179675}",17000,-446.2962842298439,2.6252722601755525,1.5,false,-0.00757171967804815,0.01918465227817756,down,up,false,15753.299526407125,17871.225165698637,true,12.697395919013863,2117.925639291512,0.12697395919013862,"{""up"":0.40955,""flat"":0.01565,""down"":0.5748}",0.6792711649999998,4,방향·크기 모두 틀림,false,"{""sourceUrl"":""https://api.stock.naver.com/chart/domestic/item/010170/minute?startDateTime=202610011525&endDateTime=202610011545"",""rawHash"":""a5eae7b9359ce778741fb1f5b994667ea6d1093b97808ced64ff38980b01fe36"",""observedAt"":""2026-10-01T09:53:49Z"",""finalClose"":true}",1,2026-10-01T09:53:49Z,v1
score-99194dddd0a88ed6,score,2026-10-01,2026-10-01T09:53:49Z,,,"{""forecastId"":""2026-09-30-atlas11-d63a7866e135fbc2"",""inputSnapshotSHA256"":""0d432d2ff749f8ac7aafc1ec59cb34ef8b1ec97e7ac58cd388fd1b139768a258"",""collectionRecordId"":""collection-ce784343746dd63e""}",2026-09-30-atlas11-d63a7866e135fbc2,atlas11-A-1,live,,2026-09-30T08:22:04Z,2026-09-30,40850,214370,케어젠,bio,2026-10-01,1,true,"{""p05"":38298.82819994699,""p10"":38990.84328593187,""p25"":39830.011540330284,""p50"":40694.63226524283,""p75"":41736.20149730354,""p90"":42846.1823235276,""p95"":44098.48879538398}",43150,-2455.367734757172,5.69030761241523,1.5,false,-0.003803371719881765,0.05630354957160333,down,up,false,38990.84328593187,42846.1823235276,false,9.437794461678656,6893.515802319707,0.16875191682545182,"{""up"":0.4415,""flat"":0.02205,""down"":0.53645}",0.6001870549999999,4,방향·크기 모두 틀림,false,"{""sourceUrl"":""https://api.stock.naver.com/chart/domestic/item/214370/minute?startDateTime=202610011525&endDateTime=202610011545"",""rawHash"":""02c9456b796583aa40da36b93cf2e05933c2861ea9d5b4f35c535d4f4e00ec84"",""observedAt"":""2026-10-01T09:53:49Z"",""finalClose"":true}",1,2026-10-01T09:53:49Z,v1
score-8f04d9c50c01d6e6,score,2026-10-01,2026-10-01T09:53:49Z,,,"{""forecastId"":""2026-09-30-atlas11-d63a7866e135fbc2"",""inputSnapshotSHA256"":""0d432d2ff749f8ac7aafc1ec59cb34ef8b1ec97e7ac58cd388fd1b139768a258"",""collectionRecordId"":""collection-ce784343746dd63e""}",2026-09-30-atlas11-d63a7866e135fbc2,atlas11-A-1,live,,2026-09-30T08:22:04Z,2026-09-30,18740,030000,제일기획,net,2026-10-01,1,true,"{""p05"":18199.438108086157,""p10"":18344.71584395908,""p25"":18555.510658131672,""p50"":18748.753660471135,""p75"":18941.842540900885,""p90"":19165.813011856506,""p95"":19292.43131748114}",18740,8.753660471134936,0.04671110176699539,1.5,true,0.0004671110176699411,0,up,flat,false,18344.71584395908,19165.813011856506,true,4.381521707030029,821.0971678974274,0.04381521707030029,"{""up"":0.48315,""flat"":0.0627,""down"":0.45415}",1.3182174350000002,3,크기 허용·방향 틀림,true,"{""sourceUrl"":""https://api.stock.naver.com/chart/domestic/item/030000/minute?startDateTime=202610011525&endDateTime=202610011545"",""rawHash"":""92c0cb81dd6bc9ff9a48ccfaa0411d3cef7c7a0295ace3950c959fe27fbc8069"",""observedAt"":""2026-10-01T09:53:49Z"",""finalClose"":true}",1,2026-10-01T09:53:49Z,v1
