id,type,dateKST,at,supersedes,correctionReason,links,forecastId,modelVersion,kind,shadowOf,issuedAt,originDate,anchor,code,name,group,targetDate,horizon,evaluable,predicted,actual,priceError,ape,tolerancePct,priceHit,predictedReturn,actualReturn,predictedDirection,actualDirection,directionCorrect,lower,upper,covered,bandWidthPct,intervalScore,intervalScoreRel,probabilities,brier,class,classLabel,closeCall,actualEvidence,revisions,scoredAt,policyVersion
score-c8361d2277a3ae7f,score,2026-09-30,2026-09-30T08:22:04Z,,,"{""forecastId"":""2026-09-23-rolling20-c2697de31ff6788c"",""inputSnapshotSHA256"":""de3c5b1e138a6dd629fe995931e95d1ebfde4edd2c126f5fa7457a8336832a24"",""collectionRecordId"":""collection-fd0e9b5e0961d8b1""}",2026-09-23-rolling20-c2697de31ff6788c,atlas-rolling20-A,reference,,2026-09-28T07:59:39.699Z,2026-09-23,286500,005930,삼성전자,semi,2026-09-30,3,true,"{""p05"":null,""p10"":265153.95142008684,""p25"":null,""p50"":287081.8039610977,""p75"":null,""p90"":311635.85087820713,""p95"":null}",268500,18581.80396109773,6.920597378434907,2.5,false,0.0020307293581072194,-0.06282722513089001,up,down,false,265153.95142008684,311635.85087820713,true,16.224048676481775,46481.899458120286,0.16224048676481775,"{""up"":0.50715,""flat"":0.0135,""down"":0.47935}",0.5284597950000001,4,방향·크기 모두 틀림,,"{""sourceUrl"":""https://api.stock.naver.com/chart/domestic/item/005930/minute?startDateTime=202609301525&endDateTime=202609301545"",""rawHash"":""f4a12111715b59430baf1224b45a7dc22f64ced283cce0542d829d4d268b820f"",""observedAt"":""2026-09-30T08:22:04Z"",""finalClose"":true}",1,2026-09-30T08:22:04Z,v1
score-61c27355c14a896c,score,2026-09-30,2026-09-30T08:22:04Z,,,"{""forecastId"":""2026-09-23-rolling20-c2697de31ff6788c"",""inputSnapshotSHA256"":""de3c5b1e138a6dd629fe995931e95d1ebfde4edd2c126f5fa7457a8336832a24"",""collectionRecordId"":""collection-fd0e9b5e0961d8b1""}",2026-09-23-rolling20-c2697de31ff6788c,atlas-rolling20-A,reference,,2026-09-28T07:59:39.699Z,2026-09-23,1501000,009150,삼성전기,semi,2026-09-30,3,true,"{""p05"":null,""p10"":1424923.8364051823,""p25"":null,""p50"":1520631.1979758772,""p75"":null,""p90"":1639873.928939557,""p95"":null}",1513000,7631.197975877207,0.5043752793045081,2.5,true,0.013078746153149412,0.00799467021985345,up,up,true,1424923.8364051823,1639873.928939557,true,14.32045919616087,214950.09253437468,0.1432045919616087,"{""up"":0.5987,""flat"":0.01475,""down"":0.38655}",0.310680155,1,방향·크기 모두 맞음,,"{""sourceUrl"":""https://api.stock.naver.com/chart/domestic/item/009150/minute?startDateTime=202609301525&endDateTime=202609301545"",""rawHash"":""089ec0c4e59e98ab4b8e83a7924cbdb0f0cc5b219e436cfa84e25fe336bf3259"",""observedAt"":""2026-09-30T08:22:04Z"",""finalClose"":true}",1,2026-09-30T08:22:04Z,v1
score-27edcf83d785c763,score,2026-09-30,2026-09-30T08:22:04Z,,,"{""forecastId"":""2026-09-23-rolling20-c2697de31ff6788c"",""inputSnapshotSHA256"":""de3c5b1e138a6dd629fe995931e95d1ebfde4edd2c126f5fa7457a8336832a24"",""collectionRecordId"":""collection-fd0e9b5e0961d8b1""}",2026-09-23-rolling20-c2697de31ff6788c,atlas-rolling20-A,reference,,2026-09-28T07:59:39.699Z,2026-09-23,352000,373220,LG에너지솔루션,chem,2026-09-30,3,true,"{""p05"":null,""p10"":329466.5825490464,""p25"":null,""p50"":351239.0234497263,""p75"":null,""p90"":376533.3311498824,""p95"":null}",357000,-5760.976550273714,1.613718921645298,2.5,true,-0.002161865199641233,0.014204545454545414,down,up,false,329466.5825490464,376533.3311498824,true,13.371235397964782,47066.74860083603,0.1337123539796478,"{""up"":0.4743,""flat"":0.01605,""down"":0.50965}",0.5363612150000001,3,크기 허용·방향 틀림,,"{""sourceUrl"":""https://api.stock.naver.com/chart/domestic/item/373220/minute?startDateTime=202609301525&endDateTime=202609301545"",""rawHash"":""e38d593b218199d50c04e007b8e9ac2f7a80de5f550a0f56fb6da5b089ea5755"",""observedAt"":""2026-09-30T08:22:04Z"",""finalClose"":true}",1,2026-09-30T08:22:04Z,v1
score-9d196a2ef9418ace,score,2026-09-30,2026-09-30T08:22:04Z,,,"{""forecastId"":""2026-09-23-rolling20-c2697de31ff6788c"",""inputSnapshotSHA256"":""de3c5b1e138a6dd629fe995931e95d1ebfde4edd2c126f5fa7457a8336832a24"",""collectionRecordId"":""collection-fd0e9b5e0961d8b1""}",2026-09-23-rolling20-c2697de31ff6788c,atlas-rolling20-A,reference,,2026-09-28T07:59:39.699Z,2026-09-23,357000,005380,현대차,auto,2026-09-30,3,true,"{""p05"":null,""p10"":338830.65017874003,""p25"":null,""p50"":356095.96798532986,""p75"":null,""p90"":377059.9205082736,""p95"":null}",345000,11095.967985329858,3.2162226044434377,2.5,false,-0.0025323025621012407,-0.03361344537815125,down,down,true,338830.65017874003,377059.9205082736,true,10.708479083902954,38229.27032953355,0.10708479083902955,"{""up"":0.46255,""flat"":0.021,""down"":0.51645}",0.44821410500000003,2,방향 맞고 크기 틀림,,"{""sourceUrl"":""https://api.stock.naver.com/chart/domestic/item/005380/minute?startDateTime=202609301525&endDateTime=202609301545"",""rawHash"":""f5c7331f6826f368a29c3edc427824145984185e9949ee1f75155d66f97b6363"",""observedAt"":""2026-09-30T08:22:04Z"",""finalClose"":true}",1,2026-09-30T08:22:04Z,v1
score-8add4f96b9845bdb,score,2026-09-30,2026-09-30T08:22:04Z,,,"{""forecastId"":""2026-09-23-rolling20-c2697de31ff6788c"",""inputSnapshotSHA256"":""de3c5b1e138a6dd629fe995931e95d1ebfde4edd2c126f5fa7457a8336832a24"",""collectionRecordId"":""collection-fd0e9b5e0961d8b1""}",2026-09-23-rolling20-c2697de31ff6788c,atlas-rolling20-A,reference,,2026-09-28T07:59:39.699Z,2026-09-23,1373000,207940,삼성바이오로직스,bio,2026-09-30,3,true,"{""p05"":null,""p10"":1315392.8459478796,""p25"":null,""p50"":1372560.1020155745,""p75"":null,""p90"":1435443.4799421977,""p95"":null}",1391000,-18439.897984425537,1.32565765524267,2.5,true,-0.0003203918313369192,0.013109978150036339,down,up,false,1315392.8459478796,1435443.4799421977,true,8.743673269797384,120050.63399431808,0.08743673269797383,"{""up"":0.48185,""flat"":0.0266,""down"":0.49155}",0.510808385,3,크기 허용·방향 틀림,,"{""sourceUrl"":""https://api.stock.naver.com/chart/domestic/item/207940/minute?startDateTime=202609301525&endDateTime=202609301545"",""rawHash"":""dac02dd2da930150c6b72ec83998c734ce586e4821d7562d2b229b34efb9933c"",""observedAt"":""2026-09-30T08:22:04Z"",""finalClose"":true}",1,2026-09-30T08:22:04Z,v1
score-7ee61240f7521cba,score,2026-09-30,2026-09-30T08:22:04Z,,,"{""forecastId"":""2026-09-23-rolling20-c2697de31ff6788c"",""inputSnapshotSHA256"":""de3c5b1e138a6dd629fe995931e95d1ebfde4edd2c126f5fa7457a8336832a24"",""collectionRecordId"":""collection-fd0e9b5e0961d8b1""}",2026-09-23-rolling20-c2697de31ff6788c,atlas-rolling20-A,reference,,2026-09-28T07:59:39.699Z,2026-09-23,174100,105560,KB금융,fin,2026-09-30,3,true,"{""p05"":null,""p10"":167831.82280183953,""p25"":null,""p50"":174984.8348184986,""p75"":null,""p90"":182331.8650620349,""p95"":null}",168800,6184.83481849861,3.6640016697266646,2.5,false,0.005082336694420597,-0.030442274554853488,up,down,false,167831.82280183953,182331.8650620349,true,8.328571085695211,14500.042260195361,0.0832857108569521,"{""up"":0.55295,""flat"":0.026,""down"":0.42105}",0.6416128050000002,4,방향·크기 모두 틀림,,"{""sourceUrl"":""https://api.stock.naver.com/chart/domestic/item/105560/minute?startDateTime=202609301525&endDateTime=202609301545"",""rawHash"":""2c1a8a37d2d06dee0c55eef4d03c4d1bbf198a3662cc7b1328f72850064796d4"",""observedAt"":""2026-09-30T08:22:04Z"",""finalClose"":true}",1,2026-09-30T08:22:04Z,v1
score-c3cfdfea66774fde,score,2026-09-30,2026-09-30T08:22:04Z,,,"{""forecastId"":""2026-09-23-rolling20-c2697de31ff6788c"",""inputSnapshotSHA256"":""de3c5b1e138a6dd629fe995931e95d1ebfde4edd2c126f5fa7457a8336832a24"",""collectionRecordId"":""collection-fd0e9b5e0961d8b1""}",2026-09-23-rolling20-c2697de31ff6788c,atlas-rolling20-A,reference,,2026-09-28T07:59:39.699Z,2026-09-23,368500,028260,삼성물산,util,2026-09-30,3,true,"{""p05"":null,""p10"":348793.72612907656,""p25"":null,""p50"":367976.88736942306,""p75"":null,""p90"":389713.65311465814,""p95"":null}",341500,26476.887369423057,7.753114895877908,2.5,false,-0.001419572945934755,-0.07327001356852103,down,down,true,348793.72612907656,389713.65311465814,false,11.10445779798686,113857.18827634718,0.308974730736356,"{""up"":0.47545,""flat"":0.01965,""down"":0.5049}",0.47156283499999996,2,방향 맞고 크기 틀림,,"{""sourceUrl"":""https://api.stock.naver.com/chart/domestic/item/028260/minute?startDateTime=202609301525&endDateTime=202609301545"",""rawHash"":""adbe43348015419d4233fd1808231f136e855fb5f46e5bb380e21c1d673e2342"",""observedAt"":""2026-09-30T08:22:04Z"",""finalClose"":true}",1,2026-09-30T08:22:04Z,v1
score-4528f32d8fe5ac4a,score,2026-09-30,2026-09-30T08:22:04Z,,,"{""forecastId"":""2026-09-23-rolling20-c2697de31ff6788c"",""inputSnapshotSHA256"":""de3c5b1e138a6dd629fe995931e95d1ebfde4edd2c126f5fa7457a8336832a24"",""collectionRecordId"":""collection-fd0e9b5e0961d8b1""}",2026-09-23-rolling20-c2697de31ff6788c,atlas-rolling20-A,reference,,2026-09-28T07:59:39.699Z,2026-09-23,295000,032830,삼성생명보험,fin,2026-09-30,3,true,"{""p05"":null,""p10"":280149.59287877753,""p25"":null,""p50"":295238.4871548463,""p75"":null,""p90"":313782.762166354,""p95"":null}",282000,13238.487154846312,4.694498991080252,2.5,false,0.0008084310333773548,-0.04406779661016946,up,down,false,280149.59287877753,313782.762166354,true,11.40107433477168,33633.16928757646,0.1140107433477168,"{""up"":0.4982,""flat"":0.0202,""down"":0.4816}",0.51734984,4,방향·크기 모두 틀림,,"{""sourceUrl"":""https://api.stock.naver.com/chart/domestic/item/032830/minute?startDateTime=202609301525&endDateTime=202609301545"",""rawHash"":""02ff2bc454e31f4184a4ce31de01aa1f4337a65a156a6fe2b17590aa22d633b5"",""observedAt"":""2026-09-30T08:22:04Z"",""finalClose"":true}",1,2026-09-30T08:22:04Z,v1
score-834cec5f240fcf74,score,2026-09-30,2026-09-30T08:22:04Z,,,"{""forecastId"":""2026-09-23-rolling20-c2697de31ff6788c"",""inputSnapshotSHA256"":""de3c5b1e138a6dd629fe995931e95d1ebfde4edd2c126f5fa7457a8336832a24"",""collectionRecordId"":""collection-fd0e9b5e0961d8b1""}",2026-09-23-rolling20-c2697de31ff6788c,atlas-rolling20-A,reference,,2026-09-28T07:59:39.699Z,2026-09-23,1031000,012450,한화에어로스페이스,heavy,2026-09-30,3,true,"{""p05"":null,""p10"":947458.2827470347,""p25"":null,""p50"":1029338.4809779678,""p75"":null,""p90"":1125954.7278854067,""p95"":null}",1007000,22338.480977967847,2.218319858785288,2.5,true,-0.0016115606421261974,-0.023278370514064006,down,down,true,947458.2827470347,1125954.7278854067,true,17.31294327239302,178496.44513837202,0.1731294327239302,"{""up"":0.48205,""flat"":0.0134,""down"":0.50455}",0.4780224649999999,1,방향·크기 모두 맞음,,"{""sourceUrl"":""https://api.stock.naver.com/chart/domestic/item/012450/minute?startDateTime=202609301525&endDateTime=202609301545"",""rawHash"":""217f47f5c6bf11c287f34b3c35a6a52a7b9c8ef6e058ec5897e828c39715911f"",""observedAt"":""2026-09-30T08:22:04Z"",""finalClose"":true}",1,2026-09-30T08:22:04Z,v1
score-75ddf443f2917828,score,2026-09-30,2026-09-30T08:22:04Z,,,"{""forecastId"":""2026-09-23-rolling20-c2697de31ff6788c"",""inputSnapshotSHA256"":""de3c5b1e138a6dd629fe995931e95d1ebfde4edd2c126f5fa7457a8336832a24"",""collectionRecordId"":""collection-fd0e9b5e0961d8b1""}",2026-09-23-rolling20-c2697de31ff6788c,atlas-rolling20-A,reference,,2026-09-28T07:59:39.699Z,2026-09-23,82700,034020,두산에너빌리티,heavy,2026-09-30,3,true,"{""p05"":null,""p10"":75995.20709595806,""p25"":null,""p50"":82576.82682773516,""p75"":null,""p90"":90112.35420604845,""p95"":null}",81600,976.8268277351599,1.197091700655833,2.5,true,-0.0014893974880875183,-0.013301088270858519,down,down,true,75995.20709595806,90112.35420604845,true,17.07031089490978,14117.147110090387,0.1707031089490978,"{""up"":0.4847,""flat"":0.0117,""down"":0.5036}",0.48148393999999994,1,방향·크기 모두 맞음,,"{""sourceUrl"":""https://api.stock.naver.com/chart/domestic/item/034020/minute?startDateTime=202609301525&endDateTime=202609301545"",""rawHash"":""3396bb96c3e8e65d2d3a4bcdbd029b488ffcee55b36d35f9ab525478e96eeaec"",""observedAt"":""2026-09-30T08:22:04Z"",""finalClose"":true}",1,2026-09-30T08:22:04Z,v1
score-73413152855b5162,score,2026-09-30,2026-09-30T08:22:04Z,,,"{""forecastId"":""2026-09-23-rolling20-c2697de31ff6788c"",""inputSnapshotSHA256"":""de3c5b1e138a6dd629fe995931e95d1ebfde4edd2c126f5fa7457a8336832a24"",""collectionRecordId"":""collection-fd0e9b5e0961d8b1""}",2026-09-23-rolling20-c2697de31ff6788c,atlas-rolling20-A,reference,,2026-09-28T07:59:39.699Z,2026-09-23,444000,329180,HD현대중공업,heavy,2026-09-30,3,true,"{""p05"":null,""p10"":419701.7703804086,""p25"":null,""p50"":451229.34792306984,""p75"":null,""p90"":487506.71124766406,""p95"":null}",433500,17729.347923069843,4.0898149764867,2.5,false,0.016282315142049253,-0.023648648648648685,up,down,false,419701.7703804086,487506.71124766406,true,15.271383078210684,67804.94086725544,0.15271383078210685,"{""up"":0.6109,""flat"":0.01315,""down"":0.37595}",0.7628101350000001,4,방향·크기 모두 틀림,,"{""sourceUrl"":""https://api.stock.naver.com/chart/domestic/item/329180/minute?startDateTime=202609301525&endDateTime=202609301545"",""rawHash"":""7b3b9019fbaed79e5d73f74fc1107d037a7760565b5198cc8a2a265485bede04"",""observedAt"":""2026-09-30T08:22:04Z"",""finalClose"":true}",1,2026-09-30T08:22:04Z,v1
score-2b7231f4f548e336,score,2026-09-30,2026-09-30T08:22:04Z,,,"{""forecastId"":""2026-09-23-rolling20-c2697de31ff6788c"",""inputSnapshotSHA256"":""de3c5b1e138a6dd629fe995931e95d1ebfde4edd2c126f5fa7457a8336832a24"",""collectionRecordId"":""collection-fd0e9b5e0961d8b1""}",2026-09-23-rolling20-c2697de31ff6788c,atlas-rolling20-A,reference,,2026-09-28T07:59:39.699Z,2026-09-23,607000,034730,SK,util,2026-09-30,3,true,"{""p05"":null,""p10"":559056.6993910035,""p25"":null,""p50"":605902.7786077515,""p75"":null,""p90"":660029.7033165816,""p95"":null}",588000,17902.778607751476,3.0446902394135162,2.5,false,-0.001807613496290772,-0.03130148270181221,down,down,true,559056.6993910035,660029.7033165816,true,16.634761766981562,100973.00392557809,0.16634761766981562,"{""up"":0.48085,""flat"":0.0135,""down"":0.50565}",0.475780895,2,방향 맞고 크기 틀림,,"{""sourceUrl"":""https://api.stock.naver.com/chart/domestic/item/034730/minute?startDateTime=202609301525&endDateTime=202609301545"",""rawHash"":""f61397aaa9d15eb0ad7eb522fdd899174dfe4636e48e631fbdbe31ade58cb439"",""observedAt"":""2026-09-30T08:22:04Z"",""finalClose"":true}",1,2026-09-30T08:22:04Z,v1
score-2ac4f0ea0d177abe,score,2026-09-30,2026-09-30T08:22:04Z,,,"{""forecastId"":""2026-09-23-rolling20-c2697de31ff6788c"",""inputSnapshotSHA256"":""de3c5b1e138a6dd629fe995931e95d1ebfde4edd2c126f5fa7457a8336832a24"",""collectionRecordId"":""collection-fd0e9b5e0961d8b1""}",2026-09-23-rolling20-c2697de31ff6788c,atlas-rolling20-A,reference,,2026-09-28T07:59:39.699Z,2026-09-23,369000,012330,현대모비스,auto,2026-09-30,3,true,"{""p05"":null,""p10"":348511.77257173334,""p25"":null,""p50"":367813.9976803416,""p75"":null,""p90"":392022.26453239896,""p95"":null}",367000,813.9976803415921,0.2217977330631041,2.5,true,-0.003214098427258505,-0.005420054200542035,down,down,true,348511.77257173334,392022.26453239896,true,11.791461235952742,43510.49196066562,0.11791461235952742,"{""up"":0.45845,""flat"":0.01975,""down"":0.5218}",0.43924170500000004,1,방향·크기 모두 맞음,,"{""sourceUrl"":""https://api.stock.naver.com/chart/domestic/item/012330/minute?startDateTime=202609301525&endDateTime=202609301545"",""rawHash"":""afc7a51a04acd688e344e34f552fefdd5995bbe465dd48b5cc71958ed7c238dc"",""observedAt"":""2026-09-30T08:22:04Z"",""finalClose"":true}",1,2026-09-30T08:22:04Z,v1
score-a31974c800a34204,score,2026-09-30,2026-09-30T08:22:04Z,,,"{""forecastId"":""2026-09-23-rolling20-c2697de31ff6788c"",""inputSnapshotSHA256"":""de3c5b1e138a6dd629fe995931e95d1ebfde4edd2c126f5fa7457a8336832a24"",""collectionRecordId"":""collection-fd0e9b5e0961d8b1""}",2026-09-23-rolling20-c2697de31ff6788c,atlas-rolling20-A,reference,,2026-09-28T07:59:39.699Z,2026-09-23,210500,066570,LG전자,semi,2026-09-30,3,true,"{""p05"":null,""p10"":197248.64861674214,""p25"":null,""p50"":209895.17589298397,""p75"":null,""p90"":224975.0405235899,""p95"":null}",212500,-2604.8241070160293,1.2257995797722492,2.5,true,-0.002873273667534537,0.009501187648456089,down,up,false,197248.64861674214,224975.0405235899,true,13.1716826160797,27726.39190684777,0.131716826160797,"{""up"":0.46605,""flat"":0.0174,""down"":0.51655}",0.5522292649999998,3,크기 허용·방향 틀림,,"{""sourceUrl"":""https://api.stock.naver.com/chart/domestic/item/066570/minute?startDateTime=202609301525&endDateTime=202609301545"",""rawHash"":""15e67e254bd4c4c32a6179cab42e4c0b11f19a0341144a57b8be87566e56656e"",""observedAt"":""2026-09-30T08:22:04Z"",""finalClose"":true}",1,2026-09-30T08:22:04Z,v1
score-62601b748ddacd52,score,2026-09-30,2026-09-30T08:22:04Z,,,"{""forecastId"":""2026-09-23-rolling20-c2697de31ff6788c"",""inputSnapshotSHA256"":""de3c5b1e138a6dd629fe995931e95d1ebfde4edd2c126f5fa7457a8336832a24"",""collectionRecordId"":""collection-fd0e9b5e0961d8b1""}",2026-09-23-rolling20-c2697de31ff6788c,atlas-rolling20-A,reference,,2026-09-28T07:59:39.699Z,2026-09-23,196000,035420,NAVER,net,2026-09-30,3,true,"{""p05"":null,""p10"":186233.00801346698,""p25"":null,""p50"":195575.81186038704,""p75"":null,""p90"":206128.81419586984,""p95"":null}",193700,1875.811860387039,0.9684108726830352,2.5,true,-0.0021642252021069064,-0.011734693877550995,down,down,true,186233.00801346698,206128.81419586984,true,10.15092152163411,19895.806182402855,0.1015092152163411,"{""up"":0.46745,""flat"":0.0204,""down"":0.51215}",0.456923285,1,방향·크기 모두 맞음,,"{""sourceUrl"":""https://api.stock.naver.com/chart/domestic/item/035420/minute?startDateTime=202609301525&endDateTime=202609301545"",""rawHash"":""80e73d1ddd0123b0b2133e642ca9dff80e8683cca7dbce3ae3e71c68cf690670"",""observedAt"":""2026-09-30T08:22:04Z"",""finalClose"":true}",1,2026-09-30T08:22:04Z,v1
score-981a0aeb8f9d3aee,score,2026-09-30,2026-09-30T08:22:04Z,,,"{""forecastId"":""2026-09-23-rolling20-c2697de31ff6788c"",""inputSnapshotSHA256"":""de3c5b1e138a6dd629fe995931e95d1ebfde4edd2c126f5fa7457a8336832a24"",""collectionRecordId"":""collection-fd0e9b5e0961d8b1""}",2026-09-23-rolling20-c2697de31ff6788c,atlas-rolling20-A,reference,,2026-09-28T07:59:39.699Z,2026-09-23,207000,010120,LS ELECTRIC,heavy,2026-09-30,3,true,"{""p05"":null,""p10"":189952.9030509888,""p25"":null,""p50"":206088.42939733222,""p75"":null,""p90"":226405.81906838174,""p95"":null}",205000,1088.42939733222,0.5309411694303513,2.5,true,-0.004403722718201886,-0.009661835748792313,down,down,true,189952.9030509888,226405.81906838174,true,17.610104356228472,36452.91601739294,0.17610104356228473,"{""up"":0.46595,""flat"":0.0132,""down"":0.52085}",0.44686836499999993,1,방향·크기 모두 맞음,,"{""sourceUrl"":""https://api.stock.naver.com/chart/domestic/item/010120/minute?startDateTime=202609301525&endDateTime=202609301545"",""rawHash"":""356f830db23568e2ccc21f37f55da1ce664e54698600737286322ede138b0afc"",""observedAt"":""2026-09-30T08:22:04Z"",""finalClose"":true}",1,2026-09-30T08:22:04Z,v1
score-8fceaa71d3c57d87,score,2026-09-30,2026-09-30T08:22:04Z,,,"{""forecastId"":""2026-09-23-rolling20-c2697de31ff6788c"",""inputSnapshotSHA256"":""de3c5b1e138a6dd629fe995931e95d1ebfde4edd2c126f5fa7457a8336832a24"",""collectionRecordId"":""collection-fd0e9b5e0961d8b1""}",2026-09-23-rolling20-c2697de31ff6788c,atlas-rolling20-A,reference,,2026-09-28T07:59:39.699Z,2026-09-23,648000,000810,삼성화재,fin,2026-09-30,3,true,"{""p05"":null,""p10"":616253.66455175,""p25"":null,""p50"":645610.1360034051,""p75"":null,""p90"":682517.8067533436,""p95"":null}",633000,12610.136003405089,1.9921225913752112,2.5,true,-0.00368806172314029,-0.02314814814814814,down,down,true,616253.66455175,682517.8067533436,true,10.225947870616297,66264.14220159361,0.10225947870616298,"{""up"":0.45045,""flat"":0.0209,""down"":0.52865}",0.42551283500000003,1,방향·크기 모두 맞음,,"{""sourceUrl"":""https://api.stock.naver.com/chart/domestic/item/000810/minute?startDateTime=202609301525&endDateTime=202609301545"",""rawHash"":""0f82df4fd1ad35a8649746a8318889cb5ed6966187df06fa924e95f56eacf444"",""observedAt"":""2026-09-30T08:22:04Z"",""finalClose"":true}",1,2026-09-30T08:22:04Z,v1
score-f6315c6b8a287645,score,2026-09-30,2026-09-30T08:22:04Z,,,"{""forecastId"":""2026-09-23-rolling20-c2697de31ff6788c"",""inputSnapshotSHA256"":""de3c5b1e138a6dd629fe995931e95d1ebfde4edd2c126f5fa7457a8336832a24"",""collectionRecordId"":""collection-fd0e9b5e0961d8b1""}",2026-09-23-rolling20-c2697de31ff6788c,atlas-rolling20-A,reference,,2026-09-28T07:59:39.699Z,2026-09-23,311500,005490,POSCO홀딩스,chem,2026-09-30,3,true,"{""p05"":null,""p10"":296071.7748281793,""p25"":null,""p50"":310994.8474050297,""p75"":null,""p90"":328452.2977347226,""p95"":null}",306000,4994.847405029694,1.6323030735391157,2.5,true,-0.0016216776724568005,-0.017656500802568198,down,down,true,296071.7748281793,328452.2977347226,true,10.395031430672018,32380.522906543338,0.10395031430672018,"{""up"":0.47225,""flat"":0.0215,""down"":0.50625}",0.46727137500000004,1,방향·크기 모두 맞음,,"{""sourceUrl"":""https://api.stock.naver.com/chart/domestic/item/005490/minute?startDateTime=202609301525&endDateTime=202609301545"",""rawHash"":""e654ad42330e6dcc95118b005aff9b03e79614f52b05c48d56aaba684f3094d4"",""observedAt"":""2026-09-30T08:22:04Z"",""finalClose"":true}",1,2026-09-30T08:22:04Z,v1
score-9e68439def07842d,score,2026-09-30,2026-09-30T08:22:04Z,,,"{""forecastId"":""2026-09-23-rolling20-c2697de31ff6788c"",""inputSnapshotSHA256"":""de3c5b1e138a6dd629fe995931e95d1ebfde4edd2c126f5fa7457a8336832a24"",""collectionRecordId"":""collection-fd0e9b5e0961d8b1""}",2026-09-23-rolling20-c2697de31ff6788c,atlas-rolling20-A,reference,,2026-09-28T07:59:39.699Z,2026-09-23,1116000,010130,고려아연,chem,2026-09-30,3,true,"{""p05"":null,""p10"":1034268.857442923,""p25"":null,""p50"":1109428.5120177837,""p75"":null,""p90"":1213718.8214063868,""p95"":null}",1070000,39428.51201778371,3.6849076652134305,2.5,false,-0.005888430091591679,-0.04121863799283154,down,down,true,1034268.857442923,1213718.8214063868,true,16.079745874862347,179449.9639634638,0.16079745874862347,"{""up"":0.4512,""flat"":0.0141,""down"":0.5347}",0.42028434000000003,2,방향 맞고 크기 틀림,,"{""sourceUrl"":""https://api.stock.naver.com/chart/domestic/item/010130/minute?startDateTime=202609301525&endDateTime=202609301545"",""rawHash"":""8a66d5ff5eb6bdcdc61e2ae57be41a9fceb7c4ea9f4fa9cadebcb80a95214d89"",""observedAt"":""2026-09-30T08:22:04Z"",""finalClose"":true}",1,2026-09-30T08:22:04Z,v1
score-cf8d4b321096790b,score,2026-09-30,2026-09-30T08:22:04Z,,,"{""forecastId"":""2026-09-23-rolling20-c2697de31ff6788c"",""inputSnapshotSHA256"":""de3c5b1e138a6dd629fe995931e95d1ebfde4edd2c126f5fa7457a8336832a24"",""collectionRecordId"":""collection-fd0e9b5e0961d8b1""}",2026-09-23-rolling20-c2697de31ff6788c,atlas-rolling20-A,reference,,2026-09-28T07:59:39.699Z,2026-09-23,125500,138040,메리츠금융지주,fin,2026-09-30,3,true,"{""p05"":null,""p10"":120583.86658287031,""p25"":null,""p50"":125469.2572990543,""p75"":null,""p90"":131392.5225817497,""p95"":null}",126300,-830.7427009457024,0.657753524105861,2.5,true,-0.00024496176052357654,0.0063745019920318224,down,up,false,120583.86658287031,131392.5225817497,true,8.612474899505502,10808.655998879403,0.08612474899505501,"{""up"":0.4836,""flat"":0.0247,""down"":0.4917}",0.50904794,3,크기 허용·방향 틀림,,"{""sourceUrl"":""https://api.stock.naver.com/chart/domestic/item/138040/minute?startDateTime=202609301525&endDateTime=202609301545"",""rawHash"":""74913e22c2dbf6a21c77538fa8cc2418f490d19fd46305d355cb56ee632e45c3"",""observedAt"":""2026-09-30T08:22:04Z"",""finalClose"":true}",1,2026-09-30T08:22:04Z,v1
score-38cf137bef51ac2b,score,2026-09-30,2026-09-30T08:22:04Z,,,"{""forecastId"":""2026-09-23-rolling20-c2697de31ff6788c"",""inputSnapshotSHA256"":""de3c5b1e138a6dd629fe995931e95d1ebfde4edd2c126f5fa7457a8336832a24"",""collectionRecordId"":""collection-fd0e9b5e0961d8b1""}",2026-09-23-rolling20-c2697de31ff6788c,atlas-rolling20-A,reference,,2026-09-28T07:59:39.699Z,2026-09-23,30450,015760,한국전력,util,2026-09-30,3,true,"{""p05"":null,""p10"":28922.854714241428,""p25"":null,""p50"":30449.968490651496,""p75"":null,""p90"":32011.346162618625,""p95"":null}",29950,499.9684906514958,1.669343875297148,2.5,true,-0.0000010347897702045472,-0.016420361247947435,down,down,true,28922.854714241428,32011.346162618625,true,10.142829058710007,3088.4914483771972,0.10142829058710007,"{""up"":0.488,""flat"":0.02145,""down"":0.49055}",0.498143405,1,방향·크기 모두 맞음,,"{""sourceUrl"":""https://api.stock.naver.com/chart/domestic/item/015760/minute?startDateTime=202609301525&endDateTime=202609301545"",""rawHash"":""2669e05f678ffcc3f49a081222368052b1033333af4015ceecbe737c4392156b"",""observedAt"":""2026-09-30T08:22:04Z"",""finalClose"":true}",1,2026-09-30T08:22:04Z,v1
score-e4f5af30918dede0,score,2026-09-30,2026-09-30T08:22:04Z,,,"{""forecastId"":""2026-09-23-rolling20-c2697de31ff6788c"",""inputSnapshotSHA256"":""de3c5b1e138a6dd629fe995931e95d1ebfde4edd2c126f5fa7457a8336832a24"",""collectionRecordId"":""collection-fd0e9b5e0961d8b1""}",2026-09-23-rolling20-c2697de31ff6788c,atlas-rolling20-A,reference,,2026-09-28T07:59:39.699Z,2026-09-23,20850,011200,HMM,auto,2026-09-30,3,true,"{""p05"":null,""p10"":19984.758498504598,""p25"":null,""p50"":20821.624448532635,""p75"":null,""p90"":21764.194343607858,""p95"":null}",20850,-28.375551467364858,0.13609377202573072,2.5,true,-0.0013609377202573603,0,down,flat,false,19984.758498504598,21764.194343607858,true,8.534464484907724,1779.4358451032604,0.08534464484907724,"{""up"":0.46935,""flat"":0.02575,""down"":0.5049}",1.424376495,3,크기 허용·방향 틀림,,"{""sourceUrl"":""https://api.stock.naver.com/chart/domestic/item/011200/minute?startDateTime=202609301525&endDateTime=202609301545"",""rawHash"":""7a8d63c0900b5759008f7f0c600e54ea98aee31f4748d6695bc2d1a828b24048"",""observedAt"":""2026-09-30T08:22:04Z"",""finalClose"":true}",1,2026-09-30T08:22:04Z,v1
score-d100299e538f3a45,score,2026-09-30,2026-09-30T08:22:04Z,,,"{""forecastId"":""2026-09-23-rolling20-c2697de31ff6788c"",""inputSnapshotSHA256"":""de3c5b1e138a6dd629fe995931e95d1ebfde4edd2c126f5fa7457a8336832a24"",""collectionRecordId"":""collection-fd0e9b5e0961d8b1""}",2026-09-23-rolling20-c2697de31ff6788c,atlas-rolling20-A,reference,,2026-09-28T07:59:39.699Z,2026-09-23,253000,051910,LG화학,chem,2026-09-30,3,true,"{""p05"":null,""p10"":235054.2043161072,""p25"":null,""p50"":253017.05865423038,""p75"":null,""p90"":272672.5729826632,""p95"":null}",251000,2017.058654230379,0.8036090255897923,2.5,true,0.00006742551079197412,-0.007905138339920903,up,down,false,235054.2043161072,272672.5729826632,true,14.868920421563622,37618.368666555965,0.14868920421563622,"{""up"":0.4933,""flat"":0.0152,""down"":0.4915}",0.5021481799999999,3,크기 허용·방향 틀림,,"{""sourceUrl"":""https://api.stock.naver.com/chart/domestic/item/051910/minute?startDateTime=202609301525&endDateTime=202609301545"",""rawHash"":""c38621384c4d49bfadf1e4a7d1c5a7b4c9ca6416afdc8c1decc19d98a9c42e32"",""observedAt"":""2026-09-30T08:22:04Z"",""finalClose"":true}",1,2026-09-30T08:22:04Z,v1
score-97b9a0b717ba4a05,score,2026-09-30,2026-09-30T08:22:04Z,,,"{""forecastId"":""2026-09-23-rolling20-c2697de31ff6788c"",""inputSnapshotSHA256"":""de3c5b1e138a6dd629fe995931e95d1ebfde4edd2c126f5fa7457a8336832a24"",""collectionRecordId"":""collection-fd0e9b5e0961d8b1""}",2026-09-23-rolling20-c2697de31ff6788c,atlas-rolling20-A,reference,,2026-09-28T07:59:39.699Z,2026-09-23,87000,017670,SK텔레콤,net,2026-09-30,3,true,"{""p05"":null,""p10"":84086.76507069649,""p25"":null,""p50"":86915.60625858334,""p75"":null,""p90"":90156.1099998852,""p95"":null}",85600,1315.6062585833424,1.5369231992796055,2.5,true,-0.0009700430047892006,-0.016091954022988464,down,down,true,84086.76507069649,90156.1099998852,true,6.9762585392973655,6069.344929188708,0.06976258539297366,"{""up"":0.4659,""flat"":0.0344,""down"":0.4997}",0.46854626,1,방향·크기 모두 맞음,,"{""sourceUrl"":""https://api.stock.naver.com/chart/domestic/item/017670/minute?startDateTime=202609301525&endDateTime=202609301545"",""rawHash"":""d35823e8f5a14bc705430c9ba2f8b126ada570d74ecfc83df9e0414b689de736"",""observedAt"":""2026-09-30T08:22:04Z"",""finalClose"":true}",1,2026-09-30T08:22:04Z,v1
score-ec7f31e23fdc8136,score,2026-09-30,2026-09-30T08:22:04Z,,,"{""forecastId"":""2026-09-23-rolling20-c2697de31ff6788c"",""inputSnapshotSHA256"":""de3c5b1e138a6dd629fe995931e95d1ebfde4edd2c126f5fa7457a8336832a24"",""collectionRecordId"":""collection-fd0e9b5e0961d8b1""}",2026-09-23-rolling20-c2697de31ff6788c,atlas-rolling20-A,reference,,2026-09-28T07:59:39.699Z,2026-09-23,174500,033780,KT&G,cons,2026-09-30,3,true,"{""p05"":null,""p10"":169436.8312883802,""p25"":null,""p50"":174782.94939144712,""p75"":null,""p90"":180823.9440966862,""p95"":null}",176200,-1417.050608552876,0.8042284952059454,2.5,true,0.001621486483937673,0.009742120343839478,up,up,true,169436.8312883802,180823.9440966862,true,6.525566079258454,11387.112808306003,0.06525566079258455,"{""up"":0.51045,""flat"":0.03435,""down"":0.4552}",0.44804616500000005,1,방향·크기 모두 맞음,,"{""sourceUrl"":""https://api.stock.naver.com/chart/domestic/item/033780/minute?startDateTime=202609301525&endDateTime=202609301545"",""rawHash"":""88dc3516268b3cde762d33a1b451e231dbe036868b66b8315d57761f9035caa3"",""observedAt"":""2026-09-30T08:22:04Z"",""finalClose"":true}",1,2026-09-30T08:22:04Z,v1
score-bfc9913864bcb1f9,score,2026-09-30,2026-09-30T08:22:04Z,,,"{""forecastId"":""2026-09-23-rolling20-c2697de31ff6788c"",""inputSnapshotSHA256"":""de3c5b1e138a6dd629fe995931e95d1ebfde4edd2c126f5fa7457a8336832a24"",""collectionRecordId"":""collection-fd0e9b5e0961d8b1""}",2026-09-23-rolling20-c2697de31ff6788c,atlas-rolling20-A,reference,,2026-09-28T07:59:39.699Z,2026-09-23,251500,196170,알테오젠,bio,2026-09-30,3,true,"{""p05"":null,""p10"":239030.3373700649,""p25"":null,""p50"":254266.25475412607,""p75"":null,""p90"":271890.8830826815,""p95"":null}",254500,-233.74524587392807,0.09184489032374384,2.5,true,0.010999024867300422,0.011928429423459175,up,up,true,239030.3373700649,271890.8830826815,true,13.065823344976785,32860.545712616615,0.13065823344976785,"{""up"":0.58665,""flat"":0.016,""down"":0.39735}",0.32900124499999994,1,방향·크기 모두 맞음,,"{""sourceUrl"":""https://api.stock.naver.com/chart/domestic/item/196170/minute?startDateTime=202609301525&endDateTime=202609301545"",""rawHash"":""0c0ce54f8e6931663593400efc6bdf814e69b0e33c33682335ea4075c913c83a"",""observedAt"":""2026-09-30T08:22:04Z"",""finalClose"":true}",1,2026-09-30T08:22:04Z,v1
score-7eed2271ad899242,score,2026-09-30,2026-09-30T08:22:04Z,,,"{""forecastId"":""2026-09-23-rolling20-c2697de31ff6788c"",""inputSnapshotSHA256"":""de3c5b1e138a6dd629fe995931e95d1ebfde4edd2c126f5fa7457a8336832a24"",""collectionRecordId"":""collection-fd0e9b5e0961d8b1""}",2026-09-23-rolling20-c2697de31ff6788c,atlas-rolling20-A,reference,,2026-09-28T07:59:39.699Z,2026-09-23,221000,018260,삼성에스디에스,semi,2026-09-30,3,true,"{""p05"":null,""p10"":208900.16118429857,""p25"":null,""p50"":220496.61358858208,""p75"":null,""p90"":233016.2818641574,""p95"":null}",219000,1496.613588582084,0.6833852002657917,2.5,true,-0.002277766567501893,-0.009049773755656076,down,down,true,208900.16118429857,233016.2818641574,true,10.912271800841104,24116.12067985884,0.10912271800841104,"{""up"":0.467,""flat"":0.0202,""down"":0.5128}",0.45586088,1,방향·크기 모두 맞음,,"{""sourceUrl"":""https://api.stock.naver.com/chart/domestic/item/018260/minute?startDateTime=202609301525&endDateTime=202609301545"",""rawHash"":""d7a813a67708769e596e992b5545c4be112e054bebc69414cb13b1d150bcf153"",""observedAt"":""2026-09-30T08:22:04Z"",""finalClose"":true}",1,2026-09-30T08:22:04Z,v1
score-c5e03ceea5084052,score,2026-09-30,2026-09-30T08:22:04Z,,,"{""forecastId"":""2026-09-23-rolling20-c2697de31ff6788c"",""inputSnapshotSHA256"":""de3c5b1e138a6dd629fe995931e95d1ebfde4edd2c126f5fa7457a8336832a24"",""collectionRecordId"":""collection-fd0e9b5e0961d8b1""}",2026-09-23-rolling20-c2697de31ff6788c,atlas-rolling20-A,reference,,2026-09-28T07:59:39.699Z,2026-09-23,198000,086280,현대글로비스,auto,2026-09-30,3,true,"{""p05"":null,""p10"":187778.25371260944,""p25"":null,""p50"":197584.28380335096,""p75"":null,""p90"":209012.89655293265,""p95"":null}",196800,784.2838033509615,0.39851819275963496,2.5,true,-0.002099576750752674,-0.0060606060606061,down,down,true,187778.25371260944,209012.89655293265,true,10.72456709107233,21234.642840323213,0.1072456709107233,"{""up"":0.46825,""flat"":0.02035,""down"":0.5114}",0.45840214500000004,1,방향·크기 모두 맞음,,"{""sourceUrl"":""https://api.stock.naver.com/chart/domestic/item/086280/minute?startDateTime=202609301525&endDateTime=202609301545"",""rawHash"":""0b3ee15d8c73a00ff57dd293048fd8501f52acd54521981d43c98593fc60e87e"",""observedAt"":""2026-09-30T08:22:04Z"",""finalClose"":true}",1,2026-09-30T08:22:04Z,v1
score-56270fbd37a7a5d7,score,2026-09-30,2026-09-30T08:22:04Z,,,"{""forecastId"":""2026-09-23-rolling20-c2697de31ff6788c"",""inputSnapshotSHA256"":""de3c5b1e138a6dd629fe995931e95d1ebfde4edd2c126f5fa7457a8336832a24"",""collectionRecordId"":""collection-fd0e9b5e0961d8b1""}",2026-09-23-rolling20-c2697de31ff6788c,atlas-rolling20-A,reference,,2026-09-28T07:59:39.699Z,2026-09-23,122300,000720,현대건설,heavy,2026-09-30,3,true,"{""p05"":null,""p10"":112161.59748624859,""p25"":null,""p50"":121562.79973223322,""p75"":null,""p90"":134175.55030046514,""p95"":null}",117500,4062.799732233223,3.457701899772956,2.5,false,-0.006027802680022676,-0.03924775143090764,down,down,true,112161.59748624859,134175.55030046514,true,17.999961418002087,22013.95281421655,0.17999961418002086,"{""up"":0.457,""flat"":0.0116,""down"":0.5314}",0.42856952000000004,2,방향 맞고 크기 틀림,,"{""sourceUrl"":""https://api.stock.naver.com/chart/domestic/item/000720/minute?startDateTime=202609301525&endDateTime=202609301545"",""rawHash"":""6ff3fd80ac055bc2e143ea7fa1886e1baad8d866e8a1a3a95f7534e54a2000b0"",""observedAt"":""2026-09-30T08:22:04Z"",""finalClose"":true}",1,2026-09-30T08:22:04Z,v1
score-3667cbf2118b579d,score,2026-09-30,2026-09-30T08:22:04Z,,,"{""forecastId"":""2026-09-23-rolling20-c2697de31ff6788c"",""inputSnapshotSHA256"":""de3c5b1e138a6dd629fe995931e95d1ebfde4edd2c126f5fa7457a8336832a24"",""collectionRecordId"":""collection-fd0e9b5e0961d8b1""}",2026-09-23-rolling20-c2697de31ff6788c,atlas-rolling20-A,reference,,2026-09-28T07:59:39.699Z,2026-09-23,369000,278470,에이피알,cons,2026-09-30,3,true,"{""p05"":null,""p10"":339761.9769483271,""p25"":null,""p50"":368546.549464645,""p75"":null,""p90"":401039.8875477044,""p95"":null}",366000,2546.5494646449806,0.695778542252727,2.5,true,-0.0012288632394444887,-0.008130081300813052,down,down,true,339761.9769483271,401039.8875477044,true,16.60647983722962,61277.9105993773,0.1660647983722962,"{""up"":0.48515,""flat"":0.013,""down"":0.50185}",0.483692945,1,방향·크기 모두 맞음,,"{""sourceUrl"":""https://api.stock.naver.com/chart/domestic/item/278470/minute?startDateTime=202609301525&endDateTime=202609301545"",""rawHash"":""f35d299081f1eb5b583eec01c3d7bd22020d2b36926b90f9fb84fedca8b392b0"",""observedAt"":""2026-09-30T08:22:04Z"",""finalClose"":true}",1,2026-09-30T08:22:04Z,v1
score-3f32256e2970674b,score,2026-09-30,2026-09-30T08:22:04Z,,,"{""forecastId"":""2026-09-23-rolling20-c2697de31ff6788c"",""inputSnapshotSHA256"":""de3c5b1e138a6dd629fe995931e95d1ebfde4edd2c126f5fa7457a8336832a24"",""collectionRecordId"":""collection-fd0e9b5e0961d8b1""}",2026-09-23-rolling20-c2697de31ff6788c,atlas-rolling20-A,reference,,2026-09-28T07:59:39.699Z,2026-09-23,52900,030200,KT,net,2026-09-30,3,true,"{""p05"":null,""p10"":51361.15003901983,""p25"":null,""p50"":52894.78012265313,""p75"":null,""p90"":54556.92322647807,""p95"":null}",52300,594.7801226531301,1.1372468884381073,2.5,true,-0.00009867442999755838,-0.011342155009451793,down,down,true,51361.15003901983,54556.92322647807,true,6.041159144533546,3195.773187458246,0.060411591445335464,"{""up"":0.4804,""flat"":0.03625,""down"":0.48335}",0.499025445,1,방향·크기 모두 맞음,,"{""sourceUrl"":""https://api.stock.naver.com/chart/domestic/item/030200/minute?startDateTime=202609301525&endDateTime=202609301545"",""rawHash"":""78097f4c6fec0062cf9e65bf10dbc7f8edb8520198147bbb868fa3bdb0518577"",""observedAt"":""2026-09-30T08:22:04Z"",""finalClose"":true}",1,2026-09-30T08:22:04Z,v1
score-1476e2382ebe2950,score,2026-09-30,2026-09-30T08:22:04Z,,,"{""forecastId"":""2026-09-23-rolling20-c2697de31ff6788c"",""inputSnapshotSHA256"":""de3c5b1e138a6dd629fe995931e95d1ebfde4edd2c126f5fa7457a8336832a24"",""collectionRecordId"":""collection-fd0e9b5e0961d8b1""}",2026-09-23-rolling20-c2697de31ff6788c,atlas-rolling20-A,reference,,2026-09-28T07:59:39.699Z,2026-09-23,31500,003490,대한항공,auto,2026-09-30,3,true,"{""p05"":null,""p10"":29728.4297843735,""p25"":null,""p50"":31230.827488611263,""p75"":null,""p90"":33023.0548704492,""p95"":null}",32000,-769.1725113887369,2.403664098089803,2.5,true,-0.008545159091705945,0.015873015873015817,down,up,false,29728.4297843735,33023.0548704492,true,10.459127257383184,3294.6250860757027,0.10459127257383183,"{""up"":0.40095,""flat"":0.0205,""down"":0.57855}",0.6940012550000001,3,크기 허용·방향 틀림,,"{""sourceUrl"":""https://api.stock.naver.com/chart/domestic/item/003490/minute?startDateTime=202609301525&endDateTime=202609301545"",""rawHash"":""ed5d2ca2f14a5b49ee922437f55810435444724c7b53cfa780258d181226dd10"",""observedAt"":""2026-09-30T08:22:04Z"",""finalClose"":true}",1,2026-09-30T08:22:04Z,v1
score-ae3bd3cd06590406,score,2026-09-30,2026-09-30T08:22:04Z,,,"{""forecastId"":""2026-09-23-rolling20-c2697de31ff6788c"",""inputSnapshotSHA256"":""de3c5b1e138a6dd629fe995931e95d1ebfde4edd2c126f5fa7457a8336832a24"",""collectionRecordId"":""collection-fd0e9b5e0961d8b1""}",2026-09-23-rolling20-c2697de31ff6788c,atlas-rolling20-A,reference,,2026-09-28T07:59:39.699Z,2026-09-23,55500,047050,포스코인터내셔널,util,2026-09-30,3,true,"{""p05"":null,""p10"":52397.71085791586,""p25"":null,""p50"":55497.241224157544,""p75"":null,""p90"":59203.65893473524,""p95"":null}",56900,-1402.758775842456,2.465305405698517,2.5,true,-0.00004970767283707378,0.02522522522522519,down,up,false,52397.71085791586,59203.65893473524,true,12.262969507782671,6805.948076819383,0.12262969507782671,"{""up"":0.48905,""flat"":0.01905,""down"":0.4919}",0.5033984149999999,3,크기 허용·방향 틀림,,"{""sourceUrl"":""https://api.stock.naver.com/chart/domestic/item/047050/minute?startDateTime=202609301525&endDateTime=202609301545"",""rawHash"":""762970b06e8ba88a7484f56f9958bea658cdd7116eb6c5e93b9b083abc7689ef"",""observedAt"":""2026-09-30T08:22:04Z"",""finalClose"":true}",1,2026-09-30T08:22:04Z,v1
score-39b3100b5de7840f,score,2026-09-30,2026-09-30T08:22:04Z,,,"{""forecastId"":""2026-09-23-rolling20-c2697de31ff6788c"",""inputSnapshotSHA256"":""de3c5b1e138a6dd629fe995931e95d1ebfde4edd2c126f5fa7457a8336832a24"",""collectionRecordId"":""collection-fd0e9b5e0961d8b1""}",2026-09-23-rolling20-c2697de31ff6788c,atlas-rolling20-A,reference,,2026-09-28T07:59:39.699Z,2026-09-23,1218000,003230,삼양식품,cons,2026-09-30,3,true,"{""p05"":null,""p10"":1141581.2967128516,""p25"":null,""p50"":1212332.6439403207,""p75"":null,""p90"":1305785.815611265,""p95"":null}",1213000,-667.3560596792959,0.05501698760752645,2.5,true,-0.004653001691033887,-0.004105090311986914,down,down,true,1141581.2967128516,1305785.815611265,true,13.481487594286806,164204.51889841328,0.13481487594286806,"{""up"":0.4552,""flat"":0.01495,""down"":0.52985}",0.42847156499999994,1,방향·크기 모두 맞음,,"{""sourceUrl"":""https://api.stock.naver.com/chart/domestic/item/003230/minute?startDateTime=202609301525&endDateTime=202609301545"",""rawHash"":""749463dd16fe3d4c073b7f2064d26f6a8dadc50cc2da4c85874c506b3321952c"",""observedAt"":""2026-09-30T08:22:04Z"",""finalClose"":true}",1,2026-09-30T08:22:04Z,v1
score-147f15f66d189313,score,2026-09-30,2026-09-30T08:22:04Z,,,"{""forecastId"":""2026-09-23-rolling20-c2697de31ff6788c"",""inputSnapshotSHA256"":""de3c5b1e138a6dd629fe995931e95d1ebfde4edd2c126f5fa7457a8336832a24"",""collectionRecordId"":""collection-fd0e9b5e0961d8b1""}",2026-09-23-rolling20-c2697de31ff6788c,atlas-rolling20-A,reference,,2026-09-28T07:59:39.699Z,2026-09-23,198500,259960,크래프톤,net,2026-09-30,3,true,"{""p05"":null,""p10"":190002.25459468542,""p25"":null,""p50"":198670.8910732349,""p75"":null,""p90"":207305.93879219113,""p95"":null}",194900,3770.891073234903,1.9347824901153943,2.5,true,0.0008609122077325448,-0.01813602015113347,up,down,false,190002.25459468542,207305.93879219113,true,8.717221258189271,17303.684197505703,0.08717221258189271,"{""up"":0.4985,""flat"":0.02535,""down"":0.47615}",0.523563695,3,크기 허용·방향 틀림,,"{""sourceUrl"":""https://api.stock.naver.com/chart/domestic/item/259960/minute?startDateTime=202609301525&endDateTime=202609301545"",""rawHash"":""261d9d02889f6936c8f552ce77e8bae505855ff1ebf0e773b6c588ea80798528"",""observedAt"":""2026-09-30T08:22:04Z"",""finalClose"":true}",1,2026-09-30T08:22:04Z,v1
score-74cc20b645c24986,score,2026-09-30,2026-09-30T08:22:04Z,,,"{""forecastId"":""2026-09-23-rolling20-c2697de31ff6788c"",""inputSnapshotSHA256"":""de3c5b1e138a6dd629fe995931e95d1ebfde4edd2c126f5fa7457a8336832a24"",""collectionRecordId"":""collection-fd0e9b5e0961d8b1""}",2026-09-23-rolling20-c2697de31ff6788c,atlas-rolling20-A,reference,,2026-09-28T07:59:39.699Z,2026-09-23,99700,021240,코웨이,cons,2026-09-30,3,true,"{""p05"":null,""p10"":95036.68400208047,""p25"":null,""p50"":99745.68016402858,""p75"":null,""p90"":105486.83520491571,""p95"":null}",99400,345.68016402858484,0.34776676461628253,2.5,true,0.0004581761687922903,-0.0030090270812437314,up,down,false,95036.68400208047,105486.83520491571,true,10.481595990807667,10450.151202835244,0.10481595990807667,"{""up"":0.49455,""flat"":0.02095,""down"":0.4845}",0.5107588550000001,3,크기 허용·방향 틀림,,"{""sourceUrl"":""https://api.stock.naver.com/chart/domestic/item/021240/minute?startDateTime=202609301525&endDateTime=202609301545"",""rawHash"":""646b8270e53d676b7a80a54e911699490eacb477c9c220fb1129fcbc2560d2d3"",""observedAt"":""2026-09-30T08:22:04Z"",""finalClose"":true}",1,2026-09-30T08:22:04Z,v1
score-9f4cd29994602907,score,2026-09-30,2026-09-30T08:22:04Z,,,"{""forecastId"":""2026-09-23-rolling20-c2697de31ff6788c"",""inputSnapshotSHA256"":""de3c5b1e138a6dd629fe995931e95d1ebfde4edd2c126f5fa7457a8336832a24"",""collectionRecordId"":""collection-fd0e9b5e0961d8b1""}",2026-09-23-rolling20-c2697de31ff6788c,atlas-rolling20-A,reference,,2026-09-28T07:59:39.699Z,2026-09-23,157700,352820,하이브,net,2026-09-30,3,true,"{""p05"":null,""p10"":149601.98256790804,""p25"":null,""p50"":157651.86949979328,""p75"":null,""p90"":166462.14768097832,""p95"":null}",156600,1051.8694997932762,0.6716918900340205,2.5,true,-0.0003052029182417648,-0.0069752694990488084,down,down,true,149601.98256790804,166462.14768097832,true,10.691290496556933,16860.16511307028,0.10691290496556932,"{""up"":0.48635,""flat"":0.02055,""down"":0.4931}",0.49390623499999997,1,방향·크기 모두 맞음,,"{""sourceUrl"":""https://api.stock.naver.com/chart/domestic/item/352820/minute?startDateTime=202609301525&endDateTime=202609301545"",""rawHash"":""0eb5c50a593ba209577586c14115a3bbd8feb54e4ad746d6b425ba5abe5f082b"",""observedAt"":""2026-09-30T08:22:04Z"",""finalClose"":true}",1,2026-09-30T08:22:04Z,v1
score-92da394b5b3b1b66,score,2026-09-30,2026-09-30T08:22:04Z,,,"{""forecastId"":""2026-09-23-rolling20-c2697de31ff6788c"",""inputSnapshotSHA256"":""de3c5b1e138a6dd629fe995931e95d1ebfde4edd2c126f5fa7457a8336832a24"",""collectionRecordId"":""collection-fd0e9b5e0961d8b1""}",2026-09-23-rolling20-c2697de31ff6788c,atlas-rolling20-A,reference,,2026-09-28T07:59:39.699Z,2026-09-23,29400,009830,한화솔루션,chem,2026-09-30,3,true,"{""p05"":null,""p10"":27513.149109973194,""p25"":null,""p50"":29410.897012242247,""p75"":null,""p90"":31711.872949760877,""p95"":null}",33900,-4489.102987757753,13.242191704300158,2.5,false,0.000370646674906272,0.15306122448979598,up,up,true,27513.149109973194,31711.872949760877,false,14.28137360472001,26079.994342178918,0.8870746374890788,"{""up"":0.49525,""flat"":0.01625,""down"":0.4885}",0.493668875,2,방향 맞고 크기 틀림,,"{""sourceUrl"":""https://api.stock.naver.com/chart/domestic/item/009830/minute?startDateTime=202609301525&endDateTime=202609301545"",""rawHash"":""59a460075a76efa93973bda087581453ebdc72e009b5c1b4ffc4ad89b91753fc"",""observedAt"":""2026-09-30T08:22:04Z"",""finalClose"":true}",1,2026-09-30T08:22:04Z,v1
score-859d703b6148d749,score,2026-09-30,2026-09-30T08:22:04Z,,,"{""forecastId"":""2026-09-23-rolling20-c2697de31ff6788c"",""inputSnapshotSHA256"":""de3c5b1e138a6dd629fe995931e95d1ebfde4edd2c126f5fa7457a8336832a24"",""collectionRecordId"":""collection-fd0e9b5e0961d8b1""}",2026-09-23-rolling20-c2697de31ff6788c,atlas-rolling20-A,reference,,2026-09-28T07:59:39.699Z,2026-09-23,42750,029780,삼성카드,fin,2026-09-30,3,true,"{""p05"":null,""p10"":41371.53448733625,""p25"":null,""p50"":42743.88177908206,""p75"":null,""p90"":44130.16018368792,""p95"":null}",42200,543.8817790820613,1.2888193817110456,2.5,true,-0.0001431162787821627,-0.012865497076023358,down,down,true,41371.53448733625,44130.16018368792,true,6.452925605500987,2758.6256963516716,0.06452925605500986,"{""up"":0.4798,""flat"":0.03635,""down"":0.48385}",0.497940185,1,방향·크기 모두 맞음,,"{""sourceUrl"":""https://api.stock.naver.com/chart/domestic/item/029780/minute?startDateTime=202609301525&endDateTime=202609301545"",""rawHash"":""afb44b0ed3d28e13cc487cbb8e739ca21b16d2d0243fe3b0d5caa3e93d2f94f6"",""observedAt"":""2026-09-30T08:22:04Z"",""finalClose"":true}",1,2026-09-30T08:22:04Z,v1
score-2c08c24e8be29583,score,2026-09-30,2026-09-30T08:22:04Z,,,"{""forecastId"":""2026-09-23-rolling20-c2697de31ff6788c"",""inputSnapshotSHA256"":""de3c5b1e138a6dd629fe995931e95d1ebfde4edd2c126f5fa7457a8336832a24"",""collectionRecordId"":""collection-fd0e9b5e0961d8b1""}",2026-09-23-rolling20-c2697de31ff6788c,atlas-rolling20-A,reference,,2026-09-28T07:59:39.699Z,2026-09-23,31050,028300,HLB,bio,2026-09-30,3,true,"{""p05"":null,""p10"":28777.23985126478,""p25"":null,""p50"":31061.50117799839,""p75"":null,""p90"":33707.727804826856,""p95"":null}",41400,-10338.49882200161,24.97221937681548,2.5,false,0.000370408309126935,0.33333333333333326,up,up,true,28777.23985126478,33707.727804826856,false,15.879188256238566,81853.20990529351,2.6361742320545414,"{""up"":0.4962,""flat"":0.01245,""down"":0.49135}",0.49539426500000006,2,방향 맞고 크기 틀림,,"{""sourceUrl"":""https://api.stock.naver.com/chart/domestic/item/028300/minute?startDateTime=202609301525&endDateTime=202609301545"",""rawHash"":""ebbf83557e12b1cc19850640b761f1d1b9ac33efdc23a48eaed58df148f041fd"",""observedAt"":""2026-09-30T08:22:04Z"",""finalClose"":true}",1,2026-09-30T08:22:04Z,v1
score-98ee631b4065399a,score,2026-09-30,2026-09-30T08:22:04Z,,,"{""forecastId"":""2026-09-23-rolling20-c2697de31ff6788c"",""inputSnapshotSHA256"":""de3c5b1e138a6dd629fe995931e95d1ebfde4edd2c126f5fa7457a8336832a24"",""collectionRecordId"":""collection-fd0e9b5e0961d8b1""}",2026-09-23-rolling20-c2697de31ff6788c,atlas-rolling20-A,reference,,2026-09-28T07:59:39.699Z,2026-09-23,8500,034220,LG디스플레이,semi,2026-09-30,3,true,"{""p05"":null,""p10"":8071.29136172595,""p25"":null,""p50"":8485.159503812829,""p75"":null,""p90"":8943.549891214836,""p95"":null}",8330,155.15950381282892,1.862659109397706,2.5,true,-0.001745940727902462,-0.020000000000000018,down,down,true,8071.29136172595,8943.549891214836,true,10.261865052810421,872.2585294888859,0.10261865052810422,"{""up"":0.47115,""flat"":0.02085,""down"":0.508}",0.46448104500000004,1,방향·크기 모두 맞음,,"{""sourceUrl"":""https://api.stock.naver.com/chart/domestic/item/034220/minute?startDateTime=202609301525&endDateTime=202609301545"",""rawHash"":""6d590598bfed8c3b6bfb71648101ff3fd4e8e7230cb1fc2ca8b4cb9f1da386f8"",""observedAt"":""2026-09-30T08:22:04Z"",""finalClose"":true}",1,2026-09-30T08:22:04Z,v1
score-3b4c6da90b2b4e5a,score,2026-09-30,2026-09-30T08:22:04Z,,,"{""forecastId"":""2026-09-23-rolling20-c2697de31ff6788c"",""inputSnapshotSHA256"":""de3c5b1e138a6dd629fe995931e95d1ebfde4edd2c126f5fa7457a8336832a24"",""collectionRecordId"":""collection-fd0e9b5e0961d8b1""}",2026-09-23-rolling20-c2697de31ff6788c,atlas-rolling20-A,reference,,2026-09-28T07:59:39.699Z,2026-09-23,476500,002380,KCC,chem,2026-09-30,3,true,"{""p05"":null,""p10"":450919.4351063969,""p25"":null,""p50"":476360.71175658883,""p75"":null,""p90"":503582.9125791322,""p95"":null}",470500,5860.711756588833,1.2456348048010273,2.5,true,-0.00029231530621443014,-0.012591815320041944,down,down,true,450919.4351063969,503582.9125791322,true,11.052146374131224,52663.47747273528,0.11052146374131223,"{""up"":0.48715,""flat"":0.0204,""down"":0.49245}",0.495338285,1,방향·크기 모두 맞음,,"{""sourceUrl"":""https://api.stock.naver.com/chart/domestic/item/002380/minute?startDateTime=202609301525&endDateTime=202609301545"",""rawHash"":""61070edbc54794d4e820c0647707aa399316eb21a6c5100d131a66b958afb9eb"",""observedAt"":""2026-09-30T08:22:04Z"",""finalClose"":true}",1,2026-09-30T08:22:04Z,v1
score-e5d18f74a451038e,score,2026-09-30,2026-09-30T08:22:04Z,,,"{""forecastId"":""2026-09-23-rolling20-c2697de31ff6788c"",""inputSnapshotSHA256"":""de3c5b1e138a6dd629fe995931e95d1ebfde4edd2c126f5fa7457a8336832a24"",""collectionRecordId"":""collection-fd0e9b5e0961d8b1""}",2026-09-23-rolling20-c2697de31ff6788c,atlas-rolling20-A,reference,,2026-09-28T07:59:39.699Z,2026-09-23,35450,036460,한국가스공사,util,2026-09-30,3,true,"{""p05"":null,""p10"":34226.24838401098,""p25"":null,""p50"":35457.230360526926,""p75"":null,""p90"":36649.67098866146,""p95"":null}",34800,657.2303605269262,1.888592990019903,2.5,true,0.00020395939427153564,-0.01833568406205921,up,down,false,34226.24838401098,36649.67098866146,true,6.836170958111381,2423.4226046504846,0.06836170958111382,"{""up"":0.48735,""flat"":0.03185,""down"":0.4808}",0.5080930849999999,3,크기 허용·방향 틀림,,"{""sourceUrl"":""https://api.stock.naver.com/chart/domestic/item/036460/minute?startDateTime=202609301525&endDateTime=202609301545"",""rawHash"":""58378581009cca95c0f09fc12225f0838356b3b67004002177bc7c2743cff5fc"",""observedAt"":""2026-09-30T08:22:04Z"",""finalClose"":true}",1,2026-09-30T08:22:04Z,v1
score-d20b71b10e2d6ed1,score,2026-09-30,2026-09-30T08:22:04Z,,,"{""forecastId"":""2026-09-23-rolling20-c2697de31ff6788c"",""inputSnapshotSHA256"":""de3c5b1e138a6dd629fe995931e95d1ebfde4edd2c126f5fa7457a8336832a24"",""collectionRecordId"":""collection-fd0e9b5e0961d8b1""}",2026-09-23-rolling20-c2697de31ff6788c,atlas-rolling20-A,reference,,2026-09-28T07:59:39.699Z,2026-09-23,349000,004170,신세계,cons,2026-09-30,3,true,"{""p05"":null,""p10"":326154.231299507,""p25"":null,""p50"":349350.9468905654,""p75"":null,""p90"":376577.8355592314,""p95"":null}",336500,12850.946890565392,3.819003533600414,2.5,false,0.0010055784829954284,-0.035816618911174825,up,down,false,326154.231299507,376577.8355592314,true,14.448024143187501,50423.60425972438,0.14448024143187502,"{""up"":0.5,""flat"":0.014,""down"":0.486}",0.514392,4,방향·크기 모두 틀림,,"{""sourceUrl"":""https://api.stock.naver.com/chart/domestic/item/004170/minute?startDateTime=202609301525&endDateTime=202609301545"",""rawHash"":""c838bca64b11d7d90b3531571d0c81932815232c19de9c055e91f73e6686b1c8"",""observedAt"":""2026-09-30T08:22:04Z"",""finalClose"":true}",1,2026-09-30T08:22:04Z,v1
score-6806ab412f39940e,score,2026-09-30,2026-09-30T08:22:04Z,,,"{""forecastId"":""2026-09-23-rolling20-c2697de31ff6788c"",""inputSnapshotSHA256"":""de3c5b1e138a6dd629fe995931e95d1ebfde4edd2c126f5fa7457a8336832a24"",""collectionRecordId"":""collection-fd0e9b5e0961d8b1""}",2026-09-23-rolling20-c2697de31ff6788c,atlas-rolling20-A,reference,,2026-09-28T07:59:39.699Z,2026-09-23,82400,012750,에스원,util,2026-09-30,3,true,"{""p05"":null,""p10"":78674.53777731828,""p25"":null,""p50"":82424.71299656862,""p75"":null,""p90"":86228.5123501958,""p95"":null}",82600,-175.2870034313819,0.21221186856099505,2.5,true,0.0002999150069007417,0.0024271844660195274,up,up,true,78674.53777731828,86228.5123501958,true,9.167444869996984,7553.974572877516,0.09167444869996985,"{""up"":0.49125,""flat"":0.02535,""down"":0.4834}",0.49314474500000005,1,방향·크기 모두 맞음,,"{""sourceUrl"":""https://api.stock.naver.com/chart/domestic/item/012750/minute?startDateTime=202609301525&endDateTime=202609301545"",""rawHash"":""59385b9949b2ea19ddc911e180be073c09b526329a4ae1c5fa3fc4133c0c4f60"",""observedAt"":""2026-09-30T08:22:04Z"",""finalClose"":true}",1,2026-09-30T08:22:04Z,v1
score-8b3384f837108aa7,score,2026-09-30,2026-09-30T08:22:04Z,,,"{""forecastId"":""2026-09-23-rolling20-c2697de31ff6788c"",""inputSnapshotSHA256"":""de3c5b1e138a6dd629fe995931e95d1ebfde4edd2c126f5fa7457a8336832a24"",""collectionRecordId"":""collection-fd0e9b5e0961d8b1""}",2026-09-23-rolling20-c2697de31ff6788c,atlas-rolling20-A,reference,,2026-09-28T07:59:39.699Z,2026-09-23,69700,111770,영원무역,cons,2026-09-30,3,true,"{""p05"":null,""p10"":66979.23618325441,""p25"":null,""p50"":70048.71630628809,""p75"":null,""p90"":73238.68493985935,""p95"":null}",68800,1248.7163062880863,1.8149946312326835,2.5,true,0.005003103390073038,-0.012912482065997155,up,down,false,66979.23618325441,73238.68493985935,true,8.980557756965474,6259.448756604936,0.08980557756965474,"{""up"":0.5476,""flat"":0.02355,""down"":0.42885}",0.626632685,3,크기 허용·방향 틀림,,"{""sourceUrl"":""https://api.stock.naver.com/chart/domestic/item/111770/minute?startDateTime=202609301525&endDateTime=202609301545"",""rawHash"":""d8e0a68771038df1a0d029692335392231208c28c61a57824be418e5429cb140"",""observedAt"":""2026-09-30T08:22:04Z"",""finalClose"":true}",1,2026-09-30T08:22:04Z,v1
score-815539f5fa05c182,score,2026-09-30,2026-09-30T08:22:04Z,,,"{""forecastId"":""2026-09-23-rolling20-c2697de31ff6788c"",""inputSnapshotSHA256"":""de3c5b1e138a6dd629fe995931e95d1ebfde4edd2c126f5fa7457a8336832a24"",""collectionRecordId"":""collection-fd0e9b5e0961d8b1""}",2026-09-23-rolling20-c2697de31ff6788c,atlas-rolling20-A,reference,,2026-09-28T07:59:39.699Z,2026-09-23,14380,035250,강원랜드,cons,2026-09-30,3,true,"{""p05"":null,""p10"":13999.012334601848,""p25"":null,""p50"":14374.1573496205,""p75"":null,""p90"":14761.974973164788,""p95"":null}",14260,114.1573496205001,0.8005424237061718,2.5,true,-0.00040630392068841115,-0.008344923504867818,down,down,true,13999.012334601848,14761.974973164788,true,5.30572071323324,762.9626385629399,0.0530572071323324,"{""up"":0.4703,""flat"":0.0422,""down"":0.4875}",0.48561918,1,방향·크기 모두 맞음,,"{""sourceUrl"":""https://api.stock.naver.com/chart/domestic/item/035250/minute?startDateTime=202609301525&endDateTime=202609301545"",""rawHash"":""7e46c0b1e724276d55f0221e1278bbe10a0e3853d26ad41c17bff062c5ca0bd4"",""observedAt"":""2026-09-30T08:22:04Z"",""finalClose"":true}",1,2026-09-30T08:22:04Z,v1
score-fd722e0d30e511bf,score,2026-09-30,2026-09-30T08:22:04Z,,,"{""forecastId"":""2026-09-23-rolling20-c2697de31ff6788c"",""inputSnapshotSHA256"":""de3c5b1e138a6dd629fe995931e95d1ebfde4edd2c126f5fa7457a8336832a24"",""collectionRecordId"":""collection-fd0e9b5e0961d8b1""}",2026-09-23-rolling20-c2697de31ff6788c,atlas-rolling20-A,reference,,2026-09-28T07:59:39.699Z,2026-09-23,38900,257720,실리콘투,cons,2026-09-30,3,true,"{""p05"":null,""p10"":35961.16122098538,""p25"":null,""p50"":38777.68813834612,""p75"":null,""p90"":42096.92190002191,""p95"":null}",38150,627.6881383461223,1.645316221090753,2.5,true,-0.0031442637957295183,-0.019280205655527016,down,down,true,35961.16122098538,42096.92190002191,true,15.773163699322703,6135.760679036532,0.15773163699322704,"{""up"":0.4721,""flat"":0.01365,""down"":0.51425}",0.45901779500000006,1,방향·크기 모두 맞음,,"{""sourceUrl"":""https://api.stock.naver.com/chart/domestic/item/257720/minute?startDateTime=202609301525&endDateTime=202609301545"",""rawHash"":""191279d043a4f807d72e2869a239a17f217b66e6dfa72ad76515731d549afbde"",""observedAt"":""2026-09-30T08:22:04Z"",""finalClose"":true}",1,2026-09-30T08:22:04Z,v1
score-06b1d224aa07dbd9,score,2026-09-30,2026-09-30T08:22:04Z,,,"{""forecastId"":""2026-09-23-rolling20-c2697de31ff6788c"",""inputSnapshotSHA256"":""de3c5b1e138a6dd629fe995931e95d1ebfde4edd2c126f5fa7457a8336832a24"",""collectionRecordId"":""collection-fd0e9b5e0961d8b1""}",2026-09-23-rolling20-c2697de31ff6788c,atlas-rolling20-A,reference,,2026-09-28T07:59:39.699Z,2026-09-23,102300,226950,올릭스,bio,2026-09-30,3,true,"{""p05"":null,""p10"":90060.59637051764,""p25"":null,""p50"":101860.08807600947,""p75"":null,""p90"":116948.51048237512,""p95"":null}",102500,-639.9119239905267,0.6243043160883187,2.5,true,-0.004300214310757888,0.0019550342130987275,down,up,false,90060.59637051764,116948.51048237512,true,26.283396003770747,26887.914111857477,0.2628339600377075,"{""up"":0.47685,""flat"":0.00935,""down"":0.5138}",0.5377637850000001,3,크기 허용·방향 틀림,,"{""sourceUrl"":""https://api.stock.naver.com/chart/domestic/item/226950/minute?startDateTime=202609301525&endDateTime=202609301545"",""rawHash"":""078fd6e084439ac1034092eb47ef731799f61e3040736a069f3c4d3352040bc8"",""observedAt"":""2026-09-30T08:22:04Z"",""finalClose"":true}",1,2026-09-30T08:22:04Z,v1
score-81e6a28515d59e10,score,2026-09-30,2026-09-30T08:22:04Z,,,"{""forecastId"":""2026-09-23-rolling20-c2697de31ff6788c"",""inputSnapshotSHA256"":""de3c5b1e138a6dd629fe995931e95d1ebfde4edd2c126f5fa7457a8336832a24"",""collectionRecordId"":""collection-fd0e9b5e0961d8b1""}",2026-09-23-rolling20-c2697de31ff6788c,atlas-rolling20-A,reference,,2026-09-28T07:59:39.699Z,2026-09-23,17720,010170,대한광통신,semi,2026-09-30,3,true,"{""p05"":null,""p10"":15781.670715037391,""p25"":null,""p50"":17550.891183024054,""p75"":null,""p90"":20137.47385584464,""p95"":null}",16680,870.891183024054,5.221170162014713,2.5,false,-0.009543386962525213,-0.05869074492099324,down,down,true,15781.670715037391,20137.47385584464,true,24.58128183299802,4355.803140807249,0.2458128183299802,"{""up"":0.4535,""flat"":0.0081,""down"":0.5384}",0.41880242,2,방향 맞고 크기 틀림,,"{""sourceUrl"":""https://api.stock.naver.com/chart/domestic/item/010170/minute?startDateTime=202609301525&endDateTime=202609301545"",""rawHash"":""ba671c0ae7671e1135c1945e010de9678e62470181de7d8830fbc58ba3c2a008"",""observedAt"":""2026-09-30T08:22:04Z"",""finalClose"":true}",1,2026-09-30T08:22:04Z,v1
score-2b76096ea7af2ff4,score,2026-09-30,2026-09-30T08:22:04Z,,,"{""forecastId"":""2026-09-23-rolling20-c2697de31ff6788c"",""inputSnapshotSHA256"":""de3c5b1e138a6dd629fe995931e95d1ebfde4edd2c126f5fa7457a8336832a24"",""collectionRecordId"":""collection-fd0e9b5e0961d8b1""}",2026-09-23-rolling20-c2697de31ff6788c,atlas-rolling20-A,reference,,2026-09-28T07:59:39.699Z,2026-09-23,40050,214370,케어젠,bio,2026-09-30,3,true,"{""p05"":null,""p10"":36487.452961474126,""p25"":null,""p50"":39893.99842583548,""p75"":null,""p90"":44099.379829923164,""p95"":null}",40850,-956.0015741645184,2.34027313136969,2.5,true,-0.003895170391124081,0.019975031210986316,down,up,false,36487.452961474126,44099.379829923164,true,19.006059596626812,7611.926868449038,0.19006059596626812,"{""up"":0.47175,""flat"":0.012,""down"":0.51625}",0.5457061249999999,3,크기 허용·방향 틀림,,"{""sourceUrl"":""https://api.stock.naver.com/chart/domestic/item/214370/minute?startDateTime=202609301525&endDateTime=202609301545"",""rawHash"":""3a8caa702ae2b0178067860e32c6b50707568b3f33dbc2cbe1fe6576e3f36ffe"",""observedAt"":""2026-09-30T08:22:04Z"",""finalClose"":true}",1,2026-09-30T08:22:04Z,v1
score-c75cae457686daae,score,2026-09-30,2026-09-30T08:22:04Z,,,"{""forecastId"":""2026-09-23-rolling20-c2697de31ff6788c"",""inputSnapshotSHA256"":""de3c5b1e138a6dd629fe995931e95d1ebfde4edd2c126f5fa7457a8336832a24"",""collectionRecordId"":""collection-fd0e9b5e0961d8b1""}",2026-09-23-rolling20-c2697de31ff6788c,atlas-rolling20-A,reference,,2026-09-28T07:59:39.699Z,2026-09-23,17740,030000,제일기획,net,2026-09-30,3,true,"{""p05"":null,""p10"":17178.37937044445,""p25"":null,""p50"":17764.15571881825,""p75"":null,""p90"":18325.978899318085,""p95"":null}",18740,-975.8442811817513,5.207280048995471,2.5,false,0.0013616526955044783,0.056369785794814,up,up,true,17178.37937044445,18325.978899318085,false,6.468993962083619,5287.810535692788,0.29807274722056304,"{""up"":0.50625,""flat"":0.03495,""down"":0.4588}",0.455508005,2,방향 맞고 크기 틀림,,"{""sourceUrl"":""https://api.stock.naver.com/chart/domestic/item/030000/minute?startDateTime=202609301525&endDateTime=202609301545"",""rawHash"":""d561edf8a1c58916027395fad3cb5ae15e4c21e651f96e0f1ef7633019721bd3"",""observedAt"":""2026-09-30T08:22:04Z"",""finalClose"":true}",1,2026-09-30T08:22:04Z,v1
score-0b9737e256e53728,score,2026-09-30,2026-09-30T08:22:04Z,,,"{""forecastId"":""2026-09-28-rolling20-13cd892134e517b4"",""inputSnapshotSHA256"":""de3c5b1e138a6dd629fe995931e95d1ebfde4edd2c126f5fa7457a8336832a24"",""collectionRecordId"":""collection-fd0e9b5e0961d8b1""}",2026-09-28-rolling20-13cd892134e517b4,atlas-rolling20-A,live,,2026-09-28T09:39:48.714Z,2026-09-28,270000,005930,삼성전자,semi,2026-09-30,2,true,"{""p05"":null,""p10"":253235.62863363558,""p25"":null,""p50"":270800.14092095854,""p75"":null,""p90"":290634.89480612264,""p95"":null}",268500,2300.14092095854,0.8566632852731992,2,true,0.002963484892439139,-0.005555555555555536,up,down,false,253235.62863363558,290634.89480612264,true,13.851580063884095,37399.266172487056,0.13851580063884095,"{""up"":0.51365,""flat"":0.01585,""down"":0.4705}",0.5444577950000001,3,크기 허용·방향 틀림,,"{""sourceUrl"":""https://api.stock.naver.com/chart/domestic/item/005930/minute?startDateTime=202609301525&endDateTime=202609301545"",""rawHash"":""f4a12111715b59430baf1224b45a7dc22f64ced283cce0542d829d4d268b820f"",""observedAt"":""2026-09-30T08:22:04Z"",""finalClose"":true}",1,2026-09-30T08:22:04Z,v1
score-9a33ac23c81aaa15,score,2026-09-30,2026-09-30T08:22:04Z,,,"{""forecastId"":""2026-09-28-rolling20-13cd892134e517b4"",""inputSnapshotSHA256"":""de3c5b1e138a6dd629fe995931e95d1ebfde4edd2c126f5fa7457a8336832a24"",""collectionRecordId"":""collection-fd0e9b5e0961d8b1""}",2026-09-28-rolling20-13cd892134e517b4,atlas-rolling20-A,live,,2026-09-28T09:39:48.714Z,2026-09-28,1499000,009150,삼성전기,semi,2026-09-30,2,true,"{""p05"":null,""p10"":1423777.6430979257,""p25"":null,""p50"":1501758.386698714,""p75"":null,""p90"":1600270.8917560845,""p95"":null}",1513000,-11241.613301286008,0.7430015400717784,2,true,0.0018401512332981707,0.009339559706470935,up,up,true,1423777.6430979257,1600270.8917560845,true,11.774065954513595,176493.24865815882,0.11774065954513596,"{""up"":0.50865,""flat"":0.0195,""down"":0.47185}",0.46444749499999993,1,방향·크기 모두 맞음,,"{""sourceUrl"":""https://api.stock.naver.com/chart/domestic/item/009150/minute?startDateTime=202609301525&endDateTime=202609301545"",""rawHash"":""089ec0c4e59e98ab4b8e83a7924cbdb0f0cc5b219e436cfa84e25fe336bf3259"",""observedAt"":""2026-09-30T08:22:04Z"",""finalClose"":true}",1,2026-09-30T08:22:04Z,v1
score-7af3b1b1a2810050,score,2026-09-30,2026-09-30T08:22:04Z,,,"{""forecastId"":""2026-09-28-rolling20-13cd892134e517b4"",""inputSnapshotSHA256"":""de3c5b1e138a6dd629fe995931e95d1ebfde4edd2c126f5fa7457a8336832a24"",""collectionRecordId"":""collection-fd0e9b5e0961d8b1""}",2026-09-28-rolling20-13cd892134e517b4,atlas-rolling20-A,live,,2026-09-28T09:39:48.714Z,2026-09-28,364000,373220,LG에너지솔루션,chem,2026-09-30,2,true,"{""p05"":null,""p10"":344835.7920213606,""p25"":null,""p50"":363207.47924503253,""p75"":null,""p90"":384395.7212668001,""p95"":null}",357000,6207.479245032533,1.7387897044909055,2,true,-0.002177254821339236,-0.019230769230769273,down,down,true,344835.7920213606,384395.7212668001,true,10.86811243006579,39559.929245439474,0.10868112430065789,"{""up"":0.46895,""flat"":0.019,""down"":0.51205}",0.458370305,1,방향·크기 모두 맞음,,"{""sourceUrl"":""https://api.stock.naver.com/chart/domestic/item/373220/minute?startDateTime=202609301525&endDateTime=202609301545"",""rawHash"":""e38d593b218199d50c04e007b8e9ac2f7a80de5f550a0f56fb6da5b089ea5755"",""observedAt"":""2026-09-30T08:22:04Z"",""finalClose"":true}",1,2026-09-30T08:22:04Z,v1
score-5ce5c96164509774,score,2026-09-30,2026-09-30T08:22:04Z,,,"{""forecastId"":""2026-09-28-rolling20-13cd892134e517b4"",""inputSnapshotSHA256"":""de3c5b1e138a6dd629fe995931e95d1ebfde4edd2c126f5fa7457a8336832a24"",""collectionRecordId"":""collection-fd0e9b5e0961d8b1""}",2026-09-28-rolling20-13cd892134e517b4,atlas-rolling20-A,live,,2026-09-28T09:39:48.714Z,2026-09-28,354500,005380,현대차,auto,2026-09-30,2,true,"{""p05"":null,""p10"":340566.7028276219,""p25"":null,""p50"":353671.91729225393,""p75"":null,""p90"":369781.47893618763,""p95"":null}",345000,8671.91729225393,2.5135992151460664,2,false,-0.002335917370228646,-0.026798307475317307,down,down,true,340566.7028276219,369781.47893618763,true,8.241121610314735,29214.77610856574,0.08241121610314736,"{""up"":0.4561,""flat"":0.026,""down"":0.5179}",0.44112362,2,방향 맞고 크기 틀림,,"{""sourceUrl"":""https://api.stock.naver.com/chart/domestic/item/005380/minute?startDateTime=202609301525&endDateTime=202609301545"",""rawHash"":""f5c7331f6826f368a29c3edc427824145984185e9949ee1f75155d66f97b6363"",""observedAt"":""2026-09-30T08:22:04Z"",""finalClose"":true}",1,2026-09-30T08:22:04Z,v1
score-3c1109868e7040b7,score,2026-09-30,2026-09-30T08:22:04Z,,,"{""forecastId"":""2026-09-28-rolling20-13cd892134e517b4"",""inputSnapshotSHA256"":""de3c5b1e138a6dd629fe995931e95d1ebfde4edd2c126f5fa7457a8336832a24"",""collectionRecordId"":""collection-fd0e9b5e0961d8b1""}",2026-09-28-rolling20-13cd892134e517b4,atlas-rolling20-A,live,,2026-09-28T09:39:48.714Z,2026-09-28,1400000,207940,삼성바이오로직스,bio,2026-09-30,2,true,"{""p05"":null,""p10"":1352324.8092184318,""p25"":null,""p50"":1399373.0782127627,""p75"":null,""p90"":1452523.7969408308,""p95"":null}",1391000,8373.078212762717,0.6019466723769028,2,true,-0.0004478012765980477,-0.00642857142857145,down,down,true,1352324.8092184318,1452523.7969408308,true,7.157070551599924,100198.98772239895,0.07157070551599924,"{""up"":0.4766,""flat"":0.0316,""down"":0.4918}",0.48641336,1,방향·크기 모두 맞음,,"{""sourceUrl"":""https://api.stock.naver.com/chart/domestic/item/207940/minute?startDateTime=202609301525&endDateTime=202609301545"",""rawHash"":""dac02dd2da930150c6b72ec83998c734ce586e4821d7562d2b229b34efb9933c"",""observedAt"":""2026-09-30T08:22:04Z"",""finalClose"":true}",1,2026-09-30T08:22:04Z,v1
score-4844a31458514d0d,score,2026-09-30,2026-09-30T08:22:04Z,,,"{""forecastId"":""2026-09-28-rolling20-13cd892134e517b4"",""inputSnapshotSHA256"":""de3c5b1e138a6dd629fe995931e95d1ebfde4edd2c126f5fa7457a8336832a24"",""collectionRecordId"":""collection-fd0e9b5e0961d8b1""}",2026-09-28-rolling20-13cd892134e517b4,atlas-rolling20-A,live,,2026-09-28T09:39:48.714Z,2026-09-28,174200,105560,KB금융,fin,2026-09-30,2,true,"{""p05"":null,""p10"":168897.35214440018,""p25"":null,""p50"":174643.69811641006,""p75"":null,""p90"":180585.2250925588,""p95"":null}",168800,5843.698116410058,3.46190646706757,2,false,0.002547061517853333,-0.030998851894374235,up,down,false,168897.35214440018,180585.2250925588,false,6.709456342226533,12661.394392160437,0.0726830906553412,"{""up"":0.5282,""flat"":0.0355,""down"":0.4363}",0.5980131799999999,4,방향·크기 모두 틀림,,"{""sourceUrl"":""https://api.stock.naver.com/chart/domestic/item/105560/minute?startDateTime=202609301525&endDateTime=202609301545"",""rawHash"":""2c1a8a37d2d06dee0c55eef4d03c4d1bbf198a3662cc7b1328f72850064796d4"",""observedAt"":""2026-09-30T08:22:04Z"",""finalClose"":true}",1,2026-09-30T08:22:04Z,v1
score-67d47dc1db5fa82d,score,2026-09-30,2026-09-30T08:22:04Z,,,"{""forecastId"":""2026-09-28-rolling20-13cd892134e517b4"",""inputSnapshotSHA256"":""de3c5b1e138a6dd629fe995931e95d1ebfde4edd2c126f5fa7457a8336832a24"",""collectionRecordId"":""collection-fd0e9b5e0961d8b1""}",2026-09-28-rolling20-13cd892134e517b4,atlas-rolling20-A,live,,2026-09-28T09:39:48.714Z,2026-09-28,345500,028260,삼성물산,util,2026-09-30,2,true,"{""p05"":null,""p10"":326986.28145030804,""p25"":null,""p50"":344812.1371439529,""p75"":null,""p90"":365496.5772888013,""p95"":null}",341500,3312.1371439528884,0.9698791051106554,2,true,-0.001990919988558937,-0.01157742402315487,down,down,true,326986.28145030804,365496.5772888013,true,11.146250604484305,38510.29583849327,0.11146250604484305,"{""up"":0.46775,""flat"":0.0212,""down"":0.51105}",0.458311605,1,방향·크기 모두 맞음,,"{""sourceUrl"":""https://api.stock.naver.com/chart/domestic/item/028260/minute?startDateTime=202609301525&endDateTime=202609301545"",""rawHash"":""adbe43348015419d4233fd1808231f136e855fb5f46e5bb380e21c1d673e2342"",""observedAt"":""2026-09-30T08:22:04Z"",""finalClose"":true}",1,2026-09-30T08:22:04Z,v1
score-a5ad8cc4ecc2727a,score,2026-09-30,2026-09-30T08:22:04Z,,,"{""forecastId"":""2026-09-28-rolling20-13cd892134e517b4"",""inputSnapshotSHA256"":""de3c5b1e138a6dd629fe995931e95d1ebfde4edd2c126f5fa7457a8336832a24"",""collectionRecordId"":""collection-fd0e9b5e0961d8b1""}",2026-09-28-rolling20-13cd892134e517b4,atlas-rolling20-A,live,,2026-09-28T09:39:48.714Z,2026-09-28,296000,032830,삼성생명보험,fin,2026-09-30,2,true,"{""p05"":null,""p10"":284367.02475303685,""p25"":null,""p50"":295923.05723963614,""p75"":null,""p90"":310140.70022051764,""p95"":null}",282000,13923.057239636139,4.937254340296502,2,false,-0.00025994175798604857,-0.04729729729729726,down,down,true,284367.02475303685,310140.70022051764,false,8.707322793067835,49443.922997849295,0.1670402803981395,"{""up"":0.48175,""flat"":0.0283,""down"":0.48995}",0.49303495500000005,2,방향 맞고 크기 틀림,,"{""sourceUrl"":""https://api.stock.naver.com/chart/domestic/item/032830/minute?startDateTime=202609301525&endDateTime=202609301545"",""rawHash"":""02ff2bc454e31f4184a4ce31de01aa1f4337a65a156a6fe2b17590aa22d633b5"",""observedAt"":""2026-09-30T08:22:04Z"",""finalClose"":true}",1,2026-09-30T08:22:04Z,v1
score-39ec7c0678d670f8,score,2026-09-30,2026-09-30T08:22:04Z,,,"{""forecastId"":""2026-09-28-rolling20-13cd892134e517b4"",""inputSnapshotSHA256"":""de3c5b1e138a6dd629fe995931e95d1ebfde4edd2c126f5fa7457a8336832a24"",""collectionRecordId"":""collection-fd0e9b5e0961d8b1""}",2026-09-28-rolling20-13cd892134e517b4,atlas-rolling20-A,live,,2026-09-28T09:39:48.714Z,2026-09-28,1034000,012450,한화에어로스페이스,heavy,2026-09-30,2,true,"{""p05"":null,""p10"":965256.4701659421,""p25"":null,""p50"":1032201.8758388758,""p75"":null,""p90"":1108883.7740893753,""p95"":null}",1007000,25201.87583887577,2.5026689015765413,2,false,-0.0017389982215901822,-0.026112185686653744,down,down,true,965256.4701659421,1108883.7740893753,true,13.890454924896826,143627.30392343318,0.13890454924896825,"{""up"":0.47825,""flat"":0.015,""down"":0.50675}",0.472243625,2,방향 맞고 크기 틀림,,"{""sourceUrl"":""https://api.stock.naver.com/chart/domestic/item/012450/minute?startDateTime=202609301525&endDateTime=202609301545"",""rawHash"":""217f47f5c6bf11c287f34b3c35a6a52a7b9c8ef6e058ec5897e828c39715911f"",""observedAt"":""2026-09-30T08:22:04Z"",""finalClose"":true}",1,2026-09-30T08:22:04Z,v1
score-b404f9188f6b4cf5,score,2026-09-30,2026-09-30T08:22:04Z,,,"{""forecastId"":""2026-09-28-rolling20-13cd892134e517b4"",""inputSnapshotSHA256"":""de3c5b1e138a6dd629fe995931e95d1ebfde4edd2c126f5fa7457a8336832a24"",""collectionRecordId"":""collection-fd0e9b5e0961d8b1""}",2026-09-28-rolling20-13cd892134e517b4,atlas-rolling20-A,live,,2026-09-28T09:39:48.714Z,2026-09-28,82000,034020,두산에너빌리티,heavy,2026-09-30,2,true,"{""p05"":null,""p10"":76726.27599274962,""p25"":null,""p50"":81802.70357858282,""p75"":null,""p90"":87954.08786722468,""p95"":null}",81600,202.70357858281932,0.24841124826325897,2,true,-0.002406053919721707,-0.004878048780487809,down,down,true,76726.27599274962,87954.08786722468,true,13.692453505457383,11227.811874475054,0.13692453505457383,"{""up"":0.47645,""flat"":0.01455,""down"":0.509}",0.468297305,1,방향·크기 모두 맞음,,"{""sourceUrl"":""https://api.stock.naver.com/chart/domestic/item/034020/minute?startDateTime=202609301525&endDateTime=202609301545"",""rawHash"":""3396bb96c3e8e65d2d3a4bcdbd029b488ffcee55b36d35f9ab525478e96eeaec"",""observedAt"":""2026-09-30T08:22:04Z"",""finalClose"":true}",1,2026-09-30T08:22:04Z,v1
score-e4b7bfe97c102afb,score,2026-09-30,2026-09-30T08:22:04Z,,,"{""forecastId"":""2026-09-28-rolling20-13cd892134e517b4"",""inputSnapshotSHA256"":""de3c5b1e138a6dd629fe995931e95d1ebfde4edd2c126f5fa7457a8336832a24"",""collectionRecordId"":""collection-fd0e9b5e0961d8b1""}",2026-09-28-rolling20-13cd892134e517b4,atlas-rolling20-A,live,,2026-09-28T09:39:48.714Z,2026-09-28,442000,329180,HD현대중공업,heavy,2026-09-30,2,true,"{""p05"":null,""p10"":420193.6370393752,""p25"":null,""p50"":445608.80842930067,""p75"":null,""p90"":474320.58528855117,""p95"":null}",433500,12108.808429300669,2.79326607365644,2,false,0.00816472495316889,-0.019230769230769273,up,down,false,420193.6370393752,474320.58528855117,true,12.245915893478726,54126.94824917597,0.12245915893478726,"{""up"":0.5659,""flat"":0.0185,""down"":0.4156}",0.66210842,4,방향·크기 모두 틀림,,"{""sourceUrl"":""https://api.stock.naver.com/chart/domestic/item/329180/minute?startDateTime=202609301525&endDateTime=202609301545"",""rawHash"":""7b3b9019fbaed79e5d73f74fc1107d037a7760565b5198cc8a2a265485bede04"",""observedAt"":""2026-09-30T08:22:04Z"",""finalClose"":true}",1,2026-09-30T08:22:04Z,v1
score-32770140cc46eb63,score,2026-09-30,2026-09-30T08:22:04Z,,,"{""forecastId"":""2026-09-28-rolling20-13cd892134e517b4"",""inputSnapshotSHA256"":""de3c5b1e138a6dd629fe995931e95d1ebfde4edd2c126f5fa7457a8336832a24"",""collectionRecordId"":""collection-fd0e9b5e0961d8b1""}",2026-09-28-rolling20-13cd892134e517b4,atlas-rolling20-A,live,,2026-09-28T09:39:48.714Z,2026-09-28,578000,034730,SK,util,2026-09-30,2,true,"{""p05"":null,""p10"":539241.3173313148,""p25"":null,""p50"":577040.5595155669,""p75"":null,""p90"":619945.5339084102,""p95"":null}",588000,-10959.440484433086,1.8638504225226338,2,true,-0.001659931633967271,0.01730103806228378,down,up,false,539241.3173313148,619945.5339084102,true,13.962667227871183,80704.21657709545,0.13962667227871184,"{""up"":0.47755,""flat"":0.0169,""down"":0.50555}",0.5288204150000001,3,크기 허용·방향 틀림,,"{""sourceUrl"":""https://api.stock.naver.com/chart/domestic/item/034730/minute?startDateTime=202609301525&endDateTime=202609301545"",""rawHash"":""f61397aaa9d15eb0ad7eb522fdd899174dfe4636e48e631fbdbe31ade58cb439"",""observedAt"":""2026-09-30T08:22:04Z"",""finalClose"":true}",1,2026-09-30T08:22:04Z,v1
score-1dbd168319c43ba1,score,2026-09-30,2026-09-30T08:22:04Z,,,"{""forecastId"":""2026-09-28-rolling20-13cd892134e517b4"",""inputSnapshotSHA256"":""de3c5b1e138a6dd629fe995931e95d1ebfde4edd2c126f5fa7457a8336832a24"",""collectionRecordId"":""collection-fd0e9b5e0961d8b1""}",2026-09-28-rolling20-13cd892134e517b4,atlas-rolling20-A,live,,2026-09-28T09:39:48.714Z,2026-09-28,373000,012330,현대모비스,auto,2026-09-30,2,true,"{""p05"":null,""p10"":357057.57830965694,""p25"":null,""p50"":371931.1115301469,""p75"":null,""p90"":390446.40530823835,""p95"":null}",367000,4931.111530146911,1.3436271199310383,2,true,-0.0028656527341905935,-0.01608579088471851,down,down,true,357057.57830965694,390446.40530823835,true,8.95142814975373,33388.82699858141,0.08951428149753729,"{""up"":0.4526,""flat"":0.0238,""down"":0.5236}",0.43237016000000006,1,방향·크기 모두 맞음,,"{""sourceUrl"":""https://api.stock.naver.com/chart/domestic/item/012330/minute?startDateTime=202609301525&endDateTime=202609301545"",""rawHash"":""afc7a51a04acd688e344e34f552fefdd5995bbe465dd48b5cc71958ed7c238dc"",""observedAt"":""2026-09-30T08:22:04Z"",""finalClose"":true}",1,2026-09-30T08:22:04Z,v1
score-509510dc1d76db44,score,2026-09-30,2026-09-30T08:22:04Z,,,"{""forecastId"":""2026-09-28-rolling20-13cd892134e517b4"",""inputSnapshotSHA256"":""de3c5b1e138a6dd629fe995931e95d1ebfde4edd2c126f5fa7457a8336832a24"",""collectionRecordId"":""collection-fd0e9b5e0961d8b1""}",2026-09-28-rolling20-13cd892134e517b4,atlas-rolling20-A,live,,2026-09-28T09:39:48.714Z,2026-09-28,214500,066570,LG전자,semi,2026-09-30,2,true,"{""p05"":null,""p10"":203020.36475641164,""p25"":null,""p50"":214059.78973798023,""p75"":null,""p90"":226549.95752046249,""p95"":null}",212500,1559.7897379802307,0.7340187002259909,2,true,-0.0020522622937985124,-0.009324009324009341,down,down,true,203020.36475641164,226549.95752046249,true,10.96950711610762,23529.592764050845,0.1096950711610762,"{""up"":0.4676,""flat"":0.02015,""down"":0.51225}",0.456955845,1,방향·크기 모두 맞음,,"{""sourceUrl"":""https://api.stock.naver.com/chart/domestic/item/066570/minute?startDateTime=202609301525&endDateTime=202609301545"",""rawHash"":""15e67e254bd4c4c32a6179cab42e4c0b11f19a0341144a57b8be87566e56656e"",""observedAt"":""2026-09-30T08:22:04Z"",""finalClose"":true}",1,2026-09-30T08:22:04Z,v1
score-4bc18a7f969b3aae,score,2026-09-30,2026-09-30T08:22:04Z,,,"{""forecastId"":""2026-09-28-rolling20-13cd892134e517b4"",""inputSnapshotSHA256"":""de3c5b1e138a6dd629fe995931e95d1ebfde4edd2c126f5fa7457a8336832a24"",""collectionRecordId"":""collection-fd0e9b5e0961d8b1""}",2026-09-28-rolling20-13cd892134e517b4,atlas-rolling20-A,live,,2026-09-28T09:39:48.714Z,2026-09-28,197700,035420,NAVER,net,2026-09-30,2,true,"{""p05"":null,""p10"":189623.35536474458,""p25"":null,""p50"":197365.54189013946,""p75"":null,""p90"":206059.19530429464,""p95"":null}",193700,3665.5418901394587,1.8923809448319353,2,true,-0.0016917456239784467,-0.02023267577137078,down,down,true,189623.35536474458,206059.19530429464,true,8.313525513176561,16435.83993955006,0.0831352551317656,"{""up"":0.4638,""flat"":0.02595,""down"":0.51025}",0.45563890500000004,1,방향·크기 모두 맞음,,"{""sourceUrl"":""https://api.stock.naver.com/chart/domestic/item/035420/minute?startDateTime=202609301525&endDateTime=202609301545"",""rawHash"":""80e73d1ddd0123b0b2133e642ca9dff80e8683cca7dbce3ae3e71c68cf690670"",""observedAt"":""2026-09-30T08:22:04Z"",""finalClose"":true}",1,2026-09-30T08:22:04Z,v1
score-0b915b6a13552302,score,2026-09-30,2026-09-30T08:22:04Z,,,"{""forecastId"":""2026-09-28-rolling20-13cd892134e517b4"",""inputSnapshotSHA256"":""de3c5b1e138a6dd629fe995931e95d1ebfde4edd2c126f5fa7457a8336832a24"",""collectionRecordId"":""collection-fd0e9b5e0961d8b1""}",2026-09-28-rolling20-13cd892134e517b4,atlas-rolling20-A,live,,2026-09-28T09:39:48.714Z,2026-09-28,204500,010120,LS ELECTRIC,heavy,2026-09-30,2,true,"{""p05"":null,""p10"":190921.3931672064,""p25"":null,""p50"":203693.17230561402,""p75"":null,""p90"":220253.78753524297,""p95"":null}",205000,-1306.8276943859819,0.6374769240907229,2,true,-0.0039453676987090125,0.0024449877750611915,down,up,false,190921.3931672064,220253.78753524297,true,14.343469128624237,29332.394368036563,0.14343469128624237,"{""up"":0.4599,""flat"":0.01595,""down"":0.52415}",0.566695635,3,크기 허용·방향 틀림,,"{""sourceUrl"":""https://api.stock.naver.com/chart/domestic/item/010120/minute?startDateTime=202609301525&endDateTime=202609301545"",""rawHash"":""356f830db23568e2ccc21f37f55da1ce664e54698600737286322ede138b0afc"",""observedAt"":""2026-09-30T08:22:04Z"",""finalClose"":true}",1,2026-09-30T08:22:04Z,v1
score-d56936b330b7fc2d,score,2026-09-30,2026-09-30T08:22:04Z,,,"{""forecastId"":""2026-09-28-rolling20-13cd892134e517b4"",""inputSnapshotSHA256"":""de3c5b1e138a6dd629fe995931e95d1ebfde4edd2c126f5fa7457a8336832a24"",""collectionRecordId"":""collection-fd0e9b5e0961d8b1""}",2026-09-28-rolling20-13cd892134e517b4,atlas-rolling20-A,live,,2026-09-28T09:39:48.714Z,2026-09-28,661000,000810,삼성화재,fin,2026-09-30,2,true,"{""p05"":null,""p10"":634994.6088712253,""p25"":null,""p50"":659003.421183947,""p75"":null,""p90"":689422.3322715389,""p95"":null}",633000,26003.421183947008,4.10796543190316,2,false,-0.0030205428382041877,-0.04236006051437213,down,down,true,634994.6088712253,689422.3322715389,false,8.234148774631413,74373.81211256632,0.1125171136347448,"{""up"":0.44395,""flat"":0.0282,""down"":0.52785}",0.42081246499999997,2,방향 맞고 크기 틀림,,"{""sourceUrl"":""https://api.stock.naver.com/chart/domestic/item/000810/minute?startDateTime=202609301525&endDateTime=202609301545"",""rawHash"":""0f82df4fd1ad35a8649746a8318889cb5ed6966187df06fa924e95f56eacf444"",""observedAt"":""2026-09-30T08:22:04Z"",""finalClose"":true}",1,2026-09-30T08:22:04Z,v1
score-5fe81e430ac1263c,score,2026-09-30,2026-09-30T08:22:04Z,,,"{""forecastId"":""2026-09-28-rolling20-13cd892134e517b4"",""inputSnapshotSHA256"":""de3c5b1e138a6dd629fe995931e95d1ebfde4edd2c126f5fa7457a8336832a24"",""collectionRecordId"":""collection-fd0e9b5e0961d8b1""}",2026-09-28-rolling20-13cd892134e517b4,atlas-rolling20-A,live,,2026-09-28T09:39:48.714Z,2026-09-28,316500,005490,POSCO홀딩스,chem,2026-09-30,2,true,"{""p05"":null,""p10"":304245.0657610158,""p25"":null,""p50"":315932.32938540017,""p75"":null,""p90"":330142.4968574716,""p95"":null}",306000,9932.329385400168,3.2458592762745644,2,false,-0.0017935880398098902,-0.033175355450236976,down,down,true,304245.0657610158,330142.4968574716,true,8.182442684504196,25897.43109645578,0.08182442684504196,"{""up"":0.4631,""flat"":0.0254,""down"":0.5115}",0.45373902000000005,2,방향 맞고 크기 틀림,,"{""sourceUrl"":""https://api.stock.naver.com/chart/domestic/item/005490/minute?startDateTime=202609301525&endDateTime=202609301545"",""rawHash"":""e654ad42330e6dcc95118b005aff9b03e79614f52b05c48d56aaba684f3094d4"",""observedAt"":""2026-09-30T08:22:04Z"",""finalClose"":true}",1,2026-09-30T08:22:04Z,v1
score-fb3eb27eb8c613fe,score,2026-09-30,2026-09-30T08:22:04Z,,,"{""forecastId"":""2026-09-28-rolling20-13cd892134e517b4"",""inputSnapshotSHA256"":""de3c5b1e138a6dd629fe995931e95d1ebfde4edd2c126f5fa7457a8336832a24"",""collectionRecordId"":""collection-fd0e9b5e0961d8b1""}",2026-09-28-rolling20-13cd892134e517b4,atlas-rolling20-A,live,,2026-09-28T09:39:48.714Z,2026-09-28,1102000,010130,고려아연,chem,2026-09-30,2,true,"{""p05"":null,""p10"":1039203.0047147168,""p25"":null,""p50"":1096343.1145954542,""p75"":null,""p90"":1176344.479986097,""p95"":null}",1070000,26343.114595454186,2.4619733266779615,2,false,-0.005133289840785649,-0.029038112522686066,down,down,true,1039203.0047147168,1176344.479986097,true,12.444779970179688,137141.47527138016,0.12444779970179688,"{""up"":0.43755,""flat"":0.0196,""down"":0.54285}",0.40082028499999994,2,방향 맞고 크기 틀림,,"{""sourceUrl"":""https://api.stock.naver.com/chart/domestic/item/010130/minute?startDateTime=202609301525&endDateTime=202609301545"",""rawHash"":""8a66d5ff5eb6bdcdc61e2ae57be41a9fceb7c4ea9f4fa9cadebcb80a95214d89"",""observedAt"":""2026-09-30T08:22:04Z"",""finalClose"":true}",1,2026-09-30T08:22:04Z,v1
score-0d739b44803f521e,score,2026-09-30,2026-09-30T08:22:04Z,,,"{""forecastId"":""2026-09-28-rolling20-13cd892134e517b4"",""inputSnapshotSHA256"":""de3c5b1e138a6dd629fe995931e95d1ebfde4edd2c126f5fa7457a8336832a24"",""collectionRecordId"":""collection-fd0e9b5e0961d8b1""}",2026-09-28-rolling20-13cd892134e517b4,atlas-rolling20-A,live,,2026-09-28T09:39:48.714Z,2026-09-28,133400,138040,메리츠금융지주,fin,2026-09-30,2,true,"{""p05"":null,""p10"":127731.52496072576,""p25"":null,""p50"":132524.08260351216,""p75"":null,""p90"":138795.00991180254,""p95"":null}",126300,6224.082603512157,4.92801472962166,2,false,-0.006566097424946293,-0.05322338830584705,down,down,true,127731.52496072576,138795.00991180254,false,8.293466979817678,25378.734558334356,0.19024538649426054,"{""up"":0.4039,""flat"":0.0233,""down"":0.5728}",0.34617794,2,방향 맞고 크기 틀림,,"{""sourceUrl"":""https://api.stock.naver.com/chart/domestic/item/138040/minute?startDateTime=202609301525&endDateTime=202609301545"",""rawHash"":""74913e22c2dbf6a21c77538fa8cc2418f490d19fd46305d355cb56ee632e45c3"",""observedAt"":""2026-09-30T08:22:04Z"",""finalClose"":true}",1,2026-09-30T08:22:04Z,v1
score-9340df11fcf668e7,score,2026-09-30,2026-09-30T08:22:04Z,,,"{""forecastId"":""2026-09-28-rolling20-13cd892134e517b4"",""inputSnapshotSHA256"":""de3c5b1e138a6dd629fe995931e95d1ebfde4edd2c126f5fa7457a8336832a24"",""collectionRecordId"":""collection-fd0e9b5e0961d8b1""}",2026-09-28-rolling20-13cd892134e517b4,atlas-rolling20-A,live,,2026-09-28T09:39:48.714Z,2026-09-28,30700,015760,한국전력,util,2026-09-30,2,true,"{""p05"":null,""p10"":29479.923206649248,""p25"":null,""p50"":30684.034966814128,""p75"":null,""p90"":31936.167843611183,""p95"":null}",29950,734.034966814128,2.4508680027182903,2,false,-0.0005200336542628969,-0.02442996742671011,down,down,true,29479.923206649248,31936.167843611183,true,8.000796863068194,2456.2446369619356,0.08000796863068194,"{""up"":0.47795,""flat"":0.02845,""down"":0.4936}",0.48568656499999996,2,방향 맞고 크기 틀림,,"{""sourceUrl"":""https://api.stock.naver.com/chart/domestic/item/015760/minute?startDateTime=202609301525&endDateTime=202609301545"",""rawHash"":""2669e05f678ffcc3f49a081222368052b1033333af4015ceecbe737c4392156b"",""observedAt"":""2026-09-30T08:22:04Z"",""finalClose"":true}",1,2026-09-30T08:22:04Z,v1
score-ed98a620e473041a,score,2026-09-30,2026-09-30T08:22:04Z,,,"{""forecastId"":""2026-09-28-rolling20-13cd892134e517b4"",""inputSnapshotSHA256"":""de3c5b1e138a6dd629fe995931e95d1ebfde4edd2c126f5fa7457a8336832a24"",""collectionRecordId"":""collection-fd0e9b5e0961d8b1""}",2026-09-28-rolling20-13cd892134e517b4,atlas-rolling20-A,live,,2026-09-28T09:39:48.714Z,2026-09-28,21250,011200,HMM,auto,2026-09-30,2,true,"{""p05"":null,""p10"":20505.69735225521,""p25"":null,""p50"":21227.66477129094,""p75"":null,""p90"":22049.48132536502,""p95"":null}",20850,377.6647712909398,1.8113418287335246,2,true,-0.0010510695863087394,-0.018823529411764683,down,down,true,20505.69735225521,22049.48132536502,true,7.264865755810872,1543.7839731098102,0.07264865755810872,"{""up"":0.46815,""flat"":0.0312,""down"":0.50065}",0.46948828499999995,1,방향·크기 모두 맞음,,"{""sourceUrl"":""https://api.stock.naver.com/chart/domestic/item/011200/minute?startDateTime=202609301525&endDateTime=202609301545"",""rawHash"":""7a8d63c0900b5759008f7f0c600e54ea98aee31f4748d6695bc2d1a828b24048"",""observedAt"":""2026-09-30T08:22:04Z"",""finalClose"":true}",1,2026-09-30T08:22:04Z,v1
score-5ba261ee1f257fdd,score,2026-09-30,2026-09-30T08:22:04Z,,,"{""forecastId"":""2026-09-28-rolling20-13cd892134e517b4"",""inputSnapshotSHA256"":""de3c5b1e138a6dd629fe995931e95d1ebfde4edd2c126f5fa7457a8336832a24"",""collectionRecordId"":""collection-fd0e9b5e0961d8b1""}",2026-09-28-rolling20-13cd892134e517b4,atlas-rolling20-A,live,,2026-09-28T09:39:48.714Z,2026-09-28,262500,051910,LG화학,chem,2026-09-30,2,true,"{""p05"":null,""p10"":247275.01709124434,""p25"":null,""p50"":262025.0300183794,""p75"":null,""p90"":278808.02809419745,""p95"":null}",251000,11025.030018379388,4.3924422383981625,2,false,-0.0018094094537928207,-0.043809523809523854,down,down,true,247275.01709124434,278808.02809419745,true,12.012575620172612,31533.011002953106,0.12012575620172612,"{""up"":0.4742,""flat"":0.0187,""down"":0.5071}",0.46816574,2,방향 맞고 크기 틀림,,"{""sourceUrl"":""https://api.stock.naver.com/chart/domestic/item/051910/minute?startDateTime=202609301525&endDateTime=202609301545"",""rawHash"":""c38621384c4d49bfadf1e4a7d1c5a7b4c9ca6416afdc8c1decc19d98a9c42e32"",""observedAt"":""2026-09-30T08:22:04Z"",""finalClose"":true}",1,2026-09-30T08:22:04Z,v1
score-2d3bf0e806ca6376,score,2026-09-30,2026-09-30T08:22:04Z,,,"{""forecastId"":""2026-09-28-rolling20-13cd892134e517b4"",""inputSnapshotSHA256"":""de3c5b1e138a6dd629fe995931e95d1ebfde4edd2c126f5fa7457a8336832a24"",""collectionRecordId"":""collection-fd0e9b5e0961d8b1""}",2026-09-28-rolling20-13cd892134e517b4,atlas-rolling20-A,live,,2026-09-28T09:39:48.714Z,2026-09-28,88200,017670,SK텔레콤,net,2026-09-30,2,true,"{""p05"":null,""p10"":85814.38951069089,""p25"":null,""p50"":88097.47195204618,""p75"":null,""p90"":90829.53837773719,""p95"":null}",85600,2497.4719520461804,2.9176074206146967,2,false,-0.0011624495232859244,-0.02947845804988658,down,down,true,85814.38951069089,90829.53837773719,false,5.686109826583107,7159.043973955195,0.08116829902443531,"{""up"":0.4593,""flat"":0.0381,""down"":0.5026}",0.45981485999999994,2,방향 맞고 크기 틀림,,"{""sourceUrl"":""https://api.stock.naver.com/chart/domestic/item/017670/minute?startDateTime=202609301525&endDateTime=202609301545"",""rawHash"":""d35823e8f5a14bc705430c9ba2f8b126ada570d74ecfc83df9e0414b689de736"",""observedAt"":""2026-09-30T08:22:04Z"",""finalClose"":true}",1,2026-09-30T08:22:04Z,v1
score-791a2eef428da418,score,2026-09-30,2026-09-30T08:22:04Z,,,"{""forecastId"":""2026-09-28-rolling20-13cd892134e517b4"",""inputSnapshotSHA256"":""de3c5b1e138a6dd629fe995931e95d1ebfde4edd2c126f5fa7457a8336832a24"",""collectionRecordId"":""collection-fd0e9b5e0961d8b1""}",2026-09-28-rolling20-13cd892134e517b4,atlas-rolling20-A,live,,2026-09-28T09:39:48.714Z,2026-09-28,175400,033780,KT&G,cons,2026-09-30,2,true,"{""p05"":null,""p10"":170949.07135426212,""p25"":null,""p50"":175286.99414757823,""p75"":null,""p90"":180334.84173287067,""p95"":null}",176200,-913.0058524217748,0.5181645019419834,2,true,-0.0006442750993259638,0.004561003420752607,down,up,false,170949.07135426212,180334.84173287067,true,5.351066350403961,9385.770378608548,0.05351066350403961,"{""up"":0.4675,""flat"":0.04035,""down"":0.49215}",0.5273959949999999,3,크기 허용·방향 틀림,,"{""sourceUrl"":""https://api.stock.naver.com/chart/domestic/item/033780/minute?startDateTime=202609301525&endDateTime=202609301545"",""rawHash"":""88dc3516268b3cde762d33a1b451e231dbe036868b66b8315d57761f9035caa3"",""observedAt"":""2026-09-30T08:22:04Z"",""finalClose"":true}",1,2026-09-30T08:22:04Z,v1
score-0d045ac59dea3f10,score,2026-09-30,2026-09-30T08:22:04Z,,,"{""forecastId"":""2026-09-28-rolling20-13cd892134e517b4"",""inputSnapshotSHA256"":""de3c5b1e138a6dd629fe995931e95d1ebfde4edd2c126f5fa7457a8336832a24"",""collectionRecordId"":""collection-fd0e9b5e0961d8b1""}",2026-09-28-rolling20-13cd892134e517b4,atlas-rolling20-A,live,,2026-09-28T09:39:48.714Z,2026-09-28,252500,196170,알테오젠,bio,2026-09-30,2,true,"{""p05"":null,""p10"":241093.38451046383,""p25"":null,""p50"":253066.8877034386,""p75"":null,""p90"":266857.53958256386,""p95"":null}",254500,-1433.1122965613904,0.563108957391509,2,true,0.002245099815598506,0.007920792079207928,up,up,true,241093.38451046383,266857.53958256386,true,10.203625771128722,25764.155072100024,0.10203625771128723,"{""up"":0.5134,""flat"":0.0218,""down"":0.4648}",0.45329384,1,방향·크기 모두 맞음,,"{""sourceUrl"":""https://api.stock.naver.com/chart/domestic/item/196170/minute?startDateTime=202609301525&endDateTime=202609301545"",""rawHash"":""0c0ce54f8e6931663593400efc6bdf814e69b0e33c33682335ea4075c913c83a"",""observedAt"":""2026-09-30T08:22:04Z"",""finalClose"":true}",1,2026-09-30T08:22:04Z,v1
score-a5eef2a719487d6f,score,2026-09-30,2026-09-30T08:22:04Z,,,"{""forecastId"":""2026-09-28-rolling20-13cd892134e517b4"",""inputSnapshotSHA256"":""de3c5b1e138a6dd629fe995931e95d1ebfde4edd2c126f5fa7457a8336832a24"",""collectionRecordId"":""collection-fd0e9b5e0961d8b1""}",2026-09-28-rolling20-13cd892134e517b4,atlas-rolling20-A,live,,2026-09-28T09:39:48.714Z,2026-09-28,219000,018260,삼성에스디에스,semi,2026-09-30,2,true,"{""p05"":null,""p10"":209678.95331600404,""p25"":null,""p50"":218643.49208628407,""p75"":null,""p90"":228191.88183912222,""p95"":null}",219000,-356.5079137159337,0.16278900169677338,2,true,-0.0016278900169677257,0,down,flat,false,209678.95331600404,228191.88183912222,true,8.453392019688662,18512.92852311817,0.08453392019688663,"{""up"":0.4642,""flat"":0.02645,""down"":0.50935}",1.422718665,3,크기 허용·방향 틀림,,"{""sourceUrl"":""https://api.stock.naver.com/chart/domestic/item/018260/minute?startDateTime=202609301525&endDateTime=202609301545"",""rawHash"":""d7a813a67708769e596e992b5545c4be112e054bebc69414cb13b1d150bcf153"",""observedAt"":""2026-09-30T08:22:04Z"",""finalClose"":true}",1,2026-09-30T08:22:04Z,v1
score-70e3a2bfc202d3bc,score,2026-09-30,2026-09-30T08:22:04Z,,,"{""forecastId"":""2026-09-28-rolling20-13cd892134e517b4"",""inputSnapshotSHA256"":""de3c5b1e138a6dd629fe995931e95d1ebfde4edd2c126f5fa7457a8336832a24"",""collectionRecordId"":""collection-fd0e9b5e0961d8b1""}",2026-09-28-rolling20-13cd892134e517b4,atlas-rolling20-A,live,,2026-09-28T09:39:48.714Z,2026-09-28,199100,086280,현대글로비스,auto,2026-09-30,2,true,"{""p05"":null,""p10"":190870.8619556665,""p25"":null,""p50"":198700.53259306666,""p75"":null,""p90"":207848.53721055665,""p95"":null}",196800,1900.5325930666586,0.9657177810298062,2,true,-0.0020063656802277174,-0.011551983927674536,down,down,true,190870.8619556665,207848.53721055665,true,8.527210072772547,16977.675254890142,0.08527210072772548,"{""up"":0.46,""flat"":0.02745,""down"":0.51255}",0.449961005,1,방향·크기 모두 맞음,,"{""sourceUrl"":""https://api.stock.naver.com/chart/domestic/item/086280/minute?startDateTime=202609301525&endDateTime=202609301545"",""rawHash"":""0b3ee15d8c73a00ff57dd293048fd8501f52acd54521981d43c98593fc60e87e"",""observedAt"":""2026-09-30T08:22:04Z"",""finalClose"":true}",1,2026-09-30T08:22:04Z,v1
score-c67766f28f90b5d3,score,2026-09-30,2026-09-30T08:22:04Z,,,"{""forecastId"":""2026-09-28-rolling20-13cd892134e517b4"",""inputSnapshotSHA256"":""de3c5b1e138a6dd629fe995931e95d1ebfde4edd2c126f5fa7457a8336832a24"",""collectionRecordId"":""collection-fd0e9b5e0961d8b1""}",2026-09-28-rolling20-13cd892134e517b4,atlas-rolling20-A,live,,2026-09-28T09:39:48.714Z,2026-09-28,124600,000720,현대건설,heavy,2026-09-30,2,true,"{""p05"":null,""p10"":116614.00754926918,""p25"":null,""p50"":123953.25792402256,""p75"":null,""p90"":133739.6581176708,""p95"":null}",117500,6453.2579240225605,5.492134403423456,2,false,-0.005190546356159231,-0.056982343499197396,down,down,true,116614.00754926918,133739.6581176708,true,13.744502863885726,17125.650568401616,0.13744502863885727,"{""up"":0.4501,""flat"":0.0171,""down"":0.5328}",0.4211582599999999,2,방향 맞고 크기 틀림,,"{""sourceUrl"":""https://api.stock.naver.com/chart/domestic/item/000720/minute?startDateTime=202609301525&endDateTime=202609301545"",""rawHash"":""6ff3fd80ac055bc2e143ea7fa1886e1baad8d866e8a1a3a95f7534e54a2000b0"",""observedAt"":""2026-09-30T08:22:04Z"",""finalClose"":true}",1,2026-09-30T08:22:04Z,v1
score-91d4729e085388be,score,2026-09-30,2026-09-30T08:22:04Z,,,"{""forecastId"":""2026-09-28-rolling20-13cd892134e517b4"",""inputSnapshotSHA256"":""de3c5b1e138a6dd629fe995931e95d1ebfde4edd2c126f5fa7457a8336832a24"",""collectionRecordId"":""collection-fd0e9b5e0961d8b1""}",2026-09-28-rolling20-13cd892134e517b4,atlas-rolling20-A,live,,2026-09-28T09:39:48.714Z,2026-09-28,368500,278470,에이피알,cons,2026-09-30,2,true,"{""p05"":null,""p10"":345000.9373375201,""p25"":null,""p50"":367983.2298760731,""p75"":null,""p90"":394107.6664604024,""p95"":null}",366000,1983.2298760730773,0.5418660863587643,2,true,-0.0014023612589604273,-0.006784260515603768,down,down,true,345000.9373375201,394107.6664604024,true,13.326113737552864,49106.7291228823,0.13326113737552864,"{""up"":0.4805,""flat"":0.0155,""down"":0.504}",0.47713649999999996,1,방향·크기 모두 맞음,,"{""sourceUrl"":""https://api.stock.naver.com/chart/domestic/item/278470/minute?startDateTime=202609301525&endDateTime=202609301545"",""rawHash"":""f35d299081f1eb5b583eec01c3d7bd22020d2b36926b90f9fb84fedca8b392b0"",""observedAt"":""2026-09-30T08:22:04Z"",""finalClose"":true}",1,2026-09-30T08:22:04Z,v1
score-26925e8fdd236507,score,2026-09-30,2026-09-30T08:22:04Z,,,"{""forecastId"":""2026-09-28-rolling20-13cd892134e517b4"",""inputSnapshotSHA256"":""de3c5b1e138a6dd629fe995931e95d1ebfde4edd2c126f5fa7457a8336832a24"",""collectionRecordId"":""collection-fd0e9b5e0961d8b1""}",2026-09-28-rolling20-13cd892134e517b4,atlas-rolling20-A,live,,2026-09-28T09:39:48.714Z,2026-09-28,52900,030200,KT,net,2026-09-30,2,true,"{""p05"":null,""p10"":51680.26858543344,""p25"":null,""p50"":52891.694471565395,""p75"":null,""p90"":54194.32178172577,""p95"":null}",52300,591.6944715653954,1.131346981960603,2,true,-0.00015700431823451044,-0.011342155009451793,down,down,true,51680.26858543344,54194.32178172577,true,4.752463509059219,2514.053196292327,0.04752463509059219,"{""up"":0.4737,""flat"":0.0447,""down"":0.4816}",0.49512833999999994,1,방향·크기 모두 맞음,,"{""sourceUrl"":""https://api.stock.naver.com/chart/domestic/item/030200/minute?startDateTime=202609301525&endDateTime=202609301545"",""rawHash"":""78097f4c6fec0062cf9e65bf10dbc7f8edb8520198147bbb868fa3bdb0518577"",""observedAt"":""2026-09-30T08:22:04Z"",""finalClose"":true}",1,2026-09-30T08:22:04Z,v1
score-93e7115a9874cda8,score,2026-09-30,2026-09-30T08:22:04Z,,,"{""forecastId"":""2026-09-28-rolling20-13cd892134e517b4"",""inputSnapshotSHA256"":""de3c5b1e138a6dd629fe995931e95d1ebfde4edd2c126f5fa7457a8336832a24"",""collectionRecordId"":""collection-fd0e9b5e0961d8b1""}",2026-09-28-rolling20-13cd892134e517b4,atlas-rolling20-A,live,,2026-09-28T09:39:48.714Z,2026-09-28,31700,003490,대한항공,auto,2026-09-30,2,true,"{""p05"":null,""p10"":30218.04713996241,""p25"":null,""p50"":31480.275964178833,""p75"":null,""p90"":32943.922646232364,""p95"":null}",32000,-519.7240358211675,1.6241376119411481,2,true,-0.006931357596882237,0.009463722397476282,down,up,false,30218.04713996241,32943.922646232364,true,8.598976360473037,2725.875506269953,0.08598976360473037,"{""up"":0.39515,""flat"":0.02365,""down"":0.5812}",0.7041962850000001,3,크기 허용·방향 틀림,,"{""sourceUrl"":""https://api.stock.naver.com/chart/domestic/item/003490/minute?startDateTime=202609301525&endDateTime=202609301545"",""rawHash"":""ed5d2ca2f14a5b49ee922437f55810435444724c7b53cfa780258d181226dd10"",""observedAt"":""2026-09-30T08:22:04Z"",""finalClose"":true}",1,2026-09-30T08:22:04Z,v1
score-033027f04d12530e,score,2026-09-30,2026-09-30T08:22:04Z,,,"{""forecastId"":""2026-09-28-rolling20-13cd892134e517b4"",""inputSnapshotSHA256"":""de3c5b1e138a6dd629fe995931e95d1ebfde4edd2c126f5fa7457a8336832a24"",""collectionRecordId"":""collection-fd0e9b5e0961d8b1""}",2026-09-28-rolling20-13cd892134e517b4,atlas-rolling20-A,live,,2026-09-28T09:39:48.714Z,2026-09-28,56900,047050,포스코인터내셔널,util,2026-09-30,2,true,"{""p05"":null,""p10"":54300.69430473595,""p25"":null,""p50"":56781.91193895381,""p75"":null,""p90"":59894.074366264176,""p95"":null}",56900,-118.08806104618998,0.20753613540630927,2,true,-0.0020753613540630544,0,down,flat,false,54300.69430473595,59894.074366264176,true,9.830193429750832,5593.380061528223,0.09830193429750832,"{""up"":0.46285,""flat"":0.02315,""down"":0.514}",1.4326620449999998,3,크기 허용·방향 틀림,,"{""sourceUrl"":""https://api.stock.naver.com/chart/domestic/item/047050/minute?startDateTime=202609301525&endDateTime=202609301545"",""rawHash"":""762970b06e8ba88a7484f56f9958bea658cdd7116eb6c5e93b9b083abc7689ef"",""observedAt"":""2026-09-30T08:22:04Z"",""finalClose"":true}",1,2026-09-30T08:22:04Z,v1
score-61c37a21b16201cb,score,2026-09-30,2026-09-30T08:22:04Z,,,"{""forecastId"":""2026-09-28-rolling20-13cd892134e517b4"",""inputSnapshotSHA256"":""de3c5b1e138a6dd629fe995931e95d1ebfde4edd2c126f5fa7457a8336832a24"",""collectionRecordId"":""collection-fd0e9b5e0961d8b1""}",2026-09-28-rolling20-13cd892134e517b4,atlas-rolling20-A,live,,2026-09-28T09:39:48.714Z,2026-09-28,1215000,003230,삼양식품,cons,2026-09-30,2,true,"{""p05"":null,""p10"":1154140.043410377,""p25"":null,""p50"":1209039.5766372425,""p75"":null,""p90"":1285323.8571487241,""p95"":null}",1213000,-3960.423362757545,0.32649821622073744,2,true,-0.004905698240952661,-0.0016460905349794386,down,down,true,1154140.043410377,1285323.8571487241,true,10.797021706859839,131183.81373834703,0.10797021706859838,"{""up"":0.44205,""flat"":0.0187,""down"":0.53925}",0.408048455,1,방향·크기 모두 맞음,,"{""sourceUrl"":""https://api.stock.naver.com/chart/domestic/item/003230/minute?startDateTime=202609301525&endDateTime=202609301545"",""rawHash"":""749463dd16fe3d4c073b7f2064d26f6a8dadc50cc2da4c85874c506b3321952c"",""observedAt"":""2026-09-30T08:22:04Z"",""finalClose"":true}",1,2026-09-30T08:22:04Z,v1
score-d0b92887128c0e68,score,2026-09-30,2026-09-30T08:22:04Z,,,"{""forecastId"":""2026-09-28-rolling20-13cd892134e517b4"",""inputSnapshotSHA256"":""de3c5b1e138a6dd629fe995931e95d1ebfde4edd2c126f5fa7457a8336832a24"",""collectionRecordId"":""collection-fd0e9b5e0961d8b1""}",2026-09-28-rolling20-13cd892134e517b4,atlas-rolling20-A,live,,2026-09-28T09:39:48.714Z,2026-09-28,202000,259960,크래프톤,net,2026-09-30,2,true,"{""p05"":null,""p10"":194502.9616995833,""p25"":null,""p50"":201917.19293701035,""p75"":null,""p90"":209345.06726915127,""p95"":null}",194900,7017.192937010346,3.600406843001717,2,false,-0.0004099359553942916,-0.03514851485148518,down,down,true,194502.9616995833,209345.06726915127,true,7.347577014637608,14842.105569567968,0.07347577014637607,"{""up"":0.47705,""flat"":0.03185,""down"":0.4911}",0.487570335,2,방향 맞고 크기 틀림,,"{""sourceUrl"":""https://api.stock.naver.com/chart/domestic/item/259960/minute?startDateTime=202609301525&endDateTime=202609301545"",""rawHash"":""261d9d02889f6936c8f552ce77e8bae505855ff1ebf0e773b6c588ea80798528"",""observedAt"":""2026-09-30T08:22:04Z"",""finalClose"":true}",1,2026-09-30T08:22:04Z,v1
score-3aaf89e49abf9b53,score,2026-09-30,2026-09-30T08:22:04Z,,,"{""forecastId"":""2026-09-28-rolling20-13cd892134e517b4"",""inputSnapshotSHA256"":""de3c5b1e138a6dd629fe995931e95d1ebfde4edd2c126f5fa7457a8336832a24"",""collectionRecordId"":""collection-fd0e9b5e0961d8b1""}",2026-09-28-rolling20-13cd892134e517b4,atlas-rolling20-A,live,,2026-09-28T09:39:48.714Z,2026-09-28,101600,021240,코웨이,cons,2026-09-30,2,true,"{""p05"":null,""p10"":97639.23599061211,""p25"":null,""p50"":101505.72987283512,""p75"":null,""p90"":106368.30183460802,""p95"":null}",99400,2105.729872835116,2.1184405159307,2,false,-0.0009278555823315493,-0.021653543307086576,down,down,true,97639.23599061211,106368.30183460802,true,8.591600240153454,8729.065843995908,0.08591600240153453,"{""up"":0.47575,""flat"":0.0255,""down"":0.49875}",0.478239875,2,방향 맞고 크기 틀림,,"{""sourceUrl"":""https://api.stock.naver.com/chart/domestic/item/021240/minute?startDateTime=202609301525&endDateTime=202609301545"",""rawHash"":""646b8270e53d676b7a80a54e911699490eacb477c9c220fb1129fcbc2560d2d3"",""observedAt"":""2026-09-30T08:22:04Z"",""finalClose"":true}",1,2026-09-30T08:22:04Z,v1
score-69978f807ecb4391,score,2026-09-30,2026-09-30T08:22:04Z,,,"{""forecastId"":""2026-09-28-rolling20-13cd892134e517b4"",""inputSnapshotSHA256"":""de3c5b1e138a6dd629fe995931e95d1ebfde4edd2c126f5fa7457a8336832a24"",""collectionRecordId"":""collection-fd0e9b5e0961d8b1""}",2026-09-28-rolling20-13cd892134e517b4,atlas-rolling20-A,live,,2026-09-28T09:39:48.714Z,2026-09-28,161900,352820,하이브,net,2026-09-30,2,true,"{""p05"":null,""p10"":154971.71373298936,""p25"":null,""p50"":161793.19801497084,""p75"":null,""p90"":169623.3342633433,""p95"":null}",156600,5193.19801497084,3.3162184003645208,2,false,-0.0006596787216130995,-0.03273625694873383,down,down,true,154971.71373298936,169623.3342633433,true,9.049796498056791,14651.620530353946,0.09049796498056792,"{""up"":0.4808,""flat"":0.0225,""down"":0.4967}",0.4849857800000001,2,방향 맞고 크기 틀림,,"{""sourceUrl"":""https://api.stock.naver.com/chart/domestic/item/352820/minute?startDateTime=202609301525&endDateTime=202609301545"",""rawHash"":""0eb5c50a593ba209577586c14115a3bbd8feb54e4ad746d6b425ba5abe5f082b"",""observedAt"":""2026-09-30T08:22:04Z"",""finalClose"":true}",1,2026-09-30T08:22:04Z,v1
score-49f2a9d746274edc,score,2026-09-30,2026-09-30T08:22:04Z,,,"{""forecastId"":""2026-09-28-rolling20-13cd892134e517b4"",""inputSnapshotSHA256"":""de3c5b1e138a6dd629fe995931e95d1ebfde4edd2c126f5fa7457a8336832a24"",""collectionRecordId"":""collection-fd0e9b5e0961d8b1""}",2026-09-28-rolling20-13cd892134e517b4,atlas-rolling20-A,live,,2026-09-28T09:39:48.714Z,2026-09-28,33350,009830,한화솔루션,chem,2026-09-30,2,true,"{""p05"":null,""p10"":30630.569704893027,""p25"":null,""p50"":33232.04938853201,""p75"":null,""p90"":36508.046303237825,""p95"":null}",33900,-667.9506114679898,1.970355786041268,2,true,-0.003536749969055175,0.016491754122938573,down,up,false,30630.569704893027,36508.046303237825,true,17.623617986041374,5877.476598344798,0.17623617986041373,"{""up"":0.47165,""flat"":0.0122,""down"":0.51615}",0.545713385,3,크기 허용·방향 틀림,,"{""sourceUrl"":""https://api.stock.naver.com/chart/domestic/item/009830/minute?startDateTime=202609301525&endDateTime=202609301545"",""rawHash"":""59a460075a76efa93973bda087581453ebdc72e009b5c1b4ffc4ad89b91753fc"",""observedAt"":""2026-09-30T08:22:04Z"",""finalClose"":true}",1,2026-09-30T08:22:04Z,v1
score-8cf156e001fc0555,score,2026-09-30,2026-09-30T08:22:04Z,,,"{""forecastId"":""2026-09-28-rolling20-13cd892134e517b4"",""inputSnapshotSHA256"":""de3c5b1e138a6dd629fe995931e95d1ebfde4edd2c126f5fa7457a8336832a24"",""collectionRecordId"":""collection-fd0e9b5e0961d8b1""}",2026-09-28-rolling20-13cd892134e517b4,atlas-rolling20-A,live,,2026-09-28T09:39:48.714Z,2026-09-28,43350,029780,삼성카드,fin,2026-09-30,2,true,"{""p05"":null,""p10"":42224.4063555325,""p25"":null,""p50"":43353.63912676549,""p75"":null,""p90"":44426.35936761551,""p95"":null}",42200,1153.6391267654908,2.733742006553296,2,false,0.00008394756091090194,-0.026528258362168433,up,down,false,42224.4063555325,44426.35936761551,false,5.079476383121129,2446.0165674079835,0.05642483431160285,"{""up"":0.481,""flat"":0.0442,""down"":0.4748}",0.5091496799999999,4,방향·크기 모두 틀림,,"{""sourceUrl"":""https://api.stock.naver.com/chart/domestic/item/029780/minute?startDateTime=202609301525&endDateTime=202609301545"",""rawHash"":""afb44b0ed3d28e13cc487cbb8e739ca21b16d2d0243fe3b0d5caa3e93d2f94f6"",""observedAt"":""2026-09-30T08:22:04Z"",""finalClose"":true}",1,2026-09-30T08:22:04Z,v1
score-4a749ef2ef86e47f,score,2026-09-30,2026-09-30T08:22:04Z,,,"{""forecastId"":""2026-09-28-rolling20-13cd892134e517b4"",""inputSnapshotSHA256"":""de3c5b1e138a6dd629fe995931e95d1ebfde4edd2c126f5fa7457a8336832a24"",""collectionRecordId"":""collection-fd0e9b5e0961d8b1""}",2026-09-28-rolling20-13cd892134e517b4,atlas-rolling20-A,live,,2026-09-28T09:39:48.714Z,2026-09-28,39700,028300,HLB,bio,2026-09-30,2,true,"{""p05"":null,""p10"":37157.22069157773,""p25"":null,""p50"":39431.11603370734,""p75"":null,""p90"":42140.53031700567,""p95"":null}",41400,-1968.883966292662,4.755758372687589,2,false,-0.0067728958763895175,0.04282115869017633,down,up,false,37157.22069157773,42140.53031700567,true,12.552417192513715,4983.309625427944,0.12552417192513715,"{""up"":0.4286,""flat"":0.01775,""down"":0.55365}",0.6333413450000001,4,방향·크기 모두 틀림,,"{""sourceUrl"":""https://api.stock.naver.com/chart/domestic/item/028300/minute?startDateTime=202609301525&endDateTime=202609301545"",""rawHash"":""ebbf83557e12b1cc19850640b761f1d1b9ac33efdc23a48eaed58df148f041fd"",""observedAt"":""2026-09-30T08:22:04Z"",""finalClose"":true}",1,2026-09-30T08:22:04Z,v1
score-84cd6f090d0be6f5,score,2026-09-30,2026-09-30T08:22:04Z,,,"{""forecastId"":""2026-09-28-rolling20-13cd892134e517b4"",""inputSnapshotSHA256"":""de3c5b1e138a6dd629fe995931e95d1ebfde4edd2c126f5fa7457a8336832a24"",""collectionRecordId"":""collection-fd0e9b5e0961d8b1""}",2026-09-28-rolling20-13cd892134e517b4,atlas-rolling20-A,live,,2026-09-28T09:39:48.714Z,2026-09-28,8450,034220,LG디스플레이,semi,2026-09-30,2,true,"{""p05"":null,""p10"":8111.7091990640065,""p25"":null,""p50"":8437.25573402751,""p75"":null,""p90"":8793.27611411888,""p95"":null}",8330,107.2557340275107,1.287583841866875,2,true,-0.001508197156507629,-0.014201183431952646,down,down,true,8111.7091990640065,8793.27611411888,true,8.065880651536968,681.5669150548738,0.08065880651536968,"{""up"":0.4658,""flat"":0.0283,""down"":0.5059}",0.46190533999999994,1,방향·크기 모두 맞음,,"{""sourceUrl"":""https://api.stock.naver.com/chart/domestic/item/034220/minute?startDateTime=202609301525&endDateTime=202609301545"",""rawHash"":""6d590598bfed8c3b6bfb71648101ff3fd4e8e7230cb1fc2ca8b4cb9f1da386f8"",""observedAt"":""2026-09-30T08:22:04Z"",""finalClose"":true}",1,2026-09-30T08:22:04Z,v1
score-8ed94d2fbadafbb1,score,2026-09-30,2026-09-30T08:22:04Z,,,"{""forecastId"":""2026-09-28-rolling20-13cd892134e517b4"",""inputSnapshotSHA256"":""de3c5b1e138a6dd629fe995931e95d1ebfde4edd2c126f5fa7457a8336832a24"",""collectionRecordId"":""collection-fd0e9b5e0961d8b1""}",2026-09-28-rolling20-13cd892134e517b4,atlas-rolling20-A,live,,2026-09-28T09:39:48.714Z,2026-09-28,480000,002380,KCC,chem,2026-09-30,2,true,"{""p05"":null,""p10"":459667.08626702963,""p25"":null,""p50"":479578.99423345807,""p75"":null,""p90"":501682.9814721814,""p95"":null}",470500,9078.99423345807,1.9296480836255199,2,true,-0.0008770953469623421,-0.019791666666666652,down,down,true,459667.08626702963,501682.9814721814,true,8.753311501073282,42015.895205151755,0.08753311501073283,"{""up"":0.4752,""flat"":0.0264,""down"":0.4984}",0.4781145600000001,1,방향·크기 모두 맞음,,"{""sourceUrl"":""https://api.stock.naver.com/chart/domestic/item/002380/minute?startDateTime=202609301525&endDateTime=202609301545"",""rawHash"":""61070edbc54794d4e820c0647707aa399316eb21a6c5100d131a66b958afb9eb"",""observedAt"":""2026-09-30T08:22:04Z"",""finalClose"":true}",1,2026-09-30T08:22:04Z,v1
score-81432ba367a80122,score,2026-09-30,2026-09-30T08:22:04Z,,,"{""forecastId"":""2026-09-28-rolling20-13cd892134e517b4"",""inputSnapshotSHA256"":""de3c5b1e138a6dd629fe995931e95d1ebfde4edd2c126f5fa7457a8336832a24"",""collectionRecordId"":""collection-fd0e9b5e0961d8b1""}",2026-09-28-rolling20-13cd892134e517b4,atlas-rolling20-A,live,,2026-09-28T09:39:48.714Z,2026-09-28,35500,036460,한국가스공사,util,2026-09-30,2,true,"{""p05"":null,""p10"":34493.86000102045,""p25"":null,""p50"":35491.172372268,""p75"":null,""p90"":36494.440296584726,""p95"":null}",34800,691.1723722680035,1.9861275065172515,2,true,-0.00024866556991542943,-0.019718309859154903,down,down,true,34493.86000102045,36494.440296584726,true,5.635437452293724,2000.580295564272,0.05635437452293724,"{""up"":0.47405,""flat"":0.0405,""down"":0.48545}",0.4911253550000001,1,방향·크기 모두 맞음,,"{""sourceUrl"":""https://api.stock.naver.com/chart/domestic/item/036460/minute?startDateTime=202609301525&endDateTime=202609301545"",""rawHash"":""58378581009cca95c0f09fc12225f0838356b3b67004002177bc7c2743cff5fc"",""observedAt"":""2026-09-30T08:22:04Z"",""finalClose"":true}",1,2026-09-30T08:22:04Z,v1
score-2e8497a226ec8cfb,score,2026-09-30,2026-09-30T08:22:04Z,,,"{""forecastId"":""2026-09-28-rolling20-13cd892134e517b4"",""inputSnapshotSHA256"":""de3c5b1e138a6dd629fe995931e95d1ebfde4edd2c126f5fa7457a8336832a24"",""collectionRecordId"":""collection-fd0e9b5e0961d8b1""}",2026-09-28-rolling20-13cd892134e517b4,atlas-rolling20-A,live,,2026-09-28T09:39:48.714Z,2026-09-28,343500,004170,신세계,cons,2026-09-30,2,true,"{""p05"":null,""p10"":325259.4975177048,""p25"":null,""p50"":343466.33175896027,""p75"":null,""p90"":365138.2087952186,""p95"":null}",336500,6966.331758960267,2.070232320641981,2,false,-0.00009801525775754438,-0.020378457059679778,down,down,true,325259.4975177048,365138.2087952186,true,11.609522933774038,39878.71127751382,0.11609522933774039,"{""up"":0.4896,""flat"":0.0195,""down"":0.4909}",0.49927121999999996,2,방향 맞고 크기 틀림,,"{""sourceUrl"":""https://api.stock.naver.com/chart/domestic/item/004170/minute?startDateTime=202609301525&endDateTime=202609301545"",""rawHash"":""c838bca64b11d7d90b3531571d0c81932815232c19de9c055e91f73e6686b1c8"",""observedAt"":""2026-09-30T08:22:04Z"",""finalClose"":true}",1,2026-09-30T08:22:04Z,v1
score-9077feb34a45bca2,score,2026-09-30,2026-09-30T08:22:04Z,,,"{""forecastId"":""2026-09-28-rolling20-13cd892134e517b4"",""inputSnapshotSHA256"":""de3c5b1e138a6dd629fe995931e95d1ebfde4edd2c126f5fa7457a8336832a24"",""collectionRecordId"":""collection-fd0e9b5e0961d8b1""}",2026-09-28-rolling20-13cd892134e517b4,atlas-rolling20-A,live,,2026-09-28T09:39:48.714Z,2026-09-28,83300,012750,에스원,util,2026-09-30,2,true,"{""p05"":null,""p10"":80380.8025856661,""p25"":null,""p50"":83330.27403544463,""p75"":null,""p90"":86319.89525017745,""p95"":null}",82600,730.2740354446287,0.8841090017489452,2,true,0.0003634337988551728,-0.008403361344537785,up,down,false,80380.8025856661,86319.89525017745,true,7.129763102654682,5939.09266451135,0.07129763102654682,"{""up"":0.49125,""flat"":0.03185,""down"":0.4769}",0.5159745950000001,3,크기 허용·방향 틀림,,"{""sourceUrl"":""https://api.stock.naver.com/chart/domestic/item/012750/minute?startDateTime=202609301525&endDateTime=202609301545"",""rawHash"":""59385b9949b2ea19ddc911e180be073c09b526329a4ae1c5fa3fc4133c0c4f60"",""observedAt"":""2026-09-30T08:22:04Z"",""finalClose"":true}",1,2026-09-30T08:22:04Z,v1
score-6cfdf6f27ac8c992,score,2026-09-30,2026-09-30T08:22:04Z,,,"{""forecastId"":""2026-09-28-rolling20-13cd892134e517b4"",""inputSnapshotSHA256"":""de3c5b1e138a6dd629fe995931e95d1ebfde4edd2c126f5fa7457a8336832a24"",""collectionRecordId"":""collection-fd0e9b5e0961d8b1""}",2026-09-28-rolling20-13cd892134e517b4,atlas-rolling20-A,live,,2026-09-28T09:39:48.714Z,2026-09-28,71400,111770,영원무역,cons,2026-09-30,2,true,"{""p05"":null,""p10"":68765.14672083835,""p25"":null,""p50"":71366.58953821297,""p75"":null,""p90"":74030.75255635686,""p95"":null}",68800,2566.5895382129675,3.7305080497281504,2,false,-0.0004679336384738608,-0.036414565826330514,down,down,true,68765.14672083835,74030.75255635686,true,7.374798088961497,5265.605835518509,0.07374798088961497,"{""up"":0.4787,""flat"":0.0296,""down"":0.4917}",0.48839873999999994,2,방향 맞고 크기 틀림,,"{""sourceUrl"":""https://api.stock.naver.com/chart/domestic/item/111770/minute?startDateTime=202609301525&endDateTime=202609301545"",""rawHash"":""d8e0a68771038df1a0d029692335392231208c28c61a57824be418e5429cb140"",""observedAt"":""2026-09-30T08:22:04Z"",""finalClose"":true}",1,2026-09-30T08:22:04Z,v1
score-b5f2c1a9c8d7edc6,score,2026-09-30,2026-09-30T08:22:04Z,,,"{""forecastId"":""2026-09-28-rolling20-13cd892134e517b4"",""inputSnapshotSHA256"":""de3c5b1e138a6dd629fe995931e95d1ebfde4edd2c126f5fa7457a8336832a24"",""collectionRecordId"":""collection-fd0e9b5e0961d8b1""}",2026-09-28-rolling20-13cd892134e517b4,atlas-rolling20-A,live,,2026-09-28T09:39:48.714Z,2026-09-28,14450,035250,강원랜드,cons,2026-09-30,2,true,"{""p05"":null,""p10"":14167.563267841897,""p25"":null,""p50"":14457.650461244008,""p75"":null,""p90"":14763.044759339473,""p95"":null}",14260,197.6504612440076,1.3860481153156212,2,true,0.00052944368470631,-0.01314878892733562,up,down,false,14167.563267841897,14763.044759339473,true,4.12097917991402,595.4814914975759,0.0412097917991402,"{""up"":0.48635,""flat"":0.054,""down"":0.45965}",0.531430445,3,크기 허용·방향 틀림,,"{""sourceUrl"":""https://api.stock.naver.com/chart/domestic/item/035250/minute?startDateTime=202609301525&endDateTime=202609301545"",""rawHash"":""7e46c0b1e724276d55f0221e1278bbe10a0e3853d26ad41c17bff062c5ca0bd4"",""observedAt"":""2026-09-30T08:22:04Z"",""finalClose"":true}",1,2026-09-30T08:22:04Z,v1
score-13c48d79c4ef0ed1,score,2026-09-30,2026-09-30T08:22:04Z,,,"{""forecastId"":""2026-09-28-rolling20-13cd892134e517b4"",""inputSnapshotSHA256"":""de3c5b1e138a6dd629fe995931e95d1ebfde4edd2c126f5fa7457a8336832a24"",""collectionRecordId"":""collection-fd0e9b5e0961d8b1""}",2026-09-28-rolling20-13cd892134e517b4,atlas-rolling20-A,live,,2026-09-28T09:39:48.714Z,2026-09-28,38700,257720,실리콘투,cons,2026-09-30,2,true,"{""p05"":null,""p10"":36289.08488272851,""p25"":null,""p50"":38496.98110718079,""p75"":null,""p90"":41167.12760180808,""p95"":null}",38150,346.9811071807926,0.9095179742615795,2,true,-0.005245966222718557,-0.014211886304909549,down,down,true,36289.08488272851,41167.12760180808,true,12.604761548009236,4878.042719079574,0.12604761548009236,"{""up"":0.4488,""flat"":0.01675,""down"":0.53445}",0.41843880499999997,1,방향·크기 모두 맞음,,"{""sourceUrl"":""https://api.stock.naver.com/chart/domestic/item/257720/minute?startDateTime=202609301525&endDateTime=202609301545"",""rawHash"":""191279d043a4f807d72e2869a239a17f217b66e6dfa72ad76515731d549afbde"",""observedAt"":""2026-09-30T08:22:04Z"",""finalClose"":true}",1,2026-09-30T08:22:04Z,v1
score-6a6583dd6319ace7,score,2026-09-30,2026-09-30T08:22:04Z,,,"{""forecastId"":""2026-09-28-rolling20-13cd892134e517b4"",""inputSnapshotSHA256"":""de3c5b1e138a6dd629fe995931e95d1ebfde4edd2c126f5fa7457a8336832a24"",""collectionRecordId"":""collection-fd0e9b5e0961d8b1""}",2026-09-28-rolling20-13cd892134e517b4,atlas-rolling20-A,live,,2026-09-28T09:39:48.714Z,2026-09-28,104400,226950,올릭스,bio,2026-09-30,2,true,"{""p05"":null,""p10"":94288.26743713682,""p25"":null,""p50"":103907.35030597282,""p75"":null,""p90"":116309.17691511831,""p95"":null}",102500,1407.3503059728246,1.3730246887539752,2,true,-0.004718866801026622,-0.01819923371647514,down,down,true,94288.26743713682,116309.17691511831,true,21.092825170480356,22020.90947798149,0.21092825170480356,"{""up"":0.4691,""flat"":0.01065,""down"":0.52025}",0.45032829500000005,1,방향·크기 모두 맞음,,"{""sourceUrl"":""https://api.stock.naver.com/chart/domestic/item/226950/minute?startDateTime=202609301525&endDateTime=202609301545"",""rawHash"":""078fd6e084439ac1034092eb47ef731799f61e3040736a069f3c4d3352040bc8"",""observedAt"":""2026-09-30T08:22:04Z"",""finalClose"":true}",1,2026-09-30T08:22:04Z,v1
score-1b39fa7b135455cc,score,2026-09-30,2026-09-30T08:22:04Z,,,"{""forecastId"":""2026-09-28-rolling20-13cd892134e517b4"",""inputSnapshotSHA256"":""de3c5b1e138a6dd629fe995931e95d1ebfde4edd2c126f5fa7457a8336832a24"",""collectionRecordId"":""collection-fd0e9b5e0961d8b1""}",2026-09-28-rolling20-13cd892134e517b4,atlas-rolling20-A,live,,2026-09-28T09:39:48.714Z,2026-09-28,17280,010170,대한광통신,semi,2026-09-30,2,true,"{""p05"":null,""p10"":15791.359915024901,""p25"":null,""p50"":17115.26465320835,""p75"":null,""p90"":19179.521201854208,""p95"":null}",16680,435.26465320834905,2.609500318994898,2,false,-0.00953329553192428,-0.03472222222222221,down,down,true,15791.359915024901,19179.521201854208,true,19.607414854336266,3388.161286829307,0.19607414854336266,"{""up"":0.43905,""flat"":0.01115,""down"":0.5498}",0.395569265,2,방향 맞고 크기 틀림,,"{""sourceUrl"":""https://api.stock.naver.com/chart/domestic/item/010170/minute?startDateTime=202609301525&endDateTime=202609301545"",""rawHash"":""ba671c0ae7671e1135c1945e010de9678e62470181de7d8830fbc58ba3c2a008"",""observedAt"":""2026-09-30T08:22:04Z"",""finalClose"":true}",1,2026-09-30T08:22:04Z,v1
score-71433a3007819693,score,2026-09-30,2026-09-30T08:22:04Z,,,"{""forecastId"":""2026-09-28-rolling20-13cd892134e517b4"",""inputSnapshotSHA256"":""de3c5b1e138a6dd629fe995931e95d1ebfde4edd2c126f5fa7457a8336832a24"",""collectionRecordId"":""collection-fd0e9b5e0961d8b1""}",2026-09-28-rolling20-13cd892134e517b4,atlas-rolling20-A,live,,2026-09-28T09:39:48.714Z,2026-09-28,39700,214370,케어젠,bio,2026-09-30,2,true,"{""p05"":null,""p10"":36941.93603658196,""p25"":null,""p50"":39574.07784428178,""p75"":null,""p90"":42817.60636826758,""p95"":null}",40850,-1275.9221557182173,3.123432449738598,2,false,-0.003171842713305173,0.02896725440806036,down,up,false,36941.93603658196,42817.60636826758,true,14.800177157898291,5875.670331685622,0.14800177157898292,"{""up"":0.46685,""flat"":0.0148,""down"":0.51835}",0.553154685,4,방향·크기 모두 틀림,,"{""sourceUrl"":""https://api.stock.naver.com/chart/domestic/item/214370/minute?startDateTime=202609301525&endDateTime=202609301545"",""rawHash"":""3a8caa702ae2b0178067860e32c6b50707568b3f33dbc2cbe1fe6576e3f36ffe"",""observedAt"":""2026-09-30T08:22:04Z"",""finalClose"":true}",1,2026-09-30T08:22:04Z,v1
score-17e3f9c4e2034e5c,score,2026-09-30,2026-09-30T08:22:04Z,,,"{""forecastId"":""2026-09-28-rolling20-13cd892134e517b4"",""inputSnapshotSHA256"":""de3c5b1e138a6dd629fe995931e95d1ebfde4edd2c126f5fa7457a8336832a24"",""collectionRecordId"":""collection-fd0e9b5e0961d8b1""}",2026-09-28-rolling20-13cd892134e517b4,atlas-rolling20-A,live,,2026-09-28T09:39:48.714Z,2026-09-28,17810,030000,제일기획,net,2026-09-30,2,true,"{""p05"":null,""p10"":17403.544422631923,""p25"":null,""p50"":17827.023360114807,""p75"":null,""p90"":18240.338832158664,""p95"":null}",18740,-912.9766398851934,4.871807043144042,2,false,0.0009558315617521629,0.05221785513756316,up,up,true,17403.544422631923,18240.338832158664,false,4.698452608235493,5833.406087940097,0.32753543447165057,"{""up"":0.49845,""flat"":0.05,""down"":0.45155}",0.45794980499999993,2,방향 맞고 크기 틀림,,"{""sourceUrl"":""https://api.stock.naver.com/chart/domestic/item/030000/minute?startDateTime=202609301525&endDateTime=202609301545"",""rawHash"":""d561edf8a1c58916027395fad3cb5ae15e4c21e651f96e0f1ef7633019721bd3"",""observedAt"":""2026-09-30T08:22:04Z"",""finalClose"":true}",1,2026-09-30T08:22:04Z,v1
score-05adb8c524f5d8f2,score,2026-09-30,2026-09-30T08:22:04Z,,,"{""forecastId"":""2026-09-28-atlas11-90616c6bc916e8d6"",""inputSnapshotSHA256"":""de3c5b1e138a6dd629fe995931e95d1ebfde4edd2c126f5fa7457a8336832a24"",""collectionRecordId"":""collection-fd0e9b5e0961d8b1""}",2026-09-28-atlas11-90616c6bc916e8d6,atlas11-A-1,live,,2026-09-28T13:13:16.576Z,2026-09-28,270000,005930,삼성전자,semi,2026-09-30,2,true,"{""p05"":247746.88546855768,""p10"":253235.62863363558,""p25"":261699.238639573,""p50"":270800.14092095854,""p75"":280543.0346101724,""p90"":290634.89480612264,""p95"":297828.2694123081}",268500,2300.14092095854,0.8566632852731992,2,true,0.002963484892439139,-0.005555555555555536,up,down,false,253235.62863363558,290634.89480612264,true,13.851580063884095,37399.266172487056,0.13851580063884095,"{""up"":0.51365,""flat"":0.01585,""down"":0.4705}",0.5444577950000001,3,크기 허용·방향 틀림,true,"{""sourceUrl"":""https://api.stock.naver.com/chart/domestic/item/005930/minute?startDateTime=202609301525&endDateTime=202609301545"",""rawHash"":""f4a12111715b59430baf1224b45a7dc22f64ced283cce0542d829d4d268b820f"",""observedAt"":""2026-09-30T08:22:04Z"",""finalClose"":true}",1,2026-09-30T08:22:04Z,v1
score-4f41b54c6e519849,score,2026-09-30,2026-09-30T08:22:04Z,,,"{""forecastId"":""2026-09-28-atlas11-90616c6bc916e8d6"",""inputSnapshotSHA256"":""de3c5b1e138a6dd629fe995931e95d1ebfde4edd2c126f5fa7457a8336832a24"",""collectionRecordId"":""collection-fd0e9b5e0961d8b1""}",2026-09-28-atlas11-90616c6bc916e8d6,atlas11-A-1,live,,2026-09-28T13:13:16.576Z,2026-09-28,1499000,009150,삼성전기,semi,2026-09-30,2,true,"{""p05"":1398152.3087777488,""p10"":1423777.6430979257,""p25"":1461988.9397830893,""p50"":1501758.386698714,""p75"":1546520.6669931002,""p90"":1600270.8917560845,""p95"":1640024.3564044794}",1513000,-11241.613301286008,0.7430015400717784,2,true,0.0018401512332981707,0.009339559706470935,up,up,true,1423777.6430979257,1600270.8917560845,true,11.774065954513595,176493.24865815882,0.11774065954513596,"{""up"":0.50865,""flat"":0.0195,""down"":0.47185}",0.46444749499999993,1,방향·크기 모두 맞음,true,"{""sourceUrl"":""https://api.stock.naver.com/chart/domestic/item/009150/minute?startDateTime=202609301525&endDateTime=202609301545"",""rawHash"":""089ec0c4e59e98ab4b8e83a7924cbdb0f0cc5b219e436cfa84e25fe336bf3259"",""observedAt"":""2026-09-30T08:22:04Z"",""finalClose"":true}",1,2026-09-30T08:22:04Z,v1
score-2a7062837d7419a4,score,2026-09-30,2026-09-30T08:22:04Z,,,"{""forecastId"":""2026-09-28-atlas11-90616c6bc916e8d6"",""inputSnapshotSHA256"":""de3c5b1e138a6dd629fe995931e95d1ebfde4edd2c126f5fa7457a8336832a24"",""collectionRecordId"":""collection-fd0e9b5e0961d8b1""}",2026-09-28-atlas11-90616c6bc916e8d6,atlas11-A-1,live,,2026-09-28T13:13:16.576Z,2026-09-28,364000,373220,LG에너지솔루션,chem,2026-09-30,2,true,"{""p05"":339062.37758151756,""p10"":344835.7920213606,""p25"":353623.1348939204,""p50"":363207.47924503253,""p75"":373745.3976851903,""p90"":384395.7212668001,""p95"":392576.86829098506}",357000,6207.479245032533,1.7387897044909055,2,true,-0.002177254821339236,-0.019230769230769273,down,down,true,344835.7920213606,384395.7212668001,true,10.86811243006579,39559.929245439474,0.10868112430065789,"{""up"":0.46895,""flat"":0.019,""down"":0.51205}",0.458370305,1,방향·크기 모두 맞음,true,"{""sourceUrl"":""https://api.stock.naver.com/chart/domestic/item/373220/minute?startDateTime=202609301525&endDateTime=202609301545"",""rawHash"":""e38d593b218199d50c04e007b8e9ac2f7a80de5f550a0f56fb6da5b089ea5755"",""observedAt"":""2026-09-30T08:22:04Z"",""finalClose"":true}",1,2026-09-30T08:22:04Z,v1
score-fe3fee80821c02ba,score,2026-09-30,2026-09-30T08:22:04Z,,,"{""forecastId"":""2026-09-28-atlas11-90616c6bc916e8d6"",""inputSnapshotSHA256"":""de3c5b1e138a6dd629fe995931e95d1ebfde4edd2c126f5fa7457a8336832a24"",""collectionRecordId"":""collection-fd0e9b5e0961d8b1""}",2026-09-28-atlas11-90616c6bc916e8d6,atlas11-A-1,live,,2026-09-28T13:13:16.576Z,2026-09-28,354500,005380,현대차,auto,2026-09-30,2,true,"{""p05"":336069.1403628114,""p10"":340566.7028276219,""p25"":346981.53820469946,""p50"":353671.91729225393,""p75"":361011.4031499991,""p90"":369781.47893618763,""p95"":376487.4832858315}",345000,8671.91729225393,2.5135992151460664,2,false,-0.002335917370228646,-0.026798307475317307,down,down,true,340566.7028276219,369781.47893618763,true,8.241121610314735,29214.77610856574,0.08241121610314736,"{""up"":0.4561,""flat"":0.026,""down"":0.5179}",0.44112362,2,방향 맞고 크기 틀림,false,"{""sourceUrl"":""https://api.stock.naver.com/chart/domestic/item/005380/minute?startDateTime=202609301525&endDateTime=202609301545"",""rawHash"":""f5c7331f6826f368a29c3edc427824145984185e9949ee1f75155d66f97b6363"",""observedAt"":""2026-09-30T08:22:04Z"",""finalClose"":true}",1,2026-09-30T08:22:04Z,v1
score-4c86ec75c60a852a,score,2026-09-30,2026-09-30T08:22:04Z,,,"{""forecastId"":""2026-09-28-atlas11-90616c6bc916e8d6"",""inputSnapshotSHA256"":""de3c5b1e138a6dd629fe995931e95d1ebfde4edd2c126f5fa7457a8336832a24"",""collectionRecordId"":""collection-fd0e9b5e0961d8b1""}",2026-09-28-atlas11-90616c6bc916e8d6,atlas11-A-1,live,,2026-09-28T13:13:16.576Z,2026-09-28,1400000,207940,삼성바이오로직스,bio,2026-09-30,2,true,"{""p05"":1334052.9109416306,""p10"":1352324.8092184318,""p25"":1375949.4194262822,""p50"":1399373.0782127627,""p75"":1423755.5579927717,""p90"":1452523.7969408308,""p95"":1474338.9508119728}",1391000,8373.078212762717,0.6019466723769028,2,true,-0.0004478012765980477,-0.00642857142857145,down,down,true,1352324.8092184318,1452523.7969408308,true,7.157070551599924,100198.98772239895,0.07157070551599924,"{""up"":0.4766,""flat"":0.0316,""down"":0.4918}",0.48641336,1,방향·크기 모두 맞음,true,"{""sourceUrl"":""https://api.stock.naver.com/chart/domestic/item/207940/minute?startDateTime=202609301525&endDateTime=202609301545"",""rawHash"":""dac02dd2da930150c6b72ec83998c734ce586e4821d7562d2b229b34efb9933c"",""observedAt"":""2026-09-30T08:22:04Z"",""finalClose"":true}",1,2026-09-30T08:22:04Z,v1
score-61304b0f0add728e,score,2026-09-30,2026-09-30T08:22:04Z,,,"{""forecastId"":""2026-09-28-atlas11-90616c6bc916e8d6"",""inputSnapshotSHA256"":""de3c5b1e138a6dd629fe995931e95d1ebfde4edd2c126f5fa7457a8336832a24"",""collectionRecordId"":""collection-fd0e9b5e0961d8b1""}",2026-09-28-atlas11-90616c6bc916e8d6,atlas11-A-1,live,,2026-09-28T13:13:16.576Z,2026-09-28,174200,105560,KB금융,fin,2026-09-30,2,true,"{""p05"":166577.985461555,""p10"":168897.35214440018,""p25"":171908.31443554442,""p50"":174643.69811641006,""p75"":177524.68844033047,""p90"":180585.2250925588,""p95"":182729.85963559247}",168800,5843.698116410058,3.46190646706757,2,false,0.002547061517853333,-0.030998851894374235,up,down,false,168897.35214440018,180585.2250925588,false,6.709456342226533,12661.394392160437,0.0726830906553412,"{""up"":0.5282,""flat"":0.0355,""down"":0.4363}",0.5980131799999999,4,방향·크기 모두 틀림,false,"{""sourceUrl"":""https://api.stock.naver.com/chart/domestic/item/105560/minute?startDateTime=202609301525&endDateTime=202609301545"",""rawHash"":""2c1a8a37d2d06dee0c55eef4d03c4d1bbf198a3662cc7b1328f72850064796d4"",""observedAt"":""2026-09-30T08:22:04Z"",""finalClose"":true}",1,2026-09-30T08:22:04Z,v1
score-dd5e8352b61d6669,score,2026-09-30,2026-09-30T08:22:04Z,,,"{""forecastId"":""2026-09-28-atlas11-90616c6bc916e8d6"",""inputSnapshotSHA256"":""de3c5b1e138a6dd629fe995931e95d1ebfde4edd2c126f5fa7457a8336832a24"",""collectionRecordId"":""collection-fd0e9b5e0961d8b1""}",2026-09-28-atlas11-90616c6bc916e8d6,atlas11-A-1,live,,2026-09-28T13:13:16.576Z,2026-09-28,345500,028260,삼성물산,util,2026-09-30,2,true,"{""p05"":320702.602608551,""p10"":326986.28145030804,""p25"":336010.2227957435,""p50"":344812.1371439529,""p75"":354631.3897169059,""p90"":365496.5772888013,""p95"":373925.19216219895}",341500,3312.1371439528884,0.9698791051106554,2,true,-0.001990919988558937,-0.01157742402315487,down,down,true,326986.28145030804,365496.5772888013,true,11.146250604484305,38510.29583849327,0.11146250604484305,"{""up"":0.46775,""flat"":0.0212,""down"":0.51105}",0.458311605,1,방향·크기 모두 맞음,true,"{""sourceUrl"":""https://api.stock.naver.com/chart/domestic/item/028260/minute?startDateTime=202609301525&endDateTime=202609301545"",""rawHash"":""adbe43348015419d4233fd1808231f136e855fb5f46e5bb380e21c1d673e2342"",""observedAt"":""2026-09-30T08:22:04Z"",""finalClose"":true}",1,2026-09-30T08:22:04Z,v1
score-27c721c6b0ea6ad9,score,2026-09-30,2026-09-30T08:22:04Z,,,"{""forecastId"":""2026-09-28-atlas11-90616c6bc916e8d6"",""inputSnapshotSHA256"":""de3c5b1e138a6dd629fe995931e95d1ebfde4edd2c126f5fa7457a8336832a24"",""collectionRecordId"":""collection-fd0e9b5e0961d8b1""}",2026-09-28-atlas11-90616c6bc916e8d6,atlas11-A-1,live,,2026-09-28T13:13:16.576Z,2026-09-28,296000,032830,삼성생명보험,fin,2026-09-30,2,true,"{""p05"":280620.57901169034,""p10"":284367.02475303685,""p25"":289913.30100657954,""p50"":295923.05723963614,""p75"":302320.95469726983,""p90"":310140.70022051764,""p95"":315858.2836159532}",282000,13923.057239636139,4.937254340296502,2,false,-0.00025994175798604857,-0.04729729729729726,down,down,true,284367.02475303685,310140.70022051764,false,8.707322793067835,49443.922997849295,0.1670402803981395,"{""up"":0.48175,""flat"":0.0283,""down"":0.48995}",0.49303495500000005,2,방향 맞고 크기 틀림,true,"{""sourceUrl"":""https://api.stock.naver.com/chart/domestic/item/032830/minute?startDateTime=202609301525&endDateTime=202609301545"",""rawHash"":""02ff2bc454e31f4184a4ce31de01aa1f4337a65a156a6fe2b17590aa22d633b5"",""observedAt"":""2026-09-30T08:22:04Z"",""finalClose"":true}",1,2026-09-30T08:22:04Z,v1
score-9cff8b04f3a5ca0d,score,2026-09-30,2026-09-30T08:22:04Z,,,"{""forecastId"":""2026-09-28-atlas11-90616c6bc916e8d6"",""inputSnapshotSHA256"":""de3c5b1e138a6dd629fe995931e95d1ebfde4edd2c126f5fa7457a8336832a24"",""collectionRecordId"":""collection-fd0e9b5e0961d8b1""}",2026-09-28-atlas11-90616c6bc916e8d6,atlas11-A-1,live,,2026-09-28T13:13:16.576Z,2026-09-28,1034000,012450,한화에어로스페이스,heavy,2026-09-30,2,true,"{""p05"":946551.8268017458,""p10"":965256.4701659421,""p25"":997783.875105703,""p50"":1032201.8758388758,""p75"":1071058.3351868575,""p90"":1108883.7740893753,""p95"":1136433.979030391}",1007000,25201.87583887577,2.5026689015765413,2,false,-0.0017389982215901822,-0.026112185686653744,down,down,true,965256.4701659421,1108883.7740893753,true,13.890454924896826,143627.30392343318,0.13890454924896825,"{""up"":0.47825,""flat"":0.015,""down"":0.50675}",0.472243625,2,방향 맞고 크기 틀림,true,"{""sourceUrl"":""https://api.stock.naver.com/chart/domestic/item/012450/minute?startDateTime=202609301525&endDateTime=202609301545"",""rawHash"":""217f47f5c6bf11c287f34b3c35a6a52a7b9c8ef6e058ec5897e828c39715911f"",""observedAt"":""2026-09-30T08:22:04Z"",""finalClose"":true}",1,2026-09-30T08:22:04Z,v1
score-bb62dc3204bbce6c,score,2026-09-30,2026-09-30T08:22:04Z,,,"{""forecastId"":""2026-09-28-atlas11-90616c6bc916e8d6"",""inputSnapshotSHA256"":""de3c5b1e138a6dd629fe995931e95d1ebfde4edd2c126f5fa7457a8336832a24"",""collectionRecordId"":""collection-fd0e9b5e0961d8b1""}",2026-09-28-atlas11-90616c6bc916e8d6,atlas11-A-1,live,,2026-09-28T13:13:16.576Z,2026-09-28,82000,034020,두산에너빌리티,heavy,2026-09-30,2,true,"{""p05"":75125.54356709585,""p10"":76726.27599274962,""p25"":79102.33686449821,""p50"":81802.70357858282,""p75"":84894.86264398466,""p90"":87954.08786722468,""p95"":90002.17833431604}",81600,202.70357858281932,0.24841124826325897,2,true,-0.002406053919721707,-0.004878048780487809,down,down,true,76726.27599274962,87954.08786722468,true,13.692453505457383,11227.811874475054,0.13692453505457383,"{""up"":0.47645,""flat"":0.01455,""down"":0.509}",0.468297305,1,방향·크기 모두 맞음,true,"{""sourceUrl"":""https://api.stock.naver.com/chart/domestic/item/034020/minute?startDateTime=202609301525&endDateTime=202609301545"",""rawHash"":""3396bb96c3e8e65d2d3a4bcdbd029b488ffcee55b36d35f9ab525478e96eeaec"",""observedAt"":""2026-09-30T08:22:04Z"",""finalClose"":true}",1,2026-09-30T08:22:04Z,v1
score-eeca1ee40ae671f7,score,2026-09-30,2026-09-30T08:22:04Z,,,"{""forecastId"":""2026-09-28-atlas11-90616c6bc916e8d6"",""inputSnapshotSHA256"":""de3c5b1e138a6dd629fe995931e95d1ebfde4edd2c126f5fa7457a8336832a24"",""collectionRecordId"":""collection-fd0e9b5e0961d8b1""}",2026-09-28-atlas11-90616c6bc916e8d6,atlas11-A-1,live,,2026-09-28T13:13:16.576Z,2026-09-28,442000,329180,HD현대중공업,heavy,2026-09-30,2,true,"{""p05"":412599.4084644012,""p10"":420193.6370393752,""p25"":432505.894312358,""p50"":445608.80842930067,""p75"":459651.2811743616,""p90"":474320.58528855117,""p95"":484325.4077468546}",433500,12108.808429300669,2.79326607365644,2,false,0.00816472495316889,-0.019230769230769273,up,down,false,420193.6370393752,474320.58528855117,true,12.245915893478726,54126.94824917597,0.12245915893478726,"{""up"":0.5659,""flat"":0.0185,""down"":0.4156}",0.66210842,4,방향·크기 모두 틀림,false,"{""sourceUrl"":""https://api.stock.naver.com/chart/domestic/item/329180/minute?startDateTime=202609301525&endDateTime=202609301545"",""rawHash"":""7b3b9019fbaed79e5d73f74fc1107d037a7760565b5198cc8a2a265485bede04"",""observedAt"":""2026-09-30T08:22:04Z"",""finalClose"":true}",1,2026-09-30T08:22:04Z,v1
score-8d9738d557beb0fd,score,2026-09-30,2026-09-30T08:22:04Z,,,"{""forecastId"":""2026-09-28-atlas11-90616c6bc916e8d6"",""inputSnapshotSHA256"":""de3c5b1e138a6dd629fe995931e95d1ebfde4edd2c126f5fa7457a8336832a24"",""collectionRecordId"":""collection-fd0e9b5e0961d8b1""}",2026-09-28-atlas11-90616c6bc916e8d6,atlas11-A-1,live,,2026-09-28T13:13:16.576Z,2026-09-28,578000,034730,SK,util,2026-09-30,2,true,"{""p05"":526358.2244060797,""p10"":539241.3173313148,""p25"":557700.6982207116,""p50"":577040.5595155669,""p75"":597182.7834390904,""p90"":619945.5339084102,""p95"":636208.9143473761}",588000,-10959.440484433086,1.8638504225226338,2,true,-0.001659931633967271,0.01730103806228378,down,up,false,539241.3173313148,619945.5339084102,true,13.962667227871183,80704.21657709545,0.13962667227871184,"{""up"":0.47755,""flat"":0.0169,""down"":0.50555}",0.5288204150000001,3,크기 허용·방향 틀림,true,"{""sourceUrl"":""https://api.stock.naver.com/chart/domestic/item/034730/minute?startDateTime=202609301525&endDateTime=202609301545"",""rawHash"":""f61397aaa9d15eb0ad7eb522fdd899174dfe4636e48e631fbdbe31ade58cb439"",""observedAt"":""2026-09-30T08:22:04Z"",""finalClose"":true}",1,2026-09-30T08:22:04Z,v1
score-21995dd8f89df50a,score,2026-09-30,2026-09-30T08:22:04Z,,,"{""forecastId"":""2026-09-28-atlas11-90616c6bc916e8d6"",""inputSnapshotSHA256"":""de3c5b1e138a6dd629fe995931e95d1ebfde4edd2c126f5fa7457a8336832a24"",""collectionRecordId"":""collection-fd0e9b5e0961d8b1""}",2026-09-28-atlas11-90616c6bc916e8d6,atlas11-A-1,live,,2026-09-28T13:13:16.576Z,2026-09-28,373000,012330,현대모비스,auto,2026-09-30,2,true,"{""p05"":352366.041776719,""p10"":357057.57830965694,""p25"":364358.5040345034,""p50"":371931.1115301469,""p75"":380469.0901008029,""p90"":390446.40530823835,""p95"":398603.6662698679}",367000,4931.111530146911,1.3436271199310383,2,true,-0.0028656527341905935,-0.01608579088471851,down,down,true,357057.57830965694,390446.40530823835,true,8.95142814975373,33388.82699858141,0.08951428149753729,"{""up"":0.4526,""flat"":0.0238,""down"":0.5236}",0.43237016000000006,1,방향·크기 모두 맞음,false,"{""sourceUrl"":""https://api.stock.naver.com/chart/domestic/item/012330/minute?startDateTime=202609301525&endDateTime=202609301545"",""rawHash"":""afc7a51a04acd688e344e34f552fefdd5995bbe465dd48b5cc71958ed7c238dc"",""observedAt"":""2026-09-30T08:22:04Z"",""finalClose"":true}",1,2026-09-30T08:22:04Z,v1
score-1487ebfeb30dd47f,score,2026-09-30,2026-09-30T08:22:04Z,,,"{""forecastId"":""2026-09-28-atlas11-90616c6bc916e8d6"",""inputSnapshotSHA256"":""de3c5b1e138a6dd629fe995931e95d1ebfde4edd2c126f5fa7457a8336832a24"",""collectionRecordId"":""collection-fd0e9b5e0961d8b1""}",2026-09-28-atlas11-90616c6bc916e8d6,atlas11-A-1,live,,2026-09-28T13:13:16.576Z,2026-09-28,214500,066570,LG전자,semi,2026-09-30,2,true,"{""p05"":198988.6278609349,""p10"":203020.36475641164,""p25"":208525.7946514463,""p50"":214059.78973798023,""p75"":219830.0565470705,""p90"":226549.95752046249,""p95"":232157.62356322157}",212500,1559.7897379802307,0.7340187002259909,2,true,-0.0020522622937985124,-0.009324009324009341,down,down,true,203020.36475641164,226549.95752046249,true,10.96950711610762,23529.592764050845,0.1096950711610762,"{""up"":0.4676,""flat"":0.02015,""down"":0.51225}",0.456955845,1,방향·크기 모두 맞음,true,"{""sourceUrl"":""https://api.stock.naver.com/chart/domestic/item/066570/minute?startDateTime=202609301525&endDateTime=202609301545"",""rawHash"":""15e67e254bd4c4c32a6179cab42e4c0b11f19a0341144a57b8be87566e56656e"",""observedAt"":""2026-09-30T08:22:04Z"",""finalClose"":true}",1,2026-09-30T08:22:04Z,v1
score-1bb34589c9df7d6d,score,2026-09-30,2026-09-30T08:22:04Z,,,"{""forecastId"":""2026-09-28-atlas11-90616c6bc916e8d6"",""inputSnapshotSHA256"":""de3c5b1e138a6dd629fe995931e95d1ebfde4edd2c126f5fa7457a8336832a24"",""collectionRecordId"":""collection-fd0e9b5e0961d8b1""}",2026-09-28-atlas11-90616c6bc916e8d6,atlas11-A-1,live,,2026-09-28T13:13:16.576Z,2026-09-28,197700,035420,NAVER,net,2026-09-30,2,true,"{""p05"":187040.92596178487,""p10"":189623.35536474458,""p25"":193471.41859170888,""p50"":197365.54189013946,""p75"":201649.02458852768,""p90"":206059.19530429464,""p95"":209310.98033553662}",193700,3665.5418901394587,1.8923809448319353,2,true,-0.0016917456239784467,-0.02023267577137078,down,down,true,189623.35536474458,206059.19530429464,true,8.313525513176561,16435.83993955006,0.0831352551317656,"{""up"":0.4638,""flat"":0.02595,""down"":0.51025}",0.45563890500000004,1,방향·크기 모두 맞음,true,"{""sourceUrl"":""https://api.stock.naver.com/chart/domestic/item/035420/minute?startDateTime=202609301525&endDateTime=202609301545"",""rawHash"":""80e73d1ddd0123b0b2133e642ca9dff80e8683cca7dbce3ae3e71c68cf690670"",""observedAt"":""2026-09-30T08:22:04Z"",""finalClose"":true}",1,2026-09-30T08:22:04Z,v1
score-03397c43e3a7e874,score,2026-09-30,2026-09-30T08:22:04Z,,,"{""forecastId"":""2026-09-28-atlas11-90616c6bc916e8d6"",""inputSnapshotSHA256"":""de3c5b1e138a6dd629fe995931e95d1ebfde4edd2c126f5fa7457a8336832a24"",""collectionRecordId"":""collection-fd0e9b5e0961d8b1""}",2026-09-28-atlas11-90616c6bc916e8d6,atlas11-A-1,live,,2026-09-28T13:13:16.576Z,2026-09-28,204500,010120,LS ELECTRIC,heavy,2026-09-30,2,true,"{""p05"":186852.54870824105,""p10"":190921.3931672064,""p25"":197107.31445073974,""p50"":203693.17230561402,""p75"":211425.74670131516,""p90"":220253.78753524297,""p95"":226697.12203086514}",205000,-1306.8276943859819,0.6374769240907229,2,true,-0.0039453676987090125,0.0024449877750611915,down,up,false,190921.3931672064,220253.78753524297,true,14.343469128624237,29332.394368036563,0.14343469128624237,"{""up"":0.4599,""flat"":0.01595,""down"":0.52415}",0.566695635,3,크기 허용·방향 틀림,false,"{""sourceUrl"":""https://api.stock.naver.com/chart/domestic/item/010120/minute?startDateTime=202609301525&endDateTime=202609301545"",""rawHash"":""356f830db23568e2ccc21f37f55da1ce664e54698600737286322ede138b0afc"",""observedAt"":""2026-09-30T08:22:04Z"",""finalClose"":true}",1,2026-09-30T08:22:04Z,v1
score-ccc210626ecd8cc1,score,2026-09-30,2026-09-30T08:22:04Z,,,"{""forecastId"":""2026-09-28-atlas11-90616c6bc916e8d6"",""inputSnapshotSHA256"":""de3c5b1e138a6dd629fe995931e95d1ebfde4edd2c126f5fa7457a8336832a24"",""collectionRecordId"":""collection-fd0e9b5e0961d8b1""}",2026-09-28-atlas11-90616c6bc916e8d6,atlas11-A-1,live,,2026-09-28T13:13:16.576Z,2026-09-28,661000,000810,삼성화재,fin,2026-09-30,2,true,"{""p05"":626617.1866817421,""p10"":634994.6088712253,""p25"":646704.8496511674,""p50"":659003.421183947,""p75"":672091.5478077151,""p90"":689422.3322715389,""p95"":701180.5667617043}",633000,26003.421183947008,4.10796543190316,2,false,-0.0030205428382041877,-0.04236006051437213,down,down,true,634994.6088712253,689422.3322715389,false,8.234148774631413,74373.81211256632,0.1125171136347448,"{""up"":0.44395,""flat"":0.0282,""down"":0.52785}",0.42081246499999997,2,방향 맞고 크기 틀림,false,"{""sourceUrl"":""https://api.stock.naver.com/chart/domestic/item/000810/minute?startDateTime=202609301525&endDateTime=202609301545"",""rawHash"":""0f82df4fd1ad35a8649746a8318889cb5ed6966187df06fa924e95f56eacf444"",""observedAt"":""2026-09-30T08:22:04Z"",""finalClose"":true}",1,2026-09-30T08:22:04Z,v1
score-771237fadc759e0c,score,2026-09-30,2026-09-30T08:22:04Z,,,"{""forecastId"":""2026-09-28-atlas11-90616c6bc916e8d6"",""inputSnapshotSHA256"":""de3c5b1e138a6dd629fe995931e95d1ebfde4edd2c126f5fa7457a8336832a24"",""collectionRecordId"":""collection-fd0e9b5e0961d8b1""}",2026-09-28-atlas11-90616c6bc916e8d6,atlas11-A-1,live,,2026-09-28T13:13:16.576Z,2026-09-28,316500,005490,POSCO홀딩스,chem,2026-09-30,2,true,"{""p05"":300385.96449627937,""p10"":304245.0657610158,""p25"":309932.34806052904,""p50"":315932.32938540017,""p75"":322829.1833889134,""p90"":330142.4968574716,""p95"":334740.9571160038}",306000,9932.329385400168,3.2458592762745644,2,false,-0.0017935880398098902,-0.033175355450236976,down,down,true,304245.0657610158,330142.4968574716,true,8.182442684504196,25897.43109645578,0.08182442684504196,"{""up"":0.4631,""flat"":0.0254,""down"":0.5115}",0.45373902000000005,2,방향 맞고 크기 틀림,true,"{""sourceUrl"":""https://api.stock.naver.com/chart/domestic/item/005490/minute?startDateTime=202609301525&endDateTime=202609301545"",""rawHash"":""e654ad42330e6dcc95118b005aff9b03e79614f52b05c48d56aaba684f3094d4"",""observedAt"":""2026-09-30T08:22:04Z"",""finalClose"":true}",1,2026-09-30T08:22:04Z,v1
score-9b7febc8530104a4,score,2026-09-30,2026-09-30T08:22:04Z,,,"{""forecastId"":""2026-09-28-atlas11-90616c6bc916e8d6"",""inputSnapshotSHA256"":""de3c5b1e138a6dd629fe995931e95d1ebfde4edd2c126f5fa7457a8336832a24"",""collectionRecordId"":""collection-fd0e9b5e0961d8b1""}",2026-09-28-atlas11-90616c6bc916e8d6,atlas11-A-1,live,,2026-09-28T13:13:16.576Z,2026-09-28,1102000,010130,고려아연,chem,2026-09-30,2,true,"{""p05"":1017436.7618335583,""p10"":1039203.0047147168,""p25"":1067609.0837074248,""p50"":1096343.1145954542,""p75"":1132039.3897277717,""p90"":1176344.479986097,""p95"":1212062.2249975835}",1070000,26343.114595454186,2.4619733266779615,2,false,-0.005133289840785649,-0.029038112522686066,down,down,true,1039203.0047147168,1176344.479986097,true,12.444779970179688,137141.47527138016,0.12444779970179688,"{""up"":0.43755,""flat"":0.0196,""down"":0.54285}",0.40082028499999994,2,방향 맞고 크기 틀림,false,"{""sourceUrl"":""https://api.stock.naver.com/chart/domestic/item/010130/minute?startDateTime=202609301525&endDateTime=202609301545"",""rawHash"":""8a66d5ff5eb6bdcdc61e2ae57be41a9fceb7c4ea9f4fa9cadebcb80a95214d89"",""observedAt"":""2026-09-30T08:22:04Z"",""finalClose"":true}",1,2026-09-30T08:22:04Z,v1
score-43fdb127cda784f5,score,2026-09-30,2026-09-30T08:22:04Z,,,"{""forecastId"":""2026-09-28-atlas11-90616c6bc916e8d6"",""inputSnapshotSHA256"":""de3c5b1e138a6dd629fe995931e95d1ebfde4edd2c126f5fa7457a8336832a24"",""collectionRecordId"":""collection-fd0e9b5e0961d8b1""}",2026-09-28-atlas11-90616c6bc916e8d6,atlas11-A-1,live,,2026-09-28T13:13:16.576Z,2026-09-28,133400,138040,메리츠금융지주,fin,2026-09-30,2,true,"{""p05"":125999.86461589861,""p10"":127731.52496072576,""p25"":130059.7447665618,""p50"":132524.08260351216,""p75"":135442.2142476989,""p90"":138795.00991180254,""p95"":141023.9683998747}",126300,6224.082603512157,4.92801472962166,2,false,-0.006566097424946293,-0.05322338830584705,down,down,true,127731.52496072576,138795.00991180254,false,8.293466979817678,25378.734558334356,0.19024538649426054,"{""up"":0.4039,""flat"":0.0233,""down"":0.5728}",0.34617794,2,방향 맞고 크기 틀림,false,"{""sourceUrl"":""https://api.stock.naver.com/chart/domestic/item/138040/minute?startDateTime=202609301525&endDateTime=202609301545"",""rawHash"":""74913e22c2dbf6a21c77538fa8cc2418f490d19fd46305d355cb56ee632e45c3"",""observedAt"":""2026-09-30T08:22:04Z"",""finalClose"":true}",1,2026-09-30T08:22:04Z,v1
score-8c4b6d8583b9f834,score,2026-09-30,2026-09-30T08:22:04Z,,,"{""forecastId"":""2026-09-28-atlas11-90616c6bc916e8d6"",""inputSnapshotSHA256"":""de3c5b1e138a6dd629fe995931e95d1ebfde4edd2c126f5fa7457a8336832a24"",""collectionRecordId"":""collection-fd0e9b5e0961d8b1""}",2026-09-28-atlas11-90616c6bc916e8d6,atlas11-A-1,live,,2026-09-28T13:13:16.576Z,2026-09-28,30700,015760,한국전력,util,2026-09-30,2,true,"{""p05"":28990.673893638104,""p10"":29479.923206649248,""p25"":30100.956165166186,""p50"":30684.034966814128,""p75"":31303.5406619811,""p90"":31936.167843611183,""p95"":32405.770190530537}",29950,734.034966814128,2.4508680027182903,2,false,-0.0005200336542628969,-0.02442996742671011,down,down,true,29479.923206649248,31936.167843611183,true,8.000796863068194,2456.2446369619356,0.08000796863068194,"{""up"":0.47795,""flat"":0.02845,""down"":0.4936}",0.48568656499999996,2,방향 맞고 크기 틀림,true,"{""sourceUrl"":""https://api.stock.naver.com/chart/domestic/item/015760/minute?startDateTime=202609301525&endDateTime=202609301545"",""rawHash"":""2669e05f678ffcc3f49a081222368052b1033333af4015ceecbe737c4392156b"",""observedAt"":""2026-09-30T08:22:04Z"",""finalClose"":true}",1,2026-09-30T08:22:04Z,v1
score-bb264000b5f80a50,score,2026-09-30,2026-09-30T08:22:04Z,,,"{""forecastId"":""2026-09-28-atlas11-90616c6bc916e8d6"",""inputSnapshotSHA256"":""de3c5b1e138a6dd629fe995931e95d1ebfde4edd2c126f5fa7457a8336832a24"",""collectionRecordId"":""collection-fd0e9b5e0961d8b1""}",2026-09-28-atlas11-90616c6bc916e8d6,atlas11-A-1,live,,2026-09-28T13:13:16.576Z,2026-09-28,21250,011200,HMM,auto,2026-09-30,2,true,"{""p05"":20265.24684092198,""p10"":20505.69735225521,""p25"":20866.728784553336,""p50"":21227.66477129094,""p75"":21612.768362249437,""p90"":22049.48132536502,""p95"":22363.740573121962}",20850,377.6647712909398,1.8113418287335246,2,true,-0.0010510695863087394,-0.018823529411764683,down,down,true,20505.69735225521,22049.48132536502,true,7.264865755810872,1543.7839731098102,0.07264865755810872,"{""up"":0.46815,""flat"":0.0312,""down"":0.50065}",0.46948828499999995,1,방향·크기 모두 맞음,true,"{""sourceUrl"":""https://api.stock.naver.com/chart/domestic/item/011200/minute?startDateTime=202609301525&endDateTime=202609301545"",""rawHash"":""7a8d63c0900b5759008f7f0c600e54ea98aee31f4748d6695bc2d1a828b24048"",""observedAt"":""2026-09-30T08:22:04Z"",""finalClose"":true}",1,2026-09-30T08:22:04Z,v1
score-17fb234f3dbcb3fe,score,2026-09-30,2026-09-30T08:22:04Z,,,"{""forecastId"":""2026-09-28-atlas11-90616c6bc916e8d6"",""inputSnapshotSHA256"":""de3c5b1e138a6dd629fe995931e95d1ebfde4edd2c126f5fa7457a8336832a24"",""collectionRecordId"":""collection-fd0e9b5e0961d8b1""}",2026-09-28-atlas11-90616c6bc916e8d6,atlas11-A-1,live,,2026-09-28T13:13:16.576Z,2026-09-28,262500,051910,LG화학,chem,2026-09-30,2,true,"{""p05"":242275.6360908232,""p10"":247275.01709124434,""p25"":254582.05957702585,""p50"":262025.0300183794,""p75"":270236.85927668714,""p90"":278808.02809419745,""p95"":284402.5862586964}",251000,11025.030018379388,4.3924422383981625,2,false,-0.0018094094537928207,-0.043809523809523854,down,down,true,247275.01709124434,278808.02809419745,true,12.012575620172612,31533.011002953106,0.12012575620172612,"{""up"":0.4742,""flat"":0.0187,""down"":0.5071}",0.46816574,2,방향 맞고 크기 틀림,true,"{""sourceUrl"":""https://api.stock.naver.com/chart/domestic/item/051910/minute?startDateTime=202609301525&endDateTime=202609301545"",""rawHash"":""c38621384c4d49bfadf1e4a7d1c5a7b4c9ca6416afdc8c1decc19d98a9c42e32"",""observedAt"":""2026-09-30T08:22:04Z"",""finalClose"":true}",1,2026-09-30T08:22:04Z,v1
score-deb5bb1f028d7f28,score,2026-09-30,2026-09-30T08:22:04Z,,,"{""forecastId"":""2026-09-28-atlas11-90616c6bc916e8d6"",""inputSnapshotSHA256"":""de3c5b1e138a6dd629fe995931e95d1ebfde4edd2c126f5fa7457a8336832a24"",""collectionRecordId"":""collection-fd0e9b5e0961d8b1""}",2026-09-28-atlas11-90616c6bc916e8d6,atlas11-A-1,live,,2026-09-28T13:13:16.576Z,2026-09-28,88200,017670,SK텔레콤,net,2026-09-30,2,true,"{""p05"":84928.31633646,""p10"":85814.38951069089,""p25"":86934.83971101497,""p50"":88097.47195204618,""p75"":89380.28672140726,""p90"":90829.53837773719,""p95"":92026.54931701136}",85600,2497.4719520461804,2.9176074206146967,2,false,-0.0011624495232859244,-0.02947845804988658,down,down,true,85814.38951069089,90829.53837773719,false,5.686109826583107,7159.043973955195,0.08116829902443531,"{""up"":0.4593,""flat"":0.0381,""down"":0.5026}",0.45981485999999994,2,방향 맞고 크기 틀림,true,"{""sourceUrl"":""https://api.stock.naver.com/chart/domestic/item/017670/minute?startDateTime=202609301525&endDateTime=202609301545"",""rawHash"":""d35823e8f5a14bc705430c9ba2f8b126ada570d74ecfc83df9e0414b689de736"",""observedAt"":""2026-09-30T08:22:04Z"",""finalClose"":true}",1,2026-09-30T08:22:04Z,v1
score-e79e1fafa606b751,score,2026-09-30,2026-09-30T08:22:04Z,,,"{""forecastId"":""2026-09-28-atlas11-90616c6bc916e8d6"",""inputSnapshotSHA256"":""de3c5b1e138a6dd629fe995931e95d1ebfde4edd2c126f5fa7457a8336832a24"",""collectionRecordId"":""collection-fd0e9b5e0961d8b1""}",2026-09-28-atlas11-90616c6bc916e8d6,atlas11-A-1,live,,2026-09-28T13:13:16.576Z,2026-09-28,175400,033780,KT&G,cons,2026-09-30,2,true,"{""p05"":169356.69956535322,""p10"":170949.07135426212,""p25"":173077.7773941083,""p50"":175286.99414757823,""p75"":177700.4852155787,""p90"":180334.84173287067,""p95"":182387.20737611476}",176200,-913.0058524217748,0.5181645019419834,2,true,-0.0006442750993259638,0.004561003420752607,down,up,false,170949.07135426212,180334.84173287067,true,5.351066350403961,9385.770378608548,0.05351066350403961,"{""up"":0.4675,""flat"":0.04035,""down"":0.49215}",0.5273959949999999,3,크기 허용·방향 틀림,true,"{""sourceUrl"":""https://api.stock.naver.com/chart/domestic/item/033780/minute?startDateTime=202609301525&endDateTime=202609301545"",""rawHash"":""88dc3516268b3cde762d33a1b451e231dbe036868b66b8315d57761f9035caa3"",""observedAt"":""2026-09-30T08:22:04Z"",""finalClose"":true}",1,2026-09-30T08:22:04Z,v1
score-8e9876c11fbd559e,score,2026-09-30,2026-09-30T08:22:04Z,,,"{""forecastId"":""2026-09-28-atlas11-90616c6bc916e8d6"",""inputSnapshotSHA256"":""de3c5b1e138a6dd629fe995931e95d1ebfde4edd2c126f5fa7457a8336832a24"",""collectionRecordId"":""collection-fd0e9b5e0961d8b1""}",2026-09-28-atlas11-90616c6bc916e8d6,atlas11-A-1,live,,2026-09-28T13:13:16.576Z,2026-09-28,252500,196170,알테오젠,bio,2026-09-30,2,true,"{""p05"":236830.91291554054,""p10"":241093.38451046383,""p25"":246749.5049196642,""p50"":253066.8877034386,""p75"":259789.89729334498,""p90"":266857.53958256386,""p95"":272144.0586069327}",254500,-1433.1122965613904,0.563108957391509,2,true,0.002245099815598506,0.007920792079207928,up,up,true,241093.38451046383,266857.53958256386,true,10.203625771128722,25764.155072100024,0.10203625771128723,"{""up"":0.5134,""flat"":0.0218,""down"":0.4648}",0.45329384,1,방향·크기 모두 맞음,true,"{""sourceUrl"":""https://api.stock.naver.com/chart/domestic/item/196170/minute?startDateTime=202609301525&endDateTime=202609301545"",""rawHash"":""0c0ce54f8e6931663593400efc6bdf814e69b0e33c33682335ea4075c913c83a"",""observedAt"":""2026-09-30T08:22:04Z"",""finalClose"":true}",1,2026-09-30T08:22:04Z,v1
score-427e7e52d9b2a961,score,2026-09-30,2026-09-30T08:22:04Z,,,"{""forecastId"":""2026-09-28-atlas11-90616c6bc916e8d6"",""inputSnapshotSHA256"":""de3c5b1e138a6dd629fe995931e95d1ebfde4edd2c126f5fa7457a8336832a24"",""collectionRecordId"":""collection-fd0e9b5e0961d8b1""}",2026-09-28-atlas11-90616c6bc916e8d6,atlas11-A-1,live,,2026-09-28T13:13:16.576Z,2026-09-28,219000,018260,삼성에스디에스,semi,2026-09-30,2,true,"{""p05"":206284.4918017631,""p10"":209678.95331600404,""p25"":214182.1622016609,""p50"":218643.49208628407,""p75"":223190.24771543048,""p90"":228191.88183912222,""p95"":232330.95426866983}",219000,-356.5079137159337,0.16278900169677338,2,true,-0.0016278900169677257,0,down,flat,false,209678.95331600404,228191.88183912222,true,8.453392019688662,18512.92852311817,0.08453392019688663,"{""up"":0.4642,""flat"":0.02645,""down"":0.50935}",1.422718665,3,크기 허용·방향 틀림,true,"{""sourceUrl"":""https://api.stock.naver.com/chart/domestic/item/018260/minute?startDateTime=202609301525&endDateTime=202609301545"",""rawHash"":""d7a813a67708769e596e992b5545c4be112e054bebc69414cb13b1d150bcf153"",""observedAt"":""2026-09-30T08:22:04Z"",""finalClose"":true}",1,2026-09-30T08:22:04Z,v1
score-e184ccc2e98a52c5,score,2026-09-30,2026-09-30T08:22:04Z,,,"{""forecastId"":""2026-09-28-atlas11-90616c6bc916e8d6"",""inputSnapshotSHA256"":""de3c5b1e138a6dd629fe995931e95d1ebfde4edd2c126f5fa7457a8336832a24"",""collectionRecordId"":""collection-fd0e9b5e0961d8b1""}",2026-09-28-atlas11-90616c6bc916e8d6,atlas11-A-1,live,,2026-09-28T13:13:16.576Z,2026-09-28,199100,086280,현대글로비스,auto,2026-09-30,2,true,"{""p05"":188149.92379094425,""p10"":190870.8619556665,""p25"":194688.2082056612,""p50"":198700.53259306666,""p75"":203135.9293868204,""p90"":207848.53721055665,""p95"":211429.46138023614}",196800,1900.5325930666586,0.9657177810298062,2,true,-0.0020063656802277174,-0.011551983927674536,down,down,true,190870.8619556665,207848.53721055665,true,8.527210072772547,16977.675254890142,0.08527210072772548,"{""up"":0.46,""flat"":0.02745,""down"":0.51255}",0.449961005,1,방향·크기 모두 맞음,false,"{""sourceUrl"":""https://api.stock.naver.com/chart/domestic/item/086280/minute?startDateTime=202609301525&endDateTime=202609301545"",""rawHash"":""0b3ee15d8c73a00ff57dd293048fd8501f52acd54521981d43c98593fc60e87e"",""observedAt"":""2026-09-30T08:22:04Z"",""finalClose"":true}",1,2026-09-30T08:22:04Z,v1
score-47b9183bd9a1d915,score,2026-09-30,2026-09-30T08:22:04Z,,,"{""forecastId"":""2026-09-28-atlas11-90616c6bc916e8d6"",""inputSnapshotSHA256"":""de3c5b1e138a6dd629fe995931e95d1ebfde4edd2c126f5fa7457a8336832a24"",""collectionRecordId"":""collection-fd0e9b5e0961d8b1""}",2026-09-28-atlas11-90616c6bc916e8d6,atlas11-A-1,live,,2026-09-28T13:13:16.576Z,2026-09-28,124600,000720,현대건설,heavy,2026-09-30,2,true,"{""p05"":114404.10403602936,""p10"":116614.00754926918,""p25"":120160.6610081397,""p50"":123953.25792402256,""p75"":128415.37183098336,""p90"":133739.6581176708,""p95"":137896.66399944446}",117500,6453.2579240225605,5.492134403423456,2,false,-0.005190546356159231,-0.056982343499197396,down,down,true,116614.00754926918,133739.6581176708,true,13.744502863885726,17125.650568401616,0.13744502863885727,"{""up"":0.4501,""flat"":0.0171,""down"":0.5328}",0.4211582599999999,2,방향 맞고 크기 틀림,false,"{""sourceUrl"":""https://api.stock.naver.com/chart/domestic/item/000720/minute?startDateTime=202609301525&endDateTime=202609301545"",""rawHash"":""6ff3fd80ac055bc2e143ea7fa1886e1baad8d866e8a1a3a95f7534e54a2000b0"",""observedAt"":""2026-09-30T08:22:04Z"",""finalClose"":true}",1,2026-09-30T08:22:04Z,v1
score-925e2f088ac4c122,score,2026-09-30,2026-09-30T08:22:04Z,,,"{""forecastId"":""2026-09-28-atlas11-90616c6bc916e8d6"",""inputSnapshotSHA256"":""de3c5b1e138a6dd629fe995931e95d1ebfde4edd2c126f5fa7457a8336832a24"",""collectionRecordId"":""collection-fd0e9b5e0961d8b1""}",2026-09-28-atlas11-90616c6bc916e8d6,atlas11-A-1,live,,2026-09-28T13:13:16.576Z,2026-09-28,368500,278470,에이피알,cons,2026-09-30,2,true,"{""p05"":337869.8888598457,""p10"":345000.9373375201,""p25"":355728.688624996,""p50"":367983.2298760731,""p75"":381276.5986484655,""p90"":394107.6664604024,""p95"":402275.24599151145}",366000,1983.2298760730773,0.5418660863587643,2,true,-0.0014023612589604273,-0.006784260515603768,down,down,true,345000.9373375201,394107.6664604024,true,13.326113737552864,49106.7291228823,0.13326113737552864,"{""up"":0.4805,""flat"":0.0155,""down"":0.504}",0.47713649999999996,1,방향·크기 모두 맞음,true,"{""sourceUrl"":""https://api.stock.naver.com/chart/domestic/item/278470/minute?startDateTime=202609301525&endDateTime=202609301545"",""rawHash"":""f35d299081f1eb5b583eec01c3d7bd22020d2b36926b90f9fb84fedca8b392b0"",""observedAt"":""2026-09-30T08:22:04Z"",""finalClose"":true}",1,2026-09-30T08:22:04Z,v1
score-a3a062a565816072,score,2026-09-30,2026-09-30T08:22:04Z,,,"{""forecastId"":""2026-09-28-atlas11-90616c6bc916e8d6"",""inputSnapshotSHA256"":""de3c5b1e138a6dd629fe995931e95d1ebfde4edd2c126f5fa7457a8336832a24"",""collectionRecordId"":""collection-fd0e9b5e0961d8b1""}",2026-09-28-atlas11-90616c6bc916e8d6,atlas11-A-1,live,,2026-09-28T13:13:16.576Z,2026-09-28,52900,030200,KT,net,2026-09-30,2,true,"{""p05"":51276.189595540156,""p10"":51680.26858543344,""p25"":52274.966887312796,""p50"":52891.694471565395,""p75"":53541.63704164853,""p90"":54194.32178172577,""p95"":54708.90236106018}",52300,591.6944715653954,1.131346981960603,2,true,-0.00015700431823451044,-0.011342155009451793,down,down,true,51680.26858543344,54194.32178172577,true,4.752463509059219,2514.053196292327,0.04752463509059219,"{""up"":0.4737,""flat"":0.0447,""down"":0.4816}",0.49512833999999994,1,방향·크기 모두 맞음,true,"{""sourceUrl"":""https://api.stock.naver.com/chart/domestic/item/030200/minute?startDateTime=202609301525&endDateTime=202609301545"",""rawHash"":""78097f4c6fec0062cf9e65bf10dbc7f8edb8520198147bbb868fa3bdb0518577"",""observedAt"":""2026-09-30T08:22:04Z"",""finalClose"":true}",1,2026-09-30T08:22:04Z,v1
score-631faa0b217b9804,score,2026-09-30,2026-09-30T08:22:04Z,,,"{""forecastId"":""2026-09-28-atlas11-90616c6bc916e8d6"",""inputSnapshotSHA256"":""de3c5b1e138a6dd629fe995931e95d1ebfde4edd2c126f5fa7457a8336832a24"",""collectionRecordId"":""collection-fd0e9b5e0961d8b1""}",2026-09-28-atlas11-90616c6bc916e8d6,atlas11-A-1,live,,2026-09-28T13:13:16.576Z,2026-09-28,31700,003490,대한항공,auto,2026-09-30,2,true,"{""p05"":29791.35945800173,""p10"":30218.04713996241,""p25"":30839.081220040767,""p50"":31480.275964178833,""p75"":32172.424179512815,""p90"":32943.922646232364,""p95"":33538.4684921396}",32000,-519.7240358211675,1.6241376119411481,2,true,-0.006931357596882237,0.009463722397476282,down,up,false,30218.04713996241,32943.922646232364,true,8.598976360473037,2725.875506269953,0.08598976360473037,"{""up"":0.39515,""flat"":0.02365,""down"":0.5812}",0.7041962850000001,3,크기 허용·방향 틀림,false,"{""sourceUrl"":""https://api.stock.naver.com/chart/domestic/item/003490/minute?startDateTime=202609301525&endDateTime=202609301545"",""rawHash"":""ed5d2ca2f14a5b49ee922437f55810435444724c7b53cfa780258d181226dd10"",""observedAt"":""2026-09-30T08:22:04Z"",""finalClose"":true}",1,2026-09-30T08:22:04Z,v1
score-ebbb6542383809db,score,2026-09-30,2026-09-30T08:22:04Z,,,"{""forecastId"":""2026-09-28-atlas11-90616c6bc916e8d6"",""inputSnapshotSHA256"":""de3c5b1e138a6dd629fe995931e95d1ebfde4edd2c126f5fa7457a8336832a24"",""collectionRecordId"":""collection-fd0e9b5e0961d8b1""}",2026-09-28-atlas11-90616c6bc916e8d6,atlas11-A-1,live,,2026-09-28T13:13:16.576Z,2026-09-28,56900,047050,포스코인터내셔널,util,2026-09-30,2,true,"{""p05"":53438.9344542577,""p10"":54300.69430473595,""p25"":55472.822025178306,""p50"":56781.91193895381,""p75"":58208.128615927984,""p90"":59894.074366264176,""p95"":61005.71401614724}",56900,-118.08806104618998,0.20753613540630927,2,true,-0.0020753613540630544,0,down,flat,false,54300.69430473595,59894.074366264176,true,9.830193429750832,5593.380061528223,0.09830193429750832,"{""up"":0.46285,""flat"":0.02315,""down"":0.514}",1.4326620449999998,3,크기 허용·방향 틀림,false,"{""sourceUrl"":""https://api.stock.naver.com/chart/domestic/item/047050/minute?startDateTime=202609301525&endDateTime=202609301545"",""rawHash"":""762970b06e8ba88a7484f56f9958bea658cdd7116eb6c5e93b9b083abc7689ef"",""observedAt"":""2026-09-30T08:22:04Z"",""finalClose"":true}",1,2026-09-30T08:22:04Z,v1
score-f2cf7f5425f4012a,score,2026-09-30,2026-09-30T08:22:04Z,,,"{""forecastId"":""2026-09-28-atlas11-90616c6bc916e8d6"",""inputSnapshotSHA256"":""de3c5b1e138a6dd629fe995931e95d1ebfde4edd2c126f5fa7457a8336832a24"",""collectionRecordId"":""collection-fd0e9b5e0961d8b1""}",2026-09-28-atlas11-90616c6bc916e8d6,atlas11-A-1,live,,2026-09-28T13:13:16.576Z,2026-09-28,1215000,003230,삼양식품,cons,2026-09-30,2,true,"{""p05"":1139597.9944646251,""p10"":1154140.043410377,""p25"":1179036.168406355,""p50"":1209039.5766372425,""p75"":1245107.5825917935,""p90"":1285323.8571487241,""p95"":1314483.4138577427}",1213000,-3960.423362757545,0.32649821622073744,2,true,-0.004905698240952661,-0.0016460905349794386,down,down,true,1154140.043410377,1285323.8571487241,true,10.797021706859839,131183.81373834703,0.10797021706859838,"{""up"":0.44205,""flat"":0.0187,""down"":0.53925}",0.408048455,1,방향·크기 모두 맞음,false,"{""sourceUrl"":""https://api.stock.naver.com/chart/domestic/item/003230/minute?startDateTime=202609301525&endDateTime=202609301545"",""rawHash"":""749463dd16fe3d4c073b7f2064d26f6a8dadc50cc2da4c85874c506b3321952c"",""observedAt"":""2026-09-30T08:22:04Z"",""finalClose"":true}",1,2026-09-30T08:22:04Z,v1
score-548dcfb850406bad,score,2026-09-30,2026-09-30T08:22:04Z,,,"{""forecastId"":""2026-09-28-atlas11-90616c6bc916e8d6"",""inputSnapshotSHA256"":""de3c5b1e138a6dd629fe995931e95d1ebfde4edd2c126f5fa7457a8336832a24"",""collectionRecordId"":""collection-fd0e9b5e0961d8b1""}",2026-09-28-atlas11-90616c6bc916e8d6,atlas11-A-1,live,,2026-09-28T13:13:16.576Z,2026-09-28,202000,259960,크래프톤,net,2026-09-30,2,true,"{""p05"":191699.91553403332,""p10"":194502.9616995833,""p25"":198280.38707123045,""p50"":201917.19293701035,""p75"":205600.24083234262,""p90"":209345.06726915127,""p95"":211905.5237727316}",194900,7017.192937010346,3.600406843001717,2,false,-0.0004099359553942916,-0.03514851485148518,down,down,true,194502.9616995833,209345.06726915127,true,7.347577014637608,14842.105569567968,0.07347577014637607,"{""up"":0.47705,""flat"":0.03185,""down"":0.4911}",0.487570335,2,방향 맞고 크기 틀림,true,"{""sourceUrl"":""https://api.stock.naver.com/chart/domestic/item/259960/minute?startDateTime=202609301525&endDateTime=202609301545"",""rawHash"":""261d9d02889f6936c8f552ce77e8bae505855ff1ebf0e773b6c588ea80798528"",""observedAt"":""2026-09-30T08:22:04Z"",""finalClose"":true}",1,2026-09-30T08:22:04Z,v1
score-fd233b1bf7a1b619,score,2026-09-30,2026-09-30T08:22:04Z,,,"{""forecastId"":""2026-09-28-atlas11-90616c6bc916e8d6"",""inputSnapshotSHA256"":""de3c5b1e138a6dd629fe995931e95d1ebfde4edd2c126f5fa7457a8336832a24"",""collectionRecordId"":""collection-fd0e9b5e0961d8b1""}",2026-09-28-atlas11-90616c6bc916e8d6,atlas11-A-1,live,,2026-09-28T13:13:16.576Z,2026-09-28,101600,021240,코웨이,cons,2026-09-30,2,true,"{""p05"":96452.55706278447,""p10"":97639.23599061211,""p25"":99522.34690981955,""p50"":101505.72987283512,""p75"":103733.86642455579,""p90"":106368.30183460802,""p95"":107944.40002428177}",99400,2105.729872835116,2.1184405159307,2,false,-0.0009278555823315493,-0.021653543307086576,down,down,true,97639.23599061211,106368.30183460802,true,8.591600240153454,8729.065843995908,0.08591600240153453,"{""up"":0.47575,""flat"":0.0255,""down"":0.49875}",0.478239875,2,방향 맞고 크기 틀림,true,"{""sourceUrl"":""https://api.stock.naver.com/chart/domestic/item/021240/minute?startDateTime=202609301525&endDateTime=202609301545"",""rawHash"":""646b8270e53d676b7a80a54e911699490eacb477c9c220fb1129fcbc2560d2d3"",""observedAt"":""2026-09-30T08:22:04Z"",""finalClose"":true}",1,2026-09-30T08:22:04Z,v1
score-8e907c6828d85472,score,2026-09-30,2026-09-30T08:22:04Z,,,"{""forecastId"":""2026-09-28-atlas11-90616c6bc916e8d6"",""inputSnapshotSHA256"":""de3c5b1e138a6dd629fe995931e95d1ebfde4edd2c126f5fa7457a8336832a24"",""collectionRecordId"":""collection-fd0e9b5e0961d8b1""}",2026-09-28-atlas11-90616c6bc916e8d6,atlas11-A-1,live,,2026-09-28T13:13:16.576Z,2026-09-28,161900,352820,하이브,net,2026-09-30,2,true,"{""p05"":152442.06377496597,""p10"":154971.71373298936,""p25"":158268.05974413973,""p50"":161793.19801497084,""p75"":165612.10457503254,""p90"":169623.3342633433,""p95"":172298.17836931432}",156600,5193.19801497084,3.3162184003645208,2,false,-0.0006596787216130995,-0.03273625694873383,down,down,true,154971.71373298936,169623.3342633433,true,9.049796498056791,14651.620530353946,0.09049796498056792,"{""up"":0.4808,""flat"":0.0225,""down"":0.4967}",0.4849857800000001,2,방향 맞고 크기 틀림,true,"{""sourceUrl"":""https://api.stock.naver.com/chart/domestic/item/352820/minute?startDateTime=202609301525&endDateTime=202609301545"",""rawHash"":""0eb5c50a593ba209577586c14115a3bbd8feb54e4ad746d6b425ba5abe5f082b"",""observedAt"":""2026-09-30T08:22:04Z"",""finalClose"":true}",1,2026-09-30T08:22:04Z,v1
score-9adfda831f23619a,score,2026-09-30,2026-09-30T08:22:04Z,,,"{""forecastId"":""2026-09-28-atlas11-90616c6bc916e8d6"",""inputSnapshotSHA256"":""de3c5b1e138a6dd629fe995931e95d1ebfde4edd2c126f5fa7457a8336832a24"",""collectionRecordId"":""collection-fd0e9b5e0961d8b1""}",2026-09-28-atlas11-90616c6bc916e8d6,atlas11-A-1,live,,2026-09-28T13:13:16.576Z,2026-09-28,33350,009830,한화솔루션,chem,2026-09-30,2,true,"{""p05"":29614.335402693767,""p10"":30630.569704893027,""p25"":31938.564021639922,""p50"":33232.04938853201,""p75"":34720.53099038071,""p90"":36508.046303237825,""p95"":37955.757798563114}",33900,-667.9506114679898,1.970355786041268,2,true,-0.003536749969055175,0.016491754122938573,down,up,false,30630.569704893027,36508.046303237825,true,17.623617986041374,5877.476598344798,0.17623617986041373,"{""up"":0.47165,""flat"":0.0122,""down"":0.51615}",0.545713385,3,크기 허용·방향 틀림,true,"{""sourceUrl"":""https://api.stock.naver.com/chart/domestic/item/009830/minute?startDateTime=202609301525&endDateTime=202609301545"",""rawHash"":""59a460075a76efa93973bda087581453ebdc72e009b5c1b4ffc4ad89b91753fc"",""observedAt"":""2026-09-30T08:22:04Z"",""finalClose"":true}",1,2026-09-30T08:22:04Z,v1
score-e98d1d4ed8cd1f9d,score,2026-09-30,2026-09-30T08:22:04Z,,,"{""forecastId"":""2026-09-28-atlas11-90616c6bc916e8d6"",""inputSnapshotSHA256"":""de3c5b1e138a6dd629fe995931e95d1ebfde4edd2c126f5fa7457a8336832a24"",""collectionRecordId"":""collection-fd0e9b5e0961d8b1""}",2026-09-28-atlas11-90616c6bc916e8d6,atlas11-A-1,live,,2026-09-28T13:13:16.576Z,2026-09-28,43350,029780,삼성카드,fin,2026-09-30,2,true,"{""p05"":41773.664746880706,""p10"":42224.4063555325,""p25"":42821.41579451023,""p50"":43353.63912676549,""p75"":43886.29590469152,""p90"":44426.35936761551,""p95"":44868.07919254804}",42200,1153.6391267654908,2.733742006553296,2,false,0.00008394756091090194,-0.026528258362168433,up,down,false,42224.4063555325,44426.35936761551,false,5.079476383121129,2446.0165674079835,0.05642483431160285,"{""up"":0.481,""flat"":0.0442,""down"":0.4748}",0.5091496799999999,4,방향·크기 모두 틀림,true,"{""sourceUrl"":""https://api.stock.naver.com/chart/domestic/item/029780/minute?startDateTime=202609301525&endDateTime=202609301545"",""rawHash"":""afb44b0ed3d28e13cc487cbb8e739ca21b16d2d0243fe3b0d5caa3e93d2f94f6"",""observedAt"":""2026-09-30T08:22:04Z"",""finalClose"":true}",1,2026-09-30T08:22:04Z,v1
score-474762680db4072c,score,2026-09-30,2026-09-30T08:22:04Z,,,"{""forecastId"":""2026-09-28-atlas11-90616c6bc916e8d6"",""inputSnapshotSHA256"":""de3c5b1e138a6dd629fe995931e95d1ebfde4edd2c126f5fa7457a8336832a24"",""collectionRecordId"":""collection-fd0e9b5e0961d8b1""}",2026-09-28-atlas11-90616c6bc916e8d6,atlas11-A-1,live,,2026-09-28T13:13:16.576Z,2026-09-28,39700,028300,HLB,bio,2026-09-30,2,true,"{""p05"":36277.45150323023,""p10"":37157.22069157773,""p25"":38288.68049857271,""p50"":39431.11603370734,""p75"":40681.55015720827,""p90"":42140.53031700567,""p95"":43173.227845035275}",41400,-1968.883966292662,4.755758372687589,2,false,-0.0067728958763895175,0.04282115869017633,down,up,false,37157.22069157773,42140.53031700567,true,12.552417192513715,4983.309625427944,0.12552417192513715,"{""up"":0.4286,""flat"":0.01775,""down"":0.55365}",0.6333413450000001,4,방향·크기 모두 틀림,false,"{""sourceUrl"":""https://api.stock.naver.com/chart/domestic/item/028300/minute?startDateTime=202609301525&endDateTime=202609301545"",""rawHash"":""ebbf83557e12b1cc19850640b761f1d1b9ac33efdc23a48eaed58df148f041fd"",""observedAt"":""2026-09-30T08:22:04Z"",""finalClose"":true}",1,2026-09-30T08:22:04Z,v1
score-e64974356af8dafd,score,2026-09-30,2026-09-30T08:22:04Z,,,"{""forecastId"":""2026-09-28-atlas11-90616c6bc916e8d6"",""inputSnapshotSHA256"":""de3c5b1e138a6dd629fe995931e95d1ebfde4edd2c126f5fa7457a8336832a24"",""collectionRecordId"":""collection-fd0e9b5e0961d8b1""}",2026-09-28-atlas11-90616c6bc916e8d6,atlas11-A-1,live,,2026-09-28T13:13:16.576Z,2026-09-28,8450,034220,LG디스플레이,semi,2026-09-30,2,true,"{""p05"":8003.045136168215,""p10"":8111.7091990640065,""p25"":8271.82569470988,""p50"":8437.25573402751,""p75"":8607.930335305602,""p90"":8793.27611411888,""p95"":8941.722492324074}",8330,107.2557340275107,1.287583841866875,2,true,-0.001508197156507629,-0.014201183431952646,down,down,true,8111.7091990640065,8793.27611411888,true,8.065880651536968,681.5669150548738,0.08065880651536968,"{""up"":0.4658,""flat"":0.0283,""down"":0.5059}",0.46190533999999994,1,방향·크기 모두 맞음,true,"{""sourceUrl"":""https://api.stock.naver.com/chart/domestic/item/034220/minute?startDateTime=202609301525&endDateTime=202609301545"",""rawHash"":""6d590598bfed8c3b6bfb71648101ff3fd4e8e7230cb1fc2ca8b4cb9f1da386f8"",""observedAt"":""2026-09-30T08:22:04Z"",""finalClose"":true}",1,2026-09-30T08:22:04Z,v1
score-fb2643ff0432a13d,score,2026-09-30,2026-09-30T08:22:04Z,,,"{""forecastId"":""2026-09-28-atlas11-90616c6bc916e8d6"",""inputSnapshotSHA256"":""de3c5b1e138a6dd629fe995931e95d1ebfde4edd2c126f5fa7457a8336832a24"",""collectionRecordId"":""collection-fd0e9b5e0961d8b1""}",2026-09-28-atlas11-90616c6bc916e8d6,atlas11-A-1,live,,2026-09-28T13:13:16.576Z,2026-09-28,480000,002380,KCC,chem,2026-09-30,2,true,"{""p05"":452076.0384265332,""p10"":459667.08626702963,""p25"":470009.8969844562,""p50"":479578.99423345807,""p75"":490135.757550881,""p90"":501682.9814721814,""p95"":509778.7270692106}",470500,9078.99423345807,1.9296480836255199,2,true,-0.0008770953469623421,-0.019791666666666652,down,down,true,459667.08626702963,501682.9814721814,true,8.753311501073282,42015.895205151755,0.08753311501073283,"{""up"":0.4752,""flat"":0.0264,""down"":0.4984}",0.4781145600000001,1,방향·크기 모두 맞음,true,"{""sourceUrl"":""https://api.stock.naver.com/chart/domestic/item/002380/minute?startDateTime=202609301525&endDateTime=202609301545"",""rawHash"":""61070edbc54794d4e820c0647707aa399316eb21a6c5100d131a66b958afb9eb"",""observedAt"":""2026-09-30T08:22:04Z"",""finalClose"":true}",1,2026-09-30T08:22:04Z,v1
score-1813938f9d93897b,score,2026-09-30,2026-09-30T08:22:04Z,,,"{""forecastId"":""2026-09-28-atlas11-90616c6bc916e8d6"",""inputSnapshotSHA256"":""de3c5b1e138a6dd629fe995931e95d1ebfde4edd2c126f5fa7457a8336832a24"",""collectionRecordId"":""collection-fd0e9b5e0961d8b1""}",2026-09-28-atlas11-90616c6bc916e8d6,atlas11-A-1,live,,2026-09-28T13:13:16.576Z,2026-09-28,35500,036460,한국가스공사,util,2026-09-30,2,true,"{""p05"":34067.89747738393,""p10"":34493.86000102045,""p25"":35007.15824460488,""p50"":35491.172372268,""p75"":35982.6822660303,""p90"":36494.440296584726,""p95"":36897.3046064883}",34800,691.1723722680035,1.9861275065172515,2,true,-0.00024866556991542943,-0.019718309859154903,down,down,true,34493.86000102045,36494.440296584726,true,5.635437452293724,2000.580295564272,0.05635437452293724,"{""up"":0.47405,""flat"":0.0405,""down"":0.48545}",0.4911253550000001,1,방향·크기 모두 맞음,true,"{""sourceUrl"":""https://api.stock.naver.com/chart/domestic/item/036460/minute?startDateTime=202609301525&endDateTime=202609301545"",""rawHash"":""58378581009cca95c0f09fc12225f0838356b3b67004002177bc7c2743cff5fc"",""observedAt"":""2026-09-30T08:22:04Z"",""finalClose"":true}",1,2026-09-30T08:22:04Z,v1
score-feeb88d73abbb060,score,2026-09-30,2026-09-30T08:22:04Z,,,"{""forecastId"":""2026-09-28-atlas11-90616c6bc916e8d6"",""inputSnapshotSHA256"":""de3c5b1e138a6dd629fe995931e95d1ebfde4edd2c126f5fa7457a8336832a24"",""collectionRecordId"":""collection-fd0e9b5e0961d8b1""}",2026-09-28-atlas11-90616c6bc916e8d6,atlas11-A-1,live,,2026-09-28T13:13:16.576Z,2026-09-28,343500,004170,신세계,cons,2026-09-30,2,true,"{""p05"":319349.1841345053,""p10"":325259.4975177048,""p25"":334377.5151297449,""p50"":343466.33175896027,""p75"":353605.6761176124,""p90"":365138.2087952186,""p95"":374510.67795182345}",336500,6966.331758960267,2.070232320641981,2,false,-0.00009801525775754438,-0.020378457059679778,down,down,true,325259.4975177048,365138.2087952186,true,11.609522933774038,39878.71127751382,0.11609522933774039,"{""up"":0.4896,""flat"":0.0195,""down"":0.4909}",0.49927121999999996,2,방향 맞고 크기 틀림,true,"{""sourceUrl"":""https://api.stock.naver.com/chart/domestic/item/004170/minute?startDateTime=202609301525&endDateTime=202609301545"",""rawHash"":""c838bca64b11d7d90b3531571d0c81932815232c19de9c055e91f73e6686b1c8"",""observedAt"":""2026-09-30T08:22:04Z"",""finalClose"":true}",1,2026-09-30T08:22:04Z,v1
score-e18d2d0b5bf1ec47,score,2026-09-30,2026-09-30T08:22:04Z,,,"{""forecastId"":""2026-09-28-atlas11-90616c6bc916e8d6"",""inputSnapshotSHA256"":""de3c5b1e138a6dd629fe995931e95d1ebfde4edd2c126f5fa7457a8336832a24"",""collectionRecordId"":""collection-fd0e9b5e0961d8b1""}",2026-09-28-atlas11-90616c6bc916e8d6,atlas11-A-1,live,,2026-09-28T13:13:16.576Z,2026-09-28,83300,012750,에스원,util,2026-09-30,2,true,"{""p05"":79254.13027866531,""p10"":80380.8025856661,""p25"":81877.99597142106,""p50"":83330.27403544463,""p75"":84791.93989599962,""p90"":86319.89525017745,""p95"":87388.5445760522}",82600,730.2740354446287,0.8841090017489452,2,true,0.0003634337988551728,-0.008403361344537785,up,down,false,80380.8025856661,86319.89525017745,true,7.129763102654682,5939.09266451135,0.07129763102654682,"{""up"":0.49125,""flat"":0.03185,""down"":0.4769}",0.5159745950000001,3,크기 허용·방향 틀림,true,"{""sourceUrl"":""https://api.stock.naver.com/chart/domestic/item/012750/minute?startDateTime=202609301525&endDateTime=202609301545"",""rawHash"":""59385b9949b2ea19ddc911e180be073c09b526329a4ae1c5fa3fc4133c0c4f60"",""observedAt"":""2026-09-30T08:22:04Z"",""finalClose"":true}",1,2026-09-30T08:22:04Z,v1
score-a758ab40e915899d,score,2026-09-30,2026-09-30T08:22:04Z,,,"{""forecastId"":""2026-09-28-atlas11-90616c6bc916e8d6"",""inputSnapshotSHA256"":""de3c5b1e138a6dd629fe995931e95d1ebfde4edd2c126f5fa7457a8336832a24"",""collectionRecordId"":""collection-fd0e9b5e0961d8b1""}",2026-09-28-atlas11-90616c6bc916e8d6,atlas11-A-1,live,,2026-09-28T13:13:16.576Z,2026-09-28,71400,111770,영원무역,cons,2026-09-30,2,true,"{""p05"":67873.38962821303,""p10"":68765.14672083835,""p25"":70108.9983260754,""p50"":71366.58953821297,""p75"":72670.6246898713,""p90"":74030.75255635686,""p95"":75065.55409681308}",68800,2566.5895382129675,3.7305080497281504,2,false,-0.0004679336384738608,-0.036414565826330514,down,down,true,68765.14672083835,74030.75255635686,true,7.374798088961497,5265.605835518509,0.07374798088961497,"{""up"":0.4787,""flat"":0.0296,""down"":0.4917}",0.48839873999999994,2,방향 맞고 크기 틀림,true,"{""sourceUrl"":""https://api.stock.naver.com/chart/domestic/item/111770/minute?startDateTime=202609301525&endDateTime=202609301545"",""rawHash"":""d8e0a68771038df1a0d029692335392231208c28c61a57824be418e5429cb140"",""observedAt"":""2026-09-30T08:22:04Z"",""finalClose"":true}",1,2026-09-30T08:22:04Z,v1
score-464efc5d3ad89e0d,score,2026-09-30,2026-09-30T08:22:04Z,,,"{""forecastId"":""2026-09-28-atlas11-90616c6bc916e8d6"",""inputSnapshotSHA256"":""de3c5b1e138a6dd629fe995931e95d1ebfde4edd2c126f5fa7457a8336832a24"",""collectionRecordId"":""collection-fd0e9b5e0961d8b1""}",2026-09-28-atlas11-90616c6bc916e8d6,atlas11-A-1,live,,2026-09-28T13:13:16.576Z,2026-09-28,14450,035250,강원랜드,cons,2026-09-30,2,true,"{""p05"":14059.788859178701,""p10"":14167.563267841897,""p25"":14310.914558997327,""p50"":14457.650461244008,""p75"":14608.746400757878,""p90"":14763.044759339473,""p95"":14861.280609451549}",14260,197.6504612440076,1.3860481153156212,2,true,0.00052944368470631,-0.01314878892733562,up,down,false,14167.563267841897,14763.044759339473,true,4.12097917991402,595.4814914975759,0.0412097917991402,"{""up"":0.48635,""flat"":0.054,""down"":0.45965}",0.531430445,3,크기 허용·방향 틀림,true,"{""sourceUrl"":""https://api.stock.naver.com/chart/domestic/item/035250/minute?startDateTime=202609301525&endDateTime=202609301545"",""rawHash"":""7e46c0b1e724276d55f0221e1278bbe10a0e3853d26ad41c17bff062c5ca0bd4"",""observedAt"":""2026-09-30T08:22:04Z"",""finalClose"":true}",1,2026-09-30T08:22:04Z,v1
score-201b42a584325983,score,2026-09-30,2026-09-30T08:22:04Z,,,"{""forecastId"":""2026-09-28-atlas11-90616c6bc916e8d6"",""inputSnapshotSHA256"":""de3c5b1e138a6dd629fe995931e95d1ebfde4edd2c126f5fa7457a8336832a24"",""collectionRecordId"":""collection-fd0e9b5e0961d8b1""}",2026-09-28-atlas11-90616c6bc916e8d6,atlas11-A-1,live,,2026-09-28T13:13:16.576Z,2026-09-28,38700,257720,실리콘투,cons,2026-09-30,2,true,"{""p05"":35548.48922622132,""p10"":36289.08488272851,""p25"":37305.70775232081,""p50"":38496.98110718079,""p75"":39768.739128028436,""p90"":41167.12760180808,""p95"":42123.028743162344}",38150,346.9811071807926,0.9095179742615795,2,true,-0.005245966222718557,-0.014211886304909549,down,down,true,36289.08488272851,41167.12760180808,true,12.604761548009236,4878.042719079574,0.12604761548009236,"{""up"":0.4488,""flat"":0.01675,""down"":0.53445}",0.41843880499999997,1,방향·크기 모두 맞음,false,"{""sourceUrl"":""https://api.stock.naver.com/chart/domestic/item/257720/minute?startDateTime=202609301525&endDateTime=202609301545"",""rawHash"":""191279d043a4f807d72e2869a239a17f217b66e6dfa72ad76515731d549afbde"",""observedAt"":""2026-09-30T08:22:04Z"",""finalClose"":true}",1,2026-09-30T08:22:04Z,v1
score-08a6a2eb440c8a49,score,2026-09-30,2026-09-30T08:22:04Z,,,"{""forecastId"":""2026-09-28-atlas11-90616c6bc916e8d6"",""inputSnapshotSHA256"":""de3c5b1e138a6dd629fe995931e95d1ebfde4edd2c126f5fa7457a8336832a24"",""collectionRecordId"":""collection-fd0e9b5e0961d8b1""}",2026-09-28-atlas11-90616c6bc916e8d6,atlas11-A-1,live,,2026-09-28T13:13:16.576Z,2026-09-28,104400,226950,올릭스,bio,2026-09-30,2,true,"{""p05"":91550.62533932368,""p10"":94288.26743713682,""p25"":98780.04312527488,""p50"":103907.35030597282,""p75"":109741.15366770233,""p90"":116309.17691511831,""p95"":120973.82876895567}",102500,1407.3503059728246,1.3730246887539752,2,true,-0.004718866801026622,-0.01819923371647514,down,down,true,94288.26743713682,116309.17691511831,true,21.092825170480356,22020.90947798149,0.21092825170480356,"{""up"":0.4691,""flat"":0.01065,""down"":0.52025}",0.45032829500000005,1,방향·크기 모두 맞음,false,"{""sourceUrl"":""https://api.stock.naver.com/chart/domestic/item/226950/minute?startDateTime=202609301525&endDateTime=202609301545"",""rawHash"":""078fd6e084439ac1034092eb47ef731799f61e3040736a069f3c4d3352040bc8"",""observedAt"":""2026-09-30T08:22:04Z"",""finalClose"":true}",1,2026-09-30T08:22:04Z,v1
score-25ff6a56eb8c7ca8,score,2026-09-30,2026-09-30T08:22:04Z,,,"{""forecastId"":""2026-09-28-atlas11-90616c6bc916e8d6"",""inputSnapshotSHA256"":""de3c5b1e138a6dd629fe995931e95d1ebfde4edd2c126f5fa7457a8336832a24"",""collectionRecordId"":""collection-fd0e9b5e0961d8b1""}",2026-09-28-atlas11-90616c6bc916e8d6,atlas11-A-1,live,,2026-09-28T13:13:16.576Z,2026-09-28,17280,010170,대한광통신,semi,2026-09-30,2,true,"{""p05"":15352.992695796409,""p10"":15791.359915024901,""p25"":16426.964812425787,""p50"":17115.26465320835,""p75"":18049.865569238405,""p90"":19179.521201854208,""p95"":20006.04436863228}",16680,435.26465320834905,2.609500318994898,2,false,-0.00953329553192428,-0.03472222222222221,down,down,true,15791.359915024901,19179.521201854208,true,19.607414854336266,3388.161286829307,0.19607414854336266,"{""up"":0.43905,""flat"":0.01115,""down"":0.5498}",0.395569265,2,방향 맞고 크기 틀림,false,"{""sourceUrl"":""https://api.stock.naver.com/chart/domestic/item/010170/minute?startDateTime=202609301525&endDateTime=202609301545"",""rawHash"":""ba671c0ae7671e1135c1945e010de9678e62470181de7d8830fbc58ba3c2a008"",""observedAt"":""2026-09-30T08:22:04Z"",""finalClose"":true}",1,2026-09-30T08:22:04Z,v1
score-a2ff364193a906df,score,2026-09-30,2026-09-30T08:22:04Z,,,"{""forecastId"":""2026-09-28-atlas11-90616c6bc916e8d6"",""inputSnapshotSHA256"":""de3c5b1e138a6dd629fe995931e95d1ebfde4edd2c126f5fa7457a8336832a24"",""collectionRecordId"":""collection-fd0e9b5e0961d8b1""}",2026-09-28-atlas11-90616c6bc916e8d6,atlas11-A-1,live,,2026-09-28T13:13:16.576Z,2026-09-28,39700,214370,케어젠,bio,2026-09-30,2,true,"{""p05"":35909.01362452707,""p10"":36941.93603658196,""p25"":38251.3877921958,""p50"":39574.07784428178,""p75"":41062.31915340157,""p90"":42817.60636826758,""p95"":44174.19465034149}",40850,-1275.9221557182173,3.123432449738598,2,false,-0.003171842713305173,0.02896725440806036,down,up,false,36941.93603658196,42817.60636826758,true,14.800177157898291,5875.670331685622,0.14800177157898292,"{""up"":0.46685,""flat"":0.0148,""down"":0.51835}",0.553154685,4,방향·크기 모두 틀림,false,"{""sourceUrl"":""https://api.stock.naver.com/chart/domestic/item/214370/minute?startDateTime=202609301525&endDateTime=202609301545"",""rawHash"":""3a8caa702ae2b0178067860e32c6b50707568b3f33dbc2cbe1fe6576e3f36ffe"",""observedAt"":""2026-09-30T08:22:04Z"",""finalClose"":true}",1,2026-09-30T08:22:04Z,v1
score-965b5b34b688795c,score,2026-09-30,2026-09-30T08:22:04Z,,,"{""forecastId"":""2026-09-28-atlas11-90616c6bc916e8d6"",""inputSnapshotSHA256"":""de3c5b1e138a6dd629fe995931e95d1ebfde4edd2c126f5fa7457a8336832a24"",""collectionRecordId"":""collection-fd0e9b5e0961d8b1""}",2026-09-28-atlas11-90616c6bc916e8d6,atlas11-A-1,live,,2026-09-28T13:13:16.576Z,2026-09-28,17810,030000,제일기획,net,2026-09-30,2,true,"{""p05"":17211.899072382254,""p10"":17403.544422631923,""p25"":17623.471866796244,""p50"":17827.023360114807,""p75"":18029.145272049383,""p90"":18240.338832158664,""p95"":18409.359054872286}",18740,-912.9766398851934,4.871807043144042,2,false,0.0009558315617521629,0.05221785513756316,up,up,true,17403.544422631923,18240.338832158664,false,4.698452608235493,5833.406087940097,0.32753543447165057,"{""up"":0.49845,""flat"":0.05,""down"":0.45155}",0.45794980499999993,2,방향 맞고 크기 틀림,true,"{""sourceUrl"":""https://api.stock.naver.com/chart/domestic/item/030000/minute?startDateTime=202609301525&endDateTime=202609301545"",""rawHash"":""d561edf8a1c58916027395fad3cb5ae15e4c21e651f96e0f1ef7633019721bd3"",""observedAt"":""2026-09-30T08:22:04Z"",""finalClose"":true}",1,2026-09-30T08:22:04Z,v1
score-9a87d8a93bc6cd3c,score,2026-09-30,2026-09-30T08:22:04Z,,,"{""forecastId"":""2026-09-28-atlas11-27e1f65cfc167be9"",""inputSnapshotSHA256"":""de3c5b1e138a6dd629fe995931e95d1ebfde4edd2c126f5fa7457a8336832a24"",""collectionRecordId"":""collection-fd0e9b5e0961d8b1""}",2026-09-28-atlas11-27e1f65cfc167be9,atlas11-A-1,live,,2026-09-28T13:29:56.398Z,2026-09-28,270000,005930,삼성전자,semi,2026-09-30,2,true,"{""p05"":247746.88546855768,""p10"":253235.62863363558,""p25"":261699.238639573,""p50"":270800.14092095854,""p75"":280543.0346101724,""p90"":290634.89480612264,""p95"":297828.2694123081}",268500,2300.14092095854,0.8566632852731992,2,true,0.002963484892439139,-0.005555555555555536,up,down,false,253235.62863363558,290634.89480612264,true,13.851580063884095,37399.266172487056,0.13851580063884095,"{""up"":0.51365,""flat"":0.01585,""down"":0.4705}",0.5444577950000001,3,크기 허용·방향 틀림,true,"{""sourceUrl"":""https://api.stock.naver.com/chart/domestic/item/005930/minute?startDateTime=202609301525&endDateTime=202609301545"",""rawHash"":""f4a12111715b59430baf1224b45a7dc22f64ced283cce0542d829d4d268b820f"",""observedAt"":""2026-09-30T08:22:04Z"",""finalClose"":true}",1,2026-09-30T08:22:04Z,v1
score-342a472ccb3ac46c,score,2026-09-30,2026-09-30T08:22:04Z,,,"{""forecastId"":""2026-09-28-atlas11-27e1f65cfc167be9"",""inputSnapshotSHA256"":""de3c5b1e138a6dd629fe995931e95d1ebfde4edd2c126f5fa7457a8336832a24"",""collectionRecordId"":""collection-fd0e9b5e0961d8b1""}",2026-09-28-atlas11-27e1f65cfc167be9,atlas11-A-1,live,,2026-09-28T13:29:56.398Z,2026-09-28,1499000,009150,삼성전기,semi,2026-09-30,2,true,"{""p05"":1398152.3087777488,""p10"":1423777.6430979257,""p25"":1461988.9397830893,""p50"":1501758.386698714,""p75"":1546520.6669931002,""p90"":1600270.8917560845,""p95"":1640024.3564044794}",1513000,-11241.613301286008,0.7430015400717784,2,true,0.0018401512332981707,0.009339559706470935,up,up,true,1423777.6430979257,1600270.8917560845,true,11.774065954513595,176493.24865815882,0.11774065954513596,"{""up"":0.50865,""flat"":0.0195,""down"":0.47185}",0.46444749499999993,1,방향·크기 모두 맞음,true,"{""sourceUrl"":""https://api.stock.naver.com/chart/domestic/item/009150/minute?startDateTime=202609301525&endDateTime=202609301545"",""rawHash"":""089ec0c4e59e98ab4b8e83a7924cbdb0f0cc5b219e436cfa84e25fe336bf3259"",""observedAt"":""2026-09-30T08:22:04Z"",""finalClose"":true}",1,2026-09-30T08:22:04Z,v1
score-88e3c5c3cb1b6d22,score,2026-09-30,2026-09-30T08:22:04Z,,,"{""forecastId"":""2026-09-28-atlas11-27e1f65cfc167be9"",""inputSnapshotSHA256"":""de3c5b1e138a6dd629fe995931e95d1ebfde4edd2c126f5fa7457a8336832a24"",""collectionRecordId"":""collection-fd0e9b5e0961d8b1""}",2026-09-28-atlas11-27e1f65cfc167be9,atlas11-A-1,live,,2026-09-28T13:29:56.398Z,2026-09-28,364000,373220,LG에너지솔루션,chem,2026-09-30,2,true,"{""p05"":339062.37758151756,""p10"":344835.7920213606,""p25"":353623.1348939204,""p50"":363207.47924503253,""p75"":373745.3976851903,""p90"":384395.7212668001,""p95"":392576.86829098506}",357000,6207.479245032533,1.7387897044909055,2,true,-0.002177254821339236,-0.019230769230769273,down,down,true,344835.7920213606,384395.7212668001,true,10.86811243006579,39559.929245439474,0.10868112430065789,"{""up"":0.46895,""flat"":0.019,""down"":0.51205}",0.458370305,1,방향·크기 모두 맞음,true,"{""sourceUrl"":""https://api.stock.naver.com/chart/domestic/item/373220/minute?startDateTime=202609301525&endDateTime=202609301545"",""rawHash"":""e38d593b218199d50c04e007b8e9ac2f7a80de5f550a0f56fb6da5b089ea5755"",""observedAt"":""2026-09-30T08:22:04Z"",""finalClose"":true}",1,2026-09-30T08:22:04Z,v1
score-ea13f4796e4a06c1,score,2026-09-30,2026-09-30T08:22:04Z,,,"{""forecastId"":""2026-09-28-atlas11-27e1f65cfc167be9"",""inputSnapshotSHA256"":""de3c5b1e138a6dd629fe995931e95d1ebfde4edd2c126f5fa7457a8336832a24"",""collectionRecordId"":""collection-fd0e9b5e0961d8b1""}",2026-09-28-atlas11-27e1f65cfc167be9,atlas11-A-1,live,,2026-09-28T13:29:56.398Z,2026-09-28,354500,005380,현대차,auto,2026-09-30,2,true,"{""p05"":336069.1403628114,""p10"":340566.7028276219,""p25"":346981.53820469946,""p50"":353671.91729225393,""p75"":361011.4031499991,""p90"":369781.47893618763,""p95"":376487.4832858315}",345000,8671.91729225393,2.5135992151460664,2,false,-0.002335917370228646,-0.026798307475317307,down,down,true,340566.7028276219,369781.47893618763,true,8.241121610314735,29214.77610856574,0.08241121610314736,"{""up"":0.4561,""flat"":0.026,""down"":0.5179}",0.44112362,2,방향 맞고 크기 틀림,false,"{""sourceUrl"":""https://api.stock.naver.com/chart/domestic/item/005380/minute?startDateTime=202609301525&endDateTime=202609301545"",""rawHash"":""f5c7331f6826f368a29c3edc427824145984185e9949ee1f75155d66f97b6363"",""observedAt"":""2026-09-30T08:22:04Z"",""finalClose"":true}",1,2026-09-30T08:22:04Z,v1
score-64f4fb4e9b1c10bb,score,2026-09-30,2026-09-30T08:22:04Z,,,"{""forecastId"":""2026-09-28-atlas11-27e1f65cfc167be9"",""inputSnapshotSHA256"":""de3c5b1e138a6dd629fe995931e95d1ebfde4edd2c126f5fa7457a8336832a24"",""collectionRecordId"":""collection-fd0e9b5e0961d8b1""}",2026-09-28-atlas11-27e1f65cfc167be9,atlas11-A-1,live,,2026-09-28T13:29:56.398Z,2026-09-28,1400000,207940,삼성바이오로직스,bio,2026-09-30,2,true,"{""p05"":1334052.9109416306,""p10"":1352324.8092184318,""p25"":1375949.4194262822,""p50"":1399373.0782127627,""p75"":1423755.5579927717,""p90"":1452523.7969408308,""p95"":1474338.9508119728}",1391000,8373.078212762717,0.6019466723769028,2,true,-0.0004478012765980477,-0.00642857142857145,down,down,true,1352324.8092184318,1452523.7969408308,true,7.157070551599924,100198.98772239895,0.07157070551599924,"{""up"":0.4766,""flat"":0.0316,""down"":0.4918}",0.48641336,1,방향·크기 모두 맞음,true,"{""sourceUrl"":""https://api.stock.naver.com/chart/domestic/item/207940/minute?startDateTime=202609301525&endDateTime=202609301545"",""rawHash"":""dac02dd2da930150c6b72ec83998c734ce586e4821d7562d2b229b34efb9933c"",""observedAt"":""2026-09-30T08:22:04Z"",""finalClose"":true}",1,2026-09-30T08:22:04Z,v1
score-f382ddb4dfc79807,score,2026-09-30,2026-09-30T08:22:04Z,,,"{""forecastId"":""2026-09-28-atlas11-27e1f65cfc167be9"",""inputSnapshotSHA256"":""de3c5b1e138a6dd629fe995931e95d1ebfde4edd2c126f5fa7457a8336832a24"",""collectionRecordId"":""collection-fd0e9b5e0961d8b1""}",2026-09-28-atlas11-27e1f65cfc167be9,atlas11-A-1,live,,2026-09-28T13:29:56.398Z,2026-09-28,174200,105560,KB금융,fin,2026-09-30,2,true,"{""p05"":166577.985461555,""p10"":168897.35214440018,""p25"":171908.31443554442,""p50"":174643.69811641006,""p75"":177524.68844033047,""p90"":180585.2250925588,""p95"":182729.85963559247}",168800,5843.698116410058,3.46190646706757,2,false,0.002547061517853333,-0.030998851894374235,up,down,false,168897.35214440018,180585.2250925588,false,6.709456342226533,12661.394392160437,0.0726830906553412,"{""up"":0.5282,""flat"":0.0355,""down"":0.4363}",0.5980131799999999,4,방향·크기 모두 틀림,false,"{""sourceUrl"":""https://api.stock.naver.com/chart/domestic/item/105560/minute?startDateTime=202609301525&endDateTime=202609301545"",""rawHash"":""2c1a8a37d2d06dee0c55eef4d03c4d1bbf198a3662cc7b1328f72850064796d4"",""observedAt"":""2026-09-30T08:22:04Z"",""finalClose"":true}",1,2026-09-30T08:22:04Z,v1
score-740a6cb51e24d9cd,score,2026-09-30,2026-09-30T08:22:04Z,,,"{""forecastId"":""2026-09-28-atlas11-27e1f65cfc167be9"",""inputSnapshotSHA256"":""de3c5b1e138a6dd629fe995931e95d1ebfde4edd2c126f5fa7457a8336832a24"",""collectionRecordId"":""collection-fd0e9b5e0961d8b1""}",2026-09-28-atlas11-27e1f65cfc167be9,atlas11-A-1,live,,2026-09-28T13:29:56.398Z,2026-09-28,345500,028260,삼성물산,util,2026-09-30,2,true,"{""p05"":320702.602608551,""p10"":326986.28145030804,""p25"":336010.2227957435,""p50"":344812.1371439529,""p75"":354631.3897169059,""p90"":365496.5772888013,""p95"":373925.19216219895}",341500,3312.1371439528884,0.9698791051106554,2,true,-0.001990919988558937,-0.01157742402315487,down,down,true,326986.28145030804,365496.5772888013,true,11.146250604484305,38510.29583849327,0.11146250604484305,"{""up"":0.46775,""flat"":0.0212,""down"":0.51105}",0.458311605,1,방향·크기 모두 맞음,true,"{""sourceUrl"":""https://api.stock.naver.com/chart/domestic/item/028260/minute?startDateTime=202609301525&endDateTime=202609301545"",""rawHash"":""adbe43348015419d4233fd1808231f136e855fb5f46e5bb380e21c1d673e2342"",""observedAt"":""2026-09-30T08:22:04Z"",""finalClose"":true}",1,2026-09-30T08:22:04Z,v1
score-c4ee948ec8e33589,score,2026-09-30,2026-09-30T08:22:04Z,,,"{""forecastId"":""2026-09-28-atlas11-27e1f65cfc167be9"",""inputSnapshotSHA256"":""de3c5b1e138a6dd629fe995931e95d1ebfde4edd2c126f5fa7457a8336832a24"",""collectionRecordId"":""collection-fd0e9b5e0961d8b1""}",2026-09-28-atlas11-27e1f65cfc167be9,atlas11-A-1,live,,2026-09-28T13:29:56.398Z,2026-09-28,296000,032830,삼성생명보험,fin,2026-09-30,2,true,"{""p05"":280620.57901169034,""p10"":284367.02475303685,""p25"":289913.30100657954,""p50"":295923.05723963614,""p75"":302320.95469726983,""p90"":310140.70022051764,""p95"":315858.2836159532}",282000,13923.057239636139,4.937254340296502,2,false,-0.00025994175798604857,-0.04729729729729726,down,down,true,284367.02475303685,310140.70022051764,false,8.707322793067835,49443.922997849295,0.1670402803981395,"{""up"":0.48175,""flat"":0.0283,""down"":0.48995}",0.49303495500000005,2,방향 맞고 크기 틀림,true,"{""sourceUrl"":""https://api.stock.naver.com/chart/domestic/item/032830/minute?startDateTime=202609301525&endDateTime=202609301545"",""rawHash"":""02ff2bc454e31f4184a4ce31de01aa1f4337a65a156a6fe2b17590aa22d633b5"",""observedAt"":""2026-09-30T08:22:04Z"",""finalClose"":true}",1,2026-09-30T08:22:04Z,v1
score-d859c6332e54f4e3,score,2026-09-30,2026-09-30T08:22:04Z,,,"{""forecastId"":""2026-09-28-atlas11-27e1f65cfc167be9"",""inputSnapshotSHA256"":""de3c5b1e138a6dd629fe995931e95d1ebfde4edd2c126f5fa7457a8336832a24"",""collectionRecordId"":""collection-fd0e9b5e0961d8b1""}",2026-09-28-atlas11-27e1f65cfc167be9,atlas11-A-1,live,,2026-09-28T13:29:56.398Z,2026-09-28,1034000,012450,한화에어로스페이스,heavy,2026-09-30,2,true,"{""p05"":946551.8268017458,""p10"":965256.4701659421,""p25"":997783.875105703,""p50"":1032201.8758388758,""p75"":1071058.3351868575,""p90"":1108883.7740893753,""p95"":1136433.979030391}",1007000,25201.87583887577,2.5026689015765413,2,false,-0.0017389982215901822,-0.026112185686653744,down,down,true,965256.4701659421,1108883.7740893753,true,13.890454924896826,143627.30392343318,0.13890454924896825,"{""up"":0.47825,""flat"":0.015,""down"":0.50675}",0.472243625,2,방향 맞고 크기 틀림,true,"{""sourceUrl"":""https://api.stock.naver.com/chart/domestic/item/012450/minute?startDateTime=202609301525&endDateTime=202609301545"",""rawHash"":""217f47f5c6bf11c287f34b3c35a6a52a7b9c8ef6e058ec5897e828c39715911f"",""observedAt"":""2026-09-30T08:22:04Z"",""finalClose"":true}",1,2026-09-30T08:22:04Z,v1
score-c43730af543b0816,score,2026-09-30,2026-09-30T08:22:04Z,,,"{""forecastId"":""2026-09-28-atlas11-27e1f65cfc167be9"",""inputSnapshotSHA256"":""de3c5b1e138a6dd629fe995931e95d1ebfde4edd2c126f5fa7457a8336832a24"",""collectionRecordId"":""collection-fd0e9b5e0961d8b1""}",2026-09-28-atlas11-27e1f65cfc167be9,atlas11-A-1,live,,2026-09-28T13:29:56.398Z,2026-09-28,82000,034020,두산에너빌리티,heavy,2026-09-30,2,true,"{""p05"":75125.54356709585,""p10"":76726.27599274962,""p25"":79102.33686449821,""p50"":81802.70357858282,""p75"":84894.86264398466,""p90"":87954.08786722468,""p95"":90002.17833431604}",81600,202.70357858281932,0.24841124826325897,2,true,-0.002406053919721707,-0.004878048780487809,down,down,true,76726.27599274962,87954.08786722468,true,13.692453505457383,11227.811874475054,0.13692453505457383,"{""up"":0.47645,""flat"":0.01455,""down"":0.509}",0.468297305,1,방향·크기 모두 맞음,true,"{""sourceUrl"":""https://api.stock.naver.com/chart/domestic/item/034020/minute?startDateTime=202609301525&endDateTime=202609301545"",""rawHash"":""3396bb96c3e8e65d2d3a4bcdbd029b488ffcee55b36d35f9ab525478e96eeaec"",""observedAt"":""2026-09-30T08:22:04Z"",""finalClose"":true}",1,2026-09-30T08:22:04Z,v1
score-6ebfa343ac6548ed,score,2026-09-30,2026-09-30T08:22:04Z,,,"{""forecastId"":""2026-09-28-atlas11-27e1f65cfc167be9"",""inputSnapshotSHA256"":""de3c5b1e138a6dd629fe995931e95d1ebfde4edd2c126f5fa7457a8336832a24"",""collectionRecordId"":""collection-fd0e9b5e0961d8b1""}",2026-09-28-atlas11-27e1f65cfc167be9,atlas11-A-1,live,,2026-09-28T13:29:56.398Z,2026-09-28,442000,329180,HD현대중공업,heavy,2026-09-30,2,true,"{""p05"":412599.4084644012,""p10"":420193.6370393752,""p25"":432505.894312358,""p50"":445608.80842930067,""p75"":459651.2811743616,""p90"":474320.58528855117,""p95"":484325.4077468546}",433500,12108.808429300669,2.79326607365644,2,false,0.00816472495316889,-0.019230769230769273,up,down,false,420193.6370393752,474320.58528855117,true,12.245915893478726,54126.94824917597,0.12245915893478726,"{""up"":0.5659,""flat"":0.0185,""down"":0.4156}",0.66210842,4,방향·크기 모두 틀림,false,"{""sourceUrl"":""https://api.stock.naver.com/chart/domestic/item/329180/minute?startDateTime=202609301525&endDateTime=202609301545"",""rawHash"":""7b3b9019fbaed79e5d73f74fc1107d037a7760565b5198cc8a2a265485bede04"",""observedAt"":""2026-09-30T08:22:04Z"",""finalClose"":true}",1,2026-09-30T08:22:04Z,v1
score-23c6379e038a6f37,score,2026-09-30,2026-09-30T08:22:04Z,,,"{""forecastId"":""2026-09-28-atlas11-27e1f65cfc167be9"",""inputSnapshotSHA256"":""de3c5b1e138a6dd629fe995931e95d1ebfde4edd2c126f5fa7457a8336832a24"",""collectionRecordId"":""collection-fd0e9b5e0961d8b1""}",2026-09-28-atlas11-27e1f65cfc167be9,atlas11-A-1,live,,2026-09-28T13:29:56.398Z,2026-09-28,578000,034730,SK,util,2026-09-30,2,true,"{""p05"":526358.2244060797,""p10"":539241.3173313148,""p25"":557700.6982207116,""p50"":577040.5595155669,""p75"":597182.7834390904,""p90"":619945.5339084102,""p95"":636208.9143473761}",588000,-10959.440484433086,1.8638504225226338,2,true,-0.001659931633967271,0.01730103806228378,down,up,false,539241.3173313148,619945.5339084102,true,13.962667227871183,80704.21657709545,0.13962667227871184,"{""up"":0.47755,""flat"":0.0169,""down"":0.50555}",0.5288204150000001,3,크기 허용·방향 틀림,true,"{""sourceUrl"":""https://api.stock.naver.com/chart/domestic/item/034730/minute?startDateTime=202609301525&endDateTime=202609301545"",""rawHash"":""f61397aaa9d15eb0ad7eb522fdd899174dfe4636e48e631fbdbe31ade58cb439"",""observedAt"":""2026-09-30T08:22:04Z"",""finalClose"":true}",1,2026-09-30T08:22:04Z,v1
score-35543f1c4988641f,score,2026-09-30,2026-09-30T08:22:04Z,,,"{""forecastId"":""2026-09-28-atlas11-27e1f65cfc167be9"",""inputSnapshotSHA256"":""de3c5b1e138a6dd629fe995931e95d1ebfde4edd2c126f5fa7457a8336832a24"",""collectionRecordId"":""collection-fd0e9b5e0961d8b1""}",2026-09-28-atlas11-27e1f65cfc167be9,atlas11-A-1,live,,2026-09-28T13:29:56.398Z,2026-09-28,373000,012330,현대모비스,auto,2026-09-30,2,true,"{""p05"":352366.041776719,""p10"":357057.57830965694,""p25"":364358.5040345034,""p50"":371931.1115301469,""p75"":380469.0901008029,""p90"":390446.40530823835,""p95"":398603.6662698679}",367000,4931.111530146911,1.3436271199310383,2,true,-0.0028656527341905935,-0.01608579088471851,down,down,true,357057.57830965694,390446.40530823835,true,8.95142814975373,33388.82699858141,0.08951428149753729,"{""up"":0.4526,""flat"":0.0238,""down"":0.5236}",0.43237016000000006,1,방향·크기 모두 맞음,false,"{""sourceUrl"":""https://api.stock.naver.com/chart/domestic/item/012330/minute?startDateTime=202609301525&endDateTime=202609301545"",""rawHash"":""afc7a51a04acd688e344e34f552fefdd5995bbe465dd48b5cc71958ed7c238dc"",""observedAt"":""2026-09-30T08:22:04Z"",""finalClose"":true}",1,2026-09-30T08:22:04Z,v1
score-5e69e5841776b635,score,2026-09-30,2026-09-30T08:22:04Z,,,"{""forecastId"":""2026-09-28-atlas11-27e1f65cfc167be9"",""inputSnapshotSHA256"":""de3c5b1e138a6dd629fe995931e95d1ebfde4edd2c126f5fa7457a8336832a24"",""collectionRecordId"":""collection-fd0e9b5e0961d8b1""}",2026-09-28-atlas11-27e1f65cfc167be9,atlas11-A-1,live,,2026-09-28T13:29:56.398Z,2026-09-28,214500,066570,LG전자,semi,2026-09-30,2,true,"{""p05"":198988.6278609349,""p10"":203020.36475641164,""p25"":208525.7946514463,""p50"":214059.78973798023,""p75"":219830.0565470705,""p90"":226549.95752046249,""p95"":232157.62356322157}",212500,1559.7897379802307,0.7340187002259909,2,true,-0.0020522622937985124,-0.009324009324009341,down,down,true,203020.36475641164,226549.95752046249,true,10.96950711610762,23529.592764050845,0.1096950711610762,"{""up"":0.4676,""flat"":0.02015,""down"":0.51225}",0.456955845,1,방향·크기 모두 맞음,true,"{""sourceUrl"":""https://api.stock.naver.com/chart/domestic/item/066570/minute?startDateTime=202609301525&endDateTime=202609301545"",""rawHash"":""15e67e254bd4c4c32a6179cab42e4c0b11f19a0341144a57b8be87566e56656e"",""observedAt"":""2026-09-30T08:22:04Z"",""finalClose"":true}",1,2026-09-30T08:22:04Z,v1
score-760081c6329587ae,score,2026-09-30,2026-09-30T08:22:04Z,,,"{""forecastId"":""2026-09-28-atlas11-27e1f65cfc167be9"",""inputSnapshotSHA256"":""de3c5b1e138a6dd629fe995931e95d1ebfde4edd2c126f5fa7457a8336832a24"",""collectionRecordId"":""collection-fd0e9b5e0961d8b1""}",2026-09-28-atlas11-27e1f65cfc167be9,atlas11-A-1,live,,2026-09-28T13:29:56.398Z,2026-09-28,197700,035420,NAVER,net,2026-09-30,2,true,"{""p05"":187040.92596178487,""p10"":189623.35536474458,""p25"":193471.41859170888,""p50"":197365.54189013946,""p75"":201649.02458852768,""p90"":206059.19530429464,""p95"":209310.98033553662}",193700,3665.5418901394587,1.8923809448319353,2,true,-0.0016917456239784467,-0.02023267577137078,down,down,true,189623.35536474458,206059.19530429464,true,8.313525513176561,16435.83993955006,0.0831352551317656,"{""up"":0.4638,""flat"":0.02595,""down"":0.51025}",0.45563890500000004,1,방향·크기 모두 맞음,true,"{""sourceUrl"":""https://api.stock.naver.com/chart/domestic/item/035420/minute?startDateTime=202609301525&endDateTime=202609301545"",""rawHash"":""80e73d1ddd0123b0b2133e642ca9dff80e8683cca7dbce3ae3e71c68cf690670"",""observedAt"":""2026-09-30T08:22:04Z"",""finalClose"":true}",1,2026-09-30T08:22:04Z,v1
score-ad93cbfbebce5983,score,2026-09-30,2026-09-30T08:22:04Z,,,"{""forecastId"":""2026-09-28-atlas11-27e1f65cfc167be9"",""inputSnapshotSHA256"":""de3c5b1e138a6dd629fe995931e95d1ebfde4edd2c126f5fa7457a8336832a24"",""collectionRecordId"":""collection-fd0e9b5e0961d8b1""}",2026-09-28-atlas11-27e1f65cfc167be9,atlas11-A-1,live,,2026-09-28T13:29:56.398Z,2026-09-28,204500,010120,LS ELECTRIC,heavy,2026-09-30,2,true,"{""p05"":186852.54870824105,""p10"":190921.3931672064,""p25"":197107.31445073974,""p50"":203693.17230561402,""p75"":211425.74670131516,""p90"":220253.78753524297,""p95"":226697.12203086514}",205000,-1306.8276943859819,0.6374769240907229,2,true,-0.0039453676987090125,0.0024449877750611915,down,up,false,190921.3931672064,220253.78753524297,true,14.343469128624237,29332.394368036563,0.14343469128624237,"{""up"":0.4599,""flat"":0.01595,""down"":0.52415}",0.566695635,3,크기 허용·방향 틀림,false,"{""sourceUrl"":""https://api.stock.naver.com/chart/domestic/item/010120/minute?startDateTime=202609301525&endDateTime=202609301545"",""rawHash"":""356f830db23568e2ccc21f37f55da1ce664e54698600737286322ede138b0afc"",""observedAt"":""2026-09-30T08:22:04Z"",""finalClose"":true}",1,2026-09-30T08:22:04Z,v1
score-16effd04d533660f,score,2026-09-30,2026-09-30T08:22:04Z,,,"{""forecastId"":""2026-09-28-atlas11-27e1f65cfc167be9"",""inputSnapshotSHA256"":""de3c5b1e138a6dd629fe995931e95d1ebfde4edd2c126f5fa7457a8336832a24"",""collectionRecordId"":""collection-fd0e9b5e0961d8b1""}",2026-09-28-atlas11-27e1f65cfc167be9,atlas11-A-1,live,,2026-09-28T13:29:56.398Z,2026-09-28,661000,000810,삼성화재,fin,2026-09-30,2,true,"{""p05"":626617.1866817421,""p10"":634994.6088712253,""p25"":646704.8496511674,""p50"":659003.421183947,""p75"":672091.5478077151,""p90"":689422.3322715389,""p95"":701180.5667617043}",633000,26003.421183947008,4.10796543190316,2,false,-0.0030205428382041877,-0.04236006051437213,down,down,true,634994.6088712253,689422.3322715389,false,8.234148774631413,74373.81211256632,0.1125171136347448,"{""up"":0.44395,""flat"":0.0282,""down"":0.52785}",0.42081246499999997,2,방향 맞고 크기 틀림,false,"{""sourceUrl"":""https://api.stock.naver.com/chart/domestic/item/000810/minute?startDateTime=202609301525&endDateTime=202609301545"",""rawHash"":""0f82df4fd1ad35a8649746a8318889cb5ed6966187df06fa924e95f56eacf444"",""observedAt"":""2026-09-30T08:22:04Z"",""finalClose"":true}",1,2026-09-30T08:22:04Z,v1
score-90e490ab7f59f9fb,score,2026-09-30,2026-09-30T08:22:04Z,,,"{""forecastId"":""2026-09-28-atlas11-27e1f65cfc167be9"",""inputSnapshotSHA256"":""de3c5b1e138a6dd629fe995931e95d1ebfde4edd2c126f5fa7457a8336832a24"",""collectionRecordId"":""collection-fd0e9b5e0961d8b1""}",2026-09-28-atlas11-27e1f65cfc167be9,atlas11-A-1,live,,2026-09-28T13:29:56.398Z,2026-09-28,316500,005490,POSCO홀딩스,chem,2026-09-30,2,true,"{""p05"":300385.96449627937,""p10"":304245.0657610158,""p25"":309932.34806052904,""p50"":315932.32938540017,""p75"":322829.1833889134,""p90"":330142.4968574716,""p95"":334740.9571160038}",306000,9932.329385400168,3.2458592762745644,2,false,-0.0017935880398098902,-0.033175355450236976,down,down,true,304245.0657610158,330142.4968574716,true,8.182442684504196,25897.43109645578,0.08182442684504196,"{""up"":0.4631,""flat"":0.0254,""down"":0.5115}",0.45373902000000005,2,방향 맞고 크기 틀림,true,"{""sourceUrl"":""https://api.stock.naver.com/chart/domestic/item/005490/minute?startDateTime=202609301525&endDateTime=202609301545"",""rawHash"":""e654ad42330e6dcc95118b005aff9b03e79614f52b05c48d56aaba684f3094d4"",""observedAt"":""2026-09-30T08:22:04Z"",""finalClose"":true}",1,2026-09-30T08:22:04Z,v1
score-36be44f621d8d4c6,score,2026-09-30,2026-09-30T08:22:04Z,,,"{""forecastId"":""2026-09-28-atlas11-27e1f65cfc167be9"",""inputSnapshotSHA256"":""de3c5b1e138a6dd629fe995931e95d1ebfde4edd2c126f5fa7457a8336832a24"",""collectionRecordId"":""collection-fd0e9b5e0961d8b1""}",2026-09-28-atlas11-27e1f65cfc167be9,atlas11-A-1,live,,2026-09-28T13:29:56.398Z,2026-09-28,1102000,010130,고려아연,chem,2026-09-30,2,true,"{""p05"":1017436.7618335583,""p10"":1039203.0047147168,""p25"":1067609.0837074248,""p50"":1096343.1145954542,""p75"":1132039.3897277717,""p90"":1176344.479986097,""p95"":1212062.2249975835}",1070000,26343.114595454186,2.4619733266779615,2,false,-0.005133289840785649,-0.029038112522686066,down,down,true,1039203.0047147168,1176344.479986097,true,12.444779970179688,137141.47527138016,0.12444779970179688,"{""up"":0.43755,""flat"":0.0196,""down"":0.54285}",0.40082028499999994,2,방향 맞고 크기 틀림,false,"{""sourceUrl"":""https://api.stock.naver.com/chart/domestic/item/010130/minute?startDateTime=202609301525&endDateTime=202609301545"",""rawHash"":""8a66d5ff5eb6bdcdc61e2ae57be41a9fceb7c4ea9f4fa9cadebcb80a95214d89"",""observedAt"":""2026-09-30T08:22:04Z"",""finalClose"":true}",1,2026-09-30T08:22:04Z,v1
score-492b6ce291d18765,score,2026-09-30,2026-09-30T08:22:04Z,,,"{""forecastId"":""2026-09-28-atlas11-27e1f65cfc167be9"",""inputSnapshotSHA256"":""de3c5b1e138a6dd629fe995931e95d1ebfde4edd2c126f5fa7457a8336832a24"",""collectionRecordId"":""collection-fd0e9b5e0961d8b1""}",2026-09-28-atlas11-27e1f65cfc167be9,atlas11-A-1,live,,2026-09-28T13:29:56.398Z,2026-09-28,133400,138040,메리츠금융지주,fin,2026-09-30,2,true,"{""p05"":125999.86461589861,""p10"":127731.52496072576,""p25"":130059.7447665618,""p50"":132524.08260351216,""p75"":135442.2142476989,""p90"":138795.00991180254,""p95"":141023.9683998747}",126300,6224.082603512157,4.92801472962166,2,false,-0.006566097424946293,-0.05322338830584705,down,down,true,127731.52496072576,138795.00991180254,false,8.293466979817678,25378.734558334356,0.19024538649426054,"{""up"":0.4039,""flat"":0.0233,""down"":0.5728}",0.34617794,2,방향 맞고 크기 틀림,false,"{""sourceUrl"":""https://api.stock.naver.com/chart/domestic/item/138040/minute?startDateTime=202609301525&endDateTime=202609301545"",""rawHash"":""74913e22c2dbf6a21c77538fa8cc2418f490d19fd46305d355cb56ee632e45c3"",""observedAt"":""2026-09-30T08:22:04Z"",""finalClose"":true}",1,2026-09-30T08:22:04Z,v1
score-2d01b60e2186aad4,score,2026-09-30,2026-09-30T08:22:04Z,,,"{""forecastId"":""2026-09-28-atlas11-27e1f65cfc167be9"",""inputSnapshotSHA256"":""de3c5b1e138a6dd629fe995931e95d1ebfde4edd2c126f5fa7457a8336832a24"",""collectionRecordId"":""collection-fd0e9b5e0961d8b1""}",2026-09-28-atlas11-27e1f65cfc167be9,atlas11-A-1,live,,2026-09-28T13:29:56.398Z,2026-09-28,30700,015760,한국전력,util,2026-09-30,2,true,"{""p05"":28990.673893638104,""p10"":29479.923206649248,""p25"":30100.956165166186,""p50"":30684.034966814128,""p75"":31303.5406619811,""p90"":31936.167843611183,""p95"":32405.770190530537}",29950,734.034966814128,2.4508680027182903,2,false,-0.0005200336542628969,-0.02442996742671011,down,down,true,29479.923206649248,31936.167843611183,true,8.000796863068194,2456.2446369619356,0.08000796863068194,"{""up"":0.47795,""flat"":0.02845,""down"":0.4936}",0.48568656499999996,2,방향 맞고 크기 틀림,true,"{""sourceUrl"":""https://api.stock.naver.com/chart/domestic/item/015760/minute?startDateTime=202609301525&endDateTime=202609301545"",""rawHash"":""2669e05f678ffcc3f49a081222368052b1033333af4015ceecbe737c4392156b"",""observedAt"":""2026-09-30T08:22:04Z"",""finalClose"":true}",1,2026-09-30T08:22:04Z,v1
score-bac03be7b8857a55,score,2026-09-30,2026-09-30T08:22:04Z,,,"{""forecastId"":""2026-09-28-atlas11-27e1f65cfc167be9"",""inputSnapshotSHA256"":""de3c5b1e138a6dd629fe995931e95d1ebfde4edd2c126f5fa7457a8336832a24"",""collectionRecordId"":""collection-fd0e9b5e0961d8b1""}",2026-09-28-atlas11-27e1f65cfc167be9,atlas11-A-1,live,,2026-09-28T13:29:56.398Z,2026-09-28,21250,011200,HMM,auto,2026-09-30,2,true,"{""p05"":20265.24684092198,""p10"":20505.69735225521,""p25"":20866.728784553336,""p50"":21227.66477129094,""p75"":21612.768362249437,""p90"":22049.48132536502,""p95"":22363.740573121962}",20850,377.6647712909398,1.8113418287335246,2,true,-0.0010510695863087394,-0.018823529411764683,down,down,true,20505.69735225521,22049.48132536502,true,7.264865755810872,1543.7839731098102,0.07264865755810872,"{""up"":0.46815,""flat"":0.0312,""down"":0.50065}",0.46948828499999995,1,방향·크기 모두 맞음,true,"{""sourceUrl"":""https://api.stock.naver.com/chart/domestic/item/011200/minute?startDateTime=202609301525&endDateTime=202609301545"",""rawHash"":""7a8d63c0900b5759008f7f0c600e54ea98aee31f4748d6695bc2d1a828b24048"",""observedAt"":""2026-09-30T08:22:04Z"",""finalClose"":true}",1,2026-09-30T08:22:04Z,v1
score-5d9fb651540e8469,score,2026-09-30,2026-09-30T08:22:04Z,,,"{""forecastId"":""2026-09-28-atlas11-27e1f65cfc167be9"",""inputSnapshotSHA256"":""de3c5b1e138a6dd629fe995931e95d1ebfde4edd2c126f5fa7457a8336832a24"",""collectionRecordId"":""collection-fd0e9b5e0961d8b1""}",2026-09-28-atlas11-27e1f65cfc167be9,atlas11-A-1,live,,2026-09-28T13:29:56.398Z,2026-09-28,262500,051910,LG화학,chem,2026-09-30,2,true,"{""p05"":242275.6360908232,""p10"":247275.01709124434,""p25"":254582.05957702585,""p50"":262025.0300183794,""p75"":270236.85927668714,""p90"":278808.02809419745,""p95"":284402.5862586964}",251000,11025.030018379388,4.3924422383981625,2,false,-0.0018094094537928207,-0.043809523809523854,down,down,true,247275.01709124434,278808.02809419745,true,12.012575620172612,31533.011002953106,0.12012575620172612,"{""up"":0.4742,""flat"":0.0187,""down"":0.5071}",0.46816574,2,방향 맞고 크기 틀림,true,"{""sourceUrl"":""https://api.stock.naver.com/chart/domestic/item/051910/minute?startDateTime=202609301525&endDateTime=202609301545"",""rawHash"":""c38621384c4d49bfadf1e4a7d1c5a7b4c9ca6416afdc8c1decc19d98a9c42e32"",""observedAt"":""2026-09-30T08:22:04Z"",""finalClose"":true}",1,2026-09-30T08:22:04Z,v1
score-4a023cc3f013f72f,score,2026-09-30,2026-09-30T08:22:04Z,,,"{""forecastId"":""2026-09-28-atlas11-27e1f65cfc167be9"",""inputSnapshotSHA256"":""de3c5b1e138a6dd629fe995931e95d1ebfde4edd2c126f5fa7457a8336832a24"",""collectionRecordId"":""collection-fd0e9b5e0961d8b1""}",2026-09-28-atlas11-27e1f65cfc167be9,atlas11-A-1,live,,2026-09-28T13:29:56.398Z,2026-09-28,88200,017670,SK텔레콤,net,2026-09-30,2,true,"{""p05"":84928.31633646,""p10"":85814.38951069089,""p25"":86934.83971101497,""p50"":88097.47195204618,""p75"":89380.28672140726,""p90"":90829.53837773719,""p95"":92026.54931701136}",85600,2497.4719520461804,2.9176074206146967,2,false,-0.0011624495232859244,-0.02947845804988658,down,down,true,85814.38951069089,90829.53837773719,false,5.686109826583107,7159.043973955195,0.08116829902443531,"{""up"":0.4593,""flat"":0.0381,""down"":0.5026}",0.45981485999999994,2,방향 맞고 크기 틀림,true,"{""sourceUrl"":""https://api.stock.naver.com/chart/domestic/item/017670/minute?startDateTime=202609301525&endDateTime=202609301545"",""rawHash"":""d35823e8f5a14bc705430c9ba2f8b126ada570d74ecfc83df9e0414b689de736"",""observedAt"":""2026-09-30T08:22:04Z"",""finalClose"":true}",1,2026-09-30T08:22:04Z,v1
score-7116f30f0df6852c,score,2026-09-30,2026-09-30T08:22:04Z,,,"{""forecastId"":""2026-09-28-atlas11-27e1f65cfc167be9"",""inputSnapshotSHA256"":""de3c5b1e138a6dd629fe995931e95d1ebfde4edd2c126f5fa7457a8336832a24"",""collectionRecordId"":""collection-fd0e9b5e0961d8b1""}",2026-09-28-atlas11-27e1f65cfc167be9,atlas11-A-1,live,,2026-09-28T13:29:56.398Z,2026-09-28,175400,033780,KT&G,cons,2026-09-30,2,true,"{""p05"":169356.69956535322,""p10"":170949.07135426212,""p25"":173077.7773941083,""p50"":175286.99414757823,""p75"":177700.4852155787,""p90"":180334.84173287067,""p95"":182387.20737611476}",176200,-913.0058524217748,0.5181645019419834,2,true,-0.0006442750993259638,0.004561003420752607,down,up,false,170949.07135426212,180334.84173287067,true,5.351066350403961,9385.770378608548,0.05351066350403961,"{""up"":0.4675,""flat"":0.04035,""down"":0.49215}",0.5273959949999999,3,크기 허용·방향 틀림,true,"{""sourceUrl"":""https://api.stock.naver.com/chart/domestic/item/033780/minute?startDateTime=202609301525&endDateTime=202609301545"",""rawHash"":""88dc3516268b3cde762d33a1b451e231dbe036868b66b8315d57761f9035caa3"",""observedAt"":""2026-09-30T08:22:04Z"",""finalClose"":true}",1,2026-09-30T08:22:04Z,v1
score-bc11144d990eae22,score,2026-09-30,2026-09-30T08:22:04Z,,,"{""forecastId"":""2026-09-28-atlas11-27e1f65cfc167be9"",""inputSnapshotSHA256"":""de3c5b1e138a6dd629fe995931e95d1ebfde4edd2c126f5fa7457a8336832a24"",""collectionRecordId"":""collection-fd0e9b5e0961d8b1""}",2026-09-28-atlas11-27e1f65cfc167be9,atlas11-A-1,live,,2026-09-28T13:29:56.398Z,2026-09-28,252500,196170,알테오젠,bio,2026-09-30,2,true,"{""p05"":236830.91291554054,""p10"":241093.38451046383,""p25"":246749.5049196642,""p50"":253066.8877034386,""p75"":259789.89729334498,""p90"":266857.53958256386,""p95"":272144.0586069327}",254500,-1433.1122965613904,0.563108957391509,2,true,0.002245099815598506,0.007920792079207928,up,up,true,241093.38451046383,266857.53958256386,true,10.203625771128722,25764.155072100024,0.10203625771128723,"{""up"":0.5134,""flat"":0.0218,""down"":0.4648}",0.45329384,1,방향·크기 모두 맞음,true,"{""sourceUrl"":""https://api.stock.naver.com/chart/domestic/item/196170/minute?startDateTime=202609301525&endDateTime=202609301545"",""rawHash"":""0c0ce54f8e6931663593400efc6bdf814e69b0e33c33682335ea4075c913c83a"",""observedAt"":""2026-09-30T08:22:04Z"",""finalClose"":true}",1,2026-09-30T08:22:04Z,v1
score-9c1d31d6c749d57f,score,2026-09-30,2026-09-30T08:22:04Z,,,"{""forecastId"":""2026-09-28-atlas11-27e1f65cfc167be9"",""inputSnapshotSHA256"":""de3c5b1e138a6dd629fe995931e95d1ebfde4edd2c126f5fa7457a8336832a24"",""collectionRecordId"":""collection-fd0e9b5e0961d8b1""}",2026-09-28-atlas11-27e1f65cfc167be9,atlas11-A-1,live,,2026-09-28T13:29:56.398Z,2026-09-28,219000,018260,삼성에스디에스,semi,2026-09-30,2,true,"{""p05"":206284.4918017631,""p10"":209678.95331600404,""p25"":214182.1622016609,""p50"":218643.49208628407,""p75"":223190.24771543048,""p90"":228191.88183912222,""p95"":232330.95426866983}",219000,-356.5079137159337,0.16278900169677338,2,true,-0.0016278900169677257,0,down,flat,false,209678.95331600404,228191.88183912222,true,8.453392019688662,18512.92852311817,0.08453392019688663,"{""up"":0.4642,""flat"":0.02645,""down"":0.50935}",1.422718665,3,크기 허용·방향 틀림,true,"{""sourceUrl"":""https://api.stock.naver.com/chart/domestic/item/018260/minute?startDateTime=202609301525&endDateTime=202609301545"",""rawHash"":""d7a813a67708769e596e992b5545c4be112e054bebc69414cb13b1d150bcf153"",""observedAt"":""2026-09-30T08:22:04Z"",""finalClose"":true}",1,2026-09-30T08:22:04Z,v1
score-6a265361358e8e52,score,2026-09-30,2026-09-30T08:22:04Z,,,"{""forecastId"":""2026-09-28-atlas11-27e1f65cfc167be9"",""inputSnapshotSHA256"":""de3c5b1e138a6dd629fe995931e95d1ebfde4edd2c126f5fa7457a8336832a24"",""collectionRecordId"":""collection-fd0e9b5e0961d8b1""}",2026-09-28-atlas11-27e1f65cfc167be9,atlas11-A-1,live,,2026-09-28T13:29:56.398Z,2026-09-28,199100,086280,현대글로비스,auto,2026-09-30,2,true,"{""p05"":188149.92379094425,""p10"":190870.8619556665,""p25"":194688.2082056612,""p50"":198700.53259306666,""p75"":203135.9293868204,""p90"":207848.53721055665,""p95"":211429.46138023614}",196800,1900.5325930666586,0.9657177810298062,2,true,-0.0020063656802277174,-0.011551983927674536,down,down,true,190870.8619556665,207848.53721055665,true,8.527210072772547,16977.675254890142,0.08527210072772548,"{""up"":0.46,""flat"":0.02745,""down"":0.51255}",0.449961005,1,방향·크기 모두 맞음,false,"{""sourceUrl"":""https://api.stock.naver.com/chart/domestic/item/086280/minute?startDateTime=202609301525&endDateTime=202609301545"",""rawHash"":""0b3ee15d8c73a00ff57dd293048fd8501f52acd54521981d43c98593fc60e87e"",""observedAt"":""2026-09-30T08:22:04Z"",""finalClose"":true}",1,2026-09-30T08:22:04Z,v1
score-e476d4a9e13c9fd3,score,2026-09-30,2026-09-30T08:22:04Z,,,"{""forecastId"":""2026-09-28-atlas11-27e1f65cfc167be9"",""inputSnapshotSHA256"":""de3c5b1e138a6dd629fe995931e95d1ebfde4edd2c126f5fa7457a8336832a24"",""collectionRecordId"":""collection-fd0e9b5e0961d8b1""}",2026-09-28-atlas11-27e1f65cfc167be9,atlas11-A-1,live,,2026-09-28T13:29:56.398Z,2026-09-28,124600,000720,현대건설,heavy,2026-09-30,2,true,"{""p05"":114404.10403602936,""p10"":116614.00754926918,""p25"":120160.6610081397,""p50"":123953.25792402256,""p75"":128415.37183098336,""p90"":133739.6581176708,""p95"":137896.66399944446}",117500,6453.2579240225605,5.492134403423456,2,false,-0.005190546356159231,-0.056982343499197396,down,down,true,116614.00754926918,133739.6581176708,true,13.744502863885726,17125.650568401616,0.13744502863885727,"{""up"":0.4501,""flat"":0.0171,""down"":0.5328}",0.4211582599999999,2,방향 맞고 크기 틀림,false,"{""sourceUrl"":""https://api.stock.naver.com/chart/domestic/item/000720/minute?startDateTime=202609301525&endDateTime=202609301545"",""rawHash"":""6ff3fd80ac055bc2e143ea7fa1886e1baad8d866e8a1a3a95f7534e54a2000b0"",""observedAt"":""2026-09-30T08:22:04Z"",""finalClose"":true}",1,2026-09-30T08:22:04Z,v1
score-5356e524539597f7,score,2026-09-30,2026-09-30T08:22:04Z,,,"{""forecastId"":""2026-09-28-atlas11-27e1f65cfc167be9"",""inputSnapshotSHA256"":""de3c5b1e138a6dd629fe995931e95d1ebfde4edd2c126f5fa7457a8336832a24"",""collectionRecordId"":""collection-fd0e9b5e0961d8b1""}",2026-09-28-atlas11-27e1f65cfc167be9,atlas11-A-1,live,,2026-09-28T13:29:56.398Z,2026-09-28,368500,278470,에이피알,cons,2026-09-30,2,true,"{""p05"":337869.8888598457,""p10"":345000.9373375201,""p25"":355728.688624996,""p50"":367983.2298760731,""p75"":381276.5986484655,""p90"":394107.6664604024,""p95"":402275.24599151145}",366000,1983.2298760730773,0.5418660863587643,2,true,-0.0014023612589604273,-0.006784260515603768,down,down,true,345000.9373375201,394107.6664604024,true,13.326113737552864,49106.7291228823,0.13326113737552864,"{""up"":0.4805,""flat"":0.0155,""down"":0.504}",0.47713649999999996,1,방향·크기 모두 맞음,true,"{""sourceUrl"":""https://api.stock.naver.com/chart/domestic/item/278470/minute?startDateTime=202609301525&endDateTime=202609301545"",""rawHash"":""f35d299081f1eb5b583eec01c3d7bd22020d2b36926b90f9fb84fedca8b392b0"",""observedAt"":""2026-09-30T08:22:04Z"",""finalClose"":true}",1,2026-09-30T08:22:04Z,v1
score-ac63d68c0e879f35,score,2026-09-30,2026-09-30T08:22:04Z,,,"{""forecastId"":""2026-09-28-atlas11-27e1f65cfc167be9"",""inputSnapshotSHA256"":""de3c5b1e138a6dd629fe995931e95d1ebfde4edd2c126f5fa7457a8336832a24"",""collectionRecordId"":""collection-fd0e9b5e0961d8b1""}",2026-09-28-atlas11-27e1f65cfc167be9,atlas11-A-1,live,,2026-09-28T13:29:56.398Z,2026-09-28,52900,030200,KT,net,2026-09-30,2,true,"{""p05"":51276.189595540156,""p10"":51680.26858543344,""p25"":52274.966887312796,""p50"":52891.694471565395,""p75"":53541.63704164853,""p90"":54194.32178172577,""p95"":54708.90236106018}",52300,591.6944715653954,1.131346981960603,2,true,-0.00015700431823451044,-0.011342155009451793,down,down,true,51680.26858543344,54194.32178172577,true,4.752463509059219,2514.053196292327,0.04752463509059219,"{""up"":0.4737,""flat"":0.0447,""down"":0.4816}",0.49512833999999994,1,방향·크기 모두 맞음,true,"{""sourceUrl"":""https://api.stock.naver.com/chart/domestic/item/030200/minute?startDateTime=202609301525&endDateTime=202609301545"",""rawHash"":""78097f4c6fec0062cf9e65bf10dbc7f8edb8520198147bbb868fa3bdb0518577"",""observedAt"":""2026-09-30T08:22:04Z"",""finalClose"":true}",1,2026-09-30T08:22:04Z,v1
score-dba1f7347485bd6b,score,2026-09-30,2026-09-30T08:22:04Z,,,"{""forecastId"":""2026-09-28-atlas11-27e1f65cfc167be9"",""inputSnapshotSHA256"":""de3c5b1e138a6dd629fe995931e95d1ebfde4edd2c126f5fa7457a8336832a24"",""collectionRecordId"":""collection-fd0e9b5e0961d8b1""}",2026-09-28-atlas11-27e1f65cfc167be9,atlas11-A-1,live,,2026-09-28T13:29:56.398Z,2026-09-28,31700,003490,대한항공,auto,2026-09-30,2,true,"{""p05"":29791.35945800173,""p10"":30218.04713996241,""p25"":30839.081220040767,""p50"":31480.275964178833,""p75"":32172.424179512815,""p90"":32943.922646232364,""p95"":33538.4684921396}",32000,-519.7240358211675,1.6241376119411481,2,true,-0.006931357596882237,0.009463722397476282,down,up,false,30218.04713996241,32943.922646232364,true,8.598976360473037,2725.875506269953,0.08598976360473037,"{""up"":0.39515,""flat"":0.02365,""down"":0.5812}",0.7041962850000001,3,크기 허용·방향 틀림,false,"{""sourceUrl"":""https://api.stock.naver.com/chart/domestic/item/003490/minute?startDateTime=202609301525&endDateTime=202609301545"",""rawHash"":""ed5d2ca2f14a5b49ee922437f55810435444724c7b53cfa780258d181226dd10"",""observedAt"":""2026-09-30T08:22:04Z"",""finalClose"":true}",1,2026-09-30T08:22:04Z,v1
score-fecaf45e46eb0849,score,2026-09-30,2026-09-30T08:22:04Z,,,"{""forecastId"":""2026-09-28-atlas11-27e1f65cfc167be9"",""inputSnapshotSHA256"":""de3c5b1e138a6dd629fe995931e95d1ebfde4edd2c126f5fa7457a8336832a24"",""collectionRecordId"":""collection-fd0e9b5e0961d8b1""}",2026-09-28-atlas11-27e1f65cfc167be9,atlas11-A-1,live,,2026-09-28T13:29:56.398Z,2026-09-28,56900,047050,포스코인터내셔널,util,2026-09-30,2,true,"{""p05"":53438.9344542577,""p10"":54300.69430473595,""p25"":55472.822025178306,""p50"":56781.91193895381,""p75"":58208.128615927984,""p90"":59894.074366264176,""p95"":61005.71401614724}",56900,-118.08806104618998,0.20753613540630927,2,true,-0.0020753613540630544,0,down,flat,false,54300.69430473595,59894.074366264176,true,9.830193429750832,5593.380061528223,0.09830193429750832,"{""up"":0.46285,""flat"":0.02315,""down"":0.514}",1.4326620449999998,3,크기 허용·방향 틀림,false,"{""sourceUrl"":""https://api.stock.naver.com/chart/domestic/item/047050/minute?startDateTime=202609301525&endDateTime=202609301545"",""rawHash"":""762970b06e8ba88a7484f56f9958bea658cdd7116eb6c5e93b9b083abc7689ef"",""observedAt"":""2026-09-30T08:22:04Z"",""finalClose"":true}",1,2026-09-30T08:22:04Z,v1
score-61f385b49e2174f1,score,2026-09-30,2026-09-30T08:22:04Z,,,"{""forecastId"":""2026-09-28-atlas11-27e1f65cfc167be9"",""inputSnapshotSHA256"":""de3c5b1e138a6dd629fe995931e95d1ebfde4edd2c126f5fa7457a8336832a24"",""collectionRecordId"":""collection-fd0e9b5e0961d8b1""}",2026-09-28-atlas11-27e1f65cfc167be9,atlas11-A-1,live,,2026-09-28T13:29:56.398Z,2026-09-28,1215000,003230,삼양식품,cons,2026-09-30,2,true,"{""p05"":1139597.9944646251,""p10"":1154140.043410377,""p25"":1179036.168406355,""p50"":1209039.5766372425,""p75"":1245107.5825917935,""p90"":1285323.8571487241,""p95"":1314483.4138577427}",1213000,-3960.423362757545,0.32649821622073744,2,true,-0.004905698240952661,-0.0016460905349794386,down,down,true,1154140.043410377,1285323.8571487241,true,10.797021706859839,131183.81373834703,0.10797021706859838,"{""up"":0.44205,""flat"":0.0187,""down"":0.53925}",0.408048455,1,방향·크기 모두 맞음,false,"{""sourceUrl"":""https://api.stock.naver.com/chart/domestic/item/003230/minute?startDateTime=202609301525&endDateTime=202609301545"",""rawHash"":""749463dd16fe3d4c073b7f2064d26f6a8dadc50cc2da4c85874c506b3321952c"",""observedAt"":""2026-09-30T08:22:04Z"",""finalClose"":true}",1,2026-09-30T08:22:04Z,v1
score-9c6ac22e1c240d5b,score,2026-09-30,2026-09-30T08:22:04Z,,,"{""forecastId"":""2026-09-28-atlas11-27e1f65cfc167be9"",""inputSnapshotSHA256"":""de3c5b1e138a6dd629fe995931e95d1ebfde4edd2c126f5fa7457a8336832a24"",""collectionRecordId"":""collection-fd0e9b5e0961d8b1""}",2026-09-28-atlas11-27e1f65cfc167be9,atlas11-A-1,live,,2026-09-28T13:29:56.398Z,2026-09-28,202000,259960,크래프톤,net,2026-09-30,2,true,"{""p05"":191699.91553403332,""p10"":194502.9616995833,""p25"":198280.38707123045,""p50"":201917.19293701035,""p75"":205600.24083234262,""p90"":209345.06726915127,""p95"":211905.5237727316}",194900,7017.192937010346,3.600406843001717,2,false,-0.0004099359553942916,-0.03514851485148518,down,down,true,194502.9616995833,209345.06726915127,true,7.347577014637608,14842.105569567968,0.07347577014637607,"{""up"":0.47705,""flat"":0.03185,""down"":0.4911}",0.487570335,2,방향 맞고 크기 틀림,true,"{""sourceUrl"":""https://api.stock.naver.com/chart/domestic/item/259960/minute?startDateTime=202609301525&endDateTime=202609301545"",""rawHash"":""261d9d02889f6936c8f552ce77e8bae505855ff1ebf0e773b6c588ea80798528"",""observedAt"":""2026-09-30T08:22:04Z"",""finalClose"":true}",1,2026-09-30T08:22:04Z,v1
score-93253a95111e002d,score,2026-09-30,2026-09-30T08:22:04Z,,,"{""forecastId"":""2026-09-28-atlas11-27e1f65cfc167be9"",""inputSnapshotSHA256"":""de3c5b1e138a6dd629fe995931e95d1ebfde4edd2c126f5fa7457a8336832a24"",""collectionRecordId"":""collection-fd0e9b5e0961d8b1""}",2026-09-28-atlas11-27e1f65cfc167be9,atlas11-A-1,live,,2026-09-28T13:29:56.398Z,2026-09-28,101600,021240,코웨이,cons,2026-09-30,2,true,"{""p05"":96452.55706278447,""p10"":97639.23599061211,""p25"":99522.34690981955,""p50"":101505.72987283512,""p75"":103733.86642455579,""p90"":106368.30183460802,""p95"":107944.40002428177}",99400,2105.729872835116,2.1184405159307,2,false,-0.0009278555823315493,-0.021653543307086576,down,down,true,97639.23599061211,106368.30183460802,true,8.591600240153454,8729.065843995908,0.08591600240153453,"{""up"":0.47575,""flat"":0.0255,""down"":0.49875}",0.478239875,2,방향 맞고 크기 틀림,true,"{""sourceUrl"":""https://api.stock.naver.com/chart/domestic/item/021240/minute?startDateTime=202609301525&endDateTime=202609301545"",""rawHash"":""646b8270e53d676b7a80a54e911699490eacb477c9c220fb1129fcbc2560d2d3"",""observedAt"":""2026-09-30T08:22:04Z"",""finalClose"":true}",1,2026-09-30T08:22:04Z,v1
score-041d85626bb46f99,score,2026-09-30,2026-09-30T08:22:04Z,,,"{""forecastId"":""2026-09-28-atlas11-27e1f65cfc167be9"",""inputSnapshotSHA256"":""de3c5b1e138a6dd629fe995931e95d1ebfde4edd2c126f5fa7457a8336832a24"",""collectionRecordId"":""collection-fd0e9b5e0961d8b1""}",2026-09-28-atlas11-27e1f65cfc167be9,atlas11-A-1,live,,2026-09-28T13:29:56.398Z,2026-09-28,161900,352820,하이브,net,2026-09-30,2,true,"{""p05"":152442.06377496597,""p10"":154971.71373298936,""p25"":158268.05974413973,""p50"":161793.19801497084,""p75"":165612.10457503254,""p90"":169623.3342633433,""p95"":172298.17836931432}",156600,5193.19801497084,3.3162184003645208,2,false,-0.0006596787216130995,-0.03273625694873383,down,down,true,154971.71373298936,169623.3342633433,true,9.049796498056791,14651.620530353946,0.09049796498056792,"{""up"":0.4808,""flat"":0.0225,""down"":0.4967}",0.4849857800000001,2,방향 맞고 크기 틀림,true,"{""sourceUrl"":""https://api.stock.naver.com/chart/domestic/item/352820/minute?startDateTime=202609301525&endDateTime=202609301545"",""rawHash"":""0eb5c50a593ba209577586c14115a3bbd8feb54e4ad746d6b425ba5abe5f082b"",""observedAt"":""2026-09-30T08:22:04Z"",""finalClose"":true}",1,2026-09-30T08:22:04Z,v1
score-15eca48a1c2f4664,score,2026-09-30,2026-09-30T08:22:04Z,,,"{""forecastId"":""2026-09-28-atlas11-27e1f65cfc167be9"",""inputSnapshotSHA256"":""de3c5b1e138a6dd629fe995931e95d1ebfde4edd2c126f5fa7457a8336832a24"",""collectionRecordId"":""collection-fd0e9b5e0961d8b1""}",2026-09-28-atlas11-27e1f65cfc167be9,atlas11-A-1,live,,2026-09-28T13:29:56.398Z,2026-09-28,33350,009830,한화솔루션,chem,2026-09-30,2,true,"{""p05"":29614.335402693767,""p10"":30630.569704893027,""p25"":31938.564021639922,""p50"":33232.04938853201,""p75"":34720.53099038071,""p90"":36508.046303237825,""p95"":37955.757798563114}",33900,-667.9506114679898,1.970355786041268,2,true,-0.003536749969055175,0.016491754122938573,down,up,false,30630.569704893027,36508.046303237825,true,17.623617986041374,5877.476598344798,0.17623617986041373,"{""up"":0.47165,""flat"":0.0122,""down"":0.51615}",0.545713385,3,크기 허용·방향 틀림,true,"{""sourceUrl"":""https://api.stock.naver.com/chart/domestic/item/009830/minute?startDateTime=202609301525&endDateTime=202609301545"",""rawHash"":""59a460075a76efa93973bda087581453ebdc72e009b5c1b4ffc4ad89b91753fc"",""observedAt"":""2026-09-30T08:22:04Z"",""finalClose"":true}",1,2026-09-30T08:22:04Z,v1
score-1c10abc4098a43ef,score,2026-09-30,2026-09-30T08:22:04Z,,,"{""forecastId"":""2026-09-28-atlas11-27e1f65cfc167be9"",""inputSnapshotSHA256"":""de3c5b1e138a6dd629fe995931e95d1ebfde4edd2c126f5fa7457a8336832a24"",""collectionRecordId"":""collection-fd0e9b5e0961d8b1""}",2026-09-28-atlas11-27e1f65cfc167be9,atlas11-A-1,live,,2026-09-28T13:29:56.398Z,2026-09-28,43350,029780,삼성카드,fin,2026-09-30,2,true,"{""p05"":41773.664746880706,""p10"":42224.4063555325,""p25"":42821.41579451023,""p50"":43353.63912676549,""p75"":43886.29590469152,""p90"":44426.35936761551,""p95"":44868.07919254804}",42200,1153.6391267654908,2.733742006553296,2,false,0.00008394756091090194,-0.026528258362168433,up,down,false,42224.4063555325,44426.35936761551,false,5.079476383121129,2446.0165674079835,0.05642483431160285,"{""up"":0.481,""flat"":0.0442,""down"":0.4748}",0.5091496799999999,4,방향·크기 모두 틀림,true,"{""sourceUrl"":""https://api.stock.naver.com/chart/domestic/item/029780/minute?startDateTime=202609301525&endDateTime=202609301545"",""rawHash"":""afb44b0ed3d28e13cc487cbb8e739ca21b16d2d0243fe3b0d5caa3e93d2f94f6"",""observedAt"":""2026-09-30T08:22:04Z"",""finalClose"":true}",1,2026-09-30T08:22:04Z,v1
score-fff26787a3eca918,score,2026-09-30,2026-09-30T08:22:04Z,,,"{""forecastId"":""2026-09-28-atlas11-27e1f65cfc167be9"",""inputSnapshotSHA256"":""de3c5b1e138a6dd629fe995931e95d1ebfde4edd2c126f5fa7457a8336832a24"",""collectionRecordId"":""collection-fd0e9b5e0961d8b1""}",2026-09-28-atlas11-27e1f65cfc167be9,atlas11-A-1,live,,2026-09-28T13:29:56.398Z,2026-09-28,39700,028300,HLB,bio,2026-09-30,2,true,"{""p05"":36277.45150323023,""p10"":37157.22069157773,""p25"":38288.68049857271,""p50"":39431.11603370734,""p75"":40681.55015720827,""p90"":42140.53031700567,""p95"":43173.227845035275}",41400,-1968.883966292662,4.755758372687589,2,false,-0.0067728958763895175,0.04282115869017633,down,up,false,37157.22069157773,42140.53031700567,true,12.552417192513715,4983.309625427944,0.12552417192513715,"{""up"":0.4286,""flat"":0.01775,""down"":0.55365}",0.6333413450000001,4,방향·크기 모두 틀림,false,"{""sourceUrl"":""https://api.stock.naver.com/chart/domestic/item/028300/minute?startDateTime=202609301525&endDateTime=202609301545"",""rawHash"":""ebbf83557e12b1cc19850640b761f1d1b9ac33efdc23a48eaed58df148f041fd"",""observedAt"":""2026-09-30T08:22:04Z"",""finalClose"":true}",1,2026-09-30T08:22:04Z,v1
score-0e79e0b6a0d42284,score,2026-09-30,2026-09-30T08:22:04Z,,,"{""forecastId"":""2026-09-28-atlas11-27e1f65cfc167be9"",""inputSnapshotSHA256"":""de3c5b1e138a6dd629fe995931e95d1ebfde4edd2c126f5fa7457a8336832a24"",""collectionRecordId"":""collection-fd0e9b5e0961d8b1""}",2026-09-28-atlas11-27e1f65cfc167be9,atlas11-A-1,live,,2026-09-28T13:29:56.398Z,2026-09-28,8450,034220,LG디스플레이,semi,2026-09-30,2,true,"{""p05"":8003.045136168215,""p10"":8111.7091990640065,""p25"":8271.82569470988,""p50"":8437.25573402751,""p75"":8607.930335305602,""p90"":8793.27611411888,""p95"":8941.722492324074}",8330,107.2557340275107,1.287583841866875,2,true,-0.001508197156507629,-0.014201183431952646,down,down,true,8111.7091990640065,8793.27611411888,true,8.065880651536968,681.5669150548738,0.08065880651536968,"{""up"":0.4658,""flat"":0.0283,""down"":0.5059}",0.46190533999999994,1,방향·크기 모두 맞음,true,"{""sourceUrl"":""https://api.stock.naver.com/chart/domestic/item/034220/minute?startDateTime=202609301525&endDateTime=202609301545"",""rawHash"":""6d590598bfed8c3b6bfb71648101ff3fd4e8e7230cb1fc2ca8b4cb9f1da386f8"",""observedAt"":""2026-09-30T08:22:04Z"",""finalClose"":true}",1,2026-09-30T08:22:04Z,v1
score-41f05dbae5b1b51a,score,2026-09-30,2026-09-30T08:22:04Z,,,"{""forecastId"":""2026-09-28-atlas11-27e1f65cfc167be9"",""inputSnapshotSHA256"":""de3c5b1e138a6dd629fe995931e95d1ebfde4edd2c126f5fa7457a8336832a24"",""collectionRecordId"":""collection-fd0e9b5e0961d8b1""}",2026-09-28-atlas11-27e1f65cfc167be9,atlas11-A-1,live,,2026-09-28T13:29:56.398Z,2026-09-28,480000,002380,KCC,chem,2026-09-30,2,true,"{""p05"":452076.0384265332,""p10"":459667.08626702963,""p25"":470009.8969844562,""p50"":479578.99423345807,""p75"":490135.757550881,""p90"":501682.9814721814,""p95"":509778.7270692106}",470500,9078.99423345807,1.9296480836255199,2,true,-0.0008770953469623421,-0.019791666666666652,down,down,true,459667.08626702963,501682.9814721814,true,8.753311501073282,42015.895205151755,0.08753311501073283,"{""up"":0.4752,""flat"":0.0264,""down"":0.4984}",0.4781145600000001,1,방향·크기 모두 맞음,true,"{""sourceUrl"":""https://api.stock.naver.com/chart/domestic/item/002380/minute?startDateTime=202609301525&endDateTime=202609301545"",""rawHash"":""61070edbc54794d4e820c0647707aa399316eb21a6c5100d131a66b958afb9eb"",""observedAt"":""2026-09-30T08:22:04Z"",""finalClose"":true}",1,2026-09-30T08:22:04Z,v1
score-d82f62afec0a4f81,score,2026-09-30,2026-09-30T08:22:04Z,,,"{""forecastId"":""2026-09-28-atlas11-27e1f65cfc167be9"",""inputSnapshotSHA256"":""de3c5b1e138a6dd629fe995931e95d1ebfde4edd2c126f5fa7457a8336832a24"",""collectionRecordId"":""collection-fd0e9b5e0961d8b1""}",2026-09-28-atlas11-27e1f65cfc167be9,atlas11-A-1,live,,2026-09-28T13:29:56.398Z,2026-09-28,35500,036460,한국가스공사,util,2026-09-30,2,true,"{""p05"":34067.89747738393,""p10"":34493.86000102045,""p25"":35007.15824460488,""p50"":35491.172372268,""p75"":35982.6822660303,""p90"":36494.440296584726,""p95"":36897.3046064883}",34800,691.1723722680035,1.9861275065172515,2,true,-0.00024866556991542943,-0.019718309859154903,down,down,true,34493.86000102045,36494.440296584726,true,5.635437452293724,2000.580295564272,0.05635437452293724,"{""up"":0.47405,""flat"":0.0405,""down"":0.48545}",0.4911253550000001,1,방향·크기 모두 맞음,true,"{""sourceUrl"":""https://api.stock.naver.com/chart/domestic/item/036460/minute?startDateTime=202609301525&endDateTime=202609301545"",""rawHash"":""58378581009cca95c0f09fc12225f0838356b3b67004002177bc7c2743cff5fc"",""observedAt"":""2026-09-30T08:22:04Z"",""finalClose"":true}",1,2026-09-30T08:22:04Z,v1
score-d117bf73f60463cf,score,2026-09-30,2026-09-30T08:22:04Z,,,"{""forecastId"":""2026-09-28-atlas11-27e1f65cfc167be9"",""inputSnapshotSHA256"":""de3c5b1e138a6dd629fe995931e95d1ebfde4edd2c126f5fa7457a8336832a24"",""collectionRecordId"":""collection-fd0e9b5e0961d8b1""}",2026-09-28-atlas11-27e1f65cfc167be9,atlas11-A-1,live,,2026-09-28T13:29:56.398Z,2026-09-28,343500,004170,신세계,cons,2026-09-30,2,true,"{""p05"":319349.1841345053,""p10"":325259.4975177048,""p25"":334377.5151297449,""p50"":343466.33175896027,""p75"":353605.6761176124,""p90"":365138.2087952186,""p95"":374510.67795182345}",336500,6966.331758960267,2.070232320641981,2,false,-0.00009801525775754438,-0.020378457059679778,down,down,true,325259.4975177048,365138.2087952186,true,11.609522933774038,39878.71127751382,0.11609522933774039,"{""up"":0.4896,""flat"":0.0195,""down"":0.4909}",0.49927121999999996,2,방향 맞고 크기 틀림,true,"{""sourceUrl"":""https://api.stock.naver.com/chart/domestic/item/004170/minute?startDateTime=202609301525&endDateTime=202609301545"",""rawHash"":""c838bca64b11d7d90b3531571d0c81932815232c19de9c055e91f73e6686b1c8"",""observedAt"":""2026-09-30T08:22:04Z"",""finalClose"":true}",1,2026-09-30T08:22:04Z,v1
score-6aa14db2fa586f3e,score,2026-09-30,2026-09-30T08:22:04Z,,,"{""forecastId"":""2026-09-28-atlas11-27e1f65cfc167be9"",""inputSnapshotSHA256"":""de3c5b1e138a6dd629fe995931e95d1ebfde4edd2c126f5fa7457a8336832a24"",""collectionRecordId"":""collection-fd0e9b5e0961d8b1""}",2026-09-28-atlas11-27e1f65cfc167be9,atlas11-A-1,live,,2026-09-28T13:29:56.398Z,2026-09-28,83300,012750,에스원,util,2026-09-30,2,true,"{""p05"":79254.13027866531,""p10"":80380.8025856661,""p25"":81877.99597142106,""p50"":83330.27403544463,""p75"":84791.93989599962,""p90"":86319.89525017745,""p95"":87388.5445760522}",82600,730.2740354446287,0.8841090017489452,2,true,0.0003634337988551728,-0.008403361344537785,up,down,false,80380.8025856661,86319.89525017745,true,7.129763102654682,5939.09266451135,0.07129763102654682,"{""up"":0.49125,""flat"":0.03185,""down"":0.4769}",0.5159745950000001,3,크기 허용·방향 틀림,true,"{""sourceUrl"":""https://api.stock.naver.com/chart/domestic/item/012750/minute?startDateTime=202609301525&endDateTime=202609301545"",""rawHash"":""59385b9949b2ea19ddc911e180be073c09b526329a4ae1c5fa3fc4133c0c4f60"",""observedAt"":""2026-09-30T08:22:04Z"",""finalClose"":true}",1,2026-09-30T08:22:04Z,v1
score-f3094d6db55876a5,score,2026-09-30,2026-09-30T08:22:04Z,,,"{""forecastId"":""2026-09-28-atlas11-27e1f65cfc167be9"",""inputSnapshotSHA256"":""de3c5b1e138a6dd629fe995931e95d1ebfde4edd2c126f5fa7457a8336832a24"",""collectionRecordId"":""collection-fd0e9b5e0961d8b1""}",2026-09-28-atlas11-27e1f65cfc167be9,atlas11-A-1,live,,2026-09-28T13:29:56.398Z,2026-09-28,71400,111770,영원무역,cons,2026-09-30,2,true,"{""p05"":67873.38962821303,""p10"":68765.14672083835,""p25"":70108.9983260754,""p50"":71366.58953821297,""p75"":72670.6246898713,""p90"":74030.75255635686,""p95"":75065.55409681308}",68800,2566.5895382129675,3.7305080497281504,2,false,-0.0004679336384738608,-0.036414565826330514,down,down,true,68765.14672083835,74030.75255635686,true,7.374798088961497,5265.605835518509,0.07374798088961497,"{""up"":0.4787,""flat"":0.0296,""down"":0.4917}",0.48839873999999994,2,방향 맞고 크기 틀림,true,"{""sourceUrl"":""https://api.stock.naver.com/chart/domestic/item/111770/minute?startDateTime=202609301525&endDateTime=202609301545"",""rawHash"":""d8e0a68771038df1a0d029692335392231208c28c61a57824be418e5429cb140"",""observedAt"":""2026-09-30T08:22:04Z"",""finalClose"":true}",1,2026-09-30T08:22:04Z,v1
score-d92e8d96b3a8550f,score,2026-09-30,2026-09-30T08:22:04Z,,,"{""forecastId"":""2026-09-28-atlas11-27e1f65cfc167be9"",""inputSnapshotSHA256"":""de3c5b1e138a6dd629fe995931e95d1ebfde4edd2c126f5fa7457a8336832a24"",""collectionRecordId"":""collection-fd0e9b5e0961d8b1""}",2026-09-28-atlas11-27e1f65cfc167be9,atlas11-A-1,live,,2026-09-28T13:29:56.398Z,2026-09-28,14450,035250,강원랜드,cons,2026-09-30,2,true,"{""p05"":14059.788859178701,""p10"":14167.563267841897,""p25"":14310.914558997327,""p50"":14457.650461244008,""p75"":14608.746400757878,""p90"":14763.044759339473,""p95"":14861.280609451549}",14260,197.6504612440076,1.3860481153156212,2,true,0.00052944368470631,-0.01314878892733562,up,down,false,14167.563267841897,14763.044759339473,true,4.12097917991402,595.4814914975759,0.0412097917991402,"{""up"":0.48635,""flat"":0.054,""down"":0.45965}",0.531430445,3,크기 허용·방향 틀림,true,"{""sourceUrl"":""https://api.stock.naver.com/chart/domestic/item/035250/minute?startDateTime=202609301525&endDateTime=202609301545"",""rawHash"":""7e46c0b1e724276d55f0221e1278bbe10a0e3853d26ad41c17bff062c5ca0bd4"",""observedAt"":""2026-09-30T08:22:04Z"",""finalClose"":true}",1,2026-09-30T08:22:04Z,v1
score-522c6873a9f5924c,score,2026-09-30,2026-09-30T08:22:04Z,,,"{""forecastId"":""2026-09-28-atlas11-27e1f65cfc167be9"",""inputSnapshotSHA256"":""de3c5b1e138a6dd629fe995931e95d1ebfde4edd2c126f5fa7457a8336832a24"",""collectionRecordId"":""collection-fd0e9b5e0961d8b1""}",2026-09-28-atlas11-27e1f65cfc167be9,atlas11-A-1,live,,2026-09-28T13:29:56.398Z,2026-09-28,38700,257720,실리콘투,cons,2026-09-30,2,true,"{""p05"":35548.48922622132,""p10"":36289.08488272851,""p25"":37305.70775232081,""p50"":38496.98110718079,""p75"":39768.739128028436,""p90"":41167.12760180808,""p95"":42123.028743162344}",38150,346.9811071807926,0.9095179742615795,2,true,-0.005245966222718557,-0.014211886304909549,down,down,true,36289.08488272851,41167.12760180808,true,12.604761548009236,4878.042719079574,0.12604761548009236,"{""up"":0.4488,""flat"":0.01675,""down"":0.53445}",0.41843880499999997,1,방향·크기 모두 맞음,false,"{""sourceUrl"":""https://api.stock.naver.com/chart/domestic/item/257720/minute?startDateTime=202609301525&endDateTime=202609301545"",""rawHash"":""191279d043a4f807d72e2869a239a17f217b66e6dfa72ad76515731d549afbde"",""observedAt"":""2026-09-30T08:22:04Z"",""finalClose"":true}",1,2026-09-30T08:22:04Z,v1
score-5360efde81ce8472,score,2026-09-30,2026-09-30T08:22:04Z,,,"{""forecastId"":""2026-09-28-atlas11-27e1f65cfc167be9"",""inputSnapshotSHA256"":""de3c5b1e138a6dd629fe995931e95d1ebfde4edd2c126f5fa7457a8336832a24"",""collectionRecordId"":""collection-fd0e9b5e0961d8b1""}",2026-09-28-atlas11-27e1f65cfc167be9,atlas11-A-1,live,,2026-09-28T13:29:56.398Z,2026-09-28,104400,226950,올릭스,bio,2026-09-30,2,true,"{""p05"":91550.62533932368,""p10"":94288.26743713682,""p25"":98780.04312527488,""p50"":103907.35030597282,""p75"":109741.15366770233,""p90"":116309.17691511831,""p95"":120973.82876895567}",102500,1407.3503059728246,1.3730246887539752,2,true,-0.004718866801026622,-0.01819923371647514,down,down,true,94288.26743713682,116309.17691511831,true,21.092825170480356,22020.90947798149,0.21092825170480356,"{""up"":0.4691,""flat"":0.01065,""down"":0.52025}",0.45032829500000005,1,방향·크기 모두 맞음,false,"{""sourceUrl"":""https://api.stock.naver.com/chart/domestic/item/226950/minute?startDateTime=202609301525&endDateTime=202609301545"",""rawHash"":""078fd6e084439ac1034092eb47ef731799f61e3040736a069f3c4d3352040bc8"",""observedAt"":""2026-09-30T08:22:04Z"",""finalClose"":true}",1,2026-09-30T08:22:04Z,v1
score-aac19df0b9574287,score,2026-09-30,2026-09-30T08:22:04Z,,,"{""forecastId"":""2026-09-28-atlas11-27e1f65cfc167be9"",""inputSnapshotSHA256"":""de3c5b1e138a6dd629fe995931e95d1ebfde4edd2c126f5fa7457a8336832a24"",""collectionRecordId"":""collection-fd0e9b5e0961d8b1""}",2026-09-28-atlas11-27e1f65cfc167be9,atlas11-A-1,live,,2026-09-28T13:29:56.398Z,2026-09-28,17280,010170,대한광통신,semi,2026-09-30,2,true,"{""p05"":15352.992695796409,""p10"":15791.359915024901,""p25"":16426.964812425787,""p50"":17115.26465320835,""p75"":18049.865569238405,""p90"":19179.521201854208,""p95"":20006.04436863228}",16680,435.26465320834905,2.609500318994898,2,false,-0.00953329553192428,-0.03472222222222221,down,down,true,15791.359915024901,19179.521201854208,true,19.607414854336266,3388.161286829307,0.19607414854336266,"{""up"":0.43905,""flat"":0.01115,""down"":0.5498}",0.395569265,2,방향 맞고 크기 틀림,false,"{""sourceUrl"":""https://api.stock.naver.com/chart/domestic/item/010170/minute?startDateTime=202609301525&endDateTime=202609301545"",""rawHash"":""ba671c0ae7671e1135c1945e010de9678e62470181de7d8830fbc58ba3c2a008"",""observedAt"":""2026-09-30T08:22:04Z"",""finalClose"":true}",1,2026-09-30T08:22:04Z,v1
score-dad690480ba1d35c,score,2026-09-30,2026-09-30T08:22:04Z,,,"{""forecastId"":""2026-09-28-atlas11-27e1f65cfc167be9"",""inputSnapshotSHA256"":""de3c5b1e138a6dd629fe995931e95d1ebfde4edd2c126f5fa7457a8336832a24"",""collectionRecordId"":""collection-fd0e9b5e0961d8b1""}",2026-09-28-atlas11-27e1f65cfc167be9,atlas11-A-1,live,,2026-09-28T13:29:56.398Z,2026-09-28,39700,214370,케어젠,bio,2026-09-30,2,true,"{""p05"":35909.01362452707,""p10"":36941.93603658196,""p25"":38251.3877921958,""p50"":39574.07784428178,""p75"":41062.31915340157,""p90"":42817.60636826758,""p95"":44174.19465034149}",40850,-1275.9221557182173,3.123432449738598,2,false,-0.003171842713305173,0.02896725440806036,down,up,false,36941.93603658196,42817.60636826758,true,14.800177157898291,5875.670331685622,0.14800177157898292,"{""up"":0.46685,""flat"":0.0148,""down"":0.51835}",0.553154685,4,방향·크기 모두 틀림,false,"{""sourceUrl"":""https://api.stock.naver.com/chart/domestic/item/214370/minute?startDateTime=202609301525&endDateTime=202609301545"",""rawHash"":""3a8caa702ae2b0178067860e32c6b50707568b3f33dbc2cbe1fe6576e3f36ffe"",""observedAt"":""2026-09-30T08:22:04Z"",""finalClose"":true}",1,2026-09-30T08:22:04Z,v1
score-ca21ec0fc8f6c347,score,2026-09-30,2026-09-30T08:22:04Z,,,"{""forecastId"":""2026-09-28-atlas11-27e1f65cfc167be9"",""inputSnapshotSHA256"":""de3c5b1e138a6dd629fe995931e95d1ebfde4edd2c126f5fa7457a8336832a24"",""collectionRecordId"":""collection-fd0e9b5e0961d8b1""}",2026-09-28-atlas11-27e1f65cfc167be9,atlas11-A-1,live,,2026-09-28T13:29:56.398Z,2026-09-28,17810,030000,제일기획,net,2026-09-30,2,true,"{""p05"":17211.899072382254,""p10"":17403.544422631923,""p25"":17623.471866796244,""p50"":17827.023360114807,""p75"":18029.145272049383,""p90"":18240.338832158664,""p95"":18409.359054872286}",18740,-912.9766398851934,4.871807043144042,2,false,0.0009558315617521629,0.05221785513756316,up,up,true,17403.544422631923,18240.338832158664,false,4.698452608235493,5833.406087940097,0.32753543447165057,"{""up"":0.49845,""flat"":0.05,""down"":0.45155}",0.45794980499999993,2,방향 맞고 크기 틀림,true,"{""sourceUrl"":""https://api.stock.naver.com/chart/domestic/item/030000/minute?startDateTime=202609301525&endDateTime=202609301545"",""rawHash"":""d561edf8a1c58916027395fad3cb5ae15e4c21e651f96e0f1ef7633019721bd3"",""observedAt"":""2026-09-30T08:22:04Z"",""finalClose"":true}",1,2026-09-30T08:22:04Z,v1
score-30c00cad5048d12f,score,2026-09-30,2026-09-30T08:22:04Z,,,"{""forecastId"":""2026-09-29-atlas11-128de9174cfdfa1f"",""inputSnapshotSHA256"":""de3c5b1e138a6dd629fe995931e95d1ebfde4edd2c126f5fa7457a8336832a24"",""collectionRecordId"":""collection-fd0e9b5e0961d8b1""}",2026-09-29-atlas11-128de9174cfdfa1f,atlas11-A-1,live,,2026-09-29T11:35:06Z,2026-09-29,272500,005930,삼성전자,semi,2026-09-30,1,true,"{""p05"":256744.66832075303,""p10"":261064.6980575543,""p25"":267057.67862217425,""p50"":272623.14399863686,""p75"":278934.6532536699,""p90"":287177.7945407104,""p95"":290018.85908563726}",268500,4123.143998636864,1.5356216009820722,1.5,false,0.00045190458215360607,-0.014678899082568808,up,down,false,261064.6980575543,287177.7945407104,true,9.582787700240765,26113.096483156085,0.09582787700240765,"{""up"":0.49205,""flat"":0.03815,""down"":0.4698}",0.524680665,4,방향·크기 모두 틀림,true,"{""sourceUrl"":""https://api.stock.naver.com/chart/domestic/item/005930/minute?startDateTime=202609301525&endDateTime=202609301545"",""rawHash"":""f4a12111715b59430baf1224b45a7dc22f64ced283cce0542d829d4d268b820f"",""observedAt"":""2026-09-30T08:22:04Z"",""finalClose"":true}",1,2026-09-30T08:22:04Z,v1
score-894510e13f7af8ee,score,2026-09-30,2026-09-30T08:22:04Z,,,"{""forecastId"":""2026-09-29-atlas11-128de9174cfdfa1f"",""inputSnapshotSHA256"":""de3c5b1e138a6dd629fe995931e95d1ebfde4edd2c126f5fa7457a8336832a24"",""collectionRecordId"":""collection-fd0e9b5e0961d8b1""}",2026-09-29-atlas11-128de9174cfdfa1f,atlas11-A-1,live,,2026-09-29T11:35:06Z,2026-09-29,1528000,009150,삼성전기,semi,2026-09-30,1,true,"{""p05"":1464279.1455121045,""p10"":1481408.2431728737,""p25"":1509472.622972493,""p50"":1534356.1019259347,""p75"":1562041.6888889843,""p90"":1600949.1844468485,""p95"":1628644.3718080462}",1513000,21356.101925934665,1.4115070671470367,1.5,true,0.004159752569328878,-0.00981675392670156,up,down,false,1481408.2431728737,1600949.1844468485,true,7.823360031019289,119540.94127397472,0.07823360031019289,"{""up"":0.558,""flat"":0.02535,""down"":0.41665}",0.6523038450000002,3,크기 허용·방향 틀림,false,"{""sourceUrl"":""https://api.stock.naver.com/chart/domestic/item/009150/minute?startDateTime=202609301525&endDateTime=202609301545"",""rawHash"":""089ec0c4e59e98ab4b8e83a7924cbdb0f0cc5b219e436cfa84e25fe336bf3259"",""observedAt"":""2026-09-30T08:22:04Z"",""finalClose"":true}",1,2026-09-30T08:22:04Z,v1
score-b9fc219c1b35efb5,score,2026-09-30,2026-09-30T08:22:04Z,,,"{""forecastId"":""2026-09-29-atlas11-128de9174cfdfa1f"",""inputSnapshotSHA256"":""de3c5b1e138a6dd629fe995931e95d1ebfde4edd2c126f5fa7457a8336832a24"",""collectionRecordId"":""collection-fd0e9b5e0961d8b1""}",2026-09-29-atlas11-128de9174cfdfa1f,atlas11-A-1,live,,2026-09-29T11:35:06Z,2026-09-29,352500,373220,LG에너지솔루션,chem,2026-09-30,1,true,"{""p05"":335127.6759419124,""p10"":339321.54357362154,""p25"":345637.5925888318,""p50"":352391.69778129895,""p75"":358482.01202999207,""p90"":366426.9737435216,""p95"":371338.42815582827}",357000,-4608.30221870105,1.2908409576193418,1.5,true,-0.0003072403367405663,0.012765957446808418,down,up,false,339321.54357362154,366426.9737435216,true,7.689483736141862,27105.430169900064,0.07689483736141862,"{""up"":0.47695,""flat"":0.0288,""down"":0.49425}",0.5186938050000001,3,크기 허용·방향 틀림,true,"{""sourceUrl"":""https://api.stock.naver.com/chart/domestic/item/373220/minute?startDateTime=202609301525&endDateTime=202609301545"",""rawHash"":""e38d593b218199d50c04e007b8e9ac2f7a80de5f550a0f56fb6da5b089ea5755"",""observedAt"":""2026-09-30T08:22:04Z"",""finalClose"":true}",1,2026-09-30T08:22:04Z,v1
score-e936730ec7c80254,score,2026-09-30,2026-09-30T08:22:04Z,,,"{""forecastId"":""2026-09-29-atlas11-128de9174cfdfa1f"",""inputSnapshotSHA256"":""de3c5b1e138a6dd629fe995931e95d1ebfde4edd2c126f5fa7457a8336832a24"",""collectionRecordId"":""collection-fd0e9b5e0961d8b1""}",2026-09-29-atlas11-128de9174cfdfa1f,atlas11-A-1,live,,2026-09-29T11:35:06Z,2026-09-29,350000,005380,현대차,auto,2026-09-30,1,true,"{""p05"":337949.6691512843,""p10"":340967.9653023607,""p25"":345271.863269661,""p50"":349672.18731808965,""p75"":354006.51863387955,""p90"":359955.2578466451,""p95"":366002.23251720064}",345000,4672.187318089651,1.354257193649174,1.5,true,-0.0009366076626009523,-0.014285714285714235,down,down,true,340967.9653023607,359955.2578466451,true,5.424940726938391,18987.29254428437,0.05424940726938391,"{""up"":0.44005,""flat"":0.0694,""down"":0.49055}",0.45799966499999994,1,방향·크기 모두 맞음,false,"{""sourceUrl"":""https://api.stock.naver.com/chart/domestic/item/005380/minute?startDateTime=202609301525&endDateTime=202609301545"",""rawHash"":""f5c7331f6826f368a29c3edc427824145984185e9949ee1f75155d66f97b6363"",""observedAt"":""2026-09-30T08:22:04Z"",""finalClose"":true}",1,2026-09-30T08:22:04Z,v1
score-67bed5ff60def5b2,score,2026-09-30,2026-09-30T08:22:04Z,,,"{""forecastId"":""2026-09-29-atlas11-128de9174cfdfa1f"",""inputSnapshotSHA256"":""de3c5b1e138a6dd629fe995931e95d1ebfde4edd2c126f5fa7457a8336832a24"",""collectionRecordId"":""collection-fd0e9b5e0961d8b1""}",2026-09-29-atlas11-128de9174cfdfa1f,atlas11-A-1,live,,2026-09-29T11:35:06Z,2026-09-29,1385000,207940,삼성바이오로직스,bio,2026-09-30,1,true,"{""p05"":1343414.739699933,""p10"":1354166.8377542424,""p25"":1370162.2602984468,""p50"":1384983.716112883,""p75"":1399199.8596606515,""p90"":1418158.8128311276,""p95"":1432386.4778215042}",1391000,-6016.283887116937,0.4325150170465088,1.5,true,-0.000011757319217986506,0.0043321299638989785,down,up,false,1354166.8377542424,1418158.8128311276,true,4.620359211327451,63991.975076885195,0.04620359211327451,"{""up"":0.45915,""flat"":0.0742,""down"":0.46665}",0.5157865850000001,3,크기 허용·방향 틀림,true,"{""sourceUrl"":""https://api.stock.naver.com/chart/domestic/item/207940/minute?startDateTime=202609301525&endDateTime=202609301545"",""rawHash"":""dac02dd2da930150c6b72ec83998c734ce586e4821d7562d2b229b34efb9933c"",""observedAt"":""2026-09-30T08:22:04Z"",""finalClose"":true}",1,2026-09-30T08:22:04Z,v1
score-4974e7b7317997a6,score,2026-09-30,2026-09-30T08:22:04Z,,,"{""forecastId"":""2026-09-29-atlas11-128de9174cfdfa1f"",""inputSnapshotSHA256"":""de3c5b1e138a6dd629fe995931e95d1ebfde4edd2c126f5fa7457a8336832a24"",""collectionRecordId"":""collection-fd0e9b5e0961d8b1""}",2026-09-29-atlas11-128de9174cfdfa1f,atlas11-A-1,live,,2026-09-29T11:35:06Z,2026-09-29,173500,105560,KB금융,fin,2026-09-30,1,true,"{""p05"":168082.26640574745,""p10"":169942.18981570224,""p25"":171798.50415086013,""p50"":173659.70016030595,""p75"":175516.52565764557,""p90"":177902.00533441885,""p95"":178898.2301263475}",168800,4859.700160305947,2.878969289280774,1.5,false,0.00092046201905438,-0.02708933717579254,up,down,false,169942.18981570224,177902.00533441885,false,4.587789924332341,19381.71367573898,0.11171016527803447,"{""up"":0.49925,""flat"":0.05775,""down"":0.443}",0.562834625,4,방향·크기 모두 틀림,false,"{""sourceUrl"":""https://api.stock.naver.com/chart/domestic/item/105560/minute?startDateTime=202609301525&endDateTime=202609301545"",""rawHash"":""2c1a8a37d2d06dee0c55eef4d03c4d1bbf198a3662cc7b1328f72850064796d4"",""observedAt"":""2026-09-30T08:22:04Z"",""finalClose"":true}",1,2026-09-30T08:22:04Z,v1
score-79c147e81628b29a,score,2026-09-30,2026-09-30T08:22:04Z,,,"{""forecastId"":""2026-09-29-atlas11-128de9174cfdfa1f"",""inputSnapshotSHA256"":""de3c5b1e138a6dd629fe995931e95d1ebfde4edd2c126f5fa7457a8336832a24"",""collectionRecordId"":""collection-fd0e9b5e0961d8b1""}",2026-09-29-atlas11-128de9174cfdfa1f,atlas11-A-1,live,,2026-09-29T11:35:06Z,2026-09-29,345000,028260,삼성물산,util,2026-09-30,1,true,"{""p05"":328978.7141961312,""p10"":333353.0309735683,""p25"":338996.69670630974,""p50"":344504.3310486898,""p75"":350453.7917002811,""p90"":356398.86494821147,""p95"":362502.9759393608}",341500,3004.3310486897826,0.8797455486646508,1.5,true,-0.0014367215980006787,-0.010144927536231862,down,down,true,333353.0309735683,356398.86494821147,true,6.6799518767081585,23045.833974643145,0.06679951876708158,"{""up"":0.44805,""flat"":0.0432,""down"":0.50875}",0.4439416049999999,1,방향·크기 모두 맞음,false,"{""sourceUrl"":""https://api.stock.naver.com/chart/domestic/item/028260/minute?startDateTime=202609301525&endDateTime=202609301545"",""rawHash"":""adbe43348015419d4233fd1808231f136e855fb5f46e5bb380e21c1d673e2342"",""observedAt"":""2026-09-30T08:22:04Z"",""finalClose"":true}",1,2026-09-30T08:22:04Z,v1
score-f24e7da96c4fc6d3,score,2026-09-30,2026-09-30T08:22:04Z,,,"{""forecastId"":""2026-09-29-atlas11-128de9174cfdfa1f"",""inputSnapshotSHA256"":""de3c5b1e138a6dd629fe995931e95d1ebfde4edd2c126f5fa7457a8336832a24"",""collectionRecordId"":""collection-fd0e9b5e0961d8b1""}",2026-09-29-atlas11-128de9174cfdfa1f,atlas11-A-1,live,,2026-09-29T11:35:06Z,2026-09-29,290500,032830,삼성생명보험,fin,2026-09-30,1,true,"{""p05"":279989.96215425705,""p10"":282403.71080831945,""p25"":286352.0938757789,""p50"":290490.6346050697,""p75"":294670.39799418184,""p90"":299736.7790773226,""p95"":304505.5258043204}",282000,8490.634605069703,3.0108633351311003,1.5,false,-0.0000322388809993468,-0.029259896729776247,up,down,false,282403.71080831945,299736.7790773226,false,5.966632794837564,21370.176352197595,0.07356342978381272,"{""up"":0.48025,""flat"":0.0459,""down"":0.47385}",0.509580695,4,방향·크기 모두 틀림,true,"{""sourceUrl"":""https://api.stock.naver.com/chart/domestic/item/032830/minute?startDateTime=202609301525&endDateTime=202609301545"",""rawHash"":""02ff2bc454e31f4184a4ce31de01aa1f4337a65a156a6fe2b17590aa22d633b5"",""observedAt"":""2026-09-30T08:22:04Z"",""finalClose"":true}",1,2026-09-30T08:22:04Z,v1
score-a5d0aef79558ea46,score,2026-09-30,2026-09-30T08:22:04Z,,,"{""forecastId"":""2026-09-29-atlas11-128de9174cfdfa1f"",""inputSnapshotSHA256"":""de3c5b1e138a6dd629fe995931e95d1ebfde4edd2c126f5fa7457a8336832a24"",""collectionRecordId"":""collection-fd0e9b5e0961d8b1""}",2026-09-29-atlas11-128de9174cfdfa1f,atlas11-A-1,live,,2026-09-29T11:35:06Z,2026-09-29,1012000,012450,한화에어로스페이스,heavy,2026-09-30,1,true,"{""p05"":949074.8309748617,""p10"":963680.9712153364,""p25"":989775.1576107751,""p50"":1009510.3565839188,""p75"":1033649.0527613333,""p90"":1062986.6109772094,""p95"":1080764.8934056186}",1007000,2510.356583918794,0.2492906240237134,1.5,true,-0.002460121952649441,-0.004940711462450564,down,down,true,963680.9712153364,1062986.6109772094,true,9.812810253149513,99305.63976187306,0.09812810253149512,"{""up"":0.4477,""flat"":0.0185,""down"":0.5338}",0.41811997999999995,1,방향·크기 모두 맞음,false,"{""sourceUrl"":""https://api.stock.naver.com/chart/domestic/item/012450/minute?startDateTime=202609301525&endDateTime=202609301545"",""rawHash"":""217f47f5c6bf11c287f34b3c35a6a52a7b9c8ef6e058ec5897e828c39715911f"",""observedAt"":""2026-09-30T08:22:04Z"",""finalClose"":true}",1,2026-09-30T08:22:04Z,v1
score-5e5eddd22bf083cd,score,2026-09-30,2026-09-30T08:22:04Z,,,"{""forecastId"":""2026-09-29-atlas11-128de9174cfdfa1f"",""inputSnapshotSHA256"":""de3c5b1e138a6dd629fe995931e95d1ebfde4edd2c126f5fa7457a8336832a24"",""collectionRecordId"":""collection-fd0e9b5e0961d8b1""}",2026-09-29-atlas11-128de9174cfdfa1f,atlas11-A-1,live,,2026-09-29T11:35:06Z,2026-09-29,79700,034020,두산에너빌리티,heavy,2026-09-30,1,true,"{""p05"":74847.1649659506,""p10"":76165.01226995802,""p25"":77885.05848831247,""p50"":79467.6843345475,""p75"":81453.34820589509,""p90"":84003.7116060076,""p95"":85097.512545876}",81600,-2132.3156654524937,2.613131942956487,1.5,false,-0.002914876605426553,0.023839397741530766,down,up,false,76165.01226995802,84003.7116060076,true,9.83525638149256,7838.699336049569,0.09835256381492559,"{""up"":0.44615,""flat"":0.0322,""down"":0.52165}",0.5799053849999999,4,방향·크기 모두 틀림,false,"{""sourceUrl"":""https://api.stock.naver.com/chart/domestic/item/034020/minute?startDateTime=202609301525&endDateTime=202609301545"",""rawHash"":""3396bb96c3e8e65d2d3a4bcdbd029b488ffcee55b36d35f9ab525478e96eeaec"",""observedAt"":""2026-09-30T08:22:04Z"",""finalClose"":true}",1,2026-09-30T08:22:04Z,v1
score-b558eae2ef04b2de,score,2026-09-30,2026-09-30T08:22:04Z,,,"{""forecastId"":""2026-09-29-atlas11-128de9174cfdfa1f"",""inputSnapshotSHA256"":""de3c5b1e138a6dd629fe995931e95d1ebfde4edd2c126f5fa7457a8336832a24"",""collectionRecordId"":""collection-fd0e9b5e0961d8b1""}",2026-09-29-atlas11-128de9174cfdfa1f,atlas11-A-1,live,,2026-09-29T11:35:06Z,2026-09-29,429000,329180,HD현대중공업,heavy,2026-09-30,1,true,"{""p05"":408755.60137366364,""p10"":414578.7547403019,""p25"":423064.5862864103,""p50"":431583.552012729,""p75"":440283.49782076746,""p90"":451254.7458368625,""p95"":456638.64329834713}",433500,-1916.4479872710072,0.4420871942955034,1.5,true,0.006022265763937051,0.010489510489510412,up,up,true,414578.7547403019,451254.7458368625,true,8.54918207379034,36675.99109656055,0.08549182073790339,"{""up"":0.57985,""flat"":0.02425,""down"":0.3959}",0.333850895,1,방향·크기 모두 맞음,false,"{""sourceUrl"":""https://api.stock.naver.com/chart/domestic/item/329180/minute?startDateTime=202609301525&endDateTime=202609301545"",""rawHash"":""7b3b9019fbaed79e5d73f74fc1107d037a7760565b5198cc8a2a265485bede04"",""observedAt"":""2026-09-30T08:22:04Z"",""finalClose"":true}",1,2026-09-30T08:22:04Z,v1
score-e377698c774a3b1e,score,2026-09-30,2026-09-30T08:22:04Z,,,"{""forecastId"":""2026-09-29-atlas11-128de9174cfdfa1f"",""inputSnapshotSHA256"":""de3c5b1e138a6dd629fe995931e95d1ebfde4edd2c126f5fa7457a8336832a24"",""collectionRecordId"":""collection-fd0e9b5e0961d8b1""}",2026-09-29-atlas11-128de9174cfdfa1f,atlas11-A-1,live,,2026-09-29T11:35:06Z,2026-09-29,586000,034730,SK,util,2026-09-30,1,true,"{""p05"":549952.3270029211,""p10"":559022.0571262521,""p25"":572729.9231748148,""p50"":584888.8017388574,""p75"":597480.1007170442,""p90"":612035.9373981728,""p95"":624538.1645625313}",588000,-3111.198261142592,0.5291153505344544,1.5,true,-0.0018962427664549475,0.0034129692832765013,down,up,false,559022.0571262521,612035.9373981728,true,9.046737247768037,53013.8802719207,0.09046737247768037,"{""up"":0.4624,""flat"":0.0276,""down"":0.51}",0.5498755200000001,3,크기 허용·방향 틀림,true,"{""sourceUrl"":""https://api.stock.naver.com/chart/domestic/item/034730/minute?startDateTime=202609301525&endDateTime=202609301545"",""rawHash"":""f61397aaa9d15eb0ad7eb522fdd899174dfe4636e48e631fbdbe31ade58cb439"",""observedAt"":""2026-09-30T08:22:04Z"",""finalClose"":true}",1,2026-09-30T08:22:04Z,v1
score-843faffee7ff98a4,score,2026-09-30,2026-09-30T08:22:04Z,,,"{""forecastId"":""2026-09-29-atlas11-128de9174cfdfa1f"",""inputSnapshotSHA256"":""de3c5b1e138a6dd629fe995931e95d1ebfde4edd2c126f5fa7457a8336832a24"",""collectionRecordId"":""collection-fd0e9b5e0961d8b1""}",2026-09-29-atlas11-128de9174cfdfa1f,atlas11-A-1,live,,2026-09-29T11:35:06Z,2026-09-29,367000,012330,현대모비스,auto,2026-09-30,1,true,"{""p05"":353230.7420821444,""p10"":356477.2555719412,""p25"":361152.57314239634,""p50"":366426.115700325,""p75"":371501.76488873153,""p90"":379044.62277528056,""p95"":384016.50293169386}",367000,-573.8842996750027,0.1563717437806547,1.5,true,-0.0015637174378065888,0,down,flat,false,356477.2555719412,379044.62277528056,true,6.149146376931704,22567.367203339352,0.06149146376931704,"{""up"":0.43185,""flat"":0.03915,""down"":0.529}",1.389568145,3,크기 허용·방향 틀림,false,"{""sourceUrl"":""https://api.stock.naver.com/chart/domestic/item/012330/minute?startDateTime=202609301525&endDateTime=202609301545"",""rawHash"":""afc7a51a04acd688e344e34f552fefdd5995bbe465dd48b5cc71958ed7c238dc"",""observedAt"":""2026-09-30T08:22:04Z"",""finalClose"":true}",1,2026-09-30T08:22:04Z,v1
score-fa30e943894f6156,score,2026-09-30,2026-09-30T08:22:04Z,,,"{""forecastId"":""2026-09-29-atlas11-128de9174cfdfa1f"",""inputSnapshotSHA256"":""de3c5b1e138a6dd629fe995931e95d1ebfde4edd2c126f5fa7457a8336832a24"",""collectionRecordId"":""collection-fd0e9b5e0961d8b1""}",2026-09-29-atlas11-128de9174cfdfa1f,atlas11-A-1,live,,2026-09-29T11:35:06Z,2026-09-29,213500,066570,LG전자,semi,2026-09-30,1,true,"{""p05"":203385.48829036235,""p10"":206465.46811966912,""p25"":209505.88048200717,""p50"":213110.42071223698,""p75"":216667.67331665804,""p90"":220834.50140137284,""p95"":224673.8044647651}",212500,610.4207122369844,0.28725680575858087,1.5,true,-0.0018247273431523103,-0.004683840749414525,down,down,true,206465.46811966912,220834.50140137284,true,6.73022636145373,14369.033281703712,0.0673022636145373,"{""up"":0.45945,""flat"":0.03815,""down"":0.5024}",0.46015548500000003,1,방향·크기 모두 맞음,true,"{""sourceUrl"":""https://api.stock.naver.com/chart/domestic/item/066570/minute?startDateTime=202609301525&endDateTime=202609301545"",""rawHash"":""15e67e254bd4c4c32a6179cab42e4c0b11f19a0341144a57b8be87566e56656e"",""observedAt"":""2026-09-30T08:22:04Z"",""finalClose"":true}",1,2026-09-30T08:22:04Z,v1
score-677a2a39599f4fda,score,2026-09-30,2026-09-30T08:22:04Z,,,"{""forecastId"":""2026-09-29-atlas11-128de9174cfdfa1f"",""inputSnapshotSHA256"":""de3c5b1e138a6dd629fe995931e95d1ebfde4edd2c126f5fa7457a8336832a24"",""collectionRecordId"":""collection-fd0e9b5e0961d8b1""}",2026-09-29-atlas11-128de9174cfdfa1f,atlas11-A-1,live,,2026-09-29T11:35:06Z,2026-09-29,194800,035420,NAVER,net,2026-09-30,1,true,"{""p05"":187296.38819030457,""p10"":189585.69029409878,""p25"":191938.42806261207,""p50"":194697.49344064537,""p75"":196861.36952855194,""p90"":200966.31067024532,""p95"":202442.71036590333}",193700,997.4934406453685,0.5149682192283782,1.5,true,-0.000526214370403677,-0.0056468172484599455,down,down,true,189585.69029409878,200966.31067024532,true,5.842207585290834,11380.620376146544,0.05842207585290834,"{""up"":0.46675,""flat"":0.0387,""down"":0.49455}",0.47483295499999995,1,방향·크기 모두 맞음,true,"{""sourceUrl"":""https://api.stock.naver.com/chart/domestic/item/035420/minute?startDateTime=202609301525&endDateTime=202609301545"",""rawHash"":""80e73d1ddd0123b0b2133e642ca9dff80e8683cca7dbce3ae3e71c68cf690670"",""observedAt"":""2026-09-30T08:22:04Z"",""finalClose"":true}",1,2026-09-30T08:22:04Z,v1
score-bb3d42c865f193a4,score,2026-09-30,2026-09-30T08:22:04Z,,,"{""forecastId"":""2026-09-29-atlas11-128de9174cfdfa1f"",""inputSnapshotSHA256"":""de3c5b1e138a6dd629fe995931e95d1ebfde4edd2c126f5fa7457a8336832a24"",""collectionRecordId"":""collection-fd0e9b5e0961d8b1""}",2026-09-29-atlas11-128de9174cfdfa1f,atlas11-A-1,live,,2026-09-29T11:35:06Z,2026-09-29,205000,010120,LS ELECTRIC,heavy,2026-09-30,1,true,"{""p05"":192737.92513301212,""p10"":196146.55219620978,""p25"":199913.62637266453,""p50"":204322.0588386472,""p75"":209077.09146748885,""p90"":215612.7938853695,""p95"":220451.7520863733}",205000,-677.9411613527918,0.33070300553794724,1.5,true,-0.0033070300553794674,0,down,flat,false,196146.55219620978,215612.7938853695,true,9.495727653248638,19466.24168915971,0.09495727653248638,"{""up"":0.4381,""flat"":0.03555,""down"":0.52635}",1.3991397349999999,3,크기 허용·방향 틀림,false,"{""sourceUrl"":""https://api.stock.naver.com/chart/domestic/item/010120/minute?startDateTime=202609301525&endDateTime=202609301545"",""rawHash"":""356f830db23568e2ccc21f37f55da1ce664e54698600737286322ede138b0afc"",""observedAt"":""2026-09-30T08:22:04Z"",""finalClose"":true}",1,2026-09-30T08:22:04Z,v1
score-fc78ea9a5bc331c2,score,2026-09-30,2026-09-30T08:22:04Z,,,"{""forecastId"":""2026-09-29-atlas11-128de9174cfdfa1f"",""inputSnapshotSHA256"":""de3c5b1e138a6dd629fe995931e95d1ebfde4edd2c126f5fa7457a8336832a24"",""collectionRecordId"":""collection-fd0e9b5e0961d8b1""}",2026-09-29-atlas11-128de9174cfdfa1f,atlas11-A-1,live,,2026-09-29T11:35:06Z,2026-09-29,653000,000810,삼성화재,fin,2026-09-30,1,true,"{""p05"":629302.9034379447,""p10"":635557.6819197995,""p25"":643878.9122211803,""p50"":651835.7733588039,""p75"":659574.7473747064,""p90"":670355.3147276152,""p95"":680988.9016383307}",633000,18835.77335880394,2.975635601706784,1.5,false,-0.0017828891901930932,-0.030627871362940318,down,down,true,635557.6819197995,670355.3147276152,false,5.328887106863045,60374.452005811036,0.0924570474820996,"{""up"":0.43965,""flat"":0.0426,""down"":0.51775}",0.42767194499999994,2,방향 맞고 크기 틀림,false,"{""sourceUrl"":""https://api.stock.naver.com/chart/domestic/item/000810/minute?startDateTime=202609301525&endDateTime=202609301545"",""rawHash"":""0f82df4fd1ad35a8649746a8318889cb5ed6966187df06fa924e95f56eacf444"",""observedAt"":""2026-09-30T08:22:04Z"",""finalClose"":true}",1,2026-09-30T08:22:04Z,v1
score-ec47bec351568e71,score,2026-09-30,2026-09-30T08:22:04Z,,,"{""forecastId"":""2026-09-29-atlas11-128de9174cfdfa1f"",""inputSnapshotSHA256"":""de3c5b1e138a6dd629fe995931e95d1ebfde4edd2c126f5fa7457a8336832a24"",""collectionRecordId"":""collection-fd0e9b5e0961d8b1""}",2026-09-29-atlas11-128de9174cfdfa1f,atlas11-A-1,live,,2026-09-29T11:35:06Z,2026-09-29,304000,005490,POSCO홀딩스,chem,2026-09-30,1,true,"{""p05"":291706.3669161028,""p10"":295262.4126291672,""p25"":299236.1759905554,""p50"":303475.3458801606,""p75"":308144.49313480395,""p90"":315038.532374421,""p95"":318470.6640592837}",306000,-2524.654119839426,0.8250503659605968,1.5,true,-0.0017258359205244433,0.006578947368421018,down,up,false,295262.4126291672,315038.532374421,true,6.505302547780861,19776.119745253818,0.06505302547780861,"{""up"":0.4601,""flat"":0.0192,""down"":0.5207}",0.56298914,3,크기 허용·방향 틀림,false,"{""sourceUrl"":""https://api.stock.naver.com/chart/domestic/item/005490/minute?startDateTime=202609301525&endDateTime=202609301545"",""rawHash"":""e654ad42330e6dcc95118b005aff9b03e79614f52b05c48d56aaba684f3094d4"",""observedAt"":""2026-09-30T08:22:04Z"",""finalClose"":true}",1,2026-09-30T08:22:04Z,v1
score-539c951cf3ae1995,score,2026-09-30,2026-09-30T08:22:04Z,,,"{""forecastId"":""2026-09-29-atlas11-128de9174cfdfa1f"",""inputSnapshotSHA256"":""de3c5b1e138a6dd629fe995931e95d1ebfde4edd2c126f5fa7457a8336832a24"",""collectionRecordId"":""collection-fd0e9b5e0961d8b1""}",2026-09-29-atlas11-128de9174cfdfa1f,atlas11-A-1,live,,2026-09-29T11:35:06Z,2026-09-29,1064000,010130,고려아연,chem,2026-09-30,1,true,"{""p05"":1008792.2133161122,""p10"":1021436.1661040375,""p25"":1040994.7112832451,""p50"":1060953.3433635081,""p75"":1078967.6266659428,""p90"":1116711.5645227798,""p95"":1139964.656347644}",1070000,-9046.656636491884,0.8454819286441012,1.5,true,-0.0028633990944472165,0.005639097744360999,down,up,false,1021436.1661040375,1116711.5645227798,true,8.954454738603593,95275.39841874223,0.08954454738603593,"{""up"":0.40635,""flat"":0.05045,""down"":0.5432}",0.650031765,3,크기 허용·방향 틀림,false,"{""sourceUrl"":""https://api.stock.naver.com/chart/domestic/item/010130/minute?startDateTime=202609301525&endDateTime=202609301545"",""rawHash"":""8a66d5ff5eb6bdcdc61e2ae57be41a9fceb7c4ea9f4fa9cadebcb80a95214d89"",""observedAt"":""2026-09-30T08:22:04Z"",""finalClose"":true}",1,2026-09-30T08:22:04Z,v1
score-116e63e7d299bf8e,score,2026-09-30,2026-09-30T08:22:04Z,,,"{""forecastId"":""2026-09-29-atlas11-128de9174cfdfa1f"",""inputSnapshotSHA256"":""de3c5b1e138a6dd629fe995931e95d1ebfde4edd2c126f5fa7457a8336832a24"",""collectionRecordId"":""collection-fd0e9b5e0961d8b1""}",2026-09-29-atlas11-128de9174cfdfa1f,atlas11-A-1,live,,2026-09-29T11:35:06Z,2026-09-29,132700,138040,메리츠금융지주,fin,2026-09-30,1,true,"{""p05"":128065.97082140474,""p10"":129281.31892019347,""p25"":130870.90152684246,""p50"":132301.79311361548,""p75"":134153.0824222399,""p90"":136472.20452240718,""p95"":138169.89695157157}",126300,6001.79311361548,4.752013549972668,1.5,false,-0.0030008054738848156,-0.04822908816880178,down,down,true,129281.31892019347,136472.20452240718,false,5.418903995639566,37004.07480414843,0.2788551228647207,"{""up"":0.4065,""flat"":0.0555,""down"":0.538}",0.38176649999999995,2,방향 맞고 크기 틀림,false,"{""sourceUrl"":""https://api.stock.naver.com/chart/domestic/item/138040/minute?startDateTime=202609301525&endDateTime=202609301545"",""rawHash"":""74913e22c2dbf6a21c77538fa8cc2418f490d19fd46305d355cb56ee632e45c3"",""observedAt"":""2026-09-30T08:22:04Z"",""finalClose"":true}",1,2026-09-30T08:22:04Z,v1
score-b251a94b09d3f24f,score,2026-09-30,2026-09-30T08:22:04Z,,,"{""forecastId"":""2026-09-29-atlas11-128de9174cfdfa1f"",""inputSnapshotSHA256"":""de3c5b1e138a6dd629fe995931e95d1ebfde4edd2c126f5fa7457a8336832a24"",""collectionRecordId"":""collection-fd0e9b5e0961d8b1""}",2026-09-29-atlas11-128de9174cfdfa1f,atlas11-A-1,live,,2026-09-29T11:35:06Z,2026-09-29,30100,015760,한국전력,util,2026-09-30,1,true,"{""p05"":28951.255795862275,""p10"":29307.55714527893,""p25"":29708.47649796247,""p50"":30076.9439734117,""p75"":30493.537131837016,""p90"":30923.2136092653,""p95"":31251.570309661747}",29950,126.94397341170043,0.4238529997051767,1.5,true,-0.0007659809497774228,-0.004983388704318914,down,down,true,29307.55714527893,30923.2136092653,true,5.367629448459707,1615.6564639863718,0.05367629448459707,"{""up"":0.45455,""flat"":0.07095,""down"":0.4745}",0.4877998550000001,1,방향·크기 모두 맞음,true,"{""sourceUrl"":""https://api.stock.naver.com/chart/domestic/item/015760/minute?startDateTime=202609301525&endDateTime=202609301545"",""rawHash"":""2669e05f678ffcc3f49a081222368052b1033333af4015ceecbe737c4392156b"",""observedAt"":""2026-09-30T08:22:04Z"",""finalClose"":true}",1,2026-09-30T08:22:04Z,v1
score-5aee507a5b3860d7,score,2026-09-30,2026-09-30T08:22:04Z,,,"{""forecastId"":""2026-09-29-atlas11-128de9174cfdfa1f"",""inputSnapshotSHA256"":""de3c5b1e138a6dd629fe995931e95d1ebfde4edd2c126f5fa7457a8336832a24"",""collectionRecordId"":""collection-fd0e9b5e0961d8b1""}",2026-09-29-atlas11-128de9174cfdfa1f,atlas11-A-1,live,,2026-09-29T11:35:06Z,2026-09-29,21000,011200,HMM,auto,2026-09-30,1,true,"{""p05"":20334.397460719472,""p10"":20496.164864718987,""p25"":20753.6754290324,""p50"":20992.688730756887,""p75"":21231.75898730614,""p90"":21516.810846149172,""p95"":21779.312983279196}",20850,142.6887307568868,0.6843584208963396,1.5,true,-0.00034815567824353355,-0.0071428571428571175,down,down,true,20496.164864718987,21516.810846149172,true,4.860218959191358,1020.6459814301852,0.04860218959191358,"{""up"":0.44675,""flat"":0.06675,""down"":0.4865}",0.46772337500000005,1,방향·크기 모두 맞음,true,"{""sourceUrl"":""https://api.stock.naver.com/chart/domestic/item/011200/minute?startDateTime=202609301525&endDateTime=202609301545"",""rawHash"":""7a8d63c0900b5759008f7f0c600e54ea98aee31f4748d6695bc2d1a828b24048"",""observedAt"":""2026-09-30T08:22:04Z"",""finalClose"":true}",1,2026-09-30T08:22:04Z,v1
score-64c8c8f74535ef71,score,2026-09-30,2026-09-30T08:22:04Z,,,"{""forecastId"":""2026-09-29-atlas11-128de9174cfdfa1f"",""inputSnapshotSHA256"":""de3c5b1e138a6dd629fe995931e95d1ebfde4edd2c126f5fa7457a8336832a24"",""collectionRecordId"":""collection-fd0e9b5e0961d8b1""}",2026-09-29-atlas11-128de9174cfdfa1f,atlas11-A-1,live,,2026-09-29T11:35:06Z,2026-09-29,250000,051910,LG화학,chem,2026-09-30,1,true,"{""p05"":236764.3658178352,""p10"":240104.18515226446,""p25"":245529.63916638758,""p50"":249853.9704879839,""p75"":254344.3873048411,""p90"":261372.48555779012,""p95"":265614.96072257514}",251000,-1146.0295120161027,0.4565854629546226,1.5,true,-0.0005841180480644637,0.0040000000000000036,down,up,false,240104.18515226446,261372.48555779012,true,8.507320162210265,21268.30040552566,0.08507320162210265,"{""up"":0.48195,""flat"":0.0239,""down"":0.49415}",0.513131235,3,크기 허용·방향 틀림,true,"{""sourceUrl"":""https://api.stock.naver.com/chart/domestic/item/051910/minute?startDateTime=202609301525&endDateTime=202609301545"",""rawHash"":""c38621384c4d49bfadf1e4a7d1c5a7b4c9ca6416afdc8c1decc19d98a9c42e32"",""observedAt"":""2026-09-30T08:22:04Z"",""finalClose"":true}",1,2026-09-30T08:22:04Z,v1
score-bab84b45d8ad83bd,score,2026-09-30,2026-09-30T08:22:04Z,,,"{""forecastId"":""2026-09-29-atlas11-128de9174cfdfa1f"",""inputSnapshotSHA256"":""de3c5b1e138a6dd629fe995931e95d1ebfde4edd2c126f5fa7457a8336832a24"",""collectionRecordId"":""collection-fd0e9b5e0961d8b1""}",2026-09-29-atlas11-128de9174cfdfa1f,atlas11-A-1,live,,2026-09-29T11:35:06Z,2026-09-29,86200,017670,SK텔레콤,net,2026-09-30,1,true,"{""p05"":83972.66219538417,""p10"":84598.91445068257,""p25"":85316.8316934506,""p50"":86129.569670742,""p75"":86938.22067122982,""p90"":88027.59204159258,""p95"":88772.3830572842}",85600,529.5696707419993,0.6186561574088777,1.5,true,-0.0008170571839675178,-0.00696055684454755,down,down,true,84598.91445068257,88027.59204159258,true,3.9775842121925877,3428.6775909100106,0.03977584212192588,"{""up"":0.45295,""flat"":0.07725,""down"":0.4698}",0.492243305,1,방향·크기 모두 맞음,true,"{""sourceUrl"":""https://api.stock.naver.com/chart/domestic/item/017670/minute?startDateTime=202609301525&endDateTime=202609301545"",""rawHash"":""d35823e8f5a14bc705430c9ba2f8b126ada570d74ecfc83df9e0414b689de736"",""observedAt"":""2026-09-30T08:22:04Z"",""finalClose"":true}",1,2026-09-30T08:22:04Z,v1
score-4d9c6123ed3fa058,score,2026-09-30,2026-09-30T08:22:04Z,,,"{""forecastId"":""2026-09-29-atlas11-128de9174cfdfa1f"",""inputSnapshotSHA256"":""de3c5b1e138a6dd629fe995931e95d1ebfde4edd2c126f5fa7457a8336832a24"",""collectionRecordId"":""collection-fd0e9b5e0961d8b1""}",2026-09-29-atlas11-128de9174cfdfa1f,atlas11-A-1,live,,2026-09-29T11:35:06Z,2026-09-29,177200,033780,KT&G,cons,2026-09-30,1,true,"{""p05"":172121.60056929695,""p10"":173695.79217450402,""p25"":175256.93608293266,""p50"":176829.9953042429,""p75"":178517.0020759104,""p90"":180678.72939088597,""p95"":182257.46690766682}",176200,629.9953042429115,0.3575455756202676,1.5,true,-0.0020880626171393413,-0.0056433408577878375,down,down,true,173695.79217450402,180678.72939088597,true,3.940709490057534,6982.93721638195,0.03940709490057534,"{""up"":0.4165,""flat"":0.0593,""down"":0.5242}",0.40337438000000003,1,방향·크기 모두 맞음,false,"{""sourceUrl"":""https://api.stock.naver.com/chart/domestic/item/033780/minute?startDateTime=202609301525&endDateTime=202609301545"",""rawHash"":""88dc3516268b3cde762d33a1b451e231dbe036868b66b8315d57761f9035caa3"",""observedAt"":""2026-09-30T08:22:04Z"",""finalClose"":true}",1,2026-09-30T08:22:04Z,v1
score-ecbd241e3be116e9,score,2026-09-30,2026-09-30T08:22:04Z,,,"{""forecastId"":""2026-09-29-atlas11-128de9174cfdfa1f"",""inputSnapshotSHA256"":""de3c5b1e138a6dd629fe995931e95d1ebfde4edd2c126f5fa7457a8336832a24"",""collectionRecordId"":""collection-fd0e9b5e0961d8b1""}",2026-09-29-atlas11-128de9174cfdfa1f,atlas11-A-1,live,,2026-09-29T11:35:06Z,2026-09-29,253500,196170,알테오젠,bio,2026-09-30,1,true,"{""p05"":243397.56044986838,""p10"":246506.56708511847,""p25"":250329.1635408479,""p50"":254450.214519816,""p75"":259459.91629114372,""p90"":264810.2128032989,""p95"":268418.1876057845}",254500,-49.78548018398578,0.019562074728481645,1.5,true,0.0037483807487810328,0.0039447731755424265,up,up,true,246506.56708511847,264810.2128032989,true,7.220373064370977,18303.64571818043,0.07220373064370977,"{""up"":0.5537,""flat"":0.02145,""down"":0.42485}",0.38014131500000004,1,방향·크기 모두 맞음,false,"{""sourceUrl"":""https://api.stock.naver.com/chart/domestic/item/196170/minute?startDateTime=202609301525&endDateTime=202609301545"",""rawHash"":""0c0ce54f8e6931663593400efc6bdf814e69b0e33c33682335ea4075c913c83a"",""observedAt"":""2026-09-30T08:22:04Z"",""finalClose"":true}",1,2026-09-30T08:22:04Z,v1
score-f6cd14b16880f79d,score,2026-09-30,2026-09-30T08:22:04Z,,,"{""forecastId"":""2026-09-29-atlas11-128de9174cfdfa1f"",""inputSnapshotSHA256"":""de3c5b1e138a6dd629fe995931e95d1ebfde4edd2c126f5fa7457a8336832a24"",""collectionRecordId"":""collection-fd0e9b5e0961d8b1""}",2026-09-29-atlas11-128de9174cfdfa1f,atlas11-A-1,live,,2026-09-29T11:35:06Z,2026-09-29,216500,018260,삼성에스디에스,semi,2026-09-30,1,true,"{""p05"":207307.1052247809,""p10"":210363.79933022687,""p25"":213414.18906572962,""p50"":216289.16354794306,""p75"":219221.3547969301,""p90"":222235.77904660406,""p95"":224447.20281666712}",219000,-2710.836452056945,1.237824863952943,1.5,true,-0.000973840425205319,0.011547344110854452,down,up,false,210363.79933022687,222235.77904660406,true,5.483593402483689,11871.979716377187,0.05483593402483689,"{""up"":0.4526,""flat"":0.0651,""down"":0.4823}",0.53649806,3,크기 허용·방향 틀림,true,"{""sourceUrl"":""https://api.stock.naver.com/chart/domestic/item/018260/minute?startDateTime=202609301525&endDateTime=202609301545"",""rawHash"":""d7a813a67708769e596e992b5545c4be112e054bebc69414cb13b1d150bcf153"",""observedAt"":""2026-09-30T08:22:04Z"",""finalClose"":true}",1,2026-09-30T08:22:04Z,v1
score-e9d9a2763fb3fb04,score,2026-09-30,2026-09-30T08:22:04Z,,,"{""forecastId"":""2026-09-29-atlas11-128de9174cfdfa1f"",""inputSnapshotSHA256"":""de3c5b1e138a6dd629fe995931e95d1ebfde4edd2c126f5fa7457a8336832a24"",""collectionRecordId"":""collection-fd0e9b5e0961d8b1""}",2026-09-29-atlas11-128de9174cfdfa1f,atlas11-A-1,live,,2026-09-29T11:35:06Z,2026-09-29,197500,086280,현대글로비스,auto,2026-09-30,1,true,"{""p05"":190671.53480815399,""p10"":192014.3828926085,""p25"":194721.54601630318,""p50"":197187.56346875013,""p75"":199927.56384337362,""p90"":203520.72133667854,""p95"":206191.47917452146}",196800,387.5634687501297,0.1969326568852285,1.5,true,-0.0015819571202525529,-0.0035443037974683955,down,down,true,192014.3828926085,203520.72133667854,true,5.825994148896227,11506.338444070047,0.05825994148896226,"{""up"":0.4491,""flat"":0.0395,""down"":0.5114}",0.44198102000000006,1,방향·크기 모두 맞음,false,"{""sourceUrl"":""https://api.stock.naver.com/chart/domestic/item/086280/minute?startDateTime=202609301525&endDateTime=202609301545"",""rawHash"":""0b3ee15d8c73a00ff57dd293048fd8501f52acd54521981d43c98593fc60e87e"",""observedAt"":""2026-09-30T08:22:04Z"",""finalClose"":true}",1,2026-09-30T08:22:04Z,v1
score-982417b6f293daa8,score,2026-09-30,2026-09-30T08:22:04Z,,,"{""forecastId"":""2026-09-29-atlas11-128de9174cfdfa1f"",""inputSnapshotSHA256"":""de3c5b1e138a6dd629fe995931e95d1ebfde4edd2c126f5fa7457a8336832a24"",""collectionRecordId"":""collection-fd0e9b5e0961d8b1""}",2026-09-29-atlas11-128de9174cfdfa1f,atlas11-A-1,live,,2026-09-29T11:35:06Z,2026-09-29,117000,000720,현대건설,heavy,2026-09-30,1,true,"{""p05"":109881.09991214101,""p10"":111235.80420948408,""p25"":114087.67169912231,""p50"":116421.28195589116,""p75"":119620.5426742766,""p90"":123417.4813316151,""p95"":125906.60826086596}",117500,-1078.7180441088422,0.9180579098798656,1.5,true,-0.004946308069306293,0.004273504273504258,down,up,false,111235.80420948408,123417.4813316151,true,10.41168984797523,12181.67712213102,0.1041168984797523,"{""up"":0.43095,""flat"":0.0274,""down"":0.54165}",0.6179533850000001,3,크기 허용·방향 틀림,false,"{""sourceUrl"":""https://api.stock.naver.com/chart/domestic/item/000720/minute?startDateTime=202609301525&endDateTime=202609301545"",""rawHash"":""6ff3fd80ac055bc2e143ea7fa1886e1baad8d866e8a1a3a95f7534e54a2000b0"",""observedAt"":""2026-09-30T08:22:04Z"",""finalClose"":true}",1,2026-09-30T08:22:04Z,v1
score-d48a2ea84f82a6c4,score,2026-09-30,2026-09-30T08:22:04Z,,,"{""forecastId"":""2026-09-29-atlas11-128de9174cfdfa1f"",""inputSnapshotSHA256"":""de3c5b1e138a6dd629fe995931e95d1ebfde4edd2c126f5fa7457a8336832a24"",""collectionRecordId"":""collection-fd0e9b5e0961d8b1""}",2026-09-29-atlas11-128de9174cfdfa1f,atlas11-A-1,live,,2026-09-29T11:35:06Z,2026-09-29,362500,278470,에이피알,cons,2026-09-30,1,true,"{""p05"":340695.3895851566,""p10"":346123.7632463401,""p25"":353482.4445134085,""p50"":362363.7677580644,""p75"":370334.64595110406,""p90"":381392.508118193,""p95"":385562.7728421864}",366000,-3636.2322419356206,0.9935060770315904,1.5,true,-0.00037581308120171464,0.009655172413793212,down,up,false,346123.7632463401,381392.508118193,true,9.729308930166322,35268.74487185292,0.09729308930166322,"{""up"":0.47585,""flat"":0.02985,""down"":0.4943}",0.5199567350000001,3,크기 허용·방향 틀림,true,"{""sourceUrl"":""https://api.stock.naver.com/chart/domestic/item/278470/minute?startDateTime=202609301525&endDateTime=202609301545"",""rawHash"":""f35d299081f1eb5b583eec01c3d7bd22020d2b36926b90f9fb84fedca8b392b0"",""observedAt"":""2026-09-30T08:22:04Z"",""finalClose"":true}",1,2026-09-30T08:22:04Z,v1
score-849aee6c51e310bb,score,2026-09-30,2026-09-30T08:22:04Z,,,"{""forecastId"":""2026-09-29-atlas11-128de9174cfdfa1f"",""inputSnapshotSHA256"":""de3c5b1e138a6dd629fe995931e95d1ebfde4edd2c126f5fa7457a8336832a24"",""collectionRecordId"":""collection-fd0e9b5e0961d8b1""}",2026-09-29-atlas11-128de9174cfdfa1f,atlas11-A-1,live,,2026-09-29T11:35:06Z,2026-09-29,52900,030200,KT,net,2026-09-30,1,true,"{""p05"":51790.53217813196,""p10"":52083.96168098297,""p25"":52462.81772387076,""p50"":52909.96838699257,""p75"":53331.220918628314,""p90"":53752.299416752285,""p95"":54165.102039360485}",52300,609.968386992572,1.1662875468309217,1.5,true,0.0001884383174399762,-0.011342155009451793,up,down,false,52083.96168098297,53752.299416752285,true,3.1537575345355706,1668.337735769317,0.03153757534535571,"{""up"":0.463,""flat"":0.08135,""down"":0.45565}",0.5173037450000001,3,크기 허용·방향 틀림,true,"{""sourceUrl"":""https://api.stock.naver.com/chart/domestic/item/030200/minute?startDateTime=202609301525&endDateTime=202609301545"",""rawHash"":""78097f4c6fec0062cf9e65bf10dbc7f8edb8520198147bbb868fa3bdb0518577"",""observedAt"":""2026-09-30T08:22:04Z"",""finalClose"":true}",1,2026-09-30T08:22:04Z,v1
score-2ada94c808bebce6,score,2026-09-30,2026-09-30T08:22:04Z,,,"{""forecastId"":""2026-09-29-atlas11-128de9174cfdfa1f"",""inputSnapshotSHA256"":""de3c5b1e138a6dd629fe995931e95d1ebfde4edd2c126f5fa7457a8336832a24"",""collectionRecordId"":""collection-fd0e9b5e0961d8b1""}",2026-09-29-atlas11-128de9174cfdfa1f,atlas11-A-1,live,,2026-09-29T11:35:06Z,2026-09-29,31400,003490,대한항공,auto,2026-09-30,1,true,"{""p05"":30115.88979159285,""p10"":30477.2912710117,""p25"":30875.96529527715,""p50"":31276.830725556152,""p75"":31762.465821797818,""p90"":32304.978426753958,""p95"":32685.160527081636}",32000,-723.1692744438478,2.2599039826370246,1.5,false,-0.003922588358084345,0.019108280254777066,down,up,false,30477.2912710117,32304.978426753958,true,5.820659731663238,1827.6871557422564,0.05820659731663237,"{""up"":0.4148,""flat"":0.03745,""down"":0.54775}",0.6438916049999999,4,방향·크기 모두 틀림,false,"{""sourceUrl"":""https://api.stock.naver.com/chart/domestic/item/003490/minute?startDateTime=202609301525&endDateTime=202609301545"",""rawHash"":""ed5d2ca2f14a5b49ee922437f55810435444724c7b53cfa780258d181226dd10"",""observedAt"":""2026-09-30T08:22:04Z"",""finalClose"":true}",1,2026-09-30T08:22:04Z,v1
score-96ee0f3bbc016e98,score,2026-09-30,2026-09-30T08:22:04Z,,,"{""forecastId"":""2026-09-29-atlas11-128de9174cfdfa1f"",""inputSnapshotSHA256"":""de3c5b1e138a6dd629fe995931e95d1ebfde4edd2c126f5fa7457a8336832a24"",""collectionRecordId"":""collection-fd0e9b5e0961d8b1""}",2026-09-29-atlas11-128de9174cfdfa1f,atlas11-A-1,live,,2026-09-29T11:35:06Z,2026-09-29,54400,047050,포스코인터내셔널,util,2026-09-30,1,true,"{""p05"":52045.950499356164,""p10"":52447.44813012316,""p25"":53384.30127596788,""p50"":54359.37698920438,""p75"":55265.35009538814,""p90"":56697.81033616518,""p95"":57529.14727970202}",56900,-2540.6230107956217,4.465066802804256,1.5,false,-0.0007467465219783698,0.045955882352941124,down,up,false,52447.44813012316,56697.81033616518,false,7.813165819930192,6272.258844390213,0.11529887581599657,"{""up"":0.4592,""flat"":0.0491,""down"":0.4917}",0.5366443399999999,4,방향·크기 모두 틀림,true,"{""sourceUrl"":""https://api.stock.naver.com/chart/domestic/item/047050/minute?startDateTime=202609301525&endDateTime=202609301545"",""rawHash"":""762970b06e8ba88a7484f56f9958bea658cdd7116eb6c5e93b9b083abc7689ef"",""observedAt"":""2026-09-30T08:22:04Z"",""finalClose"":true}",1,2026-09-30T08:22:04Z,v1
score-0729fede88ba83ea,score,2026-09-30,2026-09-30T08:22:04Z,,,"{""forecastId"":""2026-09-29-atlas11-128de9174cfdfa1f"",""inputSnapshotSHA256"":""de3c5b1e138a6dd629fe995931e95d1ebfde4edd2c126f5fa7457a8336832a24"",""collectionRecordId"":""collection-fd0e9b5e0961d8b1""}",2026-09-29-atlas11-128de9174cfdfa1f,atlas11-A-1,live,,2026-09-29T11:35:06Z,2026-09-29,1225000,003230,삼양식품,cons,2026-09-30,1,true,"{""p05"":1176715.8721901148,""p10"":1184120.427253313,""p25"":1200502.1460916707,""p50"":1220015.3236333833,""p75"":1242728.3004884697,""p90"":1274765.6799044688,""p95"":1295361.6387059116}",1213000,7015.323633383261,0.5783448997018351,1.5,true,-0.004069123564585109,-0.009795918367346945,down,down,true,1184120.427253313,1274765.6799044688,true,7.399612461318851,90645.25265115593,0.07399612461318851,"{""up"":0.42485,""flat"":0.032,""down"":0.54315}",0.390233445,1,방향·크기 모두 맞음,false,"{""sourceUrl"":""https://api.stock.naver.com/chart/domestic/item/003230/minute?startDateTime=202609301525&endDateTime=202609301545"",""rawHash"":""749463dd16fe3d4c073b7f2064d26f6a8dadc50cc2da4c85874c506b3321952c"",""observedAt"":""2026-09-30T08:22:04Z"",""finalClose"":true}",1,2026-09-30T08:22:04Z,v1
score-b0946915372a6f8d,score,2026-09-30,2026-09-30T08:22:04Z,,,"{""forecastId"":""2026-09-29-atlas11-128de9174cfdfa1f"",""inputSnapshotSHA256"":""de3c5b1e138a6dd629fe995931e95d1ebfde4edd2c126f5fa7457a8336832a24"",""collectionRecordId"":""collection-fd0e9b5e0961d8b1""}",2026-09-29-atlas11-128de9174cfdfa1f,atlas11-A-1,live,,2026-09-29T11:35:06Z,2026-09-29,198700,259960,크래프톤,net,2026-09-30,1,true,"{""p05"":191616.58694533544,""p10"":194048.1883834193,""p25"":196412.0321389275,""p50"":198745.17897714354,""p75"":201051.77696923216,""p90"":203818.08791147487,""p95"":205573.0814196178}",194900,3845.1789771435433,1.9728983977134649,1.5,false,0.00022737280897611178,-0.019124308002013035,up,down,false,194048.1883834193,203818.08791147487,true,4.916909676927815,9769.899528055568,0.04916909676927815,"{""up"":0.4811,""flat"":0.0568,""down"":0.4621}",0.5240198600000001,4,방향·크기 모두 틀림,true,"{""sourceUrl"":""https://api.stock.naver.com/chart/domestic/item/259960/minute?startDateTime=202609301525&endDateTime=202609301545"",""rawHash"":""261d9d02889f6936c8f552ce77e8bae505855ff1ebf0e773b6c588ea80798528"",""observedAt"":""2026-09-30T08:22:04Z"",""finalClose"":true}",1,2026-09-30T08:22:04Z,v1
score-be6e7234fcdd65ee,score,2026-09-30,2026-09-30T08:22:04Z,,,"{""forecastId"":""2026-09-29-atlas11-128de9174cfdfa1f"",""inputSnapshotSHA256"":""de3c5b1e138a6dd629fe995931e95d1ebfde4edd2c126f5fa7457a8336832a24"",""collectionRecordId"":""collection-fd0e9b5e0961d8b1""}",2026-09-29-atlas11-128de9174cfdfa1f,atlas11-A-1,live,,2026-09-29T11:35:06Z,2026-09-29,101500,021240,코웨이,cons,2026-09-30,1,true,"{""p05"":97967.48551129815,""p10"":98821.32990217405,""p25"":100154.3197464852,""p50"":101404.21897451623,""p75"":102811.66359157937,""p90"":104693.02411204024,""p95"":106726.32673637212}",99400,2004.2189745162323,2.0163168757708574,1.5,false,-0.0009436554234854011,-0.020689655172413834,down,down,true,98821.32990217405,104693.02411204024,true,5.784920403809046,5871.694209866182,0.05784920403809046,"{""up"":0.45735,""flat"":0.0455,""down"":0.49715}",0.46409739499999997,2,방향 맞고 크기 틀림,true,"{""sourceUrl"":""https://api.stock.naver.com/chart/domestic/item/021240/minute?startDateTime=202609301525&endDateTime=202609301545"",""rawHash"":""646b8270e53d676b7a80a54e911699490eacb477c9c220fb1129fcbc2560d2d3"",""observedAt"":""2026-09-30T08:22:04Z"",""finalClose"":true}",1,2026-09-30T08:22:04Z,v1
score-096668dc1b600594,score,2026-09-30,2026-09-30T08:22:04Z,,,"{""forecastId"":""2026-09-29-atlas11-128de9174cfdfa1f"",""inputSnapshotSHA256"":""de3c5b1e138a6dd629fe995931e95d1ebfde4edd2c126f5fa7457a8336832a24"",""collectionRecordId"":""collection-fd0e9b5e0961d8b1""}",2026-09-29-atlas11-128de9174cfdfa1f,atlas11-A-1,live,,2026-09-29T11:35:06Z,2026-09-29,158700,352820,하이브,net,2026-09-30,1,true,"{""p05"":152276.15299735716,""p10"":154480.31132694214,""p25"":156204.56880986269,""p50"":158663.0884854746,""p75"":161168.41572450334,""p90"":164040.69212653727,""p95"":165960.5362300364}",156600,2063.088485474611,1.317425597365652,1.5,true,-0.00023258673298920396,-0.013232514177693777,down,down,true,154480.31132694214,164040.69212653727,true,6.024184498799698,9560.380799595121,0.060241844987996986,"{""up"":0.47325,""flat"":0.03555,""down"":0.4912}",0.4841068049999999,1,방향·크기 모두 맞음,true,"{""sourceUrl"":""https://api.stock.naver.com/chart/domestic/item/352820/minute?startDateTime=202609301525&endDateTime=202609301545"",""rawHash"":""0eb5c50a593ba209577586c14115a3bbd8feb54e4ad746d6b425ba5abe5f082b"",""observedAt"":""2026-09-30T08:22:04Z"",""finalClose"":true}",1,2026-09-30T08:22:04Z,v1
score-d60185dec5321597,score,2026-09-30,2026-09-30T08:22:04Z,,,"{""forecastId"":""2026-09-29-atlas11-128de9174cfdfa1f"",""inputSnapshotSHA256"":""de3c5b1e138a6dd629fe995931e95d1ebfde4edd2c126f5fa7457a8336832a24"",""collectionRecordId"":""collection-fd0e9b5e0961d8b1""}",2026-09-29-atlas11-128de9174cfdfa1f,atlas11-A-1,live,,2026-09-29T11:35:06Z,2026-09-29,32500,009830,한화솔루션,chem,2026-09-30,1,true,"{""p05"":30133.624639835005,""p10"":30787.007141455982,""p25"":31602.93498192685,""p50"":32457.81097614816,""p75"":33195.62063550566,""p90"":34572.96710646417,""p95"":35345.16650662961}",33900,-1442.189023851839,4.25424490811752,1.5,false,-0.0012981238108258353,0.04307692307692301,down,up,false,30787.007141455982,34572.96710646417,true,11.649107584640587,3785.959965008191,0.11649107584640588,"{""up"":0.46875,""flat"":0.0265,""down"":0.50475}",0.537701375,4,방향·크기 모두 틀림,true,"{""sourceUrl"":""https://api.stock.naver.com/chart/domestic/item/009830/minute?startDateTime=202609301525&endDateTime=202609301545"",""rawHash"":""59a460075a76efa93973bda087581453ebdc72e009b5c1b4ffc4ad89b91753fc"",""observedAt"":""2026-09-30T08:22:04Z"",""finalClose"":true}",1,2026-09-30T08:22:04Z,v1
score-b52ee35c861db7e3,score,2026-09-30,2026-09-30T08:22:04Z,,,"{""forecastId"":""2026-09-29-atlas11-128de9174cfdfa1f"",""inputSnapshotSHA256"":""de3c5b1e138a6dd629fe995931e95d1ebfde4edd2c126f5fa7457a8336832a24"",""collectionRecordId"":""collection-fd0e9b5e0961d8b1""}",2026-09-29-atlas11-128de9174cfdfa1f,atlas11-A-1,live,,2026-09-29T11:35:06Z,2026-09-29,42500,029780,삼성카드,fin,2026-09-30,1,true,"{""p05"":41376.12682550716,""p10"":41754.69836848507,""p25"":42140.8279004745,""p50"":42484.43397057566,""p75"":42879.63892555058,""p90"":43283.412100006564,""p95"":43511.79887127525}",42200,284.43397057565744,0.6740141482835484,1.5,true,-0.00036625951586688466,-0.007058823529411784,up,down,false,41754.69836848507,43283.412100006564,true,3.596973485932925,1528.7137315214932,0.03596973485932925,"{""up"":0.4676,""flat"":0.0649,""down"":0.4675}",0.5064180199999999,3,크기 허용·방향 틀림,true,"{""sourceUrl"":""https://api.stock.naver.com/chart/domestic/item/029780/minute?startDateTime=202609301525&endDateTime=202609301545"",""rawHash"":""afb44b0ed3d28e13cc487cbb8e739ca21b16d2d0243fe3b0d5caa3e93d2f94f6"",""observedAt"":""2026-09-30T08:22:04Z"",""finalClose"":true}",1,2026-09-30T08:22:04Z,v1
score-ba336bb56b97f39e,score,2026-09-30,2026-09-30T08:22:04Z,,,"{""forecastId"":""2026-09-29-atlas11-128de9174cfdfa1f"",""inputSnapshotSHA256"":""de3c5b1e138a6dd629fe995931e95d1ebfde4edd2c126f5fa7457a8336832a24"",""collectionRecordId"":""collection-fd0e9b5e0961d8b1""}",2026-09-29-atlas11-128de9174cfdfa1f,atlas11-A-1,live,,2026-09-29T11:35:06Z,2026-09-29,40150,028300,HLB,bio,2026-09-30,1,true,"{""p05"":37828.413369376685,""p10"":38434.67442219724,""p25"":39168.58804068352,""p50"":39964.93357118075,""p75"":40689.22272861643,""p90"":41731.0951737427,""p95"":42448.192293926775}",41400,-1435.0664288192493,3.4663440309643705,1.5,false,-0.0046093755621232635,0.031133250311332406,down,up,false,38434.67442219724,41731.0951737427,true,8.210263391146853,3296.420751545462,0.08210263391146853,"{""up"":0.4037,""flat"":0.03915,""down"":0.55715}",0.667522535,4,방향·크기 모두 틀림,false,"{""sourceUrl"":""https://api.stock.naver.com/chart/domestic/item/028300/minute?startDateTime=202609301525&endDateTime=202609301545"",""rawHash"":""ebbf83557e12b1cc19850640b761f1d1b9ac33efdc23a48eaed58df148f041fd"",""observedAt"":""2026-09-30T08:22:04Z"",""finalClose"":true}",1,2026-09-30T08:22:04Z,v1
score-12b35ee502f81199,score,2026-09-30,2026-09-30T08:22:04Z,,,"{""forecastId"":""2026-09-29-atlas11-128de9174cfdfa1f"",""inputSnapshotSHA256"":""de3c5b1e138a6dd629fe995931e95d1ebfde4edd2c126f5fa7457a8336832a24"",""collectionRecordId"":""collection-fd0e9b5e0961d8b1""}",2026-09-29-atlas11-128de9174cfdfa1f,atlas11-A-1,live,,2026-09-29T11:35:06Z,2026-09-29,8340,034220,LG디스플레이,semi,2026-09-30,1,true,"{""p05"":8021.67791491364,""p10"":8125.586637921054,""p25"":8219.843855399586,""p50"":8340.824935002287,""p75"":8438.132722852071,""p90"":8558.357288395897,""p95"":8651.44517674656}",8330,10.82493500228702,0.1299512005076473,1.5,true,0.00009891306981857362,-0.0011990407673860837,down,down,true,8125.586637921054,8558.357288395897,true,5.189096528475336,432.770650474843,0.05189096528475336,"{""up"":0.4754,""flat"":0.0373,""down"":0.4873}",0.4902577399999999,1,방향·크기 모두 맞음,true,"{""sourceUrl"":""https://api.stock.naver.com/chart/domestic/item/034220/minute?startDateTime=202609301525&endDateTime=202609301545"",""rawHash"":""6d590598bfed8c3b6bfb71648101ff3fd4e8e7230cb1fc2ca8b4cb9f1da386f8"",""observedAt"":""2026-09-30T08:22:04Z"",""finalClose"":true}",1,2026-09-30T08:22:04Z,v1
score-50bfea143ccfca2f,score,2026-09-30,2026-09-30T08:22:04Z,,,"{""forecastId"":""2026-09-29-atlas11-128de9174cfdfa1f"",""inputSnapshotSHA256"":""de3c5b1e138a6dd629fe995931e95d1ebfde4edd2c126f5fa7457a8336832a24"",""collectionRecordId"":""collection-fd0e9b5e0961d8b1""}",2026-09-29-atlas11-128de9174cfdfa1f,atlas11-A-1,live,,2026-09-29T11:35:06Z,2026-09-29,471500,002380,KCC,chem,2026-09-30,1,true,"{""p05"":453148.6604777151,""p10"":458546.00940475194,""p25"":465330.95709295745,""p50"":471153.3219197195,""p75"":477743.8407665566,""p90"":486045.260753978,""p95"":491529.98311385285}",470500,653.321919719514,0.13885694361732498,1.5,true,-0.0007352663420583383,-0.0021208907741251393,down,down,true,458546.00940475194,486045.260753978,true,5.832290848192163,27499.251349226048,0.05832290848192163,"{""up"":0.47015,""flat"":0.0517,""down"":0.47815}",0.4960413349999999,1,방향·크기 모두 맞음,true,"{""sourceUrl"":""https://api.stock.naver.com/chart/domestic/item/002380/minute?startDateTime=202609301525&endDateTime=202609301545"",""rawHash"":""61070edbc54794d4e820c0647707aa399316eb21a6c5100d131a66b958afb9eb"",""observedAt"":""2026-09-30T08:22:04Z"",""finalClose"":true}",1,2026-09-30T08:22:04Z,v1
score-b1fad389188944b4,score,2026-09-30,2026-09-30T08:22:04Z,,,"{""forecastId"":""2026-09-29-atlas11-128de9174cfdfa1f"",""inputSnapshotSHA256"":""de3c5b1e138a6dd629fe995931e95d1ebfde4edd2c126f5fa7457a8336832a24"",""collectionRecordId"":""collection-fd0e9b5e0961d8b1""}",2026-09-29-atlas11-128de9174cfdfa1f,atlas11-A-1,live,,2026-09-29T11:35:06Z,2026-09-29,35500,036460,한국가스공사,util,2026-09-30,1,true,"{""p05"":34523.863799008665,""p10"":34814.476619341,""p25"":35142.00030287329,""p50"":35471.32441083469,""p75"":35823.908131455355,""p90"":36150.96726748305,""p95"":36392.32854662818}",34800,671.3244108346917,1.9290931345824474,1.5,false,-0.0008077630750791265,-0.019718309859154903,down,down,true,34814.476619341,36150.96726748305,false,3.764762389132528,1481.25684155208,0.04172554483245296,"{""up"":0.45215,""flat"":0.05515,""down"":0.4927}",0.464834435,2,방향 맞고 크기 틀림,true,"{""sourceUrl"":""https://api.stock.naver.com/chart/domestic/item/036460/minute?startDateTime=202609301525&endDateTime=202609301545"",""rawHash"":""58378581009cca95c0f09fc12225f0838356b3b67004002177bc7c2743cff5fc"",""observedAt"":""2026-09-30T08:22:04Z"",""finalClose"":true}",1,2026-09-30T08:22:04Z,v1
score-f07d252717c64a75,score,2026-09-30,2026-09-30T08:22:04Z,,,"{""forecastId"":""2026-09-29-atlas11-128de9174cfdfa1f"",""inputSnapshotSHA256"":""de3c5b1e138a6dd629fe995931e95d1ebfde4edd2c126f5fa7457a8336832a24"",""collectionRecordId"":""collection-fd0e9b5e0961d8b1""}",2026-09-29-atlas11-128de9174cfdfa1f,atlas11-A-1,live,,2026-09-29T11:35:06Z,2026-09-29,340000,004170,신세계,cons,2026-09-30,1,true,"{""p05"":322582.87652023067,""p10"":327109.96608332696,""p25"":334394.68068580434,""p50"":339723.4117916286,""p75"":345864.69887189777,""p90"":353959.9927788363,""p95"":359762.7427361145}",336500,3223.411791628576,0.9579232664572291,1.5,true,-0.0008134947305041829,-0.010294117647058787,down,down,true,327109.96608332696,353959.9927788363,true,7.8970666751498015,26850.026695509325,0.07897066675149801,"{""up"":0.46905,""flat"":0.033,""down"":0.49795}",0.473151105,1,방향·크기 모두 맞음,true,"{""sourceUrl"":""https://api.stock.naver.com/chart/domestic/item/004170/minute?startDateTime=202609301525&endDateTime=202609301545"",""rawHash"":""c838bca64b11d7d90b3531571d0c81932815232c19de9c055e91f73e6686b1c8"",""observedAt"":""2026-09-30T08:22:04Z"",""finalClose"":true}",1,2026-09-30T08:22:04Z,v1
score-e1f4ad3cf5ba19f5,score,2026-09-30,2026-09-30T08:22:04Z,,,"{""forecastId"":""2026-09-29-atlas11-128de9174cfdfa1f"",""inputSnapshotSHA256"":""de3c5b1e138a6dd629fe995931e95d1ebfde4edd2c126f5fa7457a8336832a24"",""collectionRecordId"":""collection-fd0e9b5e0961d8b1""}",2026-09-29-atlas11-128de9174cfdfa1f,atlas11-A-1,live,,2026-09-29T11:35:06Z,2026-09-29,83500,012750,에스원,util,2026-09-30,1,true,"{""p05"":80904.14660737997,""p10"":81502.49861841048,""p25"":82644.57220911115,""p50"":83517.31315420536,""p75"":84398.73873746058,""p90"":85461.1105836279,""p95"":86145.34030509187}",82600,917.3131542053598,1.1105486128394186,1.5,true,0.00020734316413606457,-0.010778443113772407,down,down,true,81502.49861841048,85461.1105836279,true,4.740852652954999,3958.611965217424,0.04740852652954999,"{""up"":0.46885,""flat"":0.04645,""down"":0.4847}",0.48751201499999997,1,방향·크기 모두 맞음,true,"{""sourceUrl"":""https://api.stock.naver.com/chart/domestic/item/012750/minute?startDateTime=202609301525&endDateTime=202609301545"",""rawHash"":""59385b9949b2ea19ddc911e180be073c09b526329a4ae1c5fa3fc4133c0c4f60"",""observedAt"":""2026-09-30T08:22:04Z"",""finalClose"":true}",1,2026-09-30T08:22:04Z,v1
score-046be5d50c3b8119,score,2026-09-30,2026-09-30T08:22:04Z,,,"{""forecastId"":""2026-09-29-atlas11-128de9174cfdfa1f"",""inputSnapshotSHA256"":""de3c5b1e138a6dd629fe995931e95d1ebfde4edd2c126f5fa7457a8336832a24"",""collectionRecordId"":""collection-fd0e9b5e0961d8b1""}",2026-09-29-atlas11-128de9174cfdfa1f,atlas11-A-1,live,,2026-09-29T11:35:06Z,2026-09-29,71100,111770,영원무역,cons,2026-09-30,1,true,"{""p05"":68503.9933134913,""p10"":69204.80274900733,""p25"":70180.6394573657,""p50"":71079.65143342382,""p75"":71990.23195996473,""p90"":73073.48374421064,""p95"":73670.86363894853}",68800,2279.6514334238163,3.3134468509067103,1.5,false,-0.000286196435670627,-0.03234880450070321,down,down,true,69204.80274900733,73073.48374421064,false,5.441182834322514,7916.708485276598,0.11134611090403092,"{""up"":0.4706,""flat"":0.0517,""down"":0.4777}",0.49693454000000004,2,방향 맞고 크기 틀림,true,"{""sourceUrl"":""https://api.stock.naver.com/chart/domestic/item/111770/minute?startDateTime=202609301525&endDateTime=202609301545"",""rawHash"":""d8e0a68771038df1a0d029692335392231208c28c61a57824be418e5429cb140"",""observedAt"":""2026-09-30T08:22:04Z"",""finalClose"":true}",1,2026-09-30T08:22:04Z,v1
score-7460de157d601b05,score,2026-09-30,2026-09-30T08:22:04Z,,,"{""forecastId"":""2026-09-29-atlas11-128de9174cfdfa1f"",""inputSnapshotSHA256"":""de3c5b1e138a6dd629fe995931e95d1ebfde4edd2c126f5fa7457a8336832a24"",""collectionRecordId"":""collection-fd0e9b5e0961d8b1""}",2026-09-29-atlas11-128de9174cfdfa1f,atlas11-A-1,live,,2026-09-29T11:35:06Z,2026-09-29,14430,035250,강원랜드,cons,2026-09-30,1,true,"{""p05"":14154.860813832458,""p10"":14236.25802057767,""p25"":14326.195614310816,""p50"":14426.39070847108,""p75"":14523.835127681636,""p90"":14633.331747885293,""p95"":14701.763710364676}",14260,166.39070847108087,1.1668352627705532,1.5,true,-0.000250124153078235,-0.011781011781011763,down,down,true,14236.25802057767,14633.331747885293,true,2.7517236819655086,397.0737273076229,0.027517236819655087,"{""up"":0.44845,""flat"":0.08065,""down"":0.4709}",0.48755863499999996,1,방향·크기 모두 맞음,true,"{""sourceUrl"":""https://api.stock.naver.com/chart/domestic/item/035250/minute?startDateTime=202609301525&endDateTime=202609301545"",""rawHash"":""7e46c0b1e724276d55f0221e1278bbe10a0e3853d26ad41c17bff062c5ca0bd4"",""observedAt"":""2026-09-30T08:22:04Z"",""finalClose"":true}",1,2026-09-30T08:22:04Z,v1
score-a00ee6c09af25b47,score,2026-09-30,2026-09-30T08:22:04Z,,,"{""forecastId"":""2026-09-29-atlas11-128de9174cfdfa1f"",""inputSnapshotSHA256"":""de3c5b1e138a6dd629fe995931e95d1ebfde4edd2c126f5fa7457a8336832a24"",""collectionRecordId"":""collection-fd0e9b5e0961d8b1""}",2026-09-29-atlas11-128de9174cfdfa1f,atlas11-A-1,live,,2026-09-29T11:35:06Z,2026-09-29,38150,257720,실리콘투,cons,2026-09-30,1,true,"{""p05"":36029.255728483986,""p10"":36528.94692343208,""p25"":37340.596481309534,""p50"":38106.24629872659,""p75"":39027.66474036228,""p90"":39927.25368297893,""p95"":40671.98945612926}",38150,-43.753701273410115,0.11468860097879453,1.5,true,-0.0011468860097879618,0,down,flat,false,36528.94692343208,39927.25368297893,true,8.907750352678514,3398.306759546853,0.08907750352678513,"{""up"":0.4638,""flat"":0.03375,""down"":0.50245}",1.401205505,3,크기 허용·방향 틀림,true,"{""sourceUrl"":""https://api.stock.naver.com/chart/domestic/item/257720/minute?startDateTime=202609301525&endDateTime=202609301545"",""rawHash"":""191279d043a4f807d72e2869a239a17f217b66e6dfa72ad76515731d549afbde"",""observedAt"":""2026-09-30T08:22:04Z"",""finalClose"":true}",1,2026-09-30T08:22:04Z,v1
score-9b9250535ae76958,score,2026-09-30,2026-09-30T08:22:04Z,,,"{""forecastId"":""2026-09-29-atlas11-128de9174cfdfa1f"",""inputSnapshotSHA256"":""de3c5b1e138a6dd629fe995931e95d1ebfde4edd2c126f5fa7457a8336832a24"",""collectionRecordId"":""collection-fd0e9b5e0961d8b1""}",2026-09-29-atlas11-128de9174cfdfa1f,atlas11-A-1,live,,2026-09-29T11:35:06Z,2026-09-29,102800,226950,올릭스,bio,2026-09-30,1,true,"{""p05"":94232.45720792748,""p10"":95981.70103271879,""p25"":98951.27982673107,""p50"":102434.54887770356,""p75"":106436.30008801876,""p90"":110373.64176983347,""p95"":114540.27177691979}",102500,-65.45112229643564,0.06385475345993721,1.5,true,-0.0035549720067746815,-0.0029182879377431803,down,down,true,95981.70103271879,110373.64176983347,true,13.999942351278872,14391.94073711468,0.1399994235127887,"{""up"":0.4547,""flat"":0.01025,""down"":0.53505}",0.42303565499999995,1,방향·크기 모두 맞음,false,"{""sourceUrl"":""https://api.stock.naver.com/chart/domestic/item/226950/minute?startDateTime=202609301525&endDateTime=202609301545"",""rawHash"":""078fd6e084439ac1034092eb47ef731799f61e3040736a069f3c4d3352040bc8"",""observedAt"":""2026-09-30T08:22:04Z"",""finalClose"":true}",1,2026-09-30T08:22:04Z,v1
score-30bf16ea5e8cc86a,score,2026-09-30,2026-09-30T08:22:04Z,,,"{""forecastId"":""2026-09-29-atlas11-128de9174cfdfa1f"",""inputSnapshotSHA256"":""de3c5b1e138a6dd629fe995931e95d1ebfde4edd2c126f5fa7457a8336832a24"",""collectionRecordId"":""collection-fd0e9b5e0961d8b1""}",2026-09-29-atlas11-128de9174cfdfa1f,atlas11-A-1,live,,2026-09-29T11:35:06Z,2026-09-29,16600,010170,대한광통신,semi,2026-09-30,1,true,"{""p05"":15357.308908088286,""p10"":15651.385549517794,""p25"":16076.541823486676,""p50"":16470.62383880737,""p75"":16990.31678660651,""p90"":17821.66510426794,""p95"":18611.598772781406}",16680,-209.37616119263112,1.2552527649438316,1.5,true,-0.007793744650158474,0.004819277108433662,down,up,false,15651.385549517794,17821.66510426794,true,13.073973221386423,2170.2795547501464,0.13073973221386423,"{""up"":0.40955,""flat"":0.01565,""down"":0.5748}",0.6792711649999998,3,크기 허용·방향 틀림,false,"{""sourceUrl"":""https://api.stock.naver.com/chart/domestic/item/010170/minute?startDateTime=202609301525&endDateTime=202609301545"",""rawHash"":""ba671c0ae7671e1135c1945e010de9678e62470181de7d8830fbc58ba3c2a008"",""observedAt"":""2026-09-30T08:22:04Z"",""finalClose"":true}",1,2026-09-30T08:22:04Z,v1
score-4dca3c0e051dccba,score,2026-09-30,2026-09-30T08:22:04Z,,,"{""forecastId"":""2026-09-29-atlas11-128de9174cfdfa1f"",""inputSnapshotSHA256"":""de3c5b1e138a6dd629fe995931e95d1ebfde4edd2c126f5fa7457a8336832a24"",""collectionRecordId"":""collection-fd0e9b5e0961d8b1""}",2026-09-29-atlas11-128de9174cfdfa1f,atlas11-A-1,live,,2026-09-29T11:35:06Z,2026-09-29,41700,214370,케어젠,bio,2026-09-30,1,true,"{""p05"":39080.47544233271,""p10"":39790.92986134471,""p25"":40652.56082016553,""p50"":41540.44056123763,""p75"":42610.18041271977,""p90"":43750.36006355984,""p95"":45036.95216625052}",40850,690.4405612376286,1.6901849724299354,1.5,false,-0.003826365437946566,-0.020383693045563533,down,down,true,39790.92986134471,43750.36006355984,true,9.495036456151395,3959.4302022151314,0.09495036456151394,"{""up"":0.4415,""flat"":0.02205,""down"":0.53645}",0.410287055,2,방향 맞고 크기 틀림,false,"{""sourceUrl"":""https://api.stock.naver.com/chart/domestic/item/214370/minute?startDateTime=202609301525&endDateTime=202609301545"",""rawHash"":""3a8caa702ae2b0178067860e32c6b50707568b3f33dbc2cbe1fe6576e3f36ffe"",""observedAt"":""2026-09-30T08:22:04Z"",""finalClose"":true}",1,2026-09-30T08:22:04Z,v1
score-e2318bf2c8032ca9,score,2026-09-30,2026-09-30T08:22:04Z,,,"{""forecastId"":""2026-09-29-atlas11-128de9174cfdfa1f"",""inputSnapshotSHA256"":""de3c5b1e138a6dd629fe995931e95d1ebfde4edd2c126f5fa7457a8336832a24"",""collectionRecordId"":""collection-fd0e9b5e0961d8b1""}",2026-09-29-atlas11-128de9174cfdfa1f,atlas11-A-1,live,,2026-09-29T11:35:06Z,2026-09-29,17880,030000,제일기획,net,2026-09-30,1,true,"{""p05"":17525.349430228493,""p10"":17620.985687354965,""p25"":17759.32806543412,""p50"":17885.716310163654,""p75"":18011.593877866428,""p90"":18157.097614162754,""p95"":18239.118465062}",18740,-854.2836898363457,4.558610938294268,1.5,false,0.0003197041478553153,0.04809843400447433,up,up,true,17620.985687354965,18157.097614162754,false,2.998388852392557,6365.135785180246,0.3559919342941972,"{""up"":0.47335,""flat"":0.08395,""down"":0.4427}",0.48039111500000004,2,방향 맞고 크기 틀림,true,"{""sourceUrl"":""https://api.stock.naver.com/chart/domestic/item/030000/minute?startDateTime=202609301525&endDateTime=202609301545"",""rawHash"":""d561edf8a1c58916027395fad3cb5ae15e4c21e651f96e0f1ef7633019721bd3"",""observedAt"":""2026-09-30T08:22:04Z"",""finalClose"":true}",1,2026-09-30T08:22:04Z,v1
