id,type,dateKST,at,supersedes,correctionReason,links,forecastId,modelVersion,kind,shadowOf,issuedAt,originDate,anchor,code,name,group,targetDate,horizon,evaluable,predicted,actual,priceError,ape,tolerancePct,priceHit,predictedReturn,actualReturn,predictedDirection,actualDirection,directionCorrect,lower,upper,covered,bandWidthPct,intervalScore,intervalScoreRel,probabilities,brier,class,classLabel,closeCall,actualEvidence,revisions,scoredAt,policyVersion
score-1aba12892a5d3565,score,2026-09-29,2026-09-29T09:19:36Z,,,"{""forecastId"":""2026-09-23-rolling20-c2697de31ff6788c"",""inputSnapshotSHA256"":""4a176a0e77a59cd2611700fbdd2e79f80244d90fc1db1c6e15ef1411d338d05d"",""collectionRecordId"":""collection-aca09441235c7a17""}",2026-09-23-rolling20-c2697de31ff6788c,atlas-rolling20-A,reference,,2026-09-28T07:59:39.699Z,2026-09-23,352000,373220,LG에너지솔루션,chem,2026-09-29,2,true,"{""p05"":null,""p10"":333992.58152097336,""p25"":null,""p50"":351258.841572171,""p75"":null,""p90"":371087.94026785163,""p95"":null}",353000,-1741.158427828981,0.4932460135492864,2,true,-0.002105563715423253,0.0028409090909091717,down,up,false,333992.58152097336,371087.94026785163,true,10.538454189454056,37095.35874687828,0.10538454189454056,"{""up"":0.4684,""flat"":0.0202,""down"":0.5114}",0.5445365600000001,3,크기 허용·방향 틀림,,"{""sourceUrl"":""https://fchart.stock.naver.com/sise.nhn?symbol=373220&timeframe=day&count=30&requestType=0"",""rawHash"":""77119a38664f169a6cdd03daa35636027ba7f976b5b13c1f3df33b9eecd0166b"",""observedAt"":""2026-09-29T09:19:36.000Z"",""finalClose"":true}",1,2026-09-29T09:19:36Z,v1
score-dfb0d0d64fc5cb7a,score,2026-09-29,2026-09-29T09:19:36Z,,,"{""forecastId"":""2026-09-23-rolling20-c2697de31ff6788c"",""inputSnapshotSHA256"":""4a176a0e77a59cd2611700fbdd2e79f80244d90fc1db1c6e15ef1411d338d05d"",""collectionRecordId"":""collection-aca09441235c7a17""}",2026-09-23-rolling20-c2697de31ff6788c,atlas-rolling20-A,reference,,2026-09-28T07:59:39.699Z,2026-09-23,368500,028260,삼성물산,util,2026-09-29,2,true,"{""p05"":null,""p10"":352688.4026367136,""p25"":null,""p50"":367912.2433232842,""p75"":null,""p90"":385418.22061503807,""p95"":null}",346500,21412.2433232842,6.179579602679423,2,false,-0.001594997765850148,-0.05970149253731338,down,down,true,352688.4026367136,385418.22061503807,false,8.881904471729847,94613.8443454603,0.25675398736895605,"{""up"":0.46495,""flat"":0.02655,""down"":0.5085}",0.458455655,2,방향 맞고 크기 틀림,,"{""sourceUrl"":""https://fchart.stock.naver.com/sise.nhn?symbol=028260&timeframe=day&count=30&requestType=0"",""rawHash"":""64051eff36114a34dd4b5e0ebab473e9e6cd2b99d568120b74f054e2e887aa0a"",""observedAt"":""2026-09-29T09:19:36.000Z"",""finalClose"":true}",1,2026-09-29T09:19:36Z,v1
score-3b6347777ff7c2ab,score,2026-09-29,2026-09-29T09:19:36Z,,,"{""forecastId"":""2026-09-23-rolling20-c2697de31ff6788c"",""inputSnapshotSHA256"":""4a176a0e77a59cd2611700fbdd2e79f80244d90fc1db1c6e15ef1411d338d05d"",""collectionRecordId"":""collection-aca09441235c7a17""}",2026-09-23-rolling20-c2697de31ff6788c,atlas-rolling20-A,reference,,2026-09-28T07:59:39.699Z,2026-09-23,295000,032830,삼성생명보험,fin,2026-09-29,2,true,"{""p05"":null,""p10"":282692.17672401806,""p25"":null,""p50"":294956.2703234566,""p75"":null,""p90"":310130.514293514,""p95"":null}",290500,4456.270323456614,1.5340001113447899,2,true,-0.00014823619167247948,-0.015254237288135575,down,down,true,282692.17672401806,310130.514293514,true,9.301131379490155,27438.337569495954,0.09301131379490155,"{""up"":0.48485,""flat"":0.0259,""down"":0.48925}",0.49661589500000003,1,방향·크기 모두 맞음,,"{""sourceUrl"":""https://fchart.stock.naver.com/sise.nhn?symbol=032830&timeframe=day&count=30&requestType=0"",""rawHash"":""b3bdc1253d6d9ff7b579be5f33e3ac61fede4861078657083041d2a4ffbb5e0f"",""observedAt"":""2026-09-29T09:19:36.000Z"",""finalClose"":true}",1,2026-09-29T09:19:36Z,v1
score-042c1855444699b6,score,2026-09-29,2026-09-29T09:19:36Z,,,"{""forecastId"":""2026-09-23-rolling20-c2697de31ff6788c"",""inputSnapshotSHA256"":""4a176a0e77a59cd2611700fbdd2e79f80244d90fc1db1c6e15ef1411d338d05d"",""collectionRecordId"":""collection-aca09441235c7a17""}",2026-09-23-rolling20-c2697de31ff6788c,atlas-rolling20-A,reference,,2026-09-28T07:59:39.699Z,2026-09-23,607000,034730,SK,util,2026-09-29,2,true,"{""p05"":null,""p10"":568047.7592169219,""p25"":null,""p50"":606020.9013067244,""p75"":null,""p90"":648997.622211331,""p95"":null}",584000,22020.90130672441,3.7707022785487,2,false,-0.0016130126742596174,-0.03789126853377267,down,down,true,568047.7592169219,648997.622211331,true,13.336056506492449,80949.86299440917,0.1333605650649245,"{""up"":0.47695,""flat"":0.0175,""down"":0.50555}",0.472268355,2,방향 맞고 크기 틀림,,"{""sourceUrl"":""https://fchart.stock.naver.com/sise.nhn?symbol=034730&timeframe=day&count=30&requestType=0"",""rawHash"":""319768fd3657eff38936609db750c5d19d5f33aa2f552adf0ef5fe5433a6bf08"",""observedAt"":""2026-09-29T09:19:36.000Z"",""finalClose"":true}",1,2026-09-29T09:19:36Z,v1
score-ebbc738aaf49d684,score,2026-09-29,2026-09-29T09:19:36Z,,,"{""forecastId"":""2026-09-23-rolling20-c2697de31ff6788c"",""inputSnapshotSHA256"":""4a176a0e77a59cd2611700fbdd2e79f80244d90fc1db1c6e15ef1411d338d05d"",""collectionRecordId"":""collection-aca09441235c7a17""}",2026-09-23-rolling20-c2697de31ff6788c,atlas-rolling20-A,reference,,2026-09-28T07:59:39.699Z,2026-09-23,207000,010120,LS ELECTRIC,heavy,2026-09-29,2,true,"{""p05"":null,""p10"":193460.97437249875,""p25"":null,""p50"":206192.10930207864,""p75"":null,""p90"":222701.3090772745,""p95"":null}",206000,192.10930207863566,0.09325694275661926,2,true,-0.003902853613146684,-0.004830917874396157,down,down,true,193460.97437249875,222701.3090772745,true,14.125765557862676,29240.33470477574,0.14125765557862677,"{""up"":0.45975,""flat"":0.0162,""down"":0.52405}",0.43816090499999993,1,방향·크기 모두 맞음,,"{""sourceUrl"":""https://fchart.stock.naver.com/sise.nhn?symbol=010120&timeframe=day&count=30&requestType=0"",""rawHash"":""e3110fc415242cecb1c2856931204d887e9a8517ba195aa1698d9c75a4a67c85"",""observedAt"":""2026-09-29T09:19:36.000Z"",""finalClose"":true}",1,2026-09-29T09:19:36Z,v1
score-3cfb73c0f462b2ed,score,2026-09-29,2026-09-29T09:19:36Z,,,"{""forecastId"":""2026-09-23-rolling20-c2697de31ff6788c"",""inputSnapshotSHA256"":""4a176a0e77a59cd2611700fbdd2e79f80244d90fc1db1c6e15ef1411d338d05d"",""collectionRecordId"":""collection-aca09441235c7a17""}",2026-09-23-rolling20-c2697de31ff6788c,atlas-rolling20-A,reference,,2026-09-28T07:59:39.699Z,2026-09-23,648000,000810,삼성화재,fin,2026-09-29,2,true,"{""p05"":null,""p10"":622917.9787108448,""p25"":null,""p50"":646077.3010494856,""p75"":null,""p90"":675440.3313850642,""p95"":null}",653000,-6922.69895051443,1.060137664703588,2,true,-0.002967128010053166,0.007716049382715973,down,up,false,622917.9787108448,675440.3313850642,true,8.105301338614106,52522.35267421941,0.08105301338614106,"{""up"":0.44365,""flat"":0.0285,""down"":0.52785}",0.588963195,3,크기 허용·방향 틀림,,"{""sourceUrl"":""https://fchart.stock.naver.com/sise.nhn?symbol=000810&timeframe=day&count=30&requestType=0"",""rawHash"":""c12d4fb4dc641f64e1143e6d8991f42ccf009cde140d1f1627670b8b68a712a5"",""observedAt"":""2026-09-29T09:19:36.000Z"",""finalClose"":true}",1,2026-09-29T09:19:36Z,v1
score-c8b20521ef006892,score,2026-09-29,2026-09-29T09:19:36Z,,,"{""forecastId"":""2026-09-23-rolling20-c2697de31ff6788c"",""inputSnapshotSHA256"":""4a176a0e77a59cd2611700fbdd2e79f80244d90fc1db1c6e15ef1411d338d05d"",""collectionRecordId"":""collection-aca09441235c7a17""}",2026-09-23-rolling20-c2697de31ff6788c,atlas-rolling20-A,reference,,2026-09-28T07:59:39.699Z,2026-09-23,1116000,010130,고려아연,chem,2026-09-29,2,true,"{""p05"":null,""p10"":1052188.6966246956,""p25"":null,""p50"":1110263.050831501,""p75"":null,""p90"":1191495.1693191845,""p95"":null}",1070000,40263.05083150091,3.7629019468692437,2,false,-0.00514063545564436,-0.04121863799283154,down,down,true,1052188.6966246956,1191495.1693191845,true,12.4826588435922,139306.47269448894,0.124826588435922,"{""up"":0.4383,""flat"":0.01955,""down"":0.54215}",0.402115715,2,방향 맞고 크기 틀림,,"{""sourceUrl"":""https://fchart.stock.naver.com/sise.nhn?symbol=010130&timeframe=day&count=30&requestType=0"",""rawHash"":""14124463a1876917149d16ba8e93428e142f09e23cc7c1fbd9e3830ad9213dff"",""observedAt"":""2026-09-29T09:19:36.000Z"",""finalClose"":true}",1,2026-09-29T09:19:36Z,v1
score-ad167b51b3f7e39b,score,2026-09-29,2026-09-29T09:19:36Z,,,"{""forecastId"":""2026-09-23-rolling20-c2697de31ff6788c"",""inputSnapshotSHA256"":""4a176a0e77a59cd2611700fbdd2e79f80244d90fc1db1c6e15ef1411d338d05d"",""collectionRecordId"":""collection-aca09441235c7a17""}",2026-09-23-rolling20-c2697de31ff6788c,atlas-rolling20-A,reference,,2026-09-28T07:59:39.699Z,2026-09-23,125500,138040,메리츠금융지주,fin,2026-09-29,2,true,"{""p05"":null,""p10"":121540.38249140065,""p25"":null,""p50"":125410.5069671091,""p75"":null,""p90"":130463.9115304543,""p95"":null}",132300,-6889.493032890896,5.207477727052831,2,false,-0.0007130918955450261,0.054183266932270824,down,up,false,121540.38249140065,130463.9115304543,false,7.11038170442521,27284.4137345107,0.2174056871275753,"{""up"":0.47405,""flat"":0.03125,""down"":0.4947}",0.5223280549999999,4,방향·크기 모두 틀림,,"{""sourceUrl"":""https://fchart.stock.naver.com/sise.nhn?symbol=138040&timeframe=day&count=30&requestType=0"",""rawHash"":""5dfd5ea6cb66efb8facf21fe9da2a2dbf9e77f9bb4ff883952e2d4652d569d01"",""observedAt"":""2026-09-29T09:19:36.000Z"",""finalClose"":true}",1,2026-09-29T09:19:36Z,v1
score-508d5aa77db9a48b,score,2026-09-29,2026-09-29T09:19:36Z,,,"{""forecastId"":""2026-09-23-rolling20-c2697de31ff6788c"",""inputSnapshotSHA256"":""4a176a0e77a59cd2611700fbdd2e79f80244d90fc1db1c6e15ef1411d338d05d"",""collectionRecordId"":""collection-aca09441235c7a17""}",2026-09-23-rolling20-c2697de31ff6788c,atlas-rolling20-A,reference,,2026-09-28T07:59:39.699Z,2026-09-23,20850,011200,HMM,auto,2026-09-29,2,true,"{""p05"":null,""p10"":20168.173160065548,""p25"":null,""p50"":20829.09384305578,""p75"":null,""p90"":21582.18201526155,""p95"":null}",20900,-70.90615694422013,0.33926390882401974,2,true,-0.00100269337861969,0.0023980815347721673,down,up,false,20168.173160065548,21582.18201526155,true,6.781817051299777,1414.0088551960034,0.06781817051299777,"{""up"":0.46685,""flat"":0.0331,""down"":0.50005}",0.535394535,3,크기 허용·방향 틀림,,"{""sourceUrl"":""https://fchart.stock.naver.com/sise.nhn?symbol=011200&timeframe=day&count=30&requestType=0"",""rawHash"":""a206e2eca51e351046dac512d002c28b913728290cf8cca261ae4609a54ac760"",""observedAt"":""2026-09-29T09:19:36.000Z"",""finalClose"":true}",1,2026-09-29T09:19:36Z,v1
score-875283a274aa8eba,score,2026-09-29,2026-09-29T09:19:36Z,,,"{""forecastId"":""2026-09-23-rolling20-c2697de31ff6788c"",""inputSnapshotSHA256"":""4a176a0e77a59cd2611700fbdd2e79f80244d90fc1db1c6e15ef1411d338d05d"",""collectionRecordId"":""collection-aca09441235c7a17""}",2026-09-23-rolling20-c2697de31ff6788c,atlas-rolling20-A,reference,,2026-09-28T07:59:39.699Z,2026-09-23,87000,017670,SK텔레콤,net,2026-09-29,2,true,"{""p05"":null,""p10"":84720.01432127236,""p25"":null,""p50"":86902.44090922462,""p75"":null,""p90"":89510.0068569282,""p95"":null}",86100,802.4409092246206,0.9319871187277822,2,true,-0.001121368859487104,-0.010344827586206917,down,down,true,84720.01432127236,89510.0068569282,true,5.505738546730848,4789.992535655838,0.055057385467308484,"{""up"":0.4592,""flat"":0.0385,""down"":0.5023}",0.46005218000000003,1,방향·크기 모두 맞음,,"{""sourceUrl"":""https://fchart.stock.naver.com/sise.nhn?symbol=017670&timeframe=day&count=30&requestType=0"",""rawHash"":""49dec8408f1abf069cf876e2d032900466b08f93f14a1178867f3cf262d3abe4"",""observedAt"":""2026-09-29T09:19:36.000Z"",""finalClose"":true}",1,2026-09-29T09:19:36Z,v1
score-628d7776354fbe1d,score,2026-09-29,2026-09-29T09:19:36Z,,,"{""forecastId"":""2026-09-23-rolling20-c2697de31ff6788c"",""inputSnapshotSHA256"":""4a176a0e77a59cd2611700fbdd2e79f80244d90fc1db1c6e15ef1411d338d05d"",""collectionRecordId"":""collection-aca09441235c7a17""}",2026-09-23-rolling20-c2697de31ff6788c,atlas-rolling20-A,reference,,2026-09-28T07:59:39.699Z,2026-09-23,221000,018260,삼성에스디에스,semi,2026-09-29,2,true,"{""p05"":null,""p10"":211412.16006049656,""p25"":null,""p50"":220632.76098088833,""p75"":null,""p90"":230476.97432877097,""p95"":null}",216500,4132.760980888328,1.9088965269692046,2,true,-0.0016617150186049034,-0.020361990950226283,down,down,true,211412.16006049656,230476.97432877097,true,8.626612791074391,19064.814268274407,0.08626612791074392,"{""up"":0.4643,""flat"":0.02585,""down"":0.50985}",0.45648973499999995,1,방향·크기 모두 맞음,,"{""sourceUrl"":""https://fchart.stock.naver.com/sise.nhn?symbol=018260&timeframe=day&count=30&requestType=0"",""rawHash"":""776d988d713d98be662fc08d3c9a40f55811c7856cd9609613d0dec49c6f849d"",""observedAt"":""2026-09-29T09:19:36.000Z"",""finalClose"":true}",1,2026-09-29T09:19:36Z,v1
score-c896969fd55767e7,score,2026-09-29,2026-09-29T09:19:36Z,,,"{""forecastId"":""2026-09-23-rolling20-c2697de31ff6788c"",""inputSnapshotSHA256"":""4a176a0e77a59cd2611700fbdd2e79f80244d90fc1db1c6e15ef1411d338d05d"",""collectionRecordId"":""collection-aca09441235c7a17""}",2026-09-23-rolling20-c2697de31ff6788c,atlas-rolling20-A,reference,,2026-09-28T07:59:39.699Z,2026-09-23,369000,278470,에이피알,cons,2026-09-29,2,true,"{""p05"":null,""p10"":345473.44436371065,""p25"":null,""p50"":368489.83460621105,""p75"":null,""p90"":394644.31750000594,""p95"":null}",361500,6989.83460621105,1.9335642064207608,2,true,-0.0013825620427885266,-0.020325203252032575,down,down,true,345473.44436371065,394644.31750000594,true,13.32543987433477,49170.8731362953,0.13325439874334769,"{""up"":0.4806,""flat"":0.01545,""down"":0.50395}",0.477280665,1,방향·크기 모두 맞음,,"{""sourceUrl"":""https://fchart.stock.naver.com/sise.nhn?symbol=278470&timeframe=day&count=30&requestType=0"",""rawHash"":""06bdbf2777683e9d8229f561653933cb1b84dc58333b5f37adb3f58ba6b25c61"",""observedAt"":""2026-09-29T09:19:36.000Z"",""finalClose"":true}",1,2026-09-29T09:19:36Z,v1
score-9eb422f57b213da2,score,2026-09-29,2026-09-29T09:19:36Z,,,"{""forecastId"":""2026-09-23-rolling20-c2697de31ff6788c"",""inputSnapshotSHA256"":""4a176a0e77a59cd2611700fbdd2e79f80244d90fc1db1c6e15ef1411d338d05d"",""collectionRecordId"":""collection-aca09441235c7a17""}",2026-09-23-rolling20-c2697de31ff6788c,atlas-rolling20-A,reference,,2026-09-28T07:59:39.699Z,2026-09-23,52900,030200,KT,net,2026-09-29,2,true,"{""p05"":null,""p10"":51674.945107104264,""p25"":null,""p50"":52891.42822425768,""p75"":null,""p90"":54200.35650679866,""p95"":null}",52600,291.428224257681,0.5540460537218269,2,true,-0.00016203734862607622,-0.005671077504725952,down,down,true,51674.945107104264,54200.35650679866,true,4.7739345929950705,2525.4113996943925,0.04773934592995071,"{""up"":0.47405,""flat"":0.0445,""down"":0.48145}",0.4955977550000001,1,방향·크기 모두 맞음,,"{""sourceUrl"":""https://fchart.stock.naver.com/sise.nhn?symbol=030200&timeframe=day&count=30&requestType=0"",""rawHash"":""c693c9b1cbaf5f0f353654ab6727859f1010927f32fde660213a29dfc15848db"",""observedAt"":""2026-09-29T09:19:36.000Z"",""finalClose"":true}",1,2026-09-29T09:19:36Z,v1
score-f679707b5c48ba07,score,2026-09-29,2026-09-29T09:19:36Z,,,"{""forecastId"":""2026-09-23-rolling20-c2697de31ff6788c"",""inputSnapshotSHA256"":""4a176a0e77a59cd2611700fbdd2e79f80244d90fc1db1c6e15ef1411d338d05d"",""collectionRecordId"":""collection-aca09441235c7a17""}",2026-09-23-rolling20-c2697de31ff6788c,atlas-rolling20-A,reference,,2026-09-28T07:59:39.699Z,2026-09-23,1218000,003230,삼양식품,cons,2026-09-29,2,true,"{""p05"":null,""p10"":1157058.317917901,""p25"":null,""p50"":1212027.6845072347,""p75"":null,""p90"":1288411.3641076083,""p95"":null}",1220000,-7972.3154927652795,0.6534684830135475,2,true,-0.0049033788938959155,0.0016420361247948545,down,up,false,1157058.317917901,1288411.3641076083,true,10.784322347266604,131353.04618970724,0.10784322347266605,"{""up"":0.4417,""flat"":0.01855,""down"":0.53975}",0.6033730549999999,3,크기 허용·방향 틀림,,"{""sourceUrl"":""https://fchart.stock.naver.com/sise.nhn?symbol=003230&timeframe=day&count=30&requestType=0"",""rawHash"":""09213e4f195dc96279cac54d6e41ff7b6011d508193c9000fb2109befd0e363d"",""observedAt"":""2026-09-29T09:19:36.000Z"",""finalClose"":true}",1,2026-09-29T09:19:36Z,v1
score-563546b0a65ebb44,score,2026-09-29,2026-09-29T09:19:36Z,,,"{""forecastId"":""2026-09-23-rolling20-c2697de31ff6788c"",""inputSnapshotSHA256"":""4a176a0e77a59cd2611700fbdd2e79f80244d90fc1db1c6e15ef1411d338d05d"",""collectionRecordId"":""collection-aca09441235c7a17""}",2026-09-23-rolling20-c2697de31ff6788c,atlas-rolling20-A,reference,,2026-09-28T07:59:39.699Z,2026-09-23,198500,259960,크래프톤,net,2026-09-29,2,true,"{""p05"":null,""p10"":191667.05694482097,""p25"":null,""p50"":198653.56381707353,""p75"":null,""p90"":205676.12550108632,""p95"":null}",198100,553.5638170735328,0.2794365558170282,2,true,0.0007736212447029267,-0.002015113350125941,up,down,false,191667.05694482097,205676.12550108632,true,7.057465267639976,14009.068556265353,0.07057465267639976,"{""up"":0.4963,""flat"":0.0323,""down"":0.4714}",0.52677494,3,크기 허용·방향 틀림,,"{""sourceUrl"":""https://fchart.stock.naver.com/sise.nhn?symbol=259960&timeframe=day&count=30&requestType=0"",""rawHash"":""a0b58df21cd0fb9f4c94dc4ed0865fec1cdc41716f80de5b34a2a4e4c1b63b0d"",""observedAt"":""2026-09-29T09:19:36.000Z"",""finalClose"":true}",1,2026-09-29T09:19:36Z,v1
score-9e25d5c72722a324,score,2026-09-29,2026-09-29T09:19:36Z,,,"{""forecastId"":""2026-09-23-rolling20-c2697de31ff6788c"",""inputSnapshotSHA256"":""4a176a0e77a59cd2611700fbdd2e79f80244d90fc1db1c6e15ef1411d338d05d"",""collectionRecordId"":""collection-aca09441235c7a17""}",2026-09-23-rolling20-c2697de31ff6788c,atlas-rolling20-A,reference,,2026-09-28T07:59:39.699Z,2026-09-23,99700,021240,코웨이,cons,2026-09-29,2,true,"{""p05"":null,""p10"":95909.97814447175,""p25"":null,""p50"":99710.9429191445,""p75"":null,""p90"":104473.61959960383,""p95"":null}",100800,-1089.0570808555058,1.080413770689986,2,true,0.00010975846684546653,0.011033099297893756,up,up,true,95909.97814447175,104473.61959960383,true,8.589409684184632,8563.641455132078,0.08589409684184632,"{""up"":0.48885,""flat"":0.0252,""down"":0.48595}",0.49805676499999996,1,방향·크기 모두 맞음,,"{""sourceUrl"":""https://fchart.stock.naver.com/sise.nhn?symbol=021240&timeframe=day&count=30&requestType=0"",""rawHash"":""7a1090af7672285bed0f7ce503422235e4171984f24e1f53f2db2b82e6db9e52"",""observedAt"":""2026-09-29T09:19:36.000Z"",""finalClose"":true}",1,2026-09-29T09:19:36Z,v1
score-bb5a34872245e3a2,score,2026-09-29,2026-09-29T09:19:36Z,,,"{""forecastId"":""2026-09-23-rolling20-c2697de31ff6788c"",""inputSnapshotSHA256"":""4a176a0e77a59cd2611700fbdd2e79f80244d90fc1db1c6e15ef1411d338d05d"",""collectionRecordId"":""collection-aca09441235c7a17""}",2026-09-23-rolling20-c2697de31ff6788c,atlas-rolling20-A,reference,,2026-09-28T07:59:39.699Z,2026-09-23,42750,029780,삼성카드,fin,2026-09-29,2,true,"{""p05"":null,""p10"":41654.825972356106,""p25"":null,""p50"":42753.758387988004,""p75"":null,""p90"":43796.4537008272,""p95"":null}",42500,253.75838798800396,0.5970785599717741,2,true,0.00008791550849140961,-0.005847953216374324,up,down,false,41654.825972356106,43796.4537008272,true,5.009655505195546,2141.627728471096,0.05009655505195546,"{""up"":0.481,""flat"":0.04425,""down"":0.47475}",0.509206625,3,크기 허용·방향 틀림,,"{""sourceUrl"":""https://fchart.stock.naver.com/sise.nhn?symbol=029780&timeframe=day&count=30&requestType=0"",""rawHash"":""ce0e87d803e03e67c38e12351e6f64a515a7085545ac9ad87c83985f5acab4ad"",""observedAt"":""2026-09-29T09:19:36.000Z"",""finalClose"":true}",1,2026-09-29T09:19:36Z,v1
score-7e4f2b5839bbdffb,score,2026-09-29,2026-09-29T09:19:36Z,,,"{""forecastId"":""2026-09-23-rolling20-c2697de31ff6788c"",""inputSnapshotSHA256"":""4a176a0e77a59cd2611700fbdd2e79f80244d90fc1db1c6e15ef1411d338d05d"",""collectionRecordId"":""collection-aca09441235c7a17""}",2026-09-23-rolling20-c2697de31ff6788c,atlas-rolling20-A,reference,,2026-09-28T07:59:39.699Z,2026-09-23,476500,002380,KCC,chem,2026-09-29,2,true,"{""p05"":null,""p10"":456124.49742667715,""p25"":null,""p50"":476079.24468563765,""p75"":null,""p90"":498257.53518623946,""p95"":null}",472000,4079.244685637648,0.8642467554317051,2,true,-0.0008830122022295273,-0.009443861490031513,down,down,true,456124.49742667715,498257.53518623946,true,8.842190505679394,42133.037759562314,0.08842190505679394,"{""up"":0.4753,""flat"":0.0262,""down"":0.4985}",0.47809878000000006,1,방향·크기 모두 맞음,,"{""sourceUrl"":""https://fchart.stock.naver.com/sise.nhn?symbol=002380&timeframe=day&count=30&requestType=0"",""rawHash"":""51ad1426ab0fe112b8448661288c48f0fbf8989f423b03f0d3f683153c4d30c7"",""observedAt"":""2026-09-29T09:19:36.000Z"",""finalClose"":true}",1,2026-09-29T09:19:36Z,v1
score-d2727f3513007fa8,score,2026-09-29,2026-09-29T09:19:36Z,,,"{""forecastId"":""2026-09-23-rolling20-c2697de31ff6788c"",""inputSnapshotSHA256"":""4a176a0e77a59cd2611700fbdd2e79f80244d90fc1db1c6e15ef1411d338d05d"",""collectionRecordId"":""collection-aca09441235c7a17""}",2026-09-23-rolling20-c2697de31ff6788c,atlas-rolling20-A,reference,,2026-09-28T07:59:39.699Z,2026-09-23,349000,004170,신세계,cons,2026-09-29,2,true,"{""p05"":null,""p10"":330415.3093289893,""p25"":null,""p50"":348997.9143468069,""p75"":null,""p90"":371146.77736626094,""p95"":null}",337500,11497.91434680688,3.4067894360909277,2,false,-0.0000059760836479405555,-0.03295128939828085,up,down,false,330415.3093289893,371146.77736626094,true,11.670907747069238,40731.46803727164,0.11670907747069238,"{""up"":0.49055,""flat"":0.01945,""down"":0.49}",0.501117605,4,방향·크기 모두 틀림,,"{""sourceUrl"":""https://fchart.stock.naver.com/sise.nhn?symbol=004170&timeframe=day&count=30&requestType=0"",""rawHash"":""45612d694e7d8e23ffbc693f5968b2072f6ade94fc633f3f639c6e21d3786abc"",""observedAt"":""2026-09-29T09:19:36.000Z"",""finalClose"":true}",1,2026-09-29T09:19:36Z,v1
score-cb0f97e2cde3ad88,score,2026-09-29,2026-09-29T09:19:36Z,,,"{""forecastId"":""2026-09-23-rolling20-c2697de31ff6788c"",""inputSnapshotSHA256"":""4a176a0e77a59cd2611700fbdd2e79f80244d90fc1db1c6e15ef1411d338d05d"",""collectionRecordId"":""collection-aca09441235c7a17""}",2026-09-23-rolling20-c2697de31ff6788c,atlas-rolling20-A,reference,,2026-09-28T07:59:39.699Z,2026-09-23,82400,012750,에스원,util,2026-09-29,2,true,"{""p05"":null,""p10"":79447.23743358206,""p25"":null,""p50"":82430.94018453558,""p75"":null,""p90"":85457.09073510446,""p95"":null}",82800,-369.0598154644249,0.44572441481210734,2,true,0.00037548767640260827,0.004854368932038833,up,up,true,79447.23743358206,85457.09073510446,true,7.293511288255333,6009.853301522395,0.07293511288255333,"{""up"":0.4916,""flat"":0.0312,""down"":0.4772}",0.48716383999999996,1,방향·크기 모두 맞음,,"{""sourceUrl"":""https://fchart.stock.naver.com/sise.nhn?symbol=012750&timeframe=day&count=30&requestType=0"",""rawHash"":""d09a38d478ea884c5e2038579464133b6908ea3816b8b04bb8c3f1fb53e35ab6"",""observedAt"":""2026-09-29T09:19:36.000Z"",""finalClose"":true}",1,2026-09-29T09:19:36Z,v1
score-a7be33846e53698e,score,2026-09-29,2026-09-29T09:19:36Z,,,"{""forecastId"":""2026-09-23-rolling20-c2697de31ff6788c"",""inputSnapshotSHA256"":""4a176a0e77a59cd2611700fbdd2e79f80244d90fc1db1c6e15ef1411d338d05d"",""collectionRecordId"":""collection-aca09441235c7a17""}",2026-09-23-rolling20-c2697de31ff6788c,atlas-rolling20-A,reference,,2026-09-28T07:59:39.699Z,2026-09-23,69700,111770,영원무역,cons,2026-09-29,2,true,"{""p05"":null,""p10"":67478.0858959161,""p25"":null,""p50"":69995.71897384725,""p75"":null,""p90"":72572.18278098342,""p95"":null}",71000,-1004.2810261527484,1.4144803185249977,2,true,0.004242739940419682,0.01865136298421799,up,up,true,67478.0858959161,72572.18278098342,true,7.308603852320407,5094.0968850673235,0.07308603852320407,"{""up"":0.5487,""flat"":0.031,""down"":0.4203}",0.38128478000000005,1,방향·크기 모두 맞음,,"{""sourceUrl"":""https://fchart.stock.naver.com/sise.nhn?symbol=111770&timeframe=day&count=30&requestType=0"",""rawHash"":""118970bd70840c0e5f46d12928cda7c513bfd16322dc5406ddf8ae47dcf5dbae"",""observedAt"":""2026-09-29T09:19:36.000Z"",""finalClose"":true}",1,2026-09-29T09:19:36Z,v1
score-14044848aa7fe643,score,2026-09-29,2026-09-29T09:19:36Z,,,"{""forecastId"":""2026-09-23-rolling20-c2697de31ff6788c"",""inputSnapshotSHA256"":""4a176a0e77a59cd2611700fbdd2e79f80244d90fc1db1c6e15ef1411d338d05d"",""collectionRecordId"":""collection-aca09441235c7a17""}",2026-09-23-rolling20-c2697de31ff6788c,atlas-rolling20-A,reference,,2026-09-28T07:59:39.699Z,2026-09-23,14380,035250,강원랜드,cons,2026-09-29,2,true,"{""p05"":null,""p10"":14081.3513228799,""p25"":null,""p50"":14370.313324179348,""p75"":null,""p90"":14674.762415637826,""p95"":null}",14390,-19.686675820652454,0.13680803211016299,2,true,-0.0006736214061650037,0.0006954102920724292,down,flat,false,14081.3513228799,14674.762415637826,true,4.126641813337454,593.4110927579259,0.04126641813337454,"{""up"":0.45325,""flat"":0.0563,""down"":0.49045}",1.336546455,3,크기 허용·방향 틀림,,"{""sourceUrl"":""https://fchart.stock.naver.com/sise.nhn?symbol=035250&timeframe=day&count=30&requestType=0"",""rawHash"":""5fc1eebcc5bafbd13a02ec9320da9290b23fd2cb2dc8cd8f2d3c615137f5bc94"",""observedAt"":""2026-09-29T09:19:36.000Z"",""finalClose"":true}",1,2026-09-29T09:19:36Z,v1
score-316636888c912af2,score,2026-09-29,2026-09-29T09:19:36Z,,,"{""forecastId"":""2026-09-23-rolling20-c2697de31ff6788c"",""inputSnapshotSHA256"":""4a176a0e77a59cd2611700fbdd2e79f80244d90fc1db1c6e15ef1411d338d05d"",""collectionRecordId"":""collection-aca09441235c7a17""}",2026-09-23-rolling20-c2697de31ff6788c,atlas-rolling20-A,reference,,2026-09-28T07:59:39.699Z,2026-09-23,102300,226950,올릭스,bio,2026-09-29,2,true,"{""p05"":null,""p10"":92314.09629911596,""p25"":null,""p50"":101812.80257371289,""p75"":null,""p90"":114074.04356613108,""p95"":null}",102800,-987.1974262871081,0.9603087804349301,2,true,-0.00476243818462474,0.004887585532746819,down,up,false,92314.09629911596,114074.04356613108,true,21.27072069111937,21759.947267015115,0.21270720691119369,"{""up"":0.4693,""flat"":0.0104,""down"":0.5203}",0.55246274,3,크기 허용·방향 틀림,,"{""sourceUrl"":""https://fchart.stock.naver.com/sise.nhn?symbol=226950&timeframe=day&count=30&requestType=0"",""rawHash"":""ab9b9de787bcc487530145a69202fe6d201d5167e35486275adf34e9660f6c62"",""observedAt"":""2026-09-29T09:19:36.000Z"",""finalClose"":true}",1,2026-09-29T09:19:36Z,v1
score-cbb8f8d68d0a36ea,score,2026-09-29,2026-09-29T09:19:36Z,,,"{""forecastId"":""2026-09-23-rolling20-c2697de31ff6788c"",""inputSnapshotSHA256"":""4a176a0e77a59cd2611700fbdd2e79f80244d90fc1db1c6e15ef1411d338d05d"",""collectionRecordId"":""collection-aca09441235c7a17""}",2026-09-23-rolling20-c2697de31ff6788c,atlas-rolling20-A,reference,,2026-09-28T07:59:39.699Z,2026-09-23,17740,030000,제일기획,net,2026-09-29,2,true,"{""p05"":null,""p10"":17301.167066324793,""p25"":null,""p50"":17759.543044481696,""p75"":null,""p90"":18204.925428655148,""p95"":null}",17860,-100.45695551830431,0.562468955869565,2,true,0.0011016372312118161,0.006764374295377573,up,up,true,17301.167066324793,18204.925428655148,true,5.0944665294833955,903.7583623303544,0.050944665294833956,"{""up"":0.5028,""flat"":0.0445,""down"":0.4527}",0.45412537999999997,1,방향·크기 모두 맞음,,"{""sourceUrl"":""https://fchart.stock.naver.com/sise.nhn?symbol=030000&timeframe=day&count=30&requestType=0"",""rawHash"":""039de5fb83fbb2b4e61e405368124304db7ad62545843b66fc679a8178684f7b"",""observedAt"":""2026-09-29T09:19:36.000Z"",""finalClose"":true}",1,2026-09-29T09:19:36Z,v1
score-d09702f342d01fb5,score,2026-09-29,2026-09-29T09:19:36Z,,,"{""forecastId"":""2026-09-28-rolling20-13cd892134e517b4"",""inputSnapshotSHA256"":""4a176a0e77a59cd2611700fbdd2e79f80244d90fc1db1c6e15ef1411d338d05d"",""collectionRecordId"":""collection-aca09441235c7a17""}",2026-09-28-rolling20-13cd892134e517b4,atlas-rolling20-A,live,,2026-09-28T09:39:48.714Z,2026-09-28,364000,373220,LG에너지솔루션,chem,2026-09-29,1,true,"{""p05"":null,""p10"":350561.15791234677,""p25"":null,""p50"":363889.58422618534,""p75"":null,""p90"":378195.2210586166,""p95"":null}",353000,10889.58422618534,3.0848680527437224,1.5,false,-0.0003033400379524043,-0.030219780219780223,down,down,true,350561.15791234677,378195.2210586166,true,7.591775589634567,27634.063146269822,0.07591775589634567,"{""up"":0.47695,""flat"":0.0288,""down"":0.49425}",0.4840938049999999,2,방향 맞고 크기 틀림,,"{""sourceUrl"":""https://fchart.stock.naver.com/sise.nhn?symbol=373220&timeframe=day&count=30&requestType=0"",""rawHash"":""77119a38664f169a6cdd03daa35636027ba7f976b5b13c1f3df33b9eecd0166b"",""observedAt"":""2026-09-29T09:19:36.000Z"",""finalClose"":true}",1,2026-09-29T09:19:36Z,v1
score-b90971f3872a354b,score,2026-09-29,2026-09-29T09:19:36Z,,,"{""forecastId"":""2026-09-28-rolling20-13cd892134e517b4"",""inputSnapshotSHA256"":""4a176a0e77a59cd2611700fbdd2e79f80244d90fc1db1c6e15ef1411d338d05d"",""collectionRecordId"":""collection-aca09441235c7a17""}",2026-09-28-rolling20-13cd892134e517b4,atlas-rolling20-A,live,,2026-09-28T09:39:48.714Z,2026-09-28,345500,028260,삼성물산,util,2026-09-29,1,true,"{""p05"":null,""p10"":332785.1201425453,""p25"":null,""p50"":344958.0702034151,""p75"":null,""p90"":357982.26434519724,""p95"":null}",346500,-1541.9297965848818,0.44500138429578123,1.5,true,-0.0015685377614612639,0.0028943560057888007,down,up,false,332785.1201425453,357982.26434519724,true,7.292950565166982,25197.14420265192,0.07292950565166982,"{""up"":0.4504,""flat"":0.0365,""down"":0.5131}",0.5666640199999999,3,크기 허용·방향 틀림,,"{""sourceUrl"":""https://fchart.stock.naver.com/sise.nhn?symbol=028260&timeframe=day&count=30&requestType=0"",""rawHash"":""64051eff36114a34dd4b5e0ebab473e9e6cd2b99d568120b74f054e2e887aa0a"",""observedAt"":""2026-09-29T09:19:36.000Z"",""finalClose"":true}",1,2026-09-29T09:19:36Z,v1
score-d286c8c995992af6,score,2026-09-29,2026-09-29T09:19:36Z,,,"{""forecastId"":""2026-09-28-rolling20-13cd892134e517b4"",""inputSnapshotSHA256"":""4a176a0e77a59cd2611700fbdd2e79f80244d90fc1db1c6e15ef1411d338d05d"",""collectionRecordId"":""collection-aca09441235c7a17""}",2026-09-28-rolling20-13cd892134e517b4,atlas-rolling20-A,live,,2026-09-28T09:39:48.714Z,2026-09-28,296000,032830,삼성생명보험,fin,2026-09-29,1,true,"{""p05"":null,""p10"":287409.0377263782,""p25"":null,""p50"":295753.2895100759,""p75"":null,""p90"":305297.5313173459,""p95"":null}",290500,5253.289510075876,1.8083612771345527,1.5,false,-0.0008334813848788203,-0.01858108108108103,down,down,true,287409.0377263782,305297.5313173459,true,6.043409996948557,17888.49359096773,0.06043409996948557,"{""up"":0.4651,""flat"":0.0381,""down"":0.4968}",0.47097986,2,방향 맞고 크기 틀림,,"{""sourceUrl"":""https://fchart.stock.naver.com/sise.nhn?symbol=032830&timeframe=day&count=30&requestType=0"",""rawHash"":""b3bdc1253d6d9ff7b579be5f33e3ac61fede4861078657083041d2a4ffbb5e0f"",""observedAt"":""2026-09-29T09:19:36.000Z"",""finalClose"":true}",1,2026-09-29T09:19:36Z,v1
score-7246beca5070f2b3,score,2026-09-29,2026-09-29T09:19:36Z,,,"{""forecastId"":""2026-09-28-rolling20-13cd892134e517b4"",""inputSnapshotSHA256"":""4a176a0e77a59cd2611700fbdd2e79f80244d90fc1db1c6e15ef1411d338d05d"",""collectionRecordId"":""collection-aca09441235c7a17""}",2026-09-28-rolling20-13cd892134e517b4,atlas-rolling20-A,live,,2026-09-28T09:39:48.714Z,2026-09-28,578000,034730,SK,util,2026-09-29,1,true,"{""p05"":null,""p10"":550635.5661565217,""p25"":null,""p50"":576872.1475233042,""p75"":null,""p90"":604443.705473313,""p95"":null}",584000,-7127.852476695785,1.2205226843657166,1.5,true,-0.0019513018627954626,0.01038062283737018,down,up,false,550635.5661565217,604443.705473313,true,9.309366663804726,53808.13931679132,0.09309366663804726,"{""up"":0.4624,""flat"":0.0276,""down"":0.51}",0.5498755200000001,3,크기 허용·방향 틀림,,"{""sourceUrl"":""https://fchart.stock.naver.com/sise.nhn?symbol=034730&timeframe=day&count=30&requestType=0"",""rawHash"":""319768fd3657eff38936609db750c5d19d5f33aa2f552adf0ef5fe5433a6bf08"",""observedAt"":""2026-09-29T09:19:36.000Z"",""finalClose"":true}",1,2026-09-29T09:19:36Z,v1
score-53ed625b4a456383,score,2026-09-29,2026-09-29T09:19:36Z,,,"{""forecastId"":""2026-09-28-rolling20-13cd892134e517b4"",""inputSnapshotSHA256"":""4a176a0e77a59cd2611700fbdd2e79f80244d90fc1db1c6e15ef1411d338d05d"",""collectionRecordId"":""collection-aca09441235c7a17""}",2026-09-28-rolling20-13cd892134e517b4,atlas-rolling20-A,live,,2026-09-28T09:39:48.714Z,2026-09-28,204500,010120,LS ELECTRIC,heavy,2026-09-29,1,true,"{""p05"":null,""p10"":195550.49770063313,""p25"":null,""p50"":203814.5144623374,""p75"":null,""p90"":215234.86034770997,""p95"":null}",206000,-2185.4855376626074,1.060915309544955,1.5,true,-0.0033520075191325605,0.007334963325183352,down,up,false,195550.49770063313,215234.86034770997,true,9.62560520639454,19684.362647076836,0.09625605206394541,"{""up"":0.4381,""flat"":0.03555,""down"":0.52635}",0.5940397350000001,3,크기 허용·방향 틀림,,"{""sourceUrl"":""https://fchart.stock.naver.com/sise.nhn?symbol=010120&timeframe=day&count=30&requestType=0"",""rawHash"":""e3110fc415242cecb1c2856931204d887e9a8517ba195aa1698d9c75a4a67c85"",""observedAt"":""2026-09-29T09:19:36.000Z"",""finalClose"":true}",1,2026-09-29T09:19:36Z,v1
score-e31ba352a254766d,score,2026-09-29,2026-09-29T09:19:36Z,,,"{""forecastId"":""2026-09-28-rolling20-13cd892134e517b4"",""inputSnapshotSHA256"":""4a176a0e77a59cd2611700fbdd2e79f80244d90fc1db1c6e15ef1411d338d05d"",""collectionRecordId"":""collection-aca09441235c7a17""}",2026-09-28-rolling20-13cd892134e517b4,atlas-rolling20-A,live,,2026-09-28T09:39:48.714Z,2026-09-28,661000,000810,삼성화재,fin,2026-09-29,1,true,"{""p05"":null,""p10"":643276.2325376064,""p25"":null,""p50"":659816.9294697228,""p75"":null,""p90"":678637.1886861576,""p95"":null}",653000,6816.929469722789,1.0439401944445312,1.5,true,-0.0017898192591183637,-0.012102874432677768,down,down,true,643276.2325376064,678637.1886861576,true,5.349615151066747,35360.956148551195,0.053496151510667465,"{""up"":0.43965,""flat"":0.0426,""down"":0.51775}",0.42767194499999994,1,방향·크기 모두 맞음,,"{""sourceUrl"":""https://fchart.stock.naver.com/sise.nhn?symbol=000810&timeframe=day&count=30&requestType=0"",""rawHash"":""c12d4fb4dc641f64e1143e6d8991f42ccf009cde140d1f1627670b8b68a712a5"",""observedAt"":""2026-09-29T09:19:36.000Z"",""finalClose"":true}",1,2026-09-29T09:19:36Z,v1
score-dd232a55fa167c2a,score,2026-09-29,2026-09-29T09:19:36Z,,,"{""forecastId"":""2026-09-28-rolling20-13cd892134e517b4"",""inputSnapshotSHA256"":""4a176a0e77a59cd2611700fbdd2e79f80244d90fc1db1c6e15ef1411d338d05d"",""collectionRecordId"":""collection-aca09441235c7a17""}",2026-09-28-rolling20-13cd892134e517b4,atlas-rolling20-A,live,,2026-09-28T09:39:48.714Z,2026-09-28,1102000,010130,고려아연,chem,2026-09-29,1,true,"{""p05"":null,""p10"":1059658.2537400885,""p25"":null,""p50"":1098971.5410571957,""p75"":null,""p90"":1154342.2595145754,""p95"":null}",1070000,28971.541057195747,2.7076206595510044,1.5,false,-0.002748147860983874,-0.029038112522686066,down,down,true,1059658.2537400885,1154342.2595145754,true,8.592015043056879,94684.00577448681,0.08592015043056879,"{""up"":0.40635,""flat"":0.05045,""down"":0.5432}",0.376331765,2,방향 맞고 크기 틀림,,"{""sourceUrl"":""https://fchart.stock.naver.com/sise.nhn?symbol=010130&timeframe=day&count=30&requestType=0"",""rawHash"":""14124463a1876917149d16ba8e93428e142f09e23cc7c1fbd9e3830ad9213dff"",""observedAt"":""2026-09-29T09:19:36.000Z"",""finalClose"":true}",1,2026-09-29T09:19:36Z,v1
score-b262e8d9f1723bae,score,2026-09-29,2026-09-29T09:19:36Z,,,"{""forecastId"":""2026-09-28-rolling20-13cd892134e517b4"",""inputSnapshotSHA256"":""4a176a0e77a59cd2611700fbdd2e79f80244d90fc1db1c6e15ef1411d338d05d"",""collectionRecordId"":""collection-aca09441235c7a17""}",2026-09-28-rolling20-13cd892134e517b4,atlas-rolling20-A,live,,2026-09-28T09:39:48.714Z,2026-09-28,133400,138040,메리츠금융지주,fin,2026-09-29,1,true,"{""p05"":null,""p10"":129551.53986593716,""p25"":null,""p50"":132768.04948520704,""p75"":null,""p90"":137216.58867525094,""p95"":null}",132300,468.04948520704056,0.3537789003832506,1.5,true,-0.0047372602308317635,-0.008245877061469287,down,down,true,129551.53986593716,137216.58867525094,true,5.745913650160257,7665.048809313783,0.05745913650160257,"{""up"":0.3737,""flat"":0.05435,""down"":0.57195}",0.32583241500000004,1,방향·크기 모두 맞음,,"{""sourceUrl"":""https://fchart.stock.naver.com/sise.nhn?symbol=138040&timeframe=day&count=30&requestType=0"",""rawHash"":""5dfd5ea6cb66efb8facf21fe9da2a2dbf9e77f9bb4ff883952e2d4652d569d01"",""observedAt"":""2026-09-29T09:19:36.000Z"",""finalClose"":true}",1,2026-09-29T09:19:36Z,v1
score-1aa2a1f058d701b7,score,2026-09-29,2026-09-29T09:19:36Z,,,"{""forecastId"":""2026-09-28-rolling20-13cd892134e517b4"",""inputSnapshotSHA256"":""4a176a0e77a59cd2611700fbdd2e79f80244d90fc1db1c6e15ef1411d338d05d"",""collectionRecordId"":""collection-aca09441235c7a17""}",2026-09-28-rolling20-13cd892134e517b4,atlas-rolling20-A,live,,2026-09-28T09:39:48.714Z,2026-09-28,21250,011200,HMM,auto,2026-09-29,1,true,"{""p05"":null,""p10"":20729.930885585552,""p25"":null,""p50"":21242.451327034338,""p75"":null,""p90"":21783.726474531657,""p95"":null}",20900,342.45132703433774,1.6385230958580754,1.5,false,-0.0003552316689723334,-0.016470588235294126,down,down,true,20729.930885585552,21783.726474531657,true,4.959038065628727,1053.7955889461045,0.04959038065628727,"{""up"":0.44675,""flat"":0.06675,""down"":0.4865}",0.46772337500000005,2,방향 맞고 크기 틀림,,"{""sourceUrl"":""https://fchart.stock.naver.com/sise.nhn?symbol=011200&timeframe=day&count=30&requestType=0"",""rawHash"":""a206e2eca51e351046dac512d002c28b913728290cf8cca261ae4609a54ac760"",""observedAt"":""2026-09-29T09:19:36.000Z"",""finalClose"":true}",1,2026-09-29T09:19:36Z,v1
score-2479143e3b4bfe9e,score,2026-09-29,2026-09-29T09:19:36Z,,,"{""forecastId"":""2026-09-28-rolling20-13cd892134e517b4"",""inputSnapshotSHA256"":""4a176a0e77a59cd2611700fbdd2e79f80244d90fc1db1c6e15ef1411d338d05d"",""collectionRecordId"":""collection-aca09441235c7a17""}",2026-09-28-rolling20-13cd892134e517b4,atlas-rolling20-A,live,,2026-09-28T09:39:48.714Z,2026-09-28,88200,017670,SK텔레콤,net,2026-09-29,1,true,"{""p05"":null,""p10"":86629.32903866011,""p25"":null,""p50"":88130.93327254953,""p75"":null,""p90"":89991.39269743017,""p95"":null}",86100,2030.9332725495333,2.3588075174791325,1.5,false,-0.0007830694722275044,-0.023809523809523836,down,down,true,86629.32903866011,89991.39269743017,false,3.81186355869621,8655.354045371205,0.0981332658205352,"{""up"":0.45295,""flat"":0.07725,""down"":0.4698}",0.492243305,2,방향 맞고 크기 틀림,,"{""sourceUrl"":""https://fchart.stock.naver.com/sise.nhn?symbol=017670&timeframe=day&count=30&requestType=0"",""rawHash"":""49dec8408f1abf069cf876e2d032900466b08f93f14a1178867f3cf262d3abe4"",""observedAt"":""2026-09-29T09:19:36.000Z"",""finalClose"":true}",1,2026-09-29T09:19:36Z,v1
score-f29f33100a2a568a,score,2026-09-29,2026-09-29T09:19:36Z,,,"{""forecastId"":""2026-09-28-rolling20-13cd892134e517b4"",""inputSnapshotSHA256"":""4a176a0e77a59cd2611700fbdd2e79f80244d90fc1db1c6e15ef1411d338d05d"",""collectionRecordId"":""collection-aca09441235c7a17""}",2026-09-28-rolling20-13cd892134e517b4,atlas-rolling20-A,live,,2026-09-28T09:39:48.714Z,2026-09-28,219000,018260,삼성에스디에스,semi,2026-09-29,1,true,"{""p05"":null,""p10"":212717.79306516878,""p25"":null,""p50"":218784.110204126,""p75"":null,""p90"":224874.2373290256,""p95"":null}",216500,2284.1102041259874,1.055016260566276,1.5,true,-0.0009857981546758099,-0.011415525114155223,down,down,true,212717.79306516878,224874.2373290256,true,5.550887791715446,12156.444263856829,0.05550887791715447,"{""up"":0.4526,""flat"":0.0651,""down"":0.4823}",0.47709806000000005,1,방향·크기 모두 맞음,,"{""sourceUrl"":""https://fchart.stock.naver.com/sise.nhn?symbol=018260&timeframe=day&count=30&requestType=0"",""rawHash"":""776d988d713d98be662fc08d3c9a40f55811c7856cd9609613d0dec49c6f849d"",""observedAt"":""2026-09-29T09:19:36.000Z"",""finalClose"":true}",1,2026-09-29T09:19:36Z,v1
score-f0cde4a5f8866587,score,2026-09-29,2026-09-29T09:19:36Z,,,"{""forecastId"":""2026-09-28-rolling20-13cd892134e517b4"",""inputSnapshotSHA256"":""4a176a0e77a59cd2611700fbdd2e79f80244d90fc1db1c6e15ef1411d338d05d"",""collectionRecordId"":""collection-aca09441235c7a17""}",2026-09-28-rolling20-13cd892134e517b4,atlas-rolling20-A,live,,2026-09-28T09:39:48.714Z,2026-09-28,368500,278470,에이피알,cons,2026-09-29,1,true,"{""p05"":null,""p10"":351852.708293176,""p25"":null,""p50"":368361.5128795771,""p75"":null,""p90"":387705.2117008389,""p95"":null}",361500,6861.512879577116,1.8980671866050114,1.5,false,-0.00037581308120182566,-0.018995929443690662,down,down,true,351852.708293176,387705.2117008389,true,9.72930893016631,35852.50340766285,0.0972930893016631,"{""up"":0.47585,""flat"":0.02985,""down"":0.4943}",0.483056735,2,방향 맞고 크기 틀림,,"{""sourceUrl"":""https://fchart.stock.naver.com/sise.nhn?symbol=278470&timeframe=day&count=30&requestType=0"",""rawHash"":""06bdbf2777683e9d8229f561653933cb1b84dc58333b5f37adb3f58ba6b25c61"",""observedAt"":""2026-09-29T09:19:36.000Z"",""finalClose"":true}",1,2026-09-29T09:19:36Z,v1
score-196b7fd163405dd9,score,2026-09-29,2026-09-29T09:19:36Z,,,"{""forecastId"":""2026-09-28-rolling20-13cd892134e517b4"",""inputSnapshotSHA256"":""4a176a0e77a59cd2611700fbdd2e79f80244d90fc1db1c6e15ef1411d338d05d"",""collectionRecordId"":""collection-aca09441235c7a17""}",2026-09-28-rolling20-13cd892134e517b4,atlas-rolling20-A,live,,2026-09-28T09:39:48.714Z,2026-09-28,52900,030200,KT,net,2026-09-29,1,true,"{""p05"":null,""p10"":52072.27304558202,""p25"":null,""p50"":52910.11231608776,""p75"":null,""p90"":53764.704239533836,""p95"":null}",52600,310.1123160877614,0.5895671408512574,1.5,true,0.00019115909428668587,-0.005671077504725952,up,down,false,52072.27304558202,53764.704239533836,true,3.1993028241055113,1692.4311939518157,0.03199302824105511,"{""up"":0.4654,""flat"":0.07895,""down"":0.45565}",0.519147185,3,크기 허용·방향 틀림,,"{""sourceUrl"":""https://fchart.stock.naver.com/sise.nhn?symbol=030200&timeframe=day&count=30&requestType=0"",""rawHash"":""c693c9b1cbaf5f0f353654ab6727859f1010927f32fde660213a29dfc15848db"",""observedAt"":""2026-09-29T09:19:36.000Z"",""finalClose"":true}",1,2026-09-29T09:19:36Z,v1
score-45ead79b9db48037,score,2026-09-29,2026-09-29T09:19:36Z,,,"{""forecastId"":""2026-09-28-rolling20-13cd892134e517b4"",""inputSnapshotSHA256"":""4a176a0e77a59cd2611700fbdd2e79f80244d90fc1db1c6e15ef1411d338d05d"",""collectionRecordId"":""collection-aca09441235c7a17""}",2026-09-28-rolling20-13cd892134e517b4,atlas-rolling20-A,live,,2026-09-28T09:39:48.714Z,2026-09-28,1215000,003230,삼양식품,cons,2026-09-29,1,true,"{""p05"":null,""p10"":1174454.1380512444,""p25"":null,""p50"":1210056.0148690285,""p75"":null,""p90"":1264359.4294562682,""p95"":null}",1220000,-9943.98513097153,0.8150807484402894,1.5,true,-0.004069123564585664,0.004115226337448652,down,up,false,1174454.1380512444,1264359.4294562682,true,7.399612461318829,89905.29140502377,0.07399612461318829,"{""up"":0.42485,""flat"":0.032,""down"":0.54315}",0.6268334450000002,3,크기 허용·방향 틀림,,"{""sourceUrl"":""https://fchart.stock.naver.com/sise.nhn?symbol=003230&timeframe=day&count=30&requestType=0"",""rawHash"":""09213e4f195dc96279cac54d6e41ff7b6011d508193c9000fb2109befd0e363d"",""observedAt"":""2026-09-29T09:19:36.000Z"",""finalClose"":true}",1,2026-09-29T09:19:36Z,v1
score-40438014e4eb9307,score,2026-09-29,2026-09-29T09:19:36Z,,,"{""forecastId"":""2026-09-28-rolling20-13cd892134e517b4"",""inputSnapshotSHA256"":""4a176a0e77a59cd2611700fbdd2e79f80244d90fc1db1c6e15ef1411d338d05d"",""collectionRecordId"":""collection-aca09441235c7a17""}",2026-09-28-rolling20-13cd892134e517b4,atlas-rolling20-A,live,,2026-09-28T09:39:48.714Z,2026-09-28,202000,259960,크래프톤,net,2026-09-29,1,true,"{""p05"":null,""p10"":197017.13445517886,""p25"":null,""p50"":201850.14621360938,""p75"":null,""p90"":207071.6672737196,""p95"":null}",198100,3750.146213609376,1.8930571497270954,1.5,false,-0.0007418504276763827,-0.019306930693069324,down,down,true,197017.13445517886,207071.6672737196,true,4.977491494327093,10054.532818540727,0.04977491494327092,"{""up"":0.4535,""flat"":0.04995,""down"":0.49655}",0.46161915499999995,2,방향 맞고 크기 틀림,,"{""sourceUrl"":""https://fchart.stock.naver.com/sise.nhn?symbol=259960&timeframe=day&count=30&requestType=0"",""rawHash"":""a0b58df21cd0fb9f4c94dc4ed0865fec1cdc41716f80de5b34a2a4e4c1b63b0d"",""observedAt"":""2026-09-29T09:19:36.000Z"",""finalClose"":true}",1,2026-09-29T09:19:36Z,v1
score-d8a1a0ae00e8ed11,score,2026-09-29,2026-09-29T09:19:36Z,,,"{""forecastId"":""2026-09-28-rolling20-13cd892134e517b4"",""inputSnapshotSHA256"":""4a176a0e77a59cd2611700fbdd2e79f80244d90fc1db1c6e15ef1411d338d05d"",""collectionRecordId"":""collection-aca09441235c7a17""}",2026-09-28-rolling20-13cd892134e517b4,atlas-rolling20-A,live,,2026-09-28T09:39:48.714Z,2026-09-28,101600,021240,코웨이,cons,2026-09-29,1,true,"{""p05"":null,""p10"":98912.01494195993,""p25"":null,""p50"":101497.27424549125,""p75"":null,""p90"":104789.09740984246,""p95"":null}",100800,697.2742454912513,0.6917403229079875,1.5,true,-0.0010110802609129,-0.007874015748031482,down,down,true,98912.01494195993,104789.09740984246,true,5.7845299880733565,5877.08246788253,0.057845299880733565,"{""up"":0.45555,""flat"":0.04335,""down"":0.5011}",0.458306235,1,방향·크기 모두 맞음,,"{""sourceUrl"":""https://fchart.stock.naver.com/sise.nhn?symbol=021240&timeframe=day&count=30&requestType=0"",""rawHash"":""7a1090af7672285bed0f7ce503422235e4171984f24e1f53f2db2b82e6db9e52"",""observedAt"":""2026-09-29T09:19:36.000Z"",""finalClose"":true}",1,2026-09-29T09:19:36Z,v1
score-9bb48f87b02704af,score,2026-09-29,2026-09-29T09:19:36Z,,,"{""forecastId"":""2026-09-28-rolling20-13cd892134e517b4"",""inputSnapshotSHA256"":""4a176a0e77a59cd2611700fbdd2e79f80244d90fc1db1c6e15ef1411d338d05d"",""collectionRecordId"":""collection-aca09441235c7a17""}",2026-09-28-rolling20-13cd892134e517b4,atlas-rolling20-A,live,,2026-09-28T09:39:48.714Z,2026-09-28,43350,029780,삼성카드,fin,2026-09-29,1,true,"{""p05"":null,""p10"":42629.39273636437,""p25"":null,""p50"":43334.95655312725,""p75"":null,""p90"":44106.7399069947,""p95"":null}",42500,834.9565531272528,1.9646036544170655,1.5,false,-0.0003470229959111615,-0.019607843137254943,up,down,false,42629.39273636437,44106.7399069947,false,3.4079519507043408,2771.274534274002,0.06392790159801619,"{""up"":0.4676,""flat"":0.0649,""down"":0.4675}",0.5064180199999999,4,방향·크기 모두 틀림,,"{""sourceUrl"":""https://fchart.stock.naver.com/sise.nhn?symbol=029780&timeframe=day&count=30&requestType=0"",""rawHash"":""ce0e87d803e03e67c38e12351e6f64a515a7085545ac9ad87c83985f5acab4ad"",""observedAt"":""2026-09-29T09:19:36.000Z"",""finalClose"":true}",1,2026-09-29T09:19:36Z,v1
score-a0dc17ccaf61a277,score,2026-09-29,2026-09-29T09:19:36Z,,,"{""forecastId"":""2026-09-28-rolling20-13cd892134e517b4"",""inputSnapshotSHA256"":""4a176a0e77a59cd2611700fbdd2e79f80244d90fc1db1c6e15ef1411d338d05d"",""collectionRecordId"":""collection-aca09441235c7a17""}",2026-09-28-rolling20-13cd892134e517b4,atlas-rolling20-A,live,,2026-09-28T09:39:48.714Z,2026-09-28,480000,002380,KCC,chem,2026-09-29,1,true,"{""p05"":null,""p10"":467040.30266720115,""p25"":null,""p50"":479653.2511743554,""p75"":null,""p90"":494544.245614142,""p95"":null}",472000,7653.251174355391,1.621451519990549,1.5,false,-0.0007223933867596122,-0.01666666666666672,down,down,true,467040.30266720115,494544.245614142,true,5.729988113946007,27503.942946940835,0.05729988113946007,"{""up"":0.47015,""flat"":0.0517,""down"":0.47815}",0.4960413349999999,2,방향 맞고 크기 틀림,,"{""sourceUrl"":""https://fchart.stock.naver.com/sise.nhn?symbol=002380&timeframe=day&count=30&requestType=0"",""rawHash"":""51ad1426ab0fe112b8448661288c48f0fbf8989f423b03f0d3f683153c4d30c7"",""observedAt"":""2026-09-29T09:19:36.000Z"",""finalClose"":true}",1,2026-09-29T09:19:36Z,v1
score-5007861abb592961,score,2026-09-29,2026-09-29T09:19:36Z,,,"{""forecastId"":""2026-09-28-rolling20-13cd892134e517b4"",""inputSnapshotSHA256"":""4a176a0e77a59cd2611700fbdd2e79f80244d90fc1db1c6e15ef1411d338d05d"",""collectionRecordId"":""collection-aca09441235c7a17""}",2026-09-28-rolling20-13cd892134e517b4,atlas-rolling20-A,live,,2026-09-28T09:39:48.714Z,2026-09-28,343500,004170,신세계,cons,2026-09-29,1,true,"{""p05"":null,""p10"":330277.93028220045,""p25"":null,""p50"":343342.7455045114,""p75"":null,""p90"":358103.5422087219,""p95"":null}",337500,5842.745504511404,1.7311838531885644,1.5,false,-0.0004578005691080467,-0.017467248908296984,down,down,true,330277.93028220045,358103.5422087219,true,8.10061482577044,27825.611926521466,0.08100614825770441,"{""up"":0.47355,""flat"":0.0385,""down"":0.48795}",0.487927055,2,방향 맞고 크기 틀림,,"{""sourceUrl"":""https://fchart.stock.naver.com/sise.nhn?symbol=004170&timeframe=day&count=30&requestType=0"",""rawHash"":""45612d694e7d8e23ffbc693f5968b2072f6ade94fc633f3f639c6e21d3786abc"",""observedAt"":""2026-09-29T09:19:36.000Z"",""finalClose"":true}",1,2026-09-29T09:19:36Z,v1
score-5d5cb42265931a5d,score,2026-09-29,2026-09-29T09:19:36Z,,,"{""forecastId"":""2026-09-28-rolling20-13cd892134e517b4"",""inputSnapshotSHA256"":""4a176a0e77a59cd2611700fbdd2e79f80244d90fc1db1c6e15ef1411d338d05d"",""collectionRecordId"":""collection-aca09441235c7a17""}",2026-09-28-rolling20-13cd892134e517b4,atlas-rolling20-A,live,,2026-09-28T09:39:48.714Z,2026-09-28,83300,012750,에스원,util,2026-09-29,1,true,"{""p05"":null,""p10"":81172.85357237454,""p25"":null,""p50"":83318.45216759473,""p75"":null,""p90"":85391.78037238593,""p95"":null}",82800,518.4521675947326,0.6261499608632036,1.5,true,0.00022151461698349806,-0.00600240096038418,down,down,true,81172.85357237454,85391.78037238593,true,5.064738055235751,4218.926800011381,0.05064738055235751,"{""up"":0.47765,""flat"":0.03765,""down"":0.4847}",0.49510113499999997,1,방향·크기 모두 맞음,,"{""sourceUrl"":""https://fchart.stock.naver.com/sise.nhn?symbol=012750&timeframe=day&count=30&requestType=0"",""rawHash"":""d09a38d478ea884c5e2038579464133b6908ea3816b8b04bb8c3f1fb53e35ab6"",""observedAt"":""2026-09-29T09:19:36.000Z"",""finalClose"":true}",1,2026-09-29T09:19:36Z,v1
score-4191005492ff9aba,score,2026-09-29,2026-09-29T09:19:36Z,,,"{""forecastId"":""2026-09-28-rolling20-13cd892134e517b4"",""inputSnapshotSHA256"":""4a176a0e77a59cd2611700fbdd2e79f80244d90fc1db1c6e15ef1411d338d05d"",""collectionRecordId"":""collection-aca09441235c7a17""}",2026-09-28-rolling20-13cd892134e517b4,atlas-rolling20-A,live,,2026-09-28T09:39:48.714Z,2026-09-28,71400,111770,영원무역,cons,2026-09-29,1,true,"{""p05"":null,""p10"":69525.65055750564,""p25"":null,""p50"":71351.78551452573,""p75"":null,""p90"":73292.22388245884,""p95"":null}",71000,351.78551452573447,0.49547255567004855,1.5,true,-0.000675272905802049,-0.0056022408963585235,down,down,true,69525.65055750564,73292.22388245884,true,5.275312780046507,3766.573324953206,0.052753127800465066,"{""up"":0.46705,""flat"":0.04505,""down"":0.4879}",0.482411615,1,방향·크기 모두 맞음,,"{""sourceUrl"":""https://fchart.stock.naver.com/sise.nhn?symbol=111770&timeframe=day&count=30&requestType=0"",""rawHash"":""118970bd70840c0e5f46d12928cda7c513bfd16322dc5406ddf8ae47dcf5dbae"",""observedAt"":""2026-09-29T09:19:36.000Z"",""finalClose"":true}",1,2026-09-29T09:19:36Z,v1
score-ab6a7f1585e1685d,score,2026-09-29,2026-09-29T09:19:36Z,,,"{""forecastId"":""2026-09-28-rolling20-13cd892134e517b4"",""inputSnapshotSHA256"":""4a176a0e77a59cd2611700fbdd2e79f80244d90fc1db1c6e15ef1411d338d05d"",""collectionRecordId"":""collection-aca09441235c7a17""}",2026-09-28-rolling20-13cd892134e517b4,atlas-rolling20-A,live,,2026-09-28T09:39:48.714Z,2026-09-28,14450,035250,강원랜드,cons,2026-09-29,1,true,"{""p05"":null,""p10"":14264.909549354876,""p25"":null,""p50"":14454.352468732806,""p75"":null,""p90"":14660.526899943452,""p95"":null}",14390,64.3524687328063,0.4472027014093558,1.5,true,0.00030120890884477447,-0.0041522491349480495,up,down,false,14264.909549354876,14660.526899943452,true,2.7378363362531233,395.6173505885763,0.027378363362531234,"{""up"":0.47815,""flat"":0.0612,""down"":0.46065}",0.523271285,3,크기 허용·방향 틀림,,"{""sourceUrl"":""https://fchart.stock.naver.com/sise.nhn?symbol=035250&timeframe=day&count=30&requestType=0"",""rawHash"":""5fc1eebcc5bafbd13a02ec9320da9290b23fd2cb2dc8cd8f2d3c615137f5bc94"",""observedAt"":""2026-09-29T09:19:36.000Z"",""finalClose"":true}",1,2026-09-29T09:19:36Z,v1
score-105d8ca3d6c44023,score,2026-09-29,2026-09-29T09:19:36Z,,,"{""forecastId"":""2026-09-28-rolling20-13cd892134e517b4"",""inputSnapshotSHA256"":""4a176a0e77a59cd2611700fbdd2e79f80244d90fc1db1c6e15ef1411d338d05d"",""collectionRecordId"":""collection-aca09441235c7a17""}",2026-09-28-rolling20-13cd892134e517b4,atlas-rolling20-A,live,,2026-09-28T09:39:48.714Z,2026-09-28,104400,226950,올릭스,bio,2026-09-29,1,true,"{""p05"":null,""p10"":97417.34770945285,""p25"":null,""p50"":104025.6350178021,""p75"":null,""p90"":112160.92376486068,""p95"":null}",102800,1225.6350178020948,1.1922519628425048,1.5,true,-0.003585871476991409,-0.01532567049808431,down,down,true,97417.34770945285,112160.92376486068,true,14.122199286789108,14743.57605540783,0.14122199286789108,"{""up"":0.4547,""flat"":0.01025,""down"":0.53505}",0.42303565499999995,1,방향·크기 모두 맞음,,"{""sourceUrl"":""https://fchart.stock.naver.com/sise.nhn?symbol=226950&timeframe=day&count=30&requestType=0"",""rawHash"":""ab9b9de787bcc487530145a69202fe6d201d5167e35486275adf34e9660f6c62"",""observedAt"":""2026-09-29T09:19:36.000Z"",""finalClose"":true}",1,2026-09-29T09:19:36Z,v1
score-5945eb360451401f,score,2026-09-29,2026-09-29T09:19:36Z,,,"{""forecastId"":""2026-09-28-rolling20-13cd892134e517b4"",""inputSnapshotSHA256"":""4a176a0e77a59cd2611700fbdd2e79f80244d90fc1db1c6e15ef1411d338d05d"",""collectionRecordId"":""collection-aca09441235c7a17""}",2026-09-28-rolling20-13cd892134e517b4,atlas-rolling20-A,live,,2026-09-28T09:39:48.714Z,2026-09-28,17810,030000,제일기획,net,2026-09-29,1,true,"{""p05"":null,""p10"":17535.026889048455,""p25"":null,""p50"":17816.071505705717,""p75"":null,""p90"":18104.463046077653,""p95"":null}",17860,-43.928494294283155,0.2459602144136795,1.5,true,0.0003409043068902662,0.0028074115665357446,up,up,true,17535.026889048455,18104.463046077653,true,3.1972833072947697,569.4361570291985,0.031972833072947696,"{""up"":0.47655,""flat"":0.08075,""down"":0.4427}",0.4765037549999999,1,방향·크기 모두 맞음,,"{""sourceUrl"":""https://fchart.stock.naver.com/sise.nhn?symbol=030000&timeframe=day&count=30&requestType=0"",""rawHash"":""039de5fb83fbb2b4e61e405368124304db7ad62545843b66fc679a8178684f7b"",""observedAt"":""2026-09-29T09:19:36.000Z"",""finalClose"":true}",1,2026-09-29T09:19:36Z,v1
score-1f69a697cb278634,score,2026-09-29,2026-09-29T09:19:36Z,,,"{""forecastId"":""2026-09-28-atlas11-90616c6bc916e8d6"",""inputSnapshotSHA256"":""4a176a0e77a59cd2611700fbdd2e79f80244d90fc1db1c6e15ef1411d338d05d"",""collectionRecordId"":""collection-aca09441235c7a17""}",2026-09-28-atlas11-90616c6bc916e8d6,atlas11-A-1,live,,2026-09-28T13:13:16.576Z,2026-09-28,364000,373220,LG에너지솔루션,chem,2026-09-29,1,true,"{""p05"":346283.04784207523,""p10"":350561.15791234677,""p25"":357002.81359864585,""p50"":363889.58422618534,""p75"":370098.08786334074,""p90"":378195.2210586166,""p95"":383199.6276313005}",353000,10889.58422618534,3.0848680527437224,1.5,false,-0.0003033400379524043,-0.030219780219780223,down,down,true,350561.15791234677,378195.2210586166,true,7.591775589634567,27634.063146269822,0.07591775589634567,"{""up"":0.47695,""flat"":0.0288,""down"":0.49425}",0.4840938049999999,2,방향 맞고 크기 틀림,true,"{""sourceUrl"":""https://fchart.stock.naver.com/sise.nhn?symbol=373220&timeframe=day&count=30&requestType=0"",""rawHash"":""77119a38664f169a6cdd03daa35636027ba7f976b5b13c1f3df33b9eecd0166b"",""observedAt"":""2026-09-29T09:19:36.000Z"",""finalClose"":true}",1,2026-09-29T09:19:36Z,v1
score-1d0422828c3e29c5,score,2026-09-29,2026-09-29T09:19:36Z,,,"{""forecastId"":""2026-09-28-atlas11-90616c6bc916e8d6"",""inputSnapshotSHA256"":""4a176a0e77a59cd2611700fbdd2e79f80244d90fc1db1c6e15ef1411d338d05d"",""collectionRecordId"":""collection-aca09441235c7a17""}",2026-09-28-atlas11-90616c6bc916e8d6,atlas11-A-1,live,,2026-09-28T13:13:16.576Z,2026-09-28,345500,028260,삼성물산,util,2026-09-29,1,true,"{""p05"":328020.1742018236,""p10"":332785.1201425453,""p25"":338941.2461901572,""p50"":344958.0702034151,""p75"":351467.49548612104,""p90"":357982.26434519724,""p95"":364681.7002766492}",346500,-1541.9297965848818,0.44500138429578123,1.5,true,-0.0015685377614612639,0.0028943560057888007,down,up,false,332785.1201425453,357982.26434519724,true,7.292950565166982,25197.14420265192,0.07292950565166982,"{""up"":0.4504,""flat"":0.0365,""down"":0.5131}",0.5666640199999999,3,크기 허용·방향 틀림,false,"{""sourceUrl"":""https://fchart.stock.naver.com/sise.nhn?symbol=028260&timeframe=day&count=30&requestType=0"",""rawHash"":""64051eff36114a34dd4b5e0ebab473e9e6cd2b99d568120b74f054e2e887aa0a"",""observedAt"":""2026-09-29T09:19:36.000Z"",""finalClose"":true}",1,2026-09-29T09:19:36Z,v1
score-62f5f1a5e1fde741,score,2026-09-29,2026-09-29T09:19:36Z,,,"{""forecastId"":""2026-09-28-atlas11-90616c6bc916e8d6"",""inputSnapshotSHA256"":""4a176a0e77a59cd2611700fbdd2e79f80244d90fc1db1c6e15ef1411d338d05d"",""collectionRecordId"":""collection-aca09441235c7a17""}",2026-09-28-atlas11-90616c6bc916e8d6,atlas11-A-1,live,,2026-09-28T13:13:16.576Z,2026-09-28,296000,032830,삼성생명보험,fin,2026-09-29,1,true,"{""p05"":284919.1109859912,""p10"":287409.0377263782,""p25"":291482.65744255786,""p50"":295753.2895100759,""p75"":300067.30325072515,""p90"":305297.5313173459,""p95"":310221.6028908093}",290500,5253.289510075876,1.8083612771345527,1.5,false,-0.0008334813848788203,-0.01858108108108103,down,down,true,287409.0377263782,305297.5313173459,true,6.043409996948557,17888.49359096773,0.06043409996948557,"{""up"":0.4651,""flat"":0.0381,""down"":0.4968}",0.47097986,2,방향 맞고 크기 틀림,true,"{""sourceUrl"":""https://fchart.stock.naver.com/sise.nhn?symbol=032830&timeframe=day&count=30&requestType=0"",""rawHash"":""b3bdc1253d6d9ff7b579be5f33e3ac61fede4861078657083041d2a4ffbb5e0f"",""observedAt"":""2026-09-29T09:19:36.000Z"",""finalClose"":true}",1,2026-09-29T09:19:36Z,v1
score-b1c099a76e3ec2fe,score,2026-09-29,2026-09-29T09:19:36Z,,,"{""forecastId"":""2026-09-28-atlas11-90616c6bc916e8d6"",""inputSnapshotSHA256"":""4a176a0e77a59cd2611700fbdd2e79f80244d90fc1db1c6e15ef1411d338d05d"",""collectionRecordId"":""collection-aca09441235c7a17""}",2026-09-28-atlas11-90616c6bc916e8d6,atlas11-A-1,live,,2026-09-28T13:13:16.576Z,2026-09-28,578000,034730,SK,util,2026-09-29,1,true,"{""p05"":541444.4294046052,""p10"":550635.5661565217,""p25"":564535.1303113344,""p50"":576872.1475233042,""p75"":589655.7779364492,""p90"":604443.705473313,""p95"":617153.4516341505}",584000,-7127.852476695785,1.2205226843657166,1.5,true,-0.0019513018627954626,0.01038062283737018,down,up,false,550635.5661565217,604443.705473313,true,9.309366663804726,53808.13931679132,0.09309366663804726,"{""up"":0.4624,""flat"":0.0276,""down"":0.51}",0.5498755200000001,3,크기 허용·방향 틀림,true,"{""sourceUrl"":""https://fchart.stock.naver.com/sise.nhn?symbol=034730&timeframe=day&count=30&requestType=0"",""rawHash"":""319768fd3657eff38936609db750c5d19d5f33aa2f552adf0ef5fe5433a6bf08"",""observedAt"":""2026-09-29T09:19:36.000Z"",""finalClose"":true}",1,2026-09-29T09:19:36Z,v1
score-03b37c308543ea5b,score,2026-09-29,2026-09-29T09:19:36Z,,,"{""forecastId"":""2026-09-28-atlas11-90616c6bc916e8d6"",""inputSnapshotSHA256"":""4a176a0e77a59cd2611700fbdd2e79f80244d90fc1db1c6e15ef1411d338d05d"",""collectionRecordId"":""collection-aca09441235c7a17""}",2026-09-28-atlas11-90616c6bc916e8d6,atlas11-A-1,live,,2026-09-28T13:13:16.576Z,2026-09-28,204500,010120,LS ELECTRIC,heavy,2026-09-29,1,true,"{""p05"":192106.34290352813,""p10"":195550.49770063313,""p25"":199357.7837811446,""p50"":203814.5144623374,""p75"":208623.11067374476,""p90"":215234.86034770997,""p95"":220131.88731137884}",206000,-2185.4855376626074,1.060915309544955,1.5,true,-0.0033520075191325605,0.007334963325183352,down,up,false,195550.49770063313,215234.86034770997,true,9.62560520639454,19684.362647076836,0.09625605206394541,"{""up"":0.4381,""flat"":0.03555,""down"":0.52635}",0.5940397350000001,3,크기 허용·방향 틀림,false,"{""sourceUrl"":""https://fchart.stock.naver.com/sise.nhn?symbol=010120&timeframe=day&count=30&requestType=0"",""rawHash"":""e3110fc415242cecb1c2856931204d887e9a8517ba195aa1698d9c75a4a67c85"",""observedAt"":""2026-09-29T09:19:36.000Z"",""finalClose"":true}",1,2026-09-29T09:19:36Z,v1
score-64146ad4ea77308c,score,2026-09-29,2026-09-29T09:19:36Z,,,"{""forecastId"":""2026-09-28-atlas11-90616c6bc916e8d6"",""inputSnapshotSHA256"":""4a176a0e77a59cd2611700fbdd2e79f80244d90fc1db1c6e15ef1411d338d05d"",""collectionRecordId"":""collection-aca09441235c7a17""}",2026-09-28-atlas11-90616c6bc916e8d6,atlas11-A-1,live,,2026-09-28T13:13:16.576Z,2026-09-28,661000,000810,삼성화재,fin,2026-09-29,1,true,"{""p05"":636920.9851996747,""p10"":643276.2325376064,""p25"":651731.5013673092,""p50"":659816.9294697228,""p75"":667681.3182408422,""p90"":678637.1886861576,""p95"":689444.3602459042}",653000,6816.929469722789,1.0439401944445312,1.5,true,-0.0017898192591183637,-0.012102874432677768,down,down,true,643276.2325376064,678637.1886861576,true,5.349615151066747,35360.956148551195,0.053496151510667465,"{""up"":0.43965,""flat"":0.0426,""down"":0.51775}",0.42767194499999994,1,방향·크기 모두 맞음,false,"{""sourceUrl"":""https://fchart.stock.naver.com/sise.nhn?symbol=000810&timeframe=day&count=30&requestType=0"",""rawHash"":""c12d4fb4dc641f64e1143e6d8991f42ccf009cde140d1f1627670b8b68a712a5"",""observedAt"":""2026-09-29T09:19:36.000Z"",""finalClose"":true}",1,2026-09-29T09:19:36Z,v1
score-ecb5bc6856ff60ad,score,2026-09-29,2026-09-29T09:19:36Z,,,"{""forecastId"":""2026-09-28-atlas11-90616c6bc916e8d6"",""inputSnapshotSHA256"":""4a176a0e77a59cd2611700fbdd2e79f80244d90fc1db1c6e15ef1411d338d05d"",""collectionRecordId"":""collection-aca09441235c7a17""}",2026-09-28-atlas11-90616c6bc916e8d6,atlas11-A-1,live,,2026-09-28T13:13:16.576Z,2026-09-28,1102000,010130,고려아연,chem,2026-09-29,1,true,"{""p05"":1047066.6983239547,""p10"":1059658.2537400885,""p25"":1079123.4036174065,""p50"":1098971.5410571957,""p75"":1116873.1684080453,""p90"":1154342.2595145754,""p95"":1177400.5143642912}",1070000,28971.541057195747,2.7076206595510044,1.5,false,-0.002748147860983874,-0.029038112522686066,down,down,true,1059658.2537400885,1154342.2595145754,true,8.592015043056879,94684.00577448681,0.08592015043056879,"{""up"":0.40635,""flat"":0.05045,""down"":0.5432}",0.376331765,2,방향 맞고 크기 틀림,false,"{""sourceUrl"":""https://fchart.stock.naver.com/sise.nhn?symbol=010130&timeframe=day&count=30&requestType=0"",""rawHash"":""14124463a1876917149d16ba8e93428e142f09e23cc7c1fbd9e3830ad9213dff"",""observedAt"":""2026-09-29T09:19:36.000Z"",""finalClose"":true}",1,2026-09-29T09:19:36Z,v1
score-618d1d953631189e,score,2026-09-29,2026-09-29T09:19:36Z,,,"{""forecastId"":""2026-09-28-atlas11-90616c6bc916e8d6"",""inputSnapshotSHA256"":""4a176a0e77a59cd2611700fbdd2e79f80244d90fc1db1c6e15ef1411d338d05d"",""collectionRecordId"":""collection-aca09441235c7a17""}",2026-09-28-atlas11-90616c6bc916e8d6,atlas11-A-1,live,,2026-09-28T13:13:16.576Z,2026-09-28,133400,138040,메리츠금융지주,fin,2026-09-29,1,true,"{""p05"":128258.61922292049,""p10"":129551.53986593716,""p25"":131243.71664324414,""p50"":132768.04948520704,""p75"":134741.74697269898,""p90"":137216.58867525094,""p95"":139029.9283805387}",132300,468.04948520704056,0.3537789003832506,1.5,true,-0.0047372602308317635,-0.008245877061469287,down,down,true,129551.53986593716,137216.58867525094,true,5.745913650160257,7665.048809313783,0.05745913650160257,"{""up"":0.3737,""flat"":0.05435,""down"":0.57195}",0.32583241500000004,1,방향·크기 모두 맞음,false,"{""sourceUrl"":""https://fchart.stock.naver.com/sise.nhn?symbol=138040&timeframe=day&count=30&requestType=0"",""rawHash"":""5dfd5ea6cb66efb8facf21fe9da2a2dbf9e77f9bb4ff883952e2d4652d569d01"",""observedAt"":""2026-09-29T09:19:36.000Z"",""finalClose"":true}",1,2026-09-29T09:19:36Z,v1
score-9f48db9864f9077e,score,2026-09-29,2026-09-29T09:19:36Z,,,"{""forecastId"":""2026-09-28-atlas11-90616c6bc916e8d6"",""inputSnapshotSHA256"":""4a176a0e77a59cd2611700fbdd2e79f80244d90fc1db1c6e15ef1411d338d05d"",""collectionRecordId"":""collection-aca09441235c7a17""}",2026-09-28-atlas11-90616c6bc916e8d6,atlas11-A-1,live,,2026-09-28T13:13:16.576Z,2026-09-28,21250,011200,HMM,auto,2026-09-29,1,true,"{""p05"":20563.006008668403,""p10"":20729.930885585552,""p25"":20995.706578038098,""p50"":21242.451327034338,""p75"":21489.31200885098,""p90"":21783.726474531657,""p95"":22054.92072785394}",20900,342.45132703433774,1.6385230958580754,1.5,false,-0.0003552316689723334,-0.016470588235294126,down,down,true,20729.930885585552,21783.726474531657,true,4.959038065628727,1053.7955889461045,0.04959038065628727,"{""up"":0.44675,""flat"":0.06675,""down"":0.4865}",0.46772337500000005,2,방향 맞고 크기 틀림,true,"{""sourceUrl"":""https://fchart.stock.naver.com/sise.nhn?symbol=011200&timeframe=day&count=30&requestType=0"",""rawHash"":""a206e2eca51e351046dac512d002c28b913728290cf8cca261ae4609a54ac760"",""observedAt"":""2026-09-29T09:19:36.000Z"",""finalClose"":true}",1,2026-09-29T09:19:36Z,v1
score-eb0f1694b6a3e457,score,2026-09-29,2026-09-29T09:19:36Z,,,"{""forecastId"":""2026-09-28-atlas11-90616c6bc916e8d6"",""inputSnapshotSHA256"":""4a176a0e77a59cd2611700fbdd2e79f80244d90fc1db1c6e15ef1411d338d05d"",""collectionRecordId"":""collection-aca09441235c7a17""}",2026-09-28-atlas11-90616c6bc916e8d6,atlas11-A-1,live,,2026-09-28T13:13:16.576Z,2026-09-28,88200,017670,SK텔레콤,net,2026-09-29,1,true,"{""p05"":86014.63786289914,""p10"":86629.32903866011,""p25"":87333.76015966752,""p50"":88130.93327254953,""p75"":88923.78705407819,""p90"":89991.39269743017,""p95"":90720.98592945815}",86100,2030.9332725495333,2.3588075174791325,1.5,false,-0.0007830694722275044,-0.023809523809523836,down,down,true,86629.32903866011,89991.39269743017,false,3.81186355869621,8655.354045371205,0.0981332658205352,"{""up"":0.45295,""flat"":0.07725,""down"":0.4698}",0.492243305,2,방향 맞고 크기 틀림,true,"{""sourceUrl"":""https://fchart.stock.naver.com/sise.nhn?symbol=017670&timeframe=day&count=30&requestType=0"",""rawHash"":""49dec8408f1abf069cf876e2d032900466b08f93f14a1178867f3cf262d3abe4"",""observedAt"":""2026-09-29T09:19:36.000Z"",""finalClose"":true}",1,2026-09-29T09:19:36Z,v1
score-2d8df94b85c12641,score,2026-09-29,2026-09-29T09:19:36Z,,,"{""forecastId"":""2026-09-28-atlas11-90616c6bc916e8d6"",""inputSnapshotSHA256"":""4a176a0e77a59cd2611700fbdd2e79f80244d90fc1db1c6e15ef1411d338d05d"",""collectionRecordId"":""collection-aca09441235c7a17""}",2026-09-28-atlas11-90616c6bc916e8d6,atlas11-A-1,live,,2026-09-28T13:13:16.576Z,2026-09-28,219000,018260,삼성에스디에스,semi,2026-09-29,1,true,"{""p05"":209589.20314202982,""p10"":212717.79306516878,""p25"":215840.48715900874,""p50"":218784.110204126,""p75"":221786.81137375024,""p90"":224874.2373290256,""p95"":227139.543749287}",216500,2284.1102041259874,1.055016260566276,1.5,true,-0.0009857981546758099,-0.011415525114155223,down,down,true,212717.79306516878,224874.2373290256,true,5.550887791715446,12156.444263856829,0.05550887791715447,"{""up"":0.4526,""flat"":0.0651,""down"":0.4823}",0.47709806000000005,1,방향·크기 모두 맞음,true,"{""sourceUrl"":""https://fchart.stock.naver.com/sise.nhn?symbol=018260&timeframe=day&count=30&requestType=0"",""rawHash"":""776d988d713d98be662fc08d3c9a40f55811c7856cd9609613d0dec49c6f849d"",""observedAt"":""2026-09-29T09:19:36.000Z"",""finalClose"":true}",1,2026-09-29T09:19:36Z,v1
score-46b0eebd74e57779,score,2026-09-29,2026-09-29T09:19:36Z,,,"{""forecastId"":""2026-09-28-atlas11-90616c6bc916e8d6"",""inputSnapshotSHA256"":""4a176a0e77a59cd2611700fbdd2e79f80244d90fc1db1c6e15ef1411d338d05d"",""collectionRecordId"":""collection-aca09441235c7a17""}",2026-09-28-atlas11-90616c6bc916e8d6,atlas11-A-1,live,,2026-09-28T13:13:16.576Z,2026-09-28,368500,278470,에이피알,cons,2026-09-29,1,true,"{""p05"":346334.485688635,""p10"":351852.708293176,""p25"":359333.1884225959,""p50"":368361.5128795771,""p75"":376464.322849605,""p90"":387705.2117008389,""p95"":391944.501496126}",361500,6861.512879577116,1.8980671866050114,1.5,false,-0.00037581308120182566,-0.018995929443690662,down,down,true,351852.708293176,387705.2117008389,true,9.72930893016631,35852.50340766285,0.0972930893016631,"{""up"":0.47585,""flat"":0.02985,""down"":0.4943}",0.483056735,2,방향 맞고 크기 틀림,true,"{""sourceUrl"":""https://fchart.stock.naver.com/sise.nhn?symbol=278470&timeframe=day&count=30&requestType=0"",""rawHash"":""06bdbf2777683e9d8229f561653933cb1b84dc58333b5f37adb3f58ba6b25c61"",""observedAt"":""2026-09-29T09:19:36.000Z"",""finalClose"":true}",1,2026-09-29T09:19:36Z,v1
score-b84469525c01d0c1,score,2026-09-29,2026-09-29T09:19:36Z,,,"{""forecastId"":""2026-09-28-atlas11-90616c6bc916e8d6"",""inputSnapshotSHA256"":""4a176a0e77a59cd2611700fbdd2e79f80244d90fc1db1c6e15ef1411d338d05d"",""collectionRecordId"":""collection-aca09441235c7a17""}",2026-09-28-atlas11-90616c6bc916e8d6,atlas11-A-1,live,,2026-09-28T13:13:16.576Z,2026-09-28,52900,030200,KT,net,2026-09-29,1,true,"{""p05"":51774.6861769322,""p10"":52072.27304558202,""p25"":52456.53257664795,""p50"":52910.11231608776,""p75"":53337.47220230064,""p90"":53764.704239533836,""p95"":54183.586368306904}",52600,310.1123160877614,0.5895671408512574,1.5,true,0.00019115909428668587,-0.005671077504725952,up,down,false,52072.27304558202,53764.704239533836,true,3.1993028241055113,1692.4311939518157,0.03199302824105511,"{""up"":0.4654,""flat"":0.07895,""down"":0.45565}",0.519147185,3,크기 허용·방향 틀림,true,"{""sourceUrl"":""https://fchart.stock.naver.com/sise.nhn?symbol=030200&timeframe=day&count=30&requestType=0"",""rawHash"":""c693c9b1cbaf5f0f353654ab6727859f1010927f32fde660213a29dfc15848db"",""observedAt"":""2026-09-29T09:19:36.000Z"",""finalClose"":true}",1,2026-09-29T09:19:36Z,v1
score-866e26fef8c2102f,score,2026-09-29,2026-09-29T09:19:36Z,,,"{""forecastId"":""2026-09-28-atlas11-90616c6bc916e8d6"",""inputSnapshotSHA256"":""4a176a0e77a59cd2611700fbdd2e79f80244d90fc1db1c6e15ef1411d338d05d"",""collectionRecordId"":""collection-aca09441235c7a17""}",2026-09-28-atlas11-90616c6bc916e8d6,atlas11-A-1,live,,2026-09-28T13:13:16.576Z,2026-09-28,1215000,003230,삼양식품,cons,2026-09-29,1,true,"{""p05"":1167110.028335501,""p10"":1174454.1380512444,""p25"":1190702.1285725543,""p50"":1210056.0148690285,""p75"":1232583.579668155,""p90"":1264359.4294562682,""p95"":1284787.257981781}",1220000,-9943.98513097153,0.8150807484402894,1.5,true,-0.004069123564585664,0.004115226337448652,down,up,false,1174454.1380512444,1264359.4294562682,true,7.399612461318829,89905.29140502377,0.07399612461318829,"{""up"":0.42485,""flat"":0.032,""down"":0.54315}",0.6268334450000002,3,크기 허용·방향 틀림,false,"{""sourceUrl"":""https://fchart.stock.naver.com/sise.nhn?symbol=003230&timeframe=day&count=30&requestType=0"",""rawHash"":""09213e4f195dc96279cac54d6e41ff7b6011d508193c9000fb2109befd0e363d"",""observedAt"":""2026-09-29T09:19:36.000Z"",""finalClose"":true}",1,2026-09-29T09:19:36Z,v1
score-0dfa57781a3f3210,score,2026-09-29,2026-09-29T09:19:36Z,,,"{""forecastId"":""2026-09-28-atlas11-90616c6bc916e8d6"",""inputSnapshotSHA256"":""4a176a0e77a59cd2611700fbdd2e79f80244d90fc1db1c6e15ef1411d338d05d"",""collectionRecordId"":""collection-aca09441235c7a17""}",2026-09-28-atlas11-90616c6bc916e8d6,atlas11-A-1,live,,2026-09-28T13:13:16.576Z,2026-09-28,202000,259960,크래프톤,net,2026-09-29,1,true,"{""p05"":194515.72419384462,""p10"":197017.13445517886,""p25"":199449.24124120484,""p50"":201850.14621360938,""p75"":204224.09963040406,""p90"":207071.6672737196,""p95"":208878.4781730164}",198100,3750.146213609376,1.8930571497270954,1.5,false,-0.0007418504276763827,-0.019306930693069324,down,down,true,197017.13445517886,207071.6672737196,true,4.977491494327093,10054.532818540727,0.04977491494327092,"{""up"":0.4535,""flat"":0.04995,""down"":0.49655}",0.46161915499999995,2,방향 맞고 크기 틀림,true,"{""sourceUrl"":""https://fchart.stock.naver.com/sise.nhn?symbol=259960&timeframe=day&count=30&requestType=0"",""rawHash"":""a0b58df21cd0fb9f4c94dc4ed0865fec1cdc41716f80de5b34a2a4e4c1b63b0d"",""observedAt"":""2026-09-29T09:19:36.000Z"",""finalClose"":true}",1,2026-09-29T09:19:36Z,v1
score-b209961350e8d51c,score,2026-09-29,2026-09-29T09:19:36Z,,,"{""forecastId"":""2026-09-28-atlas11-90616c6bc916e8d6"",""inputSnapshotSHA256"":""4a176a0e77a59cd2611700fbdd2e79f80244d90fc1db1c6e15ef1411d338d05d"",""collectionRecordId"":""collection-aca09441235c7a17""}",2026-09-28-atlas11-90616c6bc916e8d6,atlas11-A-1,live,,2026-09-28T13:13:16.576Z,2026-09-28,101600,021240,코웨이,cons,2026-09-29,1,true,"{""p05"":98057.38700655336,""p10"":98912.01494195993,""p25"":100246.22802660981,""p50"":101497.27424549125,""p75"":102906.01042755581,""p90"":104789.09740984246,""p95"":106824.26592820317}",100800,697.2742454912513,0.6917403229079875,1.5,true,-0.0010110802609129,-0.007874015748031482,down,down,true,98912.01494195993,104789.09740984246,true,5.7845299880733565,5877.08246788253,0.057845299880733565,"{""up"":0.45555,""flat"":0.04335,""down"":0.5011}",0.458306235,1,방향·크기 모두 맞음,true,"{""sourceUrl"":""https://fchart.stock.naver.com/sise.nhn?symbol=021240&timeframe=day&count=30&requestType=0"",""rawHash"":""7a1090af7672285bed0f7ce503422235e4171984f24e1f53f2db2b82e6db9e52"",""observedAt"":""2026-09-29T09:19:36.000Z"",""finalClose"":true}",1,2026-09-29T09:19:36Z,v1
score-7ab08ae799631ef0,score,2026-09-29,2026-09-29T09:19:36Z,,,"{""forecastId"":""2026-09-28-atlas11-90616c6bc916e8d6"",""inputSnapshotSHA256"":""4a176a0e77a59cd2611700fbdd2e79f80244d90fc1db1c6e15ef1411d338d05d"",""collectionRecordId"":""collection-aca09441235c7a17""}",2026-09-28-atlas11-90616c6bc916e8d6,atlas11-A-1,live,,2026-09-28T13:13:16.576Z,2026-09-28,43350,029780,삼성카드,fin,2026-09-29,1,true,"{""p05"":42263.106449834835,""p10"":42629.39273636437,""p25"":43002.812083453915,""p50"":43334.95655312725,""p75"":43716.80435104584,""p90"":44106.7399069947,""p95"":44327.21497812337}",42500,834.9565531272528,1.9646036544170655,1.5,false,-0.0003470229959111615,-0.019607843137254943,up,down,false,42629.39273636437,44106.7399069947,false,3.4079519507043408,2771.274534274002,0.06392790159801619,"{""up"":0.4676,""flat"":0.0649,""down"":0.4675}",0.5064180199999999,4,방향·크기 모두 틀림,true,"{""sourceUrl"":""https://fchart.stock.naver.com/sise.nhn?symbol=029780&timeframe=day&count=30&requestType=0"",""rawHash"":""ce0e87d803e03e67c38e12351e6f64a515a7085545ac9ad87c83985f5acab4ad"",""observedAt"":""2026-09-29T09:19:36.000Z"",""finalClose"":true}",1,2026-09-29T09:19:36Z,v1
score-c6a8934a358e9036,score,2026-09-29,2026-09-29T09:19:36Z,,,"{""forecastId"":""2026-09-28-atlas11-90616c6bc916e8d6"",""inputSnapshotSHA256"":""4a176a0e77a59cd2611700fbdd2e79f80244d90fc1db1c6e15ef1411d338d05d"",""collectionRecordId"":""collection-aca09441235c7a17""}",2026-09-28-atlas11-90616c6bc916e8d6,atlas11-A-1,live,,2026-09-28T13:13:16.576Z,2026-09-28,480000,002380,KCC,chem,2026-09-29,1,true,"{""p05"":461638.69350293395,""p10"":467040.30266720115,""p25"":473829.0278103937,""p50"":479653.2511743554,""p75"":486244.3537191055,""p90"":494544.245614142,""p95"":500026.59376739257}",472000,7653.251174355391,1.621451519990549,1.5,false,-0.0007223933867596122,-0.01666666666666672,down,down,true,467040.30266720115,494544.245614142,true,5.729988113946007,27503.942946940835,0.05729988113946007,"{""up"":0.47015,""flat"":0.0517,""down"":0.47815}",0.4960413349999999,2,방향 맞고 크기 틀림,true,"{""sourceUrl"":""https://fchart.stock.naver.com/sise.nhn?symbol=002380&timeframe=day&count=30&requestType=0"",""rawHash"":""51ad1426ab0fe112b8448661288c48f0fbf8989f423b03f0d3f683153c4d30c7"",""observedAt"":""2026-09-29T09:19:36.000Z"",""finalClose"":true}",1,2026-09-29T09:19:36Z,v1
score-79e228c0b2f5a8e8,score,2026-09-29,2026-09-29T09:19:36Z,,,"{""forecastId"":""2026-09-28-atlas11-90616c6bc916e8d6"",""inputSnapshotSHA256"":""4a176a0e77a59cd2611700fbdd2e79f80244d90fc1db1c6e15ef1411d338d05d"",""collectionRecordId"":""collection-aca09441235c7a17""}",2026-09-28-atlas11-90616c6bc916e8d6,atlas11-A-1,live,,2026-09-28T13:13:16.576Z,2026-09-28,343500,004170,신세계,cons,2026-09-29,1,true,"{""p05"":325591.92873973766,""p10"":330277.93028220045,""p25"":337821.7994516415,""p50"":343342.7455045114,""p75"":349708.27956694935,""p90"":358103.5422087219,""p95"":364124.3141965789}",337500,5842.745504511404,1.7311838531885644,1.5,false,-0.0004578005691080467,-0.017467248908296984,down,down,true,330277.93028220045,358103.5422087219,true,8.10061482577044,27825.611926521466,0.08100614825770441,"{""up"":0.47355,""flat"":0.0385,""down"":0.48795}",0.487927055,2,방향 맞고 크기 틀림,true,"{""sourceUrl"":""https://fchart.stock.naver.com/sise.nhn?symbol=004170&timeframe=day&count=30&requestType=0"",""rawHash"":""45612d694e7d8e23ffbc693f5968b2072f6ade94fc633f3f639c6e21d3786abc"",""observedAt"":""2026-09-29T09:19:36.000Z"",""finalClose"":true}",1,2026-09-29T09:19:36Z,v1
score-8cad20fc6a678ed5,score,2026-09-29,2026-09-29T09:19:36Z,,,"{""forecastId"":""2026-09-28-atlas11-90616c6bc916e8d6"",""inputSnapshotSHA256"":""4a176a0e77a59cd2611700fbdd2e79f80244d90fc1db1c6e15ef1411d338d05d"",""collectionRecordId"":""collection-aca09441235c7a17""}",2026-09-28-atlas11-90616c6bc916e8d6,atlas11-A-1,live,,2026-09-28T13:13:16.576Z,2026-09-28,83300,012750,에스원,util,2026-09-29,1,true,"{""p05"":80536.35559825318,""p10"":81172.85357237454,""p25"":82388.62118419673,""p50"":83318.45216759473,""p75"":84258.21009974211,""p90"":85391.78037238593,""p95"":86122.37683397422}",82800,518.4521675947326,0.6261499608632036,1.5,true,0.00022151461698349806,-0.00600240096038418,down,down,true,81172.85357237454,85391.78037238593,true,5.064738055235751,4218.926800011381,0.05064738055235751,"{""up"":0.47765,""flat"":0.03765,""down"":0.4847}",0.49510113499999997,1,방향·크기 모두 맞음,true,"{""sourceUrl"":""https://fchart.stock.naver.com/sise.nhn?symbol=012750&timeframe=day&count=30&requestType=0"",""rawHash"":""d09a38d478ea884c5e2038579464133b6908ea3816b8b04bb8c3f1fb53e35ab6"",""observedAt"":""2026-09-29T09:19:36.000Z"",""finalClose"":true}",1,2026-09-29T09:19:36Z,v1
score-f300d9fb69b2c3dd,score,2026-09-29,2026-09-29T09:19:36Z,,,"{""forecastId"":""2026-09-28-atlas11-90616c6bc916e8d6"",""inputSnapshotSHA256"":""4a176a0e77a59cd2611700fbdd2e79f80244d90fc1db1c6e15ef1411d338d05d"",""collectionRecordId"":""collection-aca09441235c7a17""}",2026-09-28-atlas11-90616c6bc916e8d6,atlas11-A-1,live,,2026-09-28T13:13:16.576Z,2026-09-28,71400,111770,영원무역,cons,2026-09-29,1,true,"{""p05"":68842.66994813422,""p10"":69525.65055750564,""p25"":70476.31557287904,""p50"":71351.78551452573,""p75"":72238.18154303075,""p90"":73292.22388245884,""p95"":73873.29414420051}",71000,351.78551452573447,0.49547255567004855,1.5,true,-0.000675272905802049,-0.0056022408963585235,down,down,true,69525.65055750564,73292.22388245884,true,5.275312780046507,3766.573324953206,0.052753127800465066,"{""up"":0.46705,""flat"":0.04505,""down"":0.4879}",0.482411615,1,방향·크기 모두 맞음,true,"{""sourceUrl"":""https://fchart.stock.naver.com/sise.nhn?symbol=111770&timeframe=day&count=30&requestType=0"",""rawHash"":""118970bd70840c0e5f46d12928cda7c513bfd16322dc5406ddf8ae47dcf5dbae"",""observedAt"":""2026-09-29T09:19:36.000Z"",""finalClose"":true}",1,2026-09-29T09:19:36Z,v1
score-94b4b52e1c978db7,score,2026-09-29,2026-09-29T09:19:36Z,,,"{""forecastId"":""2026-09-28-atlas11-90616c6bc916e8d6"",""inputSnapshotSHA256"":""4a176a0e77a59cd2611700fbdd2e79f80244d90fc1db1c6e15ef1411d338d05d"",""collectionRecordId"":""collection-aca09441235c7a17""}",2026-09-28-atlas11-90616c6bc916e8d6,atlas11-A-1,live,,2026-09-28T13:13:16.576Z,2026-09-28,14450,035250,강원랜드,cons,2026-09-29,1,true,"{""p05"":14183.803323297225,""p10"":14264.909549354876,""p25"":14354.522617006493,""p50"":14454.352468732806,""p75"":14551.437953332595,""p90"":14660.526899943452,""p95"":14728.701759173704}",14390,64.3524687328063,0.4472027014093558,1.5,true,0.00030120890884477447,-0.0041522491349480495,up,down,false,14264.909549354876,14660.526899943452,true,2.7378363362531233,395.6173505885763,0.027378363362531234,"{""up"":0.47815,""flat"":0.0612,""down"":0.46065}",0.523271285,3,크기 허용·방향 틀림,true,"{""sourceUrl"":""https://fchart.stock.naver.com/sise.nhn?symbol=035250&timeframe=day&count=30&requestType=0"",""rawHash"":""5fc1eebcc5bafbd13a02ec9320da9290b23fd2cb2dc8cd8f2d3c615137f5bc94"",""observedAt"":""2026-09-29T09:19:36.000Z"",""finalClose"":true}",1,2026-09-29T09:19:36Z,v1
score-e8f9a8ecba85f616,score,2026-09-29,2026-09-29T09:19:36Z,,,"{""forecastId"":""2026-09-28-atlas11-90616c6bc916e8d6"",""inputSnapshotSHA256"":""4a176a0e77a59cd2611700fbdd2e79f80244d90fc1db1c6e15ef1411d338d05d"",""collectionRecordId"":""collection-aca09441235c7a17""}",2026-09-28-atlas11-90616c6bc916e8d6,atlas11-A-1,live,,2026-09-28T13:13:16.576Z,2026-09-28,104400,226950,올릭스,bio,2026-09-29,1,true,"{""p05"":95626.62310019063,""p10"":97417.34770945285,""p25"":100457.99386365403,""p50"":104025.6350178021,""p75"":108125.61929763864,""p90"":112160.92376486068,""p95"":116432.58600437987}",102800,1225.6350178020948,1.1922519628425048,1.5,true,-0.003585871476991409,-0.01532567049808431,down,down,true,97417.34770945285,112160.92376486068,true,14.122199286789108,14743.57605540783,0.14122199286789108,"{""up"":0.4547,""flat"":0.01025,""down"":0.53505}",0.42303565499999995,1,방향·크기 모두 맞음,false,"{""sourceUrl"":""https://fchart.stock.naver.com/sise.nhn?symbol=226950&timeframe=day&count=30&requestType=0"",""rawHash"":""ab9b9de787bcc487530145a69202fe6d201d5167e35486275adf34e9660f6c62"",""observedAt"":""2026-09-29T09:19:36.000Z"",""finalClose"":true}",1,2026-09-29T09:19:36Z,v1
score-1bf3e0c9057489a7,score,2026-09-29,2026-09-29T09:19:36Z,,,"{""forecastId"":""2026-09-28-atlas11-90616c6bc916e8d6"",""inputSnapshotSHA256"":""4a176a0e77a59cd2611700fbdd2e79f80244d90fc1db1c6e15ef1411d338d05d"",""collectionRecordId"":""collection-aca09441235c7a17""}",2026-09-28-atlas11-90616c6bc916e8d6,atlas11-A-1,live,,2026-09-28T13:13:16.576Z,2026-09-28,17810,030000,제일기획,net,2026-09-29,1,true,"{""p05"":17433.565653654616,""p10"":17535.026889048455,""p25"":17681.85994267285,""p50"":17816.071505705717,""p75"":17949.803295727947,""p90"":18104.463046077653,""p95"":18191.681431911446}",17860,-43.928494294283155,0.2459602144136795,1.5,true,0.0003409043068902662,0.0028074115665357446,up,up,true,17535.026889048455,18104.463046077653,true,3.1972833072947697,569.4361570291985,0.031972833072947696,"{""up"":0.47655,""flat"":0.08075,""down"":0.4427}",0.4765037549999999,1,방향·크기 모두 맞음,true,"{""sourceUrl"":""https://fchart.stock.naver.com/sise.nhn?symbol=030000&timeframe=day&count=30&requestType=0"",""rawHash"":""039de5fb83fbb2b4e61e405368124304db7ad62545843b66fc679a8178684f7b"",""observedAt"":""2026-09-29T09:19:36.000Z"",""finalClose"":true}",1,2026-09-29T09:19:36Z,v1
score-6103def653321d20,score,2026-09-29,2026-09-29T09:19:36Z,,,"{""forecastId"":""2026-09-28-atlas11-27e1f65cfc167be9"",""inputSnapshotSHA256"":""4a176a0e77a59cd2611700fbdd2e79f80244d90fc1db1c6e15ef1411d338d05d"",""collectionRecordId"":""collection-aca09441235c7a17""}",2026-09-28-atlas11-27e1f65cfc167be9,atlas11-A-1,live,,2026-09-28T13:29:56.398Z,2026-09-28,364000,373220,LG에너지솔루션,chem,2026-09-29,1,true,"{""p05"":346283.04784207523,""p10"":350561.15791234677,""p25"":357002.81359864585,""p50"":363889.58422618534,""p75"":370098.08786334074,""p90"":378195.2210586166,""p95"":383199.6276313005}",353000,10889.58422618534,3.0848680527437224,1.5,false,-0.0003033400379524043,-0.030219780219780223,down,down,true,350561.15791234677,378195.2210586166,true,7.591775589634567,27634.063146269822,0.07591775589634567,"{""up"":0.47695,""flat"":0.0288,""down"":0.49425}",0.4840938049999999,2,방향 맞고 크기 틀림,true,"{""sourceUrl"":""https://fchart.stock.naver.com/sise.nhn?symbol=373220&timeframe=day&count=30&requestType=0"",""rawHash"":""77119a38664f169a6cdd03daa35636027ba7f976b5b13c1f3df33b9eecd0166b"",""observedAt"":""2026-09-29T09:19:36.000Z"",""finalClose"":true}",1,2026-09-29T09:19:36Z,v1
score-9da0c88d3af6ad43,score,2026-09-29,2026-09-29T09:19:36Z,,,"{""forecastId"":""2026-09-28-atlas11-27e1f65cfc167be9"",""inputSnapshotSHA256"":""4a176a0e77a59cd2611700fbdd2e79f80244d90fc1db1c6e15ef1411d338d05d"",""collectionRecordId"":""collection-aca09441235c7a17""}",2026-09-28-atlas11-27e1f65cfc167be9,atlas11-A-1,live,,2026-09-28T13:29:56.398Z,2026-09-28,345500,028260,삼성물산,util,2026-09-29,1,true,"{""p05"":328020.1742018236,""p10"":332785.1201425453,""p25"":338941.2461901572,""p50"":344958.0702034151,""p75"":351467.49548612104,""p90"":357982.26434519724,""p95"":364681.7002766492}",346500,-1541.9297965848818,0.44500138429578123,1.5,true,-0.0015685377614612639,0.0028943560057888007,down,up,false,332785.1201425453,357982.26434519724,true,7.292950565166982,25197.14420265192,0.07292950565166982,"{""up"":0.4504,""flat"":0.0365,""down"":0.5131}",0.5666640199999999,3,크기 허용·방향 틀림,false,"{""sourceUrl"":""https://fchart.stock.naver.com/sise.nhn?symbol=028260&timeframe=day&count=30&requestType=0"",""rawHash"":""64051eff36114a34dd4b5e0ebab473e9e6cd2b99d568120b74f054e2e887aa0a"",""observedAt"":""2026-09-29T09:19:36.000Z"",""finalClose"":true}",1,2026-09-29T09:19:36Z,v1
score-12dfae14c814df76,score,2026-09-29,2026-09-29T09:19:36Z,,,"{""forecastId"":""2026-09-28-atlas11-27e1f65cfc167be9"",""inputSnapshotSHA256"":""4a176a0e77a59cd2611700fbdd2e79f80244d90fc1db1c6e15ef1411d338d05d"",""collectionRecordId"":""collection-aca09441235c7a17""}",2026-09-28-atlas11-27e1f65cfc167be9,atlas11-A-1,live,,2026-09-28T13:29:56.398Z,2026-09-28,296000,032830,삼성생명보험,fin,2026-09-29,1,true,"{""p05"":284919.1109859912,""p10"":287409.0377263782,""p25"":291482.65744255786,""p50"":295753.2895100759,""p75"":300067.30325072515,""p90"":305297.5313173459,""p95"":310221.6028908093}",290500,5253.289510075876,1.8083612771345527,1.5,false,-0.0008334813848788203,-0.01858108108108103,down,down,true,287409.0377263782,305297.5313173459,true,6.043409996948557,17888.49359096773,0.06043409996948557,"{""up"":0.4651,""flat"":0.0381,""down"":0.4968}",0.47097986,2,방향 맞고 크기 틀림,true,"{""sourceUrl"":""https://fchart.stock.naver.com/sise.nhn?symbol=032830&timeframe=day&count=30&requestType=0"",""rawHash"":""b3bdc1253d6d9ff7b579be5f33e3ac61fede4861078657083041d2a4ffbb5e0f"",""observedAt"":""2026-09-29T09:19:36.000Z"",""finalClose"":true}",1,2026-09-29T09:19:36Z,v1
score-d809027ce8f75cf0,score,2026-09-29,2026-09-29T09:19:36Z,,,"{""forecastId"":""2026-09-28-atlas11-27e1f65cfc167be9"",""inputSnapshotSHA256"":""4a176a0e77a59cd2611700fbdd2e79f80244d90fc1db1c6e15ef1411d338d05d"",""collectionRecordId"":""collection-aca09441235c7a17""}",2026-09-28-atlas11-27e1f65cfc167be9,atlas11-A-1,live,,2026-09-28T13:29:56.398Z,2026-09-28,578000,034730,SK,util,2026-09-29,1,true,"{""p05"":541444.4294046052,""p10"":550635.5661565217,""p25"":564535.1303113344,""p50"":576872.1475233042,""p75"":589655.7779364492,""p90"":604443.705473313,""p95"":617153.4516341505}",584000,-7127.852476695785,1.2205226843657166,1.5,true,-0.0019513018627954626,0.01038062283737018,down,up,false,550635.5661565217,604443.705473313,true,9.309366663804726,53808.13931679132,0.09309366663804726,"{""up"":0.4624,""flat"":0.0276,""down"":0.51}",0.5498755200000001,3,크기 허용·방향 틀림,true,"{""sourceUrl"":""https://fchart.stock.naver.com/sise.nhn?symbol=034730&timeframe=day&count=30&requestType=0"",""rawHash"":""319768fd3657eff38936609db750c5d19d5f33aa2f552adf0ef5fe5433a6bf08"",""observedAt"":""2026-09-29T09:19:36.000Z"",""finalClose"":true}",1,2026-09-29T09:19:36Z,v1
score-191dfc52c3fc0977,score,2026-09-29,2026-09-29T09:19:36Z,,,"{""forecastId"":""2026-09-28-atlas11-27e1f65cfc167be9"",""inputSnapshotSHA256"":""4a176a0e77a59cd2611700fbdd2e79f80244d90fc1db1c6e15ef1411d338d05d"",""collectionRecordId"":""collection-aca09441235c7a17""}",2026-09-28-atlas11-27e1f65cfc167be9,atlas11-A-1,live,,2026-09-28T13:29:56.398Z,2026-09-28,204500,010120,LS ELECTRIC,heavy,2026-09-29,1,true,"{""p05"":192106.34290352813,""p10"":195550.49770063313,""p25"":199357.7837811446,""p50"":203814.5144623374,""p75"":208623.11067374476,""p90"":215234.86034770997,""p95"":220131.88731137884}",206000,-2185.4855376626074,1.060915309544955,1.5,true,-0.0033520075191325605,0.007334963325183352,down,up,false,195550.49770063313,215234.86034770997,true,9.62560520639454,19684.362647076836,0.09625605206394541,"{""up"":0.4381,""flat"":0.03555,""down"":0.52635}",0.5940397350000001,3,크기 허용·방향 틀림,false,"{""sourceUrl"":""https://fchart.stock.naver.com/sise.nhn?symbol=010120&timeframe=day&count=30&requestType=0"",""rawHash"":""e3110fc415242cecb1c2856931204d887e9a8517ba195aa1698d9c75a4a67c85"",""observedAt"":""2026-09-29T09:19:36.000Z"",""finalClose"":true}",1,2026-09-29T09:19:36Z,v1
score-ab0bb29847ef3f94,score,2026-09-29,2026-09-29T09:19:36Z,,,"{""forecastId"":""2026-09-28-atlas11-27e1f65cfc167be9"",""inputSnapshotSHA256"":""4a176a0e77a59cd2611700fbdd2e79f80244d90fc1db1c6e15ef1411d338d05d"",""collectionRecordId"":""collection-aca09441235c7a17""}",2026-09-28-atlas11-27e1f65cfc167be9,atlas11-A-1,live,,2026-09-28T13:29:56.398Z,2026-09-28,661000,000810,삼성화재,fin,2026-09-29,1,true,"{""p05"":636920.9851996747,""p10"":643276.2325376064,""p25"":651731.5013673092,""p50"":659816.9294697228,""p75"":667681.3182408422,""p90"":678637.1886861576,""p95"":689444.3602459042}",653000,6816.929469722789,1.0439401944445312,1.5,true,-0.0017898192591183637,-0.012102874432677768,down,down,true,643276.2325376064,678637.1886861576,true,5.349615151066747,35360.956148551195,0.053496151510667465,"{""up"":0.43965,""flat"":0.0426,""down"":0.51775}",0.42767194499999994,1,방향·크기 모두 맞음,false,"{""sourceUrl"":""https://fchart.stock.naver.com/sise.nhn?symbol=000810&timeframe=day&count=30&requestType=0"",""rawHash"":""c12d4fb4dc641f64e1143e6d8991f42ccf009cde140d1f1627670b8b68a712a5"",""observedAt"":""2026-09-29T09:19:36.000Z"",""finalClose"":true}",1,2026-09-29T09:19:36Z,v1
score-bad1ea9ec7602ef7,score,2026-09-29,2026-09-29T09:19:36Z,,,"{""forecastId"":""2026-09-28-atlas11-27e1f65cfc167be9"",""inputSnapshotSHA256"":""4a176a0e77a59cd2611700fbdd2e79f80244d90fc1db1c6e15ef1411d338d05d"",""collectionRecordId"":""collection-aca09441235c7a17""}",2026-09-28-atlas11-27e1f65cfc167be9,atlas11-A-1,live,,2026-09-28T13:29:56.398Z,2026-09-28,1102000,010130,고려아연,chem,2026-09-29,1,true,"{""p05"":1047066.6983239547,""p10"":1059658.2537400885,""p25"":1079123.4036174065,""p50"":1098971.5410571957,""p75"":1116873.1684080453,""p90"":1154342.2595145754,""p95"":1177400.5143642912}",1070000,28971.541057195747,2.7076206595510044,1.5,false,-0.002748147860983874,-0.029038112522686066,down,down,true,1059658.2537400885,1154342.2595145754,true,8.592015043056879,94684.00577448681,0.08592015043056879,"{""up"":0.40635,""flat"":0.05045,""down"":0.5432}",0.376331765,2,방향 맞고 크기 틀림,false,"{""sourceUrl"":""https://fchart.stock.naver.com/sise.nhn?symbol=010130&timeframe=day&count=30&requestType=0"",""rawHash"":""14124463a1876917149d16ba8e93428e142f09e23cc7c1fbd9e3830ad9213dff"",""observedAt"":""2026-09-29T09:19:36.000Z"",""finalClose"":true}",1,2026-09-29T09:19:36Z,v1
score-4b0b302c047b22b6,score,2026-09-29,2026-09-29T09:19:36Z,,,"{""forecastId"":""2026-09-28-atlas11-27e1f65cfc167be9"",""inputSnapshotSHA256"":""4a176a0e77a59cd2611700fbdd2e79f80244d90fc1db1c6e15ef1411d338d05d"",""collectionRecordId"":""collection-aca09441235c7a17""}",2026-09-28-atlas11-27e1f65cfc167be9,atlas11-A-1,live,,2026-09-28T13:29:56.398Z,2026-09-28,133400,138040,메리츠금융지주,fin,2026-09-29,1,true,"{""p05"":128258.61922292049,""p10"":129551.53986593716,""p25"":131243.71664324414,""p50"":132768.04948520704,""p75"":134741.74697269898,""p90"":137216.58867525094,""p95"":139029.9283805387}",132300,468.04948520704056,0.3537789003832506,1.5,true,-0.0047372602308317635,-0.008245877061469287,down,down,true,129551.53986593716,137216.58867525094,true,5.745913650160257,7665.048809313783,0.05745913650160257,"{""up"":0.3737,""flat"":0.05435,""down"":0.57195}",0.32583241500000004,1,방향·크기 모두 맞음,false,"{""sourceUrl"":""https://fchart.stock.naver.com/sise.nhn?symbol=138040&timeframe=day&count=30&requestType=0"",""rawHash"":""5dfd5ea6cb66efb8facf21fe9da2a2dbf9e77f9bb4ff883952e2d4652d569d01"",""observedAt"":""2026-09-29T09:19:36.000Z"",""finalClose"":true}",1,2026-09-29T09:19:36Z,v1
score-64008c06ca197194,score,2026-09-29,2026-09-29T09:19:36Z,,,"{""forecastId"":""2026-09-28-atlas11-27e1f65cfc167be9"",""inputSnapshotSHA256"":""4a176a0e77a59cd2611700fbdd2e79f80244d90fc1db1c6e15ef1411d338d05d"",""collectionRecordId"":""collection-aca09441235c7a17""}",2026-09-28-atlas11-27e1f65cfc167be9,atlas11-A-1,live,,2026-09-28T13:29:56.398Z,2026-09-28,21250,011200,HMM,auto,2026-09-29,1,true,"{""p05"":20563.006008668403,""p10"":20729.930885585552,""p25"":20995.706578038098,""p50"":21242.451327034338,""p75"":21489.31200885098,""p90"":21783.726474531657,""p95"":22054.92072785394}",20900,342.45132703433774,1.6385230958580754,1.5,false,-0.0003552316689723334,-0.016470588235294126,down,down,true,20729.930885585552,21783.726474531657,true,4.959038065628727,1053.7955889461045,0.04959038065628727,"{""up"":0.44675,""flat"":0.06675,""down"":0.4865}",0.46772337500000005,2,방향 맞고 크기 틀림,true,"{""sourceUrl"":""https://fchart.stock.naver.com/sise.nhn?symbol=011200&timeframe=day&count=30&requestType=0"",""rawHash"":""a206e2eca51e351046dac512d002c28b913728290cf8cca261ae4609a54ac760"",""observedAt"":""2026-09-29T09:19:36.000Z"",""finalClose"":true}",1,2026-09-29T09:19:36Z,v1
score-3544fe7cafc0e2f5,score,2026-09-29,2026-09-29T09:19:36Z,,,"{""forecastId"":""2026-09-28-atlas11-27e1f65cfc167be9"",""inputSnapshotSHA256"":""4a176a0e77a59cd2611700fbdd2e79f80244d90fc1db1c6e15ef1411d338d05d"",""collectionRecordId"":""collection-aca09441235c7a17""}",2026-09-28-atlas11-27e1f65cfc167be9,atlas11-A-1,live,,2026-09-28T13:29:56.398Z,2026-09-28,88200,017670,SK텔레콤,net,2026-09-29,1,true,"{""p05"":86014.63786289914,""p10"":86629.32903866011,""p25"":87333.76015966752,""p50"":88130.93327254953,""p75"":88923.78705407819,""p90"":89991.39269743017,""p95"":90720.98592945815}",86100,2030.9332725495333,2.3588075174791325,1.5,false,-0.0007830694722275044,-0.023809523809523836,down,down,true,86629.32903866011,89991.39269743017,false,3.81186355869621,8655.354045371205,0.0981332658205352,"{""up"":0.45295,""flat"":0.07725,""down"":0.4698}",0.492243305,2,방향 맞고 크기 틀림,true,"{""sourceUrl"":""https://fchart.stock.naver.com/sise.nhn?symbol=017670&timeframe=day&count=30&requestType=0"",""rawHash"":""49dec8408f1abf069cf876e2d032900466b08f93f14a1178867f3cf262d3abe4"",""observedAt"":""2026-09-29T09:19:36.000Z"",""finalClose"":true}",1,2026-09-29T09:19:36Z,v1
score-509a54df5dec8697,score,2026-09-29,2026-09-29T09:19:36Z,,,"{""forecastId"":""2026-09-28-atlas11-27e1f65cfc167be9"",""inputSnapshotSHA256"":""4a176a0e77a59cd2611700fbdd2e79f80244d90fc1db1c6e15ef1411d338d05d"",""collectionRecordId"":""collection-aca09441235c7a17""}",2026-09-28-atlas11-27e1f65cfc167be9,atlas11-A-1,live,,2026-09-28T13:29:56.398Z,2026-09-28,219000,018260,삼성에스디에스,semi,2026-09-29,1,true,"{""p05"":209589.20314202982,""p10"":212717.79306516878,""p25"":215840.48715900874,""p50"":218784.110204126,""p75"":221786.81137375024,""p90"":224874.2373290256,""p95"":227139.543749287}",216500,2284.1102041259874,1.055016260566276,1.5,true,-0.0009857981546758099,-0.011415525114155223,down,down,true,212717.79306516878,224874.2373290256,true,5.550887791715446,12156.444263856829,0.05550887791715447,"{""up"":0.4526,""flat"":0.0651,""down"":0.4823}",0.47709806000000005,1,방향·크기 모두 맞음,true,"{""sourceUrl"":""https://fchart.stock.naver.com/sise.nhn?symbol=018260&timeframe=day&count=30&requestType=0"",""rawHash"":""776d988d713d98be662fc08d3c9a40f55811c7856cd9609613d0dec49c6f849d"",""observedAt"":""2026-09-29T09:19:36.000Z"",""finalClose"":true}",1,2026-09-29T09:19:36Z,v1
score-530f6b9952b13765,score,2026-09-29,2026-09-29T09:19:36Z,,,"{""forecastId"":""2026-09-28-atlas11-27e1f65cfc167be9"",""inputSnapshotSHA256"":""4a176a0e77a59cd2611700fbdd2e79f80244d90fc1db1c6e15ef1411d338d05d"",""collectionRecordId"":""collection-aca09441235c7a17""}",2026-09-28-atlas11-27e1f65cfc167be9,atlas11-A-1,live,,2026-09-28T13:29:56.398Z,2026-09-28,368500,278470,에이피알,cons,2026-09-29,1,true,"{""p05"":346334.485688635,""p10"":351852.708293176,""p25"":359333.1884225959,""p50"":368361.5128795771,""p75"":376464.322849605,""p90"":387705.2117008389,""p95"":391944.501496126}",361500,6861.512879577116,1.8980671866050114,1.5,false,-0.00037581308120182566,-0.018995929443690662,down,down,true,351852.708293176,387705.2117008389,true,9.72930893016631,35852.50340766285,0.0972930893016631,"{""up"":0.47585,""flat"":0.02985,""down"":0.4943}",0.483056735,2,방향 맞고 크기 틀림,true,"{""sourceUrl"":""https://fchart.stock.naver.com/sise.nhn?symbol=278470&timeframe=day&count=30&requestType=0"",""rawHash"":""06bdbf2777683e9d8229f561653933cb1b84dc58333b5f37adb3f58ba6b25c61"",""observedAt"":""2026-09-29T09:19:36.000Z"",""finalClose"":true}",1,2026-09-29T09:19:36Z,v1
score-95c10e958950adc4,score,2026-09-29,2026-09-29T09:19:36Z,,,"{""forecastId"":""2026-09-28-atlas11-27e1f65cfc167be9"",""inputSnapshotSHA256"":""4a176a0e77a59cd2611700fbdd2e79f80244d90fc1db1c6e15ef1411d338d05d"",""collectionRecordId"":""collection-aca09441235c7a17""}",2026-09-28-atlas11-27e1f65cfc167be9,atlas11-A-1,live,,2026-09-28T13:29:56.398Z,2026-09-28,52900,030200,KT,net,2026-09-29,1,true,"{""p05"":51774.6861769322,""p10"":52072.27304558202,""p25"":52456.53257664795,""p50"":52910.11231608776,""p75"":53337.47220230064,""p90"":53764.704239533836,""p95"":54183.586368306904}",52600,310.1123160877614,0.5895671408512574,1.5,true,0.00019115909428668587,-0.005671077504725952,up,down,false,52072.27304558202,53764.704239533836,true,3.1993028241055113,1692.4311939518157,0.03199302824105511,"{""up"":0.4654,""flat"":0.07895,""down"":0.45565}",0.519147185,3,크기 허용·방향 틀림,true,"{""sourceUrl"":""https://fchart.stock.naver.com/sise.nhn?symbol=030200&timeframe=day&count=30&requestType=0"",""rawHash"":""c693c9b1cbaf5f0f353654ab6727859f1010927f32fde660213a29dfc15848db"",""observedAt"":""2026-09-29T09:19:36.000Z"",""finalClose"":true}",1,2026-09-29T09:19:36Z,v1
score-35eb94bea4c42c32,score,2026-09-29,2026-09-29T09:19:36Z,,,"{""forecastId"":""2026-09-28-atlas11-27e1f65cfc167be9"",""inputSnapshotSHA256"":""4a176a0e77a59cd2611700fbdd2e79f80244d90fc1db1c6e15ef1411d338d05d"",""collectionRecordId"":""collection-aca09441235c7a17""}",2026-09-28-atlas11-27e1f65cfc167be9,atlas11-A-1,live,,2026-09-28T13:29:56.398Z,2026-09-28,1215000,003230,삼양식품,cons,2026-09-29,1,true,"{""p05"":1167110.028335501,""p10"":1174454.1380512444,""p25"":1190702.1285725543,""p50"":1210056.0148690285,""p75"":1232583.579668155,""p90"":1264359.4294562682,""p95"":1284787.257981781}",1220000,-9943.98513097153,0.8150807484402894,1.5,true,-0.004069123564585664,0.004115226337448652,down,up,false,1174454.1380512444,1264359.4294562682,true,7.399612461318829,89905.29140502377,0.07399612461318829,"{""up"":0.42485,""flat"":0.032,""down"":0.54315}",0.6268334450000002,3,크기 허용·방향 틀림,false,"{""sourceUrl"":""https://fchart.stock.naver.com/sise.nhn?symbol=003230&timeframe=day&count=30&requestType=0"",""rawHash"":""09213e4f195dc96279cac54d6e41ff7b6011d508193c9000fb2109befd0e363d"",""observedAt"":""2026-09-29T09:19:36.000Z"",""finalClose"":true}",1,2026-09-29T09:19:36Z,v1
score-e6dec2d87f88e5be,score,2026-09-29,2026-09-29T09:19:36Z,,,"{""forecastId"":""2026-09-28-atlas11-27e1f65cfc167be9"",""inputSnapshotSHA256"":""4a176a0e77a59cd2611700fbdd2e79f80244d90fc1db1c6e15ef1411d338d05d"",""collectionRecordId"":""collection-aca09441235c7a17""}",2026-09-28-atlas11-27e1f65cfc167be9,atlas11-A-1,live,,2026-09-28T13:29:56.398Z,2026-09-28,202000,259960,크래프톤,net,2026-09-29,1,true,"{""p05"":194515.72419384462,""p10"":197017.13445517886,""p25"":199449.24124120484,""p50"":201850.14621360938,""p75"":204224.09963040406,""p90"":207071.6672737196,""p95"":208878.4781730164}",198100,3750.146213609376,1.8930571497270954,1.5,false,-0.0007418504276763827,-0.019306930693069324,down,down,true,197017.13445517886,207071.6672737196,true,4.977491494327093,10054.532818540727,0.04977491494327092,"{""up"":0.4535,""flat"":0.04995,""down"":0.49655}",0.46161915499999995,2,방향 맞고 크기 틀림,true,"{""sourceUrl"":""https://fchart.stock.naver.com/sise.nhn?symbol=259960&timeframe=day&count=30&requestType=0"",""rawHash"":""a0b58df21cd0fb9f4c94dc4ed0865fec1cdc41716f80de5b34a2a4e4c1b63b0d"",""observedAt"":""2026-09-29T09:19:36.000Z"",""finalClose"":true}",1,2026-09-29T09:19:36Z,v1
score-ba6306b18ae608df,score,2026-09-29,2026-09-29T09:19:36Z,,,"{""forecastId"":""2026-09-28-atlas11-27e1f65cfc167be9"",""inputSnapshotSHA256"":""4a176a0e77a59cd2611700fbdd2e79f80244d90fc1db1c6e15ef1411d338d05d"",""collectionRecordId"":""collection-aca09441235c7a17""}",2026-09-28-atlas11-27e1f65cfc167be9,atlas11-A-1,live,,2026-09-28T13:29:56.398Z,2026-09-28,101600,021240,코웨이,cons,2026-09-29,1,true,"{""p05"":98057.38700655336,""p10"":98912.01494195993,""p25"":100246.22802660981,""p50"":101497.27424549125,""p75"":102906.01042755581,""p90"":104789.09740984246,""p95"":106824.26592820317}",100800,697.2742454912513,0.6917403229079875,1.5,true,-0.0010110802609129,-0.007874015748031482,down,down,true,98912.01494195993,104789.09740984246,true,5.7845299880733565,5877.08246788253,0.057845299880733565,"{""up"":0.45555,""flat"":0.04335,""down"":0.5011}",0.458306235,1,방향·크기 모두 맞음,true,"{""sourceUrl"":""https://fchart.stock.naver.com/sise.nhn?symbol=021240&timeframe=day&count=30&requestType=0"",""rawHash"":""7a1090af7672285bed0f7ce503422235e4171984f24e1f53f2db2b82e6db9e52"",""observedAt"":""2026-09-29T09:19:36.000Z"",""finalClose"":true}",1,2026-09-29T09:19:36Z,v1
score-ba60c92946ec04f3,score,2026-09-29,2026-09-29T09:19:36Z,,,"{""forecastId"":""2026-09-28-atlas11-27e1f65cfc167be9"",""inputSnapshotSHA256"":""4a176a0e77a59cd2611700fbdd2e79f80244d90fc1db1c6e15ef1411d338d05d"",""collectionRecordId"":""collection-aca09441235c7a17""}",2026-09-28-atlas11-27e1f65cfc167be9,atlas11-A-1,live,,2026-09-28T13:29:56.398Z,2026-09-28,43350,029780,삼성카드,fin,2026-09-29,1,true,"{""p05"":42263.106449834835,""p10"":42629.39273636437,""p25"":43002.812083453915,""p50"":43334.95655312725,""p75"":43716.80435104584,""p90"":44106.7399069947,""p95"":44327.21497812337}",42500,834.9565531272528,1.9646036544170655,1.5,false,-0.0003470229959111615,-0.019607843137254943,up,down,false,42629.39273636437,44106.7399069947,false,3.4079519507043408,2771.274534274002,0.06392790159801619,"{""up"":0.4676,""flat"":0.0649,""down"":0.4675}",0.5064180199999999,4,방향·크기 모두 틀림,true,"{""sourceUrl"":""https://fchart.stock.naver.com/sise.nhn?symbol=029780&timeframe=day&count=30&requestType=0"",""rawHash"":""ce0e87d803e03e67c38e12351e6f64a515a7085545ac9ad87c83985f5acab4ad"",""observedAt"":""2026-09-29T09:19:36.000Z"",""finalClose"":true}",1,2026-09-29T09:19:36Z,v1
score-fba479403e38869d,score,2026-09-29,2026-09-29T09:19:36Z,,,"{""forecastId"":""2026-09-28-atlas11-27e1f65cfc167be9"",""inputSnapshotSHA256"":""4a176a0e77a59cd2611700fbdd2e79f80244d90fc1db1c6e15ef1411d338d05d"",""collectionRecordId"":""collection-aca09441235c7a17""}",2026-09-28-atlas11-27e1f65cfc167be9,atlas11-A-1,live,,2026-09-28T13:29:56.398Z,2026-09-28,480000,002380,KCC,chem,2026-09-29,1,true,"{""p05"":461638.69350293395,""p10"":467040.30266720115,""p25"":473829.0278103937,""p50"":479653.2511743554,""p75"":486244.3537191055,""p90"":494544.245614142,""p95"":500026.59376739257}",472000,7653.251174355391,1.621451519990549,1.5,false,-0.0007223933867596122,-0.01666666666666672,down,down,true,467040.30266720115,494544.245614142,true,5.729988113946007,27503.942946940835,0.05729988113946007,"{""up"":0.47015,""flat"":0.0517,""down"":0.47815}",0.4960413349999999,2,방향 맞고 크기 틀림,true,"{""sourceUrl"":""https://fchart.stock.naver.com/sise.nhn?symbol=002380&timeframe=day&count=30&requestType=0"",""rawHash"":""51ad1426ab0fe112b8448661288c48f0fbf8989f423b03f0d3f683153c4d30c7"",""observedAt"":""2026-09-29T09:19:36.000Z"",""finalClose"":true}",1,2026-09-29T09:19:36Z,v1
score-838abe98bfbc2104,score,2026-09-29,2026-09-29T09:19:36Z,,,"{""forecastId"":""2026-09-28-atlas11-27e1f65cfc167be9"",""inputSnapshotSHA256"":""4a176a0e77a59cd2611700fbdd2e79f80244d90fc1db1c6e15ef1411d338d05d"",""collectionRecordId"":""collection-aca09441235c7a17""}",2026-09-28-atlas11-27e1f65cfc167be9,atlas11-A-1,live,,2026-09-28T13:29:56.398Z,2026-09-28,343500,004170,신세계,cons,2026-09-29,1,true,"{""p05"":325591.92873973766,""p10"":330277.93028220045,""p25"":337821.7994516415,""p50"":343342.7455045114,""p75"":349708.27956694935,""p90"":358103.5422087219,""p95"":364124.3141965789}",337500,5842.745504511404,1.7311838531885644,1.5,false,-0.0004578005691080467,-0.017467248908296984,down,down,true,330277.93028220045,358103.5422087219,true,8.10061482577044,27825.611926521466,0.08100614825770441,"{""up"":0.47355,""flat"":0.0385,""down"":0.48795}",0.487927055,2,방향 맞고 크기 틀림,true,"{""sourceUrl"":""https://fchart.stock.naver.com/sise.nhn?symbol=004170&timeframe=day&count=30&requestType=0"",""rawHash"":""45612d694e7d8e23ffbc693f5968b2072f6ade94fc633f3f639c6e21d3786abc"",""observedAt"":""2026-09-29T09:19:36.000Z"",""finalClose"":true}",1,2026-09-29T09:19:36Z,v1
score-673f4e7f22bfc9de,score,2026-09-29,2026-09-29T09:19:36Z,,,"{""forecastId"":""2026-09-28-atlas11-27e1f65cfc167be9"",""inputSnapshotSHA256"":""4a176a0e77a59cd2611700fbdd2e79f80244d90fc1db1c6e15ef1411d338d05d"",""collectionRecordId"":""collection-aca09441235c7a17""}",2026-09-28-atlas11-27e1f65cfc167be9,atlas11-A-1,live,,2026-09-28T13:29:56.398Z,2026-09-28,83300,012750,에스원,util,2026-09-29,1,true,"{""p05"":80536.35559825318,""p10"":81172.85357237454,""p25"":82388.62118419673,""p50"":83318.45216759473,""p75"":84258.21009974211,""p90"":85391.78037238593,""p95"":86122.37683397422}",82800,518.4521675947326,0.6261499608632036,1.5,true,0.00022151461698349806,-0.00600240096038418,down,down,true,81172.85357237454,85391.78037238593,true,5.064738055235751,4218.926800011381,0.05064738055235751,"{""up"":0.47765,""flat"":0.03765,""down"":0.4847}",0.49510113499999997,1,방향·크기 모두 맞음,true,"{""sourceUrl"":""https://fchart.stock.naver.com/sise.nhn?symbol=012750&timeframe=day&count=30&requestType=0"",""rawHash"":""d09a38d478ea884c5e2038579464133b6908ea3816b8b04bb8c3f1fb53e35ab6"",""observedAt"":""2026-09-29T09:19:36.000Z"",""finalClose"":true}",1,2026-09-29T09:19:36Z,v1
score-7ad7096f0e760ac6,score,2026-09-29,2026-09-29T09:19:36Z,,,"{""forecastId"":""2026-09-28-atlas11-27e1f65cfc167be9"",""inputSnapshotSHA256"":""4a176a0e77a59cd2611700fbdd2e79f80244d90fc1db1c6e15ef1411d338d05d"",""collectionRecordId"":""collection-aca09441235c7a17""}",2026-09-28-atlas11-27e1f65cfc167be9,atlas11-A-1,live,,2026-09-28T13:29:56.398Z,2026-09-28,71400,111770,영원무역,cons,2026-09-29,1,true,"{""p05"":68842.66994813422,""p10"":69525.65055750564,""p25"":70476.31557287904,""p50"":71351.78551452573,""p75"":72238.18154303075,""p90"":73292.22388245884,""p95"":73873.29414420051}",71000,351.78551452573447,0.49547255567004855,1.5,true,-0.000675272905802049,-0.0056022408963585235,down,down,true,69525.65055750564,73292.22388245884,true,5.275312780046507,3766.573324953206,0.052753127800465066,"{""up"":0.46705,""flat"":0.04505,""down"":0.4879}",0.482411615,1,방향·크기 모두 맞음,true,"{""sourceUrl"":""https://fchart.stock.naver.com/sise.nhn?symbol=111770&timeframe=day&count=30&requestType=0"",""rawHash"":""118970bd70840c0e5f46d12928cda7c513bfd16322dc5406ddf8ae47dcf5dbae"",""observedAt"":""2026-09-29T09:19:36.000Z"",""finalClose"":true}",1,2026-09-29T09:19:36Z,v1
score-bdd3755dabcb96a0,score,2026-09-29,2026-09-29T09:19:36Z,,,"{""forecastId"":""2026-09-28-atlas11-27e1f65cfc167be9"",""inputSnapshotSHA256"":""4a176a0e77a59cd2611700fbdd2e79f80244d90fc1db1c6e15ef1411d338d05d"",""collectionRecordId"":""collection-aca09441235c7a17""}",2026-09-28-atlas11-27e1f65cfc167be9,atlas11-A-1,live,,2026-09-28T13:29:56.398Z,2026-09-28,14450,035250,강원랜드,cons,2026-09-29,1,true,"{""p05"":14183.803323297225,""p10"":14264.909549354876,""p25"":14354.522617006493,""p50"":14454.352468732806,""p75"":14551.437953332595,""p90"":14660.526899943452,""p95"":14728.701759173704}",14390,64.3524687328063,0.4472027014093558,1.5,true,0.00030120890884477447,-0.0041522491349480495,up,down,false,14264.909549354876,14660.526899943452,true,2.7378363362531233,395.6173505885763,0.027378363362531234,"{""up"":0.47815,""flat"":0.0612,""down"":0.46065}",0.523271285,3,크기 허용·방향 틀림,true,"{""sourceUrl"":""https://fchart.stock.naver.com/sise.nhn?symbol=035250&timeframe=day&count=30&requestType=0"",""rawHash"":""5fc1eebcc5bafbd13a02ec9320da9290b23fd2cb2dc8cd8f2d3c615137f5bc94"",""observedAt"":""2026-09-29T09:19:36.000Z"",""finalClose"":true}",1,2026-09-29T09:19:36Z,v1
score-e509c205e431c05c,score,2026-09-29,2026-09-29T09:19:36Z,,,"{""forecastId"":""2026-09-28-atlas11-27e1f65cfc167be9"",""inputSnapshotSHA256"":""4a176a0e77a59cd2611700fbdd2e79f80244d90fc1db1c6e15ef1411d338d05d"",""collectionRecordId"":""collection-aca09441235c7a17""}",2026-09-28-atlas11-27e1f65cfc167be9,atlas11-A-1,live,,2026-09-28T13:29:56.398Z,2026-09-28,104400,226950,올릭스,bio,2026-09-29,1,true,"{""p05"":95626.62310019063,""p10"":97417.34770945285,""p25"":100457.99386365403,""p50"":104025.6350178021,""p75"":108125.61929763864,""p90"":112160.92376486068,""p95"":116432.58600437987}",102800,1225.6350178020948,1.1922519628425048,1.5,true,-0.003585871476991409,-0.01532567049808431,down,down,true,97417.34770945285,112160.92376486068,true,14.122199286789108,14743.57605540783,0.14122199286789108,"{""up"":0.4547,""flat"":0.01025,""down"":0.53505}",0.42303565499999995,1,방향·크기 모두 맞음,false,"{""sourceUrl"":""https://fchart.stock.naver.com/sise.nhn?symbol=226950&timeframe=day&count=30&requestType=0"",""rawHash"":""ab9b9de787bcc487530145a69202fe6d201d5167e35486275adf34e9660f6c62"",""observedAt"":""2026-09-29T09:19:36.000Z"",""finalClose"":true}",1,2026-09-29T09:19:36Z,v1
score-5fa535c4276a5953,score,2026-09-29,2026-09-29T09:19:36Z,,,"{""forecastId"":""2026-09-28-atlas11-27e1f65cfc167be9"",""inputSnapshotSHA256"":""4a176a0e77a59cd2611700fbdd2e79f80244d90fc1db1c6e15ef1411d338d05d"",""collectionRecordId"":""collection-aca09441235c7a17""}",2026-09-28-atlas11-27e1f65cfc167be9,atlas11-A-1,live,,2026-09-28T13:29:56.398Z,2026-09-28,17810,030000,제일기획,net,2026-09-29,1,true,"{""p05"":17433.565653654616,""p10"":17535.026889048455,""p25"":17681.85994267285,""p50"":17816.071505705717,""p75"":17949.803295727947,""p90"":18104.463046077653,""p95"":18191.681431911446}",17860,-43.928494294283155,0.2459602144136795,1.5,true,0.0003409043068902662,0.0028074115665357446,up,up,true,17535.026889048455,18104.463046077653,true,3.1972833072947697,569.4361570291985,0.031972833072947696,"{""up"":0.47655,""flat"":0.08075,""down"":0.4427}",0.4765037549999999,1,방향·크기 모두 맞음,true,"{""sourceUrl"":""https://fchart.stock.naver.com/sise.nhn?symbol=030000&timeframe=day&count=30&requestType=0"",""rawHash"":""039de5fb83fbb2b4e61e405368124304db7ad62545843b66fc679a8178684f7b"",""observedAt"":""2026-09-29T09:19:36.000Z"",""finalClose"":true}",1,2026-09-29T09:19:36Z,v1
score-fbfd3536df2d5938,score,2026-09-29,2026-09-29T09:31:18Z,,,"{""forecastId"":""2026-09-23-rolling20-c2697de31ff6788c"",""inputSnapshotSHA256"":""6e8a8bdf14df68f9f4665d0d248354f998dd2e1a70e23c3412e46f62dba3ccc0"",""collectionRecordId"":""collection-c2a612f00ed6b23f""}",2026-09-23-rolling20-c2697de31ff6788c,atlas-rolling20-A,reference,,2026-09-28T07:59:39.699Z,2026-09-23,174100,105560,KB금융,fin,2026-09-29,2,true,"{""p05"":null,""p10"":168858.6860888178,""p25"":null,""p50"":174646.31243658927,""p75"":null,""p90"":180637.64020668968,""p95"":null}",173000,1646.3124365892727,0.951625685889753,2,true,0.0031379232429022963,-0.00631820792647908,up,down,false,168858.6860888178,180637.64020668968,true,6.765625570288271,11778.95411787188,0.06765625570288271,"{""up"":0.5383,""flat"":0.03405,""down"":0.42765}",0.618510815,3,크기 허용·방향 틀림,,"{""sourceUrl"":""https://fchart.stock.naver.com/sise.nhn?symbol=105560&timeframe=day&count=30&requestType=0"",""rawHash"":""f761c26c2fb0562188011d4191531ac564bf189330008bb017dfc127f458efb8"",""observedAt"":""2026-09-29T09:31:18.000Z"",""finalClose"":true}",1,2026-09-29T09:31:18Z,v1
score-f3a1cf2399c0186f,score,2026-09-29,2026-09-29T09:31:18Z,score-3b6347777ff7c2ab,실제 종가 정정(290500 → 290500),"{""forecastId"":""2026-09-23-rolling20-c2697de31ff6788c"",""inputSnapshotSHA256"":""6e8a8bdf14df68f9f4665d0d248354f998dd2e1a70e23c3412e46f62dba3ccc0"",""collectionRecordId"":""collection-c2a612f00ed6b23f""}",2026-09-23-rolling20-c2697de31ff6788c,atlas-rolling20-A,reference,,2026-09-28T07:59:39.699Z,2026-09-23,295000,032830,삼성생명보험,fin,2026-09-29,2,true,"{""p05"":null,""p10"":282692.17672401806,""p25"":null,""p50"":294956.2703234566,""p75"":null,""p90"":310130.514293514,""p95"":null}",290500,4456.270323456614,1.5340001113447899,2,true,-0.00014823619167247948,-0.015254237288135575,down,down,true,282692.17672401806,310130.514293514,true,9.301131379490155,27438.337569495954,0.09301131379490155,"{""up"":0.48485,""flat"":0.0259,""down"":0.48925}",0.49661589500000003,1,방향·크기 모두 맞음,,"{""sourceUrl"":""https://fchart.stock.naver.com/sise.nhn?symbol=032830&timeframe=day&count=30&requestType=0"",""rawHash"":""7a83d03814e06c4df838871a032c73dcf64f77d17dd5cc1f90805a711edd2cca"",""observedAt"":""2026-09-29T09:31:18.000Z"",""finalClose"":true}",2,2026-09-29T09:31:18Z,v1
score-746d6e266de160d5,score,2026-09-29,2026-09-29T09:31:18Z,,,"{""forecastId"":""2026-09-23-rolling20-c2697de31ff6788c"",""inputSnapshotSHA256"":""6e8a8bdf14df68f9f4665d0d248354f998dd2e1a70e23c3412e46f62dba3ccc0"",""collectionRecordId"":""collection-c2a612f00ed6b23f""}",2026-09-23-rolling20-c2697de31ff6788c,atlas-rolling20-A,reference,,2026-09-28T07:59:39.699Z,2026-09-23,444000,329180,HD현대중공업,heavy,2026-09-29,2,true,"{""p05"":null,""p10"":423273.8301314954,""p25"":null,""p50"":448692.7591706405,""p75"":null,""p90"":477518.32278872974,""p95"":null}",430500,18192.759170640493,4.22596031838339,2,false,0.010569277411352385,-0.030405405405405372,up,down,false,423273.8301314954,477518.32278872974,true,12.217228075953686,54244.49265723437,0.12217228075953687,"{""up"":0.58745,""flat"":0.0191,""down"":0.39345}",0.7133652149999999,4,방향·크기 모두 틀림,,"{""sourceUrl"":""https://fchart.stock.naver.com/sise.nhn?symbol=329180&timeframe=day&count=30&requestType=0"",""rawHash"":""a414f2b1084648841233b42f4272263604992366cc43f848badf018a8b116f0a"",""observedAt"":""2026-09-29T09:31:18.000Z"",""finalClose"":true}",1,2026-09-29T09:31:18Z,v1
score-8cf589ee34adad07,score,2026-09-29,2026-09-29T09:31:18Z,score-042c1855444699b6,실제 종가 정정(584000 → 583000),"{""forecastId"":""2026-09-23-rolling20-c2697de31ff6788c"",""inputSnapshotSHA256"":""6e8a8bdf14df68f9f4665d0d248354f998dd2e1a70e23c3412e46f62dba3ccc0"",""collectionRecordId"":""collection-c2a612f00ed6b23f""}",2026-09-23-rolling20-c2697de31ff6788c,atlas-rolling20-A,reference,,2026-09-28T07:59:39.699Z,2026-09-23,607000,034730,SK,util,2026-09-29,2,true,"{""p05"":null,""p10"":568047.7592169219,""p25"":null,""p50"":606020.9013067244,""p75"":null,""p90"":648997.622211331,""p95"":null}",583000,23020.90130672441,3.948696622079659,2,false,-0.0016130126742596174,-0.03953871499176276,down,down,true,568047.7592169219,648997.622211331,true,13.336056506492449,80949.86299440917,0.1333605650649245,"{""up"":0.47695,""flat"":0.0175,""down"":0.50555}",0.472268355,2,방향 맞고 크기 틀림,,"{""sourceUrl"":""https://fchart.stock.naver.com/sise.nhn?symbol=034730&timeframe=day&count=30&requestType=0"",""rawHash"":""fea04ae225f98b12ff2eee943b555708938e99ba478f68c602990779b09b21e5"",""observedAt"":""2026-09-29T09:31:18.000Z"",""finalClose"":true}",2,2026-09-29T09:31:18Z,v1
score-bbf69aad3275dea5,score,2026-09-29,2026-09-29T09:31:18Z,score-3cfb73c0f462b2ed,실제 종가 정정(653000 → 651000),"{""forecastId"":""2026-09-23-rolling20-c2697de31ff6788c"",""inputSnapshotSHA256"":""6e8a8bdf14df68f9f4665d0d248354f998dd2e1a70e23c3412e46f62dba3ccc0"",""collectionRecordId"":""collection-c2a612f00ed6b23f""}",2026-09-23-rolling20-c2697de31ff6788c,atlas-rolling20-A,reference,,2026-09-28T07:59:39.699Z,2026-09-23,648000,000810,삼성화재,fin,2026-09-29,2,true,"{""p05"":null,""p10"":622917.9787108448,""p25"":null,""p50"":646077.3010494856,""p75"":null,""p90"":675440.3313850642,""p95"":null}",651000,-4922.69895051443,0.7561749539960723,2,true,-0.002967128010053166,0.004629629629629539,down,up,false,622917.9787108448,675440.3313850642,true,8.105301338614106,52522.35267421941,0.08105301338614106,"{""up"":0.44365,""flat"":0.0285,""down"":0.52785}",0.588963195,3,크기 허용·방향 틀림,,"{""sourceUrl"":""https://fchart.stock.naver.com/sise.nhn?symbol=000810&timeframe=day&count=30&requestType=0"",""rawHash"":""16eff1e43d6a3b8c257b834a49aead4809afb2ab74862bc87c2558faf1c1dc24"",""observedAt"":""2026-09-29T09:31:18.000Z"",""finalClose"":true}",2,2026-09-29T09:31:18Z,v1
score-9676ec33e7c25a7d,score,2026-09-29,2026-09-29T09:31:18Z,score-508d5aa77db9a48b,실제 종가 정정(20900 → 20900),"{""forecastId"":""2026-09-23-rolling20-c2697de31ff6788c"",""inputSnapshotSHA256"":""6e8a8bdf14df68f9f4665d0d248354f998dd2e1a70e23c3412e46f62dba3ccc0"",""collectionRecordId"":""collection-c2a612f00ed6b23f""}",2026-09-23-rolling20-c2697de31ff6788c,atlas-rolling20-A,reference,,2026-09-28T07:59:39.699Z,2026-09-23,20850,011200,HMM,auto,2026-09-29,2,true,"{""p05"":null,""p10"":20168.173160065548,""p25"":null,""p50"":20829.09384305578,""p75"":null,""p90"":21582.18201526155,""p95"":null}",20900,-70.90615694422013,0.33926390882401974,2,true,-0.00100269337861969,0.0023980815347721673,down,up,false,20168.173160065548,21582.18201526155,true,6.781817051299777,1414.0088551960034,0.06781817051299777,"{""up"":0.46685,""flat"":0.0331,""down"":0.50005}",0.535394535,3,크기 허용·방향 틀림,,"{""sourceUrl"":""https://fchart.stock.naver.com/sise.nhn?symbol=011200&timeframe=day&count=30&requestType=0"",""rawHash"":""a375759cddb10cc2f60a3b7f52cd1b5100791a57b94bbd8d2df4f2932342cea5"",""observedAt"":""2026-09-29T09:31:18.000Z"",""finalClose"":true}",2,2026-09-29T09:31:18Z,v1
score-6ba0face1b917a05,score,2026-09-29,2026-09-29T09:31:18Z,,,"{""forecastId"":""2026-09-23-rolling20-c2697de31ff6788c"",""inputSnapshotSHA256"":""6e8a8bdf14df68f9f4665d0d248354f998dd2e1a70e23c3412e46f62dba3ccc0"",""collectionRecordId"":""collection-c2a612f00ed6b23f""}",2026-09-23-rolling20-c2697de31ff6788c,atlas-rolling20-A,reference,,2026-09-28T07:59:39.699Z,2026-09-23,174500,033780,KT&G,cons,2026-09-29,2,true,"{""p05"":null,""p10"":170418.8081260464,""p25"":null,""p50"":174673.6995589902,""p75"":null,""p90"":179623.70702645587,""p95"":null}",176100,-1426.3004410098074,0.8099377859226619,2,true,0.0009954129455025384,0.009169054441260815,up,up,true,170418.8081260464,179623.70702645587,true,5.27501369650972,9204.898900409462,0.0527501369650972,"{""up"":0.4999,""flat"":0.04705,""down"":0.45305}",0.457568015,1,방향·크기 모두 맞음,,"{""sourceUrl"":""https://fchart.stock.naver.com/sise.nhn?symbol=033780&timeframe=day&count=30&requestType=0"",""rawHash"":""a1c0a33c7e51d2d3404f698aff4d05464aae7dd00eb9c64c24cacf97b64573cd"",""observedAt"":""2026-09-29T09:31:18.000Z"",""finalClose"":true}",1,2026-09-29T09:31:18Z,v1
score-bf0663ff228eee9b,score,2026-09-29,2026-09-29T09:31:18Z,score-628d7776354fbe1d,실제 종가 정정(216500 → 216500),"{""forecastId"":""2026-09-23-rolling20-c2697de31ff6788c"",""inputSnapshotSHA256"":""6e8a8bdf14df68f9f4665d0d248354f998dd2e1a70e23c3412e46f62dba3ccc0"",""collectionRecordId"":""collection-c2a612f00ed6b23f""}",2026-09-23-rolling20-c2697de31ff6788c,atlas-rolling20-A,reference,,2026-09-28T07:59:39.699Z,2026-09-23,221000,018260,삼성에스디에스,semi,2026-09-29,2,true,"{""p05"":null,""p10"":211412.16006049656,""p25"":null,""p50"":220632.76098088833,""p75"":null,""p90"":230476.97432877097,""p95"":null}",216500,4132.760980888328,1.9088965269692046,2,true,-0.0016617150186049034,-0.020361990950226283,down,down,true,211412.16006049656,230476.97432877097,true,8.626612791074391,19064.814268274407,0.08626612791074392,"{""up"":0.4643,""flat"":0.02585,""down"":0.50985}",0.45648973499999995,1,방향·크기 모두 맞음,,"{""sourceUrl"":""https://fchart.stock.naver.com/sise.nhn?symbol=018260&timeframe=day&count=30&requestType=0"",""rawHash"":""2de3d886deaa2b6633247ced3f0e279d5b7b2c51f9b55b277fac205784c09df3"",""observedAt"":""2026-09-29T09:31:18.000Z"",""finalClose"":true}",2,2026-09-29T09:31:18Z,v1
score-084bd73974ca1457,score,2026-09-29,2026-09-29T09:31:18Z,score-9eb422f57b213da2,실제 종가 정정(52600 → 52600),"{""forecastId"":""2026-09-23-rolling20-c2697de31ff6788c"",""inputSnapshotSHA256"":""6e8a8bdf14df68f9f4665d0d248354f998dd2e1a70e23c3412e46f62dba3ccc0"",""collectionRecordId"":""collection-c2a612f00ed6b23f""}",2026-09-23-rolling20-c2697de31ff6788c,atlas-rolling20-A,reference,,2026-09-28T07:59:39.699Z,2026-09-23,52900,030200,KT,net,2026-09-29,2,true,"{""p05"":null,""p10"":51674.945107104264,""p25"":null,""p50"":52891.42822425768,""p75"":null,""p90"":54200.35650679866,""p95"":null}",52600,291.428224257681,0.5540460537218269,2,true,-0.00016203734862607622,-0.005671077504725952,down,down,true,51674.945107104264,54200.35650679866,true,4.7739345929950705,2525.4113996943925,0.04773934592995071,"{""up"":0.47405,""flat"":0.0445,""down"":0.48145}",0.4955977550000001,1,방향·크기 모두 맞음,,"{""sourceUrl"":""https://fchart.stock.naver.com/sise.nhn?symbol=030200&timeframe=day&count=30&requestType=0"",""rawHash"":""74c320962ecbe2c72160ac136bd9a3118a85a4c9dba321c53aac4d6343d7f51a"",""observedAt"":""2026-09-29T09:31:18.000Z"",""finalClose"":true}",2,2026-09-29T09:31:18Z,v1
score-8fe92c2f37e5fc6b,score,2026-09-29,2026-09-29T09:31:18Z,score-f679707b5c48ba07,실제 종가 정정(1220000 → 1220000),"{""forecastId"":""2026-09-23-rolling20-c2697de31ff6788c"",""inputSnapshotSHA256"":""6e8a8bdf14df68f9f4665d0d248354f998dd2e1a70e23c3412e46f62dba3ccc0"",""collectionRecordId"":""collection-c2a612f00ed6b23f""}",2026-09-23-rolling20-c2697de31ff6788c,atlas-rolling20-A,reference,,2026-09-28T07:59:39.699Z,2026-09-23,1218000,003230,삼양식품,cons,2026-09-29,2,true,"{""p05"":null,""p10"":1157058.317917901,""p25"":null,""p50"":1212027.6845072347,""p75"":null,""p90"":1288411.3641076083,""p95"":null}",1220000,-7972.3154927652795,0.6534684830135475,2,true,-0.0049033788938959155,0.0016420361247948545,down,up,false,1157058.317917901,1288411.3641076083,true,10.784322347266604,131353.04618970724,0.10784322347266605,"{""up"":0.4417,""flat"":0.01855,""down"":0.53975}",0.6033730549999999,3,크기 허용·방향 틀림,,"{""sourceUrl"":""https://fchart.stock.naver.com/sise.nhn?symbol=003230&timeframe=day&count=30&requestType=0"",""rawHash"":""ff4c4055e2488fb8d10cc50d0f1bd8fba5cc9fceab7a791b511673d00ee16763"",""observedAt"":""2026-09-29T09:31:18.000Z"",""finalClose"":true}",2,2026-09-29T09:31:18Z,v1
score-a07022c783af3c87,score,2026-09-29,2026-09-29T09:31:18Z,score-bb5a34872245e3a2,실제 종가 정정(42500 → 42500),"{""forecastId"":""2026-09-23-rolling20-c2697de31ff6788c"",""inputSnapshotSHA256"":""6e8a8bdf14df68f9f4665d0d248354f998dd2e1a70e23c3412e46f62dba3ccc0"",""collectionRecordId"":""collection-c2a612f00ed6b23f""}",2026-09-23-rolling20-c2697de31ff6788c,atlas-rolling20-A,reference,,2026-09-28T07:59:39.699Z,2026-09-23,42750,029780,삼성카드,fin,2026-09-29,2,true,"{""p05"":null,""p10"":41654.825972356106,""p25"":null,""p50"":42753.758387988004,""p75"":null,""p90"":43796.4537008272,""p95"":null}",42500,253.75838798800396,0.5970785599717741,2,true,0.00008791550849140961,-0.005847953216374324,up,down,false,41654.825972356106,43796.4537008272,true,5.009655505195546,2141.627728471096,0.05009655505195546,"{""up"":0.481,""flat"":0.04425,""down"":0.47475}",0.509206625,3,크기 허용·방향 틀림,,"{""sourceUrl"":""https://fchart.stock.naver.com/sise.nhn?symbol=029780&timeframe=day&count=30&requestType=0"",""rawHash"":""a8fc6d730f0412d3a042449a8ccee59d3128a7a607bb5f3100e249a51906e988"",""observedAt"":""2026-09-29T09:31:18.000Z"",""finalClose"":true}",2,2026-09-29T09:31:18Z,v1
score-0509070a73818b5a,score,2026-09-29,2026-09-29T09:31:18Z,,,"{""forecastId"":""2026-09-23-rolling20-c2697de31ff6788c"",""inputSnapshotSHA256"":""6e8a8bdf14df68f9f4665d0d248354f998dd2e1a70e23c3412e46f62dba3ccc0"",""collectionRecordId"":""collection-c2a612f00ed6b23f""}",2026-09-23-rolling20-c2697de31ff6788c,atlas-rolling20-A,reference,,2026-09-28T07:59:39.699Z,2026-09-23,35450,036460,한국가스공사,util,2026-09-29,2,true,"{""p05"":null,""p10"":34489.19305673342,""p25"":null,""p50"":35447.58195032063,""p75"":null,""p90"":36412.52595277593,""p95"":null}",35000,447.5819503206294,1.2788055723446554,2,true,-0.00006821014610358667,-0.012693935119887145,down,down,true,34489.19305673342,36412.52595277593,true,5.4254806658463,1923.3328960425133,0.054254806658463,"{""up"":0.4763,""flat"":0.0424,""down"":0.4813}",0.49770914,1,방향·크기 모두 맞음,,"{""sourceUrl"":""https://fchart.stock.naver.com/sise.nhn?symbol=036460&timeframe=day&count=30&requestType=0"",""rawHash"":""d8c0b209d2b36ea418dcf5ecf92ea55129f6d906ad06045f32a7c0ba91b6d976"",""observedAt"":""2026-09-29T09:31:18.000Z"",""finalClose"":true}",1,2026-09-29T09:31:18Z,v1
score-876a09452730b7ec,score,2026-09-29,2026-09-29T09:31:18Z,score-d2727f3513007fa8,실제 종가 정정(337500 → 337500),"{""forecastId"":""2026-09-23-rolling20-c2697de31ff6788c"",""inputSnapshotSHA256"":""6e8a8bdf14df68f9f4665d0d248354f998dd2e1a70e23c3412e46f62dba3ccc0"",""collectionRecordId"":""collection-c2a612f00ed6b23f""}",2026-09-23-rolling20-c2697de31ff6788c,atlas-rolling20-A,reference,,2026-09-28T07:59:39.699Z,2026-09-23,349000,004170,신세계,cons,2026-09-29,2,true,"{""p05"":null,""p10"":330415.3093289893,""p25"":null,""p50"":348997.9143468069,""p75"":null,""p90"":371146.77736626094,""p95"":null}",337500,11497.91434680688,3.4067894360909277,2,false,-0.0000059760836479405555,-0.03295128939828085,up,down,false,330415.3093289893,371146.77736626094,true,11.670907747069238,40731.46803727164,0.11670907747069238,"{""up"":0.49055,""flat"":0.01945,""down"":0.49}",0.501117605,4,방향·크기 모두 틀림,,"{""sourceUrl"":""https://fchart.stock.naver.com/sise.nhn?symbol=004170&timeframe=day&count=30&requestType=0"",""rawHash"":""5c4113716ab62aa0cd41c0492f0cd57d000685079f3b207bcd54e1783f45dc02"",""observedAt"":""2026-09-29T09:31:18.000Z"",""finalClose"":true}",2,2026-09-29T09:31:18Z,v1
score-d070b20d2228699d,score,2026-09-29,2026-09-29T09:31:18Z,score-a7be33846e53698e,실제 종가 정정(71000 → 70700),"{""forecastId"":""2026-09-23-rolling20-c2697de31ff6788c"",""inputSnapshotSHA256"":""6e8a8bdf14df68f9f4665d0d248354f998dd2e1a70e23c3412e46f62dba3ccc0"",""collectionRecordId"":""collection-c2a612f00ed6b23f""}",2026-09-23-rolling20-c2697de31ff6788c,atlas-rolling20-A,reference,,2026-09-28T07:59:39.699Z,2026-09-23,69700,111770,영원무역,cons,2026-09-29,2,true,"{""p05"":null,""p10"":67478.0858959161,""p25"":null,""p50"":69995.71897384725,""p75"":null,""p90"":72572.18278098342,""p95"":null}",70700,-704.2810261527484,0.9961542095512708,2,true,0.004242739940419682,0.01434720229555242,up,up,true,67478.0858959161,72572.18278098342,true,7.308603852320407,5094.0968850673235,0.07308603852320407,"{""up"":0.5487,""flat"":0.031,""down"":0.4203}",0.38128478000000005,1,방향·크기 모두 맞음,,"{""sourceUrl"":""https://fchart.stock.naver.com/sise.nhn?symbol=111770&timeframe=day&count=30&requestType=0"",""rawHash"":""c614b0a65b31ce5bc99bcbdc17b08c46d74635295941dddf1fef5752827ad309"",""observedAt"":""2026-09-29T09:31:18.000Z"",""finalClose"":true}",2,2026-09-29T09:31:18Z,v1
score-103082429cf1399e,score,2026-09-29,2026-09-29T09:31:18Z,,,"{""forecastId"":""2026-09-23-rolling20-c2697de31ff6788c"",""inputSnapshotSHA256"":""6e8a8bdf14df68f9f4665d0d248354f998dd2e1a70e23c3412e46f62dba3ccc0"",""collectionRecordId"":""collection-c2a612f00ed6b23f""}",2026-09-23-rolling20-c2697de31ff6788c,atlas-rolling20-A,reference,,2026-09-28T07:59:39.699Z,2026-09-23,38900,257720,실리콘투,cons,2026-09-29,2,true,"{""p05"":null,""p10"":36569.452773466415,""p25"":null,""p50"":38828.60457089811,""p75"":null,""p90"":41560.7004977462,""p95"":null}",38150,678.604570898111,1.7787800023541571,2,true,-0.0018353580745986697,-0.019280205655527016,down,down,true,36569.452773466415,41560.7004977462,true,12.830971013572706,4991.247724279783,0.12830971013572706,"{""up"":0.4766,""flat"":0.0158,""down"":0.5076}",0.46985495999999993,1,방향·크기 모두 맞음,,"{""sourceUrl"":""https://fchart.stock.naver.com/sise.nhn?symbol=257720&timeframe=day&count=30&requestType=0"",""rawHash"":""08fb032d65b2fe1721410e0bd732e0a25675798ed69eb44010eb79ad45247545"",""observedAt"":""2026-09-29T09:31:18.000Z"",""finalClose"":true}",1,2026-09-29T09:31:18Z,v1
score-9da978e7b9c29d7e,score,2026-09-29,2026-09-29T09:31:18Z,score-316636888c912af2,실제 종가 정정(102800 → 102600),"{""forecastId"":""2026-09-23-rolling20-c2697de31ff6788c"",""inputSnapshotSHA256"":""6e8a8bdf14df68f9f4665d0d248354f998dd2e1a70e23c3412e46f62dba3ccc0"",""collectionRecordId"":""collection-c2a612f00ed6b23f""}",2026-09-23-rolling20-c2697de31ff6788c,atlas-rolling20-A,reference,,2026-09-28T07:59:39.699Z,2026-09-23,102300,226950,올릭스,bio,2026-09-29,2,true,"{""p05"":null,""p10"":92314.09629911596,""p25"":null,""p50"":101812.80257371289,""p75"":null,""p90"":114074.04356613108,""p95"":null}",102600,-787.1974262871081,0.7672489534962067,2,true,-0.00476243818462474,0.0029325513196480912,down,up,false,92314.09629911596,114074.04356613108,true,21.27072069111937,21759.947267015115,0.21270720691119369,"{""up"":0.4693,""flat"":0.0104,""down"":0.5203}",0.55246274,3,크기 허용·방향 틀림,,"{""sourceUrl"":""https://fchart.stock.naver.com/sise.nhn?symbol=226950&timeframe=day&count=30&requestType=0"",""rawHash"":""40d58bdd46d4450c9bf33b68f7a37294e49a863fa88244ff2e241b7ea6449e32"",""observedAt"":""2026-09-29T09:31:18.000Z"",""finalClose"":true}",2,2026-09-29T09:31:18Z,v1
score-117ede5f297f21d9,score,2026-09-29,2026-09-29T09:31:18Z,score-cbb8f8d68d0a36ea,실제 종가 정정(17860 → 17830),"{""forecastId"":""2026-09-23-rolling20-c2697de31ff6788c"",""inputSnapshotSHA256"":""6e8a8bdf14df68f9f4665d0d248354f998dd2e1a70e23c3412e46f62dba3ccc0"",""collectionRecordId"":""collection-c2a612f00ed6b23f""}",2026-09-23-rolling20-c2697de31ff6788c,atlas-rolling20-A,reference,,2026-09-28T07:59:39.699Z,2026-09-23,17740,030000,제일기획,net,2026-09-29,2,true,"{""p05"":null,""p10"":17301.167066324793,""p25"":null,""p50"":17759.543044481696,""p75"":null,""p90"":18204.925428655148,""p95"":null}",17830,-70.45695551830431,0.3951595934846007,2,true,0.0011016372312118161,0.005073280721533235,up,up,true,17301.167066324793,18204.925428655148,true,5.0944665294833955,903.7583623303544,0.050944665294833956,"{""up"":0.5028,""flat"":0.0445,""down"":0.4527}",0.45412537999999997,1,방향·크기 모두 맞음,,"{""sourceUrl"":""https://fchart.stock.naver.com/sise.nhn?symbol=030000&timeframe=day&count=30&requestType=0"",""rawHash"":""c42ca77298fab4aceffdd7dc338827a2631c5fae2960bd6178c32255c20179e3"",""observedAt"":""2026-09-29T09:31:18.000Z"",""finalClose"":true}",2,2026-09-29T09:31:18Z,v1
score-6733956309f6e87b,score,2026-09-29,2026-09-29T09:31:18Z,,,"{""forecastId"":""2026-09-28-rolling20-13cd892134e517b4"",""inputSnapshotSHA256"":""6e8a8bdf14df68f9f4665d0d248354f998dd2e1a70e23c3412e46f62dba3ccc0"",""collectionRecordId"":""collection-c2a612f00ed6b23f""}",2026-09-28-rolling20-13cd892134e517b4,atlas-rolling20-A,live,,2026-09-28T09:39:48.714Z,2026-09-28,174200,105560,KB금융,fin,2026-09-29,1,true,"{""p05"":null,""p10"":170653.93347739067,""p25"":null,""p50"":174487.55869753243,""p75"":null,""p90"":178865.03949070975,""p95"":null}",173000,1487.5586975324259,0.8598605188048704,1.5,true,0.0016507387918049954,-0.006888633754305373,up,down,false,170653.93347739067,178865.03949070975,true,4.7136085036274835,8211.106013319077,0.04713608503627484,"{""up"":0.5161,""flat"":0.05875,""down"":0.42515}",0.6002632950000002,3,크기 허용·방향 틀림,,"{""sourceUrl"":""https://fchart.stock.naver.com/sise.nhn?symbol=105560&timeframe=day&count=30&requestType=0"",""rawHash"":""f761c26c2fb0562188011d4191531ac564bf189330008bb017dfc127f458efb8"",""observedAt"":""2026-09-29T09:31:18.000Z"",""finalClose"":true}",1,2026-09-29T09:31:18Z,v1
score-7ce87de123da2791,score,2026-09-29,2026-09-29T09:31:18Z,score-d286c8c995992af6,실제 종가 정정(290500 → 290500),"{""forecastId"":""2026-09-28-rolling20-13cd892134e517b4"",""inputSnapshotSHA256"":""6e8a8bdf14df68f9f4665d0d248354f998dd2e1a70e23c3412e46f62dba3ccc0"",""collectionRecordId"":""collection-c2a612f00ed6b23f""}",2026-09-28-rolling20-13cd892134e517b4,atlas-rolling20-A,live,,2026-09-28T09:39:48.714Z,2026-09-28,296000,032830,삼성생명보험,fin,2026-09-29,1,true,"{""p05"":null,""p10"":287409.0377263782,""p25"":null,""p50"":295753.2895100759,""p75"":null,""p90"":305297.5313173459,""p95"":null}",290500,5253.289510075876,1.8083612771345527,1.5,false,-0.0008334813848788203,-0.01858108108108103,down,down,true,287409.0377263782,305297.5313173459,true,6.043409996948557,17888.49359096773,0.06043409996948557,"{""up"":0.4651,""flat"":0.0381,""down"":0.4968}",0.47097986,2,방향 맞고 크기 틀림,,"{""sourceUrl"":""https://fchart.stock.naver.com/sise.nhn?symbol=032830&timeframe=day&count=30&requestType=0"",""rawHash"":""7a83d03814e06c4df838871a032c73dcf64f77d17dd5cc1f90805a711edd2cca"",""observedAt"":""2026-09-29T09:31:18.000Z"",""finalClose"":true}",2,2026-09-29T09:31:18Z,v1
score-e9174094432ca085,score,2026-09-29,2026-09-29T09:31:18Z,,,"{""forecastId"":""2026-09-28-rolling20-13cd892134e517b4"",""inputSnapshotSHA256"":""6e8a8bdf14df68f9f4665d0d248354f998dd2e1a70e23c3412e46f62dba3ccc0"",""collectionRecordId"":""collection-c2a612f00ed6b23f""}",2026-09-28-rolling20-13cd892134e517b4,atlas-rolling20-A,live,,2026-09-28T09:39:48.714Z,2026-09-28,442000,329180,HD현대중공업,heavy,2026-09-29,1,true,"{""p05"":null,""p10"":425982.58852746186,""p25"":null,""p50"":443445.2575140774,""p75"":null,""p90"":463645.64364445594,""p95"":null}",430500,12945.257514077413,3.0070284585545677,1.5,false,0.0032698133802655516,-0.02601809954751133,up,down,false,425982.58852746186,463645.64364445594,true,8.521053193890062,37663.05511699407,0.08521053193890062,"{""up"":0.5353,""flat"":0.0325,""down"":0.4322}",0.60999918,4,방향·크기 모두 틀림,,"{""sourceUrl"":""https://fchart.stock.naver.com/sise.nhn?symbol=329180&timeframe=day&count=30&requestType=0"",""rawHash"":""a414f2b1084648841233b42f4272263604992366cc43f848badf018a8b116f0a"",""observedAt"":""2026-09-29T09:31:18.000Z"",""finalClose"":true}",1,2026-09-29T09:31:18Z,v1
score-6280de1fb6a66fba,score,2026-09-29,2026-09-29T09:31:18Z,score-7246beca5070f2b3,실제 종가 정정(584000 → 583000),"{""forecastId"":""2026-09-28-rolling20-13cd892134e517b4"",""inputSnapshotSHA256"":""6e8a8bdf14df68f9f4665d0d248354f998dd2e1a70e23c3412e46f62dba3ccc0"",""collectionRecordId"":""collection-c2a612f00ed6b23f""}",2026-09-28-rolling20-13cd892134e517b4,atlas-rolling20-A,live,,2026-09-28T09:39:48.714Z,2026-09-28,578000,034730,SK,util,2026-09-29,1,true,"{""p05"":null,""p10"":550635.5661565217,""p25"":null,""p50"":576872.1475233042,""p75"":null,""p90"":604443.705473313,""p95"":null}",583000,-6127.852476695785,1.051089618644217,1.5,true,-0.0019513018627954626,0.00865051903114189,down,up,false,550635.5661565217,604443.705473313,true,9.309366663804726,53808.13931679132,0.09309366663804726,"{""up"":0.4624,""flat"":0.0276,""down"":0.51}",0.5498755200000001,3,크기 허용·방향 틀림,,"{""sourceUrl"":""https://fchart.stock.naver.com/sise.nhn?symbol=034730&timeframe=day&count=30&requestType=0"",""rawHash"":""fea04ae225f98b12ff2eee943b555708938e99ba478f68c602990779b09b21e5"",""observedAt"":""2026-09-29T09:31:18.000Z"",""finalClose"":true}",2,2026-09-29T09:31:18Z,v1
score-bcdb1db65fa9d085,score,2026-09-29,2026-09-29T09:31:18Z,score-e31ba352a254766d,실제 종가 정정(653000 → 651000),"{""forecastId"":""2026-09-28-rolling20-13cd892134e517b4"",""inputSnapshotSHA256"":""6e8a8bdf14df68f9f4665d0d248354f998dd2e1a70e23c3412e46f62dba3ccc0"",""collectionRecordId"":""collection-c2a612f00ed6b23f""}",2026-09-28-rolling20-13cd892134e517b4,atlas-rolling20-A,live,,2026-09-28T09:39:48.714Z,2026-09-28,661000,000810,삼성화재,fin,2026-09-29,1,true,"{""p05"":null,""p10"":643276.2325376064,""p25"":null,""p50"":659816.9294697228,""p75"":null,""p90"":678637.1886861576,""p95"":null}",651000,8816.929469722789,1.354367046040367,1.5,true,-0.0017898192591183637,-0.015128593040847238,down,down,true,643276.2325376064,678637.1886861576,true,5.349615151066747,35360.956148551195,0.053496151510667465,"{""up"":0.43965,""flat"":0.0426,""down"":0.51775}",0.42767194499999994,1,방향·크기 모두 맞음,,"{""sourceUrl"":""https://fchart.stock.naver.com/sise.nhn?symbol=000810&timeframe=day&count=30&requestType=0"",""rawHash"":""16eff1e43d6a3b8c257b834a49aead4809afb2ab74862bc87c2558faf1c1dc24"",""observedAt"":""2026-09-29T09:31:18.000Z"",""finalClose"":true}",2,2026-09-29T09:31:18Z,v1
score-ce707fca81ad4d25,score,2026-09-29,2026-09-29T09:31:18Z,score-1aa2a1f058d701b7,실제 종가 정정(20900 → 20900),"{""forecastId"":""2026-09-28-rolling20-13cd892134e517b4"",""inputSnapshotSHA256"":""6e8a8bdf14df68f9f4665d0d248354f998dd2e1a70e23c3412e46f62dba3ccc0"",""collectionRecordId"":""collection-c2a612f00ed6b23f""}",2026-09-28-rolling20-13cd892134e517b4,atlas-rolling20-A,live,,2026-09-28T09:39:48.714Z,2026-09-28,21250,011200,HMM,auto,2026-09-29,1,true,"{""p05"":null,""p10"":20729.930885585552,""p25"":null,""p50"":21242.451327034338,""p75"":null,""p90"":21783.726474531657,""p95"":null}",20900,342.45132703433774,1.6385230958580754,1.5,false,-0.0003552316689723334,-0.016470588235294126,down,down,true,20729.930885585552,21783.726474531657,true,4.959038065628727,1053.7955889461045,0.04959038065628727,"{""up"":0.44675,""flat"":0.06675,""down"":0.4865}",0.46772337500000005,2,방향 맞고 크기 틀림,,"{""sourceUrl"":""https://fchart.stock.naver.com/sise.nhn?symbol=011200&timeframe=day&count=30&requestType=0"",""rawHash"":""a375759cddb10cc2f60a3b7f52cd1b5100791a57b94bbd8d2df4f2932342cea5"",""observedAt"":""2026-09-29T09:31:18.000Z"",""finalClose"":true}",2,2026-09-29T09:31:18Z,v1
score-d5bb0c98a0052cfe,score,2026-09-29,2026-09-29T09:31:18Z,,,"{""forecastId"":""2026-09-28-rolling20-13cd892134e517b4"",""inputSnapshotSHA256"":""6e8a8bdf14df68f9f4665d0d248354f998dd2e1a70e23c3412e46f62dba3ccc0"",""collectionRecordId"":""collection-c2a612f00ed6b23f""}",2026-09-28-rolling20-13cd892134e517b4,atlas-rolling20-A,live,,2026-09-28T09:39:48.714Z,2026-09-28,175400,033780,KT&G,cons,2026-09-29,1,true,"{""p05"":null,""p10"":172149.2145070198,""p25"":null,""p50"":175265.80363252517,""p75"":null,""p90"":179093.1559451884,""p95"":null}",176100,-834.1963674748258,0.47370605762341045,1.5,true,-0.0007650876138816098,0.003990877993158559,down,up,false,172149.2145070198,179093.1559451884,true,3.9589175816240636,6943.941438168607,0.039589175816240635,"{""up"":0.4473,""flat"":0.0571,""down"":0.4956}",0.55435706,3,크기 허용·방향 틀림,,"{""sourceUrl"":""https://fchart.stock.naver.com/sise.nhn?symbol=033780&timeframe=day&count=30&requestType=0"",""rawHash"":""a1c0a33c7e51d2d3404f698aff4d05464aae7dd00eb9c64c24cacf97b64573cd"",""observedAt"":""2026-09-29T09:31:18.000Z"",""finalClose"":true}",1,2026-09-29T09:31:18Z,v1
score-f521fe11de99eabc,score,2026-09-29,2026-09-29T09:31:18Z,score-f29f33100a2a568a,실제 종가 정정(216500 → 216500),"{""forecastId"":""2026-09-28-rolling20-13cd892134e517b4"",""inputSnapshotSHA256"":""6e8a8bdf14df68f9f4665d0d248354f998dd2e1a70e23c3412e46f62dba3ccc0"",""collectionRecordId"":""collection-c2a612f00ed6b23f""}",2026-09-28-rolling20-13cd892134e517b4,atlas-rolling20-A,live,,2026-09-28T09:39:48.714Z,2026-09-28,219000,018260,삼성에스디에스,semi,2026-09-29,1,true,"{""p05"":null,""p10"":212717.79306516878,""p25"":null,""p50"":218784.110204126,""p75"":null,""p90"":224874.2373290256,""p95"":null}",216500,2284.1102041259874,1.055016260566276,1.5,true,-0.0009857981546758099,-0.011415525114155223,down,down,true,212717.79306516878,224874.2373290256,true,5.550887791715446,12156.444263856829,0.05550887791715447,"{""up"":0.4526,""flat"":0.0651,""down"":0.4823}",0.47709806000000005,1,방향·크기 모두 맞음,,"{""sourceUrl"":""https://fchart.stock.naver.com/sise.nhn?symbol=018260&timeframe=day&count=30&requestType=0"",""rawHash"":""2de3d886deaa2b6633247ced3f0e279d5b7b2c51f9b55b277fac205784c09df3"",""observedAt"":""2026-09-29T09:31:18.000Z"",""finalClose"":true}",2,2026-09-29T09:31:18Z,v1
score-f132f449884329f6,score,2026-09-29,2026-09-29T09:31:18Z,score-196b7fd163405dd9,실제 종가 정정(52600 → 52600),"{""forecastId"":""2026-09-28-rolling20-13cd892134e517b4"",""inputSnapshotSHA256"":""6e8a8bdf14df68f9f4665d0d248354f998dd2e1a70e23c3412e46f62dba3ccc0"",""collectionRecordId"":""collection-c2a612f00ed6b23f""}",2026-09-28-rolling20-13cd892134e517b4,atlas-rolling20-A,live,,2026-09-28T09:39:48.714Z,2026-09-28,52900,030200,KT,net,2026-09-29,1,true,"{""p05"":null,""p10"":52072.27304558202,""p25"":null,""p50"":52910.11231608776,""p75"":null,""p90"":53764.704239533836,""p95"":null}",52600,310.1123160877614,0.5895671408512574,1.5,true,0.00019115909428668587,-0.005671077504725952,up,down,false,52072.27304558202,53764.704239533836,true,3.1993028241055113,1692.4311939518157,0.03199302824105511,"{""up"":0.4654,""flat"":0.07895,""down"":0.45565}",0.519147185,3,크기 허용·방향 틀림,,"{""sourceUrl"":""https://fchart.stock.naver.com/sise.nhn?symbol=030200&timeframe=day&count=30&requestType=0"",""rawHash"":""74c320962ecbe2c72160ac136bd9a3118a85a4c9dba321c53aac4d6343d7f51a"",""observedAt"":""2026-09-29T09:31:18.000Z"",""finalClose"":true}",2,2026-09-29T09:31:18Z,v1
score-472e906a9cef58c1,score,2026-09-29,2026-09-29T09:31:18Z,score-45ead79b9db48037,실제 종가 정정(1220000 → 1220000),"{""forecastId"":""2026-09-28-rolling20-13cd892134e517b4"",""inputSnapshotSHA256"":""6e8a8bdf14df68f9f4665d0d248354f998dd2e1a70e23c3412e46f62dba3ccc0"",""collectionRecordId"":""collection-c2a612f00ed6b23f""}",2026-09-28-rolling20-13cd892134e517b4,atlas-rolling20-A,live,,2026-09-28T09:39:48.714Z,2026-09-28,1215000,003230,삼양식품,cons,2026-09-29,1,true,"{""p05"":null,""p10"":1174454.1380512444,""p25"":null,""p50"":1210056.0148690285,""p75"":null,""p90"":1264359.4294562682,""p95"":null}",1220000,-9943.98513097153,0.8150807484402894,1.5,true,-0.004069123564585664,0.004115226337448652,down,up,false,1174454.1380512444,1264359.4294562682,true,7.399612461318829,89905.29140502377,0.07399612461318829,"{""up"":0.42485,""flat"":0.032,""down"":0.54315}",0.6268334450000002,3,크기 허용·방향 틀림,,"{""sourceUrl"":""https://fchart.stock.naver.com/sise.nhn?symbol=003230&timeframe=day&count=30&requestType=0"",""rawHash"":""ff4c4055e2488fb8d10cc50d0f1bd8fba5cc9fceab7a791b511673d00ee16763"",""observedAt"":""2026-09-29T09:31:18.000Z"",""finalClose"":true}",2,2026-09-29T09:31:18Z,v1
score-ee136b1f95cb0c93,score,2026-09-29,2026-09-29T09:31:18Z,score-9bb48f87b02704af,실제 종가 정정(42500 → 42500),"{""forecastId"":""2026-09-28-rolling20-13cd892134e517b4"",""inputSnapshotSHA256"":""6e8a8bdf14df68f9f4665d0d248354f998dd2e1a70e23c3412e46f62dba3ccc0"",""collectionRecordId"":""collection-c2a612f00ed6b23f""}",2026-09-28-rolling20-13cd892134e517b4,atlas-rolling20-A,live,,2026-09-28T09:39:48.714Z,2026-09-28,43350,029780,삼성카드,fin,2026-09-29,1,true,"{""p05"":null,""p10"":42629.39273636437,""p25"":null,""p50"":43334.95655312725,""p75"":null,""p90"":44106.7399069947,""p95"":null}",42500,834.9565531272528,1.9646036544170655,1.5,false,-0.0003470229959111615,-0.019607843137254943,up,down,false,42629.39273636437,44106.7399069947,false,3.4079519507043408,2771.274534274002,0.06392790159801619,"{""up"":0.4676,""flat"":0.0649,""down"":0.4675}",0.5064180199999999,4,방향·크기 모두 틀림,,"{""sourceUrl"":""https://fchart.stock.naver.com/sise.nhn?symbol=029780&timeframe=day&count=30&requestType=0"",""rawHash"":""a8fc6d730f0412d3a042449a8ccee59d3128a7a607bb5f3100e249a51906e988"",""observedAt"":""2026-09-29T09:31:18.000Z"",""finalClose"":true}",2,2026-09-29T09:31:18Z,v1
score-b14fbb115585aae4,score,2026-09-29,2026-09-29T09:31:18Z,,,"{""forecastId"":""2026-09-28-rolling20-13cd892134e517b4"",""inputSnapshotSHA256"":""6e8a8bdf14df68f9f4665d0d248354f998dd2e1a70e23c3412e46f62dba3ccc0"",""collectionRecordId"":""collection-c2a612f00ed6b23f""}",2026-09-28-rolling20-13cd892134e517b4,atlas-rolling20-A,live,,2026-09-28T09:39:48.714Z,2026-09-28,35500,036460,한국가스공사,util,2026-09-29,1,true,"{""p05"":null,""p10"":34792.258076947895,""p25"":null,""p50"":35477.060539004604,""p75"":null,""p90"":36186.19974571786,""p95"":null}",35000,477.0605390046039,1.3630301114417254,1.5,true,-0.0006461819998703211,-0.014084507042253502,down,down,true,34792.258076947895,36186.19974571786,true,3.9265962500562344,1393.9416687699631,0.03926596250056234,"{""up"":0.4586,""flat"":0.0572,""down"":0.4842}",0.47963544,1,방향·크기 모두 맞음,,"{""sourceUrl"":""https://fchart.stock.naver.com/sise.nhn?symbol=036460&timeframe=day&count=30&requestType=0"",""rawHash"":""d8c0b209d2b36ea418dcf5ecf92ea55129f6d906ad06045f32a7c0ba91b6d976"",""observedAt"":""2026-09-29T09:31:18.000Z"",""finalClose"":true}",1,2026-09-29T09:31:18Z,v1
score-b23940d42e8bf5b6,score,2026-09-29,2026-09-29T09:31:18Z,score-5007861abb592961,실제 종가 정정(337500 → 337500),"{""forecastId"":""2026-09-28-rolling20-13cd892134e517b4"",""inputSnapshotSHA256"":""6e8a8bdf14df68f9f4665d0d248354f998dd2e1a70e23c3412e46f62dba3ccc0"",""collectionRecordId"":""collection-c2a612f00ed6b23f""}",2026-09-28-rolling20-13cd892134e517b4,atlas-rolling20-A,live,,2026-09-28T09:39:48.714Z,2026-09-28,343500,004170,신세계,cons,2026-09-29,1,true,"{""p05"":null,""p10"":330277.93028220045,""p25"":null,""p50"":343342.7455045114,""p75"":null,""p90"":358103.5422087219,""p95"":null}",337500,5842.745504511404,1.7311838531885644,1.5,false,-0.0004578005691080467,-0.017467248908296984,down,down,true,330277.93028220045,358103.5422087219,true,8.10061482577044,27825.611926521466,0.08100614825770441,"{""up"":0.47355,""flat"":0.0385,""down"":0.48795}",0.487927055,2,방향 맞고 크기 틀림,,"{""sourceUrl"":""https://fchart.stock.naver.com/sise.nhn?symbol=004170&timeframe=day&count=30&requestType=0"",""rawHash"":""5c4113716ab62aa0cd41c0492f0cd57d000685079f3b207bcd54e1783f45dc02"",""observedAt"":""2026-09-29T09:31:18.000Z"",""finalClose"":true}",2,2026-09-29T09:31:18Z,v1
score-79c59b72d53bcc07,score,2026-09-29,2026-09-29T09:31:18Z,score-4191005492ff9aba,실제 종가 정정(71000 → 70700),"{""forecastId"":""2026-09-28-rolling20-13cd892134e517b4"",""inputSnapshotSHA256"":""6e8a8bdf14df68f9f4665d0d248354f998dd2e1a70e23c3412e46f62dba3ccc0"",""collectionRecordId"":""collection-c2a612f00ed6b23f""}",2026-09-28-rolling20-13cd892134e517b4,atlas-rolling20-A,live,,2026-09-28T09:39:48.714Z,2026-09-28,71400,111770,영원무역,cons,2026-09-29,1,true,"{""p05"":null,""p10"":69525.65055750564,""p25"":null,""p50"":71351.78551452573,""p75"":null,""p90"":73292.22388245884,""p95"":null}",70700,651.7855145257345,0.9219031322853387,1.5,true,-0.000675272905802049,-0.009803921568627416,down,down,true,69525.65055750564,73292.22388245884,true,5.275312780046507,3766.573324953206,0.052753127800465066,"{""up"":0.46705,""flat"":0.04505,""down"":0.4879}",0.482411615,1,방향·크기 모두 맞음,,"{""sourceUrl"":""https://fchart.stock.naver.com/sise.nhn?symbol=111770&timeframe=day&count=30&requestType=0"",""rawHash"":""c614b0a65b31ce5bc99bcbdc17b08c46d74635295941dddf1fef5752827ad309"",""observedAt"":""2026-09-29T09:31:18.000Z"",""finalClose"":true}",2,2026-09-29T09:31:18Z,v1
score-ad6e69b38a218e75,score,2026-09-29,2026-09-29T09:31:18Z,,,"{""forecastId"":""2026-09-28-rolling20-13cd892134e517b4"",""inputSnapshotSHA256"":""6e8a8bdf14df68f9f4665d0d248354f998dd2e1a70e23c3412e46f62dba3ccc0"",""collectionRecordId"":""collection-c2a612f00ed6b23f""}",2026-09-28-rolling20-13cd892134e517b4,atlas-rolling20-A,live,,2026-09-28T09:39:48.714Z,2026-09-28,38700,257720,실리콘투,cons,2026-09-29,1,true,"{""p05"":null,""p10"":36955.28397539707,""p25"":null,""p50"":38559.61100143694,""p75"":null,""p90"":40412.2580711871,""p95"":null}",38150,409.61100143694057,1.073685455929071,1.5,true,-0.003627622701887878,-0.014211886304909549,down,down,true,36955.28397539707,40412.2580711871,true,8.932749601524621,3456.9740957900285,0.08932749601524621,"{""up"":0.4432,""flat"":0.01265,""down"":0.54415}",0.40438548499999993,1,방향·크기 모두 맞음,,"{""sourceUrl"":""https://fchart.stock.naver.com/sise.nhn?symbol=257720&timeframe=day&count=30&requestType=0"",""rawHash"":""08fb032d65b2fe1721410e0bd732e0a25675798ed69eb44010eb79ad45247545"",""observedAt"":""2026-09-29T09:31:18.000Z"",""finalClose"":true}",1,2026-09-29T09:31:18Z,v1
score-0acd37fd63b2ea4d,score,2026-09-29,2026-09-29T09:31:18Z,score-105d8ca3d6c44023,실제 종가 정정(102800 → 102600),"{""forecastId"":""2026-09-28-rolling20-13cd892134e517b4"",""inputSnapshotSHA256"":""6e8a8bdf14df68f9f4665d0d248354f998dd2e1a70e23c3412e46f62dba3ccc0"",""collectionRecordId"":""collection-c2a612f00ed6b23f""}",2026-09-28-rolling20-13cd892134e517b4,atlas-rolling20-A,live,,2026-09-28T09:39:48.714Z,2026-09-28,104400,226950,올릭스,bio,2026-09-29,1,true,"{""p05"":null,""p10"":97417.34770945285,""p25"":null,""p50"":104025.6350178021,""p75"":null,""p90"":112160.92376486068,""p95"":null}",102600,1425.6350178020948,1.3895078146219249,1.5,true,-0.003585871476991409,-0.017241379310344862,down,down,true,97417.34770945285,112160.92376486068,true,14.122199286789108,14743.57605540783,0.14122199286789108,"{""up"":0.4547,""flat"":0.01025,""down"":0.53505}",0.42303565499999995,1,방향·크기 모두 맞음,,"{""sourceUrl"":""https://fchart.stock.naver.com/sise.nhn?symbol=226950&timeframe=day&count=30&requestType=0"",""rawHash"":""40d58bdd46d4450c9bf33b68f7a37294e49a863fa88244ff2e241b7ea6449e32"",""observedAt"":""2026-09-29T09:31:18.000Z"",""finalClose"":true}",2,2026-09-29T09:31:18Z,v1
score-ed6a7b12ed3bd40d,score,2026-09-29,2026-09-29T09:31:18Z,score-5945eb360451401f,실제 종가 정정(17860 → 17830),"{""forecastId"":""2026-09-28-rolling20-13cd892134e517b4"",""inputSnapshotSHA256"":""6e8a8bdf14df68f9f4665d0d248354f998dd2e1a70e23c3412e46f62dba3ccc0"",""collectionRecordId"":""collection-c2a612f00ed6b23f""}",2026-09-28-rolling20-13cd892134e517b4,atlas-rolling20-A,live,,2026-09-28T09:39:48.714Z,2026-09-28,17810,030000,제일기획,net,2026-09-29,1,true,"{""p05"":null,""p10"":17535.026889048455,""p25"":null,""p50"":17816.071505705717,""p75"":null,""p90"":18104.463046077653,""p95"":null}",17830,-13.928494294283155,0.07811830787595712,1.5,true,0.0003409043068902662,0.001122964626614209,up,up,true,17535.026889048455,18104.463046077653,true,3.1972833072947697,569.4361570291985,0.031972833072947696,"{""up"":0.47655,""flat"":0.08075,""down"":0.4427}",0.4765037549999999,1,방향·크기 모두 맞음,,"{""sourceUrl"":""https://fchart.stock.naver.com/sise.nhn?symbol=030000&timeframe=day&count=30&requestType=0"",""rawHash"":""c42ca77298fab4aceffdd7dc338827a2631c5fae2960bd6178c32255c20179e3"",""observedAt"":""2026-09-29T09:31:18.000Z"",""finalClose"":true}",2,2026-09-29T09:31:18Z,v1
score-8f3036ac8ef11268,score,2026-09-29,2026-09-29T09:31:18Z,,,"{""forecastId"":""2026-09-28-atlas11-90616c6bc916e8d6"",""inputSnapshotSHA256"":""6e8a8bdf14df68f9f4665d0d248354f998dd2e1a70e23c3412e46f62dba3ccc0"",""collectionRecordId"":""collection-c2a612f00ed6b23f""}",2026-09-28-atlas11-90616c6bc916e8d6,atlas11-A-1,live,,2026-09-28T13:13:16.576Z,2026-09-28,174200,105560,KB금융,fin,2026-09-29,1,true,"{""p05"":168736.7513415192,""p10"":170653.93347739067,""p25"":172567.952835848,""p50"":174487.55869753243,""p75"":176403.20308750152,""p90"":178865.03949070975,""p95"":179893.4133977843}",173000,1487.5586975324259,0.8598605188048704,1.5,true,0.0016507387918049954,-0.006888633754305373,up,down,false,170653.93347739067,178865.03949070975,true,4.7136085036274835,8211.106013319077,0.04713608503627484,"{""up"":0.5161,""flat"":0.05875,""down"":0.42515}",0.6002632950000002,3,크기 허용·방향 틀림,false,"{""sourceUrl"":""https://fchart.stock.naver.com/sise.nhn?symbol=105560&timeframe=day&count=30&requestType=0"",""rawHash"":""f761c26c2fb0562188011d4191531ac564bf189330008bb017dfc127f458efb8"",""observedAt"":""2026-09-29T09:31:18.000Z"",""finalClose"":true}",1,2026-09-29T09:31:18Z,v1
score-46b17789b0255361,score,2026-09-29,2026-09-29T09:31:18Z,score-62f5f1a5e1fde741,실제 종가 정정(290500 → 290500),"{""forecastId"":""2026-09-28-atlas11-90616c6bc916e8d6"",""inputSnapshotSHA256"":""6e8a8bdf14df68f9f4665d0d248354f998dd2e1a70e23c3412e46f62dba3ccc0"",""collectionRecordId"":""collection-c2a612f00ed6b23f""}",2026-09-28-atlas11-90616c6bc916e8d6,atlas11-A-1,live,,2026-09-28T13:13:16.576Z,2026-09-28,296000,032830,삼성생명보험,fin,2026-09-29,1,true,"{""p05"":284919.1109859912,""p10"":287409.0377263782,""p25"":291482.65744255786,""p50"":295753.2895100759,""p75"":300067.30325072515,""p90"":305297.5313173459,""p95"":310221.6028908093}",290500,5253.289510075876,1.8083612771345527,1.5,false,-0.0008334813848788203,-0.01858108108108103,down,down,true,287409.0377263782,305297.5313173459,true,6.043409996948557,17888.49359096773,0.06043409996948557,"{""up"":0.4651,""flat"":0.0381,""down"":0.4968}",0.47097986,2,방향 맞고 크기 틀림,true,"{""sourceUrl"":""https://fchart.stock.naver.com/sise.nhn?symbol=032830&timeframe=day&count=30&requestType=0"",""rawHash"":""7a83d03814e06c4df838871a032c73dcf64f77d17dd5cc1f90805a711edd2cca"",""observedAt"":""2026-09-29T09:31:18.000Z"",""finalClose"":true}",2,2026-09-29T09:31:18Z,v1
score-b2f1aac4a5c1bc50,score,2026-09-29,2026-09-29T09:31:18Z,,,"{""forecastId"":""2026-09-28-atlas11-90616c6bc916e8d6"",""inputSnapshotSHA256"":""6e8a8bdf14df68f9f4665d0d248354f998dd2e1a70e23c3412e46f62dba3ccc0"",""collectionRecordId"":""collection-c2a612f00ed6b23f""}",2026-09-28-atlas11-90616c6bc916e8d6,atlas11-A-1,live,,2026-09-28T13:13:16.576Z,2026-09-28,442000,329180,HD현대중공업,heavy,2026-09-29,1,true,"{""p05"":420002.5502974398,""p10"":425982.58852746186,""p25"":434696.95847453794,""p50"":443445.2575140774,""p75"":452379.3099062746,""p90"":463645.64364445594,""p95"":469174.2921385799}",430500,12945.257514077413,3.0070284585545677,1.5,false,0.0032698133802655516,-0.02601809954751133,up,down,false,425982.58852746186,463645.64364445594,true,8.521053193890062,37663.05511699407,0.08521053193890062,"{""up"":0.5353,""flat"":0.0325,""down"":0.4322}",0.60999918,4,방향·크기 모두 틀림,false,"{""sourceUrl"":""https://fchart.stock.naver.com/sise.nhn?symbol=329180&timeframe=day&count=30&requestType=0"",""rawHash"":""a414f2b1084648841233b42f4272263604992366cc43f848badf018a8b116f0a"",""observedAt"":""2026-09-29T09:31:18.000Z"",""finalClose"":true}",1,2026-09-29T09:31:18Z,v1
score-46ec165e85b87391,score,2026-09-29,2026-09-29T09:31:18Z,score-b1c099a76e3ec2fe,실제 종가 정정(584000 → 583000),"{""forecastId"":""2026-09-28-atlas11-90616c6bc916e8d6"",""inputSnapshotSHA256"":""6e8a8bdf14df68f9f4665d0d248354f998dd2e1a70e23c3412e46f62dba3ccc0"",""collectionRecordId"":""collection-c2a612f00ed6b23f""}",2026-09-28-atlas11-90616c6bc916e8d6,atlas11-A-1,live,,2026-09-28T13:13:16.576Z,2026-09-28,578000,034730,SK,util,2026-09-29,1,true,"{""p05"":541444.4294046052,""p10"":550635.5661565217,""p25"":564535.1303113344,""p50"":576872.1475233042,""p75"":589655.7779364492,""p90"":604443.705473313,""p95"":617153.4516341505}",583000,-6127.852476695785,1.051089618644217,1.5,true,-0.0019513018627954626,0.00865051903114189,down,up,false,550635.5661565217,604443.705473313,true,9.309366663804726,53808.13931679132,0.09309366663804726,"{""up"":0.4624,""flat"":0.0276,""down"":0.51}",0.5498755200000001,3,크기 허용·방향 틀림,true,"{""sourceUrl"":""https://fchart.stock.naver.com/sise.nhn?symbol=034730&timeframe=day&count=30&requestType=0"",""rawHash"":""fea04ae225f98b12ff2eee943b555708938e99ba478f68c602990779b09b21e5"",""observedAt"":""2026-09-29T09:31:18.000Z"",""finalClose"":true}",2,2026-09-29T09:31:18Z,v1
score-0bb709d8ed97dc1a,score,2026-09-29,2026-09-29T09:31:18Z,score-64146ad4ea77308c,실제 종가 정정(653000 → 651000),"{""forecastId"":""2026-09-28-atlas11-90616c6bc916e8d6"",""inputSnapshotSHA256"":""6e8a8bdf14df68f9f4665d0d248354f998dd2e1a70e23c3412e46f62dba3ccc0"",""collectionRecordId"":""collection-c2a612f00ed6b23f""}",2026-09-28-atlas11-90616c6bc916e8d6,atlas11-A-1,live,,2026-09-28T13:13:16.576Z,2026-09-28,661000,000810,삼성화재,fin,2026-09-29,1,true,"{""p05"":636920.9851996747,""p10"":643276.2325376064,""p25"":651731.5013673092,""p50"":659816.9294697228,""p75"":667681.3182408422,""p90"":678637.1886861576,""p95"":689444.3602459042}",651000,8816.929469722789,1.354367046040367,1.5,true,-0.0017898192591183637,-0.015128593040847238,down,down,true,643276.2325376064,678637.1886861576,true,5.349615151066747,35360.956148551195,0.053496151510667465,"{""up"":0.43965,""flat"":0.0426,""down"":0.51775}",0.42767194499999994,1,방향·크기 모두 맞음,false,"{""sourceUrl"":""https://fchart.stock.naver.com/sise.nhn?symbol=000810&timeframe=day&count=30&requestType=0"",""rawHash"":""16eff1e43d6a3b8c257b834a49aead4809afb2ab74862bc87c2558faf1c1dc24"",""observedAt"":""2026-09-29T09:31:18.000Z"",""finalClose"":true}",2,2026-09-29T09:31:18Z,v1
score-2cdc51bf5fec4d5e,score,2026-09-29,2026-09-29T09:31:18Z,score-9f48db9864f9077e,실제 종가 정정(20900 → 20900),"{""forecastId"":""2026-09-28-atlas11-90616c6bc916e8d6"",""inputSnapshotSHA256"":""6e8a8bdf14df68f9f4665d0d248354f998dd2e1a70e23c3412e46f62dba3ccc0"",""collectionRecordId"":""collection-c2a612f00ed6b23f""}",2026-09-28-atlas11-90616c6bc916e8d6,atlas11-A-1,live,,2026-09-28T13:13:16.576Z,2026-09-28,21250,011200,HMM,auto,2026-09-29,1,true,"{""p05"":20563.006008668403,""p10"":20729.930885585552,""p25"":20995.706578038098,""p50"":21242.451327034338,""p75"":21489.31200885098,""p90"":21783.726474531657,""p95"":22054.92072785394}",20900,342.45132703433774,1.6385230958580754,1.5,false,-0.0003552316689723334,-0.016470588235294126,down,down,true,20729.930885585552,21783.726474531657,true,4.959038065628727,1053.7955889461045,0.04959038065628727,"{""up"":0.44675,""flat"":0.06675,""down"":0.4865}",0.46772337500000005,2,방향 맞고 크기 틀림,true,"{""sourceUrl"":""https://fchart.stock.naver.com/sise.nhn?symbol=011200&timeframe=day&count=30&requestType=0"",""rawHash"":""a375759cddb10cc2f60a3b7f52cd1b5100791a57b94bbd8d2df4f2932342cea5"",""observedAt"":""2026-09-29T09:31:18.000Z"",""finalClose"":true}",2,2026-09-29T09:31:18Z,v1
score-674d8a533591234a,score,2026-09-29,2026-09-29T09:31:18Z,,,"{""forecastId"":""2026-09-28-atlas11-90616c6bc916e8d6"",""inputSnapshotSHA256"":""6e8a8bdf14df68f9f4665d0d248354f998dd2e1a70e23c3412e46f62dba3ccc0"",""collectionRecordId"":""collection-c2a612f00ed6b23f""}",2026-09-28-atlas11-90616c6bc916e8d6,atlas11-A-1,live,,2026-09-28T13:13:16.576Z,2026-09-28,175400,033780,KT&G,cons,2026-09-29,1,true,"{""p05"":170583.93921499507,""p10"":172149.2145070198,""p25"":173701.56201631532,""p50"":175265.80363252517,""p75"":176943.40485221357,""p90"":179093.1559451884,""p95"":180663.200499342}",176100,-834.1963674748258,0.47370605762341045,1.5,true,-0.0007650876138816098,0.003990877993158559,down,up,false,172149.2145070198,179093.1559451884,true,3.9589175816240636,6943.941438168607,0.039589175816240635,"{""up"":0.4473,""flat"":0.0571,""down"":0.4956}",0.55435706,3,크기 허용·방향 틀림,true,"{""sourceUrl"":""https://fchart.stock.naver.com/sise.nhn?symbol=033780&timeframe=day&count=30&requestType=0"",""rawHash"":""a1c0a33c7e51d2d3404f698aff4d05464aae7dd00eb9c64c24cacf97b64573cd"",""observedAt"":""2026-09-29T09:31:18.000Z"",""finalClose"":true}",1,2026-09-29T09:31:18Z,v1
score-ccae7e1941eec359,score,2026-09-29,2026-09-29T09:31:18Z,score-2d8df94b85c12641,실제 종가 정정(216500 → 216500),"{""forecastId"":""2026-09-28-atlas11-90616c6bc916e8d6"",""inputSnapshotSHA256"":""6e8a8bdf14df68f9f4665d0d248354f998dd2e1a70e23c3412e46f62dba3ccc0"",""collectionRecordId"":""collection-c2a612f00ed6b23f""}",2026-09-28-atlas11-90616c6bc916e8d6,atlas11-A-1,live,,2026-09-28T13:13:16.576Z,2026-09-28,219000,018260,삼성에스디에스,semi,2026-09-29,1,true,"{""p05"":209589.20314202982,""p10"":212717.79306516878,""p25"":215840.48715900874,""p50"":218784.110204126,""p75"":221786.81137375024,""p90"":224874.2373290256,""p95"":227139.543749287}",216500,2284.1102041259874,1.055016260566276,1.5,true,-0.0009857981546758099,-0.011415525114155223,down,down,true,212717.79306516878,224874.2373290256,true,5.550887791715446,12156.444263856829,0.05550887791715447,"{""up"":0.4526,""flat"":0.0651,""down"":0.4823}",0.47709806000000005,1,방향·크기 모두 맞음,true,"{""sourceUrl"":""https://fchart.stock.naver.com/sise.nhn?symbol=018260&timeframe=day&count=30&requestType=0"",""rawHash"":""2de3d886deaa2b6633247ced3f0e279d5b7b2c51f9b55b277fac205784c09df3"",""observedAt"":""2026-09-29T09:31:18.000Z"",""finalClose"":true}",2,2026-09-29T09:31:18Z,v1
score-c8bdded92fbb7448,score,2026-09-29,2026-09-29T09:31:18Z,score-b84469525c01d0c1,실제 종가 정정(52600 → 52600),"{""forecastId"":""2026-09-28-atlas11-90616c6bc916e8d6"",""inputSnapshotSHA256"":""6e8a8bdf14df68f9f4665d0d248354f998dd2e1a70e23c3412e46f62dba3ccc0"",""collectionRecordId"":""collection-c2a612f00ed6b23f""}",2026-09-28-atlas11-90616c6bc916e8d6,atlas11-A-1,live,,2026-09-28T13:13:16.576Z,2026-09-28,52900,030200,KT,net,2026-09-29,1,true,"{""p05"":51774.6861769322,""p10"":52072.27304558202,""p25"":52456.53257664795,""p50"":52910.11231608776,""p75"":53337.47220230064,""p90"":53764.704239533836,""p95"":54183.586368306904}",52600,310.1123160877614,0.5895671408512574,1.5,true,0.00019115909428668587,-0.005671077504725952,up,down,false,52072.27304558202,53764.704239533836,true,3.1993028241055113,1692.4311939518157,0.03199302824105511,"{""up"":0.4654,""flat"":0.07895,""down"":0.45565}",0.519147185,3,크기 허용·방향 틀림,true,"{""sourceUrl"":""https://fchart.stock.naver.com/sise.nhn?symbol=030200&timeframe=day&count=30&requestType=0"",""rawHash"":""74c320962ecbe2c72160ac136bd9a3118a85a4c9dba321c53aac4d6343d7f51a"",""observedAt"":""2026-09-29T09:31:18.000Z"",""finalClose"":true}",2,2026-09-29T09:31:18Z,v1
score-3c4c8bb1c99a40b0,score,2026-09-29,2026-09-29T09:31:18Z,score-866e26fef8c2102f,실제 종가 정정(1220000 → 1220000),"{""forecastId"":""2026-09-28-atlas11-90616c6bc916e8d6"",""inputSnapshotSHA256"":""6e8a8bdf14df68f9f4665d0d248354f998dd2e1a70e23c3412e46f62dba3ccc0"",""collectionRecordId"":""collection-c2a612f00ed6b23f""}",2026-09-28-atlas11-90616c6bc916e8d6,atlas11-A-1,live,,2026-09-28T13:13:16.576Z,2026-09-28,1215000,003230,삼양식품,cons,2026-09-29,1,true,"{""p05"":1167110.028335501,""p10"":1174454.1380512444,""p25"":1190702.1285725543,""p50"":1210056.0148690285,""p75"":1232583.579668155,""p90"":1264359.4294562682,""p95"":1284787.257981781}",1220000,-9943.98513097153,0.8150807484402894,1.5,true,-0.004069123564585664,0.004115226337448652,down,up,false,1174454.1380512444,1264359.4294562682,true,7.399612461318829,89905.29140502377,0.07399612461318829,"{""up"":0.42485,""flat"":0.032,""down"":0.54315}",0.6268334450000002,3,크기 허용·방향 틀림,false,"{""sourceUrl"":""https://fchart.stock.naver.com/sise.nhn?symbol=003230&timeframe=day&count=30&requestType=0"",""rawHash"":""ff4c4055e2488fb8d10cc50d0f1bd8fba5cc9fceab7a791b511673d00ee16763"",""observedAt"":""2026-09-29T09:31:18.000Z"",""finalClose"":true}",2,2026-09-29T09:31:18Z,v1
score-f069c5fb243acde8,score,2026-09-29,2026-09-29T09:31:18Z,score-7ab08ae799631ef0,실제 종가 정정(42500 → 42500),"{""forecastId"":""2026-09-28-atlas11-90616c6bc916e8d6"",""inputSnapshotSHA256"":""6e8a8bdf14df68f9f4665d0d248354f998dd2e1a70e23c3412e46f62dba3ccc0"",""collectionRecordId"":""collection-c2a612f00ed6b23f""}",2026-09-28-atlas11-90616c6bc916e8d6,atlas11-A-1,live,,2026-09-28T13:13:16.576Z,2026-09-28,43350,029780,삼성카드,fin,2026-09-29,1,true,"{""p05"":42263.106449834835,""p10"":42629.39273636437,""p25"":43002.812083453915,""p50"":43334.95655312725,""p75"":43716.80435104584,""p90"":44106.7399069947,""p95"":44327.21497812337}",42500,834.9565531272528,1.9646036544170655,1.5,false,-0.0003470229959111615,-0.019607843137254943,up,down,false,42629.39273636437,44106.7399069947,false,3.4079519507043408,2771.274534274002,0.06392790159801619,"{""up"":0.4676,""flat"":0.0649,""down"":0.4675}",0.5064180199999999,4,방향·크기 모두 틀림,true,"{""sourceUrl"":""https://fchart.stock.naver.com/sise.nhn?symbol=029780&timeframe=day&count=30&requestType=0"",""rawHash"":""a8fc6d730f0412d3a042449a8ccee59d3128a7a607bb5f3100e249a51906e988"",""observedAt"":""2026-09-29T09:31:18.000Z"",""finalClose"":true}",2,2026-09-29T09:31:18Z,v1
score-62486c86f9d76987,score,2026-09-29,2026-09-29T09:31:18Z,,,"{""forecastId"":""2026-09-28-atlas11-90616c6bc916e8d6"",""inputSnapshotSHA256"":""6e8a8bdf14df68f9f4665d0d248354f998dd2e1a70e23c3412e46f62dba3ccc0"",""collectionRecordId"":""collection-c2a612f00ed6b23f""}",2026-09-28-atlas11-90616c6bc916e8d6,atlas11-A-1,live,,2026-09-28T13:13:16.576Z,2026-09-28,35500,036460,한국가스공사,util,2026-09-29,1,true,"{""p05"":34489.45293908271,""p10"":34792.258076947895,""p25"":35133.652295891894,""p50"":35477.060539004604,""p75"":35844.874411345074,""p90"":36186.19974571786,""p95"":36438.17396440424}",35000,477.0605390046039,1.3630301114417254,1.5,true,-0.0006461819998703211,-0.014084507042253502,down,down,true,34792.258076947895,36186.19974571786,true,3.9265962500562344,1393.9416687699631,0.03926596250056234,"{""up"":0.4586,""flat"":0.0572,""down"":0.4842}",0.47963544,1,방향·크기 모두 맞음,true,"{""sourceUrl"":""https://fchart.stock.naver.com/sise.nhn?symbol=036460&timeframe=day&count=30&requestType=0"",""rawHash"":""d8c0b209d2b36ea418dcf5ecf92ea55129f6d906ad06045f32a7c0ba91b6d976"",""observedAt"":""2026-09-29T09:31:18.000Z"",""finalClose"":true}",1,2026-09-29T09:31:18Z,v1
score-dafcf67ebcd1dd2a,score,2026-09-29,2026-09-29T09:31:18Z,score-79e228c0b2f5a8e8,실제 종가 정정(337500 → 337500),"{""forecastId"":""2026-09-28-atlas11-90616c6bc916e8d6"",""inputSnapshotSHA256"":""6e8a8bdf14df68f9f4665d0d248354f998dd2e1a70e23c3412e46f62dba3ccc0"",""collectionRecordId"":""collection-c2a612f00ed6b23f""}",2026-09-28-atlas11-90616c6bc916e8d6,atlas11-A-1,live,,2026-09-28T13:13:16.576Z,2026-09-28,343500,004170,신세계,cons,2026-09-29,1,true,"{""p05"":325591.92873973766,""p10"":330277.93028220045,""p25"":337821.7994516415,""p50"":343342.7455045114,""p75"":349708.27956694935,""p90"":358103.5422087219,""p95"":364124.3141965789}",337500,5842.745504511404,1.7311838531885644,1.5,false,-0.0004578005691080467,-0.017467248908296984,down,down,true,330277.93028220045,358103.5422087219,true,8.10061482577044,27825.611926521466,0.08100614825770441,"{""up"":0.47355,""flat"":0.0385,""down"":0.48795}",0.487927055,2,방향 맞고 크기 틀림,true,"{""sourceUrl"":""https://fchart.stock.naver.com/sise.nhn?symbol=004170&timeframe=day&count=30&requestType=0"",""rawHash"":""5c4113716ab62aa0cd41c0492f0cd57d000685079f3b207bcd54e1783f45dc02"",""observedAt"":""2026-09-29T09:31:18.000Z"",""finalClose"":true}",2,2026-09-29T09:31:18Z,v1
score-4069920a10d723d4,score,2026-09-29,2026-09-29T09:31:18Z,score-f300d9fb69b2c3dd,실제 종가 정정(71000 → 70700),"{""forecastId"":""2026-09-28-atlas11-90616c6bc916e8d6"",""inputSnapshotSHA256"":""6e8a8bdf14df68f9f4665d0d248354f998dd2e1a70e23c3412e46f62dba3ccc0"",""collectionRecordId"":""collection-c2a612f00ed6b23f""}",2026-09-28-atlas11-90616c6bc916e8d6,atlas11-A-1,live,,2026-09-28T13:13:16.576Z,2026-09-28,71400,111770,영원무역,cons,2026-09-29,1,true,"{""p05"":68842.66994813422,""p10"":69525.65055750564,""p25"":70476.31557287904,""p50"":71351.78551452573,""p75"":72238.18154303075,""p90"":73292.22388245884,""p95"":73873.29414420051}",70700,651.7855145257345,0.9219031322853387,1.5,true,-0.000675272905802049,-0.009803921568627416,down,down,true,69525.65055750564,73292.22388245884,true,5.275312780046507,3766.573324953206,0.052753127800465066,"{""up"":0.46705,""flat"":0.04505,""down"":0.4879}",0.482411615,1,방향·크기 모두 맞음,true,"{""sourceUrl"":""https://fchart.stock.naver.com/sise.nhn?symbol=111770&timeframe=day&count=30&requestType=0"",""rawHash"":""c614b0a65b31ce5bc99bcbdc17b08c46d74635295941dddf1fef5752827ad309"",""observedAt"":""2026-09-29T09:31:18.000Z"",""finalClose"":true}",2,2026-09-29T09:31:18Z,v1
score-eb95ffef604f0718,score,2026-09-29,2026-09-29T09:31:18Z,,,"{""forecastId"":""2026-09-28-atlas11-90616c6bc916e8d6"",""inputSnapshotSHA256"":""6e8a8bdf14df68f9f4665d0d248354f998dd2e1a70e23c3412e46f62dba3ccc0"",""collectionRecordId"":""collection-c2a612f00ed6b23f""}",2026-09-28-atlas11-90616c6bc916e8d6,atlas11-A-1,live,,2026-09-28T13:13:16.576Z,2026-09-28,38700,257720,실리콘투,cons,2026-09-29,1,true,"{""p05"":36447.10604352828,""p10"":36955.28397539707,""p25"":37780.79669224085,""p50"":38559.61100143694,""p75"":39496.98178110306,""p90"":40412.2580711871,""p95"":41170.06345530491}",38150,409.61100143694057,1.073685455929071,1.5,true,-0.003627622701887878,-0.014211886304909549,down,down,true,36955.28397539707,40412.2580711871,true,8.932749601524621,3456.9740957900285,0.08932749601524621,"{""up"":0.4432,""flat"":0.01265,""down"":0.54415}",0.40438548499999993,1,방향·크기 모두 맞음,false,"{""sourceUrl"":""https://fchart.stock.naver.com/sise.nhn?symbol=257720&timeframe=day&count=30&requestType=0"",""rawHash"":""08fb032d65b2fe1721410e0bd732e0a25675798ed69eb44010eb79ad45247545"",""observedAt"":""2026-09-29T09:31:18.000Z"",""finalClose"":true}",1,2026-09-29T09:31:18Z,v1
score-1c8810829ccb0180,score,2026-09-29,2026-09-29T09:31:18Z,score-e8f9a8ecba85f616,실제 종가 정정(102800 → 102600),"{""forecastId"":""2026-09-28-atlas11-90616c6bc916e8d6"",""inputSnapshotSHA256"":""6e8a8bdf14df68f9f4665d0d248354f998dd2e1a70e23c3412e46f62dba3ccc0"",""collectionRecordId"":""collection-c2a612f00ed6b23f""}",2026-09-28-atlas11-90616c6bc916e8d6,atlas11-A-1,live,,2026-09-28T13:13:16.576Z,2026-09-28,104400,226950,올릭스,bio,2026-09-29,1,true,"{""p05"":95626.62310019063,""p10"":97417.34770945285,""p25"":100457.99386365403,""p50"":104025.6350178021,""p75"":108125.61929763864,""p90"":112160.92376486068,""p95"":116432.58600437987}",102600,1425.6350178020948,1.3895078146219249,1.5,true,-0.003585871476991409,-0.017241379310344862,down,down,true,97417.34770945285,112160.92376486068,true,14.122199286789108,14743.57605540783,0.14122199286789108,"{""up"":0.4547,""flat"":0.01025,""down"":0.53505}",0.42303565499999995,1,방향·크기 모두 맞음,false,"{""sourceUrl"":""https://fchart.stock.naver.com/sise.nhn?symbol=226950&timeframe=day&count=30&requestType=0"",""rawHash"":""40d58bdd46d4450c9bf33b68f7a37294e49a863fa88244ff2e241b7ea6449e32"",""observedAt"":""2026-09-29T09:31:18.000Z"",""finalClose"":true}",2,2026-09-29T09:31:18Z,v1
score-a840391a292fd746,score,2026-09-29,2026-09-29T09:31:18Z,score-1bf3e0c9057489a7,실제 종가 정정(17860 → 17830),"{""forecastId"":""2026-09-28-atlas11-90616c6bc916e8d6"",""inputSnapshotSHA256"":""6e8a8bdf14df68f9f4665d0d248354f998dd2e1a70e23c3412e46f62dba3ccc0"",""collectionRecordId"":""collection-c2a612f00ed6b23f""}",2026-09-28-atlas11-90616c6bc916e8d6,atlas11-A-1,live,,2026-09-28T13:13:16.576Z,2026-09-28,17810,030000,제일기획,net,2026-09-29,1,true,"{""p05"":17433.565653654616,""p10"":17535.026889048455,""p25"":17681.85994267285,""p50"":17816.071505705717,""p75"":17949.803295727947,""p90"":18104.463046077653,""p95"":18191.681431911446}",17830,-13.928494294283155,0.07811830787595712,1.5,true,0.0003409043068902662,0.001122964626614209,up,up,true,17535.026889048455,18104.463046077653,true,3.1972833072947697,569.4361570291985,0.031972833072947696,"{""up"":0.47655,""flat"":0.08075,""down"":0.4427}",0.4765037549999999,1,방향·크기 모두 맞음,true,"{""sourceUrl"":""https://fchart.stock.naver.com/sise.nhn?symbol=030000&timeframe=day&count=30&requestType=0"",""rawHash"":""c42ca77298fab4aceffdd7dc338827a2631c5fae2960bd6178c32255c20179e3"",""observedAt"":""2026-09-29T09:31:18.000Z"",""finalClose"":true}",2,2026-09-29T09:31:18Z,v1
score-25525c891753bb7f,score,2026-09-29,2026-09-29T09:31:18Z,,,"{""forecastId"":""2026-09-28-atlas11-27e1f65cfc167be9"",""inputSnapshotSHA256"":""6e8a8bdf14df68f9f4665d0d248354f998dd2e1a70e23c3412e46f62dba3ccc0"",""collectionRecordId"":""collection-c2a612f00ed6b23f""}",2026-09-28-atlas11-27e1f65cfc167be9,atlas11-A-1,live,,2026-09-28T13:29:56.398Z,2026-09-28,174200,105560,KB금융,fin,2026-09-29,1,true,"{""p05"":168736.7513415192,""p10"":170653.93347739067,""p25"":172567.952835848,""p50"":174487.55869753243,""p75"":176403.20308750152,""p90"":178865.03949070975,""p95"":179893.4133977843}",173000,1487.5586975324259,0.8598605188048704,1.5,true,0.0016507387918049954,-0.006888633754305373,up,down,false,170653.93347739067,178865.03949070975,true,4.7136085036274835,8211.106013319077,0.04713608503627484,"{""up"":0.5161,""flat"":0.05875,""down"":0.42515}",0.6002632950000002,3,크기 허용·방향 틀림,false,"{""sourceUrl"":""https://fchart.stock.naver.com/sise.nhn?symbol=105560&timeframe=day&count=30&requestType=0"",""rawHash"":""f761c26c2fb0562188011d4191531ac564bf189330008bb017dfc127f458efb8"",""observedAt"":""2026-09-29T09:31:18.000Z"",""finalClose"":true}",1,2026-09-29T09:31:18Z,v1
score-04641676e0f30c77,score,2026-09-29,2026-09-29T09:31:18Z,score-12dfae14c814df76,실제 종가 정정(290500 → 290500),"{""forecastId"":""2026-09-28-atlas11-27e1f65cfc167be9"",""inputSnapshotSHA256"":""6e8a8bdf14df68f9f4665d0d248354f998dd2e1a70e23c3412e46f62dba3ccc0"",""collectionRecordId"":""collection-c2a612f00ed6b23f""}",2026-09-28-atlas11-27e1f65cfc167be9,atlas11-A-1,live,,2026-09-28T13:29:56.398Z,2026-09-28,296000,032830,삼성생명보험,fin,2026-09-29,1,true,"{""p05"":284919.1109859912,""p10"":287409.0377263782,""p25"":291482.65744255786,""p50"":295753.2895100759,""p75"":300067.30325072515,""p90"":305297.5313173459,""p95"":310221.6028908093}",290500,5253.289510075876,1.8083612771345527,1.5,false,-0.0008334813848788203,-0.01858108108108103,down,down,true,287409.0377263782,305297.5313173459,true,6.043409996948557,17888.49359096773,0.06043409996948557,"{""up"":0.4651,""flat"":0.0381,""down"":0.4968}",0.47097986,2,방향 맞고 크기 틀림,true,"{""sourceUrl"":""https://fchart.stock.naver.com/sise.nhn?symbol=032830&timeframe=day&count=30&requestType=0"",""rawHash"":""7a83d03814e06c4df838871a032c73dcf64f77d17dd5cc1f90805a711edd2cca"",""observedAt"":""2026-09-29T09:31:18.000Z"",""finalClose"":true}",2,2026-09-29T09:31:18Z,v1
score-ca5c67730111cbd2,score,2026-09-29,2026-09-29T09:31:18Z,,,"{""forecastId"":""2026-09-28-atlas11-27e1f65cfc167be9"",""inputSnapshotSHA256"":""6e8a8bdf14df68f9f4665d0d248354f998dd2e1a70e23c3412e46f62dba3ccc0"",""collectionRecordId"":""collection-c2a612f00ed6b23f""}",2026-09-28-atlas11-27e1f65cfc167be9,atlas11-A-1,live,,2026-09-28T13:29:56.398Z,2026-09-28,442000,329180,HD현대중공업,heavy,2026-09-29,1,true,"{""p05"":420002.5502974398,""p10"":425982.58852746186,""p25"":434696.95847453794,""p50"":443445.2575140774,""p75"":452379.3099062746,""p90"":463645.64364445594,""p95"":469174.2921385799}",430500,12945.257514077413,3.0070284585545677,1.5,false,0.0032698133802655516,-0.02601809954751133,up,down,false,425982.58852746186,463645.64364445594,true,8.521053193890062,37663.05511699407,0.08521053193890062,"{""up"":0.5353,""flat"":0.0325,""down"":0.4322}",0.60999918,4,방향·크기 모두 틀림,false,"{""sourceUrl"":""https://fchart.stock.naver.com/sise.nhn?symbol=329180&timeframe=day&count=30&requestType=0"",""rawHash"":""a414f2b1084648841233b42f4272263604992366cc43f848badf018a8b116f0a"",""observedAt"":""2026-09-29T09:31:18.000Z"",""finalClose"":true}",1,2026-09-29T09:31:18Z,v1
score-d26f46a7358033ad,score,2026-09-29,2026-09-29T09:31:18Z,score-d809027ce8f75cf0,실제 종가 정정(584000 → 583000),"{""forecastId"":""2026-09-28-atlas11-27e1f65cfc167be9"",""inputSnapshotSHA256"":""6e8a8bdf14df68f9f4665d0d248354f998dd2e1a70e23c3412e46f62dba3ccc0"",""collectionRecordId"":""collection-c2a612f00ed6b23f""}",2026-09-28-atlas11-27e1f65cfc167be9,atlas11-A-1,live,,2026-09-28T13:29:56.398Z,2026-09-28,578000,034730,SK,util,2026-09-29,1,true,"{""p05"":541444.4294046052,""p10"":550635.5661565217,""p25"":564535.1303113344,""p50"":576872.1475233042,""p75"":589655.7779364492,""p90"":604443.705473313,""p95"":617153.4516341505}",583000,-6127.852476695785,1.051089618644217,1.5,true,-0.0019513018627954626,0.00865051903114189,down,up,false,550635.5661565217,604443.705473313,true,9.309366663804726,53808.13931679132,0.09309366663804726,"{""up"":0.4624,""flat"":0.0276,""down"":0.51}",0.5498755200000001,3,크기 허용·방향 틀림,true,"{""sourceUrl"":""https://fchart.stock.naver.com/sise.nhn?symbol=034730&timeframe=day&count=30&requestType=0"",""rawHash"":""fea04ae225f98b12ff2eee943b555708938e99ba478f68c602990779b09b21e5"",""observedAt"":""2026-09-29T09:31:18.000Z"",""finalClose"":true}",2,2026-09-29T09:31:18Z,v1
score-1fc50b627144e0d3,score,2026-09-29,2026-09-29T09:31:18Z,score-ab0bb29847ef3f94,실제 종가 정정(653000 → 651000),"{""forecastId"":""2026-09-28-atlas11-27e1f65cfc167be9"",""inputSnapshotSHA256"":""6e8a8bdf14df68f9f4665d0d248354f998dd2e1a70e23c3412e46f62dba3ccc0"",""collectionRecordId"":""collection-c2a612f00ed6b23f""}",2026-09-28-atlas11-27e1f65cfc167be9,atlas11-A-1,live,,2026-09-28T13:29:56.398Z,2026-09-28,661000,000810,삼성화재,fin,2026-09-29,1,true,"{""p05"":636920.9851996747,""p10"":643276.2325376064,""p25"":651731.5013673092,""p50"":659816.9294697228,""p75"":667681.3182408422,""p90"":678637.1886861576,""p95"":689444.3602459042}",651000,8816.929469722789,1.354367046040367,1.5,true,-0.0017898192591183637,-0.015128593040847238,down,down,true,643276.2325376064,678637.1886861576,true,5.349615151066747,35360.956148551195,0.053496151510667465,"{""up"":0.43965,""flat"":0.0426,""down"":0.51775}",0.42767194499999994,1,방향·크기 모두 맞음,false,"{""sourceUrl"":""https://fchart.stock.naver.com/sise.nhn?symbol=000810&timeframe=day&count=30&requestType=0"",""rawHash"":""16eff1e43d6a3b8c257b834a49aead4809afb2ab74862bc87c2558faf1c1dc24"",""observedAt"":""2026-09-29T09:31:18.000Z"",""finalClose"":true}",2,2026-09-29T09:31:18Z,v1
score-60d4ecf11e436e3f,score,2026-09-29,2026-09-29T09:31:18Z,score-64008c06ca197194,실제 종가 정정(20900 → 20900),"{""forecastId"":""2026-09-28-atlas11-27e1f65cfc167be9"",""inputSnapshotSHA256"":""6e8a8bdf14df68f9f4665d0d248354f998dd2e1a70e23c3412e46f62dba3ccc0"",""collectionRecordId"":""collection-c2a612f00ed6b23f""}",2026-09-28-atlas11-27e1f65cfc167be9,atlas11-A-1,live,,2026-09-28T13:29:56.398Z,2026-09-28,21250,011200,HMM,auto,2026-09-29,1,true,"{""p05"":20563.006008668403,""p10"":20729.930885585552,""p25"":20995.706578038098,""p50"":21242.451327034338,""p75"":21489.31200885098,""p90"":21783.726474531657,""p95"":22054.92072785394}",20900,342.45132703433774,1.6385230958580754,1.5,false,-0.0003552316689723334,-0.016470588235294126,down,down,true,20729.930885585552,21783.726474531657,true,4.959038065628727,1053.7955889461045,0.04959038065628727,"{""up"":0.44675,""flat"":0.06675,""down"":0.4865}",0.46772337500000005,2,방향 맞고 크기 틀림,true,"{""sourceUrl"":""https://fchart.stock.naver.com/sise.nhn?symbol=011200&timeframe=day&count=30&requestType=0"",""rawHash"":""a375759cddb10cc2f60a3b7f52cd1b5100791a57b94bbd8d2df4f2932342cea5"",""observedAt"":""2026-09-29T09:31:18.000Z"",""finalClose"":true}",2,2026-09-29T09:31:18Z,v1
score-e07d73739cac8167,score,2026-09-29,2026-09-29T09:31:18Z,,,"{""forecastId"":""2026-09-28-atlas11-27e1f65cfc167be9"",""inputSnapshotSHA256"":""6e8a8bdf14df68f9f4665d0d248354f998dd2e1a70e23c3412e46f62dba3ccc0"",""collectionRecordId"":""collection-c2a612f00ed6b23f""}",2026-09-28-atlas11-27e1f65cfc167be9,atlas11-A-1,live,,2026-09-28T13:29:56.398Z,2026-09-28,175400,033780,KT&G,cons,2026-09-29,1,true,"{""p05"":170583.93921499507,""p10"":172149.2145070198,""p25"":173701.56201631532,""p50"":175265.80363252517,""p75"":176943.40485221357,""p90"":179093.1559451884,""p95"":180663.200499342}",176100,-834.1963674748258,0.47370605762341045,1.5,true,-0.0007650876138816098,0.003990877993158559,down,up,false,172149.2145070198,179093.1559451884,true,3.9589175816240636,6943.941438168607,0.039589175816240635,"{""up"":0.4473,""flat"":0.0571,""down"":0.4956}",0.55435706,3,크기 허용·방향 틀림,true,"{""sourceUrl"":""https://fchart.stock.naver.com/sise.nhn?symbol=033780&timeframe=day&count=30&requestType=0"",""rawHash"":""a1c0a33c7e51d2d3404f698aff4d05464aae7dd00eb9c64c24cacf97b64573cd"",""observedAt"":""2026-09-29T09:31:18.000Z"",""finalClose"":true}",1,2026-09-29T09:31:18Z,v1
score-003e06552128bf93,score,2026-09-29,2026-09-29T09:31:18Z,score-509a54df5dec8697,실제 종가 정정(216500 → 216500),"{""forecastId"":""2026-09-28-atlas11-27e1f65cfc167be9"",""inputSnapshotSHA256"":""6e8a8bdf14df68f9f4665d0d248354f998dd2e1a70e23c3412e46f62dba3ccc0"",""collectionRecordId"":""collection-c2a612f00ed6b23f""}",2026-09-28-atlas11-27e1f65cfc167be9,atlas11-A-1,live,,2026-09-28T13:29:56.398Z,2026-09-28,219000,018260,삼성에스디에스,semi,2026-09-29,1,true,"{""p05"":209589.20314202982,""p10"":212717.79306516878,""p25"":215840.48715900874,""p50"":218784.110204126,""p75"":221786.81137375024,""p90"":224874.2373290256,""p95"":227139.543749287}",216500,2284.1102041259874,1.055016260566276,1.5,true,-0.0009857981546758099,-0.011415525114155223,down,down,true,212717.79306516878,224874.2373290256,true,5.550887791715446,12156.444263856829,0.05550887791715447,"{""up"":0.4526,""flat"":0.0651,""down"":0.4823}",0.47709806000000005,1,방향·크기 모두 맞음,true,"{""sourceUrl"":""https://fchart.stock.naver.com/sise.nhn?symbol=018260&timeframe=day&count=30&requestType=0"",""rawHash"":""2de3d886deaa2b6633247ced3f0e279d5b7b2c51f9b55b277fac205784c09df3"",""observedAt"":""2026-09-29T09:31:18.000Z"",""finalClose"":true}",2,2026-09-29T09:31:18Z,v1
score-732796b411ec307f,score,2026-09-29,2026-09-29T09:31:18Z,score-95c10e958950adc4,실제 종가 정정(52600 → 52600),"{""forecastId"":""2026-09-28-atlas11-27e1f65cfc167be9"",""inputSnapshotSHA256"":""6e8a8bdf14df68f9f4665d0d248354f998dd2e1a70e23c3412e46f62dba3ccc0"",""collectionRecordId"":""collection-c2a612f00ed6b23f""}",2026-09-28-atlas11-27e1f65cfc167be9,atlas11-A-1,live,,2026-09-28T13:29:56.398Z,2026-09-28,52900,030200,KT,net,2026-09-29,1,true,"{""p05"":51774.6861769322,""p10"":52072.27304558202,""p25"":52456.53257664795,""p50"":52910.11231608776,""p75"":53337.47220230064,""p90"":53764.704239533836,""p95"":54183.586368306904}",52600,310.1123160877614,0.5895671408512574,1.5,true,0.00019115909428668587,-0.005671077504725952,up,down,false,52072.27304558202,53764.704239533836,true,3.1993028241055113,1692.4311939518157,0.03199302824105511,"{""up"":0.4654,""flat"":0.07895,""down"":0.45565}",0.519147185,3,크기 허용·방향 틀림,true,"{""sourceUrl"":""https://fchart.stock.naver.com/sise.nhn?symbol=030200&timeframe=day&count=30&requestType=0"",""rawHash"":""74c320962ecbe2c72160ac136bd9a3118a85a4c9dba321c53aac4d6343d7f51a"",""observedAt"":""2026-09-29T09:31:18.000Z"",""finalClose"":true}",2,2026-09-29T09:31:18Z,v1
score-c5c3312746d7fbc4,score,2026-09-29,2026-09-29T09:31:18Z,score-35eb94bea4c42c32,실제 종가 정정(1220000 → 1220000),"{""forecastId"":""2026-09-28-atlas11-27e1f65cfc167be9"",""inputSnapshotSHA256"":""6e8a8bdf14df68f9f4665d0d248354f998dd2e1a70e23c3412e46f62dba3ccc0"",""collectionRecordId"":""collection-c2a612f00ed6b23f""}",2026-09-28-atlas11-27e1f65cfc167be9,atlas11-A-1,live,,2026-09-28T13:29:56.398Z,2026-09-28,1215000,003230,삼양식품,cons,2026-09-29,1,true,"{""p05"":1167110.028335501,""p10"":1174454.1380512444,""p25"":1190702.1285725543,""p50"":1210056.0148690285,""p75"":1232583.579668155,""p90"":1264359.4294562682,""p95"":1284787.257981781}",1220000,-9943.98513097153,0.8150807484402894,1.5,true,-0.004069123564585664,0.004115226337448652,down,up,false,1174454.1380512444,1264359.4294562682,true,7.399612461318829,89905.29140502377,0.07399612461318829,"{""up"":0.42485,""flat"":0.032,""down"":0.54315}",0.6268334450000002,3,크기 허용·방향 틀림,false,"{""sourceUrl"":""https://fchart.stock.naver.com/sise.nhn?symbol=003230&timeframe=day&count=30&requestType=0"",""rawHash"":""ff4c4055e2488fb8d10cc50d0f1bd8fba5cc9fceab7a791b511673d00ee16763"",""observedAt"":""2026-09-29T09:31:18.000Z"",""finalClose"":true}",2,2026-09-29T09:31:18Z,v1
score-18cf1c78f9e17c4a,score,2026-09-29,2026-09-29T09:31:18Z,score-ba60c92946ec04f3,실제 종가 정정(42500 → 42500),"{""forecastId"":""2026-09-28-atlas11-27e1f65cfc167be9"",""inputSnapshotSHA256"":""6e8a8bdf14df68f9f4665d0d248354f998dd2e1a70e23c3412e46f62dba3ccc0"",""collectionRecordId"":""collection-c2a612f00ed6b23f""}",2026-09-28-atlas11-27e1f65cfc167be9,atlas11-A-1,live,,2026-09-28T13:29:56.398Z,2026-09-28,43350,029780,삼성카드,fin,2026-09-29,1,true,"{""p05"":42263.106449834835,""p10"":42629.39273636437,""p25"":43002.812083453915,""p50"":43334.95655312725,""p75"":43716.80435104584,""p90"":44106.7399069947,""p95"":44327.21497812337}",42500,834.9565531272528,1.9646036544170655,1.5,false,-0.0003470229959111615,-0.019607843137254943,up,down,false,42629.39273636437,44106.7399069947,false,3.4079519507043408,2771.274534274002,0.06392790159801619,"{""up"":0.4676,""flat"":0.0649,""down"":0.4675}",0.5064180199999999,4,방향·크기 모두 틀림,true,"{""sourceUrl"":""https://fchart.stock.naver.com/sise.nhn?symbol=029780&timeframe=day&count=30&requestType=0"",""rawHash"":""a8fc6d730f0412d3a042449a8ccee59d3128a7a607bb5f3100e249a51906e988"",""observedAt"":""2026-09-29T09:31:18.000Z"",""finalClose"":true}",2,2026-09-29T09:31:18Z,v1
score-26cb324672f8e994,score,2026-09-29,2026-09-29T09:31:18Z,,,"{""forecastId"":""2026-09-28-atlas11-27e1f65cfc167be9"",""inputSnapshotSHA256"":""6e8a8bdf14df68f9f4665d0d248354f998dd2e1a70e23c3412e46f62dba3ccc0"",""collectionRecordId"":""collection-c2a612f00ed6b23f""}",2026-09-28-atlas11-27e1f65cfc167be9,atlas11-A-1,live,,2026-09-28T13:29:56.398Z,2026-09-28,35500,036460,한국가스공사,util,2026-09-29,1,true,"{""p05"":34489.45293908271,""p10"":34792.258076947895,""p25"":35133.652295891894,""p50"":35477.060539004604,""p75"":35844.874411345074,""p90"":36186.19974571786,""p95"":36438.17396440424}",35000,477.0605390046039,1.3630301114417254,1.5,true,-0.0006461819998703211,-0.014084507042253502,down,down,true,34792.258076947895,36186.19974571786,true,3.9265962500562344,1393.9416687699631,0.03926596250056234,"{""up"":0.4586,""flat"":0.0572,""down"":0.4842}",0.47963544,1,방향·크기 모두 맞음,true,"{""sourceUrl"":""https://fchart.stock.naver.com/sise.nhn?symbol=036460&timeframe=day&count=30&requestType=0"",""rawHash"":""d8c0b209d2b36ea418dcf5ecf92ea55129f6d906ad06045f32a7c0ba91b6d976"",""observedAt"":""2026-09-29T09:31:18.000Z"",""finalClose"":true}",1,2026-09-29T09:31:18Z,v1
score-00aa8948e8f7742e,score,2026-09-29,2026-09-29T09:31:18Z,score-838abe98bfbc2104,실제 종가 정정(337500 → 337500),"{""forecastId"":""2026-09-28-atlas11-27e1f65cfc167be9"",""inputSnapshotSHA256"":""6e8a8bdf14df68f9f4665d0d248354f998dd2e1a70e23c3412e46f62dba3ccc0"",""collectionRecordId"":""collection-c2a612f00ed6b23f""}",2026-09-28-atlas11-27e1f65cfc167be9,atlas11-A-1,live,,2026-09-28T13:29:56.398Z,2026-09-28,343500,004170,신세계,cons,2026-09-29,1,true,"{""p05"":325591.92873973766,""p10"":330277.93028220045,""p25"":337821.7994516415,""p50"":343342.7455045114,""p75"":349708.27956694935,""p90"":358103.5422087219,""p95"":364124.3141965789}",337500,5842.745504511404,1.7311838531885644,1.5,false,-0.0004578005691080467,-0.017467248908296984,down,down,true,330277.93028220045,358103.5422087219,true,8.10061482577044,27825.611926521466,0.08100614825770441,"{""up"":0.47355,""flat"":0.0385,""down"":0.48795}",0.487927055,2,방향 맞고 크기 틀림,true,"{""sourceUrl"":""https://fchart.stock.naver.com/sise.nhn?symbol=004170&timeframe=day&count=30&requestType=0"",""rawHash"":""5c4113716ab62aa0cd41c0492f0cd57d000685079f3b207bcd54e1783f45dc02"",""observedAt"":""2026-09-29T09:31:18.000Z"",""finalClose"":true}",2,2026-09-29T09:31:18Z,v1
score-555dd1af24be1b57,score,2026-09-29,2026-09-29T09:31:18Z,score-7ad7096f0e760ac6,실제 종가 정정(71000 → 70700),"{""forecastId"":""2026-09-28-atlas11-27e1f65cfc167be9"",""inputSnapshotSHA256"":""6e8a8bdf14df68f9f4665d0d248354f998dd2e1a70e23c3412e46f62dba3ccc0"",""collectionRecordId"":""collection-c2a612f00ed6b23f""}",2026-09-28-atlas11-27e1f65cfc167be9,atlas11-A-1,live,,2026-09-28T13:29:56.398Z,2026-09-28,71400,111770,영원무역,cons,2026-09-29,1,true,"{""p05"":68842.66994813422,""p10"":69525.65055750564,""p25"":70476.31557287904,""p50"":71351.78551452573,""p75"":72238.18154303075,""p90"":73292.22388245884,""p95"":73873.29414420051}",70700,651.7855145257345,0.9219031322853387,1.5,true,-0.000675272905802049,-0.009803921568627416,down,down,true,69525.65055750564,73292.22388245884,true,5.275312780046507,3766.573324953206,0.052753127800465066,"{""up"":0.46705,""flat"":0.04505,""down"":0.4879}",0.482411615,1,방향·크기 모두 맞음,true,"{""sourceUrl"":""https://fchart.stock.naver.com/sise.nhn?symbol=111770&timeframe=day&count=30&requestType=0"",""rawHash"":""c614b0a65b31ce5bc99bcbdc17b08c46d74635295941dddf1fef5752827ad309"",""observedAt"":""2026-09-29T09:31:18.000Z"",""finalClose"":true}",2,2026-09-29T09:31:18Z,v1
score-239161dd97308d39,score,2026-09-29,2026-09-29T09:31:18Z,,,"{""forecastId"":""2026-09-28-atlas11-27e1f65cfc167be9"",""inputSnapshotSHA256"":""6e8a8bdf14df68f9f4665d0d248354f998dd2e1a70e23c3412e46f62dba3ccc0"",""collectionRecordId"":""collection-c2a612f00ed6b23f""}",2026-09-28-atlas11-27e1f65cfc167be9,atlas11-A-1,live,,2026-09-28T13:29:56.398Z,2026-09-28,38700,257720,실리콘투,cons,2026-09-29,1,true,"{""p05"":36447.10604352828,""p10"":36955.28397539707,""p25"":37780.79669224085,""p50"":38559.61100143694,""p75"":39496.98178110306,""p90"":40412.2580711871,""p95"":41170.06345530491}",38150,409.61100143694057,1.073685455929071,1.5,true,-0.003627622701887878,-0.014211886304909549,down,down,true,36955.28397539707,40412.2580711871,true,8.932749601524621,3456.9740957900285,0.08932749601524621,"{""up"":0.4432,""flat"":0.01265,""down"":0.54415}",0.40438548499999993,1,방향·크기 모두 맞음,false,"{""sourceUrl"":""https://fchart.stock.naver.com/sise.nhn?symbol=257720&timeframe=day&count=30&requestType=0"",""rawHash"":""08fb032d65b2fe1721410e0bd732e0a25675798ed69eb44010eb79ad45247545"",""observedAt"":""2026-09-29T09:31:18.000Z"",""finalClose"":true}",1,2026-09-29T09:31:18Z,v1
score-b75315ffe9d9c3fa,score,2026-09-29,2026-09-29T09:31:18Z,score-e509c205e431c05c,실제 종가 정정(102800 → 102600),"{""forecastId"":""2026-09-28-atlas11-27e1f65cfc167be9"",""inputSnapshotSHA256"":""6e8a8bdf14df68f9f4665d0d248354f998dd2e1a70e23c3412e46f62dba3ccc0"",""collectionRecordId"":""collection-c2a612f00ed6b23f""}",2026-09-28-atlas11-27e1f65cfc167be9,atlas11-A-1,live,,2026-09-28T13:29:56.398Z,2026-09-28,104400,226950,올릭스,bio,2026-09-29,1,true,"{""p05"":95626.62310019063,""p10"":97417.34770945285,""p25"":100457.99386365403,""p50"":104025.6350178021,""p75"":108125.61929763864,""p90"":112160.92376486068,""p95"":116432.58600437987}",102600,1425.6350178020948,1.3895078146219249,1.5,true,-0.003585871476991409,-0.017241379310344862,down,down,true,97417.34770945285,112160.92376486068,true,14.122199286789108,14743.57605540783,0.14122199286789108,"{""up"":0.4547,""flat"":0.01025,""down"":0.53505}",0.42303565499999995,1,방향·크기 모두 맞음,false,"{""sourceUrl"":""https://fchart.stock.naver.com/sise.nhn?symbol=226950&timeframe=day&count=30&requestType=0"",""rawHash"":""40d58bdd46d4450c9bf33b68f7a37294e49a863fa88244ff2e241b7ea6449e32"",""observedAt"":""2026-09-29T09:31:18.000Z"",""finalClose"":true}",2,2026-09-29T09:31:18Z,v1
score-e28322950af9d102,score,2026-09-29,2026-09-29T09:31:18Z,score-5fa535c4276a5953,실제 종가 정정(17860 → 17830),"{""forecastId"":""2026-09-28-atlas11-27e1f65cfc167be9"",""inputSnapshotSHA256"":""6e8a8bdf14df68f9f4665d0d248354f998dd2e1a70e23c3412e46f62dba3ccc0"",""collectionRecordId"":""collection-c2a612f00ed6b23f""}",2026-09-28-atlas11-27e1f65cfc167be9,atlas11-A-1,live,,2026-09-28T13:29:56.398Z,2026-09-28,17810,030000,제일기획,net,2026-09-29,1,true,"{""p05"":17433.565653654616,""p10"":17535.026889048455,""p25"":17681.85994267285,""p50"":17816.071505705717,""p75"":17949.803295727947,""p90"":18104.463046077653,""p95"":18191.681431911446}",17830,-13.928494294283155,0.07811830787595712,1.5,true,0.0003409043068902662,0.001122964626614209,up,up,true,17535.026889048455,18104.463046077653,true,3.1972833072947697,569.4361570291985,0.031972833072947696,"{""up"":0.47655,""flat"":0.08075,""down"":0.4427}",0.4765037549999999,1,방향·크기 모두 맞음,true,"{""sourceUrl"":""https://fchart.stock.naver.com/sise.nhn?symbol=030000&timeframe=day&count=30&requestType=0"",""rawHash"":""c42ca77298fab4aceffdd7dc338827a2631c5fae2960bd6178c32255c20179e3"",""observedAt"":""2026-09-29T09:31:18.000Z"",""finalClose"":true}",2,2026-09-29T09:31:18Z,v1
score-b6ec6b71d782d616,score,2026-09-29,2026-09-29T09:43:00Z,,,"{""forecastId"":""2026-09-23-rolling20-c2697de31ff6788c"",""inputSnapshotSHA256"":""fb3f23a5388fb1cf0abe17ebf4fc9aafab0c278e86d92ba5f0ab9dacd99370f0"",""collectionRecordId"":""collection-89ff7f04325d7b8f""}",2026-09-23-rolling20-c2697de31ff6788c,atlas-rolling20-A,reference,,2026-09-28T07:59:39.699Z,2026-09-23,1373000,207940,삼성바이오로직스,bio,2026-09-29,2,true,"{""p05"":null,""p10"":1327967.0244165931,""p25"":null,""p50"":1372366.4448161814,""p75"":null,""p90"":1422551.1714400218,""p95"":null}",1382000,-9633.555183818564,0.697073457584556,2,true,-0.0004614385898168427,0.00655498907501828,down,up,false,1327967.0244165931,1422551.1714400218,true,6.888867226761013,94584.1470234287,0.06888867226761013,"{""up"":0.4754,""flat"":0.03305,""down"":0.49155}",0.517918865,3,크기 허용·방향 틀림,,"{""sourceUrl"":""https://fchart.stock.naver.com/sise.nhn?symbol=207940&timeframe=day&count=30&requestType=0"",""rawHash"":""7d9489ef0670ce9a4ceb3d76670fe9a56e5c63801ff9f2beac6f9e240a96aaf4"",""observedAt"":""2026-09-29T09:43:00.000Z"",""finalClose"":true}",1,2026-09-29T09:43:00Z,v1
score-60e36083eec02a43,score,2026-09-29,2026-09-29T09:43:00Z,score-f3a1cf2399c0186f,실제 종가 정정(290500 → 290500),"{""forecastId"":""2026-09-23-rolling20-c2697de31ff6788c"",""inputSnapshotSHA256"":""fb3f23a5388fb1cf0abe17ebf4fc9aafab0c278e86d92ba5f0ab9dacd99370f0"",""collectionRecordId"":""collection-89ff7f04325d7b8f""}",2026-09-23-rolling20-c2697de31ff6788c,atlas-rolling20-A,reference,,2026-09-28T07:59:39.699Z,2026-09-23,295000,032830,삼성생명보험,fin,2026-09-29,2,true,"{""p05"":null,""p10"":282692.17672401806,""p25"":null,""p50"":294956.2703234566,""p75"":null,""p90"":310130.514293514,""p95"":null}",290500,4456.270323456614,1.5340001113447899,2,true,-0.00014823619167247948,-0.015254237288135575,down,down,true,282692.17672401806,310130.514293514,true,9.301131379490155,27438.337569495954,0.09301131379490155,"{""up"":0.48485,""flat"":0.0259,""down"":0.48925}",0.49661589500000003,1,방향·크기 모두 맞음,,"{""sourceUrl"":""https://fchart.stock.naver.com/sise.nhn?symbol=032830&timeframe=day&count=30&requestType=0"",""rawHash"":""409a728949c27d3d185947b3561e92c7bce844aa8495d6680755efac4c9353a0"",""observedAt"":""2026-09-29T09:43:00.000Z"",""finalClose"":true}",3,2026-09-29T09:43:00Z,v1
score-453ec76a11b773cc,score,2026-09-29,2026-09-29T09:43:00Z,,,"{""forecastId"":""2026-09-23-rolling20-c2697de31ff6788c"",""inputSnapshotSHA256"":""fb3f23a5388fb1cf0abe17ebf4fc9aafab0c278e86d92ba5f0ab9dacd99370f0"",""collectionRecordId"":""collection-89ff7f04325d7b8f""}",2026-09-23-rolling20-c2697de31ff6788c,atlas-rolling20-A,reference,,2026-09-28T07:59:39.699Z,2026-09-23,369000,012330,현대모비스,auto,2026-09-29,2,true,"{""p05"":null,""p10"":352567.0694333925,""p25"":null,""p50"":367918.55608505814,""p75"":null,""p90"":386991.4177080584,""p95"":null}",367000,918.5560850581387,0.2502877615962231,2,true,-0.002930742316915591,-0.005420054200542035,down,down,true,352567.0694333925,386991.4177080584,true,9.329091673351188,34424.348274665885,0.09329091673351188,"{""up"":0.454,""flat"":0.0223,""down"":0.5237}",0.43347497999999995,1,방향·크기 모두 맞음,,"{""sourceUrl"":""https://fchart.stock.naver.com/sise.nhn?symbol=012330&timeframe=day&count=30&requestType=0"",""rawHash"":""f845c1b40561120c1f1d379b183af9a4d57c86769db62a9a690c2aa6507b7feb"",""observedAt"":""2026-09-29T09:43:00.000Z"",""finalClose"":true}",1,2026-09-29T09:43:00Z,v1
score-df992a7c3808bc65,score,2026-09-29,2026-09-29T09:43:00Z,,,"{""forecastId"":""2026-09-23-rolling20-c2697de31ff6788c"",""inputSnapshotSHA256"":""fb3f23a5388fb1cf0abe17ebf4fc9aafab0c278e86d92ba5f0ab9dacd99370f0"",""collectionRecordId"":""collection-89ff7f04325d7b8f""}",2026-09-23-rolling20-c2697de31ff6788c,atlas-rolling20-A,reference,,2026-09-28T07:59:39.699Z,2026-09-23,30450,015760,한국전력,util,2026-09-29,2,true,"{""p05"":null,""p10"":29255.687481117344,""p25"":null,""p50"":30433.219222622054,""p75"":null,""p90"":31658.516504025978,""p95"":null}",30050,383.2192226220541,1.2752719554810452,2,true,-0.0005510928531344828,-0.013136288998357948,down,down,true,29255.687481117344,31658.516504025978,true,7.891064114642477,2402.829022908634,0.07891064114642476,"{""up"":0.4771,""flat"":0.0294,""down"":0.4935}",0.48503102,1,방향·크기 모두 맞음,,"{""sourceUrl"":""https://fchart.stock.naver.com/sise.nhn?symbol=015760&timeframe=day&count=30&requestType=0"",""rawHash"":""4c7793aa155abd74f20eb8e77fe9c5d5a4631549c16d49ea02409659daf6664b"",""observedAt"":""2026-09-29T09:43:00.000Z"",""finalClose"":true}",1,2026-09-29T09:43:00Z,v1
score-b96db6621b41b87a,score,2026-09-29,2026-09-29T09:43:00Z,score-9676ec33e7c25a7d,실제 종가 정정(20900 → 20950),"{""forecastId"":""2026-09-23-rolling20-c2697de31ff6788c"",""inputSnapshotSHA256"":""fb3f23a5388fb1cf0abe17ebf4fc9aafab0c278e86d92ba5f0ab9dacd99370f0"",""collectionRecordId"":""collection-89ff7f04325d7b8f""}",2026-09-23-rolling20-c2697de31ff6788c,atlas-rolling20-A,reference,,2026-09-28T07:59:39.699Z,2026-09-23,20850,011200,HMM,auto,2026-09-29,2,true,"{""p05"":null,""p10"":20168.173160065548,""p25"":null,""p50"":20829.09384305578,""p75"":null,""p90"":21582.18201526155,""p95"":null}",20950,-120.90615694422013,0.5771176942444876,2,true,-0.00100269337861969,0.004796163069544335,down,up,false,20168.173160065548,21582.18201526155,true,6.781817051299777,1414.0088551960034,0.06781817051299777,"{""up"":0.46685,""flat"":0.0331,""down"":0.50005}",0.535394535,3,크기 허용·방향 틀림,,"{""sourceUrl"":""https://fchart.stock.naver.com/sise.nhn?symbol=011200&timeframe=day&count=30&requestType=0"",""rawHash"":""13dca8d79cc845a5afb76a94a602123a0848879c21ca5937002db143b5967bb3"",""observedAt"":""2026-09-29T09:43:00.000Z"",""finalClose"":true}",3,2026-09-29T09:43:00Z,v1
score-84d1826c05a49d3b,score,2026-09-29,2026-09-29T09:43:00Z,score-c896969fd55767e7,실제 종가 정정(361500 → 362000),"{""forecastId"":""2026-09-23-rolling20-c2697de31ff6788c"",""inputSnapshotSHA256"":""fb3f23a5388fb1cf0abe17ebf4fc9aafab0c278e86d92ba5f0ab9dacd99370f0"",""collectionRecordId"":""collection-89ff7f04325d7b8f""}",2026-09-23-rolling20-c2697de31ff6788c,atlas-rolling20-A,reference,,2026-09-28T07:59:39.699Z,2026-09-23,369000,278470,에이피알,cons,2026-09-29,2,true,"{""p05"":null,""p10"":345473.44436371065,""p25"":null,""p50"":368489.83460621105,""p75"":null,""p90"":394644.31750000594,""p95"":null}",362000,6489.83460621105,1.792771990666036,2,true,-0.0013825620427885266,-0.01897018970189701,down,down,true,345473.44436371065,394644.31750000594,true,13.32543987433477,49170.8731362953,0.13325439874334769,"{""up"":0.4806,""flat"":0.01545,""down"":0.50395}",0.477280665,1,방향·크기 모두 맞음,,"{""sourceUrl"":""https://fchart.stock.naver.com/sise.nhn?symbol=278470&timeframe=day&count=30&requestType=0"",""rawHash"":""46af99fbbea6f8d91781ebfba0e259fe5d0e874bb50823d09ad8f6a0823278ba"",""observedAt"":""2026-09-29T09:43:00.000Z"",""finalClose"":true}",2,2026-09-29T09:43:00Z,v1
score-743b8223369f4bbc,score,2026-09-29,2026-09-29T09:43:00Z,score-084bd73974ca1457,실제 종가 정정(52600 → 52600),"{""forecastId"":""2026-09-23-rolling20-c2697de31ff6788c"",""inputSnapshotSHA256"":""fb3f23a5388fb1cf0abe17ebf4fc9aafab0c278e86d92ba5f0ab9dacd99370f0"",""collectionRecordId"":""collection-89ff7f04325d7b8f""}",2026-09-23-rolling20-c2697de31ff6788c,atlas-rolling20-A,reference,,2026-09-28T07:59:39.699Z,2026-09-23,52900,030200,KT,net,2026-09-29,2,true,"{""p05"":null,""p10"":51674.945107104264,""p25"":null,""p50"":52891.42822425768,""p75"":null,""p90"":54200.35650679866,""p95"":null}",52600,291.428224257681,0.5540460537218269,2,true,-0.00016203734862607622,-0.005671077504725952,down,down,true,51674.945107104264,54200.35650679866,true,4.7739345929950705,2525.4113996943925,0.04773934592995071,"{""up"":0.47405,""flat"":0.0445,""down"":0.48145}",0.4955977550000001,1,방향·크기 모두 맞음,,"{""sourceUrl"":""https://fchart.stock.naver.com/sise.nhn?symbol=030200&timeframe=day&count=30&requestType=0"",""rawHash"":""47e3bdc695b77a4558d0df14f0211dbccd4927335371e59297da710256bff335"",""observedAt"":""2026-09-29T09:43:00.000Z"",""finalClose"":true}",3,2026-09-29T09:43:00Z,v1
score-0be629263ae3eade,score,2026-09-29,2026-09-29T09:43:00Z,score-8fe92c2f37e5fc6b,실제 종가 정정(1220000 → 1221000),"{""forecastId"":""2026-09-23-rolling20-c2697de31ff6788c"",""inputSnapshotSHA256"":""fb3f23a5388fb1cf0abe17ebf4fc9aafab0c278e86d92ba5f0ab9dacd99370f0"",""collectionRecordId"":""collection-89ff7f04325d7b8f""}",2026-09-23-rolling20-c2697de31ff6788c,atlas-rolling20-A,reference,,2026-09-28T07:59:39.699Z,2026-09-23,1218000,003230,삼양식품,cons,2026-09-29,2,true,"{""p05"":null,""p10"":1157058.317917901,""p25"":null,""p50"":1212027.6845072347,""p75"":null,""p90"":1288411.3641076083,""p95"":null}",1221000,-8972.31549276528,0.7348333736908501,2,true,-0.0049033788938959155,0.0024630541871921707,down,up,false,1157058.317917901,1288411.3641076083,true,10.784322347266604,131353.04618970724,0.10784322347266605,"{""up"":0.4417,""flat"":0.01855,""down"":0.53975}",0.6033730549999999,3,크기 허용·방향 틀림,,"{""sourceUrl"":""https://fchart.stock.naver.com/sise.nhn?symbol=003230&timeframe=day&count=30&requestType=0"",""rawHash"":""e4f27826756cfd9ee6e546b671109c6087d2354bbe8e7034ea664dbe90045feb"",""observedAt"":""2026-09-29T09:43:00.000Z"",""finalClose"":true}",3,2026-09-29T09:43:00Z,v1
score-a9be1212ebb9322b,score,2026-09-29,2026-09-29T09:43:00Z,score-563546b0a65ebb44,실제 종가 정정(198100 → 198000),"{""forecastId"":""2026-09-23-rolling20-c2697de31ff6788c"",""inputSnapshotSHA256"":""fb3f23a5388fb1cf0abe17ebf4fc9aafab0c278e86d92ba5f0ab9dacd99370f0"",""collectionRecordId"":""collection-89ff7f04325d7b8f""}",2026-09-23-rolling20-c2697de31ff6788c,atlas-rolling20-A,reference,,2026-09-28T07:59:39.699Z,2026-09-23,198500,259960,크래프톤,net,2026-09-29,2,true,"{""p05"":null,""p10"":191667.05694482097,""p25"":null,""p50"":198653.56381707353,""p75"":null,""p90"":205676.12550108632,""p95"":null}",198000,653.5638170735328,0.3300827358957236,2,true,0.0007736212447029267,-0.0025188916876573986,up,down,false,191667.05694482097,205676.12550108632,true,7.057465267639976,14009.068556265353,0.07057465267639976,"{""up"":0.4963,""flat"":0.0323,""down"":0.4714}",0.52677494,3,크기 허용·방향 틀림,,"{""sourceUrl"":""https://fchart.stock.naver.com/sise.nhn?symbol=259960&timeframe=day&count=30&requestType=0"",""rawHash"":""af21b96bd8335b4cd2f268a850a3f46d3914dfdc55b9c6a7e9500eb23c2c75ef"",""observedAt"":""2026-09-29T09:43:00.000Z"",""finalClose"":true}",2,2026-09-29T09:43:00Z,v1
score-d27c1945081d864b,score,2026-09-29,2026-09-29T09:43:00Z,score-9e25d5c72722a324,실제 종가 정정(100800 → 100700),"{""forecastId"":""2026-09-23-rolling20-c2697de31ff6788c"",""inputSnapshotSHA256"":""fb3f23a5388fb1cf0abe17ebf4fc9aafab0c278e86d92ba5f0ab9dacd99370f0"",""collectionRecordId"":""collection-89ff7f04325d7b8f""}",2026-09-23-rolling20-c2697de31ff6788c,atlas-rolling20-A,reference,,2026-09-28T07:59:39.699Z,2026-09-23,99700,021240,코웨이,cons,2026-09-29,2,true,"{""p05"":null,""p10"":95909.97814447175,""p25"":null,""p50"":99710.9429191445,""p75"":null,""p90"":104473.61959960383,""p95"":null}",100700,-989.0570808555058,0.9821818081981188,2,true,0.00010975846684546653,0.010030090270812364,up,up,true,95909.97814447175,104473.61959960383,true,8.589409684184632,8563.641455132078,0.08589409684184632,"{""up"":0.48885,""flat"":0.0252,""down"":0.48595}",0.49805676499999996,1,방향·크기 모두 맞음,,"{""sourceUrl"":""https://fchart.stock.naver.com/sise.nhn?symbol=021240&timeframe=day&count=30&requestType=0"",""rawHash"":""17bc50bedd01d9d6623b2089eac4753aa42e2bdf0735b5d0a2403957361970c6"",""observedAt"":""2026-09-29T09:43:00.000Z"",""finalClose"":true}",2,2026-09-29T09:43:00Z,v1
score-e79e7dc2b16863be,score,2026-09-29,2026-09-29T09:43:00Z,score-7e4f2b5839bbdffb,실제 종가 정정(472000 → 472000),"{""forecastId"":""2026-09-23-rolling20-c2697de31ff6788c"",""inputSnapshotSHA256"":""fb3f23a5388fb1cf0abe17ebf4fc9aafab0c278e86d92ba5f0ab9dacd99370f0"",""collectionRecordId"":""collection-89ff7f04325d7b8f""}",2026-09-23-rolling20-c2697de31ff6788c,atlas-rolling20-A,reference,,2026-09-28T07:59:39.699Z,2026-09-23,476500,002380,KCC,chem,2026-09-29,2,true,"{""p05"":null,""p10"":456124.49742667715,""p25"":null,""p50"":476079.24468563765,""p75"":null,""p90"":498257.53518623946,""p95"":null}",472000,4079.244685637648,0.8642467554317051,2,true,-0.0008830122022295273,-0.009443861490031513,down,down,true,456124.49742667715,498257.53518623946,true,8.842190505679394,42133.037759562314,0.08842190505679394,"{""up"":0.4753,""flat"":0.0262,""down"":0.4985}",0.47809878000000006,1,방향·크기 모두 맞음,,"{""sourceUrl"":""https://fchart.stock.naver.com/sise.nhn?symbol=002380&timeframe=day&count=30&requestType=0"",""rawHash"":""61335ccc391bf1d9b942bc76fad88d810e1ffe3290e3ad428296a2bbbaae3b39"",""observedAt"":""2026-09-29T09:43:00.000Z"",""finalClose"":true}",2,2026-09-29T09:43:00Z,v1
score-09a0ae5ebab35f5b,score,2026-09-29,2026-09-29T09:43:00Z,score-0509070a73818b5a,실제 종가 정정(35000 → 35050),"{""forecastId"":""2026-09-23-rolling20-c2697de31ff6788c"",""inputSnapshotSHA256"":""fb3f23a5388fb1cf0abe17ebf4fc9aafab0c278e86d92ba5f0ab9dacd99370f0"",""collectionRecordId"":""collection-89ff7f04325d7b8f""}",2026-09-23-rolling20-c2697de31ff6788c,atlas-rolling20-A,reference,,2026-09-28T07:59:39.699Z,2026-09-23,35450,036460,한국가스공사,util,2026-09-29,2,true,"{""p05"":null,""p10"":34489.19305673342,""p25"":null,""p50"":35447.58195032063,""p75"":null,""p90"":36412.52595277593,""p95"":null}",35050,397.5819503206294,1.1343279609718384,2,true,-0.00006821014610358667,-0.01128349788434413,down,down,true,34489.19305673342,36412.52595277593,true,5.4254806658463,1923.3328960425133,0.054254806658463,"{""up"":0.4763,""flat"":0.0424,""down"":0.4813}",0.49770914,1,방향·크기 모두 맞음,,"{""sourceUrl"":""https://fchart.stock.naver.com/sise.nhn?symbol=036460&timeframe=day&count=30&requestType=0"",""rawHash"":""1089abd5a11228694551c5e32aa61637f87c0100c004598f5600a23554583914"",""observedAt"":""2026-09-29T09:43:00.000Z"",""finalClose"":true}",2,2026-09-29T09:43:00Z,v1
score-5f382b1cb2b50abe,score,2026-09-29,2026-09-29T09:43:00Z,score-876a09452730b7ec,실제 종가 정정(337500 → 338000),"{""forecastId"":""2026-09-23-rolling20-c2697de31ff6788c"",""inputSnapshotSHA256"":""fb3f23a5388fb1cf0abe17ebf4fc9aafab0c278e86d92ba5f0ab9dacd99370f0"",""collectionRecordId"":""collection-89ff7f04325d7b8f""}",2026-09-23-rolling20-c2697de31ff6788c,atlas-rolling20-A,reference,,2026-09-28T07:59:39.699Z,2026-09-23,349000,004170,신세계,cons,2026-09-29,2,true,"{""p05"":null,""p10"":330415.3093289893,""p25"":null,""p50"":348997.9143468069,""p75"":null,""p90"":371146.77736626094,""p95"":null}",338000,10997.91434680688,3.2538208126647574,2,false,-0.0000059760836479405555,-0.03151862464183386,up,down,false,330415.3093289893,371146.77736626094,true,11.670907747069238,40731.46803727164,0.11670907747069238,"{""up"":0.49055,""flat"":0.01945,""down"":0.49}",0.501117605,4,방향·크기 모두 틀림,,"{""sourceUrl"":""https://fchart.stock.naver.com/sise.nhn?symbol=004170&timeframe=day&count=30&requestType=0"",""rawHash"":""d67c180492c9f4f66d22051af9c49d14f69a8b026dfcd48cb32dd31c82903cab"",""observedAt"":""2026-09-29T09:43:00.000Z"",""finalClose"":true}",3,2026-09-29T09:43:00Z,v1
score-6a7d2a0ca903b226,score,2026-09-29,2026-09-29T09:43:00Z,score-cb0f97e2cde3ad88,실제 종가 정정(82800 → 82700),"{""forecastId"":""2026-09-23-rolling20-c2697de31ff6788c"",""inputSnapshotSHA256"":""fb3f23a5388fb1cf0abe17ebf4fc9aafab0c278e86d92ba5f0ab9dacd99370f0"",""collectionRecordId"":""collection-89ff7f04325d7b8f""}",2026-09-23-rolling20-c2697de31ff6788c,atlas-rolling20-A,reference,,2026-09-28T07:59:39.699Z,2026-09-23,82400,012750,에스원,util,2026-09-29,2,true,"{""p05"":null,""p10"":79447.23743358206,""p25"":null,""p50"":82430.94018453558,""p75"":null,""p90"":85457.09073510446,""p95"":null}",82700,-269.0598154644249,0.32534439596665643,2,true,0.00037548767640260827,0.00364077669902918,up,up,true,79447.23743358206,85457.09073510446,true,7.293511288255333,6009.853301522395,0.07293511288255333,"{""up"":0.4916,""flat"":0.0312,""down"":0.4772}",0.48716383999999996,1,방향·크기 모두 맞음,,"{""sourceUrl"":""https://fchart.stock.naver.com/sise.nhn?symbol=012750&timeframe=day&count=30&requestType=0"",""rawHash"":""c449193e07793063ca39e4c2d3c6959f1fc7dc85e46de305eea5d383aecf174e"",""observedAt"":""2026-09-29T09:43:00.000Z"",""finalClose"":true}",2,2026-09-29T09:43:00Z,v1
score-444e78de93ec731c,score,2026-09-29,2026-09-29T09:43:00Z,score-d070b20d2228699d,실제 종가 정정(70700 → 71000),"{""forecastId"":""2026-09-23-rolling20-c2697de31ff6788c"",""inputSnapshotSHA256"":""fb3f23a5388fb1cf0abe17ebf4fc9aafab0c278e86d92ba5f0ab9dacd99370f0"",""collectionRecordId"":""collection-89ff7f04325d7b8f""}",2026-09-23-rolling20-c2697de31ff6788c,atlas-rolling20-A,reference,,2026-09-28T07:59:39.699Z,2026-09-23,69700,111770,영원무역,cons,2026-09-29,2,true,"{""p05"":null,""p10"":67478.0858959161,""p25"":null,""p50"":69995.71897384725,""p75"":null,""p90"":72572.18278098342,""p95"":null}",71000,-1004.2810261527484,1.4144803185249977,2,true,0.004242739940419682,0.01865136298421799,up,up,true,67478.0858959161,72572.18278098342,true,7.308603852320407,5094.0968850673235,0.07308603852320407,"{""up"":0.5487,""flat"":0.031,""down"":0.4203}",0.38128478000000005,1,방향·크기 모두 맞음,,"{""sourceUrl"":""https://fchart.stock.naver.com/sise.nhn?symbol=111770&timeframe=day&count=30&requestType=0"",""rawHash"":""a57477392d1622b3be112b7aae001c5b786562830e457191d4226774f1c4c032"",""observedAt"":""2026-09-29T09:43:00.000Z"",""finalClose"":true}",3,2026-09-29T09:43:00Z,v1
score-b19d10017f1b5285,score,2026-09-29,2026-09-29T09:43:00Z,score-14044848aa7fe643,실제 종가 정정(14390 → 14370),"{""forecastId"":""2026-09-23-rolling20-c2697de31ff6788c"",""inputSnapshotSHA256"":""fb3f23a5388fb1cf0abe17ebf4fc9aafab0c278e86d92ba5f0ab9dacd99370f0"",""collectionRecordId"":""collection-89ff7f04325d7b8f""}",2026-09-23-rolling20-c2697de31ff6788c,atlas-rolling20-A,reference,,2026-09-28T07:59:39.699Z,2026-09-23,14380,035250,강원랜드,cons,2026-09-29,2,true,"{""p05"":null,""p10"":14081.3513228799,""p25"":null,""p50"":14370.313324179348,""p75"":null,""p90"":14674.762415637826,""p95"":null}",14370,0.3133241793475463,0.002180404866719181,2,true,-0.0006736214061650037,-0.0006954102920723182,down,flat,false,14081.3513228799,14674.762415637826,true,4.126641813337454,593.4110927579259,0.04126641813337454,"{""up"":0.45325,""flat"":0.0563,""down"":0.49045}",1.336546455,3,크기 허용·방향 틀림,,"{""sourceUrl"":""https://fchart.stock.naver.com/sise.nhn?symbol=035250&timeframe=day&count=30&requestType=0"",""rawHash"":""63b2533b708d0b3e06ad09ed80424ea45c1eda6ee431f90333eb2326be4c3b91"",""observedAt"":""2026-09-29T09:43:00.000Z"",""finalClose"":true}",2,2026-09-29T09:43:00Z,v1
score-f7b4ff5c26ca1f4b,score,2026-09-29,2026-09-29T09:43:00Z,score-9da978e7b9c29d7e,실제 종가 정정(102600 → 102700),"{""forecastId"":""2026-09-23-rolling20-c2697de31ff6788c"",""inputSnapshotSHA256"":""fb3f23a5388fb1cf0abe17ebf4fc9aafab0c278e86d92ba5f0ab9dacd99370f0"",""collectionRecordId"":""collection-89ff7f04325d7b8f""}",2026-09-23-rolling20-c2697de31ff6788c,atlas-rolling20-A,reference,,2026-09-28T07:59:39.699Z,2026-09-23,102300,226950,올릭스,bio,2026-09-29,2,true,"{""p05"":null,""p10"":92314.09629911596,""p25"":null,""p50"":101812.80257371289,""p75"":null,""p90"":114074.04356613108,""p95"":null}",102700,-887.1974262871081,0.863872859091634,2,true,-0.00476243818462474,0.003910068426197455,down,up,false,92314.09629911596,114074.04356613108,true,21.27072069111937,21759.947267015115,0.21270720691119369,"{""up"":0.4693,""flat"":0.0104,""down"":0.5203}",0.55246274,3,크기 허용·방향 틀림,,"{""sourceUrl"":""https://fchart.stock.naver.com/sise.nhn?symbol=226950&timeframe=day&count=30&requestType=0"",""rawHash"":""de390f68c8f4acbd758422e94a961bc787ca64c63f02c150ca66bcc7a8c11c05"",""observedAt"":""2026-09-29T09:43:00.000Z"",""finalClose"":true}",3,2026-09-29T09:43:00Z,v1
score-f3104cc795307d68,score,2026-09-29,2026-09-29T09:43:00Z,,,"{""forecastId"":""2026-09-28-rolling20-13cd892134e517b4"",""inputSnapshotSHA256"":""fb3f23a5388fb1cf0abe17ebf4fc9aafab0c278e86d92ba5f0ab9dacd99370f0"",""collectionRecordId"":""collection-89ff7f04325d7b8f""}",2026-09-28-rolling20-13cd892134e517b4,atlas-rolling20-A,live,,2026-09-28T09:39:48.714Z,2026-09-28,1400000,207940,삼성바이오로직스,bio,2026-09-29,1,true,"{""p05"":null,""p10"":1368563.7863792372,""p25"":null,""p50"":1399983.3959986803,""p75"":null,""p90"":1433814.1689408997,""p95"":null}",1382000,17983.395998680266,1.301258755331423,1.5,true,-0.000011860000942665039,-0.0128571428571429,down,down,true,1368563.7863792372,1433814.1689408997,true,4.660741611547319,65250.38256166247,0.04660741611547319,"{""up"":0.46155,""flat"":0.0718,""down"":0.46665}",0.502645865,1,방향·크기 모두 맞음,,"{""sourceUrl"":""https://fchart.stock.naver.com/sise.nhn?symbol=207940&timeframe=day&count=30&requestType=0"",""rawHash"":""7d9489ef0670ce9a4ceb3d76670fe9a56e5c63801ff9f2beac6f9e240a96aaf4"",""observedAt"":""2026-09-29T09:43:00.000Z"",""finalClose"":true}",1,2026-09-29T09:43:00Z,v1
score-6c694d9bd2065311,score,2026-09-29,2026-09-29T09:43:00Z,score-7ce87de123da2791,실제 종가 정정(290500 → 290500),"{""forecastId"":""2026-09-28-rolling20-13cd892134e517b4"",""inputSnapshotSHA256"":""fb3f23a5388fb1cf0abe17ebf4fc9aafab0c278e86d92ba5f0ab9dacd99370f0"",""collectionRecordId"":""collection-89ff7f04325d7b8f""}",2026-09-28-rolling20-13cd892134e517b4,atlas-rolling20-A,live,,2026-09-28T09:39:48.714Z,2026-09-28,296000,032830,삼성생명보험,fin,2026-09-29,1,true,"{""p05"":null,""p10"":287409.0377263782,""p25"":null,""p50"":295753.2895100759,""p75"":null,""p90"":305297.5313173459,""p95"":null}",290500,5253.289510075876,1.8083612771345527,1.5,false,-0.0008334813848788203,-0.01858108108108103,down,down,true,287409.0377263782,305297.5313173459,true,6.043409996948557,17888.49359096773,0.06043409996948557,"{""up"":0.4651,""flat"":0.0381,""down"":0.4968}",0.47097986,2,방향 맞고 크기 틀림,,"{""sourceUrl"":""https://fchart.stock.naver.com/sise.nhn?symbol=032830&timeframe=day&count=30&requestType=0"",""rawHash"":""409a728949c27d3d185947b3561e92c7bce844aa8495d6680755efac4c9353a0"",""observedAt"":""2026-09-29T09:43:00.000Z"",""finalClose"":true}",3,2026-09-29T09:43:00Z,v1
score-682c77948680b2cb,score,2026-09-29,2026-09-29T09:43:00Z,,,"{""forecastId"":""2026-09-28-rolling20-13cd892134e517b4"",""inputSnapshotSHA256"":""fb3f23a5388fb1cf0abe17ebf4fc9aafab0c278e86d92ba5f0ab9dacd99370f0"",""collectionRecordId"":""collection-89ff7f04325d7b8f""}",2026-09-28-rolling20-13cd892134e517b4,atlas-rolling20-A,live,,2026-09-28T09:39:48.714Z,2026-09-28,373000,012330,현대모비스,auto,2026-09-29,1,true,"{""p05"":null,""p10"":362126.5333312346,""p25"":null,""p50"":372406.850475414,""p75"":null,""p90"":385452.5519261805,""p95"":null}",367000,5406.850475414016,1.4732562603307944,1.5,true,-0.001590213202643409,-0.01608579088471851,down,down,true,362126.5333312346,385452.5519261805,true,6.253624288189248,23326.018594945897,0.06253624288189248,"{""up"":0.43185,""flat"":0.03915,""down"":0.529}",0.409868145,1,방향·크기 모두 맞음,,"{""sourceUrl"":""https://fchart.stock.naver.com/sise.nhn?symbol=012330&timeframe=day&count=30&requestType=0"",""rawHash"":""f845c1b40561120c1f1d379b183af9a4d57c86769db62a9a690c2aa6507b7feb"",""observedAt"":""2026-09-29T09:43:00.000Z"",""finalClose"":true}",1,2026-09-29T09:43:00Z,v1
score-0d1489886c23692b,score,2026-09-29,2026-09-29T09:43:00Z,,,"{""forecastId"":""2026-09-28-rolling20-13cd892134e517b4"",""inputSnapshotSHA256"":""fb3f23a5388fb1cf0abe17ebf4fc9aafab0c278e86d92ba5f0ab9dacd99370f0"",""collectionRecordId"":""collection-89ff7f04325d7b8f""}",2026-09-28-rolling20-13cd892134e517b4,atlas-rolling20-A,live,,2026-09-28T09:39:48.714Z,2026-09-28,30700,015760,한국전력,util,2026-09-29,1,true,"{""p05"":null,""p10"":29903.31780130189,""p25"":null,""p50"":30676.824961368737,""p75"":null,""p90"":31527.29588795409,""p95"":null}",30050,626.8249613687367,2.085939971276994,1.5,false,-0.0007548872518327032,-0.021172638436482094,down,down,true,29903.31780130189,31527.29588795409,true,5.289830901147225,1623.9780866521978,0.052898309011472244,"{""up"":0.45455,""flat"":0.07095,""down"":0.4745}",0.4877998550000001,2,방향 맞고 크기 틀림,,"{""sourceUrl"":""https://fchart.stock.naver.com/sise.nhn?symbol=015760&timeframe=day&count=30&requestType=0"",""rawHash"":""4c7793aa155abd74f20eb8e77fe9c5d5a4631549c16d49ea02409659daf6664b"",""observedAt"":""2026-09-29T09:43:00.000Z"",""finalClose"":true}",1,2026-09-29T09:43:00Z,v1
score-572b8750b3af7573,score,2026-09-29,2026-09-29T09:43:00Z,score-ce707fca81ad4d25,실제 종가 정정(20900 → 20950),"{""forecastId"":""2026-09-28-rolling20-13cd892134e517b4"",""inputSnapshotSHA256"":""fb3f23a5388fb1cf0abe17ebf4fc9aafab0c278e86d92ba5f0ab9dacd99370f0"",""collectionRecordId"":""collection-89ff7f04325d7b8f""}",2026-09-28-rolling20-13cd892134e517b4,atlas-rolling20-A,live,,2026-09-28T09:39:48.714Z,2026-09-28,21250,011200,HMM,auto,2026-09-29,1,true,"{""p05"":null,""p10"":20729.930885585552,""p25"":null,""p50"":21242.451327034338,""p75"":null,""p90"":21783.726474531657,""p95"":null}",20950,292.45132703433774,1.3959490550565046,1.5,true,-0.0003552316689723334,-0.014117647058823568,down,down,true,20729.930885585552,21783.726474531657,true,4.959038065628727,1053.7955889461045,0.04959038065628727,"{""up"":0.44675,""flat"":0.06675,""down"":0.4865}",0.46772337500000005,1,방향·크기 모두 맞음,,"{""sourceUrl"":""https://fchart.stock.naver.com/sise.nhn?symbol=011200&timeframe=day&count=30&requestType=0"",""rawHash"":""13dca8d79cc845a5afb76a94a602123a0848879c21ca5937002db143b5967bb3"",""observedAt"":""2026-09-29T09:43:00.000Z"",""finalClose"":true}",3,2026-09-29T09:43:00Z,v1
score-fc87bd58fb1275cf,score,2026-09-29,2026-09-29T09:43:00Z,score-f0cde4a5f8866587,실제 종가 정정(361500 → 362000),"{""forecastId"":""2026-09-28-rolling20-13cd892134e517b4"",""inputSnapshotSHA256"":""fb3f23a5388fb1cf0abe17ebf4fc9aafab0c278e86d92ba5f0ab9dacd99370f0"",""collectionRecordId"":""collection-89ff7f04325d7b8f""}",2026-09-28-rolling20-13cd892134e517b4,atlas-rolling20-A,live,,2026-09-28T09:39:48.714Z,2026-09-28,368500,278470,에이피알,cons,2026-09-29,1,true,"{""p05"":null,""p10"":351852.708293176,""p25"":null,""p50"":368361.5128795771,""p75"":null,""p90"":387705.2117008389,""p95"":null}",362000,6361.512879577116,1.7573239998831813,1.5,false,-0.00037581308120182566,-0.01763907734056991,down,down,true,351852.708293176,387705.2117008389,true,9.72930893016631,35852.50340766285,0.0972930893016631,"{""up"":0.47585,""flat"":0.02985,""down"":0.4943}",0.483056735,2,방향 맞고 크기 틀림,,"{""sourceUrl"":""https://fchart.stock.naver.com/sise.nhn?symbol=278470&timeframe=day&count=30&requestType=0"",""rawHash"":""46af99fbbea6f8d91781ebfba0e259fe5d0e874bb50823d09ad8f6a0823278ba"",""observedAt"":""2026-09-29T09:43:00.000Z"",""finalClose"":true}",2,2026-09-29T09:43:00Z,v1
score-e5cda820a57d3a25,score,2026-09-29,2026-09-29T09:43:00Z,score-f132f449884329f6,실제 종가 정정(52600 → 52600),"{""forecastId"":""2026-09-28-rolling20-13cd892134e517b4"",""inputSnapshotSHA256"":""fb3f23a5388fb1cf0abe17ebf4fc9aafab0c278e86d92ba5f0ab9dacd99370f0"",""collectionRecordId"":""collection-89ff7f04325d7b8f""}",2026-09-28-rolling20-13cd892134e517b4,atlas-rolling20-A,live,,2026-09-28T09:39:48.714Z,2026-09-28,52900,030200,KT,net,2026-09-29,1,true,"{""p05"":null,""p10"":52072.27304558202,""p25"":null,""p50"":52910.11231608776,""p75"":null,""p90"":53764.704239533836,""p95"":null}",52600,310.1123160877614,0.5895671408512574,1.5,true,0.00019115909428668587,-0.005671077504725952,up,down,false,52072.27304558202,53764.704239533836,true,3.1993028241055113,1692.4311939518157,0.03199302824105511,"{""up"":0.4654,""flat"":0.07895,""down"":0.45565}",0.519147185,3,크기 허용·방향 틀림,,"{""sourceUrl"":""https://fchart.stock.naver.com/sise.nhn?symbol=030200&timeframe=day&count=30&requestType=0"",""rawHash"":""47e3bdc695b77a4558d0df14f0211dbccd4927335371e59297da710256bff335"",""observedAt"":""2026-09-29T09:43:00.000Z"",""finalClose"":true}",3,2026-09-29T09:43:00Z,v1
score-d5f06317bd753925,score,2026-09-29,2026-09-29T09:43:00Z,score-472e906a9cef58c1,실제 종가 정정(1220000 → 1221000),"{""forecastId"":""2026-09-28-rolling20-13cd892134e517b4"",""inputSnapshotSHA256"":""fb3f23a5388fb1cf0abe17ebf4fc9aafab0c278e86d92ba5f0ab9dacd99370f0"",""collectionRecordId"":""collection-89ff7f04325d7b8f""}",2026-09-28-rolling20-13cd892134e517b4,atlas-rolling20-A,live,,2026-09-28T09:39:48.714Z,2026-09-28,1215000,003230,삼양식품,cons,2026-09-29,1,true,"{""p05"":null,""p10"":1174454.1380512444,""p25"":null,""p50"":1210056.0148690285,""p75"":null,""p90"":1264359.4294562682,""p95"":null}",1221000,-10943.98513097153,0.8963132785398469,1.5,true,-0.004069123564585664,0.004938271604938205,down,up,false,1174454.1380512444,1264359.4294562682,true,7.399612461318829,89905.29140502377,0.07399612461318829,"{""up"":0.42485,""flat"":0.032,""down"":0.54315}",0.6268334450000002,3,크기 허용·방향 틀림,,"{""sourceUrl"":""https://fchart.stock.naver.com/sise.nhn?symbol=003230&timeframe=day&count=30&requestType=0"",""rawHash"":""e4f27826756cfd9ee6e546b671109c6087d2354bbe8e7034ea664dbe90045feb"",""observedAt"":""2026-09-29T09:43:00.000Z"",""finalClose"":true}",3,2026-09-29T09:43:00Z,v1
score-da9d7f5106b78516,score,2026-09-29,2026-09-29T09:43:00Z,score-40438014e4eb9307,실제 종가 정정(198100 → 198000),"{""forecastId"":""2026-09-28-rolling20-13cd892134e517b4"",""inputSnapshotSHA256"":""fb3f23a5388fb1cf0abe17ebf4fc9aafab0c278e86d92ba5f0ab9dacd99370f0"",""collectionRecordId"":""collection-89ff7f04325d7b8f""}",2026-09-28-rolling20-13cd892134e517b4,atlas-rolling20-A,live,,2026-09-28T09:39:48.714Z,2026-09-28,202000,259960,크래프톤,net,2026-09-29,1,true,"{""p05"":null,""p10"":197017.13445517886,""p25"":null,""p50"":201850.14621360938,""p75"":null,""p90"":207071.6672737196,""p95"":null}",198000,3850.146213609376,1.9445182897017048,1.5,false,-0.0007418504276763827,-0.01980198019801982,down,down,true,197017.13445517886,207071.6672737196,true,4.977491494327093,10054.532818540727,0.04977491494327092,"{""up"":0.4535,""flat"":0.04995,""down"":0.49655}",0.46161915499999995,2,방향 맞고 크기 틀림,,"{""sourceUrl"":""https://fchart.stock.naver.com/sise.nhn?symbol=259960&timeframe=day&count=30&requestType=0"",""rawHash"":""af21b96bd8335b4cd2f268a850a3f46d3914dfdc55b9c6a7e9500eb23c2c75ef"",""observedAt"":""2026-09-29T09:43:00.000Z"",""finalClose"":true}",2,2026-09-29T09:43:00Z,v1
score-bb6d0d7fbed3657a,score,2026-09-29,2026-09-29T09:43:00Z,score-d8a1a0ae00e8ed11,실제 종가 정정(100800 → 100700),"{""forecastId"":""2026-09-28-rolling20-13cd892134e517b4"",""inputSnapshotSHA256"":""fb3f23a5388fb1cf0abe17ebf4fc9aafab0c278e86d92ba5f0ab9dacd99370f0"",""collectionRecordId"":""collection-89ff7f04325d7b8f""}",2026-09-28-rolling20-13cd892134e517b4,atlas-rolling20-A,live,,2026-09-28T09:39:48.714Z,2026-09-28,101600,021240,코웨이,cons,2026-09-29,1,true,"{""p05"":null,""p10"":98912.01494195993,""p25"":null,""p50"":101497.27424549125,""p75"":null,""p90"":104789.09740984246,""p95"":null}",100700,797.2742454912513,0.7917321206467243,1.5,true,-0.0010110802609129,-0.008858267716535417,down,down,true,98912.01494195993,104789.09740984246,true,5.7845299880733565,5877.08246788253,0.057845299880733565,"{""up"":0.45555,""flat"":0.04335,""down"":0.5011}",0.458306235,1,방향·크기 모두 맞음,,"{""sourceUrl"":""https://fchart.stock.naver.com/sise.nhn?symbol=021240&timeframe=day&count=30&requestType=0"",""rawHash"":""17bc50bedd01d9d6623b2089eac4753aa42e2bdf0735b5d0a2403957361970c6"",""observedAt"":""2026-09-29T09:43:00.000Z"",""finalClose"":true}",2,2026-09-29T09:43:00Z,v1
score-1adbf5050eadab27,score,2026-09-29,2026-09-29T09:43:00Z,score-a0dc17ccaf61a277,실제 종가 정정(472000 → 472000),"{""forecastId"":""2026-09-28-rolling20-13cd892134e517b4"",""inputSnapshotSHA256"":""fb3f23a5388fb1cf0abe17ebf4fc9aafab0c278e86d92ba5f0ab9dacd99370f0"",""collectionRecordId"":""collection-89ff7f04325d7b8f""}",2026-09-28-rolling20-13cd892134e517b4,atlas-rolling20-A,live,,2026-09-28T09:39:48.714Z,2026-09-28,480000,002380,KCC,chem,2026-09-29,1,true,"{""p05"":null,""p10"":467040.30266720115,""p25"":null,""p50"":479653.2511743554,""p75"":null,""p90"":494544.245614142,""p95"":null}",472000,7653.251174355391,1.621451519990549,1.5,false,-0.0007223933867596122,-0.01666666666666672,down,down,true,467040.30266720115,494544.245614142,true,5.729988113946007,27503.942946940835,0.05729988113946007,"{""up"":0.47015,""flat"":0.0517,""down"":0.47815}",0.4960413349999999,2,방향 맞고 크기 틀림,,"{""sourceUrl"":""https://fchart.stock.naver.com/sise.nhn?symbol=002380&timeframe=day&count=30&requestType=0"",""rawHash"":""61335ccc391bf1d9b942bc76fad88d810e1ffe3290e3ad428296a2bbbaae3b39"",""observedAt"":""2026-09-29T09:43:00.000Z"",""finalClose"":true}",2,2026-09-29T09:43:00Z,v1
score-df723412df5bf653,score,2026-09-29,2026-09-29T09:43:00Z,score-b14fbb115585aae4,실제 종가 정정(35000 → 35050),"{""forecastId"":""2026-09-28-rolling20-13cd892134e517b4"",""inputSnapshotSHA256"":""fb3f23a5388fb1cf0abe17ebf4fc9aafab0c278e86d92ba5f0ab9dacd99370f0"",""collectionRecordId"":""collection-89ff7f04325d7b8f""}",2026-09-28-rolling20-13cd892134e517b4,atlas-rolling20-A,live,,2026-09-28T09:39:48.714Z,2026-09-28,35500,036460,한국가스공사,util,2026-09-29,1,true,"{""p05"":null,""p10"":34792.258076947895,""p25"":null,""p50"":35477.060539004604,""p75"":null,""p90"":36186.19974571786,""p95"":null}",35050,427.0605390046039,1.218432350940382,1.5,true,-0.0006461819998703211,-0.012676056338028152,down,down,true,34792.258076947895,36186.19974571786,true,3.9265962500562344,1393.9416687699631,0.03926596250056234,"{""up"":0.4586,""flat"":0.0572,""down"":0.4842}",0.47963544,1,방향·크기 모두 맞음,,"{""sourceUrl"":""https://fchart.stock.naver.com/sise.nhn?symbol=036460&timeframe=day&count=30&requestType=0"",""rawHash"":""1089abd5a11228694551c5e32aa61637f87c0100c004598f5600a23554583914"",""observedAt"":""2026-09-29T09:43:00.000Z"",""finalClose"":true}",2,2026-09-29T09:43:00Z,v1
score-935b15fcb963c674,score,2026-09-29,2026-09-29T09:43:00Z,score-b23940d42e8bf5b6,실제 종가 정정(337500 → 338000),"{""forecastId"":""2026-09-28-rolling20-13cd892134e517b4"",""inputSnapshotSHA256"":""fb3f23a5388fb1cf0abe17ebf4fc9aafab0c278e86d92ba5f0ab9dacd99370f0"",""collectionRecordId"":""collection-89ff7f04325d7b8f""}",2026-09-28-rolling20-13cd892134e517b4,atlas-rolling20-A,live,,2026-09-28T09:39:48.714Z,2026-09-28,343500,004170,신세계,cons,2026-09-29,1,true,"{""p05"":null,""p10"":330277.93028220045,""p25"":null,""p50"":343342.7455045114,""p75"":null,""p90"":358103.5422087219,""p95"":null}",338000,5342.745504511404,1.5806939362459773,1.5,false,-0.0004578005691080467,-0.01601164483260553,down,down,true,330277.93028220045,358103.5422087219,true,8.10061482577044,27825.611926521466,0.08100614825770441,"{""up"":0.47355,""flat"":0.0385,""down"":0.48795}",0.487927055,2,방향 맞고 크기 틀림,,"{""sourceUrl"":""https://fchart.stock.naver.com/sise.nhn?symbol=004170&timeframe=day&count=30&requestType=0"",""rawHash"":""d67c180492c9f4f66d22051af9c49d14f69a8b026dfcd48cb32dd31c82903cab"",""observedAt"":""2026-09-29T09:43:00.000Z"",""finalClose"":true}",3,2026-09-29T09:43:00Z,v1
score-83149d67519304cd,score,2026-09-29,2026-09-29T09:43:00Z,score-5d5cb42265931a5d,실제 종가 정정(82800 → 82700),"{""forecastId"":""2026-09-28-rolling20-13cd892134e517b4"",""inputSnapshotSHA256"":""fb3f23a5388fb1cf0abe17ebf4fc9aafab0c278e86d92ba5f0ab9dacd99370f0"",""collectionRecordId"":""collection-89ff7f04325d7b8f""}",2026-09-28-rolling20-13cd892134e517b4,atlas-rolling20-A,live,,2026-09-28T09:39:48.714Z,2026-09-28,83300,012750,에스원,util,2026-09-29,1,true,"{""p05"":null,""p10"":81172.85357237454,""p25"":null,""p50"":83318.45216759473,""p75"":null,""p90"":85391.78037238593,""p95"":null}",82700,618.4521675947326,0.7478260793164844,1.5,true,0.00022151461698349806,-0.007202881152461038,down,down,true,81172.85357237454,85391.78037238593,true,5.064738055235751,4218.926800011381,0.05064738055235751,"{""up"":0.47765,""flat"":0.03765,""down"":0.4847}",0.49510113499999997,1,방향·크기 모두 맞음,,"{""sourceUrl"":""https://fchart.stock.naver.com/sise.nhn?symbol=012750&timeframe=day&count=30&requestType=0"",""rawHash"":""c449193e07793063ca39e4c2d3c6959f1fc7dc85e46de305eea5d383aecf174e"",""observedAt"":""2026-09-29T09:43:00.000Z"",""finalClose"":true}",2,2026-09-29T09:43:00Z,v1
score-02f25ee7a754fa77,score,2026-09-29,2026-09-29T09:43:00Z,score-79c59b72d53bcc07,실제 종가 정정(70700 → 71000),"{""forecastId"":""2026-09-28-rolling20-13cd892134e517b4"",""inputSnapshotSHA256"":""fb3f23a5388fb1cf0abe17ebf4fc9aafab0c278e86d92ba5f0ab9dacd99370f0"",""collectionRecordId"":""collection-89ff7f04325d7b8f""}",2026-09-28-rolling20-13cd892134e517b4,atlas-rolling20-A,live,,2026-09-28T09:39:48.714Z,2026-09-28,71400,111770,영원무역,cons,2026-09-29,1,true,"{""p05"":null,""p10"":69525.65055750564,""p25"":null,""p50"":71351.78551452573,""p75"":null,""p90"":73292.22388245884,""p95"":null}",71000,351.78551452573447,0.49547255567004855,1.5,true,-0.000675272905802049,-0.0056022408963585235,down,down,true,69525.65055750564,73292.22388245884,true,5.275312780046507,3766.573324953206,0.052753127800465066,"{""up"":0.46705,""flat"":0.04505,""down"":0.4879}",0.482411615,1,방향·크기 모두 맞음,,"{""sourceUrl"":""https://fchart.stock.naver.com/sise.nhn?symbol=111770&timeframe=day&count=30&requestType=0"",""rawHash"":""a57477392d1622b3be112b7aae001c5b786562830e457191d4226774f1c4c032"",""observedAt"":""2026-09-29T09:43:00.000Z"",""finalClose"":true}",3,2026-09-29T09:43:00Z,v1
score-5c0706a9fb99bd6d,score,2026-09-29,2026-09-29T09:43:00Z,score-ab6a7f1585e1685d,실제 종가 정정(14390 → 14370),"{""forecastId"":""2026-09-28-rolling20-13cd892134e517b4"",""inputSnapshotSHA256"":""fb3f23a5388fb1cf0abe17ebf4fc9aafab0c278e86d92ba5f0ab9dacd99370f0"",""collectionRecordId"":""collection-89ff7f04325d7b8f""}",2026-09-28-rolling20-13cd892134e517b4,atlas-rolling20-A,live,,2026-09-28T09:39:48.714Z,2026-09-28,14450,035250,강원랜드,cons,2026-09-29,1,true,"{""p05"":null,""p10"":14264.909549354876,""p25"":null,""p50"":14454.352468732806,""p75"":null,""p90"":14660.526899943452,""p95"":null}",14370,84.3524687328063,0.5870039577787495,1.5,true,0.00030120890884477447,-0.00553633217993077,up,down,false,14264.909549354876,14660.526899943452,true,2.7378363362531233,395.6173505885763,0.027378363362531234,"{""up"":0.47815,""flat"":0.0612,""down"":0.46065}",0.523271285,3,크기 허용·방향 틀림,,"{""sourceUrl"":""https://fchart.stock.naver.com/sise.nhn?symbol=035250&timeframe=day&count=30&requestType=0"",""rawHash"":""63b2533b708d0b3e06ad09ed80424ea45c1eda6ee431f90333eb2326be4c3b91"",""observedAt"":""2026-09-29T09:43:00.000Z"",""finalClose"":true}",2,2026-09-29T09:43:00Z,v1
score-381ee45109615738,score,2026-09-29,2026-09-29T09:43:00Z,score-0acd37fd63b2ea4d,실제 종가 정정(102600 → 102700),"{""forecastId"":""2026-09-28-rolling20-13cd892134e517b4"",""inputSnapshotSHA256"":""fb3f23a5388fb1cf0abe17ebf4fc9aafab0c278e86d92ba5f0ab9dacd99370f0"",""collectionRecordId"":""collection-89ff7f04325d7b8f""}",2026-09-28-rolling20-13cd892134e517b4,atlas-rolling20-A,live,,2026-09-28T09:39:48.714Z,2026-09-28,104400,226950,올릭스,bio,2026-09-29,1,true,"{""p05"":null,""p10"":97417.34770945285,""p25"":null,""p50"":104025.6350178021,""p75"":null,""p90"":112160.92376486068,""p95"":null}",102700,1325.6350178020948,1.2907838537508227,1.5,true,-0.003585871476991409,-0.016283524904214586,down,down,true,97417.34770945285,112160.92376486068,true,14.122199286789108,14743.57605540783,0.14122199286789108,"{""up"":0.4547,""flat"":0.01025,""down"":0.53505}",0.42303565499999995,1,방향·크기 모두 맞음,,"{""sourceUrl"":""https://fchart.stock.naver.com/sise.nhn?symbol=226950&timeframe=day&count=30&requestType=0"",""rawHash"":""de390f68c8f4acbd758422e94a961bc787ca64c63f02c150ca66bcc7a8c11c05"",""observedAt"":""2026-09-29T09:43:00.000Z"",""finalClose"":true}",3,2026-09-29T09:43:00Z,v1
score-cad3ee9cab4ef107,score,2026-09-29,2026-09-29T09:43:00Z,,,"{""forecastId"":""2026-09-28-atlas11-90616c6bc916e8d6"",""inputSnapshotSHA256"":""fb3f23a5388fb1cf0abe17ebf4fc9aafab0c278e86d92ba5f0ab9dacd99370f0"",""collectionRecordId"":""collection-89ff7f04325d7b8f""}",2026-09-28-atlas11-90616c6bc916e8d6,atlas11-A-1,live,,2026-09-28T13:13:16.576Z,2026-09-28,1400000,207940,삼성바이오로직스,bio,2026-09-29,1,true,"{""p05"":1357602.8558678068,""p10"":1368563.7863792372,""p25"":1384871.2844752804,""p50"":1399983.3959986803,""p75"":1414479.652132455,""p90"":1433814.1689408997,""p95"":1448325.1584901272}",1382000,17983.395998680266,1.301258755331423,1.5,true,-0.000011860000942665039,-0.0128571428571429,down,down,true,1368563.7863792372,1433814.1689408997,true,4.660741611547319,65250.38256166247,0.04660741611547319,"{""up"":0.46155,""flat"":0.0718,""down"":0.46665}",0.502645865,1,방향·크기 모두 맞음,true,"{""sourceUrl"":""https://fchart.stock.naver.com/sise.nhn?symbol=207940&timeframe=day&count=30&requestType=0"",""rawHash"":""7d9489ef0670ce9a4ceb3d76670fe9a56e5c63801ff9f2beac6f9e240a96aaf4"",""observedAt"":""2026-09-29T09:43:00.000Z"",""finalClose"":true}",1,2026-09-29T09:43:00Z,v1
score-0c1781f50f8f9a04,score,2026-09-29,2026-09-29T09:43:00Z,score-46b17789b0255361,실제 종가 정정(290500 → 290500),"{""forecastId"":""2026-09-28-atlas11-90616c6bc916e8d6"",""inputSnapshotSHA256"":""fb3f23a5388fb1cf0abe17ebf4fc9aafab0c278e86d92ba5f0ab9dacd99370f0"",""collectionRecordId"":""collection-89ff7f04325d7b8f""}",2026-09-28-atlas11-90616c6bc916e8d6,atlas11-A-1,live,,2026-09-28T13:13:16.576Z,2026-09-28,296000,032830,삼성생명보험,fin,2026-09-29,1,true,"{""p05"":284919.1109859912,""p10"":287409.0377263782,""p25"":291482.65744255786,""p50"":295753.2895100759,""p75"":300067.30325072515,""p90"":305297.5313173459,""p95"":310221.6028908093}",290500,5253.289510075876,1.8083612771345527,1.5,false,-0.0008334813848788203,-0.01858108108108103,down,down,true,287409.0377263782,305297.5313173459,true,6.043409996948557,17888.49359096773,0.06043409996948557,"{""up"":0.4651,""flat"":0.0381,""down"":0.4968}",0.47097986,2,방향 맞고 크기 틀림,true,"{""sourceUrl"":""https://fchart.stock.naver.com/sise.nhn?symbol=032830&timeframe=day&count=30&requestType=0"",""rawHash"":""409a728949c27d3d185947b3561e92c7bce844aa8495d6680755efac4c9353a0"",""observedAt"":""2026-09-29T09:43:00.000Z"",""finalClose"":true}",3,2026-09-29T09:43:00Z,v1
score-9b84c55f577f7b30,score,2026-09-29,2026-09-29T09:43:00Z,,,"{""forecastId"":""2026-09-28-atlas11-90616c6bc916e8d6"",""inputSnapshotSHA256"":""fb3f23a5388fb1cf0abe17ebf4fc9aafab0c278e86d92ba5f0ab9dacd99370f0"",""collectionRecordId"":""collection-89ff7f04325d7b8f""}",2026-09-28-atlas11-90616c6bc916e8d6,atlas11-A-1,live,,2026-09-28T13:13:16.576Z,2026-09-28,373000,012330,현대모비스,auto,2026-09-29,1,true,"{""p05"":358772.90497834486,""p10"":362126.5333312346,""p25"":366957.01634595566,""p50"":372406.850475414,""p75"":377653.43229395803,""p90"":385452.5519261805,""p95"":390594.7898261063}",367000,5406.850475414016,1.4732562603307944,1.5,true,-0.001590213202643409,-0.01608579088471851,down,down,true,362126.5333312346,385452.5519261805,true,6.253624288189248,23326.018594945897,0.06253624288189248,"{""up"":0.43185,""flat"":0.03915,""down"":0.529}",0.409868145,1,방향·크기 모두 맞음,false,"{""sourceUrl"":""https://fchart.stock.naver.com/sise.nhn?symbol=012330&timeframe=day&count=30&requestType=0"",""rawHash"":""f845c1b40561120c1f1d379b183af9a4d57c86769db62a9a690c2aa6507b7feb"",""observedAt"":""2026-09-29T09:43:00.000Z"",""finalClose"":true}",1,2026-09-29T09:43:00Z,v1
score-7ebe01f9ef9f6ce5,score,2026-09-29,2026-09-29T09:43:00Z,,,"{""forecastId"":""2026-09-28-atlas11-90616c6bc916e8d6"",""inputSnapshotSHA256"":""fb3f23a5388fb1cf0abe17ebf4fc9aafab0c278e86d92ba5f0ab9dacd99370f0"",""collectionRecordId"":""collection-89ff7f04325d7b8f""}",2026-09-28-atlas11-90616c6bc916e8d6,atlas11-A-1,live,,2026-09-28T13:13:16.576Z,2026-09-28,30700,015760,한국전력,util,2026-09-29,1,true,"{""p05"":29545.00911211901,""p10"":29903.31780130189,""p25"":30306.4204445081,""p50"":30676.824961368737,""p75"":31095.529020039874,""p90"":31527.29588795409,""p95"":31857.19140062714}",30050,626.8249613687367,2.085939971276994,1.5,false,-0.0007548872518327032,-0.021172638436482094,down,down,true,29903.31780130189,31527.29588795409,true,5.289830901147225,1623.9780866521978,0.052898309011472244,"{""up"":0.45455,""flat"":0.07095,""down"":0.4745}",0.4877998550000001,2,방향 맞고 크기 틀림,true,"{""sourceUrl"":""https://fchart.stock.naver.com/sise.nhn?symbol=015760&timeframe=day&count=30&requestType=0"",""rawHash"":""4c7793aa155abd74f20eb8e77fe9c5d5a4631549c16d49ea02409659daf6664b"",""observedAt"":""2026-09-29T09:43:00.000Z"",""finalClose"":true}",1,2026-09-29T09:43:00Z,v1
score-d551df62b233fa23,score,2026-09-29,2026-09-29T09:43:00Z,score-2cdc51bf5fec4d5e,실제 종가 정정(20900 → 20950),"{""forecastId"":""2026-09-28-atlas11-90616c6bc916e8d6"",""inputSnapshotSHA256"":""fb3f23a5388fb1cf0abe17ebf4fc9aafab0c278e86d92ba5f0ab9dacd99370f0"",""collectionRecordId"":""collection-89ff7f04325d7b8f""}",2026-09-28-atlas11-90616c6bc916e8d6,atlas11-A-1,live,,2026-09-28T13:13:16.576Z,2026-09-28,21250,011200,HMM,auto,2026-09-29,1,true,"{""p05"":20563.006008668403,""p10"":20729.930885585552,""p25"":20995.706578038098,""p50"":21242.451327034338,""p75"":21489.31200885098,""p90"":21783.726474531657,""p95"":22054.92072785394}",20950,292.45132703433774,1.3959490550565046,1.5,true,-0.0003552316689723334,-0.014117647058823568,down,down,true,20729.930885585552,21783.726474531657,true,4.959038065628727,1053.7955889461045,0.04959038065628727,"{""up"":0.44675,""flat"":0.06675,""down"":0.4865}",0.46772337500000005,1,방향·크기 모두 맞음,true,"{""sourceUrl"":""https://fchart.stock.naver.com/sise.nhn?symbol=011200&timeframe=day&count=30&requestType=0"",""rawHash"":""13dca8d79cc845a5afb76a94a602123a0848879c21ca5937002db143b5967bb3"",""observedAt"":""2026-09-29T09:43:00.000Z"",""finalClose"":true}",3,2026-09-29T09:43:00Z,v1
score-60242e41ce17aff3,score,2026-09-29,2026-09-29T09:43:00Z,score-46b0eebd74e57779,실제 종가 정정(361500 → 362000),"{""forecastId"":""2026-09-28-atlas11-90616c6bc916e8d6"",""inputSnapshotSHA256"":""fb3f23a5388fb1cf0abe17ebf4fc9aafab0c278e86d92ba5f0ab9dacd99370f0"",""collectionRecordId"":""collection-89ff7f04325d7b8f""}",2026-09-28-atlas11-90616c6bc916e8d6,atlas11-A-1,live,,2026-09-28T13:13:16.576Z,2026-09-28,368500,278470,에이피알,cons,2026-09-29,1,true,"{""p05"":346334.485688635,""p10"":351852.708293176,""p25"":359333.1884225959,""p50"":368361.5128795771,""p75"":376464.322849605,""p90"":387705.2117008389,""p95"":391944.501496126}",362000,6361.512879577116,1.7573239998831813,1.5,false,-0.00037581308120182566,-0.01763907734056991,down,down,true,351852.708293176,387705.2117008389,true,9.72930893016631,35852.50340766285,0.0972930893016631,"{""up"":0.47585,""flat"":0.02985,""down"":0.4943}",0.483056735,2,방향 맞고 크기 틀림,true,"{""sourceUrl"":""https://fchart.stock.naver.com/sise.nhn?symbol=278470&timeframe=day&count=30&requestType=0"",""rawHash"":""46af99fbbea6f8d91781ebfba0e259fe5d0e874bb50823d09ad8f6a0823278ba"",""observedAt"":""2026-09-29T09:43:00.000Z"",""finalClose"":true}",2,2026-09-29T09:43:00Z,v1
score-50438d22e2d08c90,score,2026-09-29,2026-09-29T09:43:00Z,score-c8bdded92fbb7448,실제 종가 정정(52600 → 52600),"{""forecastId"":""2026-09-28-atlas11-90616c6bc916e8d6"",""inputSnapshotSHA256"":""fb3f23a5388fb1cf0abe17ebf4fc9aafab0c278e86d92ba5f0ab9dacd99370f0"",""collectionRecordId"":""collection-89ff7f04325d7b8f""}",2026-09-28-atlas11-90616c6bc916e8d6,atlas11-A-1,live,,2026-09-28T13:13:16.576Z,2026-09-28,52900,030200,KT,net,2026-09-29,1,true,"{""p05"":51774.6861769322,""p10"":52072.27304558202,""p25"":52456.53257664795,""p50"":52910.11231608776,""p75"":53337.47220230064,""p90"":53764.704239533836,""p95"":54183.586368306904}",52600,310.1123160877614,0.5895671408512574,1.5,true,0.00019115909428668587,-0.005671077504725952,up,down,false,52072.27304558202,53764.704239533836,true,3.1993028241055113,1692.4311939518157,0.03199302824105511,"{""up"":0.4654,""flat"":0.07895,""down"":0.45565}",0.519147185,3,크기 허용·방향 틀림,true,"{""sourceUrl"":""https://fchart.stock.naver.com/sise.nhn?symbol=030200&timeframe=day&count=30&requestType=0"",""rawHash"":""47e3bdc695b77a4558d0df14f0211dbccd4927335371e59297da710256bff335"",""observedAt"":""2026-09-29T09:43:00.000Z"",""finalClose"":true}",3,2026-09-29T09:43:00Z,v1
score-b5955276cf8f873b,score,2026-09-29,2026-09-29T09:43:00Z,score-3c4c8bb1c99a40b0,실제 종가 정정(1220000 → 1221000),"{""forecastId"":""2026-09-28-atlas11-90616c6bc916e8d6"",""inputSnapshotSHA256"":""fb3f23a5388fb1cf0abe17ebf4fc9aafab0c278e86d92ba5f0ab9dacd99370f0"",""collectionRecordId"":""collection-89ff7f04325d7b8f""}",2026-09-28-atlas11-90616c6bc916e8d6,atlas11-A-1,live,,2026-09-28T13:13:16.576Z,2026-09-28,1215000,003230,삼양식품,cons,2026-09-29,1,true,"{""p05"":1167110.028335501,""p10"":1174454.1380512444,""p25"":1190702.1285725543,""p50"":1210056.0148690285,""p75"":1232583.579668155,""p90"":1264359.4294562682,""p95"":1284787.257981781}",1221000,-10943.98513097153,0.8963132785398469,1.5,true,-0.004069123564585664,0.004938271604938205,down,up,false,1174454.1380512444,1264359.4294562682,true,7.399612461318829,89905.29140502377,0.07399612461318829,"{""up"":0.42485,""flat"":0.032,""down"":0.54315}",0.6268334450000002,3,크기 허용·방향 틀림,false,"{""sourceUrl"":""https://fchart.stock.naver.com/sise.nhn?symbol=003230&timeframe=day&count=30&requestType=0"",""rawHash"":""e4f27826756cfd9ee6e546b671109c6087d2354bbe8e7034ea664dbe90045feb"",""observedAt"":""2026-09-29T09:43:00.000Z"",""finalClose"":true}",3,2026-09-29T09:43:00Z,v1
score-70bb0bf0fe88e88b,score,2026-09-29,2026-09-29T09:43:00Z,score-0dfa57781a3f3210,실제 종가 정정(198100 → 198000),"{""forecastId"":""2026-09-28-atlas11-90616c6bc916e8d6"",""inputSnapshotSHA256"":""fb3f23a5388fb1cf0abe17ebf4fc9aafab0c278e86d92ba5f0ab9dacd99370f0"",""collectionRecordId"":""collection-89ff7f04325d7b8f""}",2026-09-28-atlas11-90616c6bc916e8d6,atlas11-A-1,live,,2026-09-28T13:13:16.576Z,2026-09-28,202000,259960,크래프톤,net,2026-09-29,1,true,"{""p05"":194515.72419384462,""p10"":197017.13445517886,""p25"":199449.24124120484,""p50"":201850.14621360938,""p75"":204224.09963040406,""p90"":207071.6672737196,""p95"":208878.4781730164}",198000,3850.146213609376,1.9445182897017048,1.5,false,-0.0007418504276763827,-0.01980198019801982,down,down,true,197017.13445517886,207071.6672737196,true,4.977491494327093,10054.532818540727,0.04977491494327092,"{""up"":0.4535,""flat"":0.04995,""down"":0.49655}",0.46161915499999995,2,방향 맞고 크기 틀림,true,"{""sourceUrl"":""https://fchart.stock.naver.com/sise.nhn?symbol=259960&timeframe=day&count=30&requestType=0"",""rawHash"":""af21b96bd8335b4cd2f268a850a3f46d3914dfdc55b9c6a7e9500eb23c2c75ef"",""observedAt"":""2026-09-29T09:43:00.000Z"",""finalClose"":true}",2,2026-09-29T09:43:00Z,v1
score-6dfc6b9819cd48b8,score,2026-09-29,2026-09-29T09:43:00Z,score-b209961350e8d51c,실제 종가 정정(100800 → 100700),"{""forecastId"":""2026-09-28-atlas11-90616c6bc916e8d6"",""inputSnapshotSHA256"":""fb3f23a5388fb1cf0abe17ebf4fc9aafab0c278e86d92ba5f0ab9dacd99370f0"",""collectionRecordId"":""collection-89ff7f04325d7b8f""}",2026-09-28-atlas11-90616c6bc916e8d6,atlas11-A-1,live,,2026-09-28T13:13:16.576Z,2026-09-28,101600,021240,코웨이,cons,2026-09-29,1,true,"{""p05"":98057.38700655336,""p10"":98912.01494195993,""p25"":100246.22802660981,""p50"":101497.27424549125,""p75"":102906.01042755581,""p90"":104789.09740984246,""p95"":106824.26592820317}",100700,797.2742454912513,0.7917321206467243,1.5,true,-0.0010110802609129,-0.008858267716535417,down,down,true,98912.01494195993,104789.09740984246,true,5.7845299880733565,5877.08246788253,0.057845299880733565,"{""up"":0.45555,""flat"":0.04335,""down"":0.5011}",0.458306235,1,방향·크기 모두 맞음,true,"{""sourceUrl"":""https://fchart.stock.naver.com/sise.nhn?symbol=021240&timeframe=day&count=30&requestType=0"",""rawHash"":""17bc50bedd01d9d6623b2089eac4753aa42e2bdf0735b5d0a2403957361970c6"",""observedAt"":""2026-09-29T09:43:00.000Z"",""finalClose"":true}",2,2026-09-29T09:43:00Z,v1
score-cef6a7af4fd15d0c,score,2026-09-29,2026-09-29T09:43:00Z,score-c6a8934a358e9036,실제 종가 정정(472000 → 472000),"{""forecastId"":""2026-09-28-atlas11-90616c6bc916e8d6"",""inputSnapshotSHA256"":""fb3f23a5388fb1cf0abe17ebf4fc9aafab0c278e86d92ba5f0ab9dacd99370f0"",""collectionRecordId"":""collection-89ff7f04325d7b8f""}",2026-09-28-atlas11-90616c6bc916e8d6,atlas11-A-1,live,,2026-09-28T13:13:16.576Z,2026-09-28,480000,002380,KCC,chem,2026-09-29,1,true,"{""p05"":461638.69350293395,""p10"":467040.30266720115,""p25"":473829.0278103937,""p50"":479653.2511743554,""p75"":486244.3537191055,""p90"":494544.245614142,""p95"":500026.59376739257}",472000,7653.251174355391,1.621451519990549,1.5,false,-0.0007223933867596122,-0.01666666666666672,down,down,true,467040.30266720115,494544.245614142,true,5.729988113946007,27503.942946940835,0.05729988113946007,"{""up"":0.47015,""flat"":0.0517,""down"":0.47815}",0.4960413349999999,2,방향 맞고 크기 틀림,true,"{""sourceUrl"":""https://fchart.stock.naver.com/sise.nhn?symbol=002380&timeframe=day&count=30&requestType=0"",""rawHash"":""61335ccc391bf1d9b942bc76fad88d810e1ffe3290e3ad428296a2bbbaae3b39"",""observedAt"":""2026-09-29T09:43:00.000Z"",""finalClose"":true}",2,2026-09-29T09:43:00Z,v1
score-bf1b8ac6a22ac61e,score,2026-09-29,2026-09-29T09:43:00Z,score-62486c86f9d76987,실제 종가 정정(35000 → 35050),"{""forecastId"":""2026-09-28-atlas11-90616c6bc916e8d6"",""inputSnapshotSHA256"":""fb3f23a5388fb1cf0abe17ebf4fc9aafab0c278e86d92ba5f0ab9dacd99370f0"",""collectionRecordId"":""collection-89ff7f04325d7b8f""}",2026-09-28-atlas11-90616c6bc916e8d6,atlas11-A-1,live,,2026-09-28T13:13:16.576Z,2026-09-28,35500,036460,한국가스공사,util,2026-09-29,1,true,"{""p05"":34489.45293908271,""p10"":34792.258076947895,""p25"":35133.652295891894,""p50"":35477.060539004604,""p75"":35844.874411345074,""p90"":36186.19974571786,""p95"":36438.17396440424}",35050,427.0605390046039,1.218432350940382,1.5,true,-0.0006461819998703211,-0.012676056338028152,down,down,true,34792.258076947895,36186.19974571786,true,3.9265962500562344,1393.9416687699631,0.03926596250056234,"{""up"":0.4586,""flat"":0.0572,""down"":0.4842}",0.47963544,1,방향·크기 모두 맞음,true,"{""sourceUrl"":""https://fchart.stock.naver.com/sise.nhn?symbol=036460&timeframe=day&count=30&requestType=0"",""rawHash"":""1089abd5a11228694551c5e32aa61637f87c0100c004598f5600a23554583914"",""observedAt"":""2026-09-29T09:43:00.000Z"",""finalClose"":true}",2,2026-09-29T09:43:00Z,v1
score-e3ff0fd3ac21d44c,score,2026-09-29,2026-09-29T09:43:00Z,score-dafcf67ebcd1dd2a,실제 종가 정정(337500 → 338000),"{""forecastId"":""2026-09-28-atlas11-90616c6bc916e8d6"",""inputSnapshotSHA256"":""fb3f23a5388fb1cf0abe17ebf4fc9aafab0c278e86d92ba5f0ab9dacd99370f0"",""collectionRecordId"":""collection-89ff7f04325d7b8f""}",2026-09-28-atlas11-90616c6bc916e8d6,atlas11-A-1,live,,2026-09-28T13:13:16.576Z,2026-09-28,343500,004170,신세계,cons,2026-09-29,1,true,"{""p05"":325591.92873973766,""p10"":330277.93028220045,""p25"":337821.7994516415,""p50"":343342.7455045114,""p75"":349708.27956694935,""p90"":358103.5422087219,""p95"":364124.3141965789}",338000,5342.745504511404,1.5806939362459773,1.5,false,-0.0004578005691080467,-0.01601164483260553,down,down,true,330277.93028220045,358103.5422087219,true,8.10061482577044,27825.611926521466,0.08100614825770441,"{""up"":0.47355,""flat"":0.0385,""down"":0.48795}",0.487927055,2,방향 맞고 크기 틀림,true,"{""sourceUrl"":""https://fchart.stock.naver.com/sise.nhn?symbol=004170&timeframe=day&count=30&requestType=0"",""rawHash"":""d67c180492c9f4f66d22051af9c49d14f69a8b026dfcd48cb32dd31c82903cab"",""observedAt"":""2026-09-29T09:43:00.000Z"",""finalClose"":true}",3,2026-09-29T09:43:00Z,v1
score-e07ffafb84879658,score,2026-09-29,2026-09-29T09:43:00Z,score-8cad20fc6a678ed5,실제 종가 정정(82800 → 82700),"{""forecastId"":""2026-09-28-atlas11-90616c6bc916e8d6"",""inputSnapshotSHA256"":""fb3f23a5388fb1cf0abe17ebf4fc9aafab0c278e86d92ba5f0ab9dacd99370f0"",""collectionRecordId"":""collection-89ff7f04325d7b8f""}",2026-09-28-atlas11-90616c6bc916e8d6,atlas11-A-1,live,,2026-09-28T13:13:16.576Z,2026-09-28,83300,012750,에스원,util,2026-09-29,1,true,"{""p05"":80536.35559825318,""p10"":81172.85357237454,""p25"":82388.62118419673,""p50"":83318.45216759473,""p75"":84258.21009974211,""p90"":85391.78037238593,""p95"":86122.37683397422}",82700,618.4521675947326,0.7478260793164844,1.5,true,0.00022151461698349806,-0.007202881152461038,down,down,true,81172.85357237454,85391.78037238593,true,5.064738055235751,4218.926800011381,0.05064738055235751,"{""up"":0.47765,""flat"":0.03765,""down"":0.4847}",0.49510113499999997,1,방향·크기 모두 맞음,true,"{""sourceUrl"":""https://fchart.stock.naver.com/sise.nhn?symbol=012750&timeframe=day&count=30&requestType=0"",""rawHash"":""c449193e07793063ca39e4c2d3c6959f1fc7dc85e46de305eea5d383aecf174e"",""observedAt"":""2026-09-29T09:43:00.000Z"",""finalClose"":true}",2,2026-09-29T09:43:00Z,v1
score-2e3be35434630776,score,2026-09-29,2026-09-29T09:43:00Z,score-4069920a10d723d4,실제 종가 정정(70700 → 71000),"{""forecastId"":""2026-09-28-atlas11-90616c6bc916e8d6"",""inputSnapshotSHA256"":""fb3f23a5388fb1cf0abe17ebf4fc9aafab0c278e86d92ba5f0ab9dacd99370f0"",""collectionRecordId"":""collection-89ff7f04325d7b8f""}",2026-09-28-atlas11-90616c6bc916e8d6,atlas11-A-1,live,,2026-09-28T13:13:16.576Z,2026-09-28,71400,111770,영원무역,cons,2026-09-29,1,true,"{""p05"":68842.66994813422,""p10"":69525.65055750564,""p25"":70476.31557287904,""p50"":71351.78551452573,""p75"":72238.18154303075,""p90"":73292.22388245884,""p95"":73873.29414420051}",71000,351.78551452573447,0.49547255567004855,1.5,true,-0.000675272905802049,-0.0056022408963585235,down,down,true,69525.65055750564,73292.22388245884,true,5.275312780046507,3766.573324953206,0.052753127800465066,"{""up"":0.46705,""flat"":0.04505,""down"":0.4879}",0.482411615,1,방향·크기 모두 맞음,true,"{""sourceUrl"":""https://fchart.stock.naver.com/sise.nhn?symbol=111770&timeframe=day&count=30&requestType=0"",""rawHash"":""a57477392d1622b3be112b7aae001c5b786562830e457191d4226774f1c4c032"",""observedAt"":""2026-09-29T09:43:00.000Z"",""finalClose"":true}",3,2026-09-29T09:43:00Z,v1
score-00c6c52d7b101387,score,2026-09-29,2026-09-29T09:43:00Z,score-94b4b52e1c978db7,실제 종가 정정(14390 → 14370),"{""forecastId"":""2026-09-28-atlas11-90616c6bc916e8d6"",""inputSnapshotSHA256"":""fb3f23a5388fb1cf0abe17ebf4fc9aafab0c278e86d92ba5f0ab9dacd99370f0"",""collectionRecordId"":""collection-89ff7f04325d7b8f""}",2026-09-28-atlas11-90616c6bc916e8d6,atlas11-A-1,live,,2026-09-28T13:13:16.576Z,2026-09-28,14450,035250,강원랜드,cons,2026-09-29,1,true,"{""p05"":14183.803323297225,""p10"":14264.909549354876,""p25"":14354.522617006493,""p50"":14454.352468732806,""p75"":14551.437953332595,""p90"":14660.526899943452,""p95"":14728.701759173704}",14370,84.3524687328063,0.5870039577787495,1.5,true,0.00030120890884477447,-0.00553633217993077,up,down,false,14264.909549354876,14660.526899943452,true,2.7378363362531233,395.6173505885763,0.027378363362531234,"{""up"":0.47815,""flat"":0.0612,""down"":0.46065}",0.523271285,3,크기 허용·방향 틀림,true,"{""sourceUrl"":""https://fchart.stock.naver.com/sise.nhn?symbol=035250&timeframe=day&count=30&requestType=0"",""rawHash"":""63b2533b708d0b3e06ad09ed80424ea45c1eda6ee431f90333eb2326be4c3b91"",""observedAt"":""2026-09-29T09:43:00.000Z"",""finalClose"":true}",2,2026-09-29T09:43:00Z,v1
score-bbec60739a10553d,score,2026-09-29,2026-09-29T09:43:00Z,score-1c8810829ccb0180,실제 종가 정정(102600 → 102700),"{""forecastId"":""2026-09-28-atlas11-90616c6bc916e8d6"",""inputSnapshotSHA256"":""fb3f23a5388fb1cf0abe17ebf4fc9aafab0c278e86d92ba5f0ab9dacd99370f0"",""collectionRecordId"":""collection-89ff7f04325d7b8f""}",2026-09-28-atlas11-90616c6bc916e8d6,atlas11-A-1,live,,2026-09-28T13:13:16.576Z,2026-09-28,104400,226950,올릭스,bio,2026-09-29,1,true,"{""p05"":95626.62310019063,""p10"":97417.34770945285,""p25"":100457.99386365403,""p50"":104025.6350178021,""p75"":108125.61929763864,""p90"":112160.92376486068,""p95"":116432.58600437987}",102700,1325.6350178020948,1.2907838537508227,1.5,true,-0.003585871476991409,-0.016283524904214586,down,down,true,97417.34770945285,112160.92376486068,true,14.122199286789108,14743.57605540783,0.14122199286789108,"{""up"":0.4547,""flat"":0.01025,""down"":0.53505}",0.42303565499999995,1,방향·크기 모두 맞음,false,"{""sourceUrl"":""https://fchart.stock.naver.com/sise.nhn?symbol=226950&timeframe=day&count=30&requestType=0"",""rawHash"":""de390f68c8f4acbd758422e94a961bc787ca64c63f02c150ca66bcc7a8c11c05"",""observedAt"":""2026-09-29T09:43:00.000Z"",""finalClose"":true}",3,2026-09-29T09:43:00Z,v1
score-e100d435391b6baa,score,2026-09-29,2026-09-29T09:43:00Z,,,"{""forecastId"":""2026-09-28-atlas11-27e1f65cfc167be9"",""inputSnapshotSHA256"":""fb3f23a5388fb1cf0abe17ebf4fc9aafab0c278e86d92ba5f0ab9dacd99370f0"",""collectionRecordId"":""collection-89ff7f04325d7b8f""}",2026-09-28-atlas11-27e1f65cfc167be9,atlas11-A-1,live,,2026-09-28T13:29:56.398Z,2026-09-28,1400000,207940,삼성바이오로직스,bio,2026-09-29,1,true,"{""p05"":1357602.8558678068,""p10"":1368563.7863792372,""p25"":1384871.2844752804,""p50"":1399983.3959986803,""p75"":1414479.652132455,""p90"":1433814.1689408997,""p95"":1448325.1584901272}",1382000,17983.395998680266,1.301258755331423,1.5,true,-0.000011860000942665039,-0.0128571428571429,down,down,true,1368563.7863792372,1433814.1689408997,true,4.660741611547319,65250.38256166247,0.04660741611547319,"{""up"":0.46155,""flat"":0.0718,""down"":0.46665}",0.502645865,1,방향·크기 모두 맞음,true,"{""sourceUrl"":""https://fchart.stock.naver.com/sise.nhn?symbol=207940&timeframe=day&count=30&requestType=0"",""rawHash"":""7d9489ef0670ce9a4ceb3d76670fe9a56e5c63801ff9f2beac6f9e240a96aaf4"",""observedAt"":""2026-09-29T09:43:00.000Z"",""finalClose"":true}",1,2026-09-29T09:43:00Z,v1
score-49d3c2a1704ad24f,score,2026-09-29,2026-09-29T09:43:00Z,score-04641676e0f30c77,실제 종가 정정(290500 → 290500),"{""forecastId"":""2026-09-28-atlas11-27e1f65cfc167be9"",""inputSnapshotSHA256"":""fb3f23a5388fb1cf0abe17ebf4fc9aafab0c278e86d92ba5f0ab9dacd99370f0"",""collectionRecordId"":""collection-89ff7f04325d7b8f""}",2026-09-28-atlas11-27e1f65cfc167be9,atlas11-A-1,live,,2026-09-28T13:29:56.398Z,2026-09-28,296000,032830,삼성생명보험,fin,2026-09-29,1,true,"{""p05"":284919.1109859912,""p10"":287409.0377263782,""p25"":291482.65744255786,""p50"":295753.2895100759,""p75"":300067.30325072515,""p90"":305297.5313173459,""p95"":310221.6028908093}",290500,5253.289510075876,1.8083612771345527,1.5,false,-0.0008334813848788203,-0.01858108108108103,down,down,true,287409.0377263782,305297.5313173459,true,6.043409996948557,17888.49359096773,0.06043409996948557,"{""up"":0.4651,""flat"":0.0381,""down"":0.4968}",0.47097986,2,방향 맞고 크기 틀림,true,"{""sourceUrl"":""https://fchart.stock.naver.com/sise.nhn?symbol=032830&timeframe=day&count=30&requestType=0"",""rawHash"":""409a728949c27d3d185947b3561e92c7bce844aa8495d6680755efac4c9353a0"",""observedAt"":""2026-09-29T09:43:00.000Z"",""finalClose"":true}",3,2026-09-29T09:43:00Z,v1
score-102c17718ed5ecd7,score,2026-09-29,2026-09-29T09:43:00Z,,,"{""forecastId"":""2026-09-28-atlas11-27e1f65cfc167be9"",""inputSnapshotSHA256"":""fb3f23a5388fb1cf0abe17ebf4fc9aafab0c278e86d92ba5f0ab9dacd99370f0"",""collectionRecordId"":""collection-89ff7f04325d7b8f""}",2026-09-28-atlas11-27e1f65cfc167be9,atlas11-A-1,live,,2026-09-28T13:29:56.398Z,2026-09-28,373000,012330,현대모비스,auto,2026-09-29,1,true,"{""p05"":358772.90497834486,""p10"":362126.5333312346,""p25"":366957.01634595566,""p50"":372406.850475414,""p75"":377653.43229395803,""p90"":385452.5519261805,""p95"":390594.7898261063}",367000,5406.850475414016,1.4732562603307944,1.5,true,-0.001590213202643409,-0.01608579088471851,down,down,true,362126.5333312346,385452.5519261805,true,6.253624288189248,23326.018594945897,0.06253624288189248,"{""up"":0.43185,""flat"":0.03915,""down"":0.529}",0.409868145,1,방향·크기 모두 맞음,false,"{""sourceUrl"":""https://fchart.stock.naver.com/sise.nhn?symbol=012330&timeframe=day&count=30&requestType=0"",""rawHash"":""f845c1b40561120c1f1d379b183af9a4d57c86769db62a9a690c2aa6507b7feb"",""observedAt"":""2026-09-29T09:43:00.000Z"",""finalClose"":true}",1,2026-09-29T09:43:00Z,v1
score-711a2503ded9f60d,score,2026-09-29,2026-09-29T09:43:00Z,,,"{""forecastId"":""2026-09-28-atlas11-27e1f65cfc167be9"",""inputSnapshotSHA256"":""fb3f23a5388fb1cf0abe17ebf4fc9aafab0c278e86d92ba5f0ab9dacd99370f0"",""collectionRecordId"":""collection-89ff7f04325d7b8f""}",2026-09-28-atlas11-27e1f65cfc167be9,atlas11-A-1,live,,2026-09-28T13:29:56.398Z,2026-09-28,30700,015760,한국전력,util,2026-09-29,1,true,"{""p05"":29545.00911211901,""p10"":29903.31780130189,""p25"":30306.4204445081,""p50"":30676.824961368737,""p75"":31095.529020039874,""p90"":31527.29588795409,""p95"":31857.19140062714}",30050,626.8249613687367,2.085939971276994,1.5,false,-0.0007548872518327032,-0.021172638436482094,down,down,true,29903.31780130189,31527.29588795409,true,5.289830901147225,1623.9780866521978,0.052898309011472244,"{""up"":0.45455,""flat"":0.07095,""down"":0.4745}",0.4877998550000001,2,방향 맞고 크기 틀림,true,"{""sourceUrl"":""https://fchart.stock.naver.com/sise.nhn?symbol=015760&timeframe=day&count=30&requestType=0"",""rawHash"":""4c7793aa155abd74f20eb8e77fe9c5d5a4631549c16d49ea02409659daf6664b"",""observedAt"":""2026-09-29T09:43:00.000Z"",""finalClose"":true}",1,2026-09-29T09:43:00Z,v1
score-d67185c8514a5bc0,score,2026-09-29,2026-09-29T09:43:00Z,score-60d4ecf11e436e3f,실제 종가 정정(20900 → 20950),"{""forecastId"":""2026-09-28-atlas11-27e1f65cfc167be9"",""inputSnapshotSHA256"":""fb3f23a5388fb1cf0abe17ebf4fc9aafab0c278e86d92ba5f0ab9dacd99370f0"",""collectionRecordId"":""collection-89ff7f04325d7b8f""}",2026-09-28-atlas11-27e1f65cfc167be9,atlas11-A-1,live,,2026-09-28T13:29:56.398Z,2026-09-28,21250,011200,HMM,auto,2026-09-29,1,true,"{""p05"":20563.006008668403,""p10"":20729.930885585552,""p25"":20995.706578038098,""p50"":21242.451327034338,""p75"":21489.31200885098,""p90"":21783.726474531657,""p95"":22054.92072785394}",20950,292.45132703433774,1.3959490550565046,1.5,true,-0.0003552316689723334,-0.014117647058823568,down,down,true,20729.930885585552,21783.726474531657,true,4.959038065628727,1053.7955889461045,0.04959038065628727,"{""up"":0.44675,""flat"":0.06675,""down"":0.4865}",0.46772337500000005,1,방향·크기 모두 맞음,true,"{""sourceUrl"":""https://fchart.stock.naver.com/sise.nhn?symbol=011200&timeframe=day&count=30&requestType=0"",""rawHash"":""13dca8d79cc845a5afb76a94a602123a0848879c21ca5937002db143b5967bb3"",""observedAt"":""2026-09-29T09:43:00.000Z"",""finalClose"":true}",3,2026-09-29T09:43:00Z,v1
score-058e7d72526bfd54,score,2026-09-29,2026-09-29T09:43:00Z,score-530f6b9952b13765,실제 종가 정정(361500 → 362000),"{""forecastId"":""2026-09-28-atlas11-27e1f65cfc167be9"",""inputSnapshotSHA256"":""fb3f23a5388fb1cf0abe17ebf4fc9aafab0c278e86d92ba5f0ab9dacd99370f0"",""collectionRecordId"":""collection-89ff7f04325d7b8f""}",2026-09-28-atlas11-27e1f65cfc167be9,atlas11-A-1,live,,2026-09-28T13:29:56.398Z,2026-09-28,368500,278470,에이피알,cons,2026-09-29,1,true,"{""p05"":346334.485688635,""p10"":351852.708293176,""p25"":359333.1884225959,""p50"":368361.5128795771,""p75"":376464.322849605,""p90"":387705.2117008389,""p95"":391944.501496126}",362000,6361.512879577116,1.7573239998831813,1.5,false,-0.00037581308120182566,-0.01763907734056991,down,down,true,351852.708293176,387705.2117008389,true,9.72930893016631,35852.50340766285,0.0972930893016631,"{""up"":0.47585,""flat"":0.02985,""down"":0.4943}",0.483056735,2,방향 맞고 크기 틀림,true,"{""sourceUrl"":""https://fchart.stock.naver.com/sise.nhn?symbol=278470&timeframe=day&count=30&requestType=0"",""rawHash"":""46af99fbbea6f8d91781ebfba0e259fe5d0e874bb50823d09ad8f6a0823278ba"",""observedAt"":""2026-09-29T09:43:00.000Z"",""finalClose"":true}",2,2026-09-29T09:43:00Z,v1
score-5b1c94e27115c969,score,2026-09-29,2026-09-29T09:43:00Z,score-732796b411ec307f,실제 종가 정정(52600 → 52600),"{""forecastId"":""2026-09-28-atlas11-27e1f65cfc167be9"",""inputSnapshotSHA256"":""fb3f23a5388fb1cf0abe17ebf4fc9aafab0c278e86d92ba5f0ab9dacd99370f0"",""collectionRecordId"":""collection-89ff7f04325d7b8f""}",2026-09-28-atlas11-27e1f65cfc167be9,atlas11-A-1,live,,2026-09-28T13:29:56.398Z,2026-09-28,52900,030200,KT,net,2026-09-29,1,true,"{""p05"":51774.6861769322,""p10"":52072.27304558202,""p25"":52456.53257664795,""p50"":52910.11231608776,""p75"":53337.47220230064,""p90"":53764.704239533836,""p95"":54183.586368306904}",52600,310.1123160877614,0.5895671408512574,1.5,true,0.00019115909428668587,-0.005671077504725952,up,down,false,52072.27304558202,53764.704239533836,true,3.1993028241055113,1692.4311939518157,0.03199302824105511,"{""up"":0.4654,""flat"":0.07895,""down"":0.45565}",0.519147185,3,크기 허용·방향 틀림,true,"{""sourceUrl"":""https://fchart.stock.naver.com/sise.nhn?symbol=030200&timeframe=day&count=30&requestType=0"",""rawHash"":""47e3bdc695b77a4558d0df14f0211dbccd4927335371e59297da710256bff335"",""observedAt"":""2026-09-29T09:43:00.000Z"",""finalClose"":true}",3,2026-09-29T09:43:00Z,v1
score-0f66eb8a0fbb6818,score,2026-09-29,2026-09-29T09:43:00Z,score-c5c3312746d7fbc4,실제 종가 정정(1220000 → 1221000),"{""forecastId"":""2026-09-28-atlas11-27e1f65cfc167be9"",""inputSnapshotSHA256"":""fb3f23a5388fb1cf0abe17ebf4fc9aafab0c278e86d92ba5f0ab9dacd99370f0"",""collectionRecordId"":""collection-89ff7f04325d7b8f""}",2026-09-28-atlas11-27e1f65cfc167be9,atlas11-A-1,live,,2026-09-28T13:29:56.398Z,2026-09-28,1215000,003230,삼양식품,cons,2026-09-29,1,true,"{""p05"":1167110.028335501,""p10"":1174454.1380512444,""p25"":1190702.1285725543,""p50"":1210056.0148690285,""p75"":1232583.579668155,""p90"":1264359.4294562682,""p95"":1284787.257981781}",1221000,-10943.98513097153,0.8963132785398469,1.5,true,-0.004069123564585664,0.004938271604938205,down,up,false,1174454.1380512444,1264359.4294562682,true,7.399612461318829,89905.29140502377,0.07399612461318829,"{""up"":0.42485,""flat"":0.032,""down"":0.54315}",0.6268334450000002,3,크기 허용·방향 틀림,false,"{""sourceUrl"":""https://fchart.stock.naver.com/sise.nhn?symbol=003230&timeframe=day&count=30&requestType=0"",""rawHash"":""e4f27826756cfd9ee6e546b671109c6087d2354bbe8e7034ea664dbe90045feb"",""observedAt"":""2026-09-29T09:43:00.000Z"",""finalClose"":true}",3,2026-09-29T09:43:00Z,v1
score-9e9cfb9f7562cc22,score,2026-09-29,2026-09-29T09:43:00Z,score-e6dec2d87f88e5be,실제 종가 정정(198100 → 198000),"{""forecastId"":""2026-09-28-atlas11-27e1f65cfc167be9"",""inputSnapshotSHA256"":""fb3f23a5388fb1cf0abe17ebf4fc9aafab0c278e86d92ba5f0ab9dacd99370f0"",""collectionRecordId"":""collection-89ff7f04325d7b8f""}",2026-09-28-atlas11-27e1f65cfc167be9,atlas11-A-1,live,,2026-09-28T13:29:56.398Z,2026-09-28,202000,259960,크래프톤,net,2026-09-29,1,true,"{""p05"":194515.72419384462,""p10"":197017.13445517886,""p25"":199449.24124120484,""p50"":201850.14621360938,""p75"":204224.09963040406,""p90"":207071.6672737196,""p95"":208878.4781730164}",198000,3850.146213609376,1.9445182897017048,1.5,false,-0.0007418504276763827,-0.01980198019801982,down,down,true,197017.13445517886,207071.6672737196,true,4.977491494327093,10054.532818540727,0.04977491494327092,"{""up"":0.4535,""flat"":0.04995,""down"":0.49655}",0.46161915499999995,2,방향 맞고 크기 틀림,true,"{""sourceUrl"":""https://fchart.stock.naver.com/sise.nhn?symbol=259960&timeframe=day&count=30&requestType=0"",""rawHash"":""af21b96bd8335b4cd2f268a850a3f46d3914dfdc55b9c6a7e9500eb23c2c75ef"",""observedAt"":""2026-09-29T09:43:00.000Z"",""finalClose"":true}",2,2026-09-29T09:43:00Z,v1
score-482929a24d30f02d,score,2026-09-29,2026-09-29T09:43:00Z,score-ba6306b18ae608df,실제 종가 정정(100800 → 100700),"{""forecastId"":""2026-09-28-atlas11-27e1f65cfc167be9"",""inputSnapshotSHA256"":""fb3f23a5388fb1cf0abe17ebf4fc9aafab0c278e86d92ba5f0ab9dacd99370f0"",""collectionRecordId"":""collection-89ff7f04325d7b8f""}",2026-09-28-atlas11-27e1f65cfc167be9,atlas11-A-1,live,,2026-09-28T13:29:56.398Z,2026-09-28,101600,021240,코웨이,cons,2026-09-29,1,true,"{""p05"":98057.38700655336,""p10"":98912.01494195993,""p25"":100246.22802660981,""p50"":101497.27424549125,""p75"":102906.01042755581,""p90"":104789.09740984246,""p95"":106824.26592820317}",100700,797.2742454912513,0.7917321206467243,1.5,true,-0.0010110802609129,-0.008858267716535417,down,down,true,98912.01494195993,104789.09740984246,true,5.7845299880733565,5877.08246788253,0.057845299880733565,"{""up"":0.45555,""flat"":0.04335,""down"":0.5011}",0.458306235,1,방향·크기 모두 맞음,true,"{""sourceUrl"":""https://fchart.stock.naver.com/sise.nhn?symbol=021240&timeframe=day&count=30&requestType=0"",""rawHash"":""17bc50bedd01d9d6623b2089eac4753aa42e2bdf0735b5d0a2403957361970c6"",""observedAt"":""2026-09-29T09:43:00.000Z"",""finalClose"":true}",2,2026-09-29T09:43:00Z,v1
score-435028387f8784bb,score,2026-09-29,2026-09-29T09:43:00Z,score-fba479403e38869d,실제 종가 정정(472000 → 472000),"{""forecastId"":""2026-09-28-atlas11-27e1f65cfc167be9"",""inputSnapshotSHA256"":""fb3f23a5388fb1cf0abe17ebf4fc9aafab0c278e86d92ba5f0ab9dacd99370f0"",""collectionRecordId"":""collection-89ff7f04325d7b8f""}",2026-09-28-atlas11-27e1f65cfc167be9,atlas11-A-1,live,,2026-09-28T13:29:56.398Z,2026-09-28,480000,002380,KCC,chem,2026-09-29,1,true,"{""p05"":461638.69350293395,""p10"":467040.30266720115,""p25"":473829.0278103937,""p50"":479653.2511743554,""p75"":486244.3537191055,""p90"":494544.245614142,""p95"":500026.59376739257}",472000,7653.251174355391,1.621451519990549,1.5,false,-0.0007223933867596122,-0.01666666666666672,down,down,true,467040.30266720115,494544.245614142,true,5.729988113946007,27503.942946940835,0.05729988113946007,"{""up"":0.47015,""flat"":0.0517,""down"":0.47815}",0.4960413349999999,2,방향 맞고 크기 틀림,true,"{""sourceUrl"":""https://fchart.stock.naver.com/sise.nhn?symbol=002380&timeframe=day&count=30&requestType=0"",""rawHash"":""61335ccc391bf1d9b942bc76fad88d810e1ffe3290e3ad428296a2bbbaae3b39"",""observedAt"":""2026-09-29T09:43:00.000Z"",""finalClose"":true}",2,2026-09-29T09:43:00Z,v1
score-c7d429c5b27acf9c,score,2026-09-29,2026-09-29T09:43:00Z,score-26cb324672f8e994,실제 종가 정정(35000 → 35050),"{""forecastId"":""2026-09-28-atlas11-27e1f65cfc167be9"",""inputSnapshotSHA256"":""fb3f23a5388fb1cf0abe17ebf4fc9aafab0c278e86d92ba5f0ab9dacd99370f0"",""collectionRecordId"":""collection-89ff7f04325d7b8f""}",2026-09-28-atlas11-27e1f65cfc167be9,atlas11-A-1,live,,2026-09-28T13:29:56.398Z,2026-09-28,35500,036460,한국가스공사,util,2026-09-29,1,true,"{""p05"":34489.45293908271,""p10"":34792.258076947895,""p25"":35133.652295891894,""p50"":35477.060539004604,""p75"":35844.874411345074,""p90"":36186.19974571786,""p95"":36438.17396440424}",35050,427.0605390046039,1.218432350940382,1.5,true,-0.0006461819998703211,-0.012676056338028152,down,down,true,34792.258076947895,36186.19974571786,true,3.9265962500562344,1393.9416687699631,0.03926596250056234,"{""up"":0.4586,""flat"":0.0572,""down"":0.4842}",0.47963544,1,방향·크기 모두 맞음,true,"{""sourceUrl"":""https://fchart.stock.naver.com/sise.nhn?symbol=036460&timeframe=day&count=30&requestType=0"",""rawHash"":""1089abd5a11228694551c5e32aa61637f87c0100c004598f5600a23554583914"",""observedAt"":""2026-09-29T09:43:00.000Z"",""finalClose"":true}",2,2026-09-29T09:43:00Z,v1
score-6bd9c55bc2038c00,score,2026-09-29,2026-09-29T09:43:00Z,score-00aa8948e8f7742e,실제 종가 정정(337500 → 338000),"{""forecastId"":""2026-09-28-atlas11-27e1f65cfc167be9"",""inputSnapshotSHA256"":""fb3f23a5388fb1cf0abe17ebf4fc9aafab0c278e86d92ba5f0ab9dacd99370f0"",""collectionRecordId"":""collection-89ff7f04325d7b8f""}",2026-09-28-atlas11-27e1f65cfc167be9,atlas11-A-1,live,,2026-09-28T13:29:56.398Z,2026-09-28,343500,004170,신세계,cons,2026-09-29,1,true,"{""p05"":325591.92873973766,""p10"":330277.93028220045,""p25"":337821.7994516415,""p50"":343342.7455045114,""p75"":349708.27956694935,""p90"":358103.5422087219,""p95"":364124.3141965789}",338000,5342.745504511404,1.5806939362459773,1.5,false,-0.0004578005691080467,-0.01601164483260553,down,down,true,330277.93028220045,358103.5422087219,true,8.10061482577044,27825.611926521466,0.08100614825770441,"{""up"":0.47355,""flat"":0.0385,""down"":0.48795}",0.487927055,2,방향 맞고 크기 틀림,true,"{""sourceUrl"":""https://fchart.stock.naver.com/sise.nhn?symbol=004170&timeframe=day&count=30&requestType=0"",""rawHash"":""d67c180492c9f4f66d22051af9c49d14f69a8b026dfcd48cb32dd31c82903cab"",""observedAt"":""2026-09-29T09:43:00.000Z"",""finalClose"":true}",3,2026-09-29T09:43:00Z,v1
score-728c05f5cde86a93,score,2026-09-29,2026-09-29T09:43:00Z,score-673f4e7f22bfc9de,실제 종가 정정(82800 → 82700),"{""forecastId"":""2026-09-28-atlas11-27e1f65cfc167be9"",""inputSnapshotSHA256"":""fb3f23a5388fb1cf0abe17ebf4fc9aafab0c278e86d92ba5f0ab9dacd99370f0"",""collectionRecordId"":""collection-89ff7f04325d7b8f""}",2026-09-28-atlas11-27e1f65cfc167be9,atlas11-A-1,live,,2026-09-28T13:29:56.398Z,2026-09-28,83300,012750,에스원,util,2026-09-29,1,true,"{""p05"":80536.35559825318,""p10"":81172.85357237454,""p25"":82388.62118419673,""p50"":83318.45216759473,""p75"":84258.21009974211,""p90"":85391.78037238593,""p95"":86122.37683397422}",82700,618.4521675947326,0.7478260793164844,1.5,true,0.00022151461698349806,-0.007202881152461038,down,down,true,81172.85357237454,85391.78037238593,true,5.064738055235751,4218.926800011381,0.05064738055235751,"{""up"":0.47765,""flat"":0.03765,""down"":0.4847}",0.49510113499999997,1,방향·크기 모두 맞음,true,"{""sourceUrl"":""https://fchart.stock.naver.com/sise.nhn?symbol=012750&timeframe=day&count=30&requestType=0"",""rawHash"":""c449193e07793063ca39e4c2d3c6959f1fc7dc85e46de305eea5d383aecf174e"",""observedAt"":""2026-09-29T09:43:00.000Z"",""finalClose"":true}",2,2026-09-29T09:43:00Z,v1
score-541d122917a269d6,score,2026-09-29,2026-09-29T09:43:00Z,score-555dd1af24be1b57,실제 종가 정정(70700 → 71000),"{""forecastId"":""2026-09-28-atlas11-27e1f65cfc167be9"",""inputSnapshotSHA256"":""fb3f23a5388fb1cf0abe17ebf4fc9aafab0c278e86d92ba5f0ab9dacd99370f0"",""collectionRecordId"":""collection-89ff7f04325d7b8f""}",2026-09-28-atlas11-27e1f65cfc167be9,atlas11-A-1,live,,2026-09-28T13:29:56.398Z,2026-09-28,71400,111770,영원무역,cons,2026-09-29,1,true,"{""p05"":68842.66994813422,""p10"":69525.65055750564,""p25"":70476.31557287904,""p50"":71351.78551452573,""p75"":72238.18154303075,""p90"":73292.22388245884,""p95"":73873.29414420051}",71000,351.78551452573447,0.49547255567004855,1.5,true,-0.000675272905802049,-0.0056022408963585235,down,down,true,69525.65055750564,73292.22388245884,true,5.275312780046507,3766.573324953206,0.052753127800465066,"{""up"":0.46705,""flat"":0.04505,""down"":0.4879}",0.482411615,1,방향·크기 모두 맞음,true,"{""sourceUrl"":""https://fchart.stock.naver.com/sise.nhn?symbol=111770&timeframe=day&count=30&requestType=0"",""rawHash"":""a57477392d1622b3be112b7aae001c5b786562830e457191d4226774f1c4c032"",""observedAt"":""2026-09-29T09:43:00.000Z"",""finalClose"":true}",3,2026-09-29T09:43:00Z,v1
score-a8c0fcf6d3ec7b62,score,2026-09-29,2026-09-29T09:43:00Z,score-bdd3755dabcb96a0,실제 종가 정정(14390 → 14370),"{""forecastId"":""2026-09-28-atlas11-27e1f65cfc167be9"",""inputSnapshotSHA256"":""fb3f23a5388fb1cf0abe17ebf4fc9aafab0c278e86d92ba5f0ab9dacd99370f0"",""collectionRecordId"":""collection-89ff7f04325d7b8f""}",2026-09-28-atlas11-27e1f65cfc167be9,atlas11-A-1,live,,2026-09-28T13:29:56.398Z,2026-09-28,14450,035250,강원랜드,cons,2026-09-29,1,true,"{""p05"":14183.803323297225,""p10"":14264.909549354876,""p25"":14354.522617006493,""p50"":14454.352468732806,""p75"":14551.437953332595,""p90"":14660.526899943452,""p95"":14728.701759173704}",14370,84.3524687328063,0.5870039577787495,1.5,true,0.00030120890884477447,-0.00553633217993077,up,down,false,14264.909549354876,14660.526899943452,true,2.7378363362531233,395.6173505885763,0.027378363362531234,"{""up"":0.47815,""flat"":0.0612,""down"":0.46065}",0.523271285,3,크기 허용·방향 틀림,true,"{""sourceUrl"":""https://fchart.stock.naver.com/sise.nhn?symbol=035250&timeframe=day&count=30&requestType=0"",""rawHash"":""63b2533b708d0b3e06ad09ed80424ea45c1eda6ee431f90333eb2326be4c3b91"",""observedAt"":""2026-09-29T09:43:00.000Z"",""finalClose"":true}",2,2026-09-29T09:43:00Z,v1
score-34f097cf0bf6dede,score,2026-09-29,2026-09-29T09:43:00Z,score-b75315ffe9d9c3fa,실제 종가 정정(102600 → 102700),"{""forecastId"":""2026-09-28-atlas11-27e1f65cfc167be9"",""inputSnapshotSHA256"":""fb3f23a5388fb1cf0abe17ebf4fc9aafab0c278e86d92ba5f0ab9dacd99370f0"",""collectionRecordId"":""collection-89ff7f04325d7b8f""}",2026-09-28-atlas11-27e1f65cfc167be9,atlas11-A-1,live,,2026-09-28T13:29:56.398Z,2026-09-28,104400,226950,올릭스,bio,2026-09-29,1,true,"{""p05"":95626.62310019063,""p10"":97417.34770945285,""p25"":100457.99386365403,""p50"":104025.6350178021,""p75"":108125.61929763864,""p90"":112160.92376486068,""p95"":116432.58600437987}",102700,1325.6350178020948,1.2907838537508227,1.5,true,-0.003585871476991409,-0.016283524904214586,down,down,true,97417.34770945285,112160.92376486068,true,14.122199286789108,14743.57605540783,0.14122199286789108,"{""up"":0.4547,""flat"":0.01025,""down"":0.53505}",0.42303565499999995,1,방향·크기 모두 맞음,false,"{""sourceUrl"":""https://fchart.stock.naver.com/sise.nhn?symbol=226950&timeframe=day&count=30&requestType=0"",""rawHash"":""de390f68c8f4acbd758422e94a961bc787ca64c63f02c150ca66bcc7a8c11c05"",""observedAt"":""2026-09-29T09:43:00.000Z"",""finalClose"":true}",3,2026-09-29T09:43:00Z,v1
score-fc743b2ab3d2a9d0,score,2026-09-29,2026-09-29T09:54:42Z,score-1aba12892a5d3565,실제 종가 정정(353000 → 353000),"{""forecastId"":""2026-09-23-rolling20-c2697de31ff6788c"",""inputSnapshotSHA256"":""ca4920c6cea0f4ce9d86aa86c43bf9459ba4c269665520f63dc79d82dfe0a539"",""collectionRecordId"":""collection-8641ba4a62ba280e""}",2026-09-23-rolling20-c2697de31ff6788c,atlas-rolling20-A,reference,,2026-09-28T07:59:39.699Z,2026-09-23,352000,373220,LG에너지솔루션,chem,2026-09-29,2,true,"{""p05"":null,""p10"":333992.58152097336,""p25"":null,""p50"":351258.841572171,""p75"":null,""p90"":371087.94026785163,""p95"":null}",353000,-1741.158427828981,0.4932460135492864,2,true,-0.002105563715423253,0.0028409090909091717,down,up,false,333992.58152097336,371087.94026785163,true,10.538454189454056,37095.35874687828,0.10538454189454056,"{""up"":0.4684,""flat"":0.0202,""down"":0.5114}",0.5445365600000001,3,크기 허용·방향 틀림,,"{""sourceUrl"":""https://fchart.stock.naver.com/sise.nhn?symbol=373220&timeframe=day&count=30&requestType=0"",""rawHash"":""84772404f65ddeafb12df6f28b616cd8d42213c44e6f343ec9d02abaa24bc038"",""observedAt"":""2026-09-29T09:54:42.000Z"",""finalClose"":true}",2,2026-09-29T09:54:42Z,v1
score-dd155997304439aa,score,2026-09-29,2026-09-29T09:54:42Z,score-b6ec6b71d782d616,실제 종가 정정(1382000 → 1380000),"{""forecastId"":""2026-09-23-rolling20-c2697de31ff6788c"",""inputSnapshotSHA256"":""ca4920c6cea0f4ce9d86aa86c43bf9459ba4c269665520f63dc79d82dfe0a539"",""collectionRecordId"":""collection-8641ba4a62ba280e""}",2026-09-23-rolling20-c2697de31ff6788c,atlas-rolling20-A,reference,,2026-09-28T07:59:39.699Z,2026-09-23,1373000,207940,삼성바이오로직스,bio,2026-09-29,2,true,"{""p05"":null,""p10"":1327967.0244165931,""p25"":null,""p50"":1372366.4448161814,""p75"":null,""p90"":1422551.1714400218,""p95"":null}",1380000,-7633.555183818564,0.5531561727404756,2,true,-0.0004614385898168427,0.005098324836125379,down,up,false,1327967.0244165931,1422551.1714400218,true,6.888867226761013,94584.1470234287,0.06888867226761013,"{""up"":0.4754,""flat"":0.03305,""down"":0.49155}",0.517918865,3,크기 허용·방향 틀림,,"{""sourceUrl"":""https://fchart.stock.naver.com/sise.nhn?symbol=207940&timeframe=day&count=30&requestType=0"",""rawHash"":""b091fe12ae39ecac278b2656ff0bee82d93780a9d6cc0e03556b1c7ba5dcf8c5"",""observedAt"":""2026-09-29T09:54:42.000Z"",""finalClose"":true}",2,2026-09-29T09:54:42Z,v1
score-f3ef1d9c1fa9ab3d,score,2026-09-29,2026-09-29T09:54:42Z,score-fbfd3536df2d5938,실제 종가 정정(173000 → 172700),"{""forecastId"":""2026-09-23-rolling20-c2697de31ff6788c"",""inputSnapshotSHA256"":""ca4920c6cea0f4ce9d86aa86c43bf9459ba4c269665520f63dc79d82dfe0a539"",""collectionRecordId"":""collection-8641ba4a62ba280e""}",2026-09-23-rolling20-c2697de31ff6788c,atlas-rolling20-A,reference,,2026-09-28T07:59:39.699Z,2026-09-23,174100,105560,KB금융,fin,2026-09-29,2,true,"{""p05"":null,""p10"":168858.6860888178,""p25"":null,""p50"":174646.31243658927,""p75"":null,""p90"":180637.64020668968,""p95"":null}",172700,1946.3124365892727,1.1269904091426015,2,true,0.0031379232429022963,-0.008041355542791506,up,down,false,168858.6860888178,180637.64020668968,true,6.765625570288271,11778.95411787188,0.06765625570288271,"{""up"":0.5383,""flat"":0.03405,""down"":0.42765}",0.618510815,3,크기 허용·방향 틀림,,"{""sourceUrl"":""https://fchart.stock.naver.com/sise.nhn?symbol=105560&timeframe=day&count=30&requestType=0"",""rawHash"":""530a970c5bc042548272ede4d54e7e15906abd0c90400626a2bc432e2e11e23f"",""observedAt"":""2026-09-29T09:54:42.000Z"",""finalClose"":true}",2,2026-09-29T09:54:42Z,v1
score-45b69009ec1f99f1,score,2026-09-29,2026-09-29T09:54:42Z,score-dfb0d0d64fc5cb7a,실제 종가 정정(346500 → 346000),"{""forecastId"":""2026-09-23-rolling20-c2697de31ff6788c"",""inputSnapshotSHA256"":""ca4920c6cea0f4ce9d86aa86c43bf9459ba4c269665520f63dc79d82dfe0a539"",""collectionRecordId"":""collection-8641ba4a62ba280e""}",2026-09-23-rolling20-c2697de31ff6788c,atlas-rolling20-A,reference,,2026-09-28T07:59:39.699Z,2026-09-23,368500,028260,삼성물산,util,2026-09-29,2,true,"{""p05"":null,""p10"":352688.4026367136,""p25"":null,""p50"":367912.2433232842,""p75"":null,""p90"":385418.22061503807,""p95"":null}",346000,21912.2433232842,6.3330183015272254,2,false,-0.001594997765850148,-0.06105834464043425,down,down,true,352688.4026367136,385418.22061503807,false,8.881904471729847,99613.8443454603,0.27032250840016364,"{""up"":0.46495,""flat"":0.02655,""down"":0.5085}",0.458455655,2,방향 맞고 크기 틀림,,"{""sourceUrl"":""https://fchart.stock.naver.com/sise.nhn?symbol=028260&timeframe=day&count=30&requestType=0"",""rawHash"":""df85758e87034557496ece32b1e83ca7f886d4f2b234e6fe862044a97c29fe1e"",""observedAt"":""2026-09-29T09:54:42.000Z"",""finalClose"":true}",2,2026-09-29T09:54:42Z,v1
score-64ae8834a5d99b94,score,2026-09-29,2026-09-29T09:54:42Z,score-60e36083eec02a43,실제 종가 정정(290500 → 290000),"{""forecastId"":""2026-09-23-rolling20-c2697de31ff6788c"",""inputSnapshotSHA256"":""ca4920c6cea0f4ce9d86aa86c43bf9459ba4c269665520f63dc79d82dfe0a539"",""collectionRecordId"":""collection-8641ba4a62ba280e""}",2026-09-23-rolling20-c2697de31ff6788c,atlas-rolling20-A,reference,,2026-09-28T07:59:39.699Z,2026-09-23,295000,032830,삼성생명보험,fin,2026-09-29,2,true,"{""p05"":null,""p10"":282692.17672401806,""p25"":null,""p50"":294956.2703234566,""p75"":null,""p90"":310130.514293514,""p95"":null}",290000,4956.270323456614,1.7090587322264188,2,true,-0.00014823619167247948,-0.016949152542372836,down,down,true,282692.17672401806,310130.514293514,true,9.301131379490155,27438.337569495954,0.09301131379490155,"{""up"":0.48485,""flat"":0.0259,""down"":0.48925}",0.49661589500000003,1,방향·크기 모두 맞음,,"{""sourceUrl"":""https://fchart.stock.naver.com/sise.nhn?symbol=032830&timeframe=day&count=30&requestType=0"",""rawHash"":""16e5acae5528c504ef28d765ae42bcf87dbb2e61e60cb2a836b0af172b649b5d"",""observedAt"":""2026-09-29T09:54:42.000Z"",""finalClose"":true}",4,2026-09-29T09:54:42Z,v1
score-bd7a2f9cfa13cdf6,score,2026-09-29,2026-09-29T09:54:42Z,,,"{""forecastId"":""2026-09-23-rolling20-c2697de31ff6788c"",""inputSnapshotSHA256"":""ca4920c6cea0f4ce9d86aa86c43bf9459ba4c269665520f63dc79d82dfe0a539"",""collectionRecordId"":""collection-8641ba4a62ba280e""}",2026-09-23-rolling20-c2697de31ff6788c,atlas-rolling20-A,reference,,2026-09-28T07:59:39.699Z,2026-09-23,1031000,012450,한화에어로스페이스,heavy,2026-09-29,2,true,"{""p05"":null,""p10"":962534.7741938416,""p25"":null,""p50"":1029208.4551885992,""p75"":null,""p90"":1105651.6858829684,""p95"":null}",1014000,15208.455188599182,1.4998476517356196,2,true,-0.0017376768296807343,-0.016488845780795347,down,down,true,962534.7741938416,1105651.6858829684,true,13.88136873803363,143116.91168912675,0.1388136873803363,"{""up"":0.4782,""flat"":0.015,""down"":0.5068}",0.47214648,1,방향·크기 모두 맞음,,"{""sourceUrl"":""https://fchart.stock.naver.com/sise.nhn?symbol=012450&timeframe=day&count=30&requestType=0"",""rawHash"":""504c8de8180f178dcdac5f572dbc0d0db953285c9debaad1ade5bb778c2659bb"",""observedAt"":""2026-09-29T09:54:42.000Z"",""finalClose"":true}",1,2026-09-29T09:54:42Z,v1
score-467faee634fb8ff3,score,2026-09-29,2026-09-29T09:54:42Z,score-8cf589ee34adad07,실제 종가 정정(583000 → 583000),"{""forecastId"":""2026-09-23-rolling20-c2697de31ff6788c"",""inputSnapshotSHA256"":""ca4920c6cea0f4ce9d86aa86c43bf9459ba4c269665520f63dc79d82dfe0a539"",""collectionRecordId"":""collection-8641ba4a62ba280e""}",2026-09-23-rolling20-c2697de31ff6788c,atlas-rolling20-A,reference,,2026-09-28T07:59:39.699Z,2026-09-23,607000,034730,SK,util,2026-09-29,2,true,"{""p05"":null,""p10"":568047.7592169219,""p25"":null,""p50"":606020.9013067244,""p75"":null,""p90"":648997.622211331,""p95"":null}",583000,23020.90130672441,3.948696622079659,2,false,-0.0016130126742596174,-0.03953871499176276,down,down,true,568047.7592169219,648997.622211331,true,13.336056506492449,80949.86299440917,0.1333605650649245,"{""up"":0.47695,""flat"":0.0175,""down"":0.50555}",0.472268355,2,방향 맞고 크기 틀림,,"{""sourceUrl"":""https://fchart.stock.naver.com/sise.nhn?symbol=034730&timeframe=day&count=30&requestType=0"",""rawHash"":""34552bd190ce450bfa089bb2646937ad43b1902c441ee473b020112dba7767d9"",""observedAt"":""2026-09-29T09:54:42.000Z"",""finalClose"":true}",3,2026-09-29T09:54:42Z,v1
score-2c9f3283e6ce9b88,score,2026-09-29,2026-09-29T09:54:42Z,score-453ec76a11b773cc,실제 종가 정정(367000 → 366500),"{""forecastId"":""2026-09-23-rolling20-c2697de31ff6788c"",""inputSnapshotSHA256"":""ca4920c6cea0f4ce9d86aa86c43bf9459ba4c269665520f63dc79d82dfe0a539"",""collectionRecordId"":""collection-8641ba4a62ba280e""}",2026-09-23-rolling20-c2697de31ff6788c,atlas-rolling20-A,reference,,2026-09-28T07:59:39.699Z,2026-09-23,369000,012330,현대모비스,auto,2026-09-29,2,true,"{""p05"":null,""p10"":352567.0694333925,""p25"":null,""p50"":367918.55608505814,""p75"":null,""p90"":386991.4177080584,""p95"":null}",366500,1418.5560850581387,0.38705486631872815,2,true,-0.002930742316915591,-0.006775067750677488,down,down,true,352567.0694333925,386991.4177080584,true,9.329091673351188,34424.348274665885,0.09329091673351188,"{""up"":0.454,""flat"":0.0223,""down"":0.5237}",0.43347497999999995,1,방향·크기 모두 맞음,,"{""sourceUrl"":""https://fchart.stock.naver.com/sise.nhn?symbol=012330&timeframe=day&count=30&requestType=0"",""rawHash"":""2bb6926ae7703c9c4e3929e4e9818e13aefbbc5fc58e7f1d9d1280778e9d4ced"",""observedAt"":""2026-09-29T09:54:42.000Z"",""finalClose"":true}",2,2026-09-29T09:54:42Z,v1
score-affec9b281636fd3,score,2026-09-29,2026-09-29T09:54:42Z,,,"{""forecastId"":""2026-09-23-rolling20-c2697de31ff6788c"",""inputSnapshotSHA256"":""ca4920c6cea0f4ce9d86aa86c43bf9459ba4c269665520f63dc79d82dfe0a539"",""collectionRecordId"":""collection-8641ba4a62ba280e""}",2026-09-23-rolling20-c2697de31ff6788c,atlas-rolling20-A,reference,,2026-09-28T07:59:39.699Z,2026-09-23,210500,066570,LG전자,semi,2026-09-29,2,true,"{""p05"":null,""p10"":199679.23301675593,""p25"":null,""p50"":210083.69407384394,""p75"":null,""p90"":221881.04126709682,""p95"":null}",214500,-4416.305926156056,2.058883881657835,2,false,-0.001977700361786461,0.019002375296912177,down,up,false,199679.23301675593,221881.04126709682,true,10.547177316076436,22201.808250340895,0.10547177316076435,"{""up"":0.4669,""flat"":0.0213,""down"":0.5118}",0.5465885400000001,4,방향·크기 모두 틀림,,"{""sourceUrl"":""https://fchart.stock.naver.com/sise.nhn?symbol=066570&timeframe=day&count=30&requestType=0"",""rawHash"":""0c62841f7bc5e517086346f672ce6f9515003f223dec286708d0f736b47f4958"",""observedAt"":""2026-09-29T09:54:42.000Z"",""finalClose"":true}",1,2026-09-29T09:54:42Z,v1
score-87082b9b1ee5ecf1,score,2026-09-29,2026-09-29T09:54:42Z,score-ebbc738aaf49d684,실제 종가 정정(206000 → 205000),"{""forecastId"":""2026-09-23-rolling20-c2697de31ff6788c"",""inputSnapshotSHA256"":""ca4920c6cea0f4ce9d86aa86c43bf9459ba4c269665520f63dc79d82dfe0a539"",""collectionRecordId"":""collection-8641ba4a62ba280e""}",2026-09-23-rolling20-c2697de31ff6788c,atlas-rolling20-A,reference,,2026-09-28T07:59:39.699Z,2026-09-23,207000,010120,LS ELECTRIC,heavy,2026-09-29,2,true,"{""p05"":null,""p10"":193460.97437249875,""p25"":null,""p50"":206192.10930207864,""p75"":null,""p90"":222701.3090772745,""p95"":null}",205000,1192.1093020786357,0.5815167327212857,2,true,-0.003902853613146684,-0.009661835748792313,down,down,true,193460.97437249875,222701.3090772745,true,14.125765557862676,29240.33470477574,0.14125765557862677,"{""up"":0.45975,""flat"":0.0162,""down"":0.52405}",0.43816090499999993,1,방향·크기 모두 맞음,,"{""sourceUrl"":""https://fchart.stock.naver.com/sise.nhn?symbol=010120&timeframe=day&count=30&requestType=0"",""rawHash"":""783a086a687e12c5e2beda6a76950f5ff25561a0370d0a46a6e773bb1336b832"",""observedAt"":""2026-09-29T09:54:42.000Z"",""finalClose"":true}",2,2026-09-29T09:54:42Z,v1
score-fc2c04011132dc7c,score,2026-09-29,2026-09-29T09:54:42Z,score-bbf69aad3275dea5,실제 종가 정정(651000 → 651000),"{""forecastId"":""2026-09-23-rolling20-c2697de31ff6788c"",""inputSnapshotSHA256"":""ca4920c6cea0f4ce9d86aa86c43bf9459ba4c269665520f63dc79d82dfe0a539"",""collectionRecordId"":""collection-8641ba4a62ba280e""}",2026-09-23-rolling20-c2697de31ff6788c,atlas-rolling20-A,reference,,2026-09-28T07:59:39.699Z,2026-09-23,648000,000810,삼성화재,fin,2026-09-29,2,true,"{""p05"":null,""p10"":622917.9787108448,""p25"":null,""p50"":646077.3010494856,""p75"":null,""p90"":675440.3313850642,""p95"":null}",651000,-4922.69895051443,0.7561749539960723,2,true,-0.002967128010053166,0.004629629629629539,down,up,false,622917.9787108448,675440.3313850642,true,8.105301338614106,52522.35267421941,0.08105301338614106,"{""up"":0.44365,""flat"":0.0285,""down"":0.52785}",0.588963195,3,크기 허용·방향 틀림,,"{""sourceUrl"":""https://fchart.stock.naver.com/sise.nhn?symbol=000810&timeframe=day&count=30&requestType=0"",""rawHash"":""f1f0dabb00ad815042ab39d641ef3789e822363b48874dad9e828269ea758f7a"",""observedAt"":""2026-09-29T09:54:42.000Z"",""finalClose"":true}",3,2026-09-29T09:54:42Z,v1
score-984e488d7af36ccc,score,2026-09-29,2026-09-29T09:54:42Z,,,"{""forecastId"":""2026-09-23-rolling20-c2697de31ff6788c"",""inputSnapshotSHA256"":""ca4920c6cea0f4ce9d86aa86c43bf9459ba4c269665520f63dc79d82dfe0a539"",""collectionRecordId"":""collection-8641ba4a62ba280e""}",2026-09-23-rolling20-c2697de31ff6788c,atlas-rolling20-A,reference,,2026-09-28T07:59:39.699Z,2026-09-23,311500,005490,POSCO홀딩스,chem,2026-09-29,2,true,"{""p05"":null,""p10"":299141.73031402036,""p25"":null,""p50"":310928.0222952827,""p75"":null,""p90"":325211.4750514301,""p95"":null}",305500,5428.022295282688,1.7767667087668373,2,true,-0.0018362045095259294,-0.019261637239165297,down,down,true,299141.73031402036,325211.4750514301,true,8.369099434160434,26069.744737409754,0.08369099434160435,"{""up"":0.4629,""flat"":0.0257,""down"":0.5114}",0.45366686,1,방향·크기 모두 맞음,,"{""sourceUrl"":""https://fchart.stock.naver.com/sise.nhn?symbol=005490&timeframe=day&count=30&requestType=0"",""rawHash"":""9d2c72fcd53431ed45370db331450fdfbd9ee2101b6b833f0f397d10f0990c25"",""observedAt"":""2026-09-29T09:54:42.000Z"",""finalClose"":true}",1,2026-09-29T09:54:42Z,v1
score-9b01edcd59ff280b,score,2026-09-29,2026-09-29T09:54:42Z,score-c8b20521ef006892,실제 종가 정정(1070000 → 1070000),"{""forecastId"":""2026-09-23-rolling20-c2697de31ff6788c"",""inputSnapshotSHA256"":""ca4920c6cea0f4ce9d86aa86c43bf9459ba4c269665520f63dc79d82dfe0a539"",""collectionRecordId"":""collection-8641ba4a62ba280e""}",2026-09-23-rolling20-c2697de31ff6788c,atlas-rolling20-A,reference,,2026-09-28T07:59:39.699Z,2026-09-23,1116000,010130,고려아연,chem,2026-09-29,2,true,"{""p05"":null,""p10"":1052188.6966246956,""p25"":null,""p50"":1110263.050831501,""p75"":null,""p90"":1191495.1693191845,""p95"":null}",1070000,40263.05083150091,3.7629019468692437,2,false,-0.00514063545564436,-0.04121863799283154,down,down,true,1052188.6966246956,1191495.1693191845,true,12.4826588435922,139306.47269448894,0.124826588435922,"{""up"":0.4383,""flat"":0.01955,""down"":0.54215}",0.402115715,2,방향 맞고 크기 틀림,,"{""sourceUrl"":""https://fchart.stock.naver.com/sise.nhn?symbol=010130&timeframe=day&count=30&requestType=0"",""rawHash"":""da2eadf6b11a0b6af047681e56b6f8e4d7d34e65c00df6d90bccf92658ab2dbb"",""observedAt"":""2026-09-29T09:54:42.000Z"",""finalClose"":true}",2,2026-09-29T09:54:42Z,v1
score-a85e0b221f3da717,score,2026-09-29,2026-09-29T09:54:42Z,score-ad167b51b3f7e39b,실제 종가 정정(132300 → 132100),"{""forecastId"":""2026-09-23-rolling20-c2697de31ff6788c"",""inputSnapshotSHA256"":""ca4920c6cea0f4ce9d86aa86c43bf9459ba4c269665520f63dc79d82dfe0a539"",""collectionRecordId"":""collection-8641ba4a62ba280e""}",2026-09-23-rolling20-c2697de31ff6788c,atlas-rolling20-A,reference,,2026-09-28T07:59:39.699Z,2026-09-23,125500,138040,메리츠금융지주,fin,2026-09-29,2,true,"{""p05"":null,""p10"":121540.38249140065,""p25"":null,""p50"":125410.5069671091,""p75"":null,""p90"":130463.9115304543,""p95"":null}",132100,-6689.493032890896,5.063961417782662,2,false,-0.0007130918955450261,0.052589641434263035,down,up,false,121540.38249140065,130463.9115304543,false,7.11038170442521,25284.4137345107,0.20146943214749563,"{""up"":0.47405,""flat"":0.03125,""down"":0.4947}",0.5223280549999999,4,방향·크기 모두 틀림,,"{""sourceUrl"":""https://fchart.stock.naver.com/sise.nhn?symbol=138040&timeframe=day&count=30&requestType=0"",""rawHash"":""0569db38373652d56fdc3c2a2801152190f424af2be5e5b452579e3da0c336ef"",""observedAt"":""2026-09-29T09:54:42.000Z"",""finalClose"":true}",2,2026-09-29T09:54:42Z,v1
score-dd81819afa6bc707,score,2026-09-29,2026-09-29T09:54:42Z,score-df992a7c3808bc65,실제 종가 정정(30050 → 30050),"{""forecastId"":""2026-09-23-rolling20-c2697de31ff6788c"",""inputSnapshotSHA256"":""ca4920c6cea0f4ce9d86aa86c43bf9459ba4c269665520f63dc79d82dfe0a539"",""collectionRecordId"":""collection-8641ba4a62ba280e""}",2026-09-23-rolling20-c2697de31ff6788c,atlas-rolling20-A,reference,,2026-09-28T07:59:39.699Z,2026-09-23,30450,015760,한국전력,util,2026-09-29,2,true,"{""p05"":null,""p10"":29255.687481117344,""p25"":null,""p50"":30433.219222622054,""p75"":null,""p90"":31658.516504025978,""p95"":null}",30050,383.2192226220541,1.2752719554810452,2,true,-0.0005510928531344828,-0.013136288998357948,down,down,true,29255.687481117344,31658.516504025978,true,7.891064114642477,2402.829022908634,0.07891064114642476,"{""up"":0.4771,""flat"":0.0294,""down"":0.4935}",0.48503102,1,방향·크기 모두 맞음,,"{""sourceUrl"":""https://fchart.stock.naver.com/sise.nhn?symbol=015760&timeframe=day&count=30&requestType=0"",""rawHash"":""2c3583dca3b499ea3a5a15d2d1e1c283799940a5c8dd103bd45b1fd64b06d7fe"",""observedAt"":""2026-09-29T09:54:42.000Z"",""finalClose"":true}",2,2026-09-29T09:54:42Z,v1
score-647770592a1eacb3,score,2026-09-29,2026-09-29T09:54:42Z,score-b96db6621b41b87a,실제 종가 정정(20950 → 20900),"{""forecastId"":""2026-09-23-rolling20-c2697de31ff6788c"",""inputSnapshotSHA256"":""ca4920c6cea0f4ce9d86aa86c43bf9459ba4c269665520f63dc79d82dfe0a539"",""collectionRecordId"":""collection-8641ba4a62ba280e""}",2026-09-23-rolling20-c2697de31ff6788c,atlas-rolling20-A,reference,,2026-09-28T07:59:39.699Z,2026-09-23,20850,011200,HMM,auto,2026-09-29,2,true,"{""p05"":null,""p10"":20168.173160065548,""p25"":null,""p50"":20829.09384305578,""p75"":null,""p90"":21582.18201526155,""p95"":null}",20900,-70.90615694422013,0.33926390882401974,2,true,-0.00100269337861969,0.0023980815347721673,down,up,false,20168.173160065548,21582.18201526155,true,6.781817051299777,1414.0088551960034,0.06781817051299777,"{""up"":0.46685,""flat"":0.0331,""down"":0.50005}",0.535394535,3,크기 허용·방향 틀림,,"{""sourceUrl"":""https://fchart.stock.naver.com/sise.nhn?symbol=011200&timeframe=day&count=30&requestType=0"",""rawHash"":""64b39ef38da65971845a405d7f98305e01a3d7c37d65ccdaebe7308bac0abd43"",""observedAt"":""2026-09-29T09:54:42.000Z"",""finalClose"":true}",4,2026-09-29T09:54:42Z,v1
score-c6bff916afe0c68e,score,2026-09-29,2026-09-29T09:54:42Z,,,"{""forecastId"":""2026-09-23-rolling20-c2697de31ff6788c"",""inputSnapshotSHA256"":""ca4920c6cea0f4ce9d86aa86c43bf9459ba4c269665520f63dc79d82dfe0a539"",""collectionRecordId"":""collection-8641ba4a62ba280e""}",2026-09-23-rolling20-c2697de31ff6788c,atlas-rolling20-A,reference,,2026-09-28T07:59:39.699Z,2026-09-23,253000,051910,LG화학,chem,2026-09-29,2,true,"{""p05"":null,""p10"":238652.04847384704,""p25"":null,""p50"":252893.0648295857,""p75"":null,""p90"":269091.38050380285,""p95"":null}",251000,1893.0648295856954,0.7542090954524683,2,true,-0.00042266865776408036,-0.007905138339920903,down,down,true,238652.04847384704,269091.38050380285,true,12.031356533579372,30439.33202995581,0.12031356533579372,"{""up"":0.4875,""flat"":0.0176,""down"":0.4949}",0.49309201999999996,1,방향·크기 모두 맞음,,"{""sourceUrl"":""https://fchart.stock.naver.com/sise.nhn?symbol=051910&timeframe=day&count=30&requestType=0"",""rawHash"":""2f26421201dc95a1ca0676091edb91aa9973053f829f528e97505e287f7fc83e"",""observedAt"":""2026-09-29T09:54:42.000Z"",""finalClose"":true}",1,2026-09-29T09:54:42Z,v1
score-d5c737b0d0ad240a,score,2026-09-29,2026-09-29T09:54:42Z,score-6ba0face1b917a05,실제 종가 정정(176100 → 176200),"{""forecastId"":""2026-09-23-rolling20-c2697de31ff6788c"",""inputSnapshotSHA256"":""ca4920c6cea0f4ce9d86aa86c43bf9459ba4c269665520f63dc79d82dfe0a539"",""collectionRecordId"":""collection-8641ba4a62ba280e""}",2026-09-23-rolling20-c2697de31ff6788c,atlas-rolling20-A,reference,,2026-09-28T07:59:39.699Z,2026-09-23,174500,033780,KT&G,cons,2026-09-29,2,true,"{""p05"":null,""p10"":170418.8081260464,""p25"":null,""p50"":174673.6995589902,""p75"":null,""p90"":179623.70702645587,""p95"":null}",176200,-1526.3004410098074,0.8662318053404129,2,true,0.0009954129455025384,0.009742120343839478,up,up,true,170418.8081260464,179623.70702645587,true,5.27501369650972,9204.898900409462,0.0527501369650972,"{""up"":0.4999,""flat"":0.04705,""down"":0.45305}",0.457568015,1,방향·크기 모두 맞음,,"{""sourceUrl"":""https://fchart.stock.naver.com/sise.nhn?symbol=033780&timeframe=day&count=30&requestType=0"",""rawHash"":""915a44351ca3e9088989b2d65d609ac4f1ac1aa022e333825c3c3cf17789eeb7"",""observedAt"":""2026-09-29T09:54:42.000Z"",""finalClose"":true}",2,2026-09-29T09:54:42Z,v1
score-78661daf160c0a40,score,2026-09-29,2026-09-29T09:54:42Z,,,"{""forecastId"":""2026-09-23-rolling20-c2697de31ff6788c"",""inputSnapshotSHA256"":""ca4920c6cea0f4ce9d86aa86c43bf9459ba4c269665520f63dc79d82dfe0a539"",""collectionRecordId"":""collection-8641ba4a62ba280e""}",2026-09-23-rolling20-c2697de31ff6788c,atlas-rolling20-A,reference,,2026-09-28T07:59:39.699Z,2026-09-23,251500,196170,알테오젠,bio,2026-09-29,2,true,"{""p05"":null,""p10"":241101.31463339404,""p25"":null,""p50"":253397.65899050247,""p75"":null,""p90"":267517.7492588861,""p95"":null}",254000,-602.3410094975261,0.23714212972343546,2,true,0.007545363779333902,0.00994035785288272,up,up,true,241101.31463339404,267517.7492588861,true,10.5035525349869,26416.434625492053,0.105035525349869,"{""up"":0.5691,""flat"":0.01925,""down"":0.41165}",0.355501095,1,방향·크기 모두 맞음,,"{""sourceUrl"":""https://fchart.stock.naver.com/sise.nhn?symbol=196170&timeframe=day&count=30&requestType=0"",""rawHash"":""07f0db818eaebe987b45fb39fcfe9d112eb8380b5047e4fce7eb5ad183e90e21"",""observedAt"":""2026-09-29T09:54:42.000Z"",""finalClose"":true}",1,2026-09-29T09:54:42Z,v1
score-e09d22f3e5a04113,score,2026-09-29,2026-09-29T09:54:42Z,score-bf0663ff228eee9b,실제 종가 정정(216500 → 216500),"{""forecastId"":""2026-09-23-rolling20-c2697de31ff6788c"",""inputSnapshotSHA256"":""ca4920c6cea0f4ce9d86aa86c43bf9459ba4c269665520f63dc79d82dfe0a539"",""collectionRecordId"":""collection-8641ba4a62ba280e""}",2026-09-23-rolling20-c2697de31ff6788c,atlas-rolling20-A,reference,,2026-09-28T07:59:39.699Z,2026-09-23,221000,018260,삼성에스디에스,semi,2026-09-29,2,true,"{""p05"":null,""p10"":211412.16006049656,""p25"":null,""p50"":220632.76098088833,""p75"":null,""p90"":230476.97432877097,""p95"":null}",216500,4132.760980888328,1.9088965269692046,2,true,-0.0016617150186049034,-0.020361990950226283,down,down,true,211412.16006049656,230476.97432877097,true,8.626612791074391,19064.814268274407,0.08626612791074392,"{""up"":0.4643,""flat"":0.02585,""down"":0.50985}",0.45648973499999995,1,방향·크기 모두 맞음,,"{""sourceUrl"":""https://fchart.stock.naver.com/sise.nhn?symbol=018260&timeframe=day&count=30&requestType=0"",""rawHash"":""084146b66e4cf7845473f84f7b6b304d97ac2098bcdd884eb0f9514be72528a4"",""observedAt"":""2026-09-29T09:54:42.000Z"",""finalClose"":true}",3,2026-09-29T09:54:42Z,v1
score-cbc06a4d895223a9,score,2026-09-29,2026-09-29T09:54:42Z,,,"{""forecastId"":""2026-09-23-rolling20-c2697de31ff6788c"",""inputSnapshotSHA256"":""ca4920c6cea0f4ce9d86aa86c43bf9459ba4c269665520f63dc79d82dfe0a539"",""collectionRecordId"":""collection-8641ba4a62ba280e""}",2026-09-23-rolling20-c2697de31ff6788c,atlas-rolling20-A,reference,,2026-09-28T07:59:39.699Z,2026-09-23,198000,086280,현대글로비스,auto,2026-09-29,2,true,"{""p05"":null,""p10"":189926.71237790486,""p25"":null,""p50"":197599.3564915868,""p75"":null,""p90"":206581.00171401192,""p95"":null}",196800,799.3564915868046,0.40617707905833567,2,true,-0.002023452062692943,-0.0060606060606061,down,down,true,189926.71237790486,206581.00171401192,true,8.411257240458111,16654.28933610706,0.08411257240458112,"{""up"":0.4596,""flat"":0.0277,""down"":0.5127}",0.44946073999999997,1,방향·크기 모두 맞음,,"{""sourceUrl"":""https://fchart.stock.naver.com/sise.nhn?symbol=086280&timeframe=day&count=30&requestType=0"",""rawHash"":""1bde736b85a5a69c79a9625a23e2904b9241a42e50647db0798d9752123a59e4"",""observedAt"":""2026-09-29T09:54:42.000Z"",""finalClose"":true}",1,2026-09-29T09:54:42Z,v1
score-e9a82414acc1373b,score,2026-09-29,2026-09-29T09:54:42Z,score-84d1826c05a49d3b,실제 종가 정정(362000 → 361500),"{""forecastId"":""2026-09-23-rolling20-c2697de31ff6788c"",""inputSnapshotSHA256"":""ca4920c6cea0f4ce9d86aa86c43bf9459ba4c269665520f63dc79d82dfe0a539"",""collectionRecordId"":""collection-8641ba4a62ba280e""}",2026-09-23-rolling20-c2697de31ff6788c,atlas-rolling20-A,reference,,2026-09-28T07:59:39.699Z,2026-09-23,369000,278470,에이피알,cons,2026-09-29,2,true,"{""p05"":null,""p10"":345473.44436371065,""p25"":null,""p50"":368489.83460621105,""p75"":null,""p90"":394644.31750000594,""p95"":null}",361500,6989.83460621105,1.9335642064207608,2,true,-0.0013825620427885266,-0.020325203252032575,down,down,true,345473.44436371065,394644.31750000594,true,13.32543987433477,49170.8731362953,0.13325439874334769,"{""up"":0.4806,""flat"":0.01545,""down"":0.50395}",0.477280665,1,방향·크기 모두 맞음,,"{""sourceUrl"":""https://fchart.stock.naver.com/sise.nhn?symbol=278470&timeframe=day&count=30&requestType=0"",""rawHash"":""cc78946c6512d5a1fbe2432df9b694cdd6b200d047f4a70ac9ebcbd81c9ac606"",""observedAt"":""2026-09-29T09:54:42.000Z"",""finalClose"":true}",3,2026-09-29T09:54:42Z,v1
score-d879198ffa2b8e76,score,2026-09-29,2026-09-29T09:54:42Z,,,"{""forecastId"":""2026-09-23-rolling20-c2697de31ff6788c"",""inputSnapshotSHA256"":""ca4920c6cea0f4ce9d86aa86c43bf9459ba4c269665520f63dc79d82dfe0a539"",""collectionRecordId"":""collection-8641ba4a62ba280e""}",2026-09-23-rolling20-c2697de31ff6788c,atlas-rolling20-A,reference,,2026-09-28T07:59:39.699Z,2026-09-23,31500,003490,대한항공,auto,2026-09-29,2,true,"{""p05"":null,""p10"":30008.275912795216,""p25"":null,""p50"":31290.31472304753,""p75"":null,""p90"":32769.68089679792,""p95"":null}",31400,-109.6852769524703,0.34931616863844045,2,true,-0.0066566754588085475,-0.0031746031746031633,down,down,true,30008.275912795216,32769.68089679792,true,8.766365028580022,2761.4049840027074,0.08766365028580023,"{""up"":0.399,""flat"":0.0236,""down"":0.5774}",0.33834872,1,방향·크기 모두 맞음,,"{""sourceUrl"":""https://fchart.stock.naver.com/sise.nhn?symbol=003490&timeframe=day&count=30&requestType=0"",""rawHash"":""850b7c3f1226bb6cedcd856acc64af197fb4a6091ec3d99eb6f09978a85c49cc"",""observedAt"":""2026-09-29T09:54:42.000Z"",""finalClose"":true}",1,2026-09-29T09:54:42Z,v1
score-8bb8809f1bb10549,score,2026-09-29,2026-09-29T09:54:42Z,score-0be629263ae3eade,실제 종가 정정(1221000 → 1221000),"{""forecastId"":""2026-09-23-rolling20-c2697de31ff6788c"",""inputSnapshotSHA256"":""ca4920c6cea0f4ce9d86aa86c43bf9459ba4c269665520f63dc79d82dfe0a539"",""collectionRecordId"":""collection-8641ba4a62ba280e""}",2026-09-23-rolling20-c2697de31ff6788c,atlas-rolling20-A,reference,,2026-09-28T07:59:39.699Z,2026-09-23,1218000,003230,삼양식품,cons,2026-09-29,2,true,"{""p05"":null,""p10"":1157058.317917901,""p25"":null,""p50"":1212027.6845072347,""p75"":null,""p90"":1288411.3641076083,""p95"":null}",1221000,-8972.31549276528,0.7348333736908501,2,true,-0.0049033788938959155,0.0024630541871921707,down,up,false,1157058.317917901,1288411.3641076083,true,10.784322347266604,131353.04618970724,0.10784322347266605,"{""up"":0.4417,""flat"":0.01855,""down"":0.53975}",0.6033730549999999,3,크기 허용·방향 틀림,,"{""sourceUrl"":""https://fchart.stock.naver.com/sise.nhn?symbol=003230&timeframe=day&count=30&requestType=0"",""rawHash"":""f6e5c991485eda95288ee8aa0f8bc37c4b404ed69a4b61bca840b5b371c4d4e7"",""observedAt"":""2026-09-29T09:54:42.000Z"",""finalClose"":true}",4,2026-09-29T09:54:42Z,v1
score-0428bb60e59684be,score,2026-09-29,2026-09-29T09:54:42Z,score-a9be1212ebb9322b,실제 종가 정정(198000 → 197700),"{""forecastId"":""2026-09-23-rolling20-c2697de31ff6788c"",""inputSnapshotSHA256"":""ca4920c6cea0f4ce9d86aa86c43bf9459ba4c269665520f63dc79d82dfe0a539"",""collectionRecordId"":""collection-8641ba4a62ba280e""}",2026-09-23-rolling20-c2697de31ff6788c,atlas-rolling20-A,reference,,2026-09-28T07:59:39.699Z,2026-09-23,198500,259960,크래프톤,net,2026-09-29,2,true,"{""p05"":null,""p10"":191667.05694482097,""p25"":null,""p50"":198653.56381707353,""p75"":null,""p90"":205676.12550108632,""p95"":null}",197700,953.5638170735328,0.4823286884539873,2,true,0.0007736212447029267,-0.004030226700251882,up,down,false,191667.05694482097,205676.12550108632,true,7.057465267639976,14009.068556265353,0.07057465267639976,"{""up"":0.4963,""flat"":0.0323,""down"":0.4714}",0.52677494,3,크기 허용·방향 틀림,,"{""sourceUrl"":""https://fchart.stock.naver.com/sise.nhn?symbol=259960&timeframe=day&count=30&requestType=0"",""rawHash"":""21eae88cbc740527c02054cc5c8fea905dd96ab6b7610b703d1f3f29277ea032"",""observedAt"":""2026-09-29T09:54:42.000Z"",""finalClose"":true}",3,2026-09-29T09:54:42Z,v1
score-6159234be1824be2,score,2026-09-29,2026-09-29T09:54:42Z,,,"{""forecastId"":""2026-09-23-rolling20-c2697de31ff6788c"",""inputSnapshotSHA256"":""ca4920c6cea0f4ce9d86aa86c43bf9459ba4c269665520f63dc79d82dfe0a539"",""collectionRecordId"":""collection-8641ba4a62ba280e""}",2026-09-23-rolling20-c2697de31ff6788c,atlas-rolling20-A,reference,,2026-09-28T07:59:39.699Z,2026-09-23,157700,352820,하이브,net,2026-09-29,2,true,"{""p05"":null,""p10"":151282.67347447196,""p25"":null,""p50"":157599.9922632696,""p75"":null,""p90"":164820.81598853023,""p95"":null}",158900,-1300.0077367303893,0.8181294756012518,2,true,-0.0006341644688040438,0.007609384908053185,down,up,false,151282.67347447196,164820.81598853023,true,8.584744777462443,13538.142514058272,0.08584744777462443,"{""up"":0.4798,""flat"":0.02395,""down"":0.49625}",0.517445705,3,크기 허용·방향 틀림,,"{""sourceUrl"":""https://fchart.stock.naver.com/sise.nhn?symbol=352820&timeframe=day&count=30&requestType=0"",""rawHash"":""b3d0d4e4e0594a4f4e956c503406829ffa3dd528aa3a2cc292b43e9089288ca9"",""observedAt"":""2026-09-29T09:54:42.000Z"",""finalClose"":true}",1,2026-09-29T09:54:42Z,v1
score-64998503137948c7,score,2026-09-29,2026-09-29T09:54:42Z,score-a07022c783af3c87,실제 종가 정정(42500 → 42500),"{""forecastId"":""2026-09-23-rolling20-c2697de31ff6788c"",""inputSnapshotSHA256"":""ca4920c6cea0f4ce9d86aa86c43bf9459ba4c269665520f63dc79d82dfe0a539"",""collectionRecordId"":""collection-8641ba4a62ba280e""}",2026-09-23-rolling20-c2697de31ff6788c,atlas-rolling20-A,reference,,2026-09-28T07:59:39.699Z,2026-09-23,42750,029780,삼성카드,fin,2026-09-29,2,true,"{""p05"":null,""p10"":41654.825972356106,""p25"":null,""p50"":42753.758387988004,""p75"":null,""p90"":43796.4537008272,""p95"":null}",42500,253.75838798800396,0.5970785599717741,2,true,0.00008791550849140961,-0.005847953216374324,up,down,false,41654.825972356106,43796.4537008272,true,5.009655505195546,2141.627728471096,0.05009655505195546,"{""up"":0.481,""flat"":0.04425,""down"":0.47475}",0.509206625,3,크기 허용·방향 틀림,,"{""sourceUrl"":""https://fchart.stock.naver.com/sise.nhn?symbol=029780&timeframe=day&count=30&requestType=0"",""rawHash"":""71029223e05806b73326037f5a100a296344789ad3b1a35ffe9170b5883b2282"",""observedAt"":""2026-09-29T09:54:42.000Z"",""finalClose"":true}",3,2026-09-29T09:54:42Z,v1
score-304b6b07f6962dff,score,2026-09-29,2026-09-29T09:54:42Z,score-5f382b1cb2b50abe,실제 종가 정정(338000 → 338000),"{""forecastId"":""2026-09-23-rolling20-c2697de31ff6788c"",""inputSnapshotSHA256"":""ca4920c6cea0f4ce9d86aa86c43bf9459ba4c269665520f63dc79d82dfe0a539"",""collectionRecordId"":""collection-8641ba4a62ba280e""}",2026-09-23-rolling20-c2697de31ff6788c,atlas-rolling20-A,reference,,2026-09-28T07:59:39.699Z,2026-09-23,349000,004170,신세계,cons,2026-09-29,2,true,"{""p05"":null,""p10"":330415.3093289893,""p25"":null,""p50"":348997.9143468069,""p75"":null,""p90"":371146.77736626094,""p95"":null}",338000,10997.91434680688,3.2538208126647574,2,false,-0.0000059760836479405555,-0.03151862464183386,up,down,false,330415.3093289893,371146.77736626094,true,11.670907747069238,40731.46803727164,0.11670907747069238,"{""up"":0.49055,""flat"":0.01945,""down"":0.49}",0.501117605,4,방향·크기 모두 틀림,,"{""sourceUrl"":""https://fchart.stock.naver.com/sise.nhn?symbol=004170&timeframe=day&count=30&requestType=0"",""rawHash"":""630e04c3fe794f1a3e8a3da5fcd137976bdedcbb6fee42c25143a9719f9d0b28"",""observedAt"":""2026-09-29T09:54:42.000Z"",""finalClose"":true}",4,2026-09-29T09:54:42Z,v1
score-59b912453ff52dbb,score,2026-09-29,2026-09-29T09:54:42Z,score-6a7d2a0ca903b226,실제 종가 정정(82700 → 82700),"{""forecastId"":""2026-09-23-rolling20-c2697de31ff6788c"",""inputSnapshotSHA256"":""ca4920c6cea0f4ce9d86aa86c43bf9459ba4c269665520f63dc79d82dfe0a539"",""collectionRecordId"":""collection-8641ba4a62ba280e""}",2026-09-23-rolling20-c2697de31ff6788c,atlas-rolling20-A,reference,,2026-09-28T07:59:39.699Z,2026-09-23,82400,012750,에스원,util,2026-09-29,2,true,"{""p05"":null,""p10"":79447.23743358206,""p25"":null,""p50"":82430.94018453558,""p75"":null,""p90"":85457.09073510446,""p95"":null}",82700,-269.0598154644249,0.32534439596665643,2,true,0.00037548767640260827,0.00364077669902918,up,up,true,79447.23743358206,85457.09073510446,true,7.293511288255333,6009.853301522395,0.07293511288255333,"{""up"":0.4916,""flat"":0.0312,""down"":0.4772}",0.48716383999999996,1,방향·크기 모두 맞음,,"{""sourceUrl"":""https://fchart.stock.naver.com/sise.nhn?symbol=012750&timeframe=day&count=30&requestType=0"",""rawHash"":""ab72377e86a39d9a5d5564bfd341d2553c3198c8e062c27caf48f1a45fca578c"",""observedAt"":""2026-09-29T09:54:42.000Z"",""finalClose"":true}",3,2026-09-29T09:54:42Z,v1
score-3710c6990ff6e90f,score,2026-09-29,2026-09-29T09:54:42Z,score-444e78de93ec731c,실제 종가 정정(71000 → 70400),"{""forecastId"":""2026-09-23-rolling20-c2697de31ff6788c"",""inputSnapshotSHA256"":""ca4920c6cea0f4ce9d86aa86c43bf9459ba4c269665520f63dc79d82dfe0a539"",""collectionRecordId"":""collection-8641ba4a62ba280e""}",2026-09-23-rolling20-c2697de31ff6788c,atlas-rolling20-A,reference,,2026-09-28T07:59:39.699Z,2026-09-23,69700,111770,영원무역,cons,2026-09-29,2,true,"{""p05"":null,""p10"":67478.0858959161,""p25"":null,""p50"":69995.71897384725,""p75"":null,""p90"":72572.18278098342,""p95"":null}",70400,-404.2810261527484,0.5742628212396994,2,true,0.004242739940419682,0.010043041606886627,up,up,true,67478.0858959161,72572.18278098342,true,7.308603852320407,5094.0968850673235,0.07308603852320407,"{""up"":0.5487,""flat"":0.031,""down"":0.4203}",0.38128478000000005,1,방향·크기 모두 맞음,,"{""sourceUrl"":""https://fchart.stock.naver.com/sise.nhn?symbol=111770&timeframe=day&count=30&requestType=0"",""rawHash"":""e7545afcef94575568dcb22656051f8b079705b364e9c6591dd2567ef97cf52d"",""observedAt"":""2026-09-29T09:54:42.000Z"",""finalClose"":true}",4,2026-09-29T09:54:42Z,v1
score-c18a858a6a0d8b3c,score,2026-09-29,2026-09-29T09:54:42Z,score-b19d10017f1b5285,실제 종가 정정(14370 → 14360),"{""forecastId"":""2026-09-23-rolling20-c2697de31ff6788c"",""inputSnapshotSHA256"":""ca4920c6cea0f4ce9d86aa86c43bf9459ba4c269665520f63dc79d82dfe0a539"",""collectionRecordId"":""collection-8641ba4a62ba280e""}",2026-09-23-rolling20-c2697de31ff6788c,atlas-rolling20-A,reference,,2026-09-28T07:59:39.699Z,2026-09-23,14380,035250,강원랜드,cons,2026-09-29,2,true,"{""p05"":null,""p10"":14081.3513228799,""p25"":null,""p50"":14370.313324179348,""p75"":null,""p90"":14674.762415637826,""p95"":null}",14360,10.313324179347546,0.07181980626286592,2,true,-0.0006736214061650037,-0.0013908205841446364,down,down,true,14081.3513228799,14674.762415637826,true,4.126641813337454,593.4110927579259,0.04126641813337454,"{""up"":0.45325,""flat"":0.0563,""down"":0.49045}",0.46824645499999995,1,방향·크기 모두 맞음,,"{""sourceUrl"":""https://fchart.stock.naver.com/sise.nhn?symbol=035250&timeframe=day&count=30&requestType=0"",""rawHash"":""f12ed9e0f95ad94d4ec60c9b90774b336a2bf186fc91a2ac38ae7319489c81a3"",""observedAt"":""2026-09-29T09:54:42.000Z"",""finalClose"":true}",3,2026-09-29T09:54:42Z,v1
score-c66611736eb5713f,score,2026-09-29,2026-09-29T09:54:42Z,,,"{""forecastId"":""2026-09-23-rolling20-c2697de31ff6788c"",""inputSnapshotSHA256"":""ca4920c6cea0f4ce9d86aa86c43bf9459ba4c269665520f63dc79d82dfe0a539"",""collectionRecordId"":""collection-8641ba4a62ba280e""}",2026-09-23-rolling20-c2697de31ff6788c,atlas-rolling20-A,reference,,2026-09-28T07:59:39.699Z,2026-09-23,40050,214370,케어젠,bio,2026-09-29,2,true,"{""p05"":null,""p10"":37234.48732294896,""p25"":null,""p50"":39920.919912569036,""p75"":null,""p90"":43234.94455082917,""p95"":null}",41450,-1529.0800874309643,3.688974879206187,2,false,-0.003222973468937962,0.03495630461922605,down,up,false,37234.48732294896,43234.94455082917,true,14.98241505088691,6000.457227880208,0.1498241505088691,"{""up"":0.4671,""flat"":0.0147,""down"":0.5182}",0.55272974,4,방향·크기 모두 틀림,,"{""sourceUrl"":""https://fchart.stock.naver.com/sise.nhn?symbol=214370&timeframe=day&count=30&requestType=0"",""rawHash"":""0e29222eae00393ae53c49409b8103ef3e3eb44eb72d8c2934cd91dcb9ae2471"",""observedAt"":""2026-09-29T09:54:42.000Z"",""finalClose"":true}",1,2026-09-29T09:54:42Z,v1
score-b4d33de3d1cf9a4e,score,2026-09-29,2026-09-29T09:54:42Z,score-117ede5f297f21d9,실제 종가 정정(17830 → 17830),"{""forecastId"":""2026-09-23-rolling20-c2697de31ff6788c"",""inputSnapshotSHA256"":""ca4920c6cea0f4ce9d86aa86c43bf9459ba4c269665520f63dc79d82dfe0a539"",""collectionRecordId"":""collection-8641ba4a62ba280e""}",2026-09-23-rolling20-c2697de31ff6788c,atlas-rolling20-A,reference,,2026-09-28T07:59:39.699Z,2026-09-23,17740,030000,제일기획,net,2026-09-29,2,true,"{""p05"":null,""p10"":17301.167066324793,""p25"":null,""p50"":17759.543044481696,""p75"":null,""p90"":18204.925428655148,""p95"":null}",17830,-70.45695551830431,0.3951595934846007,2,true,0.0011016372312118161,0.005073280721533235,up,up,true,17301.167066324793,18204.925428655148,true,5.0944665294833955,903.7583623303544,0.050944665294833956,"{""up"":0.5028,""flat"":0.0445,""down"":0.4527}",0.45412537999999997,1,방향·크기 모두 맞음,,"{""sourceUrl"":""https://fchart.stock.naver.com/sise.nhn?symbol=030000&timeframe=day&count=30&requestType=0"",""rawHash"":""d248e80e6a57a788b82072de9595c29b189f40d56d7d6bc4c63323072aaa68c9"",""observedAt"":""2026-09-29T09:54:42.000Z"",""finalClose"":true}",3,2026-09-29T09:54:42Z,v1
score-5861e496051a2e48,score,2026-09-29,2026-09-29T09:54:42Z,score-d09702f342d01fb5,실제 종가 정정(353000 → 353000),"{""forecastId"":""2026-09-28-rolling20-13cd892134e517b4"",""inputSnapshotSHA256"":""ca4920c6cea0f4ce9d86aa86c43bf9459ba4c269665520f63dc79d82dfe0a539"",""collectionRecordId"":""collection-8641ba4a62ba280e""}",2026-09-28-rolling20-13cd892134e517b4,atlas-rolling20-A,live,,2026-09-28T09:39:48.714Z,2026-09-28,364000,373220,LG에너지솔루션,chem,2026-09-29,1,true,"{""p05"":null,""p10"":350561.15791234677,""p25"":null,""p50"":363889.58422618534,""p75"":null,""p90"":378195.2210586166,""p95"":null}",353000,10889.58422618534,3.0848680527437224,1.5,false,-0.0003033400379524043,-0.030219780219780223,down,down,true,350561.15791234677,378195.2210586166,true,7.591775589634567,27634.063146269822,0.07591775589634567,"{""up"":0.47695,""flat"":0.0288,""down"":0.49425}",0.4840938049999999,2,방향 맞고 크기 틀림,,"{""sourceUrl"":""https://fchart.stock.naver.com/sise.nhn?symbol=373220&timeframe=day&count=30&requestType=0"",""rawHash"":""84772404f65ddeafb12df6f28b616cd8d42213c44e6f343ec9d02abaa24bc038"",""observedAt"":""2026-09-29T09:54:42.000Z"",""finalClose"":true}",2,2026-09-29T09:54:42Z,v1
score-fc3293b4a58f64eb,score,2026-09-29,2026-09-29T09:54:42Z,score-f3104cc795307d68,실제 종가 정정(1382000 → 1380000),"{""forecastId"":""2026-09-28-rolling20-13cd892134e517b4"",""inputSnapshotSHA256"":""ca4920c6cea0f4ce9d86aa86c43bf9459ba4c269665520f63dc79d82dfe0a539"",""collectionRecordId"":""collection-8641ba4a62ba280e""}",2026-09-28-rolling20-13cd892134e517b4,atlas-rolling20-A,live,,2026-09-28T09:39:48.714Z,2026-09-28,1400000,207940,삼성바이오로직스,bio,2026-09-29,1,true,"{""p05"":null,""p10"":1368563.7863792372,""p25"":null,""p50"":1399983.3959986803,""p75"":null,""p90"":1433814.1689408997,""p95"":null}",1380000,19983.395998680266,1.4480721738174105,1.5,true,-0.000011860000942665039,-0.014285714285714235,down,down,true,1368563.7863792372,1433814.1689408997,true,4.660741611547319,65250.38256166247,0.04660741611547319,"{""up"":0.46155,""flat"":0.0718,""down"":0.46665}",0.502645865,1,방향·크기 모두 맞음,,"{""sourceUrl"":""https://fchart.stock.naver.com/sise.nhn?symbol=207940&timeframe=day&count=30&requestType=0"",""rawHash"":""b091fe12ae39ecac278b2656ff0bee82d93780a9d6cc0e03556b1c7ba5dcf8c5"",""observedAt"":""2026-09-29T09:54:42.000Z"",""finalClose"":true}",2,2026-09-29T09:54:42Z,v1
score-2773dc2f2422cbee,score,2026-09-29,2026-09-29T09:54:42Z,score-6733956309f6e87b,실제 종가 정정(173000 → 172700),"{""forecastId"":""2026-09-28-rolling20-13cd892134e517b4"",""inputSnapshotSHA256"":""ca4920c6cea0f4ce9d86aa86c43bf9459ba4c269665520f63dc79d82dfe0a539"",""collectionRecordId"":""collection-8641ba4a62ba280e""}",2026-09-28-rolling20-13cd892134e517b4,atlas-rolling20-A,live,,2026-09-28T09:39:48.714Z,2026-09-28,174200,105560,KB금융,fin,2026-09-29,1,true,"{""p05"":null,""p10"":170653.93347739067,""p25"":null,""p50"":174487.55869753243,""p75"":null,""p90"":178865.03949070975,""p95"":null}",172700,1787.5586975324259,1.0350658352822384,1.5,true,0.0016507387918049954,-0.008610792192881744,up,down,false,170653.93347739067,178865.03949070975,true,4.7136085036274835,8211.106013319077,0.04713608503627484,"{""up"":0.5161,""flat"":0.05875,""down"":0.42515}",0.6002632950000002,3,크기 허용·방향 틀림,,"{""sourceUrl"":""https://fchart.stock.naver.com/sise.nhn?symbol=105560&timeframe=day&count=30&requestType=0"",""rawHash"":""530a970c5bc042548272ede4d54e7e15906abd0c90400626a2bc432e2e11e23f"",""observedAt"":""2026-09-29T09:54:42.000Z"",""finalClose"":true}",2,2026-09-29T09:54:42Z,v1
score-e4fdb315e5f9fcb3,score,2026-09-29,2026-09-29T09:54:42Z,score-b90971f3872a354b,실제 종가 정정(346500 → 346000),"{""forecastId"":""2026-09-28-rolling20-13cd892134e517b4"",""inputSnapshotSHA256"":""ca4920c6cea0f4ce9d86aa86c43bf9459ba4c269665520f63dc79d82dfe0a539"",""collectionRecordId"":""collection-8641ba4a62ba280e""}",2026-09-28-rolling20-13cd892134e517b4,atlas-rolling20-A,live,,2026-09-28T09:39:48.714Z,2026-09-28,345500,028260,삼성물산,util,2026-09-29,1,true,"{""p05"":null,""p10"":332785.1201425453,""p25"":null,""p50"":344958.0702034151,""p75"":null,""p90"":357982.26434519724,""p95"":null}",346000,-1041.9297965848818,0.30113577935979247,1.5,true,-0.0015685377614612639,0.0014471780028944004,down,up,false,332785.1201425453,357982.26434519724,true,7.292950565166982,25197.14420265192,0.07292950565166982,"{""up"":0.4504,""flat"":0.0365,""down"":0.5131}",0.5666640199999999,3,크기 허용·방향 틀림,,"{""sourceUrl"":""https://fchart.stock.naver.com/sise.nhn?symbol=028260&timeframe=day&count=30&requestType=0"",""rawHash"":""df85758e87034557496ece32b1e83ca7f886d4f2b234e6fe862044a97c29fe1e"",""observedAt"":""2026-09-29T09:54:42.000Z"",""finalClose"":true}",2,2026-09-29T09:54:42Z,v1
score-5e558b7574452acb,score,2026-09-29,2026-09-29T09:54:42Z,score-6c694d9bd2065311,실제 종가 정정(290500 → 290000),"{""forecastId"":""2026-09-28-rolling20-13cd892134e517b4"",""inputSnapshotSHA256"":""ca4920c6cea0f4ce9d86aa86c43bf9459ba4c269665520f63dc79d82dfe0a539"",""collectionRecordId"":""collection-8641ba4a62ba280e""}",2026-09-28-rolling20-13cd892134e517b4,atlas-rolling20-A,live,,2026-09-28T09:39:48.714Z,2026-09-28,296000,032830,삼성생명보험,fin,2026-09-29,1,true,"{""p05"":null,""p10"":287409.0377263782,""p25"":null,""p50"":295753.2895100759,""p75"":null,""p90"":305297.5313173459,""p95"":null}",290000,5753.289510075876,1.9838929345089227,1.5,false,-0.0008334813848788203,-0.020270270270270285,down,down,true,287409.0377263782,305297.5313173459,true,6.043409996948557,17888.49359096773,0.06043409996948557,"{""up"":0.4651,""flat"":0.0381,""down"":0.4968}",0.47097986,2,방향 맞고 크기 틀림,,"{""sourceUrl"":""https://fchart.stock.naver.com/sise.nhn?symbol=032830&timeframe=day&count=30&requestType=0"",""rawHash"":""16e5acae5528c504ef28d765ae42bcf87dbb2e61e60cb2a836b0af172b649b5d"",""observedAt"":""2026-09-29T09:54:42.000Z"",""finalClose"":true}",4,2026-09-29T09:54:42Z,v1
score-e93a897a3b1cde25,score,2026-09-29,2026-09-29T09:54:42Z,,,"{""forecastId"":""2026-09-28-rolling20-13cd892134e517b4"",""inputSnapshotSHA256"":""ca4920c6cea0f4ce9d86aa86c43bf9459ba4c269665520f63dc79d82dfe0a539"",""collectionRecordId"":""collection-8641ba4a62ba280e""}",2026-09-28-rolling20-13cd892134e517b4,atlas-rolling20-A,live,,2026-09-28T09:39:48.714Z,2026-09-28,1034000,012450,한화에어로스페이스,heavy,2026-09-29,1,true,"{""p05"":null,""p10"":984630.5575461051,""p25"":null,""p50"":1031456.2339009612,""p75"":null,""p90"":1086095.0155636712,""p95"":null}",1014000,17456.233900961233,1.7215220809626464,1.5,false,-0.002460121952648664,-0.01934235976789167,down,down,true,984630.5575461051,1086095.0155636712,true,9.812810253149529,101464.45801756612,0.09812810253149529,"{""up"":0.4477,""flat"":0.0185,""down"":0.5338}",0.41811997999999995,2,방향 맞고 크기 틀림,,"{""sourceUrl"":""https://fchart.stock.naver.com/sise.nhn?symbol=012450&timeframe=day&count=30&requestType=0"",""rawHash"":""504c8de8180f178dcdac5f572dbc0d0db953285c9debaad1ade5bb778c2659bb"",""observedAt"":""2026-09-29T09:54:42.000Z"",""finalClose"":true}",1,2026-09-29T09:54:42Z,v1
score-2dd22a02368bdc06,score,2026-09-29,2026-09-29T09:54:42Z,score-6280de1fb6a66fba,실제 종가 정정(583000 → 583000),"{""forecastId"":""2026-09-28-rolling20-13cd892134e517b4"",""inputSnapshotSHA256"":""ca4920c6cea0f4ce9d86aa86c43bf9459ba4c269665520f63dc79d82dfe0a539"",""collectionRecordId"":""collection-8641ba4a62ba280e""}",2026-09-28-rolling20-13cd892134e517b4,atlas-rolling20-A,live,,2026-09-28T09:39:48.714Z,2026-09-28,578000,034730,SK,util,2026-09-29,1,true,"{""p05"":null,""p10"":550635.5661565217,""p25"":null,""p50"":576872.1475233042,""p75"":null,""p90"":604443.705473313,""p95"":null}",583000,-6127.852476695785,1.051089618644217,1.5,true,-0.0019513018627954626,0.00865051903114189,down,up,false,550635.5661565217,604443.705473313,true,9.309366663804726,53808.13931679132,0.09309366663804726,"{""up"":0.4624,""flat"":0.0276,""down"":0.51}",0.5498755200000001,3,크기 허용·방향 틀림,,"{""sourceUrl"":""https://fchart.stock.naver.com/sise.nhn?symbol=034730&timeframe=day&count=30&requestType=0"",""rawHash"":""34552bd190ce450bfa089bb2646937ad43b1902c441ee473b020112dba7767d9"",""observedAt"":""2026-09-29T09:54:42.000Z"",""finalClose"":true}",3,2026-09-29T09:54:42Z,v1
score-02028a228837ec81,score,2026-09-29,2026-09-29T09:54:42Z,score-682c77948680b2cb,실제 종가 정정(367000 → 366500),"{""forecastId"":""2026-09-28-rolling20-13cd892134e517b4"",""inputSnapshotSHA256"":""ca4920c6cea0f4ce9d86aa86c43bf9459ba4c269665520f63dc79d82dfe0a539"",""collectionRecordId"":""collection-8641ba4a62ba280e""}",2026-09-28-rolling20-13cd892134e517b4,atlas-rolling20-A,live,,2026-09-28T09:39:48.714Z,2026-09-28,373000,012330,현대모비스,auto,2026-09-29,1,true,"{""p05"":null,""p10"":362126.5333312346,""p25"":null,""p50"":372406.850475414,""p75"":null,""p90"":385452.5519261805,""p95"":null}",366500,5906.850475414016,1.6116918077528009,1.5,false,-0.001590213202643409,-0.017426273458445052,down,down,true,362126.5333312346,385452.5519261805,true,6.253624288189248,23326.018594945897,0.06253624288189248,"{""up"":0.43185,""flat"":0.03915,""down"":0.529}",0.409868145,2,방향 맞고 크기 틀림,,"{""sourceUrl"":""https://fchart.stock.naver.com/sise.nhn?symbol=012330&timeframe=day&count=30&requestType=0"",""rawHash"":""2bb6926ae7703c9c4e3929e4e9818e13aefbbc5fc58e7f1d9d1280778e9d4ced"",""observedAt"":""2026-09-29T09:54:42.000Z"",""finalClose"":true}",2,2026-09-29T09:54:42Z,v1
score-b920504c20600e71,score,2026-09-29,2026-09-29T09:54:42Z,,,"{""forecastId"":""2026-09-28-rolling20-13cd892134e517b4"",""inputSnapshotSHA256"":""ca4920c6cea0f4ce9d86aa86c43bf9459ba4c269665520f63dc79d82dfe0a539"",""collectionRecordId"":""collection-8641ba4a62ba280e""}",2026-09-28-rolling20-13cd892134e517b4,atlas-rolling20-A,live,,2026-09-28T09:39:48.714Z,2026-09-28,214500,066570,LG전자,semi,2026-09-29,1,true,"{""p05"":null,""p10"":207029.15227986226,""p25"":null,""p50"":214085.87852900955,""p75"":null,""p90"":222304.66202608088,""p95"":null}",214500,-414.12147099044523,0.1930636228393684,1.5,true,-0.001930636228393734,0,down,flat,false,207029.15227986226,222304.66202608088,true,7.121449765136887,15275.509746218624,0.07121449765136888,"{""up"":0.4618,""flat"":0.0358,""down"":0.5024}",1.3953466399999999,3,크기 허용·방향 틀림,,"{""sourceUrl"":""https://fchart.stock.naver.com/sise.nhn?symbol=066570&timeframe=day&count=30&requestType=0"",""rawHash"":""0c62841f7bc5e517086346f672ce6f9515003f223dec286708d0f736b47f4958"",""observedAt"":""2026-09-29T09:54:42.000Z"",""finalClose"":true}",1,2026-09-29T09:54:42Z,v1
score-e8ead34d688266b2,score,2026-09-29,2026-09-29T09:54:42Z,score-53ed625b4a456383,실제 종가 정정(206000 → 205000),"{""forecastId"":""2026-09-28-rolling20-13cd892134e517b4"",""inputSnapshotSHA256"":""ca4920c6cea0f4ce9d86aa86c43bf9459ba4c269665520f63dc79d82dfe0a539"",""collectionRecordId"":""collection-8641ba4a62ba280e""}",2026-09-28-rolling20-13cd892134e517b4,atlas-rolling20-A,live,,2026-09-28T09:39:48.714Z,2026-09-28,204500,010120,LS ELECTRIC,heavy,2026-09-29,1,true,"{""p05"":null,""p10"":195550.49770063313,""p25"":null,""p50"":203814.5144623374,""p75"":null,""p90"":215234.86034770997,""p95"":null}",205000,-1185.4855376626074,0.5782856281281011,1.5,true,-0.0033520075191325605,0.0024449877750611915,down,up,false,195550.49770063313,215234.86034770997,true,9.62560520639454,19684.362647076836,0.09625605206394541,"{""up"":0.4381,""flat"":0.03555,""down"":0.52635}",0.5940397350000001,3,크기 허용·방향 틀림,,"{""sourceUrl"":""https://fchart.stock.naver.com/sise.nhn?symbol=010120&timeframe=day&count=30&requestType=0"",""rawHash"":""783a086a687e12c5e2beda6a76950f5ff25561a0370d0a46a6e773bb1336b832"",""observedAt"":""2026-09-29T09:54:42.000Z"",""finalClose"":true}",2,2026-09-29T09:54:42Z,v1
score-3558d1ed21672b36,score,2026-09-29,2026-09-29T09:54:42Z,score-bcdb1db65fa9d085,실제 종가 정정(651000 → 651000),"{""forecastId"":""2026-09-28-rolling20-13cd892134e517b4"",""inputSnapshotSHA256"":""ca4920c6cea0f4ce9d86aa86c43bf9459ba4c269665520f63dc79d82dfe0a539"",""collectionRecordId"":""collection-8641ba4a62ba280e""}",2026-09-28-rolling20-13cd892134e517b4,atlas-rolling20-A,live,,2026-09-28T09:39:48.714Z,2026-09-28,661000,000810,삼성화재,fin,2026-09-29,1,true,"{""p05"":null,""p10"":643276.2325376064,""p25"":null,""p50"":659816.9294697228,""p75"":null,""p90"":678637.1886861576,""p95"":null}",651000,8816.929469722789,1.354367046040367,1.5,true,-0.0017898192591183637,-0.015128593040847238,down,down,true,643276.2325376064,678637.1886861576,true,5.349615151066747,35360.956148551195,0.053496151510667465,"{""up"":0.43965,""flat"":0.0426,""down"":0.51775}",0.42767194499999994,1,방향·크기 모두 맞음,,"{""sourceUrl"":""https://fchart.stock.naver.com/sise.nhn?symbol=000810&timeframe=day&count=30&requestType=0"",""rawHash"":""f1f0dabb00ad815042ab39d641ef3789e822363b48874dad9e828269ea758f7a"",""observedAt"":""2026-09-29T09:54:42.000Z"",""finalClose"":true}",3,2026-09-29T09:54:42Z,v1
score-4c2be0327ae79881,score,2026-09-29,2026-09-29T09:54:42Z,,,"{""forecastId"":""2026-09-28-rolling20-13cd892134e517b4"",""inputSnapshotSHA256"":""ca4920c6cea0f4ce9d86aa86c43bf9459ba4c269665520f63dc79d82dfe0a539"",""collectionRecordId"":""collection-8641ba4a62ba280e""}",2026-09-28-rolling20-13cd892134e517b4,atlas-rolling20-A,live,,2026-09-28T09:39:48.714Z,2026-09-28,316500,005490,POSCO홀딩스,chem,2026-09-29,1,true,"{""p05"":null,""p10"":308486.3518087661,""p25"":null,""p50"":316019.6069491387,""p75"":null,""p90"":326584.40632761177,""p95"":null}",305500,10519.606949138688,3.443406529996297,1.5,false,-0.0015178295445854584,-0.034755134281200584,down,down,true,308486.3518087661,326584.40632761177,false,5.718184682099744,47961.57260650647,0.15153735420697145,"{""up"":0.4601,""flat"":0.0192,""down"":0.5207}",0.44178913999999997,2,방향 맞고 크기 틀림,,"{""sourceUrl"":""https://fchart.stock.naver.com/sise.nhn?symbol=005490&timeframe=day&count=30&requestType=0"",""rawHash"":""9d2c72fcd53431ed45370db331450fdfbd9ee2101b6b833f0f397d10f0990c25"",""observedAt"":""2026-09-29T09:54:42.000Z"",""finalClose"":true}",1,2026-09-29T09:54:42Z,v1
score-ce6042f6a1b19824,score,2026-09-29,2026-09-29T09:54:42Z,score-dd232a55fa167c2a,실제 종가 정정(1070000 → 1070000),"{""forecastId"":""2026-09-28-rolling20-13cd892134e517b4"",""inputSnapshotSHA256"":""ca4920c6cea0f4ce9d86aa86c43bf9459ba4c269665520f63dc79d82dfe0a539"",""collectionRecordId"":""collection-8641ba4a62ba280e""}",2026-09-28-rolling20-13cd892134e517b4,atlas-rolling20-A,live,,2026-09-28T09:39:48.714Z,2026-09-28,1102000,010130,고려아연,chem,2026-09-29,1,true,"{""p05"":null,""p10"":1059658.2537400885,""p25"":null,""p50"":1098971.5410571957,""p75"":null,""p90"":1154342.2595145754,""p95"":null}",1070000,28971.541057195747,2.7076206595510044,1.5,false,-0.002748147860983874,-0.029038112522686066,down,down,true,1059658.2537400885,1154342.2595145754,true,8.592015043056879,94684.00577448681,0.08592015043056879,"{""up"":0.40635,""flat"":0.05045,""down"":0.5432}",0.376331765,2,방향 맞고 크기 틀림,,"{""sourceUrl"":""https://fchart.stock.naver.com/sise.nhn?symbol=010130&timeframe=day&count=30&requestType=0"",""rawHash"":""da2eadf6b11a0b6af047681e56b6f8e4d7d34e65c00df6d90bccf92658ab2dbb"",""observedAt"":""2026-09-29T09:54:42.000Z"",""finalClose"":true}",2,2026-09-29T09:54:42Z,v1
score-cf7442aef5b45f49,score,2026-09-29,2026-09-29T09:54:42Z,score-b262e8d9f1723bae,실제 종가 정정(132300 → 132100),"{""forecastId"":""2026-09-28-rolling20-13cd892134e517b4"",""inputSnapshotSHA256"":""ca4920c6cea0f4ce9d86aa86c43bf9459ba4c269665520f63dc79d82dfe0a539"",""collectionRecordId"":""collection-8641ba4a62ba280e""}",2026-09-28-rolling20-13cd892134e517b4,atlas-rolling20-A,live,,2026-09-28T09:39:48.714Z,2026-09-28,133400,138040,메리츠금융지주,fin,2026-09-29,1,true,"{""p05"":null,""p10"":129551.53986593716,""p25"":null,""p50"":132768.04948520704,""p75"":null,""p90"":137216.58867525094,""p95"":null}",132100,668.0494852070406,0.505714977446662,1.5,true,-0.0047372602308317635,-0.009745127436281864,down,down,true,129551.53986593716,137216.58867525094,true,5.745913650160257,7665.048809313783,0.05745913650160257,"{""up"":0.3737,""flat"":0.05435,""down"":0.57195}",0.32583241500000004,1,방향·크기 모두 맞음,,"{""sourceUrl"":""https://fchart.stock.naver.com/sise.nhn?symbol=138040&timeframe=day&count=30&requestType=0"",""rawHash"":""0569db38373652d56fdc3c2a2801152190f424af2be5e5b452579e3da0c336ef"",""observedAt"":""2026-09-29T09:54:42.000Z"",""finalClose"":true}",2,2026-09-29T09:54:42Z,v1
score-9099dc0e54005334,score,2026-09-29,2026-09-29T09:54:42Z,score-0d1489886c23692b,실제 종가 정정(30050 → 30050),"{""forecastId"":""2026-09-28-rolling20-13cd892134e517b4"",""inputSnapshotSHA256"":""ca4920c6cea0f4ce9d86aa86c43bf9459ba4c269665520f63dc79d82dfe0a539"",""collectionRecordId"":""collection-8641ba4a62ba280e""}",2026-09-28-rolling20-13cd892134e517b4,atlas-rolling20-A,live,,2026-09-28T09:39:48.714Z,2026-09-28,30700,015760,한국전력,util,2026-09-29,1,true,"{""p05"":null,""p10"":29903.31780130189,""p25"":null,""p50"":30676.824961368737,""p75"":null,""p90"":31527.29588795409,""p95"":null}",30050,626.8249613687367,2.085939971276994,1.5,false,-0.0007548872518327032,-0.021172638436482094,down,down,true,29903.31780130189,31527.29588795409,true,5.289830901147225,1623.9780866521978,0.052898309011472244,"{""up"":0.45455,""flat"":0.07095,""down"":0.4745}",0.4877998550000001,2,방향 맞고 크기 틀림,,"{""sourceUrl"":""https://fchart.stock.naver.com/sise.nhn?symbol=015760&timeframe=day&count=30&requestType=0"",""rawHash"":""2c3583dca3b499ea3a5a15d2d1e1c283799940a5c8dd103bd45b1fd64b06d7fe"",""observedAt"":""2026-09-29T09:54:42.000Z"",""finalClose"":true}",2,2026-09-29T09:54:42Z,v1
score-37d509504ad9e5ab,score,2026-09-29,2026-09-29T09:54:42Z,score-572b8750b3af7573,실제 종가 정정(20950 → 20900),"{""forecastId"":""2026-09-28-rolling20-13cd892134e517b4"",""inputSnapshotSHA256"":""ca4920c6cea0f4ce9d86aa86c43bf9459ba4c269665520f63dc79d82dfe0a539"",""collectionRecordId"":""collection-8641ba4a62ba280e""}",2026-09-28-rolling20-13cd892134e517b4,atlas-rolling20-A,live,,2026-09-28T09:39:48.714Z,2026-09-28,21250,011200,HMM,auto,2026-09-29,1,true,"{""p05"":null,""p10"":20729.930885585552,""p25"":null,""p50"":21242.451327034338,""p75"":null,""p90"":21783.726474531657,""p95"":null}",20900,342.45132703433774,1.6385230958580754,1.5,false,-0.0003552316689723334,-0.016470588235294126,down,down,true,20729.930885585552,21783.726474531657,true,4.959038065628727,1053.7955889461045,0.04959038065628727,"{""up"":0.44675,""flat"":0.06675,""down"":0.4865}",0.46772337500000005,2,방향 맞고 크기 틀림,,"{""sourceUrl"":""https://fchart.stock.naver.com/sise.nhn?symbol=011200&timeframe=day&count=30&requestType=0"",""rawHash"":""64b39ef38da65971845a405d7f98305e01a3d7c37d65ccdaebe7308bac0abd43"",""observedAt"":""2026-09-29T09:54:42.000Z"",""finalClose"":true}",4,2026-09-29T09:54:42Z,v1
score-f6d62f63686999ca,score,2026-09-29,2026-09-29T09:54:42Z,,,"{""forecastId"":""2026-09-28-rolling20-13cd892134e517b4"",""inputSnapshotSHA256"":""ca4920c6cea0f4ce9d86aa86c43bf9459ba4c269665520f63dc79d82dfe0a539"",""collectionRecordId"":""collection-8641ba4a62ba280e""}",2026-09-28-rolling20-13cd892134e517b4,atlas-rolling20-A,live,,2026-09-28T09:39:48.714Z,2026-09-28,262500,051910,LG화학,chem,2026-09-29,1,true,"{""p05"":null,""p10"":251772.083769255,""p25"":null,""p50"":261995.6613746196,""p75"":null,""p90"":274073.92039877444,""p95"":null}",251000,10995.661374619609,4.380741583513789,1.5,false,-0.0019212900014491385,-0.043809523809523854,down,down,true,251772.083769255,274073.92039877444,false,8.495937763626454,30022.67432206942,0.11437209265550255,"{""up"":0.4769,""flat"":0.013,""down"":0.5101}",0.46760462,2,방향 맞고 크기 틀림,,"{""sourceUrl"":""https://fchart.stock.naver.com/sise.nhn?symbol=051910&timeframe=day&count=30&requestType=0"",""rawHash"":""2f26421201dc95a1ca0676091edb91aa9973053f829f528e97505e287f7fc83e"",""observedAt"":""2026-09-29T09:54:42.000Z"",""finalClose"":true}",1,2026-09-29T09:54:42Z,v1
score-551d91273fb8fb4f,score,2026-09-29,2026-09-29T09:54:42Z,score-d5bb0c98a0052cfe,실제 종가 정정(176100 → 176200),"{""forecastId"":""2026-09-28-rolling20-13cd892134e517b4"",""inputSnapshotSHA256"":""ca4920c6cea0f4ce9d86aa86c43bf9459ba4c269665520f63dc79d82dfe0a539"",""collectionRecordId"":""collection-8641ba4a62ba280e""}",2026-09-28-rolling20-13cd892134e517b4,atlas-rolling20-A,live,,2026-09-28T09:39:48.714Z,2026-09-28,175400,033780,KT&G,cons,2026-09-29,1,true,"{""p05"":null,""p10"":172149.2145070198,""p25"":null,""p50"":175265.80363252517,""p75"":null,""p90"":179093.1559451884,""p95"":null}",176200,-934.1963674748258,0.5301909009505255,1.5,true,-0.0007650876138816098,0.004561003420752607,down,up,false,172149.2145070198,179093.1559451884,true,3.9589175816240636,6943.941438168607,0.039589175816240635,"{""up"":0.4473,""flat"":0.0571,""down"":0.4956}",0.55435706,3,크기 허용·방향 틀림,,"{""sourceUrl"":""https://fchart.stock.naver.com/sise.nhn?symbol=033780&timeframe=day&count=30&requestType=0"",""rawHash"":""915a44351ca3e9088989b2d65d609ac4f1ac1aa022e333825c3c3cf17789eeb7"",""observedAt"":""2026-09-29T09:54:42.000Z"",""finalClose"":true}",2,2026-09-29T09:54:42Z,v1
score-30bacacfb6a3c697,score,2026-09-29,2026-09-29T09:54:42Z,,,"{""forecastId"":""2026-09-28-rolling20-13cd892134e517b4"",""inputSnapshotSHA256"":""ca4920c6cea0f4ce9d86aa86c43bf9459ba4c269665520f63dc79d82dfe0a539"",""collectionRecordId"":""collection-8641ba4a62ba280e""}",2026-09-28-rolling20-13cd892134e517b4,atlas-rolling20-A,live,,2026-09-28T09:39:48.714Z,2026-09-28,252500,196170,알테오젠,bio,2026-09-29,1,true,"{""p05"":null,""p10"":244101.11322715753,""p25"":null,""p50"":252065.44638641848,""p75"":null,""p90"":262457.00008566456,""p95"":null}",254000,-1934.55361358152,0.7616352809376064,1.5,true,-0.0017210044102238253,0.005940594059405946,down,up,false,244101.11322715753,262457.00008566456,true,7.269658161784963,18355.88685850703,0.07269658161784963,"{""up"":0.4706,""flat"":0.0208,""down"":0.5086}",0.5393709600000001,3,크기 허용·방향 틀림,,"{""sourceUrl"":""https://fchart.stock.naver.com/sise.nhn?symbol=196170&timeframe=day&count=30&requestType=0"",""rawHash"":""07f0db818eaebe987b45fb39fcfe9d112eb8380b5047e4fce7eb5ad183e90e21"",""observedAt"":""2026-09-29T09:54:42.000Z"",""finalClose"":true}",1,2026-09-29T09:54:42Z,v1
score-a55b576a5e23f3c3,score,2026-09-29,2026-09-29T09:54:42Z,score-f521fe11de99eabc,실제 종가 정정(216500 → 216500),"{""forecastId"":""2026-09-28-rolling20-13cd892134e517b4"",""inputSnapshotSHA256"":""ca4920c6cea0f4ce9d86aa86c43bf9459ba4c269665520f63dc79d82dfe0a539"",""collectionRecordId"":""collection-8641ba4a62ba280e""}",2026-09-28-rolling20-13cd892134e517b4,atlas-rolling20-A,live,,2026-09-28T09:39:48.714Z,2026-09-28,219000,018260,삼성에스디에스,semi,2026-09-29,1,true,"{""p05"":null,""p10"":212717.79306516878,""p25"":null,""p50"":218784.110204126,""p75"":null,""p90"":224874.2373290256,""p95"":null}",216500,2284.1102041259874,1.055016260566276,1.5,true,-0.0009857981546758099,-0.011415525114155223,down,down,true,212717.79306516878,224874.2373290256,true,5.550887791715446,12156.444263856829,0.05550887791715447,"{""up"":0.4526,""flat"":0.0651,""down"":0.4823}",0.47709806000000005,1,방향·크기 모두 맞음,,"{""sourceUrl"":""https://fchart.stock.naver.com/sise.nhn?symbol=018260&timeframe=day&count=30&requestType=0"",""rawHash"":""084146b66e4cf7845473f84f7b6b304d97ac2098bcdd884eb0f9514be72528a4"",""observedAt"":""2026-09-29T09:54:42.000Z"",""finalClose"":true}",3,2026-09-29T09:54:42Z,v1
score-5a1cb0c31ac2d273,score,2026-09-29,2026-09-29T09:54:42Z,,,"{""forecastId"":""2026-09-28-rolling20-13cd892134e517b4"",""inputSnapshotSHA256"":""ca4920c6cea0f4ce9d86aa86c43bf9459ba4c269665520f63dc79d82dfe0a539"",""collectionRecordId"":""collection-8641ba4a62ba280e""}",2026-09-28-rolling20-13cd892134e517b4,atlas-rolling20-A,live,,2026-09-28T09:39:48.714Z,2026-09-28,199100,086280,현대글로비스,auto,2026-09-29,1,true,"{""p05"":null,""p10"":193433.28150163442,""p25"":null,""p50"":198777.1416887925,""p75"":null,""p90"":205324.02929931454,""p95"":null}",196800,1977.1416887925006,1.0046451670693601,1.5,true,-0.0016215887052108968,-0.011551983927674536,down,down,true,193433.28150163442,205324.02929931454,true,5.972249019427482,11890.747797680116,0.05972249019427482,"{""up"":0.4491,""flat"":0.0395,""down"":0.5114}",0.44198102000000006,1,방향·크기 모두 맞음,,"{""sourceUrl"":""https://fchart.stock.naver.com/sise.nhn?symbol=086280&timeframe=day&count=30&requestType=0"",""rawHash"":""1bde736b85a5a69c79a9625a23e2904b9241a42e50647db0798d9752123a59e4"",""observedAt"":""2026-09-29T09:54:42.000Z"",""finalClose"":true}",1,2026-09-29T09:54:42Z,v1
score-5b5344c7f5677393,score,2026-09-29,2026-09-29T09:54:42Z,score-fc87bd58fb1275cf,실제 종가 정정(362000 → 361500),"{""forecastId"":""2026-09-28-rolling20-13cd892134e517b4"",""inputSnapshotSHA256"":""ca4920c6cea0f4ce9d86aa86c43bf9459ba4c269665520f63dc79d82dfe0a539"",""collectionRecordId"":""collection-8641ba4a62ba280e""}",2026-09-28-rolling20-13cd892134e517b4,atlas-rolling20-A,live,,2026-09-28T09:39:48.714Z,2026-09-28,368500,278470,에이피알,cons,2026-09-29,1,true,"{""p05"":null,""p10"":351852.708293176,""p25"":null,""p50"":368361.5128795771,""p75"":null,""p90"":387705.2117008389,""p95"":null}",361500,6861.512879577116,1.8980671866050114,1.5,false,-0.00037581308120182566,-0.018995929443690662,down,down,true,351852.708293176,387705.2117008389,true,9.72930893016631,35852.50340766285,0.0972930893016631,"{""up"":0.47585,""flat"":0.02985,""down"":0.4943}",0.483056735,2,방향 맞고 크기 틀림,,"{""sourceUrl"":""https://fchart.stock.naver.com/sise.nhn?symbol=278470&timeframe=day&count=30&requestType=0"",""rawHash"":""cc78946c6512d5a1fbe2432df9b694cdd6b200d047f4a70ac9ebcbd81c9ac606"",""observedAt"":""2026-09-29T09:54:42.000Z"",""finalClose"":true}",3,2026-09-29T09:54:42Z,v1
score-32cd72fd33a8f105,score,2026-09-29,2026-09-29T09:54:42Z,,,"{""forecastId"":""2026-09-28-rolling20-13cd892134e517b4"",""inputSnapshotSHA256"":""ca4920c6cea0f4ce9d86aa86c43bf9459ba4c269665520f63dc79d82dfe0a539"",""collectionRecordId"":""collection-8641ba4a62ba280e""}",2026-09-28-rolling20-13cd892134e517b4,atlas-rolling20-A,live,,2026-09-28T09:39:48.714Z,2026-09-28,31700,003490,대한항공,auto,2026-09-29,1,true,"{""p05"":null,""p10"":30692.782261353357,""p25"":null,""p50"":31523.24403063366,""p75"":null,""p90"":32592.11999716012,""p95"":null}",31400,123.24403063366117,0.39249691284605465,1.5,true,-0.005575898087266218,-0.009463722397476393,down,down,true,30692.782261353357,32592.11999716012,true,5.991601690242153,1899.3377358067628,0.059916016902421536,"{""up"":0.3967,""flat"":0.02655,""down"":0.57675}",0.337216355,1,방향·크기 모두 맞음,,"{""sourceUrl"":""https://fchart.stock.naver.com/sise.nhn?symbol=003490&timeframe=day&count=30&requestType=0"",""rawHash"":""850b7c3f1226bb6cedcd856acc64af197fb4a6091ec3d99eb6f09978a85c49cc"",""observedAt"":""2026-09-29T09:54:42.000Z"",""finalClose"":true}",1,2026-09-29T09:54:42Z,v1
score-5c7197dfa1485824,score,2026-09-29,2026-09-29T09:54:42Z,score-d5f06317bd753925,실제 종가 정정(1221000 → 1221000),"{""forecastId"":""2026-09-28-rolling20-13cd892134e517b4"",""inputSnapshotSHA256"":""ca4920c6cea0f4ce9d86aa86c43bf9459ba4c269665520f63dc79d82dfe0a539"",""collectionRecordId"":""collection-8641ba4a62ba280e""}",2026-09-28-rolling20-13cd892134e517b4,atlas-rolling20-A,live,,2026-09-28T09:39:48.714Z,2026-09-28,1215000,003230,삼양식품,cons,2026-09-29,1,true,"{""p05"":null,""p10"":1174454.1380512444,""p25"":null,""p50"":1210056.0148690285,""p75"":null,""p90"":1264359.4294562682,""p95"":null}",1221000,-10943.98513097153,0.8963132785398469,1.5,true,-0.004069123564585664,0.004938271604938205,down,up,false,1174454.1380512444,1264359.4294562682,true,7.399612461318829,89905.29140502377,0.07399612461318829,"{""up"":0.42485,""flat"":0.032,""down"":0.54315}",0.6268334450000002,3,크기 허용·방향 틀림,,"{""sourceUrl"":""https://fchart.stock.naver.com/sise.nhn?symbol=003230&timeframe=day&count=30&requestType=0"",""rawHash"":""f6e5c991485eda95288ee8aa0f8bc37c4b404ed69a4b61bca840b5b371c4d4e7"",""observedAt"":""2026-09-29T09:54:42.000Z"",""finalClose"":true}",4,2026-09-29T09:54:42Z,v1
score-55706ee7fb2da568,score,2026-09-29,2026-09-29T09:54:42Z,score-da9d7f5106b78516,실제 종가 정정(198000 → 197700),"{""forecastId"":""2026-09-28-rolling20-13cd892134e517b4"",""inputSnapshotSHA256"":""ca4920c6cea0f4ce9d86aa86c43bf9459ba4c269665520f63dc79d82dfe0a539"",""collectionRecordId"":""collection-8641ba4a62ba280e""}",2026-09-28-rolling20-13cd892134e517b4,atlas-rolling20-A,live,,2026-09-28T09:39:48.714Z,2026-09-28,202000,259960,크래프톤,net,2026-09-29,1,true,"{""p05"":null,""p10"":197017.13445517886,""p25"":null,""p50"":201850.14621360938,""p75"":null,""p90"":207071.6672737196,""p95"":null}",197700,4150.146213609376,2.0992140685935134,1.5,false,-0.0007418504276763827,-0.021287128712871306,down,down,true,197017.13445517886,207071.6672737196,true,4.977491494327093,10054.532818540727,0.04977491494327092,"{""up"":0.4535,""flat"":0.04995,""down"":0.49655}",0.46161915499999995,2,방향 맞고 크기 틀림,,"{""sourceUrl"":""https://fchart.stock.naver.com/sise.nhn?symbol=259960&timeframe=day&count=30&requestType=0"",""rawHash"":""21eae88cbc740527c02054cc5c8fea905dd96ab6b7610b703d1f3f29277ea032"",""observedAt"":""2026-09-29T09:54:42.000Z"",""finalClose"":true}",3,2026-09-29T09:54:42Z,v1
score-c7ed41858727c30c,score,2026-09-29,2026-09-29T09:54:42Z,,,"{""forecastId"":""2026-09-28-rolling20-13cd892134e517b4"",""inputSnapshotSHA256"":""ca4920c6cea0f4ce9d86aa86c43bf9459ba4c269665520f63dc79d82dfe0a539"",""collectionRecordId"":""collection-8641ba4a62ba280e""}",2026-09-28-rolling20-13cd892134e517b4,atlas-rolling20-A,live,,2026-09-28T09:39:48.714Z,2026-09-28,161900,352820,하이브,net,2026-09-29,1,true,"{""p05"":null,""p10"":157519.94177044442,""p25"":null,""p50"":161861.67662654756,""p75"":null,""p90"":167446.62046544807,""p95"":null}",158900,2961.67662654756,1.8638619424465448,1.5,false,-0.000236710151034214,-0.018529956763434163,down,down,true,157519.94177044442,167446.62046544807,true,6.131364234097374,9926.678695003648,0.06131364234097374,"{""up"":0.47325,""flat"":0.03555,""down"":0.4912}",0.4841068049999999,2,방향 맞고 크기 틀림,,"{""sourceUrl"":""https://fchart.stock.naver.com/sise.nhn?symbol=352820&timeframe=day&count=30&requestType=0"",""rawHash"":""b3d0d4e4e0594a4f4e956c503406829ffa3dd528aa3a2cc292b43e9089288ca9"",""observedAt"":""2026-09-29T09:54:42.000Z"",""finalClose"":true}",1,2026-09-29T09:54:42Z,v1
score-3ce31133b3673206,score,2026-09-29,2026-09-29T09:54:42Z,score-ee136b1f95cb0c93,실제 종가 정정(42500 → 42500),"{""forecastId"":""2026-09-28-rolling20-13cd892134e517b4"",""inputSnapshotSHA256"":""ca4920c6cea0f4ce9d86aa86c43bf9459ba4c269665520f63dc79d82dfe0a539"",""collectionRecordId"":""collection-8641ba4a62ba280e""}",2026-09-28-rolling20-13cd892134e517b4,atlas-rolling20-A,live,,2026-09-28T09:39:48.714Z,2026-09-28,43350,029780,삼성카드,fin,2026-09-29,1,true,"{""p05"":null,""p10"":42629.39273636437,""p25"":null,""p50"":43334.95655312725,""p75"":null,""p90"":44106.7399069947,""p95"":null}",42500,834.9565531272528,1.9646036544170655,1.5,false,-0.0003470229959111615,-0.019607843137254943,up,down,false,42629.39273636437,44106.7399069947,false,3.4079519507043408,2771.274534274002,0.06392790159801619,"{""up"":0.4676,""flat"":0.0649,""down"":0.4675}",0.5064180199999999,4,방향·크기 모두 틀림,,"{""sourceUrl"":""https://fchart.stock.naver.com/sise.nhn?symbol=029780&timeframe=day&count=30&requestType=0"",""rawHash"":""71029223e05806b73326037f5a100a296344789ad3b1a35ffe9170b5883b2282"",""observedAt"":""2026-09-29T09:54:42.000Z"",""finalClose"":true}",3,2026-09-29T09:54:42Z,v1
score-7bee27d39c2f69fd,score,2026-09-29,2026-09-29T09:54:42Z,score-935b15fcb963c674,실제 종가 정정(338000 → 338000),"{""forecastId"":""2026-09-28-rolling20-13cd892134e517b4"",""inputSnapshotSHA256"":""ca4920c6cea0f4ce9d86aa86c43bf9459ba4c269665520f63dc79d82dfe0a539"",""collectionRecordId"":""collection-8641ba4a62ba280e""}",2026-09-28-rolling20-13cd892134e517b4,atlas-rolling20-A,live,,2026-09-28T09:39:48.714Z,2026-09-28,343500,004170,신세계,cons,2026-09-29,1,true,"{""p05"":null,""p10"":330277.93028220045,""p25"":null,""p50"":343342.7455045114,""p75"":null,""p90"":358103.5422087219,""p95"":null}",338000,5342.745504511404,1.5806939362459773,1.5,false,-0.0004578005691080467,-0.01601164483260553,down,down,true,330277.93028220045,358103.5422087219,true,8.10061482577044,27825.611926521466,0.08100614825770441,"{""up"":0.47355,""flat"":0.0385,""down"":0.48795}",0.487927055,2,방향 맞고 크기 틀림,,"{""sourceUrl"":""https://fchart.stock.naver.com/sise.nhn?symbol=004170&timeframe=day&count=30&requestType=0"",""rawHash"":""630e04c3fe794f1a3e8a3da5fcd137976bdedcbb6fee42c25143a9719f9d0b28"",""observedAt"":""2026-09-29T09:54:42.000Z"",""finalClose"":true}",4,2026-09-29T09:54:42Z,v1
score-afa2d17e824f0c94,score,2026-09-29,2026-09-29T09:54:42Z,score-83149d67519304cd,실제 종가 정정(82700 → 82700),"{""forecastId"":""2026-09-28-rolling20-13cd892134e517b4"",""inputSnapshotSHA256"":""ca4920c6cea0f4ce9d86aa86c43bf9459ba4c269665520f63dc79d82dfe0a539"",""collectionRecordId"":""collection-8641ba4a62ba280e""}",2026-09-28-rolling20-13cd892134e517b4,atlas-rolling20-A,live,,2026-09-28T09:39:48.714Z,2026-09-28,83300,012750,에스원,util,2026-09-29,1,true,"{""p05"":null,""p10"":81172.85357237454,""p25"":null,""p50"":83318.45216759473,""p75"":null,""p90"":85391.78037238593,""p95"":null}",82700,618.4521675947326,0.7478260793164844,1.5,true,0.00022151461698349806,-0.007202881152461038,down,down,true,81172.85357237454,85391.78037238593,true,5.064738055235751,4218.926800011381,0.05064738055235751,"{""up"":0.47765,""flat"":0.03765,""down"":0.4847}",0.49510113499999997,1,방향·크기 모두 맞음,,"{""sourceUrl"":""https://fchart.stock.naver.com/sise.nhn?symbol=012750&timeframe=day&count=30&requestType=0"",""rawHash"":""ab72377e86a39d9a5d5564bfd341d2553c3198c8e062c27caf48f1a45fca578c"",""observedAt"":""2026-09-29T09:54:42.000Z"",""finalClose"":true}",3,2026-09-29T09:54:42Z,v1
score-fd41f5d49b9cb8fe,score,2026-09-29,2026-09-29T09:54:42Z,score-02f25ee7a754fa77,실제 종가 정정(71000 → 70400),"{""forecastId"":""2026-09-28-rolling20-13cd892134e517b4"",""inputSnapshotSHA256"":""ca4920c6cea0f4ce9d86aa86c43bf9459ba4c269665520f63dc79d82dfe0a539"",""collectionRecordId"":""collection-8641ba4a62ba280e""}",2026-09-28-rolling20-13cd892134e517b4,atlas-rolling20-A,live,,2026-09-28T09:39:48.714Z,2026-09-28,71400,111770,영원무역,cons,2026-09-29,1,true,"{""p05"":null,""p10"":69525.65055750564,""p25"":null,""p50"":71351.78551452573,""p75"":null,""p90"":73292.22388245884,""p95"":null}",70400,951.7855145257345,1.3519680604058728,1.5,true,-0.000675272905802049,-0.014005602240896309,down,down,true,69525.65055750564,73292.22388245884,true,5.275312780046507,3766.573324953206,0.052753127800465066,"{""up"":0.46705,""flat"":0.04505,""down"":0.4879}",0.482411615,1,방향·크기 모두 맞음,,"{""sourceUrl"":""https://fchart.stock.naver.com/sise.nhn?symbol=111770&timeframe=day&count=30&requestType=0"",""rawHash"":""e7545afcef94575568dcb22656051f8b079705b364e9c6591dd2567ef97cf52d"",""observedAt"":""2026-09-29T09:54:42.000Z"",""finalClose"":true}",4,2026-09-29T09:54:42Z,v1
score-1be0bbb4e73f6633,score,2026-09-29,2026-09-29T09:54:42Z,score-5c0706a9fb99bd6d,실제 종가 정정(14370 → 14360),"{""forecastId"":""2026-09-28-rolling20-13cd892134e517b4"",""inputSnapshotSHA256"":""ca4920c6cea0f4ce9d86aa86c43bf9459ba4c269665520f63dc79d82dfe0a539"",""collectionRecordId"":""collection-8641ba4a62ba280e""}",2026-09-28-rolling20-13cd892134e517b4,atlas-rolling20-A,live,,2026-09-28T09:39:48.714Z,2026-09-28,14450,035250,강원랜드,cons,2026-09-29,1,true,"{""p05"":null,""p10"":14264.909549354876,""p25"":null,""p50"":14454.352468732806,""p75"":null,""p90"":14660.526899943452,""p95"":null}",14360,94.3524687328063,0.6570506179164783,1.5,true,0.00030120890884477447,-0.00622837370242213,up,down,false,14264.909549354876,14660.526899943452,true,2.7378363362531233,395.6173505885763,0.027378363362531234,"{""up"":0.47815,""flat"":0.0612,""down"":0.46065}",0.523271285,3,크기 허용·방향 틀림,,"{""sourceUrl"":""https://fchart.stock.naver.com/sise.nhn?symbol=035250&timeframe=day&count=30&requestType=0"",""rawHash"":""f12ed9e0f95ad94d4ec60c9b90774b336a2bf186fc91a2ac38ae7319489c81a3"",""observedAt"":""2026-09-29T09:54:42.000Z"",""finalClose"":true}",3,2026-09-29T09:54:42Z,v1
score-b788ee3a4ea5686b,score,2026-09-29,2026-09-29T09:54:42Z,,,"{""forecastId"":""2026-09-28-rolling20-13cd892134e517b4"",""inputSnapshotSHA256"":""ca4920c6cea0f4ce9d86aa86c43bf9459ba4c269665520f63dc79d82dfe0a539"",""collectionRecordId"":""collection-8641ba4a62ba280e""}",2026-09-28-rolling20-13cd892134e517b4,atlas-rolling20-A,live,,2026-09-28T09:39:48.714Z,2026-09-28,39700,214370,케어젠,bio,2026-09-29,1,true,"{""p05"":null,""p10"":37939.99999216195,""p25"":null,""p50"":39553.001347714606,""p75"":null,""p90"":41587.35684094958,""p95"":null}",41450,-1896.9986522853942,4.576595059795885,1.5,false,-0.0037027368333852895,0.044080604534004975,down,up,false,37939.99999216195,41587.35684094958,true,9.187296848331549,3647.3568487876255,0.0918729684833155,"{""up"":0.43945,""flat"":0.0241,""down"":0.53645}",0.602575715,4,방향·크기 모두 틀림,,"{""sourceUrl"":""https://fchart.stock.naver.com/sise.nhn?symbol=214370&timeframe=day&count=30&requestType=0"",""rawHash"":""0e29222eae00393ae53c49409b8103ef3e3eb44eb72d8c2934cd91dcb9ae2471"",""observedAt"":""2026-09-29T09:54:42.000Z"",""finalClose"":true}",1,2026-09-29T09:54:42Z,v1
score-1c478f8d456bf347,score,2026-09-29,2026-09-29T09:54:42Z,score-ed6a7b12ed3bd40d,실제 종가 정정(17830 → 17830),"{""forecastId"":""2026-09-28-rolling20-13cd892134e517b4"",""inputSnapshotSHA256"":""ca4920c6cea0f4ce9d86aa86c43bf9459ba4c269665520f63dc79d82dfe0a539"",""collectionRecordId"":""collection-8641ba4a62ba280e""}",2026-09-28-rolling20-13cd892134e517b4,atlas-rolling20-A,live,,2026-09-28T09:39:48.714Z,2026-09-28,17810,030000,제일기획,net,2026-09-29,1,true,"{""p05"":null,""p10"":17535.026889048455,""p25"":null,""p50"":17816.071505705717,""p75"":null,""p90"":18104.463046077653,""p95"":null}",17830,-13.928494294283155,0.07811830787595712,1.5,true,0.0003409043068902662,0.001122964626614209,up,up,true,17535.026889048455,18104.463046077653,true,3.1972833072947697,569.4361570291985,0.031972833072947696,"{""up"":0.47655,""flat"":0.08075,""down"":0.4427}",0.4765037549999999,1,방향·크기 모두 맞음,,"{""sourceUrl"":""https://fchart.stock.naver.com/sise.nhn?symbol=030000&timeframe=day&count=30&requestType=0"",""rawHash"":""d248e80e6a57a788b82072de9595c29b189f40d56d7d6bc4c63323072aaa68c9"",""observedAt"":""2026-09-29T09:54:42.000Z"",""finalClose"":true}",3,2026-09-29T09:54:42Z,v1
score-b8d826cf3b9bbaab,score,2026-09-29,2026-09-29T09:54:42Z,score-1f69a697cb278634,실제 종가 정정(353000 → 353000),"{""forecastId"":""2026-09-28-atlas11-90616c6bc916e8d6"",""inputSnapshotSHA256"":""ca4920c6cea0f4ce9d86aa86c43bf9459ba4c269665520f63dc79d82dfe0a539"",""collectionRecordId"":""collection-8641ba4a62ba280e""}",2026-09-28-atlas11-90616c6bc916e8d6,atlas11-A-1,live,,2026-09-28T13:13:16.576Z,2026-09-28,364000,373220,LG에너지솔루션,chem,2026-09-29,1,true,"{""p05"":346283.04784207523,""p10"":350561.15791234677,""p25"":357002.81359864585,""p50"":363889.58422618534,""p75"":370098.08786334074,""p90"":378195.2210586166,""p95"":383199.6276313005}",353000,10889.58422618534,3.0848680527437224,1.5,false,-0.0003033400379524043,-0.030219780219780223,down,down,true,350561.15791234677,378195.2210586166,true,7.591775589634567,27634.063146269822,0.07591775589634567,"{""up"":0.47695,""flat"":0.0288,""down"":0.49425}",0.4840938049999999,2,방향 맞고 크기 틀림,true,"{""sourceUrl"":""https://fchart.stock.naver.com/sise.nhn?symbol=373220&timeframe=day&count=30&requestType=0"",""rawHash"":""84772404f65ddeafb12df6f28b616cd8d42213c44e6f343ec9d02abaa24bc038"",""observedAt"":""2026-09-29T09:54:42.000Z"",""finalClose"":true}",2,2026-09-29T09:54:42Z,v1
score-849e4d0f2eed90bc,score,2026-09-29,2026-09-29T09:54:42Z,score-cad3ee9cab4ef107,실제 종가 정정(1382000 → 1380000),"{""forecastId"":""2026-09-28-atlas11-90616c6bc916e8d6"",""inputSnapshotSHA256"":""ca4920c6cea0f4ce9d86aa86c43bf9459ba4c269665520f63dc79d82dfe0a539"",""collectionRecordId"":""collection-8641ba4a62ba280e""}",2026-09-28-atlas11-90616c6bc916e8d6,atlas11-A-1,live,,2026-09-28T13:13:16.576Z,2026-09-28,1400000,207940,삼성바이오로직스,bio,2026-09-29,1,true,"{""p05"":1357602.8558678068,""p10"":1368563.7863792372,""p25"":1384871.2844752804,""p50"":1399983.3959986803,""p75"":1414479.652132455,""p90"":1433814.1689408997,""p95"":1448325.1584901272}",1380000,19983.395998680266,1.4480721738174105,1.5,true,-0.000011860000942665039,-0.014285714285714235,down,down,true,1368563.7863792372,1433814.1689408997,true,4.660741611547319,65250.38256166247,0.04660741611547319,"{""up"":0.46155,""flat"":0.0718,""down"":0.46665}",0.502645865,1,방향·크기 모두 맞음,true,"{""sourceUrl"":""https://fchart.stock.naver.com/sise.nhn?symbol=207940&timeframe=day&count=30&requestType=0"",""rawHash"":""b091fe12ae39ecac278b2656ff0bee82d93780a9d6cc0e03556b1c7ba5dcf8c5"",""observedAt"":""2026-09-29T09:54:42.000Z"",""finalClose"":true}",2,2026-09-29T09:54:42Z,v1
score-e25ca5aa1bf81b4e,score,2026-09-29,2026-09-29T09:54:42Z,score-8f3036ac8ef11268,실제 종가 정정(173000 → 172700),"{""forecastId"":""2026-09-28-atlas11-90616c6bc916e8d6"",""inputSnapshotSHA256"":""ca4920c6cea0f4ce9d86aa86c43bf9459ba4c269665520f63dc79d82dfe0a539"",""collectionRecordId"":""collection-8641ba4a62ba280e""}",2026-09-28-atlas11-90616c6bc916e8d6,atlas11-A-1,live,,2026-09-28T13:13:16.576Z,2026-09-28,174200,105560,KB금융,fin,2026-09-29,1,true,"{""p05"":168736.7513415192,""p10"":170653.93347739067,""p25"":172567.952835848,""p50"":174487.55869753243,""p75"":176403.20308750152,""p90"":178865.03949070975,""p95"":179893.4133977843}",172700,1787.5586975324259,1.0350658352822384,1.5,true,0.0016507387918049954,-0.008610792192881744,up,down,false,170653.93347739067,178865.03949070975,true,4.7136085036274835,8211.106013319077,0.04713608503627484,"{""up"":0.5161,""flat"":0.05875,""down"":0.42515}",0.6002632950000002,3,크기 허용·방향 틀림,false,"{""sourceUrl"":""https://fchart.stock.naver.com/sise.nhn?symbol=105560&timeframe=day&count=30&requestType=0"",""rawHash"":""530a970c5bc042548272ede4d54e7e15906abd0c90400626a2bc432e2e11e23f"",""observedAt"":""2026-09-29T09:54:42.000Z"",""finalClose"":true}",2,2026-09-29T09:54:42Z,v1
score-2e64815a71774801,score,2026-09-29,2026-09-29T09:54:42Z,score-1d0422828c3e29c5,실제 종가 정정(346500 → 346000),"{""forecastId"":""2026-09-28-atlas11-90616c6bc916e8d6"",""inputSnapshotSHA256"":""ca4920c6cea0f4ce9d86aa86c43bf9459ba4c269665520f63dc79d82dfe0a539"",""collectionRecordId"":""collection-8641ba4a62ba280e""}",2026-09-28-atlas11-90616c6bc916e8d6,atlas11-A-1,live,,2026-09-28T13:13:16.576Z,2026-09-28,345500,028260,삼성물산,util,2026-09-29,1,true,"{""p05"":328020.1742018236,""p10"":332785.1201425453,""p25"":338941.2461901572,""p50"":344958.0702034151,""p75"":351467.49548612104,""p90"":357982.26434519724,""p95"":364681.7002766492}",346000,-1041.9297965848818,0.30113577935979247,1.5,true,-0.0015685377614612639,0.0014471780028944004,down,up,false,332785.1201425453,357982.26434519724,true,7.292950565166982,25197.14420265192,0.07292950565166982,"{""up"":0.4504,""flat"":0.0365,""down"":0.5131}",0.5666640199999999,3,크기 허용·방향 틀림,false,"{""sourceUrl"":""https://fchart.stock.naver.com/sise.nhn?symbol=028260&timeframe=day&count=30&requestType=0"",""rawHash"":""df85758e87034557496ece32b1e83ca7f886d4f2b234e6fe862044a97c29fe1e"",""observedAt"":""2026-09-29T09:54:42.000Z"",""finalClose"":true}",2,2026-09-29T09:54:42Z,v1
score-000b65eee0f38807,score,2026-09-29,2026-09-29T09:54:42Z,score-0c1781f50f8f9a04,실제 종가 정정(290500 → 290000),"{""forecastId"":""2026-09-28-atlas11-90616c6bc916e8d6"",""inputSnapshotSHA256"":""ca4920c6cea0f4ce9d86aa86c43bf9459ba4c269665520f63dc79d82dfe0a539"",""collectionRecordId"":""collection-8641ba4a62ba280e""}",2026-09-28-atlas11-90616c6bc916e8d6,atlas11-A-1,live,,2026-09-28T13:13:16.576Z,2026-09-28,296000,032830,삼성생명보험,fin,2026-09-29,1,true,"{""p05"":284919.1109859912,""p10"":287409.0377263782,""p25"":291482.65744255786,""p50"":295753.2895100759,""p75"":300067.30325072515,""p90"":305297.5313173459,""p95"":310221.6028908093}",290000,5753.289510075876,1.9838929345089227,1.5,false,-0.0008334813848788203,-0.020270270270270285,down,down,true,287409.0377263782,305297.5313173459,true,6.043409996948557,17888.49359096773,0.06043409996948557,"{""up"":0.4651,""flat"":0.0381,""down"":0.4968}",0.47097986,2,방향 맞고 크기 틀림,true,"{""sourceUrl"":""https://fchart.stock.naver.com/sise.nhn?symbol=032830&timeframe=day&count=30&requestType=0"",""rawHash"":""16e5acae5528c504ef28d765ae42bcf87dbb2e61e60cb2a836b0af172b649b5d"",""observedAt"":""2026-09-29T09:54:42.000Z"",""finalClose"":true}",4,2026-09-29T09:54:42Z,v1
score-10ec1e9989527565,score,2026-09-29,2026-09-29T09:54:42Z,,,"{""forecastId"":""2026-09-28-atlas11-90616c6bc916e8d6"",""inputSnapshotSHA256"":""ca4920c6cea0f4ce9d86aa86c43bf9459ba4c269665520f63dc79d82dfe0a539"",""collectionRecordId"":""collection-8641ba4a62ba280e""}",2026-09-28-atlas11-90616c6bc916e8d6,atlas11-A-1,live,,2026-09-28T13:13:16.576Z,2026-09-28,1034000,012450,한화에어로스페이스,heavy,2026-09-29,1,true,"{""p05"":969706.8925177942,""p10"":984630.5575461051,""p25"":1011292.0088631839,""p50"":1031456.2339009612,""p75"":1056119.6843431022,""p90"":1086095.0155636712,""p95"":1104259.7823926979}",1014000,17456.233900961233,1.7215220809626464,1.5,false,-0.002460121952648664,-0.01934235976789167,down,down,true,984630.5575461051,1086095.0155636712,true,9.812810253149529,101464.45801756612,0.09812810253149529,"{""up"":0.4477,""flat"":0.0185,""down"":0.5338}",0.41811997999999995,2,방향 맞고 크기 틀림,false,"{""sourceUrl"":""https://fchart.stock.naver.com/sise.nhn?symbol=012450&timeframe=day&count=30&requestType=0"",""rawHash"":""504c8de8180f178dcdac5f572dbc0d0db953285c9debaad1ade5bb778c2659bb"",""observedAt"":""2026-09-29T09:54:42.000Z"",""finalClose"":true}",1,2026-09-29T09:54:42Z,v1
score-8f3087859f11eaf2,score,2026-09-29,2026-09-29T09:54:42Z,score-46ec165e85b87391,실제 종가 정정(583000 → 583000),"{""forecastId"":""2026-09-28-atlas11-90616c6bc916e8d6"",""inputSnapshotSHA256"":""ca4920c6cea0f4ce9d86aa86c43bf9459ba4c269665520f63dc79d82dfe0a539"",""collectionRecordId"":""collection-8641ba4a62ba280e""}",2026-09-28-atlas11-90616c6bc916e8d6,atlas11-A-1,live,,2026-09-28T13:13:16.576Z,2026-09-28,578000,034730,SK,util,2026-09-29,1,true,"{""p05"":541444.4294046052,""p10"":550635.5661565217,""p25"":564535.1303113344,""p50"":576872.1475233042,""p75"":589655.7779364492,""p90"":604443.705473313,""p95"":617153.4516341505}",583000,-6127.852476695785,1.051089618644217,1.5,true,-0.0019513018627954626,0.00865051903114189,down,up,false,550635.5661565217,604443.705473313,true,9.309366663804726,53808.13931679132,0.09309366663804726,"{""up"":0.4624,""flat"":0.0276,""down"":0.51}",0.5498755200000001,3,크기 허용·방향 틀림,true,"{""sourceUrl"":""https://fchart.stock.naver.com/sise.nhn?symbol=034730&timeframe=day&count=30&requestType=0"",""rawHash"":""34552bd190ce450bfa089bb2646937ad43b1902c441ee473b020112dba7767d9"",""observedAt"":""2026-09-29T09:54:42.000Z"",""finalClose"":true}",3,2026-09-29T09:54:42Z,v1
score-65701a6e5dc30870,score,2026-09-29,2026-09-29T09:54:42Z,score-9b84c55f577f7b30,실제 종가 정정(367000 → 366500),"{""forecastId"":""2026-09-28-atlas11-90616c6bc916e8d6"",""inputSnapshotSHA256"":""ca4920c6cea0f4ce9d86aa86c43bf9459ba4c269665520f63dc79d82dfe0a539"",""collectionRecordId"":""collection-8641ba4a62ba280e""}",2026-09-28-atlas11-90616c6bc916e8d6,atlas11-A-1,live,,2026-09-28T13:13:16.576Z,2026-09-28,373000,012330,현대모비스,auto,2026-09-29,1,true,"{""p05"":358772.90497834486,""p10"":362126.5333312346,""p25"":366957.01634595566,""p50"":372406.850475414,""p75"":377653.43229395803,""p90"":385452.5519261805,""p95"":390594.7898261063}",366500,5906.850475414016,1.6116918077528009,1.5,false,-0.001590213202643409,-0.017426273458445052,down,down,true,362126.5333312346,385452.5519261805,true,6.253624288189248,23326.018594945897,0.06253624288189248,"{""up"":0.43185,""flat"":0.03915,""down"":0.529}",0.409868145,2,방향 맞고 크기 틀림,false,"{""sourceUrl"":""https://fchart.stock.naver.com/sise.nhn?symbol=012330&timeframe=day&count=30&requestType=0"",""rawHash"":""2bb6926ae7703c9c4e3929e4e9818e13aefbbc5fc58e7f1d9d1280778e9d4ced"",""observedAt"":""2026-09-29T09:54:42.000Z"",""finalClose"":true}",2,2026-09-29T09:54:42Z,v1
score-78f4b32615569d54,score,2026-09-29,2026-09-29T09:54:42Z,,,"{""forecastId"":""2026-09-28-atlas11-90616c6bc916e8d6"",""inputSnapshotSHA256"":""ca4920c6cea0f4ce9d86aa86c43bf9459ba4c269665520f63dc79d82dfe0a539"",""collectionRecordId"":""collection-8641ba4a62ba280e""}",2026-09-28-atlas11-90616c6bc916e8d6,atlas11-A-1,live,,2026-09-28T13:13:16.576Z,2026-09-28,214500,066570,LG전자,semi,2026-09-29,1,true,"{""p05"":203762.76006373917,""p10"":207029.15227986226,""p25"":210256.36029296048,""p50"":214085.87852900955,""p75"":217868.84926576726,""p90"":222304.66202608088,""p95"":226396.11564459262}",214500,-414.12147099044523,0.1930636228393684,1.5,true,-0.001930636228393734,0,down,flat,false,207029.15227986226,222304.66202608088,true,7.121449765136887,15275.509746218624,0.07121449765136888,"{""up"":0.4618,""flat"":0.0358,""down"":0.5024}",1.3953466399999999,3,크기 허용·방향 틀림,true,"{""sourceUrl"":""https://fchart.stock.naver.com/sise.nhn?symbol=066570&timeframe=day&count=30&requestType=0"",""rawHash"":""0c62841f7bc5e517086346f672ce6f9515003f223dec286708d0f736b47f4958"",""observedAt"":""2026-09-29T09:54:42.000Z"",""finalClose"":true}",1,2026-09-29T09:54:42Z,v1
score-67800e141b622fd8,score,2026-09-29,2026-09-29T09:54:42Z,score-03b37c308543ea5b,실제 종가 정정(206000 → 205000),"{""forecastId"":""2026-09-28-atlas11-90616c6bc916e8d6"",""inputSnapshotSHA256"":""ca4920c6cea0f4ce9d86aa86c43bf9459ba4c269665520f63dc79d82dfe0a539"",""collectionRecordId"":""collection-8641ba4a62ba280e""}",2026-09-28-atlas11-90616c6bc916e8d6,atlas11-A-1,live,,2026-09-28T13:13:16.576Z,2026-09-28,204500,010120,LS ELECTRIC,heavy,2026-09-29,1,true,"{""p05"":192106.34290352813,""p10"":195550.49770063313,""p25"":199357.7837811446,""p50"":203814.5144623374,""p75"":208623.11067374476,""p90"":215234.86034770997,""p95"":220131.88731137884}",205000,-1185.4855376626074,0.5782856281281011,1.5,true,-0.0033520075191325605,0.0024449877750611915,down,up,false,195550.49770063313,215234.86034770997,true,9.62560520639454,19684.362647076836,0.09625605206394541,"{""up"":0.4381,""flat"":0.03555,""down"":0.52635}",0.5940397350000001,3,크기 허용·방향 틀림,false,"{""sourceUrl"":""https://fchart.stock.naver.com/sise.nhn?symbol=010120&timeframe=day&count=30&requestType=0"",""rawHash"":""783a086a687e12c5e2beda6a76950f5ff25561a0370d0a46a6e773bb1336b832"",""observedAt"":""2026-09-29T09:54:42.000Z"",""finalClose"":true}",2,2026-09-29T09:54:42Z,v1
score-10064364abd137c2,score,2026-09-29,2026-09-29T09:54:42Z,score-0bb709d8ed97dc1a,실제 종가 정정(651000 → 651000),"{""forecastId"":""2026-09-28-atlas11-90616c6bc916e8d6"",""inputSnapshotSHA256"":""ca4920c6cea0f4ce9d86aa86c43bf9459ba4c269665520f63dc79d82dfe0a539"",""collectionRecordId"":""collection-8641ba4a62ba280e""}",2026-09-28-atlas11-90616c6bc916e8d6,atlas11-A-1,live,,2026-09-28T13:13:16.576Z,2026-09-28,661000,000810,삼성화재,fin,2026-09-29,1,true,"{""p05"":636920.9851996747,""p10"":643276.2325376064,""p25"":651731.5013673092,""p50"":659816.9294697228,""p75"":667681.3182408422,""p90"":678637.1886861576,""p95"":689444.3602459042}",651000,8816.929469722789,1.354367046040367,1.5,true,-0.0017898192591183637,-0.015128593040847238,down,down,true,643276.2325376064,678637.1886861576,true,5.349615151066747,35360.956148551195,0.053496151510667465,"{""up"":0.43965,""flat"":0.0426,""down"":0.51775}",0.42767194499999994,1,방향·크기 모두 맞음,false,"{""sourceUrl"":""https://fchart.stock.naver.com/sise.nhn?symbol=000810&timeframe=day&count=30&requestType=0"",""rawHash"":""f1f0dabb00ad815042ab39d641ef3789e822363b48874dad9e828269ea758f7a"",""observedAt"":""2026-09-29T09:54:42.000Z"",""finalClose"":true}",3,2026-09-29T09:54:42Z,v1
score-d40ce85ab3c99adf,score,2026-09-29,2026-09-29T09:54:42Z,,,"{""forecastId"":""2026-09-28-atlas11-90616c6bc916e8d6"",""inputSnapshotSHA256"":""ca4920c6cea0f4ce9d86aa86c43bf9459ba4c269665520f63dc79d82dfe0a539"",""collectionRecordId"":""collection-8641ba4a62ba280e""}",2026-09-28-atlas11-90616c6bc916e8d6,atlas11-A-1,live,,2026-09-28T13:13:16.576Z,2026-09-28,316500,005490,POSCO홀딩스,chem,2026-09-29,1,true,"{""p05"":305216.7854954408,""p10"":308486.3518087661,""p25"":312134.37156597286,""p50"":316019.6069491387,""p75"":320291.3546378308,""p90"":326584.40632761177,""p95"":329711.13144621573}",305500,10519.606949138688,3.443406529996297,1.5,false,-0.0015178295445854584,-0.034755134281200584,down,down,true,308486.3518087661,326584.40632761177,false,5.718184682099744,47961.57260650647,0.15153735420697145,"{""up"":0.4601,""flat"":0.0192,""down"":0.5207}",0.44178913999999997,2,방향 맞고 크기 틀림,false,"{""sourceUrl"":""https://fchart.stock.naver.com/sise.nhn?symbol=005490&timeframe=day&count=30&requestType=0"",""rawHash"":""9d2c72fcd53431ed45370db331450fdfbd9ee2101b6b833f0f397d10f0990c25"",""observedAt"":""2026-09-29T09:54:42.000Z"",""finalClose"":true}",1,2026-09-29T09:54:42Z,v1
score-cc3dc4c0e16b5244,score,2026-09-29,2026-09-29T09:54:42Z,score-ecb5bc6856ff60ad,실제 종가 정정(1070000 → 1070000),"{""forecastId"":""2026-09-28-atlas11-90616c6bc916e8d6"",""inputSnapshotSHA256"":""ca4920c6cea0f4ce9d86aa86c43bf9459ba4c269665520f63dc79d82dfe0a539"",""collectionRecordId"":""collection-8641ba4a62ba280e""}",2026-09-28-atlas11-90616c6bc916e8d6,atlas11-A-1,live,,2026-09-28T13:13:16.576Z,2026-09-28,1102000,010130,고려아연,chem,2026-09-29,1,true,"{""p05"":1047066.6983239547,""p10"":1059658.2537400885,""p25"":1079123.4036174065,""p50"":1098971.5410571957,""p75"":1116873.1684080453,""p90"":1154342.2595145754,""p95"":1177400.5143642912}",1070000,28971.541057195747,2.7076206595510044,1.5,false,-0.002748147860983874,-0.029038112522686066,down,down,true,1059658.2537400885,1154342.2595145754,true,8.592015043056879,94684.00577448681,0.08592015043056879,"{""up"":0.40635,""flat"":0.05045,""down"":0.5432}",0.376331765,2,방향 맞고 크기 틀림,false,"{""sourceUrl"":""https://fchart.stock.naver.com/sise.nhn?symbol=010130&timeframe=day&count=30&requestType=0"",""rawHash"":""da2eadf6b11a0b6af047681e56b6f8e4d7d34e65c00df6d90bccf92658ab2dbb"",""observedAt"":""2026-09-29T09:54:42.000Z"",""finalClose"":true}",2,2026-09-29T09:54:42Z,v1
score-8fefcf4b7b24c016,score,2026-09-29,2026-09-29T09:54:42Z,score-618d1d953631189e,실제 종가 정정(132300 → 132100),"{""forecastId"":""2026-09-28-atlas11-90616c6bc916e8d6"",""inputSnapshotSHA256"":""ca4920c6cea0f4ce9d86aa86c43bf9459ba4c269665520f63dc79d82dfe0a539"",""collectionRecordId"":""collection-8641ba4a62ba280e""}",2026-09-28-atlas11-90616c6bc916e8d6,atlas11-A-1,live,,2026-09-28T13:13:16.576Z,2026-09-28,133400,138040,메리츠금융지주,fin,2026-09-29,1,true,"{""p05"":128258.61922292049,""p10"":129551.53986593716,""p25"":131243.71664324414,""p50"":132768.04948520704,""p75"":134741.74697269898,""p90"":137216.58867525094,""p95"":139029.9283805387}",132100,668.0494852070406,0.505714977446662,1.5,true,-0.0047372602308317635,-0.009745127436281864,down,down,true,129551.53986593716,137216.58867525094,true,5.745913650160257,7665.048809313783,0.05745913650160257,"{""up"":0.3737,""flat"":0.05435,""down"":0.57195}",0.32583241500000004,1,방향·크기 모두 맞음,false,"{""sourceUrl"":""https://fchart.stock.naver.com/sise.nhn?symbol=138040&timeframe=day&count=30&requestType=0"",""rawHash"":""0569db38373652d56fdc3c2a2801152190f424af2be5e5b452579e3da0c336ef"",""observedAt"":""2026-09-29T09:54:42.000Z"",""finalClose"":true}",2,2026-09-29T09:54:42Z,v1
score-ad3f05b087c3ba2d,score,2026-09-29,2026-09-29T09:54:42Z,score-7ebe01f9ef9f6ce5,실제 종가 정정(30050 → 30050),"{""forecastId"":""2026-09-28-atlas11-90616c6bc916e8d6"",""inputSnapshotSHA256"":""ca4920c6cea0f4ce9d86aa86c43bf9459ba4c269665520f63dc79d82dfe0a539"",""collectionRecordId"":""collection-8641ba4a62ba280e""}",2026-09-28-atlas11-90616c6bc916e8d6,atlas11-A-1,live,,2026-09-28T13:13:16.576Z,2026-09-28,30700,015760,한국전력,util,2026-09-29,1,true,"{""p05"":29545.00911211901,""p10"":29903.31780130189,""p25"":30306.4204445081,""p50"":30676.824961368737,""p75"":31095.529020039874,""p90"":31527.29588795409,""p95"":31857.19140062714}",30050,626.8249613687367,2.085939971276994,1.5,false,-0.0007548872518327032,-0.021172638436482094,down,down,true,29903.31780130189,31527.29588795409,true,5.289830901147225,1623.9780866521978,0.052898309011472244,"{""up"":0.45455,""flat"":0.07095,""down"":0.4745}",0.4877998550000001,2,방향 맞고 크기 틀림,true,"{""sourceUrl"":""https://fchart.stock.naver.com/sise.nhn?symbol=015760&timeframe=day&count=30&requestType=0"",""rawHash"":""2c3583dca3b499ea3a5a15d2d1e1c283799940a5c8dd103bd45b1fd64b06d7fe"",""observedAt"":""2026-09-29T09:54:42.000Z"",""finalClose"":true}",2,2026-09-29T09:54:42Z,v1
score-c47c03b26f6d1337,score,2026-09-29,2026-09-29T09:54:42Z,score-d551df62b233fa23,실제 종가 정정(20950 → 20900),"{""forecastId"":""2026-09-28-atlas11-90616c6bc916e8d6"",""inputSnapshotSHA256"":""ca4920c6cea0f4ce9d86aa86c43bf9459ba4c269665520f63dc79d82dfe0a539"",""collectionRecordId"":""collection-8641ba4a62ba280e""}",2026-09-28-atlas11-90616c6bc916e8d6,atlas11-A-1,live,,2026-09-28T13:13:16.576Z,2026-09-28,21250,011200,HMM,auto,2026-09-29,1,true,"{""p05"":20563.006008668403,""p10"":20729.930885585552,""p25"":20995.706578038098,""p50"":21242.451327034338,""p75"":21489.31200885098,""p90"":21783.726474531657,""p95"":22054.92072785394}",20900,342.45132703433774,1.6385230958580754,1.5,false,-0.0003552316689723334,-0.016470588235294126,down,down,true,20729.930885585552,21783.726474531657,true,4.959038065628727,1053.7955889461045,0.04959038065628727,"{""up"":0.44675,""flat"":0.06675,""down"":0.4865}",0.46772337500000005,2,방향 맞고 크기 틀림,true,"{""sourceUrl"":""https://fchart.stock.naver.com/sise.nhn?symbol=011200&timeframe=day&count=30&requestType=0"",""rawHash"":""64b39ef38da65971845a405d7f98305e01a3d7c37d65ccdaebe7308bac0abd43"",""observedAt"":""2026-09-29T09:54:42.000Z"",""finalClose"":true}",4,2026-09-29T09:54:42Z,v1
score-320141f27bb88f61,score,2026-09-29,2026-09-29T09:54:42Z,,,"{""forecastId"":""2026-09-28-atlas11-90616c6bc916e8d6"",""inputSnapshotSHA256"":""ca4920c6cea0f4ce9d86aa86c43bf9459ba4c269665520f63dc79d82dfe0a539"",""collectionRecordId"":""collection-8641ba4a62ba280e""}",2026-09-28-atlas11-90616c6bc916e8d6,atlas11-A-1,live,,2026-09-28T13:13:16.576Z,2026-09-28,262500,051910,LG화학,chem,2026-09-29,1,true,"{""p05"":248269.96541713693,""p10"":251772.083769255,""p25"":257461.18852877346,""p50"":261995.6613746196,""p75"":266704.2906650907,""p90"":274073.92039877444,""p95"":278522.55927568476}",251000,10995.661374619609,4.380741583513789,1.5,false,-0.0019212900014491385,-0.043809523809523854,down,down,true,251772.083769255,274073.92039877444,false,8.495937763626454,30022.67432206942,0.11437209265550255,"{""up"":0.4769,""flat"":0.013,""down"":0.5101}",0.46760462,2,방향 맞고 크기 틀림,true,"{""sourceUrl"":""https://fchart.stock.naver.com/sise.nhn?symbol=051910&timeframe=day&count=30&requestType=0"",""rawHash"":""2f26421201dc95a1ca0676091edb91aa9973053f829f528e97505e287f7fc83e"",""observedAt"":""2026-09-29T09:54:42.000Z"",""finalClose"":true}",1,2026-09-29T09:54:42Z,v1
score-4ee55f9759f1d23a,score,2026-09-29,2026-09-29T09:54:42Z,score-674d8a533591234a,실제 종가 정정(176100 → 176200),"{""forecastId"":""2026-09-28-atlas11-90616c6bc916e8d6"",""inputSnapshotSHA256"":""ca4920c6cea0f4ce9d86aa86c43bf9459ba4c269665520f63dc79d82dfe0a539"",""collectionRecordId"":""collection-8641ba4a62ba280e""}",2026-09-28-atlas11-90616c6bc916e8d6,atlas11-A-1,live,,2026-09-28T13:13:16.576Z,2026-09-28,175400,033780,KT&G,cons,2026-09-29,1,true,"{""p05"":170583.93921499507,""p10"":172149.2145070198,""p25"":173701.56201631532,""p50"":175265.80363252517,""p75"":176943.40485221357,""p90"":179093.1559451884,""p95"":180663.200499342}",176200,-934.1963674748258,0.5301909009505255,1.5,true,-0.0007650876138816098,0.004561003420752607,down,up,false,172149.2145070198,179093.1559451884,true,3.9589175816240636,6943.941438168607,0.039589175816240635,"{""up"":0.4473,""flat"":0.0571,""down"":0.4956}",0.55435706,3,크기 허용·방향 틀림,true,"{""sourceUrl"":""https://fchart.stock.naver.com/sise.nhn?symbol=033780&timeframe=day&count=30&requestType=0"",""rawHash"":""915a44351ca3e9088989b2d65d609ac4f1ac1aa022e333825c3c3cf17789eeb7"",""observedAt"":""2026-09-29T09:54:42.000Z"",""finalClose"":true}",2,2026-09-29T09:54:42Z,v1
score-2e173ebe01866001,score,2026-09-29,2026-09-29T09:54:42Z,,,"{""forecastId"":""2026-09-28-atlas11-90616c6bc916e8d6"",""inputSnapshotSHA256"":""ca4920c6cea0f4ce9d86aa86c43bf9459ba4c269665520f63dc79d82dfe0a539"",""collectionRecordId"":""collection-8641ba4a62ba280e""}",2026-09-28-atlas11-90616c6bc916e8d6,atlas11-A-1,live,,2026-09-28T13:13:16.576Z,2026-09-28,252500,196170,알테오젠,bio,2026-09-29,1,true,"{""p05"":240984.86349572783,""p10"":244101.11322715753,""p25"":247933.27651170708,""p50"":252065.44638641848,""p75"":257089.77087631347,""p90"":262457.00008566456,""p95"":266077.1473605795}",254000,-1934.55361358152,0.7616352809376064,1.5,true,-0.0017210044102238253,0.005940594059405946,down,up,false,244101.11322715753,262457.00008566456,true,7.269658161784963,18355.88685850703,0.07269658161784963,"{""up"":0.4706,""flat"":0.0208,""down"":0.5086}",0.5393709600000001,3,크기 허용·방향 틀림,true,"{""sourceUrl"":""https://fchart.stock.naver.com/sise.nhn?symbol=196170&timeframe=day&count=30&requestType=0"",""rawHash"":""07f0db818eaebe987b45fb39fcfe9d112eb8380b5047e4fce7eb5ad183e90e21"",""observedAt"":""2026-09-29T09:54:42.000Z"",""finalClose"":true}",1,2026-09-29T09:54:42Z,v1
score-6713486e93f93fb6,score,2026-09-29,2026-09-29T09:54:42Z,score-ccae7e1941eec359,실제 종가 정정(216500 → 216500),"{""forecastId"":""2026-09-28-atlas11-90616c6bc916e8d6"",""inputSnapshotSHA256"":""ca4920c6cea0f4ce9d86aa86c43bf9459ba4c269665520f63dc79d82dfe0a539"",""collectionRecordId"":""collection-8641ba4a62ba280e""}",2026-09-28-atlas11-90616c6bc916e8d6,atlas11-A-1,live,,2026-09-28T13:13:16.576Z,2026-09-28,219000,018260,삼성에스디에스,semi,2026-09-29,1,true,"{""p05"":209589.20314202982,""p10"":212717.79306516878,""p25"":215840.48715900874,""p50"":218784.110204126,""p75"":221786.81137375024,""p90"":224874.2373290256,""p95"":227139.543749287}",216500,2284.1102041259874,1.055016260566276,1.5,true,-0.0009857981546758099,-0.011415525114155223,down,down,true,212717.79306516878,224874.2373290256,true,5.550887791715446,12156.444263856829,0.05550887791715447,"{""up"":0.4526,""flat"":0.0651,""down"":0.4823}",0.47709806000000005,1,방향·크기 모두 맞음,true,"{""sourceUrl"":""https://fchart.stock.naver.com/sise.nhn?symbol=018260&timeframe=day&count=30&requestType=0"",""rawHash"":""084146b66e4cf7845473f84f7b6b304d97ac2098bcdd884eb0f9514be72528a4"",""observedAt"":""2026-09-29T09:54:42.000Z"",""finalClose"":true}",3,2026-09-29T09:54:42Z,v1
score-f812e6ee67187de2,score,2026-09-29,2026-09-29T09:54:42Z,,,"{""forecastId"":""2026-09-28-atlas11-90616c6bc916e8d6"",""inputSnapshotSHA256"":""ca4920c6cea0f4ce9d86aa86c43bf9459ba4c269665520f63dc79d82dfe0a539"",""collectionRecordId"":""collection-8641ba4a62ba280e""}",2026-09-28-atlas11-90616c6bc916e8d6,atlas11-A-1,live,,2026-09-28T13:13:16.576Z,2026-09-28,199100,086280,현대글로비스,auto,2026-09-29,1,true,"{""p05"":192046.71475057933,""p10"":193433.28150163442,""p25"":196229.31832782406,""p50"":198777.1416887925,""p75"":201608.9735930641,""p90"":205324.02929931454,""p95"":208086.46014594656}",196800,1977.1416887925006,1.0046451670693601,1.5,true,-0.0016215887052108968,-0.011551983927674536,down,down,true,193433.28150163442,205324.02929931454,true,5.972249019427482,11890.747797680116,0.05972249019427482,"{""up"":0.4491,""flat"":0.0395,""down"":0.5114}",0.44198102000000006,1,방향·크기 모두 맞음,false,"{""sourceUrl"":""https://fchart.stock.naver.com/sise.nhn?symbol=086280&timeframe=day&count=30&requestType=0"",""rawHash"":""1bde736b85a5a69c79a9625a23e2904b9241a42e50647db0798d9752123a59e4"",""observedAt"":""2026-09-29T09:54:42.000Z"",""finalClose"":true}",1,2026-09-29T09:54:42Z,v1
score-37b3582c95faaf23,score,2026-09-29,2026-09-29T09:54:42Z,score-60242e41ce17aff3,실제 종가 정정(362000 → 361500),"{""forecastId"":""2026-09-28-atlas11-90616c6bc916e8d6"",""inputSnapshotSHA256"":""ca4920c6cea0f4ce9d86aa86c43bf9459ba4c269665520f63dc79d82dfe0a539"",""collectionRecordId"":""collection-8641ba4a62ba280e""}",2026-09-28-atlas11-90616c6bc916e8d6,atlas11-A-1,live,,2026-09-28T13:13:16.576Z,2026-09-28,368500,278470,에이피알,cons,2026-09-29,1,true,"{""p05"":346334.485688635,""p10"":351852.708293176,""p25"":359333.1884225959,""p50"":368361.5128795771,""p75"":376464.322849605,""p90"":387705.2117008389,""p95"":391944.501496126}",361500,6861.512879577116,1.8980671866050114,1.5,false,-0.00037581308120182566,-0.018995929443690662,down,down,true,351852.708293176,387705.2117008389,true,9.72930893016631,35852.50340766285,0.0972930893016631,"{""up"":0.47585,""flat"":0.02985,""down"":0.4943}",0.483056735,2,방향 맞고 크기 틀림,true,"{""sourceUrl"":""https://fchart.stock.naver.com/sise.nhn?symbol=278470&timeframe=day&count=30&requestType=0"",""rawHash"":""cc78946c6512d5a1fbe2432df9b694cdd6b200d047f4a70ac9ebcbd81c9ac606"",""observedAt"":""2026-09-29T09:54:42.000Z"",""finalClose"":true}",3,2026-09-29T09:54:42Z,v1
score-8c7c3729f112c8f2,score,2026-09-29,2026-09-29T09:54:42Z,,,"{""forecastId"":""2026-09-28-atlas11-90616c6bc916e8d6"",""inputSnapshotSHA256"":""ca4920c6cea0f4ce9d86aa86c43bf9459ba4c269665520f63dc79d82dfe0a539"",""collectionRecordId"":""collection-8641ba4a62ba280e""}",2026-09-28-atlas11-90616c6bc916e8d6,atlas11-A-1,live,,2026-09-28T13:13:16.576Z,2026-09-28,31700,003490,대한항공,auto,2026-09-29,1,true,"{""p05"":30317.623824399067,""p10"":30692.782261353357,""p25"":31106.791822551182,""p50"":31523.24403063366,""p75"":32027.983261365498,""p90"":32592.11999716012,""p95"":32987.63103210483}",31400,123.24403063366117,0.39249691284605465,1.5,true,-0.005575898087266218,-0.009463722397476393,down,down,true,30692.782261353357,32592.11999716012,true,5.991601690242153,1899.3377358067628,0.059916016902421536,"{""up"":0.3967,""flat"":0.02655,""down"":0.57675}",0.337216355,1,방향·크기 모두 맞음,false,"{""sourceUrl"":""https://fchart.stock.naver.com/sise.nhn?symbol=003490&timeframe=day&count=30&requestType=0"",""rawHash"":""850b7c3f1226bb6cedcd856acc64af197fb4a6091ec3d99eb6f09978a85c49cc"",""observedAt"":""2026-09-29T09:54:42.000Z"",""finalClose"":true}",1,2026-09-29T09:54:42Z,v1
score-c4bc013b39637618,score,2026-09-29,2026-09-29T09:54:42Z,score-b5955276cf8f873b,실제 종가 정정(1221000 → 1221000),"{""forecastId"":""2026-09-28-atlas11-90616c6bc916e8d6"",""inputSnapshotSHA256"":""ca4920c6cea0f4ce9d86aa86c43bf9459ba4c269665520f63dc79d82dfe0a539"",""collectionRecordId"":""collection-8641ba4a62ba280e""}",2026-09-28-atlas11-90616c6bc916e8d6,atlas11-A-1,live,,2026-09-28T13:13:16.576Z,2026-09-28,1215000,003230,삼양식품,cons,2026-09-29,1,true,"{""p05"":1167110.028335501,""p10"":1174454.1380512444,""p25"":1190702.1285725543,""p50"":1210056.0148690285,""p75"":1232583.579668155,""p90"":1264359.4294562682,""p95"":1284787.257981781}",1221000,-10943.98513097153,0.8963132785398469,1.5,true,-0.004069123564585664,0.004938271604938205,down,up,false,1174454.1380512444,1264359.4294562682,true,7.399612461318829,89905.29140502377,0.07399612461318829,"{""up"":0.42485,""flat"":0.032,""down"":0.54315}",0.6268334450000002,3,크기 허용·방향 틀림,false,"{""sourceUrl"":""https://fchart.stock.naver.com/sise.nhn?symbol=003230&timeframe=day&count=30&requestType=0"",""rawHash"":""f6e5c991485eda95288ee8aa0f8bc37c4b404ed69a4b61bca840b5b371c4d4e7"",""observedAt"":""2026-09-29T09:54:42.000Z"",""finalClose"":true}",4,2026-09-29T09:54:42Z,v1
score-131aaff9e63cd910,score,2026-09-29,2026-09-29T09:54:42Z,score-70bb0bf0fe88e88b,실제 종가 정정(198000 → 197700),"{""forecastId"":""2026-09-28-atlas11-90616c6bc916e8d6"",""inputSnapshotSHA256"":""ca4920c6cea0f4ce9d86aa86c43bf9459ba4c269665520f63dc79d82dfe0a539"",""collectionRecordId"":""collection-8641ba4a62ba280e""}",2026-09-28-atlas11-90616c6bc916e8d6,atlas11-A-1,live,,2026-09-28T13:13:16.576Z,2026-09-28,202000,259960,크래프톤,net,2026-09-29,1,true,"{""p05"":194515.72419384462,""p10"":197017.13445517886,""p25"":199449.24124120484,""p50"":201850.14621360938,""p75"":204224.09963040406,""p90"":207071.6672737196,""p95"":208878.4781730164}",197700,4150.146213609376,2.0992140685935134,1.5,false,-0.0007418504276763827,-0.021287128712871306,down,down,true,197017.13445517886,207071.6672737196,true,4.977491494327093,10054.532818540727,0.04977491494327092,"{""up"":0.4535,""flat"":0.04995,""down"":0.49655}",0.46161915499999995,2,방향 맞고 크기 틀림,true,"{""sourceUrl"":""https://fchart.stock.naver.com/sise.nhn?symbol=259960&timeframe=day&count=30&requestType=0"",""rawHash"":""21eae88cbc740527c02054cc5c8fea905dd96ab6b7610b703d1f3f29277ea032"",""observedAt"":""2026-09-29T09:54:42.000Z"",""finalClose"":true}",3,2026-09-29T09:54:42Z,v1
score-fa506ab66540e03f,score,2026-09-29,2026-09-29T09:54:42Z,,,"{""forecastId"":""2026-09-28-atlas11-90616c6bc916e8d6"",""inputSnapshotSHA256"":""ca4920c6cea0f4ce9d86aa86c43bf9459ba4c269665520f63dc79d82dfe0a539"",""collectionRecordId"":""collection-8641ba4a62ba280e""}",2026-09-28-atlas11-90616c6bc916e8d6,atlas11-A-1,live,,2026-09-28T13:13:16.576Z,2026-09-28,161900,352820,하이브,net,2026-09-29,1,true,"{""p05"":155232.85397148438,""p10"":157519.94177044442,""p25"":159309.4767072444,""p50"":161861.67662654756,""p75"":164463.18908158338,""p90"":167446.62046544807,""p95"":169441.2786518481}",158900,2961.67662654756,1.8638619424465448,1.5,false,-0.000236710151034214,-0.018529956763434163,down,down,true,157519.94177044442,167446.62046544807,true,6.131364234097374,9926.678695003648,0.06131364234097374,"{""up"":0.47325,""flat"":0.03555,""down"":0.4912}",0.4841068049999999,2,방향 맞고 크기 틀림,true,"{""sourceUrl"":""https://fchart.stock.naver.com/sise.nhn?symbol=352820&timeframe=day&count=30&requestType=0"",""rawHash"":""b3d0d4e4e0594a4f4e956c503406829ffa3dd528aa3a2cc292b43e9089288ca9"",""observedAt"":""2026-09-29T09:54:42.000Z"",""finalClose"":true}",1,2026-09-29T09:54:42Z,v1
score-7308d30b5ab8a9d2,score,2026-09-29,2026-09-29T09:54:42Z,score-f069c5fb243acde8,실제 종가 정정(42500 → 42500),"{""forecastId"":""2026-09-28-atlas11-90616c6bc916e8d6"",""inputSnapshotSHA256"":""ca4920c6cea0f4ce9d86aa86c43bf9459ba4c269665520f63dc79d82dfe0a539"",""collectionRecordId"":""collection-8641ba4a62ba280e""}",2026-09-28-atlas11-90616c6bc916e8d6,atlas11-A-1,live,,2026-09-28T13:13:16.576Z,2026-09-28,43350,029780,삼성카드,fin,2026-09-29,1,true,"{""p05"":42263.106449834835,""p10"":42629.39273636437,""p25"":43002.812083453915,""p50"":43334.95655312725,""p75"":43716.80435104584,""p90"":44106.7399069947,""p95"":44327.21497812337}",42500,834.9565531272528,1.9646036544170655,1.5,false,-0.0003470229959111615,-0.019607843137254943,up,down,false,42629.39273636437,44106.7399069947,false,3.4079519507043408,2771.274534274002,0.06392790159801619,"{""up"":0.4676,""flat"":0.0649,""down"":0.4675}",0.5064180199999999,4,방향·크기 모두 틀림,true,"{""sourceUrl"":""https://fchart.stock.naver.com/sise.nhn?symbol=029780&timeframe=day&count=30&requestType=0"",""rawHash"":""71029223e05806b73326037f5a100a296344789ad3b1a35ffe9170b5883b2282"",""observedAt"":""2026-09-29T09:54:42.000Z"",""finalClose"":true}",3,2026-09-29T09:54:42Z,v1
score-fac6a21ce6d76ba2,score,2026-09-29,2026-09-29T09:54:42Z,score-e3ff0fd3ac21d44c,실제 종가 정정(338000 → 338000),"{""forecastId"":""2026-09-28-atlas11-90616c6bc916e8d6"",""inputSnapshotSHA256"":""ca4920c6cea0f4ce9d86aa86c43bf9459ba4c269665520f63dc79d82dfe0a539"",""collectionRecordId"":""collection-8641ba4a62ba280e""}",2026-09-28-atlas11-90616c6bc916e8d6,atlas11-A-1,live,,2026-09-28T13:13:16.576Z,2026-09-28,343500,004170,신세계,cons,2026-09-29,1,true,"{""p05"":325591.92873973766,""p10"":330277.93028220045,""p25"":337821.7994516415,""p50"":343342.7455045114,""p75"":349708.27956694935,""p90"":358103.5422087219,""p95"":364124.3141965789}",338000,5342.745504511404,1.5806939362459773,1.5,false,-0.0004578005691080467,-0.01601164483260553,down,down,true,330277.93028220045,358103.5422087219,true,8.10061482577044,27825.611926521466,0.08100614825770441,"{""up"":0.47355,""flat"":0.0385,""down"":0.48795}",0.487927055,2,방향 맞고 크기 틀림,true,"{""sourceUrl"":""https://fchart.stock.naver.com/sise.nhn?symbol=004170&timeframe=day&count=30&requestType=0"",""rawHash"":""630e04c3fe794f1a3e8a3da5fcd137976bdedcbb6fee42c25143a9719f9d0b28"",""observedAt"":""2026-09-29T09:54:42.000Z"",""finalClose"":true}",4,2026-09-29T09:54:42Z,v1
score-89a66f998a5d25e1,score,2026-09-29,2026-09-29T09:54:42Z,score-e07ffafb84879658,실제 종가 정정(82700 → 82700),"{""forecastId"":""2026-09-28-atlas11-90616c6bc916e8d6"",""inputSnapshotSHA256"":""ca4920c6cea0f4ce9d86aa86c43bf9459ba4c269665520f63dc79d82dfe0a539"",""collectionRecordId"":""collection-8641ba4a62ba280e""}",2026-09-28-atlas11-90616c6bc916e8d6,atlas11-A-1,live,,2026-09-28T13:13:16.576Z,2026-09-28,83300,012750,에스원,util,2026-09-29,1,true,"{""p05"":80536.35559825318,""p10"":81172.85357237454,""p25"":82388.62118419673,""p50"":83318.45216759473,""p75"":84258.21009974211,""p90"":85391.78037238593,""p95"":86122.37683397422}",82700,618.4521675947326,0.7478260793164844,1.5,true,0.00022151461698349806,-0.007202881152461038,down,down,true,81172.85357237454,85391.78037238593,true,5.064738055235751,4218.926800011381,0.05064738055235751,"{""up"":0.47765,""flat"":0.03765,""down"":0.4847}",0.49510113499999997,1,방향·크기 모두 맞음,true,"{""sourceUrl"":""https://fchart.stock.naver.com/sise.nhn?symbol=012750&timeframe=day&count=30&requestType=0"",""rawHash"":""ab72377e86a39d9a5d5564bfd341d2553c3198c8e062c27caf48f1a45fca578c"",""observedAt"":""2026-09-29T09:54:42.000Z"",""finalClose"":true}",3,2026-09-29T09:54:42Z,v1
score-155befdb6520944d,score,2026-09-29,2026-09-29T09:54:42Z,score-2e3be35434630776,실제 종가 정정(71000 → 70400),"{""forecastId"":""2026-09-28-atlas11-90616c6bc916e8d6"",""inputSnapshotSHA256"":""ca4920c6cea0f4ce9d86aa86c43bf9459ba4c269665520f63dc79d82dfe0a539"",""collectionRecordId"":""collection-8641ba4a62ba280e""}",2026-09-28-atlas11-90616c6bc916e8d6,atlas11-A-1,live,,2026-09-28T13:13:16.576Z,2026-09-28,71400,111770,영원무역,cons,2026-09-29,1,true,"{""p05"":68842.66994813422,""p10"":69525.65055750564,""p25"":70476.31557287904,""p50"":71351.78551452573,""p75"":72238.18154303075,""p90"":73292.22388245884,""p95"":73873.29414420051}",70400,951.7855145257345,1.3519680604058728,1.5,true,-0.000675272905802049,-0.014005602240896309,down,down,true,69525.65055750564,73292.22388245884,true,5.275312780046507,3766.573324953206,0.052753127800465066,"{""up"":0.46705,""flat"":0.04505,""down"":0.4879}",0.482411615,1,방향·크기 모두 맞음,true,"{""sourceUrl"":""https://fchart.stock.naver.com/sise.nhn?symbol=111770&timeframe=day&count=30&requestType=0"",""rawHash"":""e7545afcef94575568dcb22656051f8b079705b364e9c6591dd2567ef97cf52d"",""observedAt"":""2026-09-29T09:54:42.000Z"",""finalClose"":true}",4,2026-09-29T09:54:42Z,v1
score-d56c636e7fb64e7b,score,2026-09-29,2026-09-29T09:54:42Z,score-00c6c52d7b101387,실제 종가 정정(14370 → 14360),"{""forecastId"":""2026-09-28-atlas11-90616c6bc916e8d6"",""inputSnapshotSHA256"":""ca4920c6cea0f4ce9d86aa86c43bf9459ba4c269665520f63dc79d82dfe0a539"",""collectionRecordId"":""collection-8641ba4a62ba280e""}",2026-09-28-atlas11-90616c6bc916e8d6,atlas11-A-1,live,,2026-09-28T13:13:16.576Z,2026-09-28,14450,035250,강원랜드,cons,2026-09-29,1,true,"{""p05"":14183.803323297225,""p10"":14264.909549354876,""p25"":14354.522617006493,""p50"":14454.352468732806,""p75"":14551.437953332595,""p90"":14660.526899943452,""p95"":14728.701759173704}",14360,94.3524687328063,0.6570506179164783,1.5,true,0.00030120890884477447,-0.00622837370242213,up,down,false,14264.909549354876,14660.526899943452,true,2.7378363362531233,395.6173505885763,0.027378363362531234,"{""up"":0.47815,""flat"":0.0612,""down"":0.46065}",0.523271285,3,크기 허용·방향 틀림,true,"{""sourceUrl"":""https://fchart.stock.naver.com/sise.nhn?symbol=035250&timeframe=day&count=30&requestType=0"",""rawHash"":""f12ed9e0f95ad94d4ec60c9b90774b336a2bf186fc91a2ac38ae7319489c81a3"",""observedAt"":""2026-09-29T09:54:42.000Z"",""finalClose"":true}",3,2026-09-29T09:54:42Z,v1
score-85d834ed4113ee71,score,2026-09-29,2026-09-29T09:54:42Z,,,"{""forecastId"":""2026-09-28-atlas11-90616c6bc916e8d6"",""inputSnapshotSHA256"":""ca4920c6cea0f4ce9d86aa86c43bf9459ba4c269665520f63dc79d82dfe0a539"",""collectionRecordId"":""collection-8641ba4a62ba280e""}",2026-09-28-atlas11-90616c6bc916e8d6,atlas11-A-1,live,,2026-09-28T13:13:16.576Z,2026-09-28,39700,214370,케어젠,bio,2026-09-29,1,true,"{""p05"":37284.33017883997,""p10"":37939.99999216195,""p25"":38734.68111119334,""p50"":39553.001347714606,""p75"":40538.183486611764,""p90"":41587.35684094958,""p95"":42770.19505577538}",41450,-1896.9986522853942,4.576595059795885,1.5,false,-0.0037027368333852895,0.044080604534004975,down,up,false,37939.99999216195,41587.35684094958,true,9.187296848331549,3647.3568487876255,0.0918729684833155,"{""up"":0.43945,""flat"":0.0241,""down"":0.53645}",0.602575715,4,방향·크기 모두 틀림,false,"{""sourceUrl"":""https://fchart.stock.naver.com/sise.nhn?symbol=214370&timeframe=day&count=30&requestType=0"",""rawHash"":""0e29222eae00393ae53c49409b8103ef3e3eb44eb72d8c2934cd91dcb9ae2471"",""observedAt"":""2026-09-29T09:54:42.000Z"",""finalClose"":true}",1,2026-09-29T09:54:42Z,v1
score-687ea8b2a2e9b2e8,score,2026-09-29,2026-09-29T09:54:42Z,score-a840391a292fd746,실제 종가 정정(17830 → 17830),"{""forecastId"":""2026-09-28-atlas11-90616c6bc916e8d6"",""inputSnapshotSHA256"":""ca4920c6cea0f4ce9d86aa86c43bf9459ba4c269665520f63dc79d82dfe0a539"",""collectionRecordId"":""collection-8641ba4a62ba280e""}",2026-09-28-atlas11-90616c6bc916e8d6,atlas11-A-1,live,,2026-09-28T13:13:16.576Z,2026-09-28,17810,030000,제일기획,net,2026-09-29,1,true,"{""p05"":17433.565653654616,""p10"":17535.026889048455,""p25"":17681.85994267285,""p50"":17816.071505705717,""p75"":17949.803295727947,""p90"":18104.463046077653,""p95"":18191.681431911446}",17830,-13.928494294283155,0.07811830787595712,1.5,true,0.0003409043068902662,0.001122964626614209,up,up,true,17535.026889048455,18104.463046077653,true,3.1972833072947697,569.4361570291985,0.031972833072947696,"{""up"":0.47655,""flat"":0.08075,""down"":0.4427}",0.4765037549999999,1,방향·크기 모두 맞음,true,"{""sourceUrl"":""https://fchart.stock.naver.com/sise.nhn?symbol=030000&timeframe=day&count=30&requestType=0"",""rawHash"":""d248e80e6a57a788b82072de9595c29b189f40d56d7d6bc4c63323072aaa68c9"",""observedAt"":""2026-09-29T09:54:42.000Z"",""finalClose"":true}",3,2026-09-29T09:54:42Z,v1
score-31bd7e4e89bfa6e2,score,2026-09-29,2026-09-29T09:54:42Z,score-6103def653321d20,실제 종가 정정(353000 → 353000),"{""forecastId"":""2026-09-28-atlas11-27e1f65cfc167be9"",""inputSnapshotSHA256"":""ca4920c6cea0f4ce9d86aa86c43bf9459ba4c269665520f63dc79d82dfe0a539"",""collectionRecordId"":""collection-8641ba4a62ba280e""}",2026-09-28-atlas11-27e1f65cfc167be9,atlas11-A-1,live,,2026-09-28T13:29:56.398Z,2026-09-28,364000,373220,LG에너지솔루션,chem,2026-09-29,1,true,"{""p05"":346283.04784207523,""p10"":350561.15791234677,""p25"":357002.81359864585,""p50"":363889.58422618534,""p75"":370098.08786334074,""p90"":378195.2210586166,""p95"":383199.6276313005}",353000,10889.58422618534,3.0848680527437224,1.5,false,-0.0003033400379524043,-0.030219780219780223,down,down,true,350561.15791234677,378195.2210586166,true,7.591775589634567,27634.063146269822,0.07591775589634567,"{""up"":0.47695,""flat"":0.0288,""down"":0.49425}",0.4840938049999999,2,방향 맞고 크기 틀림,true,"{""sourceUrl"":""https://fchart.stock.naver.com/sise.nhn?symbol=373220&timeframe=day&count=30&requestType=0"",""rawHash"":""84772404f65ddeafb12df6f28b616cd8d42213c44e6f343ec9d02abaa24bc038"",""observedAt"":""2026-09-29T09:54:42.000Z"",""finalClose"":true}",2,2026-09-29T09:54:42Z,v1
score-e61d8ca14408415e,score,2026-09-29,2026-09-29T09:54:42Z,score-e100d435391b6baa,실제 종가 정정(1382000 → 1380000),"{""forecastId"":""2026-09-28-atlas11-27e1f65cfc167be9"",""inputSnapshotSHA256"":""ca4920c6cea0f4ce9d86aa86c43bf9459ba4c269665520f63dc79d82dfe0a539"",""collectionRecordId"":""collection-8641ba4a62ba280e""}",2026-09-28-atlas11-27e1f65cfc167be9,atlas11-A-1,live,,2026-09-28T13:29:56.398Z,2026-09-28,1400000,207940,삼성바이오로직스,bio,2026-09-29,1,true,"{""p05"":1357602.8558678068,""p10"":1368563.7863792372,""p25"":1384871.2844752804,""p50"":1399983.3959986803,""p75"":1414479.652132455,""p90"":1433814.1689408997,""p95"":1448325.1584901272}",1380000,19983.395998680266,1.4480721738174105,1.5,true,-0.000011860000942665039,-0.014285714285714235,down,down,true,1368563.7863792372,1433814.1689408997,true,4.660741611547319,65250.38256166247,0.04660741611547319,"{""up"":0.46155,""flat"":0.0718,""down"":0.46665}",0.502645865,1,방향·크기 모두 맞음,true,"{""sourceUrl"":""https://fchart.stock.naver.com/sise.nhn?symbol=207940&timeframe=day&count=30&requestType=0"",""rawHash"":""b091fe12ae39ecac278b2656ff0bee82d93780a9d6cc0e03556b1c7ba5dcf8c5"",""observedAt"":""2026-09-29T09:54:42.000Z"",""finalClose"":true}",2,2026-09-29T09:54:42Z,v1
score-4ecda258de3393c6,score,2026-09-29,2026-09-29T09:54:42Z,score-25525c891753bb7f,실제 종가 정정(173000 → 172700),"{""forecastId"":""2026-09-28-atlas11-27e1f65cfc167be9"",""inputSnapshotSHA256"":""ca4920c6cea0f4ce9d86aa86c43bf9459ba4c269665520f63dc79d82dfe0a539"",""collectionRecordId"":""collection-8641ba4a62ba280e""}",2026-09-28-atlas11-27e1f65cfc167be9,atlas11-A-1,live,,2026-09-28T13:29:56.398Z,2026-09-28,174200,105560,KB금융,fin,2026-09-29,1,true,"{""p05"":168736.7513415192,""p10"":170653.93347739067,""p25"":172567.952835848,""p50"":174487.55869753243,""p75"":176403.20308750152,""p90"":178865.03949070975,""p95"":179893.4133977843}",172700,1787.5586975324259,1.0350658352822384,1.5,true,0.0016507387918049954,-0.008610792192881744,up,down,false,170653.93347739067,178865.03949070975,true,4.7136085036274835,8211.106013319077,0.04713608503627484,"{""up"":0.5161,""flat"":0.05875,""down"":0.42515}",0.6002632950000002,3,크기 허용·방향 틀림,false,"{""sourceUrl"":""https://fchart.stock.naver.com/sise.nhn?symbol=105560&timeframe=day&count=30&requestType=0"",""rawHash"":""530a970c5bc042548272ede4d54e7e15906abd0c90400626a2bc432e2e11e23f"",""observedAt"":""2026-09-29T09:54:42.000Z"",""finalClose"":true}",2,2026-09-29T09:54:42Z,v1
score-e73a448179c926d5,score,2026-09-29,2026-09-29T09:54:42Z,score-9da0c88d3af6ad43,실제 종가 정정(346500 → 346000),"{""forecastId"":""2026-09-28-atlas11-27e1f65cfc167be9"",""inputSnapshotSHA256"":""ca4920c6cea0f4ce9d86aa86c43bf9459ba4c269665520f63dc79d82dfe0a539"",""collectionRecordId"":""collection-8641ba4a62ba280e""}",2026-09-28-atlas11-27e1f65cfc167be9,atlas11-A-1,live,,2026-09-28T13:29:56.398Z,2026-09-28,345500,028260,삼성물산,util,2026-09-29,1,true,"{""p05"":328020.1742018236,""p10"":332785.1201425453,""p25"":338941.2461901572,""p50"":344958.0702034151,""p75"":351467.49548612104,""p90"":357982.26434519724,""p95"":364681.7002766492}",346000,-1041.9297965848818,0.30113577935979247,1.5,true,-0.0015685377614612639,0.0014471780028944004,down,up,false,332785.1201425453,357982.26434519724,true,7.292950565166982,25197.14420265192,0.07292950565166982,"{""up"":0.4504,""flat"":0.0365,""down"":0.5131}",0.5666640199999999,3,크기 허용·방향 틀림,false,"{""sourceUrl"":""https://fchart.stock.naver.com/sise.nhn?symbol=028260&timeframe=day&count=30&requestType=0"",""rawHash"":""df85758e87034557496ece32b1e83ca7f886d4f2b234e6fe862044a97c29fe1e"",""observedAt"":""2026-09-29T09:54:42.000Z"",""finalClose"":true}",2,2026-09-29T09:54:42Z,v1
score-a9a6677033099765,score,2026-09-29,2026-09-29T09:54:42Z,score-49d3c2a1704ad24f,실제 종가 정정(290500 → 290000),"{""forecastId"":""2026-09-28-atlas11-27e1f65cfc167be9"",""inputSnapshotSHA256"":""ca4920c6cea0f4ce9d86aa86c43bf9459ba4c269665520f63dc79d82dfe0a539"",""collectionRecordId"":""collection-8641ba4a62ba280e""}",2026-09-28-atlas11-27e1f65cfc167be9,atlas11-A-1,live,,2026-09-28T13:29:56.398Z,2026-09-28,296000,032830,삼성생명보험,fin,2026-09-29,1,true,"{""p05"":284919.1109859912,""p10"":287409.0377263782,""p25"":291482.65744255786,""p50"":295753.2895100759,""p75"":300067.30325072515,""p90"":305297.5313173459,""p95"":310221.6028908093}",290000,5753.289510075876,1.9838929345089227,1.5,false,-0.0008334813848788203,-0.020270270270270285,down,down,true,287409.0377263782,305297.5313173459,true,6.043409996948557,17888.49359096773,0.06043409996948557,"{""up"":0.4651,""flat"":0.0381,""down"":0.4968}",0.47097986,2,방향 맞고 크기 틀림,true,"{""sourceUrl"":""https://fchart.stock.naver.com/sise.nhn?symbol=032830&timeframe=day&count=30&requestType=0"",""rawHash"":""16e5acae5528c504ef28d765ae42bcf87dbb2e61e60cb2a836b0af172b649b5d"",""observedAt"":""2026-09-29T09:54:42.000Z"",""finalClose"":true}",4,2026-09-29T09:54:42Z,v1
score-53c972b533d881b1,score,2026-09-29,2026-09-29T09:54:42Z,,,"{""forecastId"":""2026-09-28-atlas11-27e1f65cfc167be9"",""inputSnapshotSHA256"":""ca4920c6cea0f4ce9d86aa86c43bf9459ba4c269665520f63dc79d82dfe0a539"",""collectionRecordId"":""collection-8641ba4a62ba280e""}",2026-09-28-atlas11-27e1f65cfc167be9,atlas11-A-1,live,,2026-09-28T13:29:56.398Z,2026-09-28,1034000,012450,한화에어로스페이스,heavy,2026-09-29,1,true,"{""p05"":969706.8925177942,""p10"":984630.5575461051,""p25"":1011292.0088631839,""p50"":1031456.2339009612,""p75"":1056119.6843431022,""p90"":1086095.0155636712,""p95"":1104259.7823926979}",1014000,17456.233900961233,1.7215220809626464,1.5,false,-0.002460121952648664,-0.01934235976789167,down,down,true,984630.5575461051,1086095.0155636712,true,9.812810253149529,101464.45801756612,0.09812810253149529,"{""up"":0.4477,""flat"":0.0185,""down"":0.5338}",0.41811997999999995,2,방향 맞고 크기 틀림,false,"{""sourceUrl"":""https://fchart.stock.naver.com/sise.nhn?symbol=012450&timeframe=day&count=30&requestType=0"",""rawHash"":""504c8de8180f178dcdac5f572dbc0d0db953285c9debaad1ade5bb778c2659bb"",""observedAt"":""2026-09-29T09:54:42.000Z"",""finalClose"":true}",1,2026-09-29T09:54:42Z,v1
score-ee4730f067e2a843,score,2026-09-29,2026-09-29T09:54:42Z,score-d26f46a7358033ad,실제 종가 정정(583000 → 583000),"{""forecastId"":""2026-09-28-atlas11-27e1f65cfc167be9"",""inputSnapshotSHA256"":""ca4920c6cea0f4ce9d86aa86c43bf9459ba4c269665520f63dc79d82dfe0a539"",""collectionRecordId"":""collection-8641ba4a62ba280e""}",2026-09-28-atlas11-27e1f65cfc167be9,atlas11-A-1,live,,2026-09-28T13:29:56.398Z,2026-09-28,578000,034730,SK,util,2026-09-29,1,true,"{""p05"":541444.4294046052,""p10"":550635.5661565217,""p25"":564535.1303113344,""p50"":576872.1475233042,""p75"":589655.7779364492,""p90"":604443.705473313,""p95"":617153.4516341505}",583000,-6127.852476695785,1.051089618644217,1.5,true,-0.0019513018627954626,0.00865051903114189,down,up,false,550635.5661565217,604443.705473313,true,9.309366663804726,53808.13931679132,0.09309366663804726,"{""up"":0.4624,""flat"":0.0276,""down"":0.51}",0.5498755200000001,3,크기 허용·방향 틀림,true,"{""sourceUrl"":""https://fchart.stock.naver.com/sise.nhn?symbol=034730&timeframe=day&count=30&requestType=0"",""rawHash"":""34552bd190ce450bfa089bb2646937ad43b1902c441ee473b020112dba7767d9"",""observedAt"":""2026-09-29T09:54:42.000Z"",""finalClose"":true}",3,2026-09-29T09:54:42Z,v1
score-39026ba2b449fe58,score,2026-09-29,2026-09-29T09:54:42Z,score-102c17718ed5ecd7,실제 종가 정정(367000 → 366500),"{""forecastId"":""2026-09-28-atlas11-27e1f65cfc167be9"",""inputSnapshotSHA256"":""ca4920c6cea0f4ce9d86aa86c43bf9459ba4c269665520f63dc79d82dfe0a539"",""collectionRecordId"":""collection-8641ba4a62ba280e""}",2026-09-28-atlas11-27e1f65cfc167be9,atlas11-A-1,live,,2026-09-28T13:29:56.398Z,2026-09-28,373000,012330,현대모비스,auto,2026-09-29,1,true,"{""p05"":358772.90497834486,""p10"":362126.5333312346,""p25"":366957.01634595566,""p50"":372406.850475414,""p75"":377653.43229395803,""p90"":385452.5519261805,""p95"":390594.7898261063}",366500,5906.850475414016,1.6116918077528009,1.5,false,-0.001590213202643409,-0.017426273458445052,down,down,true,362126.5333312346,385452.5519261805,true,6.253624288189248,23326.018594945897,0.06253624288189248,"{""up"":0.43185,""flat"":0.03915,""down"":0.529}",0.409868145,2,방향 맞고 크기 틀림,false,"{""sourceUrl"":""https://fchart.stock.naver.com/sise.nhn?symbol=012330&timeframe=day&count=30&requestType=0"",""rawHash"":""2bb6926ae7703c9c4e3929e4e9818e13aefbbc5fc58e7f1d9d1280778e9d4ced"",""observedAt"":""2026-09-29T09:54:42.000Z"",""finalClose"":true}",2,2026-09-29T09:54:42Z,v1
score-194baeac63b745c5,score,2026-09-29,2026-09-29T09:54:42Z,,,"{""forecastId"":""2026-09-28-atlas11-27e1f65cfc167be9"",""inputSnapshotSHA256"":""ca4920c6cea0f4ce9d86aa86c43bf9459ba4c269665520f63dc79d82dfe0a539"",""collectionRecordId"":""collection-8641ba4a62ba280e""}",2026-09-28-atlas11-27e1f65cfc167be9,atlas11-A-1,live,,2026-09-28T13:29:56.398Z,2026-09-28,214500,066570,LG전자,semi,2026-09-29,1,true,"{""p05"":203762.76006373917,""p10"":207029.15227986226,""p25"":210256.36029296048,""p50"":214085.87852900955,""p75"":217868.84926576726,""p90"":222304.66202608088,""p95"":226396.11564459262}",214500,-414.12147099044523,0.1930636228393684,1.5,true,-0.001930636228393734,0,down,flat,false,207029.15227986226,222304.66202608088,true,7.121449765136887,15275.509746218624,0.07121449765136888,"{""up"":0.4618,""flat"":0.0358,""down"":0.5024}",1.3953466399999999,3,크기 허용·방향 틀림,true,"{""sourceUrl"":""https://fchart.stock.naver.com/sise.nhn?symbol=066570&timeframe=day&count=30&requestType=0"",""rawHash"":""0c62841f7bc5e517086346f672ce6f9515003f223dec286708d0f736b47f4958"",""observedAt"":""2026-09-29T09:54:42.000Z"",""finalClose"":true}",1,2026-09-29T09:54:42Z,v1
score-1a9d267d6d87e3f9,score,2026-09-29,2026-09-29T09:54:42Z,score-191dfc52c3fc0977,실제 종가 정정(206000 → 205000),"{""forecastId"":""2026-09-28-atlas11-27e1f65cfc167be9"",""inputSnapshotSHA256"":""ca4920c6cea0f4ce9d86aa86c43bf9459ba4c269665520f63dc79d82dfe0a539"",""collectionRecordId"":""collection-8641ba4a62ba280e""}",2026-09-28-atlas11-27e1f65cfc167be9,atlas11-A-1,live,,2026-09-28T13:29:56.398Z,2026-09-28,204500,010120,LS ELECTRIC,heavy,2026-09-29,1,true,"{""p05"":192106.34290352813,""p10"":195550.49770063313,""p25"":199357.7837811446,""p50"":203814.5144623374,""p75"":208623.11067374476,""p90"":215234.86034770997,""p95"":220131.88731137884}",205000,-1185.4855376626074,0.5782856281281011,1.5,true,-0.0033520075191325605,0.0024449877750611915,down,up,false,195550.49770063313,215234.86034770997,true,9.62560520639454,19684.362647076836,0.09625605206394541,"{""up"":0.4381,""flat"":0.03555,""down"":0.52635}",0.5940397350000001,3,크기 허용·방향 틀림,false,"{""sourceUrl"":""https://fchart.stock.naver.com/sise.nhn?symbol=010120&timeframe=day&count=30&requestType=0"",""rawHash"":""783a086a687e12c5e2beda6a76950f5ff25561a0370d0a46a6e773bb1336b832"",""observedAt"":""2026-09-29T09:54:42.000Z"",""finalClose"":true}",2,2026-09-29T09:54:42Z,v1
score-6b7e81153175a49e,score,2026-09-29,2026-09-29T09:54:42Z,score-1fc50b627144e0d3,실제 종가 정정(651000 → 651000),"{""forecastId"":""2026-09-28-atlas11-27e1f65cfc167be9"",""inputSnapshotSHA256"":""ca4920c6cea0f4ce9d86aa86c43bf9459ba4c269665520f63dc79d82dfe0a539"",""collectionRecordId"":""collection-8641ba4a62ba280e""}",2026-09-28-atlas11-27e1f65cfc167be9,atlas11-A-1,live,,2026-09-28T13:29:56.398Z,2026-09-28,661000,000810,삼성화재,fin,2026-09-29,1,true,"{""p05"":636920.9851996747,""p10"":643276.2325376064,""p25"":651731.5013673092,""p50"":659816.9294697228,""p75"":667681.3182408422,""p90"":678637.1886861576,""p95"":689444.3602459042}",651000,8816.929469722789,1.354367046040367,1.5,true,-0.0017898192591183637,-0.015128593040847238,down,down,true,643276.2325376064,678637.1886861576,true,5.349615151066747,35360.956148551195,0.053496151510667465,"{""up"":0.43965,""flat"":0.0426,""down"":0.51775}",0.42767194499999994,1,방향·크기 모두 맞음,false,"{""sourceUrl"":""https://fchart.stock.naver.com/sise.nhn?symbol=000810&timeframe=day&count=30&requestType=0"",""rawHash"":""f1f0dabb00ad815042ab39d641ef3789e822363b48874dad9e828269ea758f7a"",""observedAt"":""2026-09-29T09:54:42.000Z"",""finalClose"":true}",3,2026-09-29T09:54:42Z,v1
score-9166b4cf534a5757,score,2026-09-29,2026-09-29T09:54:42Z,,,"{""forecastId"":""2026-09-28-atlas11-27e1f65cfc167be9"",""inputSnapshotSHA256"":""ca4920c6cea0f4ce9d86aa86c43bf9459ba4c269665520f63dc79d82dfe0a539"",""collectionRecordId"":""collection-8641ba4a62ba280e""}",2026-09-28-atlas11-27e1f65cfc167be9,atlas11-A-1,live,,2026-09-28T13:29:56.398Z,2026-09-28,316500,005490,POSCO홀딩스,chem,2026-09-29,1,true,"{""p05"":305216.7854954408,""p10"":308486.3518087661,""p25"":312134.37156597286,""p50"":316019.6069491387,""p75"":320291.3546378308,""p90"":326584.40632761177,""p95"":329711.13144621573}",305500,10519.606949138688,3.443406529996297,1.5,false,-0.0015178295445854584,-0.034755134281200584,down,down,true,308486.3518087661,326584.40632761177,false,5.718184682099744,47961.57260650647,0.15153735420697145,"{""up"":0.4601,""flat"":0.0192,""down"":0.5207}",0.44178913999999997,2,방향 맞고 크기 틀림,false,"{""sourceUrl"":""https://fchart.stock.naver.com/sise.nhn?symbol=005490&timeframe=day&count=30&requestType=0"",""rawHash"":""9d2c72fcd53431ed45370db331450fdfbd9ee2101b6b833f0f397d10f0990c25"",""observedAt"":""2026-09-29T09:54:42.000Z"",""finalClose"":true}",1,2026-09-29T09:54:42Z,v1
score-691ee2e10dac4b31,score,2026-09-29,2026-09-29T09:54:42Z,score-bad1ea9ec7602ef7,실제 종가 정정(1070000 → 1070000),"{""forecastId"":""2026-09-28-atlas11-27e1f65cfc167be9"",""inputSnapshotSHA256"":""ca4920c6cea0f4ce9d86aa86c43bf9459ba4c269665520f63dc79d82dfe0a539"",""collectionRecordId"":""collection-8641ba4a62ba280e""}",2026-09-28-atlas11-27e1f65cfc167be9,atlas11-A-1,live,,2026-09-28T13:29:56.398Z,2026-09-28,1102000,010130,고려아연,chem,2026-09-29,1,true,"{""p05"":1047066.6983239547,""p10"":1059658.2537400885,""p25"":1079123.4036174065,""p50"":1098971.5410571957,""p75"":1116873.1684080453,""p90"":1154342.2595145754,""p95"":1177400.5143642912}",1070000,28971.541057195747,2.7076206595510044,1.5,false,-0.002748147860983874,-0.029038112522686066,down,down,true,1059658.2537400885,1154342.2595145754,true,8.592015043056879,94684.00577448681,0.08592015043056879,"{""up"":0.40635,""flat"":0.05045,""down"":0.5432}",0.376331765,2,방향 맞고 크기 틀림,false,"{""sourceUrl"":""https://fchart.stock.naver.com/sise.nhn?symbol=010130&timeframe=day&count=30&requestType=0"",""rawHash"":""da2eadf6b11a0b6af047681e56b6f8e4d7d34e65c00df6d90bccf92658ab2dbb"",""observedAt"":""2026-09-29T09:54:42.000Z"",""finalClose"":true}",2,2026-09-29T09:54:42Z,v1
score-16cf17f5ee451b6c,score,2026-09-29,2026-09-29T09:54:42Z,score-4b0b302c047b22b6,실제 종가 정정(132300 → 132100),"{""forecastId"":""2026-09-28-atlas11-27e1f65cfc167be9"",""inputSnapshotSHA256"":""ca4920c6cea0f4ce9d86aa86c43bf9459ba4c269665520f63dc79d82dfe0a539"",""collectionRecordId"":""collection-8641ba4a62ba280e""}",2026-09-28-atlas11-27e1f65cfc167be9,atlas11-A-1,live,,2026-09-28T13:29:56.398Z,2026-09-28,133400,138040,메리츠금융지주,fin,2026-09-29,1,true,"{""p05"":128258.61922292049,""p10"":129551.53986593716,""p25"":131243.71664324414,""p50"":132768.04948520704,""p75"":134741.74697269898,""p90"":137216.58867525094,""p95"":139029.9283805387}",132100,668.0494852070406,0.505714977446662,1.5,true,-0.0047372602308317635,-0.009745127436281864,down,down,true,129551.53986593716,137216.58867525094,true,5.745913650160257,7665.048809313783,0.05745913650160257,"{""up"":0.3737,""flat"":0.05435,""down"":0.57195}",0.32583241500000004,1,방향·크기 모두 맞음,false,"{""sourceUrl"":""https://fchart.stock.naver.com/sise.nhn?symbol=138040&timeframe=day&count=30&requestType=0"",""rawHash"":""0569db38373652d56fdc3c2a2801152190f424af2be5e5b452579e3da0c336ef"",""observedAt"":""2026-09-29T09:54:42.000Z"",""finalClose"":true}",2,2026-09-29T09:54:42Z,v1
score-680b32a6d8c6a9c7,score,2026-09-29,2026-09-29T09:54:42Z,score-711a2503ded9f60d,실제 종가 정정(30050 → 30050),"{""forecastId"":""2026-09-28-atlas11-27e1f65cfc167be9"",""inputSnapshotSHA256"":""ca4920c6cea0f4ce9d86aa86c43bf9459ba4c269665520f63dc79d82dfe0a539"",""collectionRecordId"":""collection-8641ba4a62ba280e""}",2026-09-28-atlas11-27e1f65cfc167be9,atlas11-A-1,live,,2026-09-28T13:29:56.398Z,2026-09-28,30700,015760,한국전력,util,2026-09-29,1,true,"{""p05"":29545.00911211901,""p10"":29903.31780130189,""p25"":30306.4204445081,""p50"":30676.824961368737,""p75"":31095.529020039874,""p90"":31527.29588795409,""p95"":31857.19140062714}",30050,626.8249613687367,2.085939971276994,1.5,false,-0.0007548872518327032,-0.021172638436482094,down,down,true,29903.31780130189,31527.29588795409,true,5.289830901147225,1623.9780866521978,0.052898309011472244,"{""up"":0.45455,""flat"":0.07095,""down"":0.4745}",0.4877998550000001,2,방향 맞고 크기 틀림,true,"{""sourceUrl"":""https://fchart.stock.naver.com/sise.nhn?symbol=015760&timeframe=day&count=30&requestType=0"",""rawHash"":""2c3583dca3b499ea3a5a15d2d1e1c283799940a5c8dd103bd45b1fd64b06d7fe"",""observedAt"":""2026-09-29T09:54:42.000Z"",""finalClose"":true}",2,2026-09-29T09:54:42Z,v1
score-8e0b34a37fa1b74f,score,2026-09-29,2026-09-29T09:54:42Z,score-d67185c8514a5bc0,실제 종가 정정(20950 → 20900),"{""forecastId"":""2026-09-28-atlas11-27e1f65cfc167be9"",""inputSnapshotSHA256"":""ca4920c6cea0f4ce9d86aa86c43bf9459ba4c269665520f63dc79d82dfe0a539"",""collectionRecordId"":""collection-8641ba4a62ba280e""}",2026-09-28-atlas11-27e1f65cfc167be9,atlas11-A-1,live,,2026-09-28T13:29:56.398Z,2026-09-28,21250,011200,HMM,auto,2026-09-29,1,true,"{""p05"":20563.006008668403,""p10"":20729.930885585552,""p25"":20995.706578038098,""p50"":21242.451327034338,""p75"":21489.31200885098,""p90"":21783.726474531657,""p95"":22054.92072785394}",20900,342.45132703433774,1.6385230958580754,1.5,false,-0.0003552316689723334,-0.016470588235294126,down,down,true,20729.930885585552,21783.726474531657,true,4.959038065628727,1053.7955889461045,0.04959038065628727,"{""up"":0.44675,""flat"":0.06675,""down"":0.4865}",0.46772337500000005,2,방향 맞고 크기 틀림,true,"{""sourceUrl"":""https://fchart.stock.naver.com/sise.nhn?symbol=011200&timeframe=day&count=30&requestType=0"",""rawHash"":""64b39ef38da65971845a405d7f98305e01a3d7c37d65ccdaebe7308bac0abd43"",""observedAt"":""2026-09-29T09:54:42.000Z"",""finalClose"":true}",4,2026-09-29T09:54:42Z,v1
score-fbf95124595f6284,score,2026-09-29,2026-09-29T09:54:42Z,,,"{""forecastId"":""2026-09-28-atlas11-27e1f65cfc167be9"",""inputSnapshotSHA256"":""ca4920c6cea0f4ce9d86aa86c43bf9459ba4c269665520f63dc79d82dfe0a539"",""collectionRecordId"":""collection-8641ba4a62ba280e""}",2026-09-28-atlas11-27e1f65cfc167be9,atlas11-A-1,live,,2026-09-28T13:29:56.398Z,2026-09-28,262500,051910,LG화학,chem,2026-09-29,1,true,"{""p05"":248269.96541713693,""p10"":251772.083769255,""p25"":257461.18852877346,""p50"":261995.6613746196,""p75"":266704.2906650907,""p90"":274073.92039877444,""p95"":278522.55927568476}",251000,10995.661374619609,4.380741583513789,1.5,false,-0.0019212900014491385,-0.043809523809523854,down,down,true,251772.083769255,274073.92039877444,false,8.495937763626454,30022.67432206942,0.11437209265550255,"{""up"":0.4769,""flat"":0.013,""down"":0.5101}",0.46760462,2,방향 맞고 크기 틀림,true,"{""sourceUrl"":""https://fchart.stock.naver.com/sise.nhn?symbol=051910&timeframe=day&count=30&requestType=0"",""rawHash"":""2f26421201dc95a1ca0676091edb91aa9973053f829f528e97505e287f7fc83e"",""observedAt"":""2026-09-29T09:54:42.000Z"",""finalClose"":true}",1,2026-09-29T09:54:42Z,v1
score-5c30abaa8c970dbf,score,2026-09-29,2026-09-29T09:54:42Z,score-e07d73739cac8167,실제 종가 정정(176100 → 176200),"{""forecastId"":""2026-09-28-atlas11-27e1f65cfc167be9"",""inputSnapshotSHA256"":""ca4920c6cea0f4ce9d86aa86c43bf9459ba4c269665520f63dc79d82dfe0a539"",""collectionRecordId"":""collection-8641ba4a62ba280e""}",2026-09-28-atlas11-27e1f65cfc167be9,atlas11-A-1,live,,2026-09-28T13:29:56.398Z,2026-09-28,175400,033780,KT&G,cons,2026-09-29,1,true,"{""p05"":170583.93921499507,""p10"":172149.2145070198,""p25"":173701.56201631532,""p50"":175265.80363252517,""p75"":176943.40485221357,""p90"":179093.1559451884,""p95"":180663.200499342}",176200,-934.1963674748258,0.5301909009505255,1.5,true,-0.0007650876138816098,0.004561003420752607,down,up,false,172149.2145070198,179093.1559451884,true,3.9589175816240636,6943.941438168607,0.039589175816240635,"{""up"":0.4473,""flat"":0.0571,""down"":0.4956}",0.55435706,3,크기 허용·방향 틀림,true,"{""sourceUrl"":""https://fchart.stock.naver.com/sise.nhn?symbol=033780&timeframe=day&count=30&requestType=0"",""rawHash"":""915a44351ca3e9088989b2d65d609ac4f1ac1aa022e333825c3c3cf17789eeb7"",""observedAt"":""2026-09-29T09:54:42.000Z"",""finalClose"":true}",2,2026-09-29T09:54:42Z,v1
score-f763b44d5544c15e,score,2026-09-29,2026-09-29T09:54:42Z,,,"{""forecastId"":""2026-09-28-atlas11-27e1f65cfc167be9"",""inputSnapshotSHA256"":""ca4920c6cea0f4ce9d86aa86c43bf9459ba4c269665520f63dc79d82dfe0a539"",""collectionRecordId"":""collection-8641ba4a62ba280e""}",2026-09-28-atlas11-27e1f65cfc167be9,atlas11-A-1,live,,2026-09-28T13:29:56.398Z,2026-09-28,252500,196170,알테오젠,bio,2026-09-29,1,true,"{""p05"":240984.86349572783,""p10"":244101.11322715753,""p25"":247933.27651170708,""p50"":252065.44638641848,""p75"":257089.77087631347,""p90"":262457.00008566456,""p95"":266077.1473605795}",254000,-1934.55361358152,0.7616352809376064,1.5,true,-0.0017210044102238253,0.005940594059405946,down,up,false,244101.11322715753,262457.00008566456,true,7.269658161784963,18355.88685850703,0.07269658161784963,"{""up"":0.4706,""flat"":0.0208,""down"":0.5086}",0.5393709600000001,3,크기 허용·방향 틀림,true,"{""sourceUrl"":""https://fchart.stock.naver.com/sise.nhn?symbol=196170&timeframe=day&count=30&requestType=0"",""rawHash"":""07f0db818eaebe987b45fb39fcfe9d112eb8380b5047e4fce7eb5ad183e90e21"",""observedAt"":""2026-09-29T09:54:42.000Z"",""finalClose"":true}",1,2026-09-29T09:54:42Z,v1
score-b2a0733d5206d95e,score,2026-09-29,2026-09-29T09:54:42Z,score-003e06552128bf93,실제 종가 정정(216500 → 216500),"{""forecastId"":""2026-09-28-atlas11-27e1f65cfc167be9"",""inputSnapshotSHA256"":""ca4920c6cea0f4ce9d86aa86c43bf9459ba4c269665520f63dc79d82dfe0a539"",""collectionRecordId"":""collection-8641ba4a62ba280e""}",2026-09-28-atlas11-27e1f65cfc167be9,atlas11-A-1,live,,2026-09-28T13:29:56.398Z,2026-09-28,219000,018260,삼성에스디에스,semi,2026-09-29,1,true,"{""p05"":209589.20314202982,""p10"":212717.79306516878,""p25"":215840.48715900874,""p50"":218784.110204126,""p75"":221786.81137375024,""p90"":224874.2373290256,""p95"":227139.543749287}",216500,2284.1102041259874,1.055016260566276,1.5,true,-0.0009857981546758099,-0.011415525114155223,down,down,true,212717.79306516878,224874.2373290256,true,5.550887791715446,12156.444263856829,0.05550887791715447,"{""up"":0.4526,""flat"":0.0651,""down"":0.4823}",0.47709806000000005,1,방향·크기 모두 맞음,true,"{""sourceUrl"":""https://fchart.stock.naver.com/sise.nhn?symbol=018260&timeframe=day&count=30&requestType=0"",""rawHash"":""084146b66e4cf7845473f84f7b6b304d97ac2098bcdd884eb0f9514be72528a4"",""observedAt"":""2026-09-29T09:54:42.000Z"",""finalClose"":true}",3,2026-09-29T09:54:42Z,v1
score-59f746676057a671,score,2026-09-29,2026-09-29T09:54:42Z,,,"{""forecastId"":""2026-09-28-atlas11-27e1f65cfc167be9"",""inputSnapshotSHA256"":""ca4920c6cea0f4ce9d86aa86c43bf9459ba4c269665520f63dc79d82dfe0a539"",""collectionRecordId"":""collection-8641ba4a62ba280e""}",2026-09-28-atlas11-27e1f65cfc167be9,atlas11-A-1,live,,2026-09-28T13:29:56.398Z,2026-09-28,199100,086280,현대글로비스,auto,2026-09-29,1,true,"{""p05"":192046.71475057933,""p10"":193433.28150163442,""p25"":196229.31832782406,""p50"":198777.1416887925,""p75"":201608.9735930641,""p90"":205324.02929931454,""p95"":208086.46014594656}",196800,1977.1416887925006,1.0046451670693601,1.5,true,-0.0016215887052108968,-0.011551983927674536,down,down,true,193433.28150163442,205324.02929931454,true,5.972249019427482,11890.747797680116,0.05972249019427482,"{""up"":0.4491,""flat"":0.0395,""down"":0.5114}",0.44198102000000006,1,방향·크기 모두 맞음,false,"{""sourceUrl"":""https://fchart.stock.naver.com/sise.nhn?symbol=086280&timeframe=day&count=30&requestType=0"",""rawHash"":""1bde736b85a5a69c79a9625a23e2904b9241a42e50647db0798d9752123a59e4"",""observedAt"":""2026-09-29T09:54:42.000Z"",""finalClose"":true}",1,2026-09-29T09:54:42Z,v1
score-ffd3fb3124009518,score,2026-09-29,2026-09-29T09:54:42Z,score-058e7d72526bfd54,실제 종가 정정(362000 → 361500),"{""forecastId"":""2026-09-28-atlas11-27e1f65cfc167be9"",""inputSnapshotSHA256"":""ca4920c6cea0f4ce9d86aa86c43bf9459ba4c269665520f63dc79d82dfe0a539"",""collectionRecordId"":""collection-8641ba4a62ba280e""}",2026-09-28-atlas11-27e1f65cfc167be9,atlas11-A-1,live,,2026-09-28T13:29:56.398Z,2026-09-28,368500,278470,에이피알,cons,2026-09-29,1,true,"{""p05"":346334.485688635,""p10"":351852.708293176,""p25"":359333.1884225959,""p50"":368361.5128795771,""p75"":376464.322849605,""p90"":387705.2117008389,""p95"":391944.501496126}",361500,6861.512879577116,1.8980671866050114,1.5,false,-0.00037581308120182566,-0.018995929443690662,down,down,true,351852.708293176,387705.2117008389,true,9.72930893016631,35852.50340766285,0.0972930893016631,"{""up"":0.47585,""flat"":0.02985,""down"":0.4943}",0.483056735,2,방향 맞고 크기 틀림,true,"{""sourceUrl"":""https://fchart.stock.naver.com/sise.nhn?symbol=278470&timeframe=day&count=30&requestType=0"",""rawHash"":""cc78946c6512d5a1fbe2432df9b694cdd6b200d047f4a70ac9ebcbd81c9ac606"",""observedAt"":""2026-09-29T09:54:42.000Z"",""finalClose"":true}",3,2026-09-29T09:54:42Z,v1
score-f649372056af2037,score,2026-09-29,2026-09-29T09:54:42Z,,,"{""forecastId"":""2026-09-28-atlas11-27e1f65cfc167be9"",""inputSnapshotSHA256"":""ca4920c6cea0f4ce9d86aa86c43bf9459ba4c269665520f63dc79d82dfe0a539"",""collectionRecordId"":""collection-8641ba4a62ba280e""}",2026-09-28-atlas11-27e1f65cfc167be9,atlas11-A-1,live,,2026-09-28T13:29:56.398Z,2026-09-28,31700,003490,대한항공,auto,2026-09-29,1,true,"{""p05"":30317.623824399067,""p10"":30692.782261353357,""p25"":31106.791822551182,""p50"":31523.24403063366,""p75"":32027.983261365498,""p90"":32592.11999716012,""p95"":32987.63103210483}",31400,123.24403063366117,0.39249691284605465,1.5,true,-0.005575898087266218,-0.009463722397476393,down,down,true,30692.782261353357,32592.11999716012,true,5.991601690242153,1899.3377358067628,0.059916016902421536,"{""up"":0.3967,""flat"":0.02655,""down"":0.57675}",0.337216355,1,방향·크기 모두 맞음,false,"{""sourceUrl"":""https://fchart.stock.naver.com/sise.nhn?symbol=003490&timeframe=day&count=30&requestType=0"",""rawHash"":""850b7c3f1226bb6cedcd856acc64af197fb4a6091ec3d99eb6f09978a85c49cc"",""observedAt"":""2026-09-29T09:54:42.000Z"",""finalClose"":true}",1,2026-09-29T09:54:42Z,v1
score-6f0271e608afa81e,score,2026-09-29,2026-09-29T09:54:42Z,score-0f66eb8a0fbb6818,실제 종가 정정(1221000 → 1221000),"{""forecastId"":""2026-09-28-atlas11-27e1f65cfc167be9"",""inputSnapshotSHA256"":""ca4920c6cea0f4ce9d86aa86c43bf9459ba4c269665520f63dc79d82dfe0a539"",""collectionRecordId"":""collection-8641ba4a62ba280e""}",2026-09-28-atlas11-27e1f65cfc167be9,atlas11-A-1,live,,2026-09-28T13:29:56.398Z,2026-09-28,1215000,003230,삼양식품,cons,2026-09-29,1,true,"{""p05"":1167110.028335501,""p10"":1174454.1380512444,""p25"":1190702.1285725543,""p50"":1210056.0148690285,""p75"":1232583.579668155,""p90"":1264359.4294562682,""p95"":1284787.257981781}",1221000,-10943.98513097153,0.8963132785398469,1.5,true,-0.004069123564585664,0.004938271604938205,down,up,false,1174454.1380512444,1264359.4294562682,true,7.399612461318829,89905.29140502377,0.07399612461318829,"{""up"":0.42485,""flat"":0.032,""down"":0.54315}",0.6268334450000002,3,크기 허용·방향 틀림,false,"{""sourceUrl"":""https://fchart.stock.naver.com/sise.nhn?symbol=003230&timeframe=day&count=30&requestType=0"",""rawHash"":""f6e5c991485eda95288ee8aa0f8bc37c4b404ed69a4b61bca840b5b371c4d4e7"",""observedAt"":""2026-09-29T09:54:42.000Z"",""finalClose"":true}",4,2026-09-29T09:54:42Z,v1
score-22d21870779b94a9,score,2026-09-29,2026-09-29T09:54:42Z,score-9e9cfb9f7562cc22,실제 종가 정정(198000 → 197700),"{""forecastId"":""2026-09-28-atlas11-27e1f65cfc167be9"",""inputSnapshotSHA256"":""ca4920c6cea0f4ce9d86aa86c43bf9459ba4c269665520f63dc79d82dfe0a539"",""collectionRecordId"":""collection-8641ba4a62ba280e""}",2026-09-28-atlas11-27e1f65cfc167be9,atlas11-A-1,live,,2026-09-28T13:29:56.398Z,2026-09-28,202000,259960,크래프톤,net,2026-09-29,1,true,"{""p05"":194515.72419384462,""p10"":197017.13445517886,""p25"":199449.24124120484,""p50"":201850.14621360938,""p75"":204224.09963040406,""p90"":207071.6672737196,""p95"":208878.4781730164}",197700,4150.146213609376,2.0992140685935134,1.5,false,-0.0007418504276763827,-0.021287128712871306,down,down,true,197017.13445517886,207071.6672737196,true,4.977491494327093,10054.532818540727,0.04977491494327092,"{""up"":0.4535,""flat"":0.04995,""down"":0.49655}",0.46161915499999995,2,방향 맞고 크기 틀림,true,"{""sourceUrl"":""https://fchart.stock.naver.com/sise.nhn?symbol=259960&timeframe=day&count=30&requestType=0"",""rawHash"":""21eae88cbc740527c02054cc5c8fea905dd96ab6b7610b703d1f3f29277ea032"",""observedAt"":""2026-09-29T09:54:42.000Z"",""finalClose"":true}",3,2026-09-29T09:54:42Z,v1
score-e0a06d2527469ee6,score,2026-09-29,2026-09-29T09:54:42Z,,,"{""forecastId"":""2026-09-28-atlas11-27e1f65cfc167be9"",""inputSnapshotSHA256"":""ca4920c6cea0f4ce9d86aa86c43bf9459ba4c269665520f63dc79d82dfe0a539"",""collectionRecordId"":""collection-8641ba4a62ba280e""}",2026-09-28-atlas11-27e1f65cfc167be9,atlas11-A-1,live,,2026-09-28T13:29:56.398Z,2026-09-28,161900,352820,하이브,net,2026-09-29,1,true,"{""p05"":155232.85397148438,""p10"":157519.94177044442,""p25"":159309.4767072444,""p50"":161861.67662654756,""p75"":164463.18908158338,""p90"":167446.62046544807,""p95"":169441.2786518481}",158900,2961.67662654756,1.8638619424465448,1.5,false,-0.000236710151034214,-0.018529956763434163,down,down,true,157519.94177044442,167446.62046544807,true,6.131364234097374,9926.678695003648,0.06131364234097374,"{""up"":0.47325,""flat"":0.03555,""down"":0.4912}",0.4841068049999999,2,방향 맞고 크기 틀림,true,"{""sourceUrl"":""https://fchart.stock.naver.com/sise.nhn?symbol=352820&timeframe=day&count=30&requestType=0"",""rawHash"":""b3d0d4e4e0594a4f4e956c503406829ffa3dd528aa3a2cc292b43e9089288ca9"",""observedAt"":""2026-09-29T09:54:42.000Z"",""finalClose"":true}",1,2026-09-29T09:54:42Z,v1
score-504329e0910ff191,score,2026-09-29,2026-09-29T09:54:42Z,score-18cf1c78f9e17c4a,실제 종가 정정(42500 → 42500),"{""forecastId"":""2026-09-28-atlas11-27e1f65cfc167be9"",""inputSnapshotSHA256"":""ca4920c6cea0f4ce9d86aa86c43bf9459ba4c269665520f63dc79d82dfe0a539"",""collectionRecordId"":""collection-8641ba4a62ba280e""}",2026-09-28-atlas11-27e1f65cfc167be9,atlas11-A-1,live,,2026-09-28T13:29:56.398Z,2026-09-28,43350,029780,삼성카드,fin,2026-09-29,1,true,"{""p05"":42263.106449834835,""p10"":42629.39273636437,""p25"":43002.812083453915,""p50"":43334.95655312725,""p75"":43716.80435104584,""p90"":44106.7399069947,""p95"":44327.21497812337}",42500,834.9565531272528,1.9646036544170655,1.5,false,-0.0003470229959111615,-0.019607843137254943,up,down,false,42629.39273636437,44106.7399069947,false,3.4079519507043408,2771.274534274002,0.06392790159801619,"{""up"":0.4676,""flat"":0.0649,""down"":0.4675}",0.5064180199999999,4,방향·크기 모두 틀림,true,"{""sourceUrl"":""https://fchart.stock.naver.com/sise.nhn?symbol=029780&timeframe=day&count=30&requestType=0"",""rawHash"":""71029223e05806b73326037f5a100a296344789ad3b1a35ffe9170b5883b2282"",""observedAt"":""2026-09-29T09:54:42.000Z"",""finalClose"":true}",3,2026-09-29T09:54:42Z,v1
score-db199544bcf18bb6,score,2026-09-29,2026-09-29T09:54:42Z,score-6bd9c55bc2038c00,실제 종가 정정(338000 → 338000),"{""forecastId"":""2026-09-28-atlas11-27e1f65cfc167be9"",""inputSnapshotSHA256"":""ca4920c6cea0f4ce9d86aa86c43bf9459ba4c269665520f63dc79d82dfe0a539"",""collectionRecordId"":""collection-8641ba4a62ba280e""}",2026-09-28-atlas11-27e1f65cfc167be9,atlas11-A-1,live,,2026-09-28T13:29:56.398Z,2026-09-28,343500,004170,신세계,cons,2026-09-29,1,true,"{""p05"":325591.92873973766,""p10"":330277.93028220045,""p25"":337821.7994516415,""p50"":343342.7455045114,""p75"":349708.27956694935,""p90"":358103.5422087219,""p95"":364124.3141965789}",338000,5342.745504511404,1.5806939362459773,1.5,false,-0.0004578005691080467,-0.01601164483260553,down,down,true,330277.93028220045,358103.5422087219,true,8.10061482577044,27825.611926521466,0.08100614825770441,"{""up"":0.47355,""flat"":0.0385,""down"":0.48795}",0.487927055,2,방향 맞고 크기 틀림,true,"{""sourceUrl"":""https://fchart.stock.naver.com/sise.nhn?symbol=004170&timeframe=day&count=30&requestType=0"",""rawHash"":""630e04c3fe794f1a3e8a3da5fcd137976bdedcbb6fee42c25143a9719f9d0b28"",""observedAt"":""2026-09-29T09:54:42.000Z"",""finalClose"":true}",4,2026-09-29T09:54:42Z,v1
score-d9962517886b4fc1,score,2026-09-29,2026-09-29T09:54:42Z,score-728c05f5cde86a93,실제 종가 정정(82700 → 82700),"{""forecastId"":""2026-09-28-atlas11-27e1f65cfc167be9"",""inputSnapshotSHA256"":""ca4920c6cea0f4ce9d86aa86c43bf9459ba4c269665520f63dc79d82dfe0a539"",""collectionRecordId"":""collection-8641ba4a62ba280e""}",2026-09-28-atlas11-27e1f65cfc167be9,atlas11-A-1,live,,2026-09-28T13:29:56.398Z,2026-09-28,83300,012750,에스원,util,2026-09-29,1,true,"{""p05"":80536.35559825318,""p10"":81172.85357237454,""p25"":82388.62118419673,""p50"":83318.45216759473,""p75"":84258.21009974211,""p90"":85391.78037238593,""p95"":86122.37683397422}",82700,618.4521675947326,0.7478260793164844,1.5,true,0.00022151461698349806,-0.007202881152461038,down,down,true,81172.85357237454,85391.78037238593,true,5.064738055235751,4218.926800011381,0.05064738055235751,"{""up"":0.47765,""flat"":0.03765,""down"":0.4847}",0.49510113499999997,1,방향·크기 모두 맞음,true,"{""sourceUrl"":""https://fchart.stock.naver.com/sise.nhn?symbol=012750&timeframe=day&count=30&requestType=0"",""rawHash"":""ab72377e86a39d9a5d5564bfd341d2553c3198c8e062c27caf48f1a45fca578c"",""observedAt"":""2026-09-29T09:54:42.000Z"",""finalClose"":true}",3,2026-09-29T09:54:42Z,v1
score-ecb969556eaab9e3,score,2026-09-29,2026-09-29T09:54:42Z,score-541d122917a269d6,실제 종가 정정(71000 → 70400),"{""forecastId"":""2026-09-28-atlas11-27e1f65cfc167be9"",""inputSnapshotSHA256"":""ca4920c6cea0f4ce9d86aa86c43bf9459ba4c269665520f63dc79d82dfe0a539"",""collectionRecordId"":""collection-8641ba4a62ba280e""}",2026-09-28-atlas11-27e1f65cfc167be9,atlas11-A-1,live,,2026-09-28T13:29:56.398Z,2026-09-28,71400,111770,영원무역,cons,2026-09-29,1,true,"{""p05"":68842.66994813422,""p10"":69525.65055750564,""p25"":70476.31557287904,""p50"":71351.78551452573,""p75"":72238.18154303075,""p90"":73292.22388245884,""p95"":73873.29414420051}",70400,951.7855145257345,1.3519680604058728,1.5,true,-0.000675272905802049,-0.014005602240896309,down,down,true,69525.65055750564,73292.22388245884,true,5.275312780046507,3766.573324953206,0.052753127800465066,"{""up"":0.46705,""flat"":0.04505,""down"":0.4879}",0.482411615,1,방향·크기 모두 맞음,true,"{""sourceUrl"":""https://fchart.stock.naver.com/sise.nhn?symbol=111770&timeframe=day&count=30&requestType=0"",""rawHash"":""e7545afcef94575568dcb22656051f8b079705b364e9c6591dd2567ef97cf52d"",""observedAt"":""2026-09-29T09:54:42.000Z"",""finalClose"":true}",4,2026-09-29T09:54:42Z,v1
score-88604c1576117a1e,score,2026-09-29,2026-09-29T09:54:42Z,score-a8c0fcf6d3ec7b62,실제 종가 정정(14370 → 14360),"{""forecastId"":""2026-09-28-atlas11-27e1f65cfc167be9"",""inputSnapshotSHA256"":""ca4920c6cea0f4ce9d86aa86c43bf9459ba4c269665520f63dc79d82dfe0a539"",""collectionRecordId"":""collection-8641ba4a62ba280e""}",2026-09-28-atlas11-27e1f65cfc167be9,atlas11-A-1,live,,2026-09-28T13:29:56.398Z,2026-09-28,14450,035250,강원랜드,cons,2026-09-29,1,true,"{""p05"":14183.803323297225,""p10"":14264.909549354876,""p25"":14354.522617006493,""p50"":14454.352468732806,""p75"":14551.437953332595,""p90"":14660.526899943452,""p95"":14728.701759173704}",14360,94.3524687328063,0.6570506179164783,1.5,true,0.00030120890884477447,-0.00622837370242213,up,down,false,14264.909549354876,14660.526899943452,true,2.7378363362531233,395.6173505885763,0.027378363362531234,"{""up"":0.47815,""flat"":0.0612,""down"":0.46065}",0.523271285,3,크기 허용·방향 틀림,true,"{""sourceUrl"":""https://fchart.stock.naver.com/sise.nhn?symbol=035250&timeframe=day&count=30&requestType=0"",""rawHash"":""f12ed9e0f95ad94d4ec60c9b90774b336a2bf186fc91a2ac38ae7319489c81a3"",""observedAt"":""2026-09-29T09:54:42.000Z"",""finalClose"":true}",3,2026-09-29T09:54:42Z,v1
score-19a0808d3aa02024,score,2026-09-29,2026-09-29T09:54:42Z,,,"{""forecastId"":""2026-09-28-atlas11-27e1f65cfc167be9"",""inputSnapshotSHA256"":""ca4920c6cea0f4ce9d86aa86c43bf9459ba4c269665520f63dc79d82dfe0a539"",""collectionRecordId"":""collection-8641ba4a62ba280e""}",2026-09-28-atlas11-27e1f65cfc167be9,atlas11-A-1,live,,2026-09-28T13:29:56.398Z,2026-09-28,39700,214370,케어젠,bio,2026-09-29,1,true,"{""p05"":37284.33017883997,""p10"":37939.99999216195,""p25"":38734.68111119334,""p50"":39553.001347714606,""p75"":40538.183486611764,""p90"":41587.35684094958,""p95"":42770.19505577538}",41450,-1896.9986522853942,4.576595059795885,1.5,false,-0.0037027368333852895,0.044080604534004975,down,up,false,37939.99999216195,41587.35684094958,true,9.187296848331549,3647.3568487876255,0.0918729684833155,"{""up"":0.43945,""flat"":0.0241,""down"":0.53645}",0.602575715,4,방향·크기 모두 틀림,false,"{""sourceUrl"":""https://fchart.stock.naver.com/sise.nhn?symbol=214370&timeframe=day&count=30&requestType=0"",""rawHash"":""0e29222eae00393ae53c49409b8103ef3e3eb44eb72d8c2934cd91dcb9ae2471"",""observedAt"":""2026-09-29T09:54:42.000Z"",""finalClose"":true}",1,2026-09-29T09:54:42Z,v1
score-bb9ecb09cb3c6d96,score,2026-09-29,2026-09-29T09:54:42Z,score-e28322950af9d102,실제 종가 정정(17830 → 17830),"{""forecastId"":""2026-09-28-atlas11-27e1f65cfc167be9"",""inputSnapshotSHA256"":""ca4920c6cea0f4ce9d86aa86c43bf9459ba4c269665520f63dc79d82dfe0a539"",""collectionRecordId"":""collection-8641ba4a62ba280e""}",2026-09-28-atlas11-27e1f65cfc167be9,atlas11-A-1,live,,2026-09-28T13:29:56.398Z,2026-09-28,17810,030000,제일기획,net,2026-09-29,1,true,"{""p05"":17433.565653654616,""p10"":17535.026889048455,""p25"":17681.85994267285,""p50"":17816.071505705717,""p75"":17949.803295727947,""p90"":18104.463046077653,""p95"":18191.681431911446}",17830,-13.928494294283155,0.07811830787595712,1.5,true,0.0003409043068902662,0.001122964626614209,up,up,true,17535.026889048455,18104.463046077653,true,3.1972833072947697,569.4361570291985,0.031972833072947696,"{""up"":0.47655,""flat"":0.08075,""down"":0.4427}",0.4765037549999999,1,방향·크기 모두 맞음,true,"{""sourceUrl"":""https://fchart.stock.naver.com/sise.nhn?symbol=030000&timeframe=day&count=30&requestType=0"",""rawHash"":""d248e80e6a57a788b82072de9595c29b189f40d56d7d6bc4c63323072aaa68c9"",""observedAt"":""2026-09-29T09:54:42.000Z"",""finalClose"":true}",3,2026-09-29T09:54:42Z,v1
score-434e9c67ab9fc3e1,score,2026-09-29,2026-09-29T10:06:25Z,score-f3ef1d9c1fa9ab3d,실제 종가 정정(172700 → 173100),"{""forecastId"":""2026-09-23-rolling20-c2697de31ff6788c"",""inputSnapshotSHA256"":""9873c863bc9e2962a429dc21f256ea758207997361bb2ca87eb88d16b85c4bf2"",""collectionRecordId"":""collection-0d0511e4125387fd""}",2026-09-23-rolling20-c2697de31ff6788c,atlas-rolling20-A,reference,,2026-09-28T07:59:39.699Z,2026-09-23,174100,105560,KB금융,fin,2026-09-29,2,true,"{""p05"":null,""p10"":168858.6860888178,""p25"":null,""p50"":174646.31243658927,""p75"":null,""p90"":180637.64020668968,""p95"":null}",173100,1546.3124365892727,0.8933058559152355,2,true,0.0031379232429022963,-0.005743825387708235,up,down,false,168858.6860888178,180637.64020668968,true,6.765625570288271,11778.95411787188,0.06765625570288271,"{""up"":0.5383,""flat"":0.03405,""down"":0.42765}",0.618510815,3,크기 허용·방향 틀림,,"{""sourceUrl"":""https://fchart.stock.naver.com/sise.nhn?symbol=105560&timeframe=day&count=30&requestType=0"",""rawHash"":""a61863dcc886af40bb4f440ee0b88300043bf3a0ca688619060dd8e3aa8b9c39"",""observedAt"":""2026-09-29T10:06:25.000Z"",""finalClose"":true}",3,2026-09-29T10:06:25Z,v1
score-0087cda01ce3a1fa,score,2026-09-29,2026-09-29T10:06:25Z,score-64ae8834a5d99b94,실제 종가 정정(290000 → 290000),"{""forecastId"":""2026-09-23-rolling20-c2697de31ff6788c"",""inputSnapshotSHA256"":""9873c863bc9e2962a429dc21f256ea758207997361bb2ca87eb88d16b85c4bf2"",""collectionRecordId"":""collection-0d0511e4125387fd""}",2026-09-23-rolling20-c2697de31ff6788c,atlas-rolling20-A,reference,,2026-09-28T07:59:39.699Z,2026-09-23,295000,032830,삼성생명보험,fin,2026-09-29,2,true,"{""p05"":null,""p10"":282692.17672401806,""p25"":null,""p50"":294956.2703234566,""p75"":null,""p90"":310130.514293514,""p95"":null}",290000,4956.270323456614,1.7090587322264188,2,true,-0.00014823619167247948,-0.016949152542372836,down,down,true,282692.17672401806,310130.514293514,true,9.301131379490155,27438.337569495954,0.09301131379490155,"{""up"":0.48485,""flat"":0.0259,""down"":0.48925}",0.49661589500000003,1,방향·크기 모두 맞음,,"{""sourceUrl"":""https://fchart.stock.naver.com/sise.nhn?symbol=032830&timeframe=day&count=30&requestType=0"",""rawHash"":""cef0f115c67bf931913c204bd70667de4d806a95927ca168fe785edb762545b7"",""observedAt"":""2026-09-29T10:06:25.000Z"",""finalClose"":true}",5,2026-09-29T10:06:25Z,v1
score-5d09383903399037,score,2026-09-29,2026-09-29T10:06:25Z,score-bd7a2f9cfa13cdf6,실제 종가 정정(1014000 → 1014000),"{""forecastId"":""2026-09-23-rolling20-c2697de31ff6788c"",""inputSnapshotSHA256"":""9873c863bc9e2962a429dc21f256ea758207997361bb2ca87eb88d16b85c4bf2"",""collectionRecordId"":""collection-0d0511e4125387fd""}",2026-09-23-rolling20-c2697de31ff6788c,atlas-rolling20-A,reference,,2026-09-28T07:59:39.699Z,2026-09-23,1031000,012450,한화에어로스페이스,heavy,2026-09-29,2,true,"{""p05"":null,""p10"":962534.7741938416,""p25"":null,""p50"":1029208.4551885992,""p75"":null,""p90"":1105651.6858829684,""p95"":null}",1014000,15208.455188599182,1.4998476517356196,2,true,-0.0017376768296807343,-0.016488845780795347,down,down,true,962534.7741938416,1105651.6858829684,true,13.88136873803363,143116.91168912675,0.1388136873803363,"{""up"":0.4782,""flat"":0.015,""down"":0.5068}",0.47214648,1,방향·크기 모두 맞음,,"{""sourceUrl"":""https://fchart.stock.naver.com/sise.nhn?symbol=012450&timeframe=day&count=30&requestType=0"",""rawHash"":""5096c801dceb1f80f73c7629d68c58861a652054b562212d1bd77c89431830bd"",""observedAt"":""2026-09-29T10:06:25.000Z"",""finalClose"":true}",2,2026-09-29T10:06:25Z,v1
score-e4d6cdb197782d70,score,2026-09-29,2026-09-29T10:06:25Z,score-87082b9b1ee5ecf1,실제 종가 정정(205000 → 205500),"{""forecastId"":""2026-09-23-rolling20-c2697de31ff6788c"",""inputSnapshotSHA256"":""9873c863bc9e2962a429dc21f256ea758207997361bb2ca87eb88d16b85c4bf2"",""collectionRecordId"":""collection-0d0511e4125387fd""}",2026-09-23-rolling20-c2697de31ff6788c,atlas-rolling20-A,reference,,2026-09-28T07:59:39.699Z,2026-09-23,207000,010120,LS ELECTRIC,heavy,2026-09-29,2,true,"{""p05"":null,""p10"":193460.97437249875,""p25"":null,""p50"":206192.10930207864,""p75"":null,""p90"":222701.3090772745,""p95"":null}",205500,692.1093020786357,0.33679284772683,2,true,-0.003902853613146684,-0.007246376811594235,down,down,true,193460.97437249875,222701.3090772745,true,14.125765557862676,29240.33470477574,0.14125765557862677,"{""up"":0.45975,""flat"":0.0162,""down"":0.52405}",0.43816090499999993,1,방향·크기 모두 맞음,,"{""sourceUrl"":""https://fchart.stock.naver.com/sise.nhn?symbol=010120&timeframe=day&count=30&requestType=0"",""rawHash"":""31800c7f3471bdf5c7b30a9d36d8f838fb6d2b673cf4a6d7a2b85980296b5ac8"",""observedAt"":""2026-09-29T10:06:25.000Z"",""finalClose"":true}",3,2026-09-29T10:06:25Z,v1
score-e8921ef96cfd8cae,score,2026-09-29,2026-09-29T10:06:25Z,score-fc2c04011132dc7c,실제 종가 정정(651000 → 651000),"{""forecastId"":""2026-09-23-rolling20-c2697de31ff6788c"",""inputSnapshotSHA256"":""9873c863bc9e2962a429dc21f256ea758207997361bb2ca87eb88d16b85c4bf2"",""collectionRecordId"":""collection-0d0511e4125387fd""}",2026-09-23-rolling20-c2697de31ff6788c,atlas-rolling20-A,reference,,2026-09-28T07:59:39.699Z,2026-09-23,648000,000810,삼성화재,fin,2026-09-29,2,true,"{""p05"":null,""p10"":622917.9787108448,""p25"":null,""p50"":646077.3010494856,""p75"":null,""p90"":675440.3313850642,""p95"":null}",651000,-4922.69895051443,0.7561749539960723,2,true,-0.002967128010053166,0.004629629629629539,down,up,false,622917.9787108448,675440.3313850642,true,8.105301338614106,52522.35267421941,0.08105301338614106,"{""up"":0.44365,""flat"":0.0285,""down"":0.52785}",0.588963195,3,크기 허용·방향 틀림,,"{""sourceUrl"":""https://fchart.stock.naver.com/sise.nhn?symbol=000810&timeframe=day&count=30&requestType=0"",""rawHash"":""b20b03f1143311b5e6740a441650d24e42af4b195b6024b254b1fdd4a972402d"",""observedAt"":""2026-09-29T10:06:25.000Z"",""finalClose"":true}",4,2026-09-29T10:06:25Z,v1
score-636f86ba1c1adb1c,score,2026-09-29,2026-09-29T10:06:25Z,score-a85e0b221f3da717,실제 종가 정정(132100 → 132200),"{""forecastId"":""2026-09-23-rolling20-c2697de31ff6788c"",""inputSnapshotSHA256"":""9873c863bc9e2962a429dc21f256ea758207997361bb2ca87eb88d16b85c4bf2"",""collectionRecordId"":""collection-0d0511e4125387fd""}",2026-09-23-rolling20-c2697de31ff6788c,atlas-rolling20-A,reference,,2026-09-28T07:59:39.699Z,2026-09-23,125500,138040,메리츠금융지주,fin,2026-09-29,2,true,"{""p05"":null,""p10"":121540.38249140065,""p25"":null,""p50"":125410.5069671091,""p75"":null,""p90"":130463.9115304543,""p95"":null}",132200,-6789.493032890896,5.135773852413688,2,false,-0.0007130918955450261,0.05338645418326693,down,up,false,121540.38249140065,130463.9115304543,false,7.11038170442521,26284.4137345107,0.20943755963753546,"{""up"":0.47405,""flat"":0.03125,""down"":0.4947}",0.5223280549999999,4,방향·크기 모두 틀림,,"{""sourceUrl"":""https://fchart.stock.naver.com/sise.nhn?symbol=138040&timeframe=day&count=30&requestType=0"",""rawHash"":""0b7288b5d47b0a3bf8504fd7fb478d08f5ae220a055f2878e3e614414bbf07bb"",""observedAt"":""2026-09-29T10:06:25.000Z"",""finalClose"":true}",3,2026-09-29T10:06:25Z,v1
score-ec5190212b3dfd9c,score,2026-09-29,2026-09-29T10:06:25Z,score-dd81819afa6bc707,실제 종가 정정(30050 → 30050),"{""forecastId"":""2026-09-23-rolling20-c2697de31ff6788c"",""inputSnapshotSHA256"":""9873c863bc9e2962a429dc21f256ea758207997361bb2ca87eb88d16b85c4bf2"",""collectionRecordId"":""collection-0d0511e4125387fd""}",2026-09-23-rolling20-c2697de31ff6788c,atlas-rolling20-A,reference,,2026-09-28T07:59:39.699Z,2026-09-23,30450,015760,한국전력,util,2026-09-29,2,true,"{""p05"":null,""p10"":29255.687481117344,""p25"":null,""p50"":30433.219222622054,""p75"":null,""p90"":31658.516504025978,""p95"":null}",30050,383.2192226220541,1.2752719554810452,2,true,-0.0005510928531344828,-0.013136288998357948,down,down,true,29255.687481117344,31658.516504025978,true,7.891064114642477,2402.829022908634,0.07891064114642476,"{""up"":0.4771,""flat"":0.0294,""down"":0.4935}",0.48503102,1,방향·크기 모두 맞음,,"{""sourceUrl"":""https://fchart.stock.naver.com/sise.nhn?symbol=015760&timeframe=day&count=30&requestType=0"",""rawHash"":""75eb198622c91b49fffd5fa9c33423c74b0945d73bb34c583f656aec7a156a4c"",""observedAt"":""2026-09-29T10:06:25.000Z"",""finalClose"":true}",3,2026-09-29T10:06:25Z,v1
score-0830dff7274bc7e3,score,2026-09-29,2026-09-29T10:06:25Z,score-647770592a1eacb3,실제 종가 정정(20900 → 20900),"{""forecastId"":""2026-09-23-rolling20-c2697de31ff6788c"",""inputSnapshotSHA256"":""9873c863bc9e2962a429dc21f256ea758207997361bb2ca87eb88d16b85c4bf2"",""collectionRecordId"":""collection-0d0511e4125387fd""}",2026-09-23-rolling20-c2697de31ff6788c,atlas-rolling20-A,reference,,2026-09-28T07:59:39.699Z,2026-09-23,20850,011200,HMM,auto,2026-09-29,2,true,"{""p05"":null,""p10"":20168.173160065548,""p25"":null,""p50"":20829.09384305578,""p75"":null,""p90"":21582.18201526155,""p95"":null}",20900,-70.90615694422013,0.33926390882401974,2,true,-0.00100269337861969,0.0023980815347721673,down,up,false,20168.173160065548,21582.18201526155,true,6.781817051299777,1414.0088551960034,0.06781817051299777,"{""up"":0.46685,""flat"":0.0331,""down"":0.50005}",0.535394535,3,크기 허용·방향 틀림,,"{""sourceUrl"":""https://fchart.stock.naver.com/sise.nhn?symbol=011200&timeframe=day&count=30&requestType=0"",""rawHash"":""6b0bdd285b005eb31595882180351c1ccaca67cbf217a892382e67ea6450b0cb"",""observedAt"":""2026-09-29T10:06:25.000Z"",""finalClose"":true}",5,2026-09-29T10:06:25Z,v1
score-219693c32e4e108b,score,2026-09-29,2026-09-29T10:06:25Z,score-d5c737b0d0ad240a,실제 종가 정정(176200 → 176100),"{""forecastId"":""2026-09-23-rolling20-c2697de31ff6788c"",""inputSnapshotSHA256"":""9873c863bc9e2962a429dc21f256ea758207997361bb2ca87eb88d16b85c4bf2"",""collectionRecordId"":""collection-0d0511e4125387fd""}",2026-09-23-rolling20-c2697de31ff6788c,atlas-rolling20-A,reference,,2026-09-28T07:59:39.699Z,2026-09-23,174500,033780,KT&G,cons,2026-09-29,2,true,"{""p05"":null,""p10"":170418.8081260464,""p25"":null,""p50"":174673.6995589902,""p75"":null,""p90"":179623.70702645587,""p95"":null}",176100,-1426.3004410098074,0.8099377859226619,2,true,0.0009954129455025384,0.009169054441260815,up,up,true,170418.8081260464,179623.70702645587,true,5.27501369650972,9204.898900409462,0.0527501369650972,"{""up"":0.4999,""flat"":0.04705,""down"":0.45305}",0.457568015,1,방향·크기 모두 맞음,,"{""sourceUrl"":""https://fchart.stock.naver.com/sise.nhn?symbol=033780&timeframe=day&count=30&requestType=0"",""rawHash"":""7776735bca94d3f52c61f661ce3327fcea85c8aa8ca52411f382f8d093e9365d"",""observedAt"":""2026-09-29T10:06:25.000Z"",""finalClose"":true}",3,2026-09-29T10:06:25Z,v1
score-4cddce04d2801763,score,2026-09-29,2026-09-29T10:06:25Z,score-cbc06a4d895223a9,실제 종가 정정(196800 → 197000),"{""forecastId"":""2026-09-23-rolling20-c2697de31ff6788c"",""inputSnapshotSHA256"":""9873c863bc9e2962a429dc21f256ea758207997361bb2ca87eb88d16b85c4bf2"",""collectionRecordId"":""collection-0d0511e4125387fd""}",2026-09-23-rolling20-c2697de31ff6788c,atlas-rolling20-A,reference,,2026-09-28T07:59:39.699Z,2026-09-23,198000,086280,현대글로비스,auto,2026-09-29,2,true,"{""p05"":null,""p10"":189926.71237790486,""p25"":null,""p50"":197599.3564915868,""p75"":null,""p90"":206581.00171401192,""p95"":null}",197000,599.3564915868046,0.30424187390193125,2,true,-0.002023452062692943,-0.005050505050505083,down,down,true,189926.71237790486,206581.00171401192,true,8.411257240458111,16654.28933610706,0.08411257240458112,"{""up"":0.4596,""flat"":0.0277,""down"":0.5127}",0.44946073999999997,1,방향·크기 모두 맞음,,"{""sourceUrl"":""https://fchart.stock.naver.com/sise.nhn?symbol=086280&timeframe=day&count=30&requestType=0"",""rawHash"":""be53a004aa2c0ddda5e051ded0be905a5a16a9295e00f8176eaee9cb0d5cf547"",""observedAt"":""2026-09-29T10:06:25.000Z"",""finalClose"":true}",2,2026-09-29T10:06:25Z,v1
score-3f3af53ab049b8f2,score,2026-09-29,2026-09-29T10:06:25Z,score-e9a82414acc1373b,실제 종가 정정(361500 → 361500),"{""forecastId"":""2026-09-23-rolling20-c2697de31ff6788c"",""inputSnapshotSHA256"":""9873c863bc9e2962a429dc21f256ea758207997361bb2ca87eb88d16b85c4bf2"",""collectionRecordId"":""collection-0d0511e4125387fd""}",2026-09-23-rolling20-c2697de31ff6788c,atlas-rolling20-A,reference,,2026-09-28T07:59:39.699Z,2026-09-23,369000,278470,에이피알,cons,2026-09-29,2,true,"{""p05"":null,""p10"":345473.44436371065,""p25"":null,""p50"":368489.83460621105,""p75"":null,""p90"":394644.31750000594,""p95"":null}",361500,6989.83460621105,1.9335642064207608,2,true,-0.0013825620427885266,-0.020325203252032575,down,down,true,345473.44436371065,394644.31750000594,true,13.32543987433477,49170.8731362953,0.13325439874334769,"{""up"":0.4806,""flat"":0.01545,""down"":0.50395}",0.477280665,1,방향·크기 모두 맞음,,"{""sourceUrl"":""https://fchart.stock.naver.com/sise.nhn?symbol=278470&timeframe=day&count=30&requestType=0"",""rawHash"":""730125b52b8a8ac3a446c522e9324ad97b88891357fb9a5fcc2916a58b65a6b3"",""observedAt"":""2026-09-29T10:06:25.000Z"",""finalClose"":true}",4,2026-09-29T10:06:25Z,v1
score-b40f77e8e95c6e75,score,2026-09-29,2026-09-29T10:06:25Z,score-743b8223369f4bbc,실제 종가 정정(52600 → 52700),"{""forecastId"":""2026-09-23-rolling20-c2697de31ff6788c"",""inputSnapshotSHA256"":""9873c863bc9e2962a429dc21f256ea758207997361bb2ca87eb88d16b85c4bf2"",""collectionRecordId"":""collection-0d0511e4125387fd""}",2026-09-23-rolling20-c2697de31ff6788c,atlas-rolling20-A,reference,,2026-09-28T07:59:39.699Z,2026-09-23,52900,030200,KT,net,2026-09-29,2,true,"{""p05"":null,""p10"":51674.945107104264,""p25"":null,""p50"":52891.42822425768,""p75"":null,""p90"":54200.35650679866,""p95"":null}",52700,191.428224257681,0.36324141225366413,2,true,-0.00016203734862607622,-0.003780718336483968,down,down,true,51674.945107104264,54200.35650679866,true,4.7739345929950705,2525.4113996943925,0.04773934592995071,"{""up"":0.47405,""flat"":0.0445,""down"":0.48145}",0.4955977550000001,1,방향·크기 모두 맞음,,"{""sourceUrl"":""https://fchart.stock.naver.com/sise.nhn?symbol=030200&timeframe=day&count=30&requestType=0"",""rawHash"":""42d03919dc5ab0e03b32faa26b768d5fbf583b00a6d630b3224810337e3529c0"",""observedAt"":""2026-09-29T10:06:25.000Z"",""finalClose"":true}",4,2026-09-29T10:06:25Z,v1
score-79431a06e2635789,score,2026-09-29,2026-09-29T10:06:25Z,,,"{""forecastId"":""2026-09-23-rolling20-c2697de31ff6788c"",""inputSnapshotSHA256"":""9873c863bc9e2962a429dc21f256ea758207997361bb2ca87eb88d16b85c4bf2"",""collectionRecordId"":""collection-0d0511e4125387fd""}",2026-09-23-rolling20-c2697de31ff6788c,atlas-rolling20-A,reference,,2026-09-28T07:59:39.699Z,2026-09-23,55500,047050,포스코인터내셔널,util,2026-09-29,2,true,"{""p05"":null,""p10"":52996.67803539525,""p25"":null,""p50"":55458.199353465345,""p75"":null,""p90"":58554.430608150986,""p95"":null}",54500,958.1993534653448,1.758163951312559,2,true,-0.0007531648024262649,-0.018018018018018056,down,down,true,52996.67803539525,58554.430608150986,true,10.013968599559886,5557.752572755737,0.10013968599559886,"{""up"":0.47875,""flat"":0.02395,""down"":0.4973}",0.4824824549999999,1,방향·크기 모두 맞음,,"{""sourceUrl"":""https://fchart.stock.naver.com/sise.nhn?symbol=047050&timeframe=day&count=30&requestType=0"",""rawHash"":""7fde56ef692dc5fbb8e4367fa6bd4e70b10d800471de3af96023c6c725c3b6cc"",""observedAt"":""2026-09-29T10:06:25.000Z"",""finalClose"":true}",1,2026-09-29T10:06:25Z,v1
score-e40da1821038c3f3,score,2026-09-29,2026-09-29T10:06:25Z,score-8bb8809f1bb10549,실제 종가 정정(1221000 → 1223000),"{""forecastId"":""2026-09-23-rolling20-c2697de31ff6788c"",""inputSnapshotSHA256"":""9873c863bc9e2962a429dc21f256ea758207997361bb2ca87eb88d16b85c4bf2"",""collectionRecordId"":""collection-0d0511e4125387fd""}",2026-09-23-rolling20-c2697de31ff6788c,atlas-rolling20-A,reference,,2026-09-28T07:59:39.699Z,2026-09-23,1218000,003230,삼양식품,cons,2026-09-29,2,true,"{""p05"":null,""p10"":1157058.317917901,""p25"":null,""p50"":1212027.6845072347,""p75"":null,""p90"":1288411.3641076083,""p95"":null}",1223000,-10972.31549276528,0.897163981419892,2,true,-0.0049033788938959155,0.004105090311986803,down,up,false,1157058.317917901,1288411.3641076083,true,10.784322347266604,131353.04618970724,0.10784322347266605,"{""up"":0.4417,""flat"":0.01855,""down"":0.53975}",0.6033730549999999,3,크기 허용·방향 틀림,,"{""sourceUrl"":""https://fchart.stock.naver.com/sise.nhn?symbol=003230&timeframe=day&count=30&requestType=0"",""rawHash"":""757b68a966372b94f0906f7b20cab0ebbe44be3db9b7de1081ef099b2e1a422a"",""observedAt"":""2026-09-29T10:06:25.000Z"",""finalClose"":true}",5,2026-09-29T10:06:25Z,v1
score-caffc35312243f2f,score,2026-09-29,2026-09-29T10:06:25Z,score-d27c1945081d864b,실제 종가 정정(100700 → 100600),"{""forecastId"":""2026-09-23-rolling20-c2697de31ff6788c"",""inputSnapshotSHA256"":""9873c863bc9e2962a429dc21f256ea758207997361bb2ca87eb88d16b85c4bf2"",""collectionRecordId"":""collection-0d0511e4125387fd""}",2026-09-23-rolling20-c2697de31ff6788c,atlas-rolling20-A,reference,,2026-09-28T07:59:39.699Z,2026-09-23,99700,021240,코웨이,cons,2026-09-29,2,true,"{""p05"":null,""p10"":95909.97814447175,""p25"":null,""p50"":99710.9429191445,""p75"":null,""p90"":104473.61959960383,""p95"":null}",100600,-889.0570808555058,0.8837545535343,2,true,0.00010975846684546653,0.009027081243731194,up,up,true,95909.97814447175,104473.61959960383,true,8.589409684184632,8563.641455132078,0.08589409684184632,"{""up"":0.48885,""flat"":0.0252,""down"":0.48595}",0.49805676499999996,1,방향·크기 모두 맞음,,"{""sourceUrl"":""https://fchart.stock.naver.com/sise.nhn?symbol=021240&timeframe=day&count=30&requestType=0"",""rawHash"":""d96761d93982ceace11243d66c77351f957b06312a61d90a03d3dc96156be138"",""observedAt"":""2026-09-29T10:06:25.000Z"",""finalClose"":true}",3,2026-09-29T10:06:25Z,v1
score-622b7660bbda50a6,score,2026-09-29,2026-09-29T10:06:25Z,score-6159234be1824be2,실제 종가 정정(158900 → 158900),"{""forecastId"":""2026-09-23-rolling20-c2697de31ff6788c"",""inputSnapshotSHA256"":""9873c863bc9e2962a429dc21f256ea758207997361bb2ca87eb88d16b85c4bf2"",""collectionRecordId"":""collection-0d0511e4125387fd""}",2026-09-23-rolling20-c2697de31ff6788c,atlas-rolling20-A,reference,,2026-09-28T07:59:39.699Z,2026-09-23,157700,352820,하이브,net,2026-09-29,2,true,"{""p05"":null,""p10"":151282.67347447196,""p25"":null,""p50"":157599.9922632696,""p75"":null,""p90"":164820.81598853023,""p95"":null}",158900,-1300.0077367303893,0.8181294756012518,2,true,-0.0006341644688040438,0.007609384908053185,down,up,false,151282.67347447196,164820.81598853023,true,8.584744777462443,13538.142514058272,0.08584744777462443,"{""up"":0.4798,""flat"":0.02395,""down"":0.49625}",0.517445705,3,크기 허용·방향 틀림,,"{""sourceUrl"":""https://fchart.stock.naver.com/sise.nhn?symbol=352820&timeframe=day&count=30&requestType=0"",""rawHash"":""b7196a9056381689d99f5c4fa770ee85b3b00e48656f562c68ad3feb55a0cf61"",""observedAt"":""2026-09-29T10:06:25.000Z"",""finalClose"":true}",2,2026-09-29T10:06:25Z,v1
score-eaae57d0ea22a2c9,score,2026-09-29,2026-09-29T10:06:25Z,score-64998503137948c7,실제 종가 정정(42500 → 42450),"{""forecastId"":""2026-09-23-rolling20-c2697de31ff6788c"",""inputSnapshotSHA256"":""9873c863bc9e2962a429dc21f256ea758207997361bb2ca87eb88d16b85c4bf2"",""collectionRecordId"":""collection-0d0511e4125387fd""}",2026-09-23-rolling20-c2697de31ff6788c,atlas-rolling20-A,reference,,2026-09-28T07:59:39.699Z,2026-09-23,42750,029780,삼성카드,fin,2026-09-29,2,true,"{""p05"":null,""p10"":41654.825972356106,""p25"":null,""p50"":42753.758387988004,""p75"":null,""p90"":43796.4537008272,""p95"":null}",42450,303.75838798800396,0.7155674628692672,2,true,0.00008791550849140961,-0.007017543859649145,up,down,false,41654.825972356106,43796.4537008272,true,5.009655505195546,2141.627728471096,0.05009655505195546,"{""up"":0.481,""flat"":0.04425,""down"":0.47475}",0.509206625,3,크기 허용·방향 틀림,,"{""sourceUrl"":""https://fchart.stock.naver.com/sise.nhn?symbol=029780&timeframe=day&count=30&requestType=0"",""rawHash"":""d3e70eb414dfa4693ef006cfcf5ef2a832539d3923d2d6fceb1bbe49a1d39143"",""observedAt"":""2026-09-29T10:06:25.000Z"",""finalClose"":true}",4,2026-09-29T10:06:25Z,v1
score-4a334da40b19fc05,score,2026-09-29,2026-09-29T10:06:25Z,score-e79e7dc2b16863be,실제 종가 정정(472000 → 471500),"{""forecastId"":""2026-09-23-rolling20-c2697de31ff6788c"",""inputSnapshotSHA256"":""9873c863bc9e2962a429dc21f256ea758207997361bb2ca87eb88d16b85c4bf2"",""collectionRecordId"":""collection-0d0511e4125387fd""}",2026-09-23-rolling20-c2697de31ff6788c,atlas-rolling20-A,reference,,2026-09-28T07:59:39.699Z,2026-09-23,476500,002380,KCC,chem,2026-09-29,2,true,"{""p05"":null,""p10"":456124.49742667715,""p25"":null,""p50"":476079.24468563765,""p75"":null,""p90"":498257.53518623946,""p95"":null}",471500,4579.244685637648,0.9712077806230431,2,true,-0.0008830122022295273,-0.01049317943336836,down,down,true,456124.49742667715,498257.53518623946,true,8.842190505679394,42133.037759562314,0.08842190505679394,"{""up"":0.4753,""flat"":0.0262,""down"":0.4985}",0.47809878000000006,1,방향·크기 모두 맞음,,"{""sourceUrl"":""https://fchart.stock.naver.com/sise.nhn?symbol=002380&timeframe=day&count=30&requestType=0"",""rawHash"":""b79171b074e856b2385a7770bb130a98765fca88ca3543515e1f8c104137a16c"",""observedAt"":""2026-09-29T10:06:25.000Z"",""finalClose"":true}",3,2026-09-29T10:06:25Z,v1
score-fd6bfdc51073f84f,score,2026-09-29,2026-09-29T10:06:25Z,score-304b6b07f6962dff,실제 종가 정정(338000 → 338000),"{""forecastId"":""2026-09-23-rolling20-c2697de31ff6788c"",""inputSnapshotSHA256"":""9873c863bc9e2962a429dc21f256ea758207997361bb2ca87eb88d16b85c4bf2"",""collectionRecordId"":""collection-0d0511e4125387fd""}",2026-09-23-rolling20-c2697de31ff6788c,atlas-rolling20-A,reference,,2026-09-28T07:59:39.699Z,2026-09-23,349000,004170,신세계,cons,2026-09-29,2,true,"{""p05"":null,""p10"":330415.3093289893,""p25"":null,""p50"":348997.9143468069,""p75"":null,""p90"":371146.77736626094,""p95"":null}",338000,10997.91434680688,3.2538208126647574,2,false,-0.0000059760836479405555,-0.03151862464183386,up,down,false,330415.3093289893,371146.77736626094,true,11.670907747069238,40731.46803727164,0.11670907747069238,"{""up"":0.49055,""flat"":0.01945,""down"":0.49}",0.501117605,4,방향·크기 모두 틀림,,"{""sourceUrl"":""https://fchart.stock.naver.com/sise.nhn?symbol=004170&timeframe=day&count=30&requestType=0"",""rawHash"":""6965967bd74161d39e1a5726bba01d066e570a9075d0608b57fb66846e3d1137"",""observedAt"":""2026-09-29T10:06:25.000Z"",""finalClose"":true}",5,2026-09-29T10:06:25Z,v1
score-7a6cab00c3b2965f,score,2026-09-29,2026-09-29T10:06:25Z,score-59b912453ff52dbb,실제 종가 정정(82700 → 82700),"{""forecastId"":""2026-09-23-rolling20-c2697de31ff6788c"",""inputSnapshotSHA256"":""9873c863bc9e2962a429dc21f256ea758207997361bb2ca87eb88d16b85c4bf2"",""collectionRecordId"":""collection-0d0511e4125387fd""}",2026-09-23-rolling20-c2697de31ff6788c,atlas-rolling20-A,reference,,2026-09-28T07:59:39.699Z,2026-09-23,82400,012750,에스원,util,2026-09-29,2,true,"{""p05"":null,""p10"":79447.23743358206,""p25"":null,""p50"":82430.94018453558,""p75"":null,""p90"":85457.09073510446,""p95"":null}",82700,-269.0598154644249,0.32534439596665643,2,true,0.00037548767640260827,0.00364077669902918,up,up,true,79447.23743358206,85457.09073510446,true,7.293511288255333,6009.853301522395,0.07293511288255333,"{""up"":0.4916,""flat"":0.0312,""down"":0.4772}",0.48716383999999996,1,방향·크기 모두 맞음,,"{""sourceUrl"":""https://fchart.stock.naver.com/sise.nhn?symbol=012750&timeframe=day&count=30&requestType=0"",""rawHash"":""28e7f8cae5f3c14fab180aa45c6c692642267711bbfd6671227057500bf26283"",""observedAt"":""2026-09-29T10:06:25.000Z"",""finalClose"":true}",4,2026-09-29T10:06:25Z,v1
score-c02a4b826cc6f937,score,2026-09-29,2026-09-29T10:06:25Z,score-f7b4ff5c26ca1f4b,실제 종가 정정(102700 → 102800),"{""forecastId"":""2026-09-23-rolling20-c2697de31ff6788c"",""inputSnapshotSHA256"":""9873c863bc9e2962a429dc21f256ea758207997361bb2ca87eb88d16b85c4bf2"",""collectionRecordId"":""collection-0d0511e4125387fd""}",2026-09-23-rolling20-c2697de31ff6788c,atlas-rolling20-A,reference,,2026-09-28T07:59:39.699Z,2026-09-23,102300,226950,올릭스,bio,2026-09-29,2,true,"{""p05"":null,""p10"":92314.09629911596,""p25"":null,""p50"":101812.80257371289,""p75"":null,""p90"":114074.04356613108,""p95"":null}",102800,-987.1974262871081,0.9603087804349301,2,true,-0.00476243818462474,0.004887585532746819,down,up,false,92314.09629911596,114074.04356613108,true,21.27072069111937,21759.947267015115,0.21270720691119369,"{""up"":0.4693,""flat"":0.0104,""down"":0.5203}",0.55246274,3,크기 허용·방향 틀림,,"{""sourceUrl"":""https://fchart.stock.naver.com/sise.nhn?symbol=226950&timeframe=day&count=30&requestType=0"",""rawHash"":""2444c054d45eb41b564328ab75d8a9968b7817d727198d0a42f5c715559905d1"",""observedAt"":""2026-09-29T10:06:25.000Z"",""finalClose"":true}",4,2026-09-29T10:06:25Z,v1
score-25ed17240f5a493d,score,2026-09-29,2026-09-29T10:06:25Z,score-b4d33de3d1cf9a4e,실제 종가 정정(17830 → 17820),"{""forecastId"":""2026-09-23-rolling20-c2697de31ff6788c"",""inputSnapshotSHA256"":""9873c863bc9e2962a429dc21f256ea758207997361bb2ca87eb88d16b85c4bf2"",""collectionRecordId"":""collection-0d0511e4125387fd""}",2026-09-23-rolling20-c2697de31ff6788c,atlas-rolling20-A,reference,,2026-09-28T07:59:39.699Z,2026-09-23,17740,030000,제일기획,net,2026-09-29,2,true,"{""p05"":null,""p10"":17301.167066324793,""p25"":null,""p50"":17759.543044481696,""p75"":null,""p90"":18204.925428655148,""p95"":null}",17820,-60.45695551830431,0.339264621314839,2,true,0.0011016372312118161,0.004509582863585049,up,up,true,17301.167066324793,18204.925428655148,true,5.0944665294833955,903.7583623303544,0.050944665294833956,"{""up"":0.5028,""flat"":0.0445,""down"":0.4527}",0.45412537999999997,1,방향·크기 모두 맞음,,"{""sourceUrl"":""https://fchart.stock.naver.com/sise.nhn?symbol=030000&timeframe=day&count=30&requestType=0"",""rawHash"":""c557c3198a2a01c9a08ec1faa7b628c96f707cb2ecbda03f811b6d1f5099c4b1"",""observedAt"":""2026-09-29T10:06:25.000Z"",""finalClose"":true}",4,2026-09-29T10:06:25Z,v1
score-8ab0925fea5f211d,score,2026-09-29,2026-09-29T10:06:25Z,score-2773dc2f2422cbee,실제 종가 정정(172700 → 173100),"{""forecastId"":""2026-09-28-rolling20-13cd892134e517b4"",""inputSnapshotSHA256"":""9873c863bc9e2962a429dc21f256ea758207997361bb2ca87eb88d16b85c4bf2"",""collectionRecordId"":""collection-0d0511e4125387fd""}",2026-09-28-rolling20-13cd892134e517b4,atlas-rolling20-A,live,,2026-09-28T09:39:48.714Z,2026-09-28,174200,105560,KB금융,fin,2026-09-29,1,true,"{""p05"":null,""p10"":170653.93347739067,""p25"":null,""p50"":174487.55869753243,""p75"":null,""p90"":178865.03949070975,""p95"":null}",173100,1387.5586975324259,0.8015937016362945,1.5,true,0.0016507387918049954,-0.006314580941446657,up,down,false,170653.93347739067,178865.03949070975,true,4.7136085036274835,8211.106013319077,0.04713608503627484,"{""up"":0.5161,""flat"":0.05875,""down"":0.42515}",0.6002632950000002,3,크기 허용·방향 틀림,,"{""sourceUrl"":""https://fchart.stock.naver.com/sise.nhn?symbol=105560&timeframe=day&count=30&requestType=0"",""rawHash"":""a61863dcc886af40bb4f440ee0b88300043bf3a0ca688619060dd8e3aa8b9c39"",""observedAt"":""2026-09-29T10:06:25.000Z"",""finalClose"":true}",3,2026-09-29T10:06:25Z,v1
score-c987e3b970e275f1,score,2026-09-29,2026-09-29T10:06:25Z,score-5e558b7574452acb,실제 종가 정정(290000 → 290000),"{""forecastId"":""2026-09-28-rolling20-13cd892134e517b4"",""inputSnapshotSHA256"":""9873c863bc9e2962a429dc21f256ea758207997361bb2ca87eb88d16b85c4bf2"",""collectionRecordId"":""collection-0d0511e4125387fd""}",2026-09-28-rolling20-13cd892134e517b4,atlas-rolling20-A,live,,2026-09-28T09:39:48.714Z,2026-09-28,296000,032830,삼성생명보험,fin,2026-09-29,1,true,"{""p05"":null,""p10"":287409.0377263782,""p25"":null,""p50"":295753.2895100759,""p75"":null,""p90"":305297.5313173459,""p95"":null}",290000,5753.289510075876,1.9838929345089227,1.5,false,-0.0008334813848788203,-0.020270270270270285,down,down,true,287409.0377263782,305297.5313173459,true,6.043409996948557,17888.49359096773,0.06043409996948557,"{""up"":0.4651,""flat"":0.0381,""down"":0.4968}",0.47097986,2,방향 맞고 크기 틀림,,"{""sourceUrl"":""https://fchart.stock.naver.com/sise.nhn?symbol=032830&timeframe=day&count=30&requestType=0"",""rawHash"":""cef0f115c67bf931913c204bd70667de4d806a95927ca168fe785edb762545b7"",""observedAt"":""2026-09-29T10:06:25.000Z"",""finalClose"":true}",5,2026-09-29T10:06:25Z,v1
score-e0705322c065aa09,score,2026-09-29,2026-09-29T10:06:25Z,score-e93a897a3b1cde25,실제 종가 정정(1014000 → 1014000),"{""forecastId"":""2026-09-28-rolling20-13cd892134e517b4"",""inputSnapshotSHA256"":""9873c863bc9e2962a429dc21f256ea758207997361bb2ca87eb88d16b85c4bf2"",""collectionRecordId"":""collection-0d0511e4125387fd""}",2026-09-28-rolling20-13cd892134e517b4,atlas-rolling20-A,live,,2026-09-28T09:39:48.714Z,2026-09-28,1034000,012450,한화에어로스페이스,heavy,2026-09-29,1,true,"{""p05"":null,""p10"":984630.5575461051,""p25"":null,""p50"":1031456.2339009612,""p75"":null,""p90"":1086095.0155636712,""p95"":null}",1014000,17456.233900961233,1.7215220809626464,1.5,false,-0.002460121952648664,-0.01934235976789167,down,down,true,984630.5575461051,1086095.0155636712,true,9.812810253149529,101464.45801756612,0.09812810253149529,"{""up"":0.4477,""flat"":0.0185,""down"":0.5338}",0.41811997999999995,2,방향 맞고 크기 틀림,,"{""sourceUrl"":""https://fchart.stock.naver.com/sise.nhn?symbol=012450&timeframe=day&count=30&requestType=0"",""rawHash"":""5096c801dceb1f80f73c7629d68c58861a652054b562212d1bd77c89431830bd"",""observedAt"":""2026-09-29T10:06:25.000Z"",""finalClose"":true}",2,2026-09-29T10:06:25Z,v1
score-d347175ba27d77f1,score,2026-09-29,2026-09-29T10:06:25Z,score-e8ead34d688266b2,실제 종가 정정(205000 → 205500),"{""forecastId"":""2026-09-28-rolling20-13cd892134e517b4"",""inputSnapshotSHA256"":""9873c863bc9e2962a429dc21f256ea758207997361bb2ca87eb88d16b85c4bf2"",""collectionRecordId"":""collection-0d0511e4125387fd""}",2026-09-28-rolling20-13cd892134e517b4,atlas-rolling20-A,live,,2026-09-28T09:39:48.714Z,2026-09-28,204500,010120,LS ELECTRIC,heavy,2026-09-29,1,true,"{""p05"":null,""p10"":195550.49770063313,""p25"":null,""p50"":203814.5144623374,""p75"":null,""p90"":215234.86034770997,""p95"":null}",205500,-1685.4855376626074,0.8201876095681787,1.5,true,-0.0033520075191325605,0.004889975550122161,down,up,false,195550.49770063313,215234.86034770997,true,9.62560520639454,19684.362647076836,0.09625605206394541,"{""up"":0.4381,""flat"":0.03555,""down"":0.52635}",0.5940397350000001,3,크기 허용·방향 틀림,,"{""sourceUrl"":""https://fchart.stock.naver.com/sise.nhn?symbol=010120&timeframe=day&count=30&requestType=0"",""rawHash"":""31800c7f3471bdf5c7b30a9d36d8f838fb6d2b673cf4a6d7a2b85980296b5ac8"",""observedAt"":""2026-09-29T10:06:25.000Z"",""finalClose"":true}",3,2026-09-29T10:06:25Z,v1
score-68489d4200bbf814,score,2026-09-29,2026-09-29T10:06:25Z,score-3558d1ed21672b36,실제 종가 정정(651000 → 651000),"{""forecastId"":""2026-09-28-rolling20-13cd892134e517b4"",""inputSnapshotSHA256"":""9873c863bc9e2962a429dc21f256ea758207997361bb2ca87eb88d16b85c4bf2"",""collectionRecordId"":""collection-0d0511e4125387fd""}",2026-09-28-rolling20-13cd892134e517b4,atlas-rolling20-A,live,,2026-09-28T09:39:48.714Z,2026-09-28,661000,000810,삼성화재,fin,2026-09-29,1,true,"{""p05"":null,""p10"":643276.2325376064,""p25"":null,""p50"":659816.9294697228,""p75"":null,""p90"":678637.1886861576,""p95"":null}",651000,8816.929469722789,1.354367046040367,1.5,true,-0.0017898192591183637,-0.015128593040847238,down,down,true,643276.2325376064,678637.1886861576,true,5.349615151066747,35360.956148551195,0.053496151510667465,"{""up"":0.43965,""flat"":0.0426,""down"":0.51775}",0.42767194499999994,1,방향·크기 모두 맞음,,"{""sourceUrl"":""https://fchart.stock.naver.com/sise.nhn?symbol=000810&timeframe=day&count=30&requestType=0"",""rawHash"":""b20b03f1143311b5e6740a441650d24e42af4b195b6024b254b1fdd4a972402d"",""observedAt"":""2026-09-29T10:06:25.000Z"",""finalClose"":true}",4,2026-09-29T10:06:25Z,v1
score-5371a65d2ef3aec5,score,2026-09-29,2026-09-29T10:06:25Z,score-cf7442aef5b45f49,실제 종가 정정(132100 → 132200),"{""forecastId"":""2026-09-28-rolling20-13cd892134e517b4"",""inputSnapshotSHA256"":""9873c863bc9e2962a429dc21f256ea758207997361bb2ca87eb88d16b85c4bf2"",""collectionRecordId"":""collection-0d0511e4125387fd""}",2026-09-28-rolling20-13cd892134e517b4,atlas-rolling20-A,live,,2026-09-28T09:39:48.714Z,2026-09-28,133400,138040,메리츠금융지주,fin,2026-09-29,1,true,"{""p05"":null,""p10"":129551.53986593716,""p25"":null,""p50"":132768.04948520704,""p75"":null,""p90"":137216.58867525094,""p95"":null}",132200,568.0494852070406,0.4296894744380035,1.5,true,-0.0047372602308317635,-0.008995502248875575,down,down,true,129551.53986593716,137216.58867525094,true,5.745913650160257,7665.048809313783,0.05745913650160257,"{""up"":0.3737,""flat"":0.05435,""down"":0.57195}",0.32583241500000004,1,방향·크기 모두 맞음,,"{""sourceUrl"":""https://fchart.stock.naver.com/sise.nhn?symbol=138040&timeframe=day&count=30&requestType=0"",""rawHash"":""0b7288b5d47b0a3bf8504fd7fb478d08f5ae220a055f2878e3e614414bbf07bb"",""observedAt"":""2026-09-29T10:06:25.000Z"",""finalClose"":true}",3,2026-09-29T10:06:25Z,v1
score-64b647ebc9d8010c,score,2026-09-29,2026-09-29T10:06:25Z,score-9099dc0e54005334,실제 종가 정정(30050 → 30050),"{""forecastId"":""2026-09-28-rolling20-13cd892134e517b4"",""inputSnapshotSHA256"":""9873c863bc9e2962a429dc21f256ea758207997361bb2ca87eb88d16b85c4bf2"",""collectionRecordId"":""collection-0d0511e4125387fd""}",2026-09-28-rolling20-13cd892134e517b4,atlas-rolling20-A,live,,2026-09-28T09:39:48.714Z,2026-09-28,30700,015760,한국전력,util,2026-09-29,1,true,"{""p05"":null,""p10"":29903.31780130189,""p25"":null,""p50"":30676.824961368737,""p75"":null,""p90"":31527.29588795409,""p95"":null}",30050,626.8249613687367,2.085939971276994,1.5,false,-0.0007548872518327032,-0.021172638436482094,down,down,true,29903.31780130189,31527.29588795409,true,5.289830901147225,1623.9780866521978,0.052898309011472244,"{""up"":0.45455,""flat"":0.07095,""down"":0.4745}",0.4877998550000001,2,방향 맞고 크기 틀림,,"{""sourceUrl"":""https://fchart.stock.naver.com/sise.nhn?symbol=015760&timeframe=day&count=30&requestType=0"",""rawHash"":""75eb198622c91b49fffd5fa9c33423c74b0945d73bb34c583f656aec7a156a4c"",""observedAt"":""2026-09-29T10:06:25.000Z"",""finalClose"":true}",3,2026-09-29T10:06:25Z,v1
score-3f52cf5aa7659a4c,score,2026-09-29,2026-09-29T10:06:25Z,score-37d509504ad9e5ab,실제 종가 정정(20900 → 20900),"{""forecastId"":""2026-09-28-rolling20-13cd892134e517b4"",""inputSnapshotSHA256"":""9873c863bc9e2962a429dc21f256ea758207997361bb2ca87eb88d16b85c4bf2"",""collectionRecordId"":""collection-0d0511e4125387fd""}",2026-09-28-rolling20-13cd892134e517b4,atlas-rolling20-A,live,,2026-09-28T09:39:48.714Z,2026-09-28,21250,011200,HMM,auto,2026-09-29,1,true,"{""p05"":null,""p10"":20729.930885585552,""p25"":null,""p50"":21242.451327034338,""p75"":null,""p90"":21783.726474531657,""p95"":null}",20900,342.45132703433774,1.6385230958580754,1.5,false,-0.0003552316689723334,-0.016470588235294126,down,down,true,20729.930885585552,21783.726474531657,true,4.959038065628727,1053.7955889461045,0.04959038065628727,"{""up"":0.44675,""flat"":0.06675,""down"":0.4865}",0.46772337500000005,2,방향 맞고 크기 틀림,,"{""sourceUrl"":""https://fchart.stock.naver.com/sise.nhn?symbol=011200&timeframe=day&count=30&requestType=0"",""rawHash"":""6b0bdd285b005eb31595882180351c1ccaca67cbf217a892382e67ea6450b0cb"",""observedAt"":""2026-09-29T10:06:25.000Z"",""finalClose"":true}",5,2026-09-29T10:06:25Z,v1
score-d0dd39fd23671f03,score,2026-09-29,2026-09-29T10:06:25Z,score-551d91273fb8fb4f,실제 종가 정정(176200 → 176100),"{""forecastId"":""2026-09-28-rolling20-13cd892134e517b4"",""inputSnapshotSHA256"":""9873c863bc9e2962a429dc21f256ea758207997361bb2ca87eb88d16b85c4bf2"",""collectionRecordId"":""collection-0d0511e4125387fd""}",2026-09-28-rolling20-13cd892134e517b4,atlas-rolling20-A,live,,2026-09-28T09:39:48.714Z,2026-09-28,175400,033780,KT&G,cons,2026-09-29,1,true,"{""p05"":null,""p10"":172149.2145070198,""p25"":null,""p50"":175265.80363252517,""p75"":null,""p90"":179093.1559451884,""p95"":null}",176100,-834.1963674748258,0.47370605762341045,1.5,true,-0.0007650876138816098,0.003990877993158559,down,up,false,172149.2145070198,179093.1559451884,true,3.9589175816240636,6943.941438168607,0.039589175816240635,"{""up"":0.4473,""flat"":0.0571,""down"":0.4956}",0.55435706,3,크기 허용·방향 틀림,,"{""sourceUrl"":""https://fchart.stock.naver.com/sise.nhn?symbol=033780&timeframe=day&count=30&requestType=0"",""rawHash"":""7776735bca94d3f52c61f661ce3327fcea85c8aa8ca52411f382f8d093e9365d"",""observedAt"":""2026-09-29T10:06:25.000Z"",""finalClose"":true}",3,2026-09-29T10:06:25Z,v1
score-36cf3be58c2c1593,score,2026-09-29,2026-09-29T10:06:25Z,score-5a1cb0c31ac2d273,실제 종가 정정(196800 → 197000),"{""forecastId"":""2026-09-28-rolling20-13cd892134e517b4"",""inputSnapshotSHA256"":""9873c863bc9e2962a429dc21f256ea758207997361bb2ca87eb88d16b85c4bf2"",""collectionRecordId"":""collection-0d0511e4125387fd""}",2026-09-28-rolling20-13cd892134e517b4,atlas-rolling20-A,live,,2026-09-28T09:39:48.714Z,2026-09-28,199100,086280,현대글로비스,auto,2026-09-29,1,true,"{""p05"":null,""p10"":193433.28150163442,""p25"":null,""p50"":198777.1416887925,""p75"":null,""p90"":205324.02929931454,""p95"":null}",197000,1777.1416887925006,0.902102380097716,1.5,true,-0.0016215887052108968,-0.010547463586137673,down,down,true,193433.28150163442,205324.02929931454,true,5.972249019427482,11890.747797680116,0.05972249019427482,"{""up"":0.4491,""flat"":0.0395,""down"":0.5114}",0.44198102000000006,1,방향·크기 모두 맞음,,"{""sourceUrl"":""https://fchart.stock.naver.com/sise.nhn?symbol=086280&timeframe=day&count=30&requestType=0"",""rawHash"":""be53a004aa2c0ddda5e051ded0be905a5a16a9295e00f8176eaee9cb0d5cf547"",""observedAt"":""2026-09-29T10:06:25.000Z"",""finalClose"":true}",2,2026-09-29T10:06:25Z,v1
score-d938781f24047759,score,2026-09-29,2026-09-29T10:06:25Z,score-5b5344c7f5677393,실제 종가 정정(361500 → 361500),"{""forecastId"":""2026-09-28-rolling20-13cd892134e517b4"",""inputSnapshotSHA256"":""9873c863bc9e2962a429dc21f256ea758207997361bb2ca87eb88d16b85c4bf2"",""collectionRecordId"":""collection-0d0511e4125387fd""}",2026-09-28-rolling20-13cd892134e517b4,atlas-rolling20-A,live,,2026-09-28T09:39:48.714Z,2026-09-28,368500,278470,에이피알,cons,2026-09-29,1,true,"{""p05"":null,""p10"":351852.708293176,""p25"":null,""p50"":368361.5128795771,""p75"":null,""p90"":387705.2117008389,""p95"":null}",361500,6861.512879577116,1.8980671866050114,1.5,false,-0.00037581308120182566,-0.018995929443690662,down,down,true,351852.708293176,387705.2117008389,true,9.72930893016631,35852.50340766285,0.0972930893016631,"{""up"":0.47585,""flat"":0.02985,""down"":0.4943}",0.483056735,2,방향 맞고 크기 틀림,,"{""sourceUrl"":""https://fchart.stock.naver.com/sise.nhn?symbol=278470&timeframe=day&count=30&requestType=0"",""rawHash"":""730125b52b8a8ac3a446c522e9324ad97b88891357fb9a5fcc2916a58b65a6b3"",""observedAt"":""2026-09-29T10:06:25.000Z"",""finalClose"":true}",4,2026-09-29T10:06:25Z,v1
score-933610de5d732bf1,score,2026-09-29,2026-09-29T10:06:25Z,score-e5cda820a57d3a25,실제 종가 정정(52600 → 52700),"{""forecastId"":""2026-09-28-rolling20-13cd892134e517b4"",""inputSnapshotSHA256"":""9873c863bc9e2962a429dc21f256ea758207997361bb2ca87eb88d16b85c4bf2"",""collectionRecordId"":""collection-0d0511e4125387fd""}",2026-09-28-rolling20-13cd892134e517b4,atlas-rolling20-A,live,,2026-09-28T09:39:48.714Z,2026-09-28,52900,030200,KT,net,2026-09-29,1,true,"{""p05"":null,""p10"":52072.27304558202,""p25"":null,""p50"":52910.11231608776,""p75"":null,""p90"":53764.704239533836,""p95"":null}",52700,210.11231608776143,0.3986950969407238,1.5,true,0.00019115909428668587,-0.003780718336483968,up,down,false,52072.27304558202,53764.704239533836,true,3.1993028241055113,1692.4311939518157,0.03199302824105511,"{""up"":0.4654,""flat"":0.07895,""down"":0.45565}",0.519147185,3,크기 허용·방향 틀림,,"{""sourceUrl"":""https://fchart.stock.naver.com/sise.nhn?symbol=030200&timeframe=day&count=30&requestType=0"",""rawHash"":""42d03919dc5ab0e03b32faa26b768d5fbf583b00a6d630b3224810337e3529c0"",""observedAt"":""2026-09-29T10:06:25.000Z"",""finalClose"":true}",4,2026-09-29T10:06:25Z,v1
score-6ca6c8bceb8251b4,score,2026-09-29,2026-09-29T10:06:25Z,,,"{""forecastId"":""2026-09-28-rolling20-13cd892134e517b4"",""inputSnapshotSHA256"":""9873c863bc9e2962a429dc21f256ea758207997361bb2ca87eb88d16b85c4bf2"",""collectionRecordId"":""collection-0d0511e4125387fd""}",2026-09-28-rolling20-13cd892134e517b4,atlas-rolling20-A,live,,2026-09-28T09:39:48.714Z,2026-09-28,56900,047050,포스코인터내셔널,util,2026-09-29,1,true,"{""p05"":null,""p10"":55008.09326336243,""p25"":null,""p50"":56843.247563370736,""p75"":null,""p90"":59080.485613511715,""p95"":null}",54500,2343.2475633707363,4.299536813524287,1.5,false,-0.0009974066191434927,-0.04217926186291743,down,down,true,55008.09326336243,59080.485613511715,false,7.157104306062008,9153.324983773608,0.16086687141957132,"{""up"":0.45095,""flat"":0.0509,""down"":0.49815}",0.45780013500000005,2,방향 맞고 크기 틀림,,"{""sourceUrl"":""https://fchart.stock.naver.com/sise.nhn?symbol=047050&timeframe=day&count=30&requestType=0"",""rawHash"":""7fde56ef692dc5fbb8e4367fa6bd4e70b10d800471de3af96023c6c725c3b6cc"",""observedAt"":""2026-09-29T10:06:25.000Z"",""finalClose"":true}",1,2026-09-29T10:06:25Z,v1
score-d67ab1fc8b4058e0,score,2026-09-29,2026-09-29T10:06:25Z,score-5c7197dfa1485824,실제 종가 정정(1221000 → 1223000),"{""forecastId"":""2026-09-28-rolling20-13cd892134e517b4"",""inputSnapshotSHA256"":""9873c863bc9e2962a429dc21f256ea758207997361bb2ca87eb88d16b85c4bf2"",""collectionRecordId"":""collection-0d0511e4125387fd""}",2026-09-28-rolling20-13cd892134e517b4,atlas-rolling20-A,live,,2026-09-28T09:39:48.714Z,2026-09-28,1215000,003230,삼양식품,cons,2026-09-29,1,true,"{""p05"":null,""p10"":1174454.1380512444,""p25"":null,""p50"":1210056.0148690285,""p75"":null,""p90"":1264359.4294562682,""p95"":null}",1223000,-12943.98513097153,1.0583798144702805,1.5,true,-0.004069123564585664,0.006584362139917754,down,up,false,1174454.1380512444,1264359.4294562682,true,7.399612461318829,89905.29140502377,0.07399612461318829,"{""up"":0.42485,""flat"":0.032,""down"":0.54315}",0.6268334450000002,3,크기 허용·방향 틀림,,"{""sourceUrl"":""https://fchart.stock.naver.com/sise.nhn?symbol=003230&timeframe=day&count=30&requestType=0"",""rawHash"":""757b68a966372b94f0906f7b20cab0ebbe44be3db9b7de1081ef099b2e1a422a"",""observedAt"":""2026-09-29T10:06:25.000Z"",""finalClose"":true}",5,2026-09-29T10:06:25Z,v1
score-cc02a1f80ae8763f,score,2026-09-29,2026-09-29T10:06:25Z,score-bb6d0d7fbed3657a,실제 종가 정정(100700 → 100600),"{""forecastId"":""2026-09-28-rolling20-13cd892134e517b4"",""inputSnapshotSHA256"":""9873c863bc9e2962a429dc21f256ea758207997361bb2ca87eb88d16b85c4bf2"",""collectionRecordId"":""collection-0d0511e4125387fd""}",2026-09-28-rolling20-13cd892134e517b4,atlas-rolling20-A,live,,2026-09-28T09:39:48.714Z,2026-09-28,101600,021240,코웨이,cons,2026-09-29,1,true,"{""p05"":null,""p10"":98912.01494195993,""p25"":null,""p50"":101497.27424549125,""p75"":null,""p90"":104789.09740984246,""p95"":null}",100600,897.2742454912513,0.8919227092358364,1.5,true,-0.0010110802609129,-0.009842519685039353,down,down,true,98912.01494195993,104789.09740984246,true,5.7845299880733565,5877.08246788253,0.057845299880733565,"{""up"":0.45555,""flat"":0.04335,""down"":0.5011}",0.458306235,1,방향·크기 모두 맞음,,"{""sourceUrl"":""https://fchart.stock.naver.com/sise.nhn?symbol=021240&timeframe=day&count=30&requestType=0"",""rawHash"":""d96761d93982ceace11243d66c77351f957b06312a61d90a03d3dc96156be138"",""observedAt"":""2026-09-29T10:06:25.000Z"",""finalClose"":true}",3,2026-09-29T10:06:25Z,v1
score-77ece5c9bc9b34a4,score,2026-09-29,2026-09-29T10:06:25Z,score-c7ed41858727c30c,실제 종가 정정(158900 → 158900),"{""forecastId"":""2026-09-28-rolling20-13cd892134e517b4"",""inputSnapshotSHA256"":""9873c863bc9e2962a429dc21f256ea758207997361bb2ca87eb88d16b85c4bf2"",""collectionRecordId"":""collection-0d0511e4125387fd""}",2026-09-28-rolling20-13cd892134e517b4,atlas-rolling20-A,live,,2026-09-28T09:39:48.714Z,2026-09-28,161900,352820,하이브,net,2026-09-29,1,true,"{""p05"":null,""p10"":157519.94177044442,""p25"":null,""p50"":161861.67662654756,""p75"":null,""p90"":167446.62046544807,""p95"":null}",158900,2961.67662654756,1.8638619424465448,1.5,false,-0.000236710151034214,-0.018529956763434163,down,down,true,157519.94177044442,167446.62046544807,true,6.131364234097374,9926.678695003648,0.06131364234097374,"{""up"":0.47325,""flat"":0.03555,""down"":0.4912}",0.4841068049999999,2,방향 맞고 크기 틀림,,"{""sourceUrl"":""https://fchart.stock.naver.com/sise.nhn?symbol=352820&timeframe=day&count=30&requestType=0"",""rawHash"":""b7196a9056381689d99f5c4fa770ee85b3b00e48656f562c68ad3feb55a0cf61"",""observedAt"":""2026-09-29T10:06:25.000Z"",""finalClose"":true}",2,2026-09-29T10:06:25Z,v1
score-10d3190f001f8b98,score,2026-09-29,2026-09-29T10:06:25Z,score-3ce31133b3673206,실제 종가 정정(42500 → 42450),"{""forecastId"":""2026-09-28-rolling20-13cd892134e517b4"",""inputSnapshotSHA256"":""9873c863bc9e2962a429dc21f256ea758207997361bb2ca87eb88d16b85c4bf2"",""collectionRecordId"":""collection-0d0511e4125387fd""}",2026-09-28-rolling20-13cd892134e517b4,atlas-rolling20-A,live,,2026-09-28T09:39:48.714Z,2026-09-28,43350,029780,삼성카드,fin,2026-09-29,1,true,"{""p05"":null,""p10"":42629.39273636437,""p25"":null,""p50"":43334.95655312725,""p75"":null,""p90"":44106.7399069947,""p95"":null}",42450,884.9565531272528,2.0847033053645534,1.5,false,-0.0003470229959111615,-0.02076124567474047,up,down,false,42629.39273636437,44106.7399069947,false,3.4079519507043408,3271.274534274002,0.07546192697287202,"{""up"":0.4676,""flat"":0.0649,""down"":0.4675}",0.5064180199999999,4,방향·크기 모두 틀림,,"{""sourceUrl"":""https://fchart.stock.naver.com/sise.nhn?symbol=029780&timeframe=day&count=30&requestType=0"",""rawHash"":""d3e70eb414dfa4693ef006cfcf5ef2a832539d3923d2d6fceb1bbe49a1d39143"",""observedAt"":""2026-09-29T10:06:25.000Z"",""finalClose"":true}",4,2026-09-29T10:06:25Z,v1
score-0b2cc52fd470c41d,score,2026-09-29,2026-09-29T10:06:25Z,score-1adbf5050eadab27,실제 종가 정정(472000 → 471500),"{""forecastId"":""2026-09-28-rolling20-13cd892134e517b4"",""inputSnapshotSHA256"":""9873c863bc9e2962a429dc21f256ea758207997361bb2ca87eb88d16b85c4bf2"",""collectionRecordId"":""collection-0d0511e4125387fd""}",2026-09-28-rolling20-13cd892134e517b4,atlas-rolling20-A,live,,2026-09-28T09:39:48.714Z,2026-09-28,480000,002380,KCC,chem,2026-09-29,1,true,"{""p05"":null,""p10"":467040.30266720115,""p25"":null,""p50"":479653.2511743554,""p75"":null,""p90"":494544.245614142,""p95"":null}",471500,8153.251174355391,1.729215519481525,1.5,false,-0.0007223933867596122,-0.017708333333333326,down,down,true,467040.30266720115,494544.245614142,true,5.729988113946007,27503.942946940835,0.05729988113946007,"{""up"":0.47015,""flat"":0.0517,""down"":0.47815}",0.4960413349999999,2,방향 맞고 크기 틀림,,"{""sourceUrl"":""https://fchart.stock.naver.com/sise.nhn?symbol=002380&timeframe=day&count=30&requestType=0"",""rawHash"":""b79171b074e856b2385a7770bb130a98765fca88ca3543515e1f8c104137a16c"",""observedAt"":""2026-09-29T10:06:25.000Z"",""finalClose"":true}",3,2026-09-29T10:06:25Z,v1
score-b2052205fef0a69d,score,2026-09-29,2026-09-29T10:06:25Z,score-7bee27d39c2f69fd,실제 종가 정정(338000 → 338000),"{""forecastId"":""2026-09-28-rolling20-13cd892134e517b4"",""inputSnapshotSHA256"":""9873c863bc9e2962a429dc21f256ea758207997361bb2ca87eb88d16b85c4bf2"",""collectionRecordId"":""collection-0d0511e4125387fd""}",2026-09-28-rolling20-13cd892134e517b4,atlas-rolling20-A,live,,2026-09-28T09:39:48.714Z,2026-09-28,343500,004170,신세계,cons,2026-09-29,1,true,"{""p05"":null,""p10"":330277.93028220045,""p25"":null,""p50"":343342.7455045114,""p75"":null,""p90"":358103.5422087219,""p95"":null}",338000,5342.745504511404,1.5806939362459773,1.5,false,-0.0004578005691080467,-0.01601164483260553,down,down,true,330277.93028220045,358103.5422087219,true,8.10061482577044,27825.611926521466,0.08100614825770441,"{""up"":0.47355,""flat"":0.0385,""down"":0.48795}",0.487927055,2,방향 맞고 크기 틀림,,"{""sourceUrl"":""https://fchart.stock.naver.com/sise.nhn?symbol=004170&timeframe=day&count=30&requestType=0"",""rawHash"":""6965967bd74161d39e1a5726bba01d066e570a9075d0608b57fb66846e3d1137"",""observedAt"":""2026-09-29T10:06:25.000Z"",""finalClose"":true}",5,2026-09-29T10:06:25Z,v1
score-c630bf7763cb1777,score,2026-09-29,2026-09-29T10:06:25Z,score-afa2d17e824f0c94,실제 종가 정정(82700 → 82700),"{""forecastId"":""2026-09-28-rolling20-13cd892134e517b4"",""inputSnapshotSHA256"":""9873c863bc9e2962a429dc21f256ea758207997361bb2ca87eb88d16b85c4bf2"",""collectionRecordId"":""collection-0d0511e4125387fd""}",2026-09-28-rolling20-13cd892134e517b4,atlas-rolling20-A,live,,2026-09-28T09:39:48.714Z,2026-09-28,83300,012750,에스원,util,2026-09-29,1,true,"{""p05"":null,""p10"":81172.85357237454,""p25"":null,""p50"":83318.45216759473,""p75"":null,""p90"":85391.78037238593,""p95"":null}",82700,618.4521675947326,0.7478260793164844,1.5,true,0.00022151461698349806,-0.007202881152461038,down,down,true,81172.85357237454,85391.78037238593,true,5.064738055235751,4218.926800011381,0.05064738055235751,"{""up"":0.47765,""flat"":0.03765,""down"":0.4847}",0.49510113499999997,1,방향·크기 모두 맞음,,"{""sourceUrl"":""https://fchart.stock.naver.com/sise.nhn?symbol=012750&timeframe=day&count=30&requestType=0"",""rawHash"":""28e7f8cae5f3c14fab180aa45c6c692642267711bbfd6671227057500bf26283"",""observedAt"":""2026-09-29T10:06:25.000Z"",""finalClose"":true}",4,2026-09-29T10:06:25Z,v1
score-0e1833c0b2d22d4f,score,2026-09-29,2026-09-29T10:06:25Z,score-381ee45109615738,실제 종가 정정(102700 → 102800),"{""forecastId"":""2026-09-28-rolling20-13cd892134e517b4"",""inputSnapshotSHA256"":""9873c863bc9e2962a429dc21f256ea758207997361bb2ca87eb88d16b85c4bf2"",""collectionRecordId"":""collection-0d0511e4125387fd""}",2026-09-28-rolling20-13cd892134e517b4,atlas-rolling20-A,live,,2026-09-28T09:39:48.714Z,2026-09-28,104400,226950,올릭스,bio,2026-09-29,1,true,"{""p05"":null,""p10"":97417.34770945285,""p25"":null,""p50"":104025.6350178021,""p75"":null,""p90"":112160.92376486068,""p95"":null}",102800,1225.6350178020948,1.1922519628425048,1.5,true,-0.003585871476991409,-0.01532567049808431,down,down,true,97417.34770945285,112160.92376486068,true,14.122199286789108,14743.57605540783,0.14122199286789108,"{""up"":0.4547,""flat"":0.01025,""down"":0.53505}",0.42303565499999995,1,방향·크기 모두 맞음,,"{""sourceUrl"":""https://fchart.stock.naver.com/sise.nhn?symbol=226950&timeframe=day&count=30&requestType=0"",""rawHash"":""2444c054d45eb41b564328ab75d8a9968b7817d727198d0a42f5c715559905d1"",""observedAt"":""2026-09-29T10:06:25.000Z"",""finalClose"":true}",4,2026-09-29T10:06:25Z,v1
score-691c5afaf5158950,score,2026-09-29,2026-09-29T10:06:25Z,score-1c478f8d456bf347,실제 종가 정정(17830 → 17820),"{""forecastId"":""2026-09-28-rolling20-13cd892134e517b4"",""inputSnapshotSHA256"":""9873c863bc9e2962a429dc21f256ea758207997361bb2ca87eb88d16b85c4bf2"",""collectionRecordId"":""collection-0d0511e4125387fd""}",2026-09-28-rolling20-13cd892134e517b4,atlas-rolling20-A,live,,2026-09-28T09:39:48.714Z,2026-09-28,17810,030000,제일기획,net,2026-09-29,1,true,"{""p05"":null,""p10"":17535.026889048455,""p25"":null,""p50"":17816.071505705717,""p75"":null,""p90"":18104.463046077653,""p95"":null}",17820,-3.928494294283155,0.0220454225268415,1.5,true,0.0003409043068902662,0.0005614823133071045,up,flat,false,17535.026889048455,18104.463046077653,true,3.1972833072947697,569.4361570291985,0.031972833072947696,"{""up"":0.47655,""flat"":0.08075,""down"":0.4427}",1.268103755,3,크기 허용·방향 틀림,,"{""sourceUrl"":""https://fchart.stock.naver.com/sise.nhn?symbol=030000&timeframe=day&count=30&requestType=0"",""rawHash"":""c557c3198a2a01c9a08ec1faa7b628c96f707cb2ecbda03f811b6d1f5099c4b1"",""observedAt"":""2026-09-29T10:06:25.000Z"",""finalClose"":true}",4,2026-09-29T10:06:25Z,v1
score-39f269377a830fa1,score,2026-09-29,2026-09-29T10:06:25Z,score-e25ca5aa1bf81b4e,실제 종가 정정(172700 → 173100),"{""forecastId"":""2026-09-28-atlas11-90616c6bc916e8d6"",""inputSnapshotSHA256"":""9873c863bc9e2962a429dc21f256ea758207997361bb2ca87eb88d16b85c4bf2"",""collectionRecordId"":""collection-0d0511e4125387fd""}",2026-09-28-atlas11-90616c6bc916e8d6,atlas11-A-1,live,,2026-09-28T13:13:16.576Z,2026-09-28,174200,105560,KB금융,fin,2026-09-29,1,true,"{""p05"":168736.7513415192,""p10"":170653.93347739067,""p25"":172567.952835848,""p50"":174487.55869753243,""p75"":176403.20308750152,""p90"":178865.03949070975,""p95"":179893.4133977843}",173100,1387.5586975324259,0.8015937016362945,1.5,true,0.0016507387918049954,-0.006314580941446657,up,down,false,170653.93347739067,178865.03949070975,true,4.7136085036274835,8211.106013319077,0.04713608503627484,"{""up"":0.5161,""flat"":0.05875,""down"":0.42515}",0.6002632950000002,3,크기 허용·방향 틀림,false,"{""sourceUrl"":""https://fchart.stock.naver.com/sise.nhn?symbol=105560&timeframe=day&count=30&requestType=0"",""rawHash"":""a61863dcc886af40bb4f440ee0b88300043bf3a0ca688619060dd8e3aa8b9c39"",""observedAt"":""2026-09-29T10:06:25.000Z"",""finalClose"":true}",3,2026-09-29T10:06:25Z,v1
score-3e98f7de0da38655,score,2026-09-29,2026-09-29T10:06:25Z,score-000b65eee0f38807,실제 종가 정정(290000 → 290000),"{""forecastId"":""2026-09-28-atlas11-90616c6bc916e8d6"",""inputSnapshotSHA256"":""9873c863bc9e2962a429dc21f256ea758207997361bb2ca87eb88d16b85c4bf2"",""collectionRecordId"":""collection-0d0511e4125387fd""}",2026-09-28-atlas11-90616c6bc916e8d6,atlas11-A-1,live,,2026-09-28T13:13:16.576Z,2026-09-28,296000,032830,삼성생명보험,fin,2026-09-29,1,true,"{""p05"":284919.1109859912,""p10"":287409.0377263782,""p25"":291482.65744255786,""p50"":295753.2895100759,""p75"":300067.30325072515,""p90"":305297.5313173459,""p95"":310221.6028908093}",290000,5753.289510075876,1.9838929345089227,1.5,false,-0.0008334813848788203,-0.020270270270270285,down,down,true,287409.0377263782,305297.5313173459,true,6.043409996948557,17888.49359096773,0.06043409996948557,"{""up"":0.4651,""flat"":0.0381,""down"":0.4968}",0.47097986,2,방향 맞고 크기 틀림,true,"{""sourceUrl"":""https://fchart.stock.naver.com/sise.nhn?symbol=032830&timeframe=day&count=30&requestType=0"",""rawHash"":""cef0f115c67bf931913c204bd70667de4d806a95927ca168fe785edb762545b7"",""observedAt"":""2026-09-29T10:06:25.000Z"",""finalClose"":true}",5,2026-09-29T10:06:25Z,v1
score-fb18089a4a94c080,score,2026-09-29,2026-09-29T10:06:25Z,score-10ec1e9989527565,실제 종가 정정(1014000 → 1014000),"{""forecastId"":""2026-09-28-atlas11-90616c6bc916e8d6"",""inputSnapshotSHA256"":""9873c863bc9e2962a429dc21f256ea758207997361bb2ca87eb88d16b85c4bf2"",""collectionRecordId"":""collection-0d0511e4125387fd""}",2026-09-28-atlas11-90616c6bc916e8d6,atlas11-A-1,live,,2026-09-28T13:13:16.576Z,2026-09-28,1034000,012450,한화에어로스페이스,heavy,2026-09-29,1,true,"{""p05"":969706.8925177942,""p10"":984630.5575461051,""p25"":1011292.0088631839,""p50"":1031456.2339009612,""p75"":1056119.6843431022,""p90"":1086095.0155636712,""p95"":1104259.7823926979}",1014000,17456.233900961233,1.7215220809626464,1.5,false,-0.002460121952648664,-0.01934235976789167,down,down,true,984630.5575461051,1086095.0155636712,true,9.812810253149529,101464.45801756612,0.09812810253149529,"{""up"":0.4477,""flat"":0.0185,""down"":0.5338}",0.41811997999999995,2,방향 맞고 크기 틀림,false,"{""sourceUrl"":""https://fchart.stock.naver.com/sise.nhn?symbol=012450&timeframe=day&count=30&requestType=0"",""rawHash"":""5096c801dceb1f80f73c7629d68c58861a652054b562212d1bd77c89431830bd"",""observedAt"":""2026-09-29T10:06:25.000Z"",""finalClose"":true}",2,2026-09-29T10:06:25Z,v1
score-8f404b85b76a79f8,score,2026-09-29,2026-09-29T10:06:25Z,score-67800e141b622fd8,실제 종가 정정(205000 → 205500),"{""forecastId"":""2026-09-28-atlas11-90616c6bc916e8d6"",""inputSnapshotSHA256"":""9873c863bc9e2962a429dc21f256ea758207997361bb2ca87eb88d16b85c4bf2"",""collectionRecordId"":""collection-0d0511e4125387fd""}",2026-09-28-atlas11-90616c6bc916e8d6,atlas11-A-1,live,,2026-09-28T13:13:16.576Z,2026-09-28,204500,010120,LS ELECTRIC,heavy,2026-09-29,1,true,"{""p05"":192106.34290352813,""p10"":195550.49770063313,""p25"":199357.7837811446,""p50"":203814.5144623374,""p75"":208623.11067374476,""p90"":215234.86034770997,""p95"":220131.88731137884}",205500,-1685.4855376626074,0.8201876095681787,1.5,true,-0.0033520075191325605,0.004889975550122161,down,up,false,195550.49770063313,215234.86034770997,true,9.62560520639454,19684.362647076836,0.09625605206394541,"{""up"":0.4381,""flat"":0.03555,""down"":0.52635}",0.5940397350000001,3,크기 허용·방향 틀림,false,"{""sourceUrl"":""https://fchart.stock.naver.com/sise.nhn?symbol=010120&timeframe=day&count=30&requestType=0"",""rawHash"":""31800c7f3471bdf5c7b30a9d36d8f838fb6d2b673cf4a6d7a2b85980296b5ac8"",""observedAt"":""2026-09-29T10:06:25.000Z"",""finalClose"":true}",3,2026-09-29T10:06:25Z,v1
score-7cb94671adf89c66,score,2026-09-29,2026-09-29T10:06:25Z,score-10064364abd137c2,실제 종가 정정(651000 → 651000),"{""forecastId"":""2026-09-28-atlas11-90616c6bc916e8d6"",""inputSnapshotSHA256"":""9873c863bc9e2962a429dc21f256ea758207997361bb2ca87eb88d16b85c4bf2"",""collectionRecordId"":""collection-0d0511e4125387fd""}",2026-09-28-atlas11-90616c6bc916e8d6,atlas11-A-1,live,,2026-09-28T13:13:16.576Z,2026-09-28,661000,000810,삼성화재,fin,2026-09-29,1,true,"{""p05"":636920.9851996747,""p10"":643276.2325376064,""p25"":651731.5013673092,""p50"":659816.9294697228,""p75"":667681.3182408422,""p90"":678637.1886861576,""p95"":689444.3602459042}",651000,8816.929469722789,1.354367046040367,1.5,true,-0.0017898192591183637,-0.015128593040847238,down,down,true,643276.2325376064,678637.1886861576,true,5.349615151066747,35360.956148551195,0.053496151510667465,"{""up"":0.43965,""flat"":0.0426,""down"":0.51775}",0.42767194499999994,1,방향·크기 모두 맞음,false,"{""sourceUrl"":""https://fchart.stock.naver.com/sise.nhn?symbol=000810&timeframe=day&count=30&requestType=0"",""rawHash"":""b20b03f1143311b5e6740a441650d24e42af4b195b6024b254b1fdd4a972402d"",""observedAt"":""2026-09-29T10:06:25.000Z"",""finalClose"":true}",4,2026-09-29T10:06:25Z,v1
score-33e1838ad70f047b,score,2026-09-29,2026-09-29T10:06:25Z,score-8fefcf4b7b24c016,실제 종가 정정(132100 → 132200),"{""forecastId"":""2026-09-28-atlas11-90616c6bc916e8d6"",""inputSnapshotSHA256"":""9873c863bc9e2962a429dc21f256ea758207997361bb2ca87eb88d16b85c4bf2"",""collectionRecordId"":""collection-0d0511e4125387fd""}",2026-09-28-atlas11-90616c6bc916e8d6,atlas11-A-1,live,,2026-09-28T13:13:16.576Z,2026-09-28,133400,138040,메리츠금융지주,fin,2026-09-29,1,true,"{""p05"":128258.61922292049,""p10"":129551.53986593716,""p25"":131243.71664324414,""p50"":132768.04948520704,""p75"":134741.74697269898,""p90"":137216.58867525094,""p95"":139029.9283805387}",132200,568.0494852070406,0.4296894744380035,1.5,true,-0.0047372602308317635,-0.008995502248875575,down,down,true,129551.53986593716,137216.58867525094,true,5.745913650160257,7665.048809313783,0.05745913650160257,"{""up"":0.3737,""flat"":0.05435,""down"":0.57195}",0.32583241500000004,1,방향·크기 모두 맞음,false,"{""sourceUrl"":""https://fchart.stock.naver.com/sise.nhn?symbol=138040&timeframe=day&count=30&requestType=0"",""rawHash"":""0b7288b5d47b0a3bf8504fd7fb478d08f5ae220a055f2878e3e614414bbf07bb"",""observedAt"":""2026-09-29T10:06:25.000Z"",""finalClose"":true}",3,2026-09-29T10:06:25Z,v1
score-2c28beabec9baeaa,score,2026-09-29,2026-09-29T10:06:25Z,score-ad3f05b087c3ba2d,실제 종가 정정(30050 → 30050),"{""forecastId"":""2026-09-28-atlas11-90616c6bc916e8d6"",""inputSnapshotSHA256"":""9873c863bc9e2962a429dc21f256ea758207997361bb2ca87eb88d16b85c4bf2"",""collectionRecordId"":""collection-0d0511e4125387fd""}",2026-09-28-atlas11-90616c6bc916e8d6,atlas11-A-1,live,,2026-09-28T13:13:16.576Z,2026-09-28,30700,015760,한국전력,util,2026-09-29,1,true,"{""p05"":29545.00911211901,""p10"":29903.31780130189,""p25"":30306.4204445081,""p50"":30676.824961368737,""p75"":31095.529020039874,""p90"":31527.29588795409,""p95"":31857.19140062714}",30050,626.8249613687367,2.085939971276994,1.5,false,-0.0007548872518327032,-0.021172638436482094,down,down,true,29903.31780130189,31527.29588795409,true,5.289830901147225,1623.9780866521978,0.052898309011472244,"{""up"":0.45455,""flat"":0.07095,""down"":0.4745}",0.4877998550000001,2,방향 맞고 크기 틀림,true,"{""sourceUrl"":""https://fchart.stock.naver.com/sise.nhn?symbol=015760&timeframe=day&count=30&requestType=0"",""rawHash"":""75eb198622c91b49fffd5fa9c33423c74b0945d73bb34c583f656aec7a156a4c"",""observedAt"":""2026-09-29T10:06:25.000Z"",""finalClose"":true}",3,2026-09-29T10:06:25Z,v1
score-306af4887ce121bf,score,2026-09-29,2026-09-29T10:06:25Z,score-c47c03b26f6d1337,실제 종가 정정(20900 → 20900),"{""forecastId"":""2026-09-28-atlas11-90616c6bc916e8d6"",""inputSnapshotSHA256"":""9873c863bc9e2962a429dc21f256ea758207997361bb2ca87eb88d16b85c4bf2"",""collectionRecordId"":""collection-0d0511e4125387fd""}",2026-09-28-atlas11-90616c6bc916e8d6,atlas11-A-1,live,,2026-09-28T13:13:16.576Z,2026-09-28,21250,011200,HMM,auto,2026-09-29,1,true,"{""p05"":20563.006008668403,""p10"":20729.930885585552,""p25"":20995.706578038098,""p50"":21242.451327034338,""p75"":21489.31200885098,""p90"":21783.726474531657,""p95"":22054.92072785394}",20900,342.45132703433774,1.6385230958580754,1.5,false,-0.0003552316689723334,-0.016470588235294126,down,down,true,20729.930885585552,21783.726474531657,true,4.959038065628727,1053.7955889461045,0.04959038065628727,"{""up"":0.44675,""flat"":0.06675,""down"":0.4865}",0.46772337500000005,2,방향 맞고 크기 틀림,true,"{""sourceUrl"":""https://fchart.stock.naver.com/sise.nhn?symbol=011200&timeframe=day&count=30&requestType=0"",""rawHash"":""6b0bdd285b005eb31595882180351c1ccaca67cbf217a892382e67ea6450b0cb"",""observedAt"":""2026-09-29T10:06:25.000Z"",""finalClose"":true}",5,2026-09-29T10:06:25Z,v1
score-e1095481cf1c95ff,score,2026-09-29,2026-09-29T10:06:25Z,score-4ee55f9759f1d23a,실제 종가 정정(176200 → 176100),"{""forecastId"":""2026-09-28-atlas11-90616c6bc916e8d6"",""inputSnapshotSHA256"":""9873c863bc9e2962a429dc21f256ea758207997361bb2ca87eb88d16b85c4bf2"",""collectionRecordId"":""collection-0d0511e4125387fd""}",2026-09-28-atlas11-90616c6bc916e8d6,atlas11-A-1,live,,2026-09-28T13:13:16.576Z,2026-09-28,175400,033780,KT&G,cons,2026-09-29,1,true,"{""p05"":170583.93921499507,""p10"":172149.2145070198,""p25"":173701.56201631532,""p50"":175265.80363252517,""p75"":176943.40485221357,""p90"":179093.1559451884,""p95"":180663.200499342}",176100,-834.1963674748258,0.47370605762341045,1.5,true,-0.0007650876138816098,0.003990877993158559,down,up,false,172149.2145070198,179093.1559451884,true,3.9589175816240636,6943.941438168607,0.039589175816240635,"{""up"":0.4473,""flat"":0.0571,""down"":0.4956}",0.55435706,3,크기 허용·방향 틀림,true,"{""sourceUrl"":""https://fchart.stock.naver.com/sise.nhn?symbol=033780&timeframe=day&count=30&requestType=0"",""rawHash"":""7776735bca94d3f52c61f661ce3327fcea85c8aa8ca52411f382f8d093e9365d"",""observedAt"":""2026-09-29T10:06:25.000Z"",""finalClose"":true}",3,2026-09-29T10:06:25Z,v1
score-8500c24e54de8031,score,2026-09-29,2026-09-29T10:06:25Z,score-f812e6ee67187de2,실제 종가 정정(196800 → 197000),"{""forecastId"":""2026-09-28-atlas11-90616c6bc916e8d6"",""inputSnapshotSHA256"":""9873c863bc9e2962a429dc21f256ea758207997361bb2ca87eb88d16b85c4bf2"",""collectionRecordId"":""collection-0d0511e4125387fd""}",2026-09-28-atlas11-90616c6bc916e8d6,atlas11-A-1,live,,2026-09-28T13:13:16.576Z,2026-09-28,199100,086280,현대글로비스,auto,2026-09-29,1,true,"{""p05"":192046.71475057933,""p10"":193433.28150163442,""p25"":196229.31832782406,""p50"":198777.1416887925,""p75"":201608.9735930641,""p90"":205324.02929931454,""p95"":208086.46014594656}",197000,1777.1416887925006,0.902102380097716,1.5,true,-0.0016215887052108968,-0.010547463586137673,down,down,true,193433.28150163442,205324.02929931454,true,5.972249019427482,11890.747797680116,0.05972249019427482,"{""up"":0.4491,""flat"":0.0395,""down"":0.5114}",0.44198102000000006,1,방향·크기 모두 맞음,false,"{""sourceUrl"":""https://fchart.stock.naver.com/sise.nhn?symbol=086280&timeframe=day&count=30&requestType=0"",""rawHash"":""be53a004aa2c0ddda5e051ded0be905a5a16a9295e00f8176eaee9cb0d5cf547"",""observedAt"":""2026-09-29T10:06:25.000Z"",""finalClose"":true}",2,2026-09-29T10:06:25Z,v1
score-985cbbeadc054a4d,score,2026-09-29,2026-09-29T10:06:25Z,score-37b3582c95faaf23,실제 종가 정정(361500 → 361500),"{""forecastId"":""2026-09-28-atlas11-90616c6bc916e8d6"",""inputSnapshotSHA256"":""9873c863bc9e2962a429dc21f256ea758207997361bb2ca87eb88d16b85c4bf2"",""collectionRecordId"":""collection-0d0511e4125387fd""}",2026-09-28-atlas11-90616c6bc916e8d6,atlas11-A-1,live,,2026-09-28T13:13:16.576Z,2026-09-28,368500,278470,에이피알,cons,2026-09-29,1,true,"{""p05"":346334.485688635,""p10"":351852.708293176,""p25"":359333.1884225959,""p50"":368361.5128795771,""p75"":376464.322849605,""p90"":387705.2117008389,""p95"":391944.501496126}",361500,6861.512879577116,1.8980671866050114,1.5,false,-0.00037581308120182566,-0.018995929443690662,down,down,true,351852.708293176,387705.2117008389,true,9.72930893016631,35852.50340766285,0.0972930893016631,"{""up"":0.47585,""flat"":0.02985,""down"":0.4943}",0.483056735,2,방향 맞고 크기 틀림,true,"{""sourceUrl"":""https://fchart.stock.naver.com/sise.nhn?symbol=278470&timeframe=day&count=30&requestType=0"",""rawHash"":""730125b52b8a8ac3a446c522e9324ad97b88891357fb9a5fcc2916a58b65a6b3"",""observedAt"":""2026-09-29T10:06:25.000Z"",""finalClose"":true}",4,2026-09-29T10:06:25Z,v1
score-7342a1cdaf4ea173,score,2026-09-29,2026-09-29T10:06:25Z,score-50438d22e2d08c90,실제 종가 정정(52600 → 52700),"{""forecastId"":""2026-09-28-atlas11-90616c6bc916e8d6"",""inputSnapshotSHA256"":""9873c863bc9e2962a429dc21f256ea758207997361bb2ca87eb88d16b85c4bf2"",""collectionRecordId"":""collection-0d0511e4125387fd""}",2026-09-28-atlas11-90616c6bc916e8d6,atlas11-A-1,live,,2026-09-28T13:13:16.576Z,2026-09-28,52900,030200,KT,net,2026-09-29,1,true,"{""p05"":51774.6861769322,""p10"":52072.27304558202,""p25"":52456.53257664795,""p50"":52910.11231608776,""p75"":53337.47220230064,""p90"":53764.704239533836,""p95"":54183.586368306904}",52700,210.11231608776143,0.3986950969407238,1.5,true,0.00019115909428668587,-0.003780718336483968,up,down,false,52072.27304558202,53764.704239533836,true,3.1993028241055113,1692.4311939518157,0.03199302824105511,"{""up"":0.4654,""flat"":0.07895,""down"":0.45565}",0.519147185,3,크기 허용·방향 틀림,true,"{""sourceUrl"":""https://fchart.stock.naver.com/sise.nhn?symbol=030200&timeframe=day&count=30&requestType=0"",""rawHash"":""42d03919dc5ab0e03b32faa26b768d5fbf583b00a6d630b3224810337e3529c0"",""observedAt"":""2026-09-29T10:06:25.000Z"",""finalClose"":true}",4,2026-09-29T10:06:25Z,v1
score-f55bea8447e3ea14,score,2026-09-29,2026-09-29T10:06:25Z,,,"{""forecastId"":""2026-09-28-atlas11-90616c6bc916e8d6"",""inputSnapshotSHA256"":""9873c863bc9e2962a429dc21f256ea758207997361bb2ca87eb88d16b85c4bf2"",""collectionRecordId"":""collection-0d0511e4125387fd""}",2026-09-28-atlas11-90616c6bc916e8d6,atlas11-A-1,live,,2026-09-28T13:13:16.576Z,2026-09-28,56900,047050,포스코인터내셔널,util,2026-09-29,1,true,"{""p05"":54622.0148130427,""p10"":55008.09326336243,""p25"":55908.011841323474,""p50"":56843.247563370736,""p75"":57710.94959691706,""p90"":59080.485613511715,""p95"":59873.97602777295}",54500,2343.2475633707363,4.299536813524287,1.5,false,-0.0009974066191434927,-0.04217926186291743,down,down,true,55008.09326336243,59080.485613511715,false,7.157104306062008,9153.324983773608,0.16086687141957132,"{""up"":0.45095,""flat"":0.0509,""down"":0.49815}",0.45780013500000005,2,방향 맞고 크기 틀림,true,"{""sourceUrl"":""https://fchart.stock.naver.com/sise.nhn?symbol=047050&timeframe=day&count=30&requestType=0"",""rawHash"":""7fde56ef692dc5fbb8e4367fa6bd4e70b10d800471de3af96023c6c725c3b6cc"",""observedAt"":""2026-09-29T10:06:25.000Z"",""finalClose"":true}",1,2026-09-29T10:06:25Z,v1
score-bb42fb6d0f676a06,score,2026-09-29,2026-09-29T10:06:25Z,score-c4bc013b39637618,실제 종가 정정(1221000 → 1223000),"{""forecastId"":""2026-09-28-atlas11-90616c6bc916e8d6"",""inputSnapshotSHA256"":""9873c863bc9e2962a429dc21f256ea758207997361bb2ca87eb88d16b85c4bf2"",""collectionRecordId"":""collection-0d0511e4125387fd""}",2026-09-28-atlas11-90616c6bc916e8d6,atlas11-A-1,live,,2026-09-28T13:13:16.576Z,2026-09-28,1215000,003230,삼양식품,cons,2026-09-29,1,true,"{""p05"":1167110.028335501,""p10"":1174454.1380512444,""p25"":1190702.1285725543,""p50"":1210056.0148690285,""p75"":1232583.579668155,""p90"":1264359.4294562682,""p95"":1284787.257981781}",1223000,-12943.98513097153,1.0583798144702805,1.5,true,-0.004069123564585664,0.006584362139917754,down,up,false,1174454.1380512444,1264359.4294562682,true,7.399612461318829,89905.29140502377,0.07399612461318829,"{""up"":0.42485,""flat"":0.032,""down"":0.54315}",0.6268334450000002,3,크기 허용·방향 틀림,false,"{""sourceUrl"":""https://fchart.stock.naver.com/sise.nhn?symbol=003230&timeframe=day&count=30&requestType=0"",""rawHash"":""757b68a966372b94f0906f7b20cab0ebbe44be3db9b7de1081ef099b2e1a422a"",""observedAt"":""2026-09-29T10:06:25.000Z"",""finalClose"":true}",5,2026-09-29T10:06:25Z,v1
score-7fbb808bee8d87c8,score,2026-09-29,2026-09-29T10:06:25Z,score-6dfc6b9819cd48b8,실제 종가 정정(100700 → 100600),"{""forecastId"":""2026-09-28-atlas11-90616c6bc916e8d6"",""inputSnapshotSHA256"":""9873c863bc9e2962a429dc21f256ea758207997361bb2ca87eb88d16b85c4bf2"",""collectionRecordId"":""collection-0d0511e4125387fd""}",2026-09-28-atlas11-90616c6bc916e8d6,atlas11-A-1,live,,2026-09-28T13:13:16.576Z,2026-09-28,101600,021240,코웨이,cons,2026-09-29,1,true,"{""p05"":98057.38700655336,""p10"":98912.01494195993,""p25"":100246.22802660981,""p50"":101497.27424549125,""p75"":102906.01042755581,""p90"":104789.09740984246,""p95"":106824.26592820317}",100600,897.2742454912513,0.8919227092358364,1.5,true,-0.0010110802609129,-0.009842519685039353,down,down,true,98912.01494195993,104789.09740984246,true,5.7845299880733565,5877.08246788253,0.057845299880733565,"{""up"":0.45555,""flat"":0.04335,""down"":0.5011}",0.458306235,1,방향·크기 모두 맞음,true,"{""sourceUrl"":""https://fchart.stock.naver.com/sise.nhn?symbol=021240&timeframe=day&count=30&requestType=0"",""rawHash"":""d96761d93982ceace11243d66c77351f957b06312a61d90a03d3dc96156be138"",""observedAt"":""2026-09-29T10:06:25.000Z"",""finalClose"":true}",3,2026-09-29T10:06:25Z,v1
score-c9ed6dd8e2917505,score,2026-09-29,2026-09-29T10:06:25Z,score-fa506ab66540e03f,실제 종가 정정(158900 → 158900),"{""forecastId"":""2026-09-28-atlas11-90616c6bc916e8d6"",""inputSnapshotSHA256"":""9873c863bc9e2962a429dc21f256ea758207997361bb2ca87eb88d16b85c4bf2"",""collectionRecordId"":""collection-0d0511e4125387fd""}",2026-09-28-atlas11-90616c6bc916e8d6,atlas11-A-1,live,,2026-09-28T13:13:16.576Z,2026-09-28,161900,352820,하이브,net,2026-09-29,1,true,"{""p05"":155232.85397148438,""p10"":157519.94177044442,""p25"":159309.4767072444,""p50"":161861.67662654756,""p75"":164463.18908158338,""p90"":167446.62046544807,""p95"":169441.2786518481}",158900,2961.67662654756,1.8638619424465448,1.5,false,-0.000236710151034214,-0.018529956763434163,down,down,true,157519.94177044442,167446.62046544807,true,6.131364234097374,9926.678695003648,0.06131364234097374,"{""up"":0.47325,""flat"":0.03555,""down"":0.4912}",0.4841068049999999,2,방향 맞고 크기 틀림,true,"{""sourceUrl"":""https://fchart.stock.naver.com/sise.nhn?symbol=352820&timeframe=day&count=30&requestType=0"",""rawHash"":""b7196a9056381689d99f5c4fa770ee85b3b00e48656f562c68ad3feb55a0cf61"",""observedAt"":""2026-09-29T10:06:25.000Z"",""finalClose"":true}",2,2026-09-29T10:06:25Z,v1
score-fec18900804b2d37,score,2026-09-29,2026-09-29T10:06:25Z,score-7308d30b5ab8a9d2,실제 종가 정정(42500 → 42450),"{""forecastId"":""2026-09-28-atlas11-90616c6bc916e8d6"",""inputSnapshotSHA256"":""9873c863bc9e2962a429dc21f256ea758207997361bb2ca87eb88d16b85c4bf2"",""collectionRecordId"":""collection-0d0511e4125387fd""}",2026-09-28-atlas11-90616c6bc916e8d6,atlas11-A-1,live,,2026-09-28T13:13:16.576Z,2026-09-28,43350,029780,삼성카드,fin,2026-09-29,1,true,"{""p05"":42263.106449834835,""p10"":42629.39273636437,""p25"":43002.812083453915,""p50"":43334.95655312725,""p75"":43716.80435104584,""p90"":44106.7399069947,""p95"":44327.21497812337}",42450,884.9565531272528,2.0847033053645534,1.5,false,-0.0003470229959111615,-0.02076124567474047,up,down,false,42629.39273636437,44106.7399069947,false,3.4079519507043408,3271.274534274002,0.07546192697287202,"{""up"":0.4676,""flat"":0.0649,""down"":0.4675}",0.5064180199999999,4,방향·크기 모두 틀림,true,"{""sourceUrl"":""https://fchart.stock.naver.com/sise.nhn?symbol=029780&timeframe=day&count=30&requestType=0"",""rawHash"":""d3e70eb414dfa4693ef006cfcf5ef2a832539d3923d2d6fceb1bbe49a1d39143"",""observedAt"":""2026-09-29T10:06:25.000Z"",""finalClose"":true}",4,2026-09-29T10:06:25Z,v1
score-e57e39f3badf722b,score,2026-09-29,2026-09-29T10:06:25Z,score-cef6a7af4fd15d0c,실제 종가 정정(472000 → 471500),"{""forecastId"":""2026-09-28-atlas11-90616c6bc916e8d6"",""inputSnapshotSHA256"":""9873c863bc9e2962a429dc21f256ea758207997361bb2ca87eb88d16b85c4bf2"",""collectionRecordId"":""collection-0d0511e4125387fd""}",2026-09-28-atlas11-90616c6bc916e8d6,atlas11-A-1,live,,2026-09-28T13:13:16.576Z,2026-09-28,480000,002380,KCC,chem,2026-09-29,1,true,"{""p05"":461638.69350293395,""p10"":467040.30266720115,""p25"":473829.0278103937,""p50"":479653.2511743554,""p75"":486244.3537191055,""p90"":494544.245614142,""p95"":500026.59376739257}",471500,8153.251174355391,1.729215519481525,1.5,false,-0.0007223933867596122,-0.017708333333333326,down,down,true,467040.30266720115,494544.245614142,true,5.729988113946007,27503.942946940835,0.05729988113946007,"{""up"":0.47015,""flat"":0.0517,""down"":0.47815}",0.4960413349999999,2,방향 맞고 크기 틀림,true,"{""sourceUrl"":""https://fchart.stock.naver.com/sise.nhn?symbol=002380&timeframe=day&count=30&requestType=0"",""rawHash"":""b79171b074e856b2385a7770bb130a98765fca88ca3543515e1f8c104137a16c"",""observedAt"":""2026-09-29T10:06:25.000Z"",""finalClose"":true}",3,2026-09-29T10:06:25Z,v1
score-1a5b6350183eae28,score,2026-09-29,2026-09-29T10:06:25Z,score-fac6a21ce6d76ba2,실제 종가 정정(338000 → 338000),"{""forecastId"":""2026-09-28-atlas11-90616c6bc916e8d6"",""inputSnapshotSHA256"":""9873c863bc9e2962a429dc21f256ea758207997361bb2ca87eb88d16b85c4bf2"",""collectionRecordId"":""collection-0d0511e4125387fd""}",2026-09-28-atlas11-90616c6bc916e8d6,atlas11-A-1,live,,2026-09-28T13:13:16.576Z,2026-09-28,343500,004170,신세계,cons,2026-09-29,1,true,"{""p05"":325591.92873973766,""p10"":330277.93028220045,""p25"":337821.7994516415,""p50"":343342.7455045114,""p75"":349708.27956694935,""p90"":358103.5422087219,""p95"":364124.3141965789}",338000,5342.745504511404,1.5806939362459773,1.5,false,-0.0004578005691080467,-0.01601164483260553,down,down,true,330277.93028220045,358103.5422087219,true,8.10061482577044,27825.611926521466,0.08100614825770441,"{""up"":0.47355,""flat"":0.0385,""down"":0.48795}",0.487927055,2,방향 맞고 크기 틀림,true,"{""sourceUrl"":""https://fchart.stock.naver.com/sise.nhn?symbol=004170&timeframe=day&count=30&requestType=0"",""rawHash"":""6965967bd74161d39e1a5726bba01d066e570a9075d0608b57fb66846e3d1137"",""observedAt"":""2026-09-29T10:06:25.000Z"",""finalClose"":true}",5,2026-09-29T10:06:25Z,v1
score-64309c1e905f70f3,score,2026-09-29,2026-09-29T10:06:25Z,score-89a66f998a5d25e1,실제 종가 정정(82700 → 82700),"{""forecastId"":""2026-09-28-atlas11-90616c6bc916e8d6"",""inputSnapshotSHA256"":""9873c863bc9e2962a429dc21f256ea758207997361bb2ca87eb88d16b85c4bf2"",""collectionRecordId"":""collection-0d0511e4125387fd""}",2026-09-28-atlas11-90616c6bc916e8d6,atlas11-A-1,live,,2026-09-28T13:13:16.576Z,2026-09-28,83300,012750,에스원,util,2026-09-29,1,true,"{""p05"":80536.35559825318,""p10"":81172.85357237454,""p25"":82388.62118419673,""p50"":83318.45216759473,""p75"":84258.21009974211,""p90"":85391.78037238593,""p95"":86122.37683397422}",82700,618.4521675947326,0.7478260793164844,1.5,true,0.00022151461698349806,-0.007202881152461038,down,down,true,81172.85357237454,85391.78037238593,true,5.064738055235751,4218.926800011381,0.05064738055235751,"{""up"":0.47765,""flat"":0.03765,""down"":0.4847}",0.49510113499999997,1,방향·크기 모두 맞음,true,"{""sourceUrl"":""https://fchart.stock.naver.com/sise.nhn?symbol=012750&timeframe=day&count=30&requestType=0"",""rawHash"":""28e7f8cae5f3c14fab180aa45c6c692642267711bbfd6671227057500bf26283"",""observedAt"":""2026-09-29T10:06:25.000Z"",""finalClose"":true}",4,2026-09-29T10:06:25Z,v1
score-a30faf67fc574d5e,score,2026-09-29,2026-09-29T10:06:25Z,score-bbec60739a10553d,실제 종가 정정(102700 → 102800),"{""forecastId"":""2026-09-28-atlas11-90616c6bc916e8d6"",""inputSnapshotSHA256"":""9873c863bc9e2962a429dc21f256ea758207997361bb2ca87eb88d16b85c4bf2"",""collectionRecordId"":""collection-0d0511e4125387fd""}",2026-09-28-atlas11-90616c6bc916e8d6,atlas11-A-1,live,,2026-09-28T13:13:16.576Z,2026-09-28,104400,226950,올릭스,bio,2026-09-29,1,true,"{""p05"":95626.62310019063,""p10"":97417.34770945285,""p25"":100457.99386365403,""p50"":104025.6350178021,""p75"":108125.61929763864,""p90"":112160.92376486068,""p95"":116432.58600437987}",102800,1225.6350178020948,1.1922519628425048,1.5,true,-0.003585871476991409,-0.01532567049808431,down,down,true,97417.34770945285,112160.92376486068,true,14.122199286789108,14743.57605540783,0.14122199286789108,"{""up"":0.4547,""flat"":0.01025,""down"":0.53505}",0.42303565499999995,1,방향·크기 모두 맞음,false,"{""sourceUrl"":""https://fchart.stock.naver.com/sise.nhn?symbol=226950&timeframe=day&count=30&requestType=0"",""rawHash"":""2444c054d45eb41b564328ab75d8a9968b7817d727198d0a42f5c715559905d1"",""observedAt"":""2026-09-29T10:06:25.000Z"",""finalClose"":true}",4,2026-09-29T10:06:25Z,v1
score-e76680d37fc30753,score,2026-09-29,2026-09-29T10:06:25Z,score-687ea8b2a2e9b2e8,실제 종가 정정(17830 → 17820),"{""forecastId"":""2026-09-28-atlas11-90616c6bc916e8d6"",""inputSnapshotSHA256"":""9873c863bc9e2962a429dc21f256ea758207997361bb2ca87eb88d16b85c4bf2"",""collectionRecordId"":""collection-0d0511e4125387fd""}",2026-09-28-atlas11-90616c6bc916e8d6,atlas11-A-1,live,,2026-09-28T13:13:16.576Z,2026-09-28,17810,030000,제일기획,net,2026-09-29,1,true,"{""p05"":17433.565653654616,""p10"":17535.026889048455,""p25"":17681.85994267285,""p50"":17816.071505705717,""p75"":17949.803295727947,""p90"":18104.463046077653,""p95"":18191.681431911446}",17820,-3.928494294283155,0.0220454225268415,1.5,true,0.0003409043068902662,0.0005614823133071045,up,flat,false,17535.026889048455,18104.463046077653,true,3.1972833072947697,569.4361570291985,0.031972833072947696,"{""up"":0.47655,""flat"":0.08075,""down"":0.4427}",1.268103755,3,크기 허용·방향 틀림,true,"{""sourceUrl"":""https://fchart.stock.naver.com/sise.nhn?symbol=030000&timeframe=day&count=30&requestType=0"",""rawHash"":""c557c3198a2a01c9a08ec1faa7b628c96f707cb2ecbda03f811b6d1f5099c4b1"",""observedAt"":""2026-09-29T10:06:25.000Z"",""finalClose"":true}",4,2026-09-29T10:06:25Z,v1
score-a71c2f42a03d5487,score,2026-09-29,2026-09-29T10:06:25Z,score-4ecda258de3393c6,실제 종가 정정(172700 → 173100),"{""forecastId"":""2026-09-28-atlas11-27e1f65cfc167be9"",""inputSnapshotSHA256"":""9873c863bc9e2962a429dc21f256ea758207997361bb2ca87eb88d16b85c4bf2"",""collectionRecordId"":""collection-0d0511e4125387fd""}",2026-09-28-atlas11-27e1f65cfc167be9,atlas11-A-1,live,,2026-09-28T13:29:56.398Z,2026-09-28,174200,105560,KB금융,fin,2026-09-29,1,true,"{""p05"":168736.7513415192,""p10"":170653.93347739067,""p25"":172567.952835848,""p50"":174487.55869753243,""p75"":176403.20308750152,""p90"":178865.03949070975,""p95"":179893.4133977843}",173100,1387.5586975324259,0.8015937016362945,1.5,true,0.0016507387918049954,-0.006314580941446657,up,down,false,170653.93347739067,178865.03949070975,true,4.7136085036274835,8211.106013319077,0.04713608503627484,"{""up"":0.5161,""flat"":0.05875,""down"":0.42515}",0.6002632950000002,3,크기 허용·방향 틀림,false,"{""sourceUrl"":""https://fchart.stock.naver.com/sise.nhn?symbol=105560&timeframe=day&count=30&requestType=0"",""rawHash"":""a61863dcc886af40bb4f440ee0b88300043bf3a0ca688619060dd8e3aa8b9c39"",""observedAt"":""2026-09-29T10:06:25.000Z"",""finalClose"":true}",3,2026-09-29T10:06:25Z,v1
score-a6ab9b70f34870f1,score,2026-09-29,2026-09-29T10:06:25Z,score-a9a6677033099765,실제 종가 정정(290000 → 290000),"{""forecastId"":""2026-09-28-atlas11-27e1f65cfc167be9"",""inputSnapshotSHA256"":""9873c863bc9e2962a429dc21f256ea758207997361bb2ca87eb88d16b85c4bf2"",""collectionRecordId"":""collection-0d0511e4125387fd""}",2026-09-28-atlas11-27e1f65cfc167be9,atlas11-A-1,live,,2026-09-28T13:29:56.398Z,2026-09-28,296000,032830,삼성생명보험,fin,2026-09-29,1,true,"{""p05"":284919.1109859912,""p10"":287409.0377263782,""p25"":291482.65744255786,""p50"":295753.2895100759,""p75"":300067.30325072515,""p90"":305297.5313173459,""p95"":310221.6028908093}",290000,5753.289510075876,1.9838929345089227,1.5,false,-0.0008334813848788203,-0.020270270270270285,down,down,true,287409.0377263782,305297.5313173459,true,6.043409996948557,17888.49359096773,0.06043409996948557,"{""up"":0.4651,""flat"":0.0381,""down"":0.4968}",0.47097986,2,방향 맞고 크기 틀림,true,"{""sourceUrl"":""https://fchart.stock.naver.com/sise.nhn?symbol=032830&timeframe=day&count=30&requestType=0"",""rawHash"":""cef0f115c67bf931913c204bd70667de4d806a95927ca168fe785edb762545b7"",""observedAt"":""2026-09-29T10:06:25.000Z"",""finalClose"":true}",5,2026-09-29T10:06:25Z,v1
score-bb239913c3331b5f,score,2026-09-29,2026-09-29T10:06:25Z,score-53c972b533d881b1,실제 종가 정정(1014000 → 1014000),"{""forecastId"":""2026-09-28-atlas11-27e1f65cfc167be9"",""inputSnapshotSHA256"":""9873c863bc9e2962a429dc21f256ea758207997361bb2ca87eb88d16b85c4bf2"",""collectionRecordId"":""collection-0d0511e4125387fd""}",2026-09-28-atlas11-27e1f65cfc167be9,atlas11-A-1,live,,2026-09-28T13:29:56.398Z,2026-09-28,1034000,012450,한화에어로스페이스,heavy,2026-09-29,1,true,"{""p05"":969706.8925177942,""p10"":984630.5575461051,""p25"":1011292.0088631839,""p50"":1031456.2339009612,""p75"":1056119.6843431022,""p90"":1086095.0155636712,""p95"":1104259.7823926979}",1014000,17456.233900961233,1.7215220809626464,1.5,false,-0.002460121952648664,-0.01934235976789167,down,down,true,984630.5575461051,1086095.0155636712,true,9.812810253149529,101464.45801756612,0.09812810253149529,"{""up"":0.4477,""flat"":0.0185,""down"":0.5338}",0.41811997999999995,2,방향 맞고 크기 틀림,false,"{""sourceUrl"":""https://fchart.stock.naver.com/sise.nhn?symbol=012450&timeframe=day&count=30&requestType=0"",""rawHash"":""5096c801dceb1f80f73c7629d68c58861a652054b562212d1bd77c89431830bd"",""observedAt"":""2026-09-29T10:06:25.000Z"",""finalClose"":true}",2,2026-09-29T10:06:25Z,v1
score-d4885fb64baaf056,score,2026-09-29,2026-09-29T10:06:25Z,score-1a9d267d6d87e3f9,실제 종가 정정(205000 → 205500),"{""forecastId"":""2026-09-28-atlas11-27e1f65cfc167be9"",""inputSnapshotSHA256"":""9873c863bc9e2962a429dc21f256ea758207997361bb2ca87eb88d16b85c4bf2"",""collectionRecordId"":""collection-0d0511e4125387fd""}",2026-09-28-atlas11-27e1f65cfc167be9,atlas11-A-1,live,,2026-09-28T13:29:56.398Z,2026-09-28,204500,010120,LS ELECTRIC,heavy,2026-09-29,1,true,"{""p05"":192106.34290352813,""p10"":195550.49770063313,""p25"":199357.7837811446,""p50"":203814.5144623374,""p75"":208623.11067374476,""p90"":215234.86034770997,""p95"":220131.88731137884}",205500,-1685.4855376626074,0.8201876095681787,1.5,true,-0.0033520075191325605,0.004889975550122161,down,up,false,195550.49770063313,215234.86034770997,true,9.62560520639454,19684.362647076836,0.09625605206394541,"{""up"":0.4381,""flat"":0.03555,""down"":0.52635}",0.5940397350000001,3,크기 허용·방향 틀림,false,"{""sourceUrl"":""https://fchart.stock.naver.com/sise.nhn?symbol=010120&timeframe=day&count=30&requestType=0"",""rawHash"":""31800c7f3471bdf5c7b30a9d36d8f838fb6d2b673cf4a6d7a2b85980296b5ac8"",""observedAt"":""2026-09-29T10:06:25.000Z"",""finalClose"":true}",3,2026-09-29T10:06:25Z,v1
score-b1dd432481961230,score,2026-09-29,2026-09-29T10:06:25Z,score-6b7e81153175a49e,실제 종가 정정(651000 → 651000),"{""forecastId"":""2026-09-28-atlas11-27e1f65cfc167be9"",""inputSnapshotSHA256"":""9873c863bc9e2962a429dc21f256ea758207997361bb2ca87eb88d16b85c4bf2"",""collectionRecordId"":""collection-0d0511e4125387fd""}",2026-09-28-atlas11-27e1f65cfc167be9,atlas11-A-1,live,,2026-09-28T13:29:56.398Z,2026-09-28,661000,000810,삼성화재,fin,2026-09-29,1,true,"{""p05"":636920.9851996747,""p10"":643276.2325376064,""p25"":651731.5013673092,""p50"":659816.9294697228,""p75"":667681.3182408422,""p90"":678637.1886861576,""p95"":689444.3602459042}",651000,8816.929469722789,1.354367046040367,1.5,true,-0.0017898192591183637,-0.015128593040847238,down,down,true,643276.2325376064,678637.1886861576,true,5.349615151066747,35360.956148551195,0.053496151510667465,"{""up"":0.43965,""flat"":0.0426,""down"":0.51775}",0.42767194499999994,1,방향·크기 모두 맞음,false,"{""sourceUrl"":""https://fchart.stock.naver.com/sise.nhn?symbol=000810&timeframe=day&count=30&requestType=0"",""rawHash"":""b20b03f1143311b5e6740a441650d24e42af4b195b6024b254b1fdd4a972402d"",""observedAt"":""2026-09-29T10:06:25.000Z"",""finalClose"":true}",4,2026-09-29T10:06:25Z,v1
score-8a67a3c01ddff3fd,score,2026-09-29,2026-09-29T10:06:25Z,score-16cf17f5ee451b6c,실제 종가 정정(132100 → 132200),"{""forecastId"":""2026-09-28-atlas11-27e1f65cfc167be9"",""inputSnapshotSHA256"":""9873c863bc9e2962a429dc21f256ea758207997361bb2ca87eb88d16b85c4bf2"",""collectionRecordId"":""collection-0d0511e4125387fd""}",2026-09-28-atlas11-27e1f65cfc167be9,atlas11-A-1,live,,2026-09-28T13:29:56.398Z,2026-09-28,133400,138040,메리츠금융지주,fin,2026-09-29,1,true,"{""p05"":128258.61922292049,""p10"":129551.53986593716,""p25"":131243.71664324414,""p50"":132768.04948520704,""p75"":134741.74697269898,""p90"":137216.58867525094,""p95"":139029.9283805387}",132200,568.0494852070406,0.4296894744380035,1.5,true,-0.0047372602308317635,-0.008995502248875575,down,down,true,129551.53986593716,137216.58867525094,true,5.745913650160257,7665.048809313783,0.05745913650160257,"{""up"":0.3737,""flat"":0.05435,""down"":0.57195}",0.32583241500000004,1,방향·크기 모두 맞음,false,"{""sourceUrl"":""https://fchart.stock.naver.com/sise.nhn?symbol=138040&timeframe=day&count=30&requestType=0"",""rawHash"":""0b7288b5d47b0a3bf8504fd7fb478d08f5ae220a055f2878e3e614414bbf07bb"",""observedAt"":""2026-09-29T10:06:25.000Z"",""finalClose"":true}",3,2026-09-29T10:06:25Z,v1
score-e467c92e82b60b96,score,2026-09-29,2026-09-29T10:06:25Z,score-680b32a6d8c6a9c7,실제 종가 정정(30050 → 30050),"{""forecastId"":""2026-09-28-atlas11-27e1f65cfc167be9"",""inputSnapshotSHA256"":""9873c863bc9e2962a429dc21f256ea758207997361bb2ca87eb88d16b85c4bf2"",""collectionRecordId"":""collection-0d0511e4125387fd""}",2026-09-28-atlas11-27e1f65cfc167be9,atlas11-A-1,live,,2026-09-28T13:29:56.398Z,2026-09-28,30700,015760,한국전력,util,2026-09-29,1,true,"{""p05"":29545.00911211901,""p10"":29903.31780130189,""p25"":30306.4204445081,""p50"":30676.824961368737,""p75"":31095.529020039874,""p90"":31527.29588795409,""p95"":31857.19140062714}",30050,626.8249613687367,2.085939971276994,1.5,false,-0.0007548872518327032,-0.021172638436482094,down,down,true,29903.31780130189,31527.29588795409,true,5.289830901147225,1623.9780866521978,0.052898309011472244,"{""up"":0.45455,""flat"":0.07095,""down"":0.4745}",0.4877998550000001,2,방향 맞고 크기 틀림,true,"{""sourceUrl"":""https://fchart.stock.naver.com/sise.nhn?symbol=015760&timeframe=day&count=30&requestType=0"",""rawHash"":""75eb198622c91b49fffd5fa9c33423c74b0945d73bb34c583f656aec7a156a4c"",""observedAt"":""2026-09-29T10:06:25.000Z"",""finalClose"":true}",3,2026-09-29T10:06:25Z,v1
score-2bd39138ae6258ab,score,2026-09-29,2026-09-29T10:06:25Z,score-8e0b34a37fa1b74f,실제 종가 정정(20900 → 20900),"{""forecastId"":""2026-09-28-atlas11-27e1f65cfc167be9"",""inputSnapshotSHA256"":""9873c863bc9e2962a429dc21f256ea758207997361bb2ca87eb88d16b85c4bf2"",""collectionRecordId"":""collection-0d0511e4125387fd""}",2026-09-28-atlas11-27e1f65cfc167be9,atlas11-A-1,live,,2026-09-28T13:29:56.398Z,2026-09-28,21250,011200,HMM,auto,2026-09-29,1,true,"{""p05"":20563.006008668403,""p10"":20729.930885585552,""p25"":20995.706578038098,""p50"":21242.451327034338,""p75"":21489.31200885098,""p90"":21783.726474531657,""p95"":22054.92072785394}",20900,342.45132703433774,1.6385230958580754,1.5,false,-0.0003552316689723334,-0.016470588235294126,down,down,true,20729.930885585552,21783.726474531657,true,4.959038065628727,1053.7955889461045,0.04959038065628727,"{""up"":0.44675,""flat"":0.06675,""down"":0.4865}",0.46772337500000005,2,방향 맞고 크기 틀림,true,"{""sourceUrl"":""https://fchart.stock.naver.com/sise.nhn?symbol=011200&timeframe=day&count=30&requestType=0"",""rawHash"":""6b0bdd285b005eb31595882180351c1ccaca67cbf217a892382e67ea6450b0cb"",""observedAt"":""2026-09-29T10:06:25.000Z"",""finalClose"":true}",5,2026-09-29T10:06:25Z,v1
score-e1c991831b7d1c68,score,2026-09-29,2026-09-29T10:06:25Z,score-5c30abaa8c970dbf,실제 종가 정정(176200 → 176100),"{""forecastId"":""2026-09-28-atlas11-27e1f65cfc167be9"",""inputSnapshotSHA256"":""9873c863bc9e2962a429dc21f256ea758207997361bb2ca87eb88d16b85c4bf2"",""collectionRecordId"":""collection-0d0511e4125387fd""}",2026-09-28-atlas11-27e1f65cfc167be9,atlas11-A-1,live,,2026-09-28T13:29:56.398Z,2026-09-28,175400,033780,KT&G,cons,2026-09-29,1,true,"{""p05"":170583.93921499507,""p10"":172149.2145070198,""p25"":173701.56201631532,""p50"":175265.80363252517,""p75"":176943.40485221357,""p90"":179093.1559451884,""p95"":180663.200499342}",176100,-834.1963674748258,0.47370605762341045,1.5,true,-0.0007650876138816098,0.003990877993158559,down,up,false,172149.2145070198,179093.1559451884,true,3.9589175816240636,6943.941438168607,0.039589175816240635,"{""up"":0.4473,""flat"":0.0571,""down"":0.4956}",0.55435706,3,크기 허용·방향 틀림,true,"{""sourceUrl"":""https://fchart.stock.naver.com/sise.nhn?symbol=033780&timeframe=day&count=30&requestType=0"",""rawHash"":""7776735bca94d3f52c61f661ce3327fcea85c8aa8ca52411f382f8d093e9365d"",""observedAt"":""2026-09-29T10:06:25.000Z"",""finalClose"":true}",3,2026-09-29T10:06:25Z,v1
score-7f4dd69e28575065,score,2026-09-29,2026-09-29T10:06:25Z,score-59f746676057a671,실제 종가 정정(196800 → 197000),"{""forecastId"":""2026-09-28-atlas11-27e1f65cfc167be9"",""inputSnapshotSHA256"":""9873c863bc9e2962a429dc21f256ea758207997361bb2ca87eb88d16b85c4bf2"",""collectionRecordId"":""collection-0d0511e4125387fd""}",2026-09-28-atlas11-27e1f65cfc167be9,atlas11-A-1,live,,2026-09-28T13:29:56.398Z,2026-09-28,199100,086280,현대글로비스,auto,2026-09-29,1,true,"{""p05"":192046.71475057933,""p10"":193433.28150163442,""p25"":196229.31832782406,""p50"":198777.1416887925,""p75"":201608.9735930641,""p90"":205324.02929931454,""p95"":208086.46014594656}",197000,1777.1416887925006,0.902102380097716,1.5,true,-0.0016215887052108968,-0.010547463586137673,down,down,true,193433.28150163442,205324.02929931454,true,5.972249019427482,11890.747797680116,0.05972249019427482,"{""up"":0.4491,""flat"":0.0395,""down"":0.5114}",0.44198102000000006,1,방향·크기 모두 맞음,false,"{""sourceUrl"":""https://fchart.stock.naver.com/sise.nhn?symbol=086280&timeframe=day&count=30&requestType=0"",""rawHash"":""be53a004aa2c0ddda5e051ded0be905a5a16a9295e00f8176eaee9cb0d5cf547"",""observedAt"":""2026-09-29T10:06:25.000Z"",""finalClose"":true}",2,2026-09-29T10:06:25Z,v1
score-1a88f6eb11d29198,score,2026-09-29,2026-09-29T10:06:25Z,score-ffd3fb3124009518,실제 종가 정정(361500 → 361500),"{""forecastId"":""2026-09-28-atlas11-27e1f65cfc167be9"",""inputSnapshotSHA256"":""9873c863bc9e2962a429dc21f256ea758207997361bb2ca87eb88d16b85c4bf2"",""collectionRecordId"":""collection-0d0511e4125387fd""}",2026-09-28-atlas11-27e1f65cfc167be9,atlas11-A-1,live,,2026-09-28T13:29:56.398Z,2026-09-28,368500,278470,에이피알,cons,2026-09-29,1,true,"{""p05"":346334.485688635,""p10"":351852.708293176,""p25"":359333.1884225959,""p50"":368361.5128795771,""p75"":376464.322849605,""p90"":387705.2117008389,""p95"":391944.501496126}",361500,6861.512879577116,1.8980671866050114,1.5,false,-0.00037581308120182566,-0.018995929443690662,down,down,true,351852.708293176,387705.2117008389,true,9.72930893016631,35852.50340766285,0.0972930893016631,"{""up"":0.47585,""flat"":0.02985,""down"":0.4943}",0.483056735,2,방향 맞고 크기 틀림,true,"{""sourceUrl"":""https://fchart.stock.naver.com/sise.nhn?symbol=278470&timeframe=day&count=30&requestType=0"",""rawHash"":""730125b52b8a8ac3a446c522e9324ad97b88891357fb9a5fcc2916a58b65a6b3"",""observedAt"":""2026-09-29T10:06:25.000Z"",""finalClose"":true}",4,2026-09-29T10:06:25Z,v1
score-1e92773dc66eb3c2,score,2026-09-29,2026-09-29T10:06:25Z,score-5b1c94e27115c969,실제 종가 정정(52600 → 52700),"{""forecastId"":""2026-09-28-atlas11-27e1f65cfc167be9"",""inputSnapshotSHA256"":""9873c863bc9e2962a429dc21f256ea758207997361bb2ca87eb88d16b85c4bf2"",""collectionRecordId"":""collection-0d0511e4125387fd""}",2026-09-28-atlas11-27e1f65cfc167be9,atlas11-A-1,live,,2026-09-28T13:29:56.398Z,2026-09-28,52900,030200,KT,net,2026-09-29,1,true,"{""p05"":51774.6861769322,""p10"":52072.27304558202,""p25"":52456.53257664795,""p50"":52910.11231608776,""p75"":53337.47220230064,""p90"":53764.704239533836,""p95"":54183.586368306904}",52700,210.11231608776143,0.3986950969407238,1.5,true,0.00019115909428668587,-0.003780718336483968,up,down,false,52072.27304558202,53764.704239533836,true,3.1993028241055113,1692.4311939518157,0.03199302824105511,"{""up"":0.4654,""flat"":0.07895,""down"":0.45565}",0.519147185,3,크기 허용·방향 틀림,true,"{""sourceUrl"":""https://fchart.stock.naver.com/sise.nhn?symbol=030200&timeframe=day&count=30&requestType=0"",""rawHash"":""42d03919dc5ab0e03b32faa26b768d5fbf583b00a6d630b3224810337e3529c0"",""observedAt"":""2026-09-29T10:06:25.000Z"",""finalClose"":true}",4,2026-09-29T10:06:25Z,v1
score-949e8b3d22793b11,score,2026-09-29,2026-09-29T10:06:25Z,,,"{""forecastId"":""2026-09-28-atlas11-27e1f65cfc167be9"",""inputSnapshotSHA256"":""9873c863bc9e2962a429dc21f256ea758207997361bb2ca87eb88d16b85c4bf2"",""collectionRecordId"":""collection-0d0511e4125387fd""}",2026-09-28-atlas11-27e1f65cfc167be9,atlas11-A-1,live,,2026-09-28T13:29:56.398Z,2026-09-28,56900,047050,포스코인터내셔널,util,2026-09-29,1,true,"{""p05"":54622.0148130427,""p10"":55008.09326336243,""p25"":55908.011841323474,""p50"":56843.247563370736,""p75"":57710.94959691706,""p90"":59080.485613511715,""p95"":59873.97602777295}",54500,2343.2475633707363,4.299536813524287,1.5,false,-0.0009974066191434927,-0.04217926186291743,down,down,true,55008.09326336243,59080.485613511715,false,7.157104306062008,9153.324983773608,0.16086687141957132,"{""up"":0.45095,""flat"":0.0509,""down"":0.49815}",0.45780013500000005,2,방향 맞고 크기 틀림,true,"{""sourceUrl"":""https://fchart.stock.naver.com/sise.nhn?symbol=047050&timeframe=day&count=30&requestType=0"",""rawHash"":""7fde56ef692dc5fbb8e4367fa6bd4e70b10d800471de3af96023c6c725c3b6cc"",""observedAt"":""2026-09-29T10:06:25.000Z"",""finalClose"":true}",1,2026-09-29T10:06:25Z,v1
score-f2ea0daab2c73ab6,score,2026-09-29,2026-09-29T10:06:25Z,score-6f0271e608afa81e,실제 종가 정정(1221000 → 1223000),"{""forecastId"":""2026-09-28-atlas11-27e1f65cfc167be9"",""inputSnapshotSHA256"":""9873c863bc9e2962a429dc21f256ea758207997361bb2ca87eb88d16b85c4bf2"",""collectionRecordId"":""collection-0d0511e4125387fd""}",2026-09-28-atlas11-27e1f65cfc167be9,atlas11-A-1,live,,2026-09-28T13:29:56.398Z,2026-09-28,1215000,003230,삼양식품,cons,2026-09-29,1,true,"{""p05"":1167110.028335501,""p10"":1174454.1380512444,""p25"":1190702.1285725543,""p50"":1210056.0148690285,""p75"":1232583.579668155,""p90"":1264359.4294562682,""p95"":1284787.257981781}",1223000,-12943.98513097153,1.0583798144702805,1.5,true,-0.004069123564585664,0.006584362139917754,down,up,false,1174454.1380512444,1264359.4294562682,true,7.399612461318829,89905.29140502377,0.07399612461318829,"{""up"":0.42485,""flat"":0.032,""down"":0.54315}",0.6268334450000002,3,크기 허용·방향 틀림,false,"{""sourceUrl"":""https://fchart.stock.naver.com/sise.nhn?symbol=003230&timeframe=day&count=30&requestType=0"",""rawHash"":""757b68a966372b94f0906f7b20cab0ebbe44be3db9b7de1081ef099b2e1a422a"",""observedAt"":""2026-09-29T10:06:25.000Z"",""finalClose"":true}",5,2026-09-29T10:06:25Z,v1
score-00681ad5fe9b6d65,score,2026-09-29,2026-09-29T10:06:25Z,score-482929a24d30f02d,실제 종가 정정(100700 → 100600),"{""forecastId"":""2026-09-28-atlas11-27e1f65cfc167be9"",""inputSnapshotSHA256"":""9873c863bc9e2962a429dc21f256ea758207997361bb2ca87eb88d16b85c4bf2"",""collectionRecordId"":""collection-0d0511e4125387fd""}",2026-09-28-atlas11-27e1f65cfc167be9,atlas11-A-1,live,,2026-09-28T13:29:56.398Z,2026-09-28,101600,021240,코웨이,cons,2026-09-29,1,true,"{""p05"":98057.38700655336,""p10"":98912.01494195993,""p25"":100246.22802660981,""p50"":101497.27424549125,""p75"":102906.01042755581,""p90"":104789.09740984246,""p95"":106824.26592820317}",100600,897.2742454912513,0.8919227092358364,1.5,true,-0.0010110802609129,-0.009842519685039353,down,down,true,98912.01494195993,104789.09740984246,true,5.7845299880733565,5877.08246788253,0.057845299880733565,"{""up"":0.45555,""flat"":0.04335,""down"":0.5011}",0.458306235,1,방향·크기 모두 맞음,true,"{""sourceUrl"":""https://fchart.stock.naver.com/sise.nhn?symbol=021240&timeframe=day&count=30&requestType=0"",""rawHash"":""d96761d93982ceace11243d66c77351f957b06312a61d90a03d3dc96156be138"",""observedAt"":""2026-09-29T10:06:25.000Z"",""finalClose"":true}",3,2026-09-29T10:06:25Z,v1
score-af7394a76aed409b,score,2026-09-29,2026-09-29T10:06:25Z,score-e0a06d2527469ee6,실제 종가 정정(158900 → 158900),"{""forecastId"":""2026-09-28-atlas11-27e1f65cfc167be9"",""inputSnapshotSHA256"":""9873c863bc9e2962a429dc21f256ea758207997361bb2ca87eb88d16b85c4bf2"",""collectionRecordId"":""collection-0d0511e4125387fd""}",2026-09-28-atlas11-27e1f65cfc167be9,atlas11-A-1,live,,2026-09-28T13:29:56.398Z,2026-09-28,161900,352820,하이브,net,2026-09-29,1,true,"{""p05"":155232.85397148438,""p10"":157519.94177044442,""p25"":159309.4767072444,""p50"":161861.67662654756,""p75"":164463.18908158338,""p90"":167446.62046544807,""p95"":169441.2786518481}",158900,2961.67662654756,1.8638619424465448,1.5,false,-0.000236710151034214,-0.018529956763434163,down,down,true,157519.94177044442,167446.62046544807,true,6.131364234097374,9926.678695003648,0.06131364234097374,"{""up"":0.47325,""flat"":0.03555,""down"":0.4912}",0.4841068049999999,2,방향 맞고 크기 틀림,true,"{""sourceUrl"":""https://fchart.stock.naver.com/sise.nhn?symbol=352820&timeframe=day&count=30&requestType=0"",""rawHash"":""b7196a9056381689d99f5c4fa770ee85b3b00e48656f562c68ad3feb55a0cf61"",""observedAt"":""2026-09-29T10:06:25.000Z"",""finalClose"":true}",2,2026-09-29T10:06:25Z,v1
score-23e9e7ce61bcd76d,score,2026-09-29,2026-09-29T10:06:25Z,score-504329e0910ff191,실제 종가 정정(42500 → 42450),"{""forecastId"":""2026-09-28-atlas11-27e1f65cfc167be9"",""inputSnapshotSHA256"":""9873c863bc9e2962a429dc21f256ea758207997361bb2ca87eb88d16b85c4bf2"",""collectionRecordId"":""collection-0d0511e4125387fd""}",2026-09-28-atlas11-27e1f65cfc167be9,atlas11-A-1,live,,2026-09-28T13:29:56.398Z,2026-09-28,43350,029780,삼성카드,fin,2026-09-29,1,true,"{""p05"":42263.106449834835,""p10"":42629.39273636437,""p25"":43002.812083453915,""p50"":43334.95655312725,""p75"":43716.80435104584,""p90"":44106.7399069947,""p95"":44327.21497812337}",42450,884.9565531272528,2.0847033053645534,1.5,false,-0.0003470229959111615,-0.02076124567474047,up,down,false,42629.39273636437,44106.7399069947,false,3.4079519507043408,3271.274534274002,0.07546192697287202,"{""up"":0.4676,""flat"":0.0649,""down"":0.4675}",0.5064180199999999,4,방향·크기 모두 틀림,true,"{""sourceUrl"":""https://fchart.stock.naver.com/sise.nhn?symbol=029780&timeframe=day&count=30&requestType=0"",""rawHash"":""d3e70eb414dfa4693ef006cfcf5ef2a832539d3923d2d6fceb1bbe49a1d39143"",""observedAt"":""2026-09-29T10:06:25.000Z"",""finalClose"":true}",4,2026-09-29T10:06:25Z,v1
score-7da8910487c143a0,score,2026-09-29,2026-09-29T10:06:25Z,score-435028387f8784bb,실제 종가 정정(472000 → 471500),"{""forecastId"":""2026-09-28-atlas11-27e1f65cfc167be9"",""inputSnapshotSHA256"":""9873c863bc9e2962a429dc21f256ea758207997361bb2ca87eb88d16b85c4bf2"",""collectionRecordId"":""collection-0d0511e4125387fd""}",2026-09-28-atlas11-27e1f65cfc167be9,atlas11-A-1,live,,2026-09-28T13:29:56.398Z,2026-09-28,480000,002380,KCC,chem,2026-09-29,1,true,"{""p05"":461638.69350293395,""p10"":467040.30266720115,""p25"":473829.0278103937,""p50"":479653.2511743554,""p75"":486244.3537191055,""p90"":494544.245614142,""p95"":500026.59376739257}",471500,8153.251174355391,1.729215519481525,1.5,false,-0.0007223933867596122,-0.017708333333333326,down,down,true,467040.30266720115,494544.245614142,true,5.729988113946007,27503.942946940835,0.05729988113946007,"{""up"":0.47015,""flat"":0.0517,""down"":0.47815}",0.4960413349999999,2,방향 맞고 크기 틀림,true,"{""sourceUrl"":""https://fchart.stock.naver.com/sise.nhn?symbol=002380&timeframe=day&count=30&requestType=0"",""rawHash"":""b79171b074e856b2385a7770bb130a98765fca88ca3543515e1f8c104137a16c"",""observedAt"":""2026-09-29T10:06:25.000Z"",""finalClose"":true}",3,2026-09-29T10:06:25Z,v1
score-0ca7d5e6ad0d0b41,score,2026-09-29,2026-09-29T10:06:25Z,score-db199544bcf18bb6,실제 종가 정정(338000 → 338000),"{""forecastId"":""2026-09-28-atlas11-27e1f65cfc167be9"",""inputSnapshotSHA256"":""9873c863bc9e2962a429dc21f256ea758207997361bb2ca87eb88d16b85c4bf2"",""collectionRecordId"":""collection-0d0511e4125387fd""}",2026-09-28-atlas11-27e1f65cfc167be9,atlas11-A-1,live,,2026-09-28T13:29:56.398Z,2026-09-28,343500,004170,신세계,cons,2026-09-29,1,true,"{""p05"":325591.92873973766,""p10"":330277.93028220045,""p25"":337821.7994516415,""p50"":343342.7455045114,""p75"":349708.27956694935,""p90"":358103.5422087219,""p95"":364124.3141965789}",338000,5342.745504511404,1.5806939362459773,1.5,false,-0.0004578005691080467,-0.01601164483260553,down,down,true,330277.93028220045,358103.5422087219,true,8.10061482577044,27825.611926521466,0.08100614825770441,"{""up"":0.47355,""flat"":0.0385,""down"":0.48795}",0.487927055,2,방향 맞고 크기 틀림,true,"{""sourceUrl"":""https://fchart.stock.naver.com/sise.nhn?symbol=004170&timeframe=day&count=30&requestType=0"",""rawHash"":""6965967bd74161d39e1a5726bba01d066e570a9075d0608b57fb66846e3d1137"",""observedAt"":""2026-09-29T10:06:25.000Z"",""finalClose"":true}",5,2026-09-29T10:06:25Z,v1
score-39709f147eb7896a,score,2026-09-29,2026-09-29T10:06:25Z,score-d9962517886b4fc1,실제 종가 정정(82700 → 82700),"{""forecastId"":""2026-09-28-atlas11-27e1f65cfc167be9"",""inputSnapshotSHA256"":""9873c863bc9e2962a429dc21f256ea758207997361bb2ca87eb88d16b85c4bf2"",""collectionRecordId"":""collection-0d0511e4125387fd""}",2026-09-28-atlas11-27e1f65cfc167be9,atlas11-A-1,live,,2026-09-28T13:29:56.398Z,2026-09-28,83300,012750,에스원,util,2026-09-29,1,true,"{""p05"":80536.35559825318,""p10"":81172.85357237454,""p25"":82388.62118419673,""p50"":83318.45216759473,""p75"":84258.21009974211,""p90"":85391.78037238593,""p95"":86122.37683397422}",82700,618.4521675947326,0.7478260793164844,1.5,true,0.00022151461698349806,-0.007202881152461038,down,down,true,81172.85357237454,85391.78037238593,true,5.064738055235751,4218.926800011381,0.05064738055235751,"{""up"":0.47765,""flat"":0.03765,""down"":0.4847}",0.49510113499999997,1,방향·크기 모두 맞음,true,"{""sourceUrl"":""https://fchart.stock.naver.com/sise.nhn?symbol=012750&timeframe=day&count=30&requestType=0"",""rawHash"":""28e7f8cae5f3c14fab180aa45c6c692642267711bbfd6671227057500bf26283"",""observedAt"":""2026-09-29T10:06:25.000Z"",""finalClose"":true}",4,2026-09-29T10:06:25Z,v1
score-adb19f790d9303cc,score,2026-09-29,2026-09-29T10:06:25Z,score-34f097cf0bf6dede,실제 종가 정정(102700 → 102800),"{""forecastId"":""2026-09-28-atlas11-27e1f65cfc167be9"",""inputSnapshotSHA256"":""9873c863bc9e2962a429dc21f256ea758207997361bb2ca87eb88d16b85c4bf2"",""collectionRecordId"":""collection-0d0511e4125387fd""}",2026-09-28-atlas11-27e1f65cfc167be9,atlas11-A-1,live,,2026-09-28T13:29:56.398Z,2026-09-28,104400,226950,올릭스,bio,2026-09-29,1,true,"{""p05"":95626.62310019063,""p10"":97417.34770945285,""p25"":100457.99386365403,""p50"":104025.6350178021,""p75"":108125.61929763864,""p90"":112160.92376486068,""p95"":116432.58600437987}",102800,1225.6350178020948,1.1922519628425048,1.5,true,-0.003585871476991409,-0.01532567049808431,down,down,true,97417.34770945285,112160.92376486068,true,14.122199286789108,14743.57605540783,0.14122199286789108,"{""up"":0.4547,""flat"":0.01025,""down"":0.53505}",0.42303565499999995,1,방향·크기 모두 맞음,false,"{""sourceUrl"":""https://fchart.stock.naver.com/sise.nhn?symbol=226950&timeframe=day&count=30&requestType=0"",""rawHash"":""2444c054d45eb41b564328ab75d8a9968b7817d727198d0a42f5c715559905d1"",""observedAt"":""2026-09-29T10:06:25.000Z"",""finalClose"":true}",4,2026-09-29T10:06:25Z,v1
score-57a6342ccdc10976,score,2026-09-29,2026-09-29T10:06:25Z,score-bb9ecb09cb3c6d96,실제 종가 정정(17830 → 17820),"{""forecastId"":""2026-09-28-atlas11-27e1f65cfc167be9"",""inputSnapshotSHA256"":""9873c863bc9e2962a429dc21f256ea758207997361bb2ca87eb88d16b85c4bf2"",""collectionRecordId"":""collection-0d0511e4125387fd""}",2026-09-28-atlas11-27e1f65cfc167be9,atlas11-A-1,live,,2026-09-28T13:29:56.398Z,2026-09-28,17810,030000,제일기획,net,2026-09-29,1,true,"{""p05"":17433.565653654616,""p10"":17535.026889048455,""p25"":17681.85994267285,""p50"":17816.071505705717,""p75"":17949.803295727947,""p90"":18104.463046077653,""p95"":18191.681431911446}",17820,-3.928494294283155,0.0220454225268415,1.5,true,0.0003409043068902662,0.0005614823133071045,up,flat,false,17535.026889048455,18104.463046077653,true,3.1972833072947697,569.4361570291985,0.031972833072947696,"{""up"":0.47655,""flat"":0.08075,""down"":0.4427}",1.268103755,3,크기 허용·방향 틀림,true,"{""sourceUrl"":""https://fchart.stock.naver.com/sise.nhn?symbol=030000&timeframe=day&count=30&requestType=0"",""rawHash"":""c557c3198a2a01c9a08ec1faa7b628c96f707cb2ecbda03f811b6d1f5099c4b1"",""observedAt"":""2026-09-29T10:06:25.000Z"",""finalClose"":true}",4,2026-09-29T10:06:25Z,v1
score-d98a0cc0e8d1fd2e,score,2026-09-29,2026-09-29T10:18:08Z,score-dd155997304439aa,실제 종가 정정(1380000 → 1382000),"{""forecastId"":""2026-09-23-rolling20-c2697de31ff6788c"",""inputSnapshotSHA256"":""93de8e4423543121c9cc7357e35c2a913c60551336599499938736f72c9d2787"",""collectionRecordId"":""collection-3cd90698cf446caf""}",2026-09-23-rolling20-c2697de31ff6788c,atlas-rolling20-A,reference,,2026-09-28T07:59:39.699Z,2026-09-23,1373000,207940,삼성바이오로직스,bio,2026-09-29,2,true,"{""p05"":null,""p10"":1327967.0244165931,""p25"":null,""p50"":1372366.4448161814,""p75"":null,""p90"":1422551.1714400218,""p95"":null}",1382000,-9633.555183818564,0.697073457584556,2,true,-0.0004614385898168427,0.00655498907501828,down,up,false,1327967.0244165931,1422551.1714400218,true,6.888867226761013,94584.1470234287,0.06888867226761013,"{""up"":0.4754,""flat"":0.03305,""down"":0.49155}",0.517918865,3,크기 허용·방향 틀림,,"{""sourceUrl"":""https://fchart.stock.naver.com/sise.nhn?symbol=207940&timeframe=day&count=30&requestType=0"",""rawHash"":""2e7b559ee00e1e8e5626ada4ed6f99625b155c08efd3e9b85fd35e2927f42345"",""observedAt"":""2026-09-29T10:18:08.000Z"",""finalClose"":true}",3,2026-09-29T10:18:08Z,v1
score-42b8ab29c8f7149d,score,2026-09-29,2026-09-29T10:18:08Z,score-467faee634fb8ff3,실제 종가 정정(583000 → 585000),"{""forecastId"":""2026-09-23-rolling20-c2697de31ff6788c"",""inputSnapshotSHA256"":""93de8e4423543121c9cc7357e35c2a913c60551336599499938736f72c9d2787"",""collectionRecordId"":""collection-3cd90698cf446caf""}",2026-09-23-rolling20-c2697de31ff6788c,atlas-rolling20-A,reference,,2026-09-28T07:59:39.699Z,2026-09-23,607000,034730,SK,util,2026-09-29,2,true,"{""p05"":null,""p10"":568047.7592169219,""p25"":null,""p50"":606020.9013067244,""p75"":null,""p90"":648997.622211331,""p95"":null}",585000,21020.90130672441,3.593316462687933,2,false,-0.0016130126742596174,-0.036243822075782584,down,down,true,568047.7592169219,648997.622211331,true,13.336056506492449,80949.86299440917,0.1333605650649245,"{""up"":0.47695,""flat"":0.0175,""down"":0.50555}",0.472268355,2,방향 맞고 크기 틀림,,"{""sourceUrl"":""https://fchart.stock.naver.com/sise.nhn?symbol=034730&timeframe=day&count=30&requestType=0"",""rawHash"":""3ddd8b28d5632a5fda56b977ca6369a1b68ee1fd663d09263d43019f6254ffc9"",""observedAt"":""2026-09-29T10:18:08.000Z"",""finalClose"":true}",4,2026-09-29T10:18:08Z,v1
score-12adb8b8726781f1,score,2026-09-29,2026-09-29T10:18:08Z,score-9b01edcd59ff280b,실제 종가 정정(1070000 → 1070000),"{""forecastId"":""2026-09-23-rolling20-c2697de31ff6788c"",""inputSnapshotSHA256"":""93de8e4423543121c9cc7357e35c2a913c60551336599499938736f72c9d2787"",""collectionRecordId"":""collection-3cd90698cf446caf""}",2026-09-23-rolling20-c2697de31ff6788c,atlas-rolling20-A,reference,,2026-09-28T07:59:39.699Z,2026-09-23,1116000,010130,고려아연,chem,2026-09-29,2,true,"{""p05"":null,""p10"":1052188.6966246956,""p25"":null,""p50"":1110263.050831501,""p75"":null,""p90"":1191495.1693191845,""p95"":null}",1070000,40263.05083150091,3.7629019468692437,2,false,-0.00514063545564436,-0.04121863799283154,down,down,true,1052188.6966246956,1191495.1693191845,true,12.4826588435922,139306.47269448894,0.124826588435922,"{""up"":0.4383,""flat"":0.01955,""down"":0.54215}",0.402115715,2,방향 맞고 크기 틀림,,"{""sourceUrl"":""https://fchart.stock.naver.com/sise.nhn?symbol=010130&timeframe=day&count=30&requestType=0"",""rawHash"":""fc8f3414e62de4af6840c73233e9acd4b0c0fd908ec7e40ab90631a1f036df06"",""observedAt"":""2026-09-29T10:18:08.000Z"",""finalClose"":true}",3,2026-09-29T10:18:08Z,v1
score-63d55b75b3924195,score,2026-09-29,2026-09-29T10:18:08Z,score-636f86ba1c1adb1c,실제 종가 정정(132200 → 132300),"{""forecastId"":""2026-09-23-rolling20-c2697de31ff6788c"",""inputSnapshotSHA256"":""93de8e4423543121c9cc7357e35c2a913c60551336599499938736f72c9d2787"",""collectionRecordId"":""collection-3cd90698cf446caf""}",2026-09-23-rolling20-c2697de31ff6788c,atlas-rolling20-A,reference,,2026-09-28T07:59:39.699Z,2026-09-23,125500,138040,메리츠금융지주,fin,2026-09-29,2,true,"{""p05"":null,""p10"":121540.38249140065,""p25"":null,""p50"":125410.5069671091,""p75"":null,""p90"":130463.9115304543,""p95"":null}",132300,-6889.493032890896,5.207477727052831,2,false,-0.0007130918955450261,0.054183266932270824,down,up,false,121540.38249140065,130463.9115304543,false,7.11038170442521,27284.4137345107,0.2174056871275753,"{""up"":0.47405,""flat"":0.03125,""down"":0.4947}",0.5223280549999999,4,방향·크기 모두 틀림,,"{""sourceUrl"":""https://fchart.stock.naver.com/sise.nhn?symbol=138040&timeframe=day&count=30&requestType=0"",""rawHash"":""d4da0652e094c14fef1b6c00ef5098b43b43382e32827e75f6dfad2fbe6b94bd"",""observedAt"":""2026-09-29T10:18:08.000Z"",""finalClose"":true}",4,2026-09-29T10:18:08Z,v1
score-e0ba3c5535738dd5,score,2026-09-29,2026-09-29T10:18:08Z,score-0830dff7274bc7e3,실제 종가 정정(20900 → 20900),"{""forecastId"":""2026-09-23-rolling20-c2697de31ff6788c"",""inputSnapshotSHA256"":""93de8e4423543121c9cc7357e35c2a913c60551336599499938736f72c9d2787"",""collectionRecordId"":""collection-3cd90698cf446caf""}",2026-09-23-rolling20-c2697de31ff6788c,atlas-rolling20-A,reference,,2026-09-28T07:59:39.699Z,2026-09-23,20850,011200,HMM,auto,2026-09-29,2,true,"{""p05"":null,""p10"":20168.173160065548,""p25"":null,""p50"":20829.09384305578,""p75"":null,""p90"":21582.18201526155,""p95"":null}",20900,-70.90615694422013,0.33926390882401974,2,true,-0.00100269337861969,0.0023980815347721673,down,up,false,20168.173160065548,21582.18201526155,true,6.781817051299777,1414.0088551960034,0.06781817051299777,"{""up"":0.46685,""flat"":0.0331,""down"":0.50005}",0.535394535,3,크기 허용·방향 틀림,,"{""sourceUrl"":""https://fchart.stock.naver.com/sise.nhn?symbol=011200&timeframe=day&count=30&requestType=0"",""rawHash"":""ba8f38a9b73b63c0e52ae40dd5d093fa4ba91f20fd6d0dc9c30195574295ee53"",""observedAt"":""2026-09-29T10:18:08.000Z"",""finalClose"":true}",6,2026-09-29T10:18:08Z,v1
score-00d22a2244248116,score,2026-09-29,2026-09-29T10:18:08Z,score-c6bff916afe0c68e,실제 종가 정정(251000 → 251500),"{""forecastId"":""2026-09-23-rolling20-c2697de31ff6788c"",""inputSnapshotSHA256"":""93de8e4423543121c9cc7357e35c2a913c60551336599499938736f72c9d2787"",""collectionRecordId"":""collection-3cd90698cf446caf""}",2026-09-23-rolling20-c2697de31ff6788c,atlas-rolling20-A,reference,,2026-09-28T07:59:39.699Z,2026-09-23,253000,051910,LG화학,chem,2026-09-29,2,true,"{""p05"":null,""p10"":238652.04847384704,""p25"":null,""p50"":252893.0648295857,""p75"":null,""p90"":269091.38050380285,""p95"":null}",251500,1393.0648295856954,0.5539025167338749,2,true,-0.00042266865776408036,-0.005928853754940677,down,down,true,238652.04847384704,269091.38050380285,true,12.031356533579372,30439.33202995581,0.12031356533579372,"{""up"":0.4875,""flat"":0.0176,""down"":0.4949}",0.49309201999999996,1,방향·크기 모두 맞음,,"{""sourceUrl"":""https://fchart.stock.naver.com/sise.nhn?symbol=051910&timeframe=day&count=30&requestType=0"",""rawHash"":""d1c55f6f9681805517c9b15419958cc9efce14c96ac10d760d4a69a906b79b38"",""observedAt"":""2026-09-29T10:18:08.000Z"",""finalClose"":true}",2,2026-09-29T10:18:08Z,v1
score-c59b1a05592485e6,score,2026-09-29,2026-09-29T10:18:08Z,score-e09d22f3e5a04113,실제 종가 정정(216500 → 217000),"{""forecastId"":""2026-09-23-rolling20-c2697de31ff6788c"",""inputSnapshotSHA256"":""93de8e4423543121c9cc7357e35c2a913c60551336599499938736f72c9d2787"",""collectionRecordId"":""collection-3cd90698cf446caf""}",2026-09-23-rolling20-c2697de31ff6788c,atlas-rolling20-A,reference,,2026-09-28T07:59:39.699Z,2026-09-23,221000,018260,삼성에스디에스,semi,2026-09-29,2,true,"{""p05"":null,""p10"":211412.16006049656,""p25"":null,""p50"":220632.76098088833,""p75"":null,""p90"":230476.97432877097,""p95"":null}",217000,3632.760980888328,1.6740834013310268,2,true,-0.0016617150186049034,-0.018099547511312264,down,down,true,211412.16006049656,230476.97432877097,true,8.626612791074391,19064.814268274407,0.08626612791074392,"{""up"":0.4643,""flat"":0.02585,""down"":0.50985}",0.45648973499999995,1,방향·크기 모두 맞음,,"{""sourceUrl"":""https://fchart.stock.naver.com/sise.nhn?symbol=018260&timeframe=day&count=30&requestType=0"",""rawHash"":""ff4394951b730bee0951b9f5041aee4882e9ab358d521a7cfa2a6f8d7c0711d1"",""observedAt"":""2026-09-29T10:18:08.000Z"",""finalClose"":true}",4,2026-09-29T10:18:08Z,v1
score-a8d726ec7aa8d91a,score,2026-09-29,2026-09-29T10:18:08Z,score-4cddce04d2801763,실제 종가 정정(197000 → 197200),"{""forecastId"":""2026-09-23-rolling20-c2697de31ff6788c"",""inputSnapshotSHA256"":""93de8e4423543121c9cc7357e35c2a913c60551336599499938736f72c9d2787"",""collectionRecordId"":""collection-3cd90698cf446caf""}",2026-09-23-rolling20-c2697de31ff6788c,atlas-rolling20-A,reference,,2026-09-28T07:59:39.699Z,2026-09-23,198000,086280,현대글로비스,auto,2026-09-29,2,true,"{""p05"":null,""p10"":189926.71237790486,""p25"":null,""p50"":197599.3564915868,""p75"":null,""p90"":206581.00171401192,""p95"":null}",197200,399.3564915868046,0.20251343386754797,2,true,-0.002023452062692943,-0.004040404040404066,down,down,true,189926.71237790486,206581.00171401192,true,8.411257240458111,16654.28933610706,0.08411257240458112,"{""up"":0.4596,""flat"":0.0277,""down"":0.5127}",0.44946073999999997,1,방향·크기 모두 맞음,,"{""sourceUrl"":""https://fchart.stock.naver.com/sise.nhn?symbol=086280&timeframe=day&count=30&requestType=0"",""rawHash"":""ed23917e990e563937b7f7701665fb822c28cd7791ee5e161103129a05fcc412"",""observedAt"":""2026-09-29T10:18:08.000Z"",""finalClose"":true}",3,2026-09-29T10:18:08Z,v1
score-ad26313715f32522,score,2026-09-29,2026-09-29T10:18:08Z,score-3f3af53ab049b8f2,실제 종가 정정(361500 → 361500),"{""forecastId"":""2026-09-23-rolling20-c2697de31ff6788c"",""inputSnapshotSHA256"":""93de8e4423543121c9cc7357e35c2a913c60551336599499938736f72c9d2787"",""collectionRecordId"":""collection-3cd90698cf446caf""}",2026-09-23-rolling20-c2697de31ff6788c,atlas-rolling20-A,reference,,2026-09-28T07:59:39.699Z,2026-09-23,369000,278470,에이피알,cons,2026-09-29,2,true,"{""p05"":null,""p10"":345473.44436371065,""p25"":null,""p50"":368489.83460621105,""p75"":null,""p90"":394644.31750000594,""p95"":null}",361500,6989.83460621105,1.9335642064207608,2,true,-0.0013825620427885266,-0.020325203252032575,down,down,true,345473.44436371065,394644.31750000594,true,13.32543987433477,49170.8731362953,0.13325439874334769,"{""up"":0.4806,""flat"":0.01545,""down"":0.50395}",0.477280665,1,방향·크기 모두 맞음,,"{""sourceUrl"":""https://fchart.stock.naver.com/sise.nhn?symbol=278470&timeframe=day&count=30&requestType=0"",""rawHash"":""14d18e742bc501dd78b6d095004a47f9b97d2545a168ae3d29fe054a286a23e7"",""observedAt"":""2026-09-29T10:18:08.000Z"",""finalClose"":true}",5,2026-09-29T10:18:08Z,v1
score-0ee99c16d879973d,score,2026-09-29,2026-09-29T10:18:08Z,score-b40f77e8e95c6e75,실제 종가 정정(52700 → 52600),"{""forecastId"":""2026-09-23-rolling20-c2697de31ff6788c"",""inputSnapshotSHA256"":""93de8e4423543121c9cc7357e35c2a913c60551336599499938736f72c9d2787"",""collectionRecordId"":""collection-3cd90698cf446caf""}",2026-09-23-rolling20-c2697de31ff6788c,atlas-rolling20-A,reference,,2026-09-28T07:59:39.699Z,2026-09-23,52900,030200,KT,net,2026-09-29,2,true,"{""p05"":null,""p10"":51674.945107104264,""p25"":null,""p50"":52891.42822425768,""p75"":null,""p90"":54200.35650679866,""p95"":null}",52600,291.428224257681,0.5540460537218269,2,true,-0.00016203734862607622,-0.005671077504725952,down,down,true,51674.945107104264,54200.35650679866,true,4.7739345929950705,2525.4113996943925,0.04773934592995071,"{""up"":0.47405,""flat"":0.0445,""down"":0.48145}",0.4955977550000001,1,방향·크기 모두 맞음,,"{""sourceUrl"":""https://fchart.stock.naver.com/sise.nhn?symbol=030200&timeframe=day&count=30&requestType=0"",""rawHash"":""82a34787bc71f3e4aa1bd92d9f89d3ce04a4906f30cb987c92b4e18ec9dac46a"",""observedAt"":""2026-09-29T10:18:08.000Z"",""finalClose"":true}",5,2026-09-29T10:18:08Z,v1
score-9f43f517dea52fd2,score,2026-09-29,2026-09-29T10:18:08Z,score-caffc35312243f2f,실제 종가 정정(100600 → 100700),"{""forecastId"":""2026-09-23-rolling20-c2697de31ff6788c"",""inputSnapshotSHA256"":""93de8e4423543121c9cc7357e35c2a913c60551336599499938736f72c9d2787"",""collectionRecordId"":""collection-3cd90698cf446caf""}",2026-09-23-rolling20-c2697de31ff6788c,atlas-rolling20-A,reference,,2026-09-28T07:59:39.699Z,2026-09-23,99700,021240,코웨이,cons,2026-09-29,2,true,"{""p05"":null,""p10"":95909.97814447175,""p25"":null,""p50"":99710.9429191445,""p75"":null,""p90"":104473.61959960383,""p95"":null}",100700,-989.0570808555058,0.9821818081981188,2,true,0.00010975846684546653,0.010030090270812364,up,up,true,95909.97814447175,104473.61959960383,true,8.589409684184632,8563.641455132078,0.08589409684184632,"{""up"":0.48885,""flat"":0.0252,""down"":0.48595}",0.49805676499999996,1,방향·크기 모두 맞음,,"{""sourceUrl"":""https://fchart.stock.naver.com/sise.nhn?symbol=021240&timeframe=day&count=30&requestType=0"",""rawHash"":""13060d29dc3a18d3898451d368d7bcf16fed2fe645310261d3e8ac710277b3ad"",""observedAt"":""2026-09-29T10:18:08.000Z"",""finalClose"":true}",4,2026-09-29T10:18:08Z,v1
score-2fc971dcae712033,score,2026-09-29,2026-09-29T10:18:08Z,score-eaae57d0ea22a2c9,실제 종가 정정(42450 → 42500),"{""forecastId"":""2026-09-23-rolling20-c2697de31ff6788c"",""inputSnapshotSHA256"":""93de8e4423543121c9cc7357e35c2a913c60551336599499938736f72c9d2787"",""collectionRecordId"":""collection-3cd90698cf446caf""}",2026-09-23-rolling20-c2697de31ff6788c,atlas-rolling20-A,reference,,2026-09-28T07:59:39.699Z,2026-09-23,42750,029780,삼성카드,fin,2026-09-29,2,true,"{""p05"":null,""p10"":41654.825972356106,""p25"":null,""p50"":42753.758387988004,""p75"":null,""p90"":43796.4537008272,""p95"":null}",42500,253.75838798800396,0.5970785599717741,2,true,0.00008791550849140961,-0.005847953216374324,up,down,false,41654.825972356106,43796.4537008272,true,5.009655505195546,2141.627728471096,0.05009655505195546,"{""up"":0.481,""flat"":0.04425,""down"":0.47475}",0.509206625,3,크기 허용·방향 틀림,,"{""sourceUrl"":""https://fchart.stock.naver.com/sise.nhn?symbol=029780&timeframe=day&count=30&requestType=0"",""rawHash"":""6177cb140ade0e5b8228464cba139f5666a0e6ef0cfb18a9c97e2887b1bf43b0"",""observedAt"":""2026-09-29T10:18:08.000Z"",""finalClose"":true}",5,2026-09-29T10:18:08Z,v1
score-63f77628a34cd6ca,score,2026-09-29,2026-09-29T10:18:08Z,score-3710c6990ff6e90f,실제 종가 정정(70400 → 70700),"{""forecastId"":""2026-09-23-rolling20-c2697de31ff6788c"",""inputSnapshotSHA256"":""93de8e4423543121c9cc7357e35c2a913c60551336599499938736f72c9d2787"",""collectionRecordId"":""collection-3cd90698cf446caf""}",2026-09-23-rolling20-c2697de31ff6788c,atlas-rolling20-A,reference,,2026-09-28T07:59:39.699Z,2026-09-23,69700,111770,영원무역,cons,2026-09-29,2,true,"{""p05"":null,""p10"":67478.0858959161,""p25"":null,""p50"":69995.71897384725,""p75"":null,""p90"":72572.18278098342,""p95"":null}",70700,-704.2810261527484,0.9961542095512708,2,true,0.004242739940419682,0.01434720229555242,up,up,true,67478.0858959161,72572.18278098342,true,7.308603852320407,5094.0968850673235,0.07308603852320407,"{""up"":0.5487,""flat"":0.031,""down"":0.4203}",0.38128478000000005,1,방향·크기 모두 맞음,,"{""sourceUrl"":""https://fchart.stock.naver.com/sise.nhn?symbol=111770&timeframe=day&count=30&requestType=0"",""rawHash"":""7f7b603d3e6bc498542d3697aa09aaf63483ed16666e0ec9700399fa23e5a6c2"",""observedAt"":""2026-09-29T10:18:08.000Z"",""finalClose"":true}",5,2026-09-29T10:18:08Z,v1
score-286ef3265fac8388,score,2026-09-29,2026-09-29T10:18:08Z,score-c18a858a6a0d8b3c,실제 종가 정정(14360 → 14370),"{""forecastId"":""2026-09-23-rolling20-c2697de31ff6788c"",""inputSnapshotSHA256"":""93de8e4423543121c9cc7357e35c2a913c60551336599499938736f72c9d2787"",""collectionRecordId"":""collection-3cd90698cf446caf""}",2026-09-23-rolling20-c2697de31ff6788c,atlas-rolling20-A,reference,,2026-09-28T07:59:39.699Z,2026-09-23,14380,035250,강원랜드,cons,2026-09-29,2,true,"{""p05"":null,""p10"":14081.3513228799,""p25"":null,""p50"":14370.313324179348,""p75"":null,""p90"":14674.762415637826,""p95"":null}",14370,0.3133241793475463,0.002180404866719181,2,true,-0.0006736214061650037,-0.0006954102920723182,down,flat,false,14081.3513228799,14674.762415637826,true,4.126641813337454,593.4110927579259,0.04126641813337454,"{""up"":0.45325,""flat"":0.0563,""down"":0.49045}",1.336546455,3,크기 허용·방향 틀림,,"{""sourceUrl"":""https://fchart.stock.naver.com/sise.nhn?symbol=035250&timeframe=day&count=30&requestType=0"",""rawHash"":""e7f5b7fcac06407cc2d29888a4bacc82a04b6ed8968d03624b0a615b8bc6e718"",""observedAt"":""2026-09-29T10:18:08.000Z"",""finalClose"":true}",4,2026-09-29T10:18:08Z,v1
score-20a7a95acf350d86,score,2026-09-29,2026-09-29T10:18:08Z,score-c02a4b826cc6f937,실제 종가 정정(102800 → 102800),"{""forecastId"":""2026-09-23-rolling20-c2697de31ff6788c"",""inputSnapshotSHA256"":""93de8e4423543121c9cc7357e35c2a913c60551336599499938736f72c9d2787"",""collectionRecordId"":""collection-3cd90698cf446caf""}",2026-09-23-rolling20-c2697de31ff6788c,atlas-rolling20-A,reference,,2026-09-28T07:59:39.699Z,2026-09-23,102300,226950,올릭스,bio,2026-09-29,2,true,"{""p05"":null,""p10"":92314.09629911596,""p25"":null,""p50"":101812.80257371289,""p75"":null,""p90"":114074.04356613108,""p95"":null}",102800,-987.1974262871081,0.9603087804349301,2,true,-0.00476243818462474,0.004887585532746819,down,up,false,92314.09629911596,114074.04356613108,true,21.27072069111937,21759.947267015115,0.21270720691119369,"{""up"":0.4693,""flat"":0.0104,""down"":0.5203}",0.55246274,3,크기 허용·방향 틀림,,"{""sourceUrl"":""https://fchart.stock.naver.com/sise.nhn?symbol=226950&timeframe=day&count=30&requestType=0"",""rawHash"":""14766c8167a676b2d0fb068e84009ad5348653723a8e0ae2fe0bb07bf618145f"",""observedAt"":""2026-09-29T10:18:08.000Z"",""finalClose"":true}",5,2026-09-29T10:18:08Z,v1
score-08d420d6f8ca22c6,score,2026-09-29,2026-09-29T10:18:08Z,score-25ed17240f5a493d,실제 종가 정정(17820 → 17830),"{""forecastId"":""2026-09-23-rolling20-c2697de31ff6788c"",""inputSnapshotSHA256"":""93de8e4423543121c9cc7357e35c2a913c60551336599499938736f72c9d2787"",""collectionRecordId"":""collection-3cd90698cf446caf""}",2026-09-23-rolling20-c2697de31ff6788c,atlas-rolling20-A,reference,,2026-09-28T07:59:39.699Z,2026-09-23,17740,030000,제일기획,net,2026-09-29,2,true,"{""p05"":null,""p10"":17301.167066324793,""p25"":null,""p50"":17759.543044481696,""p75"":null,""p90"":18204.925428655148,""p95"":null}",17830,-70.45695551830431,0.3951595934846007,2,true,0.0011016372312118161,0.005073280721533235,up,up,true,17301.167066324793,18204.925428655148,true,5.0944665294833955,903.7583623303544,0.050944665294833956,"{""up"":0.5028,""flat"":0.0445,""down"":0.4527}",0.45412537999999997,1,방향·크기 모두 맞음,,"{""sourceUrl"":""https://fchart.stock.naver.com/sise.nhn?symbol=030000&timeframe=day&count=30&requestType=0"",""rawHash"":""eb3a15ccd8909bc7081702ff8d73ff9760bc1cb0ef95ba071c2a74f5f1146e5a"",""observedAt"":""2026-09-29T10:18:08.000Z"",""finalClose"":true}",5,2026-09-29T10:18:08Z,v1
score-044688f3af073689,score,2026-09-29,2026-09-29T10:18:08Z,score-fc3293b4a58f64eb,실제 종가 정정(1380000 → 1382000),"{""forecastId"":""2026-09-28-rolling20-13cd892134e517b4"",""inputSnapshotSHA256"":""93de8e4423543121c9cc7357e35c2a913c60551336599499938736f72c9d2787"",""collectionRecordId"":""collection-3cd90698cf446caf""}",2026-09-28-rolling20-13cd892134e517b4,atlas-rolling20-A,live,,2026-09-28T09:39:48.714Z,2026-09-28,1400000,207940,삼성바이오로직스,bio,2026-09-29,1,true,"{""p05"":null,""p10"":1368563.7863792372,""p25"":null,""p50"":1399983.3959986803,""p75"":null,""p90"":1433814.1689408997,""p95"":null}",1382000,17983.395998680266,1.301258755331423,1.5,true,-0.000011860000942665039,-0.0128571428571429,down,down,true,1368563.7863792372,1433814.1689408997,true,4.660741611547319,65250.38256166247,0.04660741611547319,"{""up"":0.46155,""flat"":0.0718,""down"":0.46665}",0.502645865,1,방향·크기 모두 맞음,,"{""sourceUrl"":""https://fchart.stock.naver.com/sise.nhn?symbol=207940&timeframe=day&count=30&requestType=0"",""rawHash"":""2e7b559ee00e1e8e5626ada4ed6f99625b155c08efd3e9b85fd35e2927f42345"",""observedAt"":""2026-09-29T10:18:08.000Z"",""finalClose"":true}",3,2026-09-29T10:18:08Z,v1
score-cb15fdd28c8e1941,score,2026-09-29,2026-09-29T10:18:08Z,score-2dd22a02368bdc06,실제 종가 정정(583000 → 585000),"{""forecastId"":""2026-09-28-rolling20-13cd892134e517b4"",""inputSnapshotSHA256"":""93de8e4423543121c9cc7357e35c2a913c60551336599499938736f72c9d2787"",""collectionRecordId"":""collection-3cd90698cf446caf""}",2026-09-28-rolling20-13cd892134e517b4,atlas-rolling20-A,live,,2026-09-28T09:39:48.714Z,2026-09-28,578000,034730,SK,util,2026-09-29,1,true,"{""p05"":null,""p10"":550635.5661565217,""p25"":null,""p50"":576872.1475233042,""p75"":null,""p90"":604443.705473313,""p95"":null}",585000,-8127.852476695785,1.3893764917428693,1.5,true,-0.0019513018627954626,0.01211072664359869,down,up,false,550635.5661565217,604443.705473313,true,9.309366663804726,53808.13931679132,0.09309366663804726,"{""up"":0.4624,""flat"":0.0276,""down"":0.51}",0.5498755200000001,3,크기 허용·방향 틀림,,"{""sourceUrl"":""https://fchart.stock.naver.com/sise.nhn?symbol=034730&timeframe=day&count=30&requestType=0"",""rawHash"":""3ddd8b28d5632a5fda56b977ca6369a1b68ee1fd663d09263d43019f6254ffc9"",""observedAt"":""2026-09-29T10:18:08.000Z"",""finalClose"":true}",4,2026-09-29T10:18:08Z,v1
score-9b00f0436bce0d1d,score,2026-09-29,2026-09-29T10:18:08Z,score-ce6042f6a1b19824,실제 종가 정정(1070000 → 1070000),"{""forecastId"":""2026-09-28-rolling20-13cd892134e517b4"",""inputSnapshotSHA256"":""93de8e4423543121c9cc7357e35c2a913c60551336599499938736f72c9d2787"",""collectionRecordId"":""collection-3cd90698cf446caf""}",2026-09-28-rolling20-13cd892134e517b4,atlas-rolling20-A,live,,2026-09-28T09:39:48.714Z,2026-09-28,1102000,010130,고려아연,chem,2026-09-29,1,true,"{""p05"":null,""p10"":1059658.2537400885,""p25"":null,""p50"":1098971.5410571957,""p75"":null,""p90"":1154342.2595145754,""p95"":null}",1070000,28971.541057195747,2.7076206595510044,1.5,false,-0.002748147860983874,-0.029038112522686066,down,down,true,1059658.2537400885,1154342.2595145754,true,8.592015043056879,94684.00577448681,0.08592015043056879,"{""up"":0.40635,""flat"":0.05045,""down"":0.5432}",0.376331765,2,방향 맞고 크기 틀림,,"{""sourceUrl"":""https://fchart.stock.naver.com/sise.nhn?symbol=010130&timeframe=day&count=30&requestType=0"",""rawHash"":""fc8f3414e62de4af6840c73233e9acd4b0c0fd908ec7e40ab90631a1f036df06"",""observedAt"":""2026-09-29T10:18:08.000Z"",""finalClose"":true}",3,2026-09-29T10:18:08Z,v1
score-ca210eb242739ad1,score,2026-09-29,2026-09-29T10:18:08Z,score-5371a65d2ef3aec5,실제 종가 정정(132200 → 132300),"{""forecastId"":""2026-09-28-rolling20-13cd892134e517b4"",""inputSnapshotSHA256"":""93de8e4423543121c9cc7357e35c2a913c60551336599499938736f72c9d2787"",""collectionRecordId"":""collection-3cd90698cf446caf""}",2026-09-28-rolling20-13cd892134e517b4,atlas-rolling20-A,live,,2026-09-28T09:39:48.714Z,2026-09-28,133400,138040,메리츠금융지주,fin,2026-09-29,1,true,"{""p05"":null,""p10"":129551.53986593716,""p25"":null,""p50"":132768.04948520704,""p75"":null,""p90"":137216.58867525094,""p95"":null}",132300,468.04948520704056,0.3537789003832506,1.5,true,-0.0047372602308317635,-0.008245877061469287,down,down,true,129551.53986593716,137216.58867525094,true,5.745913650160257,7665.048809313783,0.05745913650160257,"{""up"":0.3737,""flat"":0.05435,""down"":0.57195}",0.32583241500000004,1,방향·크기 모두 맞음,,"{""sourceUrl"":""https://fchart.stock.naver.com/sise.nhn?symbol=138040&timeframe=day&count=30&requestType=0"",""rawHash"":""d4da0652e094c14fef1b6c00ef5098b43b43382e32827e75f6dfad2fbe6b94bd"",""observedAt"":""2026-09-29T10:18:08.000Z"",""finalClose"":true}",4,2026-09-29T10:18:08Z,v1
score-8a70ed4f79c89f46,score,2026-09-29,2026-09-29T10:18:08Z,score-3f52cf5aa7659a4c,실제 종가 정정(20900 → 20900),"{""forecastId"":""2026-09-28-rolling20-13cd892134e517b4"",""inputSnapshotSHA256"":""93de8e4423543121c9cc7357e35c2a913c60551336599499938736f72c9d2787"",""collectionRecordId"":""collection-3cd90698cf446caf""}",2026-09-28-rolling20-13cd892134e517b4,atlas-rolling20-A,live,,2026-09-28T09:39:48.714Z,2026-09-28,21250,011200,HMM,auto,2026-09-29,1,true,"{""p05"":null,""p10"":20729.930885585552,""p25"":null,""p50"":21242.451327034338,""p75"":null,""p90"":21783.726474531657,""p95"":null}",20900,342.45132703433774,1.6385230958580754,1.5,false,-0.0003552316689723334,-0.016470588235294126,down,down,true,20729.930885585552,21783.726474531657,true,4.959038065628727,1053.7955889461045,0.04959038065628727,"{""up"":0.44675,""flat"":0.06675,""down"":0.4865}",0.46772337500000005,2,방향 맞고 크기 틀림,,"{""sourceUrl"":""https://fchart.stock.naver.com/sise.nhn?symbol=011200&timeframe=day&count=30&requestType=0"",""rawHash"":""ba8f38a9b73b63c0e52ae40dd5d093fa4ba91f20fd6d0dc9c30195574295ee53"",""observedAt"":""2026-09-29T10:18:08.000Z"",""finalClose"":true}",6,2026-09-29T10:18:08Z,v1
score-5aaeb2a46b9976cf,score,2026-09-29,2026-09-29T10:18:08Z,score-f6d62f63686999ca,실제 종가 정정(251000 → 251500),"{""forecastId"":""2026-09-28-rolling20-13cd892134e517b4"",""inputSnapshotSHA256"":""93de8e4423543121c9cc7357e35c2a913c60551336599499938736f72c9d2787"",""collectionRecordId"":""collection-3cd90698cf446caf""}",2026-09-28-rolling20-13cd892134e517b4,atlas-rolling20-A,live,,2026-09-28T09:39:48.714Z,2026-09-28,262500,051910,LG화학,chem,2026-09-29,1,true,"{""p05"":null,""p10"":251772.083769255,""p25"":null,""p50"":261995.6613746196,""p75"":null,""p90"":274073.92039877444,""p95"":null}",251500,10495.661374619609,4.173225198655908,1.5,false,-0.0019212900014491385,-0.04190476190476189,down,down,true,251772.083769255,274073.92039877444,false,8.495937763626454,25022.67432206942,0.0953244736078835,"{""up"":0.4769,""flat"":0.013,""down"":0.5101}",0.46760462,2,방향 맞고 크기 틀림,,"{""sourceUrl"":""https://fchart.stock.naver.com/sise.nhn?symbol=051910&timeframe=day&count=30&requestType=0"",""rawHash"":""d1c55f6f9681805517c9b15419958cc9efce14c96ac10d760d4a69a906b79b38"",""observedAt"":""2026-09-29T10:18:08.000Z"",""finalClose"":true}",2,2026-09-29T10:18:08Z,v1
score-cf69bf9112a0c8a1,score,2026-09-29,2026-09-29T10:18:08Z,score-a55b576a5e23f3c3,실제 종가 정정(216500 → 217000),"{""forecastId"":""2026-09-28-rolling20-13cd892134e517b4"",""inputSnapshotSHA256"":""93de8e4423543121c9cc7357e35c2a913c60551336599499938736f72c9d2787"",""collectionRecordId"":""collection-3cd90698cf446caf""}",2026-09-28-rolling20-13cd892134e517b4,atlas-rolling20-A,live,,2026-09-28T09:39:48.714Z,2026-09-28,219000,018260,삼성에스디에스,semi,2026-09-29,1,true,"{""p05"":null,""p10"":212717.79306516878,""p25"":null,""p50"":218784.110204126,""p75"":null,""p90"":224874.2373290256,""p95"":null}",217000,1784.1102041259874,0.8221706009797177,1.5,true,-0.0009857981546758099,-0.0091324200913242,down,down,true,212717.79306516878,224874.2373290256,true,5.550887791715446,12156.444263856829,0.05550887791715447,"{""up"":0.4526,""flat"":0.0651,""down"":0.4823}",0.47709806000000005,1,방향·크기 모두 맞음,,"{""sourceUrl"":""https://fchart.stock.naver.com/sise.nhn?symbol=018260&timeframe=day&count=30&requestType=0"",""rawHash"":""ff4394951b730bee0951b9f5041aee4882e9ab358d521a7cfa2a6f8d7c0711d1"",""observedAt"":""2026-09-29T10:18:08.000Z"",""finalClose"":true}",4,2026-09-29T10:18:08Z,v1
score-646135acb9c9fc7d,score,2026-09-29,2026-09-29T10:18:08Z,score-36cf3be58c2c1593,실제 종가 정정(197000 → 197200),"{""forecastId"":""2026-09-28-rolling20-13cd892134e517b4"",""inputSnapshotSHA256"":""93de8e4423543121c9cc7357e35c2a913c60551336599499938736f72c9d2787"",""collectionRecordId"":""collection-3cd90698cf446caf""}",2026-09-28-rolling20-13cd892134e517b4,atlas-rolling20-A,live,,2026-09-28T09:39:48.714Z,2026-09-28,199100,086280,현대글로비스,auto,2026-09-29,1,true,"{""p05"":null,""p10"":193433.28150163442,""p25"":null,""p50"":198777.1416887925,""p75"":null,""p90"":205324.02929931454,""p95"":null}",197200,1577.1416887925006,0.7997675906655682,1.5,true,-0.0016215887052108968,-0.009542943244600699,down,down,true,193433.28150163442,205324.02929931454,true,5.972249019427482,11890.747797680116,0.05972249019427482,"{""up"":0.4491,""flat"":0.0395,""down"":0.5114}",0.44198102000000006,1,방향·크기 모두 맞음,,"{""sourceUrl"":""https://fchart.stock.naver.com/sise.nhn?symbol=086280&timeframe=day&count=30&requestType=0"",""rawHash"":""ed23917e990e563937b7f7701665fb822c28cd7791ee5e161103129a05fcc412"",""observedAt"":""2026-09-29T10:18:08.000Z"",""finalClose"":true}",3,2026-09-29T10:18:08Z,v1
score-390fe1588d45df14,score,2026-09-29,2026-09-29T10:18:08Z,score-d938781f24047759,실제 종가 정정(361500 → 361500),"{""forecastId"":""2026-09-28-rolling20-13cd892134e517b4"",""inputSnapshotSHA256"":""93de8e4423543121c9cc7357e35c2a913c60551336599499938736f72c9d2787"",""collectionRecordId"":""collection-3cd90698cf446caf""}",2026-09-28-rolling20-13cd892134e517b4,atlas-rolling20-A,live,,2026-09-28T09:39:48.714Z,2026-09-28,368500,278470,에이피알,cons,2026-09-29,1,true,"{""p05"":null,""p10"":351852.708293176,""p25"":null,""p50"":368361.5128795771,""p75"":null,""p90"":387705.2117008389,""p95"":null}",361500,6861.512879577116,1.8980671866050114,1.5,false,-0.00037581308120182566,-0.018995929443690662,down,down,true,351852.708293176,387705.2117008389,true,9.72930893016631,35852.50340766285,0.0972930893016631,"{""up"":0.47585,""flat"":0.02985,""down"":0.4943}",0.483056735,2,방향 맞고 크기 틀림,,"{""sourceUrl"":""https://fchart.stock.naver.com/sise.nhn?symbol=278470&timeframe=day&count=30&requestType=0"",""rawHash"":""14d18e742bc501dd78b6d095004a47f9b97d2545a168ae3d29fe054a286a23e7"",""observedAt"":""2026-09-29T10:18:08.000Z"",""finalClose"":true}",5,2026-09-29T10:18:08Z,v1
score-a862e6be86bd829e,score,2026-09-29,2026-09-29T10:18:08Z,score-933610de5d732bf1,실제 종가 정정(52700 → 52600),"{""forecastId"":""2026-09-28-rolling20-13cd892134e517b4"",""inputSnapshotSHA256"":""93de8e4423543121c9cc7357e35c2a913c60551336599499938736f72c9d2787"",""collectionRecordId"":""collection-3cd90698cf446caf""}",2026-09-28-rolling20-13cd892134e517b4,atlas-rolling20-A,live,,2026-09-28T09:39:48.714Z,2026-09-28,52900,030200,KT,net,2026-09-29,1,true,"{""p05"":null,""p10"":52072.27304558202,""p25"":null,""p50"":52910.11231608776,""p75"":null,""p90"":53764.704239533836,""p95"":null}",52600,310.1123160877614,0.5895671408512574,1.5,true,0.00019115909428668587,-0.005671077504725952,up,down,false,52072.27304558202,53764.704239533836,true,3.1993028241055113,1692.4311939518157,0.03199302824105511,"{""up"":0.4654,""flat"":0.07895,""down"":0.45565}",0.519147185,3,크기 허용·방향 틀림,,"{""sourceUrl"":""https://fchart.stock.naver.com/sise.nhn?symbol=030200&timeframe=day&count=30&requestType=0"",""rawHash"":""82a34787bc71f3e4aa1bd92d9f89d3ce04a4906f30cb987c92b4e18ec9dac46a"",""observedAt"":""2026-09-29T10:18:08.000Z"",""finalClose"":true}",5,2026-09-29T10:18:08Z,v1
score-c1f87e22e8defaf2,score,2026-09-29,2026-09-29T10:18:08Z,score-cc02a1f80ae8763f,실제 종가 정정(100600 → 100700),"{""forecastId"":""2026-09-28-rolling20-13cd892134e517b4"",""inputSnapshotSHA256"":""93de8e4423543121c9cc7357e35c2a913c60551336599499938736f72c9d2787"",""collectionRecordId"":""collection-3cd90698cf446caf""}",2026-09-28-rolling20-13cd892134e517b4,atlas-rolling20-A,live,,2026-09-28T09:39:48.714Z,2026-09-28,101600,021240,코웨이,cons,2026-09-29,1,true,"{""p05"":null,""p10"":98912.01494195993,""p25"":null,""p50"":101497.27424549125,""p75"":null,""p90"":104789.09740984246,""p95"":null}",100700,797.2742454912513,0.7917321206467243,1.5,true,-0.0010110802609129,-0.008858267716535417,down,down,true,98912.01494195993,104789.09740984246,true,5.7845299880733565,5877.08246788253,0.057845299880733565,"{""up"":0.45555,""flat"":0.04335,""down"":0.5011}",0.458306235,1,방향·크기 모두 맞음,,"{""sourceUrl"":""https://fchart.stock.naver.com/sise.nhn?symbol=021240&timeframe=day&count=30&requestType=0"",""rawHash"":""13060d29dc3a18d3898451d368d7bcf16fed2fe645310261d3e8ac710277b3ad"",""observedAt"":""2026-09-29T10:18:08.000Z"",""finalClose"":true}",4,2026-09-29T10:18:08Z,v1
score-881a72cb3f75a613,score,2026-09-29,2026-09-29T10:18:08Z,score-10d3190f001f8b98,실제 종가 정정(42450 → 42500),"{""forecastId"":""2026-09-28-rolling20-13cd892134e517b4"",""inputSnapshotSHA256"":""93de8e4423543121c9cc7357e35c2a913c60551336599499938736f72c9d2787"",""collectionRecordId"":""collection-3cd90698cf446caf""}",2026-09-28-rolling20-13cd892134e517b4,atlas-rolling20-A,live,,2026-09-28T09:39:48.714Z,2026-09-28,43350,029780,삼성카드,fin,2026-09-29,1,true,"{""p05"":null,""p10"":42629.39273636437,""p25"":null,""p50"":43334.95655312725,""p75"":null,""p90"":44106.7399069947,""p95"":null}",42500,834.9565531272528,1.9646036544170655,1.5,false,-0.0003470229959111615,-0.019607843137254943,up,down,false,42629.39273636437,44106.7399069947,false,3.4079519507043408,2771.274534274002,0.06392790159801619,"{""up"":0.4676,""flat"":0.0649,""down"":0.4675}",0.5064180199999999,4,방향·크기 모두 틀림,,"{""sourceUrl"":""https://fchart.stock.naver.com/sise.nhn?symbol=029780&timeframe=day&count=30&requestType=0"",""rawHash"":""6177cb140ade0e5b8228464cba139f5666a0e6ef0cfb18a9c97e2887b1bf43b0"",""observedAt"":""2026-09-29T10:18:08.000Z"",""finalClose"":true}",5,2026-09-29T10:18:08Z,v1
score-d3d7f1f4a5a80aad,score,2026-09-29,2026-09-29T10:18:08Z,score-fd41f5d49b9cb8fe,실제 종가 정정(70400 → 70700),"{""forecastId"":""2026-09-28-rolling20-13cd892134e517b4"",""inputSnapshotSHA256"":""93de8e4423543121c9cc7357e35c2a913c60551336599499938736f72c9d2787"",""collectionRecordId"":""collection-3cd90698cf446caf""}",2026-09-28-rolling20-13cd892134e517b4,atlas-rolling20-A,live,,2026-09-28T09:39:48.714Z,2026-09-28,71400,111770,영원무역,cons,2026-09-29,1,true,"{""p05"":null,""p10"":69525.65055750564,""p25"":null,""p50"":71351.78551452573,""p75"":null,""p90"":73292.22388245884,""p95"":null}",70700,651.7855145257345,0.9219031322853387,1.5,true,-0.000675272905802049,-0.009803921568627416,down,down,true,69525.65055750564,73292.22388245884,true,5.275312780046507,3766.573324953206,0.052753127800465066,"{""up"":0.46705,""flat"":0.04505,""down"":0.4879}",0.482411615,1,방향·크기 모두 맞음,,"{""sourceUrl"":""https://fchart.stock.naver.com/sise.nhn?symbol=111770&timeframe=day&count=30&requestType=0"",""rawHash"":""7f7b603d3e6bc498542d3697aa09aaf63483ed16666e0ec9700399fa23e5a6c2"",""observedAt"":""2026-09-29T10:18:08.000Z"",""finalClose"":true}",5,2026-09-29T10:18:08Z,v1
score-adb259ad8d56f121,score,2026-09-29,2026-09-29T10:18:08Z,score-1be0bbb4e73f6633,실제 종가 정정(14360 → 14370),"{""forecastId"":""2026-09-28-rolling20-13cd892134e517b4"",""inputSnapshotSHA256"":""93de8e4423543121c9cc7357e35c2a913c60551336599499938736f72c9d2787"",""collectionRecordId"":""collection-3cd90698cf446caf""}",2026-09-28-rolling20-13cd892134e517b4,atlas-rolling20-A,live,,2026-09-28T09:39:48.714Z,2026-09-28,14450,035250,강원랜드,cons,2026-09-29,1,true,"{""p05"":null,""p10"":14264.909549354876,""p25"":null,""p50"":14454.352468732806,""p75"":null,""p90"":14660.526899943452,""p95"":null}",14370,84.3524687328063,0.5870039577787495,1.5,true,0.00030120890884477447,-0.00553633217993077,up,down,false,14264.909549354876,14660.526899943452,true,2.7378363362531233,395.6173505885763,0.027378363362531234,"{""up"":0.47815,""flat"":0.0612,""down"":0.46065}",0.523271285,3,크기 허용·방향 틀림,,"{""sourceUrl"":""https://fchart.stock.naver.com/sise.nhn?symbol=035250&timeframe=day&count=30&requestType=0"",""rawHash"":""e7f5b7fcac06407cc2d29888a4bacc82a04b6ed8968d03624b0a615b8bc6e718"",""observedAt"":""2026-09-29T10:18:08.000Z"",""finalClose"":true}",4,2026-09-29T10:18:08Z,v1
score-9292cf18524d1689,score,2026-09-29,2026-09-29T10:18:08Z,score-0e1833c0b2d22d4f,실제 종가 정정(102800 → 102800),"{""forecastId"":""2026-09-28-rolling20-13cd892134e517b4"",""inputSnapshotSHA256"":""93de8e4423543121c9cc7357e35c2a913c60551336599499938736f72c9d2787"",""collectionRecordId"":""collection-3cd90698cf446caf""}",2026-09-28-rolling20-13cd892134e517b4,atlas-rolling20-A,live,,2026-09-28T09:39:48.714Z,2026-09-28,104400,226950,올릭스,bio,2026-09-29,1,true,"{""p05"":null,""p10"":97417.34770945285,""p25"":null,""p50"":104025.6350178021,""p75"":null,""p90"":112160.92376486068,""p95"":null}",102800,1225.6350178020948,1.1922519628425048,1.5,true,-0.003585871476991409,-0.01532567049808431,down,down,true,97417.34770945285,112160.92376486068,true,14.122199286789108,14743.57605540783,0.14122199286789108,"{""up"":0.4547,""flat"":0.01025,""down"":0.53505}",0.42303565499999995,1,방향·크기 모두 맞음,,"{""sourceUrl"":""https://fchart.stock.naver.com/sise.nhn?symbol=226950&timeframe=day&count=30&requestType=0"",""rawHash"":""14766c8167a676b2d0fb068e84009ad5348653723a8e0ae2fe0bb07bf618145f"",""observedAt"":""2026-09-29T10:18:08.000Z"",""finalClose"":true}",5,2026-09-29T10:18:08Z,v1
score-f4f88c079cc53efb,score,2026-09-29,2026-09-29T10:18:08Z,score-691c5afaf5158950,실제 종가 정정(17820 → 17830),"{""forecastId"":""2026-09-28-rolling20-13cd892134e517b4"",""inputSnapshotSHA256"":""93de8e4423543121c9cc7357e35c2a913c60551336599499938736f72c9d2787"",""collectionRecordId"":""collection-3cd90698cf446caf""}",2026-09-28-rolling20-13cd892134e517b4,atlas-rolling20-A,live,,2026-09-28T09:39:48.714Z,2026-09-28,17810,030000,제일기획,net,2026-09-29,1,true,"{""p05"":null,""p10"":17535.026889048455,""p25"":null,""p50"":17816.071505705717,""p75"":null,""p90"":18104.463046077653,""p95"":null}",17830,-13.928494294283155,0.07811830787595712,1.5,true,0.0003409043068902662,0.001122964626614209,up,up,true,17535.026889048455,18104.463046077653,true,3.1972833072947697,569.4361570291985,0.031972833072947696,"{""up"":0.47655,""flat"":0.08075,""down"":0.4427}",0.4765037549999999,1,방향·크기 모두 맞음,,"{""sourceUrl"":""https://fchart.stock.naver.com/sise.nhn?symbol=030000&timeframe=day&count=30&requestType=0"",""rawHash"":""eb3a15ccd8909bc7081702ff8d73ff9760bc1cb0ef95ba071c2a74f5f1146e5a"",""observedAt"":""2026-09-29T10:18:08.000Z"",""finalClose"":true}",5,2026-09-29T10:18:08Z,v1
score-1579229d3ca90117,score,2026-09-29,2026-09-29T10:18:08Z,score-849e4d0f2eed90bc,실제 종가 정정(1380000 → 1382000),"{""forecastId"":""2026-09-28-atlas11-90616c6bc916e8d6"",""inputSnapshotSHA256"":""93de8e4423543121c9cc7357e35c2a913c60551336599499938736f72c9d2787"",""collectionRecordId"":""collection-3cd90698cf446caf""}",2026-09-28-atlas11-90616c6bc916e8d6,atlas11-A-1,live,,2026-09-28T13:13:16.576Z,2026-09-28,1400000,207940,삼성바이오로직스,bio,2026-09-29,1,true,"{""p05"":1357602.8558678068,""p10"":1368563.7863792372,""p25"":1384871.2844752804,""p50"":1399983.3959986803,""p75"":1414479.652132455,""p90"":1433814.1689408997,""p95"":1448325.1584901272}",1382000,17983.395998680266,1.301258755331423,1.5,true,-0.000011860000942665039,-0.0128571428571429,down,down,true,1368563.7863792372,1433814.1689408997,true,4.660741611547319,65250.38256166247,0.04660741611547319,"{""up"":0.46155,""flat"":0.0718,""down"":0.46665}",0.502645865,1,방향·크기 모두 맞음,true,"{""sourceUrl"":""https://fchart.stock.naver.com/sise.nhn?symbol=207940&timeframe=day&count=30&requestType=0"",""rawHash"":""2e7b559ee00e1e8e5626ada4ed6f99625b155c08efd3e9b85fd35e2927f42345"",""observedAt"":""2026-09-29T10:18:08.000Z"",""finalClose"":true}",3,2026-09-29T10:18:08Z,v1
score-97363370951b89f7,score,2026-09-29,2026-09-29T10:18:08Z,score-8f3087859f11eaf2,실제 종가 정정(583000 → 585000),"{""forecastId"":""2026-09-28-atlas11-90616c6bc916e8d6"",""inputSnapshotSHA256"":""93de8e4423543121c9cc7357e35c2a913c60551336599499938736f72c9d2787"",""collectionRecordId"":""collection-3cd90698cf446caf""}",2026-09-28-atlas11-90616c6bc916e8d6,atlas11-A-1,live,,2026-09-28T13:13:16.576Z,2026-09-28,578000,034730,SK,util,2026-09-29,1,true,"{""p05"":541444.4294046052,""p10"":550635.5661565217,""p25"":564535.1303113344,""p50"":576872.1475233042,""p75"":589655.7779364492,""p90"":604443.705473313,""p95"":617153.4516341505}",585000,-8127.852476695785,1.3893764917428693,1.5,true,-0.0019513018627954626,0.01211072664359869,down,up,false,550635.5661565217,604443.705473313,true,9.309366663804726,53808.13931679132,0.09309366663804726,"{""up"":0.4624,""flat"":0.0276,""down"":0.51}",0.5498755200000001,3,크기 허용·방향 틀림,true,"{""sourceUrl"":""https://fchart.stock.naver.com/sise.nhn?symbol=034730&timeframe=day&count=30&requestType=0"",""rawHash"":""3ddd8b28d5632a5fda56b977ca6369a1b68ee1fd663d09263d43019f6254ffc9"",""observedAt"":""2026-09-29T10:18:08.000Z"",""finalClose"":true}",4,2026-09-29T10:18:08Z,v1
score-9fa34cd2fd0d31de,score,2026-09-29,2026-09-29T10:18:08Z,score-cc3dc4c0e16b5244,실제 종가 정정(1070000 → 1070000),"{""forecastId"":""2026-09-28-atlas11-90616c6bc916e8d6"",""inputSnapshotSHA256"":""93de8e4423543121c9cc7357e35c2a913c60551336599499938736f72c9d2787"",""collectionRecordId"":""collection-3cd90698cf446caf""}",2026-09-28-atlas11-90616c6bc916e8d6,atlas11-A-1,live,,2026-09-28T13:13:16.576Z,2026-09-28,1102000,010130,고려아연,chem,2026-09-29,1,true,"{""p05"":1047066.6983239547,""p10"":1059658.2537400885,""p25"":1079123.4036174065,""p50"":1098971.5410571957,""p75"":1116873.1684080453,""p90"":1154342.2595145754,""p95"":1177400.5143642912}",1070000,28971.541057195747,2.7076206595510044,1.5,false,-0.002748147860983874,-0.029038112522686066,down,down,true,1059658.2537400885,1154342.2595145754,true,8.592015043056879,94684.00577448681,0.08592015043056879,"{""up"":0.40635,""flat"":0.05045,""down"":0.5432}",0.376331765,2,방향 맞고 크기 틀림,false,"{""sourceUrl"":""https://fchart.stock.naver.com/sise.nhn?symbol=010130&timeframe=day&count=30&requestType=0"",""rawHash"":""fc8f3414e62de4af6840c73233e9acd4b0c0fd908ec7e40ab90631a1f036df06"",""observedAt"":""2026-09-29T10:18:08.000Z"",""finalClose"":true}",3,2026-09-29T10:18:08Z,v1
score-74cd944a75db714a,score,2026-09-29,2026-09-29T10:18:08Z,score-33e1838ad70f047b,실제 종가 정정(132200 → 132300),"{""forecastId"":""2026-09-28-atlas11-90616c6bc916e8d6"",""inputSnapshotSHA256"":""93de8e4423543121c9cc7357e35c2a913c60551336599499938736f72c9d2787"",""collectionRecordId"":""collection-3cd90698cf446caf""}",2026-09-28-atlas11-90616c6bc916e8d6,atlas11-A-1,live,,2026-09-28T13:13:16.576Z,2026-09-28,133400,138040,메리츠금융지주,fin,2026-09-29,1,true,"{""p05"":128258.61922292049,""p10"":129551.53986593716,""p25"":131243.71664324414,""p50"":132768.04948520704,""p75"":134741.74697269898,""p90"":137216.58867525094,""p95"":139029.9283805387}",132300,468.04948520704056,0.3537789003832506,1.5,true,-0.0047372602308317635,-0.008245877061469287,down,down,true,129551.53986593716,137216.58867525094,true,5.745913650160257,7665.048809313783,0.05745913650160257,"{""up"":0.3737,""flat"":0.05435,""down"":0.57195}",0.32583241500000004,1,방향·크기 모두 맞음,false,"{""sourceUrl"":""https://fchart.stock.naver.com/sise.nhn?symbol=138040&timeframe=day&count=30&requestType=0"",""rawHash"":""d4da0652e094c14fef1b6c00ef5098b43b43382e32827e75f6dfad2fbe6b94bd"",""observedAt"":""2026-09-29T10:18:08.000Z"",""finalClose"":true}",4,2026-09-29T10:18:08Z,v1
score-16ab40e7dc1fbef1,score,2026-09-29,2026-09-29T10:18:08Z,score-306af4887ce121bf,실제 종가 정정(20900 → 20900),"{""forecastId"":""2026-09-28-atlas11-90616c6bc916e8d6"",""inputSnapshotSHA256"":""93de8e4423543121c9cc7357e35c2a913c60551336599499938736f72c9d2787"",""collectionRecordId"":""collection-3cd90698cf446caf""}",2026-09-28-atlas11-90616c6bc916e8d6,atlas11-A-1,live,,2026-09-28T13:13:16.576Z,2026-09-28,21250,011200,HMM,auto,2026-09-29,1,true,"{""p05"":20563.006008668403,""p10"":20729.930885585552,""p25"":20995.706578038098,""p50"":21242.451327034338,""p75"":21489.31200885098,""p90"":21783.726474531657,""p95"":22054.92072785394}",20900,342.45132703433774,1.6385230958580754,1.5,false,-0.0003552316689723334,-0.016470588235294126,down,down,true,20729.930885585552,21783.726474531657,true,4.959038065628727,1053.7955889461045,0.04959038065628727,"{""up"":0.44675,""flat"":0.06675,""down"":0.4865}",0.46772337500000005,2,방향 맞고 크기 틀림,true,"{""sourceUrl"":""https://fchart.stock.naver.com/sise.nhn?symbol=011200&timeframe=day&count=30&requestType=0"",""rawHash"":""ba8f38a9b73b63c0e52ae40dd5d093fa4ba91f20fd6d0dc9c30195574295ee53"",""observedAt"":""2026-09-29T10:18:08.000Z"",""finalClose"":true}",6,2026-09-29T10:18:08Z,v1
score-ca58d5a03b95c803,score,2026-09-29,2026-09-29T10:18:08Z,score-320141f27bb88f61,실제 종가 정정(251000 → 251500),"{""forecastId"":""2026-09-28-atlas11-90616c6bc916e8d6"",""inputSnapshotSHA256"":""93de8e4423543121c9cc7357e35c2a913c60551336599499938736f72c9d2787"",""collectionRecordId"":""collection-3cd90698cf446caf""}",2026-09-28-atlas11-90616c6bc916e8d6,atlas11-A-1,live,,2026-09-28T13:13:16.576Z,2026-09-28,262500,051910,LG화학,chem,2026-09-29,1,true,"{""p05"":248269.96541713693,""p10"":251772.083769255,""p25"":257461.18852877346,""p50"":261995.6613746196,""p75"":266704.2906650907,""p90"":274073.92039877444,""p95"":278522.55927568476}",251500,10495.661374619609,4.173225198655908,1.5,false,-0.0019212900014491385,-0.04190476190476189,down,down,true,251772.083769255,274073.92039877444,false,8.495937763626454,25022.67432206942,0.0953244736078835,"{""up"":0.4769,""flat"":0.013,""down"":0.5101}",0.46760462,2,방향 맞고 크기 틀림,true,"{""sourceUrl"":""https://fchart.stock.naver.com/sise.nhn?symbol=051910&timeframe=day&count=30&requestType=0"",""rawHash"":""d1c55f6f9681805517c9b15419958cc9efce14c96ac10d760d4a69a906b79b38"",""observedAt"":""2026-09-29T10:18:08.000Z"",""finalClose"":true}",2,2026-09-29T10:18:08Z,v1
score-6b3a61eca48600eb,score,2026-09-29,2026-09-29T10:18:08Z,score-6713486e93f93fb6,실제 종가 정정(216500 → 217000),"{""forecastId"":""2026-09-28-atlas11-90616c6bc916e8d6"",""inputSnapshotSHA256"":""93de8e4423543121c9cc7357e35c2a913c60551336599499938736f72c9d2787"",""collectionRecordId"":""collection-3cd90698cf446caf""}",2026-09-28-atlas11-90616c6bc916e8d6,atlas11-A-1,live,,2026-09-28T13:13:16.576Z,2026-09-28,219000,018260,삼성에스디에스,semi,2026-09-29,1,true,"{""p05"":209589.20314202982,""p10"":212717.79306516878,""p25"":215840.48715900874,""p50"":218784.110204126,""p75"":221786.81137375024,""p90"":224874.2373290256,""p95"":227139.543749287}",217000,1784.1102041259874,0.8221706009797177,1.5,true,-0.0009857981546758099,-0.0091324200913242,down,down,true,212717.79306516878,224874.2373290256,true,5.550887791715446,12156.444263856829,0.05550887791715447,"{""up"":0.4526,""flat"":0.0651,""down"":0.4823}",0.47709806000000005,1,방향·크기 모두 맞음,true,"{""sourceUrl"":""https://fchart.stock.naver.com/sise.nhn?symbol=018260&timeframe=day&count=30&requestType=0"",""rawHash"":""ff4394951b730bee0951b9f5041aee4882e9ab358d521a7cfa2a6f8d7c0711d1"",""observedAt"":""2026-09-29T10:18:08.000Z"",""finalClose"":true}",4,2026-09-29T10:18:08Z,v1
score-4a2694a36860e5d6,score,2026-09-29,2026-09-29T10:18:08Z,score-8500c24e54de8031,실제 종가 정정(197000 → 197200),"{""forecastId"":""2026-09-28-atlas11-90616c6bc916e8d6"",""inputSnapshotSHA256"":""93de8e4423543121c9cc7357e35c2a913c60551336599499938736f72c9d2787"",""collectionRecordId"":""collection-3cd90698cf446caf""}",2026-09-28-atlas11-90616c6bc916e8d6,atlas11-A-1,live,,2026-09-28T13:13:16.576Z,2026-09-28,199100,086280,현대글로비스,auto,2026-09-29,1,true,"{""p05"":192046.71475057933,""p10"":193433.28150163442,""p25"":196229.31832782406,""p50"":198777.1416887925,""p75"":201608.9735930641,""p90"":205324.02929931454,""p95"":208086.46014594656}",197200,1577.1416887925006,0.7997675906655682,1.5,true,-0.0016215887052108968,-0.009542943244600699,down,down,true,193433.28150163442,205324.02929931454,true,5.972249019427482,11890.747797680116,0.05972249019427482,"{""up"":0.4491,""flat"":0.0395,""down"":0.5114}",0.44198102000000006,1,방향·크기 모두 맞음,false,"{""sourceUrl"":""https://fchart.stock.naver.com/sise.nhn?symbol=086280&timeframe=day&count=30&requestType=0"",""rawHash"":""ed23917e990e563937b7f7701665fb822c28cd7791ee5e161103129a05fcc412"",""observedAt"":""2026-09-29T10:18:08.000Z"",""finalClose"":true}",3,2026-09-29T10:18:08Z,v1
score-1defee3e5f190c8f,score,2026-09-29,2026-09-29T10:18:08Z,score-985cbbeadc054a4d,실제 종가 정정(361500 → 361500),"{""forecastId"":""2026-09-28-atlas11-90616c6bc916e8d6"",""inputSnapshotSHA256"":""93de8e4423543121c9cc7357e35c2a913c60551336599499938736f72c9d2787"",""collectionRecordId"":""collection-3cd90698cf446caf""}",2026-09-28-atlas11-90616c6bc916e8d6,atlas11-A-1,live,,2026-09-28T13:13:16.576Z,2026-09-28,368500,278470,에이피알,cons,2026-09-29,1,true,"{""p05"":346334.485688635,""p10"":351852.708293176,""p25"":359333.1884225959,""p50"":368361.5128795771,""p75"":376464.322849605,""p90"":387705.2117008389,""p95"":391944.501496126}",361500,6861.512879577116,1.8980671866050114,1.5,false,-0.00037581308120182566,-0.018995929443690662,down,down,true,351852.708293176,387705.2117008389,true,9.72930893016631,35852.50340766285,0.0972930893016631,"{""up"":0.47585,""flat"":0.02985,""down"":0.4943}",0.483056735,2,방향 맞고 크기 틀림,true,"{""sourceUrl"":""https://fchart.stock.naver.com/sise.nhn?symbol=278470&timeframe=day&count=30&requestType=0"",""rawHash"":""14d18e742bc501dd78b6d095004a47f9b97d2545a168ae3d29fe054a286a23e7"",""observedAt"":""2026-09-29T10:18:08.000Z"",""finalClose"":true}",5,2026-09-29T10:18:08Z,v1
score-69116bed8e822553,score,2026-09-29,2026-09-29T10:18:08Z,score-7342a1cdaf4ea173,실제 종가 정정(52700 → 52600),"{""forecastId"":""2026-09-28-atlas11-90616c6bc916e8d6"",""inputSnapshotSHA256"":""93de8e4423543121c9cc7357e35c2a913c60551336599499938736f72c9d2787"",""collectionRecordId"":""collection-3cd90698cf446caf""}",2026-09-28-atlas11-90616c6bc916e8d6,atlas11-A-1,live,,2026-09-28T13:13:16.576Z,2026-09-28,52900,030200,KT,net,2026-09-29,1,true,"{""p05"":51774.6861769322,""p10"":52072.27304558202,""p25"":52456.53257664795,""p50"":52910.11231608776,""p75"":53337.47220230064,""p90"":53764.704239533836,""p95"":54183.586368306904}",52600,310.1123160877614,0.5895671408512574,1.5,true,0.00019115909428668587,-0.005671077504725952,up,down,false,52072.27304558202,53764.704239533836,true,3.1993028241055113,1692.4311939518157,0.03199302824105511,"{""up"":0.4654,""flat"":0.07895,""down"":0.45565}",0.519147185,3,크기 허용·방향 틀림,true,"{""sourceUrl"":""https://fchart.stock.naver.com/sise.nhn?symbol=030200&timeframe=day&count=30&requestType=0"",""rawHash"":""82a34787bc71f3e4aa1bd92d9f89d3ce04a4906f30cb987c92b4e18ec9dac46a"",""observedAt"":""2026-09-29T10:18:08.000Z"",""finalClose"":true}",5,2026-09-29T10:18:08Z,v1
score-c1ef99878dad335a,score,2026-09-29,2026-09-29T10:18:08Z,score-7fbb808bee8d87c8,실제 종가 정정(100600 → 100700),"{""forecastId"":""2026-09-28-atlas11-90616c6bc916e8d6"",""inputSnapshotSHA256"":""93de8e4423543121c9cc7357e35c2a913c60551336599499938736f72c9d2787"",""collectionRecordId"":""collection-3cd90698cf446caf""}",2026-09-28-atlas11-90616c6bc916e8d6,atlas11-A-1,live,,2026-09-28T13:13:16.576Z,2026-09-28,101600,021240,코웨이,cons,2026-09-29,1,true,"{""p05"":98057.38700655336,""p10"":98912.01494195993,""p25"":100246.22802660981,""p50"":101497.27424549125,""p75"":102906.01042755581,""p90"":104789.09740984246,""p95"":106824.26592820317}",100700,797.2742454912513,0.7917321206467243,1.5,true,-0.0010110802609129,-0.008858267716535417,down,down,true,98912.01494195993,104789.09740984246,true,5.7845299880733565,5877.08246788253,0.057845299880733565,"{""up"":0.45555,""flat"":0.04335,""down"":0.5011}",0.458306235,1,방향·크기 모두 맞음,true,"{""sourceUrl"":""https://fchart.stock.naver.com/sise.nhn?symbol=021240&timeframe=day&count=30&requestType=0"",""rawHash"":""13060d29dc3a18d3898451d368d7bcf16fed2fe645310261d3e8ac710277b3ad"",""observedAt"":""2026-09-29T10:18:08.000Z"",""finalClose"":true}",4,2026-09-29T10:18:08Z,v1
score-cb19928681b3fb91,score,2026-09-29,2026-09-29T10:18:08Z,score-fec18900804b2d37,실제 종가 정정(42450 → 42500),"{""forecastId"":""2026-09-28-atlas11-90616c6bc916e8d6"",""inputSnapshotSHA256"":""93de8e4423543121c9cc7357e35c2a913c60551336599499938736f72c9d2787"",""collectionRecordId"":""collection-3cd90698cf446caf""}",2026-09-28-atlas11-90616c6bc916e8d6,atlas11-A-1,live,,2026-09-28T13:13:16.576Z,2026-09-28,43350,029780,삼성카드,fin,2026-09-29,1,true,"{""p05"":42263.106449834835,""p10"":42629.39273636437,""p25"":43002.812083453915,""p50"":43334.95655312725,""p75"":43716.80435104584,""p90"":44106.7399069947,""p95"":44327.21497812337}",42500,834.9565531272528,1.9646036544170655,1.5,false,-0.0003470229959111615,-0.019607843137254943,up,down,false,42629.39273636437,44106.7399069947,false,3.4079519507043408,2771.274534274002,0.06392790159801619,"{""up"":0.4676,""flat"":0.0649,""down"":0.4675}",0.5064180199999999,4,방향·크기 모두 틀림,true,"{""sourceUrl"":""https://fchart.stock.naver.com/sise.nhn?symbol=029780&timeframe=day&count=30&requestType=0"",""rawHash"":""6177cb140ade0e5b8228464cba139f5666a0e6ef0cfb18a9c97e2887b1bf43b0"",""observedAt"":""2026-09-29T10:18:08.000Z"",""finalClose"":true}",5,2026-09-29T10:18:08Z,v1
score-52cc61d8444afaee,score,2026-09-29,2026-09-29T10:18:08Z,score-155befdb6520944d,실제 종가 정정(70400 → 70700),"{""forecastId"":""2026-09-28-atlas11-90616c6bc916e8d6"",""inputSnapshotSHA256"":""93de8e4423543121c9cc7357e35c2a913c60551336599499938736f72c9d2787"",""collectionRecordId"":""collection-3cd90698cf446caf""}",2026-09-28-atlas11-90616c6bc916e8d6,atlas11-A-1,live,,2026-09-28T13:13:16.576Z,2026-09-28,71400,111770,영원무역,cons,2026-09-29,1,true,"{""p05"":68842.66994813422,""p10"":69525.65055750564,""p25"":70476.31557287904,""p50"":71351.78551452573,""p75"":72238.18154303075,""p90"":73292.22388245884,""p95"":73873.29414420051}",70700,651.7855145257345,0.9219031322853387,1.5,true,-0.000675272905802049,-0.009803921568627416,down,down,true,69525.65055750564,73292.22388245884,true,5.275312780046507,3766.573324953206,0.052753127800465066,"{""up"":0.46705,""flat"":0.04505,""down"":0.4879}",0.482411615,1,방향·크기 모두 맞음,true,"{""sourceUrl"":""https://fchart.stock.naver.com/sise.nhn?symbol=111770&timeframe=day&count=30&requestType=0"",""rawHash"":""7f7b603d3e6bc498542d3697aa09aaf63483ed16666e0ec9700399fa23e5a6c2"",""observedAt"":""2026-09-29T10:18:08.000Z"",""finalClose"":true}",5,2026-09-29T10:18:08Z,v1
score-0c72a6dad403a015,score,2026-09-29,2026-09-29T10:18:08Z,score-d56c636e7fb64e7b,실제 종가 정정(14360 → 14370),"{""forecastId"":""2026-09-28-atlas11-90616c6bc916e8d6"",""inputSnapshotSHA256"":""93de8e4423543121c9cc7357e35c2a913c60551336599499938736f72c9d2787"",""collectionRecordId"":""collection-3cd90698cf446caf""}",2026-09-28-atlas11-90616c6bc916e8d6,atlas11-A-1,live,,2026-09-28T13:13:16.576Z,2026-09-28,14450,035250,강원랜드,cons,2026-09-29,1,true,"{""p05"":14183.803323297225,""p10"":14264.909549354876,""p25"":14354.522617006493,""p50"":14454.352468732806,""p75"":14551.437953332595,""p90"":14660.526899943452,""p95"":14728.701759173704}",14370,84.3524687328063,0.5870039577787495,1.5,true,0.00030120890884477447,-0.00553633217993077,up,down,false,14264.909549354876,14660.526899943452,true,2.7378363362531233,395.6173505885763,0.027378363362531234,"{""up"":0.47815,""flat"":0.0612,""down"":0.46065}",0.523271285,3,크기 허용·방향 틀림,true,"{""sourceUrl"":""https://fchart.stock.naver.com/sise.nhn?symbol=035250&timeframe=day&count=30&requestType=0"",""rawHash"":""e7f5b7fcac06407cc2d29888a4bacc82a04b6ed8968d03624b0a615b8bc6e718"",""observedAt"":""2026-09-29T10:18:08.000Z"",""finalClose"":true}",4,2026-09-29T10:18:08Z,v1
score-0d14aba8d5f5da7f,score,2026-09-29,2026-09-29T10:18:08Z,score-a30faf67fc574d5e,실제 종가 정정(102800 → 102800),"{""forecastId"":""2026-09-28-atlas11-90616c6bc916e8d6"",""inputSnapshotSHA256"":""93de8e4423543121c9cc7357e35c2a913c60551336599499938736f72c9d2787"",""collectionRecordId"":""collection-3cd90698cf446caf""}",2026-09-28-atlas11-90616c6bc916e8d6,atlas11-A-1,live,,2026-09-28T13:13:16.576Z,2026-09-28,104400,226950,올릭스,bio,2026-09-29,1,true,"{""p05"":95626.62310019063,""p10"":97417.34770945285,""p25"":100457.99386365403,""p50"":104025.6350178021,""p75"":108125.61929763864,""p90"":112160.92376486068,""p95"":116432.58600437987}",102800,1225.6350178020948,1.1922519628425048,1.5,true,-0.003585871476991409,-0.01532567049808431,down,down,true,97417.34770945285,112160.92376486068,true,14.122199286789108,14743.57605540783,0.14122199286789108,"{""up"":0.4547,""flat"":0.01025,""down"":0.53505}",0.42303565499999995,1,방향·크기 모두 맞음,false,"{""sourceUrl"":""https://fchart.stock.naver.com/sise.nhn?symbol=226950&timeframe=day&count=30&requestType=0"",""rawHash"":""14766c8167a676b2d0fb068e84009ad5348653723a8e0ae2fe0bb07bf618145f"",""observedAt"":""2026-09-29T10:18:08.000Z"",""finalClose"":true}",5,2026-09-29T10:18:08Z,v1
score-b8bb20eee6638305,score,2026-09-29,2026-09-29T10:18:08Z,score-e76680d37fc30753,실제 종가 정정(17820 → 17830),"{""forecastId"":""2026-09-28-atlas11-90616c6bc916e8d6"",""inputSnapshotSHA256"":""93de8e4423543121c9cc7357e35c2a913c60551336599499938736f72c9d2787"",""collectionRecordId"":""collection-3cd90698cf446caf""}",2026-09-28-atlas11-90616c6bc916e8d6,atlas11-A-1,live,,2026-09-28T13:13:16.576Z,2026-09-28,17810,030000,제일기획,net,2026-09-29,1,true,"{""p05"":17433.565653654616,""p10"":17535.026889048455,""p25"":17681.85994267285,""p50"":17816.071505705717,""p75"":17949.803295727947,""p90"":18104.463046077653,""p95"":18191.681431911446}",17830,-13.928494294283155,0.07811830787595712,1.5,true,0.0003409043068902662,0.001122964626614209,up,up,true,17535.026889048455,18104.463046077653,true,3.1972833072947697,569.4361570291985,0.031972833072947696,"{""up"":0.47655,""flat"":0.08075,""down"":0.4427}",0.4765037549999999,1,방향·크기 모두 맞음,true,"{""sourceUrl"":""https://fchart.stock.naver.com/sise.nhn?symbol=030000&timeframe=day&count=30&requestType=0"",""rawHash"":""eb3a15ccd8909bc7081702ff8d73ff9760bc1cb0ef95ba071c2a74f5f1146e5a"",""observedAt"":""2026-09-29T10:18:08.000Z"",""finalClose"":true}",5,2026-09-29T10:18:08Z,v1
score-d10879d1de548561,score,2026-09-29,2026-09-29T10:18:08Z,score-e61d8ca14408415e,실제 종가 정정(1380000 → 1382000),"{""forecastId"":""2026-09-28-atlas11-27e1f65cfc167be9"",""inputSnapshotSHA256"":""93de8e4423543121c9cc7357e35c2a913c60551336599499938736f72c9d2787"",""collectionRecordId"":""collection-3cd90698cf446caf""}",2026-09-28-atlas11-27e1f65cfc167be9,atlas11-A-1,live,,2026-09-28T13:29:56.398Z,2026-09-28,1400000,207940,삼성바이오로직스,bio,2026-09-29,1,true,"{""p05"":1357602.8558678068,""p10"":1368563.7863792372,""p25"":1384871.2844752804,""p50"":1399983.3959986803,""p75"":1414479.652132455,""p90"":1433814.1689408997,""p95"":1448325.1584901272}",1382000,17983.395998680266,1.301258755331423,1.5,true,-0.000011860000942665039,-0.0128571428571429,down,down,true,1368563.7863792372,1433814.1689408997,true,4.660741611547319,65250.38256166247,0.04660741611547319,"{""up"":0.46155,""flat"":0.0718,""down"":0.46665}",0.502645865,1,방향·크기 모두 맞음,true,"{""sourceUrl"":""https://fchart.stock.naver.com/sise.nhn?symbol=207940&timeframe=day&count=30&requestType=0"",""rawHash"":""2e7b559ee00e1e8e5626ada4ed6f99625b155c08efd3e9b85fd35e2927f42345"",""observedAt"":""2026-09-29T10:18:08.000Z"",""finalClose"":true}",3,2026-09-29T10:18:08Z,v1
score-12eaddb6d07ef7e7,score,2026-09-29,2026-09-29T10:18:08Z,score-ee4730f067e2a843,실제 종가 정정(583000 → 585000),"{""forecastId"":""2026-09-28-atlas11-27e1f65cfc167be9"",""inputSnapshotSHA256"":""93de8e4423543121c9cc7357e35c2a913c60551336599499938736f72c9d2787"",""collectionRecordId"":""collection-3cd90698cf446caf""}",2026-09-28-atlas11-27e1f65cfc167be9,atlas11-A-1,live,,2026-09-28T13:29:56.398Z,2026-09-28,578000,034730,SK,util,2026-09-29,1,true,"{""p05"":541444.4294046052,""p10"":550635.5661565217,""p25"":564535.1303113344,""p50"":576872.1475233042,""p75"":589655.7779364492,""p90"":604443.705473313,""p95"":617153.4516341505}",585000,-8127.852476695785,1.3893764917428693,1.5,true,-0.0019513018627954626,0.01211072664359869,down,up,false,550635.5661565217,604443.705473313,true,9.309366663804726,53808.13931679132,0.09309366663804726,"{""up"":0.4624,""flat"":0.0276,""down"":0.51}",0.5498755200000001,3,크기 허용·방향 틀림,true,"{""sourceUrl"":""https://fchart.stock.naver.com/sise.nhn?symbol=034730&timeframe=day&count=30&requestType=0"",""rawHash"":""3ddd8b28d5632a5fda56b977ca6369a1b68ee1fd663d09263d43019f6254ffc9"",""observedAt"":""2026-09-29T10:18:08.000Z"",""finalClose"":true}",4,2026-09-29T10:18:08Z,v1
score-961a5fc66b1a0e8e,score,2026-09-29,2026-09-29T10:18:08Z,score-691ee2e10dac4b31,실제 종가 정정(1070000 → 1070000),"{""forecastId"":""2026-09-28-atlas11-27e1f65cfc167be9"",""inputSnapshotSHA256"":""93de8e4423543121c9cc7357e35c2a913c60551336599499938736f72c9d2787"",""collectionRecordId"":""collection-3cd90698cf446caf""}",2026-09-28-atlas11-27e1f65cfc167be9,atlas11-A-1,live,,2026-09-28T13:29:56.398Z,2026-09-28,1102000,010130,고려아연,chem,2026-09-29,1,true,"{""p05"":1047066.6983239547,""p10"":1059658.2537400885,""p25"":1079123.4036174065,""p50"":1098971.5410571957,""p75"":1116873.1684080453,""p90"":1154342.2595145754,""p95"":1177400.5143642912}",1070000,28971.541057195747,2.7076206595510044,1.5,false,-0.002748147860983874,-0.029038112522686066,down,down,true,1059658.2537400885,1154342.2595145754,true,8.592015043056879,94684.00577448681,0.08592015043056879,"{""up"":0.40635,""flat"":0.05045,""down"":0.5432}",0.376331765,2,방향 맞고 크기 틀림,false,"{""sourceUrl"":""https://fchart.stock.naver.com/sise.nhn?symbol=010130&timeframe=day&count=30&requestType=0"",""rawHash"":""fc8f3414e62de4af6840c73233e9acd4b0c0fd908ec7e40ab90631a1f036df06"",""observedAt"":""2026-09-29T10:18:08.000Z"",""finalClose"":true}",3,2026-09-29T10:18:08Z,v1
score-ecabd19bfd436039,score,2026-09-29,2026-09-29T10:18:08Z,score-8a67a3c01ddff3fd,실제 종가 정정(132200 → 132300),"{""forecastId"":""2026-09-28-atlas11-27e1f65cfc167be9"",""inputSnapshotSHA256"":""93de8e4423543121c9cc7357e35c2a913c60551336599499938736f72c9d2787"",""collectionRecordId"":""collection-3cd90698cf446caf""}",2026-09-28-atlas11-27e1f65cfc167be9,atlas11-A-1,live,,2026-09-28T13:29:56.398Z,2026-09-28,133400,138040,메리츠금융지주,fin,2026-09-29,1,true,"{""p05"":128258.61922292049,""p10"":129551.53986593716,""p25"":131243.71664324414,""p50"":132768.04948520704,""p75"":134741.74697269898,""p90"":137216.58867525094,""p95"":139029.9283805387}",132300,468.04948520704056,0.3537789003832506,1.5,true,-0.0047372602308317635,-0.008245877061469287,down,down,true,129551.53986593716,137216.58867525094,true,5.745913650160257,7665.048809313783,0.05745913650160257,"{""up"":0.3737,""flat"":0.05435,""down"":0.57195}",0.32583241500000004,1,방향·크기 모두 맞음,false,"{""sourceUrl"":""https://fchart.stock.naver.com/sise.nhn?symbol=138040&timeframe=day&count=30&requestType=0"",""rawHash"":""d4da0652e094c14fef1b6c00ef5098b43b43382e32827e75f6dfad2fbe6b94bd"",""observedAt"":""2026-09-29T10:18:08.000Z"",""finalClose"":true}",4,2026-09-29T10:18:08Z,v1
score-531fbba193be766c,score,2026-09-29,2026-09-29T10:18:08Z,score-2bd39138ae6258ab,실제 종가 정정(20900 → 20900),"{""forecastId"":""2026-09-28-atlas11-27e1f65cfc167be9"",""inputSnapshotSHA256"":""93de8e4423543121c9cc7357e35c2a913c60551336599499938736f72c9d2787"",""collectionRecordId"":""collection-3cd90698cf446caf""}",2026-09-28-atlas11-27e1f65cfc167be9,atlas11-A-1,live,,2026-09-28T13:29:56.398Z,2026-09-28,21250,011200,HMM,auto,2026-09-29,1,true,"{""p05"":20563.006008668403,""p10"":20729.930885585552,""p25"":20995.706578038098,""p50"":21242.451327034338,""p75"":21489.31200885098,""p90"":21783.726474531657,""p95"":22054.92072785394}",20900,342.45132703433774,1.6385230958580754,1.5,false,-0.0003552316689723334,-0.016470588235294126,down,down,true,20729.930885585552,21783.726474531657,true,4.959038065628727,1053.7955889461045,0.04959038065628727,"{""up"":0.44675,""flat"":0.06675,""down"":0.4865}",0.46772337500000005,2,방향 맞고 크기 틀림,true,"{""sourceUrl"":""https://fchart.stock.naver.com/sise.nhn?symbol=011200&timeframe=day&count=30&requestType=0"",""rawHash"":""ba8f38a9b73b63c0e52ae40dd5d093fa4ba91f20fd6d0dc9c30195574295ee53"",""observedAt"":""2026-09-29T10:18:08.000Z"",""finalClose"":true}",6,2026-09-29T10:18:08Z,v1
score-9a750f9d32c9b1dd,score,2026-09-29,2026-09-29T10:18:08Z,score-fbf95124595f6284,실제 종가 정정(251000 → 251500),"{""forecastId"":""2026-09-28-atlas11-27e1f65cfc167be9"",""inputSnapshotSHA256"":""93de8e4423543121c9cc7357e35c2a913c60551336599499938736f72c9d2787"",""collectionRecordId"":""collection-3cd90698cf446caf""}",2026-09-28-atlas11-27e1f65cfc167be9,atlas11-A-1,live,,2026-09-28T13:29:56.398Z,2026-09-28,262500,051910,LG화학,chem,2026-09-29,1,true,"{""p05"":248269.96541713693,""p10"":251772.083769255,""p25"":257461.18852877346,""p50"":261995.6613746196,""p75"":266704.2906650907,""p90"":274073.92039877444,""p95"":278522.55927568476}",251500,10495.661374619609,4.173225198655908,1.5,false,-0.0019212900014491385,-0.04190476190476189,down,down,true,251772.083769255,274073.92039877444,false,8.495937763626454,25022.67432206942,0.0953244736078835,"{""up"":0.4769,""flat"":0.013,""down"":0.5101}",0.46760462,2,방향 맞고 크기 틀림,true,"{""sourceUrl"":""https://fchart.stock.naver.com/sise.nhn?symbol=051910&timeframe=day&count=30&requestType=0"",""rawHash"":""d1c55f6f9681805517c9b15419958cc9efce14c96ac10d760d4a69a906b79b38"",""observedAt"":""2026-09-29T10:18:08.000Z"",""finalClose"":true}",2,2026-09-29T10:18:08Z,v1
score-da90e59e863fe9a2,score,2026-09-29,2026-09-29T10:18:08Z,score-b2a0733d5206d95e,실제 종가 정정(216500 → 217000),"{""forecastId"":""2026-09-28-atlas11-27e1f65cfc167be9"",""inputSnapshotSHA256"":""93de8e4423543121c9cc7357e35c2a913c60551336599499938736f72c9d2787"",""collectionRecordId"":""collection-3cd90698cf446caf""}",2026-09-28-atlas11-27e1f65cfc167be9,atlas11-A-1,live,,2026-09-28T13:29:56.398Z,2026-09-28,219000,018260,삼성에스디에스,semi,2026-09-29,1,true,"{""p05"":209589.20314202982,""p10"":212717.79306516878,""p25"":215840.48715900874,""p50"":218784.110204126,""p75"":221786.81137375024,""p90"":224874.2373290256,""p95"":227139.543749287}",217000,1784.1102041259874,0.8221706009797177,1.5,true,-0.0009857981546758099,-0.0091324200913242,down,down,true,212717.79306516878,224874.2373290256,true,5.550887791715446,12156.444263856829,0.05550887791715447,"{""up"":0.4526,""flat"":0.0651,""down"":0.4823}",0.47709806000000005,1,방향·크기 모두 맞음,true,"{""sourceUrl"":""https://fchart.stock.naver.com/sise.nhn?symbol=018260&timeframe=day&count=30&requestType=0"",""rawHash"":""ff4394951b730bee0951b9f5041aee4882e9ab358d521a7cfa2a6f8d7c0711d1"",""observedAt"":""2026-09-29T10:18:08.000Z"",""finalClose"":true}",4,2026-09-29T10:18:08Z,v1
score-41e06f0112195456,score,2026-09-29,2026-09-29T10:18:08Z,score-7f4dd69e28575065,실제 종가 정정(197000 → 197200),"{""forecastId"":""2026-09-28-atlas11-27e1f65cfc167be9"",""inputSnapshotSHA256"":""93de8e4423543121c9cc7357e35c2a913c60551336599499938736f72c9d2787"",""collectionRecordId"":""collection-3cd90698cf446caf""}",2026-09-28-atlas11-27e1f65cfc167be9,atlas11-A-1,live,,2026-09-28T13:29:56.398Z,2026-09-28,199100,086280,현대글로비스,auto,2026-09-29,1,true,"{""p05"":192046.71475057933,""p10"":193433.28150163442,""p25"":196229.31832782406,""p50"":198777.1416887925,""p75"":201608.9735930641,""p90"":205324.02929931454,""p95"":208086.46014594656}",197200,1577.1416887925006,0.7997675906655682,1.5,true,-0.0016215887052108968,-0.009542943244600699,down,down,true,193433.28150163442,205324.02929931454,true,5.972249019427482,11890.747797680116,0.05972249019427482,"{""up"":0.4491,""flat"":0.0395,""down"":0.5114}",0.44198102000000006,1,방향·크기 모두 맞음,false,"{""sourceUrl"":""https://fchart.stock.naver.com/sise.nhn?symbol=086280&timeframe=day&count=30&requestType=0"",""rawHash"":""ed23917e990e563937b7f7701665fb822c28cd7791ee5e161103129a05fcc412"",""observedAt"":""2026-09-29T10:18:08.000Z"",""finalClose"":true}",3,2026-09-29T10:18:08Z,v1
score-bfdc3db6f29fbf44,score,2026-09-29,2026-09-29T10:18:08Z,score-1a88f6eb11d29198,실제 종가 정정(361500 → 361500),"{""forecastId"":""2026-09-28-atlas11-27e1f65cfc167be9"",""inputSnapshotSHA256"":""93de8e4423543121c9cc7357e35c2a913c60551336599499938736f72c9d2787"",""collectionRecordId"":""collection-3cd90698cf446caf""}",2026-09-28-atlas11-27e1f65cfc167be9,atlas11-A-1,live,,2026-09-28T13:29:56.398Z,2026-09-28,368500,278470,에이피알,cons,2026-09-29,1,true,"{""p05"":346334.485688635,""p10"":351852.708293176,""p25"":359333.1884225959,""p50"":368361.5128795771,""p75"":376464.322849605,""p90"":387705.2117008389,""p95"":391944.501496126}",361500,6861.512879577116,1.8980671866050114,1.5,false,-0.00037581308120182566,-0.018995929443690662,down,down,true,351852.708293176,387705.2117008389,true,9.72930893016631,35852.50340766285,0.0972930893016631,"{""up"":0.47585,""flat"":0.02985,""down"":0.4943}",0.483056735,2,방향 맞고 크기 틀림,true,"{""sourceUrl"":""https://fchart.stock.naver.com/sise.nhn?symbol=278470&timeframe=day&count=30&requestType=0"",""rawHash"":""14d18e742bc501dd78b6d095004a47f9b97d2545a168ae3d29fe054a286a23e7"",""observedAt"":""2026-09-29T10:18:08.000Z"",""finalClose"":true}",5,2026-09-29T10:18:08Z,v1
score-61f9f3623d8847f1,score,2026-09-29,2026-09-29T10:18:08Z,score-1e92773dc66eb3c2,실제 종가 정정(52700 → 52600),"{""forecastId"":""2026-09-28-atlas11-27e1f65cfc167be9"",""inputSnapshotSHA256"":""93de8e4423543121c9cc7357e35c2a913c60551336599499938736f72c9d2787"",""collectionRecordId"":""collection-3cd90698cf446caf""}",2026-09-28-atlas11-27e1f65cfc167be9,atlas11-A-1,live,,2026-09-28T13:29:56.398Z,2026-09-28,52900,030200,KT,net,2026-09-29,1,true,"{""p05"":51774.6861769322,""p10"":52072.27304558202,""p25"":52456.53257664795,""p50"":52910.11231608776,""p75"":53337.47220230064,""p90"":53764.704239533836,""p95"":54183.586368306904}",52600,310.1123160877614,0.5895671408512574,1.5,true,0.00019115909428668587,-0.005671077504725952,up,down,false,52072.27304558202,53764.704239533836,true,3.1993028241055113,1692.4311939518157,0.03199302824105511,"{""up"":0.4654,""flat"":0.07895,""down"":0.45565}",0.519147185,3,크기 허용·방향 틀림,true,"{""sourceUrl"":""https://fchart.stock.naver.com/sise.nhn?symbol=030200&timeframe=day&count=30&requestType=0"",""rawHash"":""82a34787bc71f3e4aa1bd92d9f89d3ce04a4906f30cb987c92b4e18ec9dac46a"",""observedAt"":""2026-09-29T10:18:08.000Z"",""finalClose"":true}",5,2026-09-29T10:18:08Z,v1
score-5ac9d539d5a7e976,score,2026-09-29,2026-09-29T10:18:08Z,score-00681ad5fe9b6d65,실제 종가 정정(100600 → 100700),"{""forecastId"":""2026-09-28-atlas11-27e1f65cfc167be9"",""inputSnapshotSHA256"":""93de8e4423543121c9cc7357e35c2a913c60551336599499938736f72c9d2787"",""collectionRecordId"":""collection-3cd90698cf446caf""}",2026-09-28-atlas11-27e1f65cfc167be9,atlas11-A-1,live,,2026-09-28T13:29:56.398Z,2026-09-28,101600,021240,코웨이,cons,2026-09-29,1,true,"{""p05"":98057.38700655336,""p10"":98912.01494195993,""p25"":100246.22802660981,""p50"":101497.27424549125,""p75"":102906.01042755581,""p90"":104789.09740984246,""p95"":106824.26592820317}",100700,797.2742454912513,0.7917321206467243,1.5,true,-0.0010110802609129,-0.008858267716535417,down,down,true,98912.01494195993,104789.09740984246,true,5.7845299880733565,5877.08246788253,0.057845299880733565,"{""up"":0.45555,""flat"":0.04335,""down"":0.5011}",0.458306235,1,방향·크기 모두 맞음,true,"{""sourceUrl"":""https://fchart.stock.naver.com/sise.nhn?symbol=021240&timeframe=day&count=30&requestType=0"",""rawHash"":""13060d29dc3a18d3898451d368d7bcf16fed2fe645310261d3e8ac710277b3ad"",""observedAt"":""2026-09-29T10:18:08.000Z"",""finalClose"":true}",4,2026-09-29T10:18:08Z,v1
score-fb683f9618227ed1,score,2026-09-29,2026-09-29T10:18:08Z,score-23e9e7ce61bcd76d,실제 종가 정정(42450 → 42500),"{""forecastId"":""2026-09-28-atlas11-27e1f65cfc167be9"",""inputSnapshotSHA256"":""93de8e4423543121c9cc7357e35c2a913c60551336599499938736f72c9d2787"",""collectionRecordId"":""collection-3cd90698cf446caf""}",2026-09-28-atlas11-27e1f65cfc167be9,atlas11-A-1,live,,2026-09-28T13:29:56.398Z,2026-09-28,43350,029780,삼성카드,fin,2026-09-29,1,true,"{""p05"":42263.106449834835,""p10"":42629.39273636437,""p25"":43002.812083453915,""p50"":43334.95655312725,""p75"":43716.80435104584,""p90"":44106.7399069947,""p95"":44327.21497812337}",42500,834.9565531272528,1.9646036544170655,1.5,false,-0.0003470229959111615,-0.019607843137254943,up,down,false,42629.39273636437,44106.7399069947,false,3.4079519507043408,2771.274534274002,0.06392790159801619,"{""up"":0.4676,""flat"":0.0649,""down"":0.4675}",0.5064180199999999,4,방향·크기 모두 틀림,true,"{""sourceUrl"":""https://fchart.stock.naver.com/sise.nhn?symbol=029780&timeframe=day&count=30&requestType=0"",""rawHash"":""6177cb140ade0e5b8228464cba139f5666a0e6ef0cfb18a9c97e2887b1bf43b0"",""observedAt"":""2026-09-29T10:18:08.000Z"",""finalClose"":true}",5,2026-09-29T10:18:08Z,v1
score-eaeefbd7fe197db6,score,2026-09-29,2026-09-29T10:18:08Z,score-ecb969556eaab9e3,실제 종가 정정(70400 → 70700),"{""forecastId"":""2026-09-28-atlas11-27e1f65cfc167be9"",""inputSnapshotSHA256"":""93de8e4423543121c9cc7357e35c2a913c60551336599499938736f72c9d2787"",""collectionRecordId"":""collection-3cd90698cf446caf""}",2026-09-28-atlas11-27e1f65cfc167be9,atlas11-A-1,live,,2026-09-28T13:29:56.398Z,2026-09-28,71400,111770,영원무역,cons,2026-09-29,1,true,"{""p05"":68842.66994813422,""p10"":69525.65055750564,""p25"":70476.31557287904,""p50"":71351.78551452573,""p75"":72238.18154303075,""p90"":73292.22388245884,""p95"":73873.29414420051}",70700,651.7855145257345,0.9219031322853387,1.5,true,-0.000675272905802049,-0.009803921568627416,down,down,true,69525.65055750564,73292.22388245884,true,5.275312780046507,3766.573324953206,0.052753127800465066,"{""up"":0.46705,""flat"":0.04505,""down"":0.4879}",0.482411615,1,방향·크기 모두 맞음,true,"{""sourceUrl"":""https://fchart.stock.naver.com/sise.nhn?symbol=111770&timeframe=day&count=30&requestType=0"",""rawHash"":""7f7b603d3e6bc498542d3697aa09aaf63483ed16666e0ec9700399fa23e5a6c2"",""observedAt"":""2026-09-29T10:18:08.000Z"",""finalClose"":true}",5,2026-09-29T10:18:08Z,v1
score-00f1cfaeecb212a6,score,2026-09-29,2026-09-29T10:18:08Z,score-88604c1576117a1e,실제 종가 정정(14360 → 14370),"{""forecastId"":""2026-09-28-atlas11-27e1f65cfc167be9"",""inputSnapshotSHA256"":""93de8e4423543121c9cc7357e35c2a913c60551336599499938736f72c9d2787"",""collectionRecordId"":""collection-3cd90698cf446caf""}",2026-09-28-atlas11-27e1f65cfc167be9,atlas11-A-1,live,,2026-09-28T13:29:56.398Z,2026-09-28,14450,035250,강원랜드,cons,2026-09-29,1,true,"{""p05"":14183.803323297225,""p10"":14264.909549354876,""p25"":14354.522617006493,""p50"":14454.352468732806,""p75"":14551.437953332595,""p90"":14660.526899943452,""p95"":14728.701759173704}",14370,84.3524687328063,0.5870039577787495,1.5,true,0.00030120890884477447,-0.00553633217993077,up,down,false,14264.909549354876,14660.526899943452,true,2.7378363362531233,395.6173505885763,0.027378363362531234,"{""up"":0.47815,""flat"":0.0612,""down"":0.46065}",0.523271285,3,크기 허용·방향 틀림,true,"{""sourceUrl"":""https://fchart.stock.naver.com/sise.nhn?symbol=035250&timeframe=day&count=30&requestType=0"",""rawHash"":""e7f5b7fcac06407cc2d29888a4bacc82a04b6ed8968d03624b0a615b8bc6e718"",""observedAt"":""2026-09-29T10:18:08.000Z"",""finalClose"":true}",4,2026-09-29T10:18:08Z,v1
score-168f48e192f4fb3c,score,2026-09-29,2026-09-29T10:18:08Z,score-adb19f790d9303cc,실제 종가 정정(102800 → 102800),"{""forecastId"":""2026-09-28-atlas11-27e1f65cfc167be9"",""inputSnapshotSHA256"":""93de8e4423543121c9cc7357e35c2a913c60551336599499938736f72c9d2787"",""collectionRecordId"":""collection-3cd90698cf446caf""}",2026-09-28-atlas11-27e1f65cfc167be9,atlas11-A-1,live,,2026-09-28T13:29:56.398Z,2026-09-28,104400,226950,올릭스,bio,2026-09-29,1,true,"{""p05"":95626.62310019063,""p10"":97417.34770945285,""p25"":100457.99386365403,""p50"":104025.6350178021,""p75"":108125.61929763864,""p90"":112160.92376486068,""p95"":116432.58600437987}",102800,1225.6350178020948,1.1922519628425048,1.5,true,-0.003585871476991409,-0.01532567049808431,down,down,true,97417.34770945285,112160.92376486068,true,14.122199286789108,14743.57605540783,0.14122199286789108,"{""up"":0.4547,""flat"":0.01025,""down"":0.53505}",0.42303565499999995,1,방향·크기 모두 맞음,false,"{""sourceUrl"":""https://fchart.stock.naver.com/sise.nhn?symbol=226950&timeframe=day&count=30&requestType=0"",""rawHash"":""14766c8167a676b2d0fb068e84009ad5348653723a8e0ae2fe0bb07bf618145f"",""observedAt"":""2026-09-29T10:18:08.000Z"",""finalClose"":true}",5,2026-09-29T10:18:08Z,v1
score-2ae756f0c97c6e79,score,2026-09-29,2026-09-29T10:18:08Z,score-57a6342ccdc10976,실제 종가 정정(17820 → 17830),"{""forecastId"":""2026-09-28-atlas11-27e1f65cfc167be9"",""inputSnapshotSHA256"":""93de8e4423543121c9cc7357e35c2a913c60551336599499938736f72c9d2787"",""collectionRecordId"":""collection-3cd90698cf446caf""}",2026-09-28-atlas11-27e1f65cfc167be9,atlas11-A-1,live,,2026-09-28T13:29:56.398Z,2026-09-28,17810,030000,제일기획,net,2026-09-29,1,true,"{""p05"":17433.565653654616,""p10"":17535.026889048455,""p25"":17681.85994267285,""p50"":17816.071505705717,""p75"":17949.803295727947,""p90"":18104.463046077653,""p95"":18191.681431911446}",17830,-13.928494294283155,0.07811830787595712,1.5,true,0.0003409043068902662,0.001122964626614209,up,up,true,17535.026889048455,18104.463046077653,true,3.1972833072947697,569.4361570291985,0.031972833072947696,"{""up"":0.47655,""flat"":0.08075,""down"":0.4427}",0.4765037549999999,1,방향·크기 모두 맞음,true,"{""sourceUrl"":""https://fchart.stock.naver.com/sise.nhn?symbol=030000&timeframe=day&count=30&requestType=0"",""rawHash"":""eb3a15ccd8909bc7081702ff8d73ff9760bc1cb0ef95ba071c2a74f5f1146e5a"",""observedAt"":""2026-09-29T10:18:08.000Z"",""finalClose"":true}",5,2026-09-29T10:18:08Z,v1
score-f18cc785f668b0b7,score,2026-09-29,2026-09-29T10:29:50Z,score-42b8ab29c8f7149d,실제 종가 정정(585000 → 584000),"{""forecastId"":""2026-09-23-rolling20-c2697de31ff6788c"",""inputSnapshotSHA256"":""de24b81acc078fa860e8f7b313a119754a893c84f09f509a71109b30bb5057b7"",""collectionRecordId"":""collection-c641cae6d9fe0e3e""}",2026-09-23-rolling20-c2697de31ff6788c,atlas-rolling20-A,reference,,2026-09-28T07:59:39.699Z,2026-09-23,607000,034730,SK,util,2026-09-29,2,true,"{""p05"":null,""p10"":568047.7592169219,""p25"":null,""p50"":606020.9013067244,""p75"":null,""p90"":648997.622211331,""p95"":null}",584000,22020.90130672441,3.7707022785487,2,false,-0.0016130126742596174,-0.03789126853377267,down,down,true,568047.7592169219,648997.622211331,true,13.336056506492449,80949.86299440917,0.1333605650649245,"{""up"":0.47695,""flat"":0.0175,""down"":0.50555}",0.472268355,2,방향 맞고 크기 틀림,,"{""sourceUrl"":""https://fchart.stock.naver.com/sise.nhn?symbol=034730&timeframe=day&count=30&requestType=0"",""rawHash"":""ada98e5b815c0060dd95ce877b0a6ae1bded74c529e51dbb9582bf28ef2aa7c5"",""observedAt"":""2026-09-29T10:29:50.000Z"",""finalClose"":true}",5,2026-09-29T10:29:50Z,v1
score-c59eee898f860032,score,2026-09-29,2026-09-29T10:29:50Z,score-e8921ef96cfd8cae,실제 종가 정정(651000 → 651000),"{""forecastId"":""2026-09-23-rolling20-c2697de31ff6788c"",""inputSnapshotSHA256"":""de24b81acc078fa860e8f7b313a119754a893c84f09f509a71109b30bb5057b7"",""collectionRecordId"":""collection-c641cae6d9fe0e3e""}",2026-09-23-rolling20-c2697de31ff6788c,atlas-rolling20-A,reference,,2026-09-28T07:59:39.699Z,2026-09-23,648000,000810,삼성화재,fin,2026-09-29,2,true,"{""p05"":null,""p10"":622917.9787108448,""p25"":null,""p50"":646077.3010494856,""p75"":null,""p90"":675440.3313850642,""p95"":null}",651000,-4922.69895051443,0.7561749539960723,2,true,-0.002967128010053166,0.004629629629629539,down,up,false,622917.9787108448,675440.3313850642,true,8.105301338614106,52522.35267421941,0.08105301338614106,"{""up"":0.44365,""flat"":0.0285,""down"":0.52785}",0.588963195,3,크기 허용·방향 틀림,,"{""sourceUrl"":""https://fchart.stock.naver.com/sise.nhn?symbol=000810&timeframe=day&count=30&requestType=0"",""rawHash"":""a3b20a654400b7c8a4661ab32b43664856fc10efbcb50e159d45174816c50550"",""observedAt"":""2026-09-29T10:29:50.000Z"",""finalClose"":true}",5,2026-09-29T10:29:50Z,v1
score-6af2b398d077e807,score,2026-09-29,2026-09-29T10:29:50Z,score-63d55b75b3924195,실제 종가 정정(132300 → 132200),"{""forecastId"":""2026-09-23-rolling20-c2697de31ff6788c"",""inputSnapshotSHA256"":""de24b81acc078fa860e8f7b313a119754a893c84f09f509a71109b30bb5057b7"",""collectionRecordId"":""collection-c641cae6d9fe0e3e""}",2026-09-23-rolling20-c2697de31ff6788c,atlas-rolling20-A,reference,,2026-09-28T07:59:39.699Z,2026-09-23,125500,138040,메리츠금융지주,fin,2026-09-29,2,true,"{""p05"":null,""p10"":121540.38249140065,""p25"":null,""p50"":125410.5069671091,""p75"":null,""p90"":130463.9115304543,""p95"":null}",132200,-6789.493032890896,5.135773852413688,2,false,-0.0007130918955450261,0.05338645418326693,down,up,false,121540.38249140065,130463.9115304543,false,7.11038170442521,26284.4137345107,0.20943755963753546,"{""up"":0.47405,""flat"":0.03125,""down"":0.4947}",0.5223280549999999,4,방향·크기 모두 틀림,,"{""sourceUrl"":""https://fchart.stock.naver.com/sise.nhn?symbol=138040&timeframe=day&count=30&requestType=0"",""rawHash"":""8f8b038c03ac2f24659e7d922caf6dda4e4119db1dd99047dac150ad6b6af1f5"",""observedAt"":""2026-09-29T10:29:50.000Z"",""finalClose"":true}",5,2026-09-29T10:29:50Z,v1
score-c3754490fbc4406a,score,2026-09-29,2026-09-29T10:29:50Z,score-875283a274aa8eba,실제 종가 정정(86100 → 86000),"{""forecastId"":""2026-09-23-rolling20-c2697de31ff6788c"",""inputSnapshotSHA256"":""de24b81acc078fa860e8f7b313a119754a893c84f09f509a71109b30bb5057b7"",""collectionRecordId"":""collection-c641cae6d9fe0e3e""}",2026-09-23-rolling20-c2697de31ff6788c,atlas-rolling20-A,reference,,2026-09-28T07:59:39.699Z,2026-09-23,87000,017670,SK텔레콤,net,2026-09-29,2,true,"{""p05"":null,""p10"":84720.01432127236,""p25"":null,""p50"":86902.44090922462,""p75"":null,""p90"":89510.0068569282,""p95"":null}",86000,902.4409092246206,1.0493498944472333,2,true,-0.001121368859487104,-0.011494252873563204,down,down,true,84720.01432127236,89510.0068569282,true,5.505738546730848,4789.992535655838,0.055057385467308484,"{""up"":0.4592,""flat"":0.0385,""down"":0.5023}",0.46005218000000003,1,방향·크기 모두 맞음,,"{""sourceUrl"":""https://fchart.stock.naver.com/sise.nhn?symbol=017670&timeframe=day&count=30&requestType=0"",""rawHash"":""802fcf98272189560266ec41f8b7ed5f78b80578ae2273fd2ebc25f70b9b6cee"",""observedAt"":""2026-09-29T10:29:50.000Z"",""finalClose"":true}",2,2026-09-29T10:29:50Z,v1
score-3358dba929b0379e,score,2026-09-29,2026-09-29T10:29:50Z,score-219693c32e4e108b,실제 종가 정정(176100 → 176100),"{""forecastId"":""2026-09-23-rolling20-c2697de31ff6788c"",""inputSnapshotSHA256"":""de24b81acc078fa860e8f7b313a119754a893c84f09f509a71109b30bb5057b7"",""collectionRecordId"":""collection-c641cae6d9fe0e3e""}",2026-09-23-rolling20-c2697de31ff6788c,atlas-rolling20-A,reference,,2026-09-28T07:59:39.699Z,2026-09-23,174500,033780,KT&G,cons,2026-09-29,2,true,"{""p05"":null,""p10"":170418.8081260464,""p25"":null,""p50"":174673.6995589902,""p75"":null,""p90"":179623.70702645587,""p95"":null}",176100,-1426.3004410098074,0.8099377859226619,2,true,0.0009954129455025384,0.009169054441260815,up,up,true,170418.8081260464,179623.70702645587,true,5.27501369650972,9204.898900409462,0.0527501369650972,"{""up"":0.4999,""flat"":0.04705,""down"":0.45305}",0.457568015,1,방향·크기 모두 맞음,,"{""sourceUrl"":""https://fchart.stock.naver.com/sise.nhn?symbol=033780&timeframe=day&count=30&requestType=0"",""rawHash"":""a0f723b36411bda3c6efd24995e9f106e3672d698218fe7e648eb161d23a7613"",""observedAt"":""2026-09-29T10:29:50.000Z"",""finalClose"":true}",4,2026-09-29T10:29:50Z,v1
score-e4c5e61e4354789a,score,2026-09-29,2026-09-29T10:29:50Z,score-0ee99c16d879973d,실제 종가 정정(52600 → 52600),"{""forecastId"":""2026-09-23-rolling20-c2697de31ff6788c"",""inputSnapshotSHA256"":""de24b81acc078fa860e8f7b313a119754a893c84f09f509a71109b30bb5057b7"",""collectionRecordId"":""collection-c641cae6d9fe0e3e""}",2026-09-23-rolling20-c2697de31ff6788c,atlas-rolling20-A,reference,,2026-09-28T07:59:39.699Z,2026-09-23,52900,030200,KT,net,2026-09-29,2,true,"{""p05"":null,""p10"":51674.945107104264,""p25"":null,""p50"":52891.42822425768,""p75"":null,""p90"":54200.35650679866,""p95"":null}",52600,291.428224257681,0.5540460537218269,2,true,-0.00016203734862607622,-0.005671077504725952,down,down,true,51674.945107104264,54200.35650679866,true,4.7739345929950705,2525.4113996943925,0.04773934592995071,"{""up"":0.47405,""flat"":0.0445,""down"":0.48145}",0.4955977550000001,1,방향·크기 모두 맞음,,"{""sourceUrl"":""https://fchart.stock.naver.com/sise.nhn?symbol=030200&timeframe=day&count=30&requestType=0"",""rawHash"":""e8574855498faf4b253178336564fb905338131be4923a708adf3c8c176d8e78"",""observedAt"":""2026-09-29T10:29:50.000Z"",""finalClose"":true}",6,2026-09-29T10:29:50Z,v1
score-7f6e6e8cc707fd3b,score,2026-09-29,2026-09-29T10:29:50Z,score-e40da1821038c3f3,실제 종가 정정(1223000 → 1223000),"{""forecastId"":""2026-09-23-rolling20-c2697de31ff6788c"",""inputSnapshotSHA256"":""de24b81acc078fa860e8f7b313a119754a893c84f09f509a71109b30bb5057b7"",""collectionRecordId"":""collection-c641cae6d9fe0e3e""}",2026-09-23-rolling20-c2697de31ff6788c,atlas-rolling20-A,reference,,2026-09-28T07:59:39.699Z,2026-09-23,1218000,003230,삼양식품,cons,2026-09-29,2,true,"{""p05"":null,""p10"":1157058.317917901,""p25"":null,""p50"":1212027.6845072347,""p75"":null,""p90"":1288411.3641076083,""p95"":null}",1223000,-10972.31549276528,0.897163981419892,2,true,-0.0049033788938959155,0.004105090311986803,down,up,false,1157058.317917901,1288411.3641076083,true,10.784322347266604,131353.04618970724,0.10784322347266605,"{""up"":0.4417,""flat"":0.01855,""down"":0.53975}",0.6033730549999999,3,크기 허용·방향 틀림,,"{""sourceUrl"":""https://fchart.stock.naver.com/sise.nhn?symbol=003230&timeframe=day&count=30&requestType=0"",""rawHash"":""a5bc24a109475f49ce5e168ac7525d2d53b83b49458d4b972601fe528ac44c8f"",""observedAt"":""2026-09-29T10:29:50.000Z"",""finalClose"":true}",6,2026-09-29T10:29:50Z,v1
score-a712d79d23efd9cb,score,2026-09-29,2026-09-29T10:29:50Z,score-0428bb60e59684be,실제 종가 정정(197700 → 197900),"{""forecastId"":""2026-09-23-rolling20-c2697de31ff6788c"",""inputSnapshotSHA256"":""de24b81acc078fa860e8f7b313a119754a893c84f09f509a71109b30bb5057b7"",""collectionRecordId"":""collection-c641cae6d9fe0e3e""}",2026-09-23-rolling20-c2697de31ff6788c,atlas-rolling20-A,reference,,2026-09-28T07:59:39.699Z,2026-09-23,198500,259960,크래프톤,net,2026-09-29,2,true,"{""p05"":null,""p10"":191667.05694482097,""p25"":null,""p50"":198653.56381707353,""p75"":null,""p90"":205676.12550108632,""p95"":null}",197900,753.5638170735328,0.3807800995823814,2,true,0.0007736212447029267,-0.003022670025188967,up,down,false,191667.05694482097,205676.12550108632,true,7.057465267639976,14009.068556265353,0.07057465267639976,"{""up"":0.4963,""flat"":0.0323,""down"":0.4714}",0.52677494,3,크기 허용·방향 틀림,,"{""sourceUrl"":""https://fchart.stock.naver.com/sise.nhn?symbol=259960&timeframe=day&count=30&requestType=0"",""rawHash"":""d50cdf9be30ce4878bddcd214340adf9c56fe6f0562e4b44013e1fa0df7fcbcd"",""observedAt"":""2026-09-29T10:29:50.000Z"",""finalClose"":true}",4,2026-09-29T10:29:50Z,v1
score-4d37ae2b294c9c43,score,2026-09-29,2026-09-29T10:29:50Z,score-622b7660bbda50a6,실제 종가 정정(158900 → 158900),"{""forecastId"":""2026-09-23-rolling20-c2697de31ff6788c"",""inputSnapshotSHA256"":""de24b81acc078fa860e8f7b313a119754a893c84f09f509a71109b30bb5057b7"",""collectionRecordId"":""collection-c641cae6d9fe0e3e""}",2026-09-23-rolling20-c2697de31ff6788c,atlas-rolling20-A,reference,,2026-09-28T07:59:39.699Z,2026-09-23,157700,352820,하이브,net,2026-09-29,2,true,"{""p05"":null,""p10"":151282.67347447196,""p25"":null,""p50"":157599.9922632696,""p75"":null,""p90"":164820.81598853023,""p95"":null}",158900,-1300.0077367303893,0.8181294756012518,2,true,-0.0006341644688040438,0.007609384908053185,down,up,false,151282.67347447196,164820.81598853023,true,8.584744777462443,13538.142514058272,0.08584744777462443,"{""up"":0.4798,""flat"":0.02395,""down"":0.49625}",0.517445705,3,크기 허용·방향 틀림,,"{""sourceUrl"":""https://fchart.stock.naver.com/sise.nhn?symbol=352820&timeframe=day&count=30&requestType=0"",""rawHash"":""1455cfa8530faedfbafbdb49a120ee05b15b654ba15f76ab1942cc10415d650d"",""observedAt"":""2026-09-29T10:29:50.000Z"",""finalClose"":true}",3,2026-09-29T10:29:50Z,v1
score-24f55af12d5ebe61,score,2026-09-29,2026-09-29T10:29:50Z,score-4a334da40b19fc05,실제 종가 정정(471500 → 471000),"{""forecastId"":""2026-09-23-rolling20-c2697de31ff6788c"",""inputSnapshotSHA256"":""de24b81acc078fa860e8f7b313a119754a893c84f09f509a71109b30bb5057b7"",""collectionRecordId"":""collection-c641cae6d9fe0e3e""}",2026-09-23-rolling20-c2697de31ff6788c,atlas-rolling20-A,reference,,2026-09-28T07:59:39.699Z,2026-09-23,476500,002380,KCC,chem,2026-09-29,2,true,"{""p05"":null,""p10"":456124.49742667715,""p25"":null,""p50"":476079.24468563765,""p75"":null,""p90"":498257.53518623946,""p95"":null}",471000,5079.244685637648,1.078395899286125,2,true,-0.0008830122022295273,-0.011542497376705096,down,down,true,456124.49742667715,498257.53518623946,true,8.842190505679394,42133.037759562314,0.08842190505679394,"{""up"":0.4753,""flat"":0.0262,""down"":0.4985}",0.47809878000000006,1,방향·크기 모두 맞음,,"{""sourceUrl"":""https://fchart.stock.naver.com/sise.nhn?symbol=002380&timeframe=day&count=30&requestType=0"",""rawHash"":""b15aa37f3ba38eddf6b17c4f3f694fb65d940a64553c172d1d3848c0d89dc23f"",""observedAt"":""2026-09-29T10:29:50.000Z"",""finalClose"":true}",4,2026-09-29T10:29:50Z,v1
score-80905d0869fb6706,score,2026-09-29,2026-09-29T10:29:50Z,score-fd6bfdc51073f84f,실제 종가 정정(338000 → 338500),"{""forecastId"":""2026-09-23-rolling20-c2697de31ff6788c"",""inputSnapshotSHA256"":""de24b81acc078fa860e8f7b313a119754a893c84f09f509a71109b30bb5057b7"",""collectionRecordId"":""collection-c641cae6d9fe0e3e""}",2026-09-23-rolling20-c2697de31ff6788c,atlas-rolling20-A,reference,,2026-09-28T07:59:39.699Z,2026-09-23,349000,004170,신세계,cons,2026-09-29,2,true,"{""p05"":null,""p10"":330415.3093289893,""p25"":null,""p50"":348997.9143468069,""p75"":null,""p90"":371146.77736626094,""p95"":null}",338500,10497.91434680688,3.1013040906371874,2,false,-0.0000059760836479405555,-0.03008595988538687,up,down,false,330415.3093289893,371146.77736626094,true,11.670907747069238,40731.46803727164,0.11670907747069238,"{""up"":0.49055,""flat"":0.01945,""down"":0.49}",0.501117605,4,방향·크기 모두 틀림,,"{""sourceUrl"":""https://fchart.stock.naver.com/sise.nhn?symbol=004170&timeframe=day&count=30&requestType=0"",""rawHash"":""da6d5db57f807cd0ba7cab34779ddd3ad4405afbe85bb0523dba867696dd38df"",""observedAt"":""2026-09-29T10:29:50.000Z"",""finalClose"":true}",6,2026-09-29T10:29:50Z,v1
score-118d7a1d4c2e4cab,score,2026-09-29,2026-09-29T10:29:50Z,score-7a6cab00c3b2965f,실제 종가 정정(82700 → 82800),"{""forecastId"":""2026-09-23-rolling20-c2697de31ff6788c"",""inputSnapshotSHA256"":""de24b81acc078fa860e8f7b313a119754a893c84f09f509a71109b30bb5057b7"",""collectionRecordId"":""collection-c641cae6d9fe0e3e""}",2026-09-23-rolling20-c2697de31ff6788c,atlas-rolling20-A,reference,,2026-09-28T07:59:39.699Z,2026-09-23,82400,012750,에스원,util,2026-09-29,2,true,"{""p05"":null,""p10"":79447.23743358206,""p25"":null,""p50"":82430.94018453558,""p75"":null,""p90"":85457.09073510446,""p95"":null}",82800,-369.0598154644249,0.44572441481210734,2,true,0.00037548767640260827,0.004854368932038833,up,up,true,79447.23743358206,85457.09073510446,true,7.293511288255333,6009.853301522395,0.07293511288255333,"{""up"":0.4916,""flat"":0.0312,""down"":0.4772}",0.48716383999999996,1,방향·크기 모두 맞음,,"{""sourceUrl"":""https://fchart.stock.naver.com/sise.nhn?symbol=012750&timeframe=day&count=30&requestType=0"",""rawHash"":""1683712c38f083406259284d1f896c9205aa5f2e66bb0f345d3df98710821843"",""observedAt"":""2026-09-29T10:29:50.000Z"",""finalClose"":true}",5,2026-09-29T10:29:50Z,v1
score-0af01610e6a3f918,score,2026-09-29,2026-09-29T10:29:50Z,score-63f77628a34cd6ca,실제 종가 정정(70700 → 70600),"{""forecastId"":""2026-09-23-rolling20-c2697de31ff6788c"",""inputSnapshotSHA256"":""de24b81acc078fa860e8f7b313a119754a893c84f09f509a71109b30bb5057b7"",""collectionRecordId"":""collection-c641cae6d9fe0e3e""}",2026-09-23-rolling20-c2697de31ff6788c,atlas-rolling20-A,reference,,2026-09-28T07:59:39.699Z,2026-09-23,69700,111770,영원무역,cons,2026-09-29,2,true,"{""p05"":null,""p10"":67478.0858959161,""p25"":null,""p50"":69995.71897384725,""p75"":null,""p90"":72572.18278098342,""p95"":null}",70600,-604.2810261527484,0.8559221333608334,2,true,0.004242739940419682,0.012912482065997155,up,up,true,67478.0858959161,72572.18278098342,true,7.308603852320407,5094.0968850673235,0.07308603852320407,"{""up"":0.5487,""flat"":0.031,""down"":0.4203}",0.38128478000000005,1,방향·크기 모두 맞음,,"{""sourceUrl"":""https://fchart.stock.naver.com/sise.nhn?symbol=111770&timeframe=day&count=30&requestType=0"",""rawHash"":""897556750f5a3f49c38357dbd546597433970262a817bbef7045677160a450f9"",""observedAt"":""2026-09-29T10:29:50.000Z"",""finalClose"":true}",6,2026-09-29T10:29:50Z,v1
score-c6ee6974d8e1b7fe,score,2026-09-29,2026-09-29T10:29:50Z,score-286ef3265fac8388,실제 종가 정정(14370 → 14370),"{""forecastId"":""2026-09-23-rolling20-c2697de31ff6788c"",""inputSnapshotSHA256"":""de24b81acc078fa860e8f7b313a119754a893c84f09f509a71109b30bb5057b7"",""collectionRecordId"":""collection-c641cae6d9fe0e3e""}",2026-09-23-rolling20-c2697de31ff6788c,atlas-rolling20-A,reference,,2026-09-28T07:59:39.699Z,2026-09-23,14380,035250,강원랜드,cons,2026-09-29,2,true,"{""p05"":null,""p10"":14081.3513228799,""p25"":null,""p50"":14370.313324179348,""p75"":null,""p90"":14674.762415637826,""p95"":null}",14370,0.3133241793475463,0.002180404866719181,2,true,-0.0006736214061650037,-0.0006954102920723182,down,flat,false,14081.3513228799,14674.762415637826,true,4.126641813337454,593.4110927579259,0.04126641813337454,"{""up"":0.45325,""flat"":0.0563,""down"":0.49045}",1.336546455,3,크기 허용·방향 틀림,,"{""sourceUrl"":""https://fchart.stock.naver.com/sise.nhn?symbol=035250&timeframe=day&count=30&requestType=0"",""rawHash"":""89ce8045ee3bdbe96818f16d159b4f562edd8c95efbcd585108fced5b5d6ed3f"",""observedAt"":""2026-09-29T10:29:50.000Z"",""finalClose"":true}",5,2026-09-29T10:29:50Z,v1
score-0e6171b50504dcf8,score,2026-09-29,2026-09-29T10:29:50Z,score-08d420d6f8ca22c6,실제 종가 정정(17830 → 17820),"{""forecastId"":""2026-09-23-rolling20-c2697de31ff6788c"",""inputSnapshotSHA256"":""de24b81acc078fa860e8f7b313a119754a893c84f09f509a71109b30bb5057b7"",""collectionRecordId"":""collection-c641cae6d9fe0e3e""}",2026-09-23-rolling20-c2697de31ff6788c,atlas-rolling20-A,reference,,2026-09-28T07:59:39.699Z,2026-09-23,17740,030000,제일기획,net,2026-09-29,2,true,"{""p05"":null,""p10"":17301.167066324793,""p25"":null,""p50"":17759.543044481696,""p75"":null,""p90"":18204.925428655148,""p95"":null}",17820,-60.45695551830431,0.339264621314839,2,true,0.0011016372312118161,0.004509582863585049,up,up,true,17301.167066324793,18204.925428655148,true,5.0944665294833955,903.7583623303544,0.050944665294833956,"{""up"":0.5028,""flat"":0.0445,""down"":0.4527}",0.45412537999999997,1,방향·크기 모두 맞음,,"{""sourceUrl"":""https://fchart.stock.naver.com/sise.nhn?symbol=030000&timeframe=day&count=30&requestType=0"",""rawHash"":""ecda6da90153bcd16fa37e465d5920276a76f58f2f90668b9806e1afe3709843"",""observedAt"":""2026-09-29T10:29:50.000Z"",""finalClose"":true}",6,2026-09-29T10:29:50Z,v1
score-f29a9e830f836364,score,2026-09-29,2026-09-29T10:29:50Z,score-cb15fdd28c8e1941,실제 종가 정정(585000 → 584000),"{""forecastId"":""2026-09-28-rolling20-13cd892134e517b4"",""inputSnapshotSHA256"":""de24b81acc078fa860e8f7b313a119754a893c84f09f509a71109b30bb5057b7"",""collectionRecordId"":""collection-c641cae6d9fe0e3e""}",2026-09-28-rolling20-13cd892134e517b4,atlas-rolling20-A,live,,2026-09-28T09:39:48.714Z,2026-09-28,578000,034730,SK,util,2026-09-29,1,true,"{""p05"":null,""p10"":550635.5661565217,""p25"":null,""p50"":576872.1475233042,""p75"":null,""p90"":604443.705473313,""p95"":null}",584000,-7127.852476695785,1.2205226843657166,1.5,true,-0.0019513018627954626,0.01038062283737018,down,up,false,550635.5661565217,604443.705473313,true,9.309366663804726,53808.13931679132,0.09309366663804726,"{""up"":0.4624,""flat"":0.0276,""down"":0.51}",0.5498755200000001,3,크기 허용·방향 틀림,,"{""sourceUrl"":""https://fchart.stock.naver.com/sise.nhn?symbol=034730&timeframe=day&count=30&requestType=0"",""rawHash"":""ada98e5b815c0060dd95ce877b0a6ae1bded74c529e51dbb9582bf28ef2aa7c5"",""observedAt"":""2026-09-29T10:29:50.000Z"",""finalClose"":true}",5,2026-09-29T10:29:50Z,v1
score-d6e18a4707e8f0a7,score,2026-09-29,2026-09-29T10:29:50Z,score-68489d4200bbf814,실제 종가 정정(651000 → 651000),"{""forecastId"":""2026-09-28-rolling20-13cd892134e517b4"",""inputSnapshotSHA256"":""de24b81acc078fa860e8f7b313a119754a893c84f09f509a71109b30bb5057b7"",""collectionRecordId"":""collection-c641cae6d9fe0e3e""}",2026-09-28-rolling20-13cd892134e517b4,atlas-rolling20-A,live,,2026-09-28T09:39:48.714Z,2026-09-28,661000,000810,삼성화재,fin,2026-09-29,1,true,"{""p05"":null,""p10"":643276.2325376064,""p25"":null,""p50"":659816.9294697228,""p75"":null,""p90"":678637.1886861576,""p95"":null}",651000,8816.929469722789,1.354367046040367,1.5,true,-0.0017898192591183637,-0.015128593040847238,down,down,true,643276.2325376064,678637.1886861576,true,5.349615151066747,35360.956148551195,0.053496151510667465,"{""up"":0.43965,""flat"":0.0426,""down"":0.51775}",0.42767194499999994,1,방향·크기 모두 맞음,,"{""sourceUrl"":""https://fchart.stock.naver.com/sise.nhn?symbol=000810&timeframe=day&count=30&requestType=0"",""rawHash"":""a3b20a654400b7c8a4661ab32b43664856fc10efbcb50e159d45174816c50550"",""observedAt"":""2026-09-29T10:29:50.000Z"",""finalClose"":true}",5,2026-09-29T10:29:50Z,v1
score-84ae9974700a9b07,score,2026-09-29,2026-09-29T10:29:50Z,score-ca210eb242739ad1,실제 종가 정정(132300 → 132200),"{""forecastId"":""2026-09-28-rolling20-13cd892134e517b4"",""inputSnapshotSHA256"":""de24b81acc078fa860e8f7b313a119754a893c84f09f509a71109b30bb5057b7"",""collectionRecordId"":""collection-c641cae6d9fe0e3e""}",2026-09-28-rolling20-13cd892134e517b4,atlas-rolling20-A,live,,2026-09-28T09:39:48.714Z,2026-09-28,133400,138040,메리츠금융지주,fin,2026-09-29,1,true,"{""p05"":null,""p10"":129551.53986593716,""p25"":null,""p50"":132768.04948520704,""p75"":null,""p90"":137216.58867525094,""p95"":null}",132200,568.0494852070406,0.4296894744380035,1.5,true,-0.0047372602308317635,-0.008995502248875575,down,down,true,129551.53986593716,137216.58867525094,true,5.745913650160257,7665.048809313783,0.05745913650160257,"{""up"":0.3737,""flat"":0.05435,""down"":0.57195}",0.32583241500000004,1,방향·크기 모두 맞음,,"{""sourceUrl"":""https://fchart.stock.naver.com/sise.nhn?symbol=138040&timeframe=day&count=30&requestType=0"",""rawHash"":""8f8b038c03ac2f24659e7d922caf6dda4e4119db1dd99047dac150ad6b6af1f5"",""observedAt"":""2026-09-29T10:29:50.000Z"",""finalClose"":true}",5,2026-09-29T10:29:50Z,v1
score-418b083c4436d4ec,score,2026-09-29,2026-09-29T10:29:50Z,score-2479143e3b4bfe9e,실제 종가 정정(86100 → 86000),"{""forecastId"":""2026-09-28-rolling20-13cd892134e517b4"",""inputSnapshotSHA256"":""de24b81acc078fa860e8f7b313a119754a893c84f09f509a71109b30bb5057b7"",""collectionRecordId"":""collection-c641cae6d9fe0e3e""}",2026-09-28-rolling20-13cd892134e517b4,atlas-rolling20-A,live,,2026-09-28T09:39:48.714Z,2026-09-28,88200,017670,SK텔레콤,net,2026-09-29,1,true,"{""p05"":null,""p10"":86629.32903866011,""p25"":null,""p50"":88130.93327254953,""p75"":null,""p90"":89991.39269743017,""p95"":null}",86000,2130.9332725495333,2.477829386685504,1.5,false,-0.0007830694722275044,-0.024943310657596363,down,down,true,86629.32903866011,89991.39269743017,false,3.81186355869621,9655.354045371205,0.10947113430126082,"{""up"":0.45295,""flat"":0.07725,""down"":0.4698}",0.492243305,2,방향 맞고 크기 틀림,,"{""sourceUrl"":""https://fchart.stock.naver.com/sise.nhn?symbol=017670&timeframe=day&count=30&requestType=0"",""rawHash"":""802fcf98272189560266ec41f8b7ed5f78b80578ae2273fd2ebc25f70b9b6cee"",""observedAt"":""2026-09-29T10:29:50.000Z"",""finalClose"":true}",2,2026-09-29T10:29:50Z,v1
score-00b4912412f76239,score,2026-09-29,2026-09-29T10:29:50Z,score-d0dd39fd23671f03,실제 종가 정정(176100 → 176100),"{""forecastId"":""2026-09-28-rolling20-13cd892134e517b4"",""inputSnapshotSHA256"":""de24b81acc078fa860e8f7b313a119754a893c84f09f509a71109b30bb5057b7"",""collectionRecordId"":""collection-c641cae6d9fe0e3e""}",2026-09-28-rolling20-13cd892134e517b4,atlas-rolling20-A,live,,2026-09-28T09:39:48.714Z,2026-09-28,175400,033780,KT&G,cons,2026-09-29,1,true,"{""p05"":null,""p10"":172149.2145070198,""p25"":null,""p50"":175265.80363252517,""p75"":null,""p90"":179093.1559451884,""p95"":null}",176100,-834.1963674748258,0.47370605762341045,1.5,true,-0.0007650876138816098,0.003990877993158559,down,up,false,172149.2145070198,179093.1559451884,true,3.9589175816240636,6943.941438168607,0.039589175816240635,"{""up"":0.4473,""flat"":0.0571,""down"":0.4956}",0.55435706,3,크기 허용·방향 틀림,,"{""sourceUrl"":""https://fchart.stock.naver.com/sise.nhn?symbol=033780&timeframe=day&count=30&requestType=0"",""rawHash"":""a0f723b36411bda3c6efd24995e9f106e3672d698218fe7e648eb161d23a7613"",""observedAt"":""2026-09-29T10:29:50.000Z"",""finalClose"":true}",4,2026-09-29T10:29:50Z,v1
score-58d4e3f6f1ce836d,score,2026-09-29,2026-09-29T10:29:50Z,score-a862e6be86bd829e,실제 종가 정정(52600 → 52600),"{""forecastId"":""2026-09-28-rolling20-13cd892134e517b4"",""inputSnapshotSHA256"":""de24b81acc078fa860e8f7b313a119754a893c84f09f509a71109b30bb5057b7"",""collectionRecordId"":""collection-c641cae6d9fe0e3e""}",2026-09-28-rolling20-13cd892134e517b4,atlas-rolling20-A,live,,2026-09-28T09:39:48.714Z,2026-09-28,52900,030200,KT,net,2026-09-29,1,true,"{""p05"":null,""p10"":52072.27304558202,""p25"":null,""p50"":52910.11231608776,""p75"":null,""p90"":53764.704239533836,""p95"":null}",52600,310.1123160877614,0.5895671408512574,1.5,true,0.00019115909428668587,-0.005671077504725952,up,down,false,52072.27304558202,53764.704239533836,true,3.1993028241055113,1692.4311939518157,0.03199302824105511,"{""up"":0.4654,""flat"":0.07895,""down"":0.45565}",0.519147185,3,크기 허용·방향 틀림,,"{""sourceUrl"":""https://fchart.stock.naver.com/sise.nhn?symbol=030200&timeframe=day&count=30&requestType=0"",""rawHash"":""e8574855498faf4b253178336564fb905338131be4923a708adf3c8c176d8e78"",""observedAt"":""2026-09-29T10:29:50.000Z"",""finalClose"":true}",6,2026-09-29T10:29:50Z,v1
score-7a742773c8c208a1,score,2026-09-29,2026-09-29T10:29:50Z,score-d67ab1fc8b4058e0,실제 종가 정정(1223000 → 1223000),"{""forecastId"":""2026-09-28-rolling20-13cd892134e517b4"",""inputSnapshotSHA256"":""de24b81acc078fa860e8f7b313a119754a893c84f09f509a71109b30bb5057b7"",""collectionRecordId"":""collection-c641cae6d9fe0e3e""}",2026-09-28-rolling20-13cd892134e517b4,atlas-rolling20-A,live,,2026-09-28T09:39:48.714Z,2026-09-28,1215000,003230,삼양식품,cons,2026-09-29,1,true,"{""p05"":null,""p10"":1174454.1380512444,""p25"":null,""p50"":1210056.0148690285,""p75"":null,""p90"":1264359.4294562682,""p95"":null}",1223000,-12943.98513097153,1.0583798144702805,1.5,true,-0.004069123564585664,0.006584362139917754,down,up,false,1174454.1380512444,1264359.4294562682,true,7.399612461318829,89905.29140502377,0.07399612461318829,"{""up"":0.42485,""flat"":0.032,""down"":0.54315}",0.6268334450000002,3,크기 허용·방향 틀림,,"{""sourceUrl"":""https://fchart.stock.naver.com/sise.nhn?symbol=003230&timeframe=day&count=30&requestType=0"",""rawHash"":""a5bc24a109475f49ce5e168ac7525d2d53b83b49458d4b972601fe528ac44c8f"",""observedAt"":""2026-09-29T10:29:50.000Z"",""finalClose"":true}",6,2026-09-29T10:29:50Z,v1
score-c24a25555577aa14,score,2026-09-29,2026-09-29T10:29:50Z,score-55706ee7fb2da568,실제 종가 정정(197700 → 197900),"{""forecastId"":""2026-09-28-rolling20-13cd892134e517b4"",""inputSnapshotSHA256"":""de24b81acc078fa860e8f7b313a119754a893c84f09f509a71109b30bb5057b7"",""collectionRecordId"":""collection-c641cae6d9fe0e3e""}",2026-09-28-rolling20-13cd892134e517b4,atlas-rolling20-A,live,,2026-09-28T09:39:48.714Z,2026-09-28,202000,259960,크래프톤,net,2026-09-29,1,true,"{""p05"":null,""p10"":197017.13445517886,""p25"":null,""p50"":201850.14621360938,""p75"":null,""p90"":207071.6672737196,""p95"":null}",197900,3950.146213609376,1.9960314368920546,1.5,false,-0.0007418504276763827,-0.020297029702970315,down,down,true,197017.13445517886,207071.6672737196,true,4.977491494327093,10054.532818540727,0.04977491494327092,"{""up"":0.4535,""flat"":0.04995,""down"":0.49655}",0.46161915499999995,2,방향 맞고 크기 틀림,,"{""sourceUrl"":""https://fchart.stock.naver.com/sise.nhn?symbol=259960&timeframe=day&count=30&requestType=0"",""rawHash"":""d50cdf9be30ce4878bddcd214340adf9c56fe6f0562e4b44013e1fa0df7fcbcd"",""observedAt"":""2026-09-29T10:29:50.000Z"",""finalClose"":true}",4,2026-09-29T10:29:50Z,v1
score-86ef0058ac536fb8,score,2026-09-29,2026-09-29T10:29:50Z,score-77ece5c9bc9b34a4,실제 종가 정정(158900 → 158900),"{""forecastId"":""2026-09-28-rolling20-13cd892134e517b4"",""inputSnapshotSHA256"":""de24b81acc078fa860e8f7b313a119754a893c84f09f509a71109b30bb5057b7"",""collectionRecordId"":""collection-c641cae6d9fe0e3e""}",2026-09-28-rolling20-13cd892134e517b4,atlas-rolling20-A,live,,2026-09-28T09:39:48.714Z,2026-09-28,161900,352820,하이브,net,2026-09-29,1,true,"{""p05"":null,""p10"":157519.94177044442,""p25"":null,""p50"":161861.67662654756,""p75"":null,""p90"":167446.62046544807,""p95"":null}",158900,2961.67662654756,1.8638619424465448,1.5,false,-0.000236710151034214,-0.018529956763434163,down,down,true,157519.94177044442,167446.62046544807,true,6.131364234097374,9926.678695003648,0.06131364234097374,"{""up"":0.47325,""flat"":0.03555,""down"":0.4912}",0.4841068049999999,2,방향 맞고 크기 틀림,,"{""sourceUrl"":""https://fchart.stock.naver.com/sise.nhn?symbol=352820&timeframe=day&count=30&requestType=0"",""rawHash"":""1455cfa8530faedfbafbdb49a120ee05b15b654ba15f76ab1942cc10415d650d"",""observedAt"":""2026-09-29T10:29:50.000Z"",""finalClose"":true}",3,2026-09-29T10:29:50Z,v1
score-2f058ef289589cc4,score,2026-09-29,2026-09-29T10:29:50Z,score-0b2cc52fd470c41d,실제 종가 정정(471500 → 471000),"{""forecastId"":""2026-09-28-rolling20-13cd892134e517b4"",""inputSnapshotSHA256"":""de24b81acc078fa860e8f7b313a119754a893c84f09f509a71109b30bb5057b7"",""collectionRecordId"":""collection-c641cae6d9fe0e3e""}",2026-09-28-rolling20-13cd892134e517b4,atlas-rolling20-A,live,,2026-09-28T09:39:48.714Z,2026-09-28,480000,002380,KCC,chem,2026-09-29,1,true,"{""p05"":null,""p10"":467040.30266720115,""p25"":null,""p50"":479653.2511743554,""p75"":null,""p90"":494544.245614142,""p95"":null}",471000,8653.251174355391,1.8372083172729068,1.5,false,-0.0007223933867596122,-0.018750000000000044,down,down,true,467040.30266720115,494544.245614142,true,5.729988113946007,27503.942946940835,0.05729988113946007,"{""up"":0.47015,""flat"":0.0517,""down"":0.47815}",0.4960413349999999,2,방향 맞고 크기 틀림,,"{""sourceUrl"":""https://fchart.stock.naver.com/sise.nhn?symbol=002380&timeframe=day&count=30&requestType=0"",""rawHash"":""b15aa37f3ba38eddf6b17c4f3f694fb65d940a64553c172d1d3848c0d89dc23f"",""observedAt"":""2026-09-29T10:29:50.000Z"",""finalClose"":true}",4,2026-09-29T10:29:50Z,v1
score-48c9294a8a2f79c6,score,2026-09-29,2026-09-29T10:29:50Z,score-b2052205fef0a69d,실제 종가 정정(338000 → 338500),"{""forecastId"":""2026-09-28-rolling20-13cd892134e517b4"",""inputSnapshotSHA256"":""de24b81acc078fa860e8f7b313a119754a893c84f09f509a71109b30bb5057b7"",""collectionRecordId"":""collection-c641cae6d9fe0e3e""}",2026-09-28-rolling20-13cd892134e517b4,atlas-rolling20-A,live,,2026-09-28T09:39:48.714Z,2026-09-28,343500,004170,신세계,cons,2026-09-29,1,true,"{""p05"":null,""p10"":330277.93028220045,""p25"":null,""p50"":343342.7455045114,""p75"":null,""p90"":358103.5422087219,""p95"":null}",338500,4842.745504511404,1.4306485980831327,1.5,true,-0.0004578005691080467,-0.01455604075691408,down,down,true,330277.93028220045,358103.5422087219,true,8.10061482577044,27825.611926521466,0.08100614825770441,"{""up"":0.47355,""flat"":0.0385,""down"":0.48795}",0.487927055,1,방향·크기 모두 맞음,,"{""sourceUrl"":""https://fchart.stock.naver.com/sise.nhn?symbol=004170&timeframe=day&count=30&requestType=0"",""rawHash"":""da6d5db57f807cd0ba7cab34779ddd3ad4405afbe85bb0523dba867696dd38df"",""observedAt"":""2026-09-29T10:29:50.000Z"",""finalClose"":true}",6,2026-09-29T10:29:50Z,v1
score-face16536b3db9aa,score,2026-09-29,2026-09-29T10:29:50Z,score-c630bf7763cb1777,실제 종가 정정(82700 → 82800),"{""forecastId"":""2026-09-28-rolling20-13cd892134e517b4"",""inputSnapshotSHA256"":""de24b81acc078fa860e8f7b313a119754a893c84f09f509a71109b30bb5057b7"",""collectionRecordId"":""collection-c641cae6d9fe0e3e""}",2026-09-28-rolling20-13cd892134e517b4,atlas-rolling20-A,live,,2026-09-28T09:39:48.714Z,2026-09-28,83300,012750,에스원,util,2026-09-29,1,true,"{""p05"":null,""p10"":81172.85357237454,""p25"":null,""p50"":83318.45216759473,""p75"":null,""p90"":85391.78037238593,""p95"":null}",82800,518.4521675947326,0.6261499608632036,1.5,true,0.00022151461698349806,-0.00600240096038418,down,down,true,81172.85357237454,85391.78037238593,true,5.064738055235751,4218.926800011381,0.05064738055235751,"{""up"":0.47765,""flat"":0.03765,""down"":0.4847}",0.49510113499999997,1,방향·크기 모두 맞음,,"{""sourceUrl"":""https://fchart.stock.naver.com/sise.nhn?symbol=012750&timeframe=day&count=30&requestType=0"",""rawHash"":""1683712c38f083406259284d1f896c9205aa5f2e66bb0f345d3df98710821843"",""observedAt"":""2026-09-29T10:29:50.000Z"",""finalClose"":true}",5,2026-09-29T10:29:50Z,v1
score-e3d3aeb1eb935615,score,2026-09-29,2026-09-29T10:29:50Z,score-d3d7f1f4a5a80aad,실제 종가 정정(70700 → 70600),"{""forecastId"":""2026-09-28-rolling20-13cd892134e517b4"",""inputSnapshotSHA256"":""de24b81acc078fa860e8f7b313a119754a893c84f09f509a71109b30bb5057b7"",""collectionRecordId"":""collection-c641cae6d9fe0e3e""}",2026-09-28-rolling20-13cd892134e517b4,atlas-rolling20-A,live,,2026-09-28T09:39:48.714Z,2026-09-28,71400,111770,영원무역,cons,2026-09-29,1,true,"{""p05"":null,""p10"":69525.65055750564,""p25"":null,""p50"":71351.78551452573,""p75"":null,""p90"":73292.22388245884,""p95"":null}",70600,751.7855145257345,1.0648520035775275,1.5,true,-0.000675272905802049,-0.011204481792717047,down,down,true,69525.65055750564,73292.22388245884,true,5.275312780046507,3766.573324953206,0.052753127800465066,"{""up"":0.46705,""flat"":0.04505,""down"":0.4879}",0.482411615,1,방향·크기 모두 맞음,,"{""sourceUrl"":""https://fchart.stock.naver.com/sise.nhn?symbol=111770&timeframe=day&count=30&requestType=0"",""rawHash"":""897556750f5a3f49c38357dbd546597433970262a817bbef7045677160a450f9"",""observedAt"":""2026-09-29T10:29:50.000Z"",""finalClose"":true}",6,2026-09-29T10:29:50Z,v1
score-e999de6bb3f2723d,score,2026-09-29,2026-09-29T10:29:50Z,score-adb259ad8d56f121,실제 종가 정정(14370 → 14370),"{""forecastId"":""2026-09-28-rolling20-13cd892134e517b4"",""inputSnapshotSHA256"":""de24b81acc078fa860e8f7b313a119754a893c84f09f509a71109b30bb5057b7"",""collectionRecordId"":""collection-c641cae6d9fe0e3e""}",2026-09-28-rolling20-13cd892134e517b4,atlas-rolling20-A,live,,2026-09-28T09:39:48.714Z,2026-09-28,14450,035250,강원랜드,cons,2026-09-29,1,true,"{""p05"":null,""p10"":14264.909549354876,""p25"":null,""p50"":14454.352468732806,""p75"":null,""p90"":14660.526899943452,""p95"":null}",14370,84.3524687328063,0.5870039577787495,1.5,true,0.00030120890884477447,-0.00553633217993077,up,down,false,14264.909549354876,14660.526899943452,true,2.7378363362531233,395.6173505885763,0.027378363362531234,"{""up"":0.47815,""flat"":0.0612,""down"":0.46065}",0.523271285,3,크기 허용·방향 틀림,,"{""sourceUrl"":""https://fchart.stock.naver.com/sise.nhn?symbol=035250&timeframe=day&count=30&requestType=0"",""rawHash"":""89ce8045ee3bdbe96818f16d159b4f562edd8c95efbcd585108fced5b5d6ed3f"",""observedAt"":""2026-09-29T10:29:50.000Z"",""finalClose"":true}",5,2026-09-29T10:29:50Z,v1
score-29beff34df5deb62,score,2026-09-29,2026-09-29T10:29:50Z,score-f4f88c079cc53efb,실제 종가 정정(17830 → 17820),"{""forecastId"":""2026-09-28-rolling20-13cd892134e517b4"",""inputSnapshotSHA256"":""de24b81acc078fa860e8f7b313a119754a893c84f09f509a71109b30bb5057b7"",""collectionRecordId"":""collection-c641cae6d9fe0e3e""}",2026-09-28-rolling20-13cd892134e517b4,atlas-rolling20-A,live,,2026-09-28T09:39:48.714Z,2026-09-28,17810,030000,제일기획,net,2026-09-29,1,true,"{""p05"":null,""p10"":17535.026889048455,""p25"":null,""p50"":17816.071505705717,""p75"":null,""p90"":18104.463046077653,""p95"":null}",17820,-3.928494294283155,0.0220454225268415,1.5,true,0.0003409043068902662,0.0005614823133071045,up,flat,false,17535.026889048455,18104.463046077653,true,3.1972833072947697,569.4361570291985,0.031972833072947696,"{""up"":0.47655,""flat"":0.08075,""down"":0.4427}",1.268103755,3,크기 허용·방향 틀림,,"{""sourceUrl"":""https://fchart.stock.naver.com/sise.nhn?symbol=030000&timeframe=day&count=30&requestType=0"",""rawHash"":""ecda6da90153bcd16fa37e465d5920276a76f58f2f90668b9806e1afe3709843"",""observedAt"":""2026-09-29T10:29:50.000Z"",""finalClose"":true}",6,2026-09-29T10:29:50Z,v1
score-a0be31f551ed72d8,score,2026-09-29,2026-09-29T10:29:50Z,score-97363370951b89f7,실제 종가 정정(585000 → 584000),"{""forecastId"":""2026-09-28-atlas11-90616c6bc916e8d6"",""inputSnapshotSHA256"":""de24b81acc078fa860e8f7b313a119754a893c84f09f509a71109b30bb5057b7"",""collectionRecordId"":""collection-c641cae6d9fe0e3e""}",2026-09-28-atlas11-90616c6bc916e8d6,atlas11-A-1,live,,2026-09-28T13:13:16.576Z,2026-09-28,578000,034730,SK,util,2026-09-29,1,true,"{""p05"":541444.4294046052,""p10"":550635.5661565217,""p25"":564535.1303113344,""p50"":576872.1475233042,""p75"":589655.7779364492,""p90"":604443.705473313,""p95"":617153.4516341505}",584000,-7127.852476695785,1.2205226843657166,1.5,true,-0.0019513018627954626,0.01038062283737018,down,up,false,550635.5661565217,604443.705473313,true,9.309366663804726,53808.13931679132,0.09309366663804726,"{""up"":0.4624,""flat"":0.0276,""down"":0.51}",0.5498755200000001,3,크기 허용·방향 틀림,true,"{""sourceUrl"":""https://fchart.stock.naver.com/sise.nhn?symbol=034730&timeframe=day&count=30&requestType=0"",""rawHash"":""ada98e5b815c0060dd95ce877b0a6ae1bded74c529e51dbb9582bf28ef2aa7c5"",""observedAt"":""2026-09-29T10:29:50.000Z"",""finalClose"":true}",5,2026-09-29T10:29:50Z,v1
score-e228c6ab8bca25c3,score,2026-09-29,2026-09-29T10:29:50Z,score-7cb94671adf89c66,실제 종가 정정(651000 → 651000),"{""forecastId"":""2026-09-28-atlas11-90616c6bc916e8d6"",""inputSnapshotSHA256"":""de24b81acc078fa860e8f7b313a119754a893c84f09f509a71109b30bb5057b7"",""collectionRecordId"":""collection-c641cae6d9fe0e3e""}",2026-09-28-atlas11-90616c6bc916e8d6,atlas11-A-1,live,,2026-09-28T13:13:16.576Z,2026-09-28,661000,000810,삼성화재,fin,2026-09-29,1,true,"{""p05"":636920.9851996747,""p10"":643276.2325376064,""p25"":651731.5013673092,""p50"":659816.9294697228,""p75"":667681.3182408422,""p90"":678637.1886861576,""p95"":689444.3602459042}",651000,8816.929469722789,1.354367046040367,1.5,true,-0.0017898192591183637,-0.015128593040847238,down,down,true,643276.2325376064,678637.1886861576,true,5.349615151066747,35360.956148551195,0.053496151510667465,"{""up"":0.43965,""flat"":0.0426,""down"":0.51775}",0.42767194499999994,1,방향·크기 모두 맞음,false,"{""sourceUrl"":""https://fchart.stock.naver.com/sise.nhn?symbol=000810&timeframe=day&count=30&requestType=0"",""rawHash"":""a3b20a654400b7c8a4661ab32b43664856fc10efbcb50e159d45174816c50550"",""observedAt"":""2026-09-29T10:29:50.000Z"",""finalClose"":true}",5,2026-09-29T10:29:50Z,v1
score-528f0c8b831eac73,score,2026-09-29,2026-09-29T10:29:50Z,score-74cd944a75db714a,실제 종가 정정(132300 → 132200),"{""forecastId"":""2026-09-28-atlas11-90616c6bc916e8d6"",""inputSnapshotSHA256"":""de24b81acc078fa860e8f7b313a119754a893c84f09f509a71109b30bb5057b7"",""collectionRecordId"":""collection-c641cae6d9fe0e3e""}",2026-09-28-atlas11-90616c6bc916e8d6,atlas11-A-1,live,,2026-09-28T13:13:16.576Z,2026-09-28,133400,138040,메리츠금융지주,fin,2026-09-29,1,true,"{""p05"":128258.61922292049,""p10"":129551.53986593716,""p25"":131243.71664324414,""p50"":132768.04948520704,""p75"":134741.74697269898,""p90"":137216.58867525094,""p95"":139029.9283805387}",132200,568.0494852070406,0.4296894744380035,1.5,true,-0.0047372602308317635,-0.008995502248875575,down,down,true,129551.53986593716,137216.58867525094,true,5.745913650160257,7665.048809313783,0.05745913650160257,"{""up"":0.3737,""flat"":0.05435,""down"":0.57195}",0.32583241500000004,1,방향·크기 모두 맞음,false,"{""sourceUrl"":""https://fchart.stock.naver.com/sise.nhn?symbol=138040&timeframe=day&count=30&requestType=0"",""rawHash"":""8f8b038c03ac2f24659e7d922caf6dda4e4119db1dd99047dac150ad6b6af1f5"",""observedAt"":""2026-09-29T10:29:50.000Z"",""finalClose"":true}",5,2026-09-29T10:29:50Z,v1
score-07de76e20019c8fc,score,2026-09-29,2026-09-29T10:29:50Z,score-eb0f1694b6a3e457,실제 종가 정정(86100 → 86000),"{""forecastId"":""2026-09-28-atlas11-90616c6bc916e8d6"",""inputSnapshotSHA256"":""de24b81acc078fa860e8f7b313a119754a893c84f09f509a71109b30bb5057b7"",""collectionRecordId"":""collection-c641cae6d9fe0e3e""}",2026-09-28-atlas11-90616c6bc916e8d6,atlas11-A-1,live,,2026-09-28T13:13:16.576Z,2026-09-28,88200,017670,SK텔레콤,net,2026-09-29,1,true,"{""p05"":86014.63786289914,""p10"":86629.32903866011,""p25"":87333.76015966752,""p50"":88130.93327254953,""p75"":88923.78705407819,""p90"":89991.39269743017,""p95"":90720.98592945815}",86000,2130.9332725495333,2.477829386685504,1.5,false,-0.0007830694722275044,-0.024943310657596363,down,down,true,86629.32903866011,89991.39269743017,false,3.81186355869621,9655.354045371205,0.10947113430126082,"{""up"":0.45295,""flat"":0.07725,""down"":0.4698}",0.492243305,2,방향 맞고 크기 틀림,true,"{""sourceUrl"":""https://fchart.stock.naver.com/sise.nhn?symbol=017670&timeframe=day&count=30&requestType=0"",""rawHash"":""802fcf98272189560266ec41f8b7ed5f78b80578ae2273fd2ebc25f70b9b6cee"",""observedAt"":""2026-09-29T10:29:50.000Z"",""finalClose"":true}",2,2026-09-29T10:29:50Z,v1
score-16162c7074014f94,score,2026-09-29,2026-09-29T10:29:50Z,score-e1095481cf1c95ff,실제 종가 정정(176100 → 176100),"{""forecastId"":""2026-09-28-atlas11-90616c6bc916e8d6"",""inputSnapshotSHA256"":""de24b81acc078fa860e8f7b313a119754a893c84f09f509a71109b30bb5057b7"",""collectionRecordId"":""collection-c641cae6d9fe0e3e""}",2026-09-28-atlas11-90616c6bc916e8d6,atlas11-A-1,live,,2026-09-28T13:13:16.576Z,2026-09-28,175400,033780,KT&G,cons,2026-09-29,1,true,"{""p05"":170583.93921499507,""p10"":172149.2145070198,""p25"":173701.56201631532,""p50"":175265.80363252517,""p75"":176943.40485221357,""p90"":179093.1559451884,""p95"":180663.200499342}",176100,-834.1963674748258,0.47370605762341045,1.5,true,-0.0007650876138816098,0.003990877993158559,down,up,false,172149.2145070198,179093.1559451884,true,3.9589175816240636,6943.941438168607,0.039589175816240635,"{""up"":0.4473,""flat"":0.0571,""down"":0.4956}",0.55435706,3,크기 허용·방향 틀림,true,"{""sourceUrl"":""https://fchart.stock.naver.com/sise.nhn?symbol=033780&timeframe=day&count=30&requestType=0"",""rawHash"":""a0f723b36411bda3c6efd24995e9f106e3672d698218fe7e648eb161d23a7613"",""observedAt"":""2026-09-29T10:29:50.000Z"",""finalClose"":true}",4,2026-09-29T10:29:50Z,v1
score-69c87c2b6c7946d4,score,2026-09-29,2026-09-29T10:29:50Z,score-69116bed8e822553,실제 종가 정정(52600 → 52600),"{""forecastId"":""2026-09-28-atlas11-90616c6bc916e8d6"",""inputSnapshotSHA256"":""de24b81acc078fa860e8f7b313a119754a893c84f09f509a71109b30bb5057b7"",""collectionRecordId"":""collection-c641cae6d9fe0e3e""}",2026-09-28-atlas11-90616c6bc916e8d6,atlas11-A-1,live,,2026-09-28T13:13:16.576Z,2026-09-28,52900,030200,KT,net,2026-09-29,1,true,"{""p05"":51774.6861769322,""p10"":52072.27304558202,""p25"":52456.53257664795,""p50"":52910.11231608776,""p75"":53337.47220230064,""p90"":53764.704239533836,""p95"":54183.586368306904}",52600,310.1123160877614,0.5895671408512574,1.5,true,0.00019115909428668587,-0.005671077504725952,up,down,false,52072.27304558202,53764.704239533836,true,3.1993028241055113,1692.4311939518157,0.03199302824105511,"{""up"":0.4654,""flat"":0.07895,""down"":0.45565}",0.519147185,3,크기 허용·방향 틀림,true,"{""sourceUrl"":""https://fchart.stock.naver.com/sise.nhn?symbol=030200&timeframe=day&count=30&requestType=0"",""rawHash"":""e8574855498faf4b253178336564fb905338131be4923a708adf3c8c176d8e78"",""observedAt"":""2026-09-29T10:29:50.000Z"",""finalClose"":true}",6,2026-09-29T10:29:50Z,v1
score-ed4454d18b7e8ba5,score,2026-09-29,2026-09-29T10:29:50Z,score-bb42fb6d0f676a06,실제 종가 정정(1223000 → 1223000),"{""forecastId"":""2026-09-28-atlas11-90616c6bc916e8d6"",""inputSnapshotSHA256"":""de24b81acc078fa860e8f7b313a119754a893c84f09f509a71109b30bb5057b7"",""collectionRecordId"":""collection-c641cae6d9fe0e3e""}",2026-09-28-atlas11-90616c6bc916e8d6,atlas11-A-1,live,,2026-09-28T13:13:16.576Z,2026-09-28,1215000,003230,삼양식품,cons,2026-09-29,1,true,"{""p05"":1167110.028335501,""p10"":1174454.1380512444,""p25"":1190702.1285725543,""p50"":1210056.0148690285,""p75"":1232583.579668155,""p90"":1264359.4294562682,""p95"":1284787.257981781}",1223000,-12943.98513097153,1.0583798144702805,1.5,true,-0.004069123564585664,0.006584362139917754,down,up,false,1174454.1380512444,1264359.4294562682,true,7.399612461318829,89905.29140502377,0.07399612461318829,"{""up"":0.42485,""flat"":0.032,""down"":0.54315}",0.6268334450000002,3,크기 허용·방향 틀림,false,"{""sourceUrl"":""https://fchart.stock.naver.com/sise.nhn?symbol=003230&timeframe=day&count=30&requestType=0"",""rawHash"":""a5bc24a109475f49ce5e168ac7525d2d53b83b49458d4b972601fe528ac44c8f"",""observedAt"":""2026-09-29T10:29:50.000Z"",""finalClose"":true}",6,2026-09-29T10:29:50Z,v1
score-56aba808054394a0,score,2026-09-29,2026-09-29T10:29:50Z,score-131aaff9e63cd910,실제 종가 정정(197700 → 197900),"{""forecastId"":""2026-09-28-atlas11-90616c6bc916e8d6"",""inputSnapshotSHA256"":""de24b81acc078fa860e8f7b313a119754a893c84f09f509a71109b30bb5057b7"",""collectionRecordId"":""collection-c641cae6d9fe0e3e""}",2026-09-28-atlas11-90616c6bc916e8d6,atlas11-A-1,live,,2026-09-28T13:13:16.576Z,2026-09-28,202000,259960,크래프톤,net,2026-09-29,1,true,"{""p05"":194515.72419384462,""p10"":197017.13445517886,""p25"":199449.24124120484,""p50"":201850.14621360938,""p75"":204224.09963040406,""p90"":207071.6672737196,""p95"":208878.4781730164}",197900,3950.146213609376,1.9960314368920546,1.5,false,-0.0007418504276763827,-0.020297029702970315,down,down,true,197017.13445517886,207071.6672737196,true,4.977491494327093,10054.532818540727,0.04977491494327092,"{""up"":0.4535,""flat"":0.04995,""down"":0.49655}",0.46161915499999995,2,방향 맞고 크기 틀림,true,"{""sourceUrl"":""https://fchart.stock.naver.com/sise.nhn?symbol=259960&timeframe=day&count=30&requestType=0"",""rawHash"":""d50cdf9be30ce4878bddcd214340adf9c56fe6f0562e4b44013e1fa0df7fcbcd"",""observedAt"":""2026-09-29T10:29:50.000Z"",""finalClose"":true}",4,2026-09-29T10:29:50Z,v1
score-5d6ff498c0ed8401,score,2026-09-29,2026-09-29T10:29:50Z,score-c9ed6dd8e2917505,실제 종가 정정(158900 → 158900),"{""forecastId"":""2026-09-28-atlas11-90616c6bc916e8d6"",""inputSnapshotSHA256"":""de24b81acc078fa860e8f7b313a119754a893c84f09f509a71109b30bb5057b7"",""collectionRecordId"":""collection-c641cae6d9fe0e3e""}",2026-09-28-atlas11-90616c6bc916e8d6,atlas11-A-1,live,,2026-09-28T13:13:16.576Z,2026-09-28,161900,352820,하이브,net,2026-09-29,1,true,"{""p05"":155232.85397148438,""p10"":157519.94177044442,""p25"":159309.4767072444,""p50"":161861.67662654756,""p75"":164463.18908158338,""p90"":167446.62046544807,""p95"":169441.2786518481}",158900,2961.67662654756,1.8638619424465448,1.5,false,-0.000236710151034214,-0.018529956763434163,down,down,true,157519.94177044442,167446.62046544807,true,6.131364234097374,9926.678695003648,0.06131364234097374,"{""up"":0.47325,""flat"":0.03555,""down"":0.4912}",0.4841068049999999,2,방향 맞고 크기 틀림,true,"{""sourceUrl"":""https://fchart.stock.naver.com/sise.nhn?symbol=352820&timeframe=day&count=30&requestType=0"",""rawHash"":""1455cfa8530faedfbafbdb49a120ee05b15b654ba15f76ab1942cc10415d650d"",""observedAt"":""2026-09-29T10:29:50.000Z"",""finalClose"":true}",3,2026-09-29T10:29:50Z,v1
score-810752ee4c699561,score,2026-09-29,2026-09-29T10:29:50Z,score-e57e39f3badf722b,실제 종가 정정(471500 → 471000),"{""forecastId"":""2026-09-28-atlas11-90616c6bc916e8d6"",""inputSnapshotSHA256"":""de24b81acc078fa860e8f7b313a119754a893c84f09f509a71109b30bb5057b7"",""collectionRecordId"":""collection-c641cae6d9fe0e3e""}",2026-09-28-atlas11-90616c6bc916e8d6,atlas11-A-1,live,,2026-09-28T13:13:16.576Z,2026-09-28,480000,002380,KCC,chem,2026-09-29,1,true,"{""p05"":461638.69350293395,""p10"":467040.30266720115,""p25"":473829.0278103937,""p50"":479653.2511743554,""p75"":486244.3537191055,""p90"":494544.245614142,""p95"":500026.59376739257}",471000,8653.251174355391,1.8372083172729068,1.5,false,-0.0007223933867596122,-0.018750000000000044,down,down,true,467040.30266720115,494544.245614142,true,5.729988113946007,27503.942946940835,0.05729988113946007,"{""up"":0.47015,""flat"":0.0517,""down"":0.47815}",0.4960413349999999,2,방향 맞고 크기 틀림,true,"{""sourceUrl"":""https://fchart.stock.naver.com/sise.nhn?symbol=002380&timeframe=day&count=30&requestType=0"",""rawHash"":""b15aa37f3ba38eddf6b17c4f3f694fb65d940a64553c172d1d3848c0d89dc23f"",""observedAt"":""2026-09-29T10:29:50.000Z"",""finalClose"":true}",4,2026-09-29T10:29:50Z,v1
score-9a246e2d93649bc2,score,2026-09-29,2026-09-29T10:29:50Z,score-1a5b6350183eae28,실제 종가 정정(338000 → 338500),"{""forecastId"":""2026-09-28-atlas11-90616c6bc916e8d6"",""inputSnapshotSHA256"":""de24b81acc078fa860e8f7b313a119754a893c84f09f509a71109b30bb5057b7"",""collectionRecordId"":""collection-c641cae6d9fe0e3e""}",2026-09-28-atlas11-90616c6bc916e8d6,atlas11-A-1,live,,2026-09-28T13:13:16.576Z,2026-09-28,343500,004170,신세계,cons,2026-09-29,1,true,"{""p05"":325591.92873973766,""p10"":330277.93028220045,""p25"":337821.7994516415,""p50"":343342.7455045114,""p75"":349708.27956694935,""p90"":358103.5422087219,""p95"":364124.3141965789}",338500,4842.745504511404,1.4306485980831327,1.5,true,-0.0004578005691080467,-0.01455604075691408,down,down,true,330277.93028220045,358103.5422087219,true,8.10061482577044,27825.611926521466,0.08100614825770441,"{""up"":0.47355,""flat"":0.0385,""down"":0.48795}",0.487927055,1,방향·크기 모두 맞음,true,"{""sourceUrl"":""https://fchart.stock.naver.com/sise.nhn?symbol=004170&timeframe=day&count=30&requestType=0"",""rawHash"":""da6d5db57f807cd0ba7cab34779ddd3ad4405afbe85bb0523dba867696dd38df"",""observedAt"":""2026-09-29T10:29:50.000Z"",""finalClose"":true}",6,2026-09-29T10:29:50Z,v1
score-c893cc9dd4a993f8,score,2026-09-29,2026-09-29T10:29:50Z,score-64309c1e905f70f3,실제 종가 정정(82700 → 82800),"{""forecastId"":""2026-09-28-atlas11-90616c6bc916e8d6"",""inputSnapshotSHA256"":""de24b81acc078fa860e8f7b313a119754a893c84f09f509a71109b30bb5057b7"",""collectionRecordId"":""collection-c641cae6d9fe0e3e""}",2026-09-28-atlas11-90616c6bc916e8d6,atlas11-A-1,live,,2026-09-28T13:13:16.576Z,2026-09-28,83300,012750,에스원,util,2026-09-29,1,true,"{""p05"":80536.35559825318,""p10"":81172.85357237454,""p25"":82388.62118419673,""p50"":83318.45216759473,""p75"":84258.21009974211,""p90"":85391.78037238593,""p95"":86122.37683397422}",82800,518.4521675947326,0.6261499608632036,1.5,true,0.00022151461698349806,-0.00600240096038418,down,down,true,81172.85357237454,85391.78037238593,true,5.064738055235751,4218.926800011381,0.05064738055235751,"{""up"":0.47765,""flat"":0.03765,""down"":0.4847}",0.49510113499999997,1,방향·크기 모두 맞음,true,"{""sourceUrl"":""https://fchart.stock.naver.com/sise.nhn?symbol=012750&timeframe=day&count=30&requestType=0"",""rawHash"":""1683712c38f083406259284d1f896c9205aa5f2e66bb0f345d3df98710821843"",""observedAt"":""2026-09-29T10:29:50.000Z"",""finalClose"":true}",5,2026-09-29T10:29:50Z,v1
score-f9ad440bb2e8d5bf,score,2026-09-29,2026-09-29T10:29:50Z,score-52cc61d8444afaee,실제 종가 정정(70700 → 70600),"{""forecastId"":""2026-09-28-atlas11-90616c6bc916e8d6"",""inputSnapshotSHA256"":""de24b81acc078fa860e8f7b313a119754a893c84f09f509a71109b30bb5057b7"",""collectionRecordId"":""collection-c641cae6d9fe0e3e""}",2026-09-28-atlas11-90616c6bc916e8d6,atlas11-A-1,live,,2026-09-28T13:13:16.576Z,2026-09-28,71400,111770,영원무역,cons,2026-09-29,1,true,"{""p05"":68842.66994813422,""p10"":69525.65055750564,""p25"":70476.31557287904,""p50"":71351.78551452573,""p75"":72238.18154303075,""p90"":73292.22388245884,""p95"":73873.29414420051}",70600,751.7855145257345,1.0648520035775275,1.5,true,-0.000675272905802049,-0.011204481792717047,down,down,true,69525.65055750564,73292.22388245884,true,5.275312780046507,3766.573324953206,0.052753127800465066,"{""up"":0.46705,""flat"":0.04505,""down"":0.4879}",0.482411615,1,방향·크기 모두 맞음,true,"{""sourceUrl"":""https://fchart.stock.naver.com/sise.nhn?symbol=111770&timeframe=day&count=30&requestType=0"",""rawHash"":""897556750f5a3f49c38357dbd546597433970262a817bbef7045677160a450f9"",""observedAt"":""2026-09-29T10:29:50.000Z"",""finalClose"":true}",6,2026-09-29T10:29:50Z,v1
score-9783943fc60b9d99,score,2026-09-29,2026-09-29T10:29:50Z,score-0c72a6dad403a015,실제 종가 정정(14370 → 14370),"{""forecastId"":""2026-09-28-atlas11-90616c6bc916e8d6"",""inputSnapshotSHA256"":""de24b81acc078fa860e8f7b313a119754a893c84f09f509a71109b30bb5057b7"",""collectionRecordId"":""collection-c641cae6d9fe0e3e""}",2026-09-28-atlas11-90616c6bc916e8d6,atlas11-A-1,live,,2026-09-28T13:13:16.576Z,2026-09-28,14450,035250,강원랜드,cons,2026-09-29,1,true,"{""p05"":14183.803323297225,""p10"":14264.909549354876,""p25"":14354.522617006493,""p50"":14454.352468732806,""p75"":14551.437953332595,""p90"":14660.526899943452,""p95"":14728.701759173704}",14370,84.3524687328063,0.5870039577787495,1.5,true,0.00030120890884477447,-0.00553633217993077,up,down,false,14264.909549354876,14660.526899943452,true,2.7378363362531233,395.6173505885763,0.027378363362531234,"{""up"":0.47815,""flat"":0.0612,""down"":0.46065}",0.523271285,3,크기 허용·방향 틀림,true,"{""sourceUrl"":""https://fchart.stock.naver.com/sise.nhn?symbol=035250&timeframe=day&count=30&requestType=0"",""rawHash"":""89ce8045ee3bdbe96818f16d159b4f562edd8c95efbcd585108fced5b5d6ed3f"",""observedAt"":""2026-09-29T10:29:50.000Z"",""finalClose"":true}",5,2026-09-29T10:29:50Z,v1
score-9edbf1187b119e26,score,2026-09-29,2026-09-29T10:29:50Z,score-b8bb20eee6638305,실제 종가 정정(17830 → 17820),"{""forecastId"":""2026-09-28-atlas11-90616c6bc916e8d6"",""inputSnapshotSHA256"":""de24b81acc078fa860e8f7b313a119754a893c84f09f509a71109b30bb5057b7"",""collectionRecordId"":""collection-c641cae6d9fe0e3e""}",2026-09-28-atlas11-90616c6bc916e8d6,atlas11-A-1,live,,2026-09-28T13:13:16.576Z,2026-09-28,17810,030000,제일기획,net,2026-09-29,1,true,"{""p05"":17433.565653654616,""p10"":17535.026889048455,""p25"":17681.85994267285,""p50"":17816.071505705717,""p75"":17949.803295727947,""p90"":18104.463046077653,""p95"":18191.681431911446}",17820,-3.928494294283155,0.0220454225268415,1.5,true,0.0003409043068902662,0.0005614823133071045,up,flat,false,17535.026889048455,18104.463046077653,true,3.1972833072947697,569.4361570291985,0.031972833072947696,"{""up"":0.47655,""flat"":0.08075,""down"":0.4427}",1.268103755,3,크기 허용·방향 틀림,true,"{""sourceUrl"":""https://fchart.stock.naver.com/sise.nhn?symbol=030000&timeframe=day&count=30&requestType=0"",""rawHash"":""ecda6da90153bcd16fa37e465d5920276a76f58f2f90668b9806e1afe3709843"",""observedAt"":""2026-09-29T10:29:50.000Z"",""finalClose"":true}",6,2026-09-29T10:29:50Z,v1
score-967be60c0d1f4071,score,2026-09-29,2026-09-29T10:29:50Z,score-12eaddb6d07ef7e7,실제 종가 정정(585000 → 584000),"{""forecastId"":""2026-09-28-atlas11-27e1f65cfc167be9"",""inputSnapshotSHA256"":""de24b81acc078fa860e8f7b313a119754a893c84f09f509a71109b30bb5057b7"",""collectionRecordId"":""collection-c641cae6d9fe0e3e""}",2026-09-28-atlas11-27e1f65cfc167be9,atlas11-A-1,live,,2026-09-28T13:29:56.398Z,2026-09-28,578000,034730,SK,util,2026-09-29,1,true,"{""p05"":541444.4294046052,""p10"":550635.5661565217,""p25"":564535.1303113344,""p50"":576872.1475233042,""p75"":589655.7779364492,""p90"":604443.705473313,""p95"":617153.4516341505}",584000,-7127.852476695785,1.2205226843657166,1.5,true,-0.0019513018627954626,0.01038062283737018,down,up,false,550635.5661565217,604443.705473313,true,9.309366663804726,53808.13931679132,0.09309366663804726,"{""up"":0.4624,""flat"":0.0276,""down"":0.51}",0.5498755200000001,3,크기 허용·방향 틀림,true,"{""sourceUrl"":""https://fchart.stock.naver.com/sise.nhn?symbol=034730&timeframe=day&count=30&requestType=0"",""rawHash"":""ada98e5b815c0060dd95ce877b0a6ae1bded74c529e51dbb9582bf28ef2aa7c5"",""observedAt"":""2026-09-29T10:29:50.000Z"",""finalClose"":true}",5,2026-09-29T10:29:50Z,v1
score-cff43624d4049f55,score,2026-09-29,2026-09-29T10:29:50Z,score-b1dd432481961230,실제 종가 정정(651000 → 651000),"{""forecastId"":""2026-09-28-atlas11-27e1f65cfc167be9"",""inputSnapshotSHA256"":""de24b81acc078fa860e8f7b313a119754a893c84f09f509a71109b30bb5057b7"",""collectionRecordId"":""collection-c641cae6d9fe0e3e""}",2026-09-28-atlas11-27e1f65cfc167be9,atlas11-A-1,live,,2026-09-28T13:29:56.398Z,2026-09-28,661000,000810,삼성화재,fin,2026-09-29,1,true,"{""p05"":636920.9851996747,""p10"":643276.2325376064,""p25"":651731.5013673092,""p50"":659816.9294697228,""p75"":667681.3182408422,""p90"":678637.1886861576,""p95"":689444.3602459042}",651000,8816.929469722789,1.354367046040367,1.5,true,-0.0017898192591183637,-0.015128593040847238,down,down,true,643276.2325376064,678637.1886861576,true,5.349615151066747,35360.956148551195,0.053496151510667465,"{""up"":0.43965,""flat"":0.0426,""down"":0.51775}",0.42767194499999994,1,방향·크기 모두 맞음,false,"{""sourceUrl"":""https://fchart.stock.naver.com/sise.nhn?symbol=000810&timeframe=day&count=30&requestType=0"",""rawHash"":""a3b20a654400b7c8a4661ab32b43664856fc10efbcb50e159d45174816c50550"",""observedAt"":""2026-09-29T10:29:50.000Z"",""finalClose"":true}",5,2026-09-29T10:29:50Z,v1
score-caa80fb6dfeb8ef2,score,2026-09-29,2026-09-29T10:29:50Z,score-ecabd19bfd436039,실제 종가 정정(132300 → 132200),"{""forecastId"":""2026-09-28-atlas11-27e1f65cfc167be9"",""inputSnapshotSHA256"":""de24b81acc078fa860e8f7b313a119754a893c84f09f509a71109b30bb5057b7"",""collectionRecordId"":""collection-c641cae6d9fe0e3e""}",2026-09-28-atlas11-27e1f65cfc167be9,atlas11-A-1,live,,2026-09-28T13:29:56.398Z,2026-09-28,133400,138040,메리츠금융지주,fin,2026-09-29,1,true,"{""p05"":128258.61922292049,""p10"":129551.53986593716,""p25"":131243.71664324414,""p50"":132768.04948520704,""p75"":134741.74697269898,""p90"":137216.58867525094,""p95"":139029.9283805387}",132200,568.0494852070406,0.4296894744380035,1.5,true,-0.0047372602308317635,-0.008995502248875575,down,down,true,129551.53986593716,137216.58867525094,true,5.745913650160257,7665.048809313783,0.05745913650160257,"{""up"":0.3737,""flat"":0.05435,""down"":0.57195}",0.32583241500000004,1,방향·크기 모두 맞음,false,"{""sourceUrl"":""https://fchart.stock.naver.com/sise.nhn?symbol=138040&timeframe=day&count=30&requestType=0"",""rawHash"":""8f8b038c03ac2f24659e7d922caf6dda4e4119db1dd99047dac150ad6b6af1f5"",""observedAt"":""2026-09-29T10:29:50.000Z"",""finalClose"":true}",5,2026-09-29T10:29:50Z,v1
score-1ebc7f9edeb49f22,score,2026-09-29,2026-09-29T10:29:50Z,score-3544fe7cafc0e2f5,실제 종가 정정(86100 → 86000),"{""forecastId"":""2026-09-28-atlas11-27e1f65cfc167be9"",""inputSnapshotSHA256"":""de24b81acc078fa860e8f7b313a119754a893c84f09f509a71109b30bb5057b7"",""collectionRecordId"":""collection-c641cae6d9fe0e3e""}",2026-09-28-atlas11-27e1f65cfc167be9,atlas11-A-1,live,,2026-09-28T13:29:56.398Z,2026-09-28,88200,017670,SK텔레콤,net,2026-09-29,1,true,"{""p05"":86014.63786289914,""p10"":86629.32903866011,""p25"":87333.76015966752,""p50"":88130.93327254953,""p75"":88923.78705407819,""p90"":89991.39269743017,""p95"":90720.98592945815}",86000,2130.9332725495333,2.477829386685504,1.5,false,-0.0007830694722275044,-0.024943310657596363,down,down,true,86629.32903866011,89991.39269743017,false,3.81186355869621,9655.354045371205,0.10947113430126082,"{""up"":0.45295,""flat"":0.07725,""down"":0.4698}",0.492243305,2,방향 맞고 크기 틀림,true,"{""sourceUrl"":""https://fchart.stock.naver.com/sise.nhn?symbol=017670&timeframe=day&count=30&requestType=0"",""rawHash"":""802fcf98272189560266ec41f8b7ed5f78b80578ae2273fd2ebc25f70b9b6cee"",""observedAt"":""2026-09-29T10:29:50.000Z"",""finalClose"":true}",2,2026-09-29T10:29:50Z,v1
score-dca758681cd5df4c,score,2026-09-29,2026-09-29T10:29:50Z,score-e1c991831b7d1c68,실제 종가 정정(176100 → 176100),"{""forecastId"":""2026-09-28-atlas11-27e1f65cfc167be9"",""inputSnapshotSHA256"":""de24b81acc078fa860e8f7b313a119754a893c84f09f509a71109b30bb5057b7"",""collectionRecordId"":""collection-c641cae6d9fe0e3e""}",2026-09-28-atlas11-27e1f65cfc167be9,atlas11-A-1,live,,2026-09-28T13:29:56.398Z,2026-09-28,175400,033780,KT&G,cons,2026-09-29,1,true,"{""p05"":170583.93921499507,""p10"":172149.2145070198,""p25"":173701.56201631532,""p50"":175265.80363252517,""p75"":176943.40485221357,""p90"":179093.1559451884,""p95"":180663.200499342}",176100,-834.1963674748258,0.47370605762341045,1.5,true,-0.0007650876138816098,0.003990877993158559,down,up,false,172149.2145070198,179093.1559451884,true,3.9589175816240636,6943.941438168607,0.039589175816240635,"{""up"":0.4473,""flat"":0.0571,""down"":0.4956}",0.55435706,3,크기 허용·방향 틀림,true,"{""sourceUrl"":""https://fchart.stock.naver.com/sise.nhn?symbol=033780&timeframe=day&count=30&requestType=0"",""rawHash"":""a0f723b36411bda3c6efd24995e9f106e3672d698218fe7e648eb161d23a7613"",""observedAt"":""2026-09-29T10:29:50.000Z"",""finalClose"":true}",4,2026-09-29T10:29:50Z,v1
score-94094d087bfd5fe6,score,2026-09-29,2026-09-29T10:29:50Z,score-61f9f3623d8847f1,실제 종가 정정(52600 → 52600),"{""forecastId"":""2026-09-28-atlas11-27e1f65cfc167be9"",""inputSnapshotSHA256"":""de24b81acc078fa860e8f7b313a119754a893c84f09f509a71109b30bb5057b7"",""collectionRecordId"":""collection-c641cae6d9fe0e3e""}",2026-09-28-atlas11-27e1f65cfc167be9,atlas11-A-1,live,,2026-09-28T13:29:56.398Z,2026-09-28,52900,030200,KT,net,2026-09-29,1,true,"{""p05"":51774.6861769322,""p10"":52072.27304558202,""p25"":52456.53257664795,""p50"":52910.11231608776,""p75"":53337.47220230064,""p90"":53764.704239533836,""p95"":54183.586368306904}",52600,310.1123160877614,0.5895671408512574,1.5,true,0.00019115909428668587,-0.005671077504725952,up,down,false,52072.27304558202,53764.704239533836,true,3.1993028241055113,1692.4311939518157,0.03199302824105511,"{""up"":0.4654,""flat"":0.07895,""down"":0.45565}",0.519147185,3,크기 허용·방향 틀림,true,"{""sourceUrl"":""https://fchart.stock.naver.com/sise.nhn?symbol=030200&timeframe=day&count=30&requestType=0"",""rawHash"":""e8574855498faf4b253178336564fb905338131be4923a708adf3c8c176d8e78"",""observedAt"":""2026-09-29T10:29:50.000Z"",""finalClose"":true}",6,2026-09-29T10:29:50Z,v1
score-55339cc489e75635,score,2026-09-29,2026-09-29T10:29:50Z,score-f2ea0daab2c73ab6,실제 종가 정정(1223000 → 1223000),"{""forecastId"":""2026-09-28-atlas11-27e1f65cfc167be9"",""inputSnapshotSHA256"":""de24b81acc078fa860e8f7b313a119754a893c84f09f509a71109b30bb5057b7"",""collectionRecordId"":""collection-c641cae6d9fe0e3e""}",2026-09-28-atlas11-27e1f65cfc167be9,atlas11-A-1,live,,2026-09-28T13:29:56.398Z,2026-09-28,1215000,003230,삼양식품,cons,2026-09-29,1,true,"{""p05"":1167110.028335501,""p10"":1174454.1380512444,""p25"":1190702.1285725543,""p50"":1210056.0148690285,""p75"":1232583.579668155,""p90"":1264359.4294562682,""p95"":1284787.257981781}",1223000,-12943.98513097153,1.0583798144702805,1.5,true,-0.004069123564585664,0.006584362139917754,down,up,false,1174454.1380512444,1264359.4294562682,true,7.399612461318829,89905.29140502377,0.07399612461318829,"{""up"":0.42485,""flat"":0.032,""down"":0.54315}",0.6268334450000002,3,크기 허용·방향 틀림,false,"{""sourceUrl"":""https://fchart.stock.naver.com/sise.nhn?symbol=003230&timeframe=day&count=30&requestType=0"",""rawHash"":""a5bc24a109475f49ce5e168ac7525d2d53b83b49458d4b972601fe528ac44c8f"",""observedAt"":""2026-09-29T10:29:50.000Z"",""finalClose"":true}",6,2026-09-29T10:29:50Z,v1
score-816c926c3c14044a,score,2026-09-29,2026-09-29T10:29:50Z,score-22d21870779b94a9,실제 종가 정정(197700 → 197900),"{""forecastId"":""2026-09-28-atlas11-27e1f65cfc167be9"",""inputSnapshotSHA256"":""de24b81acc078fa860e8f7b313a119754a893c84f09f509a71109b30bb5057b7"",""collectionRecordId"":""collection-c641cae6d9fe0e3e""}",2026-09-28-atlas11-27e1f65cfc167be9,atlas11-A-1,live,,2026-09-28T13:29:56.398Z,2026-09-28,202000,259960,크래프톤,net,2026-09-29,1,true,"{""p05"":194515.72419384462,""p10"":197017.13445517886,""p25"":199449.24124120484,""p50"":201850.14621360938,""p75"":204224.09963040406,""p90"":207071.6672737196,""p95"":208878.4781730164}",197900,3950.146213609376,1.9960314368920546,1.5,false,-0.0007418504276763827,-0.020297029702970315,down,down,true,197017.13445517886,207071.6672737196,true,4.977491494327093,10054.532818540727,0.04977491494327092,"{""up"":0.4535,""flat"":0.04995,""down"":0.49655}",0.46161915499999995,2,방향 맞고 크기 틀림,true,"{""sourceUrl"":""https://fchart.stock.naver.com/sise.nhn?symbol=259960&timeframe=day&count=30&requestType=0"",""rawHash"":""d50cdf9be30ce4878bddcd214340adf9c56fe6f0562e4b44013e1fa0df7fcbcd"",""observedAt"":""2026-09-29T10:29:50.000Z"",""finalClose"":true}",4,2026-09-29T10:29:50Z,v1
score-65be7f3cc51c0c94,score,2026-09-29,2026-09-29T10:29:50Z,score-af7394a76aed409b,실제 종가 정정(158900 → 158900),"{""forecastId"":""2026-09-28-atlas11-27e1f65cfc167be9"",""inputSnapshotSHA256"":""de24b81acc078fa860e8f7b313a119754a893c84f09f509a71109b30bb5057b7"",""collectionRecordId"":""collection-c641cae6d9fe0e3e""}",2026-09-28-atlas11-27e1f65cfc167be9,atlas11-A-1,live,,2026-09-28T13:29:56.398Z,2026-09-28,161900,352820,하이브,net,2026-09-29,1,true,"{""p05"":155232.85397148438,""p10"":157519.94177044442,""p25"":159309.4767072444,""p50"":161861.67662654756,""p75"":164463.18908158338,""p90"":167446.62046544807,""p95"":169441.2786518481}",158900,2961.67662654756,1.8638619424465448,1.5,false,-0.000236710151034214,-0.018529956763434163,down,down,true,157519.94177044442,167446.62046544807,true,6.131364234097374,9926.678695003648,0.06131364234097374,"{""up"":0.47325,""flat"":0.03555,""down"":0.4912}",0.4841068049999999,2,방향 맞고 크기 틀림,true,"{""sourceUrl"":""https://fchart.stock.naver.com/sise.nhn?symbol=352820&timeframe=day&count=30&requestType=0"",""rawHash"":""1455cfa8530faedfbafbdb49a120ee05b15b654ba15f76ab1942cc10415d650d"",""observedAt"":""2026-09-29T10:29:50.000Z"",""finalClose"":true}",3,2026-09-29T10:29:50Z,v1
score-093c77da37633b98,score,2026-09-29,2026-09-29T10:29:50Z,score-7da8910487c143a0,실제 종가 정정(471500 → 471000),"{""forecastId"":""2026-09-28-atlas11-27e1f65cfc167be9"",""inputSnapshotSHA256"":""de24b81acc078fa860e8f7b313a119754a893c84f09f509a71109b30bb5057b7"",""collectionRecordId"":""collection-c641cae6d9fe0e3e""}",2026-09-28-atlas11-27e1f65cfc167be9,atlas11-A-1,live,,2026-09-28T13:29:56.398Z,2026-09-28,480000,002380,KCC,chem,2026-09-29,1,true,"{""p05"":461638.69350293395,""p10"":467040.30266720115,""p25"":473829.0278103937,""p50"":479653.2511743554,""p75"":486244.3537191055,""p90"":494544.245614142,""p95"":500026.59376739257}",471000,8653.251174355391,1.8372083172729068,1.5,false,-0.0007223933867596122,-0.018750000000000044,down,down,true,467040.30266720115,494544.245614142,true,5.729988113946007,27503.942946940835,0.05729988113946007,"{""up"":0.47015,""flat"":0.0517,""down"":0.47815}",0.4960413349999999,2,방향 맞고 크기 틀림,true,"{""sourceUrl"":""https://fchart.stock.naver.com/sise.nhn?symbol=002380&timeframe=day&count=30&requestType=0"",""rawHash"":""b15aa37f3ba38eddf6b17c4f3f694fb65d940a64553c172d1d3848c0d89dc23f"",""observedAt"":""2026-09-29T10:29:50.000Z"",""finalClose"":true}",4,2026-09-29T10:29:50Z,v1
score-cef8281dec2c3886,score,2026-09-29,2026-09-29T10:29:50Z,score-0ca7d5e6ad0d0b41,실제 종가 정정(338000 → 338500),"{""forecastId"":""2026-09-28-atlas11-27e1f65cfc167be9"",""inputSnapshotSHA256"":""de24b81acc078fa860e8f7b313a119754a893c84f09f509a71109b30bb5057b7"",""collectionRecordId"":""collection-c641cae6d9fe0e3e""}",2026-09-28-atlas11-27e1f65cfc167be9,atlas11-A-1,live,,2026-09-28T13:29:56.398Z,2026-09-28,343500,004170,신세계,cons,2026-09-29,1,true,"{""p05"":325591.92873973766,""p10"":330277.93028220045,""p25"":337821.7994516415,""p50"":343342.7455045114,""p75"":349708.27956694935,""p90"":358103.5422087219,""p95"":364124.3141965789}",338500,4842.745504511404,1.4306485980831327,1.5,true,-0.0004578005691080467,-0.01455604075691408,down,down,true,330277.93028220045,358103.5422087219,true,8.10061482577044,27825.611926521466,0.08100614825770441,"{""up"":0.47355,""flat"":0.0385,""down"":0.48795}",0.487927055,1,방향·크기 모두 맞음,true,"{""sourceUrl"":""https://fchart.stock.naver.com/sise.nhn?symbol=004170&timeframe=day&count=30&requestType=0"",""rawHash"":""da6d5db57f807cd0ba7cab34779ddd3ad4405afbe85bb0523dba867696dd38df"",""observedAt"":""2026-09-29T10:29:50.000Z"",""finalClose"":true}",6,2026-09-29T10:29:50Z,v1
score-950c72d0bb01786b,score,2026-09-29,2026-09-29T10:29:50Z,score-39709f147eb7896a,실제 종가 정정(82700 → 82800),"{""forecastId"":""2026-09-28-atlas11-27e1f65cfc167be9"",""inputSnapshotSHA256"":""de24b81acc078fa860e8f7b313a119754a893c84f09f509a71109b30bb5057b7"",""collectionRecordId"":""collection-c641cae6d9fe0e3e""}",2026-09-28-atlas11-27e1f65cfc167be9,atlas11-A-1,live,,2026-09-28T13:29:56.398Z,2026-09-28,83300,012750,에스원,util,2026-09-29,1,true,"{""p05"":80536.35559825318,""p10"":81172.85357237454,""p25"":82388.62118419673,""p50"":83318.45216759473,""p75"":84258.21009974211,""p90"":85391.78037238593,""p95"":86122.37683397422}",82800,518.4521675947326,0.6261499608632036,1.5,true,0.00022151461698349806,-0.00600240096038418,down,down,true,81172.85357237454,85391.78037238593,true,5.064738055235751,4218.926800011381,0.05064738055235751,"{""up"":0.47765,""flat"":0.03765,""down"":0.4847}",0.49510113499999997,1,방향·크기 모두 맞음,true,"{""sourceUrl"":""https://fchart.stock.naver.com/sise.nhn?symbol=012750&timeframe=day&count=30&requestType=0"",""rawHash"":""1683712c38f083406259284d1f896c9205aa5f2e66bb0f345d3df98710821843"",""observedAt"":""2026-09-29T10:29:50.000Z"",""finalClose"":true}",5,2026-09-29T10:29:50Z,v1
score-df2fd528a34ca7d3,score,2026-09-29,2026-09-29T10:29:50Z,score-eaeefbd7fe197db6,실제 종가 정정(70700 → 70600),"{""forecastId"":""2026-09-28-atlas11-27e1f65cfc167be9"",""inputSnapshotSHA256"":""de24b81acc078fa860e8f7b313a119754a893c84f09f509a71109b30bb5057b7"",""collectionRecordId"":""collection-c641cae6d9fe0e3e""}",2026-09-28-atlas11-27e1f65cfc167be9,atlas11-A-1,live,,2026-09-28T13:29:56.398Z,2026-09-28,71400,111770,영원무역,cons,2026-09-29,1,true,"{""p05"":68842.66994813422,""p10"":69525.65055750564,""p25"":70476.31557287904,""p50"":71351.78551452573,""p75"":72238.18154303075,""p90"":73292.22388245884,""p95"":73873.29414420051}",70600,751.7855145257345,1.0648520035775275,1.5,true,-0.000675272905802049,-0.011204481792717047,down,down,true,69525.65055750564,73292.22388245884,true,5.275312780046507,3766.573324953206,0.052753127800465066,"{""up"":0.46705,""flat"":0.04505,""down"":0.4879}",0.482411615,1,방향·크기 모두 맞음,true,"{""sourceUrl"":""https://fchart.stock.naver.com/sise.nhn?symbol=111770&timeframe=day&count=30&requestType=0"",""rawHash"":""897556750f5a3f49c38357dbd546597433970262a817bbef7045677160a450f9"",""observedAt"":""2026-09-29T10:29:50.000Z"",""finalClose"":true}",6,2026-09-29T10:29:50Z,v1
score-88f4b4679941703f,score,2026-09-29,2026-09-29T10:29:50Z,score-00f1cfaeecb212a6,실제 종가 정정(14370 → 14370),"{""forecastId"":""2026-09-28-atlas11-27e1f65cfc167be9"",""inputSnapshotSHA256"":""de24b81acc078fa860e8f7b313a119754a893c84f09f509a71109b30bb5057b7"",""collectionRecordId"":""collection-c641cae6d9fe0e3e""}",2026-09-28-atlas11-27e1f65cfc167be9,atlas11-A-1,live,,2026-09-28T13:29:56.398Z,2026-09-28,14450,035250,강원랜드,cons,2026-09-29,1,true,"{""p05"":14183.803323297225,""p10"":14264.909549354876,""p25"":14354.522617006493,""p50"":14454.352468732806,""p75"":14551.437953332595,""p90"":14660.526899943452,""p95"":14728.701759173704}",14370,84.3524687328063,0.5870039577787495,1.5,true,0.00030120890884477447,-0.00553633217993077,up,down,false,14264.909549354876,14660.526899943452,true,2.7378363362531233,395.6173505885763,0.027378363362531234,"{""up"":0.47815,""flat"":0.0612,""down"":0.46065}",0.523271285,3,크기 허용·방향 틀림,true,"{""sourceUrl"":""https://fchart.stock.naver.com/sise.nhn?symbol=035250&timeframe=day&count=30&requestType=0"",""rawHash"":""89ce8045ee3bdbe96818f16d159b4f562edd8c95efbcd585108fced5b5d6ed3f"",""observedAt"":""2026-09-29T10:29:50.000Z"",""finalClose"":true}",5,2026-09-29T10:29:50Z,v1
score-b13a14172c149970,score,2026-09-29,2026-09-29T10:29:50Z,score-2ae756f0c97c6e79,실제 종가 정정(17830 → 17820),"{""forecastId"":""2026-09-28-atlas11-27e1f65cfc167be9"",""inputSnapshotSHA256"":""de24b81acc078fa860e8f7b313a119754a893c84f09f509a71109b30bb5057b7"",""collectionRecordId"":""collection-c641cae6d9fe0e3e""}",2026-09-28-atlas11-27e1f65cfc167be9,atlas11-A-1,live,,2026-09-28T13:29:56.398Z,2026-09-28,17810,030000,제일기획,net,2026-09-29,1,true,"{""p05"":17433.565653654616,""p10"":17535.026889048455,""p25"":17681.85994267285,""p50"":17816.071505705717,""p75"":17949.803295727947,""p90"":18104.463046077653,""p95"":18191.681431911446}",17820,-3.928494294283155,0.0220454225268415,1.5,true,0.0003409043068902662,0.0005614823133071045,up,flat,false,17535.026889048455,18104.463046077653,true,3.1972833072947697,569.4361570291985,0.031972833072947696,"{""up"":0.47655,""flat"":0.08075,""down"":0.4427}",1.268103755,3,크기 허용·방향 틀림,true,"{""sourceUrl"":""https://fchart.stock.naver.com/sise.nhn?symbol=030000&timeframe=day&count=30&requestType=0"",""rawHash"":""ecda6da90153bcd16fa37e465d5920276a76f58f2f90668b9806e1afe3709843"",""observedAt"":""2026-09-29T10:29:50.000Z"",""finalClose"":true}",6,2026-09-29T10:29:50Z,v1
