origin,target,code,actual,A,F02-DGS2,F04-DFII10,F05-BAA10Y,F06-DEXKOUS,F07-WALCL,F09-SP500,F10-VIXCLS
2026-04-06,2026-04-07,005930,up,down,down,down,down,down,up,down,down
2026-04-06,2026-04-07,009150,down,down,down,down,down,down,down,down,down
2026-04-06,2026-04-07,373220,down,down,down,down,down,down,down,down,down
2026-04-06,2026-04-07,005380,up,down,down,down,down,down,down,down,down
2026-04-06,2026-04-07,207940,up,down,down,down,down,down,up,down,down
2026-04-06,2026-04-07,105560,down,down,down,down,down,down,down,down,down
2026-04-06,2026-04-07,028260,up,down,down,down,down,down,up,down,down
2026-04-06,2026-04-07,032830,down,down,down,down,down,down,up,down,up
2026-04-06,2026-04-07,012450,up,down,down,down,down,down,down,down,down
2026-04-06,2026-04-07,034020,down,down,down,down,down,down,up,down,down
2026-04-06,2026-04-07,329180,down,down,down,down,down,down,down,down,down
2026-04-06,2026-04-07,034730,down,down,down,down,down,down,down,down,down
2026-04-06,2026-04-07,012330,up,down,down,down,down,down,down,down,down
2026-04-06,2026-04-07,066570,down,down,down,down,down,down,up,down,down
2026-04-06,2026-04-07,035420,down,up,up,up,up,up,up,up,up
2026-04-06,2026-04-07,010120,down,down,down,down,down,down,down,down,up
2026-04-06,2026-04-07,000810,up,up,up,up,up,up,up,up,up
2026-04-06,2026-04-07,005490,down,down,down,down,down,down,down,down,down
2026-04-06,2026-04-07,010130,down,down,up,down,up,down,down,down,up
2026-04-06,2026-04-07,138040,down,down,down,down,down,down,down,down,down
2026-04-06,2026-04-07,015760,down,down,down,down,down,down,down,down,down
2026-04-06,2026-04-07,011200,up,down,down,down,down,down,down,down,down
2026-04-06,2026-04-07,051910,up,down,down,down,down,down,down,down,down
2026-04-06,2026-04-07,017670,up,down,down,down,down,down,down,down,down
2026-04-06,2026-04-07,033780,down,down,down,down,down,down,down,down,up
2026-04-06,2026-04-07,196170,down,down,up,down,down,down,down,down,down
2026-04-06,2026-04-07,018260,down,down,down,down,up,down,down,down,down
2026-04-06,2026-04-07,086280,down,down,down,down,down,down,down,down,down
2026-04-06,2026-04-07,000720,up,down,down,down,down,down,down,down,up
2026-04-06,2026-04-07,278470,down,down,down,down,down,down,down,down,up
2026-04-06,2026-04-07,030200,down,down,down,down,down,down,down,down,down
2026-04-06,2026-04-07,003490,down,down,down,down,down,down,down,down,down
2026-04-06,2026-04-07,047050,down,down,down,down,down,down,down,down,down
2026-04-06,2026-04-07,003230,down,down,down,down,down,down,down,down,down
2026-04-06,2026-04-07,259960,down,down,down,down,down,down,down,down,down
2026-04-06,2026-04-07,021240,up,down,down,down,down,down,down,down,down
2026-04-06,2026-04-07,352820,down,up,up,up,up,up,up,up,up
2026-04-06,2026-04-07,009830,down,down,down,down,down,down,down,down,down
2026-04-06,2026-04-07,029780,up,up,up,up,up,up,up,up,up
2026-04-06,2026-04-07,028300,up,down,down,down,down,down,up,down,down
2026-04-06,2026-04-07,034220,up,down,down,down,down,down,down,down,down
2026-04-06,2026-04-07,002380,up,up,up,up,up,up,up,up,up
2026-04-06,2026-04-07,036460,down,down,down,down,down,up,down,down,up
2026-04-06,2026-04-07,004170,down,down,down,down,down,down,down,down,down
2026-04-06,2026-04-07,012750,up,up,up,up,up,up,up,up,up
2026-04-06,2026-04-07,111770,up,down,down,down,down,down,down,down,up
2026-04-06,2026-04-07,035250,down,down,down,down,down,down,down,down,down
2026-04-06,2026-04-07,257720,up,up,up,down,up,up,up,up,up
2026-04-06,2026-04-07,226950,down,down,down,down,down,down,down,down,down
2026-04-06,2026-04-07,010170,down,down,down,down,down,down,down,down,down
2026-04-06,2026-04-07,214370,down,down,down,down,down,down,down,down,down
2026-04-06,2026-04-07,030000,up,up,up,up,up,up,up,up,up
2026-04-07,2026-04-08,005930,up,down,down,down,down,down,up,down,down
2026-04-07,2026-04-08,009150,up,down,down,down,down,down,down,down,down
2026-04-07,2026-04-08,373220,down,down,down,down,down,down,down,down,down
2026-04-07,2026-04-08,005380,up,down,down,down,down,down,down,down,down
2026-04-07,2026-04-08,207940,up,down,down,down,down,down,down,down,down
2026-04-07,2026-04-08,105560,up,down,down,down,down,down,down,down,down
2026-04-07,2026-04-08,028260,up,down,down,down,down,down,up,down,down
2026-04-07,2026-04-08,032830,up,down,down,down,down,down,up,down,up
2026-04-07,2026-04-08,012450,down,down,down,down,down,down,down,down,down
2026-04-07,2026-04-08,034020,up,down,down,down,down,down,up,down,down
2026-04-07,2026-04-08,329180,up,down,down,down,down,down,down,down,down
2026-04-07,2026-04-08,034730,up,up,up,up,up,down,up,up,up
2026-04-07,2026-04-08,012330,up,down,down,down,down,down,down,down,down
2026-04-07,2026-04-08,066570,up,up,up,up,up,up,up,up,down
2026-04-07,2026-04-08,035420,up,up,up,up,up,up,up,up,up
2026-04-07,2026-04-08,010120,flat,up,up,up,up,up,up,up,up
2026-04-07,2026-04-08,000810,up,up,up,up,up,up,up,up,up
2026-04-07,2026-04-08,005490,up,down,down,down,down,down,up,down,down
2026-04-07,2026-04-08,010130,up,down,down,down,down,down,down,down,up
2026-04-07,2026-04-08,138040,up,down,down,down,down,down,down,down,down
2026-04-07,2026-04-08,015760,up,down,down,down,down,down,down,down,down
2026-04-07,2026-04-08,011200,up,down,down,down,down,down,down,down,down
2026-04-07,2026-04-08,051910,up,down,down,down,down,down,down,down,down
2026-04-07,2026-04-08,017670,up,down,down,down,down,down,down,down,down
2026-04-07,2026-04-08,033780,up,up,up,up,up,up,up,up,up
2026-04-07,2026-04-08,196170,up,down,up,down,down,down,down,down,down
2026-04-07,2026-04-08,018260,up,up,up,up,up,up,up,up,up
2026-04-07,2026-04-08,086280,up,up,up,up,up,up,up,up,down
2026-04-07,2026-04-08,000720,up,down,down,down,down,down,down,down,up
2026-04-07,2026-04-08,278470,up,down,down,down,down,down,down,down,up
2026-04-07,2026-04-08,030200,up,up,up,up,up,up,up,up,up
2026-04-07,2026-04-08,003490,up,down,down,down,down,down,down,down,up
2026-04-07,2026-04-08,047050,down,down,down,down,down,down,down,down,down
2026-04-07,2026-04-08,003230,up,down,down,down,down,down,down,down,down
2026-04-07,2026-04-08,259960,up,up,up,up,up,up,up,up,up
2026-04-07,2026-04-08,021240,up,down,down,down,down,down,down,down,down
2026-04-07,2026-04-08,352820,up,up,up,up,up,up,up,up,up
2026-04-07,2026-04-08,009830,up,down,down,down,down,down,down,down,up
2026-04-07,2026-04-08,029780,up,up,up,up,up,up,up,up,up
2026-04-07,2026-04-08,028300,up,up,up,up,up,up,up,up,down
2026-04-07,2026-04-08,034220,up,down,down,down,down,down,down,down,down
2026-04-07,2026-04-08,002380,up,up,up,up,up,up,up,up,up
2026-04-07,2026-04-08,036460,up,down,down,down,down,up,down,down,up
2026-04-07,2026-04-08,004170,up,down,down,down,down,down,down,down,down
2026-04-07,2026-04-08,012750,up,up,up,down,up,up,up,up,up
2026-04-07,2026-04-08,111770,up,down,down,down,down,down,down,down,up
2026-04-07,2026-04-08,035250,up,down,down,down,down,down,down,down,up
2026-04-07,2026-04-08,257720,up,up,up,down,up,up,up,up,up
2026-04-07,2026-04-08,226950,up,down,down,down,down,down,down,down,down
2026-04-07,2026-04-08,010170,up,down,down,down,down,down,down,down,down
2026-04-07,2026-04-08,214370,up,up,up,up,up,up,up,up,up
2026-04-07,2026-04-08,030000,up,up,up,up,up,up,up,up,up
2026-04-08,2026-04-09,005930,down,down,down,down,down,down,down,down,down
2026-04-08,2026-04-09,009150,up,down,down,down,down,down,down,down,down
2026-04-08,2026-04-09,373220,up,down,down,down,down,down,down,down,down
2026-04-08,2026-04-09,005380,down,down,down,down,down,down,down,down,down
2026-04-08,2026-04-09,207940,down,down,down,down,down,down,down,down,down
2026-04-08,2026-04-09,105560,down,up,up,up,up,up,up,up,up
2026-04-08,2026-04-09,028260,down,down,down,down,down,down,down,down,down
2026-04-08,2026-04-09,032830,down,down,down,down,down,down,down,down,down
2026-04-08,2026-04-09,012450,down,down,down,down,down,down,down,down,down
2026-04-08,2026-04-09,034020,down,down,down,down,down,down,down,down,down
2026-04-08,2026-04-09,329180,down,down,down,down,down,down,down,down,down
2026-04-08,2026-04-09,034730,down,down,down,down,down,down,down,down,down
2026-04-08,2026-04-09,012330,down,down,down,down,down,down,down,down,down
2026-04-08,2026-04-09,066570,up,down,down,down,down,down,up,down,down
2026-04-08,2026-04-09,035420,flat,down,up,down,down,down,down,down,down
2026-04-08,2026-04-09,010120,flat,down,down,down,down,up,down,down,up
2026-04-08,2026-04-09,000810,down,down,down,down,down,down,down,down,down
2026-04-08,2026-04-09,005490,up,down,down,down,down,down,down,down,down
2026-04-08,2026-04-09,010130,down,up,up,up,up,up,up,up,up
2026-04-08,2026-04-09,138040,down,down,down,down,down,down,down,down,down
2026-04-08,2026-04-09,015760,down,down,down,down,down,down,down,down,down
2026-04-08,2026-04-09,011200,up,down,down,down,down,down,down,down,down
2026-04-08,2026-04-09,051910,up,down,down,down,down,down,down,down,down
2026-04-08,2026-04-09,017670,up,down,down,down,down,down,down,down,down
2026-04-08,2026-04-09,033780,up,down,down,down,down,down,down,down,down
2026-04-08,2026-04-09,196170,down,down,down,down,down,down,down,down,down
2026-04-08,2026-04-09,018260,down,down,down,down,down,down,down,down,down
2026-04-08,2026-04-09,086280,down,up,up,up,down,up,up,up,down
2026-04-08,2026-04-09,000720,down,down,down,down,down,down,down,down,down
2026-04-08,2026-04-09,278470,up,down,down,down,down,down,down,down,up
2026-04-08,2026-04-09,030200,flat,down,down,down,down,down,down,down,down
2026-04-08,2026-04-09,003490,down,down,down,down,down,down,down,down,down
2026-04-08,2026-04-09,047050,up,down,down,down,down,down,down,down,down
2026-04-08,2026-04-09,003230,up,down,down,down,down,down,down,down,down
2026-04-08,2026-04-09,259960,flat,down,down,down,down,down,down,down,down
2026-04-08,2026-04-09,021240,down,down,down,down,down,down,down,down,down
2026-04-08,2026-04-09,352820,down,up,up,up,up,up,up,up,up
2026-04-08,2026-04-09,009830,down,down,down,down,down,down,down,down,up
2026-04-08,2026-04-09,029780,up,up,up,up,up,up,up,up,up
2026-04-08,2026-04-09,028300,up,down,down,down,down,down,down,down,down
2026-04-08,2026-04-09,034220,down,down,down,down,down,down,down,down,down
2026-04-08,2026-04-09,002380,up,down,down,down,down,down,down,down,down
2026-04-08,2026-04-09,036460,up,down,down,down,down,down,down,down,down
2026-04-08,2026-04-09,004170,up,down,down,down,down,down,down,down,down
2026-04-08,2026-04-09,012750,up,up,up,up,up,up,up,up,up
2026-04-08,2026-04-09,111770,down,down,down,down,down,down,down,down,up
2026-04-08,2026-04-09,035250,up,down,down,down,down,down,down,down,up
2026-04-08,2026-04-09,257720,up,down,down,down,down,down,down,down,down
2026-04-08,2026-04-09,226950,down,down,down,down,down,down,down,down,down
2026-04-08,2026-04-09,010170,down,down,down,down,down,down,down,down,down
2026-04-08,2026-04-09,214370,down,down,down,down,down,down,down,down,down
2026-04-08,2026-04-09,030000,down,up,up,up,up,up,up,up,up
2026-04-09,2026-04-10,005930,up,down,down,down,down,down,up,down,down
2026-04-09,2026-04-10,009150,up,down,down,down,down,down,down,down,down
2026-04-09,2026-04-10,373220,down,down,down,down,down,down,down,down,down
2026-04-09,2026-04-10,005380,flat,down,down,down,down,down,down,down,down
2026-04-09,2026-04-10,207940,down,down,down,down,down,down,down,down,down
2026-04-09,2026-04-10,105560,up,up,up,up,up,up,up,up,up
2026-04-09,2026-04-10,028260,up,down,down,down,down,down,down,down,down
2026-04-09,2026-04-10,032830,up,down,down,down,down,down,up,down,up
2026-04-09,2026-04-10,012450,up,down,down,down,down,down,down,down,down
2026-04-09,2026-04-10,034020,up,down,down,down,down,down,down,down,down
2026-04-09,2026-04-10,329180,up,down,down,down,down,down,down,down,down
2026-04-09,2026-04-10,034730,up,down,down,down,down,down,down,down,down
2026-04-09,2026-04-10,012330,up,down,down,down,down,down,down,down,down
2026-04-09,2026-04-10,066570,up,down,down,down,down,down,down,down,down
2026-04-09,2026-04-10,035420,up,up,up,up,up,up,up,up,up
2026-04-09,2026-04-10,010120,flat,up,up,up,up,up,up,up,up
2026-04-09,2026-04-10,000810,up,down,down,down,down,down,down,down,down
2026-04-09,2026-04-10,005490,up,down,down,down,down,down,down,down,down
2026-04-09,2026-04-10,010130,up,down,down,down,down,down,down,down,down
2026-04-09,2026-04-10,138040,down,down,down,down,down,down,down,down,down
2026-04-09,2026-04-10,015760,flat,down,down,down,down,down,down,down,down
2026-04-09,2026-04-10,011200,up,down,down,down,down,down,down,down,down
2026-04-09,2026-04-10,051910,up,down,down,down,down,down,down,down,down
2026-04-09,2026-04-10,017670,down,down,down,down,down,down,down,down,down
2026-04-09,2026-04-10,033780,up,down,down,down,down,down,down,down,down
2026-04-09,2026-04-10,196170,down,down,up,down,down,down,down,down,down
2026-04-09,2026-04-10,018260,up,up,up,up,up,up,up,up,up
2026-04-09,2026-04-10,086280,up,down,down,down,down,down,down,down,down
2026-04-09,2026-04-10,000720,down,down,down,down,down,down,down,down,up
2026-04-09,2026-04-10,278470,up,down,down,down,down,down,down,down,up
2026-04-09,2026-04-10,030200,up,down,down,down,down,down,down,down,up
2026-04-09,2026-04-10,003490,up,down,down,down,down,down,down,down,up
2026-04-09,2026-04-10,047050,up,down,down,down,down,down,down,down,down
2026-04-09,2026-04-10,003230,up,down,down,down,down,down,down,down,down
2026-04-09,2026-04-10,259960,up,down,down,down,down,down,down,down,down
2026-04-09,2026-04-10,021240,up,down,down,down,down,down,up,up,down
2026-04-09,2026-04-10,352820,down,up,up,up,up,up,up,up,up
2026-04-09,2026-04-10,009830,up,down,down,down,down,down,down,down,down
2026-04-09,2026-04-10,029780,up,up,up,up,up,up,up,up,up
2026-04-09,2026-04-10,028300,up,down,down,down,down,down,up,down,down
2026-04-09,2026-04-10,034220,up,down,down,down,down,down,down,down,down
2026-04-09,2026-04-10,002380,up,down,down,down,down,down,down,up,down
2026-04-09,2026-04-10,036460,up,down,down,down,down,up,down,down,up
2026-04-09,2026-04-10,004170,down,down,down,down,down,down,down,down,down
2026-04-09,2026-04-10,012750,down,down,down,down,down,down,down,up,down
2026-04-09,2026-04-10,111770,up,down,down,down,down,down,down,down,up
2026-04-09,2026-04-10,035250,up,down,down,down,down,down,down,up,up
2026-04-09,2026-04-10,257720,down,down,down,down,down,down,down,down,down
2026-04-09,2026-04-10,226950,up,down,down,down,down,down,down,down,down
2026-04-09,2026-04-10,010170,up,down,down,down,down,down,down,down,down
2026-04-09,2026-04-10,214370,up,down,down,down,down,down,down,down,down
2026-04-09,2026-04-10,030000,up,up,up,up,up,up,up,up,up
2026-04-10,2026-04-13,005930,down,down,down,down,down,down,up,down,down
2026-04-10,2026-04-13,009150,up,down,down,down,down,down,down,down,down
2026-04-10,2026-04-13,373220,down,down,down,down,down,down,down,down,down
2026-04-10,2026-04-13,005380,down,down,down,down,down,down,down,down,down
2026-04-10,2026-04-13,207940,down,down,down,down,down,down,up,down,down
2026-04-10,2026-04-13,105560,down,up,up,up,up,up,up,up,up
2026-04-10,2026-04-13,028260,down,down,down,down,down,down,up,down,down
2026-04-10,2026-04-13,032830,up,down,down,down,down,down,up,down,down
2026-04-10,2026-04-13,012450,up,down,down,down,down,down,down,down,down
2026-04-10,2026-04-13,034020,down,down,down,down,down,down,down,down,down
2026-04-10,2026-04-13,329180,down,down,down,down,down,down,down,down,down
2026-04-10,2026-04-13,034730,down,down,down,down,down,down,down,down,down
2026-04-10,2026-04-13,012330,down,down,down,down,down,down,down,down,down
2026-04-10,2026-04-13,066570,down,down,down,down,down,down,down,down,down
2026-04-10,2026-04-13,035420,down,down,down,down,down,down,down,down,down
2026-04-10,2026-04-13,010120,up,down,down,down,down,down,down,down,up
2026-04-10,2026-04-13,000810,up,up,up,up,up,up,up,up,up
2026-04-10,2026-04-13,005490,down,down,down,down,down,down,down,down,down
2026-04-10,2026-04-13,010130,up,down,down,down,down,down,down,down,down
2026-04-10,2026-04-13,138040,down,down,down,down,down,down,down,down,down
2026-04-10,2026-04-13,015760,down,down,down,down,down,down,down,down,down
2026-04-10,2026-04-13,011200,down,down,down,down,down,down,down,down,down
2026-04-10,2026-04-13,051910,down,down,down,down,down,down,down,down,down
2026-04-10,2026-04-13,017670,down,down,down,down,down,down,down,down,down
2026-04-10,2026-04-13,033780,up,down,down,down,down,down,down,down,down
2026-04-10,2026-04-13,196170,down,down,down,down,down,down,down,down,down
2026-04-10,2026-04-13,018260,flat,up,up,up,up,up,up,up,up
2026-04-10,2026-04-13,086280,down,up,up,up,up,up,up,up,up
2026-04-10,2026-04-13,000720,down,down,down,down,down,down,down,down,up
2026-04-10,2026-04-13,278470,up,down,down,down,down,down,down,down,up
2026-04-10,2026-04-13,030200,up,down,down,down,down,down,down,down,down
2026-04-10,2026-04-13,003490,down,down,down,down,down,down,down,down,down
2026-04-10,2026-04-13,047050,down,down,down,down,down,down,down,down,down
2026-04-10,2026-04-13,003230,up,down,down,down,down,down,down,down,down
2026-04-10,2026-04-13,259960,up,down,down,down,down,down,down,down,down
2026-04-10,2026-04-13,021240,up,down,down,down,down,down,down,up,down
2026-04-10,2026-04-13,352820,down,down,down,up,up,up,down,up,down
2026-04-10,2026-04-13,009830,down,down,down,down,down,down,down,down,down
2026-04-10,2026-04-13,029780,down,up,up,up,up,up,up,up,up
2026-04-10,2026-04-13,028300,up,down,down,down,down,down,down,down,down
2026-04-10,2026-04-13,034220,down,down,down,down,down,down,down,down,down
2026-04-10,2026-04-13,002380,down,down,down,down,down,down,down,down,down
2026-04-10,2026-04-13,036460,down,down,down,down,down,up,down,down,up
2026-04-10,2026-04-13,004170,up,down,down,down,down,down,down,down,down
2026-04-10,2026-04-13,012750,down,up,up,up,up,up,up,up,up
2026-04-10,2026-04-13,111770,down,down,down,down,down,down,down,down,up
2026-04-10,2026-04-13,035250,down,down,down,down,down,down,down,down,up
2026-04-10,2026-04-13,257720,up,down,down,down,down,down,down,down,down
2026-04-10,2026-04-13,226950,down,down,down,down,down,down,down,down,down
2026-04-10,2026-04-13,010170,up,down,down,down,down,down,down,down,down
2026-04-10,2026-04-13,214370,up,down,down,down,down,down,down,down,down
2026-04-10,2026-04-13,030000,down,up,up,up,up,up,up,up,up
2026-04-13,2026-04-14,005930,up,up,up,up,up,up,up,up,up
2026-04-13,2026-04-14,009150,up,down,down,down,down,down,down,down,down
2026-04-13,2026-04-14,373220,down,down,down,down,down,down,down,down,down
2026-04-13,2026-04-14,005380,up,down,down,down,up,down,down,down,down
2026-04-13,2026-04-14,207940,down,up,up,up,up,up,up,up,up
2026-04-13,2026-04-14,105560,down,up,up,up,up,up,up,up,up
2026-04-13,2026-04-14,028260,up,down,down,down,down,down,up,down,down
2026-04-13,2026-04-14,032830,up,down,down,down,down,down,down,down,down
2026-04-13,2026-04-14,012450,down,down,down,down,down,down,down,down,down
2026-04-13,2026-04-14,034020,up,down,down,down,down,down,up,down,down
2026-04-13,2026-04-14,329180,up,down,down,down,down,down,down,down,down
2026-04-13,2026-04-14,034730,up,down,down,down,down,down,down,down,down
2026-04-13,2026-04-14,012330,up,up,up,up,up,up,up,up,up
2026-04-13,2026-04-14,066570,up,down,down,down,down,down,up,down,down
2026-04-13,2026-04-14,035420,up,up,up,up,up,up,up,up,up
2026-04-13,2026-04-14,010120,up,down,down,down,down,down,down,down,down
2026-04-13,2026-04-14,000810,up,down,down,down,down,down,down,down,down
2026-04-13,2026-04-14,005490,up,down,down,down,down,down,up,down,down
2026-04-13,2026-04-14,010130,down,down,up,down,up,down,down,down,up
2026-04-13,2026-04-14,138040,up,down,down,down,down,down,down,down,down
2026-04-13,2026-04-14,015760,up,down,down,down,down,down,down,down,down
2026-04-13,2026-04-14,011200,down,down,up,down,down,down,down,down,down
2026-04-13,2026-04-14,051910,up,down,down,down,down,down,down,down,down
2026-04-13,2026-04-14,017670,up,down,down,down,down,down,down,down,down
2026-04-13,2026-04-14,033780,up,down,down,down,down,down,down,down,down
2026-04-13,2026-04-14,196170,down,down,up,down,down,down,down,down,down
2026-04-13,2026-04-14,018260,up,up,up,up,up,up,up,up,up
2026-04-13,2026-04-14,086280,up,up,up,up,up,up,up,up,down
2026-04-13,2026-04-14,000720,up,down,down,down,down,down,down,down,up
2026-04-13,2026-04-14,278470,down,down,down,down,down,down,down,down,up
2026-04-13,2026-04-14,030200,up,down,down,down,down,down,down,down,down
2026-04-13,2026-04-14,003490,up,down,down,up,down,down,down,down,up
2026-04-13,2026-04-14,047050,down,down,down,down,down,down,down,down,down
2026-04-13,2026-04-14,003230,down,down,down,down,down,down,down,down,down
2026-04-13,2026-04-14,259960,down,down,down,down,down,down,down,down,down
2026-04-13,2026-04-14,021240,up,down,down,down,down,down,down,down,down
2026-04-13,2026-04-14,352820,down,up,up,up,up,up,up,up,up
2026-04-13,2026-04-14,009830,up,down,down,down,down,down,down,down,down
2026-04-13,2026-04-14,029780,up,up,up,up,up,up,up,up,up
2026-04-13,2026-04-14,028300,up,down,down,down,down,down,down,down,down
2026-04-13,2026-04-14,034220,up,down,down,down,down,down,down,down,down
2026-04-13,2026-04-14,002380,up,up,up,up,up,up,up,up,up
2026-04-13,2026-04-14,036460,up,down,down,down,down,down,down,down,down
2026-04-13,2026-04-14,004170,up,down,down,down,down,down,down,down,down
2026-04-13,2026-04-14,012750,up,up,up,up,up,up,up,up,up
2026-04-13,2026-04-14,111770,up,down,down,down,down,down,down,down,up
2026-04-13,2026-04-14,035250,up,up,up,up,up,up,down,up,up
2026-04-13,2026-04-14,257720,down,up,up,up,up,up,up,up,up
2026-04-13,2026-04-14,226950,down,down,down,down,down,down,down,down,down
2026-04-13,2026-04-14,010170,up,down,down,down,down,down,down,down,down
2026-04-13,2026-04-14,214370,up,down,down,down,down,down,down,down,down
2026-04-13,2026-04-14,030000,up,up,up,up,up,up,up,up,up
2026-04-14,2026-04-15,005930,up,down,down,down,down,down,up,down,down
2026-04-14,2026-04-15,009150,up,down,down,down,down,down,down,down,down
2026-04-14,2026-04-15,373220,up,down,down,down,down,down,down,down,down
2026-04-14,2026-04-15,005380,up,down,down,down,down,down,down,down,down
2026-04-14,2026-04-15,207940,up,up,up,up,up,up,up,up,up
2026-04-14,2026-04-15,105560,up,down,down,down,down,down,down,down,down
2026-04-14,2026-04-15,028260,up,down,down,down,down,down,up,down,down
2026-04-14,2026-04-15,032830,up,down,down,down,down,down,down,down,down
2026-04-14,2026-04-15,012450,down,down,down,down,down,down,down,down,down
2026-04-14,2026-04-15,034020,up,down,down,down,down,down,down,down,down
2026-04-14,2026-04-15,329180,down,down,down,down,down,down,down,down,down
2026-04-14,2026-04-15,034730,up,down,down,down,down,down,down,down,down
2026-04-14,2026-04-15,012330,up,down,down,down,down,down,down,down,down
2026-04-14,2026-04-15,066570,up,down,down,down,up,up,up,down,down
2026-04-14,2026-04-15,035420,up,down,down,down,down,down,down,down,down
2026-04-14,2026-04-15,010120,up,down,down,down,down,down,down,down,down
2026-04-14,2026-04-15,000810,down,down,down,down,down,down,down,down,down
2026-04-14,2026-04-15,005490,up,down,down,down,down,down,up,down,down
2026-04-14,2026-04-15,010130,up,down,down,down,down,down,down,down,down
2026-04-14,2026-04-15,138040,down,down,down,down,down,down,down,down,down
2026-04-14,2026-04-15,015760,flat,down,down,down,down,down,down,down,down
2026-04-14,2026-04-15,011200,up,down,up,down,down,up,down,up,down
2026-04-14,2026-04-15,051910,up,down,down,down,down,down,down,down,down
2026-04-14,2026-04-15,017670,up,down,down,down,down,down,down,down,down
2026-04-14,2026-04-15,033780,up,down,down,down,down,down,down,down,down
2026-04-14,2026-04-15,196170,up,down,down,down,down,down,down,down,down
2026-04-14,2026-04-15,018260,up,down,down,down,down,down,down,down,down
2026-04-14,2026-04-15,086280,up,up,up,up,up,up,up,up,up
2026-04-14,2026-04-15,000720,up,down,down,down,down,down,down,down,up
2026-04-14,2026-04-15,278470,up,down,down,down,down,down,down,down,up
2026-04-14,2026-04-15,030200,up,down,down,down,down,down,down,down,down
2026-04-14,2026-04-15,003490,up,down,down,down,down,down,down,down,down
2026-04-14,2026-04-15,047050,up,down,down,down,down,down,down,down,down
2026-04-14,2026-04-15,003230,up,down,down,down,down,down,down,down,down
2026-04-14,2026-04-15,259960,up,down,down,down,down,down,down,down,down
2026-04-14,2026-04-15,021240,up,down,down,down,down,down,down,down,down
2026-04-14,2026-04-15,352820,up,down,down,down,down,down,down,up,down
2026-04-14,2026-04-15,009830,up,down,down,down,down,down,down,down,down
2026-04-14,2026-04-15,029780,flat,up,up,up,up,up,up,up,up
2026-04-14,2026-04-15,028300,up,down,down,down,down,down,down,down,down
2026-04-14,2026-04-15,034220,up,down,down,down,down,down,down,down,down
2026-04-14,2026-04-15,002380,up,down,down,down,down,down,down,down,down
2026-04-14,2026-04-15,036460,up,down,down,down,down,down,down,down,down
2026-04-14,2026-04-15,004170,down,down,down,down,down,down,down,down,down
2026-04-14,2026-04-15,012750,up,up,up,up,up,up,up,up,up
2026-04-14,2026-04-15,111770,down,down,down,down,down,down,down,down,down
2026-04-14,2026-04-15,035250,down,down,down,down,down,down,down,down,up
2026-04-14,2026-04-15,257720,up,down,down,down,down,down,down,down,down
2026-04-14,2026-04-15,226950,up,down,down,down,down,down,down,down,down
2026-04-14,2026-04-15,010170,down,down,down,down,down,down,down,down,down
2026-04-14,2026-04-15,214370,up,down,down,down,down,down,down,down,down
2026-04-14,2026-04-15,030000,up,up,up,up,up,up,up,up,up
2026-04-15,2026-04-16,005930,up,down,down,down,down,down,down,down,down
2026-04-15,2026-04-16,009150,up,down,down,down,down,down,down,down,down
2026-04-15,2026-04-16,373220,up,down,down,down,down,down,down,down,down
2026-04-15,2026-04-16,005380,up,down,down,down,down,down,down,down,down
2026-04-15,2026-04-16,207940,up,down,down,down,down,down,down,down,down
2026-04-15,2026-04-16,105560,up,down,down,down,down,down,down,down,down
2026-04-15,2026-04-16,028260,down,down,down,down,down,down,down,down,down
2026-04-15,2026-04-16,032830,flat,down,down,down,down,down,down,down,down
2026-04-15,2026-04-16,012450,up,down,down,down,down,down,down,down,down
2026-04-15,2026-04-16,034020,up,down,down,down,down,down,down,down,down
2026-04-15,2026-04-16,329180,up,down,down,down,down,down,down,down,down
2026-04-15,2026-04-16,034730,up,down,down,down,down,down,down,down,down
2026-04-15,2026-04-16,012330,up,down,down,down,down,down,down,down,down
2026-04-15,2026-04-16,066570,up,down,down,down,down,down,down,down,down
2026-04-15,2026-04-16,035420,up,down,down,down,down,up,down,down,down
2026-04-15,2026-04-16,010120,up,down,down,down,down,up,down,down,down
2026-04-15,2026-04-16,000810,up,up,up,up,up,up,up,up,up
2026-04-15,2026-04-16,005490,up,down,down,down,down,down,down,down,down
2026-04-15,2026-04-16,010130,up,down,down,down,down,down,down,down,down
2026-04-15,2026-04-16,138040,up,down,down,down,down,down,down,down,down
2026-04-15,2026-04-16,015760,up,down,down,down,down,down,down,down,down
2026-04-15,2026-04-16,011200,up,down,down,down,down,up,down,down,down
2026-04-15,2026-04-16,051910,up,down,down,down,down,down,down,down,down
2026-04-15,2026-04-16,017670,down,down,down,down,down,down,down,down,down
2026-04-15,2026-04-16,033780,up,down,down,down,down,down,down,down,down
2026-04-15,2026-04-16,196170,down,down,down,down,down,down,down,down,down
2026-04-15,2026-04-16,018260,up,down,down,down,down,down,down,down,down
2026-04-15,2026-04-16,086280,up,down,down,down,down,up,down,down,down
2026-04-15,2026-04-16,000720,up,down,down,down,down,down,down,down,down
2026-04-15,2026-04-16,278470,up,down,down,down,down,down,down,down,up
2026-04-15,2026-04-16,030200,down,down,down,down,down,down,down,down,down
2026-04-15,2026-04-16,003490,up,down,down,down,down,down,down,down,down
2026-04-15,2026-04-16,047050,up,down,down,down,down,down,down,down,down
2026-04-15,2026-04-16,003230,up,down,down,down,down,down,down,down,down
2026-04-15,2026-04-16,259960,up,down,down,down,down,down,down,down,down
2026-04-15,2026-04-16,021240,up,down,down,down,down,down,down,up,down
2026-04-15,2026-04-16,352820,up,up,up,up,up,down,up,up,up
2026-04-15,2026-04-16,009830,up,down,down,down,down,down,down,down,down
2026-04-15,2026-04-16,029780,up,up,up,up,up,up,up,up,up
2026-04-15,2026-04-16,028300,down,down,down,down,down,down,down,down,down
2026-04-15,2026-04-16,034220,up,down,down,down,down,down,down,down,down
2026-04-15,2026-04-16,002380,up,down,down,down,down,up,down,down,down
2026-04-15,2026-04-16,036460,up,down,down,down,down,up,down,down,down
2026-04-15,2026-04-16,004170,up,down,down,down,down,down,down,down,down
2026-04-15,2026-04-16,012750,flat,up,up,up,up,up,up,up,up
2026-04-15,2026-04-16,111770,up,down,down,down,down,down,down,down,up
2026-04-15,2026-04-16,035250,up,up,up,up,up,up,up,up,up
2026-04-15,2026-04-16,257720,up,down,down,down,down,down,down,down,down
2026-04-15,2026-04-16,226950,up,down,down,down,down,down,down,down,down
2026-04-15,2026-04-16,010170,down,down,down,down,down,down,down,down,down
2026-04-15,2026-04-16,214370,down,down,down,down,down,down,down,down,down
2026-04-15,2026-04-16,030000,up,up,up,up,up,up,up,up,up
2026-04-16,2026-04-17,005930,down,down,down,down,down,down,down,down,down
2026-04-16,2026-04-17,009150,up,down,down,down,down,down,down,down,down
2026-04-16,2026-04-17,373220,up,down,down,down,down,down,down,down,down
2026-04-16,2026-04-17,005380,up,down,down,down,down,down,down,down,down
2026-04-16,2026-04-17,207940,down,down,down,down,down,down,down,down,down
2026-04-16,2026-04-17,105560,flat,down,down,down,down,down,down,down,down
2026-04-16,2026-04-17,028260,down,down,down,down,down,down,up,down,down
2026-04-16,2026-04-17,032830,down,down,down,down,down,down,down,down,down
2026-04-16,2026-04-17,012450,down,down,down,down,down,down,down,down,down
2026-04-16,2026-04-17,034020,down,down,down,down,down,down,down,down,down
2026-04-16,2026-04-17,329180,up,down,down,down,down,down,down,down,down
2026-04-16,2026-04-17,034730,down,down,down,down,down,down,down,down,down
2026-04-16,2026-04-17,012330,flat,down,down,down,down,down,down,down,down
2026-04-16,2026-04-17,066570,down,down,down,down,down,down,down,down,down
2026-04-16,2026-04-17,035420,down,down,down,down,down,up,down,down,down
2026-04-16,2026-04-17,010120,down,down,down,down,down,up,down,down,down
2026-04-16,2026-04-17,000810,down,up,up,up,up,up,up,up,up
2026-04-16,2026-04-17,005490,up,down,down,down,down,down,down,down,down
2026-04-16,2026-04-17,010130,down,down,down,down,down,down,down,down,down
2026-04-16,2026-04-17,138040,down,down,down,down,down,down,down,down,down
2026-04-16,2026-04-17,015760,up,down,down,down,down,down,down,down,down
2026-04-16,2026-04-17,011200,down,down,down,down,down,down,down,down,down
2026-04-16,2026-04-17,051910,up,down,down,down,down,down,down,down,down
2026-04-16,2026-04-17,017670,up,up,up,up,up,up,up,up,up
2026-04-16,2026-04-17,033780,up,down,down,down,down,down,down,down,down
2026-04-16,2026-04-17,196170,down,down,down,down,down,down,down,down,down
2026-04-16,2026-04-17,018260,down,down,down,down,down,down,down,down,down
2026-04-16,2026-04-17,086280,down,up,up,up,up,up,up,up,up
2026-04-16,2026-04-17,000720,down,down,down,down,down,down,down,down,down
2026-04-16,2026-04-17,278470,up,down,down,down,down,down,down,down,up
2026-04-16,2026-04-17,030200,up,up,up,up,up,up,up,up,up
2026-04-16,2026-04-17,003490,down,down,down,down,down,down,down,down,down
2026-04-16,2026-04-17,047050,up,down,down,down,down,down,down,down,down
2026-04-16,2026-04-17,003230,up,down,down,down,down,down,down,down,down
2026-04-16,2026-04-17,259960,up,down,down,down,down,down,down,down,down
2026-04-16,2026-04-17,021240,flat,down,down,down,down,down,down,down,down
2026-04-16,2026-04-17,352820,down,up,up,up,up,down,up,up,up
2026-04-16,2026-04-17,009830,down,down,down,down,down,down,down,down,down
2026-04-16,2026-04-17,029780,down,up,up,up,up,up,up,up,up
2026-04-16,2026-04-17,028300,down,down,down,down,down,down,down,down,down
2026-04-16,2026-04-17,034220,up,down,down,down,down,down,down,down,down
2026-04-16,2026-04-17,002380,down,down,down,down,down,up,down,down,down
2026-04-16,2026-04-17,036460,up,down,down,down,down,up,down,down,down
2026-04-16,2026-04-17,004170,up,down,down,down,down,down,down,down,down
2026-04-16,2026-04-17,012750,up,up,up,up,up,up,up,up,up
2026-04-16,2026-04-17,111770,up,down,down,down,down,down,down,down,up
2026-04-16,2026-04-17,035250,down,down,down,down,down,down,down,down,up
2026-04-16,2026-04-17,257720,up,down,down,down,down,down,down,down,down
2026-04-16,2026-04-17,226950,down,down,down,down,down,down,down,down,down
2026-04-16,2026-04-17,010170,up,down,down,down,down,down,down,down,down
2026-04-16,2026-04-17,214370,up,down,down,down,down,down,down,down,down
2026-04-16,2026-04-17,030000,up,up,up,up,up,up,up,up,up
2026-04-17,2026-04-20,005930,down,up,up,down,down,up,up,up,up
2026-04-17,2026-04-20,009150,up,down,down,down,down,down,down,down,down
2026-04-17,2026-04-20,373220,up,down,down,down,down,down,down,down,down
2026-04-17,2026-04-20,005380,down,down,down,down,down,down,down,down,down
2026-04-17,2026-04-20,207940,up,down,down,down,down,down,down,down,down
2026-04-17,2026-04-20,105560,down,down,down,down,down,down,down,down,down
2026-04-17,2026-04-20,028260,down,down,down,down,down,down,up,down,down
2026-04-17,2026-04-20,032830,flat,down,down,down,down,up,up,down,down
2026-04-17,2026-04-20,012450,up,down,down,down,down,down,down,down,down
2026-04-17,2026-04-20,034020,up,down,down,down,down,up,down,down,down
2026-04-17,2026-04-20,329180,up,down,down,down,down,down,down,down,down
2026-04-17,2026-04-20,034730,up,down,down,down,down,up,up,down,down
2026-04-17,2026-04-20,012330,down,down,down,down,down,down,down,down,down
2026-04-17,2026-04-20,066570,up,down,down,down,down,down,down,down,down
2026-04-17,2026-04-20,035420,down,up,up,up,up,up,up,up,up
2026-04-17,2026-04-20,010120,down,up,up,up,up,up,up,up,up
2026-04-17,2026-04-20,000810,down,up,up,up,up,up,up,up,up
2026-04-17,2026-04-20,005490,up,down,down,down,down,down,down,down,down
2026-04-17,2026-04-20,010130,down,down,down,down,down,down,down,down,down
2026-04-17,2026-04-20,138040,down,down,down,down,down,down,down,down,down
2026-04-17,2026-04-20,015760,up,down,down,down,down,down,down,down,down
2026-04-17,2026-04-20,011200,down,up,up,up,up,up,up,up,up
2026-04-17,2026-04-20,051910,up,down,down,down,down,down,down,down,down
2026-04-17,2026-04-20,017670,down,down,down,down,down,down,down,down,down
2026-04-17,2026-04-20,033780,up,down,down,down,down,down,down,down,down
2026-04-17,2026-04-20,196170,up,down,down,down,down,down,down,down,down
2026-04-17,2026-04-20,018260,down,up,up,up,up,up,up,up,up
2026-04-17,2026-04-20,086280,down,up,up,up,up,up,up,up,down
2026-04-17,2026-04-20,000720,down,down,down,down,down,down,down,down,down
2026-04-17,2026-04-20,278470,down,down,down,down,down,down,down,down,up
2026-04-17,2026-04-20,030200,down,down,down,down,down,down,down,down,down
2026-04-17,2026-04-20,003490,flat,down,down,down,down,down,down,down,down
2026-04-17,2026-04-20,047050,up,down,down,down,down,down,down,down,down
2026-04-17,2026-04-20,003230,flat,down,down,down,down,down,down,down,down
2026-04-17,2026-04-20,259960,down,down,down,down,down,down,down,down,down
2026-04-17,2026-04-20,021240,down,down,down,down,down,down,down,down,down
2026-04-17,2026-04-20,352820,down,up,up,up,up,up,up,up,up
2026-04-17,2026-04-20,009830,down,down,down,down,down,down,down,down,down
2026-04-17,2026-04-20,029780,flat,up,up,up,up,up,up,up,up
2026-04-17,2026-04-20,028300,up,down,down,down,down,down,down,down,down
2026-04-17,2026-04-20,034220,up,down,down,down,down,down,down,down,down
2026-04-17,2026-04-20,002380,up,up,up,up,up,up,up,up,up
2026-04-17,2026-04-20,036460,down,down,down,down,down,up,down,down,down
2026-04-17,2026-04-20,004170,down,down,down,down,down,down,down,down,down
2026-04-17,2026-04-20,012750,down,up,up,up,up,up,up,up,up
2026-04-17,2026-04-20,111770,up,down,down,down,down,down,down,down,up
2026-04-17,2026-04-20,035250,down,down,down,down,down,down,down,down,up
2026-04-17,2026-04-20,257720,up,up,up,up,up,up,up,up,up
2026-04-17,2026-04-20,226950,up,down,down,down,down,down,down,down,down
2026-04-17,2026-04-20,010170,down,down,down,down,down,down,down,down,down
2026-04-17,2026-04-20,214370,down,down,down,down,down,down,down,down,down
2026-04-17,2026-04-20,030000,up,up,up,up,up,up,up,up,up
2026-04-20,2026-04-21,005930,up,up,up,up,up,up,up,up,up
2026-04-20,2026-04-21,009150,up,down,down,down,down,down,down,down,down
2026-04-20,2026-04-21,373220,up,down,down,down,down,down,down,down,down
2026-04-20,2026-04-21,005380,up,down,down,down,down,down,down,down,down
2026-04-20,2026-04-21,207940,down,down,down,down,down,down,down,down,down
2026-04-20,2026-04-21,105560,down,down,down,down,down,down,down,down,down
2026-04-20,2026-04-21,028260,up,down,down,down,down,down,up,down,down
2026-04-20,2026-04-21,032830,up,down,down,down,down,up,up,down,down
2026-04-20,2026-04-21,012450,down,down,down,down,down,down,down,down,down
2026-04-20,2026-04-21,034020,up,down,down,down,down,up,up,down,down
2026-04-20,2026-04-21,329180,up,down,down,down,down,down,down,down,down
2026-04-20,2026-04-21,034730,up,down,down,down,down,down,down,down,down
2026-04-20,2026-04-21,012330,up,down,down,down,down,down,down,down,down
2026-04-20,2026-04-21,066570,up,down,down,down,down,up,up,down,down
2026-04-20,2026-04-21,035420,up,down,down,down,down,up,down,down,down
2026-04-20,2026-04-21,010120,up,up,up,up,up,up,up,up,up
2026-04-20,2026-04-21,000810,down,up,up,up,up,up,up,up,up
2026-04-20,2026-04-21,005490,up,down,down,down,down,down,down,down,down
2026-04-20,2026-04-21,010130,up,down,down,down,down,down,down,down,down
2026-04-20,2026-04-21,138040,up,down,down,down,down,down,down,down,down
2026-04-20,2026-04-21,015760,down,down,down,down,down,down,down,down,down
2026-04-20,2026-04-21,011200,up,up,up,up,up,up,up,up,up
2026-04-20,2026-04-21,051910,up,down,down,down,down,down,down,down,down
2026-04-20,2026-04-21,017670,up,up,up,up,up,up,up,up,up
2026-04-20,2026-04-21,033780,up,down,down,down,down,down,down,down,down
2026-04-20,2026-04-21,196170,down,down,down,down,down,down,down,down,down
2026-04-20,2026-04-21,018260,up,up,up,up,up,up,up,up,up
2026-04-20,2026-04-21,086280,up,up,up,up,up,up,up,up,up
2026-04-20,2026-04-21,000720,up,down,down,down,down,down,down,down,down
2026-04-20,2026-04-21,278470,down,down,down,down,down,down,down,down,up
2026-04-20,2026-04-21,030200,down,down,down,down,down,down,down,down,up
2026-04-20,2026-04-21,003490,up,down,down,down,down,down,down,down,down
2026-04-20,2026-04-21,047050,up,down,down,down,down,down,down,down,down
2026-04-20,2026-04-21,003230,down,down,down,down,down,down,down,down,down
2026-04-20,2026-04-21,259960,down,down,down,down,down,down,down,down,down
2026-04-20,2026-04-21,021240,down,down,down,down,down,down,down,up,down
2026-04-20,2026-04-21,352820,down,up,up,up,up,up,up,up,up
2026-04-20,2026-04-21,009830,up,down,down,down,down,down,down,down,down
2026-04-20,2026-04-21,029780,down,up,up,up,up,up,up,up,up
2026-04-20,2026-04-21,028300,down,down,down,down,down,down,down,down,down
2026-04-20,2026-04-21,034220,up,down,down,down,down,down,down,down,down
2026-04-20,2026-04-21,002380,up,down,down,down,down,up,down,up,down
2026-04-20,2026-04-21,036460,up,down,down,down,down,up,down,down,down
2026-04-20,2026-04-21,004170,up,down,down,down,down,down,down,down,down
2026-04-20,2026-04-21,012750,down,up,up,up,up,up,up,up,up
2026-04-20,2026-04-21,111770,down,down,down,down,down,down,down,down,up
2026-04-20,2026-04-21,035250,down,up,up,down,up,up,down,up,up
2026-04-20,2026-04-21,257720,up,up,up,up,up,up,up,up,up
2026-04-20,2026-04-21,226950,down,down,down,down,down,down,down,down,down
2026-04-20,2026-04-21,010170,up,down,down,down,down,down,down,down,down
2026-04-20,2026-04-21,214370,down,down,down,down,down,down,down,down,down
2026-04-20,2026-04-21,030000,down,up,up,up,up,up,up,up,up
2026-04-21,2026-04-22,005930,down,up,up,up,up,up,up,up,up
2026-04-21,2026-04-22,009150,up,down,down,down,down,down,down,down,down
2026-04-21,2026-04-22,373220,up,down,down,down,down,down,down,down,down
2026-04-21,2026-04-22,005380,down,down,down,down,down,down,down,down,down
2026-04-21,2026-04-22,207940,down,down,down,down,down,down,down,down,down
2026-04-21,2026-04-22,105560,down,down,down,down,down,down,down,down,down
2026-04-21,2026-04-22,028260,down,down,down,down,down,down,up,down,down
2026-04-21,2026-04-22,032830,down,down,down,down,down,up,up,down,down
2026-04-21,2026-04-22,012450,up,down,down,down,down,down,down,down,down
2026-04-21,2026-04-22,034020,up,down,down,down,down,up,down,down,down
2026-04-21,2026-04-22,329180,up,down,down,down,down,down,down,down,down
2026-04-21,2026-04-22,034730,down,down,down,down,down,down,down,down,down
2026-04-21,2026-04-22,012330,up,down,down,down,down,down,down,down,down
2026-04-21,2026-04-22,066570,up,down,down,down,down,up,down,down,down
2026-04-21,2026-04-22,035420,flat,down,down,down,down,down,down,down,down
2026-04-21,2026-04-22,010120,up,up,up,up,up,up,down,up,up
2026-04-21,2026-04-22,000810,down,up,up,up,up,up,up,up,up
2026-04-21,2026-04-22,005490,down,down,down,down,down,down,down,down,down
2026-04-21,2026-04-22,010130,up,down,down,down,down,down,down,down,down
2026-04-21,2026-04-22,138040,down,down,down,down,down,down,down,down,down
2026-04-21,2026-04-22,015760,up,down,down,down,down,down,down,down,down
2026-04-21,2026-04-22,011200,down,down,down,down,down,up,down,down,down
2026-04-21,2026-04-22,051910,up,down,down,down,down,down,down,down,down
2026-04-21,2026-04-22,017670,down,down,down,down,down,down,down,down,down
2026-04-21,2026-04-22,033780,down,down,down,down,down,down,down,down,down
2026-04-21,2026-04-22,196170,down,down,down,down,down,down,down,down,down
2026-04-21,2026-04-22,018260,flat,down,down,down,up,up,up,down,down
2026-04-21,2026-04-22,086280,up,up,up,up,up,up,up,up,up
2026-04-21,2026-04-22,000720,down,down,down,down,down,down,down,down,down
2026-04-21,2026-04-22,278470,up,down,down,down,down,down,down,down,up
2026-04-21,2026-04-22,030200,down,down,down,down,down,down,down,up,up
2026-04-21,2026-04-22,003490,down,down,down,down,down,down,down,down,down
2026-04-21,2026-04-22,047050,up,down,down,down,down,down,down,down,down
2026-04-21,2026-04-22,003230,up,down,down,down,down,down,down,down,down
2026-04-21,2026-04-22,259960,up,down,down,down,down,down,down,down,down
2026-04-21,2026-04-22,021240,down,down,down,down,down,down,down,up,down
2026-04-21,2026-04-22,352820,up,up,up,up,up,up,up,up,up
2026-04-21,2026-04-22,009830,up,down,down,down,down,up,down,down,down
2026-04-21,2026-04-22,029780,up,up,up,up,up,up,up,up,up
2026-04-21,2026-04-22,028300,down,down,down,down,down,down,down,down,down
2026-04-21,2026-04-22,034220,up,down,down,down,down,down,down,down,down
2026-04-21,2026-04-22,002380,down,down,down,down,down,up,down,down,down
2026-04-21,2026-04-22,036460,down,down,down,down,down,up,down,down,down
2026-04-21,2026-04-22,004170,flat,down,down,down,down,down,down,down,down
2026-04-21,2026-04-22,012750,down,up,up,up,up,up,up,up,up
2026-04-21,2026-04-22,111770,down,down,down,down,down,down,down,down,up
2026-04-21,2026-04-22,035250,up,down,down,down,down,down,down,down,up
2026-04-21,2026-04-22,257720,down,down,down,down,down,down,down,down,down
2026-04-21,2026-04-22,226950,up,down,down,down,down,down,down,down,down
2026-04-21,2026-04-22,010170,down,down,down,down,down,down,down,down,down
2026-04-21,2026-04-22,214370,up,down,down,down,down,down,down,down,down
2026-04-21,2026-04-22,030000,down,up,up,up,up,up,up,up,up
2026-04-22,2026-04-23,005930,up,up,up,up,up,up,up,up,up
2026-04-22,2026-04-23,009150,down,down,down,down,down,down,down,down,down
2026-04-22,2026-04-23,373220,down,down,down,down,down,down,down,down,down
2026-04-22,2026-04-23,005380,down,down,down,down,down,down,down,down,down
2026-04-22,2026-04-23,207940,down,up,up,up,up,up,up,up,up
2026-04-22,2026-04-23,105560,up,down,down,down,down,down,down,down,down
2026-04-22,2026-04-23,028260,up,down,down,down,down,down,up,down,down
2026-04-22,2026-04-23,032830,up,down,down,down,up,up,up,down,up
2026-04-22,2026-04-23,012450,up,down,down,down,down,down,down,down,down
2026-04-22,2026-04-23,034020,up,down,down,down,down,up,down,down,down
2026-04-22,2026-04-23,329180,flat,down,down,down,down,down,down,down,down
2026-04-22,2026-04-23,034730,up,down,down,down,down,up,up,down,down
2026-04-22,2026-04-23,012330,down,down,down,down,down,down,down,down,down
2026-04-22,2026-04-23,066570,down,down,down,down,down,down,down,down,down
2026-04-22,2026-04-23,035420,up,up,up,up,up,up,up,up,up
2026-04-22,2026-04-23,010120,up,down,down,down,down,up,down,down,up
2026-04-22,2026-04-23,000810,up,up,up,up,up,up,up,up,up
2026-04-22,2026-04-23,005490,down,down,down,down,down,down,down,down,down
2026-04-22,2026-04-23,010130,down,down,down,down,down,down,down,down,down
2026-04-22,2026-04-23,138040,up,down,down,down,down,down,down,down,down
2026-04-22,2026-04-23,015760,down,down,down,down,down,down,down,down,down
2026-04-22,2026-04-23,011200,down,up,up,up,up,up,up,down,up
2026-04-22,2026-04-23,051910,down,down,down,down,down,down,down,down,down
2026-04-22,2026-04-23,017670,down,down,down,down,down,down,down,down,down
2026-04-22,2026-04-23,033780,flat,up,up,up,up,up,up,up,up
2026-04-22,2026-04-23,196170,down,down,up,down,down,down,down,down,down
2026-04-22,2026-04-23,018260,down,up,up,up,up,up,down,down,up
2026-04-22,2026-04-23,086280,down,up,up,up,up,up,up,up,down
2026-04-22,2026-04-23,000720,up,down,down,down,down,down,down,down,down
2026-04-22,2026-04-23,278470,up,down,down,down,down,down,down,down,up
2026-04-22,2026-04-23,030200,up,up,up,up,up,up,up,up,up
2026-04-22,2026-04-23,003490,down,down,down,down,down,down,down,down,down
2026-04-22,2026-04-23,047050,down,down,down,down,down,down,down,down,down
2026-04-22,2026-04-23,003230,down,down,down,down,down,down,down,down,down
2026-04-22,2026-04-23,259960,up,down,down,down,down,down,down,down,down
2026-04-22,2026-04-23,021240,down,down,down,down,down,down,down,down,down
2026-04-22,2026-04-23,352820,down,up,up,up,up,up,up,up,up
2026-04-22,2026-04-23,009830,down,down,down,down,down,down,down,down,down
2026-04-22,2026-04-23,029780,up,up,up,up,up,up,up,up,up
2026-04-22,2026-04-23,028300,down,down,down,down,down,down,down,down,down
2026-04-22,2026-04-23,034220,down,down,down,down,down,down,down,down,down
2026-04-22,2026-04-23,002380,up,up,up,up,up,up,up,down,up
2026-04-22,2026-04-23,036460,up,down,down,down,down,up,down,down,up
2026-04-22,2026-04-23,004170,up,down,down,down,down,down,down,down,down
2026-04-22,2026-04-23,012750,up,up,up,up,up,up,up,up,up
2026-04-22,2026-04-23,111770,flat,down,down,down,down,down,down,down,up
2026-04-22,2026-04-23,035250,down,down,down,down,down,down,down,down,down
2026-04-22,2026-04-23,257720,down,up,up,up,up,up,up,up,up
2026-04-22,2026-04-23,226950,up,down,down,down,down,down,down,down,down
2026-04-22,2026-04-23,010170,down,down,down,down,down,down,down,down,down
2026-04-22,2026-04-23,214370,up,up,up,up,up,up,up,up,up
2026-04-22,2026-04-23,030000,up,up,up,up,up,up,up,up,up
2026-04-23,2026-04-24,005930,down,up,up,up,up,up,up,up,up
2026-04-23,2026-04-24,009150,up,down,down,down,down,down,down,down,down
2026-04-23,2026-04-24,373220,up,down,down,down,down,down,down,down,down
2026-04-23,2026-04-24,005380,down,down,down,down,down,down,down,down,down
2026-04-23,2026-04-24,207940,up,up,up,up,up,up,up,up,up
2026-04-23,2026-04-24,105560,down,down,down,down,down,down,down,down,down
2026-04-23,2026-04-24,028260,down,down,down,down,down,down,down,down,down
2026-04-23,2026-04-24,032830,down,down,down,down,down,up,up,down,down
2026-04-23,2026-04-24,012450,up,down,down,down,down,down,down,down,down
2026-04-23,2026-04-24,034020,up,down,down,down,down,up,down,down,down
2026-04-23,2026-04-24,329180,up,down,down,down,down,down,down,down,down
2026-04-23,2026-04-24,034730,up,down,down,down,down,down,down,down,down
2026-04-23,2026-04-24,012330,down,down,down,down,down,down,down,down,down
2026-04-23,2026-04-24,066570,down,down,down,down,down,down,down,down,down
2026-04-23,2026-04-24,035420,down,up,up,up,up,up,up,up,up
2026-04-23,2026-04-24,010120,up,down,down,down,down,down,down,down,down
2026-04-23,2026-04-24,000810,down,up,up,up,up,up,up,up,up
2026-04-23,2026-04-24,005490,up,down,down,down,down,down,up,down,up
2026-04-23,2026-04-24,010130,down,down,down,down,down,down,down,down,down
2026-04-23,2026-04-24,138040,down,down,down,down,down,down,down,down,down
2026-04-23,2026-04-24,015760,flat,down,down,down,down,down,down,down,down
2026-04-23,2026-04-24,011200,up,up,up,up,up,up,up,up,up
2026-04-23,2026-04-24,051910,flat,down,down,down,down,down,down,down,down
2026-04-23,2026-04-24,017670,up,up,up,up,up,up,up,up,up
2026-04-23,2026-04-24,033780,up,down,down,down,down,down,down,down,up
2026-04-23,2026-04-24,196170,up,down,up,down,down,down,down,down,down
2026-04-23,2026-04-24,018260,down,up,up,up,up,up,up,up,up
2026-04-23,2026-04-24,086280,down,down,down,down,down,up,down,down,down
2026-04-23,2026-04-24,000720,down,down,down,down,down,down,down,down,down
2026-04-23,2026-04-24,278470,up,down,down,down,down,down,down,down,up
2026-04-23,2026-04-24,030200,down,down,down,down,down,down,down,down,down
2026-04-23,2026-04-24,003490,up,down,down,up,down,down,down,down,up
2026-04-23,2026-04-24,047050,up,down,down,down,down,down,down,down,down
2026-04-23,2026-04-24,003230,down,down,down,down,down,down,down,down,down
2026-04-23,2026-04-24,259960,up,down,down,down,down,down,down,down,down
2026-04-23,2026-04-24,021240,up,down,down,down,down,down,down,up,down
2026-04-23,2026-04-24,352820,up,up,up,up,up,up,up,up,up
2026-04-23,2026-04-24,009830,up,down,down,down,down,down,down,down,down
2026-04-23,2026-04-24,029780,down,up,up,up,up,up,up,up,up
2026-04-23,2026-04-24,028300,up,down,down,down,down,down,down,down,down
2026-04-23,2026-04-24,034220,down,up,up,up,up,up,up,up,up
2026-04-23,2026-04-24,002380,down,down,down,down,down,up,down,down,down
2026-04-23,2026-04-24,036460,up,down,down,down,down,up,down,down,up
2026-04-23,2026-04-24,004170,up,down,down,down,down,down,down,down,down
2026-04-23,2026-04-24,012750,down,up,up,up,up,up,up,up,up
2026-04-23,2026-04-24,111770,down,down,down,down,down,down,down,down,up
2026-04-23,2026-04-24,035250,up,down,down,up,up,down,down,up,up
2026-04-23,2026-04-24,257720,up,up,up,up,up,up,up,up,up
2026-04-23,2026-04-24,226950,up,down,down,down,down,down,down,down,down
2026-04-23,2026-04-24,010170,down,down,down,down,down,down,down,down,down
2026-04-23,2026-04-24,214370,down,down,down,down,down,down,down,down,down
2026-04-23,2026-04-24,030000,down,up,up,up,up,up,up,up,up
2026-04-24,2026-04-27,005930,up,up,up,up,up,up,up,up,up
2026-04-24,2026-04-27,009150,up,down,down,down,down,down,down,down,down
2026-04-24,2026-04-27,373220,down,down,down,down,down,down,down,down,down
2026-04-24,2026-04-27,005380,up,down,down,down,down,down,down,down,down
2026-04-24,2026-04-27,207940,down,up,up,up,up,up,up,up,up
2026-04-24,2026-04-27,105560,flat,down,down,down,down,down,down,down,down
2026-04-24,2026-04-27,028260,up,down,down,down,down,down,up,down,down
2026-04-24,2026-04-27,032830,up,up,up,up,up,up,up,up,up
2026-04-24,2026-04-27,012450,down,down,down,down,down,down,down,down,down
2026-04-24,2026-04-27,034020,up,down,down,down,down,up,down,down,down
2026-04-24,2026-04-27,329180,up,down,down,down,down,down,down,down,down
2026-04-24,2026-04-27,034730,up,down,down,down,down,down,down,down,down
2026-04-24,2026-04-27,012330,up,up,up,up,up,up,up,up,up
2026-04-24,2026-04-27,066570,up,down,down,down,down,up,up,down,down
2026-04-24,2026-04-27,035420,up,up,up,up,up,up,up,up,up
2026-04-24,2026-04-27,010120,up,down,down,down,down,down,down,down,down
2026-04-24,2026-04-27,000810,up,up,up,up,up,up,up,up,up
2026-04-24,2026-04-27,005490,up,down,down,down,down,down,up,down,down
2026-04-24,2026-04-27,010130,flat,down,down,down,down,down,down,down,down
2026-04-24,2026-04-27,138040,up,down,down,down,down,down,down,down,down
2026-04-24,2026-04-27,015760,down,down,down,down,down,down,down,down,down
2026-04-24,2026-04-27,011200,down,down,down,down,down,down,down,down,down
2026-04-24,2026-04-27,051910,down,down,down,down,down,down,down,down,down
2026-04-24,2026-04-27,017670,down,up,up,up,up,up,up,up,up
2026-04-24,2026-04-27,033780,up,down,down,down,down,down,down,down,down
2026-04-24,2026-04-27,196170,up,down,down,down,down,down,down,down,down
2026-04-24,2026-04-27,018260,flat,up,up,up,up,up,up,up,up
2026-04-24,2026-04-27,086280,up,down,down,down,down,up,down,down,down
2026-04-24,2026-04-27,000720,down,down,down,down,down,down,down,down,down
2026-04-24,2026-04-27,278470,down,down,down,down,down,down,down,down,up
2026-04-24,2026-04-27,030200,down,down,down,down,down,down,down,down,up
2026-04-24,2026-04-27,003490,down,down,down,down,down,down,down,down,down
2026-04-24,2026-04-27,047050,flat,down,down,down,down,down,down,down,down
2026-04-24,2026-04-27,003230,down,down,down,down,down,down,down,down,down
2026-04-24,2026-04-27,259960,up,down,down,down,down,down,down,down,down
2026-04-24,2026-04-27,021240,up,down,down,down,down,down,down,down,down
2026-04-24,2026-04-27,352820,down,up,up,up,up,up,up,up,up
2026-04-24,2026-04-27,009830,up,down,down,down,down,up,down,down,down
2026-04-24,2026-04-27,029780,down,up,up,up,up,up,up,up,up
2026-04-24,2026-04-27,028300,up,down,down,down,down,down,up,down,down
2026-04-24,2026-04-27,034220,down,up,up,up,up,up,up,up,up
2026-04-24,2026-04-27,002380,down,down,down,down,down,up,down,down,down
2026-04-24,2026-04-27,036460,down,down,down,down,down,up,down,down,up
2026-04-24,2026-04-27,004170,down,down,down,down,down,down,down,down,down
2026-04-24,2026-04-27,012750,down,up,up,up,up,up,up,up,up
2026-04-24,2026-04-27,111770,up,down,down,down,down,down,down,down,up
2026-04-24,2026-04-27,035250,up,down,down,down,down,down,down,down,down
2026-04-24,2026-04-27,257720,down,up,up,up,up,up,up,up,up
2026-04-24,2026-04-27,226950,up,down,down,down,down,down,down,down,down
2026-04-24,2026-04-27,010170,up,down,down,down,down,down,down,down,down
2026-04-24,2026-04-27,214370,up,down,down,down,down,down,down,down,down
2026-04-24,2026-04-27,030000,flat,up,up,up,up,up,up,up,up
2026-04-27,2026-04-28,005930,down,up,up,up,up,up,up,up,up
2026-04-27,2026-04-28,009150,up,down,down,down,down,down,down,down,down
2026-04-27,2026-04-28,373220,up,down,down,down,down,down,down,down,down
2026-04-27,2026-04-28,005380,up,down,down,down,down,down,down,down,down
2026-04-27,2026-04-28,207940,down,up,up,up,up,up,up,up,up
2026-04-27,2026-04-28,105560,up,down,down,down,down,down,down,down,down
2026-04-27,2026-04-28,028260,down,down,down,down,down,down,up,down,down
2026-04-27,2026-04-28,032830,up,down,down,down,down,up,up,down,down
2026-04-27,2026-04-28,012450,down,down,down,down,down,down,down,down,down
2026-04-27,2026-04-28,034020,down,down,down,down,down,up,down,down,down
2026-04-27,2026-04-28,329180,down,down,down,down,down,down,down,down,down
2026-04-27,2026-04-28,034730,up,down,down,down,down,down,down,down,down
2026-04-27,2026-04-28,012330,up,down,down,down,down,down,down,down,down
2026-04-27,2026-04-28,066570,up,down,down,down,down,down,down,down,down
2026-04-27,2026-04-28,035420,up,up,up,up,up,up,up,up,up
2026-04-27,2026-04-28,010120,up,down,down,down,down,up,down,down,down
2026-04-27,2026-04-28,000810,up,up,up,up,up,up,up,up,up
2026-04-27,2026-04-28,005490,up,down,down,down,down,down,down,down,down
2026-04-27,2026-04-28,010130,down,down,down,down,down,down,down,down,down
2026-04-27,2026-04-28,138040,up,down,down,down,down,down,down,down,down
2026-04-27,2026-04-28,015760,down,down,down,down,down,down,down,down,down
2026-04-27,2026-04-28,011200,down,down,down,down,down,up,down,down,down
2026-04-27,2026-04-28,051910,up,down,down,down,down,down,down,down,down
2026-04-27,2026-04-28,017670,down,up,up,up,up,up,up,up,up
2026-04-27,2026-04-28,033780,up,down,down,down,down,down,down,down,down
2026-04-27,2026-04-28,196170,down,down,down,down,down,down,down,down,down
2026-04-27,2026-04-28,018260,up,up,up,up,up,up,up,up,up
2026-04-27,2026-04-28,086280,up,up,up,up,up,up,up,up,up
2026-04-27,2026-04-28,000720,down,down,down,down,down,down,down,down,down
2026-04-27,2026-04-28,278470,up,down,down,down,down,down,down,down,up
2026-04-27,2026-04-28,030200,down,up,up,up,up,up,up,up,up
2026-04-27,2026-04-28,003490,down,down,down,down,down,down,down,down,down
2026-04-27,2026-04-28,047050,up,down,down,down,down,down,down,down,down
2026-04-27,2026-04-28,003230,down,down,down,down,down,down,down,down,down
2026-04-27,2026-04-28,259960,up,down,down,down,down,down,down,down,down
2026-04-27,2026-04-28,021240,down,down,down,down,down,down,down,down,down
2026-04-27,2026-04-28,352820,down,up,up,up,up,up,up,up,up
2026-04-27,2026-04-28,009830,down,down,down,down,down,down,down,down,down
2026-04-27,2026-04-28,029780,up,up,up,up,up,up,up,up,up
2026-04-27,2026-04-28,028300,up,down,down,down,down,down,up,down,down
2026-04-27,2026-04-28,034220,up,down,down,down,down,down,down,down,down
2026-04-27,2026-04-28,002380,up,up,up,up,up,up,up,up,up
2026-04-27,2026-04-28,036460,up,down,down,down,down,up,down,down,up
2026-04-27,2026-04-28,004170,up,down,down,down,down,down,down,down,down
2026-04-27,2026-04-28,012750,down,up,up,up,up,up,up,up,up
2026-04-27,2026-04-28,111770,up,down,down,down,down,down,down,down,up
2026-04-27,2026-04-28,035250,up,down,down,down,down,down,down,down,up
2026-04-27,2026-04-28,257720,down,up,up,up,up,up,up,up,up
2026-04-27,2026-04-28,226950,down,down,down,down,down,down,down,down,down
2026-04-27,2026-04-28,010170,down,down,down,down,down,down,down,down,down
2026-04-27,2026-04-28,214370,down,down,down,down,down,down,down,down,down
2026-04-27,2026-04-28,030000,down,up,up,up,up,up,up,up,up
2026-04-28,2026-04-29,005930,up,up,up,up,up,up,up,up,up
2026-04-28,2026-04-29,009150,down,down,down,down,down,down,down,down,down
2026-04-28,2026-04-29,373220,up,down,down,down,down,down,down,down,down
2026-04-28,2026-04-29,005380,up,down,down,down,down,down,down,down,down
2026-04-28,2026-04-29,207940,down,up,up,up,up,up,up,up,up
2026-04-28,2026-04-29,105560,up,down,down,down,down,down,down,down,down
2026-04-28,2026-04-29,028260,down,down,down,down,down,down,up,down,down
2026-04-28,2026-04-29,032830,flat,down,down,down,down,up,up,down,down
2026-04-28,2026-04-29,012450,up,down,down,down,down,down,down,down,down
2026-04-28,2026-04-29,034020,up,down,down,down,down,up,up,down,down
2026-04-28,2026-04-29,329180,up,down,down,down,down,down,down,down,down
2026-04-28,2026-04-29,034730,up,down,down,down,down,down,down,down,down
2026-04-28,2026-04-29,012330,down,down,down,down,down,down,down,down,down
2026-04-28,2026-04-29,066570,down,down,down,down,down,down,down,down,down
2026-04-28,2026-04-29,035420,up,up,up,up,up,up,up,up,up
2026-04-28,2026-04-29,010120,up,down,down,down,down,up,down,down,down
2026-04-28,2026-04-29,000810,down,down,down,down,down,down,down,down,down
2026-04-28,2026-04-29,005490,up,down,down,down,down,down,down,down,down
2026-04-28,2026-04-29,010130,down,down,down,down,down,down,down,down,down
2026-04-28,2026-04-29,138040,down,down,down,down,down,down,down,down,down
2026-04-28,2026-04-29,015760,down,down,down,down,down,down,down,down,down
2026-04-28,2026-04-29,011200,flat,up,down,up,up,up,up,up,up
2026-04-28,2026-04-29,051910,up,down,down,down,down,down,down,down,down
2026-04-28,2026-04-29,017670,down,up,up,up,up,up,up,up,up
2026-04-28,2026-04-29,033780,down,down,down,down,down,down,down,down,down
2026-04-28,2026-04-29,196170,up,down,down,down,down,down,down,down,down
2026-04-28,2026-04-29,018260,down,down,down,down,down,down,down,down,down
2026-04-28,2026-04-29,086280,up,up,up,up,up,up,up,up,down
2026-04-28,2026-04-29,000720,up,down,down,down,down,down,down,down,up
2026-04-28,2026-04-29,278470,down,down,down,down,down,down,down,down,up
2026-04-28,2026-04-29,030200,down,up,up,up,up,up,up,up,up
2026-04-28,2026-04-29,003490,up,down,down,down,down,down,down,down,down
2026-04-28,2026-04-29,047050,down,down,down,down,down,down,down,down,down
2026-04-28,2026-04-29,003230,up,down,down,down,down,down,down,down,down
2026-04-28,2026-04-29,259960,down,down,down,down,down,down,down,down,down
2026-04-28,2026-04-29,021240,up,down,down,down,down,down,down,down,down
2026-04-28,2026-04-29,352820,up,up,up,up,up,up,up,up,up
2026-04-28,2026-04-29,009830,down,down,down,down,down,down,down,down,down
2026-04-28,2026-04-29,029780,down,up,up,up,up,up,up,up,up
2026-04-28,2026-04-29,028300,up,down,down,down,down,down,up,down,down
2026-04-28,2026-04-29,034220,down,down,down,down,down,down,down,down,down
2026-04-28,2026-04-29,002380,up,down,down,down,down,up,down,down,down
2026-04-28,2026-04-29,036460,up,down,down,down,down,up,down,down,down
2026-04-28,2026-04-29,004170,down,down,down,down,down,down,down,down,down
2026-04-28,2026-04-29,012750,up,up,up,up,up,up,up,up,up
2026-04-28,2026-04-29,111770,up,down,down,down,down,down,down,down,up
2026-04-28,2026-04-29,035250,down,up,up,up,up,up,down,up,up
2026-04-28,2026-04-29,257720,up,up,up,up,up,up,up,up,up
2026-04-28,2026-04-29,226950,down,down,down,down,down,down,down,down,down
2026-04-28,2026-04-29,010170,down,down,down,down,down,down,down,down,down
2026-04-28,2026-04-29,214370,down,down,down,down,down,down,down,down,down
2026-04-28,2026-04-29,030000,up,up,up,up,up,up,up,up,up
2026-04-29,2026-04-30,005930,down,up,up,up,up,up,up,up,up
2026-04-29,2026-04-30,009150,up,down,down,down,down,down,down,down,down
2026-04-29,2026-04-30,373220,down,down,down,down,down,down,down,down,down
2026-04-29,2026-04-30,005380,down,down,down,down,down,down,down,down,down
2026-04-29,2026-04-30,207940,down,up,up,up,up,up,up,up,up
2026-04-29,2026-04-30,105560,flat,down,down,down,down,down,down,down,down
2026-04-29,2026-04-30,028260,down,down,down,down,down,down,up,down,down
2026-04-29,2026-04-30,032830,down,down,down,down,down,down,up,down,down
2026-04-29,2026-04-30,012450,down,down,down,down,down,down,down,down,down
2026-04-29,2026-04-30,034020,down,down,down,down,down,down,up,down,down
2026-04-29,2026-04-30,329180,down,down,down,down,down,down,down,down,down
2026-04-29,2026-04-30,034730,flat,down,down,down,down,down,down,down,down
2026-04-29,2026-04-30,012330,down,down,down,down,down,down,down,down,down
2026-04-29,2026-04-30,066570,up,down,down,down,down,down,down,down,down
2026-04-29,2026-04-30,035420,down,up,up,up,up,up,up,up,up
2026-04-29,2026-04-30,010120,up,up,up,up,up,up,up,up,up
2026-04-29,2026-04-30,000810,down,up,up,up,up,up,up,up,up
2026-04-29,2026-04-30,005490,down,down,down,down,down,down,down,down,down
2026-04-29,2026-04-30,010130,down,down,down,down,down,down,down,down,down
2026-04-29,2026-04-30,138040,down,down,down,down,down,down,down,down,down
2026-04-29,2026-04-30,015760,down,down,down,down,down,down,down,down,down
2026-04-29,2026-04-30,011200,down,down,down,down,down,down,down,down,down
2026-04-29,2026-04-30,051910,down,down,down,down,down,down,down,down,down
2026-04-29,2026-04-30,017670,down,up,up,up,up,up,up,up,up
2026-04-29,2026-04-30,033780,up,up,up,up,up,up,up,up,up
2026-04-29,2026-04-30,196170,down,down,down,down,down,down,down,down,down
2026-04-29,2026-04-30,018260,down,up,up,up,up,up,up,down,up
2026-04-29,2026-04-30,086280,down,up,up,up,up,down,up,up,down
2026-04-29,2026-04-30,000720,down,down,down,down,down,down,down,down,down
2026-04-29,2026-04-30,278470,down,down,down,down,down,down,down,down,up
2026-04-29,2026-04-30,030200,up,up,up,up,up,up,up,up,up
2026-04-29,2026-04-30,003490,down,down,down,down,down,down,down,down,down
2026-04-29,2026-04-30,047050,up,down,down,down,down,down,down,down,down
2026-04-29,2026-04-30,003230,up,down,down,down,down,down,down,down,down
2026-04-29,2026-04-30,259960,down,down,down,down,down,down,down,down,down
2026-04-29,2026-04-30,021240,down,down,down,down,down,down,down,down,down
2026-04-29,2026-04-30,352820,up,up,up,up,up,up,up,up,up
2026-04-29,2026-04-30,009830,up,down,down,down,down,down,down,down,down
2026-04-29,2026-04-30,029780,up,up,up,up,up,up,up,up,up
2026-04-29,2026-04-30,028300,down,down,down,down,down,down,down,down,down
2026-04-29,2026-04-30,034220,down,up,up,up,up,up,up,up,up
2026-04-29,2026-04-30,002380,down,down,down,down,down,down,down,down,down
2026-04-29,2026-04-30,036460,down,down,down,down,down,up,down,down,up
2026-04-29,2026-04-30,004170,up,down,down,down,down,down,down,down,down
2026-04-29,2026-04-30,012750,down,up,up,up,up,up,up,up,up
2026-04-29,2026-04-30,111770,down,down,down,down,down,down,down,down,up
2026-04-29,2026-04-30,035250,flat,up,up,up,up,up,up,up,up
2026-04-29,2026-04-30,257720,down,up,up,up,up,up,up,up,up
2026-04-29,2026-04-30,226950,down,down,down,down,down,down,down,down,down
2026-04-29,2026-04-30,010170,up,down,down,down,down,down,down,down,down
2026-04-29,2026-04-30,214370,down,up,up,up,up,up,up,up,up
2026-04-29,2026-04-30,030000,up,up,up,up,up,up,up,up,up
2026-04-30,2026-05-04,005930,up,up,up,up,up,up,up,up,up
2026-04-30,2026-05-04,009150,up,down,down,down,down,down,down,down,down
2026-04-30,2026-05-04,373220,up,down,down,down,down,down,down,down,down
2026-04-30,2026-05-04,005380,up,down,down,down,down,down,down,down,down
2026-04-30,2026-05-04,207940,up,up,up,up,up,up,up,up,up
2026-04-30,2026-05-04,105560,down,down,down,down,down,down,down,down,down
2026-04-30,2026-05-04,028260,up,up,up,up,up,up,up,up,up
2026-04-30,2026-05-04,032830,up,down,down,down,down,down,up,down,down
2026-04-30,2026-05-04,012450,up,down,down,down,down,down,down,down,down
2026-04-30,2026-05-04,034020,flat,up,up,up,up,down,up,up,up
2026-04-30,2026-05-04,329180,down,down,down,down,down,down,down,down,down
2026-04-30,2026-05-04,034730,up,down,down,down,down,down,down,down,down
2026-04-30,2026-05-04,012330,up,up,up,up,up,up,up,up,up
2026-04-30,2026-05-04,066570,up,down,down,down,down,down,down,down,down
2026-04-30,2026-05-04,035420,down,up,up,up,up,up,up,up,up
2026-04-30,2026-05-04,010120,up,up,up,up,up,up,up,up,up
2026-04-30,2026-05-04,000810,up,up,up,up,up,up,up,up,up
2026-04-30,2026-05-04,005490,up,down,down,down,down,down,up,down,down
2026-04-30,2026-05-04,010130,up,down,down,down,down,down,down,down,down
2026-04-30,2026-05-04,138040,up,down,down,down,down,down,down,down,down
2026-04-30,2026-05-04,015760,up,down,down,down,down,down,down,down,down
2026-04-30,2026-05-04,011200,up,up,up,up,up,down,up,up,up
2026-04-30,2026-05-04,051910,up,down,down,down,down,down,down,down,down
2026-04-30,2026-05-04,017670,up,up,up,up,up,up,up,up,up
2026-04-30,2026-05-04,033780,up,down,down,down,down,down,down,down,down
2026-04-30,2026-05-04,196170,up,down,up,down,down,down,down,down,down
2026-04-30,2026-05-04,018260,up,up,up,up,up,up,up,up,up
2026-04-30,2026-05-04,086280,down,down,down,down,down,down,down,down,down
2026-04-30,2026-05-04,000720,down,down,down,down,down,down,down,down,down
2026-04-30,2026-05-04,278470,up,down,down,down,down,down,down,down,up
2026-04-30,2026-05-04,030200,down,down,down,down,down,down,down,down,down
2026-04-30,2026-05-04,003490,down,down,down,down,down,down,down,down,down
2026-04-30,2026-05-04,047050,flat,down,down,down,down,down,down,down,down
2026-04-30,2026-05-04,003230,down,down,down,down,down,down,down,down,down
2026-04-30,2026-05-04,259960,up,down,down,down,down,down,down,down,down
2026-04-30,2026-05-04,021240,up,down,down,down,down,down,down,down,down
2026-04-30,2026-05-04,352820,down,up,up,up,up,up,up,up,up
2026-04-30,2026-05-04,009830,down,up,down,up,down,down,down,up,down
2026-04-30,2026-05-04,029780,down,up,up,up,up,up,up,up,up
2026-04-30,2026-05-04,028300,up,down,down,down,down,down,down,down,down
2026-04-30,2026-05-04,034220,up,down,down,down,down,down,down,down,down
2026-04-30,2026-05-04,002380,up,up,up,up,up,down,up,up,up
2026-04-30,2026-05-04,036460,down,down,down,down,down,down,down,down,up
2026-04-30,2026-05-04,004170,up,down,down,down,down,down,down,down,down
2026-04-30,2026-05-04,012750,down,up,up,up,up,up,up,up,up
2026-04-30,2026-05-04,111770,up,down,down,down,down,down,down,down,up
2026-04-30,2026-05-04,035250,down,down,down,down,down,down,down,down,up
2026-04-30,2026-05-04,257720,down,up,up,up,up,up,up,up,up
2026-04-30,2026-05-04,226950,up,down,down,down,down,down,down,down,down
2026-04-30,2026-05-04,010170,up,down,down,down,down,down,down,down,down
2026-04-30,2026-05-04,214370,flat,up,up,up,up,up,up,up,up
2026-04-30,2026-05-04,030000,down,up,up,up,up,up,up,up,up
2026-05-04,2026-05-06,005930,up,up,up,up,up,up,up,up,up
2026-05-04,2026-05-06,009150,down,down,down,down,down,down,down,down,down
2026-05-04,2026-05-06,373220,up,down,down,down,down,down,down,down,down
2026-05-04,2026-05-06,005380,up,down,down,down,down,down,down,down,down
2026-05-04,2026-05-06,207940,down,down,down,down,down,down,down,down,down
2026-05-04,2026-05-06,105560,up,down,down,down,down,down,down,down,down
2026-05-04,2026-05-06,028260,up,down,down,down,down,down,down,down,down
2026-05-04,2026-05-06,032830,up,down,down,down,down,down,down,down,down
2026-05-04,2026-05-06,012450,down,down,down,down,down,down,down,down,down
2026-05-04,2026-05-06,034020,down,down,down,down,down,down,down,down,down
2026-05-04,2026-05-06,329180,down,down,down,down,down,down,down,down,down
2026-05-04,2026-05-06,034730,up,down,down,down,down,down,down,down,down
2026-05-04,2026-05-06,012330,up,down,down,down,down,down,down,down,down
2026-05-04,2026-05-06,066570,up,down,down,down,down,down,down,down,down
2026-05-04,2026-05-06,035420,down,down,up,down,down,down,down,down,down
2026-05-04,2026-05-06,010120,up,up,up,up,up,up,up,up,up
2026-05-04,2026-05-06,000810,up,down,down,down,down,down,down,down,down
2026-05-04,2026-05-06,005490,up,down,down,down,down,down,down,down,down
2026-05-04,2026-05-06,010130,up,down,down,down,up,down,down,down,up
2026-05-04,2026-05-06,138040,down,down,down,down,down,down,down,down,down
2026-05-04,2026-05-06,015760,up,down,down,down,down,down,down,down,down
2026-05-04,2026-05-06,011200,down,down,down,down,down,down,down,down,down
2026-05-04,2026-05-06,051910,down,down,down,down,down,down,down,down,down
2026-05-04,2026-05-06,017670,down,up,up,up,up,up,up,up,up
2026-05-04,2026-05-06,033780,down,down,down,down,down,down,down,down,down
2026-05-04,2026-05-06,196170,down,down,down,down,down,down,down,down,down
2026-05-04,2026-05-06,018260,up,down,down,down,down,down,down,down,down
2026-05-04,2026-05-06,086280,down,up,up,up,up,down,up,up,up
2026-05-04,2026-05-06,000720,up,down,down,down,down,down,down,down,down
2026-05-04,2026-05-06,278470,down,down,down,down,down,down,down,down,up
2026-05-04,2026-05-06,030200,down,up,up,up,up,up,up,up,up
2026-05-04,2026-05-06,003490,up,down,down,down,down,down,down,down,down
2026-05-04,2026-05-06,047050,down,down,down,down,down,down,down,down,down
2026-05-04,2026-05-06,003230,down,down,down,down,down,down,down,down,down
2026-05-04,2026-05-06,259960,down,down,down,down,down,down,down,down,down
2026-05-04,2026-05-06,021240,down,down,down,down,down,down,down,down,down
2026-05-04,2026-05-06,352820,down,up,up,up,up,up,up,up,up
2026-05-04,2026-05-06,009830,down,down,down,down,down,down,down,down,down
2026-05-04,2026-05-06,029780,down,up,up,up,up,up,up,up,up
2026-05-04,2026-05-06,028300,up,down,down,down,down,down,down,down,down
2026-05-04,2026-05-06,034220,up,down,down,down,down,down,down,down,down
2026-05-04,2026-05-06,002380,up,down,down,down,down,down,down,down,down
2026-05-04,2026-05-06,036460,down,down,down,down,down,down,down,down,up
2026-05-04,2026-05-06,004170,down,down,down,down,down,down,down,down,down
2026-05-04,2026-05-06,012750,down,up,up,up,up,up,up,up,up
2026-05-04,2026-05-06,111770,down,down,down,down,down,down,down,down,down
2026-05-04,2026-05-06,035250,down,up,up,up,up,up,up,up,up
2026-05-04,2026-05-06,257720,up,up,up,up,up,up,up,up,up
2026-05-04,2026-05-06,226950,down,down,down,down,down,down,down,down,down
2026-05-04,2026-05-06,010170,up,down,down,down,down,down,down,down,down
2026-05-04,2026-05-06,214370,down,down,down,down,down,down,down,down,down
2026-05-04,2026-05-06,030000,down,up,up,up,up,up,up,up,up
2026-05-06,2026-05-07,005930,up,up,up,up,up,up,up,up,up
2026-05-06,2026-05-07,009150,up,up,up,up,up,up,up,up,up
2026-05-06,2026-05-07,373220,up,down,down,down,down,down,down,down,down
2026-05-06,2026-05-07,005380,up,down,down,down,down,down,down,down,down
2026-05-06,2026-05-07,207940,down,down,down,down,down,down,down,down,down
2026-05-06,2026-05-07,105560,up,up,up,up,up,up,up,up,up
2026-05-06,2026-05-07,028260,up,down,down,down,down,down,down,down,down
2026-05-06,2026-05-07,032830,up,down,down,down,down,down,down,down,down
2026-05-06,2026-05-07,012450,down,down,down,down,down,up,down,down,down
2026-05-06,2026-05-07,034020,up,down,up,down,down,down,up,down,up
2026-05-06,2026-05-07,329180,up,up,up,up,up,up,up,up,up
2026-05-06,2026-05-07,034730,up,down,down,down,down,down,down,down,down
2026-05-06,2026-05-07,012330,up,down,down,down,down,down,down,down,down
2026-05-06,2026-05-07,066570,down,down,down,down,down,down,down,down,down
2026-05-06,2026-05-07,035420,down,up,up,up,up,up,up,up,up
2026-05-06,2026-05-07,010120,up,up,up,up,up,up,up,up,up
2026-05-06,2026-05-07,000810,up,down,down,down,down,down,down,down,down
2026-05-06,2026-05-07,005490,up,down,down,down,down,down,down,down,down
2026-05-06,2026-05-07,010130,down,down,down,down,down,down,down,down,down
2026-05-06,2026-05-07,138040,up,down,down,down,down,down,down,down,down
2026-05-06,2026-05-07,015760,down,up,up,up,up,up,up,up,up
2026-05-06,2026-05-07,011200,up,down,down,up,down,up,up,up,up
2026-05-06,2026-05-07,051910,up,down,down,down,down,down,down,down,down
2026-05-06,2026-05-07,017670,down,down,down,down,down,down,down,down,down
2026-05-06,2026-05-07,033780,up,up,up,up,up,up,up,up,up
2026-05-06,2026-05-07,196170,down,up,up,up,up,up,up,up,up
2026-05-06,2026-05-07,018260,up,down,down,down,down,down,down,down,down
2026-05-06,2026-05-07,086280,up,down,down,down,down,down,down,down,down
2026-05-06,2026-05-07,000720,up,down,down,down,down,down,down,down,down
2026-05-06,2026-05-07,278470,down,down,down,down,down,down,down,down,down
2026-05-06,2026-05-07,030200,up,up,up,up,up,up,up,up,up
2026-05-06,2026-05-07,003490,up,down,down,down,down,down,down,down,down
2026-05-06,2026-05-07,047050,down,down,down,down,down,down,down,down,down
2026-05-06,2026-05-07,003230,down,up,up,up,up,up,up,up,up
2026-05-06,2026-05-07,259960,down,down,down,down,down,down,down,down,up
2026-05-06,2026-05-07,021240,up,down,down,down,down,down,down,down,down
2026-05-06,2026-05-07,352820,down,down,down,down,down,down,down,down,down
2026-05-06,2026-05-07,009830,down,down,down,down,down,down,down,down,down
2026-05-06,2026-05-07,029780,flat,up,up,up,up,up,up,up,up
2026-05-06,2026-05-07,028300,down,down,down,down,down,down,up,down,down
2026-05-06,2026-05-07,034220,down,down,down,down,down,down,down,down,down
2026-05-06,2026-05-07,002380,down,down,down,down,down,down,down,down,down
2026-05-06,2026-05-07,036460,up,down,down,down,down,down,down,down,up
2026-05-06,2026-05-07,004170,up,up,up,up,up,up,up,up,up
2026-05-06,2026-05-07,012750,down,up,up,up,up,up,up,up,up
2026-05-06,2026-05-07,111770,up,up,up,up,up,up,up,up,up
2026-05-06,2026-05-07,035250,down,up,up,up,up,up,up,up,up
2026-05-06,2026-05-07,257720,up,down,down,down,down,down,down,down,down
2026-05-06,2026-05-07,226950,up,down,down,down,down,down,down,down,down
2026-05-06,2026-05-07,010170,up,down,down,down,down,down,down,up,down
2026-05-06,2026-05-07,214370,down,down,down,down,down,down,down,down,down
2026-05-06,2026-05-07,030000,up,up,up,up,up,up,up,up,up
2026-05-07,2026-05-08,005930,down,down,down,down,down,down,down,down,down
2026-05-07,2026-05-08,009150,down,up,up,up,up,up,up,up,up
2026-05-07,2026-05-08,373220,down,down,down,down,down,down,down,down,down
2026-05-07,2026-05-08,005380,up,down,down,down,down,down,down,down,down
2026-05-07,2026-05-08,207940,up,down,down,down,down,down,down,down,down
2026-05-07,2026-05-08,105560,up,down,down,down,down,down,down,down,up
2026-05-07,2026-05-08,028260,up,down,down,down,down,down,down,down,down
2026-05-07,2026-05-08,032830,down,down,down,down,down,down,down,down,down
2026-05-07,2026-05-08,012450,down,up,up,up,up,up,up,up,up
2026-05-07,2026-05-08,034020,down,down,down,down,down,down,down,down,down
2026-05-07,2026-05-08,329180,down,down,down,down,down,down,down,down,down
2026-05-07,2026-05-08,034730,up,down,down,down,down,down,up,down,down
2026-05-07,2026-05-08,012330,up,down,down,down,down,down,down,down,down
2026-05-07,2026-05-08,066570,up,down,down,down,down,down,down,down,down
2026-05-07,2026-05-08,035420,up,up,up,up,up,up,up,up,up
2026-05-07,2026-05-08,010120,down,up,up,up,up,up,up,up,up
2026-05-07,2026-05-08,000810,up,down,down,down,down,down,down,down,down
2026-05-07,2026-05-08,005490,down,down,down,down,down,down,down,down,down
2026-05-07,2026-05-08,010130,flat,down,down,down,down,down,down,down,down
2026-05-07,2026-05-08,138040,down,down,down,down,down,down,down,down,down
2026-05-07,2026-05-08,015760,down,down,down,down,down,down,down,down,down
2026-05-07,2026-05-08,011200,down,down,down,down,down,down,down,down,down
2026-05-07,2026-05-08,051910,up,down,down,down,down,down,down,down,down
2026-05-07,2026-05-08,017670,up,down,down,down,down,down,down,down,down
2026-05-07,2026-05-08,033780,up,down,down,down,down,down,down,down,down
2026-05-07,2026-05-08,196170,down,up,down,up,up,up,up,up,up
2026-05-07,2026-05-08,018260,down,down,down,down,down,down,down,down,down
2026-05-07,2026-05-08,086280,up,down,down,down,down,down,down,down,down
2026-05-07,2026-05-08,000720,down,down,down,down,down,down,down,down,down
2026-05-07,2026-05-08,278470,up,down,down,down,down,down,down,down,down
2026-05-07,2026-05-08,030200,down,down,down,down,down,down,down,down,up
2026-05-07,2026-05-08,003490,up,down,down,down,down,down,down,down,down
2026-05-07,2026-05-08,047050,down,down,down,down,down,down,down,down,down
2026-05-07,2026-05-08,003230,up,up,up,up,up,up,up,down,up
2026-05-07,2026-05-08,259960,up,down,down,down,down,down,down,down,down
2026-05-07,2026-05-08,021240,up,down,down,down,down,down,down,down,down
2026-05-07,2026-05-08,352820,up,down,down,down,down,down,down,down,down
2026-05-07,2026-05-08,009830,down,down,down,down,down,down,down,up,down
2026-05-07,2026-05-08,029780,down,up,up,up,up,up,up,up,up
2026-05-07,2026-05-08,028300,down,down,down,down,down,down,down,down,down
2026-05-07,2026-05-08,034220,down,down,down,down,down,down,up,down,down
2026-05-07,2026-05-08,002380,up,up,up,up,up,up,up,up,up
2026-05-07,2026-05-08,036460,down,down,down,down,down,down,down,down,down
2026-05-07,2026-05-08,004170,down,down,down,down,down,down,down,down,down
2026-05-07,2026-05-08,012750,up,up,up,up,up,up,up,up,up
2026-05-07,2026-05-08,111770,up,up,up,up,up,up,up,up,up
2026-05-07,2026-05-08,035250,down,down,down,down,down,down,down,down,down
2026-05-07,2026-05-08,257720,up,down,down,down,down,down,down,down,down
2026-05-07,2026-05-08,226950,up,down,down,down,down,down,down,down,down
2026-05-07,2026-05-08,010170,up,down,down,down,down,down,down,up,down
2026-05-07,2026-05-08,214370,down,down,down,down,down,down,down,down,down
2026-05-07,2026-05-08,030000,flat,up,up,up,up,up,up,up,up
2026-05-08,2026-05-11,005930,up,up,up,up,up,up,up,up,up
2026-05-08,2026-05-11,009150,down,up,up,up,up,up,up,up,up
2026-05-08,2026-05-11,373220,down,down,down,down,down,down,up,down,down
2026-05-08,2026-05-11,005380,up,down,down,down,down,down,down,down,down
2026-05-08,2026-05-11,207940,down,down,down,down,down,down,down,down,down
2026-05-08,2026-05-11,105560,down,down,down,down,down,down,down,down,up
2026-05-08,2026-05-11,028260,up,down,down,down,down,down,down,down,down
2026-05-08,2026-05-11,032830,up,down,down,down,down,down,down,up,up
2026-05-08,2026-05-11,012450,up,down,down,down,down,up,down,down,down
2026-05-08,2026-05-11,034020,down,down,down,down,down,down,up,down,down
2026-05-08,2026-05-11,329180,up,down,down,down,down,down,down,down,down
2026-05-08,2026-05-11,034730,up,up,up,up,up,up,up,up,up
2026-05-08,2026-05-11,012330,up,down,down,down,down,down,down,down,down
2026-05-08,2026-05-11,066570,up,down,down,down,down,down,down,down,down
2026-05-08,2026-05-11,035420,down,up,up,up,up,up,up,up,up
2026-05-08,2026-05-11,010120,down,up,up,up,up,up,up,up,up
2026-05-08,2026-05-11,000810,up,down,down,down,down,down,down,down,down
2026-05-08,2026-05-11,005490,down,down,down,down,down,down,up,down,up
2026-05-08,2026-05-11,010130,down,down,down,down,down,down,down,down,down
2026-05-08,2026-05-11,138040,down,down,down,down,down,down,down,down,down
2026-05-08,2026-05-11,015760,down,down,down,down,down,down,down,down,down
2026-05-08,2026-05-11,011200,down,down,down,up,down,up,down,up,up
2026-05-08,2026-05-11,051910,down,down,down,down,down,down,down,down,down
2026-05-08,2026-05-11,017670,up,down,down,down,down,down,down,down,down
2026-05-08,2026-05-11,033780,down,down,down,down,down,down,down,down,down
2026-05-08,2026-05-11,196170,down,up,up,up,up,up,up,up,up
2026-05-08,2026-05-11,018260,down,down,down,down,down,down,down,down,down
2026-05-08,2026-05-11,086280,flat,down,down,down,down,down,down,down,down
2026-05-08,2026-05-11,000720,up,down,down,down,down,down,up,down,down
2026-05-08,2026-05-11,278470,up,down,down,down,down,down,down,down,down
2026-05-08,2026-05-11,030200,down,up,up,up,up,up,up,up,up
2026-05-08,2026-05-11,003490,down,down,down,down,down,down,down,down,down
2026-05-08,2026-05-11,047050,down,down,down,down,down,down,down,down,down
2026-05-08,2026-05-11,003230,down,up,up,up,up,up,up,up,up
2026-05-08,2026-05-11,259960,up,down,down,down,down,down,down,down,down
2026-05-08,2026-05-11,021240,up,down,down,down,down,down,down,down,down
2026-05-08,2026-05-11,352820,down,down,down,down,down,down,down,down,down
2026-05-08,2026-05-11,009830,down,down,down,down,down,down,down,down,down
2026-05-08,2026-05-11,029780,down,up,up,up,up,up,up,up,up
2026-05-08,2026-05-11,028300,down,down,down,down,down,down,down,down,down
2026-05-08,2026-05-11,034220,up,up,up,up,up,up,up,up,up
2026-05-08,2026-05-11,002380,flat,down,down,down,down,down,up,down,down
2026-05-08,2026-05-11,036460,down,down,down,down,down,down,down,down,up
2026-05-08,2026-05-11,004170,up,up,up,up,up,up,up,up,up
2026-05-08,2026-05-11,012750,up,up,up,up,up,up,up,up,up
2026-05-08,2026-05-11,111770,down,down,down,down,down,down,down,down,down
2026-05-08,2026-05-11,035250,down,down,down,down,down,down,down,down,down
2026-05-08,2026-05-11,257720,down,down,down,down,down,down,down,down,down
2026-05-08,2026-05-11,226950,up,down,down,down,down,down,down,down,down
2026-05-08,2026-05-11,010170,up,down,down,down,down,down,down,down,down
2026-05-08,2026-05-11,214370,up,down,down,down,down,down,down,down,down
2026-05-08,2026-05-11,030000,down,up,up,up,up,up,up,up,up
2026-05-11,2026-05-12,005930,down,up,up,up,up,up,up,up,up
2026-05-11,2026-05-12,009150,up,up,up,up,up,up,up,up,up
2026-05-11,2026-05-12,373220,down,down,down,down,down,down,up,down,up
2026-05-11,2026-05-12,005380,flat,down,down,down,down,down,down,down,down
2026-05-11,2026-05-12,207940,down,down,down,down,down,down,down,down,down
2026-05-11,2026-05-12,105560,down,up,up,up,up,up,up,up,up
2026-05-11,2026-05-12,028260,down,down,down,down,down,down,down,down,down
2026-05-11,2026-05-12,032830,flat,down,down,down,down,down,down,down,down
2026-05-11,2026-05-12,012450,down,down,down,down,down,down,down,down,down
2026-05-11,2026-05-12,034020,down,down,up,down,down,up,up,down,up
2026-05-11,2026-05-12,329180,up,down,down,down,down,down,down,down,down
2026-05-11,2026-05-12,034730,down,up,up,up,up,up,up,up,up
2026-05-11,2026-05-12,012330,down,down,down,down,down,down,down,down,down
2026-05-11,2026-05-12,066570,up,down,down,down,down,down,down,down,down
2026-05-11,2026-05-12,035420,down,up,up,up,up,up,up,up,up
2026-05-11,2026-05-12,010120,down,up,up,up,up,up,up,up,up
2026-05-11,2026-05-12,000810,flat,down,down,down,down,down,down,down,down
2026-05-11,2026-05-12,005490,down,up,up,up,up,up,up,up,up
2026-05-11,2026-05-12,010130,down,down,down,down,down,down,down,down,down
2026-05-11,2026-05-12,138040,down,down,down,down,down,down,down,down,down
2026-05-11,2026-05-12,015760,down,down,down,down,down,down,down,down,down
2026-05-11,2026-05-12,011200,down,up,up,up,up,up,up,up,up
2026-05-11,2026-05-12,051910,down,down,down,down,down,down,down,down,up
2026-05-11,2026-05-12,017670,up,down,down,down,down,down,down,down,down
2026-05-11,2026-05-12,033780,up,down,down,down,down,down,down,down,up
2026-05-11,2026-05-12,196170,up,up,up,up,up,up,up,up,up
2026-05-11,2026-05-12,018260,up,up,up,up,down,up,up,up,up
2026-05-11,2026-05-12,086280,up,down,down,down,down,down,down,down,down
2026-05-11,2026-05-12,000720,down,down,down,down,down,down,up,down,down
2026-05-11,2026-05-12,278470,down,down,down,down,down,down,down,down,down
2026-05-11,2026-05-12,030200,up,up,up,up,up,up,up,up,up
2026-05-11,2026-05-12,003490,down,up,up,up,up,up,up,up,up
2026-05-11,2026-05-12,047050,down,down,down,down,down,down,down,down,down
2026-05-11,2026-05-12,003230,up,down,down,down,down,down,down,down,down
2026-05-11,2026-05-12,259960,down,down,down,down,down,down,down,down,down
2026-05-11,2026-05-12,021240,down,down,down,down,down,down,down,down,down
2026-05-11,2026-05-12,352820,down,down,down,down,down,down,down,down,down
2026-05-11,2026-05-12,009830,down,down,down,down,down,down,down,down,down
2026-05-11,2026-05-12,029780,down,up,up,up,up,up,up,up,up
2026-05-11,2026-05-12,028300,up,down,down,down,down,down,down,down,down
2026-05-11,2026-05-12,034220,up,down,down,down,down,down,down,down,down
2026-05-11,2026-05-12,002380,down,down,down,down,down,down,up,up,down
2026-05-11,2026-05-12,036460,down,down,down,down,down,down,down,down,down
2026-05-11,2026-05-12,004170,down,down,down,down,down,down,down,down,down
2026-05-11,2026-05-12,012750,down,up,up,up,up,up,up,up,up
2026-05-11,2026-05-12,111770,up,up,up,up,up,up,up,up,up
2026-05-11,2026-05-12,035250,down,down,down,down,down,down,down,down,down
2026-05-11,2026-05-12,257720,down,down,down,down,down,down,down,down,down
2026-05-11,2026-05-12,226950,down,down,down,down,down,down,down,down,down
2026-05-11,2026-05-12,010170,up,up,up,up,down,up,down,up,up
2026-05-11,2026-05-12,214370,down,down,down,down,down,down,down,down,down
2026-05-11,2026-05-12,030000,down,up,up,up,up,up,up,up,up
2026-05-12,2026-05-13,005930,up,up,up,up,up,up,up,up,up
2026-05-12,2026-05-13,009150,up,up,up,up,up,up,up,up,up
2026-05-12,2026-05-13,373220,down,up,up,up,up,up,up,up,up
2026-05-12,2026-05-13,005380,up,down,down,down,down,down,down,down,down
2026-05-12,2026-05-13,207940,down,down,down,down,down,down,down,down,down
2026-05-12,2026-05-13,105560,down,up,up,up,up,up,up,up,up
2026-05-12,2026-05-13,028260,down,down,down,down,down,down,down,down,down
2026-05-12,2026-05-13,032830,up,down,down,up,down,down,down,down,down
2026-05-12,2026-05-13,012450,up,down,down,down,down,up,down,down,down
2026-05-12,2026-05-13,034020,down,up,up,up,up,up,up,up,up
2026-05-12,2026-05-13,329180,up,down,down,down,down,down,down,down,down
2026-05-12,2026-05-13,034730,up,up,up,up,up,up,up,up,up
2026-05-12,2026-05-13,012330,up,down,down,down,down,down,down,down,down
2026-05-12,2026-05-13,066570,up,down,down,down,down,down,down,down,down
2026-05-12,2026-05-13,035420,down,up,up,up,up,up,up,up,up
2026-05-12,2026-05-13,010120,down,up,up,up,up,up,up,up,up
2026-05-12,2026-05-13,000810,down,down,down,down,down,down,down,down,down
2026-05-12,2026-05-13,005490,down,up,up,up,up,up,up,up,up
2026-05-12,2026-05-13,010130,down,down,down,down,down,down,down,down,down
2026-05-12,2026-05-13,138040,down,down,down,down,down,down,down,down,down
2026-05-12,2026-05-13,015760,down,down,down,down,down,down,down,down,down
2026-05-12,2026-05-13,011200,up,up,up,up,up,up,up,up,up
2026-05-12,2026-05-13,051910,down,down,down,down,down,up,down,down,up
2026-05-12,2026-05-13,017670,up,down,down,down,down,down,down,down,down
2026-05-12,2026-05-13,033780,down,down,down,down,down,down,down,down,down
2026-05-12,2026-05-13,196170,up,up,up,up,up,up,up,up,up
2026-05-12,2026-05-13,018260,flat,down,down,down,down,down,down,down,down
2026-05-12,2026-05-13,086280,up,down,down,down,down,down,down,down,down
2026-05-12,2026-05-13,000720,up,down,down,down,down,down,up,down,down
2026-05-12,2026-05-13,278470,down,down,down,down,down,down,down,down,down
2026-05-12,2026-05-13,030200,down,down,down,down,down,down,down,down,up
2026-05-12,2026-05-13,003490,up,up,up,up,up,up,up,up,up
2026-05-12,2026-05-13,047050,down,down,down,down,down,down,down,down,down
2026-05-12,2026-05-13,003230,down,up,up,up,up,up,up,up,up
2026-05-12,2026-05-13,259960,up,up,up,up,up,up,up,up,up
2026-05-12,2026-05-13,021240,up,down,down,down,down,down,down,down,down
2026-05-12,2026-05-13,352820,down,down,down,down,down,down,down,down,down
2026-05-12,2026-05-13,009830,up,down,down,down,down,up,down,up,up
2026-05-12,2026-05-13,029780,down,up,up,up,up,up,up,up,up
2026-05-12,2026-05-13,028300,down,up,up,up,up,up,up,up,up
2026-05-12,2026-05-13,034220,up,down,down,down,down,down,down,down,down
2026-05-12,2026-05-13,002380,down,up,up,up,up,up,up,up,up
2026-05-12,2026-05-13,036460,up,down,down,down,down,down,down,down,down
2026-05-12,2026-05-13,004170,up,down,down,down,down,down,up,down,down
2026-05-12,2026-05-13,012750,down,up,up,up,up,up,up,up,up
2026-05-12,2026-05-13,111770,down,down,down,down,down,down,down,down,down
2026-05-12,2026-05-13,035250,down,down,down,down,down,down,down,down,down
2026-05-12,2026-05-13,257720,down,down,down,down,down,down,down,down,down
2026-05-12,2026-05-13,226950,down,down,down,down,down,down,down,down,down
2026-05-12,2026-05-13,010170,down,down,down,down,down,down,down,up,down
2026-05-12,2026-05-13,214370,down,down,down,down,down,down,down,down,down
2026-05-12,2026-05-13,030000,down,up,up,up,up,up,up,up,up
2026-05-13,2026-05-14,005930,up,up,up,up,up,up,up,up,up
2026-05-13,2026-05-14,009150,down,up,up,up,up,up,up,up,up
2026-05-13,2026-05-14,373220,up,up,up,up,up,up,up,up,up
2026-05-13,2026-05-14,005380,up,down,down,down,down,down,down,down,down
2026-05-13,2026-05-14,207940,up,down,down,down,down,down,down,down,down
2026-05-13,2026-05-14,105560,up,up,up,up,up,up,up,up,up
2026-05-13,2026-05-14,028260,up,down,down,down,down,down,up,down,down
2026-05-13,2026-05-14,032830,up,down,down,down,down,down,down,down,down
2026-05-13,2026-05-14,012450,up,down,down,down,down,up,down,down,down
2026-05-13,2026-05-14,034020,down,up,up,up,up,up,up,up,up
2026-05-13,2026-05-14,329180,down,down,down,down,down,down,down,down,down
2026-05-13,2026-05-14,034730,down,up,up,up,up,up,up,up,up
2026-05-13,2026-05-14,012330,up,down,down,down,down,down,down,down,down
2026-05-13,2026-05-14,066570,up,down,down,down,down,down,down,down,down
2026-05-13,2026-05-14,035420,up,up,up,up,up,up,up,up,up
2026-05-13,2026-05-14,010120,down,up,up,up,up,up,up,up,up
2026-05-13,2026-05-14,000810,up,up,up,up,up,up,up,up,up
2026-05-13,2026-05-14,005490,up,up,up,up,down,up,up,up,up
2026-05-13,2026-05-14,010130,up,down,down,down,down,down,down,down,down
2026-05-13,2026-05-14,138040,up,down,down,down,down,down,down,down,down
2026-05-13,2026-05-14,015760,down,up,up,up,up,up,up,up,up
2026-05-13,2026-05-14,011200,up,up,up,up,up,up,up,up,up
2026-05-13,2026-05-14,051910,up,down,down,down,down,down,down,down,down
2026-05-13,2026-05-14,017670,down,down,down,down,down,down,down,down,down
2026-05-13,2026-05-14,033780,up,up,up,up,up,up,up,up,up
2026-05-13,2026-05-14,196170,up,down,down,down,down,down,down,down,down
2026-05-13,2026-05-14,018260,up,down,down,down,down,down,down,down,down
2026-05-13,2026-05-14,086280,down,down,down,down,down,down,down,down,down
2026-05-13,2026-05-14,000720,up,down,down,down,down,down,down,down,down
2026-05-13,2026-05-14,278470,up,down,down,down,down,down,down,down,down
2026-05-13,2026-05-14,030200,up,up,up,up,up,up,up,up,up
2026-05-13,2026-05-14,003490,up,down,down,down,down,down,down,down,down
2026-05-13,2026-05-14,047050,up,down,down,down,down,down,down,down,down
2026-05-13,2026-05-14,003230,up,up,down,down,up,up,up,up,up
2026-05-13,2026-05-14,259960,up,down,down,down,down,down,down,down,down
2026-05-13,2026-05-14,021240,up,down,down,down,down,down,down,down,down
2026-05-13,2026-05-14,352820,up,down,down,down,down,down,down,down,down
2026-05-13,2026-05-14,009830,up,up,up,up,up,up,up,up,up
2026-05-13,2026-05-14,029780,up,up,up,up,up,up,up,up,up
2026-05-13,2026-05-14,028300,down,down,down,down,down,down,down,down,down
2026-05-13,2026-05-14,034220,up,down,down,down,down,down,down,down,down
2026-05-13,2026-05-14,002380,up,up,up,up,up,up,up,up,up
2026-05-13,2026-05-14,036460,up,down,down,down,down,down,down,down,down
2026-05-13,2026-05-14,004170,up,down,down,down,down,down,down,down,down
2026-05-13,2026-05-14,012750,up,up,up,up,up,up,up,up,up
2026-05-13,2026-05-14,111770,up,up,up,up,up,up,up,up,up
2026-05-13,2026-05-14,035250,up,down,down,down,down,down,down,down,up
2026-05-13,2026-05-14,257720,up,down,down,down,down,down,down,down,down
2026-05-13,2026-05-14,226950,up,down,down,down,down,down,down,down,down
2026-05-13,2026-05-14,010170,flat,down,down,down,down,down,down,down,down
2026-05-13,2026-05-14,214370,up,down,down,down,down,down,down,down,down
2026-05-13,2026-05-14,030000,up,up,up,up,up,up,up,up,up
2026-05-14,2026-05-15,005930,down,up,up,up,up,up,up,up,up
2026-05-14,2026-05-15,009150,down,up,up,up,up,up,up,up,up
2026-05-14,2026-05-15,373220,down,down,down,down,down,down,down,down,down
2026-05-14,2026-05-15,005380,down,down,down,down,down,down,down,down,down
2026-05-14,2026-05-15,207940,down,down,down,down,down,down,down,down,down
2026-05-14,2026-05-15,105560,down,up,up,up,up,up,up,up,up
2026-05-14,2026-05-15,028260,down,down,down,down,down,down,up,down,down
2026-05-14,2026-05-15,032830,down,down,down,down,down,down,down,down,down
2026-05-14,2026-05-15,012450,down,down,down,down,down,down,down,down,down
2026-05-14,2026-05-15,034020,down,down,up,down,down,up,up,down,up
2026-05-14,2026-05-15,329180,down,down,down,down,down,down,down,down,down
2026-05-14,2026-05-15,034730,down,down,down,down,down,up,up,down,down
2026-05-14,2026-05-15,012330,down,down,down,down,down,down,down,down,down
2026-05-14,2026-05-15,066570,up,down,down,down,down,down,down,down,down
2026-05-14,2026-05-15,035420,down,up,up,up,up,up,up,up,up
2026-05-14,2026-05-15,010120,down,up,up,up,up,up,up,up,up
2026-05-14,2026-05-15,000810,up,down,down,down,down,down,down,down,down
2026-05-14,2026-05-15,005490,down,down,down,down,down,down,down,down,down
2026-05-14,2026-05-15,010130,down,down,down,down,down,down,down,down,down
2026-05-14,2026-05-15,138040,down,down,down,down,down,down,down,down,down
2026-05-14,2026-05-15,015760,down,down,down,down,down,down,down,down,down
2026-05-14,2026-05-15,011200,down,down,down,up,down,up,down,up,up
2026-05-14,2026-05-15,051910,down,down,down,down,down,down,down,down,down
2026-05-14,2026-05-15,017670,down,down,down,down,down,down,down,down,down
2026-05-14,2026-05-15,033780,down,down,down,down,down,down,down,down,down
2026-05-14,2026-05-15,196170,down,down,down,down,down,down,down,down,down
2026-05-14,2026-05-15,018260,up,down,down,down,down,down,down,down,down
2026-05-14,2026-05-15,086280,down,down,down,down,down,down,down,down,down
2026-05-14,2026-05-15,000720,down,down,down,down,down,down,down,down,down
2026-05-14,2026-05-15,278470,down,down,down,down,down,down,down,down,down
2026-05-14,2026-05-15,030200,down,down,down,down,down,down,down,down,up
2026-05-14,2026-05-15,003490,down,down,down,down,down,down,down,down,down
2026-05-14,2026-05-15,047050,down,down,down,down,down,down,down,down,down
2026-05-14,2026-05-15,003230,up,down,down,down,down,down,down,down,down
2026-05-14,2026-05-15,259960,down,down,down,down,down,down,down,down,down
2026-05-14,2026-05-15,021240,down,down,down,down,down,down,down,down,down
2026-05-14,2026-05-15,352820,down,down,down,down,down,down,down,down,down
2026-05-14,2026-05-15,009830,down,down,down,down,down,up,down,down,down
2026-05-14,2026-05-15,029780,down,up,up,up,up,up,up,up,up
2026-05-14,2026-05-15,028300,down,down,down,down,down,down,down,down,down
2026-05-14,2026-05-15,034220,down,down,down,down,down,down,down,down,down
2026-05-14,2026-05-15,002380,down,up,up,up,up,up,up,up,up
2026-05-14,2026-05-15,036460,up,down,down,down,down,down,down,down,down
2026-05-14,2026-05-15,004170,up,down,down,down,down,down,down,down,down
2026-05-14,2026-05-15,012750,down,up,up,up,up,up,up,up,up
2026-05-14,2026-05-15,111770,up,down,down,down,down,down,down,down,down
2026-05-14,2026-05-15,035250,up,down,down,down,down,down,down,down,down
2026-05-14,2026-05-15,257720,down,down,down,down,down,down,down,down,down
2026-05-14,2026-05-15,226950,up,down,down,down,down,down,down,down,down
2026-05-14,2026-05-15,010170,down,down,down,down,down,down,down,down,down
2026-05-14,2026-05-15,214370,down,down,down,down,down,down,down,down,down
2026-05-14,2026-05-15,030000,up,up,up,up,up,up,up,up,up
2026-05-15,2026-05-18,005930,up,up,up,up,up,up,up,up,up
2026-05-15,2026-05-18,009150,up,up,up,up,up,up,up,up,up
2026-05-15,2026-05-18,373220,down,up,up,up,up,up,up,up,up
2026-05-15,2026-05-18,005380,down,down,down,down,down,down,down,down,down
2026-05-15,2026-05-18,207940,down,down,down,down,down,down,down,down,down
2026-05-15,2026-05-18,105560,down,up,up,up,up,up,up,up,up
2026-05-15,2026-05-18,028260,up,up,up,up,up,up,up,up,up
2026-05-15,2026-05-18,032830,up,up,up,up,up,up,up,up,up
2026-05-15,2026-05-18,012450,up,up,up,up,up,up,up,up,up
2026-05-15,2026-05-18,034020,up,up,up,up,up,up,up,up,up
2026-05-15,2026-05-18,329180,down,up,up,up,up,up,up,up,up
2026-05-15,2026-05-18,034730,up,up,up,up,up,up,up,up,up
2026-05-15,2026-05-18,012330,down,down,down,down,down,down,down,down,down
2026-05-15,2026-05-18,066570,down,down,down,down,down,down,down,down,down
2026-05-15,2026-05-18,035420,down,up,up,up,up,up,up,up,up
2026-05-15,2026-05-18,010120,down,up,up,up,up,up,up,up,up
2026-05-15,2026-05-18,000810,flat,down,down,down,down,down,down,down,down
2026-05-15,2026-05-18,005490,down,down,down,down,down,down,up,down,up
2026-05-15,2026-05-18,010130,down,down,down,down,down,down,down,down,down
2026-05-15,2026-05-18,138040,up,down,down,down,down,down,down,down,down
2026-05-15,2026-05-18,015760,down,up,up,up,up,up,up,up,up
2026-05-15,2026-05-18,011200,up,up,up,up,up,up,up,up,up
2026-05-15,2026-05-18,051910,down,down,down,down,down,down,down,down,up
2026-05-15,2026-05-18,017670,down,down,down,down,down,down,down,down,down
2026-05-15,2026-05-18,033780,down,up,up,up,up,up,up,up,up
2026-05-15,2026-05-18,196170,down,up,up,up,up,up,up,up,up
2026-05-15,2026-05-18,018260,down,down,down,down,down,down,down,down,down
2026-05-15,2026-05-18,086280,down,down,down,down,down,down,down,down,down
2026-05-15,2026-05-18,000720,down,down,down,down,down,down,up,down,down
2026-05-15,2026-05-18,278470,down,down,down,down,down,down,down,down,down
2026-05-15,2026-05-18,030200,down,up,up,up,up,up,up,up,up
2026-05-15,2026-05-18,003490,down,up,up,up,up,up,up,up,up
2026-05-15,2026-05-18,047050,down,down,down,down,down,down,down,down,down
2026-05-15,2026-05-18,003230,down,up,up,up,up,up,up,up,up
2026-05-15,2026-05-18,259960,up,up,up,up,up,up,up,up,up
2026-05-15,2026-05-18,021240,down,down,down,down,down,down,down,down,down
2026-05-15,2026-05-18,352820,down,down,down,down,down,down,down,down,down
2026-05-15,2026-05-18,009830,up,down,down,down,down,down,down,down,down
2026-05-15,2026-05-18,029780,down,up,up,up,up,up,up,up,up
2026-05-15,2026-05-18,028300,down,up,up,up,up,up,up,up,up
2026-05-15,2026-05-18,034220,down,up,up,up,up,up,up,up,up
2026-05-15,2026-05-18,002380,down,up,up,up,up,up,up,up,up
2026-05-15,2026-05-18,036460,down,down,down,down,down,down,down,down,up
2026-05-15,2026-05-18,004170,down,down,down,down,down,down,down,down,down
2026-05-15,2026-05-18,012750,down,up,up,up,up,up,up,up,up
2026-05-15,2026-05-18,111770,down,down,down,down,down,down,down,down,down
2026-05-15,2026-05-18,035250,down,up,up,up,up,up,up,up,up
2026-05-15,2026-05-18,257720,up,down,down,down,down,down,down,down,down
2026-05-15,2026-05-18,226950,down,down,down,down,down,down,down,down,down
2026-05-15,2026-05-18,010170,up,up,up,up,up,up,up,up,up
2026-05-15,2026-05-18,214370,down,down,down,down,down,down,down,down,down
2026-05-15,2026-05-18,030000,down,up,up,up,up,up,up,up,up
2026-05-18,2026-05-19,005930,down,up,up,up,up,up,up,up,up
2026-05-18,2026-05-19,009150,down,up,up,up,up,up,up,up,up
2026-05-18,2026-05-19,373220,down,up,up,up,up,up,up,up,up
2026-05-18,2026-05-19,005380,down,down,down,down,down,down,down,down,down
2026-05-18,2026-05-19,207940,down,down,down,down,down,down,down,down,down
2026-05-18,2026-05-19,105560,down,up,up,up,up,up,up,up,up
2026-05-18,2026-05-19,028260,down,up,up,up,up,up,up,up,up
2026-05-18,2026-05-19,032830,down,up,up,up,up,up,up,up,up
2026-05-18,2026-05-19,012450,up,up,up,up,up,up,up,up,up
2026-05-18,2026-05-19,034020,down,up,up,up,up,up,up,up,up
2026-05-18,2026-05-19,329180,down,up,up,up,up,up,up,up,up
2026-05-18,2026-05-19,034730,down,down,down,down,down,up,up,down,down
2026-05-18,2026-05-19,012330,down,down,down,down,up,down,down,down,down
2026-05-18,2026-05-19,066570,down,down,down,down,down,down,down,down,down
2026-05-18,2026-05-19,035420,down,up,up,up,up,up,up,up,up
2026-05-18,2026-05-19,010120,down,up,up,up,up,up,up,up,up
2026-05-18,2026-05-19,000810,down,down,down,down,down,down,down,down,down
2026-05-18,2026-05-19,005490,down,down,down,up,down,down,up,down,down
2026-05-18,2026-05-19,010130,down,down,down,down,down,down,down,down,down
2026-05-18,2026-05-19,138040,up,down,down,down,down,down,down,down,down
2026-05-18,2026-05-19,015760,up,up,up,up,up,up,up,up,up
2026-05-18,2026-05-19,011200,down,down,down,up,down,up,up,up,up
2026-05-18,2026-05-19,051910,down,down,down,down,down,down,down,down,down
2026-05-18,2026-05-19,017670,down,down,down,down,down,down,down,down,down
2026-05-18,2026-05-19,033780,down,up,up,up,up,up,up,up,up
2026-05-18,2026-05-19,196170,up,up,up,up,up,up,up,up,up
2026-05-18,2026-05-19,018260,down,up,up,up,up,up,up,down,up
2026-05-18,2026-05-19,086280,down,down,down,down,down,down,down,down,down
2026-05-18,2026-05-19,000720,down,down,down,down,down,down,up,down,down
2026-05-18,2026-05-19,278470,down,down,down,down,down,down,down,down,down
2026-05-18,2026-05-19,030200,down,up,up,up,up,up,up,up,up
2026-05-18,2026-05-19,003490,up,up,up,up,up,up,up,up,up
2026-05-18,2026-05-19,047050,down,down,down,down,down,down,down,down,down
2026-05-18,2026-05-19,003230,up,up,up,up,up,up,up,up,up
2026-05-18,2026-05-19,259960,down,down,down,down,down,down,down,down,down
2026-05-18,2026-05-19,021240,down,down,down,down,down,down,down,down,down
2026-05-18,2026-05-19,352820,up,down,down,down,down,down,down,down,down
2026-05-18,2026-05-19,009830,down,up,up,up,up,up,up,up,up
2026-05-18,2026-05-19,029780,up,up,up,up,up,up,up,up,up
2026-05-18,2026-05-19,028300,down,up,up,up,up,up,up,up,up
2026-05-18,2026-05-19,034220,down,up,up,up,up,up,up,up,up
2026-05-18,2026-05-19,002380,down,up,up,up,up,up,up,up,up
2026-05-18,2026-05-19,036460,up,down,down,down,down,down,down,down,up
2026-05-18,2026-05-19,004170,up,up,up,up,up,up,up,up,up
2026-05-18,2026-05-19,012750,up,up,up,up,up,up,up,up,up
2026-05-18,2026-05-19,111770,down,up,up,up,up,up,up,up,up
2026-05-18,2026-05-19,035250,down,up,up,up,up,up,up,up,up
2026-05-18,2026-05-19,257720,up,down,down,down,down,down,down,down,down
2026-05-18,2026-05-19,226950,up,down,down,down,down,down,down,down,down
2026-05-18,2026-05-19,010170,down,up,up,up,up,up,up,up,up
2026-05-18,2026-05-19,214370,up,down,down,down,down,down,down,down,down
2026-05-18,2026-05-19,030000,up,up,up,up,up,up,up,up,up
2026-05-19,2026-05-20,005930,up,up,up,up,up,up,up,up,up
2026-05-19,2026-05-20,009150,up,up,up,up,up,up,up,up,up
2026-05-19,2026-05-20,373220,down,up,up,up,up,up,up,up,up
2026-05-19,2026-05-20,005380,down,down,down,down,down,down,down,down,down
2026-05-19,2026-05-20,207940,down,down,down,down,down,down,down,down,down
2026-05-19,2026-05-20,105560,down,up,up,up,up,up,up,up,up
2026-05-19,2026-05-20,028260,down,up,up,up,up,up,up,up,up
2026-05-19,2026-05-20,032830,flat,up,up,up,up,up,up,up,up
2026-05-19,2026-05-20,012450,down,down,down,down,down,up,down,down,down
2026-05-19,2026-05-20,034020,down,up,up,up,up,up,up,up,up
2026-05-19,2026-05-20,329180,up,up,up,up,up,up,up,up,up
2026-05-19,2026-05-20,034730,up,down,down,down,down,down,up,down,down
2026-05-19,2026-05-20,012330,up,up,up,up,up,up,up,up,up
2026-05-19,2026-05-20,066570,down,up,up,up,up,up,up,up,up
2026-05-19,2026-05-20,035420,down,up,up,up,up,up,up,up,up
2026-05-19,2026-05-20,010120,down,up,up,up,up,up,up,up,up
2026-05-19,2026-05-20,000810,down,down,down,down,down,down,down,down,down
2026-05-19,2026-05-20,005490,down,up,up,up,down,up,up,up,up
2026-05-19,2026-05-20,010130,down,down,down,down,down,down,down,down,down
2026-05-19,2026-05-20,138040,down,down,down,down,down,down,down,down,down
2026-05-19,2026-05-20,015760,down,up,up,up,up,up,up,up,up
2026-05-19,2026-05-20,011200,down,up,up,up,up,up,up,up,up
2026-05-19,2026-05-20,051910,down,down,down,down,down,down,down,down,up
2026-05-19,2026-05-20,017670,up,down,down,down,down,down,down,down,down
2026-05-19,2026-05-20,033780,up,up,up,up,up,up,up,up,up
2026-05-19,2026-05-20,196170,down,up,up,up,up,up,up,up,up
2026-05-19,2026-05-20,018260,down,up,up,up,up,up,up,up,up
2026-05-19,2026-05-20,086280,down,down,down,down,down,down,down,down,down
2026-05-19,2026-05-20,000720,down,down,down,down,down,down,up,down,down
2026-05-19,2026-05-20,278470,down,down,down,down,down,down,down,down,down
2026-05-19,2026-05-20,030200,down,up,up,up,up,up,up,up,up
2026-05-19,2026-05-20,003490,down,down,down,down,down,down,down,down,down
2026-05-19,2026-05-20,047050,down,down,down,down,down,down,down,down,down
2026-05-19,2026-05-20,003230,down,up,up,up,up,up,up,up,up
2026-05-19,2026-05-20,259960,down,up,up,up,up,up,up,up,up
2026-05-19,2026-05-20,021240,down,down,down,down,down,down,down,down,down
2026-05-19,2026-05-20,352820,down,down,down,down,down,down,down,down,down
2026-05-19,2026-05-20,009830,down,down,down,down,down,up,down,down,down
2026-05-19,2026-05-20,029780,down,up,up,up,up,up,up,up,up
2026-05-19,2026-05-20,028300,down,up,up,up,up,up,up,up,up
2026-05-19,2026-05-20,034220,down,up,up,up,up,up,up,up,up
2026-05-19,2026-05-20,002380,down,up,up,up,up,up,up,up,up
2026-05-19,2026-05-20,036460,down,down,down,down,down,down,down,down,up
2026-05-19,2026-05-20,004170,down,down,down,down,down,down,up,down,down
2026-05-19,2026-05-20,012750,down,up,up,up,up,up,up,up,up
2026-05-19,2026-05-20,111770,down,up,up,up,up,up,up,up,up
2026-05-19,2026-05-20,035250,down,up,up,up,up,up,up,up,up
2026-05-19,2026-05-20,257720,down,down,down,down,down,down,down,down,down
2026-05-19,2026-05-20,226950,down,down,down,down,down,down,down,down,down
2026-05-19,2026-05-20,010170,up,up,up,up,up,up,up,up,up
2026-05-19,2026-05-20,214370,up,down,down,down,down,down,down,down,down
2026-05-19,2026-05-20,030000,down,up,up,up,up,up,up,up,up
2026-05-20,2026-05-21,005930,up,up,up,up,up,up,up,up,up
2026-05-20,2026-05-21,009150,up,up,up,up,up,up,up,up,up
2026-05-20,2026-05-21,373220,up,up,up,up,up,up,up,up,up
2026-05-20,2026-05-21,005380,up,down,down,down,down,down,down,down,down
2026-05-20,2026-05-21,207940,up,down,down,down,down,down,down,down,down
2026-05-20,2026-05-21,105560,up,up,up,up,up,up,up,up,up
2026-05-20,2026-05-21,028260,up,up,up,up,up,up,up,up,up
2026-05-20,2026-05-21,032830,up,up,up,up,up,up,up,up,up
2026-05-20,2026-05-21,012450,flat,up,up,up,up,up,up,up,up
2026-05-20,2026-05-21,034020,up,up,up,up,up,down,up,up,up
2026-05-20,2026-05-21,329180,up,up,up,up,up,up,up,up,up
2026-05-20,2026-05-21,034730,up,up,up,up,up,down,up,down,up
2026-05-20,2026-05-21,012330,up,down,down,down,down,down,down,down,down
2026-05-20,2026-05-21,066570,up,up,up,up,up,down,up,up,up
2026-05-20,2026-05-21,035420,up,up,up,up,up,up,up,up,up
2026-05-20,2026-05-21,010120,up,up,up,up,up,up,up,up,up
2026-05-20,2026-05-21,000810,up,down,down,down,down,down,down,down,down
2026-05-20,2026-05-21,005490,up,up,up,up,up,up,up,up,up
2026-05-20,2026-05-21,010130,up,down,down,down,down,down,down,down,down
2026-05-20,2026-05-21,138040,up,down,down,down,down,down,down,down,down
2026-05-20,2026-05-21,015760,up,up,up,up,up,up,up,up,up
2026-05-20,2026-05-21,011200,up,up,up,up,up,up,up,up,up
2026-05-20,2026-05-21,051910,up,down,down,down,down,down,down,down,down
2026-05-20,2026-05-21,017670,up,down,down,down,down,down,down,down,down
2026-05-20,2026-05-21,033780,up,down,down,down,down,down,up,down,down
2026-05-20,2026-05-21,196170,down,up,up,up,up,up,up,up,up
2026-05-20,2026-05-21,018260,up,up,up,up,up,up,up,up,up
2026-05-20,2026-05-21,086280,up,down,down,down,down,down,down,down,down
2026-05-20,2026-05-21,000720,up,down,down,down,down,down,up,down,down
2026-05-20,2026-05-21,278470,up,down,down,down,down,down,down,down,down
2026-05-20,2026-05-21,030200,down,up,up,up,up,up,up,up,up
2026-05-20,2026-05-21,003490,up,up,up,up,up,up,up,up,up
2026-05-20,2026-05-21,047050,down,down,down,down,down,down,down,down,down
2026-05-20,2026-05-21,003230,down,up,up,up,up,up,up,up,up
2026-05-20,2026-05-21,259960,down,up,up,up,up,up,up,up,up
2026-05-20,2026-05-21,021240,up,down,down,down,down,down,down,down,down
2026-05-20,2026-05-21,352820,up,down,down,down,down,down,down,down,down
2026-05-20,2026-05-21,009830,up,up,up,up,down,down,up,up,up
2026-05-20,2026-05-21,029780,down,up,up,up,up,up,up,up,up
2026-05-20,2026-05-21,028300,down,up,up,up,up,up,up,up,up
2026-05-20,2026-05-21,034220,up,up,up,up,up,up,up,up,up
2026-05-20,2026-05-21,002380,up,up,up,up,up,up,up,up,up
2026-05-20,2026-05-21,036460,up,down,down,down,down,down,down,down,up
2026-05-20,2026-05-21,004170,up,down,down,down,down,down,up,down,down
2026-05-20,2026-05-21,012750,up,up,up,up,up,up,up,up,up
2026-05-20,2026-05-21,111770,up,up,up,up,up,up,up,up,up
2026-05-20,2026-05-21,035250,flat,up,up,up,up,up,up,up,up
2026-05-20,2026-05-21,257720,down,down,down,down,down,down,down,down,down
2026-05-20,2026-05-21,226950,down,down,down,down,down,down,down,down,down
2026-05-20,2026-05-21,010170,up,up,up,up,up,up,up,up,up
2026-05-20,2026-05-21,214370,down,down,down,down,down,down,down,down,down
2026-05-20,2026-05-21,030000,up,up,up,up,up,up,up,up,up
2026-05-21,2026-05-22,005930,down,up,up,up,up,up,up,up,up
2026-05-21,2026-05-22,009150,up,up,up,up,up,up,up,up,up
2026-05-21,2026-05-22,373220,down,down,down,down,down,down,down,down,down
2026-05-21,2026-05-22,005380,down,down,down,down,down,down,down,down,down
2026-05-21,2026-05-22,207940,up,down,down,down,down,down,down,down,down
2026-05-21,2026-05-22,105560,up,up,up,up,up,up,up,up,up
2026-05-21,2026-05-22,028260,up,down,down,down,down,down,down,down,down
2026-05-21,2026-05-22,032830,up,down,down,down,down,down,down,down,down
2026-05-21,2026-05-22,012450,up,down,down,down,down,up,down,down,down
2026-05-21,2026-05-22,034020,up,down,down,down,down,down,down,down,down
2026-05-21,2026-05-22,329180,up,up,up,up,up,down,up,up,up
2026-05-21,2026-05-22,034730,up,down,down,down,down,down,down,down,down
2026-05-21,2026-05-22,012330,down,down,down,down,down,down,down,down,down
2026-05-21,2026-05-22,066570,up,down,down,down,down,down,down,down,down
2026-05-21,2026-05-22,035420,up,up,up,up,up,down,up,up,up
2026-05-21,2026-05-22,010120,up,down,down,down,down,down,up,down,down
2026-05-21,2026-05-22,000810,up,down,down,down,down,down,down,down,down
2026-05-21,2026-05-22,005490,up,down,down,down,down,down,down,down,down
2026-05-21,2026-05-22,010130,up,down,down,down,down,down,down,down,down
2026-05-21,2026-05-22,138040,up,down,down,down,down,down,down,down,down
2026-05-21,2026-05-22,015760,up,up,up,up,up,up,up,up,up
2026-05-21,2026-05-22,011200,up,down,down,down,down,down,down,down,down
2026-05-21,2026-05-22,051910,up,down,down,down,down,down,down,down,down
2026-05-21,2026-05-22,017670,flat,down,down,down,down,down,down,down,down
2026-05-21,2026-05-22,033780,up,down,down,down,down,down,down,down,down
2026-05-21,2026-05-22,196170,up,up,up,up,up,up,up,up,up
2026-05-21,2026-05-22,018260,up,down,down,down,down,down,down,down,down
2026-05-21,2026-05-22,086280,up,down,down,down,down,down,down,down,down
2026-05-21,2026-05-22,000720,up,down,down,down,down,down,down,down,down
2026-05-21,2026-05-22,278470,down,down,down,down,down,down,down,down,down
2026-05-21,2026-05-22,030200,up,up,up,up,up,up,up,up,up
2026-05-21,2026-05-22,003490,up,down,down,down,down,down,down,down,down
2026-05-21,2026-05-22,047050,up,down,down,down,down,down,down,down,down
2026-05-21,2026-05-22,003230,down,up,up,up,up,up,up,down,up
2026-05-21,2026-05-22,259960,up,up,up,up,up,up,up,up,up
2026-05-21,2026-05-22,021240,up,down,down,down,down,down,down,down,down
2026-05-21,2026-05-22,352820,up,down,down,down,down,down,down,down,down
2026-05-21,2026-05-22,009830,up,down,down,down,down,down,down,up,up
2026-05-21,2026-05-22,029780,up,up,up,up,up,up,up,up,up
2026-05-21,2026-05-22,028300,up,down,down,up,down,down,up,down,down
2026-05-21,2026-05-22,034220,up,down,down,down,down,down,down,down,down
2026-05-21,2026-05-22,002380,up,down,down,down,down,down,down,down,down
2026-05-21,2026-05-22,036460,down,down,down,down,down,down,down,down,up
2026-05-21,2026-05-22,004170,down,down,down,down,down,down,down,down,down
2026-05-21,2026-05-22,012750,up,up,up,up,up,up,up,up,up
2026-05-21,2026-05-22,111770,up,up,up,up,up,up,up,up,up
2026-05-21,2026-05-22,035250,up,up,up,up,up,up,up,up,up
2026-05-21,2026-05-22,257720,up,down,down,down,down,down,down,down,down
2026-05-21,2026-05-22,226950,up,down,down,down,down,down,down,down,down
2026-05-21,2026-05-22,010170,up,down,down,up,down,down,up,up,down
2026-05-21,2026-05-22,214370,up,down,down,down,down,down,down,down,down
2026-05-21,2026-05-22,030000,up,up,up,up,up,up,up,up,up
2026-05-22,2026-05-26,005930,up,down,down,down,down,down,down,down,down
2026-05-22,2026-05-26,009150,up,up,up,up,up,up,up,up,up
2026-05-22,2026-05-26,373220,up,down,down,down,down,down,up,down,down
2026-05-22,2026-05-26,005380,up,down,down,down,down,down,down,down,down
2026-05-22,2026-05-26,207940,up,down,down,down,down,down,down,down,down
2026-05-22,2026-05-26,105560,down,up,up,up,up,up,up,up,up
2026-05-22,2026-05-26,028260,down,down,down,down,down,down,down,down,down
2026-05-22,2026-05-26,032830,down,down,down,down,down,down,down,down,down
2026-05-22,2026-05-26,012450,down,down,down,down,down,down,down,down,down
2026-05-22,2026-05-26,034020,up,down,down,down,down,down,down,down,down
2026-05-22,2026-05-26,329180,up,up,up,up,up,down,up,down,up
2026-05-22,2026-05-26,034730,up,down,down,down,down,down,down,down,down
2026-05-22,2026-05-26,012330,up,down,down,down,down,down,down,down,down
2026-05-22,2026-05-26,066570,up,down,down,down,down,down,down,down,down
2026-05-22,2026-05-26,035420,down,up,up,up,up,down,up,up,up
2026-05-22,2026-05-26,010120,up,down,down,down,down,down,down,down,down
2026-05-22,2026-05-26,000810,up,down,down,down,down,down,down,down,down
2026-05-22,2026-05-26,005490,down,down,down,down,down,down,down,down,down
2026-05-22,2026-05-26,010130,up,down,down,down,down,down,down,down,down
2026-05-22,2026-05-26,138040,down,down,down,down,down,down,down,down,down
2026-05-22,2026-05-26,015760,up,down,down,down,down,down,down,down,down
2026-05-22,2026-05-26,011200,down,down,down,down,down,down,down,down,down
2026-05-22,2026-05-26,051910,flat,down,down,down,down,down,down,down,down
2026-05-22,2026-05-26,017670,down,down,down,down,down,down,down,down,down
2026-05-22,2026-05-26,033780,down,down,down,down,down,down,down,down,down
2026-05-22,2026-05-26,196170,up,down,down,down,down,down,down,down,down
2026-05-22,2026-05-26,018260,up,down,down,down,down,down,down,down,down
2026-05-22,2026-05-26,086280,down,down,down,down,down,down,down,down,down
2026-05-22,2026-05-26,000720,up,down,down,down,down,down,down,down,down
2026-05-22,2026-05-26,278470,down,down,down,down,down,down,down,down,down
2026-05-22,2026-05-26,030200,down,up,up,up,up,up,up,up,up
2026-05-22,2026-05-26,003490,up,down,down,down,down,down,down,down,down
2026-05-22,2026-05-26,047050,down,down,down,down,down,down,down,down,down
2026-05-22,2026-05-26,003230,down,down,down,down,down,down,down,down,down
2026-05-22,2026-05-26,259960,down,down,down,down,down,down,down,down,down
2026-05-22,2026-05-26,021240,down,down,down,down,down,down,down,down,down
2026-05-22,2026-05-26,352820,up,down,down,down,down,down,down,down,down
2026-05-22,2026-05-26,009830,up,down,down,down,down,down,down,down,down
2026-05-22,2026-05-26,029780,down,up,up,up,up,up,up,up,up
2026-05-22,2026-05-26,028300,up,up,up,up,up,up,up,up,up
2026-05-22,2026-05-26,034220,up,down,down,down,down,down,down,down,down
2026-05-22,2026-05-26,002380,up,down,down,down,down,down,down,down,down
2026-05-22,2026-05-26,036460,down,down,down,down,down,down,down,down,up
2026-05-22,2026-05-26,004170,down,up,up,up,up,up,up,up,up
2026-05-22,2026-05-26,012750,down,up,up,up,up,up,up,up,up
2026-05-22,2026-05-26,111770,down,down,down,down,down,down,down,down,down
2026-05-22,2026-05-26,035250,down,down,down,up,down,down,down,down,down
2026-05-22,2026-05-26,257720,down,down,down,down,down,down,down,down,down
2026-05-22,2026-05-26,226950,up,down,down,down,down,down,down,down,down
2026-05-22,2026-05-26,010170,up,down,down,down,down,down,down,down,down
2026-05-22,2026-05-26,214370,up,down,down,down,down,down,down,down,down
2026-05-22,2026-05-26,030000,down,up,up,up,up,up,up,up,up
2026-05-26,2026-05-27,005930,up,up,up,up,up,up,up,up,up
2026-05-26,2026-05-27,009150,up,up,up,up,up,up,up,up,up
2026-05-26,2026-05-27,373220,down,down,down,down,down,down,up,down,down
2026-05-26,2026-05-27,005380,down,down,down,down,down,down,down,down,down
2026-05-26,2026-05-27,207940,down,down,down,down,down,down,down,down,down
2026-05-26,2026-05-27,105560,down,up,up,up,up,up,up,up,up
2026-05-26,2026-05-27,028260,down,down,down,down,down,down,up,down,down
2026-05-26,2026-05-27,032830,up,up,up,up,up,up,up,down,up
2026-05-26,2026-05-27,012450,down,down,down,down,down,down,down,down,down
2026-05-26,2026-05-27,034020,down,down,down,down,down,down,down,down,down
2026-05-26,2026-05-27,329180,down,up,up,up,up,down,up,up,up
2026-05-26,2026-05-27,034730,up,down,down,down,down,down,down,down,down
2026-05-26,2026-05-27,012330,up,down,down,down,down,down,down,down,down
2026-05-26,2026-05-27,066570,down,down,down,down,down,down,down,down,down
2026-05-26,2026-05-27,035420,down,up,up,up,up,down,up,up,up
2026-05-26,2026-05-27,010120,down,up,up,up,up,up,up,up,up
2026-05-26,2026-05-27,000810,down,down,down,down,down,down,down,down,down
2026-05-26,2026-05-27,005490,down,down,down,down,down,down,up,down,down
2026-05-26,2026-05-27,010130,down,down,down,down,down,down,down,down,down
2026-05-26,2026-05-27,138040,down,down,down,down,down,down,down,down,down
2026-05-26,2026-05-27,015760,down,up,up,up,up,up,up,up,up
2026-05-26,2026-05-27,011200,down,up,up,up,up,up,up,up,up
2026-05-26,2026-05-27,051910,down,down,down,down,down,down,down,down,down
2026-05-26,2026-05-27,017670,down,down,down,down,down,down,down,down,down
2026-05-26,2026-05-27,033780,down,up,up,up,up,up,up,up,up
2026-05-26,2026-05-27,196170,up,down,down,down,down,down,down,down,down
2026-05-26,2026-05-27,018260,up,down,down,down,down,down,down,down,down
2026-05-26,2026-05-27,086280,down,down,down,down,down,down,down,down,down
2026-05-26,2026-05-27,000720,down,down,down,down,down,down,down,down,down
2026-05-26,2026-05-27,278470,down,down,down,down,down,down,down,down,down
2026-05-26,2026-05-27,030200,down,up,up,up,up,up,up,up,up
2026-05-26,2026-05-27,003490,down,down,down,down,down,down,down,down,down
2026-05-26,2026-05-27,047050,down,down,down,down,down,down,down,down,down
2026-05-26,2026-05-27,003230,down,down,down,down,down,down,down,down,down
2026-05-26,2026-05-27,259960,down,up,up,up,up,up,up,up,up
2026-05-26,2026-05-27,021240,down,down,down,down,down,down,down,down,down
2026-05-26,2026-05-27,352820,down,down,down,down,down,down,down,down,down
2026-05-26,2026-05-27,009830,down,down,down,down,down,down,down,down,down
2026-05-26,2026-05-27,029780,down,up,up,up,up,up,up,up,up
2026-05-26,2026-05-27,028300,down,up,up,up,up,up,up,up,up
2026-05-26,2026-05-27,034220,down,down,down,down,down,down,down,down,down
2026-05-26,2026-05-27,002380,down,down,down,down,down,down,down,down,down
2026-05-26,2026-05-27,036460,down,down,down,down,down,down,down,down,up
2026-05-26,2026-05-27,004170,up,up,up,up,up,up,up,up,up
2026-05-26,2026-05-27,012750,down,up,up,up,up,up,up,up,up
2026-05-26,2026-05-27,111770,down,up,up,up,up,up,up,up,up
2026-05-26,2026-05-27,035250,down,up,up,up,up,up,up,up,up
2026-05-26,2026-05-27,257720,down,down,down,down,down,down,down,down,down
2026-05-26,2026-05-27,226950,up,down,down,down,down,down,down,down,down
2026-05-26,2026-05-27,010170,down,down,down,down,down,down,down,up,down
2026-05-26,2026-05-27,214370,up,down,down,down,down,down,down,down,down
2026-05-26,2026-05-27,030000,down,up,up,up,up,up,up,up,up
2026-05-27,2026-05-28,005930,down,up,up,up,up,up,up,up,up
2026-05-27,2026-05-28,009150,up,up,up,up,up,up,up,up,up
2026-05-27,2026-05-28,373220,up,up,up,up,up,up,up,up,up
2026-05-27,2026-05-28,005380,down,down,down,down,down,down,down,down,down
2026-05-27,2026-05-28,207940,down,down,down,down,down,down,down,down,down
2026-05-27,2026-05-28,105560,down,up,up,up,up,up,up,up,up
2026-05-27,2026-05-28,028260,down,down,down,down,down,down,up,down,down
2026-05-27,2026-05-28,032830,up,down,down,down,down,down,down,down,down
2026-05-27,2026-05-28,012450,down,down,down,down,down,down,down,down,down
2026-05-27,2026-05-28,034020,down,up,up,up,up,down,up,up,up
2026-05-27,2026-05-28,329180,down,up,up,up,up,up,up,up,up
2026-05-27,2026-05-28,034730,down,up,up,up,up,up,up,up,up
2026-05-27,2026-05-28,012330,down,down,down,down,down,down,down,down,down
2026-05-27,2026-05-28,066570,down,down,down,down,down,down,down,down,down
2026-05-27,2026-05-28,035420,up,up,up,up,up,up,up,up,up
2026-05-27,2026-05-28,010120,down,up,up,up,up,up,up,up,up
2026-05-27,2026-05-28,000810,down,down,down,down,down,down,down,down,down
2026-05-27,2026-05-28,005490,down,up,up,up,down,up,up,up,up
2026-05-27,2026-05-28,010130,down,down,down,down,down,down,down,down,down
2026-05-27,2026-05-28,138040,down,down,down,down,down,down,down,down,down
2026-05-27,2026-05-28,015760,down,down,down,down,up,down,down,down,up
2026-05-27,2026-05-28,011200,down,up,up,up,up,up,up,up,up
2026-05-27,2026-05-28,051910,up,down,down,down,down,up,down,down,up
2026-05-27,2026-05-28,017670,down,down,down,down,down,down,down,down,down
2026-05-27,2026-05-28,033780,up,up,up,up,up,down,up,up,up
2026-05-27,2026-05-28,196170,down,down,down,down,down,down,down,down,down
2026-05-27,2026-05-28,018260,down,down,down,down,down,down,down,down,down
2026-05-27,2026-05-28,086280,up,down,down,down,down,down,down,down,down
2026-05-27,2026-05-28,000720,down,down,down,down,down,down,up,down,down
2026-05-27,2026-05-28,278470,up,down,down,down,down,down,down,down,down
2026-05-27,2026-05-28,030200,down,up,up,up,up,up,up,up,up
2026-05-27,2026-05-28,003490,up,down,down,down,down,up,down,down,down
2026-05-27,2026-05-28,047050,down,down,down,down,down,down,down,down,down
2026-05-27,2026-05-28,003230,down,down,down,down,down,down,down,down,down
2026-05-27,2026-05-28,259960,up,up,up,up,up,up,up,up,up
2026-05-27,2026-05-28,021240,up,down,down,down,down,down,down,down,down
2026-05-27,2026-05-28,352820,down,down,down,down,down,down,down,down,down
2026-05-27,2026-05-28,009830,down,down,down,down,down,down,down,down,down
2026-05-27,2026-05-28,029780,up,up,up,up,up,up,up,up,up
2026-05-27,2026-05-28,028300,down,down,down,up,down,down,up,down,down
2026-05-27,2026-05-28,034220,up,up,up,up,up,up,up,up,up
2026-05-27,2026-05-28,002380,down,up,up,up,up,up,up,up,up
2026-05-27,2026-05-28,036460,down,down,down,down,down,down,down,down,down
2026-05-27,2026-05-28,004170,down,down,down,down,down,down,down,down,down
2026-05-27,2026-05-28,012750,down,up,up,up,up,up,up,up,up
2026-05-27,2026-05-28,111770,up,up,up,up,up,up,up,up,up
2026-05-27,2026-05-28,035250,down,down,down,down,down,down,down,down,down
2026-05-27,2026-05-28,257720,down,down,down,down,down,down,down,down,down
2026-05-27,2026-05-28,226950,up,down,down,down,down,down,down,down,down
2026-05-27,2026-05-28,010170,down,down,down,up,down,down,down,up,down
2026-05-27,2026-05-28,214370,down,down,down,down,down,down,down,down,down
2026-05-27,2026-05-28,030000,down,up,up,up,up,up,up,up,up
2026-05-28,2026-05-29,005930,up,up,up,up,up,up,up,up,up
2026-05-28,2026-05-29,009150,up,up,up,up,up,up,up,up,up
2026-05-28,2026-05-29,373220,up,down,down,down,down,down,down,down,down
2026-05-28,2026-05-29,005380,up,down,down,down,down,down,down,down,down
2026-05-28,2026-05-29,207940,down,down,down,down,down,down,down,down,down
2026-05-28,2026-05-29,105560,up,up,up,up,up,up,up,up,up
2026-05-28,2026-05-29,028260,up,down,down,down,down,down,up,down,down
2026-05-28,2026-05-29,032830,up,down,down,down,down,down,down,down,down
2026-05-28,2026-05-29,012450,down,down,down,down,down,up,down,down,down
2026-05-28,2026-05-29,034020,down,up,up,up,up,down,up,up,up
2026-05-28,2026-05-29,329180,down,up,up,up,up,up,up,up,up
2026-05-28,2026-05-29,034730,up,up,up,up,up,up,up,up,up
2026-05-28,2026-05-29,012330,up,down,down,down,down,down,down,down,down
2026-05-28,2026-05-29,066570,up,down,down,down,down,down,down,down,down
2026-05-28,2026-05-29,035420,up,up,up,up,up,up,up,up,up
2026-05-28,2026-05-29,010120,down,up,up,up,up,up,up,up,up
2026-05-28,2026-05-29,000810,up,down,down,down,down,down,down,down,down
2026-05-28,2026-05-29,005490,up,down,down,down,down,down,up,down,up
2026-05-28,2026-05-29,010130,up,down,down,down,down,down,down,down,down
2026-05-28,2026-05-29,138040,flat,down,down,down,down,down,down,down,down
2026-05-28,2026-05-29,015760,down,down,down,down,down,down,down,up,up
2026-05-28,2026-05-29,011200,down,up,up,up,up,up,up,up,up
2026-05-28,2026-05-29,051910,up,down,down,down,down,down,down,down,down
2026-05-28,2026-05-29,017670,up,down,down,down,down,down,down,down,down
2026-05-28,2026-05-29,033780,up,down,down,down,down,down,down,down,down
2026-05-28,2026-05-29,196170,down,down,up,down,down,down,down,down,down
2026-05-28,2026-05-29,018260,up,down,down,down,down,down,down,down,down
2026-05-28,2026-05-29,086280,up,down,down,down,down,down,down,down,down
2026-05-28,2026-05-29,000720,up,down,down,down,down,down,up,down,down
2026-05-28,2026-05-29,278470,down,down,down,down,down,down,down,down,down
2026-05-28,2026-05-29,030200,up,up,up,up,up,up,up,up,up
2026-05-28,2026-05-29,003490,down,down,down,down,down,down,down,down,down
2026-05-28,2026-05-29,047050,down,down,down,down,down,down,down,down,down
2026-05-28,2026-05-29,003230,down,down,down,down,down,down,down,down,down
2026-05-28,2026-05-29,259960,up,down,down,down,down,down,down,down,down
2026-05-28,2026-05-29,021240,down,down,down,down,down,down,down,down,down
2026-05-28,2026-05-29,352820,down,down,down,down,down,down,down,down,down
2026-05-28,2026-05-29,009830,up,down,down,down,down,down,down,down,up
2026-05-28,2026-05-29,029780,down,up,up,up,up,up,up,up,up
2026-05-28,2026-05-29,028300,up,down,down,down,down,down,down,down,down
2026-05-28,2026-05-29,034220,up,down,down,down,down,down,up,down,down
2026-05-28,2026-05-29,002380,flat,up,up,up,up,up,up,up,up
2026-05-28,2026-05-29,036460,flat,down,down,down,down,down,down,down,down
2026-05-28,2026-05-29,004170,down,up,up,up,up,up,up,up,up
2026-05-28,2026-05-29,012750,up,up,up,up,up,up,up,up,up
2026-05-28,2026-05-29,111770,down,down,down,down,down,down,down,down,down
2026-05-28,2026-05-29,035250,down,down,down,down,down,down,down,down,down
2026-05-28,2026-05-29,257720,down,down,down,down,down,down,down,down,down
2026-05-28,2026-05-29,226950,down,down,down,down,down,down,down,down,down
2026-05-28,2026-05-29,010170,down,down,down,down,down,down,down,down,down
2026-05-28,2026-05-29,214370,down,down,down,down,down,down,down,down,down
2026-05-28,2026-05-29,030000,up,up,up,up,up,up,up,up,up
2026-05-29,2026-06-01,005930,up,up,up,up,up,up,up,up,up
2026-05-29,2026-06-01,009150,down,up,up,up,up,up,up,up,up
2026-05-29,2026-06-01,373220,down,down,down,down,down,down,down,down,down
2026-05-29,2026-06-01,005380,up,down,down,down,down,down,down,down,down
2026-05-29,2026-06-01,207940,up,down,down,down,down,down,down,down,down
2026-05-29,2026-06-01,105560,up,up,up,up,up,up,up,up,up
2026-05-29,2026-06-01,028260,up,down,down,down,down,down,down,down,down
2026-05-29,2026-06-01,032830,up,down,down,down,down,down,down,down,down
2026-05-29,2026-06-01,012450,down,up,up,up,up,up,up,up,up
2026-05-29,2026-06-01,034020,up,down,down,down,down,down,up,down,down
2026-05-29,2026-06-01,329180,down,up,up,up,up,up,up,up,up
2026-05-29,2026-06-01,034730,down,up,up,up,up,up,up,up,up
2026-05-29,2026-06-01,012330,down,down,down,down,down,down,down,down,down
2026-05-29,2026-06-01,066570,up,down,down,down,down,down,down,down,down
2026-05-29,2026-06-01,035420,up,up,up,up,up,up,up,up,up
2026-05-29,2026-06-01,010120,up,up,up,up,up,up,up,up,up
2026-05-29,2026-06-01,000810,up,down,down,down,down,down,down,down,down
2026-05-29,2026-06-01,005490,down,down,down,down,down,down,down,down,down
2026-05-29,2026-06-01,010130,up,down,down,down,down,down,down,down,down
2026-05-29,2026-06-01,138040,up,down,down,down,down,down,down,down,down
2026-05-29,2026-06-01,015760,down,down,down,down,down,down,down,down,up
2026-05-29,2026-06-01,011200,up,up,up,up,up,up,up,up,up
2026-05-29,2026-06-01,051910,down,down,down,down,down,down,down,down,down
2026-05-29,2026-06-01,017670,up,down,down,down,down,down,down,down,down
2026-05-29,2026-06-01,033780,up,down,down,down,down,down,down,down,down
2026-05-29,2026-06-01,196170,down,down,down,down,down,down,down,down,down
2026-05-29,2026-06-01,018260,up,down,down,down,down,down,down,down,down
2026-05-29,2026-06-01,086280,down,down,down,down,down,down,down,down,down
2026-05-29,2026-06-01,000720,down,down,down,down,down,down,down,down,down
2026-05-29,2026-06-01,278470,up,down,down,down,down,down,down,down,down
2026-05-29,2026-06-01,030200,up,up,up,up,up,up,up,up,up
2026-05-29,2026-06-01,003490,down,down,down,down,down,down,down,down,down
2026-05-29,2026-06-01,047050,down,down,down,down,down,down,down,down,down
2026-05-29,2026-06-01,003230,down,down,down,down,down,down,down,down,down
2026-05-29,2026-06-01,259960,down,up,up,up,up,up,up,up,up
2026-05-29,2026-06-01,021240,flat,down,down,down,down,down,down,down,down
2026-05-29,2026-06-01,352820,down,down,down,down,down,down,down,down,down
2026-05-29,2026-06-01,009830,down,down,down,down,down,down,down,up,down
2026-05-29,2026-06-01,029780,down,up,up,up,up,up,up,up,up
2026-05-29,2026-06-01,028300,up,down,down,down,down,down,down,down,down
2026-05-29,2026-06-01,034220,down,down,down,down,down,down,down,down,down
2026-05-29,2026-06-01,002380,up,up,up,up,up,up,up,up,up
2026-05-29,2026-06-01,036460,down,down,down,down,down,down,down,down,down
2026-05-29,2026-06-01,004170,up,up,up,up,up,up,up,up,up
2026-05-29,2026-06-01,012750,up,up,up,up,up,up,up,up,up
2026-05-29,2026-06-01,111770,down,up,up,up,up,up,up,up,up
2026-05-29,2026-06-01,035250,down,down,down,down,down,down,down,down,down
2026-05-29,2026-06-01,257720,down,down,down,down,down,down,down,down,down
2026-05-29,2026-06-01,226950,down,down,down,down,down,down,down,down,down
2026-05-29,2026-06-01,010170,down,down,down,down,down,down,down,up,down
2026-05-29,2026-06-01,214370,down,down,down,down,down,down,down,down,down
2026-05-29,2026-06-01,030000,up,up,up,up,up,up,up,up,up
2026-06-01,2026-06-02,005930,up,up,up,up,up,up,up,up,up
2026-06-01,2026-06-02,009150,down,up,up,up,up,up,up,up,up
2026-06-01,2026-06-02,373220,down,down,down,down,down,down,down,down,down
2026-06-01,2026-06-02,005380,down,down,down,down,down,down,down,down,down
2026-06-01,2026-06-02,207940,down,down,down,down,down,down,down,down,down
2026-06-01,2026-06-02,105560,up,up,down,up,up,up,up,up,up
2026-06-01,2026-06-02,028260,up,down,down,down,down,down,down,down,down
2026-06-01,2026-06-02,032830,up,down,down,down,down,down,down,down,down
2026-06-01,2026-06-02,012450,down,up,up,up,up,up,up,up,up
2026-06-01,2026-06-02,034020,down,down,down,down,down,down,down,down,down
2026-06-01,2026-06-02,329180,down,up,up,up,up,down,up,up,up
2026-06-01,2026-06-02,034730,up,up,up,up,up,up,up,up,up
2026-06-01,2026-06-02,012330,down,down,down,down,down,down,down,down,down
2026-06-01,2026-06-02,066570,up,down,down,down,down,down,down,down,down
2026-06-01,2026-06-02,035420,up,up,up,up,up,up,up,up,up
2026-06-01,2026-06-02,010120,down,down,down,down,down,down,down,down,down
2026-06-01,2026-06-02,000810,up,down,down,down,down,down,down,down,down
2026-06-01,2026-06-02,005490,down,down,down,down,down,down,down,down,down
2026-06-01,2026-06-02,010130,down,down,down,down,down,down,down,down,down
2026-06-01,2026-06-02,138040,flat,down,down,down,down,down,down,down,down
2026-06-01,2026-06-02,015760,down,up,up,up,up,up,up,up,up
2026-06-01,2026-06-02,011200,down,down,down,up,down,up,up,up,up
2026-06-01,2026-06-02,051910,down,down,down,down,down,down,down,down,down
2026-06-01,2026-06-02,017670,up,down,down,down,down,down,down,down,down
2026-06-01,2026-06-02,033780,down,down,down,down,down,down,down,down,down
2026-06-01,2026-06-02,196170,down,down,up,down,down,down,down,down,down
2026-06-01,2026-06-02,018260,down,down,down,down,down,down,down,down,down
2026-06-01,2026-06-02,086280,down,down,down,down,down,down,down,down,down
2026-06-01,2026-06-02,000720,down,down,down,down,down,down,down,down,down
2026-06-01,2026-06-02,278470,down,down,down,down,down,down,down,down,down
2026-06-01,2026-06-02,030200,up,up,up,up,up,up,up,up,up
2026-06-01,2026-06-02,003490,down,up,up,up,up,up,up,up,up
2026-06-01,2026-06-02,047050,down,down,down,down,down,down,down,down,down
2026-06-01,2026-06-02,003230,down,down,down,down,down,down,down,down,down
2026-06-01,2026-06-02,259960,up,up,up,up,up,up,up,up,up
2026-06-01,2026-06-02,021240,up,down,down,down,down,down,down,down,down
2026-06-01,2026-06-02,352820,down,down,down,down,down,down,down,down,down
2026-06-01,2026-06-02,009830,up,down,down,down,down,down,down,down,down
2026-06-01,2026-06-02,029780,up,up,up,up,up,up,up,up,up
2026-06-01,2026-06-02,028300,down,up,up,up,up,up,up,up,up
2026-06-01,2026-06-02,034220,up,down,down,down,down,down,down,down,down
2026-06-01,2026-06-02,002380,up,up,up,up,up,down,up,up,up
2026-06-01,2026-06-02,036460,down,down,down,down,down,down,down,down,down
2026-06-01,2026-06-02,004170,up,up,up,up,up,up,up,up,up
2026-06-01,2026-06-02,012750,up,up,up,up,up,up,up,up,up
2026-06-01,2026-06-02,111770,up,up,up,up,up,up,up,up,up
2026-06-01,2026-06-02,035250,up,down,down,down,down,down,down,down,down
2026-06-01,2026-06-02,257720,down,down,down,down,down,down,down,down,down
2026-06-01,2026-06-02,226950,down,down,down,down,down,down,down,down,down
2026-06-01,2026-06-02,010170,down,down,down,down,down,down,down,down,down
2026-06-01,2026-06-02,214370,down,down,down,down,down,down,down,down,down
2026-06-01,2026-06-02,030000,down,up,up,up,up,up,up,up,up
2026-06-02,2026-06-04,005930,down,up,up,up,up,up,up,up,up
2026-06-02,2026-06-04,009150,down,up,up,up,up,up,up,up,up
2026-06-02,2026-06-04,373220,down,down,down,down,down,down,up,down,up
2026-06-02,2026-06-04,005380,down,down,down,down,down,down,down,down,down
2026-06-02,2026-06-04,207940,down,down,down,down,down,down,down,down,down
2026-06-02,2026-06-04,105560,up,up,up,up,up,up,up,up,up
2026-06-02,2026-06-04,028260,up,down,down,down,down,down,down,down,down
2026-06-02,2026-06-04,032830,down,down,down,down,down,down,down,down,down
2026-06-02,2026-06-04,012450,down,up,up,up,up,up,up,up,up
2026-06-02,2026-06-04,034020,down,up,up,up,down,down,up,up,up
2026-06-02,2026-06-04,329180,down,up,up,up,up,up,up,up,up
2026-06-02,2026-06-04,034730,flat,up,up,up,up,up,up,up,up
2026-06-02,2026-06-04,012330,down,down,down,down,down,down,down,down,down
2026-06-02,2026-06-04,066570,down,down,down,down,down,down,down,down,down
2026-06-02,2026-06-04,035420,down,up,up,up,up,up,up,up,up
2026-06-02,2026-06-04,010120,down,down,down,down,down,down,down,down,down
2026-06-02,2026-06-04,000810,up,down,down,down,down,down,down,down,down
2026-06-02,2026-06-04,005490,up,down,down,down,down,down,up,down,down
2026-06-02,2026-06-04,010130,down,down,down,down,down,down,down,down,down
2026-06-02,2026-06-04,138040,up,down,down,down,down,down,down,down,down
2026-06-02,2026-06-04,015760,up,up,up,up,up,up,up,up,up
2026-06-02,2026-06-04,011200,up,up,up,up,up,up,up,up,up
2026-06-02,2026-06-04,051910,down,down,down,down,down,down,down,down,down
2026-06-02,2026-06-04,017670,down,down,down,down,down,down,down,down,down
2026-06-02,2026-06-04,033780,down,up,up,up,up,down,up,up,up
2026-06-02,2026-06-04,196170,down,up,up,up,up,up,up,up,up
2026-06-02,2026-06-04,018260,down,down,down,down,down,down,down,down,down
2026-06-02,2026-06-04,086280,down,down,down,down,down,down,down,down,down
2026-06-02,2026-06-04,000720,up,down,down,down,down,down,down,down,down
2026-06-02,2026-06-04,278470,up,down,down,down,down,down,down,down,down
2026-06-02,2026-06-04,030200,up,up,up,up,up,up,up,up,up
2026-06-02,2026-06-04,003490,down,up,up,up,up,up,up,up,up
2026-06-02,2026-06-04,047050,up,down,down,down,down,down,down,down,down
2026-06-02,2026-06-04,003230,down,down,down,down,down,down,down,down,down
2026-06-02,2026-06-04,259960,up,up,up,up,up,up,up,up,down
2026-06-02,2026-06-04,021240,down,down,down,down,down,down,down,down,down
2026-06-02,2026-06-04,352820,up,down,down,down,down,down,down,down,down
2026-06-02,2026-06-04,009830,down,down,down,down,down,down,down,up,down
2026-06-02,2026-06-04,029780,down,up,up,up,up,up,up,up,up
2026-06-02,2026-06-04,028300,up,down,down,down,down,down,down,down,down
2026-06-02,2026-06-04,034220,down,down,down,down,down,down,down,down,down
2026-06-02,2026-06-04,002380,up,up,down,up,up,down,up,down,down
2026-06-02,2026-06-04,036460,up,down,down,down,down,down,down,down,down
2026-06-02,2026-06-04,004170,up,down,down,down,down,down,down,down,down
2026-06-02,2026-06-04,012750,down,up,up,up,up,up,up,up,up
2026-06-02,2026-06-04,111770,up,down,down,down,down,down,down,down,down
2026-06-02,2026-06-04,035250,down,down,down,down,down,down,down,down,down
2026-06-02,2026-06-04,257720,up,down,down,down,down,down,down,down,down
2026-06-02,2026-06-04,226950,up,down,down,down,down,down,down,down,down
2026-06-02,2026-06-04,010170,up,up,up,down,down,up,up,up,up
2026-06-02,2026-06-04,214370,up,down,down,down,down,down,down,down,down
2026-06-02,2026-06-04,030000,down,up,up,up,up,up,up,up,up
2026-06-04,2026-06-05,005930,down,up,up,up,up,up,up,up,up
2026-06-04,2026-06-05,009150,up,up,up,up,up,up,up,up,up
2026-06-04,2026-06-05,373220,down,up,up,up,up,up,up,up,up
2026-06-04,2026-06-05,005380,flat,down,down,down,down,down,down,down,down
2026-06-04,2026-06-05,207940,down,down,down,down,down,down,down,down,down
2026-06-04,2026-06-05,105560,up,down,down,down,down,down,down,down,down
2026-06-04,2026-06-05,028260,down,down,down,down,down,down,down,down,down
2026-06-04,2026-06-05,032830,down,down,down,down,down,down,down,down,down
2026-06-04,2026-06-05,012450,down,up,up,up,up,up,up,up,up
2026-06-04,2026-06-05,034020,down,up,up,up,down,up,up,up,up
2026-06-04,2026-06-05,329180,up,up,up,up,up,up,up,down,up
2026-06-04,2026-06-05,034730,down,down,down,down,down,up,down,down,down
2026-06-04,2026-06-05,012330,down,down,down,down,down,down,down,down,down
2026-06-04,2026-06-05,066570,down,down,down,down,down,down,down,down,down
2026-06-04,2026-06-05,035420,down,down,down,down,down,down,down,down,down
2026-06-04,2026-06-05,010120,down,up,up,up,up,up,up,up,up
2026-06-04,2026-06-05,000810,down,down,down,down,down,down,down,down,down
2026-06-04,2026-06-05,005490,down,down,down,down,down,down,down,down,down
2026-06-04,2026-06-05,010130,down,down,down,down,down,down,down,down,down
2026-06-04,2026-06-05,138040,up,down,down,down,down,down,down,down,down
2026-06-04,2026-06-05,015760,down,up,up,up,up,up,up,up,up
2026-06-04,2026-06-05,011200,down,down,down,up,down,up,up,up,up
2026-06-04,2026-06-05,051910,down,down,down,down,down,down,down,down,down
2026-06-04,2026-06-05,017670,down,down,down,down,down,down,down,down,down
2026-06-04,2026-06-05,033780,up,up,up,up,up,up,up,up,up
2026-06-04,2026-06-05,196170,down,up,up,up,up,up,up,up,up
2026-06-04,2026-06-05,018260,down,up,up,up,up,up,up,down,up
2026-06-04,2026-06-05,086280,down,down,down,down,down,down,down,down,down
2026-06-04,2026-06-05,000720,down,down,down,down,down,down,down,down,down
2026-06-04,2026-06-05,278470,down,down,down,down,down,down,down,down,down
2026-06-04,2026-06-05,030200,down,up,up,up,up,up,up,up,up
2026-06-04,2026-06-05,003490,down,down,down,down,down,down,down,down,down
2026-06-04,2026-06-05,047050,down,down,down,down,down,down,down,down,down
2026-06-04,2026-06-05,003230,up,down,down,down,down,down,down,down,down
2026-06-04,2026-06-05,259960,up,up,up,up,up,up,up,up,up
2026-06-04,2026-06-05,021240,up,down,down,down,down,down,down,down,down
2026-06-04,2026-06-05,352820,down,down,down,down,down,down,down,down,down
2026-06-04,2026-06-05,009830,down,down,down,down,down,down,down,down,down
2026-06-04,2026-06-05,029780,down,up,up,up,up,up,up,up,up
2026-06-04,2026-06-05,028300,down,down,down,down,down,down,down,down,down
2026-06-04,2026-06-05,034220,down,down,down,down,down,down,down,down,down
2026-06-04,2026-06-05,002380,down,down,down,down,down,down,down,down,down
2026-06-04,2026-06-05,036460,up,down,down,down,down,down,down,down,down
2026-06-04,2026-06-05,004170,down,down,down,down,down,down,down,down,down
2026-06-04,2026-06-05,012750,down,up,up,up,up,up,up,up,up
2026-06-04,2026-06-05,111770,down,down,down,down,down,down,down,down,down
2026-06-04,2026-06-05,035250,up,up,up,down,up,up,up,down,up
2026-06-04,2026-06-05,257720,down,down,down,down,down,down,down,down,down
2026-06-04,2026-06-05,226950,down,down,down,down,down,down,down,down,down
2026-06-04,2026-06-05,010170,down,up,up,up,down,up,up,up,up
2026-06-04,2026-06-05,214370,down,down,down,down,down,down,down,down,down
2026-06-04,2026-06-05,030000,down,up,up,up,up,up,up,up,up
2026-06-05,2026-06-08,005930,down,up,up,up,up,up,up,up,up
2026-06-05,2026-06-08,009150,down,down,down,down,down,down,down,down,down
2026-06-05,2026-06-08,373220,down,up,up,up,up,up,up,up,up
2026-06-05,2026-06-08,005380,down,down,down,down,down,down,down,down,down
2026-06-05,2026-06-08,207940,down,down,down,down,down,down,down,down,down
2026-06-05,2026-06-08,105560,down,down,up,down,down,up,down,down,down
2026-06-05,2026-06-08,028260,down,down,down,down,down,down,down,down,down
2026-06-05,2026-06-08,032830,down,down,down,down,down,down,down,down,down
2026-06-05,2026-06-08,012450,down,up,up,up,up,up,up,up,up
2026-06-05,2026-06-08,034020,down,up,up,up,up,up,up,up,down
2026-06-05,2026-06-08,329180,down,up,up,up,up,up,up,up,up
2026-06-05,2026-06-08,034730,down,up,up,up,up,up,up,up,up
2026-06-05,2026-06-08,012330,down,down,down,down,down,down,down,down,down
2026-06-05,2026-06-08,066570,down,up,up,up,up,up,up,up,up
2026-06-05,2026-06-08,035420,up,down,down,down,down,down,down,down,down
2026-06-05,2026-06-08,010120,down,up,down,up,down,up,up,down,up
2026-06-05,2026-06-08,000810,down,down,down,down,down,down,down,down,down
2026-06-05,2026-06-08,005490,down,down,down,down,down,down,down,down,down
2026-06-05,2026-06-08,010130,down,down,down,down,down,down,down,down,down
2026-06-05,2026-06-08,138040,down,down,down,down,down,down,down,down,down
2026-06-05,2026-06-08,015760,down,up,up,up,up,up,up,up,up
2026-06-05,2026-06-08,011200,down,down,down,down,down,down,down,down,down
2026-06-05,2026-06-08,051910,down,down,down,down,down,down,down,down,down
2026-06-05,2026-06-08,017670,up,up,up,up,up,up,up,up,up
2026-06-05,2026-06-08,033780,down,down,down,down,down,down,down,down,down
2026-06-05,2026-06-08,196170,down,up,up,up,up,up,up,up,up
2026-06-05,2026-06-08,018260,down,down,down,down,down,down,down,down,down
2026-06-05,2026-06-08,086280,down,down,down,down,down,down,down,down,down
2026-06-05,2026-06-08,000720,down,down,down,down,down,down,down,down,down
2026-06-05,2026-06-08,278470,down,up,up,up,up,up,up,up,up
2026-06-05,2026-06-08,030200,down,up,up,up,up,up,up,up,up
2026-06-05,2026-06-08,003490,down,down,down,down,down,down,down,down,down
2026-06-05,2026-06-08,047050,down,down,down,down,down,down,down,down,down
2026-06-05,2026-06-08,003230,down,down,down,down,down,down,down,down,down
2026-06-05,2026-06-08,259960,down,down,down,down,down,down,down,down,down
2026-06-05,2026-06-08,021240,down,down,down,down,down,down,down,down,down
2026-06-05,2026-06-08,352820,down,down,down,down,down,down,down,down,down
2026-06-05,2026-06-08,009830,down,down,down,down,down,down,down,down,down
2026-06-05,2026-06-08,029780,down,up,up,up,up,up,up,up,up
2026-06-05,2026-06-08,028300,down,down,down,down,down,down,up,down,down
2026-06-05,2026-06-08,034220,down,down,down,down,down,down,down,down,down
2026-06-05,2026-06-08,002380,down,up,up,up,up,up,up,up,up
2026-06-05,2026-06-08,036460,down,up,up,up,up,up,up,up,up
2026-06-05,2026-06-08,004170,down,down,down,down,down,down,down,down,down
2026-06-05,2026-06-08,012750,down,up,up,up,up,up,up,up,up
2026-06-05,2026-06-08,111770,down,up,up,up,up,up,up,up,up
2026-06-05,2026-06-08,035250,down,down,down,down,down,down,down,down,down
2026-06-05,2026-06-08,257720,down,down,down,down,down,down,down,down,down
2026-06-05,2026-06-08,226950,down,down,down,down,down,down,down,down,down
2026-06-05,2026-06-08,010170,down,down,down,down,down,down,up,up,down
2026-06-05,2026-06-08,214370,down,down,down,down,down,down,down,down,down
2026-06-05,2026-06-08,030000,flat,up,up,up,up,up,up,up,up
2026-06-08,2026-06-09,005930,up,up,up,up,up,up,up,up,up
2026-06-08,2026-06-09,009150,up,down,down,down,down,down,down,down,down
2026-06-08,2026-06-09,373220,up,up,up,up,up,up,up,up,up
2026-06-08,2026-06-09,005380,flat,down,down,down,down,down,down,down,down
2026-06-08,2026-06-09,207940,up,up,up,up,up,up,up,up,up
2026-06-08,2026-06-09,105560,up,up,up,up,up,up,up,up,up
2026-06-08,2026-06-09,028260,up,up,up,up,up,up,up,down,up
2026-06-08,2026-06-09,032830,up,up,up,up,up,up,up,up,up
2026-06-08,2026-06-09,012450,up,up,up,up,up,up,up,up,up
2026-06-08,2026-06-09,034020,up,up,up,up,up,up,up,up,up
2026-06-08,2026-06-09,329180,down,up,up,up,up,up,up,up,up
2026-06-08,2026-06-09,034730,up,up,up,up,up,up,up,up,up
2026-06-08,2026-06-09,012330,down,down,down,down,down,up,down,up,up
2026-06-08,2026-06-09,066570,down,up,up,up,up,up,up,up,up
2026-06-08,2026-06-09,035420,down,up,up,up,up,up,up,up,up
2026-06-08,2026-06-09,010120,up,up,up,up,up,up,up,up,up
2026-06-08,2026-06-09,000810,down,down,down,down,down,down,down,down,down
2026-06-08,2026-06-09,005490,up,down,down,down,down,down,up,down,up
2026-06-08,2026-06-09,010130,up,down,down,down,down,down,down,down,down
2026-06-08,2026-06-09,138040,up,down,down,down,down,down,down,down,down
2026-06-08,2026-06-09,015760,up,up,up,up,up,up,up,up,up
2026-06-08,2026-06-09,011200,up,down,down,down,down,down,down,down,down
2026-06-08,2026-06-09,051910,up,down,down,down,down,down,down,down,down
2026-06-08,2026-06-09,017670,up,down,down,down,down,down,down,down,down
2026-06-08,2026-06-09,033780,up,down,down,down,down,up,down,down,down
2026-06-08,2026-06-09,196170,up,up,up,up,up,up,up,up,up
2026-06-08,2026-06-09,018260,up,down,down,down,down,down,down,down,down
2026-06-08,2026-06-09,086280,up,down,down,down,down,down,down,down,down
2026-06-08,2026-06-09,000720,up,down,down,down,down,down,up,down,down
2026-06-08,2026-06-09,278470,up,up,up,up,up,up,up,up,up
2026-06-08,2026-06-09,030200,down,up,up,up,up,up,up,up,up
2026-06-08,2026-06-09,003490,up,up,up,up,up,up,up,up,up
2026-06-08,2026-06-09,047050,up,down,down,down,down,down,down,down,down
2026-06-08,2026-06-09,003230,up,down,down,down,down,down,down,down,down
2026-06-08,2026-06-09,259960,flat,up,up,up,up,up,up,up,up
2026-06-08,2026-06-09,021240,up,down,down,down,down,down,down,down,down
2026-06-08,2026-06-09,352820,up,down,down,down,down,down,down,down,down
2026-06-08,2026-06-09,009830,up,down,down,down,down,down,down,down,up
2026-06-08,2026-06-09,029780,up,up,up,up,up,up,up,up,up
2026-06-08,2026-06-09,028300,up,up,up,up,up,up,up,up,up
2026-06-08,2026-06-09,034220,down,down,down,down,down,down,down,down,down
2026-06-08,2026-06-09,002380,up,up,up,up,up,up,up,up,up
2026-06-08,2026-06-09,036460,up,up,up,up,up,up,up,up,up
2026-06-08,2026-06-09,004170,up,up,up,up,up,up,up,up,up
2026-06-08,2026-06-09,012750,up,up,up,up,up,up,up,up,up
2026-06-08,2026-06-09,111770,up,up,up,up,up,up,up,up,up
2026-06-08,2026-06-09,035250,up,up,up,up,up,up,up,up,up
2026-06-08,2026-06-09,257720,up,down,down,down,down,down,down,down,down
2026-06-08,2026-06-09,226950,up,down,down,down,down,down,down,down,down
2026-06-08,2026-06-09,010170,up,up,up,up,up,up,up,up,up
2026-06-08,2026-06-09,214370,up,up,up,up,up,up,up,up,up
2026-06-08,2026-06-09,030000,down,up,up,up,up,down,up,up,up
2026-06-09,2026-06-10,005930,down,up,up,up,up,up,up,up,up
2026-06-09,2026-06-10,009150,down,down,down,down,down,down,down,down,down
2026-06-09,2026-06-10,373220,down,down,down,down,down,down,down,down,down
2026-06-09,2026-06-10,005380,down,down,down,down,down,down,down,down,down
2026-06-09,2026-06-10,207940,up,up,up,up,up,up,up,up,up
2026-06-09,2026-06-10,105560,down,up,up,up,up,up,up,up,up
2026-06-09,2026-06-10,028260,down,down,down,down,down,down,down,down,down
2026-06-09,2026-06-10,032830,down,down,down,down,down,down,down,down,down
2026-06-09,2026-06-10,012450,up,up,up,up,up,up,up,up,up
2026-06-09,2026-06-10,034020,down,up,up,up,up,up,up,up,up
2026-06-09,2026-06-10,329180,up,up,up,up,up,up,up,up,up
2026-06-09,2026-06-10,034730,down,down,down,down,down,down,up,down,up
2026-06-09,2026-06-10,012330,down,down,down,down,down,up,down,up,up
2026-06-09,2026-06-10,066570,down,up,up,up,up,up,up,up,up
2026-06-09,2026-06-10,035420,down,down,down,down,down,down,down,down,down
2026-06-09,2026-06-10,010120,up,down,down,down,down,down,down,down,down
2026-06-09,2026-06-10,000810,down,down,down,down,down,down,down,down,down
2026-06-09,2026-06-10,005490,down,down,down,down,down,down,up,down,down
2026-06-09,2026-06-10,010130,down,down,down,down,down,down,down,down,down
2026-06-09,2026-06-10,138040,down,down,down,down,down,down,down,down,down
2026-06-09,2026-06-10,015760,up,up,up,up,up,up,up,up,up
2026-06-09,2026-06-10,011200,down,down,down,down,down,down,down,down,down
2026-06-09,2026-06-10,051910,down,down,down,down,down,down,down,down,down
2026-06-09,2026-06-10,017670,down,up,up,up,up,up,up,up,up
2026-06-09,2026-06-10,033780,up,down,down,down,down,down,down,down,down
2026-06-09,2026-06-10,196170,down,up,up,up,up,up,down,up,up
2026-06-09,2026-06-10,018260,down,down,down,down,down,down,down,down,down
2026-06-09,2026-06-10,086280,down,down,down,down,down,down,down,down,down
2026-06-09,2026-06-10,000720,up,down,down,down,down,down,down,down,down
2026-06-09,2026-06-10,278470,up,up,up,up,up,up,up,up,up
2026-06-09,2026-06-10,030200,up,up,up,up,up,up,up,up,up
2026-06-09,2026-06-10,003490,up,down,down,down,down,down,down,down,down
2026-06-09,2026-06-10,047050,up,down,down,down,down,down,down,down,down
2026-06-09,2026-06-10,003230,up,down,down,down,down,down,down,down,down
2026-06-09,2026-06-10,259960,down,up,up,up,up,up,up,up,up
2026-06-09,2026-06-10,021240,down,down,down,down,down,down,down,down,down
2026-06-09,2026-06-10,352820,down,down,down,down,down,down,down,down,down
2026-06-09,2026-06-10,009830,up,down,down,down,down,down,down,down,up
2026-06-09,2026-06-10,029780,up,up,up,up,up,up,up,up,up
2026-06-09,2026-06-10,028300,down,up,up,up,up,up,up,up,up
2026-06-09,2026-06-10,034220,down,down,down,down,down,down,down,down,down
2026-06-09,2026-06-10,002380,down,up,up,up,up,up,up,up,up
2026-06-09,2026-06-10,036460,up,up,up,up,up,up,up,up,up
2026-06-09,2026-06-10,004170,up,down,down,down,down,down,down,down,down
2026-06-09,2026-06-10,012750,down,up,up,up,up,up,up,up,up
2026-06-09,2026-06-10,111770,up,up,up,up,up,up,down,up,up
2026-06-09,2026-06-10,035250,up,up,up,up,up,up,up,up,up
2026-06-09,2026-06-10,257720,up,down,down,down,down,down,down,down,down
2026-06-09,2026-06-10,226950,down,down,down,down,down,down,down,down,down
2026-06-09,2026-06-10,010170,down,up,up,up,down,up,up,up,up
2026-06-09,2026-06-10,214370,down,up,up,up,up,up,up,up,up
2026-06-09,2026-06-10,030000,up,up,up,up,up,up,up,up,up
2026-06-10,2026-06-11,005930,down,up,up,up,up,up,up,up,up
2026-06-10,2026-06-11,009150,flat,down,down,down,down,down,down,down,down
2026-06-10,2026-06-11,373220,down,up,up,up,up,up,up,up,up
2026-06-10,2026-06-11,005380,down,down,down,down,down,down,down,down,down
2026-06-10,2026-06-11,207940,down,down,down,down,down,down,down,down,down
2026-06-10,2026-06-11,105560,down,up,up,up,up,up,up,up,up
2026-06-10,2026-06-11,028260,up,down,down,down,down,down,down,down,down
2026-06-10,2026-06-11,032830,down,up,up,up,up,up,up,up,up
2026-06-10,2026-06-11,012450,down,up,up,up,up,up,up,up,up
2026-06-10,2026-06-11,034020,down,up,up,up,up,down,up,up,up
2026-06-10,2026-06-11,329180,up,up,up,up,up,up,up,up,up
2026-06-10,2026-06-11,034730,down,up,up,up,up,down,up,up,up
2026-06-10,2026-06-11,012330,up,down,down,down,down,up,down,up,up
2026-06-10,2026-06-11,066570,up,up,up,up,up,up,up,up,up
2026-06-10,2026-06-11,035420,down,down,down,down,down,down,down,down,down
2026-06-10,2026-06-11,010120,down,down,down,down,down,down,down,down,down
2026-06-10,2026-06-11,000810,up,up,up,up,up,up,up,up,up
2026-06-10,2026-06-11,005490,down,down,down,down,down,down,down,down,down
2026-06-10,2026-06-11,010130,down,down,down,down,down,down,down,down,down
2026-06-10,2026-06-11,138040,down,down,down,down,down,down,down,down,down
2026-06-10,2026-06-11,015760,down,up,up,up,up,up,up,up,up
2026-06-10,2026-06-11,011200,up,down,down,down,down,down,down,down,down
2026-06-10,2026-06-11,051910,down,down,down,down,down,down,down,down,down
2026-06-10,2026-06-11,017670,down,up,up,up,up,up,up,up,up
2026-06-10,2026-06-11,033780,flat,down,down,down,down,down,down,down,down
2026-06-10,2026-06-11,196170,up,up,up,up,up,up,up,up,up
2026-06-10,2026-06-11,018260,up,down,down,down,down,down,down,down,down
2026-06-10,2026-06-11,086280,up,down,down,down,down,down,down,down,down
2026-06-10,2026-06-11,000720,down,down,down,down,down,down,down,down,down
2026-06-10,2026-06-11,278470,flat,up,up,up,up,up,up,up,up
2026-06-10,2026-06-11,030200,up,up,up,up,up,up,down,up,up
2026-06-10,2026-06-11,003490,down,down,down,down,down,down,down,down,down
2026-06-10,2026-06-11,047050,down,down,down,down,down,down,down,down,down
2026-06-10,2026-06-11,003230,up,down,down,down,down,down,down,down,down
2026-06-10,2026-06-11,259960,up,up,up,up,up,up,up,up,up
2026-06-10,2026-06-11,021240,flat,down,down,down,down,down,down,down,down
2026-06-10,2026-06-11,352820,up,down,down,down,down,down,down,down,down
2026-06-10,2026-06-11,009830,up,down,down,down,down,down,down,down,up
2026-06-10,2026-06-11,029780,up,up,up,up,up,up,down,up,up
2026-06-10,2026-06-11,028300,down,up,up,up,up,up,up,up,up
2026-06-10,2026-06-11,034220,down,down,down,down,down,down,down,down,down
2026-06-10,2026-06-11,002380,up,up,up,up,up,up,up,up,up
2026-06-10,2026-06-11,036460,up,up,up,up,up,up,up,up,up
2026-06-10,2026-06-11,004170,up,down,down,down,down,down,down,down,down
2026-06-10,2026-06-11,012750,up,up,up,up,up,up,up,up,up
2026-06-10,2026-06-11,111770,up,up,up,up,up,up,down,up,up
2026-06-10,2026-06-11,035250,up,up,up,up,up,down,up,up,up
2026-06-10,2026-06-11,257720,up,down,down,down,down,down,down,down,down
2026-06-10,2026-06-11,226950,up,down,down,down,down,down,down,down,down
2026-06-10,2026-06-11,010170,up,up,up,up,down,down,up,up,up
2026-06-10,2026-06-11,214370,up,down,down,down,down,down,down,down,down
2026-06-10,2026-06-11,030000,up,up,up,up,up,down,up,up,up
2026-06-11,2026-06-12,005930,up,up,up,up,up,up,up,up,up
2026-06-11,2026-06-12,009150,down,down,down,down,down,down,down,down,down
2026-06-11,2026-06-12,373220,up,down,down,down,down,down,down,down,down
2026-06-11,2026-06-12,005380,up,down,down,down,down,down,down,down,down
2026-06-11,2026-06-12,207940,up,down,down,down,down,down,down,down,down
2026-06-11,2026-06-12,105560,up,up,up,up,up,up,up,up,up
2026-06-11,2026-06-12,028260,up,down,down,down,down,down,up,down,down
2026-06-11,2026-06-12,032830,up,up,up,up,up,up,up,up,up
2026-06-11,2026-06-12,012450,up,up,up,up,up,up,up,up,up
2026-06-11,2026-06-12,034020,up,up,up,up,up,up,up,up,up
2026-06-11,2026-06-12,329180,up,up,up,up,up,up,up,up,up
2026-06-11,2026-06-12,034730,up,up,up,up,up,down,up,up,up
2026-06-11,2026-06-12,012330,up,down,down,down,down,down,down,down,down
2026-06-11,2026-06-12,066570,down,up,up,up,up,up,up,up,up
2026-06-11,2026-06-12,035420,up,down,down,down,down,down,down,down,down
2026-06-11,2026-06-12,010120,down,down,down,down,down,down,down,down,down
2026-06-11,2026-06-12,000810,down,down,down,down,down,down,down,down,down
2026-06-11,2026-06-12,005490,up,down,down,down,down,down,up,down,down
2026-06-11,2026-06-12,010130,up,down,down,down,down,down,down,down,down
2026-06-11,2026-06-12,138040,up,down,down,down,down,down,down,down,down
2026-06-11,2026-06-12,015760,up,up,up,up,up,up,up,up,up
2026-06-11,2026-06-12,011200,up,down,down,down,down,down,down,down,down
2026-06-11,2026-06-12,051910,up,down,down,down,down,down,down,down,down
2026-06-11,2026-06-12,017670,up,up,up,up,up,up,up,up,up
2026-06-11,2026-06-12,033780,up,down,down,down,down,down,down,down,down
2026-06-11,2026-06-12,196170,down,up,up,up,up,up,up,up,up
2026-06-11,2026-06-12,018260,up,down,down,down,down,down,down,down,down
2026-06-11,2026-06-12,086280,up,down,down,down,down,down,down,down,down
2026-06-11,2026-06-12,000720,up,down,down,down,down,down,down,down,down
2026-06-11,2026-06-12,278470,down,up,up,up,up,up,up,up,up
2026-06-11,2026-06-12,030200,down,down,down,down,down,down,down,down,down
2026-06-11,2026-06-12,003490,up,up,up,up,up,up,up,up,up
2026-06-11,2026-06-12,047050,up,down,down,down,down,down,down,down,down
2026-06-11,2026-06-12,003230,down,down,down,down,down,down,down,down,down
2026-06-11,2026-06-12,259960,up,up,up,up,up,up,up,up,up
2026-06-11,2026-06-12,021240,down,down,down,down,down,down,down,down,down
2026-06-11,2026-06-12,352820,up,down,down,down,down,down,down,down,down
2026-06-11,2026-06-12,009830,up,down,down,down,down,down,down,down,up
2026-06-11,2026-06-12,029780,up,down,down,up,down,down,down,down,up
2026-06-11,2026-06-12,028300,down,up,up,up,up,up,up,up,up
2026-06-11,2026-06-12,034220,up,down,down,down,down,down,down,down,down
2026-06-11,2026-06-12,002380,up,up,up,up,up,up,up,up,up
2026-06-11,2026-06-12,036460,up,up,up,up,up,up,up,up,up
2026-06-11,2026-06-12,004170,down,down,down,down,down,down,down,down,down
2026-06-11,2026-06-12,012750,up,up,up,up,up,up,up,up,up
2026-06-11,2026-06-12,111770,up,down,down,down,down,down,down,down,down
2026-06-11,2026-06-12,035250,up,up,up,up,up,down,up,up,up
2026-06-11,2026-06-12,257720,down,down,down,down,down,down,down,down,down
2026-06-11,2026-06-12,226950,down,down,down,down,down,down,down,down,down
2026-06-11,2026-06-12,010170,up,up,up,up,up,up,up,up,up
2026-06-11,2026-06-12,214370,down,up,up,up,up,up,up,up,up
2026-06-11,2026-06-12,030000,up,up,up,up,up,down,up,up,up
2026-06-12,2026-06-15,005930,up,up,up,up,up,up,up,up,up
2026-06-12,2026-06-15,009150,up,down,down,down,down,down,down,down,down
2026-06-12,2026-06-15,373220,up,down,down,down,down,down,down,down,down
2026-06-12,2026-06-15,005380,up,down,down,down,down,down,down,down,down
2026-06-12,2026-06-15,207940,up,down,down,down,down,down,down,up,down
2026-06-12,2026-06-15,105560,up,up,up,up,up,down,up,up,up
2026-06-12,2026-06-15,028260,up,down,down,down,down,down,down,down,down
2026-06-12,2026-06-15,032830,up,down,down,down,down,down,down,down,down
2026-06-12,2026-06-15,012450,up,up,up,up,up,up,up,up,up
2026-06-12,2026-06-15,034020,up,up,up,up,up,down,up,up,up
2026-06-12,2026-06-15,329180,up,up,up,up,up,up,up,up,up
2026-06-12,2026-06-15,034730,up,down,down,down,down,down,down,down,down
2026-06-12,2026-06-15,012330,up,down,down,down,down,down,down,down,down
2026-06-12,2026-06-15,066570,up,up,up,up,up,up,up,up,up
2026-06-12,2026-06-15,035420,up,up,up,up,up,up,up,up,up
2026-06-12,2026-06-15,010120,up,down,down,down,down,down,down,down,up
2026-06-12,2026-06-15,000810,up,down,down,down,down,down,down,down,down
2026-06-12,2026-06-15,005490,up,down,down,down,down,down,down,down,down
2026-06-12,2026-06-15,010130,up,down,down,down,down,down,down,down,down
2026-06-12,2026-06-15,138040,up,down,down,down,down,down,down,down,down
2026-06-12,2026-06-15,015760,up,up,up,up,up,up,up,up,up
2026-06-12,2026-06-15,011200,up,down,down,down,down,down,down,down,down
2026-06-12,2026-06-15,051910,up,down,down,down,down,down,down,down,down
2026-06-12,2026-06-15,017670,up,up,up,up,up,up,up,up,up
2026-06-12,2026-06-15,033780,up,down,down,down,down,down,down,down,down
2026-06-12,2026-06-15,196170,up,up,up,up,up,up,up,up,up
2026-06-12,2026-06-15,018260,up,down,down,down,down,down,down,down,down
2026-06-12,2026-06-15,086280,up,down,down,down,down,down,down,down,down
2026-06-12,2026-06-15,000720,down,down,down,down,down,down,down,down,down
2026-06-12,2026-06-15,278470,up,up,up,up,up,up,up,up,up
2026-06-12,2026-06-15,030200,up,up,up,up,up,up,up,up,up
2026-06-12,2026-06-15,003490,up,down,down,down,down,down,down,down,down
2026-06-12,2026-06-15,047050,up,down,down,down,down,down,down,down,down
2026-06-12,2026-06-15,003230,down,down,down,down,down,down,down,down,down
2026-06-12,2026-06-15,259960,down,down,down,down,down,down,down,down,up
2026-06-12,2026-06-15,021240,up,down,down,down,down,down,down,down,down
2026-06-12,2026-06-15,352820,down,down,down,down,down,down,down,down,down
2026-06-12,2026-06-15,009830,up,down,down,down,down,down,down,down,up
2026-06-12,2026-06-15,029780,up,down,down,down,down,down,down,down,down
2026-06-12,2026-06-15,028300,down,down,down,down,down,down,down,down,down
2026-06-12,2026-06-15,034220,up,down,down,down,down,down,down,down,down
2026-06-12,2026-06-15,002380,up,up,up,up,up,down,up,up,up
2026-06-12,2026-06-15,036460,up,up,up,up,up,up,up,up,up
2026-06-12,2026-06-15,004170,up,up,up,up,up,up,up,up,up
2026-06-12,2026-06-15,012750,down,up,up,up,up,up,up,up,up
2026-06-12,2026-06-15,111770,down,down,down,down,down,down,down,down,down
2026-06-12,2026-06-15,035250,up,up,up,up,up,up,up,up,up
2026-06-12,2026-06-15,257720,up,down,down,down,down,down,down,down,down
2026-06-12,2026-06-15,226950,up,down,down,down,down,down,down,down,down
2026-06-12,2026-06-15,010170,down,down,down,up,down,down,up,up,up
2026-06-12,2026-06-15,214370,up,down,down,down,down,down,down,down,down
2026-06-12,2026-06-15,030000,up,up,up,up,up,down,up,up,up
2026-06-15,2026-06-16,005930,up,down,down,down,down,down,down,down,down
2026-06-15,2026-06-16,009150,up,down,down,down,down,down,down,down,down
2026-06-15,2026-06-16,373220,down,down,down,down,down,down,down,down,down
2026-06-15,2026-06-16,005380,down,down,down,down,down,down,down,down,down
2026-06-15,2026-06-16,207940,flat,down,down,down,down,down,down,down,down
2026-06-15,2026-06-16,105560,up,down,down,down,down,down,down,down,down
2026-06-15,2026-06-16,028260,up,down,down,down,down,down,down,down,down
2026-06-15,2026-06-16,032830,up,down,down,down,down,down,down,down,down
2026-06-15,2026-06-16,012450,up,down,down,down,down,down,down,down,down
2026-06-15,2026-06-16,034020,up,down,down,down,down,down,down,down,down
2026-06-15,2026-06-16,329180,down,down,down,down,down,down,down,down,down
2026-06-15,2026-06-16,034730,up,down,down,down,down,down,down,down,down
2026-06-15,2026-06-16,012330,up,down,down,down,down,down,down,down,down
2026-06-15,2026-06-16,066570,down,up,up,up,up,up,up,up,up
2026-06-15,2026-06-16,035420,down,down,down,down,up,down,down,down,down
2026-06-15,2026-06-16,010120,flat,down,down,down,down,down,down,down,down
2026-06-15,2026-06-16,000810,down,down,down,down,down,down,down,down,down
2026-06-15,2026-06-16,005490,down,down,down,down,down,down,down,down,down
2026-06-15,2026-06-16,010130,up,down,down,down,down,down,down,down,down
2026-06-15,2026-06-16,138040,up,down,down,down,down,down,down,down,down
2026-06-15,2026-06-16,015760,down,down,down,down,down,down,down,up,down
2026-06-15,2026-06-16,011200,up,down,down,down,down,down,down,down,down
2026-06-15,2026-06-16,051910,up,down,down,down,down,down,down,down,down
2026-06-15,2026-06-16,017670,down,up,up,up,up,up,up,up,up
2026-06-15,2026-06-16,033780,down,down,down,down,down,down,down,down,down
2026-06-15,2026-06-16,196170,up,down,down,down,down,down,down,down,down
2026-06-15,2026-06-16,018260,down,down,down,down,down,down,down,down,down
2026-06-15,2026-06-16,086280,up,down,down,down,down,down,down,down,down
2026-06-15,2026-06-16,000720,up,down,down,down,down,down,down,down,down
2026-06-15,2026-06-16,278470,down,up,up,up,up,up,up,up,up
2026-06-15,2026-06-16,030200,up,up,up,up,up,up,up,up,up
2026-06-15,2026-06-16,003490,down,down,down,down,down,down,down,down,down
2026-06-15,2026-06-16,047050,up,down,down,down,down,down,down,down,down
2026-06-15,2026-06-16,003230,up,down,down,down,down,down,down,down,down
2026-06-15,2026-06-16,259960,up,down,down,down,down,down,down,down,down
2026-06-15,2026-06-16,021240,down,down,down,down,down,down,down,down,down
2026-06-15,2026-06-16,352820,up,down,down,down,down,down,down,down,down
2026-06-15,2026-06-16,009830,up,down,down,down,down,down,down,down,down
2026-06-15,2026-06-16,029780,up,up,up,up,up,up,up,up,up
2026-06-15,2026-06-16,028300,up,down,down,down,down,down,down,down,down
2026-06-15,2026-06-16,034220,down,down,down,down,down,down,down,down,down
2026-06-15,2026-06-16,002380,up,down,down,down,down,down,down,down,down
2026-06-15,2026-06-16,036460,down,down,down,down,down,down,down,down,down
2026-06-15,2026-06-16,004170,up,up,up,up,up,up,up,up,up
2026-06-15,2026-06-16,012750,up,up,up,up,up,up,up,up,up
2026-06-15,2026-06-16,111770,down,up,up,up,up,up,up,up,up
2026-06-15,2026-06-16,035250,up,up,up,up,up,down,up,up,up
2026-06-15,2026-06-16,257720,down,down,down,down,down,down,down,down,down
2026-06-15,2026-06-16,226950,up,down,down,down,down,down,down,down,down
2026-06-15,2026-06-16,010170,up,down,down,down,down,down,down,down,down
2026-06-15,2026-06-16,214370,down,up,up,up,up,up,up,up,up
2026-06-15,2026-06-16,030000,up,up,up,up,up,up,up,up,up
2026-06-16,2026-06-17,005930,up,down,down,up,down,up,down,down,down
2026-06-16,2026-06-17,009150,down,down,down,down,down,down,down,down,down
2026-06-16,2026-06-17,373220,up,down,down,down,down,down,down,down,down
2026-06-16,2026-06-17,005380,down,down,down,down,down,down,down,down,down
2026-06-16,2026-06-17,207940,up,down,down,down,down,down,down,down,down
2026-06-16,2026-06-17,105560,down,down,down,down,down,down,down,down,down
2026-06-16,2026-06-17,028260,down,down,down,down,down,down,down,down,down
2026-06-16,2026-06-17,032830,up,down,down,down,down,down,down,down,down
2026-06-16,2026-06-17,012450,up,down,down,down,down,down,down,down,down
2026-06-16,2026-06-17,034020,flat,down,down,down,down,down,down,up,down
2026-06-16,2026-06-17,329180,up,down,down,down,down,down,down,down,down
2026-06-16,2026-06-17,034730,up,down,down,down,down,down,down,down,down
2026-06-16,2026-06-17,012330,down,down,down,down,down,down,down,down,down
2026-06-16,2026-06-17,066570,up,down,down,down,down,down,down,down,down
2026-06-16,2026-06-17,035420,up,down,down,down,down,down,down,down,down
2026-06-16,2026-06-17,010120,down,down,down,down,down,down,down,down,down
2026-06-16,2026-06-17,000810,up,down,down,down,down,down,down,down,down
2026-06-16,2026-06-17,005490,down,down,down,down,down,down,down,down,down
2026-06-16,2026-06-17,010130,down,down,down,down,down,down,down,down,down
2026-06-16,2026-06-17,138040,flat,down,down,down,down,down,down,down,down
2026-06-16,2026-06-17,015760,up,down,down,down,down,down,down,down,down
2026-06-16,2026-06-17,011200,down,down,down,down,down,down,down,down,down
2026-06-16,2026-06-17,051910,down,down,down,down,down,down,down,down,down
2026-06-16,2026-06-17,017670,down,up,up,up,up,up,up,up,up
2026-06-16,2026-06-17,033780,up,down,down,down,down,down,down,down,down
2026-06-16,2026-06-17,196170,up,down,down,down,down,down,down,down,down
2026-06-16,2026-06-17,018260,down,down,down,down,down,down,down,down,down
2026-06-16,2026-06-17,086280,down,down,down,down,down,down,down,down,down
2026-06-16,2026-06-17,000720,down,down,down,down,down,down,down,down,down
2026-06-16,2026-06-17,278470,up,up,up,up,up,up,up,up,up
2026-06-16,2026-06-17,030200,down,up,up,up,up,up,down,down,up
2026-06-16,2026-06-17,003490,down,down,down,down,down,down,down,down,down
2026-06-16,2026-06-17,047050,down,down,down,down,down,down,down,down,down
2026-06-16,2026-06-17,003230,up,down,down,down,down,down,down,down,down
2026-06-16,2026-06-17,259960,up,down,down,down,down,down,down,down,down
2026-06-16,2026-06-17,021240,up,down,down,down,down,down,down,down,down
2026-06-16,2026-06-17,352820,up,down,down,down,down,down,down,down,down
2026-06-16,2026-06-17,009830,down,down,down,down,down,down,down,down,down
2026-06-16,2026-06-17,029780,down,up,up,up,up,up,up,up,up
2026-06-16,2026-06-17,028300,up,up,up,up,up,up,up,up,up
2026-06-16,2026-06-17,034220,down,down,down,down,down,down,down,down,down
2026-06-16,2026-06-17,002380,down,down,down,down,down,down,down,down,down
2026-06-16,2026-06-17,036460,down,up,up,up,up,up,up,down,up
2026-06-16,2026-06-17,004170,down,down,down,down,down,down,down,down,down
2026-06-16,2026-06-17,012750,down,up,up,up,up,up,up,up,up
2026-06-16,2026-06-17,111770,down,up,up,up,up,up,up,up,up
2026-06-16,2026-06-17,035250,down,up,up,up,up,down,up,up,up
2026-06-16,2026-06-17,257720,flat,down,down,down,down,down,down,down,down
2026-06-16,2026-06-17,226950,up,down,down,down,down,down,down,down,down
2026-06-16,2026-06-17,010170,down,down,down,down,down,down,down,down,down
2026-06-16,2026-06-17,214370,up,down,down,down,down,down,down,down,down
2026-06-16,2026-06-17,030000,down,up,up,up,up,up,up,up,up
2026-06-17,2026-06-18,005930,up,up,up,up,up,down,up,up,up
2026-06-17,2026-06-18,009150,up,down,down,down,down,down,down,down,down
2026-06-17,2026-06-18,373220,down,down,down,down,down,down,down,down,down
2026-06-17,2026-06-18,005380,down,down,down,down,down,down,down,down,down
2026-06-17,2026-06-18,207940,up,down,down,down,down,down,down,down,down
2026-06-17,2026-06-18,105560,down,down,down,down,down,up,down,down,down
2026-06-17,2026-06-18,028260,down,down,down,down,down,down,down,down,down
2026-06-17,2026-06-18,032830,up,down,down,down,down,down,down,down,down
2026-06-17,2026-06-18,012450,down,down,down,down,down,down,down,down,down
2026-06-17,2026-06-18,034020,down,up,up,up,down,up,up,down,down
2026-06-17,2026-06-18,329180,down,down,down,down,down,down,down,down,down
2026-06-17,2026-06-18,034730,down,up,up,up,up,up,up,up,up
2026-06-17,2026-06-18,012330,down,down,down,down,down,down,down,down,down
2026-06-17,2026-06-18,066570,down,up,up,up,up,up,up,up,up
2026-06-17,2026-06-18,035420,down,down,down,down,down,down,down,down,down
2026-06-17,2026-06-18,010120,down,up,up,up,down,up,up,up,up
2026-06-17,2026-06-18,000810,up,down,down,down,down,down,down,down,down
2026-06-17,2026-06-18,005490,down,down,down,down,down,down,down,down,down
2026-06-17,2026-06-18,010130,down,down,down,down,down,down,down,down,down
2026-06-17,2026-06-18,138040,down,down,down,down,down,down,down,down,down
2026-06-17,2026-06-18,015760,down,down,down,down,down,down,down,down,down
2026-06-17,2026-06-18,011200,down,down,down,down,down,down,down,down,down
2026-06-17,2026-06-18,051910,down,down,down,down,down,down,down,down,down
2026-06-17,2026-06-18,017670,down,up,up,up,up,up,up,up,up
2026-06-17,2026-06-18,033780,down,down,down,down,down,down,down,down,down
2026-06-17,2026-06-18,196170,down,down,down,down,down,down,down,down,down
2026-06-17,2026-06-18,018260,down,down,down,down,down,down,down,down,down
2026-06-17,2026-06-18,086280,down,down,down,down,down,down,down,down,down
2026-06-17,2026-06-18,000720,down,down,down,down,down,down,down,down,down
2026-06-17,2026-06-18,278470,down,up,up,up,up,up,up,up,up
2026-06-17,2026-06-18,030200,down,up,up,up,up,up,up,up,up
2026-06-17,2026-06-18,003490,up,down,down,down,down,down,down,down,down
2026-06-17,2026-06-18,047050,down,down,down,down,down,down,down,down,down
2026-06-17,2026-06-18,003230,down,down,down,down,down,down,down,down,down
2026-06-17,2026-06-18,259960,down,down,down,down,down,down,down,down,down
2026-06-17,2026-06-18,021240,down,down,down,down,down,down,down,down,down
2026-06-17,2026-06-18,352820,down,down,down,down,down,down,down,down,down
2026-06-17,2026-06-18,009830,down,down,down,down,down,down,down,down,down
2026-06-17,2026-06-18,029780,down,up,up,up,up,up,up,up,up
2026-06-17,2026-06-18,028300,down,up,up,up,up,up,up,up,up
2026-06-17,2026-06-18,034220,down,down,down,down,down,down,down,down,down
2026-06-17,2026-06-18,002380,down,up,up,up,up,up,up,up,up
2026-06-17,2026-06-18,036460,down,down,down,down,down,down,down,down,down
2026-06-17,2026-06-18,004170,down,up,up,up,up,up,up,up,up
2026-06-17,2026-06-18,012750,down,up,up,up,up,up,up,up,up
2026-06-17,2026-06-18,111770,down,up,up,up,up,up,up,up,up
2026-06-17,2026-06-18,035250,down,up,up,up,up,up,up,up,up
2026-06-17,2026-06-18,257720,down,down,down,down,down,down,down,down,down
2026-06-17,2026-06-18,226950,down,down,down,down,down,down,down,down,down
2026-06-17,2026-06-18,010170,down,down,down,down,down,down,down,down,down
2026-06-17,2026-06-18,214370,down,up,up,up,down,up,up,up,up
2026-06-17,2026-06-18,030000,down,up,up,up,up,up,up,up,up
2026-06-18,2026-06-19,005930,down,up,up,up,up,up,up,up,up
2026-06-18,2026-06-19,009150,up,down,down,down,down,down,down,down,down
2026-06-18,2026-06-19,373220,up,up,up,up,up,up,up,up,up
2026-06-18,2026-06-19,005380,up,down,down,down,down,down,down,down,down
2026-06-18,2026-06-19,207940,down,down,down,down,down,down,down,down,down
2026-06-18,2026-06-19,105560,down,up,up,up,up,up,up,up,up
2026-06-18,2026-06-19,028260,up,down,down,down,down,down,down,down,down
2026-06-18,2026-06-19,032830,up,down,down,down,down,down,down,down,down
2026-06-18,2026-06-19,012450,down,up,up,up,up,up,up,up,up
2026-06-18,2026-06-19,034020,down,up,up,up,up,up,up,up,up
2026-06-18,2026-06-19,329180,down,up,up,up,up,up,up,up,up
2026-06-18,2026-06-19,034730,up,up,up,up,up,up,up,up,up
2026-06-18,2026-06-19,012330,up,down,down,down,down,down,down,down,down
2026-06-18,2026-06-19,066570,down,up,up,up,up,up,up,up,up
2026-06-18,2026-06-19,035420,down,down,down,down,down,down,down,down,down
2026-06-18,2026-06-19,010120,up,up,up,up,up,up,up,up,up
2026-06-18,2026-06-19,000810,flat,down,down,down,down,down,down,down,down
2026-06-18,2026-06-19,005490,down,down,down,down,down,down,up,down,up
2026-06-18,2026-06-19,010130,down,down,down,down,down,down,down,down,down
2026-06-18,2026-06-19,138040,down,down,down,down,down,down,down,down,down
2026-06-18,2026-06-19,015760,down,down,down,down,down,down,down,up,down
2026-06-18,2026-06-19,011200,down,down,down,down,down,down,down,down,down
2026-06-18,2026-06-19,051910,down,down,down,down,down,down,down,down,down
2026-06-18,2026-06-19,017670,down,up,up,up,up,up,up,up,up
2026-06-18,2026-06-19,033780,down,down,down,down,down,up,down,down,down
2026-06-18,2026-06-19,196170,down,up,up,up,up,up,up,up,up
2026-06-18,2026-06-19,018260,down,down,down,down,down,down,down,down,down
2026-06-18,2026-06-19,086280,up,down,down,down,down,down,down,down,down
2026-06-18,2026-06-19,000720,down,down,down,down,down,down,up,down,down
2026-06-18,2026-06-19,278470,up,up,up,up,up,up,up,up,up
2026-06-18,2026-06-19,030200,down,up,up,up,up,up,up,up,up
2026-06-18,2026-06-19,003490,down,down,down,down,down,down,down,down,down
2026-06-18,2026-06-19,047050,down,down,down,down,down,down,down,down,down
2026-06-18,2026-06-19,003230,down,down,down,down,down,down,down,down,down
2026-06-18,2026-06-19,259960,up,down,down,down,down,down,down,down,down
2026-06-18,2026-06-19,021240,down,down,down,down,down,down,down,down,down
2026-06-18,2026-06-19,352820,down,down,down,down,down,down,down,down,down
2026-06-18,2026-06-19,009830,down,down,down,down,down,down,down,down,down
2026-06-18,2026-06-19,029780,down,up,up,up,up,up,up,up,up
2026-06-18,2026-06-19,028300,down,up,up,down,up,up,up,up,up
2026-06-18,2026-06-19,034220,up,down,down,down,down,down,down,down,down
2026-06-18,2026-06-19,002380,down,up,up,up,up,up,up,up,up
2026-06-18,2026-06-19,036460,down,down,down,down,down,down,down,up,down
2026-06-18,2026-06-19,004170,down,up,up,up,up,up,up,up,up
2026-06-18,2026-06-19,012750,down,up,up,up,up,up,up,up,up
2026-06-18,2026-06-19,111770,up,up,up,up,up,up,up,up,up
2026-06-18,2026-06-19,035250,down,down,down,down,down,down,down,down,down
2026-06-18,2026-06-19,257720,down,down,down,down,down,down,down,down,down
2026-06-18,2026-06-19,226950,down,down,down,down,down,down,down,down,down
2026-06-18,2026-06-19,010170,down,down,down,down,down,down,up,down,down
2026-06-18,2026-06-19,214370,up,down,down,down,down,down,down,down,down
2026-06-18,2026-06-19,030000,up,up,up,up,up,up,up,up,up
2026-06-19,2026-06-22,005930,down,up,up,up,up,up,up,up,up
2026-06-19,2026-06-22,009150,down,down,down,down,down,down,down,down,down
2026-06-19,2026-06-22,373220,down,down,down,down,down,down,down,down,down
2026-06-19,2026-06-22,005380,down,down,down,down,down,down,down,down,down
2026-06-19,2026-06-22,207940,down,down,down,down,down,down,down,down,down
2026-06-19,2026-06-22,105560,down,up,up,up,up,up,up,up,up
2026-06-19,2026-06-22,028260,up,down,down,down,down,down,down,down,down
2026-06-19,2026-06-22,032830,down,down,down,down,down,down,down,down,down
2026-06-19,2026-06-22,012450,up,up,up,up,up,up,up,up,up
2026-06-19,2026-06-22,034020,down,up,up,up,up,up,up,up,up
2026-06-19,2026-06-22,329180,down,up,down,up,up,up,up,up,up
2026-06-19,2026-06-22,034730,up,up,up,up,up,up,up,up,up
2026-06-19,2026-06-22,012330,down,down,down,down,down,down,down,down,down
2026-06-19,2026-06-22,066570,up,up,up,up,up,up,up,up,up
2026-06-19,2026-06-22,035420,down,down,down,down,down,down,down,down,down
2026-06-19,2026-06-22,010120,down,up,up,up,up,up,up,up,up
2026-06-19,2026-06-22,000810,down,down,down,down,down,down,down,down,down
2026-06-19,2026-06-22,005490,down,down,down,down,down,down,up,down,down
2026-06-19,2026-06-22,010130,down,down,down,down,down,down,down,down,down
2026-06-19,2026-06-22,138040,down,down,down,down,down,down,down,down,down
2026-06-19,2026-06-22,015760,up,down,down,down,down,down,down,down,down
2026-06-19,2026-06-22,011200,down,down,down,down,down,down,down,down,down
2026-06-19,2026-06-22,051910,down,down,down,down,down,down,down,down,down
2026-06-19,2026-06-22,017670,down,up,up,up,up,up,up,up,up
2026-06-19,2026-06-22,033780,down,down,down,down,down,up,down,down,down
2026-06-19,2026-06-22,196170,down,up,up,up,up,up,up,up,up
2026-06-19,2026-06-22,018260,down,down,down,down,down,down,down,down,down
2026-06-19,2026-06-22,086280,down,down,down,down,down,down,down,down,down
2026-06-19,2026-06-22,000720,down,down,down,down,down,down,down,down,down
2026-06-19,2026-06-22,278470,down,up,up,up,up,up,up,up,up
2026-06-19,2026-06-22,030200,down,up,up,up,up,up,up,up,up
2026-06-19,2026-06-22,003490,down,down,down,down,down,down,down,down,down
2026-06-19,2026-06-22,047050,down,down,down,down,down,down,down,down,down
2026-06-19,2026-06-22,003230,down,down,down,down,down,down,down,down,down
2026-06-19,2026-06-22,259960,down,down,down,down,down,down,down,down,down
2026-06-19,2026-06-22,021240,down,down,down,down,down,down,down,down,down
2026-06-19,2026-06-22,352820,down,down,down,down,down,down,down,down,down
2026-06-19,2026-06-22,009830,down,down,down,down,down,down,down,down,down
2026-06-19,2026-06-22,029780,down,up,up,up,up,up,up,up,up
2026-06-19,2026-06-22,028300,up,down,down,down,down,down,down,down,down
2026-06-19,2026-06-22,034220,down,down,down,down,down,down,down,down,down
2026-06-19,2026-06-22,002380,down,up,up,up,up,up,up,up,up
2026-06-19,2026-06-22,036460,down,down,down,down,down,down,down,down,down
2026-06-19,2026-06-22,004170,up,up,up,up,up,up,up,up,up
2026-06-19,2026-06-22,012750,down,up,up,up,up,up,up,up,up
2026-06-19,2026-06-22,111770,down,up,up,up,up,up,up,up,up
2026-06-19,2026-06-22,035250,down,down,down,down,down,down,down,down,down
2026-06-19,2026-06-22,257720,up,down,down,down,down,down,down,down,down
2026-06-19,2026-06-22,226950,down,down,down,down,down,down,down,down,down
2026-06-19,2026-06-22,010170,down,down,down,down,down,down,up,up,down
2026-06-19,2026-06-22,214370,up,up,up,up,up,up,up,up,up
2026-06-19,2026-06-22,030000,down,up,up,up,up,down,up,up,up
2026-06-22,2026-06-23,005930,down,up,up,up,up,up,up,up,up
2026-06-22,2026-06-23,009150,down,down,down,down,down,down,down,down,down
2026-06-22,2026-06-23,373220,down,up,up,up,up,up,up,up,up
2026-06-22,2026-06-23,005380,down,down,down,down,down,down,down,down,down
2026-06-22,2026-06-23,207940,down,up,up,up,up,up,up,up,up
2026-06-22,2026-06-23,105560,down,up,up,up,up,up,up,up,up
2026-06-22,2026-06-23,028260,down,down,down,down,down,down,up,down,down
2026-06-22,2026-06-23,032830,down,up,up,up,up,up,up,up,up
2026-06-22,2026-06-23,012450,down,up,up,up,up,up,up,up,up
2026-06-22,2026-06-23,034020,down,up,up,up,up,up,up,up,up
2026-06-22,2026-06-23,329180,down,up,up,up,up,up,up,up,up
2026-06-22,2026-06-23,034730,down,up,up,up,up,up,up,up,up
2026-06-22,2026-06-23,012330,down,down,down,down,down,down,down,down,down
2026-06-22,2026-06-23,066570,down,up,up,up,up,up,up,up,up
2026-06-22,2026-06-23,035420,down,down,up,down,up,down,down,up,down
2026-06-22,2026-06-23,010120,down,down,down,down,down,up,down,down,down
2026-06-22,2026-06-23,000810,down,down,down,down,down,down,down,down,down
2026-06-22,2026-06-23,005490,down,down,down,down,down,down,up,down,down
2026-06-22,2026-06-23,010130,down,down,down,down,down,down,down,down,down
2026-06-22,2026-06-23,138040,down,down,down,down,down,down,down,down,down
2026-06-22,2026-06-23,015760,down,up,up,up,up,up,up,up,up
2026-06-22,2026-06-23,011200,down,down,down,down,down,down,down,down,down
2026-06-22,2026-06-23,051910,down,down,down,down,down,down,down,down,down
2026-06-22,2026-06-23,017670,down,up,up,up,up,up,up,up,up
2026-06-22,2026-06-23,033780,down,down,down,down,down,up,down,down,down
2026-06-22,2026-06-23,196170,down,up,up,up,up,up,up,up,up
2026-06-22,2026-06-23,018260,down,down,down,down,down,down,down,down,down
2026-06-22,2026-06-23,086280,down,down,down,down,down,down,down,down,down
2026-06-22,2026-06-23,000720,down,down,down,down,down,down,down,down,down
2026-06-22,2026-06-23,278470,down,up,up,up,up,up,up,up,up
2026-06-22,2026-06-23,030200,up,up,up,up,up,up,up,up,up
2026-06-22,2026-06-23,003490,down,up,up,up,up,up,up,up,up
2026-06-22,2026-06-23,047050,down,down,down,down,down,down,down,down,down
2026-06-22,2026-06-23,003230,up,down,down,down,down,down,down,down,down
2026-06-22,2026-06-23,259960,down,up,up,up,up,up,up,up,up
2026-06-22,2026-06-23,021240,flat,down,down,down,down,down,down,down,down
2026-06-22,2026-06-23,352820,down,down,down,down,down,down,down,down,down
2026-06-22,2026-06-23,009830,down,down,down,down,down,down,down,down,down
2026-06-22,2026-06-23,029780,down,up,up,up,up,up,up,up,up
2026-06-22,2026-06-23,028300,down,up,up,up,up,up,up,up,up
2026-06-22,2026-06-23,034220,down,down,down,down,down,down,down,down,down
2026-06-22,2026-06-23,002380,down,up,up,up,up,up,up,up,up
2026-06-22,2026-06-23,036460,down,up,up,up,up,up,up,up,up
2026-06-22,2026-06-23,004170,down,up,up,up,up,up,up,up,up
2026-06-22,2026-06-23,012750,up,up,up,up,up,up,up,up,up
2026-06-22,2026-06-23,111770,down,up,up,up,up,up,up,up,up
2026-06-22,2026-06-23,035250,down,up,up,up,up,up,up,up,up
2026-06-22,2026-06-23,257720,down,down,down,down,down,down,down,down,down
2026-06-22,2026-06-23,226950,down,down,down,down,down,up,down,down,down
2026-06-22,2026-06-23,010170,down,up,up,up,up,up,up,up,up
2026-06-22,2026-06-23,214370,down,up,up,up,up,up,up,up,up
2026-06-22,2026-06-23,030000,down,up,up,up,up,up,up,up,up
2026-06-23,2026-06-24,005930,up,up,up,up,up,up,up,up,up
2026-06-23,2026-06-24,009150,down,down,down,down,down,down,down,down,down
2026-06-23,2026-06-24,373220,up,up,up,up,up,up,up,up,up
2026-06-23,2026-06-24,005380,down,down,down,down,down,down,down,down,down
2026-06-23,2026-06-24,207940,up,up,up,up,up,up,up,up,up
2026-06-23,2026-06-24,105560,down,up,up,up,up,up,up,up,up
2026-06-23,2026-06-24,028260,up,down,down,down,down,down,up,down,down
2026-06-23,2026-06-24,032830,up,up,up,up,up,up,up,up,up
2026-06-23,2026-06-24,012450,up,up,up,up,up,up,up,up,up
2026-06-23,2026-06-24,034020,up,up,up,up,up,up,up,up,up
2026-06-23,2026-06-24,329180,down,up,up,up,up,up,up,up,up
2026-06-23,2026-06-24,034730,up,up,up,up,up,up,up,up,up
2026-06-23,2026-06-24,012330,down,up,up,up,up,up,up,up,up
2026-06-23,2026-06-24,066570,up,down,down,down,down,down,down,down,down
2026-06-23,2026-06-24,035420,down,down,down,down,down,down,down,down,down
2026-06-23,2026-06-24,010120,down,up,up,up,up,up,up,up,up
2026-06-23,2026-06-24,000810,down,up,up,up,up,up,up,up,up
2026-06-23,2026-06-24,005490,up,down,down,down,down,down,up,down,down
2026-06-23,2026-06-24,010130,up,down,down,down,down,down,down,down,down
2026-06-23,2026-06-24,138040,down,down,down,down,down,down,down,down,down
2026-06-23,2026-06-24,015760,up,up,up,up,up,up,up,up,up
2026-06-23,2026-06-24,011200,up,down,down,down,down,down,down,down,down
2026-06-23,2026-06-24,051910,up,down,down,down,down,down,down,down,down
2026-06-23,2026-06-24,017670,up,up,up,up,up,up,up,up,up
2026-06-23,2026-06-24,033780,down,down,down,down,down,up,down,down,down
2026-06-23,2026-06-24,196170,up,up,up,up,up,up,up,up,up
2026-06-23,2026-06-24,018260,down,down,down,down,down,down,down,down,down
2026-06-23,2026-06-24,086280,up,down,down,down,down,down,down,down,down
2026-06-23,2026-06-24,000720,down,down,down,down,down,down,up,down,down
2026-06-23,2026-06-24,278470,up,up,up,up,up,up,up,up,up
2026-06-23,2026-06-24,030200,down,up,up,up,up,up,up,up,up
2026-06-23,2026-06-24,003490,up,up,up,up,up,up,up,up,up
2026-06-23,2026-06-24,047050,up,down,down,down,down,down,down,down,down
2026-06-23,2026-06-24,003230,up,down,down,down,down,down,down,down,down
2026-06-23,2026-06-24,259960,down,up,up,up,up,up,up,up,up
2026-06-23,2026-06-24,021240,up,down,down,down,down,down,down,down,down
2026-06-23,2026-06-24,352820,down,down,down,down,down,down,down,down,down
2026-06-23,2026-06-24,009830,down,down,down,down,down,down,down,down,up
2026-06-23,2026-06-24,029780,down,up,up,up,up,up,up,up,up
2026-06-23,2026-06-24,028300,up,up,up,up,up,up,up,up,up
2026-06-23,2026-06-24,034220,flat,down,down,down,down,down,down,down,down
2026-06-23,2026-06-24,002380,up,up,up,up,up,up,up,up,up
2026-06-23,2026-06-24,036460,down,up,up,up,up,up,up,up,up
2026-06-23,2026-06-24,004170,up,up,up,up,up,up,up,up,up
2026-06-23,2026-06-24,012750,up,up,up,up,up,up,up,up,up
2026-06-23,2026-06-24,111770,down,up,up,up,up,up,up,up,up
2026-06-23,2026-06-24,035250,down,down,down,down,down,up,down,down,down
2026-06-23,2026-06-24,257720,down,down,down,down,down,down,down,down,down
2026-06-23,2026-06-24,226950,up,down,down,down,down,down,down,down,down
2026-06-23,2026-06-24,010170,up,up,up,up,up,up,up,up,up
2026-06-23,2026-06-24,214370,up,up,up,up,up,up,up,up,up
2026-06-23,2026-06-24,030000,down,up,up,up,up,down,up,up,up
2026-06-24,2026-06-25,005930,up,up,up,up,up,up,up,up,up
2026-06-24,2026-06-25,009150,up,down,down,down,down,down,down,down,down
2026-06-24,2026-06-25,373220,down,up,up,up,down,up,up,up,down
2026-06-24,2026-06-25,005380,down,down,down,down,down,down,down,down,down
2026-06-24,2026-06-25,207940,flat,down,down,down,down,down,down,down,down
2026-06-24,2026-06-25,105560,flat,up,up,up,up,up,up,up,up
2026-06-24,2026-06-25,028260,up,down,down,down,down,down,up,down,down
2026-06-24,2026-06-25,032830,up,up,up,up,up,up,up,up,up
2026-06-24,2026-06-25,012450,down,up,up,up,up,up,up,up,up
2026-06-24,2026-06-25,034020,down,up,up,up,up,up,up,up,up
2026-06-24,2026-06-25,329180,down,up,up,up,up,up,up,up,up
2026-06-24,2026-06-25,034730,up,up,up,up,up,up,up,up,up
2026-06-24,2026-06-25,012330,up,down,down,down,down,down,down,down,down
2026-06-24,2026-06-25,066570,down,up,up,up,up,up,up,up,up
2026-06-24,2026-06-25,035420,up,down,down,down,up,down,down,down,down
2026-06-24,2026-06-25,010120,down,up,up,up,up,up,up,up,up
2026-06-24,2026-06-25,000810,up,up,up,up,up,up,up,up,up
2026-06-24,2026-06-25,005490,down,down,down,down,down,down,up,down,down
2026-06-24,2026-06-25,010130,up,down,down,down,down,down,down,down,down
2026-06-24,2026-06-25,138040,down,down,down,down,down,down,down,down,down
2026-06-24,2026-06-25,015760,up,up,up,up,up,up,up,up,up
2026-06-24,2026-06-25,011200,down,down,down,down,down,down,down,down,down
2026-06-24,2026-06-25,051910,down,down,down,down,down,down,down,down,down
2026-06-24,2026-06-25,017670,up,up,up,up,up,up,up,up,up
2026-06-24,2026-06-25,033780,up,down,down,down,down,up,down,down,down
2026-06-24,2026-06-25,196170,up,up,up,up,up,up,up,up,up
2026-06-24,2026-06-25,018260,up,down,down,down,down,down,down,down,down
2026-06-24,2026-06-25,086280,down,down,down,down,down,down,down,down,down
2026-06-24,2026-06-25,000720,down,down,down,down,down,down,down,down,down
2026-06-24,2026-06-25,278470,up,up,up,up,up,up,up,up,up
2026-06-24,2026-06-25,030200,up,up,up,up,up,up,up,up,up
2026-06-24,2026-06-25,003490,up,down,down,down,down,down,down,down,down
2026-06-24,2026-06-25,047050,down,down,down,down,down,down,down,down,down
2026-06-24,2026-06-25,003230,up,down,down,down,down,down,down,down,down
2026-06-24,2026-06-25,259960,down,up,up,up,up,up,up,up,up
2026-06-24,2026-06-25,021240,up,down,down,down,down,down,down,down,down
2026-06-24,2026-06-25,352820,down,down,down,down,down,down,down,down,down
2026-06-24,2026-06-25,009830,down,down,down,down,down,down,down,down,up
2026-06-24,2026-06-25,029780,up,up,up,up,up,up,up,up,up
2026-06-24,2026-06-25,028300,down,up,up,up,up,up,up,up,up
2026-06-24,2026-06-25,034220,down,down,down,down,down,down,down,down,down
2026-06-24,2026-06-25,002380,up,up,up,up,up,up,up,up,up
2026-06-24,2026-06-25,036460,down,up,up,up,up,up,up,up,up
2026-06-24,2026-06-25,004170,up,up,up,up,up,up,up,up,up
2026-06-24,2026-06-25,012750,down,up,up,up,up,up,up,up,up
2026-06-24,2026-06-25,111770,up,up,up,up,up,up,up,up,up
2026-06-24,2026-06-25,035250,down,up,up,up,up,up,up,up,up
2026-06-24,2026-06-25,257720,down,down,down,down,down,down,down,down,down
2026-06-24,2026-06-25,226950,up,up,up,up,up,up,up,up,up
2026-06-24,2026-06-25,010170,flat,up,up,up,up,up,up,up,up
2026-06-24,2026-06-25,214370,down,up,up,up,up,up,up,up,up
2026-06-24,2026-06-25,030000,down,up,up,up,up,down,up,up,up
2026-06-25,2026-06-26,005930,down,up,up,up,up,up,up,up,up
2026-06-25,2026-06-26,009150,down,down,down,down,down,down,down,down,down
2026-06-25,2026-06-26,373220,down,up,up,up,up,up,up,up,up
2026-06-25,2026-06-26,005380,down,down,down,down,down,down,down,down,down
2026-06-25,2026-06-26,207940,down,down,down,down,down,down,down,down,down
2026-06-25,2026-06-26,105560,down,up,up,up,up,up,up,up,up
2026-06-25,2026-06-26,028260,down,down,down,down,down,down,down,down,down
2026-06-25,2026-06-26,032830,down,up,up,up,up,up,up,down,up
2026-06-25,2026-06-26,012450,down,up,up,up,up,up,up,up,up
2026-06-25,2026-06-26,034020,down,up,up,up,up,up,up,up,up
2026-06-25,2026-06-26,329180,down,up,up,up,up,up,up,up,up
2026-06-25,2026-06-26,034730,down,up,up,up,up,up,up,up,up
2026-06-25,2026-06-26,012330,down,down,down,down,down,down,down,down,down
2026-06-25,2026-06-26,066570,down,down,down,down,down,down,down,down,down
2026-06-25,2026-06-26,035420,down,up,up,up,up,up,up,up,up
2026-06-25,2026-06-26,010120,down,up,up,up,down,up,up,up,up
2026-06-25,2026-06-26,000810,down,down,down,down,down,down,down,down,down
2026-06-25,2026-06-26,005490,down,down,down,down,down,down,up,down,down
2026-06-25,2026-06-26,010130,down,down,down,down,down,down,down,down,down
2026-06-25,2026-06-26,138040,down,down,down,down,down,down,down,down,down
2026-06-25,2026-06-26,015760,down,up,up,up,up,up,up,up,up
2026-06-25,2026-06-26,011200,down,down,down,down,down,down,down,down,down
2026-06-25,2026-06-26,051910,down,down,down,down,down,down,down,down,down
2026-06-25,2026-06-26,017670,down,up,up,up,up,up,up,up,up
2026-06-25,2026-06-26,033780,down,down,down,down,down,down,down,down,down
2026-06-25,2026-06-26,196170,down,up,up,up,up,up,up,up,up
2026-06-25,2026-06-26,018260,down,down,down,down,down,down,down,down,down
2026-06-25,2026-06-26,086280,down,down,down,down,down,down,down,down,down
2026-06-25,2026-06-26,000720,down,down,down,down,down,down,down,down,down
2026-06-25,2026-06-26,278470,down,up,up,up,up,up,up,up,up
2026-06-25,2026-06-26,030200,up,up,up,up,up,up,up,up,up
2026-06-25,2026-06-26,003490,down,down,down,down,down,down,down,down,down
2026-06-25,2026-06-26,047050,down,down,down,down,down,down,down,down,down
2026-06-25,2026-06-26,003230,down,down,down,down,down,down,down,down,down
2026-06-25,2026-06-26,259960,down,up,up,up,up,up,up,up,up
2026-06-25,2026-06-26,021240,down,down,down,down,down,down,down,down,down
2026-06-25,2026-06-26,352820,down,down,down,down,down,down,down,down,down
2026-06-25,2026-06-26,009830,down,down,down,down,down,down,down,down,up
2026-06-25,2026-06-26,029780,down,up,up,up,up,up,up,up,up
2026-06-25,2026-06-26,028300,down,up,up,up,up,up,up,up,up
2026-06-25,2026-06-26,034220,down,down,down,down,down,down,down,down,down
2026-06-25,2026-06-26,002380,down,down,down,down,down,down,down,down,down
2026-06-25,2026-06-26,036460,down,up,up,up,up,up,up,up,up
2026-06-25,2026-06-26,004170,down,down,down,down,down,down,down,down,down
2026-06-25,2026-06-26,012750,down,up,up,up,up,up,up,up,up
2026-06-25,2026-06-26,111770,down,up,up,up,up,up,up,up,up
2026-06-25,2026-06-26,035250,down,up,up,up,up,up,up,up,up
2026-06-25,2026-06-26,257720,down,down,down,down,down,down,down,down,down
2026-06-25,2026-06-26,226950,down,up,up,up,up,up,up,up,up
2026-06-25,2026-06-26,010170,down,up,up,up,down,up,up,up,up
2026-06-25,2026-06-26,214370,down,down,down,down,down,down,down,down,down
2026-06-25,2026-06-26,030000,down,up,up,up,up,down,up,up,up
2026-06-26,2026-06-29,005930,down,up,up,up,up,up,up,up,up
2026-06-26,2026-06-29,009150,up,down,down,down,down,down,down,down,down
2026-06-26,2026-06-29,373220,up,up,up,up,up,up,up,up,up
2026-06-26,2026-06-29,005380,up,down,down,down,down,down,down,down,down
2026-06-26,2026-06-29,207940,up,up,up,up,up,up,up,up,up
2026-06-26,2026-06-29,105560,up,up,up,up,up,up,up,up,up
2026-06-26,2026-06-29,028260,down,down,down,down,down,down,up,down,down
2026-06-26,2026-06-29,032830,down,up,up,up,up,up,up,up,up
2026-06-26,2026-06-29,012450,up,up,up,up,up,up,up,up,up
2026-06-26,2026-06-29,034020,up,up,up,up,up,up,up,up,up
2026-06-26,2026-06-29,329180,up,up,up,up,up,up,up,up,up
2026-06-26,2026-06-29,034730,down,up,up,up,up,up,up,up,up
2026-06-26,2026-06-29,012330,up,down,down,down,down,down,down,up,down
2026-06-26,2026-06-29,066570,up,down,down,down,down,down,down,down,down
2026-06-26,2026-06-29,035420,up,up,up,up,up,up,up,up,up
2026-06-26,2026-06-29,010120,up,up,up,up,up,up,up,up,up
2026-06-26,2026-06-29,000810,down,down,down,down,down,down,down,down,down
2026-06-26,2026-06-29,005490,up,down,down,down,down,down,up,down,down
2026-06-26,2026-06-29,010130,up,down,down,down,down,down,down,down,down
2026-06-26,2026-06-29,138040,up,down,down,down,down,down,down,down,down
2026-06-26,2026-06-29,015760,up,up,up,up,up,up,up,up,up
2026-06-26,2026-06-29,011200,up,down,down,down,down,down,down,down,down
2026-06-26,2026-06-29,051910,up,down,down,down,down,down,down,down,down
2026-06-26,2026-06-29,017670,down,up,up,up,up,up,up,up,up
2026-06-26,2026-06-29,033780,up,down,down,down,down,up,down,down,down
2026-06-26,2026-06-29,196170,up,up,up,up,up,up,up,up,up
2026-06-26,2026-06-29,018260,up,down,down,down,down,down,down,down,down
2026-06-26,2026-06-29,086280,up,down,down,down,down,down,down,down,down
2026-06-26,2026-06-29,000720,up,down,down,down,down,down,up,down,down
2026-06-26,2026-06-29,278470,up,up,up,up,up,up,up,up,up
2026-06-26,2026-06-29,030200,up,up,up,up,up,up,up,up,up
2026-06-26,2026-06-29,003490,up,down,down,down,down,down,down,down,down
2026-06-26,2026-06-29,047050,up,down,down,down,down,down,down,down,down
2026-06-26,2026-06-29,003230,up,down,down,down,down,down,down,down,down
2026-06-26,2026-06-29,259960,up,up,up,up,up,up,up,up,up
2026-06-26,2026-06-29,021240,up,down,down,down,down,down,down,down,down
2026-06-26,2026-06-29,352820,up,down,down,down,down,down,down,down,down
2026-06-26,2026-06-29,009830,up,down,down,down,down,down,down,down,up
2026-06-26,2026-06-29,029780,up,up,up,up,up,up,up,up,up
2026-06-26,2026-06-29,028300,up,up,up,up,up,up,up,up,up
2026-06-26,2026-06-29,034220,up,down,down,down,down,down,down,down,down
2026-06-26,2026-06-29,002380,down,up,up,up,up,up,up,up,up
2026-06-26,2026-06-29,036460,up,up,up,up,up,up,up,up,up
2026-06-26,2026-06-29,004170,down,down,down,down,down,down,up,down,down
2026-06-26,2026-06-29,012750,up,up,up,up,up,up,up,up,up
2026-06-26,2026-06-29,111770,up,up,up,up,up,up,up,up,up
2026-06-26,2026-06-29,035250,up,down,down,down,down,down,down,down,down
2026-06-26,2026-06-29,257720,up,down,down,down,down,down,down,down,down
2026-06-26,2026-06-29,226950,up,down,down,down,down,down,down,down,down
2026-06-26,2026-06-29,010170,up,up,up,up,up,up,up,up,up
2026-06-26,2026-06-29,214370,up,up,up,up,up,up,up,up,up
2026-06-26,2026-06-29,030000,up,up,up,up,up,down,up,up,up
2026-06-29,2026-06-30,005930,up,up,up,up,up,up,up,up,up
2026-06-29,2026-06-30,009150,up,down,down,down,down,down,down,down,down
2026-06-29,2026-06-30,373220,down,down,down,down,down,down,down,down,down
2026-06-29,2026-06-30,005380,down,down,down,down,down,down,down,down,down
2026-06-29,2026-06-30,207940,down,down,down,down,down,down,down,down,down
2026-06-29,2026-06-30,105560,up,up,up,up,up,up,up,up,up
2026-06-29,2026-06-30,028260,down,down,down,down,down,down,up,down,down
2026-06-29,2026-06-30,032830,down,up,up,up,up,up,up,up,up
2026-06-29,2026-06-30,012450,down,up,up,up,up,up,up,up,up
2026-06-29,2026-06-30,034020,down,up,up,up,down,down,up,up,down
2026-06-29,2026-06-30,329180,flat,up,up,up,up,up,up,up,up
2026-06-29,2026-06-30,034730,up,up,up,up,up,up,up,up,up
2026-06-29,2026-06-30,012330,down,down,down,down,down,down,down,down,down
2026-06-29,2026-06-30,066570,up,down,down,down,down,down,down,down,down
2026-06-29,2026-06-30,035420,down,up,up,up,up,up,up,up,up
2026-06-29,2026-06-30,010120,up,down,down,down,down,down,down,down,down
2026-06-29,2026-06-30,000810,down,up,up,up,up,up,down,up,down
2026-06-29,2026-06-30,005490,down,down,down,down,down,down,down,down,down
2026-06-29,2026-06-30,010130,down,down,down,down,down,down,down,down,down
2026-06-29,2026-06-30,138040,up,down,down,down,down,down,down,down,down
2026-06-29,2026-06-30,015760,down,up,up,up,up,up,up,up,up
2026-06-29,2026-06-30,011200,down,down,down,down,down,down,down,down,down
2026-06-29,2026-06-30,051910,down,down,down,down,down,down,down,down,down
2026-06-29,2026-06-30,017670,down,up,up,up,up,up,up,up,up
2026-06-29,2026-06-30,033780,down,down,down,down,down,down,down,down,down
2026-06-29,2026-06-30,196170,down,down,down,down,down,down,down,down,down
2026-06-29,2026-06-30,018260,down,down,down,down,down,down,down,down,down
2026-06-29,2026-06-30,086280,down,down,down,down,down,down,down,down,down
2026-06-29,2026-06-30,000720,down,down,down,down,down,down,down,down,down
2026-06-29,2026-06-30,278470,down,up,up,up,up,up,up,up,up
2026-06-29,2026-06-30,030200,up,up,up,up,up,up,up,up,up
2026-06-29,2026-06-30,003490,down,down,down,down,down,down,down,down,down
2026-06-29,2026-06-30,047050,down,down,down,down,down,down,down,down,down
2026-06-29,2026-06-30,003230,down,down,down,down,down,down,down,down,down
2026-06-29,2026-06-30,259960,up,down,down,down,down,down,down,down,down
2026-06-29,2026-06-30,021240,down,down,down,down,down,down,down,down,down
2026-06-29,2026-06-30,352820,down,down,down,down,down,down,down,down,down
2026-06-29,2026-06-30,009830,down,down,down,down,down,down,down,down,down
2026-06-29,2026-06-30,029780,up,up,up,up,up,up,up,up,up
2026-06-29,2026-06-30,028300,up,up,up,up,up,up,up,up,up
2026-06-29,2026-06-30,034220,down,down,down,down,down,down,down,down,down
2026-06-29,2026-06-30,002380,down,up,up,up,up,up,up,up,up
2026-06-29,2026-06-30,036460,down,up,up,up,up,up,up,up,up
2026-06-29,2026-06-30,004170,up,up,up,up,up,up,up,up,up
2026-06-29,2026-06-30,012750,down,up,up,up,up,up,up,up,up
2026-06-29,2026-06-30,111770,down,down,down,down,down,down,down,down,down
2026-06-29,2026-06-30,035250,down,down,down,down,down,down,down,down,down
2026-06-29,2026-06-30,257720,down,down,down,down,down,down,down,down,down
2026-06-29,2026-06-30,226950,down,up,up,up,up,up,up,up,up
2026-06-29,2026-06-30,010170,down,down,down,down,down,down,up,down,down
2026-06-29,2026-06-30,214370,down,up,up,up,up,up,up,up,up
2026-06-29,2026-06-30,030000,down,up,up,up,up,down,up,up,up
2026-06-30,2026-07-01,005930,down,up,up,up,up,up,up,up,up
2026-06-30,2026-07-01,009150,up,down,down,down,down,down,down,down,down
2026-06-30,2026-07-01,373220,down,up,up,up,up,up,up,up,up
2026-06-30,2026-07-01,005380,down,down,down,down,down,down,down,down,down
2026-06-30,2026-07-01,207940,up,down,down,down,down,down,down,down,down
2026-06-30,2026-07-01,105560,down,down,down,down,down,down,down,down,down
2026-06-30,2026-07-01,028260,down,down,down,down,down,down,up,up,down
2026-06-30,2026-07-01,032830,down,up,up,up,up,up,up,up,up
2026-06-30,2026-07-01,012450,up,up,up,up,up,up,up,up,up
2026-06-30,2026-07-01,034020,up,up,up,up,up,up,up,up,down
2026-06-30,2026-07-01,329180,up,up,up,up,up,up,up,up,up
2026-06-30,2026-07-01,034730,down,up,up,up,up,up,up,up,up
2026-06-30,2026-07-01,012330,down,down,down,down,down,down,down,down,down
2026-06-30,2026-07-01,066570,down,down,down,down,down,down,down,down,down
2026-06-30,2026-07-01,035420,down,up,up,up,up,up,up,up,up
2026-06-30,2026-07-01,010120,up,down,down,down,down,down,down,down,down
2026-06-30,2026-07-01,000810,up,down,down,down,down,down,down,down,down
2026-06-30,2026-07-01,005490,down,down,down,down,down,down,up,down,down
2026-06-30,2026-07-01,010130,up,down,down,down,down,down,down,down,down
2026-06-30,2026-07-01,138040,up,down,down,down,down,down,down,down,down
2026-06-30,2026-07-01,015760,up,down,down,down,down,down,down,down,down
2026-06-30,2026-07-01,011200,up,down,down,down,down,down,down,down,down
2026-06-30,2026-07-01,051910,flat,down,down,down,down,down,down,down,down
2026-06-30,2026-07-01,017670,up,up,up,up,up,up,up,up,up
2026-06-30,2026-07-01,033780,down,down,down,down,down,up,down,down,down
2026-06-30,2026-07-01,196170,down,up,up,up,up,up,up,up,up
2026-06-30,2026-07-01,018260,up,up,up,up,up,up,up,up,up
2026-06-30,2026-07-01,086280,up,down,down,down,down,down,down,down,down
2026-06-30,2026-07-01,000720,up,down,down,down,down,down,down,down,down
2026-06-30,2026-07-01,278470,up,up,up,up,up,up,up,up,up
2026-06-30,2026-07-01,030200,up,up,up,up,up,up,up,up,up
2026-06-30,2026-07-01,003490,up,down,down,down,down,down,down,down,down
2026-06-30,2026-07-01,047050,up,down,down,down,down,down,down,down,down
2026-06-30,2026-07-01,003230,up,down,down,down,down,down,down,down,down
2026-06-30,2026-07-01,259960,up,down,down,down,down,down,down,down,down
2026-06-30,2026-07-01,021240,up,down,down,down,down,down,down,down,down
2026-06-30,2026-07-01,352820,up,down,down,down,down,down,down,down,down
2026-06-30,2026-07-01,009830,up,down,down,down,down,down,down,down,down
2026-06-30,2026-07-01,029780,down,down,down,down,down,down,down,down,up
2026-06-30,2026-07-01,028300,down,up,up,up,up,up,up,up,up
2026-06-30,2026-07-01,034220,down,down,down,down,down,down,down,down,down
2026-06-30,2026-07-01,002380,down,up,up,up,up,up,up,up,up
2026-06-30,2026-07-01,036460,up,up,up,up,up,up,up,down,up
2026-06-30,2026-07-01,004170,up,up,up,up,up,up,up,up,up
2026-06-30,2026-07-01,012750,up,up,up,up,up,up,up,up,up
2026-06-30,2026-07-01,111770,up,up,up,up,up,up,up,up,up
2026-06-30,2026-07-01,035250,flat,up,up,up,up,up,up,up,up
2026-06-30,2026-07-01,257720,up,down,down,down,down,down,down,down,down
2026-06-30,2026-07-01,226950,up,down,down,down,down,down,down,down,down
2026-06-30,2026-07-01,010170,up,down,down,down,down,down,up,up,down
2026-06-30,2026-07-01,214370,up,down,down,down,down,down,down,down,down
2026-06-30,2026-07-01,030000,up,up,up,up,up,up,up,up,up
2026-07-01,2026-07-02,005930,down,down,down,down,down,down,up,down,down
2026-07-01,2026-07-02,009150,down,down,down,down,down,down,down,down,down
2026-07-01,2026-07-02,373220,up,up,up,up,up,up,up,up,up
2026-07-01,2026-07-02,005380,down,down,down,down,down,down,down,down,down
2026-07-01,2026-07-02,207940,up,down,down,down,down,down,down,down,down
2026-07-01,2026-07-02,105560,up,up,up,up,up,up,up,up,up
2026-07-01,2026-07-02,028260,down,down,down,down,down,down,up,down,down
2026-07-01,2026-07-02,032830,down,up,up,up,up,up,up,up,up
2026-07-01,2026-07-02,012450,up,down,down,down,down,down,down,down,down
2026-07-01,2026-07-02,034020,down,up,up,up,up,up,up,up,down
2026-07-01,2026-07-02,329180,down,down,up,down,down,down,up,down,down
2026-07-01,2026-07-02,034730,down,up,up,up,up,up,up,up,up
2026-07-01,2026-07-02,012330,down,down,down,down,down,down,down,down,down
2026-07-01,2026-07-02,066570,down,down,down,down,down,down,down,down,down
2026-07-01,2026-07-02,035420,up,down,down,down,down,down,down,down,down
2026-07-01,2026-07-02,010120,down,down,down,down,down,down,down,down,down
2026-07-01,2026-07-02,000810,down,down,down,down,down,down,down,down,down
2026-07-01,2026-07-02,005490,up,down,down,down,down,down,up,down,down
2026-07-01,2026-07-02,010130,down,down,down,down,down,down,down,down,down
2026-07-01,2026-07-02,138040,up,down,down,down,down,down,down,down,down
2026-07-01,2026-07-02,015760,up,down,down,down,down,down,down,down,down
2026-07-01,2026-07-02,011200,up,down,down,down,down,down,down,down,down
2026-07-01,2026-07-02,051910,up,down,down,down,down,down,down,down,down
2026-07-01,2026-07-02,017670,down,up,up,up,up,up,up,up,up
2026-07-01,2026-07-02,033780,up,down,down,down,down,up,down,down,down
2026-07-01,2026-07-02,196170,down,down,down,down,down,down,down,down,down
2026-07-01,2026-07-02,018260,up,down,down,down,down,down,down,down,down
2026-07-01,2026-07-02,086280,down,down,down,down,down,down,down,down,down
2026-07-01,2026-07-02,000720,down,down,down,down,down,down,down,down,down
2026-07-01,2026-07-02,278470,down,up,up,up,up,up,up,up,up
2026-07-01,2026-07-02,030200,up,up,up,up,up,up,up,up,up
2026-07-01,2026-07-02,003490,up,down,down,down,down,down,down,down,down
2026-07-01,2026-07-02,047050,up,down,down,down,down,down,down,down,down
2026-07-01,2026-07-02,003230,down,down,down,down,down,down,down,down,down
2026-07-01,2026-07-02,259960,down,down,down,down,down,down,down,down,down
2026-07-01,2026-07-02,021240,up,down,down,down,down,down,down,down,down
2026-07-01,2026-07-02,352820,up,down,down,down,down,down,down,down,down
2026-07-01,2026-07-02,009830,down,down,down,down,down,down,down,down,down
2026-07-01,2026-07-02,029780,up,up,up,up,up,up,up,up,up
2026-07-01,2026-07-02,028300,down,down,down,down,down,down,down,down,down
2026-07-01,2026-07-02,034220,down,down,down,down,down,down,down,down,down
2026-07-01,2026-07-02,002380,down,up,up,up,up,up,up,up,up
2026-07-01,2026-07-02,036460,up,down,down,down,down,down,down,down,down
2026-07-01,2026-07-02,004170,down,up,up,up,up,up,up,up,up
2026-07-01,2026-07-02,012750,up,up,up,up,up,up,up,up,up
2026-07-01,2026-07-02,111770,up,up,up,up,up,up,up,up,up
2026-07-01,2026-07-02,035250,up,down,down,down,down,up,down,down,down
2026-07-01,2026-07-02,257720,down,down,down,down,down,down,down,down,down
2026-07-01,2026-07-02,226950,down,down,down,down,down,down,down,down,down
2026-07-01,2026-07-02,010170,down,down,down,down,down,down,up,down,down
2026-07-01,2026-07-02,214370,down,up,up,up,up,up,up,up,up
2026-07-01,2026-07-02,030000,up,up,up,up,up,up,up,up,up
2026-07-02,2026-07-03,005930,up,up,up,up,up,up,up,up,up
2026-07-02,2026-07-03,009150,up,down,down,down,down,down,down,down,down
2026-07-02,2026-07-03,373220,up,down,down,down,down,down,down,down,down
2026-07-02,2026-07-03,005380,up,down,down,down,down,down,down,down,down
2026-07-02,2026-07-03,207940,up,down,down,down,down,down,down,down,down
2026-07-02,2026-07-03,105560,up,up,up,up,up,up,up,up,up
2026-07-02,2026-07-03,028260,up,up,up,up,up,up,up,up,up
2026-07-02,2026-07-03,032830,up,up,up,up,up,up,up,up,up
2026-07-02,2026-07-03,012450,up,down,down,down,down,down,up,down,down
2026-07-02,2026-07-03,034020,up,up,up,up,up,up,up,up,up
2026-07-02,2026-07-03,329180,down,up,up,up,up,up,up,up,up
2026-07-02,2026-07-03,034730,up,down,down,down,down,down,up,down,down
2026-07-02,2026-07-03,012330,up,down,down,down,down,down,down,down,down
2026-07-02,2026-07-03,066570,down,down,down,down,down,down,down,down,down
2026-07-02,2026-07-03,035420,down,up,up,up,up,up,up,up,up
2026-07-02,2026-07-03,010120,down,down,down,down,down,up,down,down,down
2026-07-02,2026-07-03,000810,up,down,down,down,down,down,down,down,down
2026-07-02,2026-07-03,005490,up,down,down,down,down,down,up,down,down
2026-07-02,2026-07-03,010130,up,down,down,down,down,down,down,down,down
2026-07-02,2026-07-03,138040,up,down,down,down,down,down,down,down,down
2026-07-02,2026-07-03,015760,up,up,up,up,up,up,up,up,up
2026-07-02,2026-07-03,011200,up,down,down,down,down,down,down,down,down
2026-07-02,2026-07-03,051910,flat,down,down,down,down,down,down,down,down
2026-07-02,2026-07-03,017670,down,up,up,up,up,up,up,up,up
2026-07-02,2026-07-03,033780,up,down,down,down,down,down,down,down,down
2026-07-02,2026-07-03,196170,down,up,up,up,up,up,up,up,up
2026-07-02,2026-07-03,018260,down,down,down,down,down,down,down,down,down
2026-07-02,2026-07-03,086280,up,down,down,down,down,down,down,down,down
2026-07-02,2026-07-03,000720,flat,down,down,down,down,down,down,down,down
2026-07-02,2026-07-03,278470,down,up,up,up,up,up,up,up,up
2026-07-02,2026-07-03,030200,down,up,up,up,up,up,up,up,up
2026-07-02,2026-07-03,003490,up,down,down,down,down,down,down,down,down
2026-07-02,2026-07-03,047050,down,down,down,down,down,down,down,down,down
2026-07-02,2026-07-03,003230,down,down,down,down,down,down,down,down,down
2026-07-02,2026-07-03,259960,down,down,down,down,down,down,down,down,down
2026-07-02,2026-07-03,021240,down,down,down,down,down,down,down,down,down
2026-07-02,2026-07-03,352820,down,down,down,down,down,down,down,down,down
2026-07-02,2026-07-03,009830,down,down,down,down,down,down,down,down,down
2026-07-02,2026-07-03,029780,up,up,up,up,up,up,down,up,up
2026-07-02,2026-07-03,028300,up,down,down,down,down,down,down,down,down
2026-07-02,2026-07-03,034220,up,down,down,down,down,down,down,down,down
2026-07-02,2026-07-03,002380,up,up,up,up,up,up,up,up,up
2026-07-02,2026-07-03,036460,up,up,up,up,up,up,up,up,up
2026-07-02,2026-07-03,004170,down,up,up,up,up,up,up,up,up
2026-07-02,2026-07-03,012750,down,up,up,up,up,up,up,up,up
2026-07-02,2026-07-03,111770,up,down,down,down,down,down,down,down,down
2026-07-02,2026-07-03,035250,up,down,down,down,down,down,down,down,down
2026-07-02,2026-07-03,257720,up,down,down,down,down,down,down,down,down
2026-07-02,2026-07-03,226950,down,down,down,down,down,down,down,down,down
2026-07-02,2026-07-03,010170,up,down,down,down,down,down,up,down,down
2026-07-02,2026-07-03,214370,down,down,down,down,down,down,down,down,down
2026-07-02,2026-07-03,030000,up,up,up,up,up,down,up,up,up
2026-07-03,2026-07-06,005930,up,up,up,up,up,up,up,up,up
2026-07-03,2026-07-06,009150,down,down,down,down,down,down,up,down,down
2026-07-03,2026-07-06,373220,down,down,down,down,down,down,down,down,down
2026-07-03,2026-07-06,005380,up,down,down,down,down,down,down,down,down
2026-07-03,2026-07-06,207940,down,down,down,down,down,down,down,down,down
2026-07-03,2026-07-06,105560,up,down,down,down,down,down,down,down,down
2026-07-03,2026-07-06,028260,up,up,up,up,up,up,up,up,up
2026-07-03,2026-07-06,032830,up,up,up,up,up,up,up,up,up
2026-07-03,2026-07-06,012450,down,down,down,down,down,down,down,down,down
2026-07-03,2026-07-06,034020,down,up,up,up,down,up,up,up,up
2026-07-03,2026-07-06,329180,up,down,down,down,down,down,down,down,down
2026-07-03,2026-07-06,034730,down,down,down,down,down,down,up,down,down
2026-07-03,2026-07-06,012330,up,down,down,down,down,down,down,down,down
2026-07-03,2026-07-06,066570,down,down,down,down,down,down,down,down,down
2026-07-03,2026-07-06,035420,up,down,down,down,down,down,down,down,down
2026-07-03,2026-07-06,010120,down,up,up,up,up,up,up,up,up
2026-07-03,2026-07-06,000810,up,down,down,down,down,down,down,down,down
2026-07-03,2026-07-06,005490,up,down,down,down,down,down,up,down,down
2026-07-03,2026-07-06,010130,down,down,down,down,down,down,down,down,down
2026-07-03,2026-07-06,138040,down,down,down,down,down,down,down,down,down
2026-07-03,2026-07-06,015760,up,down,down,down,down,down,down,down,down
2026-07-03,2026-07-06,011200,up,down,down,down,down,down,down,down,down
2026-07-03,2026-07-06,051910,down,down,down,up,down,down,up,down,up
2026-07-03,2026-07-06,017670,down,up,up,up,up,up,up,up,up
2026-07-03,2026-07-06,033780,down,down,down,down,down,down,down,down,down
2026-07-03,2026-07-06,196170,down,down,down,down,down,down,down,down,down
2026-07-03,2026-07-06,018260,down,up,up,up,up,down,up,down,up
2026-07-03,2026-07-06,086280,down,down,down,down,down,down,down,down,down
2026-07-03,2026-07-06,000720,down,down,down,down,down,down,down,down,down
2026-07-03,2026-07-06,278470,down,up,up,up,up,up,up,up,up
2026-07-03,2026-07-06,030200,up,up,up,up,up,up,up,up,up
2026-07-03,2026-07-06,003490,down,down,down,down,down,down,down,down,down
2026-07-03,2026-07-06,047050,up,down,down,down,down,down,up,down,down
2026-07-03,2026-07-06,003230,down,down,down,down,down,down,down,down,down
2026-07-03,2026-07-06,259960,down,down,down,down,down,down,down,down,down
2026-07-03,2026-07-06,021240,down,down,down,down,down,down,down,down,down
2026-07-03,2026-07-06,352820,up,down,down,down,down,down,down,down,down
2026-07-03,2026-07-06,009830,down,down,down,down,down,down,down,down,down
2026-07-03,2026-07-06,029780,down,up,up,up,up,up,up,up,up
2026-07-03,2026-07-06,028300,up,down,down,down,down,down,down,down,down
2026-07-03,2026-07-06,034220,down,up,up,up,up,up,up,up,up
2026-07-03,2026-07-06,002380,down,down,down,down,down,down,up,down,down
2026-07-03,2026-07-06,036460,up,up,up,up,up,up,up,up,up
2026-07-03,2026-07-06,004170,down,down,down,down,down,down,down,down,down
2026-07-03,2026-07-06,012750,down,up,up,up,up,up,up,up,up
2026-07-03,2026-07-06,111770,down,down,down,down,down,down,down,down,down
2026-07-03,2026-07-06,035250,down,up,up,up,up,up,up,up,up
2026-07-03,2026-07-06,257720,up,down,down,down,down,down,down,down,down
2026-07-03,2026-07-06,226950,down,down,down,down,down,down,down,down,down
2026-07-03,2026-07-06,010170,down,down,down,down,down,down,down,down,down
2026-07-03,2026-07-06,214370,down,up,up,up,up,up,up,down,up
2026-07-03,2026-07-06,030000,down,up,up,up,up,up,up,up,up
2026-07-06,2026-07-07,005930,down,down,down,down,down,down,up,down,down
2026-07-06,2026-07-07,009150,down,down,down,down,down,down,down,down,down
2026-07-06,2026-07-07,373220,down,up,up,up,up,up,up,up,up
2026-07-06,2026-07-07,005380,down,down,down,down,down,down,down,down,down
2026-07-06,2026-07-07,207940,up,up,up,up,up,up,up,up,up
2026-07-06,2026-07-07,105560,up,down,down,up,down,down,up,down,down
2026-07-06,2026-07-07,028260,down,down,down,down,down,down,down,down,down
2026-07-06,2026-07-07,032830,down,up,up,up,up,up,up,up,up
2026-07-06,2026-07-07,012450,down,up,up,up,up,up,up,up,up
2026-07-06,2026-07-07,034020,down,up,up,up,up,up,up,up,up
2026-07-06,2026-07-07,329180,down,down,down,down,down,down,down,down,down
2026-07-06,2026-07-07,034730,down,up,up,up,up,up,up,up,up
2026-07-06,2026-07-07,012330,down,down,down,down,down,down,down,down,down
2026-07-06,2026-07-07,066570,up,down,down,down,down,down,down,down,down
2026-07-06,2026-07-07,035420,up,down,down,down,down,down,down,down,down
2026-07-06,2026-07-07,010120,down,up,up,up,up,up,up,up,up
2026-07-06,2026-07-07,000810,up,down,down,down,down,down,down,down,down
2026-07-06,2026-07-07,005490,down,down,down,down,down,down,up,down,down
2026-07-06,2026-07-07,010130,down,down,down,down,down,down,down,down,down
2026-07-06,2026-07-07,138040,up,up,up,up,up,up,up,up,up
2026-07-06,2026-07-07,015760,down,down,down,down,down,down,down,down,down
2026-07-06,2026-07-07,011200,up,down,down,down,down,down,down,down,down
2026-07-06,2026-07-07,051910,down,down,down,up,down,down,up,down,down
2026-07-06,2026-07-07,017670,down,up,up,up,up,up,up,up,up
2026-07-06,2026-07-07,033780,up,up,up,up,up,up,up,up,up
2026-07-06,2026-07-07,196170,up,up,up,up,up,up,up,up,up
2026-07-06,2026-07-07,018260,up,down,down,down,down,down,down,down,down
2026-07-06,2026-07-07,086280,down,down,down,down,down,up,down,down,down
2026-07-06,2026-07-07,000720,down,down,down,down,down,down,down,down,down
2026-07-06,2026-07-07,278470,up,up,up,up,up,up,up,up,up
2026-07-06,2026-07-07,030200,up,up,up,up,up,up,up,up,up
2026-07-06,2026-07-07,003490,up,down,down,down,down,down,down,down,down
2026-07-06,2026-07-07,047050,down,down,down,down,down,down,up,down,down
2026-07-06,2026-07-07,003230,up,down,down,down,down,down,down,down,down
2026-07-06,2026-07-07,259960,up,down,down,down,down,down,down,down,down
2026-07-06,2026-07-07,021240,up,down,down,down,down,down,down,down,down
2026-07-06,2026-07-07,352820,up,down,down,down,down,down,down,down,down
2026-07-06,2026-07-07,009830,down,down,down,down,down,down,down,down,down
2026-07-06,2026-07-07,029780,up,up,up,up,up,up,up,up,up
2026-07-06,2026-07-07,028300,up,down,down,down,down,down,down,down,down
2026-07-06,2026-07-07,034220,flat,up,up,up,up,up,up,up,up
2026-07-06,2026-07-07,002380,down,up,up,up,up,up,up,up,up
2026-07-06,2026-07-07,036460,up,up,up,up,up,up,up,up,up
2026-07-06,2026-07-07,004170,down,down,down,down,down,down,down,down,down
2026-07-06,2026-07-07,012750,up,up,up,up,up,up,up,up,up
2026-07-06,2026-07-07,111770,up,up,up,up,up,up,up,up,up
2026-07-06,2026-07-07,035250,up,up,up,up,up,up,up,up,up
2026-07-06,2026-07-07,257720,up,down,down,down,down,down,down,down,down
2026-07-06,2026-07-07,226950,down,down,down,down,down,down,down,down,down
2026-07-06,2026-07-07,010170,down,down,down,down,down,down,up,down,down
2026-07-06,2026-07-07,214370,up,up,up,up,up,up,up,up,up
2026-07-06,2026-07-07,030000,up,up,up,up,up,up,up,up,up
2026-07-07,2026-07-08,005930,down,up,up,up,up,up,up,up,up
2026-07-07,2026-07-08,009150,down,down,down,down,down,down,down,down,down
2026-07-07,2026-07-08,373220,down,up,up,up,up,up,up,up,up
2026-07-07,2026-07-08,005380,down,down,down,down,down,down,down,down,down
2026-07-07,2026-07-08,207940,down,up,up,up,up,up,up,up,up
2026-07-07,2026-07-08,105560,down,up,up,up,up,up,up,up,up
2026-07-07,2026-07-08,028260,down,down,down,down,down,down,down,down,down
2026-07-07,2026-07-08,032830,down,up,up,up,up,up,up,up,up
2026-07-07,2026-07-08,012450,down,up,up,up,up,up,up,up,up
2026-07-07,2026-07-08,034020,down,up,up,up,up,up,up,up,up
2026-07-07,2026-07-08,329180,down,down,down,down,down,down,down,down,down
2026-07-07,2026-07-08,034730,down,up,up,up,up,up,up,up,up
2026-07-07,2026-07-08,012330,down,down,down,down,down,down,down,down,down
2026-07-07,2026-07-08,066570,up,down,down,down,down,down,up,down,down
2026-07-07,2026-07-08,035420,down,down,down,down,down,down,down,down,down
2026-07-07,2026-07-08,010120,down,up,up,up,up,up,up,up,up
2026-07-07,2026-07-08,000810,down,down,down,down,down,down,down,down,down
2026-07-07,2026-07-08,005490,down,down,down,down,down,down,up,down,down
2026-07-07,2026-07-08,010130,down,down,down,down,down,down,down,down,down
2026-07-07,2026-07-08,138040,down,up,up,up,up,up,up,up,up
2026-07-07,2026-07-08,015760,down,down,down,down,down,down,down,down,down
2026-07-07,2026-07-08,011200,up,down,down,down,down,down,down,down,down
2026-07-07,2026-07-08,051910,down,down,down,up,up,down,up,down,up
2026-07-07,2026-07-08,017670,down,down,down,up,down,down,up,up,up
2026-07-07,2026-07-08,033780,up,down,down,down,down,down,down,down,down
2026-07-07,2026-07-08,196170,down,up,up,up,up,up,up,up,up
2026-07-07,2026-07-08,018260,down,down,up,down,down,down,up,down,down
2026-07-07,2026-07-08,086280,down,down,down,down,down,down,down,down,down
2026-07-07,2026-07-08,000720,down,down,down,down,down,down,up,down,up
2026-07-07,2026-07-08,278470,down,up,up,up,up,up,up,up,down
2026-07-07,2026-07-08,030200,down,up,up,up,up,up,up,up,up
2026-07-07,2026-07-08,003490,down,down,down,down,down,down,down,down,down
2026-07-07,2026-07-08,047050,down,down,down,down,down,down,up,down,down
2026-07-07,2026-07-08,003230,down,down,down,down,down,down,down,down,down
2026-07-07,2026-07-08,259960,flat,down,down,down,down,down,down,down,down
2026-07-07,2026-07-08,021240,down,down,down,down,down,down,down,down,down
2026-07-07,2026-07-08,352820,down,down,down,down,down,down,down,down,down
2026-07-07,2026-07-08,009830,down,down,down,down,down,down,down,down,down
2026-07-07,2026-07-08,029780,down,up,up,up,up,up,up,up,up
2026-07-07,2026-07-08,028300,down,down,down,down,down,down,down,down,down
2026-07-07,2026-07-08,034220,up,up,up,up,up,up,up,up,up
2026-07-07,2026-07-08,002380,down,up,up,up,up,up,up,up,up
2026-07-07,2026-07-08,036460,down,up,up,up,up,up,up,up,up
2026-07-07,2026-07-08,004170,down,down,down,down,down,down,down,down,down
2026-07-07,2026-07-08,012750,down,up,up,up,up,up,up,up,up
2026-07-07,2026-07-08,111770,up,up,up,up,up,up,up,up,up
2026-07-07,2026-07-08,035250,down,up,up,up,up,up,up,up,up
2026-07-07,2026-07-08,257720,down,down,down,down,down,down,down,down,down
2026-07-07,2026-07-08,226950,down,down,down,down,down,down,down,down,down
2026-07-07,2026-07-08,010170,down,down,down,down,down,down,up,down,down
2026-07-07,2026-07-08,214370,down,down,down,down,down,down,down,up,down
2026-07-07,2026-07-08,030000,down,up,up,up,up,up,up,up,up
2026-07-08,2026-07-09,005930,up,up,up,up,up,up,up,up,up
2026-07-08,2026-07-09,009150,up,down,down,down,down,down,down,down,down
2026-07-08,2026-07-09,373220,down,up,up,up,up,up,up,up,up
2026-07-08,2026-07-09,005380,down,down,down,down,down,down,down,down,down
2026-07-08,2026-07-09,207940,down,up,up,up,up,up,up,up,up
2026-07-08,2026-07-09,105560,up,up,up,up,up,up,up,up,up
2026-07-08,2026-07-09,028260,down,up,up,up,up,up,up,up,up
2026-07-08,2026-07-09,032830,down,up,up,up,up,up,up,up,up
2026-07-08,2026-07-09,012450,down,up,up,up,up,up,up,up,up
2026-07-08,2026-07-09,034020,down,up,up,up,up,up,up,up,up
2026-07-08,2026-07-09,329180,down,down,down,down,down,down,down,down,down
2026-07-08,2026-07-09,034730,up,up,up,up,up,up,up,up,up
2026-07-08,2026-07-09,012330,down,down,down,down,down,down,down,down,down
2026-07-08,2026-07-09,066570,down,down,down,down,down,down,down,down,down
2026-07-08,2026-07-09,035420,down,down,down,down,down,down,down,down,down
2026-07-08,2026-07-09,010120,up,up,up,up,up,up,up,up,up
2026-07-08,2026-07-09,000810,down,down,down,down,down,down,down,down,down
2026-07-08,2026-07-09,005490,down,up,up,up,up,up,up,up,up
2026-07-08,2026-07-09,010130,down,down,down,down,down,down,down,down,down
2026-07-08,2026-07-09,138040,down,up,up,up,up,up,up,up,up
2026-07-08,2026-07-09,015760,down,down,down,down,down,down,down,down,down
2026-07-08,2026-07-09,011200,down,down,down,down,down,down,down,down,down
2026-07-08,2026-07-09,051910,down,down,down,up,up,down,up,down,up
2026-07-08,2026-07-09,017670,up,up,up,up,up,up,up,up,up
2026-07-08,2026-07-09,033780,down,up,up,up,up,up,up,up,down
2026-07-08,2026-07-09,196170,down,up,up,up,up,up,up,up,up
2026-07-08,2026-07-09,018260,down,down,down,down,down,down,down,down,down
2026-07-08,2026-07-09,086280,down,down,down,down,down,up,down,down,down
2026-07-08,2026-07-09,000720,down,up,up,up,up,up,up,up,up
2026-07-08,2026-07-09,278470,down,up,up,up,up,up,up,up,up
2026-07-08,2026-07-09,030200,up,up,up,up,up,up,up,up,up
2026-07-08,2026-07-09,003490,down,down,up,down,down,down,up,down,down
2026-07-08,2026-07-09,047050,down,down,down,down,down,down,up,down,up
2026-07-08,2026-07-09,003230,down,down,down,down,down,down,down,down,down
2026-07-08,2026-07-09,259960,down,up,up,up,up,up,up,up,up
2026-07-08,2026-07-09,021240,down,down,down,down,down,down,down,down,down
2026-07-08,2026-07-09,352820,down,down,down,down,down,down,down,down,down
2026-07-08,2026-07-09,009830,up,down,down,down,down,down,down,down,down
2026-07-08,2026-07-09,029780,up,up,up,up,up,up,up,up,up
2026-07-08,2026-07-09,028300,up,down,down,down,down,down,down,down,down
2026-07-08,2026-07-09,034220,down,up,up,up,up,up,up,up,up
2026-07-08,2026-07-09,002380,down,up,up,up,up,up,up,up,up
2026-07-08,2026-07-09,036460,down,up,up,up,up,up,up,up,up
2026-07-08,2026-07-09,004170,down,down,down,down,down,down,down,down,down
2026-07-08,2026-07-09,012750,up,up,up,up,up,up,up,up,up
2026-07-08,2026-07-09,111770,down,up,up,up,up,up,up,up,up
2026-07-08,2026-07-09,035250,down,up,up,up,up,up,up,up,up
2026-07-08,2026-07-09,257720,down,up,up,up,up,up,up,up,up
2026-07-08,2026-07-09,226950,down,down,down,down,down,down,down,down,down
2026-07-08,2026-07-09,010170,up,down,down,up,down,down,up,up,down
2026-07-08,2026-07-09,214370,down,up,up,up,up,up,up,up,up
2026-07-08,2026-07-09,030000,up,up,up,up,up,up,up,up,up
2026-07-09,2026-07-10,005930,up,up,up,up,up,up,up,up,up
2026-07-09,2026-07-10,009150,up,down,down,down,down,down,down,down,down
2026-07-09,2026-07-10,373220,up,up,up,up,up,up,up,up,up
2026-07-09,2026-07-10,005380,up,down,down,down,down,down,down,down,down
2026-07-09,2026-07-10,207940,up,up,up,up,up,up,up,up,up
2026-07-09,2026-07-10,105560,up,up,up,up,up,up,up,up,up
2026-07-09,2026-07-10,028260,up,up,up,up,up,up,up,up,up
2026-07-09,2026-07-10,032830,up,up,up,up,up,up,up,up,up
2026-07-09,2026-07-10,012450,up,up,up,up,up,up,up,up,up
2026-07-09,2026-07-10,034020,up,up,up,up,up,up,up,up,up
2026-07-09,2026-07-10,329180,down,down,down,down,down,down,down,down,down
2026-07-09,2026-07-10,034730,up,up,up,up,up,up,up,up,up
2026-07-09,2026-07-10,012330,up,down,down,down,down,down,down,down,down
2026-07-09,2026-07-10,066570,up,down,down,down,down,down,down,down,down
2026-07-09,2026-07-10,035420,up,down,down,down,down,down,down,down,down
2026-07-09,2026-07-10,010120,up,up,up,up,up,up,up,up,up
2026-07-09,2026-07-10,000810,up,up,up,up,up,up,up,up,up
2026-07-09,2026-07-10,005490,up,up,up,up,up,up,up,up,up
2026-07-09,2026-07-10,010130,up,down,down,down,down,down,down,down,down
2026-07-09,2026-07-10,138040,up,up,up,up,up,up,up,up,up
2026-07-09,2026-07-10,015760,up,down,down,down,down,down,down,down,down
2026-07-09,2026-07-10,011200,up,up,up,up,up,up,up,up,up
2026-07-09,2026-07-10,051910,up,down,down,up,up,down,up,down,up
2026-07-09,2026-07-10,017670,up,down,down,down,down,down,down,down,down
2026-07-09,2026-07-10,033780,down,up,up,up,up,up,up,up,up
2026-07-09,2026-07-10,196170,up,up,up,up,up,up,up,up,up
2026-07-09,2026-07-10,018260,up,down,down,down,down,down,down,down,down
2026-07-09,2026-07-10,086280,up,down,down,down,down,down,down,down,down
2026-07-09,2026-07-10,000720,up,down,down,down,down,down,up,down,down
2026-07-09,2026-07-10,278470,up,up,up,up,up,up,up,up,up
2026-07-09,2026-07-10,030200,down,down,down,down,down,down,down,down,down
2026-07-09,2026-07-10,003490,up,up,up,up,up,up,up,up,up
2026-07-09,2026-07-10,047050,up,down,down,down,down,down,up,down,up
2026-07-09,2026-07-10,003230,up,down,down,up,down,down,down,up,down
2026-07-09,2026-07-10,259960,down,up,up,up,up,up,up,up,up
2026-07-09,2026-07-10,021240,up,up,up,up,up,up,up,up,up
2026-07-09,2026-07-10,352820,up,down,down,down,down,down,down,down,down
2026-07-09,2026-07-10,009830,up,down,down,down,down,down,down,down,down
2026-07-09,2026-07-10,029780,down,up,up,up,up,up,up,up,up
2026-07-09,2026-07-10,028300,down,down,down,down,down,down,down,down,down
2026-07-09,2026-07-10,034220,up,up,up,up,up,up,up,up,up
2026-07-09,2026-07-10,002380,up,up,up,up,up,up,up,up,up
2026-07-09,2026-07-10,036460,up,up,up,up,up,up,up,up,up
2026-07-09,2026-07-10,004170,up,down,down,down,down,down,down,down,down
2026-07-09,2026-07-10,012750,down,down,down,down,down,down,down,down,down
2026-07-09,2026-07-10,111770,up,up,up,up,up,up,up,up,up
2026-07-09,2026-07-10,035250,down,up,up,up,up,up,up,up,up
2026-07-09,2026-07-10,257720,up,up,up,up,up,up,up,up,up
2026-07-09,2026-07-10,226950,up,down,down,down,down,down,down,down,down
2026-07-09,2026-07-10,010170,up,down,down,up,down,down,up,up,up
2026-07-09,2026-07-10,214370,up,up,up,up,up,up,up,up,up
2026-07-09,2026-07-10,030000,down,up,up,up,up,up,up,up,up
2026-07-10,2026-07-13,005930,down,down,down,down,down,down,up,down,down
2026-07-10,2026-07-13,009150,down,down,down,down,down,down,down,down,down
2026-07-10,2026-07-13,373220,up,down,down,down,down,down,down,down,down
2026-07-10,2026-07-13,005380,down,down,down,down,down,down,down,down,down
2026-07-10,2026-07-13,207940,up,up,up,up,up,up,up,up,up
2026-07-10,2026-07-13,105560,up,up,up,up,up,up,up,up,up
2026-07-10,2026-07-13,028260,down,up,up,up,up,up,up,up,up
2026-07-10,2026-07-13,032830,down,up,up,up,up,up,up,up,up
2026-07-10,2026-07-13,012450,down,up,up,up,up,up,up,up,up
2026-07-10,2026-07-13,034020,down,down,down,down,down,down,up,up,down
2026-07-10,2026-07-13,329180,down,down,down,down,down,down,down,down,down
2026-07-10,2026-07-13,034730,down,down,down,down,down,down,down,down,down
2026-07-10,2026-07-13,012330,down,down,down,down,down,down,down,down,down
2026-07-10,2026-07-13,066570,up,down,down,down,down,down,down,down,down
2026-07-10,2026-07-13,035420,down,down,down,down,down,down,down,down,down
2026-07-10,2026-07-13,010120,down,down,down,down,down,down,down,down,down
2026-07-10,2026-07-13,000810,down,down,down,down,down,down,down,down,down
2026-07-10,2026-07-13,005490,down,down,down,down,down,down,down,down,down
2026-07-10,2026-07-13,010130,down,down,down,down,down,down,down,down,down
2026-07-10,2026-07-13,138040,up,up,up,up,up,up,up,up,up
2026-07-10,2026-07-13,015760,down,down,down,down,down,down,down,down,down
2026-07-10,2026-07-13,011200,down,down,down,down,down,down,down,down,down
2026-07-10,2026-07-13,051910,down,down,down,down,down,down,down,down,down
2026-07-10,2026-07-13,017670,down,down,down,down,down,down,down,down,down
2026-07-10,2026-07-13,033780,up,up,up,up,up,up,up,up,up
2026-07-10,2026-07-13,196170,down,down,down,down,down,down,down,down,down
2026-07-10,2026-07-13,018260,down,down,down,down,down,down,down,down,down
2026-07-10,2026-07-13,086280,down,down,down,down,down,up,down,down,down
2026-07-10,2026-07-13,000720,down,down,down,down,down,down,down,down,down
2026-07-10,2026-07-13,278470,up,up,up,up,up,up,up,up,up
2026-07-10,2026-07-13,030200,down,up,up,up,up,up,up,up,up
2026-07-10,2026-07-13,003490,down,up,up,up,up,up,up,up,up
2026-07-10,2026-07-13,047050,up,down,down,down,down,down,up,down,up
2026-07-10,2026-07-13,003230,down,down,down,down,down,down,down,down,down
2026-07-10,2026-07-13,259960,flat,down,down,down,down,down,down,down,down
2026-07-10,2026-07-13,021240,up,down,down,down,down,down,down,down,down
2026-07-10,2026-07-13,352820,down,down,down,down,down,down,down,down,down
2026-07-10,2026-07-13,009830,up,down,down,down,down,down,down,down,down
2026-07-10,2026-07-13,029780,down,down,down,down,down,down,down,down,down
2026-07-10,2026-07-13,028300,down,down,down,down,down,down,down,down,down
2026-07-10,2026-07-13,034220,down,up,up,up,up,up,up,up,up
2026-07-10,2026-07-13,002380,down,up,up,up,up,up,up,up,up
2026-07-10,2026-07-13,036460,down,up,up,up,up,up,up,up,up
2026-07-10,2026-07-13,004170,down,down,down,down,down,down,down,down,down
2026-07-10,2026-07-13,012750,down,up,up,up,up,up,up,up,up
2026-07-10,2026-07-13,111770,down,down,down,down,down,down,down,down,down
2026-07-10,2026-07-13,035250,up,up,up,up,up,up,up,up,up
2026-07-10,2026-07-13,257720,up,down,down,down,down,down,down,down,down
2026-07-10,2026-07-13,226950,up,down,down,down,down,down,down,down,down
2026-07-10,2026-07-13,010170,down,down,down,down,down,down,up,down,down
2026-07-10,2026-07-13,214370,up,down,down,down,down,down,down,down,down
2026-07-10,2026-07-13,030000,down,up,up,up,up,up,up,up,up
2026-07-13,2026-07-14,005930,up,up,up,up,up,up,up,up,up
2026-07-13,2026-07-14,009150,down,down,down,down,down,down,down,down,down
2026-07-13,2026-07-14,373220,down,down,down,down,down,down,up,down,down
2026-07-13,2026-07-14,005380,down,down,down,down,down,down,down,down,down
2026-07-13,2026-07-14,207940,down,down,down,down,down,down,down,up,down
2026-07-13,2026-07-14,105560,down,up,up,up,up,up,up,up,up
2026-07-13,2026-07-14,028260,down,up,up,up,up,up,up,up,up
2026-07-13,2026-07-14,032830,down,up,up,up,up,up,up,up,up
2026-07-13,2026-07-14,012450,down,up,up,up,up,up,up,up,up
2026-07-13,2026-07-14,034020,down,up,up,up,up,up,up,up,up
2026-07-13,2026-07-14,329180,down,down,down,down,down,down,down,down,down
2026-07-13,2026-07-14,034730,down,up,up,up,up,up,up,up,up
2026-07-13,2026-07-14,012330,down,down,down,down,down,down,down,down,down
2026-07-13,2026-07-14,066570,down,down,down,down,down,down,down,down,down
2026-07-13,2026-07-14,035420,down,down,down,down,down,down,down,down,down
2026-07-13,2026-07-14,010120,up,down,down,down,down,down,down,down,down
2026-07-13,2026-07-14,000810,down,down,down,down,down,down,down,down,down
2026-07-13,2026-07-14,005490,down,down,down,down,down,down,up,down,down
2026-07-13,2026-07-14,010130,down,down,down,down,down,down,down,down,down
2026-07-13,2026-07-14,138040,down,up,up,up,up,up,up,up,up
2026-07-13,2026-07-14,015760,down,down,down,down,down,down,down,down,down
2026-07-13,2026-07-14,011200,up,up,up,up,up,up,up,up,up
2026-07-13,2026-07-14,051910,down,down,down,down,down,down,up,down,down
2026-07-13,2026-07-14,017670,down,down,down,down,down,down,down,down,down
2026-07-13,2026-07-14,033780,down,up,up,up,up,up,up,up,up
2026-07-13,2026-07-14,196170,down,up,up,up,up,up,up,up,up
2026-07-13,2026-07-14,018260,up,down,down,down,down,down,up,down,down
2026-07-13,2026-07-14,086280,down,down,down,down,down,up,down,down,down
2026-07-13,2026-07-14,000720,down,down,down,down,down,down,up,down,down
2026-07-13,2026-07-14,278470,down,up,up,up,up,up,up,up,up
2026-07-13,2026-07-14,030200,down,up,up,up,up,up,up,up,up
2026-07-13,2026-07-14,003490,up,up,up,up,up,up,up,up,up
2026-07-13,2026-07-14,047050,up,down,down,down,down,down,up,down,up
2026-07-13,2026-07-14,003230,down,down,down,down,down,down,down,down,down
2026-07-13,2026-07-14,259960,down,up,up,up,up,up,up,up,up
2026-07-13,2026-07-14,021240,up,down,down,down,down,down,down,down,down
2026-07-13,2026-07-14,352820,down,down,down,down,down,down,down,down,down
2026-07-13,2026-07-14,009830,down,down,down,down,down,down,down,down,down
2026-07-13,2026-07-14,029780,up,down,down,down,down,down,down,down,down
2026-07-13,2026-07-14,028300,up,down,down,down,down,down,down,down,down
2026-07-13,2026-07-14,034220,flat,up,up,up,up,up,up,up,up
2026-07-13,2026-07-14,002380,down,up,up,up,up,up,up,up,up
2026-07-13,2026-07-14,036460,down,up,up,up,up,up,up,up,up
2026-07-13,2026-07-14,004170,down,down,down,down,down,down,down,down,down
2026-07-13,2026-07-14,012750,up,up,up,up,up,up,up,up,up
2026-07-13,2026-07-14,111770,down,up,up,up,up,up,up,up,up
2026-07-13,2026-07-14,035250,down,up,up,up,up,up,up,up,up
2026-07-13,2026-07-14,257720,down,up,up,up,down,up,up,up,down
2026-07-13,2026-07-14,226950,down,down,down,down,down,down,down,down,down
2026-07-13,2026-07-14,010170,up,down,down,down,down,down,up,down,down
2026-07-13,2026-07-14,214370,down,down,down,down,down,down,down,down,down
2026-07-13,2026-07-14,030000,down,up,up,up,up,up,up,up,up
2026-07-14,2026-07-15,005930,up,up,up,up,up,up,up,up,up
2026-07-14,2026-07-15,009150,up,down,down,down,down,down,down,down,down
2026-07-14,2026-07-15,373220,up,up,up,up,up,up,up,up,up
2026-07-14,2026-07-15,005380,up,down,down,down,down,down,down,down,down
2026-07-14,2026-07-15,207940,up,up,up,up,up,up,up,up,up
2026-07-14,2026-07-15,105560,up,up,up,up,up,up,up,up,up
2026-07-14,2026-07-15,028260,up,up,up,up,up,up,up,up,up
2026-07-14,2026-07-15,032830,up,up,up,up,up,up,up,up,up
2026-07-14,2026-07-15,012450,up,up,up,up,up,up,up,up,up
2026-07-14,2026-07-15,034020,up,up,up,up,up,up,up,up,up
2026-07-14,2026-07-15,329180,up,down,down,down,down,down,down,down,down
2026-07-14,2026-07-15,034730,up,up,up,up,up,up,up,up,up
2026-07-14,2026-07-15,012330,up,down,down,down,down,down,down,down,down
2026-07-14,2026-07-15,066570,up,down,down,down,down,down,down,down,down
2026-07-14,2026-07-15,035420,up,down,down,down,down,down,down,down,down
2026-07-14,2026-07-15,010120,up,up,up,up,up,up,up,up,up
2026-07-14,2026-07-15,000810,up,up,up,up,up,up,down,up,up
2026-07-14,2026-07-15,005490,up,up,up,up,up,up,up,up,up
2026-07-14,2026-07-15,010130,up,down,down,down,down,down,down,down,down
2026-07-14,2026-07-15,138040,up,up,up,up,up,up,up,up,up
2026-07-14,2026-07-15,015760,down,down,down,down,down,down,down,down,down
2026-07-14,2026-07-15,011200,up,up,up,up,up,up,up,up,up
2026-07-14,2026-07-15,051910,up,down,down,up,up,down,up,down,down
2026-07-14,2026-07-15,017670,up,up,up,up,up,up,up,up,up
2026-07-14,2026-07-15,033780,up,up,up,up,up,up,up,up,up
2026-07-14,2026-07-15,196170,up,up,up,up,up,up,up,up,up
2026-07-14,2026-07-15,018260,up,down,up,down,down,down,up,down,down
2026-07-14,2026-07-15,086280,up,down,down,down,down,up,down,down,down
2026-07-14,2026-07-15,000720,up,up,up,up,up,up,up,up,up
2026-07-14,2026-07-15,278470,up,up,up,up,up,up,up,up,up
2026-07-14,2026-07-15,030200,up,up,up,up,up,up,up,up,up
2026-07-14,2026-07-15,003490,up,up,up,up,up,up,up,up,up
2026-07-14,2026-07-15,047050,up,down,down,down,down,down,up,down,up
2026-07-14,2026-07-15,003230,flat,down,up,up,up,down,down,up,down
2026-07-14,2026-07-15,259960,flat,up,up,up,up,up,up,up,up
2026-07-14,2026-07-15,021240,up,down,down,down,down,down,down,down,down
2026-07-14,2026-07-15,352820,up,down,down,down,down,down,down,down,down
2026-07-14,2026-07-15,009830,up,down,down,down,down,down,down,down,down
2026-07-14,2026-07-15,029780,down,up,up,up,up,up,up,up,up
2026-07-14,2026-07-15,028300,up,down,down,down,down,down,down,down,down
2026-07-14,2026-07-15,034220,up,up,up,up,up,up,up,up,up
2026-07-14,2026-07-15,002380,up,up,up,up,up,up,up,up,up
2026-07-14,2026-07-15,036460,up,up,up,up,up,up,up,up,up
2026-07-14,2026-07-15,004170,up,down,down,down,down,down,down,down,down
2026-07-14,2026-07-15,012750,down,up,up,up,up,up,up,up,up
2026-07-14,2026-07-15,111770,up,up,up,up,up,up,up,up,up
2026-07-14,2026-07-15,035250,down,up,up,up,up,up,up,up,up
2026-07-14,2026-07-15,257720,flat,up,up,up,up,up,up,up,up
2026-07-14,2026-07-15,226950,up,down,down,down,down,down,down,down,down
2026-07-14,2026-07-15,010170,up,down,down,up,up,down,up,up,down
2026-07-14,2026-07-15,214370,up,up,up,up,up,up,up,up,up
2026-07-14,2026-07-15,030000,down,up,up,up,up,up,up,up,up
2026-07-15,2026-07-16,005930,down,down,down,down,down,down,down,down,down
2026-07-15,2026-07-16,009150,down,down,down,down,down,down,down,down,down
2026-07-15,2026-07-16,373220,down,down,down,down,down,down,down,down,down
2026-07-15,2026-07-16,005380,down,down,down,down,down,down,down,down,down
2026-07-15,2026-07-16,207940,up,up,up,up,up,up,up,up,up
2026-07-15,2026-07-16,105560,down,up,up,up,up,up,up,up,up
2026-07-15,2026-07-16,028260,down,down,down,down,down,down,down,down,down
2026-07-15,2026-07-16,032830,down,down,down,up,down,down,up,down,down
2026-07-15,2026-07-16,012450,up,up,up,up,up,up,up,up,up
2026-07-15,2026-07-16,034020,down,up,up,up,down,up,up,up,up
2026-07-15,2026-07-16,329180,up,down,down,down,down,down,down,down,down
2026-07-15,2026-07-16,034730,down,down,down,down,down,down,down,down,down
2026-07-15,2026-07-16,012330,down,down,down,down,down,down,down,down,down
2026-07-15,2026-07-16,066570,down,down,down,down,down,down,down,down,down
2026-07-15,2026-07-16,035420,up,down,down,down,down,down,down,down,down
2026-07-15,2026-07-16,010120,down,down,down,down,down,down,down,down,down
2026-07-15,2026-07-16,000810,up,down,down,down,down,down,down,down,down
2026-07-15,2026-07-16,005490,down,down,down,down,down,down,up,down,down
2026-07-15,2026-07-16,010130,up,down,down,down,down,down,down,down,down
2026-07-15,2026-07-16,138040,up,up,up,up,up,up,up,up,up
2026-07-15,2026-07-16,015760,up,down,down,down,down,down,down,down,down
2026-07-15,2026-07-16,011200,down,down,down,down,down,down,down,down,down
2026-07-15,2026-07-16,051910,down,down,down,down,down,down,up,down,down
2026-07-15,2026-07-16,017670,up,down,down,down,down,down,down,down,down
2026-07-15,2026-07-16,033780,up,down,down,down,down,up,down,down,up
2026-07-15,2026-07-16,196170,down,up,down,down,up,up,down,up,up
2026-07-15,2026-07-16,018260,flat,down,up,down,down,down,up,down,down
2026-07-15,2026-07-16,086280,down,down,down,down,down,up,down,down,down
2026-07-15,2026-07-16,000720,down,down,down,down,down,down,down,down,down
2026-07-15,2026-07-16,278470,up,up,up,up,up,up,up,up,up
2026-07-15,2026-07-16,030200,up,up,up,up,up,up,up,up,up
2026-07-15,2026-07-16,003490,down,down,up,down,down,down,up,down,down
2026-07-15,2026-07-16,047050,down,down,down,down,down,down,up,down,up
2026-07-15,2026-07-16,003230,down,down,down,down,down,down,down,down,down
2026-07-15,2026-07-16,259960,up,up,up,up,up,up,up,up,up
2026-07-15,2026-07-16,021240,up,down,down,down,down,down,down,down,down
2026-07-15,2026-07-16,352820,up,down,down,down,down,down,down,down,down
2026-07-15,2026-07-16,009830,down,down,down,down,down,down,down,down,down
2026-07-15,2026-07-16,029780,down,up,up,up,up,up,up,up,up
2026-07-15,2026-07-16,028300,up,down,down,down,down,down,down,down,down
2026-07-15,2026-07-16,034220,down,up,up,up,up,up,up,up,up
2026-07-15,2026-07-16,002380,down,up,up,up,up,up,up,up,up
2026-07-15,2026-07-16,036460,flat,up,up,up,up,up,up,up,up
2026-07-15,2026-07-16,004170,down,down,down,down,down,down,down,down,down
2026-07-15,2026-07-16,012750,up,up,up,up,up,up,up,up,up
2026-07-15,2026-07-16,111770,up,up,up,up,up,up,up,up,up
2026-07-15,2026-07-16,035250,up,up,up,up,up,up,up,up,up
2026-07-15,2026-07-16,257720,down,up,up,up,down,up,up,up,down
2026-07-15,2026-07-16,226950,up,down,down,down,down,down,down,down,down
2026-07-15,2026-07-16,010170,down,down,down,down,down,down,down,down,down
2026-07-15,2026-07-16,214370,down,down,down,down,down,down,down,down,down
2026-07-15,2026-07-16,030000,up,up,up,up,up,up,up,up,up
2026-07-16,2026-07-20,005930,down,up,up,up,up,down,up,up,up
2026-07-16,2026-07-20,009150,down,down,down,down,down,down,down,down,down
2026-07-16,2026-07-20,373220,down,down,down,down,down,down,up,down,down
2026-07-16,2026-07-20,005380,down,down,down,down,down,down,down,down,down
2026-07-16,2026-07-20,207940,down,down,down,down,down,down,down,down,down
2026-07-16,2026-07-20,105560,down,up,up,up,up,up,up,up,up
2026-07-16,2026-07-20,028260,down,down,down,down,down,down,down,down,down
2026-07-16,2026-07-20,032830,down,down,down,down,down,down,down,down,down
2026-07-16,2026-07-20,012450,down,up,up,up,up,up,up,up,up
2026-07-16,2026-07-20,034020,down,up,up,up,up,up,up,up,up
2026-07-16,2026-07-20,329180,down,down,down,down,down,down,down,down,down
2026-07-16,2026-07-20,034730,down,down,down,down,down,down,up,down,up
2026-07-16,2026-07-20,012330,down,down,down,down,down,down,down,down,down
2026-07-16,2026-07-20,066570,down,down,down,down,down,down,down,down,down
2026-07-16,2026-07-20,035420,down,down,down,down,down,down,down,down,down
2026-07-16,2026-07-20,010120,down,down,down,down,down,down,down,down,down
2026-07-16,2026-07-20,000810,down,down,down,down,down,down,down,down,down
2026-07-16,2026-07-20,005490,down,down,down,down,down,down,up,down,down
2026-07-16,2026-07-20,010130,down,down,down,down,down,down,down,down,down
2026-07-16,2026-07-20,138040,down,down,down,up,down,up,down,down,down
2026-07-16,2026-07-20,015760,down,down,down,down,down,down,down,down,down
2026-07-16,2026-07-20,011200,up,down,down,down,down,down,down,down,down
2026-07-16,2026-07-20,051910,down,down,down,up,down,down,up,down,up
2026-07-16,2026-07-20,017670,down,down,down,down,down,down,down,down,down
2026-07-16,2026-07-20,033780,down,down,down,down,down,down,down,down,down
2026-07-16,2026-07-20,196170,down,up,up,up,up,up,up,up,up
2026-07-16,2026-07-20,018260,down,up,up,up,up,down,up,up,up
2026-07-16,2026-07-20,086280,down,down,down,down,down,up,down,down,down
2026-07-16,2026-07-20,000720,down,down,down,down,down,down,down,down,down
2026-07-16,2026-07-20,278470,down,up,up,up,up,up,up,up,up
2026-07-16,2026-07-20,030200,up,up,up,up,up,up,up,up,up
2026-07-16,2026-07-20,003490,down,up,up,up,up,up,up,up,up
2026-07-16,2026-07-20,047050,down,down,down,down,down,down,up,down,up
2026-07-16,2026-07-20,003230,down,down,down,down,down,down,down,down,down
2026-07-16,2026-07-20,259960,down,down,down,down,down,down,down,down,down
2026-07-16,2026-07-20,021240,down,down,down,down,down,down,down,down,down
2026-07-16,2026-07-20,352820,down,down,down,down,down,down,down,down,down
2026-07-16,2026-07-20,009830,down,down,down,down,down,down,down,down,down
2026-07-16,2026-07-20,029780,up,up,up,up,up,up,up,up,up
2026-07-16,2026-07-20,028300,down,down,down,down,down,down,down,down,down
2026-07-16,2026-07-20,034220,down,up,up,up,up,up,up,up,up
2026-07-16,2026-07-20,002380,down,up,up,up,up,up,up,up,up
2026-07-16,2026-07-20,036460,down,up,up,up,up,up,up,up,up
2026-07-16,2026-07-20,004170,down,down,down,down,down,down,down,down,down
2026-07-16,2026-07-20,012750,down,up,up,up,up,up,up,up,up
2026-07-16,2026-07-20,111770,down,down,down,down,down,down,down,down,down
2026-07-16,2026-07-20,035250,down,down,down,down,down,down,down,down,down
2026-07-16,2026-07-20,257720,down,up,up,up,up,up,up,up,up
2026-07-16,2026-07-20,226950,down,down,down,down,down,down,down,down,down
2026-07-16,2026-07-20,010170,down,down,down,down,down,down,down,down,down
2026-07-16,2026-07-20,214370,down,down,down,down,down,down,down,down,down
2026-07-16,2026-07-20,030000,flat,down,down,down,down,up,down,down,down
2026-07-20,2026-07-21,005930,up,up,up,up,up,up,up,up,up
2026-07-20,2026-07-21,009150,up,down,down,down,down,down,down,down,down
2026-07-20,2026-07-21,373220,down,up,up,up,up,up,up,up,up
2026-07-20,2026-07-21,005380,flat,down,down,down,down,down,down,down,down
2026-07-20,2026-07-21,207940,up,up,up,up,up,up,up,up,up
2026-07-20,2026-07-21,105560,up,up,up,up,up,up,up,up,up
2026-07-20,2026-07-21,028260,up,up,up,up,up,up,up,up,up
2026-07-20,2026-07-21,032830,up,up,up,up,up,up,up,up,up
2026-07-20,2026-07-21,012450,up,up,up,up,up,up,up,up,up
2026-07-20,2026-07-21,034020,up,up,up,up,up,up,up,up,up
2026-07-20,2026-07-21,329180,up,down,down,down,down,down,down,down,down
2026-07-20,2026-07-21,034730,up,up,up,up,up,up,up,up,up
2026-07-20,2026-07-21,012330,up,down,down,down,down,down,down,down,down
2026-07-20,2026-07-21,066570,up,down,down,down,down,down,down,down,down
2026-07-20,2026-07-21,035420,up,down,down,down,down,down,down,down,down
2026-07-20,2026-07-21,010120,up,up,up,up,up,up,up,up,up
2026-07-20,2026-07-21,000810,up,up,up,up,up,up,up,up,up
2026-07-20,2026-07-21,005490,up,up,up,up,up,up,up,up,up
2026-07-20,2026-07-21,010130,down,down,down,down,down,down,down,down,down
2026-07-20,2026-07-21,138040,flat,up,up,up,up,up,up,up,up
2026-07-20,2026-07-21,015760,up,down,down,down,down,down,down,down,down
2026-07-20,2026-07-21,011200,down,down,down,down,down,down,down,down,down
2026-07-20,2026-07-21,051910,down,down,down,up,up,down,up,down,up
2026-07-20,2026-07-21,017670,up,down,down,down,down,down,down,down,down
2026-07-20,2026-07-21,033780,down,up,up,up,up,up,up,up,up
2026-07-20,2026-07-21,196170,up,up,up,up,up,up,up,up,up
2026-07-20,2026-07-21,018260,up,down,down,down,down,down,up,down,up
2026-07-20,2026-07-21,086280,up,down,down,down,down,up,down,down,down
2026-07-20,2026-07-21,000720,up,up,up,up,up,up,up,up,up
2026-07-20,2026-07-21,278470,down,up,up,up,up,up,up,up,up
2026-07-20,2026-07-21,030200,down,up,up,up,up,up,up,up,up
2026-07-20,2026-07-21,003490,flat,up,up,up,up,up,up,up,up
2026-07-20,2026-07-21,047050,up,down,down,down,down,down,up,down,up
2026-07-20,2026-07-21,003230,up,down,down,down,down,down,down,down,down
2026-07-20,2026-07-21,259960,up,up,up,up,up,up,up,up,up
2026-07-20,2026-07-21,021240,up,down,down,down,down,down,down,down,down
2026-07-20,2026-07-21,352820,down,down,down,down,down,down,down,down,down
2026-07-20,2026-07-21,009830,down,down,down,down,down,up,down,down,down
2026-07-20,2026-07-21,029780,down,up,up,up,up,up,up,up,up
2026-07-20,2026-07-21,028300,down,down,down,down,down,down,down,down,down
2026-07-20,2026-07-21,034220,down,up,up,up,up,up,up,up,up
2026-07-20,2026-07-21,002380,up,up,up,up,up,up,up,up,up
2026-07-20,2026-07-21,036460,up,up,up,up,up,up,up,up,up
2026-07-20,2026-07-21,004170,up,down,down,down,down,down,down,down,down
2026-07-20,2026-07-21,012750,down,up,up,up,up,up,up,up,up
2026-07-20,2026-07-21,111770,up,up,up,up,up,up,up,up,up
2026-07-20,2026-07-21,035250,down,up,up,up,up,up,up,up,up
2026-07-20,2026-07-21,257720,up,up,up,up,up,up,up,up,up
2026-07-20,2026-07-21,226950,down,down,down,down,down,down,down,down,down
2026-07-20,2026-07-21,010170,up,down,down,down,up,down,up,down,up
2026-07-20,2026-07-21,214370,down,up,up,up,up,up,up,up,up
2026-07-20,2026-07-21,030000,down,up,up,up,up,up,up,up,up
2026-07-21,2026-07-22,005930,up,down,down,down,down,down,up,down,down
2026-07-21,2026-07-22,009150,up,down,down,down,down,down,down,down,down
2026-07-21,2026-07-22,373220,up,up,up,up,up,up,up,up,up
2026-07-21,2026-07-22,005380,up,down,down,down,down,down,down,down,down
2026-07-21,2026-07-22,207940,down,up,up,up,up,up,up,up,up
2026-07-21,2026-07-22,105560,up,up,up,up,up,up,up,up,up
2026-07-21,2026-07-22,028260,up,up,up,up,up,down,up,up,up
2026-07-21,2026-07-22,032830,up,down,down,down,down,down,up,down,up
2026-07-21,2026-07-22,012450,down,up,up,up,up,up,up,up,up
2026-07-21,2026-07-22,034020,up,up,up,up,up,up,up,up,up
2026-07-21,2026-07-22,329180,up,down,down,down,down,down,down,down,down
2026-07-21,2026-07-22,034730,up,down,down,down,down,down,up,down,up
2026-07-21,2026-07-22,012330,up,down,down,down,down,down,down,down,down
2026-07-21,2026-07-22,066570,up,up,up,up,up,down,up,up,up
2026-07-21,2026-07-22,035420,up,down,down,down,down,down,down,down,down
2026-07-21,2026-07-22,010120,up,up,up,up,up,up,up,up,up
2026-07-21,2026-07-22,000810,up,up,up,up,up,down,up,up,up
2026-07-21,2026-07-22,005490,flat,up,up,up,up,up,up,up,up
2026-07-21,2026-07-22,010130,up,down,down,down,down,down,down,down,down
2026-07-21,2026-07-22,138040,up,up,up,up,up,up,up,up,up
2026-07-21,2026-07-22,015760,up,down,down,down,down,down,down,down,down
2026-07-21,2026-07-22,011200,up,down,down,down,down,down,down,down,down
2026-07-21,2026-07-22,051910,up,down,down,up,up,down,up,down,up
2026-07-21,2026-07-22,017670,up,up,up,up,up,down,up,up,up
2026-07-21,2026-07-22,033780,down,up,up,up,up,up,up,up,up
2026-07-21,2026-07-22,196170,down,up,up,up,up,up,up,up,up
2026-07-21,2026-07-22,018260,up,down,down,down,down,down,down,down,down
2026-07-21,2026-07-22,086280,up,down,down,down,down,up,down,down,down
2026-07-21,2026-07-22,000720,up,down,down,down,down,down,down,down,down
2026-07-21,2026-07-22,278470,down,up,up,up,up,up,up,up,up
2026-07-21,2026-07-22,030200,down,up,up,up,up,up,up,up,up
2026-07-21,2026-07-22,003490,down,up,up,up,up,up,up,up,up
2026-07-21,2026-07-22,047050,down,down,down,down,down,down,up,down,up
2026-07-21,2026-07-22,003230,down,down,down,down,down,down,down,down,down
2026-07-21,2026-07-22,259960,down,down,down,down,down,down,down,down,down
2026-07-21,2026-07-22,021240,down,down,down,down,down,down,down,down,down
2026-07-21,2026-07-22,352820,up,down,down,down,down,down,down,down,down
2026-07-21,2026-07-22,009830,up,down,down,down,down,down,down,down,down
2026-07-21,2026-07-22,029780,up,up,up,up,up,up,up,up,up
2026-07-21,2026-07-22,028300,down,down,down,down,down,down,down,down,down
2026-07-21,2026-07-22,034220,up,up,up,up,up,up,up,up,up
2026-07-21,2026-07-22,002380,up,up,up,up,up,up,up,up,up
2026-07-21,2026-07-22,036460,up,up,up,up,up,up,up,up,up
2026-07-21,2026-07-22,004170,down,down,down,down,down,down,down,down,down
2026-07-21,2026-07-22,012750,up,up,up,up,up,up,up,up,up
2026-07-21,2026-07-22,111770,down,up,up,up,up,up,up,up,up
2026-07-21,2026-07-22,035250,up,up,up,up,up,up,up,up,up
2026-07-21,2026-07-22,257720,down,up,up,down,down,up,up,up,down
2026-07-21,2026-07-22,226950,down,down,down,down,down,down,down,down,down
2026-07-21,2026-07-22,010170,up,down,down,down,down,down,up,down,down
2026-07-21,2026-07-22,214370,down,up,up,up,up,up,up,up,up
2026-07-21,2026-07-22,030000,flat,up,up,up,up,up,up,up,up
2026-07-22,2026-07-23,005930,up,down,down,down,down,down,down,down,down
2026-07-22,2026-07-23,009150,up,down,down,down,down,down,down,down,down
2026-07-22,2026-07-23,373220,up,down,down,down,down,down,up,down,up
2026-07-22,2026-07-23,005380,up,down,down,down,down,down,down,down,down
2026-07-22,2026-07-23,207940,up,down,down,down,down,down,down,up,down
2026-07-22,2026-07-23,105560,up,up,up,up,up,up,up,up,up
2026-07-22,2026-07-23,028260,up,down,down,down,down,down,down,down,down
2026-07-22,2026-07-23,032830,up,down,down,down,down,down,down,down,down
2026-07-22,2026-07-23,012450,up,up,up,up,up,up,up,up,up
2026-07-22,2026-07-23,034020,up,up,up,up,down,up,up,up,up
2026-07-22,2026-07-23,329180,up,down,down,down,down,down,down,down,down
2026-07-22,2026-07-23,034730,up,down,down,down,down,down,down,down,up
2026-07-22,2026-07-23,012330,up,down,down,down,down,down,down,down,down
2026-07-22,2026-07-23,066570,up,up,up,up,up,up,up,up,up
2026-07-22,2026-07-23,035420,up,down,down,down,down,down,down,down,down
2026-07-22,2026-07-23,010120,up,down,down,down,down,down,down,down,down
2026-07-22,2026-07-23,000810,up,down,down,down,down,down,down,down,down
2026-07-22,2026-07-23,005490,up,up,up,up,up,up,up,up,up
2026-07-22,2026-07-23,010130,up,down,down,down,down,down,down,down,down
2026-07-22,2026-07-23,138040,up,down,down,down,down,down,down,down,down
2026-07-22,2026-07-23,015760,up,down,down,down,down,down,down,down,down
2026-07-22,2026-07-23,011200,up,down,down,down,down,down,down,down,down
2026-07-22,2026-07-23,051910,up,down,down,up,up,down,up,down,up
2026-07-22,2026-07-23,017670,up,down,down,down,down,down,down,down,down
2026-07-22,2026-07-23,033780,up,up,up,up,up,up,up,up,up
2026-07-22,2026-07-23,196170,up,up,up,up,up,up,up,up,up
2026-07-22,2026-07-23,018260,up,down,down,down,down,down,down,down,down
2026-07-22,2026-07-23,086280,up,down,down,down,down,up,down,down,down
2026-07-22,2026-07-23,000720,up,down,down,down,down,down,down,down,down
2026-07-22,2026-07-23,278470,up,up,up,up,up,up,up,up,up
2026-07-22,2026-07-23,030200,up,up,up,up,up,up,up,up,up
2026-07-22,2026-07-23,003490,up,up,up,up,up,up,up,up,up
2026-07-22,2026-07-23,047050,up,down,down,down,down,down,up,down,up
2026-07-22,2026-07-23,003230,up,down,down,down,down,down,down,down,down
2026-07-22,2026-07-23,259960,up,up,up,up,up,up,up,up,up
2026-07-22,2026-07-23,021240,down,down,down,down,down,down,down,up,down
2026-07-22,2026-07-23,352820,up,down,down,down,down,down,down,down,down
2026-07-22,2026-07-23,009830,up,down,down,down,down,down,down,down,down
2026-07-22,2026-07-23,029780,up,up,up,up,up,up,up,up,up
2026-07-22,2026-07-23,028300,up,down,down,down,down,down,down,down,down
2026-07-22,2026-07-23,034220,up,up,up,up,up,up,up,up,up
2026-07-22,2026-07-23,002380,up,up,up,up,up,down,up,up,up
2026-07-22,2026-07-23,036460,up,up,up,up,up,up,up,up,up
2026-07-22,2026-07-23,004170,down,down,down,down,down,down,down,down,down
2026-07-22,2026-07-23,012750,up,up,up,up,up,up,up,up,up
2026-07-22,2026-07-23,111770,up,up,up,up,up,up,up,up,up
2026-07-22,2026-07-23,035250,up,up,up,up,up,up,up,up,up
2026-07-22,2026-07-23,257720,up,up,up,down,down,up,up,up,down
2026-07-22,2026-07-23,226950,up,down,down,down,down,down,down,down,down
2026-07-22,2026-07-23,010170,up,down,down,down,down,down,down,down,down
2026-07-22,2026-07-23,214370,up,up,up,up,up,up,up,up,up
2026-07-22,2026-07-23,030000,up,up,up,up,up,up,up,up,up
2026-07-23,2026-07-24,005930,down,down,down,down,down,down,down,down,down
2026-07-23,2026-07-24,009150,down,down,down,down,down,down,down,down,down
2026-07-23,2026-07-24,373220,down,down,down,down,down,down,down,down,down
2026-07-23,2026-07-24,005380,down,down,down,down,down,down,down,down,down
2026-07-23,2026-07-24,207940,up,up,up,up,up,up,up,up,up
2026-07-23,2026-07-24,105560,down,up,up,up,up,up,up,up,up
2026-07-23,2026-07-24,028260,down,down,down,down,down,down,down,down,down
2026-07-23,2026-07-24,032830,down,down,down,down,down,down,up,down,down
2026-07-23,2026-07-24,012450,up,down,down,down,down,down,down,down,down
2026-07-23,2026-07-24,034020,down,up,up,up,down,up,up,down,up
2026-07-23,2026-07-24,329180,down,down,down,down,down,down,down,down,down
2026-07-23,2026-07-24,034730,down,down,down,down,down,down,down,down,down
2026-07-23,2026-07-24,012330,down,down,down,down,down,down,down,down,down
2026-07-23,2026-07-24,066570,down,down,down,down,down,down,down,down,down
2026-07-23,2026-07-24,035420,down,down,down,down,down,down,down,down,down
2026-07-23,2026-07-24,010120,down,down,down,down,down,down,down,down,down
2026-07-23,2026-07-24,000810,up,down,down,down,down,down,down,down,down
2026-07-23,2026-07-24,005490,down,down,down,down,down,down,down,down,down
2026-07-23,2026-07-24,010130,up,down,down,down,down,down,down,down,down
2026-07-23,2026-07-24,138040,up,down,down,down,down,down,down,down,down
2026-07-23,2026-07-24,015760,down,down,down,down,down,down,down,down,down
2026-07-23,2026-07-24,011200,up,down,down,down,down,down,down,down,down
2026-07-23,2026-07-24,051910,down,down,down,down,down,down,down,down,down
2026-07-23,2026-07-24,017670,up,down,down,down,down,down,down,down,down
2026-07-23,2026-07-24,033780,up,down,down,down,down,down,down,down,down
2026-07-23,2026-07-24,196170,down,down,down,down,down,down,down,down,down
2026-07-23,2026-07-24,018260,down,down,down,down,down,down,down,down,down
2026-07-23,2026-07-24,086280,up,down,down,down,down,up,down,down,down
2026-07-23,2026-07-24,000720,down,down,down,down,down,down,down,down,down
2026-07-23,2026-07-24,278470,down,up,up,up,up,up,up,up,up
2026-07-23,2026-07-24,030200,up,up,up,up,up,up,up,up,up
2026-07-23,2026-07-24,003490,down,down,down,down,down,down,down,down,down
2026-07-23,2026-07-24,047050,down,down,down,down,down,down,up,down,down
2026-07-23,2026-07-24,003230,up,down,down,down,down,down,down,down,down
2026-07-23,2026-07-24,259960,up,down,down,down,down,down,down,down,down
2026-07-23,2026-07-24,021240,up,down,down,down,down,down,down,up,down
2026-07-23,2026-07-24,352820,up,down,down,down,down,down,down,down,down
2026-07-23,2026-07-24,009830,flat,down,down,down,down,down,down,down,down
2026-07-23,2026-07-24,029780,up,up,up,up,up,up,up,up,up
2026-07-23,2026-07-24,028300,up,down,down,down,down,down,down,down,down
2026-07-23,2026-07-24,034220,down,up,up,up,up,down,up,up,up
2026-07-23,2026-07-24,002380,down,down,down,down,down,down,down,down,down
2026-07-23,2026-07-24,036460,up,down,down,down,down,down,down,down,down
2026-07-23,2026-07-24,004170,down,down,down,down,down,down,down,down,down
2026-07-23,2026-07-24,012750,up,up,up,up,up,up,up,up,up
2026-07-23,2026-07-24,111770,up,up,up,up,up,up,up,up,up
2026-07-23,2026-07-24,035250,up,up,up,up,up,up,up,up,up
2026-07-23,2026-07-24,257720,down,down,down,down,down,down,down,down,down
2026-07-23,2026-07-24,226950,down,down,down,down,down,down,down,down,down
2026-07-23,2026-07-24,010170,down,down,down,down,down,down,down,down,down
2026-07-23,2026-07-24,214370,down,down,down,down,down,down,down,down,down
2026-07-23,2026-07-24,030000,up,up,up,up,up,up,up,up,up
2026-07-24,2026-07-27,005930,up,up,up,up,up,down,up,up,up
2026-07-24,2026-07-27,009150,flat,down,down,down,down,down,down,down,down
2026-07-24,2026-07-27,373220,up,up,up,up,up,up,up,up,up
2026-07-24,2026-07-27,005380,up,down,down,down,down,down,down,down,down
2026-07-24,2026-07-27,207940,up,down,down,down,down,down,down,down,down
2026-07-24,2026-07-27,105560,up,up,up,up,up,up,up,up,up
2026-07-24,2026-07-27,028260,down,down,down,down,down,down,down,down,down
2026-07-24,2026-07-27,032830,down,down,up,up,down,down,up,down,down
2026-07-24,2026-07-27,012450,down,up,down,up,up,up,up,up,up
2026-07-24,2026-07-27,034020,down,up,up,up,up,up,up,up,up
2026-07-24,2026-07-27,329180,up,down,down,down,down,down,down,down,down
2026-07-24,2026-07-27,034730,down,up,up,up,up,up,up,up,up
2026-07-24,2026-07-27,012330,down,down,down,down,down,down,down,down,down
2026-07-24,2026-07-27,066570,up,down,down,down,down,down,down,down,down
2026-07-24,2026-07-27,035420,up,down,down,down,down,down,down,down,down
2026-07-24,2026-07-27,010120,down,down,down,down,down,down,down,down,down
2026-07-24,2026-07-27,000810,up,down,down,down,down,down,down,down,down
2026-07-24,2026-07-27,005490,up,up,up,up,up,up,up,up,up
2026-07-24,2026-07-27,010130,down,down,down,down,down,down,down,down,down
2026-07-24,2026-07-27,138040,up,down,down,down,down,down,down,down,down
2026-07-24,2026-07-27,015760,up,down,down,down,down,down,down,down,down
2026-07-24,2026-07-27,011200,down,down,down,down,down,down,down,down,down
2026-07-24,2026-07-27,051910,up,down,down,up,up,down,up,down,up
2026-07-24,2026-07-27,017670,down,down,down,down,down,down,down,down,down
2026-07-24,2026-07-27,033780,flat,down,down,down,down,down,down,down,down
2026-07-24,2026-07-27,196170,up,up,up,up,up,up,up,up,up
2026-07-24,2026-07-27,018260,up,down,down,down,down,down,down,down,down
2026-07-24,2026-07-27,086280,down,down,down,down,down,up,down,down,down
2026-07-24,2026-07-27,000720,down,down,down,down,down,down,down,down,down
2026-07-24,2026-07-27,278470,up,up,up,up,up,up,up,up,up
2026-07-24,2026-07-27,030200,up,down,up,up,up,down,down,up,up
2026-07-24,2026-07-27,003490,up,up,up,up,up,up,up,up,up
2026-07-24,2026-07-27,047050,down,down,down,down,down,down,down,down,down
2026-07-24,2026-07-27,003230,up,down,down,down,down,down,down,down,down
2026-07-24,2026-07-27,259960,up,down,down,down,down,down,down,down,down
2026-07-24,2026-07-27,021240,up,down,down,down,down,down,down,down,down
2026-07-24,2026-07-27,352820,up,down,down,down,down,down,down,down,down
2026-07-24,2026-07-27,009830,down,down,down,down,down,down,down,down,down
2026-07-24,2026-07-27,029780,up,up,up,up,up,up,up,up,up
2026-07-24,2026-07-27,028300,up,down,down,down,down,down,down,down,down
2026-07-24,2026-07-27,034220,down,up,up,up,up,up,up,up,up
2026-07-24,2026-07-27,002380,down,up,up,up,up,up,up,up,up
2026-07-24,2026-07-27,036460,up,up,up,up,up,up,up,up,up
2026-07-24,2026-07-27,004170,up,down,down,down,down,down,down,down,down
2026-07-24,2026-07-27,012750,down,up,up,up,up,up,up,up,up
2026-07-24,2026-07-27,111770,down,down,down,down,down,down,down,down,down
2026-07-24,2026-07-27,035250,up,up,up,up,up,up,up,up,up
2026-07-24,2026-07-27,257720,up,up,up,up,down,up,up,up,up
2026-07-24,2026-07-27,226950,up,down,down,down,down,down,down,down,down
2026-07-24,2026-07-27,010170,down,down,down,down,down,down,down,down,down
2026-07-24,2026-07-27,214370,up,down,down,down,down,down,down,down,down
2026-07-24,2026-07-27,030000,up,up,up,up,up,up,up,up,up
2026-07-27,2026-07-28,005930,down,up,up,up,up,down,up,up,up
2026-07-27,2026-07-28,009150,down,down,down,down,down,down,down,down,down
2026-07-27,2026-07-28,373220,down,up,up,up,up,up,up,up,up
2026-07-27,2026-07-28,005380,down,down,down,down,down,down,down,down,down
2026-07-27,2026-07-28,207940,up,down,down,down,down,down,down,down,down
2026-07-27,2026-07-28,105560,down,down,down,up,down,down,down,down,down
2026-07-27,2026-07-28,028260,down,down,down,down,down,down,down,down,down
2026-07-27,2026-07-28,032830,down,down,down,up,down,down,up,down,down
2026-07-27,2026-07-28,012450,down,up,up,up,up,up,up,up,up
2026-07-27,2026-07-28,034020,down,up,up,up,up,up,up,up,up
2026-07-27,2026-07-28,329180,down,down,down,down,down,down,down,down,down
2026-07-27,2026-07-28,034730,down,down,up,down,down,down,up,down,up
2026-07-27,2026-07-28,012330,down,down,down,down,down,down,down,down,down
2026-07-27,2026-07-28,066570,down,up,up,up,up,up,up,up,up
2026-07-27,2026-07-28,035420,down,down,down,down,down,down,down,down,down
2026-07-27,2026-07-28,010120,down,up,up,up,up,up,up,up,up
2026-07-27,2026-07-28,000810,down,down,down,down,down,down,down,down,down
2026-07-27,2026-07-28,005490,down,up,up,up,up,up,up,up,up
2026-07-27,2026-07-28,010130,down,down,down,down,down,down,down,down,down
2026-07-27,2026-07-28,138040,down,down,down,down,down,down,down,down,down
2026-07-27,2026-07-28,015760,down,down,down,down,down,down,down,down,down
2026-07-27,2026-07-28,011200,down,down,down,down,down,down,down,down,down
2026-07-27,2026-07-28,051910,down,down,down,up,up,down,up,down,up
2026-07-27,2026-07-28,017670,down,down,down,down,down,down,down,down,down
2026-07-27,2026-07-28,033780,down,down,down,down,down,down,down,down,down
2026-07-27,2026-07-28,196170,down,down,down,down,down,down,down,down,down
2026-07-27,2026-07-28,018260,down,down,down,down,down,down,down,down,down
2026-07-27,2026-07-28,086280,down,down,down,down,down,down,down,down,down
2026-07-27,2026-07-28,000720,down,down,down,down,down,down,up,down,up
2026-07-27,2026-07-28,278470,down,up,up,up,up,up,up,up,up
2026-07-27,2026-07-28,030200,down,up,up,up,up,up,up,up,up
2026-07-27,2026-07-28,003490,down,down,down,down,down,down,down,down,down
2026-07-27,2026-07-28,047050,down,down,down,down,down,down,down,down,down
2026-07-27,2026-07-28,003230,down,down,down,down,down,down,down,down,down
2026-07-27,2026-07-28,259960,down,down,down,down,down,down,down,down,down
2026-07-27,2026-07-28,021240,down,down,down,down,down,down,down,down,down
2026-07-27,2026-07-28,352820,down,down,down,down,down,down,down,down,down
2026-07-27,2026-07-28,009830,down,down,down,down,down,down,down,down,down
2026-07-27,2026-07-28,029780,down,up,up,up,up,up,up,up,up
2026-07-27,2026-07-28,028300,down,down,down,down,down,down,down,down,down
2026-07-27,2026-07-28,034220,down,up,up,up,up,up,up,up,up
2026-07-27,2026-07-28,002380,down,up,up,up,up,up,up,up,up
2026-07-27,2026-07-28,036460,down,down,down,down,down,down,down,up,down
2026-07-27,2026-07-28,004170,down,down,down,down,down,down,down,down,down
2026-07-27,2026-07-28,012750,down,up,up,up,up,up,up,up,up
2026-07-27,2026-07-28,111770,down,up,up,up,up,up,up,up,up
2026-07-27,2026-07-28,035250,down,down,down,down,down,down,down,down,down
2026-07-27,2026-07-28,257720,down,down,down,down,down,down,down,down,down
2026-07-27,2026-07-28,226950,down,down,down,down,down,down,down,down,down
2026-07-27,2026-07-28,010170,down,down,down,down,down,down,down,down,down
2026-07-27,2026-07-28,214370,down,down,down,down,down,down,down,down,down
2026-07-27,2026-07-28,030000,down,up,up,up,up,up,up,up,up
2026-07-28,2026-07-29,005930,down,up,up,up,up,up,up,up,up
2026-07-28,2026-07-29,009150,down,down,down,down,down,down,down,down,down
2026-07-28,2026-07-29,373220,down,up,up,up,up,up,up,up,up
2026-07-28,2026-07-29,005380,down,down,down,down,down,down,down,down,down
2026-07-28,2026-07-29,207940,down,down,down,down,down,down,down,down,down
2026-07-28,2026-07-29,105560,down,up,up,up,up,up,up,up,up
2026-07-28,2026-07-29,028260,down,up,up,up,up,up,up,up,up
2026-07-28,2026-07-29,032830,down,up,up,up,up,up,up,up,up
2026-07-28,2026-07-29,012450,down,up,up,up,up,up,up,up,up
2026-07-28,2026-07-29,034020,down,up,up,up,up,up,up,up,up
2026-07-28,2026-07-29,329180,down,down,down,down,down,down,down,down,down
2026-07-28,2026-07-29,034730,down,up,up,up,up,up,up,up,up
2026-07-28,2026-07-29,012330,up,up,up,up,up,down,up,up,up
2026-07-28,2026-07-29,066570,down,down,down,down,down,down,down,down,down
2026-07-28,2026-07-29,035420,down,down,down,down,down,down,down,down,down
2026-07-28,2026-07-29,010120,down,up,up,up,up,up,up,up,up
2026-07-28,2026-07-29,000810,down,up,up,up,up,up,up,up,up
2026-07-28,2026-07-29,005490,down,up,up,up,up,up,up,up,up
2026-07-28,2026-07-29,010130,down,down,down,down,down,down,down,down,down
2026-07-28,2026-07-29,138040,down,up,up,up,up,up,up,up,up
2026-07-28,2026-07-29,015760,down,down,down,down,down,down,down,down,down
2026-07-28,2026-07-29,011200,up,up,up,up,up,up,up,up,up
2026-07-28,2026-07-29,051910,down,down,down,up,up,down,up,down,up
2026-07-28,2026-07-29,017670,down,up,up,up,up,up,up,up,up
2026-07-28,2026-07-29,033780,up,up,up,up,up,up,up,up,up
2026-07-28,2026-07-29,196170,down,up,up,up,up,up,up,up,up
2026-07-28,2026-07-29,018260,down,down,up,down,down,down,up,down,down
2026-07-28,2026-07-29,086280,down,down,down,down,down,down,down,down,down
2026-07-28,2026-07-29,000720,down,up,up,up,up,up,up,up,up
2026-07-28,2026-07-29,278470,down,up,up,up,up,up,up,up,up
2026-07-28,2026-07-29,030200,down,up,up,up,up,up,up,up,up
2026-07-28,2026-07-29,003490,down,up,up,up,up,up,up,up,up
2026-07-28,2026-07-29,047050,down,down,down,down,down,down,up,down,up
2026-07-28,2026-07-29,003230,up,down,down,down,down,down,down,down,down
2026-07-28,2026-07-29,259960,flat,up,up,up,up,up,up,up,up
2026-07-28,2026-07-29,021240,down,down,down,down,down,down,down,down,down
2026-07-28,2026-07-29,352820,down,down,down,down,down,down,down,down,down
2026-07-28,2026-07-29,009830,down,down,down,down,down,down,down,down,down
2026-07-28,2026-07-29,029780,down,up,up,up,up,up,up,up,up
2026-07-28,2026-07-29,028300,up,down,down,down,down,down,down,down,down
2026-07-28,2026-07-29,034220,down,up,up,up,up,up,up,up,up
2026-07-28,2026-07-29,002380,down,up,up,up,up,up,up,up,up
2026-07-28,2026-07-29,036460,down,up,up,up,up,up,up,up,up
2026-07-28,2026-07-29,004170,down,down,down,down,down,down,down,down,down
2026-07-28,2026-07-29,012750,down,up,up,up,up,up,up,up,up
2026-07-28,2026-07-29,111770,up,up,up,up,up,up,up,up,up
2026-07-28,2026-07-29,035250,up,up,up,up,up,up,up,up,up
2026-07-28,2026-07-29,257720,down,up,up,up,up,up,up,up,up
2026-07-28,2026-07-29,226950,down,down,down,down,down,down,down,down,down
2026-07-28,2026-07-29,010170,down,down,down,down,down,down,up,down,down
2026-07-28,2026-07-29,214370,down,up,up,up,up,up,up,up,up
2026-07-28,2026-07-29,030000,down,up,up,up,up,up,up,up,up
2026-07-29,2026-07-30,005930,down,up,up,up,up,up,up,up,up
2026-07-29,2026-07-30,009150,down,down,down,down,down,down,down,down,down
2026-07-29,2026-07-30,373220,up,up,up,up,up,up,up,up,up
2026-07-29,2026-07-30,005380,down,down,down,down,down,down,down,down,down
2026-07-29,2026-07-30,207940,up,up,up,up,up,up,up,up,up
2026-07-29,2026-07-30,105560,up,up,up,up,up,up,up,up,up
2026-07-29,2026-07-30,028260,up,up,up,up,up,up,up,up,up
2026-07-29,2026-07-30,032830,down,up,up,up,up,up,up,up,up
2026-07-29,2026-07-30,012450,up,up,up,up,up,up,up,up,up
2026-07-29,2026-07-30,034020,down,up,up,up,up,up,up,up,up
2026-07-29,2026-07-30,329180,up,down,down,down,down,down,down,down,down
2026-07-29,2026-07-30,034730,down,up,up,up,up,up,up,up,up
2026-07-29,2026-07-30,012330,flat,up,up,up,up,up,up,up,up
2026-07-29,2026-07-30,066570,down,down,down,down,down,down,down,down,down
2026-07-29,2026-07-30,035420,down,down,down,down,down,down,down,down,down
2026-07-29,2026-07-30,010120,down,up,up,up,up,up,up,up,up
2026-07-29,2026-07-30,000810,up,up,up,up,up,up,up,up,up
2026-07-29,2026-07-30,005490,up,up,up,up,up,up,up,up,up
2026-07-29,2026-07-30,010130,up,down,down,down,down,down,down,down,down
2026-07-29,2026-07-30,138040,up,up,up,up,up,up,up,up,up
2026-07-29,2026-07-30,015760,down,down,down,down,down,down,down,down,down
2026-07-29,2026-07-30,011200,up,down,down,down,down,down,down,down,down
2026-07-29,2026-07-30,051910,up,down,down,up,up,down,up,down,up
2026-07-29,2026-07-30,017670,down,up,up,up,up,up,up,up,up
2026-07-29,2026-07-30,033780,up,up,up,up,up,up,up,up,up
2026-07-29,2026-07-30,196170,down,up,up,up,up,up,up,up,up
2026-07-29,2026-07-30,018260,up,down,down,down,down,down,down,down,down
2026-07-29,2026-07-30,086280,up,down,down,down,down,up,down,down,down
2026-07-29,2026-07-30,000720,down,up,up,up,up,up,up,up,up
2026-07-29,2026-07-30,278470,down,up,up,up,up,up,up,up,up
2026-07-29,2026-07-30,030200,down,up,up,up,up,up,up,up,up
2026-07-29,2026-07-30,003490,down,up,up,up,up,up,up,up,up
2026-07-29,2026-07-30,047050,up,down,down,down,down,down,up,down,up
2026-07-29,2026-07-30,003230,up,down,down,down,down,down,down,down,down
2026-07-29,2026-07-30,259960,up,down,down,down,down,down,down,down,down
2026-07-29,2026-07-30,021240,up,down,down,down,down,down,down,down,down
2026-07-29,2026-07-30,352820,down,down,down,down,down,down,down,down,down
2026-07-29,2026-07-30,009830,up,down,down,down,down,up,down,down,down
2026-07-29,2026-07-30,029780,down,up,up,up,up,up,up,up,up
2026-07-29,2026-07-30,028300,down,down,down,down,down,down,down,down,down
2026-07-29,2026-07-30,034220,down,up,up,up,up,up,up,up,up
2026-07-29,2026-07-30,002380,up,up,up,up,up,up,up,up,up
2026-07-29,2026-07-30,036460,up,up,up,up,up,up,up,up,up
2026-07-29,2026-07-30,004170,down,down,down,down,down,down,down,down,down
2026-07-29,2026-07-30,012750,up,up,up,up,up,up,up,up,up
2026-07-29,2026-07-30,111770,up,up,up,up,up,up,up,up,up
2026-07-29,2026-07-30,035250,up,up,up,up,up,up,up,up,up
2026-07-29,2026-07-30,257720,down,up,up,up,up,up,up,up,up
2026-07-29,2026-07-30,226950,down,down,down,down,down,down,down,down,down
2026-07-29,2026-07-30,010170,down,down,down,down,down,down,up,down,down
2026-07-29,2026-07-30,214370,down,up,up,up,up,up,up,up,up
2026-07-29,2026-07-30,030000,up,up,up,up,up,up,up,up,up
2026-07-30,2026-07-31,005930,up,up,up,up,up,up,up,up,up
2026-07-30,2026-07-31,009150,up,down,down,down,down,down,down,down,down
2026-07-30,2026-07-31,373220,up,down,down,down,down,down,down,down,down
2026-07-30,2026-07-31,005380,up,down,down,down,down,down,down,down,down
2026-07-30,2026-07-31,207940,down,up,up,up,up,up,up,up,up
2026-07-30,2026-07-31,105560,up,up,up,up,up,up,up,up,up
2026-07-30,2026-07-31,028260,up,up,up,up,up,up,up,up,up
2026-07-30,2026-07-31,032830,up,up,up,up,up,up,up,up,up
2026-07-30,2026-07-31,012450,up,up,up,up,up,up,up,up,up
2026-07-30,2026-07-31,034020,up,up,up,up,up,up,up,up,up
2026-07-30,2026-07-31,329180,up,down,down,down,down,down,down,down,down
2026-07-30,2026-07-31,034730,up,up,up,up,up,up,up,up,up
2026-07-30,2026-07-31,012330,up,down,down,down,down,down,up,down,down
2026-07-30,2026-07-31,066570,up,down,down,down,down,down,down,down,down
2026-07-30,2026-07-31,035420,up,down,down,down,down,down,down,down,down
2026-07-30,2026-07-31,010120,up,up,up,up,up,up,up,up,up
2026-07-30,2026-07-31,000810,up,down,down,down,down,down,down,down,down
2026-07-30,2026-07-31,005490,up,up,up,up,up,up,up,up,up
2026-07-30,2026-07-31,010130,up,down,down,down,down,down,down,down,down
2026-07-30,2026-07-31,138040,flat,up,up,up,up,up,up,up,up
2026-07-30,2026-07-31,015760,up,down,down,down,down,down,down,down,down
2026-07-30,2026-07-31,011200,up,down,down,down,down,down,down,down,down
2026-07-30,2026-07-31,051910,up,down,down,down,down,down,up,down,down
2026-07-30,2026-07-31,017670,up,up,up,up,down,down,up,down,down
2026-07-30,2026-07-31,033780,down,down,down,down,down,up,up,up,down
2026-07-30,2026-07-31,196170,up,up,up,up,up,up,up,up,up
2026-07-30,2026-07-31,018260,up,down,down,down,down,down,down,down,down
2026-07-30,2026-07-31,086280,up,down,down,down,down,up,down,down,down
2026-07-30,2026-07-31,000720,up,up,up,up,up,down,up,up,up
2026-07-30,2026-07-31,278470,up,up,up,up,up,up,up,up,up
2026-07-30,2026-07-31,030200,down,up,up,up,up,up,up,up,up
2026-07-30,2026-07-31,003490,up,up,up,up,up,up,up,up,up
2026-07-30,2026-07-31,047050,up,down,down,down,down,down,up,down,up
2026-07-30,2026-07-31,003230,down,down,down,down,down,down,down,down,down
2026-07-30,2026-07-31,259960,down,down,down,down,down,down,down,down,down
2026-07-30,2026-07-31,021240,up,down,down,down,down,down,down,down,down
2026-07-30,2026-07-31,352820,up,down,down,down,down,down,down,down,down
2026-07-30,2026-07-31,009830,up,down,down,down,down,up,down,down,down
2026-07-30,2026-07-31,029780,down,up,up,up,up,up,up,up,up
2026-07-30,2026-07-31,028300,up,down,down,down,down,down,down,down,down
2026-07-30,2026-07-31,034220,up,up,up,up,up,up,up,up,up
2026-07-30,2026-07-31,002380,up,up,up,up,up,up,up,up,up
2026-07-30,2026-07-31,036460,flat,up,up,up,up,up,up,up,up
2026-07-30,2026-07-31,004170,up,down,down,down,down,down,down,down,down
2026-07-30,2026-07-31,012750,down,up,up,up,up,up,up,up,up
2026-07-30,2026-07-31,111770,up,up,up,up,up,up,up,up,up
2026-07-30,2026-07-31,035250,up,up,up,up,up,up,up,up,up
2026-07-30,2026-07-31,257720,up,up,up,up,up,up,up,up,up
2026-07-30,2026-07-31,226950,up,down,down,down,down,down,down,down,down
2026-07-30,2026-07-31,010170,up,down,down,down,down,down,up,down,down
2026-07-30,2026-07-31,214370,up,up,up,up,up,up,up,up,up
2026-07-30,2026-07-31,030000,down,up,up,up,up,up,up,up,up
2026-07-31,2026-08-03,005930,down,down,down,down,down,down,down,down,down
2026-07-31,2026-08-03,009150,up,down,down,down,down,down,down,down,down
2026-07-31,2026-08-03,373220,down,down,down,down,down,down,down,down,down
2026-07-31,2026-08-03,005380,up,down,down,down,down,down,down,down,down
2026-07-31,2026-08-03,207940,down,up,up,up,up,up,up,up,up
2026-07-31,2026-08-03,105560,up,up,up,up,up,up,up,up,up
2026-07-31,2026-08-03,028260,down,down,down,down,down,down,down,down,down
2026-07-31,2026-08-03,032830,down,down,down,down,down,down,up,down,down
2026-07-31,2026-08-03,012450,up,up,up,up,up,up,up,up,up
2026-07-31,2026-08-03,034020,up,up,up,up,down,up,up,up,up
2026-07-31,2026-08-03,329180,down,down,down,down,down,down,down,down,down
2026-07-31,2026-08-03,034730,down,down,down,down,down,down,down,down,down
2026-07-31,2026-08-03,012330,up,down,down,down,down,down,down,down,down
2026-07-31,2026-08-03,066570,down,up,up,up,up,up,up,up,up
2026-07-31,2026-08-03,035420,down,down,down,down,down,down,down,down,down
2026-07-31,2026-08-03,010120,up,down,down,down,down,down,down,down,down
2026-07-31,2026-08-03,000810,down,down,down,down,down,down,down,down,down
2026-07-31,2026-08-03,005490,down,up,up,up,up,up,up,up,up
2026-07-31,2026-08-03,010130,up,down,down,down,down,down,down,down,down
2026-07-31,2026-08-03,138040,down,down,down,down,down,down,down,down,down
2026-07-31,2026-08-03,015760,down,down,down,down,down,down,down,down,down
2026-07-31,2026-08-03,011200,down,down,down,down,down,down,down,down,down
2026-07-31,2026-08-03,051910,down,down,down,down,down,down,up,down,down
2026-07-31,2026-08-03,017670,up,down,down,down,down,down,down,down,down
2026-07-31,2026-08-03,033780,down,up,up,up,up,up,up,up,up
2026-07-31,2026-08-03,196170,up,down,down,down,down,down,down,down,down
2026-07-31,2026-08-03,018260,down,down,down,down,down,down,down,down,down
2026-07-31,2026-08-03,086280,flat,down,down,down,down,up,down,down,down
2026-07-31,2026-08-03,000720,up,down,down,down,down,down,down,down,down
2026-07-31,2026-08-03,278470,up,up,up,up,up,up,up,up,up
2026-07-31,2026-08-03,030200,up,up,up,up,up,up,up,up,up
2026-07-31,2026-08-03,003490,up,down,down,down,down,down,down,down,down
2026-07-31,2026-08-03,047050,down,down,down,down,down,down,up,down,up
2026-07-31,2026-08-03,003230,down,down,down,down,down,down,down,down,down
2026-07-31,2026-08-03,259960,down,up,up,up,up,up,up,up,up
2026-07-31,2026-08-03,021240,up,down,down,down,down,down,down,up,down
2026-07-31,2026-08-03,352820,up,down,down,down,down,down,down,down,down
2026-07-31,2026-08-03,009830,down,down,down,down,down,down,down,down,down
2026-07-31,2026-08-03,029780,down,up,up,up,up,up,up,up,up
2026-07-31,2026-08-03,028300,up,down,down,down,down,down,down,down,down
2026-07-31,2026-08-03,034220,down,up,up,up,up,up,up,up,up
2026-07-31,2026-08-03,002380,down,up,down,up,up,down,up,up,up
2026-07-31,2026-08-03,036460,down,up,up,up,up,up,up,up,up
2026-07-31,2026-08-03,004170,down,down,down,down,down,down,down,down,down
2026-07-31,2026-08-03,012750,up,up,up,up,up,up,up,up,up
2026-07-31,2026-08-03,111770,down,up,up,up,up,up,up,up,up
2026-07-31,2026-08-03,035250,down,up,up,up,up,up,up,up,up
2026-07-31,2026-08-03,257720,up,down,down,down,down,down,up,down,up
2026-07-31,2026-08-03,226950,up,down,down,down,down,down,down,down,down
2026-07-31,2026-08-03,010170,up,down,down,down,down,down,up,down,down
2026-07-31,2026-08-03,214370,up,down,down,down,down,down,down,down,down
2026-07-31,2026-08-03,030000,up,up,up,up,up,up,up,up,up
2026-08-03,2026-08-04,005930,up,down,down,down,down,down,down,down,down
2026-08-03,2026-08-04,009150,up,up,up,up,up,up,up,up,down
2026-08-03,2026-08-04,373220,up,up,up,up,up,up,up,up,up
2026-08-03,2026-08-04,005380,down,down,down,down,down,down,down,down,down
2026-08-03,2026-08-04,207940,up,up,up,up,up,up,up,up,up
2026-08-03,2026-08-04,105560,down,up,up,up,up,up,up,up,up
2026-08-03,2026-08-04,028260,down,down,down,down,down,down,down,down,down
2026-08-03,2026-08-04,032830,down,down,down,down,down,down,down,down,down
2026-08-03,2026-08-04,012450,up,up,up,up,up,up,up,up,up
2026-08-03,2026-08-04,034020,up,up,up,up,up,up,up,up,down
2026-08-03,2026-08-04,329180,up,down,up,down,down,down,down,down,down
2026-08-03,2026-08-04,034730,down,down,down,down,down,down,up,down,down
2026-08-03,2026-08-04,012330,down,down,down,down,down,down,down,down,down
2026-08-03,2026-08-04,066570,up,down,down,down,down,down,down,down,down
2026-08-03,2026-08-04,035420,up,up,up,up,up,down,up,up,up
2026-08-03,2026-08-04,010120,up,up,up,up,up,up,up,up,up
2026-08-03,2026-08-04,000810,up,down,up,down,down,down,down,down,down
2026-08-03,2026-08-04,005490,up,down,down,down,down,down,up,down,down
2026-08-03,2026-08-04,010130,up,down,down,down,down,down,down,down,down
2026-08-03,2026-08-04,138040,down,up,up,up,up,up,up,up,up
2026-08-03,2026-08-04,015760,up,down,down,down,down,down,down,down,down
2026-08-03,2026-08-04,011200,up,down,down,down,down,down,down,up,down
2026-08-03,2026-08-04,051910,up,down,down,down,down,down,up,down,down
2026-08-03,2026-08-04,017670,up,down,down,down,down,up,up,down,down
2026-08-03,2026-08-04,033780,flat,up,up,up,up,up,up,up,up
2026-08-03,2026-08-04,196170,up,up,up,up,up,up,up,up,up
2026-08-03,2026-08-04,018260,up,down,down,down,down,down,down,down,down
2026-08-03,2026-08-04,086280,flat,down,down,down,down,up,down,down,down
2026-08-03,2026-08-04,000720,up,down,down,down,down,down,down,down,down
2026-08-03,2026-08-04,278470,up,up,up,up,up,up,up,up,down
2026-08-03,2026-08-04,030200,up,up,up,up,up,down,down,up,up
2026-08-03,2026-08-04,003490,down,down,down,down,down,down,down,down,down
2026-08-03,2026-08-04,047050,up,up,up,up,up,up,up,up,up
2026-08-03,2026-08-04,003230,up,down,down,down,down,down,down,down,down
2026-08-03,2026-08-04,259960,up,up,up,up,up,up,up,up,up
2026-08-03,2026-08-04,021240,up,down,down,down,down,down,down,down,down
2026-08-03,2026-08-04,352820,up,down,down,down,down,down,down,down,down
2026-08-03,2026-08-04,009830,up,down,down,down,down,down,down,down,down
2026-08-03,2026-08-04,029780,down,up,up,up,up,up,up,up,up
2026-08-03,2026-08-04,028300,up,up,up,up,up,up,up,up,up
2026-08-03,2026-08-04,034220,up,down,down,down,down,down,down,down,down
2026-08-03,2026-08-04,002380,up,up,up,up,up,up,up,up,up
2026-08-03,2026-08-04,036460,down,up,up,up,up,up,up,up,down
2026-08-03,2026-08-04,004170,up,down,down,down,down,down,down,down,down
2026-08-03,2026-08-04,012750,up,down,down,down,down,down,down,down,down
2026-08-03,2026-08-04,111770,up,up,up,up,up,up,up,up,up
2026-08-03,2026-08-04,035250,down,up,up,up,up,up,up,up,up
2026-08-03,2026-08-04,257720,up,up,up,up,down,down,up,up,down
2026-08-03,2026-08-04,226950,up,down,down,down,down,down,down,down,down
2026-08-03,2026-08-04,010170,up,down,down,down,down,down,down,down,down
2026-08-03,2026-08-04,214370,up,down,down,down,down,down,down,down,down
2026-08-03,2026-08-04,030000,down,up,up,up,up,up,down,up,up
2026-08-04,2026-08-05,005930,up,down,down,down,down,down,down,down,down
2026-08-04,2026-08-05,009150,up,down,down,down,down,down,down,down,down
2026-08-04,2026-08-05,373220,up,down,down,down,down,down,down,down,down
2026-08-04,2026-08-05,005380,up,down,down,down,down,down,down,down,down
2026-08-04,2026-08-05,207940,up,up,up,up,up,down,up,up,up
2026-08-04,2026-08-05,105560,up,up,up,up,up,up,up,up,up
2026-08-04,2026-08-05,028260,up,down,down,down,down,down,down,down,down
2026-08-04,2026-08-05,032830,up,down,down,down,down,down,down,down,down
2026-08-04,2026-08-05,012450,up,down,down,down,down,down,down,down,down
2026-08-04,2026-08-05,034020,up,down,down,down,down,down,down,up,down
2026-08-04,2026-08-05,329180,up,down,up,down,down,down,down,down,down
2026-08-04,2026-08-05,034730,up,down,down,down,down,down,down,down,down
2026-08-04,2026-08-05,012330,up,down,down,down,down,down,down,down,down
2026-08-04,2026-08-05,066570,up,down,down,down,down,down,down,down,down
2026-08-04,2026-08-05,035420,up,down,down,down,down,down,down,up,down
2026-08-04,2026-08-05,010120,up,down,down,down,down,down,down,down,down
2026-08-04,2026-08-05,000810,up,down,down,down,down,down,down,down,down
2026-08-04,2026-08-05,005490,up,down,down,down,down,down,up,down,down
2026-08-04,2026-08-05,010130,up,down,down,down,down,down,down,down,down
2026-08-04,2026-08-05,138040,up,down,down,down,down,down,down,down,down
2026-08-04,2026-08-05,015760,up,down,down,down,down,down,down,down,down
2026-08-04,2026-08-05,011200,down,down,down,down,down,down,down,down,down
2026-08-04,2026-08-05,051910,down,down,down,down,down,down,up,down,down
2026-08-04,2026-08-05,017670,up,down,down,down,down,down,down,down,down
2026-08-04,2026-08-05,033780,up,up,up,up,up,up,up,up,up
2026-08-04,2026-08-05,196170,up,down,down,down,down,down,down,down,down
2026-08-04,2026-08-05,018260,up,down,down,down,down,down,down,down,down
2026-08-04,2026-08-05,086280,up,down,down,down,down,down,down,down,down
2026-08-04,2026-08-05,000720,up,down,down,down,down,down,down,down,down
2026-08-04,2026-08-05,278470,down,up,up,down,up,up,down,up,down
2026-08-04,2026-08-05,030200,up,up,up,up,up,up,up,up,up
2026-08-04,2026-08-05,003490,up,down,down,down,down,down,down,down,down
2026-08-04,2026-08-05,047050,up,down,down,down,down,down,down,down,down
2026-08-04,2026-08-05,003230,down,down,down,down,down,down,down,down,down
2026-08-04,2026-08-05,259960,down,down,down,down,down,down,down,down,down
2026-08-04,2026-08-05,021240,down,down,down,down,down,down,down,down,down
2026-08-04,2026-08-05,352820,flat,down,down,down,down,down,down,down,down
2026-08-04,2026-08-05,009830,up,down,down,down,down,down,down,down,down
2026-08-04,2026-08-05,029780,flat,up,up,up,up,up,up,up,up
2026-08-04,2026-08-05,028300,up,up,up,up,up,up,up,up,up
2026-08-04,2026-08-05,034220,up,down,down,down,down,down,down,down,down
2026-08-04,2026-08-05,002380,up,down,down,down,down,down,down,down,down
2026-08-04,2026-08-05,036460,down,down,down,down,down,up,down,down,down
2026-08-04,2026-08-05,004170,up,down,down,down,down,down,down,down,down
2026-08-04,2026-08-05,012750,up,down,down,down,down,down,down,down,down
2026-08-04,2026-08-05,111770,down,up,up,up,up,up,up,up,up
2026-08-04,2026-08-05,035250,down,up,up,up,up,up,down,up,up
2026-08-04,2026-08-05,257720,down,down,down,down,down,down,down,down,down
2026-08-04,2026-08-05,226950,up,down,down,down,down,down,down,down,down
2026-08-04,2026-08-05,010170,up,down,down,down,down,down,down,down,down
2026-08-04,2026-08-05,214370,down,down,down,down,down,down,down,down,down
2026-08-04,2026-08-05,030000,down,up,up,up,up,up,up,up,up
2026-08-05,2026-08-06,005930,down,down,down,down,down,down,down,down,down
2026-08-05,2026-08-06,009150,down,down,down,down,down,down,down,down,down
2026-08-05,2026-08-06,373220,up,down,down,down,down,down,down,down,down
2026-08-05,2026-08-06,005380,down,down,down,down,down,down,down,down,down
2026-08-05,2026-08-06,207940,up,down,down,down,down,down,down,down,down
2026-08-05,2026-08-06,105560,up,down,down,down,down,down,down,down,down
2026-08-05,2026-08-06,028260,down,down,down,down,down,down,down,down,down
2026-08-05,2026-08-06,032830,down,down,down,down,down,down,down,down,down
2026-08-05,2026-08-06,012450,up,down,down,down,down,down,down,down,down
2026-08-05,2026-08-06,034020,down,down,down,down,down,down,down,down,down
2026-08-05,2026-08-06,329180,down,down,up,down,down,down,down,down,down
2026-08-05,2026-08-06,034730,down,down,down,down,down,down,down,down,down
2026-08-05,2026-08-06,012330,up,down,down,down,down,down,down,down,down
2026-08-05,2026-08-06,066570,down,down,down,down,down,down,down,down,down
2026-08-05,2026-08-06,035420,down,down,down,down,down,down,down,down,down
2026-08-05,2026-08-06,010120,down,down,down,down,down,down,down,down,down
2026-08-05,2026-08-06,000810,up,down,down,down,down,down,down,down,down
2026-08-05,2026-08-06,005490,up,down,down,down,down,down,up,down,down
2026-08-05,2026-08-06,010130,up,down,down,down,down,down,down,down,down
2026-08-05,2026-08-06,138040,up,down,down,down,down,down,down,down,down
2026-08-05,2026-08-06,015760,up,down,down,down,down,down,down,down,down
2026-08-05,2026-08-06,011200,up,down,down,down,down,down,down,down,down
2026-08-05,2026-08-06,051910,up,down,down,down,down,down,up,down,down
2026-08-05,2026-08-06,017670,down,down,down,down,down,down,down,down,down
2026-08-05,2026-08-06,033780,up,down,down,down,down,up,down,down,down
2026-08-05,2026-08-06,196170,up,down,down,down,down,down,down,down,down
2026-08-05,2026-08-06,018260,up,down,down,down,down,down,down,down,down
2026-08-05,2026-08-06,086280,up,down,down,down,down,up,down,down,down
2026-08-05,2026-08-06,000720,up,down,down,down,down,down,down,down,down
2026-08-05,2026-08-06,278470,up,up,down,down,down,up,down,up,down
2026-08-05,2026-08-06,030200,up,up,up,up,up,up,up,up,up
2026-08-05,2026-08-06,003490,up,down,down,down,down,down,down,down,down
2026-08-05,2026-08-06,047050,up,down,down,down,down,down,down,down,down
2026-08-05,2026-08-06,003230,up,down,down,down,down,down,down,down,down
2026-08-05,2026-08-06,259960,up,up,up,up,up,up,up,up,up
2026-08-05,2026-08-06,021240,up,down,down,down,down,down,down,up,up
2026-08-05,2026-08-06,352820,down,down,down,down,down,down,down,down,down
2026-08-05,2026-08-06,009830,up,down,down,down,down,down,down,down,down
2026-08-05,2026-08-06,029780,up,up,up,up,up,up,up,up,up
2026-08-05,2026-08-06,028300,up,up,up,up,up,up,down,up,up
2026-08-05,2026-08-06,034220,down,down,down,down,down,down,down,down,down
2026-08-05,2026-08-06,002380,down,down,down,down,down,down,down,down,down
2026-08-05,2026-08-06,036460,up,down,down,down,down,down,down,down,down
2026-08-05,2026-08-06,004170,down,down,down,down,down,down,down,down,down
2026-08-05,2026-08-06,012750,up,down,down,down,down,down,down,down,down
2026-08-05,2026-08-06,111770,up,up,up,up,up,up,up,up,up
2026-08-05,2026-08-06,035250,up,down,down,down,down,down,down,down,down
2026-08-05,2026-08-06,257720,up,down,down,down,down,down,down,down,down
2026-08-05,2026-08-06,226950,up,down,down,down,down,down,down,down,down
2026-08-05,2026-08-06,010170,down,down,down,down,down,down,down,down,down
2026-08-05,2026-08-06,214370,up,down,down,down,down,down,down,down,down
2026-08-05,2026-08-06,030000,up,down,down,down,down,down,down,down,down
2026-08-06,2026-08-07,005930,up,down,down,down,down,down,down,down,down
2026-08-06,2026-08-07,009150,up,down,down,down,down,down,down,down,down
2026-08-06,2026-08-07,373220,up,down,down,down,down,down,down,down,down
2026-08-06,2026-08-07,005380,down,down,down,down,down,down,down,down,down
2026-08-06,2026-08-07,207940,up,down,down,down,down,down,down,down,down
2026-08-06,2026-08-07,105560,up,down,down,down,down,down,down,down,down
2026-08-06,2026-08-07,028260,up,down,down,down,down,down,down,down,down
2026-08-06,2026-08-07,032830,down,down,down,down,down,down,down,down,down
2026-08-06,2026-08-07,012450,up,down,down,down,down,down,down,down,down
2026-08-06,2026-08-07,034020,up,down,down,down,down,down,down,down,down
2026-08-06,2026-08-07,329180,down,down,up,down,down,down,down,down,down
2026-08-06,2026-08-07,034730,down,down,down,down,down,down,down,down,down
2026-08-06,2026-08-07,012330,down,down,down,down,down,down,down,down,down
2026-08-06,2026-08-07,066570,up,down,down,down,down,down,down,down,down
2026-08-06,2026-08-07,035420,down,down,down,down,down,down,down,down,down
2026-08-06,2026-08-07,010120,down,down,down,down,down,down,down,down,down
2026-08-06,2026-08-07,000810,down,down,down,down,down,down,down,down,down
2026-08-06,2026-08-07,005490,up,down,down,down,down,down,up,down,down
2026-08-06,2026-08-07,010130,down,down,down,down,down,down,down,down,down
2026-08-06,2026-08-07,138040,up,down,down,down,down,down,down,down,down
2026-08-06,2026-08-07,015760,down,down,down,down,down,down,down,down,down
2026-08-06,2026-08-07,011200,up,down,down,down,down,down,down,down,down
2026-08-06,2026-08-07,051910,up,down,down,down,down,down,up,down,down
2026-08-06,2026-08-07,017670,down,down,down,down,down,down,down,down,down
2026-08-06,2026-08-07,033780,up,down,down,down,down,down,down,down,down
2026-08-06,2026-08-07,196170,up,down,down,down,down,down,down,down,down
2026-08-06,2026-08-07,018260,down,down,down,down,down,down,down,down,down
2026-08-06,2026-08-07,086280,flat,down,down,down,down,down,down,down,down
2026-08-06,2026-08-07,000720,down,down,down,down,down,down,down,down,down
2026-08-06,2026-08-07,278470,up,down,down,down,down,down,down,down,down
2026-08-06,2026-08-07,030200,down,up,up,up,up,up,up,up,up
2026-08-06,2026-08-07,003490,down,down,down,down,down,down,down,down,down
2026-08-06,2026-08-07,047050,up,down,down,down,down,down,down,down,down
2026-08-06,2026-08-07,003230,up,down,down,down,down,down,down,down,down
2026-08-06,2026-08-07,259960,up,up,up,up,up,up,up,up,up
2026-08-06,2026-08-07,021240,down,down,down,down,down,down,down,down,down
2026-08-06,2026-08-07,352820,up,down,down,down,down,down,down,down,down
2026-08-06,2026-08-07,009830,up,down,down,down,down,down,down,down,down
2026-08-06,2026-08-07,029780,up,up,up,up,up,up,up,up,up
2026-08-06,2026-08-07,028300,up,up,up,up,up,up,down,up,up
2026-08-06,2026-08-07,034220,up,down,down,down,down,down,down,down,down
2026-08-06,2026-08-07,002380,up,down,down,down,down,down,down,down,down
2026-08-06,2026-08-07,036460,up,down,down,down,down,down,down,down,down
2026-08-06,2026-08-07,004170,down,down,down,down,down,down,down,down,down
2026-08-06,2026-08-07,012750,up,down,down,down,down,down,down,down,down
2026-08-06,2026-08-07,111770,down,down,down,down,down,down,down,down,down
2026-08-06,2026-08-07,035250,up,down,down,down,down,down,down,down,down
2026-08-06,2026-08-07,257720,down,down,down,down,down,down,down,down,down
2026-08-06,2026-08-07,226950,down,down,down,down,down,down,down,down,down
2026-08-06,2026-08-07,010170,up,down,down,down,down,down,down,down,down
2026-08-06,2026-08-07,214370,down,down,down,down,down,down,down,down,down
2026-08-06,2026-08-07,030000,up,down,down,down,down,down,down,down,down
2026-08-07,2026-08-10,005930,down,up,up,up,up,up,up,up,up
2026-08-07,2026-08-10,009150,down,down,down,down,down,down,down,down,down
2026-08-07,2026-08-10,373220,up,down,down,down,down,down,down,down,down
2026-08-07,2026-08-10,005380,up,down,down,down,down,down,down,down,down
2026-08-07,2026-08-10,207940,up,down,down,down,down,down,down,down,down
2026-08-07,2026-08-10,105560,down,down,down,down,down,down,down,down,down
2026-08-07,2026-08-10,028260,down,up,up,up,up,up,up,up,up
2026-08-07,2026-08-10,032830,up,down,down,down,down,down,up,down,down
2026-08-07,2026-08-10,012450,up,down,down,down,down,down,down,down,down
2026-08-07,2026-08-10,034020,up,down,down,down,down,up,up,down,down
2026-08-07,2026-08-10,329180,up,down,up,down,down,down,down,down,down
2026-08-07,2026-08-10,034730,up,down,down,down,down,down,down,down,down
2026-08-07,2026-08-10,012330,up,down,down,down,down,down,up,down,down
2026-08-07,2026-08-10,066570,up,down,down,down,down,down,down,down,down
2026-08-07,2026-08-10,035420,up,down,down,down,down,down,down,down,down
2026-08-07,2026-08-10,010120,up,up,up,up,up,up,up,up,down
2026-08-07,2026-08-10,000810,down,down,down,down,down,down,down,down,down
2026-08-07,2026-08-10,005490,up,down,down,down,down,down,down,down,down
2026-08-07,2026-08-10,010130,up,down,down,down,down,down,down,down,down
2026-08-07,2026-08-10,138040,down,down,down,down,down,down,down,down,down
2026-08-07,2026-08-10,015760,up,down,down,down,down,down,down,down,down
2026-08-07,2026-08-10,011200,down,down,down,down,down,down,down,down,down
2026-08-07,2026-08-10,051910,up,down,down,down,down,down,down,down,down
2026-08-07,2026-08-10,017670,down,down,down,down,down,down,down,down,down
2026-08-07,2026-08-10,033780,down,down,down,down,down,down,down,down,down
2026-08-07,2026-08-10,196170,up,down,down,down,down,down,down,down,down
2026-08-07,2026-08-10,018260,up,down,down,down,down,down,down,down,down
2026-08-07,2026-08-10,086280,down,down,down,down,down,down,down,down,down
2026-08-07,2026-08-10,000720,up,down,down,down,down,down,down,down,down
2026-08-07,2026-08-10,278470,up,up,up,down,up,up,down,up,down
2026-08-07,2026-08-10,030200,down,up,up,up,up,up,up,up,up
2026-08-07,2026-08-10,003490,down,down,down,down,down,down,down,down,down
2026-08-07,2026-08-10,047050,down,down,down,down,down,down,down,down,down
2026-08-07,2026-08-10,003230,down,down,down,down,down,down,down,down,down
2026-08-07,2026-08-10,259960,up,down,down,down,down,down,down,down,down
2026-08-07,2026-08-10,021240,down,down,down,down,down,down,down,down,down
2026-08-07,2026-08-10,352820,down,down,down,down,down,down,down,down,down
2026-08-07,2026-08-10,009830,up,down,down,down,down,down,down,down,down
2026-08-07,2026-08-10,029780,down,up,up,up,up,up,up,up,up
2026-08-07,2026-08-10,028300,up,up,up,up,up,up,up,up,up
2026-08-07,2026-08-10,034220,up,down,down,down,down,down,down,down,down
2026-08-07,2026-08-10,002380,down,down,down,down,down,down,down,down,down
2026-08-07,2026-08-10,036460,down,down,down,down,down,down,down,down,down
2026-08-07,2026-08-10,004170,up,down,down,down,down,down,down,down,down
2026-08-07,2026-08-10,012750,down,down,down,down,down,down,down,down,down
2026-08-07,2026-08-10,111770,down,down,down,down,down,down,down,down,down
2026-08-07,2026-08-10,035250,down,down,down,down,down,down,down,down,down
2026-08-07,2026-08-10,257720,down,down,down,down,down,down,down,down,down
2026-08-07,2026-08-10,226950,up,down,down,down,down,down,down,down,down
2026-08-07,2026-08-10,010170,up,down,down,down,down,down,down,down,down
2026-08-07,2026-08-10,214370,up,down,down,down,down,down,down,down,down
2026-08-07,2026-08-10,030000,down,up,up,up,up,up,down,up,up
2026-08-10,2026-08-11,005930,up,down,down,down,down,down,down,down,down
2026-08-10,2026-08-11,009150,down,down,down,down,down,down,down,down,down
2026-08-10,2026-08-11,373220,down,down,down,down,down,down,down,down,down
2026-08-10,2026-08-11,005380,down,down,down,down,down,down,down,down,down
2026-08-10,2026-08-11,207940,up,down,down,down,down,down,down,down,down
2026-08-10,2026-08-11,105560,down,down,down,down,down,down,down,down,down
2026-08-10,2026-08-11,028260,up,down,down,down,down,down,down,down,down
2026-08-10,2026-08-11,032830,up,down,down,down,down,down,down,down,down
2026-08-10,2026-08-11,012450,down,down,down,down,down,down,down,down,down
2026-08-10,2026-08-11,034020,down,down,down,down,down,down,down,down,down
2026-08-10,2026-08-11,329180,down,down,up,down,down,down,down,down,down
2026-08-10,2026-08-11,034730,up,down,down,down,down,down,down,down,down
2026-08-10,2026-08-11,012330,down,up,up,up,up,up,up,up,up
2026-08-10,2026-08-11,066570,down,down,down,down,down,down,down,down,down
2026-08-10,2026-08-11,035420,up,down,down,down,down,down,down,down,down
2026-08-10,2026-08-11,010120,down,down,down,down,down,down,down,down,down
2026-08-10,2026-08-11,000810,up,down,down,down,down,down,down,down,down
2026-08-10,2026-08-11,005490,down,down,down,down,down,down,down,down,down
2026-08-10,2026-08-11,010130,down,down,down,down,down,down,down,down,down
2026-08-10,2026-08-11,138040,up,down,down,down,down,down,down,down,down
2026-08-10,2026-08-11,015760,down,down,down,down,down,down,down,down,down
2026-08-10,2026-08-11,011200,up,down,down,down,down,down,down,down,down
2026-08-10,2026-08-11,051910,down,down,down,down,down,down,down,down,down
2026-08-10,2026-08-11,017670,up,down,down,down,down,down,down,down,down
2026-08-10,2026-08-11,033780,down,up,up,up,up,up,up,up,up
2026-08-10,2026-08-11,196170,down,down,down,down,down,down,down,down,down
2026-08-10,2026-08-11,018260,up,down,down,down,down,down,down,down,down
2026-08-10,2026-08-11,086280,down,down,down,down,down,down,down,down,down
2026-08-10,2026-08-11,000720,up,down,down,down,down,down,down,down,down
2026-08-10,2026-08-11,278470,down,up,up,down,up,up,down,up,down
2026-08-10,2026-08-11,030200,up,up,up,up,up,up,up,up,up
2026-08-10,2026-08-11,003490,down,down,down,down,down,down,down,down,down
2026-08-10,2026-08-11,047050,down,down,down,down,down,down,down,down,down
2026-08-10,2026-08-11,003230,down,down,down,down,down,down,down,down,down
2026-08-10,2026-08-11,259960,up,down,down,down,down,down,down,down,down
2026-08-10,2026-08-11,021240,up,down,down,down,down,down,down,up,up
2026-08-10,2026-08-11,352820,down,down,down,down,down,down,down,down,down
2026-08-10,2026-08-11,009830,up,down,down,down,down,down,down,down,down
2026-08-10,2026-08-11,029780,down,up,up,up,up,up,up,up,up
2026-08-10,2026-08-11,028300,up,up,up,up,up,up,down,up,up
2026-08-10,2026-08-11,034220,flat,down,down,down,down,down,down,down,down
2026-08-10,2026-08-11,002380,up,down,down,down,down,down,down,down,down
2026-08-10,2026-08-11,036460,up,down,down,down,down,down,down,down,down
2026-08-10,2026-08-11,004170,down,down,down,down,down,down,down,down,down
2026-08-10,2026-08-11,012750,up,down,down,down,down,down,down,down,down
2026-08-10,2026-08-11,111770,up,up,up,up,up,up,up,up,up
2026-08-10,2026-08-11,035250,down,down,down,down,down,down,down,down,down
2026-08-10,2026-08-11,257720,up,down,down,down,down,down,down,down,down
2026-08-10,2026-08-11,226950,down,down,down,down,down,down,down,down,down
2026-08-10,2026-08-11,010170,down,down,down,down,down,down,down,down,down
2026-08-10,2026-08-11,214370,down,down,down,down,down,down,down,down,down
2026-08-10,2026-08-11,030000,up,down,down,down,down,down,down,down,down
2026-08-11,2026-08-12,005930,up,down,down,down,down,down,down,down,down
2026-08-11,2026-08-12,009150,up,down,down,down,down,down,down,down,down
2026-08-11,2026-08-12,373220,up,up,up,up,up,up,up,up,up
2026-08-11,2026-08-12,005380,up,down,down,down,down,down,down,down,down
2026-08-11,2026-08-12,207940,down,down,down,down,down,down,down,down,down
2026-08-11,2026-08-12,105560,down,up,up,up,up,up,up,up,up
2026-08-11,2026-08-12,028260,up,down,down,down,down,down,down,down,down
2026-08-11,2026-08-12,032830,up,down,down,down,down,down,down,down,down
2026-08-11,2026-08-12,012450,up,down,up,down,down,down,down,down,down
2026-08-11,2026-08-12,034020,up,down,down,down,down,up,up,up,down
2026-08-11,2026-08-12,329180,down,down,up,down,down,down,down,down,down
2026-08-11,2026-08-12,034730,up,down,down,down,down,down,down,down,down
2026-08-11,2026-08-12,012330,up,up,up,up,up,up,up,up,up
2026-08-11,2026-08-12,066570,up,down,down,down,down,down,down,down,down
2026-08-11,2026-08-12,035420,up,down,down,down,down,down,down,down,down
2026-08-11,2026-08-12,010120,up,up,up,up,up,up,up,up,down
2026-08-11,2026-08-12,000810,down,down,down,down,down,down,down,down,down
2026-08-11,2026-08-12,005490,down,down,down,down,down,down,up,down,down
2026-08-11,2026-08-12,010130,down,down,down,down,down,down,down,down,down
2026-08-11,2026-08-12,138040,down,down,down,down,down,down,down,down,down
2026-08-11,2026-08-12,015760,up,down,down,down,down,down,down,down,down
2026-08-11,2026-08-12,011200,down,down,down,down,down,down,down,down,down
2026-08-11,2026-08-12,051910,up,down,down,down,down,down,up,down,down
2026-08-11,2026-08-12,017670,up,down,down,down,down,down,up,down,down
2026-08-11,2026-08-12,033780,down,up,up,up,up,up,up,up,up
2026-08-11,2026-08-12,196170,down,down,down,down,down,down,down,down,down
2026-08-11,2026-08-12,018260,down,down,down,down,down,down,down,down,down
2026-08-11,2026-08-12,086280,down,down,down,down,down,up,down,down,down
2026-08-11,2026-08-12,000720,up,down,down,down,down,down,down,down,down
2026-08-11,2026-08-12,278470,up,up,up,down,up,up,down,up,down
2026-08-11,2026-08-12,030200,down,up,up,up,up,up,up,up,up
2026-08-11,2026-08-12,003490,down,down,down,down,down,down,down,down,down
2026-08-11,2026-08-12,047050,down,down,down,down,down,down,down,down,down
2026-08-11,2026-08-12,003230,down,down,down,down,down,down,down,down,down
2026-08-11,2026-08-12,259960,down,down,down,down,down,down,down,down,down
2026-08-11,2026-08-12,021240,down,down,down,down,down,down,down,down,down
2026-08-11,2026-08-12,352820,down,down,down,down,down,down,down,down,down
2026-08-11,2026-08-12,009830,down,down,down,down,down,down,down,down,down
2026-08-11,2026-08-12,029780,down,up,up,up,up,up,up,up,up
2026-08-11,2026-08-12,028300,down,up,up,up,up,up,down,up,up
2026-08-11,2026-08-12,034220,up,down,down,down,down,down,down,down,down
2026-08-11,2026-08-12,002380,up,down,down,down,down,down,down,down,down
2026-08-11,2026-08-12,036460,up,down,down,down,down,down,down,down,down
2026-08-11,2026-08-12,004170,down,down,down,down,down,down,down,down,down
2026-08-11,2026-08-12,012750,up,down,down,down,down,down,down,down,down
2026-08-11,2026-08-12,111770,down,up,up,up,up,up,up,up,up
2026-08-11,2026-08-12,035250,up,down,down,down,down,down,down,down,down
2026-08-11,2026-08-12,257720,up,down,down,down,down,down,down,down,down
2026-08-11,2026-08-12,226950,down,down,down,down,down,down,down,down,down
2026-08-11,2026-08-12,010170,up,down,down,down,down,down,down,down,down
2026-08-11,2026-08-12,214370,down,down,down,down,down,down,down,down,down
2026-08-11,2026-08-12,030000,down,down,down,down,down,down,down,down,down
2026-08-12,2026-08-13,005930,up,down,down,down,down,down,down,down,down
2026-08-12,2026-08-13,009150,up,down,down,down,down,down,down,down,down
2026-08-12,2026-08-13,373220,up,down,down,down,down,down,down,down,down
2026-08-12,2026-08-13,005380,up,down,down,down,down,down,down,down,down
2026-08-12,2026-08-13,207940,up,down,down,down,down,down,down,down,down
2026-08-12,2026-08-13,105560,up,up,up,up,up,up,up,up,up
2026-08-12,2026-08-13,028260,up,down,down,down,down,down,down,down,down
2026-08-12,2026-08-13,032830,down,down,down,down,down,down,down,down,down
2026-08-12,2026-08-13,012450,up,down,down,down,down,down,down,down,down
2026-08-12,2026-08-13,034020,up,up,up,up,up,up,up,up,down
2026-08-12,2026-08-13,329180,flat,down,up,down,down,down,down,down,down
2026-08-12,2026-08-13,034730,up,down,down,down,down,down,down,down,down
2026-08-12,2026-08-13,012330,up,up,up,up,up,up,up,up,up
2026-08-12,2026-08-13,066570,up,down,down,down,down,down,down,down,down
2026-08-12,2026-08-13,035420,up,down,down,down,down,down,down,down,down
2026-08-12,2026-08-13,010120,up,up,up,up,up,up,up,up,up
2026-08-12,2026-08-13,000810,down,down,down,down,down,down,down,down,down
2026-08-12,2026-08-13,005490,up,down,down,down,down,down,up,down,down
2026-08-12,2026-08-13,010130,up,down,down,down,down,down,down,down,down
2026-08-12,2026-08-13,138040,down,down,down,down,down,down,down,down,down
2026-08-12,2026-08-13,015760,down,down,down,down,down,down,down,down,down
2026-08-12,2026-08-13,011200,down,down,down,down,down,down,down,down,down
2026-08-12,2026-08-13,051910,flat,down,down,down,down,down,up,down,down
2026-08-12,2026-08-13,017670,up,down,down,down,down,down,down,down,down
2026-08-12,2026-08-13,033780,down,up,up,up,up,up,up,up,up
2026-08-12,2026-08-13,196170,flat,down,down,down,down,down,down,down,down
2026-08-12,2026-08-13,018260,up,down,down,down,down,down,down,down,down
2026-08-12,2026-08-13,086280,up,down,down,down,down,up,down,down,down
2026-08-12,2026-08-13,000720,flat,down,down,down,down,down,down,down,down
2026-08-12,2026-08-13,278470,up,up,up,down,up,up,up,up,down
2026-08-12,2026-08-13,030200,down,up,up,up,up,down,up,up,up
2026-08-12,2026-08-13,003490,down,down,down,down,down,down,down,down,down
2026-08-12,2026-08-13,047050,down,down,down,down,down,down,up,down,down
2026-08-12,2026-08-13,003230,up,down,down,down,down,down,down,down,down
2026-08-12,2026-08-13,259960,down,down,down,down,down,down,down,down,down
2026-08-12,2026-08-13,021240,up,down,down,down,down,down,down,down,down
2026-08-12,2026-08-13,352820,down,down,down,down,down,down,down,down,down
2026-08-12,2026-08-13,009830,up,down,down,down,down,down,down,down,down
2026-08-12,2026-08-13,029780,down,up,up,up,up,up,up,up,up
2026-08-12,2026-08-13,028300,up,up,up,up,up,up,down,up,up
2026-08-12,2026-08-13,034220,down,down,down,down,down,down,down,down,down
2026-08-12,2026-08-13,002380,up,down,down,down,down,down,down,down,down
2026-08-12,2026-08-13,036460,down,down,down,down,down,down,down,down,down
2026-08-12,2026-08-13,004170,up,down,down,down,down,down,down,down,down
2026-08-12,2026-08-13,012750,up,down,down,down,down,down,down,down,down
2026-08-12,2026-08-13,111770,down,up,up,up,up,up,up,up,up
2026-08-12,2026-08-13,035250,down,down,down,down,down,down,down,down,down
2026-08-12,2026-08-13,257720,down,down,down,down,down,down,down,down,down
2026-08-12,2026-08-13,226950,down,down,down,down,down,down,down,down,down
2026-08-12,2026-08-13,010170,down,down,down,down,down,down,down,down,down
2026-08-12,2026-08-13,214370,down,down,down,down,down,down,down,down,down
2026-08-12,2026-08-13,030000,down,up,up,up,up,up,up,up,up
2026-08-13,2026-08-14,005930,up,down,down,down,down,down,down,down,down
2026-08-13,2026-08-14,009150,up,up,up,up,up,up,up,up,up
2026-08-13,2026-08-14,373220,up,down,down,down,down,down,down,down,down
2026-08-13,2026-08-14,005380,up,down,down,down,down,down,down,down,down
2026-08-13,2026-08-14,207940,down,up,up,up,up,down,up,up,up
2026-08-13,2026-08-14,105560,up,up,up,up,up,up,up,up,up
2026-08-13,2026-08-14,028260,up,down,down,down,down,down,down,down,down
2026-08-13,2026-08-14,032830,up,down,down,down,down,down,down,down,down
2026-08-13,2026-08-14,012450,down,down,down,down,down,down,down,down,down
2026-08-13,2026-08-14,034020,up,down,down,down,up,up,up,up,down
2026-08-13,2026-08-14,329180,up,down,up,down,down,down,down,down,down
2026-08-13,2026-08-14,034730,up,down,down,down,down,down,up,down,down
2026-08-13,2026-08-14,012330,up,up,up,up,up,up,up,up,up
2026-08-13,2026-08-14,066570,up,down,down,down,down,down,down,down,down
2026-08-13,2026-08-14,035420,up,down,down,down,down,down,down,down,down
2026-08-13,2026-08-14,010120,down,up,up,up,up,up,up,up,down
2026-08-13,2026-08-14,000810,up,up,up,up,up,up,up,up,up
2026-08-13,2026-08-14,005490,up,down,down,down,down,down,up,down,down
2026-08-13,2026-08-14,010130,down,down,down,down,down,down,down,down,down
2026-08-13,2026-08-14,138040,down,down,down,down,down,down,down,down,down
2026-08-13,2026-08-14,015760,up,down,down,down,down,down,down,down,down
2026-08-13,2026-08-14,011200,up,down,down,down,down,down,down,down,down
2026-08-13,2026-08-14,051910,up,down,down,down,down,down,up,down,down
2026-08-13,2026-08-14,017670,up,down,down,down,down,down,down,down,down
2026-08-13,2026-08-14,033780,up,up,up,up,up,up,up,up,up
2026-08-13,2026-08-14,196170,down,down,down,down,down,down,down,down,down
2026-08-13,2026-08-14,018260,up,down,down,down,down,down,down,down,down
2026-08-13,2026-08-14,086280,up,down,down,down,down,up,down,down,down
2026-08-13,2026-08-14,000720,up,down,down,down,down,down,down,down,down
2026-08-13,2026-08-14,278470,down,up,up,up,up,up,up,up,down
2026-08-13,2026-08-14,030200,up,up,up,up,up,up,up,up,up
2026-08-13,2026-08-14,003490,up,down,down,down,down,down,down,down,down
2026-08-13,2026-08-14,047050,down,down,down,down,down,down,up,down,down
2026-08-13,2026-08-14,003230,up,down,down,down,down,down,down,down,down
2026-08-13,2026-08-14,259960,up,down,down,down,down,down,down,down,down
2026-08-13,2026-08-14,021240,up,down,down,down,down,down,down,down,down
2026-08-13,2026-08-14,352820,up,down,down,down,down,down,down,down,down
2026-08-13,2026-08-14,009830,down,down,down,down,down,down,down,down,down
2026-08-13,2026-08-14,029780,up,up,up,up,up,up,up,up,up
2026-08-13,2026-08-14,028300,up,up,up,up,up,up,down,up,up
2026-08-13,2026-08-14,034220,up,down,down,down,down,down,down,down,down
2026-08-13,2026-08-14,002380,up,down,down,down,down,down,down,down,down
2026-08-13,2026-08-14,036460,up,down,down,down,down,up,down,down,down
2026-08-13,2026-08-14,004170,up,down,down,down,down,down,down,down,down
2026-08-13,2026-08-14,012750,down,down,down,down,down,down,down,down,down
2026-08-13,2026-08-14,111770,up,up,up,up,up,up,up,up,up
2026-08-13,2026-08-14,035250,up,up,up,up,up,up,up,up,up
2026-08-13,2026-08-14,257720,up,up,up,up,down,up,up,up,down
2026-08-13,2026-08-14,226950,down,down,down,down,down,down,down,down,down
2026-08-13,2026-08-14,010170,up,down,down,down,down,down,down,down,down
2026-08-13,2026-08-14,214370,down,down,down,down,down,down,down,down,down
2026-08-13,2026-08-14,030000,up,up,up,up,up,up,down,up,up
2026-08-14,2026-08-18,005930,down,down,down,down,down,down,down,down,down
2026-08-14,2026-08-18,009150,down,up,up,up,up,down,up,up,down
2026-08-14,2026-08-18,373220,down,down,down,down,down,down,down,down,down
2026-08-14,2026-08-18,005380,down,down,down,down,down,down,down,down,down
2026-08-14,2026-08-18,207940,down,down,down,down,down,down,down,up,down
2026-08-14,2026-08-18,105560,flat,up,up,up,up,up,up,up,up
2026-08-14,2026-08-18,028260,flat,down,down,down,down,down,down,down,down
2026-08-14,2026-08-18,032830,up,down,down,down,down,down,down,down,down
2026-08-14,2026-08-18,012450,down,down,down,down,down,down,down,down,down
2026-08-14,2026-08-18,034020,down,down,down,down,up,up,up,up,down
2026-08-14,2026-08-18,329180,down,down,up,down,down,down,down,down,down
2026-08-14,2026-08-18,034730,up,down,down,down,down,down,down,down,down
2026-08-14,2026-08-18,012330,down,down,down,down,down,down,down,down,down
2026-08-14,2026-08-18,066570,down,down,down,down,down,down,down,down,down
2026-08-14,2026-08-18,035420,down,down,down,down,down,down,down,down,down
2026-08-14,2026-08-18,010120,up,up,up,up,up,up,up,up,down
2026-08-14,2026-08-18,000810,up,up,up,up,up,up,up,up,up
2026-08-14,2026-08-18,005490,down,down,down,down,down,down,up,down,down
2026-08-14,2026-08-18,010130,up,down,down,down,down,down,down,down,down
2026-08-14,2026-08-18,138040,up,down,down,down,down,down,down,down,down
2026-08-14,2026-08-18,015760,down,down,down,down,down,down,down,down,down
2026-08-14,2026-08-18,011200,up,down,down,down,down,down,down,down,down
2026-08-14,2026-08-18,051910,down,down,down,down,down,down,down,down,down
2026-08-14,2026-08-18,017670,down,down,down,down,down,down,down,down,down
2026-08-14,2026-08-18,033780,up,down,down,down,down,up,down,down,down
2026-08-14,2026-08-18,196170,down,down,down,down,down,down,down,down,down
2026-08-14,2026-08-18,018260,down,down,down,down,down,down,down,down,down
2026-08-14,2026-08-18,086280,down,down,down,down,down,up,down,down,down
2026-08-14,2026-08-18,000720,down,down,down,down,down,down,down,down,down
2026-08-14,2026-08-18,278470,up,up,up,up,up,up,up,up,down
2026-08-14,2026-08-18,030200,up,up,up,up,up,down,down,up,down
2026-08-14,2026-08-18,003490,down,down,down,down,down,down,down,down,down
2026-08-14,2026-08-18,047050,down,down,down,down,down,down,up,down,down
2026-08-14,2026-08-18,003230,up,down,down,down,down,down,down,down,down
2026-08-14,2026-08-18,259960,down,down,down,down,down,down,down,down,down
2026-08-14,2026-08-18,021240,down,down,down,down,down,down,down,down,down
2026-08-14,2026-08-18,352820,down,down,down,down,down,down,down,down,down
2026-08-14,2026-08-18,009830,down,down,down,down,down,down,down,down,down
2026-08-14,2026-08-18,029780,down,up,up,up,up,up,up,up,up
2026-08-14,2026-08-18,028300,flat,up,up,up,up,up,down,up,up
2026-08-14,2026-08-18,034220,down,down,down,down,down,down,down,down,down
2026-08-14,2026-08-18,002380,down,down,down,down,down,down,down,down,down
2026-08-14,2026-08-18,036460,down,down,down,down,down,down,down,down,down
2026-08-14,2026-08-18,004170,down,down,down,down,down,down,down,down,down
2026-08-14,2026-08-18,012750,down,up,up,up,up,up,up,up,up
2026-08-14,2026-08-18,111770,down,down,down,down,down,down,down,down,down
2026-08-14,2026-08-18,035250,down,down,down,down,down,down,down,down,down
2026-08-14,2026-08-18,257720,up,down,down,down,down,down,down,down,down
2026-08-14,2026-08-18,226950,down,down,down,down,down,down,down,down,down
2026-08-14,2026-08-18,010170,down,down,down,down,down,down,down,down,down
2026-08-14,2026-08-18,214370,down,down,down,down,down,down,down,down,down
2026-08-14,2026-08-18,030000,down,down,down,down,down,down,down,down,down
2026-08-18,2026-08-19,005930,down,down,down,down,up,down,up,down,down
2026-08-18,2026-08-19,009150,down,up,up,down,down,down,up,up,down
2026-08-18,2026-08-19,373220,up,up,up,up,up,up,up,up,up
2026-08-18,2026-08-19,005380,down,down,down,down,down,down,down,down,down
2026-08-18,2026-08-19,207940,up,up,up,up,up,down,up,up,up
2026-08-18,2026-08-19,105560,down,up,up,up,up,up,up,up,up
2026-08-18,2026-08-19,028260,down,down,down,down,down,down,down,down,down
2026-08-18,2026-08-19,032830,down,down,down,down,down,down,down,down,down
2026-08-18,2026-08-19,012450,up,up,up,up,up,up,up,up,up
2026-08-18,2026-08-19,034020,down,up,up,up,up,up,up,up,down
2026-08-18,2026-08-19,329180,down,down,up,down,down,down,down,down,down
2026-08-18,2026-08-19,034730,down,down,down,down,down,up,up,down,up
2026-08-18,2026-08-19,012330,down,down,down,down,down,down,down,down,down
2026-08-18,2026-08-19,066570,down,down,down,down,down,down,down,down,down
2026-08-18,2026-08-19,035420,down,down,down,down,down,down,down,down,down
2026-08-18,2026-08-19,010120,down,up,up,up,up,up,up,up,up
2026-08-18,2026-08-19,000810,down,down,down,down,down,down,down,down,down
2026-08-18,2026-08-19,005490,down,down,down,down,down,down,up,down,down
2026-08-18,2026-08-19,010130,down,down,down,down,down,down,down,down,down
2026-08-18,2026-08-19,138040,down,down,down,down,down,down,down,down,down
2026-08-18,2026-08-19,015760,down,down,down,down,down,down,down,down,down
2026-08-18,2026-08-19,011200,down,down,down,down,down,down,down,down,down
2026-08-18,2026-08-19,051910,down,down,down,down,down,down,up,down,down
2026-08-18,2026-08-19,017670,down,down,down,down,down,down,down,down,down
2026-08-18,2026-08-19,033780,down,up,up,up,up,up,down,up,down
2026-08-18,2026-08-19,196170,up,up,up,up,up,up,up,up,up
2026-08-18,2026-08-19,018260,down,down,down,down,down,down,down,down,down
2026-08-18,2026-08-19,086280,down,down,down,down,down,down,down,down,down
2026-08-18,2026-08-19,000720,up,up,up,up,up,up,up,up,up
2026-08-18,2026-08-19,278470,down,up,up,up,up,up,up,up,down
2026-08-18,2026-08-19,030200,down,down,down,down,down,down,down,down,down
2026-08-18,2026-08-19,003490,down,up,up,up,up,up,up,up,up
2026-08-18,2026-08-19,047050,down,down,down,down,down,up,up,down,down
2026-08-18,2026-08-19,003230,down,down,down,down,down,down,down,down,down
2026-08-18,2026-08-19,259960,down,up,up,up,up,up,up,up,up
2026-08-18,2026-08-19,021240,down,down,down,down,down,down,down,down,down
2026-08-18,2026-08-19,352820,up,down,down,down,down,down,down,down,down
2026-08-18,2026-08-19,009830,up,down,down,down,down,up,down,down,down
2026-08-18,2026-08-19,029780,down,up,up,up,up,up,up,up,up
2026-08-18,2026-08-19,028300,down,up,up,up,up,up,down,up,up
2026-08-18,2026-08-19,034220,down,down,down,down,down,down,down,down,down
2026-08-18,2026-08-19,002380,down,down,down,down,down,down,down,down,down
2026-08-18,2026-08-19,036460,down,down,down,down,down,down,down,down,down
2026-08-18,2026-08-19,004170,down,down,down,down,down,down,down,down,down
2026-08-18,2026-08-19,012750,down,up,up,up,up,up,up,up,up
2026-08-18,2026-08-19,111770,down,up,up,up,up,up,up,up,up
2026-08-18,2026-08-19,035250,down,up,up,up,up,up,down,up,up
2026-08-18,2026-08-19,257720,up,down,down,down,down,down,down,down,down
2026-08-18,2026-08-19,226950,down,down,down,down,down,down,down,down,down
2026-08-18,2026-08-19,010170,down,down,down,down,down,down,down,down,down
2026-08-18,2026-08-19,214370,down,down,down,down,down,down,down,down,down
2026-08-18,2026-08-19,030000,down,up,up,up,up,up,down,up,up
2026-08-19,2026-08-20,005930,up,up,up,up,up,up,up,up,up
2026-08-19,2026-08-20,009150,up,down,down,down,down,up,up,down,down
2026-08-19,2026-08-20,373220,up,down,down,down,up,up,up,down,down
2026-08-19,2026-08-20,005380,up,down,down,down,down,down,down,down,down
2026-08-19,2026-08-20,207940,up,up,up,up,up,up,up,down,up
2026-08-19,2026-08-20,105560,down,up,up,up,up,up,up,up,up
2026-08-19,2026-08-20,028260,up,down,down,down,up,down,up,up,down
2026-08-19,2026-08-20,032830,up,down,down,down,up,down,up,down,up
2026-08-19,2026-08-20,012450,down,down,up,down,down,down,down,down,down
2026-08-19,2026-08-20,034020,down,up,up,up,up,up,up,up,up
2026-08-19,2026-08-20,329180,up,down,up,down,down,down,down,down,down
2026-08-19,2026-08-20,034730,up,up,up,up,up,up,up,up,up
2026-08-19,2026-08-20,012330,down,up,up,up,up,up,up,up,up
2026-08-19,2026-08-20,066570,up,down,down,down,down,down,down,down,down
2026-08-19,2026-08-20,035420,up,down,down,down,down,down,down,down,down
2026-08-19,2026-08-20,010120,down,up,up,up,up,up,up,up,up
2026-08-19,2026-08-20,000810,up,up,up,up,up,up,up,up,up
2026-08-19,2026-08-20,005490,up,down,down,down,down,down,up,down,down
2026-08-19,2026-08-20,010130,up,down,down,down,down,down,down,down,down
2026-08-19,2026-08-20,138040,flat,down,down,down,down,down,down,down,down
2026-08-19,2026-08-20,015760,up,down,down,down,down,down,down,down,down
2026-08-19,2026-08-20,011200,down,up,up,up,up,up,up,down,down
2026-08-19,2026-08-20,051910,down,down,down,down,down,down,up,down,down
2026-08-19,2026-08-20,017670,down,down,down,down,down,down,down,down,down
2026-08-19,2026-08-20,033780,down,up,up,up,up,up,up,up,up
2026-08-19,2026-08-20,196170,up,up,up,up,up,up,up,up,up
2026-08-19,2026-08-20,018260,up,down,down,down,down,down,down,down,down
2026-08-19,2026-08-20,086280,down,down,down,down,down,up,down,down,down
2026-08-19,2026-08-20,000720,down,down,down,down,down,down,down,down,down
2026-08-19,2026-08-20,278470,up,up,up,up,up,up,up,up,down
2026-08-19,2026-08-20,030200,down,up,up,up,up,up,up,up,up
2026-08-19,2026-08-20,003490,flat,up,up,up,up,up,up,up,up
2026-08-19,2026-08-20,047050,up,up,up,up,down,down,up,up,down
2026-08-19,2026-08-20,003230,up,down,down,down,down,down,down,down,down
2026-08-19,2026-08-20,259960,up,up,up,up,up,up,up,up,up
2026-08-19,2026-08-20,021240,down,up,up,up,up,up,up,down,down
2026-08-19,2026-08-20,352820,up,down,down,down,down,down,down,down,down
2026-08-19,2026-08-20,009830,up,down,down,down,down,up,up,down,down
2026-08-19,2026-08-20,029780,down,up,up,up,up,up,up,up,up
2026-08-19,2026-08-20,028300,down,up,up,up,up,up,up,up,up
2026-08-19,2026-08-20,034220,up,down,down,down,down,down,down,down,down
2026-08-19,2026-08-20,002380,up,up,up,up,up,up,up,up,up
2026-08-19,2026-08-20,036460,up,down,down,down,down,down,down,down,down
2026-08-19,2026-08-20,004170,up,down,down,down,down,down,down,down,down
2026-08-19,2026-08-20,012750,down,up,up,up,up,up,up,up,up
2026-08-19,2026-08-20,111770,down,up,up,up,up,up,up,up,up
2026-08-19,2026-08-20,035250,up,down,down,down,down,down,down,down,down
2026-08-19,2026-08-20,257720,up,down,down,down,down,down,down,down,down
2026-08-19,2026-08-20,226950,up,down,down,down,down,down,down,down,down
2026-08-19,2026-08-20,010170,down,down,down,down,down,down,down,down,down
2026-08-19,2026-08-20,214370,flat,down,down,down,down,down,down,down,down
2026-08-19,2026-08-20,030000,up,down,down,down,down,down,down,down,down
2026-08-20,2026-08-21,005930,up,down,down,down,down,down,up,down,down
2026-08-20,2026-08-21,009150,down,down,down,down,down,down,down,down,down
2026-08-20,2026-08-21,373220,down,down,down,down,down,down,down,down,down
2026-08-20,2026-08-21,005380,down,down,down,down,down,down,down,down,down
2026-08-20,2026-08-21,207940,down,down,down,down,down,down,down,down,down
2026-08-20,2026-08-21,105560,up,up,up,up,up,up,up,up,up
2026-08-20,2026-08-21,028260,up,up,up,up,up,up,up,up,up
2026-08-20,2026-08-21,032830,up,down,down,down,up,down,up,down,up
2026-08-20,2026-08-21,012450,down,up,up,up,up,up,up,up,up
2026-08-20,2026-08-21,034020,down,up,up,up,up,up,up,up,up
2026-08-20,2026-08-21,329180,down,down,up,down,down,down,down,down,down
2026-08-20,2026-08-21,034730,up,down,down,down,up,up,up,down,up
2026-08-20,2026-08-21,012330,down,up,up,up,up,up,up,up,up
2026-08-20,2026-08-21,066570,down,down,down,down,down,down,down,down,down
2026-08-20,2026-08-21,035420,up,down,down,down,down,down,down,down,down
2026-08-20,2026-08-21,010120,down,up,up,up,up,up,up,up,up
2026-08-20,2026-08-21,000810,up,down,down,down,down,down,down,down,down
2026-08-20,2026-08-21,005490,down,down,down,down,down,down,up,down,down
2026-08-20,2026-08-21,010130,flat,down,down,down,down,down,down,down,down
2026-08-20,2026-08-21,138040,up,up,up,up,up,up,down,up,up
2026-08-20,2026-08-21,015760,down,down,down,down,down,down,down,down,down
2026-08-20,2026-08-21,011200,up,up,up,up,up,up,up,up,up
2026-08-20,2026-08-21,051910,down,down,down,down,down,down,up,down,down
2026-08-20,2026-08-21,017670,up,down,down,down,down,down,down,down,down
2026-08-20,2026-08-21,033780,up,up,up,up,up,up,up,up,up
2026-08-20,2026-08-21,196170,down,down,down,down,down,down,down,down,down
2026-08-20,2026-08-21,018260,down,down,down,down,down,down,down,down,down
2026-08-20,2026-08-21,086280,down,down,down,down,down,down,down,down,down
2026-08-20,2026-08-21,000720,down,down,down,down,down,down,down,down,down
2026-08-20,2026-08-21,278470,down,up,up,up,up,up,up,up,down
2026-08-20,2026-08-21,030200,up,up,up,up,up,up,up,up,up
2026-08-20,2026-08-21,003490,up,down,down,down,down,down,down,down,down
2026-08-20,2026-08-21,047050,down,down,down,down,down,down,up,down,down
2026-08-20,2026-08-21,003230,down,down,down,down,down,down,down,down,down
2026-08-20,2026-08-21,259960,down,up,up,up,up,up,up,up,up
2026-08-20,2026-08-21,021240,up,down,down,down,down,down,down,down,down
2026-08-20,2026-08-21,352820,down,down,down,down,down,down,down,down,down
2026-08-20,2026-08-21,009830,down,down,down,down,down,up,down,down,down
2026-08-20,2026-08-21,029780,up,up,up,up,up,up,up,up,up
2026-08-20,2026-08-21,028300,down,up,up,up,up,up,down,up,up
2026-08-20,2026-08-21,034220,down,down,down,down,down,down,down,down,down
2026-08-20,2026-08-21,002380,up,down,down,down,down,down,down,down,down
2026-08-20,2026-08-21,036460,down,down,down,down,down,down,down,down,down
2026-08-20,2026-08-21,004170,down,down,down,down,down,down,down,down,down
2026-08-20,2026-08-21,012750,up,up,up,up,up,up,up,up,up
2026-08-20,2026-08-21,111770,up,up,up,up,up,up,up,up,up
2026-08-20,2026-08-21,035250,flat,up,up,up,up,up,down,up,up
2026-08-20,2026-08-21,257720,up,down,down,down,down,down,down,down,down
2026-08-20,2026-08-21,226950,down,down,down,down,down,down,down,down,down
2026-08-20,2026-08-21,010170,down,down,down,down,down,down,down,down,down
2026-08-20,2026-08-21,214370,down,down,down,down,down,down,down,down,down
2026-08-20,2026-08-21,030000,up,up,up,up,up,up,down,up,up
2026-08-21,2026-08-24,005930,down,down,down,down,down,down,down,down,down
2026-08-21,2026-08-24,009150,up,down,down,down,down,down,down,down,down
2026-08-21,2026-08-24,373220,up,up,up,up,up,up,up,up,up
2026-08-21,2026-08-24,005380,down,down,down,down,down,down,down,down,down
2026-08-21,2026-08-24,207940,up,up,up,up,up,up,up,down,up
2026-08-21,2026-08-24,105560,down,up,up,up,up,up,up,up,up
2026-08-21,2026-08-24,028260,down,down,down,down,down,down,down,down,down
2026-08-21,2026-08-24,032830,down,down,down,down,down,down,down,down,down
2026-08-21,2026-08-24,012450,up,up,up,up,up,up,up,up,up
2026-08-21,2026-08-24,034020,down,up,up,up,up,up,up,up,down
2026-08-21,2026-08-24,329180,up,down,up,down,down,down,down,down,down
2026-08-21,2026-08-24,034730,down,down,down,down,down,up,up,down,up
2026-08-21,2026-08-24,012330,up,up,up,up,up,up,up,up,up
2026-08-21,2026-08-24,066570,up,down,down,down,down,down,down,down,down
2026-08-21,2026-08-24,035420,up,down,down,down,up,down,down,up,up
2026-08-21,2026-08-24,010120,up,up,up,up,up,up,up,up,up
2026-08-21,2026-08-24,000810,down,down,down,down,down,down,down,down,down
2026-08-21,2026-08-24,005490,up,down,down,down,down,down,up,down,down
2026-08-21,2026-08-24,010130,up,down,down,down,down,down,down,down,down
2026-08-21,2026-08-24,138040,flat,up,up,up,up,up,down,up,up
2026-08-21,2026-08-24,015760,down,down,down,down,down,down,down,down,down
2026-08-21,2026-08-24,011200,up,down,down,down,down,down,down,down,down
2026-08-21,2026-08-24,051910,up,down,down,down,down,down,up,down,down
2026-08-21,2026-08-24,017670,flat,down,down,down,down,down,down,down,down
2026-08-21,2026-08-24,033780,up,up,up,up,up,up,up,up,down
2026-08-21,2026-08-24,196170,up,up,up,up,up,up,up,up,up
2026-08-21,2026-08-24,018260,flat,down,down,down,down,down,down,down,down
2026-08-21,2026-08-24,086280,up,down,down,down,down,up,down,down,down
2026-08-21,2026-08-24,000720,flat,up,up,up,up,up,up,up,up
2026-08-21,2026-08-24,278470,up,up,up,up,up,up,up,up,down
2026-08-21,2026-08-24,030200,up,up,up,down,up,down,down,up,down
2026-08-21,2026-08-24,003490,up,down,down,down,down,down,down,down,down
2026-08-21,2026-08-24,047050,up,up,up,up,down,up,up,up,down
2026-08-21,2026-08-24,003230,up,down,down,down,down,down,down,down,down
2026-08-21,2026-08-24,259960,up,up,up,up,up,up,up,up,up
2026-08-21,2026-08-24,021240,up,down,down,down,down,down,down,down,down
2026-08-21,2026-08-24,352820,up,down,down,down,down,down,down,down,down
2026-08-21,2026-08-24,009830,up,down,down,down,down,down,down,down,down
2026-08-21,2026-08-24,029780,up,up,up,up,up,up,up,up,up
2026-08-21,2026-08-24,028300,down,up,up,up,up,up,up,up,up
2026-08-21,2026-08-24,034220,up,down,down,down,down,down,down,down,down
2026-08-21,2026-08-24,002380,down,down,down,down,down,down,down,down,down
2026-08-21,2026-08-24,036460,up,up,up,up,down,up,up,up,down
2026-08-21,2026-08-24,004170,flat,down,down,down,down,down,down,down,down
2026-08-21,2026-08-24,012750,up,up,up,up,up,up,up,up,up
2026-08-21,2026-08-24,111770,up,up,up,up,up,up,up,down,up
2026-08-21,2026-08-24,035250,up,up,up,up,up,up,down,up,up
2026-08-21,2026-08-24,257720,up,down,down,down,down,down,down,down,down
2026-08-21,2026-08-24,226950,up,down,down,down,down,down,down,down,down
2026-08-21,2026-08-24,010170,up,down,down,down,down,down,down,down,down
2026-08-21,2026-08-24,214370,up,down,down,down,down,down,down,down,down
2026-08-21,2026-08-24,030000,up,up,up,up,up,up,down,up,up
2026-08-24,2026-08-25,005930,flat,up,up,up,up,up,up,up,up
2026-08-24,2026-08-25,009150,up,down,down,down,down,down,down,down,down
2026-08-24,2026-08-25,373220,down,down,down,down,down,down,down,down,down
2026-08-24,2026-08-25,005380,up,down,down,down,down,down,down,down,down
2026-08-24,2026-08-25,207940,up,up,up,up,up,up,up,up,up
2026-08-24,2026-08-25,105560,up,up,up,up,up,up,up,up,up
2026-08-24,2026-08-25,028260,up,down,down,down,down,down,down,down,down
2026-08-24,2026-08-25,032830,down,down,down,down,down,down,down,down,down
2026-08-24,2026-08-25,012450,down,up,up,up,up,up,up,up,up
2026-08-24,2026-08-25,034020,up,up,up,up,up,up,up,up,down
2026-08-24,2026-08-25,329180,up,down,up,down,down,down,down,down,down
2026-08-24,2026-08-25,034730,up,up,up,up,up,up,up,up,up
2026-08-24,2026-08-25,012330,down,up,up,up,up,up,up,up,up
2026-08-24,2026-08-25,066570,up,down,down,down,down,down,down,down,down
2026-08-24,2026-08-25,035420,down,down,down,down,down,down,down,down,down
2026-08-24,2026-08-25,010120,up,up,up,up,up,up,up,up,up
2026-08-24,2026-08-25,000810,up,down,down,down,down,down,down,down,down
2026-08-24,2026-08-25,005490,up,down,down,down,down,down,up,down,down
2026-08-24,2026-08-25,010130,up,down,down,down,down,down,down,down,down
2026-08-24,2026-08-25,138040,up,up,up,up,up,up,up,up,up
2026-08-24,2026-08-25,015760,up,down,down,down,down,down,down,down,down
2026-08-24,2026-08-25,011200,down,down,down,down,down,down,down,down,down
2026-08-24,2026-08-25,051910,down,down,down,down,down,down,down,down,down
2026-08-24,2026-08-25,017670,down,down,down,down,down,down,down,down,down
2026-08-24,2026-08-25,033780,up,up,up,up,up,up,up,up,down
2026-08-24,2026-08-25,196170,down,down,down,down,down,down,down,down,down
2026-08-24,2026-08-25,018260,down,down,down,down,down,down,down,down,down
2026-08-24,2026-08-25,086280,up,down,down,down,down,up,down,down,down
2026-08-24,2026-08-25,000720,up,down,down,down,down,down,down,down,down
2026-08-24,2026-08-25,278470,up,up,up,up,up,up,up,up,down
2026-08-24,2026-08-25,030200,up,up,up,up,up,up,up,up,up
2026-08-24,2026-08-25,003490,up,down,down,down,down,down,down,down,down
2026-08-24,2026-08-25,047050,up,down,down,down,down,down,up,down,down
2026-08-24,2026-08-25,003230,up,down,down,down,down,down,down,down,down
2026-08-24,2026-08-25,259960,down,up,up,up,up,up,up,up,up
2026-08-24,2026-08-25,021240,up,down,down,down,down,down,down,down,down
2026-08-24,2026-08-25,352820,down,down,down,down,down,down,down,down,down
2026-08-24,2026-08-25,009830,up,down,down,down,down,up,up,down,down
2026-08-24,2026-08-25,029780,down,up,up,up,up,up,up,up,up
2026-08-24,2026-08-25,028300,up,up,up,up,up,up,down,up,up
2026-08-24,2026-08-25,034220,flat,down,down,down,down,down,down,down,down
2026-08-24,2026-08-25,002380,up,up,up,up,up,up,up,up,up
2026-08-24,2026-08-25,036460,up,down,down,down,down,down,down,down,down
2026-08-24,2026-08-25,004170,down,down,down,down,down,down,down,down,down
2026-08-24,2026-08-25,012750,up,up,up,up,up,up,up,up,up
2026-08-24,2026-08-25,111770,down,down,down,down,down,down,down,down,down
2026-08-24,2026-08-25,035250,down,up,up,up,up,up,up,up,up
2026-08-24,2026-08-25,257720,up,down,down,down,down,down,down,down,down
2026-08-24,2026-08-25,226950,down,down,down,down,down,down,down,down,down
2026-08-24,2026-08-25,010170,up,down,down,down,down,down,down,down,down
2026-08-24,2026-08-25,214370,flat,down,down,down,down,down,down,down,down
2026-08-24,2026-08-25,030000,up,up,up,up,up,up,up,up,up
2026-08-25,2026-08-26,005930,up,up,up,up,up,up,up,up,up
2026-08-25,2026-08-26,009150,down,down,down,down,down,down,down,down,down
2026-08-25,2026-08-26,373220,up,up,up,up,down,up,up,up,up
2026-08-25,2026-08-26,005380,down,down,down,down,down,down,down,down,down
2026-08-25,2026-08-26,207940,up,down,down,down,down,down,down,down,down
2026-08-25,2026-08-26,105560,up,up,up,up,up,up,up,up,up
2026-08-25,2026-08-26,028260,up,up,up,up,up,up,up,up,up
2026-08-25,2026-08-26,032830,up,down,down,down,up,down,up,down,up
2026-08-25,2026-08-26,012450,down,down,down,down,down,down,down,down,down
2026-08-25,2026-08-26,034020,up,down,down,down,up,up,up,up,down
2026-08-25,2026-08-26,329180,flat,down,up,down,down,down,down,down,down
2026-08-25,2026-08-26,034730,down,up,up,up,up,up,up,up,up
2026-08-25,2026-08-26,012330,down,up,up,up,up,up,up,up,up
2026-08-25,2026-08-26,066570,flat,down,down,down,down,down,down,down,down
2026-08-25,2026-08-26,035420,down,down,down,down,down,down,down,down,down
2026-08-25,2026-08-26,010120,up,up,up,up,up,up,up,up,up
2026-08-25,2026-08-26,000810,up,down,down,down,down,down,down,down,down
2026-08-25,2026-08-26,005490,down,down,down,down,down,down,down,down,down
2026-08-25,2026-08-26,010130,down,down,down,down,down,down,down,down,down
2026-08-25,2026-08-26,138040,down,down,down,down,down,down,down,down,down
2026-08-25,2026-08-26,015760,up,down,down,down,down,down,down,down,down
2026-08-25,2026-08-26,011200,down,down,down,down,down,down,down,down,down
2026-08-25,2026-08-26,051910,up,down,down,down,down,down,up,down,down
2026-08-25,2026-08-26,017670,up,down,down,down,down,down,down,down,down
2026-08-25,2026-08-26,033780,down,down,down,down,down,down,down,down,down
2026-08-25,2026-08-26,196170,up,down,down,down,down,down,down,down,down
2026-08-25,2026-08-26,018260,up,down,down,down,down,down,down,down,down
2026-08-25,2026-08-26,086280,down,down,down,down,down,up,down,down,down
2026-08-25,2026-08-26,000720,up,down,down,down,down,down,down,down,down
2026-08-25,2026-08-26,278470,up,up,up,up,up,up,up,up,down
2026-08-25,2026-08-26,030200,up,up,up,up,up,up,down,up,up
2026-08-25,2026-08-26,003490,up,down,down,down,down,down,down,down,down
2026-08-25,2026-08-26,047050,down,down,down,down,down,down,up,down,down
2026-08-25,2026-08-26,003230,up,down,down,down,down,down,down,down,down
2026-08-25,2026-08-26,259960,up,up,up,up,up,up,up,up,up
2026-08-25,2026-08-26,021240,up,down,down,down,down,down,down,down,down
2026-08-25,2026-08-26,352820,up,down,down,down,down,down,down,down,down
2026-08-25,2026-08-26,009830,up,down,down,down,down,down,down,down,down
2026-08-25,2026-08-26,029780,up,up,up,up,up,up,up,up,up
2026-08-25,2026-08-26,028300,down,up,up,up,up,up,up,up,up
2026-08-25,2026-08-26,034220,down,down,down,down,down,down,down,down,down
2026-08-25,2026-08-26,002380,up,up,up,up,up,up,up,up,up
2026-08-25,2026-08-26,036460,up,down,down,down,down,down,down,down,down
2026-08-25,2026-08-26,004170,up,down,down,down,down,down,down,down,down
2026-08-25,2026-08-26,012750,up,up,up,up,up,up,up,up,up
2026-08-25,2026-08-26,111770,up,up,up,up,up,up,up,up,up
2026-08-25,2026-08-26,035250,up,up,up,up,up,up,up,up,up
2026-08-25,2026-08-26,257720,down,down,down,down,down,down,down,down,down
2026-08-25,2026-08-26,226950,down,down,down,down,down,down,down,down,down
2026-08-25,2026-08-26,010170,flat,down,down,down,down,down,down,down,down
2026-08-25,2026-08-26,214370,down,down,down,down,down,down,down,down,down
2026-08-25,2026-08-26,030000,up,up,up,up,up,up,up,up,up
2026-08-26,2026-08-27,005930,up,down,down,down,down,down,up,down,down
2026-08-26,2026-08-27,009150,up,down,down,down,down,down,down,down,down
2026-08-26,2026-08-27,373220,up,up,up,up,down,down,up,up,up
2026-08-26,2026-08-27,005380,down,down,down,down,down,down,down,down,down
2026-08-26,2026-08-27,207940,down,down,down,down,down,down,down,down,down
2026-08-26,2026-08-27,105560,up,down,up,down,down,up,up,down,down
2026-08-26,2026-08-27,028260,down,down,down,down,down,down,down,down,down
2026-08-26,2026-08-27,032830,down,down,down,down,down,down,down,down,down
2026-08-26,2026-08-27,012450,up,down,down,down,down,down,down,down,down
2026-08-26,2026-08-27,034020,up,down,down,down,down,up,up,up,down
2026-08-26,2026-08-27,329180,up,down,up,down,down,down,down,down,down
2026-08-26,2026-08-27,034730,up,down,down,down,down,up,up,down,up
2026-08-26,2026-08-27,012330,down,up,up,up,up,up,up,up,up
2026-08-26,2026-08-27,066570,down,down,down,down,down,down,down,down,down
2026-08-26,2026-08-27,035420,down,down,down,down,down,down,down,down,down
2026-08-26,2026-08-27,010120,up,up,up,up,up,up,up,up,down
2026-08-26,2026-08-27,000810,up,down,down,down,down,down,down,down,down
2026-08-26,2026-08-27,005490,up,down,down,down,down,down,up,down,down
2026-08-26,2026-08-27,010130,flat,down,down,down,down,down,down,down,down
2026-08-26,2026-08-27,138040,up,down,down,down,down,down,down,down,down
2026-08-26,2026-08-27,015760,down,down,down,down,down,down,down,down,down
2026-08-26,2026-08-27,011200,up,up,up,up,up,up,up,up,up
2026-08-26,2026-08-27,051910,up,down,down,down,down,down,up,down,down
2026-08-26,2026-08-27,017670,down,down,down,down,down,down,down,down,down
2026-08-26,2026-08-27,033780,down,up,up,up,up,up,up,up,up
2026-08-26,2026-08-27,196170,flat,down,down,down,down,down,down,down,down
2026-08-26,2026-08-27,018260,up,up,up,up,up,up,up,up,up
2026-08-26,2026-08-27,086280,down,down,down,down,down,down,down,down,down
2026-08-26,2026-08-27,000720,down,down,down,down,down,down,down,down,down
2026-08-26,2026-08-27,278470,down,up,up,up,up,up,up,up,down
2026-08-26,2026-08-27,030200,up,up,up,up,up,down,up,up,up
2026-08-26,2026-08-27,003490,up,down,down,down,down,down,down,down,down
2026-08-26,2026-08-27,047050,flat,down,down,down,down,down,up,down,down
2026-08-26,2026-08-27,003230,down,down,down,down,down,down,down,down,down
2026-08-26,2026-08-27,259960,down,down,down,down,down,down,down,down,down
2026-08-26,2026-08-27,021240,down,down,down,down,down,down,down,down,down
2026-08-26,2026-08-27,352820,down,down,down,down,down,down,down,down,down
2026-08-26,2026-08-27,009830,up,down,down,down,down,down,down,down,down
2026-08-26,2026-08-27,029780,down,up,up,up,up,up,up,up,up
2026-08-26,2026-08-27,028300,down,up,up,up,up,up,up,up,up
2026-08-26,2026-08-27,034220,up,down,down,down,down,down,down,down,down
2026-08-26,2026-08-27,002380,down,down,down,down,down,down,down,down,down
2026-08-26,2026-08-27,036460,down,down,down,down,down,down,down,down,down
2026-08-26,2026-08-27,004170,up,down,down,down,down,down,down,down,down
2026-08-26,2026-08-27,012750,up,up,up,up,up,up,up,up,up
2026-08-26,2026-08-27,111770,down,up,up,up,up,up,up,up,up
2026-08-26,2026-08-27,035250,down,down,down,down,down,up,down,down,down
2026-08-26,2026-08-27,257720,down,down,down,down,down,down,down,down,down
2026-08-26,2026-08-27,226950,up,down,down,down,down,down,down,down,down
2026-08-26,2026-08-27,010170,up,down,down,down,down,down,down,down,down
2026-08-26,2026-08-27,214370,up,down,down,down,down,down,down,down,down
2026-08-26,2026-08-27,030000,down,up,up,up,up,up,down,up,up
2026-08-27,2026-08-28,005930,down,up,up,up,up,up,up,up,up
2026-08-27,2026-08-28,009150,up,up,up,down,down,down,up,up,down
2026-08-27,2026-08-28,373220,down,down,down,down,down,down,down,down,down
2026-08-27,2026-08-28,005380,up,down,down,down,down,down,down,down,down
2026-08-27,2026-08-28,207940,down,down,down,down,down,down,down,down,down
2026-08-27,2026-08-28,105560,up,down,up,down,down,up,up,down,down
2026-08-27,2026-08-28,028260,down,down,down,down,down,down,down,down,down
2026-08-27,2026-08-28,032830,up,down,down,down,down,down,down,down,down
2026-08-27,2026-08-28,012450,up,down,down,down,down,down,down,down,down
2026-08-27,2026-08-28,034020,up,up,up,up,up,up,up,up,down
2026-08-27,2026-08-28,329180,down,down,up,down,down,down,down,down,down
2026-08-27,2026-08-28,034730,down,up,up,up,up,up,up,up,up
2026-08-27,2026-08-28,012330,down,up,up,up,up,up,up,up,up
2026-08-27,2026-08-28,066570,up,down,down,down,down,down,down,down,down
2026-08-27,2026-08-28,035420,up,down,down,down,up,down,down,up,up
2026-08-27,2026-08-28,010120,down,down,down,down,down,up,down,down,down
2026-08-27,2026-08-28,000810,up,down,down,down,down,down,down,down,down
2026-08-27,2026-08-28,005490,down,down,down,down,down,down,up,down,down
2026-08-27,2026-08-28,010130,up,down,down,down,down,down,down,down,down
2026-08-27,2026-08-28,138040,up,down,down,down,down,down,down,down,down
2026-08-27,2026-08-28,015760,down,down,down,down,down,down,down,down,down
2026-08-27,2026-08-28,011200,up,down,down,down,down,down,down,down,down
2026-08-27,2026-08-28,051910,up,down,down,down,down,down,down,down,down
2026-08-27,2026-08-28,017670,down,down,down,down,down,down,down,down,down
2026-08-27,2026-08-28,033780,up,up,up,up,up,up,up,up,up
2026-08-27,2026-08-28,196170,up,down,down,down,down,down,down,down,down
2026-08-27,2026-08-28,018260,up,up,up,up,up,up,up,up,up
2026-08-27,2026-08-28,086280,up,down,down,down,down,down,down,down,down
2026-08-27,2026-08-28,000720,down,down,down,down,down,down,down,down,down
2026-08-27,2026-08-28,278470,up,up,up,up,up,up,up,up,down
2026-08-27,2026-08-28,030200,up,down,down,down,down,down,down,down,down
2026-08-27,2026-08-28,003490,up,down,down,down,down,down,down,down,down
2026-08-27,2026-08-28,047050,up,down,down,down,down,down,up,down,down
2026-08-27,2026-08-28,003230,up,down,down,down,down,down,down,down,down
2026-08-27,2026-08-28,259960,up,up,up,up,up,up,up,up,up
2026-08-27,2026-08-28,021240,up,down,down,down,down,down,down,down,down
2026-08-27,2026-08-28,352820,up,down,down,down,down,down,down,down,down
2026-08-27,2026-08-28,009830,up,down,down,down,down,down,down,down,down
2026-08-27,2026-08-28,029780,up,up,up,up,up,up,up,up,up
2026-08-27,2026-08-28,028300,up,up,up,up,up,up,up,up,up
2026-08-27,2026-08-28,034220,up,down,down,down,down,down,down,down,down
2026-08-27,2026-08-28,002380,up,down,down,down,down,down,down,down,down
2026-08-27,2026-08-28,036460,up,down,down,down,down,up,down,down,down
2026-08-27,2026-08-28,004170,down,down,down,down,down,down,down,down,down
2026-08-27,2026-08-28,012750,down,down,down,down,down,down,down,down,down
2026-08-27,2026-08-28,111770,up,up,up,up,up,up,up,up,up
2026-08-27,2026-08-28,035250,up,up,up,up,up,up,up,up,up
2026-08-27,2026-08-28,257720,up,up,up,up,down,up,up,up,down
2026-08-27,2026-08-28,226950,up,down,down,down,down,down,down,down,down
2026-08-27,2026-08-28,010170,down,down,down,down,down,down,down,down,down
2026-08-27,2026-08-28,214370,down,down,down,down,down,down,down,down,down
2026-08-27,2026-08-28,030000,up,up,up,up,up,up,up,up,up
2026-08-28,2026-08-31,005930,up,up,up,up,up,up,up,up,up
2026-08-28,2026-08-31,009150,up,up,up,up,down,down,up,up,down
2026-08-28,2026-08-31,373220,up,down,down,down,down,down,down,down,down
2026-08-28,2026-08-31,005380,up,down,down,down,down,down,down,down,down
2026-08-28,2026-08-31,207940,up,up,up,up,up,up,up,up,up
2026-08-28,2026-08-31,105560,up,down,down,down,down,up,up,down,down
2026-08-28,2026-08-31,028260,up,up,up,up,up,up,up,up,up
2026-08-28,2026-08-31,032830,down,down,down,down,up,down,up,down,up
2026-08-28,2026-08-31,012450,down,down,down,down,down,down,down,down,down
2026-08-28,2026-08-31,034020,down,up,up,up,up,up,up,up,down
2026-08-28,2026-08-31,329180,down,down,up,down,down,down,down,down,down
2026-08-28,2026-08-31,034730,up,up,up,up,up,up,up,down,up
2026-08-28,2026-08-31,012330,up,up,up,up,up,up,up,up,up
2026-08-28,2026-08-31,066570,up,down,down,down,down,down,down,down,down
2026-08-28,2026-08-31,035420,down,down,down,down,up,down,down,up,up
2026-08-28,2026-08-31,010120,down,down,down,down,down,down,down,down,down
2026-08-28,2026-08-31,000810,down,down,down,down,down,down,down,down,down
2026-08-28,2026-08-31,005490,up,down,down,down,down,down,up,down,down
2026-08-28,2026-08-31,010130,down,down,down,down,down,down,down,down,down
2026-08-28,2026-08-31,138040,up,down,down,down,down,down,down,down,down
2026-08-28,2026-08-31,015760,down,down,down,down,down,down,down,down,down
2026-08-28,2026-08-31,011200,down,down,down,down,down,down,down,down,down
2026-08-28,2026-08-31,051910,up,down,down,down,down,down,down,down,down
2026-08-28,2026-08-31,017670,down,down,down,down,down,down,up,down,down
2026-08-28,2026-08-31,033780,up,down,down,down,down,up,down,down,down
2026-08-28,2026-08-31,196170,down,down,down,down,down,down,down,down,down
2026-08-28,2026-08-31,018260,down,down,down,down,down,down,down,down,down
2026-08-28,2026-08-31,086280,up,down,down,down,down,down,down,down,down
2026-08-28,2026-08-31,000720,down,down,down,down,down,down,down,down,down
2026-08-28,2026-08-31,278470,up,up,up,up,up,up,up,up,down
2026-08-28,2026-08-31,030200,down,down,down,down,down,down,down,down,down
2026-08-28,2026-08-31,003490,down,down,down,down,down,down,down,down,down
2026-08-28,2026-08-31,047050,up,down,down,down,down,down,down,down,down
2026-08-28,2026-08-31,003230,down,down,down,down,down,down,down,down,down
2026-08-28,2026-08-31,259960,up,down,down,down,down,down,down,down,down
2026-08-28,2026-08-31,021240,down,down,down,down,down,down,down,down,down
2026-08-28,2026-08-31,352820,down,down,down,down,down,down,down,down,down
2026-08-28,2026-08-31,009830,up,down,down,down,down,down,down,down,down
2026-08-28,2026-08-31,029780,down,up,up,up,up,up,up,up,up
2026-08-28,2026-08-31,028300,down,up,up,up,up,up,up,up,up
2026-08-28,2026-08-31,034220,down,down,down,down,down,down,down,down,down
2026-08-28,2026-08-31,002380,up,down,down,down,down,down,down,down,down
2026-08-28,2026-08-31,036460,up,down,down,down,down,down,down,down,down
2026-08-28,2026-08-31,004170,up,up,up,up,up,up,up,up,up
2026-08-28,2026-08-31,012750,down,down,down,down,down,down,down,down,down
2026-08-28,2026-08-31,111770,down,up,up,up,up,up,up,up,up
2026-08-28,2026-08-31,035250,down,down,down,down,down,down,down,down,down
2026-08-28,2026-08-31,257720,up,down,down,down,down,down,down,down,down
2026-08-28,2026-08-31,226950,down,down,down,down,down,down,down,down,down
2026-08-28,2026-08-31,010170,down,down,down,down,down,down,down,down,down
2026-08-28,2026-08-31,214370,down,down,down,down,down,down,down,down,down
2026-08-28,2026-08-31,030000,down,down,down,down,down,down,down,down,down
2026-08-31,2026-09-01,005930,up,up,up,up,down,up,up,up,up
2026-08-31,2026-09-01,009150,down,up,up,up,up,down,up,up,up
2026-08-31,2026-09-01,373220,down,down,down,down,down,down,down,down,down
2026-08-31,2026-09-01,005380,down,down,down,down,down,down,down,down,down
2026-08-31,2026-09-01,207940,up,up,up,up,up,up,up,up,up
2026-08-31,2026-09-01,105560,down,down,up,up,down,up,up,down,down
2026-08-31,2026-09-01,028260,up,up,up,up,down,up,up,up,down
2026-08-31,2026-09-01,032830,up,down,down,down,down,down,down,down,down
2026-08-31,2026-09-01,012450,down,down,down,down,down,down,down,down,down
2026-08-31,2026-09-01,034020,down,up,up,up,up,up,up,up,down
2026-08-31,2026-09-01,329180,up,down,up,down,down,down,down,down,down
2026-08-31,2026-09-01,034730,up,up,up,up,down,up,up,up,up
2026-08-31,2026-09-01,012330,down,up,up,up,up,up,up,up,up
2026-08-31,2026-09-01,066570,down,down,down,down,down,down,down,down,down
2026-08-31,2026-09-01,035420,down,up,up,up,up,down,up,up,up
2026-08-31,2026-09-01,010120,down,up,up,up,up,up,up,up,up
2026-08-31,2026-09-01,000810,up,up,up,up,up,up,up,up,up
2026-08-31,2026-09-01,005490,up,down,down,down,down,down,up,down,down
2026-08-31,2026-09-01,010130,down,down,down,down,down,down,down,down,down
2026-08-31,2026-09-01,138040,up,down,down,down,down,down,down,down,down
2026-08-31,2026-09-01,015760,up,down,down,down,down,down,down,down,down
2026-08-31,2026-09-01,011200,down,down,down,down,down,down,down,down,down
2026-08-31,2026-09-01,051910,up,down,down,down,down,down,down,down,down
2026-08-31,2026-09-01,017670,up,down,down,down,down,up,up,down,down
2026-08-31,2026-09-01,033780,down,down,down,down,down,up,down,down,down
2026-08-31,2026-09-01,196170,down,down,down,down,down,up,down,down,down
2026-08-31,2026-09-01,018260,up,down,up,down,down,down,down,down,down
2026-08-31,2026-09-01,086280,up,down,down,down,down,up,down,down,down
2026-08-31,2026-09-01,000720,down,up,up,up,up,up,up,up,up
2026-08-31,2026-09-01,278470,down,up,up,up,up,up,up,up,down
2026-08-31,2026-09-01,030200,up,up,up,up,up,up,up,up,up
2026-08-31,2026-09-01,003490,up,down,down,down,down,down,down,down,down
2026-08-31,2026-09-01,047050,up,down,down,down,down,down,down,down,down
2026-08-31,2026-09-01,003230,down,down,down,down,down,down,down,down,down
2026-08-31,2026-09-01,259960,up,down,down,down,down,down,down,down,down
2026-08-31,2026-09-01,021240,up,down,down,down,down,down,down,up,down
2026-08-31,2026-09-01,352820,down,down,down,down,down,down,down,down,down
2026-08-31,2026-09-01,009830,down,down,down,down,down,down,down,down,down
2026-08-31,2026-09-01,029780,down,up,up,up,up,up,up,up,up
2026-08-31,2026-09-01,028300,down,up,up,up,up,up,up,up,up
2026-08-31,2026-09-01,034220,down,down,down,down,down,down,down,down,down
2026-08-31,2026-09-01,002380,up,down,down,down,down,down,down,down,down
2026-08-31,2026-09-01,036460,up,down,down,down,down,down,down,down,down
2026-08-31,2026-09-01,004170,up,down,down,down,down,down,up,down,down
2026-08-31,2026-09-01,012750,down,up,up,up,up,up,up,up,up
2026-08-31,2026-09-01,111770,up,up,up,up,up,up,up,up,up
2026-08-31,2026-09-01,035250,up,up,up,up,up,up,up,up,up
2026-08-31,2026-09-01,257720,down,down,down,down,down,down,down,down,down
2026-08-31,2026-09-01,226950,up,down,down,down,down,down,down,down,down
2026-08-31,2026-09-01,010170,down,down,down,down,down,down,down,down,down
2026-08-31,2026-09-01,214370,down,down,down,down,down,down,down,down,down
2026-08-31,2026-09-01,030000,flat,up,up,up,up,up,up,up,up
2026-09-01,2026-09-02,005930,down,up,up,up,up,down,up,up,up
2026-09-01,2026-09-02,009150,down,up,up,up,up,down,up,up,up
2026-09-01,2026-09-02,373220,down,up,up,up,up,up,up,up,up
2026-09-01,2026-09-02,005380,down,down,down,down,down,down,up,down,down
2026-09-01,2026-09-02,207940,down,down,down,down,down,down,down,down,down
2026-09-01,2026-09-02,105560,down,up,up,up,up,up,up,up,up
2026-09-01,2026-09-02,028260,down,down,down,down,down,down,down,down,down
2026-09-01,2026-09-02,032830,down,down,down,down,down,down,down,down,down
2026-09-01,2026-09-02,012450,down,down,down,down,down,down,down,down,down
2026-09-01,2026-09-02,034020,down,down,down,down,up,down,up,up,up
2026-09-01,2026-09-02,329180,down,up,up,up,up,up,up,up,up
2026-09-01,2026-09-02,034730,down,down,down,down,down,down,down,down,down
2026-09-01,2026-09-02,012330,down,up,up,up,up,up,up,up,up
2026-09-01,2026-09-02,066570,down,down,down,down,down,down,down,down,down
2026-09-01,2026-09-02,035420,down,down,down,down,down,down,down,up,down
2026-09-01,2026-09-02,010120,down,down,down,down,down,down,down,down,down
2026-09-01,2026-09-02,000810,down,down,down,down,down,down,down,down,down
2026-09-01,2026-09-02,005490,down,down,down,down,down,down,up,down,down
2026-09-01,2026-09-02,010130,down,down,down,down,down,down,down,down,down
2026-09-01,2026-09-02,138040,up,down,down,down,down,down,down,down,down
2026-09-01,2026-09-02,015760,down,up,up,up,up,up,up,up,up
2026-09-01,2026-09-02,011200,down,down,down,down,down,down,down,down,down
2026-09-01,2026-09-02,051910,down,down,down,down,down,down,up,down,up
2026-09-01,2026-09-02,017670,down,down,down,down,down,down,down,down,down
2026-09-01,2026-09-02,033780,down,up,up,up,up,up,up,up,up
2026-09-01,2026-09-02,196170,down,down,down,down,down,down,down,down,down
2026-09-01,2026-09-02,018260,down,down,down,down,down,down,down,down,down
2026-09-01,2026-09-02,086280,down,up,up,up,down,up,up,up,up
2026-09-01,2026-09-02,000720,down,down,down,down,down,down,down,down,down
2026-09-01,2026-09-02,278470,down,down,down,down,down,down,down,down,down
2026-09-01,2026-09-02,030200,down,up,up,up,up,up,up,up,up
2026-09-01,2026-09-02,003490,up,down,down,down,down,down,down,down,down
2026-09-01,2026-09-02,047050,down,down,down,down,down,down,down,down,down
2026-09-01,2026-09-02,003230,down,down,down,down,down,down,down,down,down
2026-09-01,2026-09-02,259960,down,up,down,up,up,up,up,up,up
2026-09-01,2026-09-02,021240,up,down,down,down,down,down,down,down,down
2026-09-01,2026-09-02,352820,down,down,down,down,down,down,down,down,down
2026-09-01,2026-09-02,009830,down,down,down,down,down,down,down,down,down
2026-09-01,2026-09-02,029780,down,up,up,up,up,up,up,up,up
2026-09-01,2026-09-02,028300,down,up,up,up,up,up,up,up,up
2026-09-01,2026-09-02,034220,down,down,down,down,down,down,down,down,down
2026-09-01,2026-09-02,002380,down,down,down,down,down,down,down,down,down
2026-09-01,2026-09-02,036460,down,down,down,down,down,up,down,down,down
2026-09-01,2026-09-02,004170,down,down,down,down,down,down,down,down,down
2026-09-01,2026-09-02,012750,down,up,up,up,up,up,up,up,up
2026-09-01,2026-09-02,111770,down,down,down,down,down,down,down,down,down
2026-09-01,2026-09-02,035250,down,up,up,up,down,down,down,up,up
2026-09-01,2026-09-02,257720,down,down,up,down,down,down,down,up,down
2026-09-01,2026-09-02,226950,down,down,down,down,down,down,down,down,down
2026-09-01,2026-09-02,010170,up,down,down,down,down,down,down,down,down
2026-09-01,2026-09-02,214370,down,down,down,down,down,down,down,down,down
2026-09-01,2026-09-02,030000,down,up,up,up,down,up,down,up,down
2026-09-02,2026-09-03,005930,down,up,up,up,up,up,up,up,up
2026-09-02,2026-09-03,009150,down,up,up,up,up,up,up,up,up
2026-09-02,2026-09-03,373220,up,up,up,up,up,up,up,up,up
2026-09-02,2026-09-03,005380,up,down,down,down,down,down,down,down,down
2026-09-02,2026-09-03,207940,down,down,down,down,down,down,down,down,down
2026-09-02,2026-09-03,105560,up,up,up,up,up,up,up,up,up
2026-09-02,2026-09-03,028260,down,down,down,down,down,down,up,down,down
2026-09-02,2026-09-03,032830,up,up,up,up,up,up,up,up,up
2026-09-02,2026-09-03,012450,up,down,down,down,down,down,down,down,down
2026-09-02,2026-09-03,034020,up,down,down,down,up,down,up,up,up
2026-09-02,2026-09-03,329180,up,up,up,up,up,up,up,up,up
2026-09-02,2026-09-03,034730,flat,down,down,down,down,down,down,down,down
2026-09-02,2026-09-03,012330,up,up,up,up,up,up,up,up,up
2026-09-02,2026-09-03,066570,down,down,down,down,down,down,up,down,down
2026-09-02,2026-09-03,035420,down,down,down,down,down,down,down,up,down
2026-09-02,2026-09-03,010120,down,down,down,down,down,down,down,down,down
2026-09-02,2026-09-03,000810,up,down,down,down,down,down,down,down,down
2026-09-02,2026-09-03,005490,up,down,down,down,down,down,up,down,down
2026-09-02,2026-09-03,010130,up,down,down,down,down,down,down,down,down
2026-09-02,2026-09-03,138040,up,down,down,down,down,down,down,down,down
2026-09-02,2026-09-03,015760,up,up,up,up,up,up,up,up,up
2026-09-02,2026-09-03,011200,up,up,up,up,up,up,up,down,down
2026-09-02,2026-09-03,051910,up,down,down,down,up,down,up,down,up
2026-09-02,2026-09-03,017670,down,down,down,down,down,down,down,down,down
2026-09-02,2026-09-03,033780,up,up,up,up,up,up,down,up,down
2026-09-02,2026-09-03,196170,down,down,down,down,down,down,down,down,down
2026-09-02,2026-09-03,018260,down,down,down,down,down,down,down,down,down
2026-09-02,2026-09-03,086280,up,down,down,down,down,down,down,down,down
2026-09-02,2026-09-03,000720,up,down,down,down,down,down,down,down,down
2026-09-02,2026-09-03,278470,down,down,down,down,down,down,down,down,up
2026-09-02,2026-09-03,030200,flat,up,up,up,up,up,up,up,up
2026-09-02,2026-09-03,003490,up,down,down,down,down,down,down,down,down
2026-09-02,2026-09-03,047050,up,down,down,down,down,down,down,down,down
2026-09-02,2026-09-03,003230,down,down,down,down,down,down,down,down,down
2026-09-02,2026-09-03,259960,down,up,up,up,up,up,up,up,up
2026-09-02,2026-09-03,021240,down,down,down,down,down,down,down,down,down
2026-09-02,2026-09-03,352820,up,down,down,down,down,down,down,down,down
2026-09-02,2026-09-03,009830,down,down,down,down,down,down,down,down,down
2026-09-02,2026-09-03,029780,up,up,up,up,up,up,up,up,up
2026-09-02,2026-09-03,028300,down,up,up,up,up,up,up,up,up
2026-09-02,2026-09-03,034220,up,down,down,down,down,down,down,down,down
2026-09-02,2026-09-03,002380,up,down,down,down,down,down,up,down,down
2026-09-02,2026-09-03,036460,up,down,down,down,down,down,down,down,down
2026-09-02,2026-09-03,004170,down,up,up,up,up,up,up,up,up
2026-09-02,2026-09-03,012750,up,up,up,up,up,up,up,up,up
2026-09-02,2026-09-03,111770,up,up,up,up,down,down,down,down,down
2026-09-02,2026-09-03,035250,up,up,up,up,up,up,down,up,up
2026-09-02,2026-09-03,257720,down,down,up,down,down,down,down,up,down
2026-09-02,2026-09-03,226950,down,down,down,down,down,down,down,down,down
2026-09-02,2026-09-03,010170,down,down,down,down,down,down,down,down,down
2026-09-02,2026-09-03,214370,down,down,down,down,down,down,down,down,down
2026-09-02,2026-09-03,030000,up,up,up,up,up,up,up,up,up
2026-09-03,2026-09-04,005930,up,up,up,up,up,up,up,up,up
2026-09-03,2026-09-04,009150,up,down,down,down,down,down,up,down,down
2026-09-03,2026-09-04,373220,down,up,up,up,up,up,up,up,up
2026-09-03,2026-09-04,005380,flat,down,down,down,down,down,down,down,down
2026-09-03,2026-09-04,207940,down,down,down,down,down,down,down,down,down
2026-09-03,2026-09-04,105560,down,up,up,up,up,up,up,up,up
2026-09-03,2026-09-04,028260,down,down,down,down,down,down,up,down,down
2026-09-03,2026-09-04,032830,down,down,up,up,down,down,down,down,down
2026-09-03,2026-09-04,012450,up,down,down,down,down,down,down,down,down
2026-09-03,2026-09-04,034020,flat,down,down,down,up,down,up,up,up
2026-09-03,2026-09-04,329180,up,up,up,up,up,up,up,up,up
2026-09-03,2026-09-04,034730,up,down,down,down,down,down,down,down,down
2026-09-03,2026-09-04,012330,down,up,up,up,up,up,up,up,up
2026-09-03,2026-09-04,066570,up,down,down,down,down,down,up,down,down
2026-09-03,2026-09-04,035420,up,down,down,down,down,down,down,up,down
2026-09-03,2026-09-04,010120,up,down,down,down,down,down,down,down,down
2026-09-03,2026-09-04,000810,down,down,down,down,down,down,down,down,down
2026-09-03,2026-09-04,005490,down,down,down,down,down,down,down,down,down
2026-09-03,2026-09-04,010130,down,down,down,down,down,down,down,down,down
2026-09-03,2026-09-04,138040,down,down,down,down,down,down,down,down,down
2026-09-03,2026-09-04,015760,down,up,up,up,up,up,up,up,up
2026-09-03,2026-09-04,011200,down,down,down,down,down,down,down,down,down
2026-09-03,2026-09-04,051910,down,down,down,down,down,down,down,down,down
2026-09-03,2026-09-04,017670,up,down,down,down,down,down,down,down,down
2026-09-03,2026-09-04,033780,down,down,down,down,down,up,up,down,down
2026-09-03,2026-09-04,196170,up,down,down,down,down,down,down,down,down
2026-09-03,2026-09-04,018260,up,down,down,down,down,down,down,down,down
2026-09-03,2026-09-04,086280,up,up,up,up,up,up,up,up,up
2026-09-03,2026-09-04,000720,up,down,down,down,down,down,down,down,down
2026-09-03,2026-09-04,278470,down,down,down,down,down,down,down,down,up
2026-09-03,2026-09-04,030200,up,up,up,up,up,up,up,up,up
2026-09-03,2026-09-04,003490,up,down,down,down,down,down,down,down,down
2026-09-03,2026-09-04,047050,down,down,down,down,down,down,down,down,down
2026-09-03,2026-09-04,003230,down,down,down,down,down,down,down,down,down
2026-09-03,2026-09-04,259960,down,up,up,up,up,up,up,up,up
2026-09-03,2026-09-04,021240,up,down,down,down,down,down,down,down,down
2026-09-03,2026-09-04,352820,up,down,down,down,down,down,down,down,down
2026-09-03,2026-09-04,009830,up,down,down,down,down,down,down,up,down
2026-09-03,2026-09-04,029780,down,up,up,up,up,up,up,up,up
2026-09-03,2026-09-04,028300,up,up,up,up,up,up,up,up,up
2026-09-03,2026-09-04,034220,up,down,down,down,down,down,down,down,down
2026-09-03,2026-09-04,002380,down,up,up,up,down,up,up,up,up
2026-09-03,2026-09-04,036460,down,down,down,down,down,down,down,down,down
2026-09-03,2026-09-04,004170,up,up,up,up,up,up,up,up,up
2026-09-03,2026-09-04,012750,down,up,up,up,up,up,up,up,up
2026-09-03,2026-09-04,111770,down,up,up,up,up,up,up,up,up
2026-09-03,2026-09-04,035250,up,up,up,up,up,up,up,up,up
2026-09-03,2026-09-04,257720,down,down,up,down,down,down,down,up,up
2026-09-03,2026-09-04,226950,up,down,down,down,down,down,down,down,down
2026-09-03,2026-09-04,010170,up,down,down,down,down,down,down,down,down
2026-09-03,2026-09-04,214370,up,down,down,down,down,down,down,down,down
2026-09-03,2026-09-04,030000,flat,up,up,up,up,up,up,up,up
2026-09-04,2026-09-07,005930,up,up,up,up,up,up,up,up,up
2026-09-04,2026-09-07,009150,up,up,up,up,up,up,up,up,up
2026-09-04,2026-09-07,373220,up,up,up,up,up,up,up,up,up
2026-09-04,2026-09-07,005380,up,down,down,down,down,down,down,down,down
2026-09-04,2026-09-07,207940,up,down,down,down,down,down,down,down,down
2026-09-04,2026-09-07,105560,up,up,up,up,up,up,up,up,up
2026-09-04,2026-09-07,028260,up,down,down,down,down,down,up,down,down
2026-09-04,2026-09-07,032830,up,up,up,up,up,up,down,up,down
2026-09-04,2026-09-07,012450,down,down,down,down,down,down,down,down,down
2026-09-04,2026-09-07,034020,up,down,down,down,up,down,up,up,up
2026-09-04,2026-09-07,329180,up,up,up,up,up,up,up,up,up
2026-09-04,2026-09-07,034730,up,down,down,down,down,down,down,down,down
2026-09-04,2026-09-07,012330,up,up,up,up,up,up,up,up,up
2026-09-04,2026-09-07,066570,up,down,down,down,down,down,up,down,down
2026-09-04,2026-09-07,035420,up,down,down,down,down,down,down,up,down
2026-09-04,2026-09-07,010120,up,down,down,down,down,down,down,down,down
2026-09-04,2026-09-07,000810,down,down,down,down,down,down,down,down,down
2026-09-04,2026-09-07,005490,down,down,down,down,down,down,up,down,down
2026-09-04,2026-09-07,010130,up,down,down,down,down,down,down,down,down
2026-09-04,2026-09-07,138040,down,up,up,up,up,up,down,up,up
2026-09-04,2026-09-07,015760,up,up,up,up,up,up,up,up,up
2026-09-04,2026-09-07,011200,up,down,down,down,down,down,down,down,down
2026-09-04,2026-09-07,051910,down,down,down,down,down,down,up,down,down
2026-09-04,2026-09-07,017670,up,down,down,down,down,down,down,down,down
2026-09-04,2026-09-07,033780,down,up,up,up,up,up,up,up,up
2026-09-04,2026-09-07,196170,down,down,down,down,down,down,down,down,down
2026-09-04,2026-09-07,018260,up,down,down,down,down,down,down,down,down
2026-09-04,2026-09-07,086280,up,down,down,down,down,down,down,down,down
2026-09-04,2026-09-07,000720,up,down,down,down,down,down,down,down,down
2026-09-04,2026-09-07,278470,down,down,down,down,down,down,down,down,up
2026-09-04,2026-09-07,030200,up,up,up,up,up,up,up,up,up
2026-09-04,2026-09-07,003490,up,down,down,down,down,down,down,down,down
2026-09-04,2026-09-07,047050,flat,down,down,down,down,down,down,down,down
2026-09-04,2026-09-07,003230,down,down,down,down,down,down,down,down,down
2026-09-04,2026-09-07,259960,up,up,up,up,up,up,up,up,up
2026-09-04,2026-09-07,021240,down,down,down,down,down,down,down,down,down
2026-09-04,2026-09-07,352820,up,down,down,down,down,down,down,down,down
2026-09-04,2026-09-07,009830,down,down,down,down,down,down,down,up,down
2026-09-04,2026-09-07,029780,up,up,up,up,up,up,up,up,up
2026-09-04,2026-09-07,028300,down,up,up,up,up,up,up,up,up
2026-09-04,2026-09-07,034220,up,down,down,down,down,down,down,down,down
2026-09-04,2026-09-07,002380,up,up,up,up,down,up,up,up,down
2026-09-04,2026-09-07,036460,flat,up,up,up,up,up,up,up,up
2026-09-04,2026-09-07,004170,up,down,down,down,down,down,up,down,down
2026-09-04,2026-09-07,012750,down,up,up,up,up,up,up,up,up
2026-09-04,2026-09-07,111770,up,up,up,up,up,up,up,up,up
2026-09-04,2026-09-07,035250,up,up,up,up,up,up,up,up,up
2026-09-04,2026-09-07,257720,down,down,up,down,down,down,down,up,down
2026-09-04,2026-09-07,226950,up,down,down,down,down,down,down,down,down
2026-09-04,2026-09-07,010170,up,down,down,down,down,down,down,down,down
2026-09-04,2026-09-07,214370,up,down,down,down,down,down,down,down,down
2026-09-04,2026-09-07,030000,up,up,up,up,up,up,up,up,up
2026-09-07,2026-09-08,005930,down,down,down,down,down,down,down,down,down
2026-09-07,2026-09-08,009150,down,up,up,up,up,up,up,up,up
2026-09-07,2026-09-08,373220,down,up,up,up,up,up,up,up,up
2026-09-07,2026-09-08,005380,down,down,down,down,down,down,down,down,down
2026-09-07,2026-09-08,207940,down,down,down,down,down,down,down,down,down
2026-09-07,2026-09-08,105560,down,up,up,up,up,up,up,up,up
2026-09-07,2026-09-08,028260,down,down,down,down,down,down,down,down,down
2026-09-07,2026-09-08,032830,down,down,down,down,down,down,down,down,down
2026-09-07,2026-09-08,012450,down,down,down,down,down,down,down,down,down
2026-09-07,2026-09-08,034020,up,down,down,down,up,down,up,up,down
2026-09-07,2026-09-08,329180,down,up,up,up,up,up,up,up,up
2026-09-07,2026-09-08,034730,down,down,down,down,down,down,down,down,down
2026-09-07,2026-09-08,012330,down,up,up,up,up,up,up,up,up
2026-09-07,2026-09-08,066570,down,down,down,down,down,down,up,down,down
2026-09-07,2026-09-08,035420,down,down,down,down,down,down,down,up,down
2026-09-07,2026-09-08,010120,down,down,down,down,down,down,down,down,down
2026-09-07,2026-09-08,000810,down,down,down,down,down,down,down,down,down
2026-09-07,2026-09-08,005490,down,down,down,down,down,down,up,down,down
2026-09-07,2026-09-08,010130,down,down,down,down,down,down,down,down,down
2026-09-07,2026-09-08,138040,down,up,up,up,up,up,up,up,up
2026-09-07,2026-09-08,015760,up,up,up,up,up,up,up,up,up
2026-09-07,2026-09-08,011200,down,down,down,down,down,down,down,down,down
2026-09-07,2026-09-08,051910,down,down,down,down,down,down,up,down,up
2026-09-07,2026-09-08,017670,down,down,down,down,down,down,down,down,down
2026-09-07,2026-09-08,033780,down,up,up,up,up,up,up,up,up
2026-09-07,2026-09-08,196170,down,down,down,down,down,down,down,down,down
2026-09-07,2026-09-08,018260,down,down,down,down,down,down,down,down,down
2026-09-07,2026-09-08,086280,down,down,down,down,down,down,down,down,down
2026-09-07,2026-09-08,000720,up,down,down,down,down,down,down,down,down
2026-09-07,2026-09-08,278470,down,down,down,down,down,down,down,down,up
2026-09-07,2026-09-08,030200,down,up,up,up,up,up,up,up,up
2026-09-07,2026-09-08,003490,down,down,down,down,down,down,down,down,down
2026-09-07,2026-09-08,047050,down,down,down,down,down,down,down,down,down
2026-09-07,2026-09-08,003230,down,down,down,down,down,down,down,down,down
2026-09-07,2026-09-08,259960,down,up,up,up,up,up,up,up,up
2026-09-07,2026-09-08,021240,up,down,down,down,down,down,down,down,down
2026-09-07,2026-09-08,352820,up,down,down,down,down,down,down,down,down
2026-09-07,2026-09-08,009830,down,down,down,down,down,down,down,down,down
2026-09-07,2026-09-08,029780,down,up,up,up,up,up,up,up,up
2026-09-07,2026-09-08,028300,down,up,up,up,up,down,up,up,up
2026-09-07,2026-09-08,034220,down,down,down,down,down,down,down,down,down
2026-09-07,2026-09-08,002380,up,down,down,down,down,down,down,down,down
2026-09-07,2026-09-08,036460,up,down,down,down,down,up,down,down,down
2026-09-07,2026-09-08,004170,up,down,down,down,down,down,down,down,down
2026-09-07,2026-09-08,012750,up,up,up,up,up,up,up,up,up
2026-09-07,2026-09-08,111770,down,up,up,up,up,up,up,up,up
2026-09-07,2026-09-08,035250,up,up,up,up,up,up,up,up,up
2026-09-07,2026-09-08,257720,down,down,up,down,down,down,down,down,down
2026-09-07,2026-09-08,226950,up,down,down,down,down,down,down,down,down
2026-09-07,2026-09-08,010170,up,down,down,down,down,down,down,down,down
2026-09-07,2026-09-08,214370,down,down,down,down,down,down,down,down,down
2026-09-07,2026-09-08,030000,down,up,up,up,up,up,up,up,up
2026-09-08,2026-09-09,005930,flat,up,up,up,up,up,up,up,up
2026-09-08,2026-09-09,009150,up,up,up,up,up,up,up,up,up
2026-09-08,2026-09-09,373220,up,up,up,up,up,up,up,up,up
2026-09-08,2026-09-09,005380,up,down,down,down,down,down,down,down,down
2026-09-08,2026-09-09,207940,up,down,down,down,down,down,down,down,down
2026-09-08,2026-09-09,105560,down,up,up,up,up,up,up,up,up
2026-09-08,2026-09-09,028260,down,down,down,down,down,down,down,down,down
2026-09-08,2026-09-09,032830,down,down,down,down,down,down,down,down,down
2026-09-08,2026-09-09,012450,up,down,down,down,down,down,down,down,down
2026-09-08,2026-09-09,034020,up,down,down,down,up,down,up,up,down
2026-09-08,2026-09-09,329180,up,up,up,up,up,up,up,up,up
2026-09-08,2026-09-09,034730,down,down,down,down,down,down,down,down,down
2026-09-08,2026-09-09,012330,up,up,up,up,up,up,up,up,up
2026-09-08,2026-09-09,066570,down,down,down,down,down,down,down,down,down
2026-09-08,2026-09-09,035420,down,down,down,down,down,down,down,up,down
2026-09-08,2026-09-09,010120,up,down,down,down,down,down,down,down,down
2026-09-08,2026-09-09,000810,down,down,down,down,down,down,down,down,down
2026-09-08,2026-09-09,005490,up,down,down,down,down,down,up,down,down
2026-09-08,2026-09-09,010130,up,down,down,down,down,down,down,down,down
2026-09-08,2026-09-09,138040,down,up,up,up,up,up,up,up,up
2026-09-08,2026-09-09,015760,down,up,up,up,up,up,up,up,up
2026-09-08,2026-09-09,011200,down,down,down,down,down,down,down,down,down
2026-09-08,2026-09-09,051910,up,down,down,down,up,down,up,down,up
2026-09-08,2026-09-09,017670,down,down,down,down,down,down,down,down,down
2026-09-08,2026-09-09,033780,down,up,up,up,up,up,up,up,down
2026-09-08,2026-09-09,196170,up,down,down,down,down,down,down,down,down
2026-09-08,2026-09-09,018260,down,down,down,down,down,down,down,down,down
2026-09-08,2026-09-09,086280,down,down,down,down,down,down,down,down,down
2026-09-08,2026-09-09,000720,up,down,down,down,down,down,down,down,down
2026-09-08,2026-09-09,278470,down,down,down,down,down,down,down,down,up
2026-09-08,2026-09-09,030200,down,up,up,up,up,up,up,up,up
2026-09-08,2026-09-09,003490,down,down,down,down,down,down,down,down,down
2026-09-08,2026-09-09,047050,up,down,down,down,down,down,down,down,down
2026-09-08,2026-09-09,003230,down,down,down,down,down,down,down,down,down
2026-09-08,2026-09-09,259960,down,up,up,up,up,up,up,up,up
2026-09-08,2026-09-09,021240,down,down,down,down,down,down,down,down,down
2026-09-08,2026-09-09,352820,down,down,down,down,down,down,down,down,down
2026-09-08,2026-09-09,009830,up,down,down,down,down,down,down,down,down
2026-09-08,2026-09-09,029780,down,up,up,up,up,up,up,up,up
2026-09-08,2026-09-09,028300,down,up,up,up,up,up,up,up,up
2026-09-08,2026-09-09,034220,up,down,down,down,down,down,down,down,down
2026-09-08,2026-09-09,002380,up,down,down,down,down,down,down,down,down
2026-09-08,2026-09-09,036460,up,down,down,down,down,up,down,down,down
2026-09-08,2026-09-09,004170,down,down,down,down,down,down,down,down,down
2026-09-08,2026-09-09,012750,up,up,up,up,up,up,up,up,up
2026-09-08,2026-09-09,111770,down,up,up,up,up,up,up,up,up
2026-09-08,2026-09-09,035250,down,up,up,up,up,down,down,up,up
2026-09-08,2026-09-09,257720,down,down,up,down,down,down,down,up,down
2026-09-08,2026-09-09,226950,up,down,down,down,down,down,down,down,down
2026-09-08,2026-09-09,010170,up,down,down,down,down,down,down,down,down
2026-09-08,2026-09-09,214370,down,down,down,down,down,down,down,down,down
2026-09-08,2026-09-09,030000,down,up,up,up,up,up,up,up,up
2026-09-09,2026-09-10,005930,down,up,up,up,up,down,up,up,up
2026-09-09,2026-09-10,009150,down,up,up,up,up,down,up,up,down
2026-09-09,2026-09-10,373220,down,up,up,up,up,up,up,up,up
2026-09-09,2026-09-10,005380,up,down,down,down,down,down,down,down,down
2026-09-09,2026-09-10,207940,down,down,down,down,down,down,down,down,down
2026-09-09,2026-09-10,105560,up,up,up,up,up,up,up,up,up
2026-09-09,2026-09-10,028260,up,down,down,down,down,down,up,down,down
2026-09-09,2026-09-10,032830,up,up,up,up,up,up,up,up,down
2026-09-09,2026-09-10,012450,up,down,down,down,down,down,down,down,down
2026-09-09,2026-09-10,034020,down,down,down,down,up,down,up,up,up
2026-09-09,2026-09-10,329180,down,up,up,up,up,up,up,up,up
2026-09-09,2026-09-10,034730,up,down,down,down,down,down,down,down,down
2026-09-09,2026-09-10,012330,down,up,up,up,up,up,up,up,up
2026-09-09,2026-09-10,066570,up,down,down,down,down,down,up,down,down
2026-09-09,2026-09-10,035420,down,down,down,down,down,down,down,up,down
2026-09-09,2026-09-10,010120,down,down,down,down,down,down,down,down,down
2026-09-09,2026-09-10,000810,up,down,down,down,down,down,down,down,down
2026-09-09,2026-09-10,005490,up,down,down,down,down,down,down,down,down
2026-09-09,2026-09-10,010130,down,down,down,down,down,down,down,down,down
2026-09-09,2026-09-10,138040,up,up,up,up,up,up,down,up,up
2026-09-09,2026-09-10,015760,down,up,up,up,up,up,up,up,up
2026-09-09,2026-09-10,011200,flat,up,up,up,up,up,up,up,up
2026-09-09,2026-09-10,051910,down,down,down,down,down,down,down,down,down
2026-09-09,2026-09-10,017670,down,down,down,down,down,down,down,down,down
2026-09-09,2026-09-10,033780,up,up,up,up,up,up,up,up,up
2026-09-09,2026-09-10,196170,down,down,down,down,down,down,down,down,down
2026-09-09,2026-09-10,018260,up,down,down,down,down,down,down,down,down
2026-09-09,2026-09-10,086280,up,down,down,down,down,down,down,down,down
2026-09-09,2026-09-10,000720,down,down,down,down,down,down,down,down,down
2026-09-09,2026-09-10,278470,down,down,down,down,down,down,down,down,down
2026-09-09,2026-09-10,030200,down,up,up,up,up,up,up,up,up
2026-09-09,2026-09-10,003490,down,down,down,down,down,down,down,down,down
2026-09-09,2026-09-10,047050,down,down,down,down,down,down,down,down,down
2026-09-09,2026-09-10,003230,flat,down,down,down,down,down,down,down,down
2026-09-09,2026-09-10,259960,down,up,up,up,up,up,up,up,up
2026-09-09,2026-09-10,021240,down,down,down,down,down,down,down,down,down
2026-09-09,2026-09-10,352820,down,down,down,down,down,down,down,down,down
2026-09-09,2026-09-10,009830,down,down,down,down,down,down,down,down,down
2026-09-09,2026-09-10,029780,down,up,up,up,up,up,up,up,up
2026-09-09,2026-09-10,028300,up,up,up,up,up,up,up,up,up
2026-09-09,2026-09-10,034220,up,down,down,down,down,down,down,down,down
2026-09-09,2026-09-10,002380,down,up,up,up,down,up,up,down,down
2026-09-09,2026-09-10,036460,up,down,down,down,down,up,down,down,down
2026-09-09,2026-09-10,004170,down,up,up,up,up,down,up,up,up
2026-09-09,2026-09-10,012750,down,up,up,up,up,up,up,up,up
2026-09-09,2026-09-10,111770,flat,up,up,up,up,up,up,up,up
2026-09-09,2026-09-10,035250,up,up,up,up,up,up,up,up,up
2026-09-09,2026-09-10,257720,down,down,up,down,down,down,down,up,up
2026-09-09,2026-09-10,226950,up,down,down,down,down,down,down,down,down
2026-09-09,2026-09-10,010170,down,down,down,down,down,down,down,down,down
2026-09-09,2026-09-10,214370,down,down,down,down,down,down,down,down,down
2026-09-09,2026-09-10,030000,down,up,up,up,up,up,up,up,up
2026-09-10,2026-09-11,005930,down,up,up,up,up,down,up,up,up
2026-09-10,2026-09-11,009150,flat,up,up,up,up,up,up,up,up
2026-09-10,2026-09-11,373220,down,up,up,up,up,up,up,up,up
2026-09-10,2026-09-11,005380,down,down,down,down,down,down,down,down,down
2026-09-10,2026-09-11,207940,down,down,down,down,down,down,down,down,down
2026-09-10,2026-09-11,105560,up,up,up,up,up,up,up,up,up
2026-09-10,2026-09-11,028260,down,down,down,down,down,down,up,down,down
2026-09-10,2026-09-11,032830,down,down,down,down,down,down,down,down,down
2026-09-10,2026-09-11,012450,up,down,down,down,down,down,down,down,down
2026-09-10,2026-09-11,034020,up,down,down,down,up,down,up,up,up
2026-09-10,2026-09-11,329180,up,up,up,up,up,up,up,up,up
2026-09-10,2026-09-11,034730,down,down,down,down,down,down,down,down,down
2026-09-10,2026-09-11,012330,flat,up,up,up,up,up,up,up,up
2026-09-10,2026-09-11,066570,down,down,down,down,down,down,up,down,down
2026-09-10,2026-09-11,035420,down,down,down,down,down,down,down,up,down
2026-09-10,2026-09-11,010120,down,down,down,down,down,down,down,down,down
2026-09-10,2026-09-11,000810,up,down,down,down,down,down,down,down,down
2026-09-10,2026-09-11,005490,down,down,down,down,down,down,down,down,down
2026-09-10,2026-09-11,010130,down,down,down,down,down,down,down,down,down
2026-09-10,2026-09-11,138040,up,down,down,down,down,down,down,down,down
2026-09-10,2026-09-11,015760,up,up,up,up,up,up,up,up,up
2026-09-10,2026-09-11,011200,flat,up,up,up,up,up,up,up,up
2026-09-10,2026-09-11,051910,down,down,down,down,down,down,up,down,up
2026-09-10,2026-09-11,017670,up,down,down,down,down,down,down,down,down
2026-09-10,2026-09-11,033780,up,up,up,up,down,up,down,up,down
2026-09-10,2026-09-11,196170,down,down,down,down,down,down,down,down,down
2026-09-10,2026-09-11,018260,down,down,down,down,down,down,down,down,down
2026-09-10,2026-09-11,086280,up,up,up,up,up,up,up,up,up
2026-09-10,2026-09-11,000720,up,down,down,down,down,down,down,down,down
2026-09-10,2026-09-11,278470,up,down,down,down,down,down,down,down,up
2026-09-10,2026-09-11,030200,up,up,up,up,up,up,up,up,up
2026-09-10,2026-09-11,003490,down,down,down,down,down,down,down,down,down
2026-09-10,2026-09-11,047050,up,down,down,down,down,down,down,down,down
2026-09-10,2026-09-11,003230,up,down,down,down,down,down,down,down,down
2026-09-10,2026-09-11,259960,up,up,up,up,up,up,up,up,up
2026-09-10,2026-09-11,021240,down,down,up,down,down,down,down,down,down
2026-09-10,2026-09-11,352820,up,down,down,down,down,down,down,down,down
2026-09-10,2026-09-11,009830,down,down,down,down,down,down,down,down,down
2026-09-10,2026-09-11,029780,down,up,up,up,up,up,up,up,up
2026-09-10,2026-09-11,028300,down,up,up,up,up,up,up,up,up
2026-09-10,2026-09-11,034220,down,down,down,down,down,down,down,down,down
2026-09-10,2026-09-11,002380,down,up,up,up,up,up,up,up,up
2026-09-10,2026-09-11,036460,up,down,down,down,down,up,down,down,down
2026-09-10,2026-09-11,004170,down,up,up,up,up,up,up,up,up
2026-09-10,2026-09-11,012750,up,up,up,up,up,up,up,up,up
2026-09-10,2026-09-11,111770,up,up,up,up,up,up,up,up,up
2026-09-10,2026-09-11,035250,up,up,up,up,down,down,down,up,up
2026-09-10,2026-09-11,257720,down,down,up,down,down,down,down,up,up
2026-09-10,2026-09-11,226950,up,down,down,down,down,down,down,down,down
2026-09-10,2026-09-11,010170,down,down,down,down,down,down,down,down,down
2026-09-10,2026-09-11,214370,down,down,down,down,down,down,down,down,down
2026-09-10,2026-09-11,030000,up,up,up,up,up,up,up,up,up
2026-09-11,2026-09-14,005930,down,up,up,up,up,up,up,up,up
2026-09-11,2026-09-14,009150,down,up,up,up,up,down,up,up,down
2026-09-11,2026-09-14,373220,down,up,up,up,up,up,up,up,up
2026-09-11,2026-09-14,005380,down,down,down,down,down,down,down,down,down
2026-09-11,2026-09-14,207940,up,down,down,down,down,down,down,down,down
2026-09-11,2026-09-14,105560,up,up,up,up,up,up,up,up,up
2026-09-11,2026-09-14,028260,down,down,down,down,down,down,up,down,down
2026-09-11,2026-09-14,032830,down,up,up,down,up,up,up,up,down
2026-09-11,2026-09-14,012450,up,down,down,down,down,down,down,down,down
2026-09-11,2026-09-14,034020,down,down,down,down,up,down,up,up,up
2026-09-11,2026-09-14,329180,flat,up,up,up,up,up,up,up,up
2026-09-11,2026-09-14,034730,down,down,down,down,down,down,down,down,down
2026-09-11,2026-09-14,012330,down,up,up,up,up,up,up,up,up
2026-09-11,2026-09-14,066570,down,down,down,down,down,down,down,down,down
2026-09-11,2026-09-14,035420,down,down,down,down,down,down,down,up,down
2026-09-11,2026-09-14,010120,down,down,down,down,down,down,down,down,down
2026-09-11,2026-09-14,000810,down,down,down,down,down,down,down,down,down
2026-09-11,2026-09-14,005490,down,down,down,down,down,down,up,down,down
2026-09-11,2026-09-14,010130,down,down,down,down,down,down,down,down,down
2026-09-11,2026-09-14,138040,up,down,down,down,down,down,down,down,down
2026-09-11,2026-09-14,015760,down,up,up,up,up,up,up,up,up
2026-09-11,2026-09-14,011200,up,up,up,up,up,up,up,down,up
2026-09-11,2026-09-14,051910,down,down,down,down,up,down,up,down,up
2026-09-11,2026-09-14,017670,down,down,down,down,down,down,down,down,down
2026-09-11,2026-09-14,033780,up,down,down,down,down,up,down,down,down
2026-09-11,2026-09-14,196170,down,down,down,down,down,down,down,down,down
2026-09-11,2026-09-14,018260,down,down,down,down,down,down,down,down,down
2026-09-11,2026-09-14,086280,down,up,up,up,up,up,up,up,up
2026-09-11,2026-09-14,000720,down,down,down,down,down,down,down,down,down
2026-09-11,2026-09-14,278470,down,down,down,down,down,down,down,down,up
2026-09-11,2026-09-14,030200,up,up,up,up,up,up,up,up,up
2026-09-11,2026-09-14,003490,up,down,down,down,down,down,down,down,down
2026-09-11,2026-09-14,047050,down,down,down,down,down,down,down,down,down
2026-09-11,2026-09-14,003230,up,down,down,down,down,down,down,down,down
2026-09-11,2026-09-14,259960,down,up,down,up,up,up,up,up,up
2026-09-11,2026-09-14,021240,up,up,up,up,up,up,up,down,down
2026-09-11,2026-09-14,352820,up,down,down,down,down,down,down,down,down
2026-09-11,2026-09-14,009830,down,down,down,down,down,down,down,down,down
2026-09-11,2026-09-14,029780,down,up,up,up,up,up,up,up,up
2026-09-11,2026-09-14,028300,down,up,up,up,up,up,up,up,up
2026-09-11,2026-09-14,034220,down,down,down,down,down,down,down,down,down
2026-09-11,2026-09-14,002380,down,up,up,up,up,up,up,up,up
2026-09-11,2026-09-14,036460,down,down,down,down,down,up,down,down,down
2026-09-11,2026-09-14,004170,down,up,up,up,up,up,up,up,up
2026-09-11,2026-09-14,012750,up,up,up,up,up,up,up,up,up
2026-09-11,2026-09-14,111770,down,up,up,up,up,up,up,up,up
2026-09-11,2026-09-14,035250,flat,up,up,up,down,up,down,up,up
2026-09-11,2026-09-14,257720,up,down,up,down,down,down,down,down,down
2026-09-11,2026-09-14,226950,down,down,down,down,down,down,down,down,down
2026-09-11,2026-09-14,010170,up,down,down,down,down,down,down,down,down
2026-09-11,2026-09-14,214370,down,down,down,down,down,down,down,down,down
2026-09-11,2026-09-14,030000,up,up,up,up,up,up,up,up,up
2026-09-14,2026-09-15,005930,down,up,up,up,up,up,up,up,up
2026-09-14,2026-09-15,009150,down,up,up,up,up,down,up,up,down
2026-09-14,2026-09-15,373220,up,up,up,up,up,up,up,up,up
2026-09-14,2026-09-15,005380,down,down,down,down,down,down,down,down,down
2026-09-14,2026-09-15,207940,down,down,down,down,down,down,down,down,down
2026-09-14,2026-09-15,105560,down,up,up,up,up,up,up,up,down
2026-09-14,2026-09-15,028260,down,down,down,down,down,down,up,down,down
2026-09-14,2026-09-15,032830,down,up,up,up,up,up,up,up,up
2026-09-14,2026-09-15,012450,down,down,down,down,down,down,down,down,down
2026-09-14,2026-09-15,034020,down,down,down,down,up,down,up,up,up
2026-09-14,2026-09-15,329180,down,up,up,up,up,up,up,up,up
2026-09-14,2026-09-15,034730,down,down,down,down,down,down,down,down,down
2026-09-14,2026-09-15,012330,down,up,up,up,up,up,up,up,up
2026-09-14,2026-09-15,066570,up,down,down,down,down,down,up,down,down
2026-09-14,2026-09-15,035420,up,down,down,down,down,down,down,up,down
2026-09-14,2026-09-15,010120,down,down,down,down,down,down,down,down,down
2026-09-14,2026-09-15,000810,down,down,down,down,down,down,down,down,down
2026-09-14,2026-09-15,005490,up,down,down,down,down,down,up,down,down
2026-09-14,2026-09-15,010130,down,down,down,down,down,down,down,down,down
2026-09-14,2026-09-15,138040,down,down,down,down,down,down,down,down,down
2026-09-14,2026-09-15,015760,down,up,up,up,up,up,up,up,up
2026-09-14,2026-09-15,011200,down,down,down,down,down,down,down,down,down
2026-09-14,2026-09-15,051910,up,down,down,down,up,down,up,down,up
2026-09-14,2026-09-15,017670,down,down,down,down,down,down,down,down,down
2026-09-14,2026-09-15,033780,down,down,down,down,down,up,down,down,down
2026-09-14,2026-09-15,196170,flat,down,down,down,down,down,down,down,down
2026-09-14,2026-09-15,018260,up,down,down,down,down,down,down,down,down
2026-09-14,2026-09-15,086280,down,up,up,up,down,up,up,up,up
2026-09-14,2026-09-15,000720,flat,down,down,down,down,down,down,down,down
2026-09-14,2026-09-15,278470,down,down,down,down,down,down,down,down,up
2026-09-14,2026-09-15,030200,down,up,up,up,up,up,up,up,up
2026-09-14,2026-09-15,003490,down,down,down,down,down,down,down,down,down
2026-09-14,2026-09-15,047050,down,down,down,down,down,down,down,down,down
2026-09-14,2026-09-15,003230,down,down,down,down,down,down,down,down,down
2026-09-14,2026-09-15,259960,down,up,down,up,up,up,up,up,up
2026-09-14,2026-09-15,021240,up,down,down,down,down,down,down,down,down
2026-09-14,2026-09-15,352820,down,down,down,down,down,down,down,down,down
2026-09-14,2026-09-15,009830,down,down,down,down,down,down,down,up,down
2026-09-14,2026-09-15,029780,down,up,up,up,up,up,up,up,up
2026-09-14,2026-09-15,028300,up,up,up,up,up,up,up,up,up
2026-09-14,2026-09-15,034220,down,down,down,down,down,down,down,down,down
2026-09-14,2026-09-15,002380,down,up,up,up,up,up,up,up,up
2026-09-14,2026-09-15,036460,up,up,up,up,down,up,up,up,down
2026-09-14,2026-09-15,004170,down,up,up,down,up,down,up,up,up
2026-09-14,2026-09-15,012750,down,up,up,up,up,up,up,up,up
2026-09-14,2026-09-15,111770,down,up,up,up,up,up,up,up,up
2026-09-14,2026-09-15,035250,down,up,up,up,up,up,up,up,up
2026-09-14,2026-09-15,257720,down,down,down,down,down,down,down,down,down
2026-09-14,2026-09-15,226950,up,down,down,down,down,down,down,down,down
2026-09-14,2026-09-15,010170,down,down,down,down,down,down,down,down,down
2026-09-14,2026-09-15,214370,up,down,down,down,down,down,down,down,down
2026-09-14,2026-09-15,030000,down,up,up,up,up,up,up,up,up
2026-09-15,2026-09-16,005930,up,up,up,up,up,up,up,up,up
2026-09-15,2026-09-16,009150,up,up,up,up,up,down,up,up,up
2026-09-15,2026-09-16,373220,up,up,up,up,up,up,up,up,up
2026-09-15,2026-09-16,005380,down,down,down,down,down,down,down,down,down
2026-09-15,2026-09-16,207940,down,down,down,down,down,down,down,down,down
2026-09-15,2026-09-16,105560,up,up,up,up,up,up,up,up,up
2026-09-15,2026-09-16,028260,up,down,down,down,down,down,up,down,down
2026-09-15,2026-09-16,032830,down,up,up,up,up,up,up,up,up
2026-09-15,2026-09-16,012450,down,down,down,down,down,down,down,down,down
2026-09-15,2026-09-16,034020,down,down,down,down,up,down,up,up,up
2026-09-15,2026-09-16,329180,down,up,up,up,up,up,up,up,up
2026-09-15,2026-09-16,034730,up,down,down,down,down,down,down,down,down
2026-09-15,2026-09-16,012330,down,up,up,up,up,up,up,up,up
2026-09-15,2026-09-16,066570,down,down,down,down,down,down,up,down,down
2026-09-15,2026-09-16,035420,down,down,down,down,down,down,down,up,down
2026-09-15,2026-09-16,010120,up,down,down,down,down,down,down,down,down
2026-09-15,2026-09-16,000810,flat,down,down,down,down,down,down,down,down
2026-09-15,2026-09-16,005490,down,down,down,down,down,down,down,down,down
2026-09-15,2026-09-16,010130,down,down,down,down,down,down,down,down,down
2026-09-15,2026-09-16,138040,down,down,down,down,down,down,down,down,down
2026-09-15,2026-09-16,015760,down,up,up,up,up,up,up,up,up
2026-09-15,2026-09-16,011200,down,up,up,up,up,up,up,up,up
2026-09-15,2026-09-16,051910,down,down,down,down,down,down,up,down,up
2026-09-15,2026-09-16,017670,up,down,down,down,down,down,down,down,down
2026-09-15,2026-09-16,033780,up,up,up,up,up,up,up,up,up
2026-09-15,2026-09-16,196170,down,down,down,down,down,down,down,down,down
2026-09-15,2026-09-16,018260,down,down,down,down,down,down,down,down,down
2026-09-15,2026-09-16,086280,down,up,up,up,down,up,up,up,up
2026-09-15,2026-09-16,000720,down,down,down,down,down,down,down,down,down
2026-09-15,2026-09-16,278470,down,down,down,down,down,down,down,down,up
2026-09-15,2026-09-16,030200,down,up,up,up,up,up,up,up,up
2026-09-15,2026-09-16,003490,down,down,down,down,down,down,down,down,down
2026-09-15,2026-09-16,047050,down,down,down,down,down,down,down,down,down
2026-09-15,2026-09-16,003230,down,down,down,down,down,down,down,down,down
2026-09-15,2026-09-16,259960,down,up,down,up,up,up,up,up,up
2026-09-15,2026-09-16,021240,up,down,down,down,down,down,down,down,down
2026-09-15,2026-09-16,352820,down,down,down,down,down,down,down,down,down
2026-09-15,2026-09-16,009830,down,down,down,down,down,down,down,down,down
2026-09-15,2026-09-16,029780,down,up,up,up,up,up,up,up,up
2026-09-15,2026-09-16,028300,down,up,up,up,up,up,up,up,up
2026-09-15,2026-09-16,034220,down,down,down,down,down,down,down,down,down
2026-09-15,2026-09-16,002380,down,up,up,up,up,up,up,up,up
2026-09-15,2026-09-16,036460,down,down,down,down,down,up,down,down,down
2026-09-15,2026-09-16,004170,down,up,up,down,up,down,up,up,up
2026-09-15,2026-09-16,012750,up,up,up,up,up,up,up,up,up
2026-09-15,2026-09-16,111770,up,up,up,up,up,up,up,up,up
2026-09-15,2026-09-16,035250,down,up,up,up,down,up,down,up,up
2026-09-15,2026-09-16,257720,down,down,down,down,down,down,down,down,down
2026-09-15,2026-09-16,226950,up,down,down,down,down,down,down,down,down
2026-09-15,2026-09-16,010170,up,down,down,down,down,down,down,down,down
2026-09-15,2026-09-16,214370,down,down,down,down,down,down,down,down,down
2026-09-15,2026-09-16,030000,down,up,up,up,up,up,up,up,up
2026-09-16,2026-09-17,005930,down,up,up,up,up,up,up,up,up
2026-09-16,2026-09-17,009150,down,up,up,up,up,up,up,up,up
2026-09-16,2026-09-17,373220,down,up,up,up,up,up,up,up,up
2026-09-16,2026-09-17,005380,up,down,down,down,down,down,down,down,down
2026-09-16,2026-09-17,207940,down,down,down,down,down,down,down,down,down
2026-09-16,2026-09-17,105560,up,up,up,up,up,up,up,up,up
2026-09-16,2026-09-17,028260,up,down,down,down,down,down,up,down,down
2026-09-16,2026-09-17,032830,down,up,up,up,up,up,up,up,up
2026-09-16,2026-09-17,012450,up,down,down,down,down,down,down,down,down
2026-09-16,2026-09-17,034020,up,down,down,down,up,down,up,up,up
2026-09-16,2026-09-17,329180,up,up,up,up,up,up,up,up,up
2026-09-16,2026-09-17,034730,down,down,down,down,down,down,down,down,down
2026-09-16,2026-09-17,012330,down,up,up,up,up,up,up,up,up
2026-09-16,2026-09-17,066570,down,down,down,down,down,down,down,down,down
2026-09-16,2026-09-17,035420,down,down,down,down,down,down,down,up,down
2026-09-16,2026-09-17,010120,up,down,down,down,down,down,down,down,down
2026-09-16,2026-09-17,000810,up,down,down,down,down,down,down,down,down
2026-09-16,2026-09-17,005490,flat,down,down,down,down,down,up,down,down
2026-09-16,2026-09-17,010130,down,down,down,down,down,down,down,down,down
2026-09-16,2026-09-17,138040,up,up,up,up,up,up,up,up,up
2026-09-16,2026-09-17,015760,up,up,up,up,up,up,up,up,up
2026-09-16,2026-09-17,011200,up,up,up,up,up,up,up,up,up
2026-09-16,2026-09-17,051910,down,down,down,down,down,down,up,down,up
2026-09-16,2026-09-17,017670,down,down,down,down,down,down,down,down,down
2026-09-16,2026-09-17,033780,up,down,down,down,down,up,down,down,down
2026-09-16,2026-09-17,196170,down,down,down,down,down,down,down,down,down
2026-09-16,2026-09-17,018260,down,down,down,down,down,down,down,down,down
2026-09-16,2026-09-17,086280,up,down,down,down,down,down,down,down,down
2026-09-16,2026-09-17,000720,up,down,down,down,down,down,down,down,down
2026-09-16,2026-09-17,278470,flat,down,down,down,down,down,down,down,up
2026-09-16,2026-09-17,030200,up,up,up,up,up,up,up,up,up
2026-09-16,2026-09-17,003490,up,down,up,down,down,down,down,down,down
2026-09-16,2026-09-17,047050,up,down,down,down,down,down,down,down,down
2026-09-16,2026-09-17,003230,up,down,down,down,down,down,down,down,down
2026-09-16,2026-09-17,259960,flat,up,up,up,up,up,up,up,up
2026-09-16,2026-09-17,021240,flat,down,down,down,down,down,down,down,down
2026-09-16,2026-09-17,352820,down,down,down,down,down,down,down,down,down
2026-09-16,2026-09-17,009830,down,down,down,down,down,down,down,up,down
2026-09-16,2026-09-17,029780,up,up,up,up,up,up,up,up,up
2026-09-16,2026-09-17,028300,up,up,up,up,up,up,up,up,up
2026-09-16,2026-09-17,034220,down,down,down,down,down,down,down,down,down
2026-09-16,2026-09-17,002380,down,up,up,up,up,up,up,up,up
2026-09-16,2026-09-17,036460,up,up,up,up,down,up,up,up,up
2026-09-16,2026-09-17,004170,down,up,up,up,up,up,up,up,up
2026-09-16,2026-09-17,012750,up,up,up,up,up,up,up,up,up
2026-09-16,2026-09-17,111770,up,up,up,up,down,up,up,up,up
2026-09-16,2026-09-17,035250,up,up,up,up,up,up,up,up,up
2026-09-16,2026-09-17,257720,down,down,up,down,down,down,down,up,up
2026-09-16,2026-09-17,226950,up,down,down,down,down,down,down,down,down
2026-09-16,2026-09-17,010170,up,down,down,down,down,down,down,down,down
2026-09-16,2026-09-17,214370,down,down,down,down,down,down,down,down,down
2026-09-16,2026-09-17,030000,down,up,up,up,up,up,up,up,up
2026-09-17,2026-09-18,005930,up,up,up,up,up,down,up,up,up
2026-09-17,2026-09-18,009150,up,up,up,up,up,down,up,up,up
2026-09-17,2026-09-18,373220,down,up,up,up,up,up,up,up,up
2026-09-17,2026-09-18,005380,up,down,down,down,down,down,down,down,down
2026-09-17,2026-09-18,207940,up,down,down,down,down,down,down,down,down
2026-09-17,2026-09-18,105560,down,up,up,up,up,up,up,up,up
2026-09-17,2026-09-18,028260,down,down,down,down,down,down,up,down,down
2026-09-17,2026-09-18,032830,up,up,up,up,up,up,up,up,up
2026-09-17,2026-09-18,012450,down,down,down,down,down,down,down,down,down
2026-09-17,2026-09-18,034020,down,down,down,down,down,down,up,up,up
2026-09-17,2026-09-18,329180,down,up,up,up,up,up,up,up,up
2026-09-17,2026-09-18,034730,up,down,down,down,down,down,down,down,down
2026-09-17,2026-09-18,012330,down,up,up,up,up,up,up,up,up
2026-09-17,2026-09-18,066570,up,down,down,down,down,down,down,down,down
2026-09-17,2026-09-18,035420,down,down,down,down,down,down,down,up,down
2026-09-17,2026-09-18,010120,up,down,down,down,down,down,down,down,down
2026-09-17,2026-09-18,000810,down,down,down,down,down,down,down,down,down
2026-09-17,2026-09-18,005490,down,down,down,down,down,down,down,down,down
2026-09-17,2026-09-18,010130,flat,down,down,down,down,down,down,down,down
2026-09-17,2026-09-18,138040,flat,down,down,down,down,down,down,down,down
2026-09-17,2026-09-18,015760,down,up,up,up,up,up,up,up,up
2026-09-17,2026-09-18,011200,up,down,down,down,down,down,down,down,down
2026-09-17,2026-09-18,051910,down,down,down,down,down,down,up,down,up
2026-09-17,2026-09-18,017670,up,down,down,down,down,down,down,down,down
2026-09-17,2026-09-18,033780,down,down,down,down,down,up,down,down,down
2026-09-17,2026-09-18,196170,down,down,down,down,down,down,down,down,down
2026-09-17,2026-09-18,018260,up,down,down,down,down,down,down,down,down
2026-09-17,2026-09-18,086280,down,up,up,up,down,up,up,up,up
2026-09-17,2026-09-18,000720,down,down,down,down,down,down,down,down,down
2026-09-17,2026-09-18,278470,up,down,down,down,down,down,down,down,up
2026-09-17,2026-09-18,030200,down,up,up,up,up,up,up,up,up
2026-09-17,2026-09-18,003490,down,down,down,down,down,down,down,down,down
2026-09-17,2026-09-18,047050,down,down,down,down,down,down,down,down,down
2026-09-17,2026-09-18,003230,up,down,down,down,down,down,down,down,down
2026-09-17,2026-09-18,259960,up,up,down,up,up,up,up,up,up
2026-09-17,2026-09-18,021240,down,down,down,down,down,down,down,down,down
2026-09-17,2026-09-18,352820,up,down,down,down,down,down,down,down,down
2026-09-17,2026-09-18,009830,flat,down,down,down,down,down,down,down,down
2026-09-17,2026-09-18,029780,down,up,up,up,up,up,up,up,up
2026-09-17,2026-09-18,028300,down,up,up,up,up,up,up,up,up
2026-09-17,2026-09-18,034220,up,down,down,down,down,down,down,down,down
2026-09-17,2026-09-18,002380,up,up,up,up,up,up,up,up,up
2026-09-17,2026-09-18,036460,down,down,down,down,down,up,down,down,down
2026-09-17,2026-09-18,004170,up,up,up,up,up,up,up,up,up
2026-09-17,2026-09-18,012750,down,up,up,up,up,up,up,up,up
2026-09-17,2026-09-18,111770,down,up,up,up,up,up,up,up,up
2026-09-17,2026-09-18,035250,down,up,up,up,down,up,up,up,up
2026-09-17,2026-09-18,257720,down,down,up,down,down,down,down,down,down
2026-09-17,2026-09-18,226950,down,down,down,down,down,down,down,down,down
2026-09-17,2026-09-18,010170,up,down,down,down,down,down,down,down,down
2026-09-17,2026-09-18,214370,down,down,down,down,down,down,down,down,down
2026-09-17,2026-09-18,030000,down,down,down,down,down,down,down,down,down
2026-09-18,2026-09-21,005930,up,up,up,up,up,down,up,up,down
2026-09-18,2026-09-21,009150,up,up,up,up,up,up,up,up,up
2026-09-18,2026-09-21,373220,down,up,up,up,up,up,up,up,up
2026-09-18,2026-09-21,005380,down,down,down,down,down,down,down,down,down
2026-09-18,2026-09-21,207940,up,down,down,down,down,down,down,down,down
2026-09-18,2026-09-21,105560,up,up,up,up,up,up,up,up,up
2026-09-18,2026-09-21,028260,up,down,down,down,down,down,up,down,down
2026-09-18,2026-09-21,032830,up,up,up,up,up,up,up,up,up
2026-09-18,2026-09-21,012450,down,down,down,down,down,down,down,down,down
2026-09-18,2026-09-21,034020,up,down,down,down,down,down,up,up,up
2026-09-18,2026-09-21,329180,down,up,up,up,up,up,up,up,up
2026-09-18,2026-09-21,034730,up,down,down,down,down,down,down,down,down
2026-09-18,2026-09-21,012330,down,up,up,up,up,up,up,up,up
2026-09-18,2026-09-21,066570,up,down,down,down,down,down,up,down,down
2026-09-18,2026-09-21,035420,up,down,down,down,down,down,down,up,down
2026-09-18,2026-09-21,010120,down,down,down,down,down,down,down,down,down
2026-09-18,2026-09-21,000810,down,down,down,down,down,down,down,down,down
2026-09-18,2026-09-21,005490,down,down,down,down,down,down,up,down,down
2026-09-18,2026-09-21,010130,flat,down,down,down,down,down,down,down,down
2026-09-18,2026-09-21,138040,up,down,down,down,down,down,down,down,down
2026-09-18,2026-09-21,015760,up,up,up,up,up,up,up,up,up
2026-09-18,2026-09-21,011200,up,down,down,down,down,down,down,down,down
2026-09-18,2026-09-21,051910,down,down,down,down,down,down,up,down,up
2026-09-18,2026-09-21,017670,down,down,down,down,down,down,down,down,down
2026-09-18,2026-09-21,033780,up,up,up,up,down,up,up,up,up
2026-09-18,2026-09-21,196170,up,down,down,down,down,down,down,down,down
2026-09-18,2026-09-21,018260,up,down,down,down,down,down,down,down,down
2026-09-18,2026-09-21,086280,down,down,down,down,down,down,down,down,down
2026-09-18,2026-09-21,000720,up,down,down,down,down,down,down,down,down
2026-09-18,2026-09-21,278470,down,down,down,down,down,down,down,down,up
2026-09-18,2026-09-21,030200,up,up,up,up,up,up,up,up,up
2026-09-18,2026-09-21,003490,down,down,down,down,down,down,down,down,down
2026-09-18,2026-09-21,047050,up,down,down,down,down,down,down,down,down
2026-09-18,2026-09-21,003230,down,down,down,down,down,down,down,down,down
2026-09-18,2026-09-21,259960,down,up,down,up,up,up,up,up,up
2026-09-18,2026-09-21,021240,down,up,up,up,up,up,up,up,up
2026-09-18,2026-09-21,352820,down,down,down,down,down,down,down,down,down
2026-09-18,2026-09-21,009830,down,down,down,down,down,down,down,up,down
2026-09-18,2026-09-21,029780,down,up,up,up,up,up,up,up,up
2026-09-18,2026-09-21,028300,up,up,up,up,up,up,up,up,up
2026-09-18,2026-09-21,034220,up,down,down,down,down,down,down,down,down
2026-09-18,2026-09-21,002380,down,up,up,up,down,up,up,up,up
2026-09-18,2026-09-21,036460,up,up,up,up,down,up,up,up,up
2026-09-18,2026-09-21,004170,down,down,down,down,down,down,down,down,down
2026-09-18,2026-09-21,012750,up,up,up,up,up,up,up,up,up
2026-09-18,2026-09-21,111770,down,up,up,up,up,up,up,up,up
2026-09-18,2026-09-21,035250,down,up,up,up,up,up,up,up,up
2026-09-18,2026-09-21,257720,down,down,down,down,down,down,down,up,down
2026-09-18,2026-09-21,226950,down,down,down,down,down,down,down,down,down
2026-09-18,2026-09-21,010170,down,down,down,down,down,down,down,down,down
2026-09-18,2026-09-21,214370,up,down,down,down,down,down,down,down,down
2026-09-18,2026-09-21,030000,up,up,up,up,down,up,up,down,down
2026-09-21,2026-09-22,005930,up,down,down,down,down,down,down,down,down
2026-09-21,2026-09-22,009150,up,up,up,up,up,up,up,up,up
2026-09-21,2026-09-22,373220,down,up,up,up,up,up,up,up,up
2026-09-21,2026-09-22,005380,up,down,down,down,down,down,down,down,down
2026-09-21,2026-09-22,207940,down,down,down,down,down,down,down,down,down
2026-09-21,2026-09-22,105560,down,up,up,up,up,up,up,up,up
2026-09-21,2026-09-22,028260,down,down,down,down,down,down,up,down,down
2026-09-21,2026-09-22,032830,flat,up,up,up,up,up,up,up,down
2026-09-21,2026-09-22,012450,down,down,down,down,down,down,down,down,down
2026-09-21,2026-09-22,034020,up,down,down,down,down,down,up,up,up
2026-09-21,2026-09-22,329180,up,up,up,up,up,up,up,up,up
2026-09-21,2026-09-22,034730,up,down,down,down,down,down,down,down,down
2026-09-21,2026-09-22,012330,down,up,up,up,up,up,up,up,up
2026-09-21,2026-09-22,066570,up,down,down,down,down,down,up,down,down
2026-09-21,2026-09-22,035420,up,down,down,down,down,down,down,up,down
2026-09-21,2026-09-22,010120,up,down,down,down,down,down,down,down,down
2026-09-21,2026-09-22,000810,up,down,down,down,down,down,down,down,down
2026-09-21,2026-09-22,005490,up,down,down,down,down,down,up,down,down
2026-09-21,2026-09-22,010130,down,down,down,down,down,down,down,down,down
2026-09-21,2026-09-22,138040,down,down,down,down,down,down,down,down,down
2026-09-21,2026-09-22,015760,flat,up,up,up,up,up,up,up,up
2026-09-21,2026-09-22,011200,up,down,down,down,down,down,down,down,down
2026-09-21,2026-09-22,051910,down,down,down,down,down,down,up,down,up
2026-09-21,2026-09-22,017670,up,down,down,down,down,down,down,down,down
2026-09-21,2026-09-22,033780,up,down,down,down,down,up,down,down,down
2026-09-21,2026-09-22,196170,down,down,down,down,down,down,down,down,down
2026-09-21,2026-09-22,018260,up,down,down,down,down,down,down,down,down
2026-09-21,2026-09-22,086280,flat,down,down,down,down,down,down,down,down
2026-09-21,2026-09-22,000720,up,down,down,down,down,down,down,down,down
2026-09-21,2026-09-22,278470,down,down,down,down,down,down,down,down,up
2026-09-21,2026-09-22,030200,flat,up,up,up,up,up,up,up,up
2026-09-21,2026-09-22,003490,up,down,up,down,down,down,down,down,down
2026-09-21,2026-09-22,047050,down,down,down,down,down,down,down,down,down
2026-09-21,2026-09-22,003230,down,down,down,down,down,down,down,down,down
2026-09-21,2026-09-22,259960,up,up,up,up,up,up,up,up,up
2026-09-21,2026-09-22,021240,up,up,up,up,up,up,up,up,down
2026-09-21,2026-09-22,352820,down,down,down,down,down,down,down,down,down
2026-09-21,2026-09-22,009830,down,down,down,down,down,down,down,up,down
2026-09-21,2026-09-22,029780,down,up,up,up,up,up,up,up,up
2026-09-21,2026-09-22,028300,down,up,up,up,up,up,up,up,up
2026-09-21,2026-09-22,034220,down,down,down,down,down,down,down,down,down
2026-09-21,2026-09-22,002380,up,up,up,up,down,up,up,up,up
2026-09-21,2026-09-22,036460,up,down,down,down,down,up,down,down,down
2026-09-21,2026-09-22,004170,flat,down,down,down,down,down,up,down,down
2026-09-21,2026-09-22,012750,down,up,up,up,up,up,up,up,up
2026-09-21,2026-09-22,111770,up,up,up,up,up,up,up,up,up
2026-09-21,2026-09-22,035250,up,up,up,up,down,down,down,up,up
2026-09-21,2026-09-22,257720,down,down,down,down,down,down,down,down,down
2026-09-21,2026-09-22,226950,down,down,down,down,down,down,down,down,down
2026-09-21,2026-09-22,010170,up,down,down,down,down,down,down,down,down
2026-09-21,2026-09-22,214370,down,down,down,down,down,down,down,down,down
2026-09-21,2026-09-22,030000,up,down,down,down,down,down,down,down,down
2026-09-22,2026-09-23,005930,up,down,down,down,down,down,down,down,down
2026-09-22,2026-09-23,009150,up,up,up,up,up,up,up,up,up
2026-09-22,2026-09-23,373220,up,up,up,up,up,up,up,up,up
2026-09-22,2026-09-23,005380,down,down,down,down,down,down,down,down,down
2026-09-22,2026-09-23,207940,down,down,down,down,down,down,down,down,down
2026-09-22,2026-09-23,105560,down,up,up,up,up,up,up,up,down
2026-09-22,2026-09-23,028260,flat,down,down,down,down,down,down,down,down
2026-09-22,2026-09-23,032830,up,up,up,up,up,up,up,up,down
2026-09-22,2026-09-23,012450,down,down,down,down,down,down,down,down,down
2026-09-22,2026-09-23,034020,down,down,down,down,down,down,up,up,down
2026-09-22,2026-09-23,329180,down,up,up,up,up,up,up,up,up
2026-09-22,2026-09-23,034730,up,down,down,down,down,down,down,down,down
2026-09-22,2026-09-23,012330,down,up,up,up,up,up,up,up,up
2026-09-22,2026-09-23,066570,down,down,down,down,down,down,up,down,down
2026-09-22,2026-09-23,035420,down,down,down,down,down,down,down,up,down
2026-09-22,2026-09-23,010120,down,down,down,down,down,down,down,down,down
2026-09-22,2026-09-23,000810,down,down,down,down,down,down,down,down,down
2026-09-22,2026-09-23,005490,down,down,down,down,down,down,down,down,down
2026-09-22,2026-09-23,010130,up,down,down,down,down,down,down,down,down
2026-09-22,2026-09-23,138040,down,down,down,down,down,down,down,down,down
2026-09-22,2026-09-23,015760,down,up,up,up,up,up,up,up,up
2026-09-22,2026-09-23,011200,down,down,down,down,down,down,down,down,down
2026-09-22,2026-09-23,051910,down,down,down,down,down,down,up,down,up
2026-09-22,2026-09-23,017670,down,down,down,down,down,down,down,down,down
2026-09-22,2026-09-23,033780,down,down,down,down,down,down,down,down,down
2026-09-22,2026-09-23,196170,up,down,down,down,down,down,down,down,down
2026-09-22,2026-09-23,018260,down,down,down,down,down,down,down,down,down
2026-09-22,2026-09-23,086280,down,down,down,down,down,down,down,down,down
2026-09-22,2026-09-23,000720,down,down,down,down,down,down,down,down,down
2026-09-22,2026-09-23,278470,up,down,down,down,down,down,down,down,up
2026-09-22,2026-09-23,030200,down,up,up,up,up,up,up,up,up
2026-09-22,2026-09-23,003490,up,down,down,down,down,down,down,down,down
2026-09-22,2026-09-23,047050,down,down,down,down,down,down,down,down,down
2026-09-22,2026-09-23,003230,down,down,down,down,down,down,down,down,down
2026-09-22,2026-09-23,259960,down,up,down,up,up,up,up,up,up
2026-09-22,2026-09-23,021240,flat,down,down,down,down,down,down,up,down
2026-09-22,2026-09-23,352820,up,down,down,down,down,down,down,down,down
2026-09-22,2026-09-23,009830,up,down,down,down,down,down,down,up,down
2026-09-22,2026-09-23,029780,down,up,up,up,up,up,up,up,up
2026-09-22,2026-09-23,028300,down,up,up,up,up,down,up,up,up
2026-09-22,2026-09-23,034220,up,down,down,down,down,down,down,down,down
2026-09-22,2026-09-23,002380,up,up,up,up,down,up,up,up,up
2026-09-22,2026-09-23,036460,down,down,down,down,down,up,down,down,down
2026-09-22,2026-09-23,004170,down,up,up,up,up,up,up,up,up
2026-09-22,2026-09-23,012750,down,down,down,down,down,down,down,down,down
2026-09-22,2026-09-23,111770,down,up,up,up,down,up,up,up,down
2026-09-22,2026-09-23,035250,down,up,up,up,down,down,down,up,up
2026-09-22,2026-09-23,257720,down,down,down,down,down,down,down,up,down
2026-09-22,2026-09-23,226950,up,down,down,down,down,down,down,down,down
2026-09-22,2026-09-23,010170,down,down,down,down,down,down,down,down,down
2026-09-22,2026-09-23,214370,up,down,down,down,down,down,down,down,down
2026-09-22,2026-09-23,030000,up,down,down,down,down,down,down,down,down
2026-09-23,2026-09-28,005930,down,down,down,down,down,up,down,down,down
2026-09-23,2026-09-28,009150,down,up,up,up,up,up,up,up,up
2026-09-23,2026-09-28,373220,up,up,up,up,up,up,up,up,up
2026-09-23,2026-09-28,005380,up,down,down,down,down,down,down,down,down
2026-09-23,2026-09-28,207940,up,down,down,down,down,down,down,down,down
2026-09-23,2026-09-28,105560,up,up,up,up,up,up,up,up,up
2026-09-23,2026-09-28,028260,down,down,down,down,down,down,up,down,down
2026-09-23,2026-09-28,032830,up,up,up,up,up,up,up,up,down
2026-09-23,2026-09-28,012450,up,down,down,down,down,down,down,down,down
2026-09-23,2026-09-28,034020,up,down,down,down,down,down,up,up,down
2026-09-23,2026-09-28,329180,up,up,up,up,up,up,up,up,up
2026-09-23,2026-09-28,034730,down,down,down,down,down,down,down,down,down
2026-09-23,2026-09-28,012330,up,up,up,up,up,up,up,up,up
2026-09-23,2026-09-28,066570,up,down,down,down,down,down,down,down,down
2026-09-23,2026-09-28,035420,up,down,down,down,down,down,down,up,down
2026-09-23,2026-09-28,010120,down,down,down,down,down,down,down,down,down
2026-09-23,2026-09-28,000810,up,down,down,down,down,down,down,down,down
2026-09-23,2026-09-28,005490,up,down,down,down,down,down,up,down,down
2026-09-23,2026-09-28,010130,down,down,down,down,down,down,down,down,down
2026-09-23,2026-09-28,138040,up,down,down,down,down,down,down,down,down
2026-09-23,2026-09-28,015760,up,up,up,up,up,up,up,up,up
2026-09-23,2026-09-28,011200,up,down,down,down,down,down,down,down,down
2026-09-23,2026-09-28,051910,up,down,down,down,down,down,up,down,up
2026-09-23,2026-09-28,017670,up,down,down,down,down,down,down,down,down
2026-09-23,2026-09-28,033780,up,up,up,up,up,down,up,up,up
2026-09-23,2026-09-28,196170,up,down,down,down,down,down,down,down,down
2026-09-23,2026-09-28,018260,down,down,down,down,down,down,down,down,down
2026-09-23,2026-09-28,086280,up,down,down,down,down,down,down,down,down
2026-09-23,2026-09-28,000720,up,down,down,down,down,down,down,down,down
2026-09-23,2026-09-28,278470,flat,down,down,down,down,down,down,down,down
2026-09-23,2026-09-28,030200,up,up,up,up,up,up,up,up,up
2026-09-23,2026-09-28,003490,up,down,down,down,down,down,down,down,down
2026-09-23,2026-09-28,047050,up,down,down,down,down,down,down,down,down
2026-09-23,2026-09-28,003230,flat,down,down,down,down,down,down,down,down
2026-09-23,2026-09-28,259960,up,up,up,up,up,up,up,up,up
2026-09-23,2026-09-28,021240,up,down,down,down,down,down,down,down,down
2026-09-23,2026-09-28,352820,up,down,down,down,down,down,down,down,down
2026-09-23,2026-09-28,009830,up,down,down,down,down,down,down,up,down
2026-09-23,2026-09-28,029780,up,up,up,up,up,up,up,up,up
2026-09-23,2026-09-28,028300,up,up,up,up,up,up,up,up,up
2026-09-23,2026-09-28,034220,down,down,down,down,down,down,down,down,down
2026-09-23,2026-09-28,002380,up,up,up,up,down,up,up,down,down
2026-09-23,2026-09-28,036460,down,up,up,up,down,down,up,up,down
2026-09-23,2026-09-28,004170,down,up,up,up,up,up,up,up,up
2026-09-23,2026-09-28,012750,flat,down,down,down,down,down,down,down,down
2026-09-23,2026-09-28,111770,up,up,up,up,up,up,up,up,up
2026-09-23,2026-09-28,035250,up,up,up,up,down,down,down,up,up
2026-09-23,2026-09-28,257720,down,down,up,down,down,down,down,up,down
2026-09-23,2026-09-28,226950,up,down,down,down,down,down,down,down,down
2026-09-23,2026-09-28,010170,down,down,down,down,down,down,down,down,down
2026-09-23,2026-09-28,214370,down,down,down,down,down,down,down,down,down
2026-09-23,2026-09-28,030000,up,up,up,up,up,up,up,up,up
2026-09-28,2026-09-29,005930,up,up,up,up,up,up,up,up,down
2026-09-28,2026-09-29,009150,up,up,up,up,up,up,up,up,down
2026-09-28,2026-09-29,373220,down,up,up,up,up,up,up,up,up
2026-09-28,2026-09-29,005380,down,down,down,down,down,down,up,down,down
2026-09-28,2026-09-29,207940,down,down,down,down,down,down,down,down,down
2026-09-28,2026-09-29,105560,down,up,up,up,up,up,up,up,up
2026-09-28,2026-09-29,028260,down,down,down,down,down,down,up,down,down
2026-09-28,2026-09-29,032830,down,up,up,up,up,up,up,up,down
2026-09-28,2026-09-29,012450,down,down,down,down,down,down,down,down,down
2026-09-28,2026-09-29,034020,down,down,down,down,down,down,up,up,down
2026-09-28,2026-09-29,329180,down,up,up,up,up,up,up,up,up
2026-09-28,2026-09-29,034730,up,down,down,down,down,down,down,down,down
2026-09-28,2026-09-29,012330,down,up,up,up,up,up,up,up,up
2026-09-28,2026-09-29,066570,down,down,down,down,down,down,up,down,down
2026-09-28,2026-09-29,035420,down,down,down,down,down,down,down,down,down
2026-09-28,2026-09-29,010120,up,down,down,down,down,down,down,down,down
2026-09-28,2026-09-29,000810,down,down,down,down,down,down,down,down,down
2026-09-28,2026-09-29,005490,down,down,down,down,down,down,down,down,down
2026-09-28,2026-09-29,010130,down,down,down,down,down,down,down,down,down
2026-09-28,2026-09-29,138040,down,down,down,down,down,down,down,down,down
2026-09-28,2026-09-29,015760,down,up,up,up,up,up,up,up,up
2026-09-28,2026-09-29,011200,down,down,down,down,down,down,down,down,down
2026-09-28,2026-09-29,051910,down,down,down,down,down,down,down,down,down
2026-09-28,2026-09-29,017670,down,down,down,down,down,down,down,down,down
2026-09-28,2026-09-29,033780,up,down,down,down,down,down,down,down,down
2026-09-28,2026-09-29,196170,up,down,down,down,down,down,down,down,down
2026-09-28,2026-09-29,018260,down,down,down,down,down,down,down,down,down
2026-09-28,2026-09-29,086280,down,down,down,up,down,down,down,down,down
2026-09-28,2026-09-29,000720,down,down,down,down,down,down,down,down,down
2026-09-28,2026-09-29,278470,down,down,down,down,down,down,down,down,up
2026-09-28,2026-09-29,030200,flat,up,up,up,up,up,up,up,up
2026-09-28,2026-09-29,003490,down,down,down,down,down,down,down,down,down
2026-09-28,2026-09-29,047050,down,down,down,down,down,down,down,down,down
2026-09-28,2026-09-29,003230,up,down,down,down,down,down,down,down,down
2026-09-28,2026-09-29,259960,down,up,down,up,up,up,up,up,up
2026-09-28,2026-09-29,021240,flat,down,down,down,down,down,down,down,down
2026-09-28,2026-09-29,352820,down,down,down,down,down,down,down,down,down
2026-09-28,2026-09-29,009830,down,down,down,down,down,down,down,down,down
2026-09-28,2026-09-29,029780,down,up,up,up,up,up,up,up,up
2026-09-28,2026-09-29,028300,up,down,down,down,down,up,down,down,down
2026-09-28,2026-09-29,034220,down,down,down,down,down,down,down,down,down
2026-09-28,2026-09-29,002380,down,down,down,down,down,down,up,down,down
2026-09-28,2026-09-29,036460,flat,up,up,up,down,down,up,up,down
2026-09-28,2026-09-29,004170,down,up,up,up,up,up,up,up,up
2026-09-28,2026-09-29,012750,up,down,down,down,down,down,down,down,down
2026-09-28,2026-09-29,111770,down,down,down,down,down,down,down,down,down
2026-09-28,2026-09-29,035250,down,up,up,up,down,down,down,up,up
2026-09-28,2026-09-29,257720,down,down,down,down,down,down,down,down,down
2026-09-28,2026-09-29,226950,down,down,down,down,down,down,down,down,down
2026-09-28,2026-09-29,010170,down,down,down,down,down,down,down,down,down
2026-09-28,2026-09-29,214370,up,down,down,down,down,down,down,down,down
2026-09-28,2026-09-29,030000,up,up,up,up,up,up,up,up,up
2026-09-29,2026-09-30,005930,down,up,up,up,up,up,up,up,up
2026-09-29,2026-09-30,009150,down,up,up,up,up,up,up,up,up
2026-09-29,2026-09-30,373220,up,up,up,up,up,up,up,up,up
2026-09-29,2026-09-30,005380,down,down,down,down,down,down,up,down,down
2026-09-29,2026-09-30,207940,up,down,down,down,down,down,down,down,down
2026-09-29,2026-09-30,105560,down,up,up,up,up,up,up,up,down
2026-09-29,2026-09-30,028260,down,down,down,down,down,down,up,down,down
2026-09-29,2026-09-30,032830,down,up,up,up,up,up,up,up,up
2026-09-29,2026-09-30,012450,down,down,down,down,down,down,down,down,down
2026-09-29,2026-09-30,034020,up,down,down,down,down,down,up,up,down
2026-09-29,2026-09-30,329180,up,up,up,up,up,up,up,up,up
2026-09-29,2026-09-30,034730,up,down,down,down,down,down,down,down,down
2026-09-29,2026-09-30,012330,flat,up,up,up,up,up,up,up,up
2026-09-29,2026-09-30,066570,down,down,down,down,down,down,down,down,down
2026-09-29,2026-09-30,035420,down,down,down,down,down,down,down,up,down
2026-09-29,2026-09-30,010120,flat,down,down,down,down,down,down,down,down
2026-09-29,2026-09-30,000810,down,down,down,down,down,down,down,down,down
2026-09-29,2026-09-30,005490,up,down,down,down,down,down,up,down,down
2026-09-29,2026-09-30,010130,up,down,down,down,down,down,down,down,down
2026-09-29,2026-09-30,138040,down,down,down,down,down,down,down,down,down
2026-09-29,2026-09-30,015760,down,up,up,up,up,up,up,up,up
2026-09-29,2026-09-30,011200,down,down,down,down,down,down,down,down,down
2026-09-29,2026-09-30,051910,up,down,down,down,down,down,up,down,up
2026-09-29,2026-09-30,017670,down,down,down,down,down,down,down,down,down
2026-09-29,2026-09-30,033780,down,down,down,down,down,down,down,down,down
2026-09-29,2026-09-30,196170,up,down,down,down,down,down,down,down,down
2026-09-29,2026-09-30,018260,up,down,down,down,down,down,down,down,down
2026-09-29,2026-09-30,086280,down,up,up,up,up,up,up,up,up
2026-09-29,2026-09-30,000720,up,down,down,down,down,down,down,down,down
2026-09-29,2026-09-30,278470,up,down,down,down,down,down,down,down,down
2026-09-29,2026-09-30,030200,down,up,up,up,up,up,up,up,up
2026-09-29,2026-09-30,003490,up,down,down,down,down,down,down,down,down
2026-09-29,2026-09-30,047050,up,down,down,down,down,down,down,down,down
2026-09-29,2026-09-30,003230,down,down,down,down,down,down,down,down,down
2026-09-29,2026-09-30,259960,down,up,up,up,up,up,up,up,up
2026-09-29,2026-09-30,021240,down,down,down,down,down,down,down,down,down
2026-09-29,2026-09-30,352820,down,down,down,down,down,down,down,down,down
2026-09-29,2026-09-30,009830,up,down,down,down,down,down,down,down,down
2026-09-29,2026-09-30,029780,down,up,up,up,up,up,up,up,up
2026-09-29,2026-09-30,028300,up,down,down,down,down,down,down,down,down
2026-09-29,2026-09-30,034220,down,down,down,down,down,down,down,down,down
2026-09-29,2026-09-30,002380,down,up,up,up,down,up,up,up,up
2026-09-29,2026-09-30,036460,down,down,down,down,down,down,down,down,down
2026-09-29,2026-09-30,004170,down,down,down,down,down,up,up,down,down
2026-09-29,2026-09-30,012750,down,down,down,down,down,down,down,down,down
2026-09-29,2026-09-30,111770,down,down,down,down,down,up,down,down,down
2026-09-29,2026-09-30,035250,down,up,up,up,down,down,down,up,up
2026-09-29,2026-09-30,257720,flat,down,up,down,down,down,down,down,down
2026-09-29,2026-09-30,226950,down,down,down,down,down,down,down,down,down
2026-09-29,2026-09-30,010170,up,down,down,down,down,down,down,down,down
2026-09-29,2026-09-30,214370,down,down,down,down,down,down,down,down,down
2026-09-29,2026-09-30,030000,up,up,up,up,up,up,up,up,up
2026-09-30,2026-10-01,005930,up,up,up,up,up,up,up,up,up
2026-09-30,2026-10-01,009150,up,up,up,up,up,up,up,up,up
2026-09-30,2026-10-01,373220,up,up,up,up,up,up,up,up,up
2026-09-30,2026-10-01,005380,up,down,down,down,down,down,up,down,down
2026-09-30,2026-10-01,207940,up,down,down,down,down,down,down,down,down
2026-09-30,2026-10-01,105560,down,up,up,up,up,up,up,up,up
2026-09-30,2026-10-01,028260,up,down,down,down,down,down,up,down,down
2026-09-30,2026-10-01,032830,up,up,up,up,up,up,up,up,up
2026-09-30,2026-10-01,012450,up,down,down,down,down,down,down,down,down
2026-09-30,2026-10-01,034020,up,down,down,down,down,down,up,up,up
2026-09-30,2026-10-01,329180,down,up,up,up,up,up,up,up,up
2026-09-30,2026-10-01,034730,down,down,down,down,down,down,down,down,down
2026-09-30,2026-10-01,012330,up,up,up,up,up,up,up,up,up
2026-09-30,2026-10-01,066570,down,down,down,down,down,down,down,down,down
2026-09-30,2026-10-01,035420,down,down,down,down,down,down,down,up,down
2026-09-30,2026-10-01,010120,up,down,down,down,down,down,down,down,down
2026-09-30,2026-10-01,000810,down,down,down,down,down,down,down,down,down
2026-09-30,2026-10-01,005490,up,down,down,down,down,down,down,down,down
2026-09-30,2026-10-01,010130,flat,down,down,down,down,down,down,down,down
2026-09-30,2026-10-01,138040,up,up,up,up,up,up,down,up,up
2026-09-30,2026-10-01,015760,up,up,up,up,up,up,up,up,up
2026-09-30,2026-10-01,011200,up,down,down,down,down,down,down,down,down
2026-09-30,2026-10-01,051910,up,down,down,down,down,down,up,down,up
2026-09-30,2026-10-01,017670,up,down,down,down,down,down,down,down,down
2026-09-30,2026-10-01,033780,down,down,down,down,down,up,up,down,up
2026-09-30,2026-10-01,196170,up,down,down,down,down,down,down,down,down
2026-09-30,2026-10-01,018260,up,down,down,down,down,down,down,down,down
2026-09-30,2026-10-01,086280,up,up,up,up,down,up,up,up,up
2026-09-30,2026-10-01,000720,down,down,down,down,down,down,down,down,down
2026-09-30,2026-10-01,278470,flat,down,down,down,down,down,down,down,up
2026-09-30,2026-10-01,030200,down,up,up,up,up,up,up,up,up
2026-09-30,2026-10-01,003490,down,down,down,down,down,down,down,down,down
2026-09-30,2026-10-01,047050,down,down,down,down,down,down,down,down,down
2026-09-30,2026-10-01,003230,up,down,down,down,down,down,down,down,down
2026-09-30,2026-10-01,259960,up,up,up,up,up,up,up,up,up
2026-09-30,2026-10-01,021240,down,down,down,down,down,down,down,down,down
2026-09-30,2026-10-01,352820,down,down,down,down,down,down,down,down,down
2026-09-30,2026-10-01,009830,up,down,down,down,down,down,down,down,down
2026-09-30,2026-10-01,029780,down,up,up,up,up,up,up,up,up
2026-09-30,2026-10-01,028300,down,down,down,down,down,down,down,down,down
2026-09-30,2026-10-01,034220,up,down,down,down,down,down,down,down,down
2026-09-30,2026-10-01,002380,up,up,up,up,down,up,up,up,up
2026-09-30,2026-10-01,036460,up,up,up,up,down,up,up,up,up
2026-09-30,2026-10-01,004170,down,down,down,down,down,down,up,down,down
2026-09-30,2026-10-01,012750,up,down,down,down,down,down,down,down,down
2026-09-30,2026-10-01,111770,up,up,up,up,up,up,up,up,up
2026-09-30,2026-10-01,035250,flat,up,up,up,up,up,up,up,up
2026-09-30,2026-10-01,257720,up,down,down,down,down,down,down,down,down
2026-09-30,2026-10-01,226950,up,down,down,down,down,down,down,down,down
2026-09-30,2026-10-01,010170,up,down,down,down,down,down,down,down,down
2026-09-30,2026-10-01,214370,up,down,down,down,down,down,down,down,down
2026-09-30,2026-10-01,030000,flat,down,down,down,down,down,down,down,down
