종목코드,종목명,기준종가,날짜,후보중앙값,하단P10,상단P90,하루방향,모형비율,상승모형비율,보합모형비율,하락모형비율,운영채택
005930,삼성전자,270000,2026-09-29,269487.57496788754,257488.48093623563,283232.8920423029,down,0.5079,0.47275,0.01935,0.5079,false
005930,삼성전자,270000,2026-09-30,270761.1048974021,253656.03829833175,289704.16490288917,up,0.53855,0.53855,0.0258,0.43565,false
005930,삼성전자,270000,2026-10-01,271393.42703075305,251204.9571528108,293502.4060512103,up,0.504,0.504,0.02385,0.47215,false
005930,삼성전자,270000,2026-10-02,271570.8257013419,248943.1543662022,296875.4673904663,up,0.4953,0.4953,0.0268,0.4779,false
005930,삼성전자,270000,2026-10-06,272223.9501753566,247447.28520274535,300855.418657717,up,0.5137,0.5137,0.0256,0.4607,false
005930,삼성전자,270000,2026-10-07,272804.54741141916,246133.35838680947,303518.4503735586,up,0.50115,0.50115,0.02475,0.4741,false
005930,삼성전자,270000,2026-10-08,273411.60110223433,244320.94924254797,306723.396911307,up,0.5029,0.5029,0.0223,0.4748,false
005930,삼성전자,270000,2026-10-12,273523.0881839703,243141.8822600941,308632.39813399303,up,0.49265,0.49265,0.02535,0.482,false
005930,삼성전자,270000,2026-10-13,273768.79956787196,241819.36789137352,311179.8851005472,up,0.4965,0.4965,0.0222,0.4813,false
005930,삼성전자,270000,2026-10-14,274072.8402970188,240484.02180842904,313819.76130268694,up,0.5012,0.5012,0.0242,0.4746,false
005930,삼성전자,270000,2026-10-15,274503.69959232805,239450.6975439727,316252.21700230514,up,0.4925,0.4925,0.0253,0.4822,false
005930,삼성전자,270000,2026-10-16,275038.7640068772,238023.35499354778,319336.9231726995,up,0.5057,0.5057,0.02485,0.46945,false
005930,삼성전자,270000,2026-10-19,275741.1979911629,237166.05605651333,322761.6011764805,up,0.51125,0.51125,0.02575,0.463,false
005930,삼성전자,270000,2026-10-20,276263.78417751146,235955.9782303257,325750.7156282378,up,0.5113,0.5113,0.02485,0.46385,false
005930,삼성전자,270000,2026-10-21,277093.89507504663,235014.97339054325,328195.16842226556,up,0.5079,0.5079,0.02545,0.46665,false
005930,삼성전자,270000,2026-10-22,277503.90345899365,234284.47260155206,330849.1562348941,up,0.49975,0.49975,0.02645,0.4738,false
005930,삼성전자,270000,2026-10-23,278339.24163421884,233406.81375898796,334017.07554592675,up,0.5082,0.5082,0.02655,0.46525,false
005930,삼성전자,270000,2026-10-26,278367.80281333404,232323.69648423715,335677.3188372074,up,0.49265,0.49265,0.0274,0.47995,false
005930,삼성전자,270000,2026-10-27,278564.1844582276,230634.51459320332,337597.2026362255,up,0.49175,0.49175,0.02655,0.4817,false
005930,삼성전자,270000,2026-10-28,279311.9204402315,230507.3744627207,340009.43799944525,up,0.49935,0.49935,0.02675,0.4739,false
009150,삼성전기,1499000,2026-09-29,1498017.5394128608,1444458.8289170978,1565351.4755725628,down,0.4925,0.4605,0.047,0.4925,false
009150,삼성전기,1499000,2026-09-30,1501356.469220594,1423184.6795705506,1600062.2446403948,up,0.49615,0.49615,0.03305,0.4708,false
009150,삼성전기,1499000,2026-10-01,1505525.1344096758,1408047.5559014974,1627086.4760641116,up,0.4975,0.4975,0.0347,0.4678,false
009150,삼성전기,1499000,2026-10-02,1510131.0615787308,1395048.6006454409,1652782.8612219098,up,0.49305,0.49305,0.03355,0.4734,false
009150,삼성전기,1499000,2026-10-06,1513367.182823066,1384145.1165116553,1674684.8762842442,up,0.4863,0.4863,0.03445,0.47925,false
009150,삼성전기,1499000,2026-10-07,1518332.0234808498,1375379.8320769328,1697077.743516679,up,0.50285,0.50285,0.0344,0.46275,false
009150,삼성전기,1499000,2026-10-08,1523184.4308328652,1368438.2580397052,1721039.4869189556,up,0.49965,0.49965,0.03345,0.4669,false
009150,삼성전기,1499000,2026-10-12,1527391.7621919336,1360862.5621235066,1740554.230304499,up,0.49335,0.49335,0.0351,0.47155,false
009150,삼성전기,1499000,2026-10-13,1531919.7828012626,1356052.3844777273,1764867.2538712358,up,0.503,0.503,0.0343,0.4627,false
009150,삼성전기,1499000,2026-10-14,1535238.591564477,1349018.0445913495,1783305.081384921,up,0.50125,0.50125,0.03255,0.4662,false
009150,삼성전기,1499000,2026-10-15,1541808.1646567958,1342152.736643689,1806713.3743048166,up,0.49615,0.49615,0.0348,0.46905,false
009150,삼성전기,1499000,2026-10-16,1545806.8669738227,1337510.0913478963,1828801.2285735256,up,0.50555,0.50555,0.0349,0.45955,false
009150,삼성전기,1499000,2026-10-19,1551760.8322609987,1334271.0112142167,1848258.6068977725,up,0.50735,0.50735,0.0354,0.45725,false
009150,삼성전기,1499000,2026-10-20,1557890.972559937,1327286.2750870853,1868296.253949229,up,0.5067,0.5067,0.0359,0.4574,false
009150,삼성전기,1499000,2026-10-21,1562689.2839861321,1323975.3794180967,1889026.4887492545,up,0.503,0.503,0.0328,0.4642,false
009150,삼성전기,1499000,2026-10-22,1567995.0009071422,1319863.93043316,1908716.2020658273,up,0.5023,0.5023,0.0341,0.4636,false
009150,삼성전기,1499000,2026-10-23,1573661.392546917,1316895.9923716418,1931442.8678946693,up,0.50665,0.50665,0.0351,0.45825,false
009150,삼성전기,1499000,2026-10-26,1579310.4166737932,1312675.9468072536,1951959.622868687,up,0.4991,0.4991,0.0324,0.4685,false
009150,삼성전기,1499000,2026-10-27,1582760.929794808,1308767.6320627036,1971729.281014092,up,0.4922,0.4922,0.03555,0.47225,false
009150,삼성전기,1499000,2026-10-28,1588394.7149009397,1302909.0099507386,1992637.7677387,up,0.49535,0.49535,0.03585,0.4688,false
373220,LG에너지솔루션,364000,2026-09-29,363889.58422618534,350561.15791234677,378195.2210586166,down,0.49425,0.47695,0.0288,0.49425,false
373220,LG에너지솔루션,364000,2026-09-30,363207.47924503253,344835.7920213606,384395.7212668001,down,0.4877,0.48205,0.03025,0.4877,false
373220,LG에너지솔루션,364000,2026-10-01,363178.7895175877,340087.85837232805,390072.3710966023,down,0.4865,0.48395,0.02955,0.4865,false
373220,LG에너지솔루션,364000,2026-10-02,363154.45758483966,336468.3675070795,394524.4133554758,down,0.48935,0.4793,0.03135,0.48935,false
373220,LG에너지솔루션,364000,2026-10-06,362907.3910285378,333250.5622990985,398338.5826783731,down,0.4892,0.483,0.0278,0.4892,false
373220,LG에너지솔루션,364000,2026-10-07,362895.4254193115,330300.0351862621,402023.84418826323,down,0.48695,0.48405,0.029,0.48695,false
373220,LG에너지솔루션,364000,2026-10-08,362715.76002019277,327325.692919242,405980.2391130828,down,0.4905,0.47965,0.02985,0.4905,false
373220,LG에너지솔루션,364000,2026-10-12,362931.5031331751,324674.54783740983,409080.6305194514,down,0.4866,0.48135,0.03205,0.4866,false
373220,LG에너지솔루션,364000,2026-10-13,362876.9358584657,322386.07840757177,411680.5345773403,up,0.48765,0.48765,0.0272,0.48515,false
373220,LG에너지솔루션,364000,2026-10-14,362761.40782260755,319636.09006774635,415270.45187432156,down,0.4877,0.4829,0.0294,0.4877,false
373220,LG에너지솔루션,364000,2026-10-15,362290.87292618526,317578.73641582637,418186.84654894605,down,0.49425,0.4768,0.02895,0.49425,false
373220,LG에너지솔루션,364000,2026-10-16,362632.561755327,315642.6398410342,420604.59323772014,down,0.4875,0.48125,0.03125,0.4875,false
373220,LG에너지솔루션,364000,2026-10-19,362448.0607870694,313763.3864330287,422733.3535564044,down,0.4977,0.47255,0.02975,0.4977,false
373220,LG에너지솔루션,364000,2026-10-20,362314.45679247135,311993.49353240797,425168.0310497905,down,0.48715,0.4841,0.02875,0.48715,false
373220,LG에너지솔루션,364000,2026-10-21,362402.18483840337,310207.3717185646,427553.89901380887,down,0.48565,0.48355,0.0308,0.48565,false
373220,LG에너지솔루션,364000,2026-10-22,362379.8286241749,308525.25960495946,430686.05698294716,down,0.48645,0.4843,0.02925,0.48645,false
373220,LG에너지솔루션,364000,2026-10-23,362437.68259132025,307076.55775928916,432552.5718789473,down,0.48555,0.48345,0.031,0.48555,false
373220,LG에너지솔루션,364000,2026-10-26,362513.4133992519,305377.5344633006,435217.2297322388,up,0.4868,0.4868,0.0289,0.4843,false
373220,LG에너지솔루션,364000,2026-10-27,362119.29207913234,303444.0797672786,437735.2842341168,down,0.4925,0.4778,0.0297,0.4925,false
373220,LG에너지솔루션,364000,2026-10-28,362348.53015354683,302249.72623970703,440651.8164921797,up,0.487,0.487,0.0288,0.4842,false
005380,현대차,354500,2026-09-29,354161.833579291,345184.8568471704,364772.4537985568,down,0.49055,0.44005,0.0694,0.49055,false
005380,현대차,354500,2026-09-30,353671.91729225393,340566.7028276219,369781.47893618763,down,0.49015,0.44505,0.0648,0.49015,false
005380,현대차,354500,2026-10-01,353617.20795762644,337116.42579341604,373709.8022883956,down,0.49175,0.45025,0.058,0.49175,false
005380,현대차,354500,2026-10-02,353369.3263489604,334310.442358899,376830.46145213884,down,0.4957,0.4441,0.0602,0.4957,false
005380,현대차,354500,2026-10-06,353354.93364791444,331964.9806525307,379642.47299892304,down,0.4968,0.44645,0.05675,0.4968,false
005380,현대차,354500,2026-10-07,353217.1928187541,329547.2126464823,381977.4491657534,down,0.49965,0.4411,0.05925,0.49965,false
005380,현대차,354500,2026-10-08,353047.03951945016,327429.68501965987,384652.7675603512,down,0.50025,0.44655,0.0532,0.50025,false
005380,현대차,354500,2026-10-12,352969.9585179916,325582.2848809642,386799.640450805,down,0.49685,0.4466,0.05655,0.49685,false
005380,현대차,354500,2026-10-13,353032.4141776,323765.2018888716,388932.5810729771,down,0.498,0.4477,0.0543,0.498,false
005380,현대차,354500,2026-10-14,352819.1105341258,321948.8660003503,391051.0577675292,down,0.49935,0.4477,0.05295,0.49935,false
005380,현대차,354500,2026-10-15,352985.00009597995,320572.19179805095,392865.0529484437,down,0.501,0.4488,0.0502,0.501,false
005380,현대차,354500,2026-10-16,352955.67782094894,319344.00478629605,394542.84791294445,down,0.49985,0.44605,0.0541,0.49985,false
005380,현대차,354500,2026-10-19,352855.7838844195,318067.0725697643,396400.8211191637,down,0.50205,0.44465,0.0533,0.50205,false
005380,현대차,354500,2026-10-20,352920.54990879283,316982.39787102217,398692.91620638384,down,0.49745,0.44965,0.0529,0.49745,false
005380,현대차,354500,2026-10-21,352701.35787333216,315478.8195065988,400232.275165649,down,0.50315,0.44535,0.0515,0.50315,false
005380,현대차,354500,2026-10-22,352545.2007917542,313825.1949282476,401534.9302155601,down,0.5029,0.44665,0.05045,0.5029,false
005380,현대차,354500,2026-10-23,352576.25545759907,312695.180656773,403644.79622306174,down,0.49935,0.44815,0.0525,0.49935,false
005380,현대차,354500,2026-10-26,352616.2146520248,311448.9053283378,405256.0090595034,down,0.5033,0.444,0.0527,0.5033,false
005380,현대차,354500,2026-10-27,352447.09841911326,310247.1331757349,406643.2220396936,down,0.5031,0.4448,0.0521,0.5031,false
005380,현대차,354500,2026-10-28,352547.87975799816,309264.1262042374,407679.5121286573,down,0.49935,0.45095,0.0497,0.49935,false
207940,삼성바이오로직스,1400000,2026-09-29,1399983.3959986803,1368563.7863792372,1433814.1689408997,down,0.46665,0.46155,0.0718,0.46665,false
207940,삼성바이오로직스,1400000,2026-09-30,1399373.0782127627,1352324.8092184318,1452523.7969408308,down,0.4706,0.4592,0.0702,0.4706,false
207940,삼성바이오로직스,1400000,2026-10-01,1399546.584457356,1339448.2894856224,1465972.613858931,down,0.4644,0.46175,0.07385,0.4644,false
207940,삼성바이오로직스,1400000,2026-10-02,1399696.2312838826,1330468.102585146,1476525.8060107238,down,0.4649,0.4602,0.0749,0.4649,false
207940,삼성바이오로직스,1400000,2026-10-06,1399593.424801484,1320936.9601266985,1486137.652874788,down,0.47085,0.45505,0.0741,0.47085,false
207940,삼성바이오로직스,1400000,2026-10-07,1399452.1129263411,1312438.0662628629,1494937.7887002279,down,0.48,0.45275,0.06725,0.48,false
207940,삼성바이오로직스,1400000,2026-10-08,1399003.6915849673,1303915.2107381674,1503342.724138606,down,0.4715,0.46045,0.06805,0.4715,false
207940,삼성바이오로직스,1400000,2026-10-12,1398672.338627643,1296774.7806621112,1509566.4543193735,down,0.47665,0.4559,0.06745,0.47665,false
207940,삼성바이오로직스,1400000,2026-10-13,1398859.03271107,1290253.988248324,1517463.3914749043,down,0.47275,0.4586,0.06865,0.47275,false
207940,삼성바이오로직스,1400000,2026-10-14,1399075.6790584605,1284766.9599560534,1524426.9647034043,down,0.47105,0.45795,0.071,0.47105,false
207940,삼성바이오로직스,1400000,2026-10-15,1399488.2777195985,1278049.791068955,1530556.1283865462,down,0.4715,0.4621,0.0664,0.4715,false
207940,삼성바이오로직스,1400000,2026-10-16,1399690.6319221237,1271373.2282067114,1539716.89725313,down,0.47325,0.45895,0.0678,0.47325,false
207940,삼성바이오로직스,1400000,2026-10-19,1398906.8282469427,1265353.47454727,1545872.1948161118,down,0.4728,0.4612,0.066,0.4728,false
207940,삼성바이오로직스,1400000,2026-10-20,1399357.367014328,1260454.1528813853,1552339.0438401927,down,0.4757,0.4579,0.0664,0.4757,false
207940,삼성바이오로직스,1400000,2026-10-21,1399471.4358411063,1255777.228706866,1559294.1509396518,down,0.47,0.45785,0.07215,0.47,false
207940,삼성바이오로직스,1400000,2026-10-22,1398706.5351569273,1250883.2671258277,1565453.3934403711,down,0.4726,0.4571,0.0703,0.4726,false
207940,삼성바이오로직스,1400000,2026-10-23,1398139.626486475,1246189.9075215247,1572181.193384911,down,0.47145,0.4609,0.06765,0.47145,false
207940,삼성바이오로직스,1400000,2026-10-26,1399233.0132978037,1241783.1310073733,1577604.2742267419,down,0.4683,0.4637,0.068,0.4683,false
207940,삼성바이오로직스,1400000,2026-10-27,1399591.4365314292,1236220.459223676,1582472.4152228485,down,0.47445,0.45395,0.0716,0.47445,false
207940,삼성바이오로직스,1400000,2026-10-28,1399526.9040704786,1231780.1833435493,1587691.653714244,down,0.4662,0.4648,0.069,0.4662,false
105560,KB금융,174200,2026-09-29,174576.42875780739,170753.83147462358,178947.51060081,up,0.533,0.533,0.0517,0.4153,false
105560,KB금융,174200,2026-09-30,174805.86466031396,169044.73414310423,180751.15937325227,up,0.50645,0.50645,0.0535,0.44005,false
105560,KB금융,174200,2026-10-01,175194.79635748552,168054.67697648398,182502.0352410515,up,0.51895,0.51895,0.05095,0.4301,false
105560,KB금융,174200,2026-10-02,175526.27981867926,167254.87205212563,183857.65251823922,up,0.5221,0.5221,0.0482,0.4297,false
105560,KB금융,174200,2026-10-06,175819.12314273504,166650.8464973028,185182.28056982358,up,0.5104,0.5104,0.04915,0.44045,false
105560,KB금융,174200,2026-10-07,176236.2488362618,166221.76006184253,186459.996242005,up,0.5279,0.5279,0.04575,0.42635,false
105560,KB금융,174200,2026-10-08,176578.501372532,165770.59567405735,187763.8033396073,up,0.52395,0.52395,0.0484,0.42765,false
105560,KB금융,174200,2026-10-12,177001.88417924766,165420.48205072602,188960.86893492867,up,0.5372,0.5372,0.0451,0.4177,false
105560,KB금융,174200,2026-10-13,177431.27630225843,165236.51088122767,190191.5203939154,up,0.53915,0.53915,0.04355,0.4173,false
105560,KB금융,174200,2026-10-14,177903.2152131431,164982.37891798984,191488.155208375,up,0.53685,0.53685,0.0436,0.41955,false
105560,KB금융,174200,2026-10-15,178293.95074080746,164777.20543048478,192437.09715798037,up,0.52815,0.52815,0.0464,0.42545,false
105560,KB금융,174200,2026-10-16,178834.82335618872,164711.00649352293,193705.1762152698,up,0.53915,0.53915,0.04345,0.4174,false
105560,KB금융,174200,2026-10-19,179327.09667326926,164657.89184183205,194860.73927973618,up,0.53865,0.53865,0.0459,0.41545,false
105560,KB금융,174200,2026-10-20,179631.66539879766,164427.92052605038,195695.1377354229,up,0.5167,0.5167,0.0482,0.4351,false
105560,KB금융,174200,2026-10-21,180045.25923750992,164278.55166202981,196859.04691840694,up,0.52285,0.52285,0.0451,0.43205,false
105560,KB금융,174200,2026-10-22,180374.975093328,164254.49172448582,197808.23995142482,up,0.51815,0.51815,0.0461,0.43575,false
105560,KB금융,174200,2026-10-23,180708.01043717412,164181.53734687544,198645.5240554615,up,0.5295,0.5295,0.04445,0.42605,false
105560,KB금융,174200,2026-10-26,181037.87809920104,163871.22020600372,199621.01729664198,up,0.51595,0.51595,0.0447,0.43935,false
105560,KB금융,174200,2026-10-27,181357.51000235637,163629.94381795113,200436.9688210157,up,0.5201,0.5201,0.04555,0.43435,false
105560,KB금융,174200,2026-10-28,181670.6911072748,163512.60921863414,201376.11928904708,up,0.51235,0.51235,0.0456,0.44205,false
028260,삼성물산,345500,2026-09-29,344958.0702034151,332785.1201425453,357982.26434519724,down,0.5131,0.4504,0.0365,0.5131,false
028260,삼성물산,345500,2026-09-30,344812.1371439529,326986.28145030804,365496.5772888013,down,0.5116,0.45215,0.03625,0.5116,false
028260,삼성물산,345500,2026-10-01,344860.92142952094,322606.0301395834,370571.25206783385,down,0.51035,0.45255,0.0371,0.51035,false
028260,삼성물산,345500,2026-10-02,344587.87399512646,318822.5561578015,374334.27254955296,down,0.51435,0.4472,0.03845,0.51435,false
028260,삼성물산,345500,2026-10-06,344475.47462502774,315826.5445477916,377404.2387640869,down,0.51065,0.44755,0.0418,0.51065,false
028260,삼성물산,345500,2026-10-07,344135.43576199375,312992.4127278403,380709.5017292195,down,0.51205,0.44755,0.0404,0.51205,false
028260,삼성물산,345500,2026-10-08,343872.56267692475,310763.31212662155,384163.8013660131,down,0.50805,0.45315,0.0388,0.50805,false
028260,삼성물산,345500,2026-10-12,343808.59652903205,308297.1371471587,387137.5870965071,down,0.51085,0.44885,0.0403,0.51085,false
028260,삼성물산,345500,2026-10-13,343884.4292569285,306434.7962935857,389781.1180720345,down,0.50645,0.44945,0.0441,0.50645,false
028260,삼성물산,345500,2026-10-14,343948.9626319217,304350.46382944536,392016.59744861926,down,0.5061,0.4518,0.0421,0.5061,false
028260,삼성물산,345500,2026-10-15,344046.4204575,302542.5202734567,394230.4138163144,down,0.5024,0.45465,0.04295,0.5024,false
028260,삼성물산,345500,2026-10-16,343985.4407936429,300646.2902353321,397367.4101119114,down,0.50475,0.45235,0.0429,0.50475,false
028260,삼성물산,345500,2026-10-19,343915.4991513541,299053.83070873027,399549.57469733176,down,0.5043,0.4532,0.0425,0.5043,false
028260,삼성물산,345500,2026-10-20,343901.80508015386,297326.9764652045,402074.39359366865,down,0.50485,0.4518,0.04335,0.50485,false
028260,삼성물산,345500,2026-10-21,343886.31974276435,296482.9483217105,404902.2041416845,down,0.50295,0.4526,0.04445,0.50295,false
028260,삼성물산,345500,2026-10-22,343794.5349607522,294602.6623815945,406436.23599799,down,0.51185,0.44525,0.0429,0.51185,false
028260,삼성물산,345500,2026-10-23,343757.11107257346,293117.8719264249,408376.644382842,down,0.4983,0.456,0.0457,0.4983,false
028260,삼성물산,345500,2026-10-26,343735.4599289159,291782.0593737974,410165.4536897402,down,0.51115,0.4456,0.04325,0.51115,false
028260,삼성물산,345500,2026-10-27,343572.5582073518,290795.355009538,412355.4572823037,down,0.50785,0.4483,0.04385,0.50785,false
028260,삼성물산,345500,2026-10-28,343451.91627896763,289121.58529959875,413956.74816189887,down,0.50875,0.44825,0.043,0.50875,false
032830,삼성생명보험,296000,2026-09-29,295676.5384831216,287361.51607015874,305219.1384737509,down,0.5035,0.4598,0.0367,0.5035,false
032830,삼성생명보험,296000,2026-09-30,295740.8784354852,284193.5003433905,309970.88295756315,down,0.4842,0.47605,0.03975,0.4842,false
032830,삼성생명보험,296000,2026-10-01,295961.2716996905,281764.91567439976,313377.5990780167,up,0.48115,0.48115,0.039,0.47985,false
032830,삼성생명보험,296000,2026-10-02,296109.1765707741,279637.51962624205,316432.9897030376,down,0.48565,0.475,0.03935,0.48565,false
032830,삼성생명보험,296000,2026-10-06,296463.2036799985,277857.8100637399,319418.55596645526,down,0.48165,0.47735,0.041,0.48165,false
032830,삼성생명보험,296000,2026-10-07,296716.3529801964,276314.5084390589,321873.55609448394,down,0.4821,0.4777,0.0402,0.4821,false
032830,삼성생명보험,296000,2026-10-08,297066.41346647823,274801.2873926127,324266.2911478195,up,0.4832,0.4832,0.03965,0.47715,false
032830,삼성생명보험,296000,2026-10-12,297166.89506198734,273497.545792344,326869.0670900018,down,0.481,0.47905,0.03995,0.481,false
032830,삼성생명보험,296000,2026-10-13,297657.6803861189,272555.63781328,329029.6905467446,down,0.4802,0.47845,0.04135,0.4802,false
032830,삼성생명보험,296000,2026-10-14,297989.62608998164,271343.8103672812,330859.5430151889,down,0.47985,0.478,0.04215,0.47985,false
032830,삼성생명보험,296000,2026-10-15,298397.0926008301,270144.85999851895,333084.2954069027,up,0.48075,0.48075,0.03925,0.48,false
032830,삼성생명보험,296000,2026-10-16,298614.3110280409,269331.571450691,335224.3532935659,up,0.48545,0.48545,0.0391,0.47545,false
032830,삼성생명보험,296000,2026-10-19,298934.96048292273,268483.1729257521,337358.14099134546,down,0.48435,0.47655,0.0391,0.48435,false
032830,삼성생명보험,296000,2026-10-20,299194.2887968245,267655.04155128496,339098.664608798,up,0.48205,0.48205,0.04045,0.4775,false
032830,삼성생명보험,296000,2026-10-21,299695.60166701826,266990.07066914096,341540.5410201159,up,0.48435,0.48435,0.0393,0.47635,false
032830,삼성생명보험,296000,2026-10-22,299901.5471985253,265865.60127108643,343886.63661362644,down,0.4848,0.47725,0.03795,0.4848,false
032830,삼성생명보험,296000,2026-10-23,300287.0881217653,265068.3420720689,346344.0979195162,up,0.48895,0.48895,0.0385,0.47255,false
032830,삼성생명보험,296000,2026-10-26,300671.0780298093,264093.2559229446,348120.00968988246,down,0.4863,0.47445,0.03925,0.4863,false
032830,삼성생명보험,296000,2026-10-27,300797.2836039435,263301.4114008684,349855.2922991367,up,0.48545,0.48545,0.03825,0.4763,false
032830,삼성생명보험,296000,2026-10-28,301100.34711645194,262467.6945202292,351733.1880610017,down,0.4856,0.47555,0.03885,0.4856,false
012450,한화에어로스페이스,1034000,2026-09-29,1031456.2339009612,984630.5575461051,1086095.0155636712,down,0.5338,0.4477,0.0185,0.5338,false
012450,한화에어로스페이스,1034000,2026-09-30,1032201.8758388758,965256.4701659421,1108883.7740893753,down,0.5393,0.44195,0.01875,0.5393,false
012450,한화에어로스페이스,1034000,2026-10-01,1032355.9935111293,950149.1821671495,1129282.1409156555,down,0.54495,0.43895,0.0161,0.54495,false
012450,한화에어로스페이스,1034000,2026-10-02,1032248.4223108898,937372.1665058263,1144051.4592580588,down,0.54225,0.4401,0.01765,0.54225,false
012450,한화에어로스페이스,1034000,2026-10-06,1031799.1674895033,925272.5320792323,1160110.8237496796,down,0.5411,0.4407,0.0182,0.5411,false
012450,한화에어로스페이스,1034000,2026-10-07,1030791.0326313542,915884.2698974337,1171842.456143086,down,0.53955,0.44185,0.0186,0.53955,false
012450,한화에어로스페이스,1034000,2026-10-08,1030582.3676815901,905719.6236922245,1183051.0776451433,down,0.5419,0.44085,0.01725,0.5419,false
012450,한화에어로스페이스,1034000,2026-10-12,1030737.2384625402,898637.5101545918,1194956.3776555054,down,0.5424,0.4397,0.0179,0.5424,false
012450,한화에어로스페이스,1034000,2026-10-13,1030943.6248569041,890690.8177293043,1205101.1962388053,down,0.53995,0.44225,0.0178,0.53995,false
012450,한화에어로스페이스,1034000,2026-10-14,1030987.2624892135,883734.0592431827,1215475.7230283136,down,0.5414,0.44005,0.01855,0.5414,false
012450,한화에어로스페이스,1034000,2026-10-15,1031006.7485623508,877261.5124691506,1226164.215236179,down,0.54045,0.443,0.01655,0.54045,false
012450,한화에어로스페이스,1034000,2026-10-16,1030395.898779995,869639.86604464,1236009.2625899054,down,0.54255,0.43955,0.0179,0.54255,false
012450,한화에어로스페이스,1034000,2026-10-19,1031052.1074133972,862313.4383910612,1245169.522889775,down,0.5495,0.4324,0.0181,0.5495,false
012450,한화에어로스페이스,1034000,2026-10-20,1029612.559143929,855580.6597559454,1252265.2117742947,down,0.5456,0.4373,0.0171,0.5456,false
012450,한화에어로스페이스,1034000,2026-10-21,1030761.3239399078,849563.553984199,1262376.499843844,down,0.5451,0.43695,0.01795,0.5451,false
012450,한화에어로스페이스,1034000,2026-10-22,1031157.9484981793,843228.6628820127,1270196.7821890975,down,0.54285,0.439,0.01815,0.54285,false
012450,한화에어로스페이스,1034000,2026-10-23,1031618.5152165974,839072.4471095037,1279345.1986561653,down,0.5409,0.44205,0.01705,0.5409,false
012450,한화에어로스페이스,1034000,2026-10-26,1031585.5593256357,834341.3163406693,1287525.1884407902,down,0.5433,0.43885,0.01785,0.5433,false
012450,한화에어로스페이스,1034000,2026-10-27,1031155.9246331556,830324.6089655105,1295562.9369601873,down,0.54065,0.4436,0.01575,0.54065,false
012450,한화에어로스페이스,1034000,2026-10-28,1031271.5924395947,825909.6109359299,1301305.3831369816,down,0.5462,0.43565,0.01815,0.5462,false
034020,두산에너빌리티,82000,2026-09-29,81760.90054247322,78361.8135089026,86429.42454906457,down,0.52165,0.44615,0.0322,0.52165,false
034020,두산에너빌리티,82000,2026-09-30,81802.70357858282,76726.27599274962,87954.08786722468,down,0.51975,0.45025,0.03,0.51975,false
034020,두산에너빌리티,82000,2026-10-01,81875.36417422819,75386.38756014293,89338.00390705289,down,0.5158,0.45385,0.03035,0.5158,false
034020,두산에너빌리티,82000,2026-10-02,81896.2296618028,74189.95631706397,90672.67697241719,down,0.5187,0.44855,0.03275,0.5187,false
034020,두산에너빌리티,82000,2026-10-06,81861.23853647223,73308.278875777,91873.04730114942,down,0.5199,0.44915,0.03095,0.5199,false
034020,두산에너빌리티,82000,2026-10-07,81843.66665265623,72528.93238295335,92762.26590055643,down,0.521,0.44705,0.03195,0.521,false
034020,두산에너빌리티,82000,2026-10-08,81802.92550676527,71810.15732035541,93722.14068506827,down,0.51375,0.4535,0.03275,0.51375,false
034020,두산에너빌리티,82000,2026-10-12,81807.41191717074,71091.32811929686,94573.97972177011,down,0.51585,0.4516,0.03255,0.51585,false
034020,두산에너빌리티,82000,2026-10-13,81892.88483184506,70457.24087633903,95392.61632636358,down,0.52035,0.44915,0.0305,0.52035,false
034020,두산에너빌리티,82000,2026-10-14,81772.08331203123,69827.8429208215,96226.8646730166,down,0.5157,0.4539,0.0304,0.5157,false
034020,두산에너빌리티,82000,2026-10-15,81820.34175512841,69335.26438558988,96995.13072929098,down,0.51765,0.45035,0.032,0.51765,false
034020,두산에너빌리티,82000,2026-10-16,81910.30602397994,68822.80760861067,97827.4276009829,down,0.52045,0.4498,0.02975,0.52045,false
034020,두산에너빌리티,82000,2026-10-19,81954.67336333609,68288.99928244352,98430.10588056856,down,0.5173,0.4528,0.0299,0.5173,false
034020,두산에너빌리티,82000,2026-10-20,81928.05497647526,67805.78370391674,98970.19425742638,down,0.52785,0.44225,0.0299,0.52785,false
034020,두산에너빌리티,82000,2026-10-21,81905.86575419788,67447.11653953954,99721.56800204252,down,0.5133,0.45585,0.03085,0.5133,false
034020,두산에너빌리티,82000,2026-10-22,81952.00265419204,66843.75408251784,100185.71024470906,down,0.52045,0.44675,0.0328,0.52045,false
034020,두산에너빌리티,82000,2026-10-23,81906.9585960026,66494.62220652093,100706.03560858621,down,0.5165,0.45245,0.03105,0.5165,false
034020,두산에너빌리티,82000,2026-10-26,81896.55125326554,66047.3189885514,101638.64229729396,down,0.5192,0.45205,0.02875,0.5192,false
034020,두산에너빌리티,82000,2026-10-27,81891.19408364123,65709.96568234672,102274.12457145243,down,0.52075,0.44755,0.0317,0.52075,false
034020,두산에너빌리티,82000,2026-10-28,82009.30866193303,65284.703494022186,102877.7713046024,down,0.51825,0.4504,0.03135,0.51825,false
329180,HD현대중공업,442000,2026-09-29,443753.351050599,426644.84979276697,464217.05696455494,up,0.54865,0.54865,0.0297,0.42165,false
329180,HD현대중공업,442000,2026-09-30,446243.5726297833,420895.5122232425,475053.1603355324,up,0.572,0.572,0.02835,0.39965,false
329180,HD현대중공업,442000,2026-10-01,448744.80738240073,417293.23019636545,485130.2352426019,up,0.5647,0.5647,0.02825,0.40705,false
329180,HD현대중공업,442000,2026-10-02,451307.73311177676,414208.32128980034,493302.49218086223,up,0.57025,0.57025,0.02865,0.4011,false
329180,HD현대중공업,442000,2026-10-06,453516.2281171038,412435.4154912211,500157.01580200624,up,0.5552,0.5552,0.031,0.4138,false
329180,HD현대중공업,442000,2026-10-07,455372.8472022877,410916.27390202036,507482.3248877226,up,0.5528,0.5528,0.03005,0.41715,false
329180,HD현대중공업,442000,2026-10-08,457693.53160546836,409471.23662129225,514062.5195151583,up,0.54845,0.54845,0.0287,0.42285,false
329180,HD현대중공업,442000,2026-10-12,459659.062808267,408390.4114072694,519942.23119908816,up,0.5424,0.5424,0.03045,0.42715,false
329180,HD현대중공업,442000,2026-10-13,461886.54398224293,407457.6527594491,526990.7633601737,up,0.55,0.55,0.0274,0.4226,false
329180,HD현대중공업,442000,2026-10-14,463659.6210732547,406563.4692926654,532109.1522519973,up,0.5435,0.5435,0.0296,0.4269,false
329180,HD현대중공업,442000,2026-10-15,465344.07343109796,406497.3138900629,537198.8512622721,up,0.5391,0.5391,0.0306,0.4303,false
329180,HD현대중공업,442000,2026-10-16,467484.1489152021,405286.8289267346,541662.5896147145,up,0.539,0.539,0.0294,0.4316,false
329180,HD현대중공업,442000,2026-10-19,469491.2010141745,404528.69375036104,546861.1848541411,up,0.54415,0.54415,0.02985,0.426,false
329180,HD현대중공업,442000,2026-10-20,470949.6896152587,403684.70123248285,551398.2160159341,up,0.52355,0.52355,0.03215,0.4443,false
329180,HD현대중공업,442000,2026-10-21,472450.08320505323,403100.6278123963,555586.5272419226,up,0.52015,0.52015,0.03155,0.4483,false
329180,HD현대중공업,442000,2026-10-22,474527.97366755764,403182.36530666397,559219.2201867114,up,0.53555,0.53555,0.03,0.43445,false
329180,HD현대중공업,442000,2026-10-23,476800.6984709791,403107.0260230127,563860.7043140961,up,0.54405,0.54405,0.0284,0.42755,false
329180,HD현대중공업,442000,2026-10-26,478024.6718222934,403306.61793072644,568271.1057564234,up,0.52455,0.52455,0.0321,0.44335,false
329180,HD현대중공업,442000,2026-10-27,479663.42317419033,403308.1921738599,573432.1860220099,up,0.53705,0.53705,0.0309,0.43205,false
329180,HD현대중공업,442000,2026-10-28,481044.92400195036,402531.58182728547,577710.5509185886,up,0.51965,0.51965,0.03255,0.4478,false
034730,SK,578000,2026-09-29,576872.1475233042,550635.5661565217,604443.705473313,down,0.51,0.4624,0.0276,0.51,false
034730,SK,578000,2026-09-30,577040.5595155669,539241.3173313148,619945.5339084102,down,0.50435,0.4702,0.02545,0.50435,false
034730,SK,578000,2026-10-01,576901.4223974945,530313.7604329049,630985.8368402591,down,0.5032,0.47085,0.02595,0.5032,false
034730,SK,578000,2026-10-02,576599.4805293854,522850.8026702542,638729.8619375698,down,0.5049,0.46935,0.02575,0.5049,false
034730,SK,578000,2026-10-06,576590.0104065845,516198.2767556073,647358.7408558116,down,0.50625,0.4679,0.02585,0.50625,false
034730,SK,578000,2026-10-07,576755.80382693,510395.0562476172,655528.5706749004,down,0.50385,0.47035,0.0258,0.50385,false
034730,SK,578000,2026-10-08,576284.1807426967,504640.0298228661,661858.0063280115,down,0.50665,0.4672,0.02615,0.50665,false
034730,SK,578000,2026-10-12,576528.3275099511,499844.57959876343,669183.5864403776,down,0.5066,0.4679,0.0255,0.5066,false
034730,SK,578000,2026-10-13,575905.9359796541,495976.9349288524,673874.7220094088,down,0.5047,0.4682,0.0271,0.5047,false
034730,SK,578000,2026-10-14,576828.4713587038,491778.5008359819,678676.2501670173,down,0.50375,0.46975,0.0265,0.50375,false
034730,SK,578000,2026-10-15,576769.2778558156,487827.6457290238,684815.4613083083,down,0.50395,0.4688,0.02725,0.50395,false
034730,SK,578000,2026-10-16,576923.1696475573,484107.46503766644,688348.3813234577,down,0.4994,0.47275,0.02785,0.4994,false
034730,SK,578000,2026-10-19,576763.1830298977,481366.2059581744,692443.4890742619,down,0.50585,0.4678,0.02635,0.50585,false
034730,SK,578000,2026-10-20,576784.855910151,477909.1488260148,699538.4611132585,down,0.5042,0.468,0.0278,0.5042,false
034730,SK,578000,2026-10-21,577066.2828340803,474807.108099437,702548.6455634392,down,0.504,0.4664,0.0296,0.504,false
034730,SK,578000,2026-10-22,576413.9335980765,470595.32665256853,707686.286206583,down,0.50975,0.4611,0.02915,0.50975,false
034730,SK,578000,2026-10-23,576702.1989817019,468555.69041417254,711779.5344525472,down,0.49575,0.47515,0.0291,0.49575,false
034730,SK,578000,2026-10-26,576194.8462943619,466495.9747298393,714791.199814925,down,0.50855,0.463,0.02845,0.50855,false
034730,SK,578000,2026-10-27,575515.2808722537,464181.8180691824,719450.6620876297,down,0.50335,0.46975,0.0269,0.50335,false
034730,SK,578000,2026-10-28,575791.5545914797,461460.85740506754,724286.8257166396,down,0.50235,0.46755,0.0301,0.50235,false
012330,현대모비스,373000,2026-09-29,372406.850475414,362126.5333312346,385452.5519261805,down,0.529,0.43185,0.03915,0.529,false
012330,현대모비스,373000,2026-09-30,371931.1115301469,357057.57830965694,390446.40530823835,down,0.5259,0.43705,0.03705,0.5259,false
012330,현대모비스,373000,2026-10-01,371823.5844026683,353141.0810887818,395309.228975746,down,0.526,0.4357,0.0383,0.526,false
012330,현대모비스,373000,2026-10-02,371687.2401437025,350132.292429522,399181.6627803341,down,0.5318,0.4288,0.0394,0.5318,false
012330,현대모비스,373000,2026-10-06,371481.7345457593,347102.79132347205,402073.4341082002,down,0.53195,0.4293,0.03875,0.53195,false
012330,현대모비스,373000,2026-10-07,371194.9567824348,344524.95124355174,405066.2408385069,down,0.53065,0.4307,0.03865,0.53065,false
012330,현대모비스,373000,2026-10-08,371080.7963440504,342279.95884321496,408008.23640033114,down,0.5299,0.4319,0.0382,0.5299,false
012330,현대모비스,373000,2026-10-12,370866.15902519965,339989.89385905873,410387.4355999471,down,0.53225,0.4297,0.03805,0.53225,false
012330,현대모비스,373000,2026-10-13,371009.69488047645,338011.61686901597,412664.52214624453,down,0.52695,0.4343,0.03875,0.52695,false
012330,현대모비스,373000,2026-10-14,370846.87043980544,336305.1890473722,415323.9813729285,down,0.53165,0.431,0.03735,0.53165,false
012330,현대모비스,373000,2026-10-15,370857.6386495915,334359.0849376114,417798.6391855788,down,0.52815,0.4354,0.03645,0.52815,false
012330,현대모비스,373000,2026-10-16,370869.9634838526,332887.5152816622,419463.09280735964,down,0.52945,0.43125,0.0393,0.52945,false
012330,현대모비스,373000,2026-10-19,370660.230977063,331506.07440575975,420953.2500918672,down,0.5282,0.4329,0.0389,0.5282,false
012330,현대모비스,373000,2026-10-20,370571.3502344268,330221.58333572093,423020.91849399725,down,0.5284,0.4355,0.0361,0.5284,false
012330,현대모비스,373000,2026-10-21,370316.1148720638,328737.2061406037,424327.288585652,down,0.5397,0.42385,0.03645,0.5397,false
012330,현대모비스,373000,2026-10-22,370189.1853904114,327082.0490961252,426383.8761580516,down,0.53325,0.426,0.04075,0.53325,false
012330,현대모비스,373000,2026-10-23,370591.32503186667,326077.18458657124,428302.6615731662,down,0.5212,0.44195,0.03685,0.5212,false
012330,현대모비스,373000,2026-10-26,370387.1542756244,324423.6642522872,429517.5927937311,down,0.5351,0.4261,0.0388,0.5351,false
012330,현대모비스,373000,2026-10-27,370315.48523316346,323468.6113505051,430984.81458969146,down,0.53095,0.43245,0.0366,0.53095,false
012330,현대모비스,373000,2026-10-28,370371.80073824973,322382.4927186532,433457.17892981274,down,0.52405,0.4393,0.03665,0.52405,false
066570,LG전자,214500,2026-09-29,214085.87852900955,207029.15227986226,222304.66202608088,down,0.5024,0.4618,0.0358,0.5024,false
066570,LG전자,214500,2026-09-30,214059.78973798023,203020.36475641164,226549.95752046249,down,0.4936,0.47,0.0364,0.4936,false
066570,LG전자,214500,2026-10-01,213857.18842491187,200476.57337776767,229859.15402824368,down,0.5006,0.45975,0.03965,0.5006,false
066570,LG전자,214500,2026-10-02,213800.9940864699,198067.424912248,232332.63290712112,down,0.5017,0.46075,0.03755,0.5017,false
066570,LG전자,214500,2026-10-06,213769.52030099725,196278.00158550768,234466.0752174166,down,0.4939,0.4674,0.0387,0.4939,false
066570,LG전자,214500,2026-10-07,213591.1328831148,194552.53953413325,236916.43425834068,down,0.4952,0.4674,0.0374,0.4952,false
066570,LG전자,214500,2026-10-08,213496.1315409837,193215.95543190406,238835.10304243804,down,0.50035,0.4614,0.03825,0.50035,false
066570,LG전자,214500,2026-10-12,213436.67521849988,191706.1505553704,240661.15804703158,down,0.49505,0.46815,0.0368,0.49505,false
066570,LG전자,214500,2026-10-13,213308.78843937602,190568.85123753978,242169.00321138804,down,0.4955,0.4638,0.0407,0.4955,false
066570,LG전자,214500,2026-10-14,213064.50936169177,189376.59971686956,244048.4008450147,down,0.49605,0.46665,0.0373,0.49605,false
066570,LG전자,214500,2026-10-15,213014.32366971677,188054.28843174607,245475.5180966943,down,0.49515,0.46645,0.0384,0.49515,false
066570,LG전자,214500,2026-10-16,213026.368833623,187237.57136332404,247110.45405091424,down,0.49325,0.4715,0.03525,0.49325,false
066570,LG전자,214500,2026-10-19,213104.20939840857,185914.22093719026,248661.7109281991,down,0.495,0.4625,0.0425,0.495,false
066570,LG전자,214500,2026-10-20,212927.86852029548,184889.1101385157,250225.94980093694,down,0.49965,0.46235,0.038,0.49965,false
066570,LG전자,214500,2026-10-21,212802.9438539286,183927.6519059814,251507.37762394137,down,0.50275,0.4602,0.03705,0.50275,false
066570,LG전자,214500,2026-10-22,212807.69004055363,182611.1423477217,252740.63093271706,down,0.4965,0.464,0.0395,0.4965,false
066570,LG전자,214500,2026-10-23,212751.57069472488,181580.82688042065,254637.57523333392,down,0.4911,0.47005,0.03885,0.4911,false
066570,LG전자,214500,2026-10-26,212700.33125271442,180947.0220893007,255608.2940347236,down,0.4998,0.46245,0.03775,0.4998,false
066570,LG전자,214500,2026-10-27,212625.94224213134,180206.5190346825,256800.50648185782,down,0.49635,0.46365,0.04,0.49635,false
066570,LG전자,214500,2026-10-28,212473.36141738767,179393.01814542903,258075.3196439955,down,0.49365,0.465,0.04135,0.49365,false
035420,NAVER,197700,2026-09-29,197684.38288475585,192297.94564765494,203940.05335775582,up,0.48,0.48,0.04305,0.47695,false
035420,NAVER,197700,2026-09-30,197906.14507520926,190175.1425249283,206752.28640920576,up,0.5155,0.5155,0.04005,0.44445,false
035420,NAVER,197700,2026-10-01,198211.065205405,188628.7510456416,209235.2817595002,up,0.5104,0.5104,0.0397,0.4499,false
035420,NAVER,197700,2026-10-02,198478.25783040762,187510.21426392236,211719.10562933842,up,0.5025,0.5025,0.03935,0.45815,false
035420,NAVER,197700,2026-10-06,198699.82971256,186386.34372253032,213513.33976533878,up,0.4929,0.4929,0.0356,0.4715,false
035420,NAVER,197700,2026-10-07,198893.3982009364,185571.06662747968,215310.79048485306,up,0.49815,0.49815,0.04065,0.4612,false
035420,NAVER,197700,2026-10-08,199147.6712659665,184625.85418778472,216629.2135379953,up,0.49835,0.49835,0.038,0.46365,false
035420,NAVER,197700,2026-10-12,199252.41030581453,183800.61734781848,218194.57477981292,up,0.48615,0.48615,0.04145,0.4724,false
035420,NAVER,197700,2026-10-13,199533.773485139,183305.97466779698,219468.09824013096,up,0.49595,0.49595,0.0422,0.46185,false
035420,NAVER,197700,2026-10-14,199658.09166206451,182602.62724649016,220827.9113894009,up,0.4916,0.4916,0.0369,0.4715,false
035420,NAVER,197700,2026-10-15,199692.15232155542,181964.5111115248,221545.9276600945,up,0.4829,0.4829,0.03825,0.47885,false
035420,NAVER,197700,2026-10-16,199979.74700287936,181556.96766818795,222865.56839944574,up,0.49085,0.49085,0.04115,0.468,false
035420,NAVER,197700,2026-10-19,200127.15252306516,181032.51886415872,224175.25176876373,up,0.4831,0.4831,0.0383,0.4786,false
035420,NAVER,197700,2026-10-20,200270.37362560412,180688.742181141,225071.72253514803,up,0.48565,0.48565,0.03915,0.4752,false
035420,NAVER,197700,2026-10-21,200347.33670230035,180214.60816906043,226054.9608425113,up,0.4875,0.4875,0.04105,0.47145,false
035420,NAVER,197700,2026-10-22,200589.8085684147,179575.7436273443,227221.49926633353,up,0.4887,0.4887,0.03705,0.47425,false
035420,NAVER,197700,2026-10-23,201060.58512881096,179200.4648732225,228459.98772291275,up,0.5127,0.5127,0.0408,0.4465,false
035420,NAVER,197700,2026-10-26,201207.60328786148,178987.97865904635,229817.5981603817,up,0.49885,0.49885,0.03665,0.4645,false
035420,NAVER,197700,2026-10-27,201703.75414538398,178768.5319027051,231123.55591741882,up,0.5146,0.5146,0.03675,0.44865,false
035420,NAVER,197700,2026-10-28,202047.28545480478,178628.4413678557,232067.1586028135,up,0.49785,0.49785,0.03815,0.464,false
010120,LS ELECTRIC,204500,2026-09-29,203814.5144623374,195550.49770063313,215234.86034770997,down,0.52635,0.4381,0.03555,0.52635,false
010120,LS ELECTRIC,204500,2026-09-30,203693.17230561402,190921.3931672064,220253.78753524297,down,0.5231,0.44115,0.03575,0.5231,false
010120,LS ELECTRIC,204500,2026-10-01,203588.2517949015,187416.4525499024,223992.0079091863,down,0.53245,0.43325,0.0343,0.53245,false
010120,LS ELECTRIC,204500,2026-10-02,203473.59206332208,184774.96536099134,227481.8471147847,down,0.5227,0.43995,0.03735,0.5227,false
010120,LS ELECTRIC,204500,2026-10-06,203512.5109005947,182241.1440063327,230428.82181576977,down,0.52525,0.43655,0.0382,0.52525,false
010120,LS ELECTRIC,204500,2026-10-07,203201.37001834562,180082.28437647427,233185.77989358603,down,0.52475,0.44145,0.0338,0.52475,false
010120,LS ELECTRIC,204500,2026-10-08,202972.5976923648,177897.7835684497,235827.62053403724,down,0.52555,0.4394,0.03505,0.52555,false
010120,LS ELECTRIC,204500,2026-10-12,202871.576388432,175882.53195765437,238429.21788451023,down,0.5282,0.43625,0.03555,0.5282,false
010120,LS ELECTRIC,204500,2026-10-13,202901.765611451,174192.44222835687,241081.90583438412,down,0.5253,0.44045,0.03425,0.5253,false
010120,LS ELECTRIC,204500,2026-10-14,202964.40406357325,172405.1053656374,242924.1803994624,down,0.5252,0.4403,0.0345,0.5252,false
010120,LS ELECTRIC,204500,2026-10-15,202906.85273991554,170758.74422883498,245594.38975840257,down,0.5237,0.4413,0.035,0.5237,false
010120,LS ELECTRIC,204500,2026-10-16,202896.8880693263,169492.76330478908,247972.3768497631,down,0.5286,0.4369,0.0345,0.5286,false
010120,LS ELECTRIC,204500,2026-10-19,202956.78023230645,167798.66072408427,250103.8981880597,down,0.53015,0.4358,0.03405,0.53015,false
010120,LS ELECTRIC,204500,2026-10-20,202844.98661500623,166739.65362257315,251599.53873535703,down,0.53225,0.43285,0.0349,0.53225,false
010120,LS ELECTRIC,204500,2026-10-21,202869.5873643787,165132.76237487316,253671.1495036496,down,0.5275,0.4416,0.0309,0.5275,false
010120,LS ELECTRIC,204500,2026-10-22,202781.57483567175,163724.17854848382,255971.73626187386,down,0.52385,0.4419,0.03425,0.52385,false
010120,LS ELECTRIC,204500,2026-10-23,202786.59236170608,162877.0150800915,257280.2382179948,down,0.5233,0.4432,0.0335,0.5233,false
010120,LS ELECTRIC,204500,2026-10-26,202769.21028075946,161450.19323453607,259473.35946070243,down,0.5287,0.43615,0.03515,0.5287,false
010120,LS ELECTRIC,204500,2026-10-27,202975.64013786628,160035.69671790712,261232.26802665292,down,0.52215,0.44415,0.0337,0.52215,false
010120,LS ELECTRIC,204500,2026-10-28,203133.7098224028,159071.78146976838,263242.181821,down,0.5248,0.44095,0.03425,0.5248,false
000810,삼성화재,661000,2026-09-29,659816.9294697228,643276.2325376064,678637.1886861576,down,0.51775,0.43965,0.0426,0.51775,false
000810,삼성화재,661000,2026-09-30,659003.421183947,634994.6088712253,689422.3322715389,down,0.51635,0.442,0.04165,0.51635,false
000810,삼성화재,661000,2026-10-01,658496.963715018,628127.113317475,696773.474175895,down,0.5108,0.4479,0.0413,0.5108,false
000810,삼성화재,661000,2026-10-02,658247.748342016,622161.9210593664,702957.3760312707,down,0.51295,0.4461,0.04095,0.51295,false
000810,삼성화재,661000,2026-10-06,657616.8867794415,616953.0295150694,709297.9599422673,down,0.51655,0.44355,0.0399,0.51655,false
000810,삼성화재,661000,2026-10-07,657328.520995156,612024.6161109882,715070.4020382131,down,0.5173,0.44275,0.03995,0.5173,false
000810,삼성화재,661000,2026-10-08,657077.0970344436,606874.5934711507,719584.3182833267,down,0.5161,0.4424,0.0415,0.5161,false
000810,삼성화재,661000,2026-10-12,656600.3872448924,602312.0592987748,725956.9980608901,down,0.51665,0.4436,0.03975,0.51665,false
000810,삼성화재,661000,2026-10-13,656650.5538624781,598568.1839232091,730492.731285233,down,0.51945,0.44195,0.0386,0.51945,false
000810,삼성화재,661000,2026-10-14,656381.5455793444,595363.9142542945,734115.7715969707,down,0.51345,0.44745,0.0391,0.51345,false
000810,삼성화재,661000,2026-10-15,656348.6148895333,591378.2348309433,739038.1554205075,down,0.50935,0.4528,0.03785,0.50935,false
000810,삼성화재,661000,2026-10-16,656360.7185137568,587973.1009116692,743713.8217402167,down,0.5128,0.44935,0.03785,0.5128,false
000810,삼성화재,661000,2026-10-19,656683.6392112989,585016.8018118254,748341.5750186804,down,0.5121,0.4497,0.0382,0.5121,false
000810,삼성화재,661000,2026-10-20,655841.9431506003,581955.5122393648,753527.5112405655,down,0.5172,0.44155,0.04125,0.5172,false
000810,삼성화재,661000,2026-10-21,655625.1410033682,578974.7142689286,757033.870000531,down,0.51755,0.44285,0.0396,0.51755,false
000810,삼성화재,661000,2026-10-22,655709.9321358133,575988.3954145799,761309.9493964905,down,0.51485,0.44695,0.0382,0.51485,false
000810,삼성화재,661000,2026-10-23,656007.9543821514,572697.1083679843,765220.4055888244,down,0.50955,0.45055,0.0399,0.50955,false
000810,삼성화재,661000,2026-10-26,655318.6214776472,569847.921190737,770597.2510100137,down,0.52325,0.4405,0.03625,0.52325,false
000810,삼성화재,661000,2026-10-27,655409.542380929,567295.1685602185,773604.5587098219,down,0.51995,0.4445,0.03555,0.51995,false
000810,삼성화재,661000,2026-10-28,654754.8919773047,564472.3567011458,778919.2499293982,down,0.51595,0.44645,0.0376,0.51595,false
005490,POSCO홀딩스,316500,2026-09-29,316019.6069491387,308486.3518087661,326584.40632761177,down,0.5207,0.4601,0.0192,0.5207,false
005490,POSCO홀딩스,316500,2026-09-30,315932.32938540017,304245.0657610158,330142.4968574716,down,0.5141,0.46445,0.02145,0.5141,false
005490,POSCO홀딩스,316500,2026-10-01,315972.9068052893,301136.843808153,333353.9380705608,down,0.51265,0.4693,0.01805,0.51265,false
005490,POSCO홀딩스,316500,2026-10-02,315944.68267681065,298595.64848390565,336398.7213644405,down,0.5166,0.466,0.0174,0.5166,false
005490,POSCO홀딩스,316500,2026-10-06,315807.43207608326,296148.7414081142,339329.17840778193,down,0.512,0.46915,0.01885,0.512,false
005490,POSCO홀딩스,316500,2026-10-07,315942.87801297,293877.0479383968,341872.83251296816,down,0.51695,0.4645,0.01855,0.51695,false
005490,POSCO홀딩스,316500,2026-10-08,315789.24238150206,291688.22991929663,343935.618385727,down,0.5207,0.45955,0.01975,0.5207,false
005490,POSCO홀딩스,316500,2026-10-12,315805.99963304267,289893.1195476619,345936.59173395514,down,0.52125,0.458,0.02075,0.52125,false
005490,POSCO홀딩스,316500,2026-10-13,315824.63605417736,288051.2224122489,348049.5459261081,down,0.512,0.4676,0.0204,0.512,false
005490,POSCO홀딩스,316500,2026-10-14,315621.96121399064,286514.9750906632,350362.1467817372,down,0.5101,0.47045,0.01945,0.5101,false
005490,POSCO홀딩스,316500,2026-10-15,315688.25573018735,284980.63668766804,352739.0724455649,down,0.5143,0.46595,0.01975,0.5143,false
005490,POSCO홀딩스,316500,2026-10-16,315783.2067281252,283449.66568603483,354540.85208858177,down,0.5111,0.47015,0.01875,0.5111,false
005490,POSCO홀딩스,316500,2026-10-19,315674.24210803036,281787.7601583892,356021.9303484551,down,0.51735,0.4626,0.02005,0.51735,false
005490,POSCO홀딩스,316500,2026-10-20,315658.69201102457,280407.53200184024,357855.6124901622,down,0.51535,0.4643,0.02035,0.51535,false
005490,POSCO홀딩스,316500,2026-10-21,315592.8819855434,278959.6709844518,359930.21128794696,down,0.51515,0.46555,0.0193,0.51515,false
005490,POSCO홀딩스,316500,2026-10-22,315456.9010998473,277891.71829760075,361535.723840294,down,0.517,0.4604,0.0226,0.517,false
005490,POSCO홀딩스,316500,2026-10-23,315606.3972209416,276595.76199709275,362894.7618858983,down,0.5088,0.47095,0.02025,0.5088,false
005490,POSCO홀딩스,316500,2026-10-26,315575.19938079064,275449.05648610624,364893.96824795916,down,0.5154,0.46575,0.01885,0.5154,false
005490,POSCO홀딩스,316500,2026-10-27,315340.0126539599,274176.73954929475,366432.9165466204,down,0.51865,0.46015,0.0212,0.51865,false
005490,POSCO홀딩스,316500,2026-10-28,315371.31566133164,272878.33370277495,367962.173329791,down,0.5089,0.46965,0.02145,0.5089,false
010130,고려아연,1102000,2026-09-29,1098971.5410571957,1059658.2537400885,1154342.2595145754,down,0.5432,0.40635,0.05045,0.5432,false
010130,고려아연,1102000,2026-09-30,1096343.1145954542,1039203.0047147168,1176344.479986097,down,0.5476,0.4023,0.0501,0.5476,false
010130,고려아연,1102000,2026-10-01,1095440.546255332,1021647.2022474981,1198217.5711091515,down,0.54545,0.4064,0.04815,0.54545,false
010130,고려아연,1102000,2026-10-02,1094613.5483482894,1006236.9803880036,1215410.5778490552,down,0.5475,0.4026,0.0499,0.5475,false
010130,고려아연,1102000,2026-10-06,1094995.8602591022,992111.3399934035,1234958.3022306375,down,0.5388,0.4094,0.0518,0.5388,false
010130,고려아연,1102000,2026-10-07,1094346.8544911374,980183.31882621,1250950.8334562688,down,0.5418,0.41005,0.04815,0.5418,false
010130,고려아연,1102000,2026-10-08,1093390.1138995634,967853.6874777394,1268209.0665264432,down,0.5498,0.402,0.0482,0.5498,false
010130,고려아연,1102000,2026-10-12,1093648.7592520765,955609.7953909395,1285192.9102183278,down,0.5451,0.40505,0.04985,0.5451,false
010130,고려아연,1102000,2026-10-13,1093558.0069001762,944191.9857355208,1295093.2830761103,down,0.5448,0.40895,0.04625,0.5448,false
010130,고려아연,1102000,2026-10-14,1093195.409376151,935413.8495659605,1306642.7039558021,down,0.54325,0.40595,0.0508,0.54325,false
010130,고려아연,1102000,2026-10-15,1093145.2431289756,926510.3377803023,1323819.0070607995,down,0.54475,0.40795,0.0473,0.54475,false
010130,고려아연,1102000,2026-10-16,1092147.678579419,918458.146083343,1339013.4019701635,down,0.54565,0.4081,0.04625,0.54565,false
010130,고려아연,1102000,2026-10-19,1091640.6543310839,908929.337060078,1354152.6319123704,down,0.54805,0.4013,0.05065,0.54805,false
010130,고려아연,1102000,2026-10-20,1091287.724858595,899971.194625591,1366479.122035727,down,0.5452,0.40595,0.04885,0.5452,false
010130,고려아연,1102000,2026-10-21,1092476.306428953,892515.3424245628,1380926.4034916344,down,0.5421,0.4095,0.0484,0.5421,false
010130,고려아연,1102000,2026-10-22,1091759.673985539,886746.3574442657,1392920.26001448,down,0.54995,0.40345,0.0466,0.54995,false
010130,고려아연,1102000,2026-10-23,1091515.578243448,881191.5961664352,1405162.9047778258,down,0.5425,0.41125,0.04625,0.5425,false
010130,고려아연,1102000,2026-10-26,1091114.1172469622,873308.9292113241,1416219.8374368541,down,0.5479,0.40595,0.04615,0.5479,false
010130,고려아연,1102000,2026-10-27,1090816.9929930835,866432.3023772404,1424681.451209958,down,0.5466,0.40405,0.04935,0.5466,false
010130,고려아연,1102000,2026-10-28,1089719.2708561765,860712.8601681215,1435898.4420181657,down,0.5462,0.40555,0.04825,0.5462,false
138040,메리츠금융지주,133400,2026-09-29,132771.58891879243,129555.640811508,137210.6734779731,down,0.57175,0.3737,0.05455,0.57175,false
138040,메리츠금융지주,133400,2026-09-30,132543.3666061783,127749.62130901967,138824.41413880407,down,0.554,0.4002,0.0458,0.554,false
138040,메리츠금융지주,133400,2026-10-01,132528.14609904334,126572.34818510125,139784.7303096382,down,0.52925,0.42465,0.0461,0.52925,false
138040,메리츠금융지주,133400,2026-10-02,132564.0658157499,125660.43894760763,140665.62882203067,down,0.52035,0.438,0.04165,0.52035,false
138040,메리츠금융지주,133400,2026-10-06,132617.33588702496,125015.65167862424,141478.7114574335,down,0.51045,0.44405,0.0455,0.51045,false
138040,메리츠금융지주,133400,2026-10-07,132726.45921369788,124457.8985533819,142374.83593489206,down,0.5054,0.4535,0.0411,0.5054,false
138040,메리츠금융지주,133400,2026-10-08,132800.78779655328,123936.30722651874,142991.24318933501,down,0.5097,0.44405,0.04625,0.5097,false
138040,메리츠금융지주,133400,2026-10-12,132839.49519591656,123467.20133641665,143674.71692525165,down,0.5124,0.44295,0.04465,0.5124,false
138040,메리츠금융지주,133400,2026-10-13,132840.45809004368,123083.46766548758,144259.3469846673,down,0.50945,0.44565,0.0449,0.50945,false
138040,메리츠금융지주,133400,2026-10-14,132814.13478747726,122767.33598874004,144682.1760479183,down,0.52035,0.4327,0.04695,0.52035,false
138040,메리츠금융지주,133400,2026-10-15,132798.01313957258,122329.23580694805,145165.65601641286,down,0.51945,0.43465,0.0459,0.51945,false
138040,메리츠금융지주,133400,2026-10-16,132872.6888482133,121988.06706846146,145697.85017022357,down,0.50985,0.44425,0.0459,0.50985,false
138040,메리츠금융지주,133400,2026-10-19,132907.6889884434,121707.44774022338,146136.2524143823,down,0.51155,0.44435,0.0441,0.51155,false
138040,메리츠금융지주,133400,2026-10-20,132897.99576010095,121486.88029986505,146451.61842913323,down,0.52475,0.4272,0.04805,0.52475,false
138040,메리츠금융지주,133400,2026-10-21,132892.55350017018,121193.75220923146,146685.5608579663,down,0.51995,0.4305,0.04955,0.51995,false
138040,메리츠금융지주,133400,2026-10-22,132848.74965714687,120853.91762422366,146900.37874221662,down,0.52005,0.4323,0.04765,0.52005,false
138040,메리츠금융지주,133400,2026-10-23,132924.87561563958,120613.94774622818,147184.17784362307,down,0.51815,0.43465,0.0472,0.51815,false
138040,메리츠금융지주,133400,2026-10-26,132961.09303878288,120405.93217432061,147494.69320685125,down,0.50825,0.44605,0.0457,0.50825,false
138040,메리츠금융지주,133400,2026-10-27,133073.75339691632,120285.36785699116,147890.2883025336,down,0.501,0.4491,0.0499,0.501,false
138040,메리츠금융지주,133400,2026-10-28,133082.20191183913,120090.49356215924,148227.0190521755,down,0.5208,0.4339,0.0453,0.5208,false
015760,한국전력,30700,2026-09-29,30676.824961368737,29903.31780130189,31527.29588795409,down,0.4745,0.45455,0.07095,0.4745,false
015760,한국전력,30700,2026-09-30,30684.034966814128,29479.923206649248,31936.167843611183,down,0.47135,0.4626,0.06605,0.47135,false
015760,한국전력,30700,2026-10-01,30699.07470272132,29142.26800463963,32295.802900886498,down,0.47235,0.46125,0.0664,0.47235,false
015760,한국전력,30700,2026-10-02,30684.074610675954,28870.22578952202,32578.50723735589,down,0.4794,0.45825,0.06235,0.4794,false
015760,한국전력,30700,2026-10-06,30677.895339947074,28624.781273730456,32887.238859923746,down,0.48105,0.45745,0.0615,0.48105,false
015760,한국전력,30700,2026-10-07,30680.74087986089,28390.387165816035,33126.24316085256,down,0.4733,0.46315,0.06355,0.4733,false
015760,한국전력,30700,2026-10-08,30671.13399521321,28203.5360122198,33338.47061058571,down,0.4798,0.45875,0.06145,0.4798,false
015760,한국전력,30700,2026-10-12,30657.68864854321,28000.971640334756,33553.88490637902,down,0.47845,0.462,0.05955,0.47845,false
015760,한국전력,30700,2026-10-13,30663.947263501836,27816.85814210408,33795.997823531005,down,0.4791,0.46235,0.05855,0.4791,false
015760,한국전력,30700,2026-10-14,30645.646105047705,27657.702524039658,34029.279192875336,down,0.4733,0.4656,0.0611,0.4733,false
015760,한국전력,30700,2026-10-15,30647.500498744586,27485.82177328858,34201.41754659561,down,0.48195,0.4591,0.05895,0.48195,false
015760,한국전력,30700,2026-10-16,30667.52593363382,27322.930223080384,34403.21288738645,down,0.47645,0.46575,0.0578,0.47645,false
015760,한국전력,30700,2026-10-19,30648.837644805288,27136.796750532198,34574.44509712757,down,0.48365,0.45975,0.0566,0.48365,false
015760,한국전력,30700,2026-10-20,30654.808123048686,26973.33867014934,34782.72692173674,down,0.47705,0.46455,0.0584,0.47705,false
015760,한국전력,30700,2026-10-21,30661.820038095786,26840.210296256653,35011.11406339642,down,0.47655,0.4675,0.05595,0.47655,false
015760,한국전력,30700,2026-10-22,30645.685598948097,26687.234698292512,35201.690008338155,down,0.48105,0.4629,0.05605,0.48105,false
015760,한국전력,30700,2026-10-23,30658.056930043964,26574.99502127616,35385.961540374294,down,0.47885,0.46775,0.0534,0.47885,false
015760,한국전력,30700,2026-10-26,30655.51261224655,26428.57993592281,35563.71893114306,down,0.48255,0.4634,0.05405,0.48255,false
015760,한국전력,30700,2026-10-27,30644.39634837112,26295.658309496743,35703.15829816607,down,0.4811,0.46055,0.05835,0.4811,false
015760,한국전력,30700,2026-10-28,30662.620363224487,26194.926045489985,35902.46716818804,down,0.4763,0.4667,0.057,0.4763,false
011200,HMM,21250,2026-09-29,21242.451327034338,20729.930885585552,21783.726474531657,down,0.4865,0.44675,0.06675,0.4865,false
011200,HMM,21250,2026-09-30,21227.66477129094,20505.69735225521,22049.48132536502,down,0.4837,0.4517,0.0646,0.4837,false
011200,HMM,21250,2026-10-01,21219.156352340753,20310.75739764007,22244.727419180886,down,0.49125,0.44265,0.0661,0.49125,false
011200,HMM,21250,2026-10-02,21212.106884430657,20159.178598169376,22409.327716157037,down,0.4883,0.4479,0.0638,0.4883,false
011200,HMM,21250,2026-10-06,21213.384655959548,20018.92613482581,22575.733097103282,down,0.485,0.45015,0.06485,0.485,false
011200,HMM,21250,2026-10-07,21217.04418996059,19896.79046641887,22712.96415318442,down,0.4835,0.4521,0.0644,0.4835,false
011200,HMM,21250,2026-10-08,21210.68437204959,19758.650497048016,22835.846027686377,down,0.48865,0.44765,0.0637,0.48865,false
011200,HMM,21250,2026-10-12,21214.524655370675,19664.620422648295,22964.319045666023,down,0.48275,0.4518,0.06545,0.48275,false
011200,HMM,21250,2026-10-13,21209.368696355,19559.240783056186,23086.659016029244,down,0.4827,0.453,0.0643,0.4827,false
011200,HMM,21250,2026-10-14,21216.572552547266,19470.428449857583,23196.972759561268,down,0.48,0.45475,0.06525,0.48,false
011200,HMM,21250,2026-10-15,21210.025020291134,19382.25752805779,23315.27029519637,down,0.48475,0.4497,0.06555,0.48475,false
011200,HMM,21250,2026-10-16,21211.492405782585,19293.572338574228,23414.252792404677,down,0.48335,0.45185,0.0648,0.48335,false
011200,HMM,21250,2026-10-19,21209.392046254427,19193.52438223934,23571.54753468002,down,0.4823,0.45345,0.06425,0.4823,false
011200,HMM,21250,2026-10-20,21194.72529716928,19129.797815441158,23652.214121540615,down,0.4897,0.4507,0.0596,0.4897,false
011200,HMM,21250,2026-10-21,21197.58719861252,19052.48835469789,23731.95448124356,down,0.48205,0.4536,0.06435,0.48205,false
011200,HMM,21250,2026-10-22,21170.62364824943,18990.949034384248,23836.45863306616,down,0.48735,0.44975,0.0629,0.48735,false
011200,HMM,21250,2026-10-23,21203.53297623288,18898.934705877455,23925.921698538074,down,0.47645,0.4562,0.06735,0.47645,false
011200,HMM,21250,2026-10-26,21189.25610747098,18823.36137125786,24049.505211944048,down,0.4899,0.4473,0.0628,0.4899,false
011200,HMM,21250,2026-10-27,21179.520091494258,18741.901117082278,24114.92583958436,down,0.49105,0.44475,0.0642,0.49105,false
011200,HMM,21250,2026-10-28,21187.941487356762,18668.879061960135,24204.682363485845,down,0.48065,0.456,0.06335,0.48065,false
051910,LG화학,262500,2026-09-29,261062.92027189102,250777.0730764176,272651.02912271465,down,0.56695,0.3931,0.03995,0.56695,false
051910,LG화학,262500,2026-09-30,260106.97576681565,245745.22327950105,276294.1717561564,down,0.5297,0.438,0.0323,0.5297,false
051910,LG화학,262500,2026-10-01,259501.0531210332,241621.06252513663,279154.3996700795,down,0.5232,0.44485,0.03195,0.5232,false
051910,LG화학,262500,2026-10-02,258855.17122577236,238343.45575198566,281312.17259649344,down,0.5289,0.44015,0.03095,0.5289,false
051910,LG화학,262500,2026-10-06,258255.7047854679,235033.58945539492,283244.4889066837,down,0.52255,0.44375,0.0337,0.52255,false
051910,LG화학,262500,2026-10-07,257507.30581700805,231951.34372952042,285186.03156252304,down,0.53005,0.4379,0.03205,0.53005,false
051910,LG화학,262500,2026-10-08,256471.63282787966,229217.42329116,286342.34108480427,down,0.53495,0.43215,0.0329,0.53495,false
051910,LG화학,262500,2026-10-12,255702.20673757835,226960.6601769203,287287.4458874142,down,0.53235,0.4355,0.03215,0.53235,false
051910,LG화학,262500,2026-10-13,254674.87419422733,224823.02576038966,288542.79364835523,down,0.52635,0.4415,0.03215,0.52635,false
051910,LG화학,262500,2026-10-14,254062.15861996257,222546.70971063027,290090.41705907043,down,0.5278,0.4392,0.033,0.5278,false
051910,LG화학,262500,2026-10-15,253347.25465985315,220434.4965298949,290245.0804993693,down,0.5327,0.43555,0.03175,0.5327,false
051910,LG화학,262500,2026-10-16,252433.1325213834,218750.37476771788,291320.3906356403,down,0.53115,0.43685,0.032,0.53115,false
051910,LG화학,262500,2026-10-19,251731.54536254093,216621.6131971911,292091.97561601474,down,0.53575,0.4326,0.03165,0.53575,false
051910,LG화학,262500,2026-10-20,250756.92550880296,214869.0529141216,292447.52580894926,down,0.53295,0.4351,0.03195,0.53295,false
051910,LG화학,262500,2026-10-21,249963.9959223754,212953.0966518098,293081.5680871751,down,0.53095,0.4394,0.02965,0.53095,false
051910,LG화학,262500,2026-10-22,249259.25290215714,211046.9947390681,294158.9346744313,down,0.53215,0.43535,0.0325,0.53215,false
051910,LG화학,262500,2026-10-23,248546.65928296171,209768.54133889556,294789.6000375838,down,0.5222,0.4502,0.0276,0.5222,false
051910,LG화학,262500,2026-10-26,247666.06979400283,208072.33501979712,295082.8651272844,down,0.52965,0.43885,0.0315,0.52965,false
051910,LG화학,262500,2026-10-27,247040.33529729611,206518.83873498955,295722.5887411503,down,0.52835,0.44375,0.0279,0.52835,false
051910,LG화학,262500,2026-10-28,246105.09254348412,205390.70302172628,295830.62992235034,down,0.52865,0.44025,0.0311,0.52865,false
017670,SK텔레콤,88200,2026-09-29,88130.93327254953,86629.32903866011,89991.39269743017,down,0.4698,0.45295,0.07725,0.4698,false
017670,SK텔레콤,88200,2026-09-30,88097.47195204618,85814.38951069089,90829.53837773719,down,0.4706,0.4545,0.0749,0.4706,false
017670,SK텔레콤,88200,2026-10-01,88112.53595197841,85156.44653289992,91500.50850357415,down,0.4765,0.45065,0.07285,0.4765,false
017670,SK텔레콤,88200,2026-10-02,88070.49648238264,84556.52731449048,92093.36896400718,down,0.47725,0.45205,0.0707,0.47725,false
017670,SK텔레콤,88200,2026-10-06,88049.03068246628,84075.42527335687,92610.67634975893,down,0.4887,0.4423,0.069,0.4887,false
017670,SK텔레콤,88200,2026-10-07,88040.28007157685,83670.77903708108,93078.56241876264,down,0.4814,0.4514,0.0672,0.4814,false
017670,SK텔레콤,88200,2026-10-08,88073.19237418476,83215.81786827854,93462.4043592599,down,0.47835,0.45395,0.0677,0.47835,false
017670,SK텔레콤,88200,2026-10-12,88020.32381466415,82848.2080921088,93897.94666214591,down,0.4826,0.449,0.0684,0.4826,false
017670,SK텔레콤,88200,2026-10-13,88003.1969048467,82553.8562552943,94294.2287456146,down,0.48,0.45185,0.06815,0.48,false
017670,SK텔레콤,88200,2026-10-14,87985.12829351549,82169.20518117223,94679.97105807603,down,0.48075,0.45105,0.0682,0.48075,false
017670,SK텔레콤,88200,2026-10-15,87962.17341838006,81879.30425100541,95038.37951854293,down,0.4822,0.45115,0.06665,0.4822,false
017670,SK텔레콤,88200,2026-10-16,87994.87211124116,81600.7070918288,95458.94353116197,down,0.4771,0.4567,0.0662,0.4771,false
017670,SK텔레콤,88200,2026-10-19,88020.00313574166,81331.48397467441,95689.61618778275,down,0.48185,0.4534,0.06475,0.48185,false
017670,SK텔레콤,88200,2026-10-20,87962.477325265,81114.51648743442,96043.14928606838,down,0.47875,0.45415,0.0671,0.47875,false
017670,SK텔레콤,88200,2026-10-21,87958.17786806922,80821.37445937672,96390.7550274674,down,0.4887,0.44885,0.06245,0.4887,false
017670,SK텔레콤,88200,2026-10-22,87912.56452433555,80518.70710066258,96713.72705887523,down,0.49265,0.4425,0.06485,0.49265,false
017670,SK텔레콤,88200,2026-10-23,87915.65647892652,80358.05916476113,97033.93211598397,down,0.4788,0.45645,0.06475,0.4788,false
017670,SK텔레콤,88200,2026-10-26,87947.42870903754,80113.59007850892,97319.55487317832,down,0.4919,0.4454,0.0627,0.4919,false
017670,SK텔레콤,88200,2026-10-27,87924.70519875456,79840.89017131388,97575.89997172258,down,0.48635,0.4495,0.06415,0.48635,false
017670,SK텔레콤,88200,2026-10-28,87918.53461888438,79530.35166965926,97846.36564649986,down,0.4861,0.44845,0.06545,0.4861,false
033780,KT&G,175400,2026-09-29,175291.64922817628,172201.08416937763,179111.76654204313,down,0.49315,0.4534,0.05345,0.49315,false
033780,KT&G,175400,2026-09-30,175326.4388361813,170997.16166059725,180376.01923238536,down,0.47605,0.4756,0.04835,0.47605,false
033780,KT&G,175400,2026-10-01,175477.82585374682,170032.30468203468,181634.15589968927,down,0.4786,0.47445,0.04695,0.4786,false
033780,KT&G,175400,2026-10-02,175640.11889079,169423.56755204336,182705.59906232482,up,0.47785,0.47785,0.0458,0.47635,false
033780,KT&G,175400,2026-10-06,175725.05423212732,168831.67602036265,183691.05877001066,down,0.477,0.4763,0.0467,0.477,false
033780,KT&G,175400,2026-10-07,175776.61500325648,168206.03775303176,184551.82011677237,down,0.48855,0.46455,0.0469,0.48855,false
033780,KT&G,175400,2026-10-08,175879.9417096764,167609.78397076222,185406.1653258689,down,0.4857,0.46585,0.04845,0.4857,false
033780,KT&G,175400,2026-10-12,175902.0469673319,167077.92281998976,185952.26915125732,down,0.4857,0.4658,0.0485,0.4857,false
033780,KT&G,175400,2026-10-13,175977.16082861408,166635.08217419585,186727.2214907108,down,0.48725,0.4682,0.04455,0.48725,false
033780,KT&G,175400,2026-10-14,176048.44433022838,166134.41230533048,187435.89396990748,down,0.48805,0.4687,0.04325,0.48805,false
033780,KT&G,175400,2026-10-15,176149.86019168733,165799.36220030632,187936.64060389606,down,0.4898,0.46505,0.04515,0.4898,false
033780,KT&G,175400,2026-10-16,176147.25213317026,165444.53222125306,188602.87911185686,down,0.4822,0.4712,0.0466,0.4822,false
033780,KT&G,175400,2026-10-19,176286.01664799533,165129.02733190876,189347.20466107805,down,0.4845,0.468,0.0475,0.4845,false
033780,KT&G,175400,2026-10-20,176290.50069652888,164724.95846567416,190043.85982977034,down,0.48445,0.4676,0.04795,0.48445,false
033780,KT&G,175400,2026-10-21,176418.18270843237,164376.12599059514,190631.23854535073,down,0.491,0.46275,0.04625,0.491,false
033780,KT&G,175400,2026-10-22,176567.48665694922,164173.61563407522,191085.9926573696,down,0.48445,0.46785,0.0477,0.48445,false
033780,KT&G,175400,2026-10-23,176653.19044098762,163817.8189679027,191605.75901510875,down,0.4855,0.468,0.0465,0.4855,false
033780,KT&G,175400,2026-10-26,176721.2186025199,163547.7517679637,192206.95131131963,down,0.4924,0.46315,0.04445,0.4924,false
033780,KT&G,175400,2026-10-27,176790.85614039912,163265.785701581,192666.59202735237,down,0.48485,0.4693,0.04585,0.48485,false
033780,KT&G,175400,2026-10-28,176816.76768861013,163024.00684356154,193343.52230321223,down,0.4807,0.4732,0.0461,0.4807,false
196170,알테오젠,252500,2026-09-29,252579.90597093897,244457.88773534342,263101.48603847285,up,0.4863,0.4863,0.0378,0.4759,false
196170,알테오젠,252500,2026-09-30,253909.3256640187,241771.97294554004,267858.89423104195,up,0.53665,0.53665,0.0275,0.43585,false
196170,알테오젠,252500,2026-10-01,254929.3159026319,239870.26403060902,272276.45198473864,up,0.52775,0.52775,0.028,0.44425,false
196170,알테오젠,252500,2026-10-02,255894.2309733333,238283.70410577348,275696.1265380534,up,0.5156,0.5156,0.02765,0.45675,false
196170,알테오젠,252500,2026-10-06,256481.15009213856,236537.05652491475,278892.9009749744,up,0.50385,0.50385,0.0288,0.46735,false
196170,알테오젠,252500,2026-10-07,257296.03768367562,235295.27478533602,281984.4829048349,up,0.50745,0.50745,0.02875,0.4638,false
196170,알테오젠,252500,2026-10-08,257943.47004714474,233914.53527655182,284633.37771480076,up,0.4987,0.4987,0.0265,0.4748,false
196170,알테오젠,252500,2026-10-12,258221.6704898671,232392.9658890808,287341.6902286528,up,0.4907,0.4907,0.02715,0.48215,false
196170,알테오젠,252500,2026-10-13,259096.58399050205,231954.89595173014,289826.6134533752,up,0.5058,0.5058,0.02815,0.46605,false
196170,알테오젠,252500,2026-10-14,259579.0408204589,230676.0904444212,292369.1546244779,up,0.4969,0.4969,0.0266,0.4765,false
196170,알테오젠,252500,2026-10-15,259693.43225951376,229623.5991470437,294483.1050337254,up,0.4886,0.4886,0.02585,0.48555,false
196170,알테오젠,252500,2026-10-16,260381.1446874708,228492.88082156252,296562.96431259625,down,0.4898,0.48285,0.02735,0.4898,false
196170,알테오젠,252500,2026-10-19,260262.87720118382,227637.9246590513,297949.051096211,down,0.4989,0.4745,0.0266,0.4989,false
196170,알테오젠,252500,2026-10-20,260550.66075173387,226888.21032382792,299697.662695782,down,0.49825,0.4747,0.02705,0.49825,false
196170,알테오젠,252500,2026-10-21,260907.002079086,225659.9993832495,300887.8009522006,down,0.4939,0.4796,0.0265,0.4939,false
196170,알테오젠,252500,2026-10-22,261091.5027170544,224490.78609823235,302198.0163572586,down,0.49825,0.4765,0.02525,0.49825,false
196170,알테오젠,252500,2026-10-23,261276.04957757765,223951.1537833998,304089.9146707885,up,0.48965,0.48965,0.02745,0.4829,false
196170,알테오젠,252500,2026-10-26,261729.77191032522,223110.96791928087,306067.0212165629,down,0.49065,0.48315,0.0262,0.49065,false
196170,알테오젠,252500,2026-10-27,262055.56307069276,222469.6033705042,307764.5928379493,up,0.4888,0.4888,0.0267,0.4845,false
196170,알테오젠,252500,2026-10-28,262586.93073341995,221434.8822869853,308894.33155377087,down,0.49735,0.47605,0.0266,0.49735,false
018260,삼성에스디에스,219000,2026-09-29,218784.110204126,212717.79306516878,224874.2373290256,down,0.4823,0.4526,0.0651,0.4823,false
018260,삼성에스디에스,219000,2026-09-30,218643.49208628407,209678.95331600404,228191.88183912222,down,0.47855,0.46695,0.0545,0.47855,false
018260,삼성에스디에스,219000,2026-10-01,218507.15491912293,207244.41022099042,230677.2312840568,down,0.4847,0.4651,0.0502,0.4847,false
018260,삼성에스디에스,219000,2026-10-02,218252.81399526834,205179.23238615473,233117.36959460416,down,0.49555,0.458,0.04645,0.49555,false
018260,삼성에스디에스,219000,2026-10-06,218040.2017745992,203486.06862044227,235221.0338248008,down,0.49405,0.45865,0.0473,0.49405,false
018260,삼성에스디에스,219000,2026-10-07,217766.20781788786,201743.45138883736,237390.92124505324,down,0.49715,0.4548,0.04805,0.49715,false
018260,삼성에스디에스,219000,2026-10-08,217714.35443350242,200003.5586922228,239256.65680737447,down,0.49135,0.4636,0.04505,0.49135,false
018260,삼성에스디에스,219000,2026-10-12,217568.66866264402,198659.10725800792,241427.14075620804,down,0.49775,0.4587,0.04355,0.49775,false
018260,삼성에스디에스,219000,2026-10-13,217415.67573795488,197400.89468743178,242896.48699035388,down,0.4947,0.4617,0.0436,0.4947,false
018260,삼성에스디에스,219000,2026-10-14,217316.19935817574,196047.57646388852,244787.72611152494,down,0.4902,0.46495,0.04485,0.4902,false
018260,삼성에스디에스,219000,2026-10-15,217276.2945607723,194608.7595845037,246322.1175489842,down,0.5003,0.45725,0.04245,0.5003,false
018260,삼성에스디에스,219000,2026-10-16,217170.01273696852,193627.36031214925,248031.27545286546,down,0.49335,0.46215,0.0445,0.49335,false
018260,삼성에스디에스,219000,2026-10-19,217285.63832982373,192344.308673399,250059.5971841508,down,0.4927,0.4659,0.0414,0.4927,false
018260,삼성에스디에스,219000,2026-10-20,217108.01884594728,191407.53991129182,251514.30619830854,down,0.49755,0.46205,0.0404,0.49755,false
018260,삼성에스디에스,219000,2026-10-21,217037.72103267332,190142.69776427388,252896.6460382439,down,0.49435,0.46335,0.0423,0.49435,false
018260,삼성에스디에스,219000,2026-10-22,216769.60311777543,189160.61003710568,254311.3576895681,down,0.4984,0.4612,0.0404,0.4984,false
018260,삼성에스디에스,219000,2026-10-23,216675.66668636832,188151.4984529037,255672.00180144783,down,0.4881,0.46925,0.04265,0.4881,false
018260,삼성에스디에스,219000,2026-10-26,216804.28101433755,187054.80566272166,256772.90784546838,down,0.49995,0.4575,0.04255,0.49995,false
018260,삼성에스디에스,219000,2026-10-27,216527.8789677487,186253.839459833,257872.7579292419,down,0.4993,0.4601,0.0406,0.4993,false
018260,삼성에스디에스,219000,2026-10-28,216596.29363773012,185235.35540135368,259140.93587603813,down,0.497,0.4632,0.0398,0.497,false
086280,현대글로비스,199100,2026-09-29,198777.1416887925,193433.28150163442,205324.02929931454,down,0.5114,0.4491,0.0395,0.5114,false
086280,현대글로비스,199100,2026-09-30,198700.53259306666,190870.8619556665,207848.53721055665,down,0.518,0.443,0.039,0.518,false
086280,현대글로비스,199100,2026-10-01,198678.65093435097,188684.99214077517,210302.56931758136,down,0.5169,0.44695,0.03615,0.5169,false
086280,현대글로비스,199100,2026-10-02,198495.4326583554,186917.6029414048,212245.31084808387,down,0.51865,0.4454,0.03595,0.51865,false
086280,현대글로비스,199100,2026-10-06,198457.74127363763,185373.06770543373,213801.61757814282,down,0.5224,0.44165,0.03595,0.5224,false
086280,현대글로비스,199100,2026-10-07,198434.4595244847,183924.51518228897,215675.75969410109,down,0.5181,0.44615,0.03575,0.5181,false
086280,현대글로비스,199100,2026-10-08,198372.71219136083,182572.2903285289,217222.11050188442,down,0.5223,0.4433,0.0344,0.5223,false
086280,현대글로비스,199100,2026-10-12,198275.16360353137,181236.23053392142,218570.83054212027,down,0.51575,0.45035,0.0339,0.51575,false
086280,현대글로비스,199100,2026-10-13,198315.36851739374,180117.89913689467,219991.7146309543,down,0.51115,0.4525,0.03635,0.51115,false
086280,현대글로비스,199100,2026-10-14,198162.6230312762,179152.5573491199,221502.9554336554,down,0.517,0.44765,0.03535,0.517,false
086280,현대글로비스,199100,2026-10-15,198149.7427849145,178186.12991935096,222434.3715762858,down,0.51225,0.45455,0.0332,0.51225,false
086280,현대글로비스,199100,2026-10-16,198049.7109212982,177331.97521629336,223852.067545898,down,0.5149,0.44765,0.03745,0.5149,false
086280,현대글로비스,199100,2026-10-19,198144.00533219628,176295.07486128778,224921.740340538,down,0.5122,0.4524,0.0354,0.5122,false
086280,현대글로비스,199100,2026-10-20,198194.40110051743,175257.6185574843,226438.9689330704,down,0.5188,0.4485,0.0327,0.5188,false
086280,현대글로비스,199100,2026-10-21,198207.1481412208,174191.5057840534,227284.96985305782,down,0.5237,0.4424,0.0339,0.5237,false
086280,현대글로비스,199100,2026-10-22,198129.8777661909,173390.92623800147,228594.93904586794,down,0.5167,0.4492,0.0341,0.5167,false
086280,현대글로비스,199100,2026-10-23,198222.0759807137,172770.69617321214,230072.25967212234,down,0.5068,0.45705,0.03615,0.5068,false
086280,현대글로비스,199100,2026-10-26,198267.10518061175,171862.33054703413,230623.73478662092,down,0.52085,0.44485,0.0343,0.52085,false
086280,현대글로비스,199100,2026-10-27,198164.34368360665,171168.36829189523,231617.73877027046,down,0.51545,0.4509,0.03365,0.51545,false
086280,현대글로비스,199100,2026-10-28,198156.62610015535,170386.8096125245,232804.89812646885,down,0.51215,0.45355,0.0343,0.51215,false
000720,현대건설,124600,2026-09-29,124025.71627215421,118871.13750147686,130955.52209995563,down,0.5381,0.42885,0.03305,0.5381,false
000720,현대건설,124600,2026-09-30,123953.25792402256,116614.00754926918,133739.6581176708,down,0.5382,0.4288,0.033,0.5382,false
000720,현대건설,124600,2026-10-01,123877.93461952126,114757.92024104223,136068.1007939242,down,0.53875,0.4296,0.03165,0.53875,false
000720,현대건설,124600,2026-10-02,123852.36309053526,113145.18089291696,137889.54383043747,down,0.5396,0.42895,0.03145,0.5396,false
000720,현대건설,124600,2026-10-06,123691.84245027647,111804.03376831165,139583.0641112502,down,0.54335,0.42395,0.0327,0.54335,false
000720,현대건설,124600,2026-10-07,123655.53477685992,110784.73702757862,140963.56624030968,down,0.54245,0.4227,0.03485,0.54245,false
000720,현대건설,124600,2026-10-08,123537.73978926372,109793.16624929065,142074.7601406838,down,0.5397,0.4276,0.0327,0.5397,false
000720,현대건설,124600,2026-10-12,123474.21539998602,108571.46246373894,143225.26160601823,down,0.54005,0.42775,0.0322,0.54005,false
000720,현대건설,124600,2026-10-13,123356.42870752573,107786.65596659858,144304.342191061,down,0.53685,0.43035,0.0328,0.53685,false
000720,현대건설,124600,2026-10-14,123314.06490759642,106968.63066756917,145787.57194068434,down,0.53735,0.4272,0.03545,0.53735,false
000720,현대건설,124600,2026-10-15,123356.44309989808,106305.65824782367,146795.44671851248,down,0.54155,0.4268,0.03165,0.54155,false
000720,현대건설,124600,2026-10-16,123278.9848106254,105539.78635353835,148016.11742940344,down,0.53375,0.4302,0.03605,0.53375,false
000720,현대건설,124600,2026-10-19,123192.16152638628,104800.25542034762,148831.14525811348,down,0.53815,0.42575,0.0361,0.53815,false
000720,현대건설,124600,2026-10-20,123053.5841904972,104127.32820280334,149717.5543922529,down,0.54005,0.42605,0.0339,0.54005,false
000720,현대건설,124600,2026-10-21,123147.19322632758,103473.75112800329,150744.75589118095,down,0.5366,0.4293,0.0341,0.5366,false
000720,현대건설,124600,2026-10-22,123047.51569521546,102979.5556391687,151079.20754924222,down,0.5403,0.4285,0.0312,0.5403,false
000720,현대건설,124600,2026-10-23,122989.09275569743,102424.97687357773,152208.450941071,down,0.5367,0.4277,0.0356,0.5367,false
000720,현대건설,124600,2026-10-26,122944.19148241133,101880.41148986465,153312.26724652352,down,0.5367,0.42615,0.03715,0.5367,false
000720,현대건설,124600,2026-10-27,122841.26285783955,101368.265439859,153786.33574855013,down,0.54095,0.42315,0.0359,0.54095,false
000720,현대건설,124600,2026-10-28,122934.16078326195,100660.32818478486,154284.8516499439,down,0.5365,0.4273,0.0362,0.5365,false
278470,에이피알,368500,2026-09-29,368361.5128795771,351852.708293176,387705.2117008389,down,0.4943,0.47585,0.02985,0.4943,false
278470,에이피알,368500,2026-09-30,367983.2298760731,345000.9373375201,394107.6664604024,down,0.4927,0.4771,0.0302,0.4927,false
278470,에이피알,368500,2026-10-01,368042.0209022589,339317.9660374906,400430.7179035277,down,0.49375,0.4764,0.02985,0.49375,false
278470,에이피알,368500,2026-10-02,367871.5899138007,335033.07478368364,406029.1076066601,down,0.49845,0.4718,0.02975,0.49845,false
278470,에이피알,368500,2026-10-06,367840.879602315,331426.2406470555,410426.36203839484,down,0.49805,0.4725,0.02945,0.49805,false
278470,에이피알,368500,2026-10-07,367683.7435517853,327890.77580217045,414852.9174323465,down,0.49525,0.47625,0.0285,0.49525,false
278470,에이피알,368500,2026-10-08,367652.65159647475,324846.82727521466,419053.3135398699,down,0.4985,0.4715,0.03,0.4985,false
278470,에이피알,368500,2026-10-12,367575.9352891641,321559.4311602323,423270.3245161044,down,0.5047,0.4664,0.0289,0.5047,false
278470,에이피알,368500,2026-10-13,367640.91484237736,319000.63680461055,427046.43870006787,down,0.49935,0.4713,0.02935,0.49935,false
278470,에이피알,368500,2026-10-14,367457.40769118955,316537.3293895179,429948.9446489913,down,0.501,0.4698,0.0292,0.501,false
278470,에이피알,368500,2026-10-15,367470.4517634141,314212.48904158,433210.3133628882,down,0.48805,0.4838,0.02815,0.48805,false
278470,에이피알,368500,2026-10-16,367384.85507726076,311770.40973758604,436270.0269095457,down,0.49945,0.46955,0.031,0.49945,false
278470,에이피알,368500,2026-10-19,367895.4215856269,309595.28417333536,439374.3359997291,down,0.4949,0.47755,0.02755,0.4949,false
278470,에이피알,368500,2026-10-20,367472.52135743864,307236.35946542956,443059.07939065713,down,0.4971,0.4724,0.0305,0.4971,false
278470,에이피알,368500,2026-10-21,367547.2018550821,305666.4161671208,445956.2713654533,down,0.49575,0.47525,0.029,0.49575,false
278470,에이피알,368500,2026-10-22,367449.3165989155,303634.9837429969,448824.7126595162,down,0.496,0.4741,0.0299,0.496,false
278470,에이피알,368500,2026-10-23,367920.69176516106,302089.02728808555,451893.96201187867,down,0.49325,0.4776,0.02915,0.49325,false
278470,에이피알,368500,2026-10-26,367342.4861944802,299572.8304725643,454651.5217025524,down,0.5026,0.46765,0.02975,0.5026,false
278470,에이피알,368500,2026-10-27,367471.20350293326,298314.9747330713,457919.2480200647,down,0.49555,0.47645,0.028,0.49555,false
278470,에이피알,368500,2026-10-28,367257.612777817,296709.00896185235,461134.11311873846,down,0.4922,0.4772,0.0306,0.4922,false
030200,KT,52900,2026-09-29,52910.11231608776,52072.27304558202,53764.704239533836,up,0.4654,0.4654,0.07895,0.45565,false
030200,KT,52900,2026-09-30,52891.694471565395,51680.26858543344,54194.32178172577,up,0.4695,0.4695,0.0742,0.4563,false
030200,KT,52900,2026-10-01,52895.620123713146,51368.36657151911,54550.54526781326,up,0.46495,0.46495,0.0772,0.45785,false
030200,KT,52900,2026-10-02,52889.96765653195,51083.910188184476,54856.153955887785,up,0.4673,0.4673,0.0736,0.4591,false
030200,KT,52900,2026-10-06,52897.953549075464,50827.40522983263,55117.49441938638,up,0.467,0.467,0.0697,0.4633,false
030200,KT,52900,2026-10-07,52888.28195999724,50602.68181042803,55370.81673745275,up,0.465,0.465,0.07455,0.46045,false
030200,KT,52900,2026-10-08,52905.26169547233,50370.29822380446,55592.651588097266,up,0.4714,0.4714,0.0737,0.4549,false
030200,KT,52900,2026-10-12,52903.69206999708,50179.072533166946,55826.69601920708,up,0.47125,0.47125,0.07405,0.4547,false
030200,KT,52900,2026-10-13,52900.22914726178,49992.07167805784,56057.18618646349,up,0.47225,0.47225,0.06935,0.4584,false
030200,KT,52900,2026-10-14,52918.410721856126,49812.99776351818,56296.60532354949,up,0.47275,0.47275,0.07185,0.4554,false
030200,KT,52900,2026-10-15,52911.213579409305,49638.31316014933,56553.011358394775,up,0.47295,0.47295,0.07205,0.455,false
030200,KT,52900,2026-10-16,52941.0795143418,49505.55844495902,56731.84326038627,up,0.47445,0.47445,0.07275,0.4528,false
030200,KT,52900,2026-10-19,52939.70372561228,49347.96264411771,56860.837013318625,up,0.46905,0.46905,0.07105,0.4599,false
030200,KT,52900,2026-10-20,52954.15038030414,49193.5000309019,57064.78579257131,up,0.4724,0.4724,0.0715,0.4561,false
030200,KT,52900,2026-10-21,52951.26183695528,49037.771378520534,57209.16617769126,up,0.4706,0.4706,0.072,0.4574,false
030200,KT,52900,2026-10-22,52929.20622748327,48879.67090499069,57394.50836399274,up,0.47175,0.47175,0.07055,0.4577,false
030200,KT,52900,2026-10-23,52968.40092539281,48723.311367738024,57536.046502971876,up,0.4768,0.4768,0.0698,0.4534,false
030200,KT,52900,2026-10-26,52946.72056425369,48515.62411150287,57714.272595331684,down,0.4684,0.46085,0.07075,0.4684,false
030200,KT,52900,2026-10-27,52939.528165235984,48434.15346919392,57850.38451452326,up,0.46725,0.46725,0.06905,0.4637,false
030200,KT,52900,2026-10-28,52962.80561232929,48264.758460634424,58042.0567804785,up,0.47215,0.47215,0.07165,0.4562,false
003490,대한항공,31700,2026-09-29,31567.820969052686,30721.84683793209,32603.140176326466,down,0.5605,0.406,0.0335,0.5605,false
003490,대한항공,31700,2026-09-30,31540.258301279424,30289.91412857685,32993.30319816192,down,0.53825,0.4235,0.03825,0.53825,false
003490,대한항공,31700,2026-10-01,31481.89582880916,30015.76323622501,33241.80453650712,down,0.5431,0.41835,0.03855,0.5431,false
003490,대한항공,31700,2026-10-02,31469.626035829664,29824.85550052623,33451.72480265279,down,0.5242,0.4386,0.0372,0.5242,false
003490,대한항공,31700,2026-10-06,31446.58047851656,29617.030840428746,33623.873982352714,down,0.53125,0.4327,0.03605,0.53125,false
003490,대한항공,31700,2026-10-07,31441.80214836046,29488.076059671643,33800.361470095166,down,0.5084,0.4522,0.0394,0.5084,false
003490,대한항공,31700,2026-10-08,31457.764610946484,29385.358572260466,33967.37014404949,down,0.50715,0.45475,0.0381,0.50715,false
003490,대한항공,31700,2026-10-12,31448.159772839244,29296.48221362768,34137.399483656285,down,0.51395,0.4467,0.03935,0.51395,false
003490,대한항공,31700,2026-10-13,31434.467451197757,29202.600899558223,34265.18841932794,down,0.51445,0.446,0.03955,0.51445,false
003490,대한항공,31700,2026-10-14,31431.66570959272,29134.837560907003,34297.90516631502,down,0.52005,0.44,0.03995,0.52005,false
003490,대한항공,31700,2026-10-15,31395.514207538425,29035.818475484986,34388.819480294515,down,0.52645,0.4361,0.03745,0.52645,false
003490,대한항공,31700,2026-10-16,31372.636119849936,28947.689145727363,34446.39610820593,down,0.5284,0.43095,0.04065,0.5284,false
003490,대한항공,31700,2026-10-19,31378.748723009012,28871.98932077411,34503.197617937425,down,0.513,0.4463,0.0407,0.513,false
003490,대한항공,31700,2026-10-20,31338.632858159464,28795.22323703289,34569.771348008886,down,0.5333,0.42785,0.03885,0.5333,false
003490,대한항공,31700,2026-10-21,31319.032038402867,28704.70204141538,34606.05723207844,down,0.53325,0.42935,0.0374,0.53325,false
003490,대한항공,31700,2026-10-22,31280.212060785823,28619.896100433238,34646.62631537745,down,0.5345,0.4246,0.0409,0.5345,false
003490,대한항공,31700,2026-10-23,31252.00651615,28564.526329043438,34685.16341134684,down,0.5139,0.44175,0.04435,0.5139,false
003490,대한항공,31700,2026-10-26,31237.082792116307,28475.174937133663,34628.85559083565,down,0.5337,0.42545,0.04085,0.5337,false
003490,대한항공,31700,2026-10-27,31252.378133771323,28468.55142375731,34720.03307180262,down,0.49965,0.45785,0.0425,0.49965,false
003490,대한항공,31700,2026-10-28,31272.9802372584,28449.1117169781,34783.405428302365,down,0.4986,0.4568,0.0446,0.4986,false
047050,포스코인터내셔널,56900,2026-09-29,56698.57857450192,54877.60857062221,58981.64227641094,down,0.56335,0.41295,0.0237,0.56335,false
047050,포스코인터내셔널,56900,2026-09-30,56505.61999481002,54045.93481488002,59613.01370850469,down,0.55705,0.4193,0.02365,0.55705,false
047050,포스코인터내셔널,56900,2026-10-01,56369.64656330295,53283.814733538355,60089.20669238213,down,0.55475,0.41705,0.0282,0.55475,false
047050,포스코인터내셔널,56900,2026-10-02,56201.80350400829,52646.542975807206,60463.66317828047,down,0.55575,0.4132,0.03105,0.55575,false
047050,포스코인터내셔널,56900,2026-10-06,56031.85928781271,52062.715160982625,60810.82429199966,down,0.55815,0.4084,0.03345,0.55815,false
047050,포스코인터내셔널,56900,2026-10-07,55885.53057641086,51528.220907272735,61149.43991937048,down,0.5502,0.41805,0.03175,0.5502,false
047050,포스코인터내셔널,56900,2026-10-08,55756.326471729575,51022.48754221581,61337.07424278889,down,0.55355,0.41455,0.0319,0.55355,false
047050,포스코인터내셔널,56900,2026-10-12,55628.24419832237,50564.46872092919,61534.30227463416,down,0.55225,0.41245,0.0353,0.55225,false
047050,포스코인터내셔널,56900,2026-10-13,55507.06253172032,50231.05562241435,61801.25781083732,down,0.54015,0.42625,0.0336,0.54015,false
047050,포스코인터내셔널,56900,2026-10-14,55384.96995914528,49884.43691938018,62029.764915432635,down,0.54565,0.4227,0.03165,0.54565,false
047050,포스코인터내셔널,56900,2026-10-15,55245.25433426023,49419.80212097379,62217.56195572447,down,0.544,0.42415,0.03185,0.544,false
047050,포스코인터내셔널,56900,2026-10-16,55126.64922673311,49150.139895052314,62435.399923343364,down,0.54235,0.4231,0.03455,0.54235,false
047050,포스코인터내셔널,56900,2026-10-19,55066.257065993734,48829.45458757491,62705.61587159181,down,0.5447,0.4215,0.0338,0.5447,false
047050,포스코인터내셔널,56900,2026-10-20,54884.832762605765,48514.8621881678,62843.568245332404,down,0.54725,0.41965,0.0331,0.54725,false
047050,포스코인터내셔널,56900,2026-10-21,54815.11057519914,48196.739296685766,62955.22640424528,down,0.54,0.4261,0.0339,0.54,false
047050,포스코인터내셔널,56900,2026-10-22,54732.87796132315,47891.34719606233,63113.76485867208,down,0.53975,0.4263,0.03395,0.53975,false
047050,포스코인터내셔널,56900,2026-10-23,54641.61320871969,47668.849675506266,63256.86995007559,down,0.52985,0.43535,0.0348,0.52985,false
047050,포스코인터내셔널,56900,2026-10-26,54533.85795041492,47408.338559375596,63403.955415620374,down,0.5341,0.43065,0.03525,0.5341,false
047050,포스코인터내셔널,56900,2026-10-27,54428.39131280031,47184.63445114771,63595.06300819871,down,0.5441,0.42265,0.03325,0.5441,false
047050,포스코인터내셔널,56900,2026-10-28,54340.00697287703,46836.93151255954,63611.94250487856,down,0.54595,0.4215,0.03255,0.54595,false
003230,삼양식품,1215000,2026-09-29,1210056.0148690285,1174454.1380512444,1264359.4294562682,down,0.54315,0.42485,0.032,0.54315,false
003230,삼양식품,1215000,2026-09-30,1209039.5766372425,1154140.043410377,1285323.8571487241,down,0.53895,0.42915,0.0319,0.53895,false
003230,삼양식품,1215000,2026-10-01,1209389.173354401,1138714.5348898522,1302687.0489406772,down,0.53875,0.42905,0.0322,0.53875,false
003230,삼양식품,1215000,2026-10-02,1208995.9221554757,1126014.3069620733,1317028.4752684599,down,0.5407,0.42715,0.03215,0.5407,false
003230,삼양식품,1215000,2026-10-06,1209301.8217795433,1114254.578555558,1329970.1057184944,down,0.5395,0.43015,0.03035,0.5395,false
003230,삼양식품,1215000,2026-10-07,1209143.9538388797,1105030.647132811,1343558.3017712638,down,0.5396,0.4274,0.033,0.5396,false
003230,삼양식품,1215000,2026-10-08,1208183.3525366783,1095111.0533178158,1352601.6972393678,down,0.5464,0.42225,0.03135,0.5464,false
003230,삼양식품,1215000,2026-10-12,1207684.0049989591,1086457.9671019437,1361308.397105824,down,0.54495,0.42505,0.03,0.54495,false
003230,삼양식품,1215000,2026-10-13,1208565.5034007742,1079033.6234298476,1372059.4845809252,down,0.53965,0.42825,0.0321,0.53965,false
003230,삼양식품,1215000,2026-10-14,1207890.7587160892,1072375.291407122,1384029.7584358684,down,0.5428,0.4254,0.0318,0.5428,false
003230,삼양식품,1215000,2026-10-15,1209053.2244259196,1063869.047193934,1393286.2189344403,down,0.5337,0.43335,0.03295,0.5337,false
003230,삼양식품,1215000,2026-10-16,1208418.073615532,1057336.7345835401,1402086.8033778078,down,0.5456,0.42325,0.03115,0.5456,false
003230,삼양식품,1215000,2026-10-19,1209619.8422902324,1051307.409218818,1411219.5294710866,down,0.53345,0.4342,0.03235,0.53345,false
003230,삼양식품,1215000,2026-10-20,1209522.3623957373,1045560.6242121243,1419208.1627511245,down,0.53715,0.4304,0.03245,0.53715,false
003230,삼양식품,1215000,2026-10-21,1209656.400232012,1039569.4350467952,1429381.000701963,down,0.5386,0.4303,0.0311,0.5386,false
003230,삼양식품,1215000,2026-10-22,1209316.2961795782,1035140.2958629141,1435485.7034224274,down,0.5422,0.4265,0.0313,0.5422,false
003230,삼양식품,1215000,2026-10-23,1209159.4627409833,1028601.3401247199,1443788.7412424316,down,0.53535,0.43355,0.0311,0.53535,false
003230,삼양식품,1215000,2026-10-26,1209085.4087414374,1023481.9208836602,1447775.3250989858,down,0.53825,0.4301,0.03165,0.53825,false
003230,삼양식품,1215000,2026-10-27,1208786.0769982678,1020218.6015439783,1456065.4855975998,down,0.53065,0.43495,0.0344,0.53065,false
003230,삼양식품,1215000,2026-10-28,1209280.5472933822,1014876.389852314,1462174.06409497,down,0.538,0.42915,0.03285,0.538,false
259960,크래프톤,202000,2026-09-29,201850.14621360938,197017.13445517886,207071.6672737196,down,0.49655,0.4535,0.04995,0.49655,false
259960,크래프톤,202000,2026-09-30,201917.38666449086,194502.53776733298,209345.15819187925,down,0.48135,0.47155,0.0471,0.48135,false
259960,크래프톤,202000,2026-10-01,201873.1867852294,192681.66347890865,211002.62340628356,down,0.47605,0.4724,0.05155,0.47605,false
259960,크래프톤,202000,2026-10-02,201928.34948341278,191284.3486674764,212437.22292645217,up,0.4747,0.4747,0.05115,0.47415,false
259960,크래프톤,202000,2026-10-06,201805.51123117693,190117.6967370045,213605.57787327058,down,0.4823,0.4661,0.0516,0.4823,false
259960,크래프톤,202000,2026-10-07,201708.5132099376,188862.89572967959,214894.76096328822,up,0.475,0.475,0.0517,0.4733,false
259960,크래프톤,202000,2026-10-08,201705.97209876665,187874.80829856987,215735.51953541493,down,0.47825,0.4693,0.05245,0.47825,false
259960,크래프톤,202000,2026-10-12,201722.80850523143,187014.92457089154,216462.62581811319,down,0.4769,0.4738,0.0493,0.4769,false
259960,크래프톤,202000,2026-10-13,201643.6976033937,186119.1801268857,217256.80283815923,down,0.4828,0.46675,0.05045,0.4828,false
259960,크래프톤,202000,2026-10-14,201567.16590272554,184996.34270459882,218017.49566919217,down,0.48105,0.4706,0.04835,0.48105,false
259960,크래프톤,202000,2026-10-15,201400.75712081944,184460.03709168604,218875.88767525824,down,0.487,0.4654,0.0476,0.487,false
259960,크래프톤,202000,2026-10-16,201250.47229204638,183732.77178643952,219575.02598762256,down,0.47715,0.47175,0.0511,0.47715,false
259960,크래프톤,202000,2026-10-19,201207.0820812127,182882.849134595,220148.4096754128,down,0.48305,0.46795,0.049,0.48305,false
259960,크래프톤,202000,2026-10-20,201206.42322520315,182093.33656137504,220782.70663371705,down,0.48195,0.4691,0.04895,0.48195,false
259960,크래프톤,202000,2026-10-21,200928.13753970113,181690.78567191033,221169.0441321758,down,0.4832,0.4672,0.0496,0.4832,false
259960,크래프톤,202000,2026-10-22,200935.3782487024,180921.7458534751,221736.1698513403,down,0.4858,0.46505,0.04915,0.4858,false
259960,크래프톤,202000,2026-10-23,201019.69528367574,180271.41488035,222560.62693551858,down,0.47585,0.47555,0.0486,0.47585,false
259960,크래프톤,202000,2026-10-26,200906.01351799024,179507.0755974061,223103.0817787932,down,0.48455,0.46875,0.0467,0.48455,false
259960,크래프톤,202000,2026-10-27,200770.89516491746,178813.0833014418,223465.7704318087,down,0.4822,0.4678,0.05,0.4822,false
259960,크래프톤,202000,2026-10-28,200678.14989492134,178374.32261277206,223923.6173158088,down,0.47765,0.47435,0.048,0.47765,false
021240,코웨이,101600,2026-09-29,101497.60918474378,98914.5891748991,104788.84229104173,down,0.5011,0.45735,0.04155,0.5011,false
021240,코웨이,101600,2026-09-30,101510.92179908631,97645.16818756657,106374.90367839357,down,0.49765,0.4573,0.04505,0.49765,false
021240,코웨이,101600,2026-10-01,101529.9274666672,96743.03639933308,107383.82708028432,down,0.49315,0.4609,0.04595,0.49315,false
021240,코웨이,101600,2026-10-02,101584.22687197539,96005.97648548897,108277.23692353984,down,0.50015,0.45295,0.0469,0.50015,false
021240,코웨이,101600,2026-10-06,101611.65220593818,95306.50417943548,109109.62081866084,down,0.4937,0.4626,0.0437,0.4937,false
021240,코웨이,101600,2026-10-07,101658.64037610457,94715.380622679,109991.69873884329,down,0.4869,0.46785,0.04525,0.4869,false
021240,코웨이,101600,2026-10-08,101774.34170273076,94178.38449502521,110535.53886352666,down,0.49275,0.4618,0.04545,0.49275,false
021240,코웨이,101600,2026-10-12,101814.0742684863,93756.19923444073,111220.79723496121,down,0.49885,0.45365,0.0475,0.49885,false
021240,코웨이,101600,2026-10-13,101879.4618489932,93278.57467633643,111815.75376557352,down,0.4917,0.4651,0.0432,0.4917,false
021240,코웨이,101600,2026-10-14,102017.36050474303,92988.34480271641,112418.23988793624,down,0.49265,0.4635,0.04385,0.49265,false
021240,코웨이,101600,2026-10-15,101979.01259920077,92640.41159755908,113043.44561956266,down,0.49865,0.4579,0.04345,0.49865,false
021240,코웨이,101600,2026-10-16,102040.19579388754,92259.25710597775,113554.16602834521,down,0.4925,0.4647,0.0428,0.4925,false
021240,코웨이,101600,2026-10-19,102165.94088877933,91930.82562525956,114109.58272445961,down,0.4941,0.46305,0.04285,0.4941,false
021240,코웨이,101600,2026-10-20,102187.64598306752,91624.75376089687,114661.90634963902,down,0.49675,0.4598,0.04345,0.49675,false
021240,코웨이,101600,2026-10-21,102214.09875986545,91375.82842894158,115019.66470659473,down,0.49325,0.46095,0.0458,0.49325,false
021240,코웨이,101600,2026-10-22,102237.11448501924,91123.63053425026,115547.75437568405,down,0.4962,0.46085,0.04295,0.4962,false
021240,코웨이,101600,2026-10-23,102370.45864079648,90844.28450329341,116010.7808001725,down,0.49095,0.46235,0.0467,0.49095,false
021240,코웨이,101600,2026-10-26,102429.90952047746,90587.76037851443,116637.97163222643,down,0.494,0.46075,0.04525,0.494,false
021240,코웨이,101600,2026-10-27,102508.99065314737,90317.00661450921,116991.78517239552,down,0.49505,0.45915,0.0458,0.49505,false
021240,코웨이,101600,2026-10-28,102608.22223477502,90132.81274067212,117563.0970295612,down,0.48115,0.4748,0.04405,0.48115,false
352820,하이브,161900,2026-09-29,161861.67662654756,157519.94177044442,167446.62046544807,down,0.4912,0.47325,0.03555,0.4912,false
352820,하이브,161900,2026-09-30,161793.19801497084,154971.71373298936,169623.3342633433,down,0.4945,0.4689,0.0366,0.4945,false
352820,하이브,161900,2026-10-01,161852.21897634258,153166.2118962476,171358.9278414772,down,0.4904,0.4728,0.0368,0.4904,false
352820,하이브,161900,2026-10-02,161880.41867969834,151703.7107015019,173017.15686773247,down,0.49425,0.46695,0.0388,0.49425,false
352820,하이브,161900,2026-10-06,161824.830110481,150432.04147809488,174375.1824139168,down,0.4964,0.4653,0.0383,0.4964,false
352820,하이브,161900,2026-10-07,161803.13367894117,149107.83204524984,175561.31503157294,down,0.49725,0.46695,0.0358,0.49725,false
352820,하이브,161900,2026-10-08,161846.8528380648,148236.64807084695,176766.15126914045,down,0.49515,0.46875,0.0361,0.49515,false
352820,하이브,161900,2026-10-12,161787.81994892337,147228.1774552534,177616.30565334568,down,0.49795,0.465,0.03705,0.49795,false
352820,하이브,161900,2026-10-13,161718.1654533627,146171.9086599007,178797.9195901291,down,0.4931,0.47105,0.03585,0.4931,false
352820,하이브,161900,2026-10-14,161759.37775488215,145325.16419822097,179690.52728062644,down,0.49005,0.47335,0.0366,0.49005,false
352820,하이브,161900,2026-10-15,161746.47221621947,144485.56860031406,180651.7014742756,down,0.49695,0.4659,0.03715,0.49695,false
352820,하이브,161900,2026-10-16,161792.58968317485,143844.41978911578,181531.4679896644,down,0.4898,0.47295,0.03725,0.4898,false
352820,하이브,161900,2026-10-19,161744.6251963735,143188.36439752538,182475.4414106163,down,0.49035,0.47255,0.0371,0.49035,false
352820,하이브,161900,2026-10-20,161783.48218577524,142334.1299261408,183456.137878685,down,0.49325,0.469,0.03775,0.49325,false
352820,하이브,161900,2026-10-21,161685.7876394812,141779.94383061762,184391.1300914295,down,0.4893,0.4725,0.0382,0.4893,false
352820,하이브,161900,2026-10-22,161662.9283193014,141140.28496466804,185412.33917704245,down,0.48765,0.4745,0.03785,0.48765,false
352820,하이브,161900,2026-10-23,161869.53201098036,140503.63631253762,186133.55355421058,down,0.48835,0.47715,0.0345,0.48835,false
352820,하이브,161900,2026-10-26,161806.46780219342,139906.87081562544,187023.14148551357,down,0.4871,0.4763,0.0366,0.4871,false
352820,하이브,161900,2026-10-27,161827.5107892186,139229.36459136585,187872.9138759582,down,0.495,0.4689,0.0361,0.495,false
352820,하이브,161900,2026-10-28,162039.71998514334,138804.50107247135,188687.85646818366,down,0.4853,0.47665,0.03805,0.4853,false
009830,한화솔루션,33350,2026-09-29,33433.6780477743,31647.98862217721,35686.156941851135,up,0.52655,0.52655,0.0088,0.46465,false
009830,한화솔루션,33350,2026-09-30,33370.266416411236,30785.588136968607,36613.184196859096,up,0.4879,0.4879,0.0259,0.4862,false
009830,한화솔루션,33350,2026-10-01,33409.64865308262,30173.631642025906,37472.509622442485,up,0.4973,0.4973,0.0223,0.4804,false
009830,한화솔루션,33350,2026-10-02,33457.63167429838,29714.67031899747,38242.140882750944,up,0.4951,0.4951,0.0241,0.4808,false
009830,한화솔루션,33350,2026-10-06,33499.106786566714,29275.459297968155,38789.07534214292,up,0.48945,0.48945,0.02465,0.4859,false
009830,한화솔루션,33350,2026-10-07,33556.73061491002,28957.222923568013,39442.17736368076,up,0.5041,0.5041,0.0207,0.4752,false
009830,한화솔루션,33350,2026-10-08,33630.08161711521,28696.15144206328,39872.427477831036,up,0.4999,0.4999,0.02115,0.47895,false
009830,한화솔루션,33350,2026-10-12,33677.7051255229,28480.39849044423,40413.42754807966,up,0.50095,0.50095,0.0228,0.47625,false
009830,한화솔루션,33350,2026-10-13,33751.872635811975,28283.700813844753,40970.801443680524,up,0.50495,0.50495,0.0245,0.47055,false
009830,한화솔루션,33350,2026-10-14,33827.77872593589,28103.538672099723,41357.680406405634,up,0.5011,0.5011,0.0219,0.477,false
009830,한화솔루션,33350,2026-10-15,33879.518525146814,27952.779456108517,41938.32902463181,up,0.50155,0.50155,0.02445,0.474,false
009830,한화솔루션,33350,2026-10-16,33936.049806826915,27792.91444090724,42315.82998426177,up,0.50325,0.50325,0.0237,0.47305,false
009830,한화솔루션,33350,2026-10-19,33972.799528721254,27640.149499345032,42598.73008788071,up,0.49795,0.49795,0.0249,0.47715,false
009830,한화솔루션,33350,2026-10-20,34047.20835476709,27460.948396559776,43074.53770132531,up,0.5025,0.5025,0.02475,0.47275,false
009830,한화솔루션,33350,2026-10-21,34110.40631205164,27336.921216694984,43414.336779237114,up,0.5011,0.5011,0.0251,0.4738,false
009830,한화솔루션,33350,2026-10-22,34222.44614040012,27231.5933666385,43764.415463431746,up,0.5036,0.5036,0.02255,0.47385,false
009830,한화솔루션,33350,2026-10-23,34283.14395537727,27119.713222499995,44214.02810057826,up,0.50295,0.50295,0.0249,0.47215,false
009830,한화솔루션,33350,2026-10-26,34289.18557128793,27039.778657330575,44461.104488970814,up,0.4987,0.4987,0.0257,0.4756,false
009830,한화솔루션,33350,2026-10-27,34360.341226456076,26951.762732990315,44823.586888518614,up,0.4989,0.4989,0.02445,0.47665,false
009830,한화솔루션,33350,2026-10-28,34479.97811192319,26867.09652894276,45191.418091191714,up,0.51095,0.51095,0.02545,0.4636,false
029780,삼성카드,43350,2026-09-29,43334.95655312725,42629.39273636437,44106.7399069947,up,0.4676,0.4676,0.0649,0.4675,false
029780,삼성카드,43350,2026-09-30,43353.63912676549,42224.4063555325,44426.35936761551,down,0.47205,0.4599,0.06805,0.47205,false
029780,삼성카드,43350,2026-10-01,43343.925688090865,41933.38174269933,44767.20585662109,up,0.4694,0.4694,0.0673,0.4633,false
029780,삼성카드,43350,2026-10-02,43357.27409730543,41691.28078902543,45029.920770297846,down,0.4686,0.46155,0.06985,0.4686,false
029780,삼성카드,43350,2026-10-06,43360.074740056334,41485.83086468852,45267.219864099425,up,0.4703,0.4703,0.06335,0.46635,false
029780,삼성카드,43350,2026-10-07,43336.09351914414,41264.02298346139,45483.55428404186,down,0.47295,0.4584,0.06865,0.47295,false
029780,삼성카드,43350,2026-10-08,43336.48323324134,41096.66454887276,45654.42273969625,down,0.47085,0.46135,0.0678,0.47085,false
029780,삼성카드,43350,2026-10-12,43331.57093444537,40919.85614616145,45855.1275829587,up,0.46985,0.46985,0.0634,0.46675,false
029780,삼성카드,43350,2026-10-13,43333.5498269347,40754.87150188706,46056.90308008307,down,0.4705,0.46645,0.06305,0.4705,false
029780,삼성카드,43350,2026-10-14,43325.25395805648,40606.45514741995,46214.38091053867,down,0.46775,0.46675,0.0655,0.46775,false
029780,삼성카드,43350,2026-10-15,43322.81416048149,40462.426234712824,46393.840741155385,down,0.4686,0.4682,0.0632,0.4686,false
029780,삼성카드,43350,2026-10-16,43335.1532048088,40347.8503270539,46526.91874817982,up,0.47095,0.47095,0.06355,0.4655,false
029780,삼성카드,43350,2026-10-19,43327.89941768389,40221.578197556075,46686.2106417788,down,0.47365,0.462,0.06435,0.47365,false
029780,삼성카드,43350,2026-10-20,43335.936985475666,40068.305131534784,46853.62444165439,up,0.46895,0.46895,0.0654,0.46565,false
029780,삼성카드,43350,2026-10-21,43347.75374716238,39951.99339142084,46964.54201624799,down,0.4702,0.46415,0.06565,0.4702,false
029780,삼성카드,43350,2026-10-22,43334.11492352254,39862.06040097908,47124.64135152935,down,0.47015,0.46705,0.0628,0.47015,false
029780,삼성카드,43350,2026-10-23,43354.994018153884,39760.19502305999,47250.2608406505,down,0.4695,0.46795,0.06255,0.4695,false
029780,삼성카드,43350,2026-10-26,43346.04195394342,39612.93979494564,47388.71865401546,down,0.47885,0.4575,0.06365,0.47885,false
029780,삼성카드,43350,2026-10-27,43342.81039914128,39520.409019750645,47537.13570701164,down,0.4689,0.46735,0.06375,0.4689,false
029780,삼성카드,43350,2026-10-28,43344.22901432903,39417.0112310893,47641.36311912774,down,0.4725,0.4657,0.0618,0.4725,false
028300,HLB,39700,2026-09-29,39659.771178849725,38141.4226710694,41412.55754246198,down,0.5022,0.4644,0.0334,0.5022,false
028300,HLB,39700,2026-09-30,39429.82320475862,37155.89668471022,42139.11404036651,down,0.55725,0.4059,0.03685,0.55725,false
028300,HLB,39700,2026-10-01,39391.748460875664,36496.68300726394,42743.84862099681,down,0.51555,0.4543,0.03015,0.51555,false
028300,HLB,39700,2026-10-02,39318.623109431224,35813.468509991464,43174.33674925412,down,0.5246,0.447,0.0284,0.5246,false
028300,HLB,39700,2026-10-06,39244.996449934275,35228.65513261704,43626.01827535063,down,0.5211,0.45075,0.02815,0.5211,false
028300,HLB,39700,2026-10-07,39225.208033095114,34705.88916146932,44050.890370834735,down,0.49895,0.47065,0.0304,0.49895,false
028300,HLB,39700,2026-10-08,39203.162857893476,34253.48684147474,44395.76349035895,down,0.50285,0.46445,0.0327,0.50285,false
028300,HLB,39700,2026-10-12,39147.27733705113,33753.588695814564,44825.16631831217,down,0.4966,0.4716,0.0318,0.4966,false
028300,HLB,39700,2026-10-13,39082.39507850121,33286.35324243004,45133.11331030754,down,0.5097,0.46105,0.02925,0.5097,false
028300,HLB,39700,2026-10-14,39023.69042938958,32813.23792923113,45442.64483895213,down,0.5135,0.45585,0.03065,0.5135,false
028300,HLB,39700,2026-10-15,38972.65809386405,32368.87173222394,45746.12397160775,down,0.50755,0.46445,0.028,0.50755,false
028300,HLB,39700,2026-10-16,38919.85775528448,31946.402689733026,45989.07362692438,down,0.5037,0.4675,0.0288,0.5037,false
028300,HLB,39700,2026-10-19,38818.422413122724,31477.95626224701,46309.67238975327,down,0.51615,0.4551,0.02875,0.51615,false
028300,HLB,39700,2026-10-20,38765.800482324834,31146.46236326552,46565.65242625279,down,0.512,0.4562,0.0318,0.512,false
028300,HLB,39700,2026-10-21,38625.411184756886,30737.466319039846,46819.520386267475,down,0.5103,0.4596,0.0301,0.5103,false
028300,HLB,39700,2026-10-22,38546.44835891966,30397.316917151373,47022.26681278422,down,0.5081,0.4618,0.0301,0.5081,false
028300,HLB,39700,2026-10-23,38465.74939398427,30109.53613442364,47237.186918478525,down,0.5111,0.45945,0.02945,0.5111,false
028300,HLB,39700,2026-10-26,38396.9845425165,29812.000702926314,47430.90063424006,down,0.50625,0.4649,0.02885,0.50625,false
028300,HLB,39700,2026-10-27,38319.29792766452,29524.544996884546,47587.97588746402,down,0.5103,0.45915,0.03055,0.5103,false
028300,HLB,39700,2026-10-28,38226.78141106488,29184.06856459328,47766.075192631004,down,0.5119,0.4586,0.0295,0.5119,false
034220,LG디스플레이,8450,2026-09-29,8450.82940226475,8234.403997986476,8669.517980301636,down,0.485,0.4754,0.0396,0.485,false
034220,LG디스플레이,8450,2026-09-30,8437.25573402751,8111.7091990640065,8793.27611411888,up,0.48625,0.48625,0.0368,0.47695,false
034220,LG디스플레이,8450,2026-10-01,8435.567651505593,8026.076965665844,8888.467316854349,down,0.4836,0.4787,0.0377,0.4836,false
034220,LG디스플레이,8450,2026-10-02,8430.398163856757,7948.785266499054,8969.288000299048,down,0.48845,0.4763,0.03525,0.48845,false
034220,LG디스플레이,8450,2026-10-06,8420.111490759708,7879.550163729323,9051.318966749335,down,0.4886,0.47605,0.03535,0.4886,false
034220,LG디스플레이,8450,2026-10-07,8419.504995186518,7823.532157139239,9121.004251663264,up,0.48425,0.48425,0.03505,0.4807,false
034220,LG디스플레이,8450,2026-10-08,8415.918683738353,7758.781302042347,9189.684746837998,down,0.48495,0.47905,0.036,0.48495,false
034220,LG디스플레이,8450,2026-10-12,8409.258234363304,7699.282533434634,9256.46508235572,down,0.48485,0.48075,0.0344,0.48485,false
034220,LG디스플레이,8450,2026-10-13,8411.7300874661,7645.860909685064,9334.585360350911,down,0.4831,0.48205,0.03485,0.4831,false
034220,LG디스플레이,8450,2026-10-14,8404.181797406109,7609.121087105461,9385.279659562842,up,0.483,0.483,0.0359,0.4811,false
034220,LG디스플레이,8450,2026-10-15,8407.398748832824,7549.366931723394,9445.822363606854,down,0.48885,0.47625,0.0349,0.48885,false
034220,LG디스플레이,8450,2026-10-16,8402.772310578694,7508.405565161756,9509.008019533236,up,0.48765,0.48765,0.0354,0.47695,false
034220,LG디스플레이,8450,2026-10-19,8400.200359980561,7466.575056041531,9559.6951898477,down,0.48845,0.47955,0.032,0.48845,false
034220,LG디스플레이,8450,2026-10-20,8388.163336477151,7420.073327053909,9623.582410895833,down,0.4903,0.47625,0.03345,0.4903,false
034220,LG디스플레이,8450,2026-10-21,8389.18323098628,7382.004787675665,9674.670222059292,down,0.4862,0.4803,0.0335,0.4862,false
034220,LG디스플레이,8450,2026-10-22,8384.880996949913,7335.5353851538575,9724.42078500162,down,0.49195,0.4753,0.03275,0.49195,false
034220,LG디스플레이,8450,2026-10-23,8389.739099498514,7294.189902499688,9797.11170029059,up,0.48505,0.48505,0.03305,0.4819,false
034220,LG디스플레이,8450,2026-10-26,8392.583759983558,7259.183770637133,9849.109548511513,up,0.48365,0.48365,0.03485,0.4815,false
034220,LG디스플레이,8450,2026-10-27,8391.23899958283,7233.713949210383,9903.210024802554,down,0.4849,0.48385,0.03125,0.4849,false
034220,LG디스플레이,8450,2026-10-28,8392.714038664159,7197.723459515704,9949.293087308817,up,0.48545,0.48545,0.0321,0.48245,false
002380,KCC,480000,2026-09-29,479653.2511743554,467040.30266720115,494544.245614142,down,0.47815,0.47015,0.0517,0.47815,false
002380,KCC,480000,2026-09-30,479578.99423345807,459667.08626702963,501682.9814721814,up,0.4754,0.4754,0.05075,0.47385,false
002380,KCC,480000,2026-10-01,479856.9199302022,454463.1399818087,507042.75020541623,down,0.4792,0.4733,0.0475,0.4792,false
002380,KCC,480000,2026-10-02,479624.7250971668,449545.1249466354,512198.5269227554,down,0.48375,0.4711,0.04515,0.48375,false
002380,KCC,480000,2026-10-06,479527.50773037085,445462.0827037577,516974.6839484422,down,0.4835,0.4716,0.0449,0.4835,false
002380,KCC,480000,2026-10-07,479622.0536227474,441765.34806471894,521293.15509170445,down,0.4788,0.4755,0.0457,0.4788,false
002380,KCC,480000,2026-10-08,479729.1973705909,438320.9441297495,524739.7213032636,down,0.48275,0.4733,0.04395,0.48275,false
002380,KCC,480000,2026-10-12,479580.498511141,434681.73820062994,529283.0948814702,up,0.48105,0.48105,0.04215,0.4768,false
002380,KCC,480000,2026-10-13,479519.90263861814,431878.0958499094,533125.6265497187,up,0.4795,0.4795,0.0424,0.4781,false
002380,KCC,480000,2026-10-14,479339.10794070223,429052.73778431676,536941.4567554118,up,0.48105,0.48105,0.04225,0.4767,false
002380,KCC,480000,2026-10-15,479484.3863879346,426426.48061893135,540769.4230573383,up,0.4791,0.4791,0.04305,0.47785,false
002380,KCC,480000,2026-10-16,479326.8540289046,423665.73069101106,544113.7720045503,up,0.4843,0.4843,0.03985,0.47585,false
002380,KCC,480000,2026-10-19,479305.171330734,421098.32044527074,547383.9781286668,down,0.48225,0.47755,0.0402,0.48225,false
002380,KCC,480000,2026-10-20,479425.7350957128,419088.97934024344,550429.4194596796,up,0.48155,0.48155,0.0424,0.47605,false
002380,KCC,480000,2026-10-21,479667.6058080663,416477.2306392838,552862.0601545802,up,0.48215,0.48215,0.0388,0.47905,false
002380,KCC,480000,2026-10-22,479416.70839693793,414135.0309859885,555992.7947265774,down,0.48135,0.48125,0.0374,0.48135,false
002380,KCC,480000,2026-10-23,480158.5517927767,412057.05335088435,559655.288745673,up,0.48585,0.48585,0.04185,0.4723,false
002380,KCC,480000,2026-10-26,479479.77061868034,409697.9098133905,562784.201621525,up,0.48135,0.48135,0.03905,0.4796,false
002380,KCC,480000,2026-10-27,479707.686054868,407463.0984541174,565455.4276281986,down,0.4823,0.47795,0.03975,0.4823,false
002380,KCC,480000,2026-10-28,479673.9359548944,404630.7503815982,569188.8012821482,up,0.48485,0.48485,0.03725,0.4779,false
036460,한국가스공사,35500,2026-09-29,35479.215463956,34791.92152902974,36195.580791132685,down,0.48035,0.459,0.06065,0.48035,false
036460,한국가스공사,35500,2026-09-30,35497.38281123304,34499.87452908824,36499.05572942199,down,0.4727,0.4714,0.0559,0.4727,false
036460,한국가스공사,35500,2026-10-01,35509.17573315615,34235.51363517533,36748.028933163216,down,0.4744,0.46975,0.05585,0.4744,false
036460,한국가스공사,35500,2026-10-02,35502.58977067273,34000.53661303042,36967.13889552365,down,0.477,0.4662,0.0568,0.477,false
036460,한국가스공사,35500,2026-10-06,35509.09815152612,33818.80408141154,37156.90868982746,down,0.4813,0.46185,0.05685,0.4813,false
036460,한국가스공사,35500,2026-10-07,35501.29515884745,33635.07121749496,37313.635156129,down,0.47675,0.46795,0.0553,0.47675,false
036460,한국가스공사,35500,2026-10-08,35464.687361266304,33474.44433551609,37434.14123487482,down,0.50555,0.44215,0.0523,0.50555,false
036460,한국가스공사,35500,2026-10-12,35423.112791540996,33322.418860653815,37538.2983715205,down,0.4971,0.44705,0.05585,0.4971,false
036460,한국가스공사,35500,2026-10-13,35419.031732142954,33189.22514979658,37648.776720580405,down,0.48425,0.459,0.05675,0.48425,false
036460,한국가스공사,35500,2026-10-14,35410.55404754926,33058.071573409004,37756.89835416114,down,0.48515,0.45815,0.0567,0.48515,false
036460,한국가스공사,35500,2026-10-15,35391.9792429291,32913.15996950959,37864.73902271023,down,0.4796,0.4659,0.0545,0.4796,false
036460,한국가스공사,35500,2026-10-16,35392.020793864824,32849.85033066349,37978.05374639716,down,0.47775,0.4653,0.05695,0.47775,false
036460,한국가스공사,35500,2026-10-19,35397.97977910941,32744.56213132448,38065.944785154345,down,0.47935,0.46615,0.0545,0.47935,false
036460,한국가스공사,35500,2026-10-20,35384.83748065413,32674.825846391715,38154.624830638124,down,0.4801,0.46385,0.05605,0.4801,false
036460,한국가스공사,35500,2026-10-21,35387.302668313845,32561.455318695287,38237.57089299797,down,0.48305,0.46235,0.0546,0.48305,false
036460,한국가스공사,35500,2026-10-22,35364.56335701854,32453.7751859613,38339.97932799902,down,0.488,0.4597,0.0523,0.488,false
036460,한국가스공사,35500,2026-10-23,35367.62033503463,32344.44571952085,38426.700096677174,down,0.4795,0.4666,0.0539,0.4795,false
036460,한국가스공사,35500,2026-10-26,35353.50394772918,32244.293223804765,38506.15197124554,down,0.484,0.4632,0.0528,0.484,false
036460,한국가스공사,35500,2026-10-27,35366.937612154376,32171.149393270727,38603.235064343215,up,0.4753,0.4753,0.0522,0.4725,false
036460,한국가스공사,35500,2026-10-28,35342.54299408937,32094.740909959968,38689.55559586371,down,0.48165,0.46625,0.0521,0.48165,false
004170,신세계,343500,2026-09-29,343891.39167689544,331004.0264231522,358114.3474302232,up,0.50165,0.50165,0.03465,0.4637,false
004170,신세계,343500,2026-09-30,343527.49885232846,325879.6599174892,364233.02559610404,down,0.51725,0.44935,0.0334,0.51725,false
004170,신세계,343500,2026-10-01,343253.6526371984,321762.9223811139,368345.16947809135,down,0.5329,0.43415,0.03295,0.5329,false
004170,신세계,343500,2026-10-02,342429.25613327953,318262.43406374176,371276.71195745637,down,0.53655,0.42825,0.0352,0.53655,false
004170,신세계,343500,2026-10-06,342296.4596780939,315183.06683049357,375097.43883990456,down,0.5085,0.456,0.0355,0.5085,false
004170,신세계,343500,2026-10-07,342528.85250699084,312525.7707673593,378606.07811563805,down,0.5044,0.4608,0.0348,0.5044,false
004170,신세계,343500,2026-10-08,342235.0242147972,310076.64768782904,381391.6086590634,down,0.5171,0.4482,0.0347,0.5171,false
004170,신세계,343500,2026-10-12,341922.51458082075,308069.08937842294,383912.30113266077,down,0.521,0.4466,0.0324,0.521,false
004170,신세계,343500,2026-10-13,341907.7033337977,305617.03258891456,386354.2624262681,down,0.51945,0.44835,0.0322,0.51945,false
004170,신세계,343500,2026-10-14,341769.82378515665,303556.85737670504,389410.9131525684,down,0.50865,0.4562,0.03515,0.50865,false
004170,신세계,343500,2026-10-15,341684.87366528256,301532.6633531343,392766.0066445287,down,0.5083,0.4565,0.0352,0.5083,false
004170,신세계,343500,2026-10-16,341742.32204440946,299583.1178641801,395140.7391605384,down,0.50275,0.4613,0.03595,0.50275,false
004170,신세계,343500,2026-10-19,341525.3184558939,297998.44313947397,397783.7631366092,down,0.5084,0.45455,0.03705,0.5084,false
004170,신세계,343500,2026-10-20,341512.0749560619,295989.9323053701,400261.42492848536,down,0.50305,0.46255,0.0344,0.50305,false
004170,신세계,343500,2026-10-21,341852.9880610558,294939.2271900172,403012.3048604041,down,0.49785,0.46555,0.0366,0.49785,false
004170,신세계,343500,2026-10-22,342147.31716452586,293443.3955988761,405086.1403335798,down,0.4953,0.46755,0.03715,0.4953,false
004170,신세계,343500,2026-10-23,342264.49823688646,292435.6904148289,408143.3722713328,down,0.4905,0.4739,0.0356,0.4905,false
004170,신세계,343500,2026-10-26,341946.9824732989,290759.27195060573,410252.4772604916,down,0.5047,0.46055,0.03475,0.5047,false
004170,신세계,343500,2026-10-27,342094.78417607537,289326.1687297956,412713.95347482926,down,0.50105,0.46255,0.0364,0.50105,false
004170,신세계,343500,2026-10-28,342413.56787057716,288241.4105141101,415790.9636567205,down,0.4889,0.4716,0.0395,0.4889,false
012750,에스원,83300,2026-09-29,83318.45216759473,81172.85357237454,85391.78037238593,down,0.4847,0.47765,0.03765,0.4847,false
012750,에스원,83300,2026-09-30,83330.27403544463,80380.8025856661,86319.89525017745,down,0.4845,0.47965,0.03585,0.4845,false
012750,에스원,83300,2026-10-01,83324.67201320232,79615.786568588,87082.81296724391,down,0.48695,0.47105,0.042,0.48695,false
012750,에스원,83300,2026-10-02,83341.9678155043,78986.98690954519,87743.54026254886,down,0.4879,0.4731,0.039,0.4879,false
012750,에스원,83300,2026-10-06,83318.51182335228,78452.93387909602,88305.35624389391,down,0.4801,0.4759,0.044,0.4801,false
012750,에스원,83300,2026-10-07,83329.65032558228,77963.99237552924,88823.49248533143,up,0.47615,0.47615,0.0489,0.47495,false
012750,에스원,83300,2026-10-08,83344.1957131043,77563.55279732269,89205.34236708,up,0.47345,0.47345,0.0537,0.47285,false
012750,에스원,83300,2026-10-12,83350.52564620759,77258.29921911805,89670.37549501286,up,0.4766,0.4766,0.0543,0.4691,false
012750,에스원,83300,2026-10-13,83355.15631372508,76830.8971081602,90166.28831056834,up,0.4801,0.4801,0.0554,0.4645,false
012750,에스원,83300,2026-10-14,83330.38264844706,76501.91102652984,90542.02500645815,up,0.47745,0.47745,0.0582,0.46435,false
012750,에스원,83300,2026-10-15,83395.18997658588,76160.22221604988,90858.77452858016,up,0.47675,0.47675,0.05875,0.4645,false
012750,에스원,83300,2026-10-16,83431.79546117294,75922.18601681276,91207.80352336104,up,0.4792,0.4792,0.05875,0.46205,false
012750,에스원,83300,2026-10-19,83462.16170862221,75694.79035329407,91600.59819389046,up,0.4767,0.4767,0.0581,0.4652,false
012750,에스원,83300,2026-10-20,83450.15563668801,75382.21747972825,91887.81904266466,up,0.4758,0.4758,0.0628,0.4614,false
012750,에스원,83300,2026-10-21,83442.77138287184,75191.00501270402,92128.37202433358,up,0.47165,0.47165,0.06135,0.467,false
012750,에스원,83300,2026-10-22,83434.44001746223,74917.53033830902,92461.11197118837,up,0.4737,0.4737,0.062,0.4643,false
012750,에스원,83300,2026-10-23,83483.41676425925,74688.73599855775,92889.95478213952,up,0.473,0.473,0.05845,0.46855,false
012750,에스원,83300,2026-10-26,83433.12908816227,74396.44091478857,93172.63607074875,up,0.47745,0.47745,0.05525,0.4673,false
012750,에스원,83300,2026-10-27,83440.42553663252,74169.79519048454,93389.06218456554,down,0.47175,0.4695,0.05875,0.47175,false
012750,에스원,83300,2026-10-28,83443.37764585792,73948.45907458101,93593.1511987377,up,0.47675,0.47675,0.0606,0.46265,false
111770,영원무역,71400,2026-09-29,71258.64545192989,69469.24124367302,73196.95062249519,down,0.52925,0.42935,0.0414,0.52925,false
111770,영원무역,71400,2026-09-30,71181.45588541523,68595.267786184,73815.40107473309,down,0.50535,0.4474,0.04725,0.50535,false
111770,영원무역,71400,2026-10-01,71196.07675795023,68044.8234204892,74470.44396469784,up,0.47695,0.47695,0.04855,0.4745,false
111770,영원무역,71400,2026-10-02,71214.0139454949,67527.17478326967,75062.26046972454,up,0.48055,0.48055,0.0487,0.47075,false
111770,영원무역,71400,2026-10-06,71251.77815324874,67011.0852344048,75733.71634324563,up,0.49515,0.49515,0.0458,0.45905,false
111770,영원무역,71400,2026-10-07,71270.58623985157,66590.45641183546,76207.4338015636,up,0.48525,0.48525,0.0463,0.46845,false
111770,영원무역,71400,2026-10-08,71278.1328021748,66193.9865349055,76701.62032112866,up,0.48745,0.48745,0.04615,0.4664,false
111770,영원무역,71400,2026-10-12,71296.34938360302,65812.1091585351,77189.11831388899,up,0.4838,0.4838,0.0469,0.4693,false
111770,영원무역,71400,2026-10-13,71348.63750294494,65485.61693800357,77586.41789555544,up,0.48965,0.48965,0.0458,0.46455,false
111770,영원무역,71400,2026-10-14,71375.26100408609,65201.22926867127,78037.3070906848,up,0.49555,0.49555,0.04415,0.4603,false
111770,영원무역,71400,2026-10-15,71346.27358229534,64923.501736837046,78358.74005073047,up,0.48465,0.48465,0.0441,0.47125,false
111770,영원무역,71400,2026-10-16,71433.78557143641,64636.77643999343,78756.4948460078,up,0.4927,0.4927,0.0444,0.4629,false
111770,영원무역,71400,2026-10-19,71446.09976582028,64406.93324587402,79141.6733464631,up,0.4889,0.4889,0.0463,0.4648,false
111770,영원무역,71400,2026-10-20,71478.68893150135,64183.54694408387,79624.92092050379,up,0.48885,0.48885,0.0461,0.46505,false
111770,영원무역,71400,2026-10-21,71511.41139331748,64010.93544618168,79960.40366880332,up,0.4911,0.4911,0.0433,0.4656,false
111770,영원무역,71400,2026-10-22,71502.02109403729,63737.62330994828,80265.98878522286,up,0.48545,0.48545,0.0453,0.46925,false
111770,영원무역,71400,2026-10-23,71577.41562421915,63479.381465841805,80638.6329022316,up,0.4932,0.4932,0.04275,0.46405,false
111770,영원무역,71400,2026-10-26,71577.93337585879,63357.23078868128,80972.82648074161,up,0.4904,0.4904,0.0453,0.4643,false
111770,영원무역,71400,2026-10-27,71645.82081584595,63117.278007946814,81272.95814752812,up,0.4862,0.4862,0.0448,0.469,false
111770,영원무역,71400,2026-10-28,71679.3443446669,62861.02814572222,81594.56523962917,up,0.48935,0.48935,0.04515,0.4655,false
035250,강원랜드,14450,2026-09-29,14458.044821973113,14264.587557492932,14660.193118716556,up,0.4764,0.4764,0.0672,0.4564,false
035250,강원랜드,14450,2026-09-30,14462.201678922851,14172.759378759047,14767.566460439728,up,0.4752,0.4752,0.0664,0.4584,false
035250,강원랜드,14450,2026-10-01,14467.897371982623,14093.22135967706,14855.366962230295,up,0.4747,0.4747,0.06815,0.45715,false
035250,강원랜드,14450,2026-10-02,14473.195329909475,14026.740280390097,14927.397238256392,up,0.48085,0.48085,0.0644,0.45475,false
035250,강원랜드,14450,2026-10-06,14480.080825124955,13970.85265062185,14993.727884435362,up,0.4748,0.4748,0.0679,0.4573,false
035250,강원랜드,14450,2026-10-07,14484.260319349538,13914.633127551959,15067.474599722022,up,0.4796,0.4796,0.0653,0.4551,false
035250,강원랜드,14450,2026-10-08,14485.664196900514,13870.87091931808,15120.903680902016,up,0.4706,0.4706,0.06655,0.46285,false
035250,강원랜드,14450,2026-10-12,14491.085163292692,13834.94065627914,15181.937142546705,up,0.48045,0.48045,0.06475,0.4548,false
035250,강원랜드,14450,2026-10-13,14498.029429458948,13793.27025974532,15232.777510983815,up,0.47795,0.47795,0.06685,0.4552,false
035250,강원랜드,14450,2026-10-14,14501.997869359428,13760.244476197324,15298.387183831945,up,0.4794,0.4794,0.06715,0.45345,false
035250,강원랜드,14450,2026-10-15,14507.33898291208,13715.94983935547,15342.802902060757,up,0.4704,0.4704,0.06675,0.46285,false
035250,강원랜드,14450,2026-10-16,14516.42170850082,13683.17699651683,15378.750496453005,up,0.4771,0.4771,0.06525,0.45765,false
035250,강원랜드,14450,2026-10-19,14514.873986918788,13649.49830660732,15430.673277343185,up,0.4778,0.4778,0.0664,0.4558,false
035250,강원랜드,14450,2026-10-20,14524.576643401884,13620.614622938563,15460.68353251709,up,0.4753,0.4753,0.0643,0.4604,false
035250,강원랜드,14450,2026-10-21,14526.324808225807,13583.148185882914,15503.49853538219,up,0.47275,0.47275,0.06625,0.461,false
035250,강원랜드,14450,2026-10-22,14529.56103161122,13557.406709665544,15528.210191220347,up,0.4703,0.4703,0.06235,0.46735,false
035250,강원랜드,14450,2026-10-23,14527.54972654012,13535.395524187108,15572.54620440163,up,0.47695,0.47695,0.0641,0.45895,false
035250,강원랜드,14450,2026-10-26,14535.758912597024,13494.660521812475,15615.58158540153,up,0.4745,0.4745,0.0665,0.459,false
035250,강원랜드,14450,2026-10-27,14543.26697045116,13471.875001671264,15638.331905663543,up,0.4715,0.4715,0.06655,0.46195,false
035250,강원랜드,14450,2026-10-28,14545.827976900204,13450.289725685512,15679.77227411359,up,0.47485,0.47485,0.06545,0.4597,false
257720,실리콘투,38700,2026-09-29,38559.61100143694,36955.28397539707,40412.2580711871,down,0.54415,0.4432,0.01265,0.54415,false
257720,실리콘투,38700,2026-09-30,38496.64471242385,36289.18918825885,41166.85123110955,down,0.52245,0.4543,0.02325,0.52245,false
257720,실리콘투,38700,2026-10-01,38447.91817885908,35687.26121277086,41696.39529257961,down,0.5202,0.4546,0.0252,0.5202,false
257720,실리콘투,38700,2026-10-02,38390.49300393033,35184.602985547775,42121.530337985925,down,0.5245,0.4519,0.0236,0.5245,false
257720,실리콘투,38700,2026-10-06,38364.70412681887,34664.785187361435,42528.96003632366,down,0.5141,0.4606,0.0253,0.5141,false
257720,실리콘투,38700,2026-10-07,38353.62037719391,34272.770985337236,42882.50615204165,down,0.511,0.46475,0.02425,0.511,false
257720,실리콘투,38700,2026-10-08,38303.157806553936,33865.51512528778,43182.258710740934,down,0.51665,0.45745,0.0259,0.51665,false
257720,실리콘투,38700,2026-10-12,38221.64073137897,33491.38920126883,43570.03714246327,down,0.52285,0.45275,0.0244,0.52285,false
257720,실리콘투,38700,2026-10-13,38220.2583546417,33212.20943878948,43818.06692804714,down,0.50825,0.4672,0.02455,0.50825,false
257720,실리콘투,38700,2026-10-14,38219.90018074338,32933.623540351284,44224.29053088473,down,0.5072,0.46875,0.02405,0.5072,false
257720,실리콘투,38700,2026-10-15,38176.655096329356,32670.201434628576,44547.09458353123,down,0.50715,0.46765,0.0252,0.50715,false
257720,실리콘투,38700,2026-10-16,38162.16507242025,32388.578756729305,44854.669571408565,down,0.50935,0.46565,0.025,0.50935,false
257720,실리콘투,38700,2026-10-19,38137.627454280184,32049.024370677747,45028.349661243075,down,0.5138,0.46125,0.02495,0.5138,false
257720,실리콘투,38700,2026-10-20,38139.825898143965,31802.827190090204,45249.91626881517,down,0.5153,0.4616,0.0231,0.5153,false
257720,실리콘투,38700,2026-10-21,38077.68145323231,31602.659847131068,45525.65209027137,down,0.5106,0.46735,0.02205,0.5106,false
257720,실리콘투,38700,2026-10-22,38036.26774127813,31340.908987329327,45850.47783537221,down,0.5211,0.45655,0.02235,0.5211,false
257720,실리콘투,38700,2026-10-23,38041.03187489403,31134.839315410674,45994.92162891706,down,0.5123,0.46455,0.02315,0.5123,false
257720,실리콘투,38700,2026-10-26,37998.37658966152,30913.77911746364,46179.9921967311,down,0.51685,0.45975,0.0234,0.51685,false
257720,실리콘투,38700,2026-10-27,37926.184080297084,30683.486015119193,46387.3937042682,down,0.5087,0.4679,0.0234,0.5087,false
257720,실리콘투,38700,2026-10-28,37953.32337502454,30482.857638002493,46712.28631674161,down,0.5024,0.4733,0.0243,0.5024,false
226950,올릭스,104400,2026-09-29,104025.6350178021,97417.34770945285,112160.92376486068,down,0.53505,0.4547,0.01025,0.53505,false
226950,올릭스,104400,2026-09-30,103907.35030597282,94288.26743713682,116309.17691511831,down,0.5322,0.4575,0.0103,0.5322,false
226950,올릭스,104400,2026-10-01,103951.64302127543,91997.42907901607,119232.86773270209,down,0.52795,0.4604,0.01165,0.52795,false
226950,올릭스,104400,2026-10-02,103873.78560925701,90063.99918601205,121968.29764381959,down,0.5306,0.4573,0.0121,0.5306,false
226950,올릭스,104400,2026-10-06,103952.56745251933,88370.6902978779,124215.19404166956,down,0.5227,0.46595,0.01135,0.5227,false
226950,올릭스,104400,2026-10-07,103813.67351829418,86741.78634290941,126637.81268844432,down,0.53235,0.4571,0.01055,0.53235,false
226950,올릭스,104400,2026-10-08,103740.76617622629,85153.24627651476,128699.31144076468,down,0.5375,0.4531,0.0094,0.5375,false
226950,올릭스,104400,2026-10-12,103691.70305421989,83518.20638061834,130837.55662034966,down,0.53205,0.45785,0.0101,0.53205,false
226950,올릭스,104400,2026-10-13,103758.936640032,82486.59640421903,132685.42796257022,down,0.53185,0.45865,0.0095,0.53185,false
226950,올릭스,104400,2026-10-14,103705.22161862272,81422.81067176536,134351.060919474,down,0.52865,0.46045,0.0109,0.52865,false
226950,올릭스,104400,2026-10-15,103593.13974486597,80387.04547226765,136191.4840769114,down,0.52905,0.4612,0.00975,0.52905,false
226950,올릭스,104400,2026-10-16,103534.60209098701,79367.86633968138,137993.97615175453,down,0.5386,0.4516,0.0098,0.5386,false
226950,올릭스,104400,2026-10-19,103581.10241821146,78205.02880581951,139533.45832226964,down,0.53085,0.4593,0.00985,0.53085,false
226950,올릭스,104400,2026-10-20,103334.69312430972,77277.78964226769,141092.2872882137,down,0.5347,0.45605,0.00925,0.5347,false
226950,올릭스,104400,2026-10-21,103255.46165880427,76365.66089310181,142673.96173095462,down,0.5305,0.45955,0.00995,0.5305,false
226950,올릭스,104400,2026-10-22,103396.10342728102,75523.7965606392,144271.52209451844,down,0.5295,0.45935,0.01115,0.5295,false
226950,올릭스,104400,2026-10-23,103530.22051069827,74888.9767702604,145729.42544774892,down,0.52855,0.46245,0.009,0.52855,false
226950,올릭스,104400,2026-10-26,103502.96188426428,74177.14592246446,146832.74878334452,down,0.52705,0.4629,0.01005,0.52705,false
226950,올릭스,104400,2026-10-27,103335.17257598003,73406.87609302442,148374.54720916515,down,0.53085,0.45905,0.0101,0.53085,false
226950,올릭스,104400,2026-10-28,103477.83725247154,72516.06290716877,149191.71006906597,down,0.529,0.4608,0.0102,0.529,false
010170,대한광통신,17280,2026-09-29,17143.08912890528,16276.561193940019,18573.67175759517,down,0.5748,0.40955,0.01565,0.5748,false
010170,대한광통신,17280,2026-09-30,17115.26465320835,15791.359915024901,19179.521201854208,down,0.56905,0.4164,0.01455,0.56905,false
010170,대한광통신,17280,2026-10-01,17113.701353859593,15402.670911639874,19622.91821288022,down,0.57595,0.40975,0.0143,0.57595,false
010170,대한광통신,17280,2026-10-02,17128.936015668936,15095.341870623524,20027.658008640712,down,0.57635,0.41,0.01365,0.57635,false
010170,대한광통신,17280,2026-10-06,17143.045159279685,14804.766357514862,20439.965997631054,down,0.5741,0.41105,0.01485,0.5741,false
010170,대한광통신,17280,2026-10-07,17134.161410496068,14563.923577174277,20782.020165753667,down,0.56875,0.41595,0.0153,0.56875,false
010170,대한광통신,17280,2026-10-08,17133.89793280639,14348.886799194588,21159.38077331912,down,0.57375,0.41,0.01625,0.57375,false
010170,대한광통신,17280,2026-10-12,17109.083631137597,14138.786326422865,21469.316143166634,down,0.5757,0.4089,0.0154,0.5757,false
010170,대한광통신,17280,2026-10-13,17116.03665786003,13956.826726362326,21736.95637066831,down,0.57105,0.4131,0.01585,0.57105,false
010170,대한광통신,17280,2026-10-14,17092.08046329271,13772.099319861223,22035.53361125592,down,0.5718,0.4129,0.0153,0.5718,false
010170,대한광통신,17280,2026-10-15,17088.487775142436,13654.810615239847,22282.366059254928,down,0.5755,0.40845,0.01605,0.5755,false
010170,대한광통신,17280,2026-10-16,17105.646582605652,13486.895581977324,22561.625251380847,down,0.5688,0.41545,0.01575,0.5688,false
010170,대한광통신,17280,2026-10-19,17100.624065776432,13362.358940275659,22828.516296676942,down,0.5744,0.40905,0.01655,0.5744,false
010170,대한광통신,17280,2026-10-20,17084.060449329976,13223.811383209275,23037.78179146805,down,0.5748,0.409,0.0162,0.5748,false
010170,대한광통신,17280,2026-10-21,17074.102631917154,13096.233816247746,23242.890629150632,down,0.57385,0.40905,0.0171,0.57385,false
010170,대한광통신,17280,2026-10-22,17061.475546148413,12971.812571375238,23436.024247031557,down,0.5735,0.4093,0.0172,0.5735,false
010170,대한광통신,17280,2026-10-23,17061.7674652524,12826.875595791029,23699.26352591609,down,0.57035,0.4129,0.01675,0.57035,false
010170,대한광통신,17280,2026-10-26,17028.862736539446,12760.96435091609,23911.382279663456,down,0.57235,0.4098,0.01785,0.57235,false
010170,대한광통신,17280,2026-10-27,17030.634048373802,12671.958452461073,24127.079555817054,down,0.57495,0.40835,0.0167,0.57495,false
010170,대한광통신,17280,2026-10-28,17044.378736140672,12572.232227108152,24305.98836860869,down,0.5743,0.4101,0.0156,0.5743,false
214370,케어젠,39700,2026-09-29,39553.001347714606,37939.99999216195,41587.35684094958,down,0.53645,0.43945,0.0241,0.53645,false
214370,케어젠,39700,2026-09-30,39574.07784428178,36941.93603658196,42817.60636826758,down,0.5358,0.4451,0.0191,0.5358,false
214370,케어젠,39700,2026-10-01,39547.448586064245,36211.104910174465,43670.927674311024,down,0.5372,0.4424,0.0204,0.5372,false
214370,케어젠,39700,2026-10-02,39542.78082632004,35631.865161747366,44492.534752225845,down,0.5301,0.4504,0.0195,0.5301,false
214370,케어젠,39700,2026-10-06,39527.41036504701,35141.42053923794,45130.54715891475,down,0.53065,0.44735,0.022,0.53065,false
214370,케어젠,39700,2026-10-07,39536.37745371002,34652.707395218196,45720.039566168096,down,0.53175,0.44735,0.0209,0.53175,false
214370,케어젠,39700,2026-10-08,39566.24185760284,34107.05333385019,46283.03370430969,down,0.5347,0.4453,0.02,0.5347,false
214370,케어젠,39700,2026-10-12,39540.58008116843,33683.46555648664,46747.07135440093,down,0.5342,0.44515,0.02065,0.5342,false
214370,케어젠,39700,2026-10-13,39532.43595789577,33262.630588649256,47413.23582763859,down,0.53835,0.44275,0.0189,0.53835,false
214370,케어젠,39700,2026-10-14,39495.16281866442,32922.61156035464,47879.90477845149,down,0.53305,0.44815,0.0188,0.53305,false
214370,케어젠,39700,2026-10-15,39485.88674575274,32734.98106500258,48397.80942384521,down,0.53155,0.44755,0.0209,0.53155,false
214370,케어젠,39700,2026-10-16,39469.2636104485,32370.23887590628,48880.1309389989,down,0.53485,0.4462,0.01895,0.53485,false
214370,케어젠,39700,2026-10-19,39437.5643728376,32222.556841708745,49327.13584671868,down,0.5277,0.4514,0.0209,0.5277,false
214370,케어젠,39700,2026-10-20,39465.73587586582,31889.03880404102,49709.79182946717,down,0.53685,0.44345,0.0197,0.53685,false
214370,케어젠,39700,2026-10-21,39437.76400384592,31566.783057647892,50218.88687628719,down,0.53555,0.44485,0.0196,0.53555,false
214370,케어젠,39700,2026-10-22,39477.997414498546,31379.90121491132,50790.26680135038,down,0.53665,0.44275,0.0206,0.53665,false
214370,케어젠,39700,2026-10-23,39514.50212144981,31156.203954399854,51118.52746722968,down,0.5331,0.448,0.0189,0.5331,false
214370,케어젠,39700,2026-10-26,39481.30753161012,30907.964525044943,51455.78545822145,down,0.53265,0.4467,0.02065,0.53265,false
214370,케어젠,39700,2026-10-27,39436.04743754929,30648.012750579794,51789.81223716441,down,0.52905,0.4495,0.02145,0.52905,false
214370,케어젠,39700,2026-10-28,39361.34282239736,30478.597460035824,52221.70202995337,down,0.53155,0.44835,0.0201,0.53155,false
030000,제일기획,17810,2026-09-29,17816.071505705717,17535.026889048455,18104.463046077653,up,0.47655,0.47655,0.08075,0.4427,false
030000,제일기획,17810,2026-09-30,17827.023360114807,17403.544422631923,18240.338832158664,up,0.47725,0.47725,0.07965,0.4431,false
030000,제일기획,17810,2026-10-01,17831.31844738988,17294.441754508567,18346.817991330117,up,0.47105,0.47105,0.0842,0.44475,false
030000,제일기획,17810,2026-10-02,17835.760449379122,17209.779577218203,18439.034157506107,up,0.47045,0.47045,0.08635,0.4432,false
030000,제일기획,17810,2026-10-06,17841.301406655773,17137.374106789826,18514.126884656544,up,0.4745,0.4745,0.08215,0.44335,false
030000,제일기획,17810,2026-10-07,17846.17240396056,17063.017317572896,18583.13814712678,up,0.4735,0.4735,0.0868,0.4397,false
030000,제일기획,17810,2026-10-08,17844.906730514078,16998.395149847434,18651.279474911935,up,0.46855,0.46855,0.0872,0.44425,false
030000,제일기획,17810,2026-10-12,17846.823423059424,16939.75880075176,18716.378153412737,up,0.4675,0.4675,0.09075,0.44175,false
030000,제일기획,17810,2026-10-13,17847.736401134316,16880.830203969217,18763.560446859403,up,0.46635,0.46635,0.0887,0.44495,false
030000,제일기획,17810,2026-10-14,17850.21055982883,16826.939773646587,18807.836355646454,up,0.4651,0.4651,0.09245,0.44245,false
030000,제일기획,17810,2026-10-15,17853.46102457335,16782.473033869766,18871.624820736484,up,0.4708,0.4708,0.08775,0.44145,false
030000,제일기획,17810,2026-10-16,17853.60969036215,16739.016771490456,18927.55381920645,up,0.47105,0.47105,0.087,0.44195,false
030000,제일기획,17810,2026-10-19,17863.35663514378,16701.595370290284,18979.036628502487,up,0.4737,0.4737,0.09205,0.43425,false
030000,제일기획,17810,2026-10-20,17866.109297577685,16664.666303330574,19029.914158028285,up,0.47215,0.47215,0.0877,0.44015,false
030000,제일기획,17810,2026-10-21,17866.248704903952,16636.998235073406,19071.030383680012,up,0.46985,0.46985,0.0888,0.44135,false
030000,제일기획,17810,2026-10-22,17865.440028188565,16591.174311160717,19113.58701059148,up,0.4697,0.4697,0.08755,0.44275,false
030000,제일기획,17810,2026-10-23,17866.367705285535,16555.34091860815,19162.216364078773,up,0.46925,0.46925,0.09155,0.4392,false
030000,제일기획,17810,2026-10-26,17869.55127813528,16519.015255101214,19198.267234471583,up,0.4667,0.4667,0.0912,0.4421,false
030000,제일기획,17810,2026-10-27,17859.73335195923,16476.464781410352,19240.708837362985,up,0.46375,0.46375,0.0884,0.44785,false
030000,제일기획,17810,2026-10-28,17867.32842703877,16446.33527136743,19276.51536511257,up,0.47145,0.47145,0.0863,0.44225,false