code,name,factor,rawSource,collector,history,calculation,ui,validation
005930,삼성전자,F06,partial,partial,partial,excluded,ready,partial
005930,삼성전자,F14,missing,blocked,missing,excluded,ready,partial
005930,삼성전자,F01,missing,blocked,missing,excluded,ready,partial
005930,삼성전자,F02,partial,partial,partial,excluded,ready,partial
005930,삼성전자,F03,partial,partial,partial,excluded,ready,partial
005930,삼성전자,F04,ready,partial,partial,excluded,ready,partial
005930,삼성전자,F09,ready,partial,partial,excluded,ready,partial
005930,삼성전자,F10,ready,partial,partial,excluded,ready,partial
005930,삼성전자,F16,missing,blocked,missing,excluded,ready,partial
005930,삼성전자,F05,partial,partial,partial,excluded,ready,partial
005930,삼성전자,F26,partial,partial,partial,excluded,ready,partial
005930,삼성전자,F30,missing,partial,missing,excluded,ready,partial
005930,삼성전자,F15,missing,blocked,missing,excluded,ready,partial
005930,삼성전자,F35,partial,partial,partial,ready,ready,partial
005930,삼성전자,F36,partial,partial,partial,ready,ready,partial
005930,삼성전자,F07,partial,partial,partial,excluded,ready,partial
005930,삼성전자,F17,missing,blocked,missing,excluded,ready,partial
005930,삼성전자,F25,missing,blocked,missing,excluded,ready,partial
005930,삼성전자,F28,missing,blocked,missing,excluded,ready,partial
005930,삼성전자,F11,partial,partial,partial,ready,ready,partial
005930,삼성전자,F23,partial,ready,partial,excluded,ready,partial
005930,삼성전자,F19,missing,blocked,missing,excluded,ready,partial
005930,삼성전자,F31,missing,blocked,missing,excluded,ready,partial
005930,삼성전자,F34,missing,partial,missing,excluded,ready,partial
005930,삼성전자,F12,partial,partial,partial,excluded,ready,partial
005930,삼성전자,F13,partial,partial,partial,excluded,ready,partial
005930,삼성전자,F08,ready,blocked,partial,excluded,ready,partial
005930,삼성전자,F20,partial,partial,partial,excluded,ready,partial
005930,삼성전자,F33,missing,blocked,missing,excluded,ready,partial
005930,삼성전자,F29,missing,blocked,missing,excluded,ready,partial
005930,삼성전자,F27,partial,partial,partial,excluded,ready,partial
005930,삼성전자,F32,missing,partial,missing,excluded,ready,partial
005930,삼성전자,F21,missing,blocked,missing,excluded,ready,partial
005930,삼성전자,F22,missing,blocked,missing,excluded,ready,partial
005930,삼성전자,F24,missing,blocked,missing,excluded,ready,partial
005930,삼성전자,F18,ready,ready,partial,excluded,ready,partial
005930,삼성전자,FOMO,partial,blocked,missing,excluded,ready,partial
009150,삼성전기,F06,partial,partial,partial,excluded,ready,partial
009150,삼성전기,F14,missing,blocked,missing,excluded,ready,partial
009150,삼성전기,F01,missing,blocked,missing,excluded,ready,partial
009150,삼성전기,F02,partial,partial,partial,excluded,ready,partial
009150,삼성전기,F03,partial,partial,partial,excluded,ready,partial
009150,삼성전기,F04,ready,partial,partial,excluded,ready,partial
009150,삼성전기,F09,ready,partial,partial,excluded,ready,partial
009150,삼성전기,F10,ready,partial,partial,excluded,ready,partial
009150,삼성전기,F16,missing,blocked,missing,excluded,ready,partial
009150,삼성전기,F05,partial,partial,partial,excluded,ready,partial
009150,삼성전기,F26,partial,partial,partial,excluded,ready,partial
009150,삼성전기,F30,missing,partial,missing,excluded,ready,partial
009150,삼성전기,F15,missing,blocked,missing,excluded,ready,partial
009150,삼성전기,F35,partial,partial,partial,ready,ready,partial
009150,삼성전기,F36,partial,partial,partial,ready,ready,partial
009150,삼성전기,F07,partial,partial,partial,excluded,ready,partial
009150,삼성전기,F17,missing,blocked,missing,excluded,ready,partial
009150,삼성전기,F25,missing,blocked,missing,excluded,ready,partial
009150,삼성전기,F28,missing,blocked,missing,excluded,ready,partial
009150,삼성전기,F11,partial,partial,partial,ready,ready,partial
009150,삼성전기,F23,partial,ready,partial,excluded,ready,partial
009150,삼성전기,F19,missing,blocked,missing,excluded,ready,partial
009150,삼성전기,F31,missing,blocked,missing,excluded,ready,partial
009150,삼성전기,F34,missing,partial,missing,excluded,ready,partial
009150,삼성전기,F12,partial,partial,partial,excluded,ready,partial
009150,삼성전기,F13,partial,partial,partial,excluded,ready,partial
009150,삼성전기,F08,ready,blocked,partial,excluded,ready,partial
009150,삼성전기,F20,partial,partial,partial,excluded,ready,partial
009150,삼성전기,F33,missing,blocked,missing,excluded,ready,partial
009150,삼성전기,F29,missing,blocked,missing,excluded,ready,partial
009150,삼성전기,F27,missing,blocked,missing,excluded,ready,partial
009150,삼성전기,F32,missing,partial,missing,excluded,ready,partial
009150,삼성전기,F21,missing,blocked,missing,excluded,ready,partial
009150,삼성전기,F22,missing,blocked,missing,excluded,ready,partial
009150,삼성전기,F24,missing,blocked,missing,excluded,ready,partial
009150,삼성전기,F18,ready,ready,partial,excluded,ready,partial
009150,삼성전기,FOMO,partial,blocked,missing,excluded,ready,partial
373220,LG에너지솔루션,F06,partial,partial,partial,excluded,ready,partial
373220,LG에너지솔루션,F14,missing,blocked,missing,excluded,ready,partial
373220,LG에너지솔루션,F01,missing,blocked,missing,excluded,ready,partial
373220,LG에너지솔루션,F02,partial,partial,partial,excluded,ready,partial
373220,LG에너지솔루션,F03,partial,partial,partial,excluded,ready,partial
373220,LG에너지솔루션,F04,ready,partial,partial,excluded,ready,partial
373220,LG에너지솔루션,F09,ready,partial,partial,excluded,ready,partial
373220,LG에너지솔루션,F10,ready,partial,partial,excluded,ready,partial
373220,LG에너지솔루션,F16,missing,blocked,missing,excluded,ready,partial
373220,LG에너지솔루션,F05,partial,partial,partial,excluded,ready,partial
373220,LG에너지솔루션,F26,partial,partial,partial,excluded,ready,partial
373220,LG에너지솔루션,F30,missing,partial,missing,excluded,ready,partial
373220,LG에너지솔루션,F15,missing,blocked,missing,excluded,ready,partial
373220,LG에너지솔루션,F35,partial,partial,partial,ready,ready,partial
373220,LG에너지솔루션,F36,partial,partial,partial,ready,ready,partial
373220,LG에너지솔루션,F07,partial,partial,partial,excluded,ready,partial
373220,LG에너지솔루션,F17,missing,blocked,missing,excluded,ready,partial
373220,LG에너지솔루션,F25,missing,blocked,missing,excluded,ready,partial
373220,LG에너지솔루션,F28,missing,blocked,missing,excluded,ready,partial
373220,LG에너지솔루션,F11,partial,partial,partial,ready,ready,partial
373220,LG에너지솔루션,F23,partial,ready,partial,excluded,ready,partial
373220,LG에너지솔루션,F19,missing,blocked,missing,excluded,ready,partial
373220,LG에너지솔루션,F31,missing,blocked,missing,excluded,ready,partial
373220,LG에너지솔루션,F34,missing,partial,missing,excluded,ready,partial
373220,LG에너지솔루션,F12,partial,partial,partial,excluded,ready,partial
373220,LG에너지솔루션,F13,partial,partial,partial,excluded,ready,partial
373220,LG에너지솔루션,F08,ready,blocked,partial,excluded,ready,partial
373220,LG에너지솔루션,F20,partial,partial,partial,excluded,ready,partial
373220,LG에너지솔루션,F33,missing,blocked,missing,excluded,ready,partial
373220,LG에너지솔루션,F29,missing,blocked,missing,excluded,ready,partial
373220,LG에너지솔루션,F27,missing,blocked,missing,excluded,ready,partial
373220,LG에너지솔루션,F32,missing,partial,missing,excluded,ready,partial
373220,LG에너지솔루션,F21,missing,blocked,missing,excluded,ready,partial
373220,LG에너지솔루션,F22,missing,blocked,missing,excluded,ready,partial
373220,LG에너지솔루션,F24,missing,blocked,missing,excluded,ready,partial
373220,LG에너지솔루션,F18,ready,ready,partial,excluded,ready,partial
373220,LG에너지솔루션,FOMO,partial,blocked,missing,excluded,ready,partial
005380,현대차,F06,partial,partial,partial,excluded,ready,partial
005380,현대차,F14,missing,blocked,missing,excluded,ready,partial
005380,현대차,F01,missing,blocked,missing,excluded,ready,partial
005380,현대차,F02,partial,partial,partial,excluded,ready,partial
005380,현대차,F03,partial,partial,partial,excluded,ready,partial
005380,현대차,F04,ready,partial,partial,excluded,ready,partial
005380,현대차,F09,ready,partial,partial,excluded,ready,partial
005380,현대차,F10,ready,partial,partial,excluded,ready,partial
005380,현대차,F16,missing,blocked,missing,excluded,ready,partial
005380,현대차,F05,partial,partial,partial,excluded,ready,partial
005380,현대차,F26,partial,partial,partial,excluded,ready,partial
005380,현대차,F30,missing,partial,missing,excluded,ready,partial
005380,현대차,F15,missing,blocked,missing,excluded,ready,partial
005380,현대차,F35,partial,partial,partial,ready,ready,partial
005380,현대차,F36,partial,partial,partial,ready,ready,partial
005380,현대차,F07,partial,partial,partial,excluded,ready,partial
005380,현대차,F17,missing,blocked,missing,excluded,ready,partial
005380,현대차,F25,partial,partial,partial,excluded,ready,partial
005380,현대차,F28,missing,blocked,missing,excluded,ready,partial
005380,현대차,F11,partial,partial,partial,ready,ready,partial
005380,현대차,F23,partial,ready,partial,excluded,ready,partial
005380,현대차,F19,missing,blocked,missing,excluded,ready,partial
005380,현대차,F31,partial,partial,partial,excluded,ready,partial
005380,현대차,F34,missing,partial,missing,excluded,ready,partial
005380,현대차,F12,partial,partial,partial,excluded,ready,partial
005380,현대차,F13,partial,partial,partial,excluded,ready,partial
005380,현대차,F08,ready,blocked,partial,excluded,ready,partial
005380,현대차,F20,partial,partial,partial,excluded,ready,partial
005380,현대차,F33,missing,blocked,missing,excluded,ready,partial
005380,현대차,F29,missing,blocked,missing,excluded,ready,partial
005380,현대차,F27,missing,blocked,missing,excluded,ready,partial
005380,현대차,F32,missing,partial,missing,excluded,ready,partial
005380,현대차,F21,missing,blocked,missing,excluded,ready,partial
005380,현대차,F22,missing,blocked,missing,excluded,ready,partial
005380,현대차,F24,missing,blocked,missing,excluded,ready,partial
005380,현대차,F18,ready,ready,partial,excluded,ready,partial
005380,현대차,FOMO,partial,blocked,missing,excluded,ready,partial
207940,삼성바이오로직스,F06,partial,partial,partial,excluded,ready,partial
207940,삼성바이오로직스,F14,missing,blocked,missing,excluded,ready,partial
207940,삼성바이오로직스,F01,missing,blocked,missing,excluded,ready,partial
207940,삼성바이오로직스,F02,partial,partial,partial,excluded,ready,partial
207940,삼성바이오로직스,F03,partial,partial,partial,excluded,ready,partial
207940,삼성바이오로직스,F04,ready,partial,partial,excluded,ready,partial
207940,삼성바이오로직스,F09,ready,partial,partial,excluded,ready,partial
207940,삼성바이오로직스,F10,ready,partial,partial,excluded,ready,partial
207940,삼성바이오로직스,F16,missing,blocked,missing,excluded,ready,partial
207940,삼성바이오로직스,F05,partial,partial,partial,excluded,ready,partial
207940,삼성바이오로직스,F26,partial,partial,partial,excluded,ready,partial
207940,삼성바이오로직스,F30,missing,partial,missing,excluded,ready,partial
207940,삼성바이오로직스,F15,missing,blocked,missing,excluded,ready,partial
207940,삼성바이오로직스,F35,partial,partial,partial,ready,ready,partial
207940,삼성바이오로직스,F36,partial,partial,partial,ready,ready,partial
207940,삼성바이오로직스,F07,partial,partial,partial,excluded,ready,partial
207940,삼성바이오로직스,F17,missing,blocked,missing,excluded,ready,partial
207940,삼성바이오로직스,F25,partial,partial,partial,excluded,ready,partial
207940,삼성바이오로직스,F28,partial,partial,partial,excluded,ready,partial
207940,삼성바이오로직스,F11,partial,partial,partial,ready,ready,partial
207940,삼성바이오로직스,F23,partial,ready,partial,excluded,ready,partial
207940,삼성바이오로직스,F19,missing,blocked,missing,excluded,ready,partial
207940,삼성바이오로직스,F31,partial,partial,partial,excluded,ready,partial
207940,삼성바이오로직스,F34,missing,partial,missing,excluded,ready,partial
207940,삼성바이오로직스,F12,partial,partial,partial,excluded,ready,partial
207940,삼성바이오로직스,F13,partial,partial,partial,excluded,ready,partial
207940,삼성바이오로직스,F08,ready,blocked,partial,excluded,ready,partial
207940,삼성바이오로직스,F20,partial,partial,partial,excluded,ready,partial
207940,삼성바이오로직스,F33,missing,blocked,missing,excluded,ready,partial
207940,삼성바이오로직스,F29,missing,blocked,missing,excluded,ready,partial
207940,삼성바이오로직스,F27,missing,blocked,missing,excluded,ready,partial
207940,삼성바이오로직스,F32,missing,partial,missing,excluded,ready,partial
207940,삼성바이오로직스,F21,missing,blocked,missing,excluded,ready,partial
207940,삼성바이오로직스,F22,missing,blocked,missing,excluded,ready,partial
207940,삼성바이오로직스,F24,missing,blocked,missing,excluded,ready,partial
207940,삼성바이오로직스,F18,ready,ready,partial,excluded,ready,partial
207940,삼성바이오로직스,FOMO,partial,blocked,missing,excluded,ready,partial
105560,KB금융,F06,partial,partial,partial,excluded,ready,partial
105560,KB금융,F14,missing,blocked,missing,excluded,ready,partial
105560,KB금융,F01,missing,blocked,missing,excluded,ready,partial
105560,KB금융,F02,partial,partial,partial,excluded,ready,partial
105560,KB금융,F03,partial,partial,partial,excluded,ready,partial
105560,KB금융,F04,ready,partial,partial,excluded,ready,partial
105560,KB금융,F09,ready,partial,partial,excluded,ready,partial
105560,KB금융,F10,ready,partial,partial,excluded,ready,partial
105560,KB금융,F16,missing,blocked,missing,excluded,ready,partial
105560,KB금융,F05,partial,partial,partial,excluded,ready,partial
105560,KB금융,F26,missing,blocked,missing,excluded,ready,partial
105560,KB금융,F30,missing,partial,missing,excluded,ready,partial
105560,KB금융,F15,missing,blocked,missing,excluded,ready,partial
105560,KB금융,F35,partial,partial,partial,ready,ready,partial
105560,KB금융,F36,partial,partial,partial,ready,ready,partial
105560,KB금융,F07,partial,partial,partial,excluded,ready,partial
105560,KB금융,F17,missing,blocked,missing,excluded,ready,partial
105560,KB금융,F25,missing,blocked,missing,excluded,ready,partial
105560,KB금융,F28,partial,partial,partial,excluded,ready,partial
105560,KB금융,F11,partial,partial,partial,ready,ready,partial
105560,KB금융,F23,partial,ready,partial,excluded,ready,partial
105560,KB금융,F19,missing,blocked,missing,excluded,ready,partial
105560,KB금융,F31,missing,blocked,missing,excluded,ready,partial
105560,KB금융,F34,missing,partial,missing,excluded,ready,partial
105560,KB금융,F12,partial,partial,partial,excluded,ready,partial
105560,KB금융,F13,partial,partial,partial,excluded,ready,partial
105560,KB금융,F08,ready,blocked,partial,excluded,ready,partial
105560,KB금융,F20,partial,partial,partial,excluded,ready,partial
105560,KB금융,F33,missing,blocked,missing,excluded,ready,partial
105560,KB금융,F29,partial,partial,partial,excluded,ready,partial
105560,KB금융,F27,missing,blocked,missing,excluded,ready,partial
105560,KB금융,F32,missing,partial,missing,excluded,ready,partial
105560,KB금융,F21,missing,blocked,missing,excluded,ready,partial
105560,KB금융,F22,missing,blocked,missing,excluded,ready,partial
105560,KB금융,F24,missing,blocked,missing,excluded,ready,partial
105560,KB금융,F18,ready,ready,partial,excluded,ready,partial
105560,KB금융,FOMO,partial,blocked,missing,excluded,ready,partial
028260,삼성물산,F06,partial,partial,partial,excluded,ready,partial
028260,삼성물산,F14,missing,blocked,missing,excluded,ready,partial
028260,삼성물산,F01,missing,blocked,missing,excluded,ready,partial
028260,삼성물산,F02,partial,partial,partial,excluded,ready,partial
028260,삼성물산,F03,partial,partial,partial,excluded,ready,partial
028260,삼성물산,F04,ready,partial,partial,excluded,ready,partial
028260,삼성물산,F09,ready,partial,partial,excluded,ready,partial
028260,삼성물산,F10,ready,partial,partial,excluded,ready,partial
028260,삼성물산,F16,missing,blocked,missing,excluded,ready,partial
028260,삼성물산,F05,partial,partial,partial,excluded,ready,partial
028260,삼성물산,F26,missing,blocked,missing,excluded,ready,partial
028260,삼성물산,F30,missing,partial,missing,excluded,ready,partial
028260,삼성물산,F15,missing,blocked,missing,excluded,ready,partial
028260,삼성물산,F35,partial,partial,partial,ready,ready,partial
028260,삼성물산,F36,partial,partial,partial,ready,ready,partial
028260,삼성물산,F07,partial,partial,partial,excluded,ready,partial
028260,삼성물산,F17,missing,blocked,missing,excluded,ready,partial
028260,삼성물산,F25,missing,blocked,missing,excluded,ready,partial
028260,삼성물산,F28,missing,blocked,missing,excluded,ready,partial
028260,삼성물산,F11,partial,partial,partial,ready,ready,partial
028260,삼성물산,F23,partial,ready,partial,excluded,ready,partial
028260,삼성물산,F19,missing,blocked,missing,excluded,ready,partial
028260,삼성물산,F31,missing,blocked,missing,excluded,ready,partial
028260,삼성물산,F34,missing,partial,missing,excluded,ready,partial
028260,삼성물산,F12,partial,partial,partial,excluded,ready,partial
028260,삼성물산,F13,partial,partial,partial,excluded,ready,partial
028260,삼성물산,F08,ready,blocked,partial,excluded,ready,partial
028260,삼성물산,F20,partial,partial,partial,excluded,ready,partial
028260,삼성물산,F33,missing,blocked,missing,excluded,ready,partial
028260,삼성물산,F29,missing,blocked,missing,excluded,ready,partial
028260,삼성물산,F27,missing,blocked,missing,excluded,ready,partial
028260,삼성물산,F32,missing,partial,missing,excluded,ready,partial
028260,삼성물산,F21,missing,blocked,missing,excluded,ready,partial
028260,삼성물산,F22,missing,blocked,missing,excluded,ready,partial
028260,삼성물산,F24,missing,blocked,missing,excluded,ready,partial
028260,삼성물산,F18,ready,ready,partial,excluded,ready,partial
028260,삼성물산,FOMO,partial,blocked,missing,excluded,ready,partial
032830,삼성생명보험,F06,partial,partial,partial,excluded,ready,partial
032830,삼성생명보험,F14,missing,blocked,missing,excluded,ready,partial
032830,삼성생명보험,F01,missing,blocked,missing,excluded,ready,partial
032830,삼성생명보험,F02,partial,partial,partial,excluded,ready,partial
032830,삼성생명보험,F03,partial,partial,partial,excluded,ready,partial
032830,삼성생명보험,F04,ready,partial,partial,excluded,ready,partial
032830,삼성생명보험,F09,ready,partial,partial,excluded,ready,partial
032830,삼성생명보험,F10,ready,partial,partial,excluded,ready,partial
032830,삼성생명보험,F16,missing,blocked,missing,excluded,ready,partial
032830,삼성생명보험,F05,partial,partial,partial,excluded,ready,partial
032830,삼성생명보험,F26,missing,blocked,missing,excluded,ready,partial
032830,삼성생명보험,F30,missing,partial,missing,excluded,ready,partial
032830,삼성생명보험,F15,missing,blocked,missing,excluded,ready,partial
032830,삼성생명보험,F35,partial,partial,partial,ready,ready,partial
032830,삼성생명보험,F36,partial,partial,partial,ready,ready,partial
032830,삼성생명보험,F07,partial,partial,partial,excluded,ready,partial
032830,삼성생명보험,F17,missing,blocked,missing,excluded,ready,partial
032830,삼성생명보험,F25,missing,blocked,missing,excluded,ready,partial
032830,삼성생명보험,F28,missing,blocked,missing,excluded,ready,partial
032830,삼성생명보험,F11,partial,partial,partial,ready,ready,partial
032830,삼성생명보험,F23,partial,ready,partial,excluded,ready,partial
032830,삼성생명보험,F19,missing,blocked,missing,excluded,ready,partial
032830,삼성생명보험,F31,missing,blocked,missing,excluded,ready,partial
032830,삼성생명보험,F34,missing,partial,missing,excluded,ready,partial
032830,삼성생명보험,F12,partial,partial,partial,excluded,ready,partial
032830,삼성생명보험,F13,partial,partial,partial,excluded,ready,partial
032830,삼성생명보험,F08,ready,blocked,partial,excluded,ready,partial
032830,삼성생명보험,F20,partial,partial,partial,excluded,ready,partial
032830,삼성생명보험,F33,missing,blocked,missing,excluded,ready,partial
032830,삼성생명보험,F29,missing,blocked,missing,excluded,ready,partial
032830,삼성생명보험,F27,missing,blocked,missing,excluded,ready,partial
032830,삼성생명보험,F32,missing,partial,missing,excluded,ready,partial
032830,삼성생명보험,F21,missing,blocked,missing,excluded,ready,partial
032830,삼성생명보험,F22,missing,blocked,missing,excluded,ready,partial
032830,삼성생명보험,F24,missing,blocked,missing,excluded,ready,partial
032830,삼성생명보험,F18,ready,ready,partial,excluded,ready,partial
032830,삼성생명보험,FOMO,partial,blocked,missing,excluded,ready,partial
012450,한화에어로스페이스,F06,partial,partial,partial,excluded,ready,partial
012450,한화에어로스페이스,F14,missing,blocked,missing,excluded,ready,partial
012450,한화에어로스페이스,F01,missing,blocked,missing,excluded,ready,partial
012450,한화에어로스페이스,F02,partial,partial,partial,excluded,ready,partial
012450,한화에어로스페이스,F03,partial,partial,partial,excluded,ready,partial
012450,한화에어로스페이스,F04,ready,partial,partial,excluded,ready,partial
012450,한화에어로스페이스,F09,ready,partial,partial,excluded,ready,partial
012450,한화에어로스페이스,F10,ready,partial,partial,excluded,ready,partial
012450,한화에어로스페이스,F16,missing,blocked,missing,excluded,ready,partial
012450,한화에어로스페이스,F05,partial,partial,partial,excluded,ready,partial
012450,한화에어로스페이스,F26,missing,blocked,missing,excluded,ready,partial
012450,한화에어로스페이스,F30,missing,partial,missing,excluded,ready,partial
012450,한화에어로스페이스,F15,missing,blocked,missing,excluded,ready,partial
012450,한화에어로스페이스,F35,partial,partial,partial,ready,ready,partial
012450,한화에어로스페이스,F36,partial,partial,partial,ready,ready,partial
012450,한화에어로스페이스,F07,partial,partial,partial,excluded,ready,partial
012450,한화에어로스페이스,F17,missing,blocked,missing,excluded,ready,partial
012450,한화에어로스페이스,F25,missing,blocked,missing,excluded,ready,partial
012450,한화에어로스페이스,F28,missing,blocked,missing,excluded,ready,partial
012450,한화에어로스페이스,F11,partial,partial,partial,ready,ready,partial
012450,한화에어로스페이스,F23,partial,ready,partial,excluded,ready,partial
012450,한화에어로스페이스,F19,missing,blocked,missing,excluded,ready,partial
012450,한화에어로스페이스,F31,missing,blocked,missing,excluded,ready,partial
012450,한화에어로스페이스,F34,missing,partial,missing,excluded,ready,partial
012450,한화에어로스페이스,F12,partial,partial,partial,excluded,ready,partial
012450,한화에어로스페이스,F13,partial,partial,partial,excluded,ready,partial
012450,한화에어로스페이스,F08,ready,blocked,partial,excluded,ready,partial
012450,한화에어로스페이스,F20,partial,partial,partial,excluded,ready,partial
012450,한화에어로스페이스,F33,missing,blocked,missing,excluded,ready,partial
012450,한화에어로스페이스,F29,missing,blocked,missing,excluded,ready,partial
012450,한화에어로스페이스,F27,missing,blocked,missing,excluded,ready,partial
012450,한화에어로스페이스,F32,missing,partial,missing,excluded,ready,partial
012450,한화에어로스페이스,F21,missing,blocked,missing,excluded,ready,partial
012450,한화에어로스페이스,F22,missing,blocked,missing,excluded,ready,partial
012450,한화에어로스페이스,F24,missing,blocked,missing,excluded,ready,partial
012450,한화에어로스페이스,F18,ready,ready,partial,excluded,ready,partial
012450,한화에어로스페이스,FOMO,partial,blocked,missing,excluded,ready,partial
034020,두산에너빌리티,F06,partial,partial,partial,excluded,ready,partial
034020,두산에너빌리티,F14,missing,blocked,missing,excluded,ready,partial
034020,두산에너빌리티,F01,missing,blocked,missing,excluded,ready,partial
034020,두산에너빌리티,F02,partial,partial,partial,excluded,ready,partial
034020,두산에너빌리티,F03,partial,partial,partial,excluded,ready,partial
034020,두산에너빌리티,F04,ready,partial,partial,excluded,ready,partial
034020,두산에너빌리티,F09,ready,partial,partial,excluded,ready,partial
034020,두산에너빌리티,F10,ready,partial,partial,excluded,ready,partial
034020,두산에너빌리티,F16,missing,blocked,missing,excluded,ready,partial
034020,두산에너빌리티,F05,partial,partial,partial,excluded,ready,partial
034020,두산에너빌리티,F26,missing,blocked,missing,excluded,ready,partial
034020,두산에너빌리티,F30,missing,partial,missing,excluded,ready,partial
034020,두산에너빌리티,F15,missing,blocked,missing,excluded,ready,partial
034020,두산에너빌리티,F35,partial,partial,partial,ready,ready,partial
034020,두산에너빌리티,F36,partial,partial,partial,ready,ready,partial
034020,두산에너빌리티,F07,partial,partial,partial,excluded,ready,partial
034020,두산에너빌리티,F17,missing,blocked,missing,excluded,ready,partial
034020,두산에너빌리티,F25,missing,blocked,missing,excluded,ready,partial
034020,두산에너빌리티,F28,missing,blocked,missing,excluded,ready,partial
034020,두산에너빌리티,F11,partial,partial,partial,ready,ready,partial
034020,두산에너빌리티,F23,partial,ready,partial,excluded,ready,partial
034020,두산에너빌리티,F19,missing,blocked,missing,excluded,ready,partial
034020,두산에너빌리티,F31,missing,blocked,missing,excluded,ready,partial
034020,두산에너빌리티,F34,missing,partial,missing,excluded,ready,partial
034020,두산에너빌리티,F12,partial,partial,partial,excluded,ready,partial
034020,두산에너빌리티,F13,partial,partial,partial,excluded,ready,partial
034020,두산에너빌리티,F08,ready,blocked,partial,excluded,ready,partial
034020,두산에너빌리티,F20,partial,partial,partial,excluded,ready,partial
034020,두산에너빌리티,F33,missing,blocked,missing,excluded,ready,partial
034020,두산에너빌리티,F29,missing,blocked,missing,excluded,ready,partial
034020,두산에너빌리티,F27,missing,blocked,missing,excluded,ready,partial
034020,두산에너빌리티,F32,missing,partial,missing,excluded,ready,partial
034020,두산에너빌리티,F21,missing,blocked,missing,excluded,ready,partial
034020,두산에너빌리티,F22,missing,blocked,missing,excluded,ready,partial
034020,두산에너빌리티,F24,missing,blocked,missing,excluded,ready,partial
034020,두산에너빌리티,F18,ready,ready,partial,excluded,ready,partial
034020,두산에너빌리티,FOMO,partial,blocked,missing,excluded,ready,partial
329180,HD현대중공업,F06,partial,partial,partial,excluded,ready,partial
329180,HD현대중공업,F14,missing,blocked,missing,excluded,ready,partial
329180,HD현대중공업,F01,missing,blocked,missing,excluded,ready,partial
329180,HD현대중공업,F02,partial,partial,partial,excluded,ready,partial
329180,HD현대중공업,F03,partial,partial,partial,excluded,ready,partial
329180,HD현대중공업,F04,ready,partial,partial,excluded,ready,partial
329180,HD현대중공업,F09,ready,partial,partial,excluded,ready,partial
329180,HD현대중공업,F10,ready,partial,partial,excluded,ready,partial
329180,HD현대중공업,F16,missing,blocked,missing,excluded,ready,partial
329180,HD현대중공업,F05,partial,partial,partial,excluded,ready,partial
329180,HD현대중공업,F26,missing,blocked,missing,excluded,ready,partial
329180,HD현대중공업,F30,missing,partial,missing,excluded,ready,partial
329180,HD현대중공업,F15,missing,blocked,missing,excluded,ready,partial
329180,HD현대중공업,F35,partial,partial,partial,ready,ready,partial
329180,HD현대중공업,F36,partial,partial,partial,ready,ready,partial
329180,HD현대중공업,F07,partial,partial,partial,excluded,ready,partial
329180,HD현대중공업,F17,missing,blocked,missing,excluded,ready,partial
329180,HD현대중공업,F25,missing,blocked,missing,excluded,ready,partial
329180,HD현대중공업,F28,missing,blocked,missing,excluded,ready,partial
329180,HD현대중공업,F11,partial,partial,partial,ready,ready,partial
329180,HD현대중공업,F23,partial,ready,partial,excluded,ready,partial
329180,HD현대중공업,F19,missing,blocked,missing,excluded,ready,partial
329180,HD현대중공업,F31,missing,blocked,missing,excluded,ready,partial
329180,HD현대중공업,F34,missing,partial,missing,excluded,ready,partial
329180,HD현대중공업,F12,partial,partial,partial,excluded,ready,partial
329180,HD현대중공업,F13,partial,partial,partial,excluded,ready,partial
329180,HD현대중공업,F08,ready,blocked,partial,excluded,ready,partial
329180,HD현대중공업,F20,partial,partial,partial,excluded,ready,partial
329180,HD현대중공업,F33,missing,blocked,missing,excluded,ready,partial
329180,HD현대중공업,F29,missing,blocked,missing,excluded,ready,partial
329180,HD현대중공업,F27,missing,blocked,missing,excluded,ready,partial
329180,HD현대중공업,F32,missing,partial,missing,excluded,ready,partial
329180,HD현대중공업,F21,missing,blocked,missing,excluded,ready,partial
329180,HD현대중공업,F22,missing,blocked,missing,excluded,ready,partial
329180,HD현대중공업,F24,missing,blocked,missing,excluded,ready,partial
329180,HD현대중공업,F18,ready,ready,partial,excluded,ready,partial
329180,HD현대중공업,FOMO,partial,blocked,missing,excluded,ready,partial
034730,SK,F06,partial,partial,partial,excluded,ready,partial
034730,SK,F14,missing,blocked,missing,excluded,ready,partial
034730,SK,F01,missing,blocked,missing,excluded,ready,partial
034730,SK,F02,partial,partial,partial,excluded,ready,partial
034730,SK,F03,partial,partial,partial,excluded,ready,partial
034730,SK,F04,ready,partial,partial,excluded,ready,partial
034730,SK,F09,ready,partial,partial,excluded,ready,partial
034730,SK,F10,ready,partial,partial,excluded,ready,partial
034730,SK,F16,missing,blocked,missing,excluded,ready,partial
034730,SK,F05,partial,partial,partial,excluded,ready,partial
034730,SK,F26,missing,blocked,missing,excluded,ready,partial
034730,SK,F30,missing,partial,missing,excluded,ready,partial
034730,SK,F15,missing,blocked,missing,excluded,ready,partial
034730,SK,F35,partial,partial,partial,ready,ready,partial
034730,SK,F36,partial,partial,partial,ready,ready,partial
034730,SK,F07,partial,partial,partial,excluded,ready,partial
034730,SK,F17,missing,blocked,missing,excluded,ready,partial
034730,SK,F25,missing,blocked,missing,excluded,ready,partial
034730,SK,F28,missing,blocked,missing,excluded,ready,partial
034730,SK,F11,partial,partial,partial,ready,ready,partial
034730,SK,F23,partial,ready,partial,excluded,ready,partial
034730,SK,F19,missing,blocked,missing,excluded,ready,partial
034730,SK,F31,missing,blocked,missing,excluded,ready,partial
034730,SK,F34,missing,partial,missing,excluded,ready,partial
034730,SK,F12,partial,partial,partial,excluded,ready,partial
034730,SK,F13,partial,partial,partial,excluded,ready,partial
034730,SK,F08,ready,blocked,partial,excluded,ready,partial
034730,SK,F20,partial,partial,partial,excluded,ready,partial
034730,SK,F33,missing,blocked,missing,excluded,ready,partial
034730,SK,F29,missing,blocked,missing,excluded,ready,partial
034730,SK,F27,missing,blocked,missing,excluded,ready,partial
034730,SK,F32,missing,partial,missing,excluded,ready,partial
034730,SK,F21,missing,blocked,missing,excluded,ready,partial
034730,SK,F22,missing,blocked,missing,excluded,ready,partial
034730,SK,F24,missing,blocked,missing,excluded,ready,partial
034730,SK,F18,ready,ready,partial,excluded,ready,partial
034730,SK,FOMO,partial,blocked,missing,excluded,ready,partial
012330,현대모비스,F06,partial,partial,partial,excluded,ready,partial
012330,현대모비스,F14,missing,blocked,missing,excluded,ready,partial
012330,현대모비스,F01,missing,blocked,missing,excluded,ready,partial
012330,현대모비스,F02,partial,partial,partial,excluded,ready,partial
012330,현대모비스,F03,partial,partial,partial,excluded,ready,partial
012330,현대모비스,F04,ready,partial,partial,excluded,ready,partial
012330,현대모비스,F09,ready,partial,partial,excluded,ready,partial
012330,현대모비스,F10,ready,partial,partial,excluded,ready,partial
012330,현대모비스,F16,missing,blocked,missing,excluded,ready,partial
012330,현대모비스,F05,partial,partial,partial,excluded,ready,partial
012330,현대모비스,F26,missing,blocked,missing,excluded,ready,partial
012330,현대모비스,F30,missing,partial,missing,excluded,ready,partial
012330,현대모비스,F15,missing,blocked,missing,excluded,ready,partial
012330,현대모비스,F35,partial,partial,partial,ready,ready,partial
012330,현대모비스,F36,partial,partial,partial,ready,ready,partial
012330,현대모비스,F07,partial,partial,partial,excluded,ready,partial
012330,현대모비스,F17,missing,blocked,missing,excluded,ready,partial
012330,현대모비스,F25,missing,blocked,missing,excluded,ready,partial
012330,현대모비스,F28,missing,blocked,missing,excluded,ready,partial
012330,현대모비스,F11,partial,partial,partial,ready,ready,partial
012330,현대모비스,F23,partial,ready,partial,excluded,ready,partial
012330,현대모비스,F19,missing,blocked,missing,excluded,ready,partial
012330,현대모비스,F31,missing,blocked,missing,excluded,ready,partial
012330,현대모비스,F34,missing,partial,missing,excluded,ready,partial
012330,현대모비스,F12,partial,partial,partial,excluded,ready,partial
012330,현대모비스,F13,partial,partial,partial,excluded,ready,partial
012330,현대모비스,F08,ready,blocked,partial,excluded,ready,partial
012330,현대모비스,F20,partial,partial,partial,excluded,ready,partial
012330,현대모비스,F33,missing,blocked,missing,excluded,ready,partial
012330,현대모비스,F29,missing,blocked,missing,excluded,ready,partial
012330,현대모비스,F27,missing,blocked,missing,excluded,ready,partial
012330,현대모비스,F32,missing,partial,missing,excluded,ready,partial
012330,현대모비스,F21,missing,blocked,missing,excluded,ready,partial
012330,현대모비스,F22,missing,blocked,missing,excluded,ready,partial
012330,현대모비스,F24,missing,blocked,missing,excluded,ready,partial
012330,현대모비스,F18,ready,ready,partial,excluded,ready,partial
012330,현대모비스,FOMO,partial,blocked,missing,excluded,ready,partial
066570,LG전자,F06,partial,partial,partial,excluded,ready,partial
066570,LG전자,F14,missing,blocked,missing,excluded,ready,partial
066570,LG전자,F01,missing,blocked,missing,excluded,ready,partial
066570,LG전자,F02,partial,partial,partial,excluded,ready,partial
066570,LG전자,F03,partial,partial,partial,excluded,ready,partial
066570,LG전자,F04,ready,partial,partial,excluded,ready,partial
066570,LG전자,F09,ready,partial,partial,excluded,ready,partial
066570,LG전자,F10,ready,partial,partial,excluded,ready,partial
066570,LG전자,F16,missing,blocked,missing,excluded,ready,partial
066570,LG전자,F05,partial,partial,partial,excluded,ready,partial
066570,LG전자,F26,missing,blocked,missing,excluded,ready,partial
066570,LG전자,F30,missing,partial,missing,excluded,ready,partial
066570,LG전자,F15,missing,blocked,missing,excluded,ready,partial
066570,LG전자,F35,partial,partial,partial,ready,ready,partial
066570,LG전자,F36,partial,partial,partial,ready,ready,partial
066570,LG전자,F07,partial,partial,partial,excluded,ready,partial
066570,LG전자,F17,missing,blocked,missing,excluded,ready,partial
066570,LG전자,F25,missing,blocked,missing,excluded,ready,partial
066570,LG전자,F28,missing,blocked,missing,excluded,ready,partial
066570,LG전자,F11,partial,partial,partial,ready,ready,partial
066570,LG전자,F23,partial,ready,partial,excluded,ready,partial
066570,LG전자,F19,missing,blocked,missing,excluded,ready,partial
066570,LG전자,F31,missing,blocked,missing,excluded,ready,partial
066570,LG전자,F34,missing,partial,missing,excluded,ready,partial
066570,LG전자,F12,partial,partial,partial,excluded,ready,partial
066570,LG전자,F13,partial,partial,partial,excluded,ready,partial
066570,LG전자,F08,ready,blocked,partial,excluded,ready,partial
066570,LG전자,F20,partial,partial,partial,excluded,ready,partial
066570,LG전자,F33,missing,blocked,missing,excluded,ready,partial
066570,LG전자,F29,missing,blocked,missing,excluded,ready,partial
066570,LG전자,F27,missing,blocked,missing,excluded,ready,partial
066570,LG전자,F32,missing,partial,missing,excluded,ready,partial
066570,LG전자,F21,missing,blocked,missing,excluded,ready,partial
066570,LG전자,F22,missing,blocked,missing,excluded,ready,partial
066570,LG전자,F24,missing,blocked,missing,excluded,ready,partial
066570,LG전자,F18,ready,ready,partial,excluded,ready,partial
066570,LG전자,FOMO,partial,blocked,missing,excluded,ready,partial
035420,NAVER,F06,partial,partial,partial,excluded,ready,partial
035420,NAVER,F14,missing,blocked,missing,excluded,ready,partial
035420,NAVER,F01,missing,blocked,missing,excluded,ready,partial
035420,NAVER,F02,partial,partial,partial,excluded,ready,partial
035420,NAVER,F03,partial,partial,partial,excluded,ready,partial
035420,NAVER,F04,ready,partial,partial,excluded,ready,partial
035420,NAVER,F09,ready,partial,partial,excluded,ready,partial
035420,NAVER,F10,ready,partial,partial,excluded,ready,partial
035420,NAVER,F16,missing,blocked,missing,excluded,ready,partial
035420,NAVER,F05,partial,partial,partial,excluded,ready,partial
035420,NAVER,F26,missing,blocked,missing,excluded,ready,partial
035420,NAVER,F30,missing,partial,missing,excluded,ready,partial
035420,NAVER,F15,missing,blocked,missing,excluded,ready,partial
035420,NAVER,F35,partial,partial,partial,ready,ready,partial
035420,NAVER,F36,partial,partial,partial,ready,ready,partial
035420,NAVER,F07,partial,partial,partial,excluded,ready,partial
035420,NAVER,F17,missing,blocked,missing,excluded,ready,partial
035420,NAVER,F25,missing,blocked,missing,excluded,ready,partial
035420,NAVER,F28,missing,blocked,missing,excluded,ready,partial
035420,NAVER,F11,partial,partial,partial,ready,ready,partial
035420,NAVER,F23,partial,ready,partial,excluded,ready,partial
035420,NAVER,F19,missing,blocked,missing,excluded,ready,partial
035420,NAVER,F31,missing,blocked,missing,excluded,ready,partial
035420,NAVER,F34,missing,partial,missing,excluded,ready,partial
035420,NAVER,F12,partial,partial,partial,excluded,ready,partial
035420,NAVER,F13,partial,partial,partial,excluded,ready,partial
035420,NAVER,F08,ready,blocked,partial,excluded,ready,partial
035420,NAVER,F20,partial,partial,partial,excluded,ready,partial
035420,NAVER,F33,missing,blocked,missing,excluded,ready,partial
035420,NAVER,F29,missing,blocked,missing,excluded,ready,partial
035420,NAVER,F27,missing,blocked,missing,excluded,ready,partial
035420,NAVER,F32,missing,partial,missing,excluded,ready,partial
035420,NAVER,F21,missing,blocked,missing,excluded,ready,partial
035420,NAVER,F22,missing,blocked,missing,excluded,ready,partial
035420,NAVER,F24,missing,blocked,missing,excluded,ready,partial
035420,NAVER,F18,ready,ready,partial,excluded,ready,partial
035420,NAVER,FOMO,partial,blocked,missing,excluded,ready,partial
010120,LS ELECTRIC,F06,partial,partial,partial,excluded,ready,partial
010120,LS ELECTRIC,F14,missing,blocked,missing,excluded,ready,partial
010120,LS ELECTRIC,F01,missing,blocked,missing,excluded,ready,partial
010120,LS ELECTRIC,F02,partial,partial,partial,excluded,ready,partial
010120,LS ELECTRIC,F03,partial,partial,partial,excluded,ready,partial
010120,LS ELECTRIC,F04,ready,partial,partial,excluded,ready,partial
010120,LS ELECTRIC,F09,ready,partial,partial,excluded,ready,partial
010120,LS ELECTRIC,F10,ready,partial,partial,excluded,ready,partial
010120,LS ELECTRIC,F16,missing,blocked,missing,excluded,ready,partial
010120,LS ELECTRIC,F05,partial,partial,partial,excluded,ready,partial
010120,LS ELECTRIC,F26,missing,blocked,missing,excluded,ready,partial
010120,LS ELECTRIC,F30,missing,partial,missing,excluded,ready,partial
010120,LS ELECTRIC,F15,missing,blocked,missing,excluded,ready,partial
010120,LS ELECTRIC,F35,partial,partial,partial,ready,ready,partial
010120,LS ELECTRIC,F36,partial,partial,partial,ready,ready,partial
010120,LS ELECTRIC,F07,partial,partial,partial,excluded,ready,partial
010120,LS ELECTRIC,F17,missing,blocked,missing,excluded,ready,partial
010120,LS ELECTRIC,F25,missing,blocked,missing,excluded,ready,partial
010120,LS ELECTRIC,F28,missing,blocked,missing,excluded,ready,partial
010120,LS ELECTRIC,F11,partial,partial,partial,ready,ready,partial
010120,LS ELECTRIC,F23,partial,ready,partial,excluded,ready,partial
010120,LS ELECTRIC,F19,missing,blocked,missing,excluded,ready,partial
010120,LS ELECTRIC,F31,missing,blocked,missing,excluded,ready,partial
010120,LS ELECTRIC,F34,missing,partial,missing,excluded,ready,partial
010120,LS ELECTRIC,F12,partial,partial,partial,excluded,ready,partial
010120,LS ELECTRIC,F13,partial,partial,partial,excluded,ready,partial
010120,LS ELECTRIC,F08,ready,blocked,partial,excluded,ready,partial
010120,LS ELECTRIC,F20,partial,partial,partial,excluded,ready,partial
010120,LS ELECTRIC,F33,missing,blocked,missing,excluded,ready,partial
010120,LS ELECTRIC,F29,missing,blocked,missing,excluded,ready,partial
010120,LS ELECTRIC,F27,missing,blocked,missing,excluded,ready,partial
010120,LS ELECTRIC,F32,missing,partial,missing,excluded,ready,partial
010120,LS ELECTRIC,F21,missing,blocked,missing,excluded,ready,partial
010120,LS ELECTRIC,F22,missing,blocked,missing,excluded,ready,partial
010120,LS ELECTRIC,F24,missing,blocked,missing,excluded,ready,partial
010120,LS ELECTRIC,F18,ready,ready,partial,excluded,ready,partial
010120,LS ELECTRIC,FOMO,partial,blocked,missing,excluded,ready,partial
000810,삼성화재,F06,partial,partial,partial,excluded,ready,partial
000810,삼성화재,F14,missing,blocked,missing,excluded,ready,partial
000810,삼성화재,F01,missing,blocked,missing,excluded,ready,partial
000810,삼성화재,F02,partial,partial,partial,excluded,ready,partial
000810,삼성화재,F03,partial,partial,partial,excluded,ready,partial
000810,삼성화재,F04,ready,partial,partial,excluded,ready,partial
000810,삼성화재,F09,ready,partial,partial,excluded,ready,partial
000810,삼성화재,F10,ready,partial,partial,excluded,ready,partial
000810,삼성화재,F16,missing,blocked,missing,excluded,ready,partial
000810,삼성화재,F05,partial,partial,partial,excluded,ready,partial
000810,삼성화재,F26,missing,blocked,missing,excluded,ready,partial
000810,삼성화재,F30,missing,partial,missing,excluded,ready,partial
000810,삼성화재,F15,missing,blocked,missing,excluded,ready,partial
000810,삼성화재,F35,partial,partial,partial,ready,ready,partial
000810,삼성화재,F36,partial,partial,partial,ready,ready,partial
000810,삼성화재,F07,partial,partial,partial,excluded,ready,partial
000810,삼성화재,F17,missing,blocked,missing,excluded,ready,partial
000810,삼성화재,F25,missing,blocked,missing,excluded,ready,partial
000810,삼성화재,F28,missing,blocked,missing,excluded,ready,partial
000810,삼성화재,F11,partial,partial,partial,ready,ready,partial
000810,삼성화재,F23,partial,ready,partial,excluded,ready,partial
000810,삼성화재,F19,missing,blocked,missing,excluded,ready,partial
000810,삼성화재,F31,missing,blocked,missing,excluded,ready,partial
000810,삼성화재,F34,missing,partial,missing,excluded,ready,partial
000810,삼성화재,F12,partial,partial,partial,excluded,ready,partial
000810,삼성화재,F13,partial,partial,partial,excluded,ready,partial
000810,삼성화재,F08,ready,blocked,partial,excluded,ready,partial
000810,삼성화재,F20,partial,partial,partial,excluded,ready,partial
000810,삼성화재,F33,missing,blocked,missing,excluded,ready,partial
000810,삼성화재,F29,missing,blocked,missing,excluded,ready,partial
000810,삼성화재,F27,missing,blocked,missing,excluded,ready,partial
000810,삼성화재,F32,missing,partial,missing,excluded,ready,partial
000810,삼성화재,F21,missing,blocked,missing,excluded,ready,partial
000810,삼성화재,F22,missing,blocked,missing,excluded,ready,partial
000810,삼성화재,F24,missing,blocked,missing,excluded,ready,partial
000810,삼성화재,F18,ready,ready,partial,excluded,ready,partial
000810,삼성화재,FOMO,partial,blocked,missing,excluded,ready,partial
005490,POSCO홀딩스,F06,partial,partial,partial,excluded,ready,partial
005490,POSCO홀딩스,F14,missing,blocked,missing,excluded,ready,partial
005490,POSCO홀딩스,F01,missing,blocked,missing,excluded,ready,partial
005490,POSCO홀딩스,F02,partial,partial,partial,excluded,ready,partial
005490,POSCO홀딩스,F03,partial,partial,partial,excluded,ready,partial
005490,POSCO홀딩스,F04,ready,partial,partial,excluded,ready,partial
005490,POSCO홀딩스,F09,ready,partial,partial,excluded,ready,partial
005490,POSCO홀딩스,F10,ready,partial,partial,excluded,ready,partial
005490,POSCO홀딩스,F16,missing,blocked,missing,excluded,ready,partial
005490,POSCO홀딩스,F05,partial,partial,partial,excluded,ready,partial
005490,POSCO홀딩스,F26,missing,blocked,missing,excluded,ready,partial
005490,POSCO홀딩스,F30,missing,partial,missing,excluded,ready,partial
005490,POSCO홀딩스,F15,missing,blocked,missing,excluded,ready,partial
005490,POSCO홀딩스,F35,partial,partial,partial,ready,ready,partial
005490,POSCO홀딩스,F36,partial,partial,partial,ready,ready,partial
005490,POSCO홀딩스,F07,partial,partial,partial,excluded,ready,partial
005490,POSCO홀딩스,F17,missing,blocked,missing,excluded,ready,partial
005490,POSCO홀딩스,F25,missing,blocked,missing,excluded,ready,partial
005490,POSCO홀딩스,F28,missing,blocked,missing,excluded,ready,partial
005490,POSCO홀딩스,F11,partial,partial,partial,ready,ready,partial
005490,POSCO홀딩스,F23,partial,ready,partial,excluded,ready,partial
005490,POSCO홀딩스,F19,missing,blocked,missing,excluded,ready,partial
005490,POSCO홀딩스,F31,missing,blocked,missing,excluded,ready,partial
005490,POSCO홀딩스,F34,missing,partial,missing,excluded,ready,partial
005490,POSCO홀딩스,F12,partial,partial,partial,excluded,ready,partial
005490,POSCO홀딩스,F13,partial,partial,partial,excluded,ready,partial
005490,POSCO홀딩스,F08,ready,blocked,partial,excluded,ready,partial
005490,POSCO홀딩스,F20,partial,partial,partial,excluded,ready,partial
005490,POSCO홀딩스,F33,missing,blocked,missing,excluded,ready,partial
005490,POSCO홀딩스,F29,missing,blocked,missing,excluded,ready,partial
005490,POSCO홀딩스,F27,missing,blocked,missing,excluded,ready,partial
005490,POSCO홀딩스,F32,missing,partial,missing,excluded,ready,partial
005490,POSCO홀딩스,F21,missing,blocked,missing,excluded,ready,partial
005490,POSCO홀딩스,F22,missing,blocked,missing,excluded,ready,partial
005490,POSCO홀딩스,F24,missing,blocked,missing,excluded,ready,partial
005490,POSCO홀딩스,F18,ready,ready,partial,excluded,ready,partial
005490,POSCO홀딩스,FOMO,partial,blocked,missing,excluded,ready,partial
010130,고려아연,F06,partial,partial,partial,excluded,ready,partial
010130,고려아연,F14,missing,blocked,missing,excluded,ready,partial
010130,고려아연,F01,missing,blocked,missing,excluded,ready,partial
010130,고려아연,F02,partial,partial,partial,excluded,ready,partial
010130,고려아연,F03,partial,partial,partial,excluded,ready,partial
010130,고려아연,F04,ready,partial,partial,excluded,ready,partial
010130,고려아연,F09,ready,partial,partial,excluded,ready,partial
010130,고려아연,F10,ready,partial,partial,excluded,ready,partial
010130,고려아연,F16,missing,blocked,missing,excluded,ready,partial
010130,고려아연,F05,partial,partial,partial,excluded,ready,partial
010130,고려아연,F26,missing,blocked,missing,excluded,ready,partial
010130,고려아연,F30,missing,partial,missing,excluded,ready,partial
010130,고려아연,F15,missing,blocked,missing,excluded,ready,partial
010130,고려아연,F35,partial,partial,partial,ready,ready,partial
010130,고려아연,F36,partial,partial,partial,ready,ready,partial
010130,고려아연,F07,partial,partial,partial,excluded,ready,partial
010130,고려아연,F17,missing,blocked,missing,excluded,ready,partial
010130,고려아연,F25,missing,blocked,missing,excluded,ready,partial
010130,고려아연,F28,missing,blocked,missing,excluded,ready,partial
010130,고려아연,F11,partial,partial,partial,ready,ready,partial
010130,고려아연,F23,partial,ready,partial,excluded,ready,partial
010130,고려아연,F19,missing,blocked,missing,excluded,ready,partial
010130,고려아연,F31,missing,blocked,missing,excluded,ready,partial
010130,고려아연,F34,missing,partial,missing,excluded,ready,partial
010130,고려아연,F12,partial,partial,partial,excluded,ready,partial
010130,고려아연,F13,partial,partial,partial,excluded,ready,partial
010130,고려아연,F08,ready,blocked,partial,excluded,ready,partial
010130,고려아연,F20,partial,partial,partial,excluded,ready,partial
010130,고려아연,F33,missing,blocked,missing,excluded,ready,partial
010130,고려아연,F29,missing,blocked,missing,excluded,ready,partial
010130,고려아연,F27,missing,blocked,missing,excluded,ready,partial
010130,고려아연,F32,missing,partial,missing,excluded,ready,partial
010130,고려아연,F21,missing,blocked,missing,excluded,ready,partial
010130,고려아연,F22,missing,blocked,missing,excluded,ready,partial
010130,고려아연,F24,missing,blocked,missing,excluded,ready,partial
010130,고려아연,F18,ready,ready,partial,excluded,ready,partial
010130,고려아연,FOMO,partial,blocked,missing,excluded,ready,partial
138040,메리츠금융지주,F06,partial,partial,partial,excluded,ready,partial
138040,메리츠금융지주,F14,missing,blocked,missing,excluded,ready,partial
138040,메리츠금융지주,F01,missing,blocked,missing,excluded,ready,partial
138040,메리츠금융지주,F02,partial,partial,partial,excluded,ready,partial
138040,메리츠금융지주,F03,partial,partial,partial,excluded,ready,partial
138040,메리츠금융지주,F04,ready,partial,partial,excluded,ready,partial
138040,메리츠금융지주,F09,ready,partial,partial,excluded,ready,partial
138040,메리츠금융지주,F10,ready,partial,partial,excluded,ready,partial
138040,메리츠금융지주,F16,missing,blocked,missing,excluded,ready,partial
138040,메리츠금융지주,F05,partial,partial,partial,excluded,ready,partial
138040,메리츠금융지주,F26,missing,blocked,missing,excluded,ready,partial
138040,메리츠금융지주,F30,missing,partial,missing,excluded,ready,partial
138040,메리츠금융지주,F15,missing,blocked,missing,excluded,ready,partial
138040,메리츠금융지주,F35,partial,partial,partial,ready,ready,partial
138040,메리츠금융지주,F36,partial,partial,partial,ready,ready,partial
138040,메리츠금융지주,F07,partial,partial,partial,excluded,ready,partial
138040,메리츠금융지주,F17,missing,blocked,missing,excluded,ready,partial
138040,메리츠금융지주,F25,missing,blocked,missing,excluded,ready,partial
138040,메리츠금융지주,F28,missing,blocked,missing,excluded,ready,partial
138040,메리츠금융지주,F11,partial,partial,partial,ready,ready,partial
138040,메리츠금융지주,F23,partial,ready,partial,excluded,ready,partial
138040,메리츠금융지주,F19,missing,blocked,missing,excluded,ready,partial
138040,메리츠금융지주,F31,missing,blocked,missing,excluded,ready,partial
138040,메리츠금융지주,F34,missing,partial,missing,excluded,ready,partial
138040,메리츠금융지주,F12,partial,partial,partial,excluded,ready,partial
138040,메리츠금융지주,F13,partial,partial,partial,excluded,ready,partial
138040,메리츠금융지주,F08,ready,blocked,partial,excluded,ready,partial
138040,메리츠금융지주,F20,partial,partial,partial,excluded,ready,partial
138040,메리츠금융지주,F33,missing,blocked,missing,excluded,ready,partial
138040,메리츠금융지주,F29,missing,blocked,missing,excluded,ready,partial
138040,메리츠금융지주,F27,missing,blocked,missing,excluded,ready,partial
138040,메리츠금융지주,F32,missing,partial,missing,excluded,ready,partial
138040,메리츠금융지주,F21,missing,blocked,missing,excluded,ready,partial
138040,메리츠금융지주,F22,missing,blocked,missing,excluded,ready,partial
138040,메리츠금융지주,F24,missing,blocked,missing,excluded,ready,partial
138040,메리츠금융지주,F18,ready,ready,partial,excluded,ready,partial
138040,메리츠금융지주,FOMO,partial,blocked,missing,excluded,ready,partial
015760,한국전력,F06,partial,partial,partial,excluded,ready,partial
015760,한국전력,F14,missing,blocked,missing,excluded,ready,partial
015760,한국전력,F01,missing,blocked,missing,excluded,ready,partial
015760,한국전력,F02,partial,partial,partial,excluded,ready,partial
015760,한국전력,F03,partial,partial,partial,excluded,ready,partial
015760,한국전력,F04,ready,partial,partial,excluded,ready,partial
015760,한국전력,F09,ready,partial,partial,excluded,ready,partial
015760,한국전력,F10,ready,partial,partial,excluded,ready,partial
015760,한국전력,F16,missing,blocked,missing,excluded,ready,partial
015760,한국전력,F05,partial,partial,partial,excluded,ready,partial
015760,한국전력,F26,missing,blocked,missing,excluded,ready,partial
015760,한국전력,F30,missing,partial,missing,excluded,ready,partial
015760,한국전력,F15,missing,blocked,missing,excluded,ready,partial
015760,한국전력,F35,partial,partial,partial,ready,ready,partial
015760,한국전력,F36,partial,partial,partial,ready,ready,partial
015760,한국전력,F07,partial,partial,partial,excluded,ready,partial
015760,한국전력,F17,missing,blocked,missing,excluded,ready,partial
015760,한국전력,F25,missing,blocked,missing,excluded,ready,partial
015760,한국전력,F28,missing,blocked,missing,excluded,ready,partial
015760,한국전력,F11,partial,partial,partial,ready,ready,partial
015760,한국전력,F23,partial,ready,partial,excluded,ready,partial
015760,한국전력,F19,missing,blocked,missing,excluded,ready,partial
015760,한국전력,F31,missing,blocked,missing,excluded,ready,partial
015760,한국전력,F34,missing,partial,missing,excluded,ready,partial
015760,한국전력,F12,partial,partial,partial,excluded,ready,partial
015760,한국전력,F13,partial,partial,partial,excluded,ready,partial
015760,한국전력,F08,ready,blocked,partial,excluded,ready,partial
015760,한국전력,F20,partial,partial,partial,excluded,ready,partial
015760,한국전력,F33,missing,blocked,missing,excluded,ready,partial
015760,한국전력,F29,missing,blocked,missing,excluded,ready,partial
015760,한국전력,F27,missing,blocked,missing,excluded,ready,partial
015760,한국전력,F32,missing,partial,missing,excluded,ready,partial
015760,한국전력,F21,missing,blocked,missing,excluded,ready,partial
015760,한국전력,F22,missing,blocked,missing,excluded,ready,partial
015760,한국전력,F24,missing,blocked,missing,excluded,ready,partial
015760,한국전력,F18,ready,ready,partial,excluded,ready,partial
015760,한국전력,FOMO,partial,blocked,missing,excluded,ready,partial
011200,HMM,F06,partial,partial,partial,excluded,ready,partial
011200,HMM,F14,missing,blocked,missing,excluded,ready,partial
011200,HMM,F01,missing,blocked,missing,excluded,ready,partial
011200,HMM,F02,partial,partial,partial,excluded,ready,partial
011200,HMM,F03,partial,partial,partial,excluded,ready,partial
011200,HMM,F04,ready,partial,partial,excluded,ready,partial
011200,HMM,F09,ready,partial,partial,excluded,ready,partial
011200,HMM,F10,ready,partial,partial,excluded,ready,partial
011200,HMM,F16,missing,blocked,missing,excluded,ready,partial
011200,HMM,F05,partial,partial,partial,excluded,ready,partial
011200,HMM,F26,missing,blocked,missing,excluded,ready,partial
011200,HMM,F30,missing,partial,missing,excluded,ready,partial
011200,HMM,F15,missing,blocked,missing,excluded,ready,partial
011200,HMM,F35,partial,partial,partial,ready,ready,partial
011200,HMM,F36,partial,partial,partial,ready,ready,partial
011200,HMM,F07,partial,partial,partial,excluded,ready,partial
011200,HMM,F17,missing,blocked,missing,excluded,ready,partial
011200,HMM,F25,missing,blocked,missing,excluded,ready,partial
011200,HMM,F28,missing,blocked,missing,excluded,ready,partial
011200,HMM,F11,partial,partial,partial,ready,ready,partial
011200,HMM,F23,partial,ready,partial,excluded,ready,partial
011200,HMM,F19,missing,blocked,missing,excluded,ready,partial
011200,HMM,F31,missing,blocked,missing,excluded,ready,partial
011200,HMM,F34,missing,partial,missing,excluded,ready,partial
011200,HMM,F12,partial,partial,partial,excluded,ready,partial
011200,HMM,F13,partial,partial,partial,excluded,ready,partial
011200,HMM,F08,ready,blocked,partial,excluded,ready,partial
011200,HMM,F20,partial,partial,partial,excluded,ready,partial
011200,HMM,F33,missing,blocked,missing,excluded,ready,partial
011200,HMM,F29,missing,blocked,missing,excluded,ready,partial
011200,HMM,F27,missing,blocked,missing,excluded,ready,partial
011200,HMM,F32,missing,partial,missing,excluded,ready,partial
011200,HMM,F21,missing,blocked,missing,excluded,ready,partial
011200,HMM,F22,missing,blocked,missing,excluded,ready,partial
011200,HMM,F24,missing,blocked,missing,excluded,ready,partial
011200,HMM,F18,ready,ready,partial,excluded,ready,partial
011200,HMM,FOMO,partial,blocked,missing,excluded,ready,partial
051910,LG화학,F06,partial,partial,partial,excluded,ready,partial
051910,LG화학,F14,missing,blocked,missing,excluded,ready,partial
051910,LG화학,F01,missing,blocked,missing,excluded,ready,partial
051910,LG화학,F02,partial,partial,partial,excluded,ready,partial
051910,LG화학,F03,partial,partial,partial,excluded,ready,partial
051910,LG화학,F04,ready,partial,partial,excluded,ready,partial
051910,LG화학,F09,ready,partial,partial,excluded,ready,partial
051910,LG화학,F10,ready,partial,partial,excluded,ready,partial
051910,LG화학,F16,missing,blocked,missing,excluded,ready,partial
051910,LG화학,F05,partial,partial,partial,excluded,ready,partial
051910,LG화학,F26,missing,blocked,missing,excluded,ready,partial
051910,LG화학,F30,missing,partial,missing,excluded,ready,partial
051910,LG화학,F15,missing,blocked,missing,excluded,ready,partial
051910,LG화학,F35,partial,partial,partial,ready,ready,partial
051910,LG화학,F36,partial,partial,partial,ready,ready,partial
051910,LG화학,F07,partial,partial,partial,excluded,ready,partial
051910,LG화학,F17,missing,blocked,missing,excluded,ready,partial
051910,LG화학,F25,missing,blocked,missing,excluded,ready,partial
051910,LG화학,F28,missing,blocked,missing,excluded,ready,partial
051910,LG화학,F11,partial,partial,partial,ready,ready,partial
051910,LG화학,F23,partial,ready,partial,excluded,ready,partial
051910,LG화학,F19,missing,blocked,missing,excluded,ready,partial
051910,LG화학,F31,missing,blocked,missing,excluded,ready,partial
051910,LG화학,F34,missing,partial,missing,excluded,ready,partial
051910,LG화학,F12,partial,partial,partial,excluded,ready,partial
051910,LG화학,F13,partial,partial,partial,excluded,ready,partial
051910,LG화학,F08,ready,blocked,partial,excluded,ready,partial
051910,LG화학,F20,partial,partial,partial,excluded,ready,partial
051910,LG화학,F33,missing,blocked,missing,excluded,ready,partial
051910,LG화학,F29,missing,blocked,missing,excluded,ready,partial
051910,LG화학,F27,missing,blocked,missing,excluded,ready,partial
051910,LG화학,F32,missing,partial,missing,excluded,ready,partial
051910,LG화학,F21,missing,blocked,missing,excluded,ready,partial
051910,LG화학,F22,missing,blocked,missing,excluded,ready,partial
051910,LG화학,F24,missing,blocked,missing,excluded,ready,partial
051910,LG화학,F18,ready,ready,partial,excluded,ready,partial
051910,LG화학,FOMO,partial,blocked,missing,excluded,ready,partial
017670,SK텔레콤,F06,partial,partial,partial,excluded,ready,partial
017670,SK텔레콤,F14,missing,blocked,missing,excluded,ready,partial
017670,SK텔레콤,F01,missing,blocked,missing,excluded,ready,partial
017670,SK텔레콤,F02,partial,partial,partial,excluded,ready,partial
017670,SK텔레콤,F03,partial,partial,partial,excluded,ready,partial
017670,SK텔레콤,F04,ready,partial,partial,excluded,ready,partial
017670,SK텔레콤,F09,ready,partial,partial,excluded,ready,partial
017670,SK텔레콤,F10,ready,partial,partial,excluded,ready,partial
017670,SK텔레콤,F16,missing,blocked,missing,excluded,ready,partial
017670,SK텔레콤,F05,partial,partial,partial,excluded,ready,partial
017670,SK텔레콤,F26,missing,blocked,missing,excluded,ready,partial
017670,SK텔레콤,F30,missing,partial,missing,excluded,ready,partial
017670,SK텔레콤,F15,missing,blocked,missing,excluded,ready,partial
017670,SK텔레콤,F35,partial,partial,partial,ready,ready,partial
017670,SK텔레콤,F36,partial,partial,partial,ready,ready,partial
017670,SK텔레콤,F07,partial,partial,partial,excluded,ready,partial
017670,SK텔레콤,F17,missing,blocked,missing,excluded,ready,partial
017670,SK텔레콤,F25,missing,blocked,missing,excluded,ready,partial
017670,SK텔레콤,F28,missing,blocked,missing,excluded,ready,partial
017670,SK텔레콤,F11,partial,partial,partial,ready,ready,partial
017670,SK텔레콤,F23,partial,ready,partial,excluded,ready,partial
017670,SK텔레콤,F19,missing,blocked,missing,excluded,ready,partial
017670,SK텔레콤,F31,missing,blocked,missing,excluded,ready,partial
017670,SK텔레콤,F34,missing,partial,missing,excluded,ready,partial
017670,SK텔레콤,F12,partial,partial,partial,excluded,ready,partial
017670,SK텔레콤,F13,partial,partial,partial,excluded,ready,partial
017670,SK텔레콤,F08,ready,blocked,partial,excluded,ready,partial
017670,SK텔레콤,F20,partial,partial,partial,excluded,ready,partial
017670,SK텔레콤,F33,missing,blocked,missing,excluded,ready,partial
017670,SK텔레콤,F29,missing,blocked,missing,excluded,ready,partial
017670,SK텔레콤,F27,missing,blocked,missing,excluded,ready,partial
017670,SK텔레콤,F32,missing,partial,missing,excluded,ready,partial
017670,SK텔레콤,F21,missing,blocked,missing,excluded,ready,partial
017670,SK텔레콤,F22,missing,blocked,missing,excluded,ready,partial
017670,SK텔레콤,F24,missing,blocked,missing,excluded,ready,partial
017670,SK텔레콤,F18,ready,ready,partial,excluded,ready,partial
017670,SK텔레콤,FOMO,partial,blocked,missing,excluded,ready,partial
033780,KT&G,F06,partial,partial,partial,excluded,ready,partial
033780,KT&G,F14,missing,blocked,missing,excluded,ready,partial
033780,KT&G,F01,missing,blocked,missing,excluded,ready,partial
033780,KT&G,F02,partial,partial,partial,excluded,ready,partial
033780,KT&G,F03,partial,partial,partial,excluded,ready,partial
033780,KT&G,F04,ready,partial,partial,excluded,ready,partial
033780,KT&G,F09,ready,partial,partial,excluded,ready,partial
033780,KT&G,F10,ready,partial,partial,excluded,ready,partial
033780,KT&G,F16,missing,blocked,missing,excluded,ready,partial
033780,KT&G,F05,partial,partial,partial,excluded,ready,partial
033780,KT&G,F26,missing,blocked,missing,excluded,ready,partial
033780,KT&G,F30,missing,partial,missing,excluded,ready,partial
033780,KT&G,F15,missing,blocked,missing,excluded,ready,partial
033780,KT&G,F35,partial,partial,partial,ready,ready,partial
033780,KT&G,F36,partial,partial,partial,ready,ready,partial
033780,KT&G,F07,partial,partial,partial,excluded,ready,partial
033780,KT&G,F17,missing,blocked,missing,excluded,ready,partial
033780,KT&G,F25,missing,blocked,missing,excluded,ready,partial
033780,KT&G,F28,missing,blocked,missing,excluded,ready,partial
033780,KT&G,F11,partial,partial,partial,ready,ready,partial
033780,KT&G,F23,partial,ready,partial,excluded,ready,partial
033780,KT&G,F19,missing,blocked,missing,excluded,ready,partial
033780,KT&G,F31,missing,blocked,missing,excluded,ready,partial
033780,KT&G,F34,missing,partial,missing,excluded,ready,partial
033780,KT&G,F12,partial,partial,partial,excluded,ready,partial
033780,KT&G,F13,partial,partial,partial,excluded,ready,partial
033780,KT&G,F08,ready,blocked,partial,excluded,ready,partial
033780,KT&G,F20,partial,partial,partial,excluded,ready,partial
033780,KT&G,F33,missing,blocked,missing,excluded,ready,partial
033780,KT&G,F29,missing,blocked,missing,excluded,ready,partial
033780,KT&G,F27,missing,blocked,missing,excluded,ready,partial
033780,KT&G,F32,missing,partial,missing,excluded,ready,partial
033780,KT&G,F21,missing,blocked,missing,excluded,ready,partial
033780,KT&G,F22,missing,blocked,missing,excluded,ready,partial
033780,KT&G,F24,missing,blocked,missing,excluded,ready,partial
033780,KT&G,F18,ready,ready,partial,excluded,ready,partial
033780,KT&G,FOMO,partial,blocked,missing,excluded,ready,partial
196170,알테오젠,F06,partial,partial,partial,excluded,ready,partial
196170,알테오젠,F14,missing,blocked,missing,excluded,ready,partial
196170,알테오젠,F01,missing,blocked,missing,excluded,ready,partial
196170,알테오젠,F02,partial,partial,partial,excluded,ready,partial
196170,알테오젠,F03,partial,partial,partial,excluded,ready,partial
196170,알테오젠,F04,ready,partial,partial,excluded,ready,partial
196170,알테오젠,F09,ready,partial,partial,excluded,ready,partial
196170,알테오젠,F10,ready,partial,partial,excluded,ready,partial
196170,알테오젠,F16,missing,blocked,missing,excluded,ready,partial
196170,알테오젠,F05,partial,partial,partial,excluded,ready,partial
196170,알테오젠,F26,missing,blocked,missing,excluded,ready,partial
196170,알테오젠,F30,missing,partial,missing,excluded,ready,partial
196170,알테오젠,F15,missing,blocked,missing,excluded,ready,partial
196170,알테오젠,F35,partial,partial,partial,ready,ready,partial
196170,알테오젠,F36,partial,partial,partial,ready,ready,partial
196170,알테오젠,F07,partial,partial,partial,excluded,ready,partial
196170,알테오젠,F17,missing,blocked,missing,excluded,ready,partial
196170,알테오젠,F25,missing,blocked,missing,excluded,ready,partial
196170,알테오젠,F28,missing,blocked,missing,excluded,ready,partial
196170,알테오젠,F11,partial,partial,partial,ready,ready,partial
196170,알테오젠,F23,partial,ready,partial,excluded,ready,partial
196170,알테오젠,F19,missing,blocked,missing,excluded,ready,partial
196170,알테오젠,F31,missing,blocked,missing,excluded,ready,partial
196170,알테오젠,F34,missing,partial,missing,excluded,ready,partial
196170,알테오젠,F12,partial,partial,partial,excluded,ready,partial
196170,알테오젠,F13,partial,partial,partial,excluded,ready,partial
196170,알테오젠,F08,ready,blocked,partial,excluded,ready,partial
196170,알테오젠,F20,partial,partial,partial,excluded,ready,partial
196170,알테오젠,F33,missing,blocked,missing,excluded,ready,partial
196170,알테오젠,F29,missing,blocked,missing,excluded,ready,partial
196170,알테오젠,F27,missing,blocked,missing,excluded,ready,partial
196170,알테오젠,F32,missing,partial,missing,excluded,ready,partial
196170,알테오젠,F21,missing,blocked,missing,excluded,ready,partial
196170,알테오젠,F22,missing,blocked,missing,excluded,ready,partial
196170,알테오젠,F24,missing,blocked,missing,excluded,ready,partial
196170,알테오젠,F18,ready,ready,partial,excluded,ready,partial
196170,알테오젠,FOMO,partial,blocked,missing,excluded,ready,partial
018260,삼성에스디에스,F06,partial,partial,partial,excluded,ready,partial
018260,삼성에스디에스,F14,missing,blocked,missing,excluded,ready,partial
018260,삼성에스디에스,F01,missing,blocked,missing,excluded,ready,partial
018260,삼성에스디에스,F02,partial,partial,partial,excluded,ready,partial
018260,삼성에스디에스,F03,partial,partial,partial,excluded,ready,partial
018260,삼성에스디에스,F04,ready,partial,partial,excluded,ready,partial
018260,삼성에스디에스,F09,ready,partial,partial,excluded,ready,partial
018260,삼성에스디에스,F10,ready,partial,partial,excluded,ready,partial
018260,삼성에스디에스,F16,missing,blocked,missing,excluded,ready,partial
018260,삼성에스디에스,F05,partial,partial,partial,excluded,ready,partial
018260,삼성에스디에스,F26,missing,blocked,missing,excluded,ready,partial
018260,삼성에스디에스,F30,missing,partial,missing,excluded,ready,partial
018260,삼성에스디에스,F15,missing,blocked,missing,excluded,ready,partial
018260,삼성에스디에스,F35,partial,partial,partial,ready,ready,partial
018260,삼성에스디에스,F36,partial,partial,partial,ready,ready,partial
018260,삼성에스디에스,F07,partial,partial,partial,excluded,ready,partial
018260,삼성에스디에스,F17,missing,blocked,missing,excluded,ready,partial
018260,삼성에스디에스,F25,missing,blocked,missing,excluded,ready,partial
018260,삼성에스디에스,F28,missing,blocked,missing,excluded,ready,partial
018260,삼성에스디에스,F11,partial,partial,partial,ready,ready,partial
018260,삼성에스디에스,F23,partial,ready,partial,excluded,ready,partial
018260,삼성에스디에스,F19,missing,blocked,missing,excluded,ready,partial
018260,삼성에스디에스,F31,missing,blocked,missing,excluded,ready,partial
018260,삼성에스디에스,F34,missing,partial,missing,excluded,ready,partial
018260,삼성에스디에스,F12,partial,partial,partial,excluded,ready,partial
018260,삼성에스디에스,F13,partial,partial,partial,excluded,ready,partial
018260,삼성에스디에스,F08,ready,blocked,partial,excluded,ready,partial
018260,삼성에스디에스,F20,partial,partial,partial,excluded,ready,partial
018260,삼성에스디에스,F33,missing,blocked,missing,excluded,ready,partial
018260,삼성에스디에스,F29,missing,blocked,missing,excluded,ready,partial
018260,삼성에스디에스,F27,missing,blocked,missing,excluded,ready,partial
018260,삼성에스디에스,F32,missing,partial,missing,excluded,ready,partial
018260,삼성에스디에스,F21,missing,blocked,missing,excluded,ready,partial
018260,삼성에스디에스,F22,missing,blocked,missing,excluded,ready,partial
018260,삼성에스디에스,F24,missing,blocked,missing,excluded,ready,partial
018260,삼성에스디에스,F18,ready,ready,partial,excluded,ready,partial
018260,삼성에스디에스,FOMO,partial,blocked,missing,excluded,ready,partial
086280,현대글로비스,F06,partial,partial,partial,excluded,ready,partial
086280,현대글로비스,F14,missing,blocked,missing,excluded,ready,partial
086280,현대글로비스,F01,missing,blocked,missing,excluded,ready,partial
086280,현대글로비스,F02,partial,partial,partial,excluded,ready,partial
086280,현대글로비스,F03,partial,partial,partial,excluded,ready,partial
086280,현대글로비스,F04,ready,partial,partial,excluded,ready,partial
086280,현대글로비스,F09,ready,partial,partial,excluded,ready,partial
086280,현대글로비스,F10,ready,partial,partial,excluded,ready,partial
086280,현대글로비스,F16,missing,blocked,missing,excluded,ready,partial
086280,현대글로비스,F05,partial,partial,partial,excluded,ready,partial
086280,현대글로비스,F26,missing,blocked,missing,excluded,ready,partial
086280,현대글로비스,F30,missing,partial,missing,excluded,ready,partial
086280,현대글로비스,F15,missing,blocked,missing,excluded,ready,partial
086280,현대글로비스,F35,partial,partial,partial,ready,ready,partial
086280,현대글로비스,F36,partial,partial,partial,ready,ready,partial
086280,현대글로비스,F07,partial,partial,partial,excluded,ready,partial
086280,현대글로비스,F17,missing,blocked,missing,excluded,ready,partial
086280,현대글로비스,F25,missing,blocked,missing,excluded,ready,partial
086280,현대글로비스,F28,missing,blocked,missing,excluded,ready,partial
086280,현대글로비스,F11,partial,partial,partial,ready,ready,partial
086280,현대글로비스,F23,partial,ready,partial,excluded,ready,partial
086280,현대글로비스,F19,missing,blocked,missing,excluded,ready,partial
086280,현대글로비스,F31,missing,blocked,missing,excluded,ready,partial
086280,현대글로비스,F34,missing,partial,missing,excluded,ready,partial
086280,현대글로비스,F12,partial,partial,partial,excluded,ready,partial
086280,현대글로비스,F13,partial,partial,partial,excluded,ready,partial
086280,현대글로비스,F08,ready,blocked,partial,excluded,ready,partial
086280,현대글로비스,F20,partial,partial,partial,excluded,ready,partial
086280,현대글로비스,F33,missing,blocked,missing,excluded,ready,partial
086280,현대글로비스,F29,missing,blocked,missing,excluded,ready,partial
086280,현대글로비스,F27,missing,blocked,missing,excluded,ready,partial
086280,현대글로비스,F32,missing,partial,missing,excluded,ready,partial
086280,현대글로비스,F21,missing,blocked,missing,excluded,ready,partial
086280,현대글로비스,F22,missing,blocked,missing,excluded,ready,partial
086280,현대글로비스,F24,missing,blocked,missing,excluded,ready,partial
086280,현대글로비스,F18,ready,ready,partial,excluded,ready,partial
086280,현대글로비스,FOMO,partial,blocked,missing,excluded,ready,partial
000720,현대건설,F06,partial,partial,partial,excluded,ready,partial
000720,현대건설,F14,missing,blocked,missing,excluded,ready,partial
000720,현대건설,F01,missing,blocked,missing,excluded,ready,partial
000720,현대건설,F02,partial,partial,partial,excluded,ready,partial
000720,현대건설,F03,partial,partial,partial,excluded,ready,partial
000720,현대건설,F04,ready,partial,partial,excluded,ready,partial
000720,현대건설,F09,ready,partial,partial,excluded,ready,partial
000720,현대건설,F10,ready,partial,partial,excluded,ready,partial
000720,현대건설,F16,missing,blocked,missing,excluded,ready,partial
000720,현대건설,F05,partial,partial,partial,excluded,ready,partial
000720,현대건설,F26,missing,blocked,missing,excluded,ready,partial
000720,현대건설,F30,missing,partial,missing,excluded,ready,partial
000720,현대건설,F15,missing,blocked,missing,excluded,ready,partial
000720,현대건설,F35,partial,partial,partial,ready,ready,partial
000720,현대건설,F36,partial,partial,partial,ready,ready,partial
000720,현대건설,F07,partial,partial,partial,excluded,ready,partial
000720,현대건설,F17,missing,blocked,missing,excluded,ready,partial
000720,현대건설,F25,missing,blocked,missing,excluded,ready,partial
000720,현대건설,F28,missing,blocked,missing,excluded,ready,partial
000720,현대건설,F11,partial,partial,partial,ready,ready,partial
000720,현대건설,F23,partial,ready,partial,excluded,ready,partial
000720,현대건설,F19,missing,blocked,missing,excluded,ready,partial
000720,현대건설,F31,missing,blocked,missing,excluded,ready,partial
000720,현대건설,F34,missing,partial,missing,excluded,ready,partial
000720,현대건설,F12,partial,partial,partial,excluded,ready,partial
000720,현대건설,F13,partial,partial,partial,excluded,ready,partial
000720,현대건설,F08,ready,blocked,partial,excluded,ready,partial
000720,현대건설,F20,partial,partial,partial,excluded,ready,partial
000720,현대건설,F33,missing,blocked,missing,excluded,ready,partial
000720,현대건설,F29,missing,blocked,missing,excluded,ready,partial
000720,현대건설,F27,missing,blocked,missing,excluded,ready,partial
000720,현대건설,F32,missing,partial,missing,excluded,ready,partial
000720,현대건설,F21,missing,blocked,missing,excluded,ready,partial
000720,현대건설,F22,missing,blocked,missing,excluded,ready,partial
000720,현대건설,F24,missing,blocked,missing,excluded,ready,partial
000720,현대건설,F18,ready,ready,partial,excluded,ready,partial
000720,현대건설,FOMO,partial,blocked,missing,excluded,ready,partial
278470,에이피알,F06,partial,partial,partial,excluded,ready,partial
278470,에이피알,F14,missing,blocked,missing,excluded,ready,partial
278470,에이피알,F01,missing,blocked,missing,excluded,ready,partial
278470,에이피알,F02,partial,partial,partial,excluded,ready,partial
278470,에이피알,F03,partial,partial,partial,excluded,ready,partial
278470,에이피알,F04,ready,partial,partial,excluded,ready,partial
278470,에이피알,F09,ready,partial,partial,excluded,ready,partial
278470,에이피알,F10,ready,partial,partial,excluded,ready,partial
278470,에이피알,F16,missing,blocked,missing,excluded,ready,partial
278470,에이피알,F05,partial,partial,partial,excluded,ready,partial
278470,에이피알,F26,missing,blocked,missing,excluded,ready,partial
278470,에이피알,F30,missing,partial,missing,excluded,ready,partial
278470,에이피알,F15,missing,blocked,missing,excluded,ready,partial
278470,에이피알,F35,partial,partial,partial,ready,ready,partial
278470,에이피알,F36,partial,partial,partial,ready,ready,partial
278470,에이피알,F07,partial,partial,partial,excluded,ready,partial
278470,에이피알,F17,missing,blocked,missing,excluded,ready,partial
278470,에이피알,F25,missing,blocked,missing,excluded,ready,partial
278470,에이피알,F28,missing,blocked,missing,excluded,ready,partial
278470,에이피알,F11,partial,partial,partial,ready,ready,partial
278470,에이피알,F23,partial,ready,partial,excluded,ready,partial
278470,에이피알,F19,missing,blocked,missing,excluded,ready,partial
278470,에이피알,F31,missing,blocked,missing,excluded,ready,partial
278470,에이피알,F34,missing,partial,missing,excluded,ready,partial
278470,에이피알,F12,partial,partial,partial,excluded,ready,partial
278470,에이피알,F13,partial,partial,partial,excluded,ready,partial
278470,에이피알,F08,ready,blocked,partial,excluded,ready,partial
278470,에이피알,F20,partial,partial,partial,excluded,ready,partial
278470,에이피알,F33,missing,blocked,missing,excluded,ready,partial
278470,에이피알,F29,missing,blocked,missing,excluded,ready,partial
278470,에이피알,F27,missing,blocked,missing,excluded,ready,partial
278470,에이피알,F32,missing,partial,missing,excluded,ready,partial
278470,에이피알,F21,missing,blocked,missing,excluded,ready,partial
278470,에이피알,F22,missing,blocked,missing,excluded,ready,partial
278470,에이피알,F24,missing,blocked,missing,excluded,ready,partial
278470,에이피알,F18,ready,ready,partial,excluded,ready,partial
278470,에이피알,FOMO,partial,blocked,missing,excluded,ready,partial
030200,KT,F06,partial,partial,partial,excluded,ready,partial
030200,KT,F14,missing,blocked,missing,excluded,ready,partial
030200,KT,F01,missing,blocked,missing,excluded,ready,partial
030200,KT,F02,partial,partial,partial,excluded,ready,partial
030200,KT,F03,partial,partial,partial,excluded,ready,partial
030200,KT,F04,ready,partial,partial,excluded,ready,partial
030200,KT,F09,ready,partial,partial,excluded,ready,partial
030200,KT,F10,ready,partial,partial,excluded,ready,partial
030200,KT,F16,missing,blocked,missing,excluded,ready,partial
030200,KT,F05,partial,partial,partial,excluded,ready,partial
030200,KT,F26,missing,blocked,missing,excluded,ready,partial
030200,KT,F30,missing,partial,missing,excluded,ready,partial
030200,KT,F15,missing,blocked,missing,excluded,ready,partial
030200,KT,F35,partial,partial,partial,ready,ready,partial
030200,KT,F36,partial,partial,partial,ready,ready,partial
030200,KT,F07,partial,partial,partial,excluded,ready,partial
030200,KT,F17,missing,blocked,missing,excluded,ready,partial
030200,KT,F25,missing,blocked,missing,excluded,ready,partial
030200,KT,F28,missing,blocked,missing,excluded,ready,partial
030200,KT,F11,partial,partial,partial,ready,ready,partial
030200,KT,F23,partial,ready,partial,excluded,ready,partial
030200,KT,F19,missing,blocked,missing,excluded,ready,partial
030200,KT,F31,missing,blocked,missing,excluded,ready,partial
030200,KT,F34,missing,partial,missing,excluded,ready,partial
030200,KT,F12,partial,partial,partial,excluded,ready,partial
030200,KT,F13,partial,partial,partial,excluded,ready,partial
030200,KT,F08,ready,blocked,partial,excluded,ready,partial
030200,KT,F20,partial,partial,partial,excluded,ready,partial
030200,KT,F33,missing,blocked,missing,excluded,ready,partial
030200,KT,F29,missing,blocked,missing,excluded,ready,partial
030200,KT,F27,missing,blocked,missing,excluded,ready,partial
030200,KT,F32,missing,partial,missing,excluded,ready,partial
030200,KT,F21,missing,blocked,missing,excluded,ready,partial
030200,KT,F22,missing,blocked,missing,excluded,ready,partial
030200,KT,F24,missing,blocked,missing,excluded,ready,partial
030200,KT,F18,ready,ready,partial,excluded,ready,partial
030200,KT,FOMO,partial,blocked,missing,excluded,ready,partial
003490,대한항공,F06,partial,partial,partial,excluded,ready,partial
003490,대한항공,F14,missing,blocked,missing,excluded,ready,partial
003490,대한항공,F01,missing,blocked,missing,excluded,ready,partial
003490,대한항공,F02,partial,partial,partial,excluded,ready,partial
003490,대한항공,F03,partial,partial,partial,excluded,ready,partial
003490,대한항공,F04,ready,partial,partial,excluded,ready,partial
003490,대한항공,F09,ready,partial,partial,excluded,ready,partial
003490,대한항공,F10,ready,partial,partial,excluded,ready,partial
003490,대한항공,F16,missing,blocked,missing,excluded,ready,partial
003490,대한항공,F05,partial,partial,partial,excluded,ready,partial
003490,대한항공,F26,missing,blocked,missing,excluded,ready,partial
003490,대한항공,F30,missing,partial,missing,excluded,ready,partial
003490,대한항공,F15,missing,blocked,missing,excluded,ready,partial
003490,대한항공,F35,partial,partial,partial,ready,ready,partial
003490,대한항공,F36,partial,partial,partial,ready,ready,partial
003490,대한항공,F07,partial,partial,partial,excluded,ready,partial
003490,대한항공,F17,missing,blocked,missing,excluded,ready,partial
003490,대한항공,F25,missing,blocked,missing,excluded,ready,partial
003490,대한항공,F28,missing,blocked,missing,excluded,ready,partial
003490,대한항공,F11,partial,partial,partial,ready,ready,partial
003490,대한항공,F23,partial,ready,partial,excluded,ready,partial
003490,대한항공,F19,missing,blocked,missing,excluded,ready,partial
003490,대한항공,F31,missing,blocked,missing,excluded,ready,partial
003490,대한항공,F34,missing,partial,missing,excluded,ready,partial
003490,대한항공,F12,partial,partial,partial,excluded,ready,partial
003490,대한항공,F13,partial,partial,partial,excluded,ready,partial
003490,대한항공,F08,ready,blocked,partial,excluded,ready,partial
003490,대한항공,F20,partial,partial,partial,excluded,ready,partial
003490,대한항공,F33,missing,blocked,missing,excluded,ready,partial
003490,대한항공,F29,missing,blocked,missing,excluded,ready,partial
003490,대한항공,F27,missing,blocked,missing,excluded,ready,partial
003490,대한항공,F32,missing,partial,missing,excluded,ready,partial
003490,대한항공,F21,missing,blocked,missing,excluded,ready,partial
003490,대한항공,F22,missing,blocked,missing,excluded,ready,partial
003490,대한항공,F24,missing,blocked,missing,excluded,ready,partial
003490,대한항공,F18,ready,ready,partial,excluded,ready,partial
003490,대한항공,FOMO,partial,blocked,missing,excluded,ready,partial
047050,포스코인터내셔널,F06,partial,partial,partial,excluded,ready,partial
047050,포스코인터내셔널,F14,missing,blocked,missing,excluded,ready,partial
047050,포스코인터내셔널,F01,missing,blocked,missing,excluded,ready,partial
047050,포스코인터내셔널,F02,partial,partial,partial,excluded,ready,partial
047050,포스코인터내셔널,F03,partial,partial,partial,excluded,ready,partial
047050,포스코인터내셔널,F04,ready,partial,partial,excluded,ready,partial
047050,포스코인터내셔널,F09,ready,partial,partial,excluded,ready,partial
047050,포스코인터내셔널,F10,ready,partial,partial,excluded,ready,partial
047050,포스코인터내셔널,F16,missing,blocked,missing,excluded,ready,partial
047050,포스코인터내셔널,F05,partial,partial,partial,excluded,ready,partial
047050,포스코인터내셔널,F26,missing,blocked,missing,excluded,ready,partial
047050,포스코인터내셔널,F30,missing,partial,missing,excluded,ready,partial
047050,포스코인터내셔널,F15,missing,blocked,missing,excluded,ready,partial
047050,포스코인터내셔널,F35,partial,partial,partial,ready,ready,partial
047050,포스코인터내셔널,F36,partial,partial,partial,ready,ready,partial
047050,포스코인터내셔널,F07,partial,partial,partial,excluded,ready,partial
047050,포스코인터내셔널,F17,missing,blocked,missing,excluded,ready,partial
047050,포스코인터내셔널,F25,missing,blocked,missing,excluded,ready,partial
047050,포스코인터내셔널,F28,missing,blocked,missing,excluded,ready,partial
047050,포스코인터내셔널,F11,partial,partial,partial,ready,ready,partial
047050,포스코인터내셔널,F23,partial,ready,partial,excluded,ready,partial
047050,포스코인터내셔널,F19,missing,blocked,missing,excluded,ready,partial
047050,포스코인터내셔널,F31,missing,blocked,missing,excluded,ready,partial
047050,포스코인터내셔널,F34,missing,partial,missing,excluded,ready,partial
047050,포스코인터내셔널,F12,partial,partial,partial,excluded,ready,partial
047050,포스코인터내셔널,F13,partial,partial,partial,excluded,ready,partial
047050,포스코인터내셔널,F08,ready,blocked,partial,excluded,ready,partial
047050,포스코인터내셔널,F20,partial,partial,partial,excluded,ready,partial
047050,포스코인터내셔널,F33,missing,blocked,missing,excluded,ready,partial
047050,포스코인터내셔널,F29,missing,blocked,missing,excluded,ready,partial
047050,포스코인터내셔널,F27,missing,blocked,missing,excluded,ready,partial
047050,포스코인터내셔널,F32,missing,partial,missing,excluded,ready,partial
047050,포스코인터내셔널,F21,missing,blocked,missing,excluded,ready,partial
047050,포스코인터내셔널,F22,missing,blocked,missing,excluded,ready,partial
047050,포스코인터내셔널,F24,missing,blocked,missing,excluded,ready,partial
047050,포스코인터내셔널,F18,ready,ready,partial,excluded,ready,partial
047050,포스코인터내셔널,FOMO,partial,blocked,missing,excluded,ready,partial
003230,삼양식품,F06,partial,partial,partial,excluded,ready,partial
003230,삼양식품,F14,missing,blocked,missing,excluded,ready,partial
003230,삼양식품,F01,missing,blocked,missing,excluded,ready,partial
003230,삼양식품,F02,partial,partial,partial,excluded,ready,partial
003230,삼양식품,F03,partial,partial,partial,excluded,ready,partial
003230,삼양식품,F04,ready,partial,partial,excluded,ready,partial
003230,삼양식품,F09,ready,partial,partial,excluded,ready,partial
003230,삼양식품,F10,ready,partial,partial,excluded,ready,partial
003230,삼양식품,F16,missing,blocked,missing,excluded,ready,partial
003230,삼양식품,F05,partial,partial,partial,excluded,ready,partial
003230,삼양식품,F26,missing,blocked,missing,excluded,ready,partial
003230,삼양식품,F30,missing,partial,missing,excluded,ready,partial
003230,삼양식품,F15,missing,blocked,missing,excluded,ready,partial
003230,삼양식품,F35,partial,partial,partial,ready,ready,partial
003230,삼양식품,F36,partial,partial,partial,ready,ready,partial
003230,삼양식품,F07,partial,partial,partial,excluded,ready,partial
003230,삼양식품,F17,missing,blocked,missing,excluded,ready,partial
003230,삼양식품,F25,missing,blocked,missing,excluded,ready,partial
003230,삼양식품,F28,missing,blocked,missing,excluded,ready,partial
003230,삼양식품,F11,partial,partial,partial,ready,ready,partial
003230,삼양식품,F23,partial,ready,partial,excluded,ready,partial
003230,삼양식품,F19,missing,blocked,missing,excluded,ready,partial
003230,삼양식품,F31,missing,blocked,missing,excluded,ready,partial
003230,삼양식품,F34,missing,partial,missing,excluded,ready,partial
003230,삼양식품,F12,partial,partial,partial,excluded,ready,partial
003230,삼양식품,F13,partial,partial,partial,excluded,ready,partial
003230,삼양식품,F08,ready,blocked,partial,excluded,ready,partial
003230,삼양식품,F20,partial,partial,partial,excluded,ready,partial
003230,삼양식품,F33,missing,blocked,missing,excluded,ready,partial
003230,삼양식품,F29,missing,blocked,missing,excluded,ready,partial
003230,삼양식품,F27,missing,blocked,missing,excluded,ready,partial
003230,삼양식품,F32,missing,partial,missing,excluded,ready,partial
003230,삼양식품,F21,missing,blocked,missing,excluded,ready,partial
003230,삼양식품,F22,missing,blocked,missing,excluded,ready,partial
003230,삼양식품,F24,missing,blocked,missing,excluded,ready,partial
003230,삼양식품,F18,ready,ready,partial,excluded,ready,partial
003230,삼양식품,FOMO,partial,blocked,missing,excluded,ready,partial
259960,크래프톤,F06,partial,partial,partial,excluded,ready,partial
259960,크래프톤,F14,missing,blocked,missing,excluded,ready,partial
259960,크래프톤,F01,missing,blocked,missing,excluded,ready,partial
259960,크래프톤,F02,partial,partial,partial,excluded,ready,partial
259960,크래프톤,F03,partial,partial,partial,excluded,ready,partial
259960,크래프톤,F04,ready,partial,partial,excluded,ready,partial
259960,크래프톤,F09,ready,partial,partial,excluded,ready,partial
259960,크래프톤,F10,ready,partial,partial,excluded,ready,partial
259960,크래프톤,F16,missing,blocked,missing,excluded,ready,partial
259960,크래프톤,F05,partial,partial,partial,excluded,ready,partial
259960,크래프톤,F26,missing,blocked,missing,excluded,ready,partial
259960,크래프톤,F30,missing,partial,missing,excluded,ready,partial
259960,크래프톤,F15,missing,blocked,missing,excluded,ready,partial
259960,크래프톤,F35,partial,partial,partial,ready,ready,partial
259960,크래프톤,F36,partial,partial,partial,ready,ready,partial
259960,크래프톤,F07,partial,partial,partial,excluded,ready,partial
259960,크래프톤,F17,missing,blocked,missing,excluded,ready,partial
259960,크래프톤,F25,missing,blocked,missing,excluded,ready,partial
259960,크래프톤,F28,missing,blocked,missing,excluded,ready,partial
259960,크래프톤,F11,partial,partial,partial,ready,ready,partial
259960,크래프톤,F23,partial,ready,partial,excluded,ready,partial
259960,크래프톤,F19,missing,blocked,missing,excluded,ready,partial
259960,크래프톤,F31,missing,blocked,missing,excluded,ready,partial
259960,크래프톤,F34,missing,partial,missing,excluded,ready,partial
259960,크래프톤,F12,partial,partial,partial,excluded,ready,partial
259960,크래프톤,F13,partial,partial,partial,excluded,ready,partial
259960,크래프톤,F08,ready,blocked,partial,excluded,ready,partial
259960,크래프톤,F20,partial,partial,partial,excluded,ready,partial
259960,크래프톤,F33,missing,blocked,missing,excluded,ready,partial
259960,크래프톤,F29,missing,blocked,missing,excluded,ready,partial
259960,크래프톤,F27,missing,blocked,missing,excluded,ready,partial
259960,크래프톤,F32,missing,partial,missing,excluded,ready,partial
259960,크래프톤,F21,missing,blocked,missing,excluded,ready,partial
259960,크래프톤,F22,missing,blocked,missing,excluded,ready,partial
259960,크래프톤,F24,missing,blocked,missing,excluded,ready,partial
259960,크래프톤,F18,ready,ready,partial,excluded,ready,partial
259960,크래프톤,FOMO,partial,blocked,missing,excluded,ready,partial
021240,코웨이,F06,partial,partial,partial,excluded,ready,partial
021240,코웨이,F14,missing,blocked,missing,excluded,ready,partial
021240,코웨이,F01,missing,blocked,missing,excluded,ready,partial
021240,코웨이,F02,partial,partial,partial,excluded,ready,partial
021240,코웨이,F03,partial,partial,partial,excluded,ready,partial
021240,코웨이,F04,ready,partial,partial,excluded,ready,partial
021240,코웨이,F09,ready,partial,partial,excluded,ready,partial
021240,코웨이,F10,ready,partial,partial,excluded,ready,partial
021240,코웨이,F16,missing,blocked,missing,excluded,ready,partial
021240,코웨이,F05,partial,partial,partial,excluded,ready,partial
021240,코웨이,F26,missing,blocked,missing,excluded,ready,partial
021240,코웨이,F30,missing,partial,missing,excluded,ready,partial
021240,코웨이,F15,missing,blocked,missing,excluded,ready,partial
021240,코웨이,F35,partial,partial,partial,ready,ready,partial
021240,코웨이,F36,partial,partial,partial,ready,ready,partial
021240,코웨이,F07,partial,partial,partial,excluded,ready,partial
021240,코웨이,F17,missing,blocked,missing,excluded,ready,partial
021240,코웨이,F25,missing,blocked,missing,excluded,ready,partial
021240,코웨이,F28,missing,blocked,missing,excluded,ready,partial
021240,코웨이,F11,partial,partial,partial,ready,ready,partial
021240,코웨이,F23,partial,ready,partial,excluded,ready,partial
021240,코웨이,F19,missing,blocked,missing,excluded,ready,partial
021240,코웨이,F31,missing,blocked,missing,excluded,ready,partial
021240,코웨이,F34,missing,partial,missing,excluded,ready,partial
021240,코웨이,F12,partial,partial,partial,excluded,ready,partial
021240,코웨이,F13,partial,partial,partial,excluded,ready,partial
021240,코웨이,F08,ready,blocked,partial,excluded,ready,partial
021240,코웨이,F20,partial,partial,partial,excluded,ready,partial
021240,코웨이,F33,missing,blocked,missing,excluded,ready,partial
021240,코웨이,F29,missing,blocked,missing,excluded,ready,partial
021240,코웨이,F27,missing,blocked,missing,excluded,ready,partial
021240,코웨이,F32,missing,partial,missing,excluded,ready,partial
021240,코웨이,F21,missing,blocked,missing,excluded,ready,partial
021240,코웨이,F22,missing,blocked,missing,excluded,ready,partial
021240,코웨이,F24,missing,blocked,missing,excluded,ready,partial
021240,코웨이,F18,ready,ready,partial,excluded,ready,partial
021240,코웨이,FOMO,partial,blocked,missing,excluded,ready,partial
352820,하이브,F06,partial,partial,partial,excluded,ready,partial
352820,하이브,F14,missing,blocked,missing,excluded,ready,partial
352820,하이브,F01,missing,blocked,missing,excluded,ready,partial
352820,하이브,F02,partial,partial,partial,excluded,ready,partial
352820,하이브,F03,partial,partial,partial,excluded,ready,partial
352820,하이브,F04,ready,partial,partial,excluded,ready,partial
352820,하이브,F09,ready,partial,partial,excluded,ready,partial
352820,하이브,F10,ready,partial,partial,excluded,ready,partial
352820,하이브,F16,missing,blocked,missing,excluded,ready,partial
352820,하이브,F05,partial,partial,partial,excluded,ready,partial
352820,하이브,F26,missing,blocked,missing,excluded,ready,partial
352820,하이브,F30,missing,partial,missing,excluded,ready,partial
352820,하이브,F15,missing,blocked,missing,excluded,ready,partial
352820,하이브,F35,partial,partial,partial,ready,ready,partial
352820,하이브,F36,partial,partial,partial,ready,ready,partial
352820,하이브,F07,partial,partial,partial,excluded,ready,partial
352820,하이브,F17,missing,blocked,missing,excluded,ready,partial
352820,하이브,F25,missing,blocked,missing,excluded,ready,partial
352820,하이브,F28,missing,blocked,missing,excluded,ready,partial
352820,하이브,F11,partial,partial,partial,ready,ready,partial
352820,하이브,F23,partial,ready,partial,excluded,ready,partial
352820,하이브,F19,missing,blocked,missing,excluded,ready,partial
352820,하이브,F31,missing,blocked,missing,excluded,ready,partial
352820,하이브,F34,missing,partial,missing,excluded,ready,partial
352820,하이브,F12,partial,partial,partial,excluded,ready,partial
352820,하이브,F13,partial,partial,partial,excluded,ready,partial
352820,하이브,F08,ready,blocked,partial,excluded,ready,partial
352820,하이브,F20,partial,partial,partial,excluded,ready,partial
352820,하이브,F33,missing,blocked,missing,excluded,ready,partial
352820,하이브,F29,missing,blocked,missing,excluded,ready,partial
352820,하이브,F27,missing,blocked,missing,excluded,ready,partial
352820,하이브,F32,missing,partial,missing,excluded,ready,partial
352820,하이브,F21,missing,blocked,missing,excluded,ready,partial
352820,하이브,F22,missing,blocked,missing,excluded,ready,partial
352820,하이브,F24,missing,blocked,missing,excluded,ready,partial
352820,하이브,F18,ready,ready,partial,excluded,ready,partial
352820,하이브,FOMO,partial,blocked,missing,excluded,ready,partial
009830,한화솔루션,F06,partial,partial,partial,excluded,ready,partial
009830,한화솔루션,F14,missing,blocked,missing,excluded,ready,partial
009830,한화솔루션,F01,missing,blocked,missing,excluded,ready,partial
009830,한화솔루션,F02,partial,partial,partial,excluded,ready,partial
009830,한화솔루션,F03,partial,partial,partial,excluded,ready,partial
009830,한화솔루션,F04,ready,partial,partial,excluded,ready,partial
009830,한화솔루션,F09,ready,partial,partial,excluded,ready,partial
009830,한화솔루션,F10,ready,partial,partial,excluded,ready,partial
009830,한화솔루션,F16,missing,blocked,missing,excluded,ready,partial
009830,한화솔루션,F05,partial,partial,partial,excluded,ready,partial
009830,한화솔루션,F26,missing,blocked,missing,excluded,ready,partial
009830,한화솔루션,F30,missing,partial,missing,excluded,ready,partial
009830,한화솔루션,F15,missing,blocked,missing,excluded,ready,partial
009830,한화솔루션,F35,partial,partial,partial,ready,ready,partial
009830,한화솔루션,F36,partial,partial,partial,ready,ready,partial
009830,한화솔루션,F07,partial,partial,partial,excluded,ready,partial
009830,한화솔루션,F17,missing,blocked,missing,excluded,ready,partial
009830,한화솔루션,F25,missing,blocked,missing,excluded,ready,partial
009830,한화솔루션,F28,missing,blocked,missing,excluded,ready,partial
009830,한화솔루션,F11,partial,partial,partial,ready,ready,partial
009830,한화솔루션,F23,partial,ready,partial,excluded,ready,partial
009830,한화솔루션,F19,missing,blocked,missing,excluded,ready,partial
009830,한화솔루션,F31,missing,blocked,missing,excluded,ready,partial
009830,한화솔루션,F34,missing,partial,missing,excluded,ready,partial
009830,한화솔루션,F12,partial,partial,partial,excluded,ready,partial
009830,한화솔루션,F13,partial,partial,partial,excluded,ready,partial
009830,한화솔루션,F08,ready,blocked,partial,excluded,ready,partial
009830,한화솔루션,F20,partial,partial,partial,excluded,ready,partial
009830,한화솔루션,F33,missing,blocked,missing,excluded,ready,partial
009830,한화솔루션,F29,missing,blocked,missing,excluded,ready,partial
009830,한화솔루션,F27,missing,blocked,missing,excluded,ready,partial
009830,한화솔루션,F32,missing,partial,missing,excluded,ready,partial
009830,한화솔루션,F21,missing,blocked,missing,excluded,ready,partial
009830,한화솔루션,F22,missing,blocked,missing,excluded,ready,partial
009830,한화솔루션,F24,missing,blocked,missing,excluded,ready,partial
009830,한화솔루션,F18,ready,ready,partial,excluded,ready,partial
009830,한화솔루션,FOMO,partial,blocked,missing,excluded,ready,partial
029780,삼성카드,F06,partial,partial,partial,excluded,ready,partial
029780,삼성카드,F14,missing,blocked,missing,excluded,ready,partial
029780,삼성카드,F01,missing,blocked,missing,excluded,ready,partial
029780,삼성카드,F02,partial,partial,partial,excluded,ready,partial
029780,삼성카드,F03,partial,partial,partial,excluded,ready,partial
029780,삼성카드,F04,ready,partial,partial,excluded,ready,partial
029780,삼성카드,F09,ready,partial,partial,excluded,ready,partial
029780,삼성카드,F10,ready,partial,partial,excluded,ready,partial
029780,삼성카드,F16,missing,blocked,missing,excluded,ready,partial
029780,삼성카드,F05,partial,partial,partial,excluded,ready,partial
029780,삼성카드,F26,missing,blocked,missing,excluded,ready,partial
029780,삼성카드,F30,missing,partial,missing,excluded,ready,partial
029780,삼성카드,F15,missing,blocked,missing,excluded,ready,partial
029780,삼성카드,F35,partial,partial,partial,ready,ready,partial
029780,삼성카드,F36,partial,partial,partial,ready,ready,partial
029780,삼성카드,F07,partial,partial,partial,excluded,ready,partial
029780,삼성카드,F17,missing,blocked,missing,excluded,ready,partial
029780,삼성카드,F25,missing,blocked,missing,excluded,ready,partial
029780,삼성카드,F28,missing,blocked,missing,excluded,ready,partial
029780,삼성카드,F11,partial,partial,partial,ready,ready,partial
029780,삼성카드,F23,partial,ready,partial,excluded,ready,partial
029780,삼성카드,F19,missing,blocked,missing,excluded,ready,partial
029780,삼성카드,F31,missing,blocked,missing,excluded,ready,partial
029780,삼성카드,F34,missing,partial,missing,excluded,ready,partial
029780,삼성카드,F12,partial,partial,partial,excluded,ready,partial
029780,삼성카드,F13,partial,partial,partial,excluded,ready,partial
029780,삼성카드,F08,ready,blocked,partial,excluded,ready,partial
029780,삼성카드,F20,partial,partial,partial,excluded,ready,partial
029780,삼성카드,F33,missing,blocked,missing,excluded,ready,partial
029780,삼성카드,F29,missing,blocked,missing,excluded,ready,partial
029780,삼성카드,F27,missing,blocked,missing,excluded,ready,partial
029780,삼성카드,F32,missing,partial,missing,excluded,ready,partial
029780,삼성카드,F21,missing,blocked,missing,excluded,ready,partial
029780,삼성카드,F22,missing,blocked,missing,excluded,ready,partial
029780,삼성카드,F24,missing,blocked,missing,excluded,ready,partial
029780,삼성카드,F18,ready,ready,partial,excluded,ready,partial
029780,삼성카드,FOMO,partial,blocked,missing,excluded,ready,partial
028300,HLB,F06,partial,partial,partial,excluded,ready,partial
028300,HLB,F14,missing,blocked,missing,excluded,ready,partial
028300,HLB,F01,missing,blocked,missing,excluded,ready,partial
028300,HLB,F02,partial,partial,partial,excluded,ready,partial
028300,HLB,F03,partial,partial,partial,excluded,ready,partial
028300,HLB,F04,ready,partial,partial,excluded,ready,partial
028300,HLB,F09,ready,partial,partial,excluded,ready,partial
028300,HLB,F10,ready,partial,partial,excluded,ready,partial
028300,HLB,F16,missing,blocked,missing,excluded,ready,partial
028300,HLB,F05,partial,partial,partial,excluded,ready,partial
028300,HLB,F26,missing,blocked,missing,excluded,ready,partial
028300,HLB,F30,missing,partial,missing,excluded,ready,partial
028300,HLB,F15,missing,blocked,missing,excluded,ready,partial
028300,HLB,F35,partial,partial,partial,ready,ready,partial
028300,HLB,F36,partial,partial,partial,ready,ready,partial
028300,HLB,F07,partial,partial,partial,excluded,ready,partial
028300,HLB,F17,missing,blocked,missing,excluded,ready,partial
028300,HLB,F25,missing,blocked,missing,excluded,ready,partial
028300,HLB,F28,missing,blocked,missing,excluded,ready,partial
028300,HLB,F11,partial,partial,partial,ready,ready,partial
028300,HLB,F23,partial,ready,partial,excluded,ready,partial
028300,HLB,F19,missing,blocked,missing,excluded,ready,partial
028300,HLB,F31,missing,blocked,missing,excluded,ready,partial
028300,HLB,F34,missing,partial,missing,excluded,ready,partial
028300,HLB,F12,partial,partial,partial,excluded,ready,partial
028300,HLB,F13,partial,partial,partial,excluded,ready,partial
028300,HLB,F08,ready,blocked,partial,excluded,ready,partial
028300,HLB,F20,partial,partial,partial,excluded,ready,partial
028300,HLB,F33,missing,blocked,missing,excluded,ready,partial
028300,HLB,F29,missing,blocked,missing,excluded,ready,partial
028300,HLB,F27,missing,blocked,missing,excluded,ready,partial
028300,HLB,F32,missing,partial,missing,excluded,ready,partial
028300,HLB,F21,missing,blocked,missing,excluded,ready,partial
028300,HLB,F22,missing,blocked,missing,excluded,ready,partial
028300,HLB,F24,missing,blocked,missing,excluded,ready,partial
028300,HLB,F18,ready,ready,partial,excluded,ready,partial
028300,HLB,FOMO,partial,blocked,missing,excluded,ready,partial
034220,LG디스플레이,F06,partial,partial,partial,excluded,ready,partial
034220,LG디스플레이,F14,missing,blocked,missing,excluded,ready,partial
034220,LG디스플레이,F01,missing,blocked,missing,excluded,ready,partial
034220,LG디스플레이,F02,partial,partial,partial,excluded,ready,partial
034220,LG디스플레이,F03,partial,partial,partial,excluded,ready,partial
034220,LG디스플레이,F04,ready,partial,partial,excluded,ready,partial
034220,LG디스플레이,F09,ready,partial,partial,excluded,ready,partial
034220,LG디스플레이,F10,ready,partial,partial,excluded,ready,partial
034220,LG디스플레이,F16,missing,blocked,missing,excluded,ready,partial
034220,LG디스플레이,F05,partial,partial,partial,excluded,ready,partial
034220,LG디스플레이,F26,missing,blocked,missing,excluded,ready,partial
034220,LG디스플레이,F30,missing,partial,missing,excluded,ready,partial
034220,LG디스플레이,F15,missing,blocked,missing,excluded,ready,partial
034220,LG디스플레이,F35,partial,partial,partial,ready,ready,partial
034220,LG디스플레이,F36,partial,partial,partial,ready,ready,partial
034220,LG디스플레이,F07,partial,partial,partial,excluded,ready,partial
034220,LG디스플레이,F17,missing,blocked,missing,excluded,ready,partial
034220,LG디스플레이,F25,missing,blocked,missing,excluded,ready,partial
034220,LG디스플레이,F28,missing,blocked,missing,excluded,ready,partial
034220,LG디스플레이,F11,partial,partial,partial,ready,ready,partial
034220,LG디스플레이,F23,partial,ready,partial,excluded,ready,partial
034220,LG디스플레이,F19,missing,blocked,missing,excluded,ready,partial
034220,LG디스플레이,F31,missing,blocked,missing,excluded,ready,partial
034220,LG디스플레이,F34,missing,partial,missing,excluded,ready,partial
034220,LG디스플레이,F12,partial,partial,partial,excluded,ready,partial
034220,LG디스플레이,F13,partial,partial,partial,excluded,ready,partial
034220,LG디스플레이,F08,ready,blocked,partial,excluded,ready,partial
034220,LG디스플레이,F20,partial,partial,partial,excluded,ready,partial
034220,LG디스플레이,F33,missing,blocked,missing,excluded,ready,partial
034220,LG디스플레이,F29,missing,blocked,missing,excluded,ready,partial
034220,LG디스플레이,F27,missing,blocked,missing,excluded,ready,partial
034220,LG디스플레이,F32,missing,partial,missing,excluded,ready,partial
034220,LG디스플레이,F21,missing,blocked,missing,excluded,ready,partial
034220,LG디스플레이,F22,missing,blocked,missing,excluded,ready,partial
034220,LG디스플레이,F24,missing,blocked,missing,excluded,ready,partial
034220,LG디스플레이,F18,ready,ready,partial,excluded,ready,partial
034220,LG디스플레이,FOMO,partial,blocked,missing,excluded,ready,partial
002380,KCC,F06,partial,partial,partial,excluded,ready,partial
002380,KCC,F14,missing,blocked,missing,excluded,ready,partial
002380,KCC,F01,missing,blocked,missing,excluded,ready,partial
002380,KCC,F02,partial,partial,partial,excluded,ready,partial
002380,KCC,F03,partial,partial,partial,excluded,ready,partial
002380,KCC,F04,ready,partial,partial,excluded,ready,partial
002380,KCC,F09,ready,partial,partial,excluded,ready,partial
002380,KCC,F10,ready,partial,partial,excluded,ready,partial
002380,KCC,F16,missing,blocked,missing,excluded,ready,partial
002380,KCC,F05,partial,partial,partial,excluded,ready,partial
002380,KCC,F26,missing,blocked,missing,excluded,ready,partial
002380,KCC,F30,missing,partial,missing,excluded,ready,partial
002380,KCC,F15,missing,blocked,missing,excluded,ready,partial
002380,KCC,F35,partial,partial,partial,ready,ready,partial
002380,KCC,F36,partial,partial,partial,ready,ready,partial
002380,KCC,F07,partial,partial,partial,excluded,ready,partial
002380,KCC,F17,missing,blocked,missing,excluded,ready,partial
002380,KCC,F25,missing,blocked,missing,excluded,ready,partial
002380,KCC,F28,missing,blocked,missing,excluded,ready,partial
002380,KCC,F11,partial,partial,partial,ready,ready,partial
002380,KCC,F23,partial,ready,partial,excluded,ready,partial
002380,KCC,F19,missing,blocked,missing,excluded,ready,partial
002380,KCC,F31,missing,blocked,missing,excluded,ready,partial
002380,KCC,F34,missing,partial,missing,excluded,ready,partial
002380,KCC,F12,partial,partial,partial,excluded,ready,partial
002380,KCC,F13,partial,partial,partial,excluded,ready,partial
002380,KCC,F08,ready,blocked,partial,excluded,ready,partial
002380,KCC,F20,partial,partial,partial,excluded,ready,partial
002380,KCC,F33,missing,blocked,missing,excluded,ready,partial
002380,KCC,F29,missing,blocked,missing,excluded,ready,partial
002380,KCC,F27,missing,blocked,missing,excluded,ready,partial
002380,KCC,F32,missing,partial,missing,excluded,ready,partial
002380,KCC,F21,missing,blocked,missing,excluded,ready,partial
002380,KCC,F22,missing,blocked,missing,excluded,ready,partial
002380,KCC,F24,missing,blocked,missing,excluded,ready,partial
002380,KCC,F18,ready,ready,partial,excluded,ready,partial
002380,KCC,FOMO,partial,blocked,missing,excluded,ready,partial
036460,한국가스공사,F06,partial,partial,partial,excluded,ready,partial
036460,한국가스공사,F14,missing,blocked,missing,excluded,ready,partial
036460,한국가스공사,F01,missing,blocked,missing,excluded,ready,partial
036460,한국가스공사,F02,partial,partial,partial,excluded,ready,partial
036460,한국가스공사,F03,partial,partial,partial,excluded,ready,partial
036460,한국가스공사,F04,ready,partial,partial,excluded,ready,partial
036460,한국가스공사,F09,ready,partial,partial,excluded,ready,partial
036460,한국가스공사,F10,ready,partial,partial,excluded,ready,partial
036460,한국가스공사,F16,missing,blocked,missing,excluded,ready,partial
036460,한국가스공사,F05,partial,partial,partial,excluded,ready,partial
036460,한국가스공사,F26,missing,blocked,missing,excluded,ready,partial
036460,한국가스공사,F30,missing,partial,missing,excluded,ready,partial
036460,한국가스공사,F15,missing,blocked,missing,excluded,ready,partial
036460,한국가스공사,F35,partial,partial,partial,ready,ready,partial
036460,한국가스공사,F36,partial,partial,partial,ready,ready,partial
036460,한국가스공사,F07,partial,partial,partial,excluded,ready,partial
036460,한국가스공사,F17,missing,blocked,missing,excluded,ready,partial
036460,한국가스공사,F25,missing,blocked,missing,excluded,ready,partial
036460,한국가스공사,F28,missing,blocked,missing,excluded,ready,partial
036460,한국가스공사,F11,partial,partial,partial,ready,ready,partial
036460,한국가스공사,F23,partial,ready,partial,excluded,ready,partial
036460,한국가스공사,F19,missing,blocked,missing,excluded,ready,partial
036460,한국가스공사,F31,missing,blocked,missing,excluded,ready,partial
036460,한국가스공사,F34,missing,partial,missing,excluded,ready,partial
036460,한국가스공사,F12,partial,partial,partial,excluded,ready,partial
036460,한국가스공사,F13,partial,partial,partial,excluded,ready,partial
036460,한국가스공사,F08,ready,blocked,partial,excluded,ready,partial
036460,한국가스공사,F20,partial,partial,partial,excluded,ready,partial
036460,한국가스공사,F33,missing,blocked,missing,excluded,ready,partial
036460,한국가스공사,F29,missing,blocked,missing,excluded,ready,partial
036460,한국가스공사,F27,missing,blocked,missing,excluded,ready,partial
036460,한국가스공사,F32,missing,partial,missing,excluded,ready,partial
036460,한국가스공사,F21,missing,blocked,missing,excluded,ready,partial
036460,한국가스공사,F22,missing,blocked,missing,excluded,ready,partial
036460,한국가스공사,F24,missing,blocked,missing,excluded,ready,partial
036460,한국가스공사,F18,ready,ready,partial,excluded,ready,partial
036460,한국가스공사,FOMO,partial,blocked,missing,excluded,ready,partial
004170,신세계,F06,partial,partial,partial,excluded,ready,partial
004170,신세계,F14,missing,blocked,missing,excluded,ready,partial
004170,신세계,F01,missing,blocked,missing,excluded,ready,partial
004170,신세계,F02,partial,partial,partial,excluded,ready,partial
004170,신세계,F03,partial,partial,partial,excluded,ready,partial
004170,신세계,F04,ready,partial,partial,excluded,ready,partial
004170,신세계,F09,ready,partial,partial,excluded,ready,partial
004170,신세계,F10,ready,partial,partial,excluded,ready,partial
004170,신세계,F16,missing,blocked,missing,excluded,ready,partial
004170,신세계,F05,partial,partial,partial,excluded,ready,partial
004170,신세계,F26,missing,blocked,missing,excluded,ready,partial
004170,신세계,F30,missing,partial,missing,excluded,ready,partial
004170,신세계,F15,missing,blocked,missing,excluded,ready,partial
004170,신세계,F35,partial,partial,partial,ready,ready,partial
004170,신세계,F36,partial,partial,partial,ready,ready,partial
004170,신세계,F07,partial,partial,partial,excluded,ready,partial
004170,신세계,F17,missing,blocked,missing,excluded,ready,partial
004170,신세계,F25,missing,blocked,missing,excluded,ready,partial
004170,신세계,F28,missing,blocked,missing,excluded,ready,partial
004170,신세계,F11,partial,partial,partial,ready,ready,partial
004170,신세계,F23,partial,ready,partial,excluded,ready,partial
004170,신세계,F19,missing,blocked,missing,excluded,ready,partial
004170,신세계,F31,missing,blocked,missing,excluded,ready,partial
004170,신세계,F34,missing,partial,missing,excluded,ready,partial
004170,신세계,F12,partial,partial,partial,excluded,ready,partial
004170,신세계,F13,partial,partial,partial,excluded,ready,partial
004170,신세계,F08,ready,blocked,partial,excluded,ready,partial
004170,신세계,F20,partial,partial,partial,excluded,ready,partial
004170,신세계,F33,missing,blocked,missing,excluded,ready,partial
004170,신세계,F29,missing,blocked,missing,excluded,ready,partial
004170,신세계,F27,missing,blocked,missing,excluded,ready,partial
004170,신세계,F32,missing,partial,missing,excluded,ready,partial
004170,신세계,F21,missing,blocked,missing,excluded,ready,partial
004170,신세계,F22,missing,blocked,missing,excluded,ready,partial
004170,신세계,F24,missing,blocked,missing,excluded,ready,partial
004170,신세계,F18,ready,ready,partial,excluded,ready,partial
004170,신세계,FOMO,partial,blocked,missing,excluded,ready,partial
012750,에스원,F06,partial,partial,partial,excluded,ready,partial
012750,에스원,F14,missing,blocked,missing,excluded,ready,partial
012750,에스원,F01,missing,blocked,missing,excluded,ready,partial
012750,에스원,F02,partial,partial,partial,excluded,ready,partial
012750,에스원,F03,partial,partial,partial,excluded,ready,partial
012750,에스원,F04,ready,partial,partial,excluded,ready,partial
012750,에스원,F09,ready,partial,partial,excluded,ready,partial
012750,에스원,F10,ready,partial,partial,excluded,ready,partial
012750,에스원,F16,missing,blocked,missing,excluded,ready,partial
012750,에스원,F05,partial,partial,partial,excluded,ready,partial
012750,에스원,F26,missing,blocked,missing,excluded,ready,partial
012750,에스원,F30,missing,partial,missing,excluded,ready,partial
012750,에스원,F15,missing,blocked,missing,excluded,ready,partial
012750,에스원,F35,partial,partial,partial,ready,ready,partial
012750,에스원,F36,partial,partial,partial,ready,ready,partial
012750,에스원,F07,partial,partial,partial,excluded,ready,partial
012750,에스원,F17,missing,blocked,missing,excluded,ready,partial
012750,에스원,F25,missing,blocked,missing,excluded,ready,partial
012750,에스원,F28,missing,blocked,missing,excluded,ready,partial
012750,에스원,F11,partial,partial,partial,ready,ready,partial
012750,에스원,F23,partial,ready,partial,excluded,ready,partial
012750,에스원,F19,missing,blocked,missing,excluded,ready,partial
012750,에스원,F31,missing,blocked,missing,excluded,ready,partial
012750,에스원,F34,missing,partial,missing,excluded,ready,partial
012750,에스원,F12,partial,partial,partial,excluded,ready,partial
012750,에스원,F13,partial,partial,partial,excluded,ready,partial
012750,에스원,F08,ready,blocked,partial,excluded,ready,partial
012750,에스원,F20,partial,partial,partial,excluded,ready,partial
012750,에스원,F33,missing,blocked,missing,excluded,ready,partial
012750,에스원,F29,missing,blocked,missing,excluded,ready,partial
012750,에스원,F27,missing,blocked,missing,excluded,ready,partial
012750,에스원,F32,missing,partial,missing,excluded,ready,partial
012750,에스원,F21,missing,blocked,missing,excluded,ready,partial
012750,에스원,F22,missing,blocked,missing,excluded,ready,partial
012750,에스원,F24,missing,blocked,missing,excluded,ready,partial
012750,에스원,F18,ready,ready,partial,excluded,ready,partial
012750,에스원,FOMO,partial,blocked,missing,excluded,ready,partial
111770,영원무역,F06,partial,partial,partial,excluded,ready,partial
111770,영원무역,F14,missing,blocked,missing,excluded,ready,partial
111770,영원무역,F01,missing,blocked,missing,excluded,ready,partial
111770,영원무역,F02,partial,partial,partial,excluded,ready,partial
111770,영원무역,F03,partial,partial,partial,excluded,ready,partial
111770,영원무역,F04,ready,partial,partial,excluded,ready,partial
111770,영원무역,F09,ready,partial,partial,excluded,ready,partial
111770,영원무역,F10,ready,partial,partial,excluded,ready,partial
111770,영원무역,F16,missing,blocked,missing,excluded,ready,partial
111770,영원무역,F05,partial,partial,partial,excluded,ready,partial
111770,영원무역,F26,missing,blocked,missing,excluded,ready,partial
111770,영원무역,F30,missing,partial,missing,excluded,ready,partial
111770,영원무역,F15,missing,blocked,missing,excluded,ready,partial
111770,영원무역,F35,partial,partial,partial,ready,ready,partial
111770,영원무역,F36,partial,partial,partial,ready,ready,partial
111770,영원무역,F07,partial,partial,partial,excluded,ready,partial
111770,영원무역,F17,missing,blocked,missing,excluded,ready,partial
111770,영원무역,F25,missing,blocked,missing,excluded,ready,partial
111770,영원무역,F28,missing,blocked,missing,excluded,ready,partial
111770,영원무역,F11,partial,partial,partial,ready,ready,partial
111770,영원무역,F23,partial,ready,partial,excluded,ready,partial
111770,영원무역,F19,missing,blocked,missing,excluded,ready,partial
111770,영원무역,F31,missing,blocked,missing,excluded,ready,partial
111770,영원무역,F34,missing,partial,missing,excluded,ready,partial
111770,영원무역,F12,partial,partial,partial,excluded,ready,partial
111770,영원무역,F13,partial,partial,partial,excluded,ready,partial
111770,영원무역,F08,ready,blocked,partial,excluded,ready,partial
111770,영원무역,F20,partial,partial,partial,excluded,ready,partial
111770,영원무역,F33,missing,blocked,missing,excluded,ready,partial
111770,영원무역,F29,missing,blocked,missing,excluded,ready,partial
111770,영원무역,F27,missing,blocked,missing,excluded,ready,partial
111770,영원무역,F32,missing,partial,missing,excluded,ready,partial
111770,영원무역,F21,missing,blocked,missing,excluded,ready,partial
111770,영원무역,F22,missing,blocked,missing,excluded,ready,partial
111770,영원무역,F24,missing,blocked,missing,excluded,ready,partial
111770,영원무역,F18,ready,ready,partial,excluded,ready,partial
111770,영원무역,FOMO,partial,blocked,missing,excluded,ready,partial
035250,강원랜드,F06,partial,partial,partial,excluded,ready,partial
035250,강원랜드,F14,missing,blocked,missing,excluded,ready,partial
035250,강원랜드,F01,missing,blocked,missing,excluded,ready,partial
035250,강원랜드,F02,partial,partial,partial,excluded,ready,partial
035250,강원랜드,F03,partial,partial,partial,excluded,ready,partial
035250,강원랜드,F04,ready,partial,partial,excluded,ready,partial
035250,강원랜드,F09,ready,partial,partial,excluded,ready,partial
035250,강원랜드,F10,ready,partial,partial,excluded,ready,partial
035250,강원랜드,F16,missing,blocked,missing,excluded,ready,partial
035250,강원랜드,F05,partial,partial,partial,excluded,ready,partial
035250,강원랜드,F26,missing,blocked,missing,excluded,ready,partial
035250,강원랜드,F30,missing,partial,missing,excluded,ready,partial
035250,강원랜드,F15,missing,blocked,missing,excluded,ready,partial
035250,강원랜드,F35,partial,partial,partial,ready,ready,partial
035250,강원랜드,F36,partial,partial,partial,ready,ready,partial
035250,강원랜드,F07,partial,partial,partial,excluded,ready,partial
035250,강원랜드,F17,missing,blocked,missing,excluded,ready,partial
035250,강원랜드,F25,missing,blocked,missing,excluded,ready,partial
035250,강원랜드,F28,missing,blocked,missing,excluded,ready,partial
035250,강원랜드,F11,partial,partial,partial,ready,ready,partial
035250,강원랜드,F23,partial,ready,partial,excluded,ready,partial
035250,강원랜드,F19,missing,blocked,missing,excluded,ready,partial
035250,강원랜드,F31,missing,blocked,missing,excluded,ready,partial
035250,강원랜드,F34,missing,partial,missing,excluded,ready,partial
035250,강원랜드,F12,partial,partial,partial,excluded,ready,partial
035250,강원랜드,F13,partial,partial,partial,excluded,ready,partial
035250,강원랜드,F08,ready,blocked,partial,excluded,ready,partial
035250,강원랜드,F20,partial,partial,partial,excluded,ready,partial
035250,강원랜드,F33,missing,blocked,missing,excluded,ready,partial
035250,강원랜드,F29,missing,blocked,missing,excluded,ready,partial
035250,강원랜드,F27,missing,blocked,missing,excluded,ready,partial
035250,강원랜드,F32,missing,partial,missing,excluded,ready,partial
035250,강원랜드,F21,missing,blocked,missing,excluded,ready,partial
035250,강원랜드,F22,missing,blocked,missing,excluded,ready,partial
035250,강원랜드,F24,missing,blocked,missing,excluded,ready,partial
035250,강원랜드,F18,ready,ready,partial,excluded,ready,partial
035250,강원랜드,FOMO,partial,blocked,missing,excluded,ready,partial
257720,실리콘투,F06,partial,partial,partial,excluded,ready,partial
257720,실리콘투,F14,missing,blocked,missing,excluded,ready,partial
257720,실리콘투,F01,missing,blocked,missing,excluded,ready,partial
257720,실리콘투,F02,partial,partial,partial,excluded,ready,partial
257720,실리콘투,F03,partial,partial,partial,excluded,ready,partial
257720,실리콘투,F04,ready,partial,partial,excluded,ready,partial
257720,실리콘투,F09,ready,partial,partial,excluded,ready,partial
257720,실리콘투,F10,ready,partial,partial,excluded,ready,partial
257720,실리콘투,F16,missing,blocked,missing,excluded,ready,partial
257720,실리콘투,F05,partial,partial,partial,excluded,ready,partial
257720,실리콘투,F26,missing,blocked,missing,excluded,ready,partial
257720,실리콘투,F30,missing,partial,missing,excluded,ready,partial
257720,실리콘투,F15,missing,blocked,missing,excluded,ready,partial
257720,실리콘투,F35,partial,partial,partial,ready,ready,partial
257720,실리콘투,F36,partial,partial,partial,ready,ready,partial
257720,실리콘투,F07,partial,partial,partial,excluded,ready,partial
257720,실리콘투,F17,missing,blocked,missing,excluded,ready,partial
257720,실리콘투,F25,missing,blocked,missing,excluded,ready,partial
257720,실리콘투,F28,missing,blocked,missing,excluded,ready,partial
257720,실리콘투,F11,partial,partial,partial,ready,ready,partial
257720,실리콘투,F23,partial,ready,partial,excluded,ready,partial
257720,실리콘투,F19,missing,blocked,missing,excluded,ready,partial
257720,실리콘투,F31,missing,blocked,missing,excluded,ready,partial
257720,실리콘투,F34,missing,partial,missing,excluded,ready,partial
257720,실리콘투,F12,partial,partial,partial,excluded,ready,partial
257720,실리콘투,F13,partial,partial,partial,excluded,ready,partial
257720,실리콘투,F08,ready,blocked,partial,excluded,ready,partial
257720,실리콘투,F20,partial,partial,partial,excluded,ready,partial
257720,실리콘투,F33,missing,blocked,missing,excluded,ready,partial
257720,실리콘투,F29,missing,blocked,missing,excluded,ready,partial
257720,실리콘투,F27,missing,blocked,missing,excluded,ready,partial
257720,실리콘투,F32,missing,partial,missing,excluded,ready,partial
257720,실리콘투,F21,missing,blocked,missing,excluded,ready,partial
257720,실리콘투,F22,missing,blocked,missing,excluded,ready,partial
257720,실리콘투,F24,missing,blocked,missing,excluded,ready,partial
257720,실리콘투,F18,ready,ready,partial,excluded,ready,partial
257720,실리콘투,FOMO,partial,blocked,missing,excluded,ready,partial
226950,올릭스,F06,partial,partial,partial,excluded,ready,partial
226950,올릭스,F14,missing,blocked,missing,excluded,ready,partial
226950,올릭스,F01,missing,blocked,missing,excluded,ready,partial
226950,올릭스,F02,partial,partial,partial,excluded,ready,partial
226950,올릭스,F03,partial,partial,partial,excluded,ready,partial
226950,올릭스,F04,ready,partial,partial,excluded,ready,partial
226950,올릭스,F09,ready,partial,partial,excluded,ready,partial
226950,올릭스,F10,ready,partial,partial,excluded,ready,partial
226950,올릭스,F16,missing,blocked,missing,excluded,ready,partial
226950,올릭스,F05,partial,partial,partial,excluded,ready,partial
226950,올릭스,F26,missing,blocked,missing,excluded,ready,partial
226950,올릭스,F30,missing,partial,missing,excluded,ready,partial
226950,올릭스,F15,missing,blocked,missing,excluded,ready,partial
226950,올릭스,F35,partial,partial,partial,ready,ready,partial
226950,올릭스,F36,partial,partial,partial,ready,ready,partial
226950,올릭스,F07,partial,partial,partial,excluded,ready,partial
226950,올릭스,F17,missing,blocked,missing,excluded,ready,partial
226950,올릭스,F25,missing,blocked,missing,excluded,ready,partial
226950,올릭스,F28,missing,blocked,missing,excluded,ready,partial
226950,올릭스,F11,partial,partial,partial,ready,ready,partial
226950,올릭스,F23,partial,ready,partial,excluded,ready,partial
226950,올릭스,F19,missing,blocked,missing,excluded,ready,partial
226950,올릭스,F31,missing,blocked,missing,excluded,ready,partial
226950,올릭스,F34,missing,partial,missing,excluded,ready,partial
226950,올릭스,F12,partial,partial,partial,excluded,ready,partial
226950,올릭스,F13,partial,partial,partial,excluded,ready,partial
226950,올릭스,F08,ready,blocked,partial,excluded,ready,partial
226950,올릭스,F20,partial,partial,partial,excluded,ready,partial
226950,올릭스,F33,missing,blocked,missing,excluded,ready,partial
226950,올릭스,F29,missing,blocked,missing,excluded,ready,partial
226950,올릭스,F27,missing,blocked,missing,excluded,ready,partial
226950,올릭스,F32,missing,partial,missing,excluded,ready,partial
226950,올릭스,F21,missing,blocked,missing,excluded,ready,partial
226950,올릭스,F22,missing,blocked,missing,excluded,ready,partial
226950,올릭스,F24,missing,blocked,missing,excluded,ready,partial
226950,올릭스,F18,ready,ready,partial,excluded,ready,partial
226950,올릭스,FOMO,partial,blocked,missing,excluded,ready,partial
010170,대한광통신,F06,partial,partial,partial,excluded,ready,partial
010170,대한광통신,F14,missing,blocked,missing,excluded,ready,partial
010170,대한광통신,F01,missing,blocked,missing,excluded,ready,partial
010170,대한광통신,F02,partial,partial,partial,excluded,ready,partial
010170,대한광통신,F03,partial,partial,partial,excluded,ready,partial
010170,대한광통신,F04,ready,partial,partial,excluded,ready,partial
010170,대한광통신,F09,ready,partial,partial,excluded,ready,partial
010170,대한광통신,F10,ready,partial,partial,excluded,ready,partial
010170,대한광통신,F16,missing,blocked,missing,excluded,ready,partial
010170,대한광통신,F05,partial,partial,partial,excluded,ready,partial
010170,대한광통신,F26,missing,blocked,missing,excluded,ready,partial
010170,대한광통신,F30,missing,partial,missing,excluded,ready,partial
010170,대한광통신,F15,missing,blocked,missing,excluded,ready,partial
010170,대한광통신,F35,partial,partial,partial,ready,ready,partial
010170,대한광통신,F36,partial,partial,partial,ready,ready,partial
010170,대한광통신,F07,partial,partial,partial,excluded,ready,partial
010170,대한광통신,F17,missing,blocked,missing,excluded,ready,partial
010170,대한광통신,F25,missing,blocked,missing,excluded,ready,partial
010170,대한광통신,F28,missing,blocked,missing,excluded,ready,partial
010170,대한광통신,F11,partial,partial,partial,ready,ready,partial
010170,대한광통신,F23,partial,ready,partial,excluded,ready,partial
010170,대한광통신,F19,missing,blocked,missing,excluded,ready,partial
010170,대한광통신,F31,missing,blocked,missing,excluded,ready,partial
010170,대한광통신,F34,missing,partial,missing,excluded,ready,partial
010170,대한광통신,F12,partial,partial,partial,excluded,ready,partial
010170,대한광통신,F13,partial,partial,partial,excluded,ready,partial
010170,대한광통신,F08,ready,blocked,partial,excluded,ready,partial
010170,대한광통신,F20,partial,partial,partial,excluded,ready,partial
010170,대한광통신,F33,missing,blocked,missing,excluded,ready,partial
010170,대한광통신,F29,missing,blocked,missing,excluded,ready,partial
010170,대한광통신,F27,missing,blocked,missing,excluded,ready,partial
010170,대한광통신,F32,missing,partial,missing,excluded,ready,partial
010170,대한광통신,F21,missing,blocked,missing,excluded,ready,partial
010170,대한광통신,F22,missing,blocked,missing,excluded,ready,partial
010170,대한광통신,F24,missing,blocked,missing,excluded,ready,partial
010170,대한광통신,F18,ready,ready,partial,excluded,ready,partial
010170,대한광통신,FOMO,partial,blocked,missing,excluded,ready,partial
214370,케어젠,F06,partial,partial,partial,excluded,ready,partial
214370,케어젠,F14,missing,blocked,missing,excluded,ready,partial
214370,케어젠,F01,missing,blocked,missing,excluded,ready,partial
214370,케어젠,F02,partial,partial,partial,excluded,ready,partial
214370,케어젠,F03,partial,partial,partial,excluded,ready,partial
214370,케어젠,F04,ready,partial,partial,excluded,ready,partial
214370,케어젠,F09,ready,partial,partial,excluded,ready,partial
214370,케어젠,F10,ready,partial,partial,excluded,ready,partial
214370,케어젠,F16,missing,blocked,missing,excluded,ready,partial
214370,케어젠,F05,partial,partial,partial,excluded,ready,partial
214370,케어젠,F26,missing,blocked,missing,excluded,ready,partial
214370,케어젠,F30,missing,partial,missing,excluded,ready,partial
214370,케어젠,F15,missing,blocked,missing,excluded,ready,partial
214370,케어젠,F35,partial,partial,partial,ready,ready,partial
214370,케어젠,F36,partial,partial,partial,ready,ready,partial
214370,케어젠,F07,partial,partial,partial,excluded,ready,partial
214370,케어젠,F17,missing,blocked,missing,excluded,ready,partial
214370,케어젠,F25,missing,blocked,missing,excluded,ready,partial
214370,케어젠,F28,missing,blocked,missing,excluded,ready,partial
214370,케어젠,F11,partial,partial,partial,ready,ready,partial
214370,케어젠,F23,partial,ready,partial,excluded,ready,partial
214370,케어젠,F19,missing,blocked,missing,excluded,ready,partial
214370,케어젠,F31,missing,blocked,missing,excluded,ready,partial
214370,케어젠,F34,missing,partial,missing,excluded,ready,partial
214370,케어젠,F12,partial,partial,partial,excluded,ready,partial
214370,케어젠,F13,partial,partial,partial,excluded,ready,partial
214370,케어젠,F08,ready,blocked,partial,excluded,ready,partial
214370,케어젠,F20,partial,partial,partial,excluded,ready,partial
214370,케어젠,F33,missing,blocked,missing,excluded,ready,partial
214370,케어젠,F29,missing,blocked,missing,excluded,ready,partial
214370,케어젠,F27,missing,blocked,missing,excluded,ready,partial
214370,케어젠,F32,missing,partial,missing,excluded,ready,partial
214370,케어젠,F21,missing,blocked,missing,excluded,ready,partial
214370,케어젠,F22,missing,blocked,missing,excluded,ready,partial
214370,케어젠,F24,missing,blocked,missing,excluded,ready,partial
214370,케어젠,F18,ready,ready,partial,excluded,ready,partial
214370,케어젠,FOMO,partial,blocked,missing,excluded,ready,partial
030000,제일기획,F06,partial,partial,partial,excluded,ready,partial
030000,제일기획,F14,missing,blocked,missing,excluded,ready,partial
030000,제일기획,F01,missing,blocked,missing,excluded,ready,partial
030000,제일기획,F02,partial,partial,partial,excluded,ready,partial
030000,제일기획,F03,partial,partial,partial,excluded,ready,partial
030000,제일기획,F04,ready,partial,partial,excluded,ready,partial
030000,제일기획,F09,ready,partial,partial,excluded,ready,partial
030000,제일기획,F10,ready,partial,partial,excluded,ready,partial
030000,제일기획,F16,missing,blocked,missing,excluded,ready,partial
030000,제일기획,F05,partial,partial,partial,excluded,ready,partial
030000,제일기획,F26,missing,blocked,missing,excluded,ready,partial
030000,제일기획,F30,missing,partial,missing,excluded,ready,partial
030000,제일기획,F15,missing,blocked,missing,excluded,ready,partial
030000,제일기획,F35,partial,partial,partial,ready,ready,partial
030000,제일기획,F36,partial,partial,partial,ready,ready,partial
030000,제일기획,F07,partial,partial,partial,excluded,ready,partial
030000,제일기획,F17,missing,blocked,missing,excluded,ready,partial
030000,제일기획,F25,missing,blocked,missing,excluded,ready,partial
030000,제일기획,F28,missing,blocked,missing,excluded,ready,partial
030000,제일기획,F11,partial,partial,partial,ready,ready,partial
030000,제일기획,F23,partial,ready,partial,excluded,ready,partial
030000,제일기획,F19,missing,blocked,missing,excluded,ready,partial
030000,제일기획,F31,missing,blocked,missing,excluded,ready,partial
030000,제일기획,F34,missing,partial,missing,excluded,ready,partial
030000,제일기획,F12,partial,partial,partial,excluded,ready,partial
030000,제일기획,F13,partial,partial,partial,excluded,ready,partial
030000,제일기획,F08,ready,blocked,partial,excluded,ready,partial
030000,제일기획,F20,partial,partial,partial,excluded,ready,partial
030000,제일기획,F33,missing,blocked,missing,excluded,ready,partial
030000,제일기획,F29,missing,blocked,missing,excluded,ready,partial
030000,제일기획,F27,missing,blocked,missing,excluded,ready,partial
030000,제일기획,F32,missing,partial,missing,excluded,ready,partial
030000,제일기획,F21,missing,blocked,missing,excluded,ready,partial
030000,제일기획,F22,missing,blocked,missing,excluded,ready,partial
030000,제일기획,F24,missing,blocked,missing,excluded,ready,partial
030000,제일기획,F18,ready,ready,partial,excluded,ready,partial
030000,제일기획,FOMO,partial,blocked,missing,excluded,ready,partial